{"type": "FeatureCollection", "features": [{"type": "Feature", "geometry": {"type": "MultiPolygon", "coordinates": [[[[77.14201999240454, 31.076713053385443], [77.14131334092885, 31.072575547960096], [77.13714667426218, 31.06837972005211], [77.13785332573788, 31.060075547960096], [77.14165208604604, 31.056250000000027], [77.13785332573788, 31.052424452039958], [77.13714667426218, 31.047575547960097], [77.12535332573788, 31.035757785373292], [77.12500000000003, 31.029166666666693], [77.10508219401045, 31.02856818305124], [77.10359937879777, 31.022789510091172], [77.10056728786896, 31.01887715657555], [77.0994327121311, 31.015920003255236], [77.10370483398441, 31.010407850477456], [77.09629516601565, 31.002092149522596], [77.10039605034726, 30.996801079644126], [77.10637715657555, 30.995266045464437], [77.11153225368926, 30.991270616319472], [77.11306728786896, 30.98528951009117], [77.11620483398441, 30.98124118381079], [77.10890062120228, 30.973043823242215], [77.10776604546444, 30.968622843424505], [77.10473395453562, 30.96471048990888], [77.10359937879777, 30.960289510091172], [77.10056728786896, 30.95637715657555], [77.0994327121311, 30.94925333658857], [77.10359937879777, 30.943877156575546], [77.10473395453562, 30.9325866699219], [77.10056728786896, 30.92721048990888], [77.0994327121311, 30.915920003255234], [77.10359937879777, 30.910543823242215], [77.1041666666667, 30.90833333333336], [77.09340888129343, 30.907980007595512], [77.08575778537329, 30.900353325737875], [77.07500000000003, 30.900000000000027], [77.06666666666669, 30.900000000000027], [77.06631334092884, 30.897575547960095], [77.05451999240455, 30.88575778537329], [77.0541666666667, 30.883333333333358], [77.05195617675784, 30.883900621202283], [77.04387715657555, 30.89109937879777], [77.03835076226132, 30.892517428927977], [77.03664923773874, 30.89914923773874], [77.03112284342451, 30.90056728786895], [77.02721048990888, 30.903599378797768], [77.0061228434245, 30.904733954535615], [77.00208333333336, 30.90786471896704], [76.99804382324221, 30.904733954535615], [76.98333333333336, 30.904166666666693], [76.98276604546444, 30.910543823242215], [76.97973395453562, 30.914456176757838], [76.97859937879777, 30.923043823242214], [76.96573350694447, 30.93679741753475], [76.95612284342451, 30.93806728786895], [76.95059034559465, 30.94268120659725], [76.949407280816, 30.990749443901937], [76.94232788085941, 30.992566257052978], [76.94109937879777, 31.006377156575546], [76.93806728786895, 31.010289510091173], [76.93693271213111, 31.014710489908882], [76.92858378092451, 31.02408040364586], [76.92500000000003, 31.025000000000027], [76.92278951009118, 31.0244327121311], [76.91887715657555, 31.021400621202282], [76.90954827202694, 31.020266045464435], [76.90776604546444, 31.02721048990888], [76.90321723090281, 31.03266499837242], [76.89092000325523, 31.033900621202285], [76.88554382324222, 31.02973395453562], [76.8811228434245, 31.02859937879777], [76.87721048990889, 31.025567287868952], [76.8700866699219, 31.0244327121311], [76.86471048990889, 31.02859937879777], [76.85833333333336, 31.029166666666693], [76.85770975748702, 31.04075758192277], [76.85195617675784, 31.042233954535618], [76.84648912217885, 31.046793280707494], [76.84526604546444, 31.060543823242213], [76.83268754747182, 31.074096340603326], [76.82695617675785, 31.07556728786895], [76.82304382324222, 31.07859937879777], [76.8050723605686, 31.079804484049507], [76.8033157348633, 31.086649237738744], [76.79778951009118, 31.088067287868952], [76.78423682318797, 31.100645616319472], [76.78276604546444, 31.106377156575547], [76.76598951551652, 31.12410447862416], [76.76250000000003, 31.12500000000003], [76.76285332573788, 31.144091118706626], [76.76631334092885, 31.1475755479601], [76.7666666666667, 31.150000000000027], [76.76631334092885, 31.156591118706626], [76.76285332573788, 31.160075547960098], [76.76214667426218, 31.16492445203996], [76.7586866590712, 31.16840888129343], [76.75798000759552, 31.17325778537329], [76.75035332573788, 31.18090888129343], [76.75000000000003, 31.183333333333362], [76.74964667426218, 31.20242445203996], [76.74412350124786, 31.207975260416696], [76.73924221462677, 31.20868665907121], [76.7357577853733, 31.212146674262183], [76.7291666666667, 31.212500000000027], [76.72951999240455, 31.21492445203996], [76.73298000759551, 31.21840888129343], [76.73368665907121, 31.22254892985029], [76.72535332573787, 31.23090888129343], [76.72500000000002, 31.233333333333363], [76.71862284342451, 31.233900621202284], [76.71471048990888, 31.236932712131104], [76.67278951009118, 31.23806728786895], [76.66875000000003, 31.241197882758275], [76.66471048990888, 31.23806728786895], [76.66175333658857, 31.236932712131104], [76.65637715657554, 31.24109937879777], [76.64778951009117, 31.24223395453562], [76.64387715657554, 31.24526604546444], [76.63945617675785, 31.246400621202284], [76.6354166666667, 31.249531216091608], [76.63137715657555, 31.246400621202284], [76.62425333658857, 31.24526604546444], [76.61887715657555, 31.249432712131107], [76.61445617675784, 31.250567287868954], [76.61054382324221, 31.253599378797773], [76.60501759847008, 31.255017598470083], [76.60331573486332, 31.261649068196643], [76.59778951009118, 31.263067287868953], [76.58554382324222, 31.274432712131105], [76.58333333333336, 31.27500000000003], [76.58276604546444, 31.27721048990888], [76.57441711425784, 31.286580234103763], [76.5686228434245, 31.28806728786895], [76.55221048990889, 31.303599378797774], [76.53945617675784, 31.30473395453562], [76.53403761121965, 31.30925276014543], [76.53262481689455, 31.31994594997833], [76.5291666666667, 31.32083333333336], [76.52674221462676, 31.32118665907121], [76.51702440049915, 31.330878194173206], [76.51631334092885, 31.335757785373293], [76.51079016791452, 31.34130859375003], [76.50590888129342, 31.342019992404545], [76.49619106716582, 31.35171152750654], [76.49583333333337, 31.354166666666696], [76.49340888129343, 31.35381334092885], [76.48992445203996, 31.350353325737878], [76.48090888129343, 31.349646674262182], [76.47535807291669, 31.34412350124786], [76.47464667426217, 31.339242214626765], [76.46701999240454, 31.331591118706626], [76.46631334092885, 31.326742214626766], [76.4586866590712, 31.319091118706627], [76.45798000759551, 31.314242214626766], [76.45035332573788, 31.306591118706628], [76.44964667426218, 31.2725755479601], [76.43995208740238, 31.262854851616783], [76.42674221462676, 31.262146674262183], [76.4232577853733, 31.25868665907121], [76.42083333333336, 31.25833333333336], [76.41666666666669, 31.25833333333336], [76.41250000000002, 31.25833333333336], [76.41214667426217, 31.260757785373293], [76.40451999240454, 31.268408881293432], [76.40381334092885, 31.273257785373293], [76.39412180582684, 31.282975599500897], [76.38924221462676, 31.283686659071208], [76.37535383436418, 31.297549268934493], [76.37464667426218, 31.32742445203996], [76.36285332573787, 31.339242214626765], [76.36214667426218, 31.352424452039962], [76.35868665907121, 31.35590888129343], [76.35798000759551, 31.37742445203996], [76.35451999240453, 31.380908881293433], [76.35416666666669, 31.41250000000003], [76.35359937879777, 31.435543823242217], [76.35056728786896, 31.439456176757844], [76.34914906819664, 31.444982401529977], [76.34583333333336, 31.445833333333365], [76.34640062120228, 31.452210489908886], [76.3494327121311, 31.45612284342451], [76.35056728786896, 31.464710489908885], [76.35508609347876, 31.470129055447078], [76.36471048990887, 31.47140062120229], [76.3686228434245, 31.474432712131108], [76.37304382324221, 31.475567287868955], [76.37695617675784, 31.478599378797774], [76.38248240152997, 31.480017598470084], [76.38333333333335, 31.483333333333363], [76.38276604546444, 31.485543823242217], [76.37877078586158, 31.490698920355932], [76.37278951009117, 31.49223395453562], [76.36763441297745, 31.496229214138484], [76.36609937879777, 31.502210489908883], [76.35352088080515, 31.515763176812097], [76.34668426513674, 31.517517598470082], [76.34583333333336, 31.520833333333364], [76.34640062120228, 31.52304382324222], [76.35359937879777, 31.53112284342451], [76.35473395453562, 31.539710489908884], [76.35776604546443, 31.54362284342451], [76.35897098117407, 31.561594306098122], [76.36707916259768, 31.563675096299946], [76.34932284884985, 31.582437811957497], [76.3436228434245, 31.58390062120229], [76.33425309922963, 31.592249552408887], [76.33333333333336, 31.595833333333363], [76.33786587185332, 31.59699656168623], [76.3285837809245, 31.6074135674371], [76.32278951009117, 31.608900621202288], [76.31887715657554, 31.611932712131107], [76.31445617675784, 31.613067287868954], [76.30637715657555, 31.62026604546444], [76.29778951009116, 31.621400621202287], [76.28971048990888, 31.628599378797773], [76.2811228434245, 31.629733954535624], [76.2730438232422, 31.63693271213111], [76.26862284342451, 31.638067287868957], [76.2632042778863, 31.642586093478766], [76.2619327121311, 31.652210489908885], [76.25890062120229, 31.656122843424512], [76.25833333333335, 31.658333333333367], [76.2730438232422, 31.65890062120229], [76.27695617675784, 31.661932712131108], [76.28272586398657, 31.663413323296474], [76.28333333333336, 31.6791666666667], [76.28750000000002, 31.6791666666667], [76.28838738335506, 31.682624816894563], [76.29911261664499, 31.684041849772168], [76.30085093180341, 31.690815734863314], [76.30637715657555, 31.692233954535624], [76.31445617675784, 31.69943271213111], [76.31666666666669, 31.70000000000003], [76.32043745252824, 31.699032253689268], [76.3244327121311, 31.693877156575553], [76.32556728786895, 31.689456176757844], [76.34109937879776, 31.67304382324222], [76.34223395453562, 31.66862284342451], [76.34526604546443, 31.664710489908884], [76.34640062120228, 31.66028951009118], [76.3994327121311, 31.606377156575554], [76.40056728786895, 31.601956176757845], [76.40359937879776, 31.598043823242218], [76.40487518310549, 31.588387383355066], [76.41164906819664, 31.586649068196646], [76.41306728786896, 31.58112284342451], [76.41609937879777, 31.577210489908886], [76.41723395453562, 31.56862284342451], [76.42026604546443, 31.564710489908887], [76.42140062120228, 31.560289510091177], [76.43276604546443, 31.548043823242217], [76.43403761121964, 31.538419426812098], [76.43945617675784, 31.53390062120229], [76.44517211914065, 31.53243374294708], [76.44583333333335, 31.52500000000003], [76.45221048990888, 31.525567287868956], [76.45612284342451, 31.528599378797775], [76.46577928331166, 31.5298751831055], [76.46723395453562, 31.535543823242218], [76.47859937879777, 31.547789510091178], [76.48013441297746, 31.553770785861577], [76.48528951009118, 31.55776604546444], [76.50416666666669, 31.558333333333366], [76.50659111870662, 31.557980007595518], [76.51041666666669, 31.554181247287357], [76.51424221462676, 31.557980007595518], [76.52083333333336, 31.558333333333366], [76.52048000759551, 31.560757785373294], [76.51668124728735, 31.564583333333363], [76.52048000759551, 31.568408881293433], [76.52083333333336, 31.57500000000003], [76.52500000000002, 31.57500000000003], [76.53159111870663, 31.57535332573788], [76.53507554796009, 31.57881334092885], [76.54409111870662, 31.579519992404546], [76.55625000000002, 31.591653781467045], [76.56911688910593, 31.57881334092885], [76.58162044949005, 31.57952168782555], [76.58714667426219, 31.585075547960102], [76.58785807291669, 31.589956834581194], [76.59340888129343, 31.59548000759552], [76.60659111870662, 31.59618665907121], [76.6100755479601, 31.599646674262186], [76.62083333333337, 31.60000000000003], [76.62118665907121, 31.61492445203996], [76.62881334092884, 31.6225755479601], [76.62951999240454, 31.64409111870663], [76.64548000759551, 31.6600755479601], [76.6461866590712, 31.673257785373295], [76.65381334092885, 31.680908881293433], [76.65451999240454, 31.685757785373298], [76.66631334092885, 31.697575547960103], [76.66701999240455, 31.702424452039963], [76.67048000759551, 31.705908881293436], [76.67083333333336, 31.712500000000034], [76.67500000000003, 31.712500000000034], [76.69090711805558, 31.711787075466614], [76.6924238416884, 31.692410617404548], [76.71274583604604, 31.691011216905416], [76.71871100531686, 31.695177883572082], [76.72295566134986, 31.69648878309465], [76.7270443386502, 31.69934455023875], [76.73545566134986, 31.700655449761317], [76.74371100531687, 31.70767788357208], [76.7526775783963, 31.70898878309465], [76.75482211642797, 31.702044338650207], [76.76601121690541, 31.689622328016526], [76.76732211642798, 31.664544338650206], [76.7702051798503, 31.6604166666667], [76.76732211642798, 31.65628899468319], [76.76601121690541, 31.652044338650207], [76.76315544976131, 31.647955661349858], [76.76184455023875, 31.641420830620692], [76.76601121690541, 31.63545566134986], [76.76773189968536, 31.629883490668433], [76.78962232801652, 31.628511216905412], [76.79371100531687, 31.625655449761318], [76.79851091172964, 31.624344550238746], [76.80000000000003, 31.6291666666667], [76.81250000000003, 31.6291666666667], [76.81285332573788, 31.618408881293433], [76.81631334092884, 31.61492445203996], [76.81666666666669, 31.6041666666667], [76.82012481689456, 31.603279283311664], [76.82140062120229, 31.593622843424512], [76.82556728786895, 31.58824666341149], [76.8244327121311, 31.576956176757843], [76.82140062120229, 31.57304382324222], [76.82026604546444, 31.56862284342451], [76.81723395453562, 31.564710489908887], [76.81609937879777, 31.55612284342451], [76.80776604546443, 31.546770562066005], [76.80895012749569, 31.521744283040395], [76.8158157348633, 31.51998240152998], [76.81666666666669, 31.516666666666698], [76.85210978190108, 31.517334662543433], [76.85816480848527, 31.5215013292101], [76.8604431152344, 31.52016533745663], [76.86455688476565, 31.517334662543433], [76.87809210883249, 31.515894232855935], [76.87983466254343, 31.51039021809899], [76.88266533745663, 31.50627644856774], [76.88420037163631, 31.491854010687966], [76.8914981418186, 31.486832004123293], [76.89377644856773, 31.48816799587677], [76.897890218099, 31.49099867078996], [76.90627644856774, 31.492334662543435], [76.91174011230471, 31.496094258626332], [76.91292724609377, 31.466148206922774], [76.9090013292101, 31.460443115234405], [76.90833333333336, 31.454166666666698], [76.9357577853733, 31.454519992404546], [76.93924221462676, 31.457980007595516], [76.94409111870662, 31.458686659071212], [76.9475755479601, 31.462146674262183], [76.95242445203996, 31.46285332573788], [76.95590888129344, 31.46631334092885], [76.96909111870663, 31.467019992404545], [76.97464192708337, 31.472543165418866], [76.97500000000002, 31.47500000000003], [76.9791666666667, 31.47500000000003], [76.98660040961374, 31.47566121419274], [76.98750000000003, 31.479166666666696], [76.99387715657555, 31.478599378797774], [76.99778951009118, 31.475567287868955], [77.00221048990889, 31.474432712131108], [77.01028951009117, 31.467233954535622], [77.01471048990888, 31.46609937879777], [77.01862284342451, 31.463067287868952], [77.03211839463978, 31.46193271213111], [77.03390062120229, 31.46887715657555], [77.0369327121311, 31.472789510091175], [77.03750000000004, 31.47500000000003], [77.03992445203995, 31.475353325737878], [77.04340888129343, 31.478813340928852], [77.04583333333336, 31.479166666666696], [77.04804382324222, 31.478599378797774], [77.05195617675784, 31.475567287868955], [77.05748257107209, 31.474149068196645], [77.05923292371965, 31.467327880859404], [77.06666666666669, 31.466666666666697], [77.07304382324222, 31.46609937879777], [77.07695617675785, 31.463067287868952], [77.10221048990888, 31.46193271213111], [77.10612284342452, 31.458900621202286], [77.11054382324222, 31.45776604546444], [77.11445617675784, 31.45473395453562], [77.11961839463979, 31.453599378797772], [77.12168409559465, 31.461649068196646], [77.12721048990889, 31.463067287868952], [77.14493781195749, 31.47984381781687], [77.14583333333337, 31.483333333333363], [77.15242445203997, 31.482980007595515], [77.15590888129343, 31.479519992404544], [77.1666666666667, 31.479166666666696], [77.16701999240455, 31.476742214626768], [77.17048000759551, 31.473257785373296], [77.17083333333336, 31.470833333333363], [77.17500000000003, 31.470833333333363], [77.19409111870662, 31.470480007595516], [77.1975755479601, 31.467019992404545], [77.21492445203997, 31.46631334092885], [77.21840888129343, 31.46285332573788], [77.22500000000004, 31.46250000000003], [77.22831590440542, 31.463350931803415], [77.22973395453562, 31.46887715657555], [77.23808288574222, 31.47824690077043], [77.24387715657555, 31.47973395453562], [77.24778951009118, 31.48276604546444], [77.25637715657555, 31.483900621202288], [77.2618808322483, 31.48849046495229], [77.26306728786895, 31.51054382324222], [77.26609937879778, 31.514456176757843], [77.2666666666667, 31.516666666666698], [77.27742445203997, 31.51631334092885], [77.28543192545577, 31.508331298828157], [77.29131334092885, 31.514242214626766], [77.29202473958337, 31.51912350124786], [77.29757554796011, 31.524646674262183], [77.30242445203996, 31.52535332573788], [77.3100755479601, 31.53298000759552], [77.3357577853733, 31.53368665907121], [77.33924221462676, 31.537146674262182], [77.35000000000004, 31.53750000000003], [77.35242445203997, 31.537146674262182], [77.35590888129343, 31.53368665907121], [77.35833333333336, 31.533333333333363], [77.35933091905385, 31.536823018391956], [77.38132697211375, 31.538117641872862], [77.38533969455298, 31.541049024793868], [77.40046929253475, 31.54228430853953], [77.40617302788633, 31.538117641872862], [77.43233371310767, 31.5368823581272], [77.4339508056641, 31.547993469238314], [77.4368825276693, 31.55200653076175], [77.43750000000003, 31.562500000000032], [77.4416666666667, 31.562500000000032], [77.46054382324222, 31.561932712131107], [77.46445617675785, 31.558900621202287], [77.48137715657556, 31.55776604546444], [77.48528951009118, 31.55473395453562], [77.49081590440542, 31.55331573486331], [77.4916666666667, 31.550000000000033], [77.49490695529518, 31.550926378038227], [77.4964508056641, 31.556326802571647], [77.50354919433597, 31.56450653076175], [77.50497606065542, 31.574311998155412], [77.52716030544708, 31.57561764187286], [77.53247172037764, 31.579497782389353], [77.53410169813371, 31.59069502088762], [77.53966030544709, 31.59228430853953], [77.54783969455299, 31.5993823581272], [77.55632697211375, 31.600617641872862], [77.56181369357643, 31.605005900065137], [77.56311747233076, 31.62716013590498], [77.57169087727868, 31.636825900607672], [77.59799363878042, 31.63811764187286], [77.60200636121965, 31.64104902479387], [77.60632697211375, 31.64228430853953], [77.61033969455299, 31.645215691460535], [77.62009819878476, 31.646635945638053], [77.62083333333337, 31.654166666666697], [77.62500000000003, 31.654166666666697], [77.62742445203996, 31.654519992404545], [77.63090888129344, 31.65798000759552], [77.65000000000003, 31.658333333333367], [77.65000000000003, 31.6666666666667], [77.6522104899089, 31.66723395453562], [77.65736558702261, 31.67122921413849], [77.65890062120229, 31.677210489908887], [77.67026604546444, 31.689456176757844], [77.67168409559466, 31.69498240152998], [77.67721048990889, 31.69640062120229], [77.6823655870226, 31.700395880805154], [77.68333333333337, 31.704166666666698], [77.6982577853733, 31.704519992404546], [77.70174221462678, 31.70798000759552], [77.70416666666671, 31.708333333333364], [77.73159111870663, 31.708686659071212], [77.73507554796011, 31.712146674262186], [77.7541666666667, 31.712500000000034], [77.75501742892799, 31.715815734863313], [77.75833333333337, 31.7166666666667], [77.75798000759552, 31.727424452039962], [77.75451999240455, 31.730908881293434], [77.75381334092886, 31.747546217176684], [77.75798000759552, 31.75174221462677], [77.75868665907122, 31.760757785373297], [77.76214667426218, 31.76424221462677], [77.76250000000003, 31.7666666666667], [77.76492445203996, 31.766313340928853], [77.76840888129344, 31.76285332573788], [77.7732577853733, 31.762146674262187], [77.77674221462678, 31.758686659071213], [77.78159111870663, 31.75798000759552], [77.78578694661462, 31.75381334092885], [77.78992445203997, 31.754519992404546], [77.79340888129344, 31.75798000759552], [77.79583333333338, 31.758333333333365], [77.7982577853733, 31.758686659071213], [77.80245361328129, 31.76285332573788], [77.83992445203997, 31.762146674262187], [77.84375000000004, 31.758347913954026], [77.8475755479601, 31.762146674262187], [77.8541666666667, 31.76250000000003], [77.85451999240455, 31.773257785373296], [77.85798000759553, 31.77674221462677], [77.85833333333338, 31.783333333333367], [77.855017428928, 31.78418426513675], [77.85359937879778, 31.789710489908888], [77.85056728786896, 31.79362284342451], [77.84943271213112, 31.802210489908887], [77.84630194769969, 31.806250000000034], [77.84943271213112, 31.81028951009118], [77.85056728786896, 31.817413330078157], [77.84640062120229, 31.82278951009118], [77.84526604546444, 31.83971048990889], [77.84223395453563, 31.843622843424512], [77.84109937879778, 31.85510389539934], [77.84943271213112, 31.864456176757848], [77.85056728786896, 31.868877156575554], [77.85359937879778, 31.87278951009118], [77.855017428928, 31.878315734863314], [77.86054382324222, 31.879733954535624], [77.86569892035594, 31.88372921413849], [77.8666666666667, 31.887500000000035], [77.85174221462677, 31.887853325737883], [77.8482577853733, 31.891313340928853], [77.84340888129344, 31.89201999240455], [77.83992445203997, 31.89548000759552], [77.8350755479601, 31.896186659071216], [77.82742445203996, 31.903813340928853], [77.81912027994795, 31.90451999240455], [77.81458333333337, 31.900014580620695], [77.8107577853733, 31.903813340928853], [77.80590888129343, 31.90451999240455], [77.80242445203997, 31.90798000759552], [77.79583333333338, 31.908333333333367], [77.79548000759553, 31.9107577853733], [77.77951999240454, 31.92674221462677], [77.77881334092885, 31.935757785373298], [77.76701999240456, 31.947575547960103], [77.76666666666671, 31.950000000000035], [77.76909111870663, 31.950353325737883], [77.77464192708337, 31.955876498752204], [77.77535332573788, 31.9607577853733], [77.77881334092885, 31.964242214626772], [77.77951999240454, 31.969091118706633], [77.79548000759553, 31.985075547960104], [77.79618665907121, 31.989215935601162], [77.78578559027781, 31.99964514838328], [77.7791666666667, 32.000000000000036], [77.77951999240454, 32.00659111870663], [77.79131334092885, 32.01840888129344], [77.7916666666667, 32.025000000000034], [77.79081590440542, 32.02831573486332], [77.78528951009119, 32.02973395453562], [77.7772104899089, 32.03693271213111], [77.77278951009119, 32.038067287868955], [77.76729939778649, 32.042645772298215], [77.76609937879778, 32.06054382324222], [77.75890062120229, 32.068622843424514], [77.75776604546445, 32.07721048990889], [77.75473395453562, 32.08112284342452], [77.75359937879777, 32.085543823242226], [77.75056728786896, 32.08945617675785], [77.75000000000004, 32.09166666666668], [77.75089959038633, 32.09517211914064], [77.7647104899089, 32.09640062120228], [77.76862284342451, 32.0994327121311], [77.77414923773875, 32.1008507622613], [77.77500000000003, 32.104166666666686], [77.77535332573788, 32.11492445203995], [77.77881334092885, 32.11840888129342], [77.77951999240454, 32.12254638671877], [77.77535332573788, 32.12674221462676], [77.77500000000003, 32.13750000000002], [77.77742445203997, 32.137853325737865], [77.78090888129344, 32.14131334092884], [77.79409111870663, 32.142019992404535], [77.79757554796011, 32.14548000759551], [77.80000000000004, 32.14583333333336], [77.80035332573787, 32.156591118706615], [77.80381334092884, 32.16007554796009], [77.80416666666669, 32.18333333333335], [77.80174221462677, 32.1836866590712], [77.79409111870663, 32.19131334092884], [77.7916666666667, 32.191666666666684], [77.78750000000004, 32.191666666666684], [77.78528951009119, 32.19223395453561], [77.78137715657556, 32.19526604546443], [77.77695617675785, 32.19640062120228], [77.77304382324222, 32.1994327121311], [77.75195617675784, 32.20056728786894], [77.74804382324223, 32.20359937879776], [77.71862284342451, 32.20473395453561], [77.7050703260634, 32.21731228298613], [77.70331590440541, 32.224149237738736], [77.70000000000003, 32.22500000000002], [77.70035332573788, 32.23575778537329], [77.70381334092886, 32.239242214626756], [77.70451999240456, 32.25242445203995], [77.70798000759552, 32.25590888129342], [77.70833333333337, 32.258333333333354], [77.7089508056641, 32.264660305447066], [77.7118825276693, 32.26867302788631], [77.71342637803824, 32.274073621961826], [77.71990695529517, 32.275926378038214], [77.72175971137156, 32.28240695529516], [77.72716030544709, 32.283950805664084], [77.73247172037765, 32.28783094618058], [77.73414035373267, 32.29929436577693], [77.75216030544709, 32.30061747233075], [77.75664469401045, 32.303893364800366], [77.7589508056641, 32.308802625868076], [77.7547281901042, 32.31458333333335], [77.75771586100264, 32.318673027886305], [77.7589508056641, 32.32779880099829], [77.75092637803823, 32.33009304470488], [77.75000000000004, 32.33333333333336], [77.74362284342452, 32.333900621202275], [77.73403625488285, 32.3425957573785], [77.73262498643666, 32.35327928331165], [77.7291666666667, 32.354166666666686], [77.72500000000004, 32.354166666666686], [77.7228651258681, 32.35480957031252], [77.71880154079865, 32.35769042968752], [77.71346435546879, 32.3592976888021], [77.71185709635421, 32.364634874131966], [77.70401679144969, 32.37379048665367], [77.69786512586809, 32.375642903645854], [77.69380154079865, 32.37852376302086], [77.68301154242626, 32.379809570312524], [77.67713487413198, 32.375642903645854], [77.67051154242625, 32.37435709635419], [77.66458333333337, 32.37856038411461], [77.65958319769969, 32.375015258789084], [77.65769042968753, 32.38130154079863], [77.65480957031254, 32.38536512586808], [77.65320231119796, 32.39070231119794], [77.6478651258681, 32.39230957031252], [77.64380154079865, 32.395190429687524], [77.62988654242625, 32.39660983615454], [77.6291666666667, 32.40833333333335], [77.62951999240455, 32.414924452039955], [77.63298000759552, 32.41840888129342], [77.63368665907122, 32.42325778537329], [77.63714667426218, 32.426742214626756], [77.63785332573788, 32.43575778537328], [77.64131334092886, 32.43924221462676], [77.64201999240456, 32.444091118706616], [77.64548000759552, 32.44757554796009], [77.64618665907122, 32.45171305338544], [77.64168124728737, 32.456250000000026], [77.64548000759552, 32.460075547960095], [77.64618665907122, 32.468379720052106], [77.64201999240456, 32.47257554796009], [77.64166666666671, 32.47500000000002], [77.64102376302087, 32.4854682074653], [77.63814290364587, 32.48953179253475], [77.6368570963542, 32.5104682074653], [77.62022535536028, 32.52837863498266], [77.60493808322487, 32.52993808322485], [77.60352376302087, 32.54380154079863], [77.60064290364586, 32.54786512586808], [77.60000000000004, 32.55833333333336], [77.6006978352865, 32.57422112358943], [77.61463487413198, 32.57564290364586], [77.63119845920143, 32.59102376302086], [77.63963487413199, 32.59230957031252], [77.64369845920143, 32.59519042968752], [77.64583333333337, 32.59583333333336], [77.64526604546444, 32.59804382324221], [77.64223395453563, 32.60195617675784], [77.64109937879778, 32.61054382324221], [77.63296746148006, 32.61967027452259], [77.63750000000003, 32.62083333333336], [77.63785332573788, 32.62325778537329], [77.64131334092886, 32.62674221462676], [77.64166666666671, 32.62916666666669], [77.6482577853733, 32.62951999240454], [77.65245361328128, 32.6336866590712], [77.6607577853733, 32.632980007595506], [77.66424221462677, 32.62951999240454], [77.66909111870663, 32.62881334092884], [77.67257554796011, 32.62535332573787], [77.6791666666667, 32.62500000000002], [77.6857577853733, 32.62535332573787], [77.69340888129344, 32.632980007595506], [77.73333333333336, 32.633333333333354], [77.7339508056641, 32.61033969455298], [77.73688252766931, 32.60632697211374], [77.73811747233077, 32.602006361219644], [77.7411051432292, 32.59791666666669], [77.7380547417535, 32.59374050564239], [77.75354919433597, 32.57716030544707], [77.75513848198788, 32.571601698133705], [77.76633572048615, 32.56997172037763], [77.77021586100264, 32.56466030544707], [77.77199198404952, 32.55844726562502], [77.77700636121965, 32.55478413899742], [77.78549363878042, 32.55354919433596], [77.78950636121965, 32.55061747233075], [77.79382697211375, 32.549382527669295], [77.79953070746531, 32.545215861002625], [77.81049363878041, 32.54645080566409], [77.81619737413197, 32.55061747233075], [77.83252766927087, 32.54928419325089], [77.8339508056641, 32.539506361219644], [77.8368825276693, 32.53549363878041], [77.83750000000003, 32.53333333333336], [77.8397104899089, 32.53390062120228], [77.84362284342451, 32.5369327121311], [77.86159430609813, 32.53813781738283], [77.8636372884115, 32.54609781901044], [77.86875000000003, 32.54213528103301], [77.87425333658858, 32.54640062120228], [77.88137715657555, 32.54526604546443], [77.88945617675785, 32.53806728786895], [77.9041666666667, 32.53750000000002], [77.90381334092883, 32.55242445203995], [77.90001458062068, 32.55625000000002], [77.90381334092883, 32.560075547960096], [77.90451999240453, 32.56492445203995], [77.90831875271269, 32.56875000000002], [77.90451999240453, 32.57257554796009], [77.90416666666668, 32.575000000000024], [77.90641496446399, 32.57552964952259], [77.91025170220271, 32.57863701714412], [77.91474829779733, 32.579696316189256], [77.9198925442166, 32.583862982855926], [77.92724829779733, 32.58280368381079], [77.93125000000002, 32.579562717013914], [77.9352517022027, 32.58280368381079], [77.93974829779734, 32.583862982855926], [77.9448925442166, 32.588029649522596], [77.956414964464, 32.58697035047746], [77.96025170220271, 32.583862982855926], [77.97308163113067, 32.58280368381079], [77.97756958007815, 32.579168701171895], [77.98386281331382, 32.58648240831165], [77.98280385335289, 32.5939147949219], [77.97969614664716, 32.59775187174481], [77.97863718668621, 32.60224812825523], [77.97030385335289, 32.61141696506079], [77.97172766791452, 32.615895928276935], [77.97724829779733, 32.61719631618926], [77.98941836886938, 32.62863701714412], [77.99166666666669, 32.62916666666669], [78.00242445203995, 32.62881334092884], [78.00590888129342, 32.62535332573787], [78.01492445203995, 32.62464667426217], [78.01875101725263, 32.620846896701416], [78.03924221462675, 32.641313340928846], [78.04583333333335, 32.641666666666694], [78.05242445203996, 32.641313340928846], [78.06041598849829, 32.633347235785614], [78.06458401150176, 32.637486097547765], [78.0725755479601, 32.62951999240454], [78.08159111870663, 32.62881334092884], [78.08507554796009, 32.62535332573787], [78.09166666666668, 32.62500000000002], [78.09230940077042, 32.62713487413197], [78.10064273410376, 32.63686625162763], [78.09935726589629, 32.63963487413197], [78.09590861002606, 32.64449869791669], [78.10619828965932, 32.65352376302086], [78.11046837700741, 32.65480957031252], [78.11634487575957, 32.65897623697919], [78.1229683770074, 32.65769042968753], [78.12884487575957, 32.65352376302086], [78.14505988226999, 32.65491773817277], [78.14647606743709, 32.66880154079863], [78.14935726589628, 32.67286512586808], [78.150850253635, 32.68266262478301], [78.17916666666669, 32.68333333333336], [78.18001759847007, 32.680017428927975], [78.1871041191949, 32.678198920355925], [78.19109937879777, 32.67304382324221], [78.19166666666669, 32.65833333333336], [78.19409111870662, 32.65868665907121], [78.20245107014976, 32.66701999240454], [78.20659111870663, 32.666313340928845], [78.21007554796009, 32.66285332573787], [78.22083333333336, 32.66250000000002], [78.22180107964412, 32.666270616319466], [78.22695617675784, 32.67026604546443], [78.24387715657555, 32.67140062120228], [78.24778951009117, 32.6744327121311], [78.25350545247399, 32.67589959038631], [78.25473395453561, 32.689710489908876], [78.25776604546444, 32.69362284342451], [78.25923292371964, 32.69933878580731], [78.2730438232422, 32.70056728786895], [78.27695617675784, 32.70359937879777], [78.2791666666667, 32.704166666666694], [78.2979934692383, 32.70478413899742], [78.30200653076174, 32.707715861002626], [78.31311764187285, 32.709332953559056], [78.31188235812719, 32.72299363878041], [78.30471767849394, 32.731250000000024], [78.31188235812719, 32.73950636121964], [78.31365882025827, 32.74571940104169], [78.31867319742841, 32.7493825276693], [78.32299346923831, 32.75061747233075], [78.32700653076175, 32.75354919433596], [78.38750000000003, 32.75416666666669], [78.38992445203995, 32.75451999240454], [78.3954776340061, 32.76004536946617], [78.3961866590712, 32.76909111870662], [78.39998541937936, 32.77291666666669], [78.3961866590712, 32.776742214626765], [78.39583333333336, 32.78333333333336], [78.39640062120228, 32.79804382324221], [78.3994327121311, 32.80195617675784], [78.40056728786895, 32.80491333007815], [78.39563191731773, 32.811281331380236], [78.39667900933162, 32.81595255533857], [78.40744594997832, 32.81737501356339], [78.40890062120228, 32.823043823242216], [78.4119327121311, 32.82695617675784], [78.41250000000002, 32.83333333333336], [78.4242626614041, 32.83407050238718], [78.42565544976131, 32.85628899468318], [78.4285112169054, 32.860377671983535], [78.42982211642797, 32.87295566134985], [78.43267788357207, 32.8770443386502], [78.43398878309465, 32.88545566134985], [78.4376647949219, 32.89071824815541], [78.44925164116756, 32.89252387152781], [78.45065544976131, 32.91045566134985], [78.45351121690541, 32.9145443386502], [78.45482211642798, 32.92712232801652], [78.45767788357207, 32.93121100531687], [78.45833333333336, 32.93333333333336], [78.46164906819664, 32.93248257107207], [78.46250000000002, 32.929166666666696], [78.46909111870663, 32.92881334092885], [78.47257554796009, 32.92535332573787], [78.48992445203996, 32.92464667426218], [78.49340888129343, 32.9211866590712], [78.50000000000003, 32.92083333333336], [78.50089959038631, 32.9173278808594], [78.51568857828778, 32.91601223415801], [78.52973395453562, 32.90099758572051], [78.52859937879776, 32.89778951009117], [78.5244327121311, 32.89241333007815], [78.52624969482424, 32.88767734103735], [78.5311228434245, 32.88390062120228], [78.53554382324221, 32.882766045464436], [78.53945617675784, 32.87973395453562], [78.55637715657555, 32.878599378797766], [78.57398834228518, 32.8619327121311], [78.58554382324222, 32.86306728786895], [78.58945617675784, 32.86609937879777], [78.59804382324222, 32.867233954535614], [78.60195617675784, 32.87026604546443], [78.63971048990888, 32.871400621202284], [78.64778951009117, 32.878599378797766], [78.65000000000003, 32.87916666666669], [78.65056728786895, 32.87695617675784], [78.65359937879776, 32.87304382324221], [78.65479024251304, 32.85090908474395], [78.66054382324222, 32.849432712131104], [78.66445617675784, 32.846400621202285], [78.66887715657555, 32.845266045464435], [78.67278951009118, 32.842233954535615], [78.67856818305124, 32.84075113932294], [78.67916666666669, 32.82083333333336], [78.67881334092884, 32.805908881293426], [78.67535332573787, 32.80242445203996], [78.67500000000003, 32.795833333333356], [78.67556728786894, 32.78945617675784], [78.67859937879777, 32.785543823242215], [78.67973395453562, 32.781122843424505], [78.68276604546443, 32.77721048990888], [78.68423682318796, 32.7714789496528], [78.69778951009117, 32.75890062120228], [78.70744594997832, 32.75762498643665], [78.70833333333336, 32.75416666666669], [78.71250000000003, 32.75416666666669], [78.71214667426219, 32.75174221462676], [78.70798000759551, 32.747546386718774], [78.7086866590712, 32.73507554796009], [78.71214667426219, 32.731591118706625], [78.71250000000003, 32.72083333333336], [78.71335093180342, 32.71751742892798], [78.71887715657554, 32.716099378797765], [78.72695617675784, 32.70890062120228], [78.73137715657555, 32.70776604546443], [78.73528951009118, 32.70473395453561], [78.74166666666669, 32.704166666666694], [78.74166666666669, 32.69166666666669], [78.74412350124786, 32.69130859375002], [78.74964667426218, 32.68575778537329], [78.75000000000003, 32.68333333333336], [78.74964667426218, 32.680908881293426], [78.74618665907121, 32.67742445203996], [78.74548000759552, 32.66840888129343], [78.74131334092884, 32.66421305338544], [78.74201999240454, 32.66007554796009], [78.74964667426218, 32.65242445203995], [78.75035332573788, 32.647575547960095], [78.75381334092884, 32.64409111870662], [78.75416666666669, 32.641666666666694], [78.7607847425673, 32.641311984592036], [78.77464667426219, 32.62742445203995], [78.77535332573788, 32.622575547960096], [78.77881334092885, 32.61909111870662], [78.7791666666667, 32.61666666666669], [78.77859937879776, 32.593622843424505], [78.77556728786895, 32.589710489908875], [78.77403225368927, 32.58372938368058], [78.76887715657554, 32.57973395453561], [78.76335093180342, 32.57831590440541], [78.7619327121311, 32.57278951009117], [78.75880211724179, 32.56875000000002], [78.7619327121311, 32.564710489908876], [78.76306728786895, 32.551956176757834], [78.76609937879778, 32.54804382324221], [78.76723395453561, 32.5436228434245], [78.77026604546444, 32.53971048990888], [78.77083333333336, 32.52500000000002], [78.77414906819665, 32.52414923773874], [78.77556728786895, 32.5186228434245], [78.77859937879776, 32.51471048990888], [78.7791666666667, 32.487500000000026], [78.77952473958337, 32.48504299587676], [78.7850755479601, 32.47951999240453], [78.78995683458119, 32.478808593750024], [78.79548000759551, 32.473257785373285], [78.79618665907121, 32.46424221462676], [78.79964667426218, 32.46075778537329], [78.80035332573787, 32.455908881293425], [78.80381334092885, 32.452424452039956], [78.80416666666669, 32.44166666666669], [78.80659111870662, 32.44131334092884], [78.81424221462676, 32.4336866590712], [78.81909111870662, 32.43298000759551], [78.8225755479601, 32.429519992404536], [78.8291666666667, 32.42916666666669], [78.83270975748701, 32.428257581922765], [78.83333333333336, 32.416666666666686], [78.83554382324222, 32.41609937879777], [78.84092000325523, 32.4119327121311], [78.85637715657555, 32.41306728786895], [78.86175333658858, 32.41723395453561], [78.86993374294708, 32.41593119303388], [78.87859937879777, 32.406377156575545], [78.88006625705297, 32.40066121419273], [78.89387715657556, 32.3994327121311], [78.90195617675784, 32.39223395453561], [78.9041666666667, 32.39166666666669], [78.90451999240454, 32.38507554796009], [78.90798000759551, 32.381591118706616], [78.90868665907121, 32.37674221462676], [78.91214667426217, 32.37325778537328], [78.91250000000002, 32.37083333333336], [78.91492445203995, 32.37048000759551], [78.91840888129343, 32.367019992404536], [78.9232577853733, 32.36631334092884], [78.92674221462677, 32.362853325737866], [78.93159111870662, 32.36214667426218], [78.93924221462676, 32.35451999240453], [78.94409111870662, 32.35381334092884], [78.95174221462676, 32.3461866590712], [78.95662163628475, 32.34547559950089], [78.96631334092885, 32.33575778537329], [78.9666666666667, 32.33333333333336], [78.97025044759117, 32.33425292968752], [78.97859937879777, 32.3436228434245], [78.97973395453562, 32.34804382324221], [78.98276604546444, 32.35195617675783], [78.98423699273006, 32.35768771701391], [78.99778951009118, 32.37026604546443], [79.00637715657555, 32.37140062120228], [79.01028951009117, 32.374432712131096], [79.01471048990888, 32.37556728786895], [79.02278951009117, 32.38276604546443], [79.04804382324222, 32.38390062120228], [79.05342000325524, 32.38806728786894], [79.06887715657555, 32.3869327121311], [79.07278951009118, 32.38390062120228], [79.08244594997834, 32.38262498643665], [79.08418409559465, 32.37585076226131], [79.08971048990888, 32.374432712131096], [79.09362284342451, 32.37140062120228], [79.10000000000004, 32.37083333333336], [79.1035590277778, 32.37174682617189], [79.10473395453562, 32.402210489908875], [79.11193271213111, 32.41028951009117], [79.11306728786896, 32.41471048990888], [79.11706271701392, 32.41986558702259], [79.12432623969187, 32.42172987196183], [79.12556728786896, 32.43407999674481], [79.12140062120228, 32.43945617675784], [79.12083333333337, 32.45416666666669], [79.12175971137155, 32.45740695529516], [79.1282402886285, 32.45925971137155], [79.12978413899742, 32.46466030544707], [79.13271586100264, 32.46867302788631], [79.13413594563805, 32.47843153211808], [79.1416666666667, 32.479166666666686], [79.14825778537329, 32.47951999240453], [79.15174221462676, 32.48298000759551], [79.1541666666667, 32.483333333333356], [79.1541666666667, 32.49583333333336], [79.16466030544709, 32.49645080566408], [79.16867302788631, 32.4993825276693], [79.18253072102868, 32.500735134548634], [79.1841949462891, 32.51216905381947], [79.19119737413197, 32.51728413899742], [79.19382697211374, 32.51604919433596], [79.19783969455298, 32.513117472330755], [79.2041666666667, 32.512500000000024], [79.20501742892799, 32.50918409559464], [79.20833333333337, 32.508333333333354], [79.21471048990888, 32.50890062120228], [79.21862284342451, 32.5119327121311], [79.22437642415368, 32.51340908474395], [79.22500000000004, 32.52500000000002], [79.22721048990888, 32.5244327121311], [79.23112284342452, 32.52140062120228], [79.23971048990889, 32.52026604546443], [79.2450866699219, 32.51609937879777], [79.2498226589627, 32.51791653103301], [79.25359937879777, 32.52278951009117], [79.25473395453562, 32.527210489908875], [79.25776604546444, 32.531122843424505], [79.25918409559465, 32.536649237738736], [79.2647104899089, 32.53806728786895], [79.27695617675785, 32.5494327121311], [79.2791666666667, 32.550000000000026], [79.28137715657556, 32.5494327121311], [79.29072943793406, 32.54109937879777], [79.29804382324222, 32.54223395453561], [79.31445617675784, 32.55776604546443], [79.31887715657555, 32.558900621202284], [79.32278951009118, 32.561932712131096], [79.3272104899089, 32.56306728786895], [79.33219604492191, 32.56693115234377], [79.33390062120229, 32.56028951009117], [79.33693271213112, 32.55637715657554], [79.33815578884551, 32.54262661404082], [79.34362284342451, 32.53806728786895], [79.34804382324222, 32.5369327121311], [79.35612284342452, 32.529733954535615], [79.35833333333336, 32.52916666666669], [79.3732577853733, 32.52881334092884], [79.37674221462677, 32.52535332573787], [79.39409111870663, 32.52464667426217], [79.3975755479601, 32.521186659071205], [79.4166666666667, 32.52083333333336], [79.41887715657555, 32.52026604546443], [79.42278951009118, 32.51723395453561], [79.42721048990889, 32.51609937879777], [79.43112284342452, 32.51306728786895], [79.43971048990889, 32.5119327121311], [79.44778951009118, 32.50473395453561], [79.48137715657556, 32.503599378797766], [79.48528951009118, 32.50056728786895], [79.48971048990889, 32.499432712131096], [79.49362284342452, 32.49640062120228], [79.49914923773875, 32.49498257107207], [79.50000000000003, 32.49166666666669], [79.49938252766931, 32.48950636121964], [79.4964508056641, 32.485493638780405], [79.49521586100263, 32.477006361219644], [79.49228413899743, 32.4729936387804], [79.49104919433597, 32.46867302788631], [79.48811747233076, 32.46466030544707], [79.48688252766931, 32.45200636121964], [79.48271586100263, 32.44630262586808], [79.4839508056641, 32.443673027886305], [79.49938252766931, 32.427160305447075], [79.50061747233076, 32.41867302788631], [79.50354919433597, 32.41466030544707], [79.50498080783423, 32.404823472764775], [79.52500000000003, 32.40416666666669], [79.52500000000003, 32.40000000000002], [79.52831590440542, 32.39914923773874], [79.5291666666667, 32.39583333333336], [79.53652716742624, 32.39517856174047], [79.54537251790369, 32.38542650010853], [79.54109937879778, 32.379913330078146], [79.54285142686635, 32.37534654405384], [79.55195617675784, 32.367233954535614], [79.55748257107209, 32.3658159044054], [79.55833333333337, 32.36250000000002], [79.56909111870664, 32.36214667426218], [79.57745090060767, 32.35381334092884], [79.58159111870663, 32.35451999240453], [79.5850755479601, 32.35798000759551], [79.58992445203997, 32.3586866590712], [79.59340888129344, 32.36214667426218], [79.59583333333337, 32.36250000000002], [79.60221048990888, 32.3619327121311], [79.61028951009118, 32.35473395453561], [79.62721048990889, 32.35359937879777], [79.63112284342452, 32.35056728786895], [79.63554382324222, 32.3494327121311], [79.64092000325525, 32.345266045464435], [79.64912041558163, 32.34657219780818], [79.65085076226131, 32.353315904405406], [79.6541666666667, 32.354166666666686], [79.65662367078997, 32.353808593750024], [79.66214667426219, 32.348257785373285], [79.66250000000004, 32.34166666666669], [79.66164923773876, 32.33835076226131], [79.65833333333337, 32.33750000000002], [79.65798000759553, 32.330908881293425], [79.65451999240454, 32.32742445203995], [79.6541666666667, 32.325000000000024], [79.65381334092885, 32.32257554796009], [79.65035332573788, 32.319091118706616], [79.64964667426219, 32.31424221462676], [79.6416646321615, 32.30623474121096], [79.6475755479601, 32.300353325737866], [79.65245496961809, 32.29964226616755], [79.66214667426219, 32.289924452039955], [79.66250000000004, 32.27916666666669], [79.66250000000004, 32.27083333333336], [79.66492445203997, 32.27048000759551], [79.66840888129344, 32.267019992404535], [79.6732577853733, 32.26631334092884], [79.67674221462677, 32.262853325737865], [79.6982577853733, 32.262146674262176], [79.70174221462678, 32.2586866590712], [79.7107577853733, 32.257980007595506], [79.71840888129344, 32.25035332573787], [79.72328830295143, 32.249642266167555], [79.73298000759553, 32.23992445203995], [79.73368903266062, 32.2308787027995], [79.73924221462677, 32.22535332573787], [79.74409111870663, 32.224646674262175], [79.74757554796011, 32.2211866590712], [79.75000000000004, 32.22083333333335], [79.7541666666667, 32.22083333333335], [79.75479024251305, 32.20924241807728], [79.76054382324223, 32.20776604546443], [79.76445617675785, 32.20473395453561], [79.77018771701393, 32.20326300726999], [79.78276604546444, 32.189710489908876], [79.78418409559465, 32.18418409559464], [79.78971048990888, 32.18276604546443], [79.79362284342452, 32.179733954535614], [79.80221048990889, 32.17859937879776], [79.80612284342452, 32.175567287868944], [79.80833333333337, 32.17500000000002], [79.80798000759552, 32.16424221462675], [79.80381334092885, 32.16004638671877], [79.80451999240455, 32.15174221462676], [79.80798000759552, 32.14825778537328], [79.80833333333337, 32.14583333333336], [79.80833333333337, 32.133333333333354], [79.81079033745664, 32.132975260416686], [79.81631334092886, 32.12742445203995], [79.81701999240455, 32.110075547960086], [79.82048000759552, 32.10659111870662], [79.82083333333337, 32.104166666666686], [79.82168409559465, 32.10085093180342], [79.82500000000003, 32.10000000000004], [79.82433878580733, 32.09256625705299], [79.81609937879777, 32.090451727973125], [79.81723395453562, 32.072789510091184], [79.82140062120229, 32.06741333007816], [79.81982659233945, 32.063310919867654], [79.8166666666667, 32.06250000000002], [79.81341213650177, 32.061733500162795], [79.81197035047747, 32.05739254421662], [79.81613701714413, 32.05224829779734], [79.81719631618927, 32.047751702202724], [79.82447035047747, 32.039748297797345], [79.82552964952261, 32.03108503553606], [79.82863701714413, 32.02724829779734], [79.82916666666671, 32.025000000000034], [79.82916666666671, 32.02083333333337], [79.83162367078997, 32.0204752604167], [79.83714667426219, 32.01492445203996], [79.83750000000003, 32.00833333333337], [79.8416666666667, 32.00833333333337], [79.8482577853733, 32.008686659071216], [79.85174221462677, 32.01214667426219], [79.87083333333335, 32.01250000000002], [79.87140062120228, 32.01028951009116], [79.8744327121311, 32.00637715657554], [79.87563764784073, 31.988405693901928], [79.88137715657554, 31.986932712131093], [79.88528951009117, 31.983900621202274], [79.88971048990888, 31.98276604546443], [79.8936228434245, 31.97973395453561], [79.8980438232422, 31.97859937879776], [79.9061228434245, 31.971400621202275], [79.90833333333336, 31.970833333333353], [79.90890062120228, 31.96445617675783], [79.91609937879777, 31.956377156575538], [79.91763441297745, 31.95039605034724], [79.92278951009116, 31.946400621202276], [79.93660040961373, 31.945172119140643], [79.93750000000003, 31.941666666666684], [79.93750000000003, 31.93333333333335], [79.93664906819663, 31.930017598470087], [79.92974955240888, 31.928246900770432], [79.92140062120228, 31.918877156575554], [79.92083333333335, 31.9166666666667], [79.91424221462675, 31.916313340928852], [79.9086869981554, 31.910785929362014], [79.90833333333337, 31.88333333333337], [79.91164906819664, 31.88248240152998], [79.91335093180341, 31.87585093180342], [79.91887715657555, 31.87443271213111], [79.92278951009116, 31.87140062120229], [79.92877078586157, 31.869865587022602], [79.93276604546443, 31.864710489908887], [79.93390062120228, 31.85612284342451], [79.9369327121311, 31.852210489908888], [79.93806728786895, 31.839456176757846], [79.94223395453561, 31.834079996744826], [79.94041697184247, 31.829344007704027], [79.93554382324221, 31.825567287868957], [79.92278951009116, 31.82443271213111], [79.91887715657555, 31.82140062120229], [79.91028951009116, 31.820266045464443], [79.90637715657554, 31.817233954535624], [79.9041666666667, 31.8166666666667], [79.90174221462675, 31.816313340928854], [79.89619140625003, 31.81079016791453], [79.89583333333337, 31.808333333333366], [79.8964569091797, 31.79674258761939], [79.90377078586157, 31.794865587022603], [79.90776604546443, 31.789710489908888], [79.90833333333337, 31.775000000000034], [79.91054382324221, 31.775567287868956], [79.91458333333335, 31.77869788275828], [79.9186228434245, 31.775567287868956], [79.9246041191949, 31.77403225368927], [79.92859937879777, 31.768877156575552], [79.92976972791885, 31.738525899251336], [79.9436228434245, 31.725567287868955], [79.95221048990888, 31.724432712131108], [79.96028951009117, 31.717233954535622], [79.9658157348633, 31.715815734863313], [79.96723395453562, 31.71028951009118], [79.9744327121311, 31.702210489908886], [79.97556728786894, 31.697789510091177], [79.97859937879777, 31.693877156575553], [79.98008643256296, 31.68808288574222], [79.98945617675784, 31.67973395453562], [79.99583333333335, 31.6791666666667], [79.99583333333337, 31.675000000000033], [79.99914906819663, 31.674149068196648], [80.00000000000004, 31.670833333333366], [80.00245513916018, 31.6704755995009], [80.01214667426217, 31.660757785373296], [80.01250000000005, 31.654166666666697], [80.01285807291669, 31.651709832085537], [80.01840888129342, 31.646186659071212], [80.02083333333336, 31.645833333333364], [80.02140062120228, 31.635289510091177], [80.0244327121311, 31.631377156575553], [80.0258509318034, 31.625850931803416], [80.03248240152998, 31.624149068196648], [80.03390062120228, 31.61862284342451], [80.0369327121311, 31.614710489908887], [80.03820427788631, 31.605086093478764], [80.0436228434245, 31.600567287868955], [80.05000000000003, 31.60000000000003], [80.05000000000004, 31.595833333333363], [80.05242445203996, 31.59618665907121], [80.0607844034831, 31.604519992404544], [80.06492445203995, 31.603813340928852], [80.06840888129342, 31.600353325737878], [80.08575778537329, 31.599646674262186], [80.08924221462676, 31.59618665907121], [80.09166666666668, 31.595833333333363], [80.09202151828345, 31.58921288384335], [80.09757554796009, 31.583686659071212], [80.10245683458119, 31.5829752604167], [80.10798000759551, 31.577424452039963], [80.10833333333336, 31.570833333333365], [80.10833333333336, 31.5666666666667], [80.1086866590712, 31.564242214626766], [80.11214667426218, 31.560757785373294], [80.11285332573787, 31.555908881293433], [80.11631334092884, 31.55242445203996], [80.1166666666667, 31.550000000000033], [80.11998240152997, 31.549149068196645], [80.12168426513674, 31.542517598470084], [80.12877078586156, 31.540698920355933], [80.13286454942494, 31.5354166666667], [80.12963545057511, 31.531250000000032], [80.13276604546444, 31.527210489908885], [80.13422071668839, 31.521541849772166], [80.1449139065213, 31.52012905544708], [80.1494327121311, 31.514710489908886], [80.1507042778863, 31.505086093478763], [80.1561228434245, 31.500567287868954], [80.16054382324221, 31.499432712131107], [80.17695617675784, 31.483900621202288], [80.18554382324221, 31.48276604546444], [80.18945617675783, 31.47973395453562], [80.19583333333335, 31.479166666666696], [80.1961866590712, 31.4725755479601], [80.20381334092885, 31.46492445203996], [80.2041666666667, 31.46250000000003], [80.20359937879776, 31.451956176757843], [80.19640062120229, 31.443877156575553], [80.19498240152997, 31.438350931803416], [80.19166666666669, 31.43750000000003], [80.19292822943795, 31.433309766981367], [80.19786495632597, 31.42980940077043], [80.22005666097007, 31.42844679090715], [80.22165391710072, 31.412789238823816], [80.22703162299264, 31.408976067437095], [80.23130171034073, 31.407690599229632], [80.23536495632598, 31.40480940077043], [80.23963504367407, 31.403523932562965], [80.2436982896593, 31.400642734103762], [80.25000000000003, 31.40000000000003], [80.24914906819664, 31.39668426513675], [80.24583333333335, 31.395833333333364], [80.2454752604167, 31.3933764987522], [80.23992445203996, 31.38785332573788], [80.21838022867841, 31.38714582655168], [80.21285332573787, 31.381591118706627], [80.21250000000002, 31.3791666666667], [80.20918426513674, 31.37831573486331], [80.20833333333336, 31.37500000000003], [80.20918426513674, 31.37168426513675], [80.21471048990888, 31.37026604546444], [80.2186228434245, 31.36723395453562], [80.22823740641279, 31.365963745117217], [80.23693271213111, 31.35637715657555], [80.2384197658963, 31.350582885742217], [80.24906277126739, 31.34109937879777], [80.26054382324222, 31.34223395453562], [80.26592000325523, 31.346400621202285], [80.27410753038197, 31.345096672905846], [80.27859937879776, 31.339710489908885], [80.28001759847008, 31.33418426513675], [80.28664906819664, 31.332482401529976], [80.28750000000002, 31.329166666666694], [80.29808163113067, 31.329696146647166], [80.30191836886938, 31.332803853352893], [80.31058163113067, 31.333862813313832], [80.31441836886938, 31.336970520019563], [80.32724829779734, 31.3380294799805], [80.33941836886939, 31.349470520019562], [80.343914964464, 31.350529479980498], [80.35191836886938, 31.357803853352895], [80.356414964464, 31.35886281331383], [80.36873779296877, 31.37044728597008], [80.37275170220272, 31.367196146647167], [80.38558163113066, 31.366137186686228], [80.39072587754994, 31.36197052001956], [80.39506683349612, 31.363411966959664], [80.39659186469187, 31.369887118869386], [80.40191836886939, 31.37447052001956], [80.406414964464, 31.3755294799805], [80.41025170220271, 31.378637186686227], [80.41666666666669, 31.3791666666667], [80.41909111870662, 31.37881334092885], [80.42674221462676, 31.37118665907121], [80.43159111870662, 31.370480007595518], [80.43995107014976, 31.36214667426218], [80.44825778537329, 31.362853325737877], [80.45245378282337, 31.367019992404543], [80.46075778537329, 31.366313340928848], [80.46840888129343, 31.35868665907121], [80.47325778537329, 31.357980007595515], [80.47745378282337, 31.35381334092885], [80.52325778537329, 31.354519992404544], [80.52745378282337, 31.35868665907121], [80.53575778537329, 31.357980007595515], [80.53924221462677, 31.354519992404544], [80.54409111870662, 31.35381334092885], [80.5475755479601, 31.350353325737878], [80.55242445203996, 31.349646674262182], [80.55590888129343, 31.34618665907121], [80.56075778537328, 31.345480007595516], [80.56424221462676, 31.342019992404545], [80.56909111870662, 31.34131334092885], [80.5725755479601, 31.337853325737875], [80.58159111870663, 31.337146674262183], [80.58924221462676, 31.329519992404542], [80.5916666666667, 31.329166666666694], [80.59201999240454, 31.335757785373293], [80.59964667426217, 31.34340888129343], [80.60035332573787, 31.360757785373295], [80.60381334092885, 31.364242214626767], [80.60451999240453, 31.381591118706627], [80.61214667426218, 31.389242214626766], [80.61250000000003, 31.391666666666698], [80.61285332573787, 31.40659111870663], [80.61631334092884, 31.410075547960098], [80.61666666666669, 31.41250000000003], [80.61909111870662, 31.412146674262182], [80.62328711615672, 31.407980007595516], [80.63159111870662, 31.40868665907121], [80.63924221462676, 31.41631334092885], [80.6416666666667, 31.416666666666696], [80.6416666666667, 31.408333333333363], [80.64571940104169, 31.407174513075116], [80.6493823581272, 31.40216013590498], [80.65061764187286, 31.397839864095083], [80.65478430853952, 31.392135789659317], [80.65354902479386, 31.38533986409508], [80.65056152343753, 31.38125000000003], [80.65354902479386, 31.37716013590498], [80.65496080186635, 31.36746080186635], [80.66466013590498, 31.366049024793867], [80.66867319742842, 31.36311764187286], [80.69382680257164, 31.3618823581272], [80.69783986409507, 31.35895097520619], [80.70000000000003, 31.358333333333363], [80.70056728786895, 31.356122843424508], [80.70359937879778, 31.352210489908884], [80.70501759847008, 31.346684265136748], [80.71054382324222, 31.345266045464438], [80.71445617675784, 31.34223395453562], [80.72304382324222, 31.34109937879777], [80.7311228434245, 31.333900621202286], [80.74804382324221, 31.33276604546444], [80.75195617675784, 31.32973395453562], [80.75637715657555, 31.328599378797772], [80.76445617675785, 31.321400621202287], [80.77083333333336, 31.32083333333336], [80.77083333333336, 31.316666666666695], [80.77304382324222, 31.316099378797773], [80.77695617675784, 31.313067287868954], [80.79069366455082, 31.311845228407147], [80.79943271213111, 31.302210489908884], [80.80056728786896, 31.297789510091174], [80.80776604546443, 31.289710489908884], [80.80924258761938, 31.283956909179718], [80.82083333333337, 31.283333333333363], [80.82414906819665, 31.284184265136748], [80.82585093180342, 31.290815734863312], [80.83137715657556, 31.292233954535618], [80.83528951009117, 31.295266045464437], [80.83750000000003, 31.295833333333363], [80.83785332573788, 31.310757785373294], [80.84131334092885, 31.314242214626766], [80.8416666666667, 31.316666666666695], [80.84488796657989, 31.31761203342017], [80.84646369086374, 31.32298092312286], [80.85004475911461, 31.32795715332034], [80.85738796657989, 31.330112033420168], [80.85933668348527, 31.336752149793867], [80.87122972276478, 31.338130187988313], [80.87858581542972, 31.332836066352026], [80.8909108479818, 31.33409237331817], [80.89237060546878, 31.34871809217668], [80.89622972276479, 31.350630187988312], [80.9020192464193, 31.346463521321645], [80.9063140869141, 31.34520314534508], [80.91035257975264, 31.34229685465498], [80.91942579481339, 31.341036478678415], [80.92185804578996, 31.349324713812962], [80.95068528917103, 31.350630187988312], [80.96041090223527, 31.342246500651072], [80.9645192464193, 31.34520314534508], [80.96988796657989, 31.346778700086837], [80.97146369086374, 31.352147589789524], [80.97441609700523, 31.35625000000003], [80.97061157226565, 31.361535983615482], [80.9813140869141, 31.36313018798831], [80.98535257975263, 31.366036478678417], [80.98789638943146, 31.367296854654978], [80.99375000000003, 31.36308390299482], [80.99879048665368, 31.36671159532338], [81.00000000000003, 31.370833333333362], [81.00743374294709, 31.371494547526073], [81.00833333333337, 31.37500000000003], [81.00910474989152, 31.382561916775202], [81.0166666666667, 31.38333333333336], [81.02721048990888, 31.38276604546444], [81.03528951009118, 31.375567287868954], [81.0408159044054, 31.374149068196644], [81.04223395453562, 31.36862284342451], [81.04526604546444, 31.364710489908884], [81.04674241807729, 31.358956909179717], [81.05833333333337, 31.358333333333363], [81.05798000759552, 31.35590888129343], [81.05451999240455, 31.352424452039962], [81.05381334092885, 31.347575547960098], [81.04618665907121, 31.33992445203996], [81.04548000759551, 31.3350755479601], [81.04201999240455, 31.331591118706626], [81.0416666666667, 31.32083333333336], [81.04243808322485, 31.313271416558187], [81.05630154079864, 31.311857265896297], [81.06036512586809, 31.308976067437094], [81.06250000000003, 31.308333333333362], [81.06471048990889, 31.30776604546444], [81.0686228434245, 31.30473395453562], [81.07414923773875, 31.30331573486331], [81.07585076226131, 31.296684265136747], [81.08137715657556, 31.295266045464437], [81.08528951009117, 31.292233954535618], [81.09387715657556, 31.29109937879777], [81.09778951009118, 31.28806728786895], [81.10221048990888, 31.286932712131104], [81.10612284342452, 31.283900621202285], [81.11054382324222, 31.282766045464438], [81.1186228434245, 31.275567287868952], [81.12083333333337, 31.27500000000003], [81.12047899034292, 31.264213562011747], [81.11492445203996, 31.25868665907121], [81.11250000000003, 31.25833333333336], [81.1140306260851, 31.25349867078996], [81.1229431152344, 31.25483466254343], [81.12708333333336, 31.2576836480035], [81.13122355143233, 31.25483466254343], [81.13678792317711, 31.253072950575117], [81.1382734510634, 31.22058173285593], [81.14372355143232, 31.22433200412329], [81.15210978190107, 31.225667995876766], [81.15622355143232, 31.22849867078996], [81.15833333333336, 31.229166666666696], [81.15833333333336, 31.19583333333336], [81.15890062120229, 31.18945617675784], [81.1619327121311, 31.185543823242217], [81.1637149386936, 31.17859937879777], [81.16887715657555, 31.179733954535617], [81.17278951009118, 31.182766045464437], [81.17831590440541, 31.184184265136746], [81.18013441297747, 31.191270785861573], [81.1854166666667, 31.19536454942494], [81.18945617675784, 31.19223395453562], [81.21150953504778, 31.19104749891496], [81.21609937879778, 31.185543823242217], [81.21723395453562, 31.181122843424507], [81.22026604546444, 31.177210489908884], [81.22173292371966, 31.17149454752607], [81.2291666666667, 31.170833333333363], [81.22881334092885, 31.160075547960098], [81.22535332573788, 31.156591118706626], [81.22500000000004, 31.154166666666693], [81.22591349283857, 31.150607638888918], [81.2416666666667, 31.150000000000027], [81.24409111870663, 31.14964667426218], [81.2475755479601, 31.14618665907121], [81.2541666666667, 31.14583333333336], [81.25775044759118, 31.14675292968753], [81.26609937879778, 31.15612284342451], [81.26723395453563, 31.160543823242215], [81.2744327121311, 31.168622843424508], [81.27570292154951, 31.178237406412787], [81.28541564941409, 31.187046983506974], [81.29362284342452, 31.179733954535617], [81.29804382324222, 31.17859937879777], [81.30342000325524, 31.174432712131104], [81.31054382324223, 31.17556728786895], [81.32278951009118, 31.186932712131103], [81.33244594997834, 31.18820851643883], [81.33447062174483, 31.196097988552545], [81.34092000325523, 31.191099378797773], [81.34804382324222, 31.19223395453562], [81.35612284342452, 31.199432712131106], [81.37304382324223, 31.200567287868953], [81.38528951009118, 31.211932712131105], [81.39583333333337, 31.212500000000027], [81.39907362196183, 31.211573621961833], [81.40061747233077, 31.206173197428413], [81.40354919433597, 31.202160135904975], [81.40502827962243, 31.19199778238935], [81.41033969455299, 31.188117641872857], [81.42009819878476, 31.18669738769534], [81.4214508056641, 31.17283986409508], [81.42561747233076, 31.167135789659316], [81.42438252766931, 31.16033986409508], [81.4214508056641, 31.156326972113742], [81.42083333333336, 31.14583333333336], [81.42299363878041, 31.145215861002633], [81.42700636121965, 31.142284138997425], [81.43676486545142, 31.140864054362005], [81.43821716308597, 31.12598639594187], [81.44382697211375, 31.124382527669297], [81.45342983669708, 31.116049194335965], [81.46882697211375, 31.117284138997423], [81.47283969455299, 31.12021586100263], [81.47716030544709, 31.12145080566409], [81.4821207682292, 31.125074598524332], [81.48449198404951, 31.11678059895836], [81.48950636121965, 31.113117472330757], [81.50216030544708, 31.111882527669298], [81.51033969455298, 31.104784138997424], [81.52083333333337, 31.104166666666693], [81.52414923773875, 31.10501742892798], [81.52500000000003, 31.108333333333363], [81.5291666666667, 31.108333333333363], [81.53130154079865, 31.108976236979196], [81.53536512586808, 31.111857096354193], [81.54086880154084, 31.11351420084638], [81.5427171495226, 31.12564290364586], [81.54796820746532, 31.124357096354196], [81.55384487575958, 31.12019042968753], [81.56214328342017, 31.121801418728325], [81.57019042968753, 31.131198459201418], [81.57188415527347, 31.136823527018258], [81.61046820746532, 31.13814290364586], [81.61579115125872, 31.141916910807318], [81.6166666666667, 31.13333333333336], [81.61631334092885, 31.126742214626763], [81.61285332573789, 31.12325778537329], [81.61250000000004, 31.100000000000026], [81.61492445203997, 31.099646674262182], [81.61840888129343, 31.096186659071208], [81.62083333333337, 31.09583333333336], [81.62837320963546, 31.095113796658012], [81.62961052788631, 31.086741807725723], [81.62439507378475, 31.079707166883708], [81.62581990559899, 31.071605088975723], [81.63550618489587, 31.070228407118083], [81.6394938151042, 31.067271592881973], [81.64492594401045, 31.065759277343776], [81.64674072265629, 31.059240722656277], [81.65341322157121, 31.05738288031687], [81.65494283040368, 31.046624416775202], [81.66866048177087, 31.033938259548638], [81.67083333333336, 31.03333333333336], [81.67168409559466, 31.030017428927977], [81.67500000000004, 31.029166666666693], [81.67858378092451, 31.03008626302086], [81.68693271213111, 31.039456176757838], [81.68806728786896, 31.05221048990888], [81.69109937879777, 31.056122843424507], [81.69223395453562, 31.060543823242213], [81.69943271213111, 31.068622843424507], [81.70090908474396, 31.074376424153673], [81.71250000000003, 31.075000000000028], [81.71492445203997, 31.075353325737876], [81.71840888129344, 31.078813340928846], [81.7291666666667, 31.079166666666694], [81.73005405002174, 31.07570834689673], [81.74073147243928, 31.07429775661895], [81.75776604546445, 31.056377156575547], [81.75890062120229, 31.02695617675784], [81.76193271213111, 31.023043823242215], [81.76250000000003, 31.02083333333336], [81.76285332573788, 31.01840888129343], [81.76631334092886, 31.014924452039956], [81.76666666666671, 31.012500000000028], [81.77304382324222, 31.01306728786895], [81.77695617675785, 31.01609937879777], [81.78275044759118, 31.01758626302086], [81.79109937879778, 31.02695617675784], [81.79280395507816, 31.033597819010446], [81.79925333658858, 31.02859937879777], [81.81471048990889, 31.02973395453562], [81.8200866699219, 31.033900621202285], [81.82418891059031, 31.032326592339437], [81.82556728786896, 31.02695617675784], [81.82859937879778, 31.023043823242215], [81.8291666666667, 31.016666666666694], [81.8291666666667, 31.012500000000028], [81.82973395453561, 31.010289510091173], [81.83276604546442, 31.006377156575546], [81.83399454752606, 30.992566257052978], [81.83971048990888, 30.99109937879777], [81.8436228434245, 30.98806728786895], [81.84804382324221, 30.986932712131104], [81.85195617675784, 30.983900621202284], [81.86887715657554, 30.982766045464437], [81.87278951009117, 30.979733954535618], [81.8824139065213, 30.978462388780407], [81.8869327121311, 30.973043823242215], [81.88806728786895, 30.947789510091173], [81.89223395453561, 30.94241333007815], [81.89109937879776, 30.935289510091174], [81.88796878390845, 30.931250000000027], [81.89109937879776, 30.92721048990888], [81.89233178032771, 30.913356865776937], [81.89715508355037, 30.912275526258707], [81.90739610460072, 30.921400621202284], [81.93137715657554, 30.920266045464437], [81.93528951009117, 30.917233954535618], [81.93750000000003, 30.916666666666693], [81.9410837809245, 30.915747070312527], [81.9494327121311, 30.906377156575548], [81.95070851643882, 30.896720716688392], [81.9541666666667, 30.89583333333336], [81.95501759847008, 30.892517428927977], [81.95833333333337, 30.891666666666694], [81.97325778537329, 30.891313340928846], [81.97745378282337, 30.88714667426218], [81.98575778537328, 30.887853325737872], [81.98924221462676, 30.891313340928846], [81.99409111870662, 30.89201999240454], [81.9982871161567, 30.896186659071205], [82.01075778537329, 30.895480007595513], [82.01911773681643, 30.88714667426218], [82.02742445203995, 30.887853325737872], [82.03162044949003, 30.89201999240454], [82.03575778537329, 30.891313340928846], [82.03924221462675, 30.887853325737872], [82.05416666666669, 30.887500000000024], [82.05501759847007, 30.884184095594645], [82.06306728786895, 30.882118394639782], [82.06180792914499, 30.871763102213567], [82.05637715657554, 30.867233954535617], [82.05039588080514, 30.86569892035593], [82.04526604546443, 30.859079996744818], [82.04684007432728, 30.854977756076416], [82.05377078586157, 30.85319892035593], [82.05776604546443, 30.848043823242215], [82.05890062120228, 30.82278951009117], [82.0619327121311, 30.818877156575546], [82.06250000000004, 30.812500000000025], [82.07304382324222, 30.81306728786895], [82.07842000325523, 30.817233954535617], [82.09077029758032, 30.81599290635853], [82.09251759847008, 30.809184095594645], [82.09583333333336, 30.80833333333336], [82.09668426513674, 30.805017428927975], [82.10000000000002, 30.804166666666692], [82.10637715657555, 30.804733954535614], [82.11574690077042, 30.81308288574221], [82.1172339545356, 30.818877156575546], [82.12172580295142, 30.824263170030406], [82.12991333007815, 30.82556728786895], [82.13541666666669, 30.821301947699677], [82.13945617675783, 30.824432712131102], [82.1480438232422, 30.82556728786895], [82.15195617675784, 30.82859937879777], [82.174090745714, 30.829790242513045], [82.17500000000003, 30.833333333333357], [82.17919023301869, 30.83207160101999], [82.18269059922963, 30.82713487413197], [82.18429751926, 30.821797688802107], [82.18963504367407, 30.820190429687525], [82.19369828965931, 30.817309570312524], [82.20756191677519, 30.815895250108532], [82.20833333333336, 30.80833333333336], [82.21306728786895, 30.807118394639783], [82.2119327121311, 30.79778951009117], [82.20890062120228, 30.793877156575547], [82.20833333333336, 30.77916666666669], [82.2357577853733, 30.778813340928846], [82.25174221462676, 30.762853325737872], [82.25416666666669, 30.762500000000024], [82.26160040961373, 30.761838785807317], [82.26250000000002, 30.758333333333358], [82.26311916775175, 30.746823798285615], [82.26862284342451, 30.742233954535614], [82.27556728786895, 30.740451727973117], [82.2744327121311, 30.73528951009117], [82.27130211724177, 30.731250000000024], [82.2744327121311, 30.727210489908877], [82.27590569390193, 30.72147115071617], [82.29485422770185, 30.720200602213566], [82.29943271213111, 30.714710489908878], [82.30000000000003, 30.712500000000023], [82.30242445203996, 30.71285332573787], [82.30590888129343, 30.716313340928842], [82.31666666666669, 30.71666666666669], [82.32432217068146, 30.71744757758249], [82.32500000000003, 30.741666666666692], [82.3291666666667, 30.741666666666692], [82.33992445203995, 30.741313340928844], [82.34340888129343, 30.737853325737873], [82.35833333333336, 30.737500000000026], [82.35918426513675, 30.734184095594642], [82.36250000000003, 30.73333333333336], [82.36285332573787, 30.72674221462676], [82.36631334092884, 30.72325778537329], [82.36701999240454, 30.718408881293428], [82.37048000759552, 30.714924452039956], [82.3711866590712, 30.70590888129343], [82.37498541937937, 30.70208333333336], [82.3711866590712, 30.698257785373286], [82.37083333333337, 30.675000000000026], [82.37714758978952, 30.674369642469642], [82.38118574354387, 30.67146369086374], [82.38745507134334, 30.669623819987002], [82.39103647867842, 30.66464742024742], [82.39229685465497, 30.66035257975263], [82.39520314534508, 30.656314086914087], [82.39658932156036, 30.6424255371094], [82.40891418457034, 30.64116923014325], [82.41458333333335, 30.645249430338566], [82.41868574354386, 30.642297024197074], [82.43750000000003, 30.64166666666669], [82.43714667426218, 30.622575547960093], [82.43298000759552, 30.618379720052108], [82.4336866590712, 30.61424221462676], [82.43714667426218, 30.610757785373288], [82.43785332573788, 30.597575547960094], [82.44131334092884, 30.594091118706622], [82.44201999240454, 30.589242214626758], [82.45035332573788, 30.58088243272572], [82.44964667426218, 30.572575547960092], [82.4454800075955, 30.568379720052107], [82.4461866590712, 30.56424221462676], [82.44964667426218, 30.560757785373287], [82.45000000000003, 30.55833333333336], [82.44668426513674, 30.55748257107207], [82.44583333333335, 30.55416666666669], [82.42591569688588, 30.55476515028214], [82.42500000000003, 30.55833333333336], [82.41424221462677, 30.55798000759551], [82.40242445203995, 30.546186659071203], [82.38995378282337, 30.545480007595508], [82.38575778537329, 30.549646674262178], [82.3732871161567, 30.55035332573787], [82.36909111870662, 30.546186659071203], [82.3600755479601, 30.545480007595508], [82.35659111870662, 30.542019992404537], [82.34757554796009, 30.54131334092884], [82.34409111870661, 30.53785332573787], [82.33333333333336, 30.537500000000023], [82.33297526041669, 30.535042995876758], [82.32742445203995, 30.529519992404538], [82.3225755479601, 30.528813340928842], [82.31837955051, 30.524646674262176], [82.31424221462676, 30.52535332573787], [82.31075778537328, 30.528813340928842], [82.28507554796009, 30.529519992404538], [82.28159111870661, 30.53298000759551], [82.26840888129342, 30.533686659071204], [82.26421288384334, 30.53785332573787], [82.25174221462676, 30.537146674262175], [82.24825778537328, 30.533686659071204], [82.24340888129343, 30.53298000759551], [82.23921288384334, 30.528813340928842], [82.2350755479601, 30.529519992404538], [82.23159111870662, 30.53298000759551], [82.22674221462675, 30.533686659071204], [82.22325778537329, 30.537146674262175], [82.21424221462676, 30.53785332573787], [82.21004621717667, 30.542019992404537], [82.19340888129342, 30.54131334092884], [82.18575778537328, 30.533686659071204], [82.1808764987522, 30.53297526041669], [82.17535332573787, 30.527424452039952], [82.17500000000003, 30.525000000000023], [82.17464667426218, 30.52257554796009], [82.17118665907121, 30.51909111870662], [82.17083333333336, 30.51666666666669], [82.16961839463978, 30.5119327121311], [82.15926293267147, 30.51319207085506], [82.15473395453562, 30.518622843424502], [82.15319892035592, 30.5246039496528], [82.14790785047745, 30.5287048339844], [82.13843722873266, 30.52026604546443], [82.11765407986114, 30.521456231011307], [82.11306728786894, 30.526956176757835], [82.11179572211374, 30.536580403645857], [82.10637715657555, 30.541099378797767], [82.09262644449872, 30.542322455512178], [82.08806728786895, 30.54778951009117], [82.08750000000002, 30.550000000000022], [82.08507554796009, 30.55035332573787], [82.07742445203995, 30.55798000759551], [82.07500000000002, 30.55833333333336], [82.07283986409507, 30.557715861002627], [82.06752811008032, 30.553835720486134], [82.06587253146704, 30.542460801866344], [82.05617319742841, 30.54104919433596], [82.04792327880861, 30.533890109592036], [82.04382680257163, 30.536882527669295], [82.03286421034073, 30.538117472330754], [82.02716013590496, 30.533950805664084], [82.02500000000003, 30.533333333333356], [82.02561764187286, 30.531173027886307], [82.02924126519099, 30.52621256510419], [82.02094726562503, 30.523841349283877], [82.01604902479386, 30.51713595920141], [82.01732533772788, 30.47998046875002], [82.02883555094404, 30.47830505371096], [82.03277180989585, 30.472916666666688], [82.02978430853952, 30.46882697211374], [82.02854902479386, 30.447839694552975], [82.02561764187286, 30.443826972113737], [82.0243823581272, 30.431173027886306], [82.02021569146052, 30.425469292534743], [82.02145097520618, 30.393673027886308], [82.0243823581272, 30.38966030544707], [82.02592637803822, 30.38425971137155], [82.02916666666668, 30.383333333333354], [82.02916666666668, 30.379166666666688], [82.02916666666668, 30.350000000000023], [82.0258509318034, 30.349149237738736], [82.02500000000002, 30.345833333333356], [82.02278951009117, 30.34526604546443], [82.01887715657554, 30.34223395453561], [82.01312357584638, 30.340757581922766], [82.01250000000002, 30.329166666666687], [82.00000000000003, 30.329166666666687], [81.99878506130645, 30.3244327121311], [81.9936228434245, 30.325567287868946], [81.98971048990887, 30.328599378797765], [81.98528951009116, 30.329733954535612], [81.98137715657555, 30.33276604546443], [81.97695617675784, 30.33390062120228], [81.96887715657554, 30.341099378797765], [81.96316121419272, 30.342566257052972], [81.96184404161244, 30.357373385959225], [81.95625457763674, 30.362034776475717], [81.95221048990888, 30.358900621202277], [81.94778951009117, 30.35776604546443], [81.94387715657554, 30.35473395453561], [81.93528951009117, 30.353599378797764], [81.92991333007815, 30.349432712131097], [81.9186228434245, 30.350567287868945], [81.91471048990887, 30.353599378797764], [81.91028951009116, 30.35473395453561], [81.90637715657554, 30.35776604546443], [81.8936228434245, 30.358900621202277], [81.88971048990888, 30.361932712131097], [81.88750000000002, 30.362500000000022], [81.87916666666669, 30.362500000000022], [81.87881334092886, 30.36909111870662], [81.87328796386723, 30.374644300672763], [81.86424221462677, 30.37535332573787], [81.8607577853733, 30.37881334092884], [81.8541666666667, 30.379166666666688], [81.85326707628042, 30.375661214192732], [81.83945617675785, 30.3744327121311], [81.83407999674483, 30.370266045464433], [81.83112284342451, 30.37140062120228], [81.8272104899089, 30.3744327121311], [81.82278951009118, 30.375567287868947], [81.81887715657555, 30.378599378797766], [81.81445617675784, 30.379733954535613], [81.81054382324223, 30.382766045464432], [81.80833333333337, 30.383333333333354], [81.79757554796011, 30.383686659071202], [81.79409111870663, 30.387146674262176], [81.78578694661462, 30.38785332573787], [81.78159111870663, 30.383686659071202], [81.77328694661462, 30.382980007595506], [81.76909111870663, 30.387146674262176], [81.75833333333337, 30.38750000000002], [81.7541666666667, 30.38750000000002], [81.747839694553, 30.38811747233075], [81.74382697211375, 30.39104919433596], [81.73950636121965, 30.392284138997418], [81.72999844021271, 30.400535074869815], [81.72836405436202, 30.41176486545141], [81.71450636121965, 30.41311747233075], [81.71049363878042, 30.416049194335958], [81.70617302788632, 30.417284138997417], [81.69799363878042, 30.424382527669295], [81.68950636121966, 30.42561747233075], [81.68549363878041, 30.42854919433596], [81.67500000000004, 30.42916666666669], [81.67257554796011, 30.429519992404536], [81.66909111870663, 30.432980007595507], [81.6666666666667, 30.433333333333355], [81.6645192464193, 30.433963690863738], [81.6563140869141, 30.441036309136308], [81.64368591308597, 30.44229702419707], [81.63808085123702, 30.446330769856793], [81.62575581868494, 30.44507446289065], [81.62436964246966, 30.43118591308596], [81.61190117730038, 30.417461480034746], [81.59960361056861, 30.416036309136306], [81.5938140869141, 30.420202975802972], [81.5895192464193, 30.42146369086374], [81.58548075358077, 30.42436964246964], [81.57701924641931, 30.425630357530405], [81.56875000000004, 30.432758585612], [81.55926411946618, 30.424581231011306], [81.55770297580298, 30.416270277235267], [81.56252916124136, 30.409564548068598], [81.55618591308597, 30.407702975802973], [81.55065748426652, 30.403328111436654], [81.55000000000004, 30.37500000000002], [81.54367302788631, 30.375617472330752], [81.53966030544709, 30.37854919433596], [81.48950636121965, 30.37978413899742], [81.48132697211375, 30.386882527669293], [81.47700636121965, 30.38811747233075], [81.46882697211375, 30.395215861002626], [81.45912746853303, 30.39662746853301], [81.45771586100264, 30.40632697211374], [81.45478413899743, 30.410339694552974], [81.4541666666667, 30.41666666666669], [81.45000000000003, 30.41666666666669], [81.44340888129344, 30.41631334092884], [81.43958333333336, 30.41251458062068], [81.4357577853733, 30.41631334092884], [81.42257554796011, 30.417019992404537], [81.41909111870663, 30.420480007595508], [81.40833333333336, 30.420833333333356], [81.4041666666667, 30.420833333333356], [81.40174221462676, 30.421186659071203], [81.3982577853733, 30.424646674262174], [81.3850755479601, 30.42535332573787], [81.38159111870662, 30.42881334092884], [81.37674221462677, 30.429519992404536], [81.3732577853733, 30.432980007595507], [81.35833333333336, 30.433333333333355], [81.35798000759551, 30.435757785373287], [81.35245259602868, 30.44131300184464], [81.33333333333337, 30.441666666666688], [81.33418409559465, 30.44498257107207], [81.33750000000003, 30.445833333333354], [81.3378577338325, 30.44828762478301], [81.35174221462677, 30.462146674262176], [81.36250000000004, 30.462500000000023], [81.36214667426219, 30.473257785373285], [81.35035332573788, 30.485075547960093], [81.35000000000004, 30.495833333333355], [81.34583333333336, 30.495833333333355], [81.34340888129344, 30.496186659071203], [81.33992445203997, 30.499646674262177], [81.3350755479601, 30.50035332573787], [81.33159111870663, 30.503813340928843], [81.32674221462676, 30.504519992404536], [81.3232577853733, 30.50798000759551], [81.32083333333337, 30.508333333333358], [81.3166666666667, 30.508333333333358], [81.31450636121966, 30.508950805664085], [81.31049363878041, 30.511882527669293], [81.30200636121965, 30.51311747233075], [81.29799363878041, 30.51604919433596], [81.28829413519969, 30.517460801866342], [81.2868825276693, 30.527160305447072], [81.28395080566409, 30.531173027886307], [81.28333333333336, 30.54166666666669], [81.27700636121965, 30.54104919433596], [81.27299363878042, 30.538117472330754], [81.26619737413198, 30.536882527669295], [81.26049363878042, 30.54104919433596], [81.25786404079864, 30.54228413899742], [81.25216030544708, 30.538117472330754], [81.2491617838542, 30.536882527669295], [81.23132697211375, 30.55354919433596], [81.21746927897138, 30.5549018012153], [81.21604919433597, 30.56466030544707], [81.20478413899743, 30.57700636121964], [81.2041666666667, 30.583333333333357], [81.20195617675785, 30.58276604546443], [81.19804382324222, 30.579733954535612], [81.18945617675784, 30.578599378797765], [81.18554382324221, 30.575567287868946], [81.17817857530385, 30.5744327121311], [81.16471048990888, 30.5869327121311], [81.15758666992191, 30.588067287868945], [81.15221048990888, 30.583900621202282], [81.14508666992191, 30.58276604546443], [81.13971048990888, 30.5869327121311], [81.13656277126739, 30.588067287868945], [81.1270921495226, 30.57962849934898], [81.12304382324221, 30.58276604546443], [81.1186228434245, 30.583900621202282], [81.11471048990889, 30.5869327121311], [81.10505405002174, 30.588208346896725], [81.1041666666667, 30.59166666666669], [81.09340888129343, 30.591313340928842], [81.08575778537329, 30.583686659071205], [81.06840888129344, 30.58298000759551], [81.06492445203996, 30.57951999240454], [81.05833333333337, 30.57916666666669], [81.05798000759552, 30.58575778537329], [81.05035332573787, 30.593408881293428], [81.05000000000003, 30.595833333333356], [81.03945617675784, 30.59640062120228], [81.03554382324222, 30.5994327121311], [81.02695617675785, 30.600567287868948], [81.02304382324222, 30.603599378797767], [81.01445617675785, 30.604733954535615], [81.01054382324222, 30.607766045464434], [80.99778951009118, 30.60890062120228], [80.99387715657555, 30.6119327121311], [80.98234524197052, 30.613067287868947], [80.96887715657554, 30.600567287868948], [80.96371493869361, 30.5994327121311], [80.96158277723528, 30.60774061414933], [80.93750000000003, 30.608333333333356], [80.93714667426218, 30.614924452039954], [80.93162367078996, 30.62047526041669], [80.92674221462677, 30.621186659071206], [80.9232577853733, 30.624646674262177], [80.91424221462677, 30.62535332573787], [80.91075778537329, 30.628813340928843], [80.90590888129343, 30.62951999240454], [80.89825778537329, 30.637146674262176], [80.8850755479601, 30.637853325737872], [80.87952100965715, 30.64338005913631], [80.87916666666669, 30.65416666666669], [80.87695617675784, 30.654733954535615], [80.87304382324221, 30.657766045464435], [80.8700866699219, 30.65890062120228], [80.86471048990889, 30.654733954535615], [80.86028951009118, 30.653599378797768], [80.85637715657555, 30.65056728786895], [80.85085076226132, 30.64914923773874], [80.8494327121311, 30.643622843424502], [80.84640062120229, 30.63971048990888], [80.84583333333336, 30.637500000000024], [80.84251759847008, 30.638350762261307], [80.8416666666667, 30.64166666666669], [80.83835093180342, 30.642517428927974], [80.8369327121311, 30.64804382324221], [80.83390062120229, 30.651956176757835], [80.83276604546444, 30.656377156575545], [80.82973395453561, 30.660289510091168], [80.82859937879778, 30.664710489908877], [80.81993357340498, 30.67426452636721], [80.81175333658857, 30.675567287868947], [80.80637715657555, 30.67140062120228], [80.8012149386936, 30.670266045464434], [80.80000000000003, 30.675000000000026], [80.7975755479601, 30.674646674262178], [80.79409111870663, 30.671186659071203], [80.7725755479601, 30.67048000759551], [80.76909111870663, 30.667019992404537], [80.75662044949004, 30.666313340928845], [80.75242445203996, 30.67048000759551], [80.7350755479601, 30.671186659071203], [80.72742445203995, 30.678813340928844], [80.71840888129343, 30.679519992404536], [80.71492445203995, 30.68298000759551], [80.7100755479601, 30.683686659071206], [80.70659111870663, 30.687146674262177], [80.70000000000003, 30.687500000000025], [80.69867129855689, 30.68272840711808], [80.68532731797963, 30.683938259548636], [80.67578752305775, 30.69227159288197], [80.67282731797962, 30.691061740451413], [80.66883934868709, 30.688104926215303], [80.66032731797962, 30.686895073784747], [80.6563393486871, 30.683938259548636], [80.63116065131297, 30.68272840711808], [80.62300601535377, 30.675604926215303], [80.61757422553171, 30.674092610677107], [80.61606157090931, 30.668660481770857], [80.61189490424265, 30.663040500217036], [80.6131050957574, 30.656160481770858], [80.61606157090931, 30.652172851562526], [80.61727176242407, 30.647827148437525], [80.62560509575741, 30.63828735351565], [80.6241877237956, 30.629939778645856], [80.61345045301653, 30.628413221571204], [80.61250000000003, 30.625000000000025], [80.60833333333336, 30.625000000000025], [80.60890062120228, 30.62278951009117], [80.61193271213111, 30.618877156575543], [80.6132029215495, 30.609262424045163], [80.62278951009117, 30.600567287868948], [80.63137715657555, 30.5994327121311], [80.63528951009117, 30.59640062120228], [80.64387715657554, 30.595266045464435], [80.64778951009117, 30.592233954535615], [80.65744594997832, 30.59095831976999], [80.65890062120228, 30.58528951009117], [80.6619327121311, 30.581377156575545], [80.66306728786896, 30.576956176757836], [80.66609937879777, 30.573043823242212], [80.6666666666667, 30.55416666666669], [80.66609937879777, 30.551956176757834], [80.66306728786896, 30.54804382324221], [80.6619327121311, 30.539456176757835], [80.65890062120228, 30.53554382324221], [80.6573655870226, 30.529562717013913], [80.65221048990888, 30.525567287868945], [80.64622921413849, 30.52403225368926], [80.64223395453561, 30.518877156575545], [80.64095815022789, 30.50922071668839], [80.63750000000003, 30.508333333333358], [80.63785417344837, 30.497548421223982], [80.6475755479601, 30.48785332573787], [80.65659111870663, 30.487146674262174], [80.66424221462677, 30.479519992404537], [80.66912350124785, 30.478808593750024], [80.67535332573787, 30.47254774305558], [80.67464667426218, 30.468408881293424], [80.66701999240455, 30.460757785373286], [80.6666666666667, 30.441666666666688], [80.66250000000002, 30.441666666666688], [80.66007554796009, 30.442019992404536], [80.65659111870663, 30.44548000759551], [80.6475755479601, 30.446186659071202], [80.64409111870663, 30.449646674262176], [80.63924221462676, 30.45035332573787], [80.62742445203996, 30.462146674262176], [80.61424221462676, 30.46285332573787], [80.60659111870662, 30.47048000759551], [80.58995378282337, 30.471186659071204], [80.58575778537329, 30.467019992404538], [80.5725755479601, 30.466313340928842], [80.56492445203996, 30.458686659071205], [80.5600755479601, 30.45798000759551], [80.55242445203996, 30.45035332573787], [80.5416666666667, 30.450000000000024], [80.54100545247398, 30.45743374294707], [80.53528951009118, 30.45890062120228], [80.53013441297746, 30.462896050347243], [80.52831573486331, 30.469982571072073], [80.52278951009117, 30.471400621202278], [80.51887715657554, 30.474432712131097], [80.51445617675783, 30.475567287868948], [80.50930107964412, 30.479562717013913], [80.50748240152997, 30.48664923773874], [80.50195617675784, 30.488067287868947], [80.49804382324221, 30.491099378797767], [80.49583333333337, 30.49166666666669], [80.49340888129343, 30.49131334092884], [80.48958333333336, 30.487514580620683], [80.4857577853733, 30.49131334092884], [80.47674221462677, 30.492019992404536], [80.47325778537329, 30.49548000759551], [80.46250000000002, 30.495833333333355], [80.46028951009117, 30.49640062120228], [80.45637715657554, 30.4994327121311], [80.44778951009117, 30.500567287868947], [80.43971048990888, 30.507766045464432], [80.43528951009117, 30.50890062120228], [80.42721048990887, 30.516099378797765], [80.42278951009118, 30.517233954535612], [80.41887715657555, 30.52026604546443], [80.41445617675784, 30.52140062120228], [80.41054382324221, 30.524432712131098], [80.4075866699219, 30.525567287868945], [80.40221048990888, 30.52140062120228], [80.38675333658857, 30.52026604546443], [80.38137715657555, 30.524432712131098], [80.37278951009117, 30.525567287868945], [80.36887715657555, 30.528599378797765], [80.36592000325524, 30.529733954535615], [80.36054382324221, 30.525567287868945], [80.35088738335506, 30.524291653103322], [80.35000000000002, 30.520833333333357], [80.34668426513674, 30.52168409559464], [80.34526604546443, 30.527210489908878], [80.32140062120229, 30.551956176757834], [80.32083333333335, 30.562500000000025], [80.31840888129342, 30.56285332573787], [80.31075778537328, 30.57048000759551], [80.30245378282338, 30.571186659071202], [80.2982577853733, 30.56701999240454], [80.28578711615671, 30.566313340928843], [80.28125000000003, 30.570818752712697], [80.27742445203995, 30.56701999240454], [80.27328711615671, 30.566313340928843], [80.26909111870663, 30.57048000759551], [80.25833333333335, 30.570833333333358], [80.25416666666669, 30.570833333333358], [80.25174221462676, 30.571186659071202], [80.24409111870662, 30.578813340928843], [80.24166666666669, 30.57916666666669], [80.23924221462676, 30.57951999240454], [80.2357577853733, 30.58298000759551], [80.22674221462675, 30.583686659071205], [80.22325778537329, 30.587146674262176], [80.2166666666667, 30.587500000000023], [80.21631334092885, 30.614924452039954], [80.21285332573787, 30.618408881293426], [80.21214667426217, 30.62671305338544], [80.21631334092885, 30.630908881293426], [80.21701999240454, 30.635757785373286], [80.22048000759551, 30.639242214626762], [80.22118665907121, 30.643381076388913], [80.21495683458119, 30.64964192708336], [80.21007554796009, 30.65035332573787], [80.19825778537329, 30.66214667426218], [80.19583333333335, 30.662500000000023], [80.19640062120229, 30.664710489908877], [80.1994327121311, 30.668622843424505], [80.20056728786895, 30.681377156575547], [80.20516442192928, 30.686889648437525], [80.23242170545792, 30.688114081488738], [80.23333333333336, 30.69166666666669], [80.23333333333336, 30.695833333333358], [80.23368665907121, 30.706591118706623], [80.24964667426218, 30.722575547960094], [80.25035332573788, 30.74338243272572], [80.24201999240454, 30.75174221462676], [80.24166666666669, 30.75416666666669], [80.24077029758033, 30.757659573025197], [80.22842000325524, 30.758900621202283], [80.22304382324221, 30.754733954535617], [80.2137149386936, 30.753599378797766], [80.2119327121311, 30.760543823242212], [80.20473395453561, 30.768622843424502], [80.20359937879776, 30.777210489908878], [80.19640062120229, 30.78528951009117], [80.19498240152997, 30.790815904405406], [80.18945617675783, 30.792233954535615], [80.18430107964411, 30.796229383680583], [80.18276604546443, 30.80221048990888], [80.17877078586157, 30.807365587022595], [80.17500000000003, 30.80833333333336], [80.15498080783422, 30.80767652723527], [80.15339847140844, 30.79680514865454], [80.14783986409508, 30.795215861002628], [80.13966013590498, 30.788117472330754], [80.13117319742841, 30.786882527669295], [80.12207573784724, 30.778987969292558], [80.12083333333335, 30.78333333333336], [80.11339959038631, 30.783994547526067], [80.11164906819664, 30.790815904405406], [80.1061228434245, 30.792233954535615], [80.10221048990887, 30.795266045464434], [80.08750000000002, 30.79583333333336], [80.0869327121311, 30.80221048990888], [80.07556728786895, 30.814456176757837], [80.0744327121311, 30.818877156575546], [80.05261264377172, 30.84160800509985], [80.04804382324221, 30.83806728786895], [80.04067857530384, 30.8369327121311], [80.02590348985463, 30.85064561631947], [80.02414906819664, 30.857482571072076], [80.0186228434245, 30.85890062120228], [80.01054382324222, 30.86609937879777], [80.00195617675783, 30.867233954535617], [79.99680107964411, 30.871229383680582], [79.99583333333335, 30.875000000000025], [79.99340888129342, 30.875353325737873], [79.98992445203996, 30.878813340928843], [79.97674221462675, 30.87951999240454], [79.97325778537329, 30.882980007595513], [79.96840888129343, 30.883686659071206], [79.96458333333335, 30.887485419379367], [79.96075778537329, 30.883686659071206], [79.94757554796008, 30.882980007595513], [79.94409111870662, 30.87951999240454], [79.92916666666669, 30.87916666666669], [79.92852376302088, 30.88963487413197], [79.9214762369792, 30.89786512586808], [79.92019042968754, 30.90213487413197], [79.91314290364588, 30.910365125868083], [79.91153564453128, 30.915702311197943], [79.90619845920142, 30.917309570312526], [79.90213487413199, 30.920190429687526], [79.88821987575959, 30.92160983615454], [79.8868570963542, 30.94380154079864], [79.88397623697921, 30.94786512586808], [79.88269042968754, 30.960468207465304], [79.87485012478302, 30.969623819987007], [79.86869845920143, 30.971476236979193], [79.86463487413198, 30.974357096354193], [79.85384487575959, 30.97564290364586], [79.84796820746531, 30.971476236979193], [79.83717820909291, 30.970190429687527], [79.83130154079865, 30.974357096354193], [79.81453179253477, 30.97564290364586], [79.80625474717885, 30.98273044162329], [79.80213487413198, 30.979809570312526], [79.7972812228733, 30.97852376302086], [79.79479539659292, 30.986781141493083], [79.77703179253476, 30.98814290364586], [79.76046820746531, 31.00352376302086], [79.7541666666667, 31.004166666666695], [79.75195617675784, 31.00359937879777], [79.74680107964413, 30.999603949652805], [79.74526604546445, 30.993622843424507], [79.73650614420576, 30.98396504720055], [79.71757236056861, 30.982695515950546], [79.7166666666667, 30.979166666666693], [79.7100755479601, 30.978813340928845], [79.70242445203996, 30.971186659071208], [79.70000000000003, 30.97083333333336], [79.6975755479601, 30.971186659071208], [79.6857577853733, 30.98298000759551], [79.6791666666667, 30.98333333333336], [79.67695617675784, 30.983900621202284], [79.67291666666671, 30.987031385633706], [79.66887715657556, 30.983900621202284], [79.66335076226132, 30.982482571072076], [79.66193271213112, 30.976956176757838], [79.65890062120229, 30.973043823242215], [79.65762498643667, 30.963387383355062], [79.65195617675785, 30.9619327121311], [79.64804382324222, 30.958900621202282], [79.63945617675785, 30.957766045464435], [79.63554382324222, 30.954733954535616], [79.62083333333337, 30.954166666666694], [79.61840888129343, 30.953813340928846], [79.60659111870663, 30.94201999240454], [79.6041666666667, 30.94166666666669], [79.5975755479601, 30.94201999240454], [79.58992445203997, 30.94964667426218], [79.5725755479601, 30.950353325737872], [79.56492445203996, 30.957980007595513], [79.55590888129343, 30.95868665907121], [79.54618801540802, 30.968381076388916], [79.54548000759551, 30.981591118706625], [79.53995463053388, 30.98714430067277], [79.53090888129344, 30.987853325737873], [79.52119106716583, 30.99754503038197], [79.52083333333337, 31.00000000000003], [79.52048000759552, 31.006591118706623], [79.50868665907122, 31.01840888129343], [79.50798000759552, 31.026713053385443], [79.51214667426218, 31.03090888129343], [79.51250000000003, 31.03333333333336], [79.5041666666667, 31.03333333333336], [79.49583333333337, 31.03333333333336], [79.48507554796011, 31.033686659071208], [79.48159111870663, 31.03714667426218], [79.47328694661462, 31.037853325737874], [79.46909111870663, 31.033686659071208], [79.4475755479601, 31.032980007595512], [79.44409111870664, 31.02951999240454], [79.43924221462677, 31.028813340928846], [79.4357577853733, 31.025353325737875], [79.43333333333337, 31.025000000000027], [79.43298000759552, 31.044091118706625], [79.42535332573789, 31.051742214626763], [79.42464667426219, 31.056591118706624], [79.42118665907121, 31.060075547960096], [79.42048000759551, 31.064924452039957], [79.41285332573788, 31.072575547960096], [79.41250000000004, 31.075000000000028], [79.41285332573788, 31.081591118706626], [79.41631334092885, 31.0850755479601], [79.41701999240455, 31.10588107638892], [79.41079033745663, 31.11214192708336], [79.40833333333336, 31.11250000000003], [79.40612284342451, 31.11306728786895], [79.40221048990888, 31.11609937879777], [79.39255405002173, 31.117375013563397], [79.3916666666667, 31.120833333333362], [79.38750000000003, 31.120833333333362], [79.38664923773875, 31.11751742892798], [79.38333333333337, 31.116666666666696], [79.3725755479601, 31.117019992404543], [79.36492445203996, 31.12464667426218], [79.3475755479601, 31.125353325737876], [79.33992445203997, 31.132980007595513], [79.33090888129344, 31.13368665907121], [79.32742445203996, 31.13714667426218], [79.3225755479601, 31.137853325737876], [79.31492445203996, 31.145480007595513], [79.31250000000003, 31.14583333333336], [79.31250000000003, 31.150000000000027], [79.31193271213111, 31.156377156575548], [79.30890062120228, 31.160289510091175], [79.30776604546445, 31.18137715657555], [79.30473395453562, 31.185289510091174], [79.30359937879777, 31.210543823242215], [79.30056728786896, 31.214456176757842], [79.29943271213111, 31.218877156575548], [79.28806728786896, 31.231122843424508], [79.2869327121311, 31.235543823242217], [79.28183763292104, 31.24165344238284], [79.27721048990888, 31.23806728786895], [79.27008666992191, 31.236932712131104], [79.2647104899089, 31.24109937879777], [79.26028951009118, 31.24223395453562], [79.25637715657555, 31.24526604546444], [79.25195617675784, 31.246400621202284], [79.23971048990889, 31.25776604546444], [79.23418409559466, 31.259184265136746], [79.23333333333336, 31.262500000000028], [79.2339006212023, 31.264710489908882], [79.23789605034726, 31.269865587022597], [79.24498257107209, 31.27168426513675], [79.24640062120228, 31.27721048990888], [79.24943271213111, 31.28112284342451], [79.25000000000003, 31.291666666666696], [79.24907362196184, 31.29490695529517], [79.24367302788632, 31.29645097520619], [79.23966030544707, 31.2993823581272], [79.23533969455298, 31.300617641872858], [79.23032531738285, 31.304280598958364], [79.22854919433597, 31.31049346923831], [79.22561747233075, 31.314506530761747], [79.2243825276693, 31.321569993760882], [79.23271586100263, 31.331173197428416], [79.2339508056641, 31.33419460720489], [79.21163601345489, 31.357659573025202], [79.18533969455298, 31.35895097520619], [79.18132697211375, 31.3618823581272], [79.17158677842885, 31.363299899631105], [79.17021586100263, 31.37546912299265], [79.17438252766931, 31.381173197428417], [79.17561747233076, 31.392135789659317], [79.1714508056641, 31.397839864095083], [79.17083333333336, 31.40000000000003], [79.16424221462677, 31.40035332573788], [79.15452440049916, 31.410044860839875], [79.15381334092885, 31.414924452039962], [79.14829033745663, 31.420475260416698], [79.14583333333337, 31.420833333333363], [79.14583333333337, 31.433333333333366], [79.14340888129344, 31.43368665907121], [79.13992445203996, 31.437146674262184], [79.12674221462677, 31.437853325737876], [79.1232577853733, 31.44131334092885], [79.11424221462677, 31.442019992404543], [79.10242445203995, 31.45381334092885], [79.09412027994794, 31.454519992404546], [79.08992445203997, 31.45035332573788], [79.085784233941, 31.449646674262183], [79.07742445203996, 31.457980007595516], [79.07500000000003, 31.458333333333364], [79.07464667426218, 31.455908881293432], [79.07118665907122, 31.45242445203996], [79.07048000759552, 31.443408881293433], [79.06701999240454, 31.43992445203996], [79.06666666666669, 31.43750000000003], [79.06630859375004, 31.43504316541887], [79.06004774305559, 31.428813340928848], [79.0475755479601, 31.429519992404543], [79.04337972005212, 31.43368665907121], [79.0350755479601, 31.432980007595518], [79.03159111870663, 31.429519992404543], [79.02671169704864, 31.428808932834233], [79.01701999240454, 31.41909111870663], [79.01631334092885, 31.389242214626766], [79.01214667426218, 31.38504621717668], [79.01285332573788, 31.368408881293433], [79.01631334092885, 31.36492445203996], [79.01701999240454, 31.3600755479601], [79.0211866590712, 31.35587955051001], [79.02047424316409, 31.35170881483293], [79.01492445203996, 31.34618665907121], [79.0100755479601, 31.345480007595516], [79.00659111870662, 31.342019992404545], [79.00416666666669, 31.341666666666697], [79.00000000000003, 31.341666666666697], [78.99943271213111, 31.34387715657555], [78.99543728298615, 31.349032253689266], [78.98835076226132, 31.350850931803414], [78.98693271213111, 31.35637715657555], [78.98293728298614, 31.361532253689266], [78.9791666666667, 31.36250000000003], [78.97695617675784, 31.361932712131107], [78.97304382324222, 31.358900621202288], [78.9700866699219, 31.35776604546444], [78.96471048990888, 31.361932712131107], [78.95612284342451, 31.363067287868954], [78.95221048990888, 31.366099378797774], [78.94704827202693, 31.36723395453562], [78.94526604546444, 31.360289510091174], [78.94223395453562, 31.35637715657555], [78.94109937879777, 31.347789510091175], [78.93390062120228, 31.339710489908885], [78.93276604546443, 31.335289510091176], [78.92973395453562, 31.33137715657555], [78.92859937879777, 31.326956176757843], [78.91723395453562, 31.314710489908883], [78.9158159044054, 31.30918426513675], [78.91028951009118, 31.30776604546444], [78.90070292154951, 31.299070739746124], [78.89929165310333, 31.288387383355065], [78.89362284342451, 31.286932712131104], [78.88971048990888, 31.283900621202285], [78.88750000000003, 31.283333333333363], [78.8869327121311, 31.285543823242218], [78.88390062120229, 31.28945617675784], [78.88276604546444, 31.29387715657555], [78.87973395453562, 31.297789510091174], [78.87831590440541, 31.30331573486331], [78.87278951009118, 31.30473395453562], [78.86763441297747, 31.308729214138484], [78.86581590440541, 31.31581573486331], [78.86250000000003, 31.316666666666695], [78.86036512586809, 31.316023932562963], [78.85498725043405, 31.312210761176246], [78.8533843994141, 31.296498786078587], [78.81666666666669, 31.295833333333363], [78.81631334092884, 31.289242214626764], [78.81251458062069, 31.285416666666695], [78.81665276421444, 31.281249321831627], [78.80868665907121, 31.273257785373293], [78.80798000759552, 31.264242214626766], [78.80035332573787, 31.256591118706627], [78.80000000000003, 31.254166666666695], [78.80085093180341, 31.250850931803413], [78.80748240152998, 31.249149068196644], [78.80930107964413, 31.242062547471818], [78.81445617675784, 31.23806728786895], [78.81887715657555, 31.236932712131104], [78.82278951009117, 31.233900621202284], [78.83137715657556, 31.232766045464437], [78.83528951009117, 31.229733954535618], [78.84223395453562, 31.22795172797312], [78.83137715657556, 31.21723395453562], [78.82539588080515, 31.21569892035593], [78.82140062120229, 31.210543823242215], [78.82026604546444, 31.20612284342451], [78.81723395453562, 31.202210489908882], [78.81666666666669, 31.200000000000028], [78.80590888129343, 31.19964667426218], [78.80242445203996, 31.19618665907121], [78.78924221462677, 31.195480007595513], [78.78159111870663, 31.187853325737876], [78.7725755479601, 31.18714667426218], [78.76909111870663, 31.18368665907121], [78.7666666666667, 31.183333333333362], [78.76450653076175, 31.18395097520619], [78.76049346923831, 31.1868823581272], [78.70617319742841, 31.188117641872857], [78.70216013590498, 31.191049024793866], [78.69783986409507, 31.192284308539524], [78.69382680257164, 31.195215691460533], [78.68950653076175, 31.19645097520619], [78.6854166666667, 31.199438476562527], [78.68132680257165, 31.19645097520619], [78.67283986409508, 31.195215691460533], [78.66882680257164, 31.192284308539524], [78.6555345323351, 31.191049024793866], [78.65354902479386, 31.19799346923831], [78.65061764187286, 31.202006530761746], [78.64919297960073, 31.21179436577694], [78.63117319742841, 31.21311764187286], [78.62716013590497, 31.216049024793865], [78.62500000000003, 31.216666666666697], [78.62414906819664, 31.219982401529975], [78.62083333333337, 31.220833333333363], [78.61339959038631, 31.22149454752607], [78.61250000000003, 31.22500000000003], [78.59778951009118, 31.224432712131104], [78.59387715657554, 31.221400621202285], [78.57695617675783, 31.220266045464438], [78.56340348985462, 31.207687547471817], [78.56158532036677, 31.200602383083798], [78.52695617675784, 31.199432712131106], [78.52304382324222, 31.196400621202287], [78.51862284342451, 31.19526604546444], [78.51471048990888, 31.19223395453562], [78.51175333658857, 31.191099378797773], [78.50637715657555, 31.19526604546444], [78.48424258761938, 31.196456909179716], [78.48276604546443, 31.202210489908882], [78.47973395453562, 31.20612284342451], [78.47859937879777, 31.210543823242215], [78.47556728786896, 31.214456176757842], [78.4744327121311, 31.218877156575548], [78.46723395453562, 31.22695617675784], [78.46581573486331, 31.23248240152998], [78.46028951009117, 31.233900621202284], [78.45637715657554, 31.236932712131104], [78.45000000000003, 31.23750000000003], [78.44964667426218, 31.239924452039958], [78.43995513916018, 31.249642266167562], [78.43750000000003, 31.25000000000003], [78.43750000000003, 31.254166666666695], [78.43090888129343, 31.253813340928847], [78.4232577853733, 31.24618665907121], [78.41840888129343, 31.245480007595514], [78.41492445203995, 31.242019992404543], [78.40833333333336, 31.241666666666696], [78.40833333333336, 31.25000000000003], [78.40798000759551, 31.25242445203996], [78.40451999240454, 31.255908881293433], [78.40381334092885, 31.260757785373293], [78.3961866590712, 31.268408881293432], [78.39583333333336, 31.270833333333364], [78.38945617675783, 31.271400621202286], [78.38008643256296, 31.279749552408884], [78.37828691270619, 31.2867613050673], [78.3700866699219, 31.28806728786895], [78.36471048990887, 31.283900621202285], [78.36028951009118, 31.282766045464438], [78.35637715657555, 31.27973395453562], [78.34925333658856, 31.27859937879777], [78.34387715657554, 31.282766045464438], [78.3387149386936, 31.283900621202285], [78.33636288113067, 31.274735344780844], [78.33137715657554, 31.27859937879777], [78.3186228434245, 31.27973395453562], [78.31471048990888, 31.282766045464438], [78.31250000000003, 31.283333333333363], [78.30590888129343, 31.283686659071208], [78.29618903266062, 31.293380228678416], [78.29548000759551, 31.301712883843344], [78.29964667426218, 31.305908881293433], [78.30000000000003, 31.32500000000003], [78.26840888129342, 31.325353325737876], [78.26492445203995, 31.32881334092885], [78.2600755479601, 31.329519992404542], [78.25659111870662, 31.332980007595516], [78.25174221462676, 31.333686659071212], [78.24825778537328, 31.337146674262183], [78.23995022243926, 31.337853325737875], [78.22742445203995, 31.325353325737876], [78.20662044949005, 31.324646674262183], [78.20242445203995, 31.32881334092885], [78.1975755479601, 31.329519992404542], [78.19409111870662, 31.332980007595516], [78.18924221462676, 31.333686659071212], [78.18575778537328, 31.337146674262183], [78.17916666666669, 31.33750000000003], [78.17674221462676, 31.337853325737875], [78.17325778537328, 31.34131334092885], [78.16840888129343, 31.342019992404545], [78.16492445203995, 31.345480007595516], [78.16007554796009, 31.34618665907121], [78.15452151828345, 31.351712883843344], [78.1541666666667, 31.358333333333363], [78.15501759847008, 31.361649068196645], [78.16164906819664, 31.363350931803414], [78.16306728786894, 31.36887715657555], [78.16609937879777, 31.372789510091174], [78.16666666666669, 31.3791666666667], [78.16631334092884, 31.381591118706627], [78.16078711615671, 31.387145148383276], [78.14757554796009, 31.38785332573788], [78.14409111870663, 31.39131334092885], [78.13924221462676, 31.392019992404542], [78.12742445203995, 31.40381334092885], [78.12083333333337, 31.404166666666697], [78.1186228434245, 31.404733954535622], [78.11471048990887, 31.40776604546444], [78.10918426513675, 31.409184265136748], [78.10776604546443, 31.414710489908884], [78.10473395453562, 31.418622843424508], [78.10416666666669, 31.420833333333363], [78.09757554796009, 31.420480007595515], [78.09375000000003, 31.416681247287357], [78.08958333333335, 31.420818752712705], [78.08575778537329, 31.417019992404544], [78.07674221462676, 31.41631334092885], [78.07325778537329, 31.412853325737878], [78.06912044949004, 31.412146674262182], [78.06492445203995, 31.41631334092885], [78.05833333333335, 31.416666666666696], [78.05748240152997, 31.413350931803414], [78.05195617675784, 31.411932712131108], [78.04804382324221, 31.408900621202285], [78.0436228434245, 31.40776604546444], [78.03971048990887, 31.404733954535622], [78.0311228434245, 31.40359937879777], [78.02574666341148, 31.399432712131105], [78.01028951009117, 31.400567287868952], [78.00637715657554, 31.40359937879777], [77.99583333333335, 31.404166666666697], [77.99493374294708, 31.400661214192738], [77.98750000000004, 31.40000000000003], [77.9725755479601, 31.40035332573788], [77.96909111870663, 31.40381334092885], [77.96666666666671, 31.404166666666697], [77.96250000000003, 31.404166666666697], [77.96193271213112, 31.401956176757842], [77.95473395453563, 31.393877156575552], [77.95345831977001, 31.384220716688397], [77.94778951009118, 31.38276604546444], [77.94387715657555, 31.37973395453562], [77.93112284342452, 31.378599378797773], [77.92721048990889, 31.375567287868954], [77.87278951009118, 31.374432712131107], [77.86471048990889, 31.36723395453562], [77.85612284342452, 31.366099378797774], [77.85221048990888, 31.363067287868954], [77.84649454752608, 31.361600409613743], [77.84526604546444, 31.347789510091175], [77.84223395453563, 31.34387715657555], [77.8416666666667, 31.341666666666697], [77.83090888129344, 31.34131334092885], [77.82742445203996, 31.337853325737875], [77.8225755479601, 31.337146674262183], [77.81909111870664, 31.333686659071212], [77.80174221462677, 31.332980007595516], [77.7982577853733, 31.329519992404542], [77.77674221462678, 31.32881334092885], [77.7732577853733, 31.325353325737876], [77.76912027994796, 31.324646674262183], [77.76492445203996, 31.32881334092885], [77.76250000000003, 31.329166666666694], [77.75833333333337, 31.329166666666694], [77.75590888129344, 31.32881334092885], [77.75242445203996, 31.325353325737876], [77.75000000000004, 31.32500000000003], [77.75000000000004, 31.304166666666696], [77.71424221462678, 31.304519992404543], [77.7107577853733, 31.307980007595514], [77.70174221462678, 31.30868665907121], [77.6982577853733, 31.31214667426218], [77.68507554796011, 31.312853325737876], [77.68125000000003, 31.316652086046037], [77.67742445203997, 31.312853325737876], [77.67500000000004, 31.31250000000003], [77.67168409559466, 31.311649068196644], [77.67026604546444, 31.306122843424507], [77.66306728786896, 31.298043823242217], [77.66193271213112, 31.28112284342451], [77.65358378092452, 31.27175309922963], [77.64778951009119, 31.27026604546444], [77.64375000000004, 31.267135450575115], [77.6397104899089, 31.27026604546444], [77.63675333658858, 31.271400621202286], [77.63013441297747, 31.266270785861575], [77.6291666666667, 31.262500000000028], [77.60174221462677, 31.262146674262183], [77.59825778537329, 31.25868665907121], [77.5916666666667, 31.25833333333336], [77.58835076226131, 31.257482401529977], [77.58664923773875, 31.250850931803413], [77.58001742892799, 31.249149068196644], [77.57916666666671, 31.245833333333362], [77.56007554796011, 31.245480007595514], [77.55659111870663, 31.242019992404543], [77.54828694661462, 31.241313340928848], [77.54409111870663, 31.245480007595514], [77.51078694661462, 31.24618665907121], [77.50659111870664, 31.242019992404543], [77.50000000000003, 31.241666666666696], [77.50000000000003, 31.245833333333362], [77.49757554796011, 31.24618665907121], [77.49409111870663, 31.24964667426218], [77.46840888129344, 31.250353325737876], [77.46492445203997, 31.253813340928847], [77.4600755479601, 31.254519992404543], [77.45659111870663, 31.257980007595513], [77.45245090060767, 31.25868665907121], [77.44409111870664, 31.250353325737876], [77.42500000000004, 31.25000000000003], [77.42464667426219, 31.247575547960096], [77.42118665907121, 31.244091118706628], [77.42048000759551, 31.239242214626763], [77.41701999240455, 31.23575778537329], [77.41630859375003, 31.2308764987522], [77.41075778537329, 31.225353325737878], [77.40590888129344, 31.224646674262182], [77.3982577853733, 31.21701999240454], [77.39583333333337, 31.216666666666697], [77.39548000759552, 31.205908881293432], [77.39201999240454, 31.20242445203996], [77.39131334092885, 31.1975755479601], [77.38334723578562, 31.189584011501765], [77.38748541937937, 31.185416666666693], [77.38368665907122, 31.181591118706624], [77.38298000759552, 31.176742214626763], [77.37951999240455, 31.17325778537329], [77.37881334092886, 31.16840888129343], [77.37501458062069, 31.16458333333336], [77.37881334092886, 31.160757785373292], [77.37951999240455, 31.15590888129343], [77.38714667426218, 31.148257785373293], [77.38785332573788, 31.143408881293432], [77.39165208604604, 31.139583333333363], [77.38785332573788, 31.135757785373293], [77.38714667426218, 31.13090888129343], [77.38368665907122, 31.127424452039957], [77.38333333333337, 31.12500000000003], [77.38248257107207, 31.121684095594645], [77.37695617675784, 31.120266045464437], [77.37157999674483, 31.11609937879777], [77.36445617675784, 31.117233954535617], [77.36054382324222, 31.120266045464437], [77.35501742892798, 31.121684095594645], [77.35327928331166, 31.128458319769994], [77.34362284342451, 31.129733954535617], [77.339054022895, 31.13327467176652], [77.31723395453562, 31.110543823242214], [77.31609937879777, 31.10195617675784], [77.30890062120228, 31.093877156575548], [77.30776604546445, 31.08945617675784], [77.30473395453562, 31.085543823242215], [77.3041666666667, 31.08333333333336], [77.28841349283857, 31.08394097222225], [77.28664923773874, 31.09081590440541], [77.28112284342451, 31.09223395453562], [77.27721048990888, 31.095266045464438], [77.2666666666667, 31.09583333333336], [77.26335076226131, 31.096684095594647], [77.26164923773875, 31.10331590440541], [77.2561228434245, 31.104733954535618], [77.25221048990889, 31.107766045464437], [77.25000000000003, 31.108333333333363], [77.24964667426218, 31.11075778537329], [77.23995225694448, 31.120478651258708], [77.23333333333336, 31.120833333333362], [77.22674221462677, 31.120480007595514], [77.21492445203997, 31.108686659071207], [77.20590888129344, 31.107980007595515], [77.20242445203996, 31.10451999240454], [77.1791666666667, 31.104166666666693], [77.17257554796011, 31.10451999240454], [77.16909111870663, 31.107980007595515], [77.16495361328128, 31.108686659071207], [77.16075778537329, 31.10451999240454], [77.14340888129344, 31.10381334092885], [77.1357577853733, 31.096186659071208], [77.13333333333337, 31.09583333333336], [77.13368665907122, 31.09340888129343], [77.13714667426218, 31.08992445203996], [77.13785332573788, 31.080908881293432], [77.14201999240454, 31.076713053385443]], [[78.18530205620662, 32.657753499348985], [78.18275349934898, 32.655324639214435], [78.19041442871097, 32.653586832682315], [78.19166666666669, 32.65833333333336], [78.18530205620662, 32.657753499348985]]], [[[81.55000000000004, 30.37500000000002], [81.55473395453562, 30.373785061306446], [81.55117492675785, 30.37042202419707], [81.55000000000004, 30.37500000000002]]]]}, "properties": {"kind": "catchment", "name": "Bhakra", "outlet": 4080726490, "area_km2": 52765.0, "n_subbasins": 59, "source": "HydroBASINS v1c Asia level 8 (Lehner & Grill 2013), hybas_as_lev08_v1c.zip, sha256 878c56bb4253a7c8...; upstream set of the sub-basin containing the dam"}}, {"type": "Feature", "geometry": {"type": "Point", "coordinates": [81.5, 30.25]}, "properties": {"kind": "grid_point", "weight_km2": 0.108, "weight_imd_km2": 0.0}}, {"type": "Feature", "geometry": {"type": "Point", "coordinates": [81.75, 30.25]}, "properties": {"kind": "grid_point", "weight_km2": 0.427, "weight_imd_km2": 0.0}}, {"type": "Feature", "geometry": {"type": "Point", "coordinates": [82.0, 30.25]}, "properties": {"kind": "grid_point", "weight_km2": 45.083, "weight_imd_km2": 0.0}}, {"type": "Feature", "geometry": {"type": "Point", "coordinates": [80.25, 30.5]}, "properties": {"kind": "grid_point", "weight_km2": 111.556, "weight_imd_km2": 111.556}}, {"type": "Feature", "geometry": {"type": "Point", "coordinates": [80.5, 30.5]}, "properties": {"kind": "grid_point", "weight_km2": 363.985, "weight_imd_km2": 363.985}}, {"type": "Feature", "geometry": {"type": "Point", "coordinates": [80.75, 30.5]}, "properties": {"kind": "grid_point", "weight_km2": 51.654, "weight_imd_km2": 51.654}}, {"type": "Feature", "geometry": {"type": "Point", "coordinates": [81.0, 30.5]}, "properties": {"kind": "grid_point", "weight_km2": 55.528, "weight_imd_km2": 0.0}}, {"type": "Feature", "geometry": {"type": "Point", "coordinates": [81.25, 30.5]}, "properties": {"kind": "grid_point", "weight_km2": 233.032, "weight_imd_km2": 0.0}}, {"type": "Feature", "geometry": {"type": "Point", "coordinates": [81.5, 30.5]}, "properties": {"kind": "grid_point", "weight_km2": 580.932, "weight_imd_km2": 0.0}}, {"type": "Feature", "geometry": {"type": "Point", "coordinates": [81.75, 30.5]}, "properties": {"kind": "grid_point", "weight_km2": 592.418, "weight_imd_km2": 0.0}}, {"type": "Feature", "geometry": {"type": "Point", "coordinates": [82.0, 30.5]}, "properties": {"kind": "grid_point", "weight_km2": 485.734, "weight_imd_km2": 0.0}}, {"type": "Feature", "geometry": {"type": "Point", "coordinates": [82.25, 30.5]}, "properties": {"kind": "grid_point", "weight_km2": 246.545, "weight_imd_km2": 0.0}}, {"type": "Feature", "geometry": {"type": "Point", "coordinates": [82.5, 30.5]}, "properties": {"kind": "grid_point", "weight_km2": 52.393, "weight_imd_km2": 0.0}}, {"type": "Feature", "geometry": {"type": "Point", "coordinates": [80.0, 30.75]}, "properties": {"kind": "grid_point", "weight_km2": 66.291, "weight_imd_km2": 66.291}}, {"type": "Feature", "geometry": {"type": "Point", "coordinates": [80.25, 30.75]}, "properties": {"kind": "grid_point", "weight_km2": 488.728, "weight_imd_km2": 488.728}}, {"type": "Feature", "geometry": {"type": "Point", "coordinates": [80.5, 30.75]}, "properties": {"kind": "grid_point", "weight_km2": 659.611, "weight_imd_km2": 0.0}}, {"type": "Feature", "geometry": {"type": "Point", "coordinates": [80.75, 30.75]}, "properties": {"kind": "grid_point", "weight_km2": 536.868, "weight_imd_km2": 0.0}}, {"type": "Feature", "geometry": {"type": "Point", "coordinates": [81.0, 30.75]}, "properties": {"kind": "grid_point", "weight_km2": 658.456, "weight_imd_km2": 0.0}}, {"type": "Feature", "geometry": {"type": "Point", "coordinates": [81.25, 30.75]}, "properties": {"kind": "grid_point", "weight_km2": 663.476, "weight_imd_km2": 0.0}}, {"type": "Feature", "geometry": {"type": "Point", "coordinates": [81.5, 30.75]}, "properties": {"kind": "grid_point", "weight_km2": 663.476, "weight_imd_km2": 0.0}}, {"type": "Feature", "geometry": {"type": "Point", "coordinates": [81.75, 30.75]}, "properties": {"kind": "grid_point", "weight_km2": 663.476, "weight_imd_km2": 0.0}}, {"type": "Feature", "geometry": {"type": "Point", "coordinates": [82.0, 30.75]}, "properties": {"kind": "grid_point", "weight_km2": 618.357, "weight_imd_km2": 0.0}}, {"type": "Feature", "geometry": {"type": "Point", "coordinates": [82.25, 30.75]}, "properties": {"kind": "grid_point", "weight_km2": 383.754, "weight_imd_km2": 0.0}}, {"type": "Feature", "geometry": {"type": "Point", "coordinates": [82.5, 30.75]}, "properties": {"kind": "grid_point", "weight_km2": 17.197, "weight_imd_km2": 0.0}}, {"type": "Feature", "geometry": {"type": "Point", "coordinates": [76.75, 31.0]}, "properties": {"kind": "grid_point", "weight_km2": 59.415, "weight_imd_km2": 59.415}}, {"type": "Feature", "geometry": {"type": "Point", "coordinates": [77.0, 31.0]}, "properties": {"kind": "grid_point", "weight_km2": 458.875, "weight_imd_km2": 458.875}}, {"type": "Feature", "geometry": {"type": "Point", "coordinates": [77.25, 31.0]}, "properties": {"kind": "grid_point", "weight_km2": 55.32, "weight_imd_km2": 55.32}}, {"type": "Feature", "geometry": {"type": "Point", "coordinates": [77.5, 31.0]}, "properties": {"kind": "grid_point", "weight_km2": 0.364, "weight_imd_km2": 0.364}}, {"type": "Feature", "geometry": {"type": "Point", "coordinates": [79.25, 31.0]}, "properties": {"kind": "grid_point", "weight_km2": 0.559, "weight_imd_km2": 0.559}}, {"type": "Feature", "geometry": {"type": "Point", "coordinates": [79.5, 31.0]}, "properties": {"kind": "grid_point", "weight_km2": 285.887, "weight_imd_km2": 285.887}}, {"type": "Feature", "geometry": {"type": "Point", "coordinates": [79.75, 31.0]}, "properties": {"kind": "grid_point", "weight_km2": 387.093, "weight_imd_km2": 387.093}}, {"type": "Feature", "geometry": {"type": "Point", "coordinates": [80.0, 31.0]}, "properties": {"kind": "grid_point", "weight_km2": 630.412, "weight_imd_km2": 630.412}}, {"type": "Feature", "geometry": {"type": "Point", "coordinates": [80.25, 31.0]}, "properties": {"kind": "grid_point", "weight_km2": 661.781, "weight_imd_km2": 0.0}}, {"type": "Feature", "geometry": {"type": "Point", "coordinates": [80.5, 31.0]}, "properties": {"kind": "grid_point", "weight_km2": 661.781, "weight_imd_km2": 0.0}}, {"type": "Feature", "geometry": {"type": "Point", "coordinates": [80.75, 31.0]}, "properties": {"kind": "grid_point", "weight_km2": 661.781, "weight_imd_km2": 0.0}}, {"type": "Feature", "geometry": {"type": "Point", "coordinates": [81.0, 31.0]}, "properties": {"kind": "grid_point", "weight_km2": 661.781, "weight_imd_km2": 0.0}}, {"type": "Feature", "geometry": {"type": "Point", "coordinates": [81.25, 31.0]}, "properties": {"kind": "grid_point", "weight_km2": 661.781, "weight_imd_km2": 0.0}}, {"type": "Feature", "geometry": {"type": "Point", "coordinates": [81.5, 31.0]}, "properties": {"kind": "grid_point", "weight_km2": 645.615, "weight_imd_km2": 0.0}}, {"type": "Feature", "geometry": {"type": "Point", "coordinates": [81.75, 31.0]}, "properties": {"kind": "grid_point", "weight_km2": 430.053, "weight_imd_km2": 0.0}}, {"type": "Feature", "geometry": {"type": "Point", "coordinates": [82.0, 31.0]}, "properties": {"kind": "grid_point", "weight_km2": 60.94, "weight_imd_km2": 0.0}}, {"type": "Feature", "geometry": {"type": "Point", "coordinates": [76.25, 31.25]}, "properties": {"kind": "grid_point", "weight_km2": 6.43, "weight_imd_km2": 6.43}}, {"type": "Feature", "geometry": {"type": "Point", "coordinates": [76.5, 31.25]}, "properties": {"kind": "grid_point", "weight_km2": 209.862, "weight_imd_km2": 209.862}}, {"type": "Feature", "geometry": {"type": "Point", "coordinates": [76.75, 31.25]}, "properties": {"kind": "grid_point", "weight_km2": 508.442, "weight_imd_km2": 508.442}}, {"type": "Feature", "geometry": {"type": "Point", "coordinates": [77.0, 31.25]}, "properties": {"kind": "grid_point", "weight_km2": 660.074, "weight_imd_km2": 660.074}}, {"type": "Feature", "geometry": {"type": "Point", "coordinates": [77.25, 31.25]}, "properties": {"kind": "grid_point", "weight_km2": 659.025, "weight_imd_km2": 659.025}}, {"type": "Feature", "geometry": {"type": "Point", "coordinates": [77.5, 31.25]}, "properties": {"kind": "grid_point", "weight_km2": 353.605, "weight_imd_km2": 353.605}}, {"type": "Feature", "geometry": {"type": "Point", "coordinates": [77.75, 31.25]}, "properties": {"kind": "grid_point", "weight_km2": 149.067, "weight_imd_km2": 149.067}}, {"type": "Feature", "geometry": {"type": "Point", "coordinates": [78.0, 31.25]}, "properties": {"kind": "grid_point", "weight_km2": 0.069, "weight_imd_km2": 0.069}}, {"type": "Feature", "geometry": {"type": "Point", "coordinates": [78.25, 31.25]}, "properties": {"kind": "grid_point", "weight_km2": 139.381, "weight_imd_km2": 139.381}}, {"type": "Feature", "geometry": {"type": "Point", "coordinates": [78.5, 31.25]}, "properties": {"kind": "grid_point", "weight_km2": 396.212, "weight_imd_km2": 396.212}}, {"type": "Feature", "geometry": {"type": "Point", "coordinates": [78.75, 31.25]}, "properties": {"kind": "grid_point", "weight_km2": 410.879, "weight_imd_km2": 410.879}}, {"type": "Feature", "geometry": {"type": "Point", "coordinates": [79.0, 31.25]}, "properties": {"kind": "grid_point", "weight_km2": 61.602, "weight_imd_km2": 61.602}}, {"type": "Feature", "geometry": {"type": "Point", "coordinates": [79.25, 31.25]}, "properties": {"kind": "grid_point", "weight_km2": 290.451, "weight_imd_km2": 290.451}}, {"type": "Feature", "geometry": {"type": "Point", "coordinates": [79.5, 31.25]}, "properties": {"kind": "grid_point", "weight_km2": 660.074, "weight_imd_km2": 660.074}}, {"type": "Feature", "geometry": {"type": "Point", "coordinates": [79.75, 31.25]}, "properties": {"kind": "grid_point", "weight_km2": 660.074, "weight_imd_km2": 0.0}}, {"type": "Feature", "geometry": {"type": "Point", "coordinates": [80.0, 31.25]}, "properties": {"kind": "grid_point", "weight_km2": 660.074, "weight_imd_km2": 0.0}}, {"type": "Feature", "geometry": {"type": "Point", "coordinates": [80.25, 31.25]}, "properties": {"kind": "grid_point", "weight_km2": 613.118, "weight_imd_km2": 0.0}}, {"type": "Feature", "geometry": {"type": "Point", "coordinates": [80.5, 31.25]}, "properties": {"kind": "grid_point", "weight_km2": 616.921, "weight_imd_km2": 0.0}}, {"type": "Feature", "geometry": {"type": "Point", "coordinates": [80.75, 31.25]}, "properties": {"kind": "grid_point", "weight_km2": 552.895, "weight_imd_km2": 0.0}}, {"type": "Feature", "geometry": {"type": "Point", "coordinates": [81.0, 31.25]}, "properties": {"kind": "grid_point", "weight_km2": 557.42, "weight_imd_km2": 0.0}}, {"type": "Feature", "geometry": {"type": "Point", "coordinates": [81.25, 31.25]}, "properties": {"kind": "grid_point", "weight_km2": 163.895, "weight_imd_km2": 0.0}}, {"type": "Feature", "geometry": {"type": "Point", "coordinates": [81.5, 31.25]}, "properties": {"kind": "grid_point", "weight_km2": 47.218, "weight_imd_km2": 0.0}}, {"type": "Feature", "geometry": {"type": "Point", "coordinates": [76.25, 31.5]}, "properties": {"kind": "grid_point", "weight_km2": 61.63, "weight_imd_km2": 61.63}}, {"type": "Feature", "geometry": {"type": "Point", "coordinates": [76.5, 31.5]}, "properties": {"kind": "grid_point", "weight_km2": 522.369, "weight_imd_km2": 522.369}}, {"type": "Feature", "geometry": {"type": "Point", "coordinates": [76.75, 31.5]}, "properties": {"kind": "grid_point", "weight_km2": 591.308, "weight_imd_km2": 591.308}}, {"type": "Feature", "geometry": {"type": "Point", "coordinates": [77.0, 31.5]}, "properties": {"kind": "grid_point", "weight_km2": 249.951, "weight_imd_km2": 249.951}}, {"type": "Feature", "geometry": {"type": "Point", "coordinates": [77.25, 31.5]}, "properties": {"kind": "grid_point", "weight_km2": 324.113, "weight_imd_km2": 324.113}}, {"type": "Feature", "geometry": {"type": "Point", "coordinates": [77.5, 31.5]}, "properties": {"kind": "grid_point", "weight_km2": 532.392, "weight_imd_km2": 532.392}}, {"type": "Feature", "geometry": {"type": "Point", "coordinates": [77.75, 31.5]}, "properties": {"kind": "grid_point", "weight_km2": 658.354, "weight_imd_km2": 658.354}}, {"type": "Feature", "geometry": {"type": "Point", "coordinates": [78.0, 31.5]}, "properties": {"kind": "grid_point", "weight_km2": 598.585, "weight_imd_km2": 598.585}}, {"type": "Feature", "geometry": {"type": "Point", "coordinates": [78.25, 31.5]}, "properties": {"kind": "grid_point", "weight_km2": 651.117, "weight_imd_km2": 651.117}}, {"type": "Feature", "geometry": {"type": "Point", "coordinates": [78.5, 31.5]}, "properties": {"kind": "grid_point", "weight_km2": 658.354, "weight_imd_km2": 658.354}}, {"type": "Feature", "geometry": {"type": "Point", "coordinates": [78.75, 31.5]}, "properties": {"kind": "grid_point", "weight_km2": 658.354, "weight_imd_km2": 658.354}}, {"type": "Feature", "geometry": {"type": "Point", "coordinates": [79.0, 31.5]}, "properties": {"kind": "grid_point", "weight_km2": 583.4, "weight_imd_km2": 583.4}}, {"type": "Feature", "geometry": {"type": "Point", "coordinates": [79.25, 31.5]}, "properties": {"kind": "grid_point", "weight_km2": 635.297, "weight_imd_km2": 0.0}}, {"type": "Feature", "geometry": {"type": "Point", "coordinates": [79.5, 31.5]}, "properties": {"kind": "grid_point", "weight_km2": 658.354, "weight_imd_km2": 0.0}}, {"type": "Feature", "geometry": {"type": "Point", "coordinates": [79.75, 31.5]}, "properties": {"kind": "grid_point", "weight_km2": 658.354, "weight_imd_km2": 0.0}}, {"type": "Feature", "geometry": {"type": "Point", "coordinates": [80.0, 31.5]}, "properties": {"kind": "grid_point", "weight_km2": 623.766, "weight_imd_km2": 0.0}}, {"type": "Feature", "geometry": {"type": "Point", "coordinates": [80.25, 31.5]}, "properties": {"kind": "grid_point", "weight_km2": 114.922, "weight_imd_km2": 0.0}}, {"type": "Feature", "geometry": {"type": "Point", "coordinates": [80.5, 31.5]}, "properties": {"kind": "grid_point", "weight_km2": 5.982, "weight_imd_km2": 0.0}}, {"type": "Feature", "geometry": {"type": "Point", "coordinates": [80.75, 31.5]}, "properties": {"kind": "grid_point", "weight_km2": 9.854, "weight_imd_km2": 0.0}}, {"type": "Feature", "geometry": {"type": "Point", "coordinates": [81.0, 31.5]}, "properties": {"kind": "grid_point", "weight_km2": 1.921, "weight_imd_km2": 0.0}}, {"type": "Feature", "geometry": {"type": "Point", "coordinates": [76.25, 31.75]}, "properties": {"kind": "grid_point", "weight_km2": 51.943, "weight_imd_km2": 51.943}}, {"type": "Feature", "geometry": {"type": "Point", "coordinates": [76.5, 31.75]}, "properties": {"kind": "grid_point", "weight_km2": 0.2, "weight_imd_km2": 0.2}}, {"type": "Feature", "geometry": {"type": "Point", "coordinates": [76.75, 31.75]}, "properties": {"kind": "grid_point", "weight_km2": 99.285, "weight_imd_km2": 99.285}}, {"type": "Feature", "geometry": {"type": "Point", "coordinates": [77.5, 31.75]}, "properties": {"kind": "grid_point", "weight_km2": 9.868, "weight_imd_km2": 9.868}}, {"type": "Feature", "geometry": {"type": "Point", "coordinates": [77.75, 31.75]}, "properties": {"kind": "grid_point", "weight_km2": 294.229, "weight_imd_km2": 294.229}}, {"type": "Feature", "geometry": {"type": "Point", "coordinates": [78.0, 31.75]}, "properties": {"kind": "grid_point", "weight_km2": 656.622, "weight_imd_km2": 656.622}}, {"type": "Feature", "geometry": {"type": "Point", "coordinates": [78.25, 31.75]}, "properties": {"kind": "grid_point", "weight_km2": 656.622, "weight_imd_km2": 656.622}}, {"type": "Feature", "geometry": {"type": "Point", "coordinates": [78.5, 31.75]}, "properties": {"kind": "grid_point", "weight_km2": 656.622, "weight_imd_km2": 656.622}}, {"type": "Feature", "geometry": {"type": "Point", "coordinates": [78.75, 31.75]}, "properties": {"kind": "grid_point", "weight_km2": 656.622, "weight_imd_km2": 656.622}}, {"type": "Feature", "geometry": {"type": "Point", "coordinates": [79.0, 31.75]}, "properties": {"kind": "grid_point", "weight_km2": 656.622, "weight_imd_km2": 0.0}}, {"type": "Feature", "geometry": {"type": "Point", "coordinates": [79.25, 31.75]}, "properties": {"kind": "grid_point", "weight_km2": 656.622, "weight_imd_km2": 0.0}}, {"type": "Feature", "geometry": {"type": "Point", "coordinates": [79.5, 31.75]}, "properties": {"kind": "grid_point", "weight_km2": 656.622, "weight_imd_km2": 0.0}}, {"type": "Feature", "geometry": {"type": "Point", "coordinates": [79.75, 31.75]}, "properties": {"kind": "grid_point", "weight_km2": 656.622, "weight_imd_km2": 0.0}}, {"type": "Feature", "geometry": {"type": "Point", "coordinates": [80.0, 31.75]}, "properties": {"kind": "grid_point", "weight_km2": 202.156, "weight_imd_km2": 0.0}}, {"type": "Feature", "geometry": {"type": "Point", "coordinates": [77.75, 32.0]}, "properties": {"kind": "grid_point", "weight_km2": 235.764, "weight_imd_km2": 235.764}}, {"type": "Feature", "geometry": {"type": "Point", "coordinates": [78.0, 32.0]}, "properties": {"kind": "grid_point", "weight_km2": 654.877, "weight_imd_km2": 654.877}}, {"type": "Feature", "geometry": {"type": "Point", "coordinates": [78.25, 32.0]}, "properties": {"kind": "grid_point", "weight_km2": 654.877, "weight_imd_km2": 654.877}}, {"type": "Feature", "geometry": {"type": "Point", "coordinates": [78.5, 32.0]}, "properties": {"kind": "grid_point", "weight_km2": 654.877, "weight_imd_km2": 654.877}}, {"type": "Feature", "geometry": {"type": "Point", "coordinates": [78.75, 32.0]}, "properties": {"kind": "grid_point", "weight_km2": 654.877, "weight_imd_km2": 654.877}}, {"type": "Feature", "geometry": {"type": "Point", "coordinates": [79.0, 32.0]}, "properties": {"kind": "grid_point", "weight_km2": 654.877, "weight_imd_km2": 0.0}}, {"type": "Feature", "geometry": {"type": "Point", "coordinates": [79.25, 32.0]}, "properties": {"kind": "grid_point", "weight_km2": 654.877, "weight_imd_km2": 0.0}}, {"type": "Feature", "geometry": {"type": "Point", "coordinates": [79.5, 32.0]}, "properties": {"kind": "grid_point", "weight_km2": 654.877, "weight_imd_km2": 0.0}}, {"type": "Feature", "geometry": {"type": "Point", "coordinates": [79.75, 32.0]}, "properties": {"kind": "grid_point", "weight_km2": 590.397, "weight_imd_km2": 0.0}}, {"type": "Feature", "geometry": {"type": "Point", "coordinates": [80.0, 32.0]}, "properties": {"kind": "grid_point", "weight_km2": 46.376, "weight_imd_km2": 0.0}}, {"type": "Feature", "geometry": {"type": "Point", "coordinates": [77.75, 32.25]}, "properties": {"kind": "grid_point", "weight_km2": 339.523, "weight_imd_km2": 339.523}}, {"type": "Feature", "geometry": {"type": "Point", "coordinates": [78.0, 32.25]}, "properties": {"kind": "grid_point", "weight_km2": 653.12, "weight_imd_km2": 653.12}}, {"type": "Feature", "geometry": {"type": "Point", "coordinates": [78.25, 32.25]}, "properties": {"kind": "grid_point", "weight_km2": 653.12, "weight_imd_km2": 653.12}}, {"type": "Feature", "geometry": {"type": "Point", "coordinates": [78.5, 32.25]}, "properties": {"kind": "grid_point", "weight_km2": 653.12, "weight_imd_km2": 653.12}}, {"type": "Feature", "geometry": {"type": "Point", "coordinates": [78.75, 32.25]}, "properties": {"kind": "grid_point", "weight_km2": 653.12, "weight_imd_km2": 0.0}}, {"type": "Feature", "geometry": {"type": "Point", "coordinates": [79.0, 32.25]}, "properties": {"kind": "grid_point", "weight_km2": 633.08, "weight_imd_km2": 0.0}}, {"type": "Feature", "geometry": {"type": "Point", "coordinates": [79.25, 32.25]}, "properties": {"kind": "grid_point", "weight_km2": 653.12, "weight_imd_km2": 0.0}}, {"type": "Feature", "geometry": {"type": "Point", "coordinates": [79.5, 32.25]}, "properties": {"kind": "grid_point", "weight_km2": 640.479, "weight_imd_km2": 0.0}}, {"type": "Feature", "geometry": {"type": "Point", "coordinates": [79.75, 32.25]}, "properties": {"kind": "grid_point", "weight_km2": 241.261, "weight_imd_km2": 0.0}}, {"type": "Feature", "geometry": {"type": "Point", "coordinates": [77.5, 32.5]}, "properties": {"kind": "grid_point", "weight_km2": 11.845, "weight_imd_km2": 11.845}}, {"type": "Feature", "geometry": {"type": "Point", "coordinates": [77.75, 32.5]}, "properties": {"kind": "grid_point", "weight_km2": 519.087, "weight_imd_km2": 519.087}}, {"type": "Feature", "geometry": {"type": "Point", "coordinates": [78.0, 32.5]}, "properties": {"kind": "grid_point", "weight_km2": 592.76, "weight_imd_km2": 592.76}}, {"type": "Feature", "geometry": {"type": "Point", "coordinates": [78.25, 32.5]}, "properties": {"kind": "grid_point", "weight_km2": 651.35, "weight_imd_km2": 651.35}}, {"type": "Feature", "geometry": {"type": "Point", "coordinates": [78.5, 32.5]}, "properties": {"kind": "grid_point", "weight_km2": 651.35, "weight_imd_km2": 651.35}}, {"type": "Feature", "geometry": {"type": "Point", "coordinates": [78.75, 32.5]}, "properties": {"kind": "grid_point", "weight_km2": 452.369, "weight_imd_km2": 452.369}}, {"type": "Feature", "geometry": {"type": "Point", "coordinates": [79.0, 32.5]}, "properties": {"kind": "grid_point", "weight_km2": 23.725, "weight_imd_km2": 23.725}}, {"type": "Feature", "geometry": {"type": "Point", "coordinates": [79.25, 32.5]}, "properties": {"kind": "grid_point", "weight_km2": 384.481, "weight_imd_km2": 0.0}}, {"type": "Feature", "geometry": {"type": "Point", "coordinates": [79.5, 32.5]}, "properties": {"kind": "grid_point", "weight_km2": 184.494, "weight_imd_km2": 0.0}}, {"type": "Feature", "geometry": {"type": "Point", "coordinates": [77.75, 32.75]}, "properties": {"kind": "grid_point", "weight_km2": 5.595, "weight_imd_km2": 5.595}}, {"type": "Feature", "geometry": {"type": "Point", "coordinates": [78.0, 32.75]}, "properties": {"kind": "grid_point", "weight_km2": 15.614, "weight_imd_km2": 15.614}}, {"type": "Feature", "geometry": {"type": "Point", "coordinates": [78.25, 32.75]}, "properties": {"kind": "grid_point", "weight_km2": 191.189, "weight_imd_km2": 191.189}}, {"type": "Feature", "geometry": {"type": "Point", "coordinates": [78.5, 32.75]}, "properties": {"kind": "grid_point", "weight_km2": 602.209, "weight_imd_km2": 602.209}}, {"type": "Feature", "geometry": {"type": "Point", "coordinates": [78.75, 32.75]}, "properties": {"kind": "grid_point", "weight_km2": 212.34, "weight_imd_km2": 212.34}}, {"type": "Feature", "geometry": {"type": "Point", "coordinates": [78.5, 33.0]}, "properties": {"kind": "grid_point", "weight_km2": 41.439, "weight_imd_km2": 41.439}}, {"type": "Feature", "geometry": {"type": "Point", "coordinates": [78.75, 33.0]}, "properties": {"kind": "grid_point", "weight_km2": 0.198, "weight_imd_km2": 0.198}}]}