date,dam,level_ft,inflow_cusecs,outflow_cusecs,as_of_time,source_title,source_url,published,quote
2025-09-04,Bhakra,1678.97,95435,73459,06:00,BBMB Reservoir Data (data-reservoir.htm archived capture),https://web.archive.org/web/20251007104956/https://bbmb.gov.in/data-reservoir.htm,2025-09-04,"Data as of at 6.00 am on 04.09.2025; Bhakra 1678.97 95435 73459"
2025-09-04,Pong,1394.51,132595,91167,06:00,BBMB Reservoir Data (data-reservoir.htm archived capture),https://web.archive.org/web/20251007104956/https://bbmb.gov.in/data-reservoir.htm,2025-09-04,"Data as of at 6.00 am on 04.09.2025; Pong 1394.51 132595 91167"
2025-09-15,Bhakra,1676.01,54667,50000,18:00,BBMB Reservoir Data res_data.pdf (archived capture),https://web.archive.org/web/20250915191626/https://bbmb.gov.in/writereaddata/Portal/images/pdf/res_data.pdf,2025-09-15,"as on 15.09.2025 at 6.00 PM; Bhakra 1676.01 54667 50000"
2025-09-15,Pong,1393.23,76498,53901,18:00,BBMB Reservoir Data res_data.pdf (archived capture),https://web.archive.org/web/20250915191626/https://bbmb.gov.in/writereaddata/Portal/images/pdf/res_data.pdf,2025-09-15,"as on 15.09.2025 at 6.00 PM; Pong 1393.23 76498 53901"
2025-09-24,Bhakra,1675.71,35666,45000,06:00,BBMB Reservoir Data res_data.pdf (archived capture),https://web.archive.org/web/20250924070102/https://bbmb.gov.in/writereaddata/Portal/images/pdf/res_data.pdf,2025-09-24,"as on 24.09.2025 at 6.00 AM; Bhakra 1675.71 35666 45000"
2025-09-24,Pong,1390.98,17291,24823,06:00,BBMB Reservoir Data res_data.pdf (archived capture),https://web.archive.org/web/20250924070102/https://bbmb.gov.in/writereaddata/Portal/images/pdf/res_data.pdf,2025-09-24,"as on 24.09.2025 at 6.00 AM; Pong 1390.98 17291 24823"
2026-05-14,Bhakra,1586.6,13102,16042,06:00,BBMB Reservoir Data rdata.html (archived capture),https://web.archive.org/web/20260514202522/http://bbmb.gov.in/writereaddata/Portal/rdata/rdata.html,2026-05-14,"as on 14-05-2026 06:00 Hrs; Bhakra 1586.6 13102 16042"
2026-05-14,Pong,1333.03,2705,5010,06:00,BBMB Reservoir Data rdata.html (archived capture),https://web.archive.org/web/20260514202522/http://bbmb.gov.in/writereaddata/Portal/rdata/rdata.html,2026-05-14,"as on 14-05-2026 06:00 Hrs; Pong 1333.03 2705 5010"
2026-06-04,Bhakra,1580.18,10641,16521,18:00,BBMB Reservoir Data rdata.html (archived capture),https://web.archive.org/web/20260604214502/https://bbmb.gov.in/writereaddata/Portal/rdata/rdata.html,2026-06-04,"as on 04-06-2026 18:00 Hrs; Bhakra 1580.18 10641 16521"
2026-06-04,Pong,1330.43,2088,5231,18:00,BBMB Reservoir Data rdata.html (archived capture),https://web.archive.org/web/20260604214502/https://bbmb.gov.in/writereaddata/Portal/rdata/rdata.html,2026-06-04,"as on 04-06-2026 18:00 Hrs; Pong 1330.43 2088 5231"
2026-06-24,Bhakra,1562.82,18715,32650,06:00,BBMB Reservoir Data res_data.pdf (archived capture),https://web.archive.org/web/20260624112829/https://bbmb.gov.in/writereaddata/Portal/images/pdf/res_data.pdf,2026-06-24,"as on 24-06-2026 06:00 Hrs; Bhakra 1562.82 18715 32650"
2026-06-24,Pong,1320.89,3527,11002,06:00,BBMB Reservoir Data res_data.pdf (archived capture),https://web.archive.org/web/20260624112829/https://bbmb.gov.in/writereaddata/Portal/images/pdf/res_data.pdf,2026-06-24,"as on 24-06-2026 06:00 Hrs; Pong 1320.89 3527 11002"
2026-07-26,Bhakra,1592.91,40363,26132,06:00,BBMB Reservoir Data res_data.pdf (archived capture),https://web.archive.org/web/20260726092845/https://bbmb.gov.in/writereaddata/Portal/images/pdf/res_data.pdf,2026-07-26,"as on 26-07-2026 06:00 Hrs; Bhakra 1592.91 40363 26132"
2026-07-26,Pong,1329.86,37172,10007,06:00,BBMB Reservoir Data res_data.pdf (archived capture),https://web.archive.org/web/20260726092845/https://bbmb.gov.in/writereaddata/Portal/images/pdf/res_data.pdf,2026-07-26,"as on 26-07-2026 06:00 Hrs; Pong 1329.86 37172 10007"
2026-08-08,Bhakra,1611.76,41501,25067,18:00,BBMB Reservoir Data res_data.pdf (archived capture),https://web.archive.org/web/20260809052401/https://bbmb.gov.in/writereaddata/Portal/images/pdf/res_data.pdf,2026-08-08,"as on 08-08-2026 18:00 Hrs; Bhakra 1611.76 41501 25067"
2026-08-08,Pong,1347.32,48054,14005,18:00,BBMB Reservoir Data res_data.pdf (archived capture),https://web.archive.org/web/20260809052401/https://bbmb.gov.in/writereaddata/Portal/images/pdf/res_data.pdf,2026-08-08,"as on 08-08-2026 18:00 Hrs; Pong 1347.32 48054 14005"
2026-08-09,Bhakra,1612.78,40137,25933,18:00,BBMB Reservoir Data res_data.pdf (archived capture),https://web.archive.org/web/20260810021028/https://bbmb.gov.in/writereaddata/Portal/images/pdf/res_data.pdf,2026-08-09,"as on 09-08-2026 18:00 Hrs; Bhakra 1612.78 40137 25933"
2026-08-09,Pong,1348.17,34263,15591,18:00,BBMB Reservoir Data res_data.pdf (archived capture),https://web.archive.org/web/20260810021028/https://bbmb.gov.in/writereaddata/Portal/images/pdf/res_data.pdf,2026-08-09,"as on 09-08-2026 18:00 Hrs; Pong 1348.17 34263 15591"
2026-09-04,Bhakra,1641.20,42701,23983,18:00,BBMB Reservoir Data res_data.pdf (direct capture),https://bbmb.gov.in/writereaddata/Portal/images/pdf/res_data.pdf,2026-09-04,"as on 04-09-2026 18:00 Hrs; Bhakra 1641.20 42701 23983"
2026-09-04,Pong,1371.16,20102,9150,18:00,BBMB Reservoir Data res_data.pdf (direct capture),https://bbmb.gov.in/writereaddata/Portal/images/pdf/res_data.pdf,2026-09-04,"as on 04-09-2026 18:00 Hrs; Pong 1371.16 20102 9150"
2026-09-05,Bhakra,1641.48,41628,25050,06:00,BBMB Reservoir Data res_data.pdf (direct capture),https://bbmb.gov.in/writereaddata/Portal/images/pdf/res_data.pdf,2026-09-05,"as on 05-09-2026 06:00 Hrs; Bhakra 1641.48 41628 25050"
2026-09-05,Pong,1371.42,22870,10002,06:00,BBMB Reservoir Data res_data.pdf (direct capture),https://bbmb.gov.in/writereaddata/Portal/images/pdf/res_data.pdf,2026-09-05,"as on 05-09-2026 06:00 Hrs; Pong 1371.42 22870 10002"
2026-09-17,Bhakra,1644.65,28368,27119,06:00,BBMB Reservoir Data res_data.pdf (direct capture),https://bbmb.gov.in/writereaddata/Portal/images/pdf/res_data.pdf,2026-09-17,"as on 17-09-2026 06:00 Hrs; Bhakra 1644.65 28368 27119"
2026-09-17,Pong,1371.98,11509,17532,06:00,BBMB Reservoir Data res_data.pdf (direct capture),https://bbmb.gov.in/writereaddata/Portal/images/pdf/res_data.pdf,2026-09-17,"as on 17-09-2026 06:00 Hrs; Pong 1371.98 11509 17532"
2023-06-08,Bhakra,,,,,reservoirs.earth (CWC-sourced weekly storage bulletin),https://reservoirs.earth/india/reservoirs/bhakra-gobind-sagar-in,2023-06-08,reading_date 2023-06-08 volume_mcm 1523 fill_percentage 24 source_org CWC
2023-06-15,Bhakra,,,,,reservoirs.earth (CWC-sourced weekly storage bulletin),https://reservoirs.earth/india/reservoirs/bhakra-gobind-sagar-in,2023-06-15,reading_date 2023-06-15 volume_mcm 1664 fill_percentage 27 source_org CWC
2023-06-22,Bhakra,,,,,reservoirs.earth (CWC-sourced weekly storage bulletin),https://reservoirs.earth/india/reservoirs/bhakra-gobind-sagar-in,2023-06-22,reading_date 2023-06-22 volume_mcm 1776 fill_percentage 29 source_org CWC
2023-06-30,Bhakra,,,,,reservoirs.earth (CWC-sourced weekly storage bulletin),https://reservoirs.earth/india/reservoirs/bhakra-gobind-sagar-in,2023-06-30,reading_date 2023-06-30 volume_mcm 2123 fill_percentage 34 source_org CWC
2023-07-06,Bhakra,,,,,reservoirs.earth (CWC-sourced weekly storage bulletin),https://reservoirs.earth/india/reservoirs/bhakra-gobind-sagar-in,2023-07-06,reading_date 2023-07-06 volume_mcm 2409 fill_percentage 39 source_org CWC
2023-07-13,Bhakra,,,,,reservoirs.earth (CWC-sourced weekly storage bulletin),https://reservoirs.earth/india/reservoirs/bhakra-gobind-sagar-in,2023-07-13,reading_date 2023-07-13 volume_mcm 3487 fill_percentage 56 source_org CWC
2023-07-20,Bhakra,,,,,reservoirs.earth (CWC-sourced weekly storage bulletin),https://reservoirs.earth/india/reservoirs/bhakra-gobind-sagar-in,2023-07-20,reading_date 2023-07-20 volume_mcm 4185 fill_percentage 67 source_org CWC
2023-07-27,Bhakra,,,,,reservoirs.earth (CWC-sourced weekly storage bulletin),https://reservoirs.earth/india/reservoirs/bhakra-gobind-sagar-in,2023-07-27,reading_date 2023-07-27 volume_mcm 4593 fill_percentage 74 source_org CWC
2023-08-03,Bhakra,,,,,reservoirs.earth (CWC-sourced weekly storage bulletin),https://reservoirs.earth/india/reservoirs/bhakra-gobind-sagar-in,2023-08-03,reading_date 2023-08-03 volume_mcm 4873 fill_percentage 78 source_org CWC
2023-08-10,Bhakra,,,,,reservoirs.earth (CWC-sourced weekly storage bulletin),https://reservoirs.earth/india/reservoirs/bhakra-gobind-sagar-in,2023-08-10,reading_date 2023-08-10 volume_mcm 5043 fill_percentage 81 source_org CWC
2023-08-17,Bhakra,,,,,reservoirs.earth (CWC-sourced weekly storage bulletin),https://reservoirs.earth/india/reservoirs/bhakra-gobind-sagar-in,2023-08-17,reading_date 2023-08-17 volume_mcm 5486 fill_percentage 88 source_org CWC
2023-08-24,Bhakra,,,,,reservoirs.earth (CWC-sourced weekly storage bulletin),https://reservoirs.earth/india/reservoirs/bhakra-gobind-sagar-in,2023-08-24,reading_date 2023-08-24 volume_mcm 5374 fill_percentage 86 source_org CWC
2023-08-31,Bhakra,,,,,reservoirs.earth (CWC-sourced weekly storage bulletin),https://reservoirs.earth/india/reservoirs/bhakra-gobind-sagar-in,2023-08-31,reading_date 2023-08-31 volume_mcm 5306 fill_percentage 85 source_org CWC
2023-09-06,Bhakra,,,,,reservoirs.earth (CWC-sourced weekly storage bulletin),https://reservoirs.earth/india/reservoirs/bhakra-gobind-sagar-in,2023-09-06,reading_date 2023-09-06 volume_mcm 5316 fill_percentage 85 source_org CWC
2023-09-14,Bhakra,,,,,reservoirs.earth (CWC-sourced weekly storage bulletin),https://reservoirs.earth/india/reservoirs/bhakra-gobind-sagar-in,2023-09-14,reading_date 2023-09-14 volume_mcm 5360 fill_percentage 86 source_org CWC
2023-09-21,Bhakra,,,,,reservoirs.earth (CWC-sourced weekly storage bulletin),https://reservoirs.earth/india/reservoirs/bhakra-gobind-sagar-in,2023-09-21,reading_date 2023-09-21 volume_mcm 5397 fill_percentage 87 source_org CWC
2023-09-29,Bhakra,,,,,reservoirs.earth (CWC-sourced weekly storage bulletin),https://reservoirs.earth/india/reservoirs/bhakra-gobind-sagar-in,2023-09-29,reading_date 2023-09-29 volume_mcm 5351 fill_percentage 86 source_org CWC
2023-10-05,Bhakra,,,,,reservoirs.earth (CWC-sourced weekly storage bulletin),https://reservoirs.earth/india/reservoirs/bhakra-gobind-sagar-in,2023-10-05,reading_date 2023-10-05 volume_mcm 5222 fill_percentage 84 source_org CWC
2023-10-12,Bhakra,,,,,reservoirs.earth (CWC-sourced weekly storage bulletin),https://reservoirs.earth/india/reservoirs/bhakra-gobind-sagar-in,2023-10-12,reading_date 2023-10-12 volume_mcm 5060 fill_percentage 81 source_org CWC
2023-10-19,Bhakra,,,,,reservoirs.earth (CWC-sourced weekly storage bulletin),https://reservoirs.earth/india/reservoirs/bhakra-gobind-sagar-in,2023-10-19,reading_date 2023-10-19 volume_mcm 4932 fill_percentage 79 source_org CWC
2023-10-26,Bhakra,,,,,reservoirs.earth (CWC-sourced weekly storage bulletin),https://reservoirs.earth/india/reservoirs/bhakra-gobind-sagar-in,2023-10-26,reading_date 2023-10-26 volume_mcm 4823 fill_percentage 77 source_org CWC
2023-11-09,Bhakra,,,,,reservoirs.earth (CWC-sourced weekly storage bulletin),https://reservoirs.earth/india/reservoirs/bhakra-gobind-sagar-in,2023-11-09,reading_date 2023-11-09 volume_mcm 4624 fill_percentage 74 source_org CWC
2023-11-16,Bhakra,,,,,reservoirs.earth (CWC-sourced weekly storage bulletin),https://reservoirs.earth/india/reservoirs/bhakra-gobind-sagar-in,2023-11-16,reading_date 2023-11-16 volume_mcm 4516 fill_percentage 72 source_org CWC
2023-11-23,Bhakra,,,,,reservoirs.earth (CWC-sourced weekly storage bulletin),https://reservoirs.earth/india/reservoirs/bhakra-gobind-sagar-in,2023-11-23,reading_date 2023-11-23 volume_mcm 4293 fill_percentage 69 source_org CWC
2023-11-30,Bhakra,,,,,reservoirs.earth (CWC-sourced weekly storage bulletin),https://reservoirs.earth/india/reservoirs/bhakra-gobind-sagar-in,2023-11-30,reading_date 2023-11-30 volume_mcm 4193 fill_percentage 67 source_org CWC
2023-12-07,Bhakra,,,,,reservoirs.earth (CWC-sourced weekly storage bulletin),https://reservoirs.earth/india/reservoirs/bhakra-gobind-sagar-in,2023-12-07,reading_date 2023-12-07 volume_mcm 4101 fill_percentage 66 source_org CWC
2023-12-14,Bhakra,,,,,reservoirs.earth (CWC-sourced weekly storage bulletin),https://reservoirs.earth/india/reservoirs/bhakra-gobind-sagar-in,2023-12-14,reading_date 2023-12-14 volume_mcm 3919 fill_percentage 63 source_org CWC
2023-12-21,Bhakra,,,,,reservoirs.earth (CWC-sourced weekly storage bulletin),https://reservoirs.earth/india/reservoirs/bhakra-gobind-sagar-in,2023-12-21,reading_date 2023-12-21 volume_mcm 3736 fill_percentage 60 source_org CWC
2023-12-28,Bhakra,,,,,reservoirs.earth (CWC-sourced weekly storage bulletin),https://reservoirs.earth/india/reservoirs/bhakra-gobind-sagar-in,2023-12-28,reading_date 2023-12-28 volume_mcm 3562 fill_percentage 57 source_org CWC
2024-01-04,Bhakra,,,,,reservoirs.earth (CWC-sourced weekly storage bulletin),https://reservoirs.earth/india/reservoirs/bhakra-gobind-sagar-in,2024-01-04,reading_date 2024-01-04 volume_mcm 3409 fill_percentage 55 source_org CWC
2024-01-11,Bhakra,,,,,reservoirs.earth (CWC-sourced weekly storage bulletin),https://reservoirs.earth/india/reservoirs/bhakra-gobind-sagar-in,2024-01-11,reading_date 2024-01-11 volume_mcm 3273 fill_percentage 53 source_org CWC
2024-01-18,Bhakra,,,,,reservoirs.earth (CWC-sourced weekly storage bulletin),https://reservoirs.earth/india/reservoirs/bhakra-gobind-sagar-in,2024-01-18,reading_date 2024-01-18 volume_mcm 3115 fill_percentage 50 source_org CWC
2024-01-25,Bhakra,,,,,reservoirs.earth (CWC-sourced weekly storage bulletin),https://reservoirs.earth/india/reservoirs/bhakra-gobind-sagar-in,2024-01-25,reading_date 2024-01-25 volume_mcm 2937 fill_percentage 47 source_org CWC
2024-02-01,Bhakra,,,,,reservoirs.earth (CWC-sourced weekly storage bulletin),https://reservoirs.earth/india/reservoirs/bhakra-gobind-sagar-in,2024-02-01,reading_date 2024-02-01 volume_mcm 2769 fill_percentage 44 source_org CWC
2024-02-08,Bhakra,,,,,reservoirs.earth (CWC-sourced weekly storage bulletin),https://reservoirs.earth/india/reservoirs/bhakra-gobind-sagar-in,2024-02-08,reading_date 2024-02-08 volume_mcm 2661 fill_percentage 43 source_org CWC
2024-02-15,Bhakra,,,,,reservoirs.earth (CWC-sourced weekly storage bulletin),https://reservoirs.earth/india/reservoirs/bhakra-gobind-sagar-in,2024-02-15,reading_date 2024-02-15 volume_mcm 2498 fill_percentage 40 source_org CWC
2024-02-22,Bhakra,,,,,reservoirs.earth (CWC-sourced weekly storage bulletin),https://reservoirs.earth/india/reservoirs/bhakra-gobind-sagar-in,2024-02-22,reading_date 2024-02-22 volume_mcm 2314 fill_percentage 37 source_org CWC
2024-02-29,Bhakra,,,,,reservoirs.earth (CWC-sourced weekly storage bulletin),https://reservoirs.earth/india/reservoirs/bhakra-gobind-sagar-in,2024-02-29,reading_date 2024-02-29 volume_mcm 2144 fill_percentage 34 source_org CWC
2024-03-07,Bhakra,,,,,reservoirs.earth (CWC-sourced weekly storage bulletin),https://reservoirs.earth/india/reservoirs/bhakra-gobind-sagar-in,2024-03-07,reading_date 2024-03-07 volume_mcm 2052 fill_percentage 33 source_org CWC
2024-03-14,Bhakra,,,,,reservoirs.earth (CWC-sourced weekly storage bulletin),https://reservoirs.earth/india/reservoirs/bhakra-gobind-sagar-in,2024-03-14,reading_date 2024-03-14 volume_mcm 1932 fill_percentage 31 source_org CWC
2024-03-21,Bhakra,,,,,reservoirs.earth (CWC-sourced weekly storage bulletin),https://reservoirs.earth/india/reservoirs/bhakra-gobind-sagar-in,2024-03-21,reading_date 2024-03-21 volume_mcm 1771 fill_percentage 28 source_org CWC
2024-03-28,Bhakra,,,,,reservoirs.earth (CWC-sourced weekly storage bulletin),https://reservoirs.earth/india/reservoirs/bhakra-gobind-sagar-in,2024-03-28,reading_date 2024-03-28 volume_mcm 1654 fill_percentage 27 source_org CWC
2024-04-04,Bhakra,,,,,reservoirs.earth (CWC-sourced weekly storage bulletin),https://reservoirs.earth/india/reservoirs/bhakra-gobind-sagar-in,2024-04-04,reading_date 2024-04-04 volume_mcm 1640 fill_percentage 26 source_org CWC
2024-04-12,Bhakra,,,,,reservoirs.earth (CWC-sourced weekly storage bulletin),https://reservoirs.earth/india/reservoirs/bhakra-gobind-sagar-in,2024-04-12,reading_date 2024-04-12 volume_mcm 1603 fill_percentage 26 source_org CWC
2024-04-18,Bhakra,,,,,reservoirs.earth (CWC-sourced weekly storage bulletin),https://reservoirs.earth/india/reservoirs/bhakra-gobind-sagar-in,2024-04-18,reading_date 2024-04-18 volume_mcm 1583 fill_percentage 25 source_org CWC
2024-04-25,Bhakra,,,,,reservoirs.earth (CWC-sourced weekly storage bulletin),https://reservoirs.earth/india/reservoirs/bhakra-gobind-sagar-in,2024-04-25,reading_date 2024-04-25 volume_mcm 1555 fill_percentage 25 source_org CWC
2024-05-02,Bhakra,,,,,reservoirs.earth (CWC-sourced weekly storage bulletin),https://reservoirs.earth/india/reservoirs/bhakra-gobind-sagar-in,2024-05-02,reading_date 2024-05-02 volume_mcm 1471 fill_percentage 24 source_org CWC
2024-05-09,Bhakra,,,,,reservoirs.earth (CWC-sourced weekly storage bulletin),https://reservoirs.earth/india/reservoirs/bhakra-gobind-sagar-in,2024-05-09,reading_date 2024-05-09 volume_mcm 1354 fill_percentage 22 source_org CWC
2024-05-16,Bhakra,,,,,reservoirs.earth (CWC-sourced weekly storage bulletin),https://reservoirs.earth/india/reservoirs/bhakra-gobind-sagar-in,2024-05-16,reading_date 2024-05-16 volume_mcm 1378 fill_percentage 22 source_org CWC
2024-05-22,Bhakra,,,,,reservoirs.earth (CWC-sourced weekly storage bulletin),https://reservoirs.earth/india/reservoirs/bhakra-gobind-sagar-in,2024-05-22,reading_date 2024-05-22 volume_mcm 1484 fill_percentage 24 source_org CWC
2024-05-30,Bhakra,,,,,reservoirs.earth (CWC-sourced weekly storage bulletin),https://reservoirs.earth/india/reservoirs/bhakra-gobind-sagar-in,2024-05-30,reading_date 2024-05-30 volume_mcm 1742 fill_percentage 28 source_org CWC
2024-06-06,Bhakra,,,,,reservoirs.earth (CWC-sourced weekly storage bulletin),https://reservoirs.earth/india/reservoirs/bhakra-gobind-sagar-in,2024-06-06,reading_date 2024-06-06 volume_mcm 1859 fill_percentage 30 source_org CWC
2024-06-13,Bhakra,,,,,reservoirs.earth (CWC-sourced weekly storage bulletin),https://reservoirs.earth/india/reservoirs/bhakra-gobind-sagar-in,2024-06-13,reading_date 2024-06-13 volume_mcm 1916 fill_percentage 31 source_org CWC
2024-06-20,Bhakra,,,,,reservoirs.earth (CWC-sourced weekly storage bulletin),https://reservoirs.earth/india/reservoirs/bhakra-gobind-sagar-in,2024-06-20,reading_date 2024-06-20 volume_mcm 1951 fill_percentage 31 source_org CWC
2024-06-27,Bhakra,,,,,reservoirs.earth (CWC-sourced weekly storage bulletin),https://reservoirs.earth/india/reservoirs/bhakra-gobind-sagar-in,2024-06-27,reading_date 2024-06-27 volume_mcm 1919 fill_percentage 31 source_org CWC
2024-07-04,Bhakra,,,,,reservoirs.earth (CWC-sourced weekly storage bulletin),https://reservoirs.earth/india/reservoirs/bhakra-gobind-sagar-in,2024-07-04,reading_date 2024-07-04 volume_mcm 2092 fill_percentage 34 source_org CWC
2024-07-11,Bhakra,,,,,reservoirs.earth (CWC-sourced weekly storage bulletin),https://reservoirs.earth/india/reservoirs/bhakra-gobind-sagar-in,2024-07-11,reading_date 2024-07-11 volume_mcm 2277 fill_percentage 37 source_org CWC
2024-07-18,Bhakra,,,,,reservoirs.earth (CWC-sourced weekly storage bulletin),https://reservoirs.earth/india/reservoirs/bhakra-gobind-sagar-in,2024-07-18,reading_date 2024-07-18 volume_mcm 2295 fill_percentage 37 source_org CWC
2024-07-25,Bhakra,,,,,reservoirs.earth (CWC-sourced weekly storage bulletin),https://reservoirs.earth/india/reservoirs/bhakra-gobind-sagar-in,2024-07-25,reading_date 2024-07-25 volume_mcm 2417 fill_percentage 39 source_org CWC
2024-08-01,Bhakra,,,,,reservoirs.earth (CWC-sourced weekly storage bulletin),https://reservoirs.earth/india/reservoirs/bhakra-gobind-sagar-in,2024-08-01,reading_date 2024-08-01 volume_mcm 2663 fill_percentage 43 source_org CWC
2024-08-08,Bhakra,,,,,reservoirs.earth (CWC-sourced weekly storage bulletin),https://reservoirs.earth/india/reservoirs/bhakra-gobind-sagar-in,2024-08-08,reading_date 2024-08-08 volume_mcm 2891 fill_percentage 46 source_org CWC
2024-08-16,Bhakra,,,,,reservoirs.earth (CWC-sourced weekly storage bulletin),https://reservoirs.earth/india/reservoirs/bhakra-gobind-sagar-in,2024-08-16,reading_date 2024-08-16 volume_mcm 3343 fill_percentage 54 source_org CWC
2024-08-22,Bhakra,,,,,reservoirs.earth (CWC-sourced weekly storage bulletin),https://reservoirs.earth/india/reservoirs/bhakra-gobind-sagar-in,2024-08-22,reading_date 2024-08-22 volume_mcm 3576 fill_percentage 57 source_org CWC
2024-08-29,Bhakra,,,,,reservoirs.earth (CWC-sourced weekly storage bulletin),https://reservoirs.earth/india/reservoirs/bhakra-gobind-sagar-in,2024-08-29,reading_date 2024-08-29 volume_mcm 3750 fill_percentage 60 source_org CWC
2024-09-05,Bhakra,,,,,reservoirs.earth (CWC-sourced weekly storage bulletin),https://reservoirs.earth/india/reservoirs/bhakra-gobind-sagar-in,2024-09-05,reading_date 2024-09-05 volume_mcm 3908 fill_percentage 63 source_org CWC
2024-09-12,Bhakra,,,,,reservoirs.earth (CWC-sourced weekly storage bulletin),https://reservoirs.earth/india/reservoirs/bhakra-gobind-sagar-in,2024-09-12,reading_date 2024-09-12 volume_mcm 4086 fill_percentage 66 source_org CWC
2024-09-19,Bhakra,,,,,reservoirs.earth (CWC-sourced weekly storage bulletin),https://reservoirs.earth/india/reservoirs/bhakra-gobind-sagar-in,2024-09-19,reading_date 2024-09-19 volume_mcm 4164 fill_percentage 67 source_org CWC
2024-09-26,Bhakra,,,,,reservoirs.earth (CWC-sourced weekly storage bulletin),https://reservoirs.earth/india/reservoirs/bhakra-gobind-sagar-in,2024-09-26,reading_date 2024-09-26 volume_mcm 4185 fill_percentage 67 source_org CWC
2024-10-03,Bhakra,,,,,reservoirs.earth (CWC-sourced weekly storage bulletin),https://reservoirs.earth/india/reservoirs/bhakra-gobind-sagar-in,2024-10-03,reading_date 2024-10-03 volume_mcm 4137 fill_percentage 66 source_org CWC
2024-10-10,Bhakra,,,,,reservoirs.earth (CWC-sourced weekly storage bulletin),https://reservoirs.earth/india/reservoirs/bhakra-gobind-sagar-in,2024-10-10,reading_date 2024-10-10 volume_mcm 3982 fill_percentage 64 source_org CWC
2024-10-17,Bhakra,,,,,reservoirs.earth (CWC-sourced weekly storage bulletin),https://reservoirs.earth/india/reservoirs/bhakra-gobind-sagar-in,2024-10-17,reading_date 2024-10-17 volume_mcm 3871 fill_percentage 62 source_org CWC
2024-10-24,Bhakra,,,,,reservoirs.earth (CWC-sourced weekly storage bulletin),https://reservoirs.earth/india/reservoirs/bhakra-gobind-sagar-in,2024-10-24,reading_date 2024-10-24 volume_mcm 3805 fill_percentage 61 source_org CWC
2024-11-01,Bhakra,,,,,reservoirs.earth (CWC-sourced weekly storage bulletin),https://reservoirs.earth/india/reservoirs/bhakra-gobind-sagar-in,2024-11-01,reading_date 2024-11-01 volume_mcm 3742 fill_percentage 60 source_org CWC
2024-11-07,Bhakra,,,,,reservoirs.earth (CWC-sourced weekly storage bulletin),https://reservoirs.earth/india/reservoirs/bhakra-gobind-sagar-in,2024-11-07,reading_date 2024-11-07 volume_mcm 3694 fill_percentage 59 source_org CWC
2024-11-14,Bhakra,,,,,reservoirs.earth (CWC-sourced weekly storage bulletin),https://reservoirs.earth/india/reservoirs/bhakra-gobind-sagar-in,2024-11-14,reading_date 2024-11-14 volume_mcm 3633 fill_percentage 58 source_org CWC
2024-11-21,Bhakra,,,,,reservoirs.earth (CWC-sourced weekly storage bulletin),https://reservoirs.earth/india/reservoirs/bhakra-gobind-sagar-in,2024-11-21,reading_date 2024-11-21 volume_mcm 3566 fill_percentage 57 source_org CWC
2024-11-28,Bhakra,,,,,reservoirs.earth (CWC-sourced weekly storage bulletin),https://reservoirs.earth/india/reservoirs/bhakra-gobind-sagar-in,2024-11-28,reading_date 2024-11-28 volume_mcm 3496 fill_percentage 56 source_org CWC
2024-12-05,Bhakra,,,,,reservoirs.earth (CWC-sourced weekly storage bulletin),https://reservoirs.earth/india/reservoirs/bhakra-gobind-sagar-in,2024-12-05,reading_date 2024-12-05 volume_mcm 3378 fill_percentage 54 source_org CWC
2024-12-12,Bhakra,,,,,reservoirs.earth (CWC-sourced weekly storage bulletin),https://reservoirs.earth/india/reservoirs/bhakra-gobind-sagar-in,2024-12-12,reading_date 2024-12-12 volume_mcm 3191 fill_percentage 51 source_org CWC
2024-12-19,Bhakra,,,,,reservoirs.earth (CWC-sourced weekly storage bulletin),https://reservoirs.earth/india/reservoirs/bhakra-gobind-sagar-in,2024-12-19,reading_date 2024-12-19 volume_mcm 2982 fill_percentage 48 source_org CWC
2024-12-26,Bhakra,,,,,reservoirs.earth (CWC-sourced weekly storage bulletin),https://reservoirs.earth/india/reservoirs/bhakra-gobind-sagar-in,2024-12-26,reading_date 2024-12-26 volume_mcm 2783 fill_percentage 45 source_org CWC
2025-01-02,Bhakra,,,,,reservoirs.earth (CWC-sourced weekly storage bulletin),https://reservoirs.earth/india/reservoirs/bhakra-gobind-sagar-in,2025-01-02,reading_date 2025-01-02 volume_mcm 2696 fill_percentage 43 source_org CWC
2025-01-09,Bhakra,,,,,reservoirs.earth (CWC-sourced weekly storage bulletin),https://reservoirs.earth/india/reservoirs/bhakra-gobind-sagar-in,2025-01-09,reading_date 2025-01-09 volume_mcm 2606 fill_percentage 42 source_org CWC
2025-01-16,Bhakra,,,,,reservoirs.earth (CWC-sourced weekly storage bulletin),https://reservoirs.earth/india/reservoirs/bhakra-gobind-sagar-in,2025-01-16,reading_date 2025-01-16 volume_mcm 2528 fill_percentage 41 source_org CWC
2025-01-23,Bhakra,,,,,reservoirs.earth (CWC-sourced weekly storage bulletin),https://reservoirs.earth/india/reservoirs/bhakra-gobind-sagar-in,2025-01-23,reading_date 2025-01-23 volume_mcm 2440 fill_percentage 39 source_org CWC
2025-01-30,Bhakra,,,,,reservoirs.earth (CWC-sourced weekly storage bulletin),https://reservoirs.earth/india/reservoirs/bhakra-gobind-sagar-in,2025-01-30,reading_date 2025-01-30 volume_mcm 2335 fill_percentage 37 source_org CWC
2025-02-06,Bhakra,,,,,reservoirs.earth (CWC-sourced weekly storage bulletin),https://reservoirs.earth/india/reservoirs/bhakra-gobind-sagar-in,2025-02-06,reading_date 2025-02-06 volume_mcm 2227 fill_percentage 36 source_org CWC
2025-02-13,Bhakra,,,,,reservoirs.earth (CWC-sourced weekly storage bulletin),https://reservoirs.earth/india/reservoirs/bhakra-gobind-sagar-in,2025-02-13,reading_date 2025-02-13 volume_mcm 2067 fill_percentage 33 source_org CWC
2025-02-20,Bhakra,,,,,reservoirs.earth (CWC-sourced weekly storage bulletin),https://reservoirs.earth/india/reservoirs/bhakra-gobind-sagar-in,2025-02-20,reading_date 2025-02-20 volume_mcm 1885 fill_percentage 30 source_org CWC
2025-02-27,Bhakra,,,,,reservoirs.earth (CWC-sourced weekly storage bulletin),https://reservoirs.earth/india/reservoirs/bhakra-gobind-sagar-in,2025-02-27,reading_date 2025-02-27 volume_mcm 1755 fill_percentage 28 source_org CWC
2025-03-06,Bhakra,,,,,reservoirs.earth (CWC-sourced weekly storage bulletin),https://reservoirs.earth/india/reservoirs/bhakra-gobind-sagar-in,2025-03-06,reading_date 2025-03-06 volume_mcm 1688 fill_percentage 27 source_org CWC
2025-03-13,Bhakra,,,,,reservoirs.earth (CWC-sourced weekly storage bulletin),https://reservoirs.earth/india/reservoirs/bhakra-gobind-sagar-in,2025-03-13,reading_date 2025-03-13 volume_mcm 1568 fill_percentage 25 source_org CWC
2025-03-20,Bhakra,,,,,reservoirs.earth (CWC-sourced weekly storage bulletin),https://reservoirs.earth/india/reservoirs/bhakra-gobind-sagar-in,2025-03-20,reading_date 2025-03-20 volume_mcm 1417 fill_percentage 23 source_org CWC
2025-04-03,Bhakra,,,,,reservoirs.earth (CWC-sourced weekly storage bulletin),https://reservoirs.earth/india/reservoirs/bhakra-gobind-sagar-in,2025-04-03,reading_date 2025-04-03 volume_mcm 1188 fill_percentage 19.07 source_org CWC
2025-04-11,Bhakra,,,,,reservoirs.earth (CWC-sourced weekly storage bulletin),https://reservoirs.earth/india/reservoirs/bhakra-gobind-sagar-in,2025-04-11,reading_date 2025-04-11 volume_mcm 1192 fill_percentage 19.14 source_org CWC
2025-04-17,Bhakra,,,,,reservoirs.earth (CWC-sourced weekly storage bulletin),https://reservoirs.earth/india/reservoirs/bhakra-gobind-sagar-in,2025-04-17,reading_date 2025-04-17 volume_mcm 1222 fill_percentage 19.62 source_org CWC
2025-04-24,Bhakra,,,,,reservoirs.earth (CWC-sourced weekly storage bulletin),https://reservoirs.earth/india/reservoirs/bhakra-gobind-sagar-in,2025-04-24,reading_date 2025-04-24 volume_mcm 1290 fill_percentage 20.71 source_org CWC
2025-05-01,Bhakra,,,,,reservoirs.earth (CWC-sourced weekly storage bulletin),https://reservoirs.earth/india/reservoirs/bhakra-gobind-sagar-in,2025-05-01,reading_date 2025-05-01 volume_mcm 1243 fill_percentage 19.95 source_org CWC
2025-05-08,Bhakra,,,,,reservoirs.earth (CWC-sourced weekly storage bulletin),https://reservoirs.earth/india/reservoirs/bhakra-gobind-sagar-in,2025-05-08,reading_date 2025-05-08 volume_mcm 1273 fill_percentage 20.44 source_org CWC
2025-05-15,Bhakra,,,,,reservoirs.earth (CWC-sourced weekly storage bulletin),https://reservoirs.earth/india/reservoirs/bhakra-gobind-sagar-in,2025-05-15,reading_date 2025-05-15 volume_mcm 1329 fill_percentage 21.34 source_org CWC
2025-05-22,Bhakra,,,,,reservoirs.earth (CWC-sourced weekly storage bulletin),https://reservoirs.earth/india/reservoirs/bhakra-gobind-sagar-in,2025-05-22,reading_date 2025-05-22 volume_mcm 1323 fill_percentage 21.24 source_org CWC
2025-05-29,Bhakra,,,,,reservoirs.earth (CWC-sourced weekly storage bulletin),https://reservoirs.earth/india/reservoirs/bhakra-gobind-sagar-in,2025-05-29,reading_date 2025-05-29 volume_mcm 1387 fill_percentage 22.27 source_org CWC
2025-06-05,Bhakra,,,,,reservoirs.earth (CWC-sourced weekly storage bulletin),https://reservoirs.earth/india/reservoirs/bhakra-gobind-sagar-in,2025-06-05,reading_date 2025-06-05 volume_mcm 1359 fill_percentage 21.82 source_org CWC
2025-06-12,Bhakra,,,,,reservoirs.earth (CWC-sourced weekly storage bulletin),https://reservoirs.earth/india/reservoirs/bhakra-gobind-sagar-in,2025-06-12,reading_date 2025-06-12 volume_mcm 1239 fill_percentage 19.89 source_org CWC
2025-06-19,Bhakra,,,,,reservoirs.earth (CWC-sourced weekly storage bulletin),https://reservoirs.earth/india/reservoirs/bhakra-gobind-sagar-in,2025-06-19,reading_date 2025-06-19 volume_mcm 1350 fill_percentage 21.67 source_org CWC
2025-06-26,Bhakra,,,,,reservoirs.earth (CWC-sourced weekly storage bulletin),https://reservoirs.earth/india/reservoirs/bhakra-gobind-sagar-in,2025-06-26,reading_date 2025-06-26 volume_mcm 1485 fill_percentage 23.84 source_org CWC
2025-07-03,Bhakra,,,,,reservoirs.earth (CWC-sourced weekly storage bulletin),https://reservoirs.earth/india/reservoirs/bhakra-gobind-sagar-in,2025-07-03,reading_date 2025-07-03 volume_mcm 1822 fill_percentage 29.25 source_org CWC
2025-07-11,Bhakra,,,,,reservoirs.earth (CWC-sourced weekly storage bulletin),https://reservoirs.earth/india/reservoirs/bhakra-gobind-sagar-in,2025-07-11,reading_date 2025-07-11 volume_mcm 2094 fill_percentage 33.62 source_org CWC
2025-07-17,Bhakra,,,,,reservoirs.earth (CWC-sourced weekly storage bulletin),https://reservoirs.earth/india/reservoirs/bhakra-gobind-sagar-in,2025-07-17,reading_date 2025-07-17 volume_mcm 2229 fill_percentage 35.78 source_org CWC
2025-07-24,Bhakra,,,,,reservoirs.earth (CWC-sourced weekly storage bulletin),https://reservoirs.earth/india/reservoirs/bhakra-gobind-sagar-in,2025-07-24,reading_date 2025-07-24 volume_mcm 2702 fill_percentage 43.38 source_org CWC
2025-07-31,Bhakra,,,,,reservoirs.earth (CWC-sourced weekly storage bulletin),https://reservoirs.earth/india/reservoirs/bhakra-gobind-sagar-in,2025-07-31,reading_date 2025-07-31 volume_mcm 3408 fill_percentage 54.71 source_org CWC
2025-08-07,Bhakra,,,,,reservoirs.earth (CWC-sourced weekly storage bulletin),https://reservoirs.earth/india/reservoirs/bhakra-gobind-sagar-in,2025-08-07,reading_date 2025-08-07 volume_mcm 3785 fill_percentage 60.76 source_org CWC
2025-08-14,Bhakra,,,,,reservoirs.earth (CWC-sourced weekly storage bulletin),https://reservoirs.earth/india/reservoirs/bhakra-gobind-sagar-in,2025-08-14,reading_date 2025-08-14 volume_mcm 4358 fill_percentage 69.96 source_org CWC
2025-08-26,Bhakra,,,,,reservoirs.earth (CWC-sourced weekly storage bulletin),https://reservoirs.earth/india/reservoirs/bhakra-gobind-sagar-in,2025-08-26,reading_date 2025-08-26 volume_mcm 5012 fill_percentage 80.46 source_org CWC
2025-08-28,Bhakra,,,,,reservoirs.earth (CWC-sourced weekly storage bulletin),https://reservoirs.earth/india/reservoirs/bhakra-gobind-sagar-in,2025-08-28,reading_date 2025-08-28 volume_mcm 5269 fill_percentage 84.59 source_org CWC
2025-09-05,Bhakra,,,,,reservoirs.earth (CWC-sourced weekly storage bulletin),https://reservoirs.earth/india/reservoirs/bhakra-gobind-sagar-in,2025-09-05,reading_date 2025-09-05 volume_mcm 5606 fill_percentage 90 source_org CWC
2025-09-11,Bhakra,,,,,reservoirs.earth (CWC-sourced weekly storage bulletin),https://reservoirs.earth/india/reservoirs/bhakra-gobind-sagar-in,2025-09-11,reading_date 2025-09-11 volume_mcm 5512 fill_percentage 88.49 source_org CWC
2025-09-18,Bhakra,,,,,reservoirs.earth (CWC-sourced weekly storage bulletin),https://reservoirs.earth/india/reservoirs/bhakra-gobind-sagar-in,2025-09-18,reading_date 2025-09-18 volume_mcm 5504 fill_percentage 88.36 source_org CWC
2025-09-25,Bhakra,,,,,reservoirs.earth (CWC-sourced weekly storage bulletin),https://reservoirs.earth/india/reservoirs/bhakra-gobind-sagar-in,2025-09-25,reading_date 2025-09-25 volume_mcm 5421 fill_percentage 87.03 source_org CWC
2025-10-07,Bhakra,,,,,reservoirs.earth (CWC-sourced weekly storage bulletin),https://reservoirs.earth/india/reservoirs/bhakra-gobind-sagar-in,2025-10-07,reading_date 2025-10-07 volume_mcm 5327 fill_percentage 85.52 source_org CWC
2025-10-09,Bhakra,,,,,reservoirs.earth (CWC-sourced weekly storage bulletin),https://reservoirs.earth/india/reservoirs/bhakra-gobind-sagar-in,2025-10-09,reading_date 2025-10-09 volume_mcm 5180 fill_percentage 83.16 source_org CWC
2025-10-16,Bhakra,,,,,reservoirs.earth (CWC-sourced weekly storage bulletin),https://reservoirs.earth/india/reservoirs/bhakra-gobind-sagar-in,2025-10-16,reading_date 2025-10-16 volume_mcm 5223 fill_percentage 83.85 source_org CWC
2025-10-23,Bhakra,,,,,reservoirs.earth (CWC-sourced weekly storage bulletin),https://reservoirs.earth/india/reservoirs/bhakra-gobind-sagar-in,2025-10-23,reading_date 2025-10-23 volume_mcm 5262 fill_percentage 84.48 source_org CWC
2025-10-30,Bhakra,,,,,reservoirs.earth (CWC-sourced weekly storage bulletin),https://reservoirs.earth/india/reservoirs/bhakra-gobind-sagar-in,2025-10-30,reading_date 2025-10-30 volume_mcm 5285 fill_percentage 84.85 source_org CWC
2025-11-06,Bhakra,,,,,reservoirs.earth (CWC-sourced weekly storage bulletin),https://reservoirs.earth/india/reservoirs/bhakra-gobind-sagar-in,2025-11-06,reading_date 2025-11-06 volume_mcm 5303 fill_percentage 85.13 source_org CWC
2025-11-13,Bhakra,,,,,reservoirs.earth (CWC-sourced weekly storage bulletin),https://reservoirs.earth/india/reservoirs/bhakra-gobind-sagar-in,2025-11-13,reading_date 2025-11-13 volume_mcm 5321 fill_percentage 85.42 source_org CWC
2025-11-20,Bhakra,,,,,reservoirs.earth (CWC-sourced weekly storage bulletin),https://reservoirs.earth/india/reservoirs/bhakra-gobind-sagar-in,2025-11-20,reading_date 2025-11-20 volume_mcm 5305 fill_percentage 85.16 source_org CWC
2025-11-27,Bhakra,,,,,reservoirs.earth (CWC-sourced weekly storage bulletin),https://reservoirs.earth/india/reservoirs/bhakra-gobind-sagar-in,2025-11-27,reading_date 2025-11-27 volume_mcm 5098 fill_percentage 81.84 source_org CWC
2025-12-04,Bhakra,,,,,reservoirs.earth (CWC-sourced weekly storage bulletin),https://reservoirs.earth/india/reservoirs/bhakra-gobind-sagar-in,2025-12-04,reading_date 2025-12-04 volume_mcm 4874 fill_percentage 78.25 source_org CWC
2025-12-11,Bhakra,,,,,reservoirs.earth (CWC-sourced weekly storage bulletin),https://reservoirs.earth/india/reservoirs/bhakra-gobind-sagar-in,2025-12-11,reading_date 2025-12-11 volume_mcm 4733 fill_percentage 75.98 source_org CWC
2025-12-18,Bhakra,,,,,reservoirs.earth (CWC-sourced weekly storage bulletin),https://reservoirs.earth/india/reservoirs/bhakra-gobind-sagar-in,2025-12-18,reading_date 2025-12-18 volume_mcm 4577 fill_percentage 73.47 source_org CWC
2025-12-26,Bhakra,,,,,reservoirs.earth (CWC-sourced weekly storage bulletin),https://reservoirs.earth/india/reservoirs/bhakra-gobind-sagar-in,2025-12-26,reading_date 2025-12-26 volume_mcm 4352 fill_percentage 69.87 source_org CWC
2026-01-01,Bhakra,,,,,reservoirs.earth (CWC-sourced weekly storage bulletin),https://reservoirs.earth/india/reservoirs/bhakra-gobind-sagar-in,2026-01-01,reading_date 2026-01-01 volume_mcm 4219 fill_percentage 67.73 source_org CWC
2026-01-22,Bhakra,,,,,reservoirs.earth (CWC-sourced weekly storage bulletin),https://reservoirs.earth/india/reservoirs/bhakra-gobind-sagar-in,2026-01-22,reading_date 2026-01-22 volume_mcm 3791 fill_percentage 60.86 source_org CWC
2026-01-29,Bhakra,,,,,reservoirs.earth (CWC-sourced weekly storage bulletin),https://reservoirs.earth/india/reservoirs/bhakra-gobind-sagar-in,2026-01-29,reading_date 2026-01-29 volume_mcm 3711 fill_percentage 59.57 source_org CWC
2026-02-05,Bhakra,,,,,reservoirs.earth (CWC-sourced weekly storage bulletin),https://reservoirs.earth/india/reservoirs/bhakra-gobind-sagar-in,2026-02-05,reading_date 2026-02-05 volume_mcm 3597 fill_percentage 57.75 source_org CWC
2026-02-12,Bhakra,,,,,reservoirs.earth (CWC-sourced weekly storage bulletin),https://reservoirs.earth/india/reservoirs/bhakra-gobind-sagar-in,2026-02-12,reading_date 2026-02-12 volume_mcm 3443 fill_percentage 55.27 source_org CWC
2026-02-19,Bhakra,,,,,reservoirs.earth (CWC-sourced weekly storage bulletin),https://reservoirs.earth/india/reservoirs/bhakra-gobind-sagar-in,2026-02-19,reading_date 2026-02-19 volume_mcm 3271 fill_percentage 52.51 source_org CWC
2026-02-26,Bhakra,,,,,reservoirs.earth (CWC-sourced weekly storage bulletin),https://reservoirs.earth/india/reservoirs/bhakra-gobind-sagar-in,2026-02-26,reading_date 2026-02-26 volume_mcm 3088 fill_percentage 49.58 source_org CWC
2026-03-12,Bhakra,,,,,reservoirs.earth (CWC-sourced weekly storage bulletin),https://reservoirs.earth/india/reservoirs/bhakra-gobind-sagar-in,2026-03-12,reading_date 2026-03-12 volume_mcm 2659 fill_percentage 42.68 source_org CWC
2026-03-19,Bhakra,,,,,reservoirs.earth (CWC-sourced weekly storage bulletin),https://reservoirs.earth/india/reservoirs/bhakra-gobind-sagar-in,2026-03-19,reading_date 2026-03-19 volume_mcm 2476 fill_percentage 39.75 source_org CWC
2026-03-27,Bhakra,,,,,reservoirs.earth (CWC-sourced weekly storage bulletin),https://reservoirs.earth/india/reservoirs/bhakra-gobind-sagar-in,2026-03-27,reading_date 2026-03-27 volume_mcm 2397 fill_percentage 38.48 source_org CWC
2026-04-02,Bhakra,,,,,reservoirs.earth (CWC-sourced weekly storage bulletin),https://reservoirs.earth/india/reservoirs/bhakra-gobind-sagar-in,2026-04-02,reading_date 2026-04-02 volume_mcm 2343 fill_percentage 37.61 source_org CWC
2026-04-09,Bhakra,,,,,reservoirs.earth (CWC-sourced weekly storage bulletin),https://reservoirs.earth/india/reservoirs/bhakra-gobind-sagar-in,2026-04-09,reading_date 2026-04-09 volume_mcm 2316 fill_percentage 37.17 source_org CWC
2026-04-16,Bhakra,,,,,reservoirs.earth (CWC-sourced weekly storage bulletin),https://reservoirs.earth/india/reservoirs/bhakra-gobind-sagar-in,2026-04-16,reading_date 2026-04-16 volume_mcm 2295 fill_percentage 36.85 source_org CWC
2026-04-23,Bhakra,,,,,reservoirs.earth (CWC-sourced weekly storage bulletin),https://reservoirs.earth/india/reservoirs/bhakra-gobind-sagar-in,2026-04-23,reading_date 2026-04-23 volume_mcm 2232 fill_percentage 35.84 source_org CWC
2026-04-30,Bhakra,,,,,reservoirs.earth (CWC-sourced weekly storage bulletin),https://reservoirs.earth/india/reservoirs/bhakra-gobind-sagar-in,2026-04-30,reading_date 2026-04-30 volume_mcm 2165 fill_percentage 34.76 source_org CWC
2026-05-07,Bhakra,,,,,reservoirs.earth (CWC-sourced weekly storage bulletin),https://reservoirs.earth/india/reservoirs/bhakra-gobind-sagar-in,2026-05-07,reading_date 2026-05-07 volume_mcm 2059 fill_percentage 33.05 source_org CWC
2026-05-14,Bhakra,,,,,reservoirs.earth (CWC-sourced weekly storage bulletin),https://reservoirs.earth/india/reservoirs/bhakra-gobind-sagar-in,2026-05-14,reading_date 2026-05-14 volume_mcm 1985 fill_percentage 31.87 source_org CWC
2026-05-21,Bhakra,,,,,reservoirs.earth (CWC-sourced weekly storage bulletin),https://reservoirs.earth/india/reservoirs/bhakra-gobind-sagar-in,2026-05-21,reading_date 2026-05-21 volume_mcm 1880 fill_percentage 30.17 source_org CWC
2026-05-29,Bhakra,,,,,reservoirs.earth (CWC-sourced weekly storage bulletin),https://reservoirs.earth/india/reservoirs/bhakra-gobind-sagar-in,2026-05-29,reading_date 2026-05-29 volume_mcm 1845 fill_percentage 29.62 source_org CWC
2026-05-31,Bhakra,,,,,reservoirs.earth (CWC-sourced weekly storage bulletin),https://reservoirs.earth/india/reservoirs/bhakra-gobind-sagar-in,2026-05-31,"reading_date 2026-05-31 volume_mcm 1188 fill_percentage 19.072 source_org CWC — Central Water Commission, India"
2026-06-04,Bhakra,,,,,reservoirs.earth (CWC-sourced weekly storage bulletin),https://reservoirs.earth/india/reservoirs/bhakra-gobind-sagar-in,2026-06-04,reading_date 2026-06-04 volume_mcm 1844 fill_percentage 29.6 source_org CWC
2026-06-25,Bhakra,,,,,reservoirs.earth (CWC-sourced weekly storage bulletin),https://reservoirs.earth/india/reservoirs/bhakra-gobind-sagar-in,2026-06-25,reading_date 2026-06-25 volume_mcm 1360 fill_percentage 21.84 source_org CWC
2026-07-02,Bhakra,,,,,reservoirs.earth (CWC-sourced weekly storage bulletin),https://reservoirs.earth/india/reservoirs/bhakra-gobind-sagar-in,2026-07-02,reading_date 2026-07-02 volume_mcm 1330 fill_percentage 21.36 source_org CWC
2026-07-09,Bhakra,,,,,reservoirs.earth (CWC-sourced weekly storage bulletin),https://reservoirs.earth/india/reservoirs/bhakra-gobind-sagar-in,2026-07-09,reading_date 2026-07-09 volume_mcm 1565 fill_percentage 25.13 source_org CWC
2026-07-16,Bhakra,,,,,reservoirs.earth (CWC-sourced weekly storage bulletin),https://reservoirs.earth/india/reservoirs/bhakra-gobind-sagar-in,2026-07-16,reading_date 2026-07-16 volume_mcm 1863 fill_percentage 29.9 source_org CWC
2026-07-23,Bhakra,,,,,reservoirs.earth (CWC-sourced weekly storage bulletin),https://reservoirs.earth/india/reservoirs/bhakra-gobind-sagar-in,2026-07-23,reading_date 2026-07-23 volume_mcm 2046 fill_percentage 32.85 source_org CWC
2026-07-30,Bhakra,,,,,reservoirs.earth (CWC-sourced weekly storage bulletin),https://reservoirs.earth/india/reservoirs/bhakra-gobind-sagar-in,2026-07-30,reading_date 2026-07-30 volume_mcm 2320 fill_percentage 37.25 source_org CWC
2026-08-06,Bhakra,,,,,reservoirs.earth (CWC-sourced weekly storage bulletin),https://reservoirs.earth/india/reservoirs/bhakra-gobind-sagar-in,2026-08-06,reading_date 2026-08-06 volume_mcm 2662 fill_percentage 42.73 source_org CWC
2026-08-13,Bhakra,,,,,reservoirs.earth (CWC-sourced weekly storage bulletin),https://reservoirs.earth/india/reservoirs/bhakra-gobind-sagar-in,2026-08-13,reading_date 2026-08-13 volume_mcm 2980 fill_percentage 47.84 source_org CWC
2026-08-20,Bhakra,,,,,reservoirs.earth (CWC-sourced weekly storage bulletin),https://reservoirs.earth/india/reservoirs/bhakra-gobind-sagar-in,2026-08-20,reading_date 2026-08-20 volume_mcm 3356 fill_percentage 53.87 source_org CWC
2026-08-27,Bhakra,,,,,reservoirs.earth (CWC-sourced weekly storage bulletin),https://reservoirs.earth/india/reservoirs/bhakra-gobind-sagar-in,2026-08-27,reading_date 2026-08-27 volume_mcm 3606 fill_percentage 57.89 source_org CWC
2026-09-03,Bhakra,,,,,reservoirs.earth (CWC-sourced weekly storage bulletin),https://reservoirs.earth/india/reservoirs/bhakra-gobind-sagar-in,2026-09-03,reading_date 2026-09-03 volume_mcm 3816 fill_percentage 61.26 source_org CWC
2026-09-10,Bhakra,,,,,reservoirs.earth (CWC-sourced weekly storage bulletin),https://reservoirs.earth/india/reservoirs/bhakra-gobind-sagar-in,2026-09-10,reading_date 2026-09-10 volume_mcm 3994 fill_percentage 64.13 source_org CWC
2025-04-03,Pong,,,,,reservoirs.earth (CWC-sourced weekly storage bulletin),https://reservoirs.earth/india/reservoirs/pong-maharana-pratap-sagar-in,2025-04-03,reading_date 2025-04-03 volume_mcm 799 fill_percentage 12.98 source_org CWC
2025-04-11,Pong,,,,,reservoirs.earth (CWC-sourced weekly storage bulletin),https://reservoirs.earth/india/reservoirs/pong-maharana-pratap-sagar-in,2025-04-11,reading_date 2025-04-11 volume_mcm 757 fill_percentage 12.29 source_org CWC
2025-04-17,Pong,,,,,reservoirs.earth (CWC-sourced weekly storage bulletin),https://reservoirs.earth/india/reservoirs/pong-maharana-pratap-sagar-in,2025-04-17,reading_date 2025-04-17 volume_mcm 736 fill_percentage 11.95 source_org CWC
2025-04-24,Pong,,,,,reservoirs.earth (CWC-sourced weekly storage bulletin),https://reservoirs.earth/india/reservoirs/pong-maharana-pratap-sagar-in,2025-04-24,reading_date 2025-04-24 volume_mcm 724 fill_percentage 11.76 source_org CWC
2025-05-01,Pong,,,,,reservoirs.earth (CWC-sourced weekly storage bulletin),https://reservoirs.earth/india/reservoirs/pong-maharana-pratap-sagar-in,2025-05-01,reading_date 2025-05-01 volume_mcm 719 fill_percentage 11.68 source_org CWC
2025-05-08,Pong,,,,,reservoirs.earth (CWC-sourced weekly storage bulletin),https://reservoirs.earth/india/reservoirs/pong-maharana-pratap-sagar-in,2025-05-08,reading_date 2025-05-08 volume_mcm 720 fill_percentage 11.69 source_org CWC
2025-05-15,Pong,,,,,reservoirs.earth (CWC-sourced weekly storage bulletin),https://reservoirs.earth/india/reservoirs/pong-maharana-pratap-sagar-in,2025-05-15,reading_date 2025-05-15 volume_mcm 721 fill_percentage 11.71 source_org CWC
2025-05-22,Pong,,,,,reservoirs.earth (CWC-sourced weekly storage bulletin),https://reservoirs.earth/india/reservoirs/pong-maharana-pratap-sagar-in,2025-05-22,reading_date 2025-05-22 volume_mcm 719 fill_percentage 11.68 source_org CWC
2025-05-29,Pong,,,,,reservoirs.earth (CWC-sourced weekly storage bulletin),https://reservoirs.earth/india/reservoirs/pong-maharana-pratap-sagar-in,2025-05-29,reading_date 2025-05-29 volume_mcm 764 fill_percentage 12.41 source_org CWC
2025-06-05,Pong,,,,,reservoirs.earth (CWC-sourced weekly storage bulletin),https://reservoirs.earth/india/reservoirs/pong-maharana-pratap-sagar-in,2025-06-05,reading_date 2025-06-05 volume_mcm 769 fill_percentage 12.49 source_org CWC
2025-06-12,Pong,,,,,reservoirs.earth (CWC-sourced weekly storage bulletin),https://reservoirs.earth/india/reservoirs/pong-maharana-pratap-sagar-in,2025-06-12,reading_date 2025-06-12 volume_mcm 636 fill_percentage 10.33 source_org CWC
2025-06-19,Pong,,,,,reservoirs.earth (CWC-sourced weekly storage bulletin),https://reservoirs.earth/india/reservoirs/pong-maharana-pratap-sagar-in,2025-06-19,reading_date 2025-06-19 volume_mcm 561 fill_percentage 9.11 source_org CWC
2025-06-26,Pong,,,,,reservoirs.earth (CWC-sourced weekly storage bulletin),https://reservoirs.earth/india/reservoirs/pong-maharana-pratap-sagar-in,2025-06-26,reading_date 2025-06-26 volume_mcm 699 fill_percentage 11.35 source_org CWC
2025-07-03,Pong,,,,,reservoirs.earth (CWC-sourced weekly storage bulletin),https://reservoirs.earth/india/reservoirs/pong-maharana-pratap-sagar-in,2025-07-03,reading_date 2025-07-03 volume_mcm 1669 fill_percentage 27.11 source_org CWC
2025-07-11,Pong,,,,,reservoirs.earth (CWC-sourced weekly storage bulletin),https://reservoirs.earth/india/reservoirs/pong-maharana-pratap-sagar-in,2025-07-11,reading_date 2025-07-11 volume_mcm 1910 fill_percentage 31.02 source_org CWC
2025-07-17,Pong,,,,,reservoirs.earth (CWC-sourced weekly storage bulletin),https://reservoirs.earth/india/reservoirs/pong-maharana-pratap-sagar-in,2025-07-17,reading_date 2025-07-17 volume_mcm 2059 fill_percentage 33.44 source_org CWC
2025-07-24,Pong,,,,,reservoirs.earth (CWC-sourced weekly storage bulletin),https://reservoirs.earth/india/reservoirs/pong-maharana-pratap-sagar-in,2025-07-24,reading_date 2025-07-24 volume_mcm 2647 fill_percentage 42.99 source_org CWC
2025-07-31,Pong,,,,,reservoirs.earth (CWC-sourced weekly storage bulletin),https://reservoirs.earth/india/reservoirs/pong-maharana-pratap-sagar-in,2025-07-31,reading_date 2025-07-31 volume_mcm 3439 fill_percentage 55.86 source_org CWC
2025-08-07,Pong,,,,,reservoirs.earth (CWC-sourced weekly storage bulletin),https://reservoirs.earth/india/reservoirs/pong-maharana-pratap-sagar-in,2025-08-07,reading_date 2025-08-07 volume_mcm 4702 fill_percentage 76.37 source_org CWC
2025-08-14,Pong,,,,,reservoirs.earth (CWC-sourced weekly storage bulletin),https://reservoirs.earth/india/reservoirs/pong-maharana-pratap-sagar-in,2025-08-14,reading_date 2025-08-14 volume_mcm 4806 fill_percentage 78.06 source_org CWC
2025-08-26,Pong,,,,,reservoirs.earth (CWC-sourced weekly storage bulletin),https://reservoirs.earth/india/reservoirs/pong-maharana-pratap-sagar-in,2025-08-26,reading_date 2025-08-26 volume_mcm 5364 fill_percentage 87.12 source_org CWC
2025-08-28,Pong,,,,,reservoirs.earth (CWC-sourced weekly storage bulletin),https://reservoirs.earth/india/reservoirs/pong-maharana-pratap-sagar-in,2025-08-28,reading_date 2025-08-28 volume_mcm 6039 fill_percentage 98.08 source_org CWC
2025-09-05,Pong,,,,,reservoirs.earth (CWC-sourced weekly storage bulletin),https://reservoirs.earth/india/reservoirs/pong-maharana-pratap-sagar-in,2025-09-05,reading_date 2025-09-05 volume_mcm 6118 fill_percentage 99.37 source_org CWC
2025-09-11,Pong,,,,,reservoirs.earth (CWC-sourced weekly storage bulletin),https://reservoirs.earth/india/reservoirs/pong-maharana-pratap-sagar-in,2025-09-11,reading_date 2025-09-11 volume_mcm 5797 fill_percentage 94.15 source_org CWC
2025-09-18,Pong,,,,,reservoirs.earth (CWC-sourced weekly storage bulletin),https://reservoirs.earth/india/reservoirs/pong-maharana-pratap-sagar-in,2025-09-18,reading_date 2025-09-18 volume_mcm 6146 fill_percentage 99.82 source_org CWC
2025-09-25,Pong,,,,,reservoirs.earth (CWC-sourced weekly storage bulletin),https://reservoirs.earth/india/reservoirs/pong-maharana-pratap-sagar-in,2025-09-25,reading_date 2025-09-25 volume_mcm 5828 fill_percentage 94.66 source_org CWC
2025-10-07,Pong,,,,,reservoirs.earth (CWC-sourced weekly storage bulletin),https://reservoirs.earth/india/reservoirs/pong-maharana-pratap-sagar-in,2025-10-07,reading_date 2025-10-07 volume_mcm 5687 fill_percentage 92.37 source_org CWC
2025-10-09,Pong,,,,,reservoirs.earth (CWC-sourced weekly storage bulletin),https://reservoirs.earth/india/reservoirs/pong-maharana-pratap-sagar-in,2025-10-09,reading_date 2025-10-09 volume_mcm 5346 fill_percentage 86.83 source_org CWC
2025-10-16,Pong,,,,,reservoirs.earth (CWC-sourced weekly storage bulletin),https://reservoirs.earth/india/reservoirs/pong-maharana-pratap-sagar-in,2025-10-16,reading_date 2025-10-16 volume_mcm 5226 fill_percentage 84.88 source_org CWC
2025-10-23,Pong,,,,,reservoirs.earth (CWC-sourced weekly storage bulletin),https://reservoirs.earth/india/reservoirs/pong-maharana-pratap-sagar-in,2025-10-23,reading_date 2025-10-23 volume_mcm 5054 fill_percentage 82.09 source_org CWC
2025-10-30,Pong,,,,,reservoirs.earth (CWC-sourced weekly storage bulletin),https://reservoirs.earth/india/reservoirs/pong-maharana-pratap-sagar-in,2025-10-30,reading_date 2025-10-30 volume_mcm 4921 fill_percentage 79.93 source_org CWC
2025-11-06,Pong,,,,,reservoirs.earth (CWC-sourced weekly storage bulletin),https://reservoirs.earth/india/reservoirs/pong-maharana-pratap-sagar-in,2025-11-06,reading_date 2025-11-06 volume_mcm 4799 fill_percentage 77.94 source_org CWC
2025-11-13,Pong,,,,,reservoirs.earth (CWC-sourced weekly storage bulletin),https://reservoirs.earth/india/reservoirs/pong-maharana-pratap-sagar-in,2025-11-13,reading_date 2025-11-13 volume_mcm 4665 fill_percentage 75.77 source_org CWC
2025-11-20,Pong,,,,,reservoirs.earth (CWC-sourced weekly storage bulletin),https://reservoirs.earth/india/reservoirs/pong-maharana-pratap-sagar-in,2025-11-20,reading_date 2025-11-20 volume_mcm 4534 fill_percentage 73.63 source_org CWC
2025-11-27,Pong,,,,,reservoirs.earth (CWC-sourced weekly storage bulletin),https://reservoirs.earth/india/reservoirs/pong-maharana-pratap-sagar-in,2025-11-27,reading_date 2025-11-27 volume_mcm 4543 fill_percentage 73.78 source_org CWC
2025-12-04,Pong,,,,,reservoirs.earth (CWC-sourced weekly storage bulletin),https://reservoirs.earth/india/reservoirs/pong-maharana-pratap-sagar-in,2025-12-04,reading_date 2025-12-04 volume_mcm 4518 fill_percentage 73.38 source_org CWC
2025-12-11,Pong,,,,,reservoirs.earth (CWC-sourced weekly storage bulletin),https://reservoirs.earth/india/reservoirs/pong-maharana-pratap-sagar-in,2025-12-11,reading_date 2025-12-11 volume_mcm 4389 fill_percentage 71.28 source_org CWC
2025-12-18,Pong,,,,,reservoirs.earth (CWC-sourced weekly storage bulletin),https://reservoirs.earth/india/reservoirs/pong-maharana-pratap-sagar-in,2025-12-18,reading_date 2025-12-18 volume_mcm 4206 fill_percentage 68.31 source_org CWC
2025-12-26,Pong,,,,,reservoirs.earth (CWC-sourced weekly storage bulletin),https://reservoirs.earth/india/reservoirs/pong-maharana-pratap-sagar-in,2025-12-26,reading_date 2025-12-26 volume_mcm 4047 fill_percentage 65.72 source_org CWC
2026-01-01,Pong,,,,,reservoirs.earth (CWC-sourced weekly storage bulletin),https://reservoirs.earth/india/reservoirs/pong-maharana-pratap-sagar-in,2026-01-01,reading_date 2026-01-01 volume_mcm 3870 fill_percentage 62.86 source_org CWC
2026-01-22,Pong,,,,,reservoirs.earth (CWC-sourced weekly storage bulletin),https://reservoirs.earth/india/reservoirs/pong-maharana-pratap-sagar-in,2026-01-22,reading_date 2026-01-22 volume_mcm 3280 fill_percentage 53.28 source_org CWC
2026-01-29,Pong,,,,,reservoirs.earth (CWC-sourced weekly storage bulletin),https://reservoirs.earth/india/reservoirs/pong-maharana-pratap-sagar-in,2026-01-29,reading_date 2026-01-29 volume_mcm 3208 fill_percentage 52.11 source_org CWC
2026-02-05,Pong,,,,,reservoirs.earth (CWC-sourced weekly storage bulletin),https://reservoirs.earth/india/reservoirs/pong-maharana-pratap-sagar-in,2026-02-05,reading_date 2026-02-05 volume_mcm 3118 fill_percentage 50.65 source_org CWC
2026-02-12,Pong,,,,,reservoirs.earth (CWC-sourced weekly storage bulletin),https://reservoirs.earth/india/reservoirs/pong-maharana-pratap-sagar-in,2026-02-12,reading_date 2026-02-12 volume_mcm 3025 fill_percentage 49.13 source_org CWC
2026-02-19,Pong,,,,,reservoirs.earth (CWC-sourced weekly storage bulletin),https://reservoirs.earth/india/reservoirs/pong-maharana-pratap-sagar-in,2026-02-19,reading_date 2026-02-19 volume_mcm 2940 fill_percentage 47.76 source_org CWC
2026-02-26,Pong,,,,,reservoirs.earth (CWC-sourced weekly storage bulletin),https://reservoirs.earth/india/reservoirs/pong-maharana-pratap-sagar-in,2026-02-26,reading_date 2026-02-26 volume_mcm 2843 fill_percentage 46.18 source_org CWC
2026-03-12,Pong,,,,,reservoirs.earth (CWC-sourced weekly storage bulletin),https://reservoirs.earth/india/reservoirs/pong-maharana-pratap-sagar-in,2026-03-12,reading_date 2026-03-12 volume_mcm 2478 fill_percentage 40.25 source_org CWC
2026-03-19,Pong,,,,,reservoirs.earth (CWC-sourced weekly storage bulletin),https://reservoirs.earth/india/reservoirs/pong-maharana-pratap-sagar-in,2026-03-19,reading_date 2026-03-19 volume_mcm 2336 fill_percentage 37.94 source_org CWC
2026-03-27,Pong,,,,,reservoirs.earth (CWC-sourced weekly storage bulletin),https://reservoirs.earth/india/reservoirs/pong-maharana-pratap-sagar-in,2026-03-27,reading_date 2026-03-27 volume_mcm 2299 fill_percentage 37.34 source_org CWC
2026-04-02,Pong,,,,,reservoirs.earth (CWC-sourced weekly storage bulletin),https://reservoirs.earth/india/reservoirs/pong-maharana-pratap-sagar-in,2026-04-02,reading_date 2026-04-02 volume_mcm 2306 fill_percentage 37.46 source_org CWC
2026-04-09,Pong,,,,,reservoirs.earth (CWC-sourced weekly storage bulletin),https://reservoirs.earth/india/reservoirs/pong-maharana-pratap-sagar-in,2026-04-09,reading_date 2026-04-09 volume_mcm 2323 fill_percentage 37.72 source_org CWC
2026-04-16,Pong,,,,,reservoirs.earth (CWC-sourced weekly storage bulletin),https://reservoirs.earth/india/reservoirs/pong-maharana-pratap-sagar-in,2026-04-16,reading_date 2026-04-16 volume_mcm 2382 fill_percentage 38.69 source_org CWC
2026-04-23,Pong,,,,,reservoirs.earth (CWC-sourced weekly storage bulletin),https://reservoirs.earth/india/reservoirs/pong-maharana-pratap-sagar-in,2026-04-23,reading_date 2026-04-23 volume_mcm 2383 fill_percentage 38.7 source_org CWC
2026-04-30,Pong,,,,,reservoirs.earth (CWC-sourced weekly storage bulletin),https://reservoirs.earth/india/reservoirs/pong-maharana-pratap-sagar-in,2026-04-30,reading_date 2026-04-30 volume_mcm 2343 fill_percentage 38.05 source_org CWC
2026-05-07,Pong,,,,,reservoirs.earth (CWC-sourced weekly storage bulletin),https://reservoirs.earth/india/reservoirs/pong-maharana-pratap-sagar-in,2026-05-07,reading_date 2026-05-07 volume_mcm 2301 fill_percentage 37.37 source_org CWC
2026-05-14,Pong,,,,,reservoirs.earth (CWC-sourced weekly storage bulletin),https://reservoirs.earth/india/reservoirs/pong-maharana-pratap-sagar-in,2026-05-14,reading_date 2026-05-14 volume_mcm 2269 fill_percentage 36.85 source_org CWC
2026-05-21,Pong,,,,,reservoirs.earth (CWC-sourced weekly storage bulletin),https://reservoirs.earth/india/reservoirs/pong-maharana-pratap-sagar-in,2026-05-21,reading_date 2026-05-21 volume_mcm 2226 fill_percentage 36.16 source_org CWC
2026-05-29,Pong,,,,,reservoirs.earth (CWC-sourced weekly storage bulletin),https://reservoirs.earth/india/reservoirs/pong-maharana-pratap-sagar-in,2026-05-29,reading_date 2026-05-29 volume_mcm 2174 fill_percentage 35.31 source_org CWC
2026-05-31,Pong,,,,,reservoirs.earth (CWC-sourced weekly storage bulletin),https://reservoirs.earth/india/reservoirs/pong-maharana-pratap-sagar-in,2026-05-31,"reading_date 2026-05-31 volume_mcm 799 fill_percentage 12.977 source_org CWC — Central Water Commission, India"
2026-06-04,Pong,,,,,reservoirs.earth (CWC-sourced weekly storage bulletin),https://reservoirs.earth/india/reservoirs/pong-maharana-pratap-sagar-in,2026-06-04,reading_date 2026-06-04 volume_mcm 2161 fill_percentage 35.1 source_org CWC
2026-06-25,Pong,,,,,reservoirs.earth (CWC-sourced weekly storage bulletin),https://reservoirs.earth/india/reservoirs/pong-maharana-pratap-sagar-in,2026-06-25,reading_date 2026-06-25 volume_mcm 1684 fill_percentage 27.35 source_org CWC
2026-07-02,Pong,,,,,reservoirs.earth (CWC-sourced weekly storage bulletin),https://reservoirs.earth/india/reservoirs/pong-maharana-pratap-sagar-in,2026-07-02,reading_date 2026-07-02 volume_mcm 1575 fill_percentage 25.58 source_org CWC
2026-07-09,Pong,,,,,reservoirs.earth (CWC-sourced weekly storage bulletin),https://reservoirs.earth/india/reservoirs/pong-maharana-pratap-sagar-in,2026-07-09,reading_date 2026-07-09 volume_mcm 1645 fill_percentage 26.72 source_org CWC
2026-07-16,Pong,,,,,reservoirs.earth (CWC-sourced weekly storage bulletin),https://reservoirs.earth/india/reservoirs/pong-maharana-pratap-sagar-in,2026-07-16,reading_date 2026-07-16 volume_mcm 1770 fill_percentage 28.75 source_org CWC
2026-07-23,Pong,,,,,reservoirs.earth (CWC-sourced weekly storage bulletin),https://reservoirs.earth/india/reservoirs/pong-maharana-pratap-sagar-in,2026-07-23,reading_date 2026-07-23 volume_mcm 1960 fill_percentage 31.84 source_org CWC
2026-07-30,Pong,,,,,reservoirs.earth (CWC-sourced weekly storage bulletin),https://reservoirs.earth/india/reservoirs/pong-maharana-pratap-sagar-in,2026-07-30,reading_date 2026-07-30 volume_mcm 2486 fill_percentage 40.37 source_org CWC
2026-08-06,Pong,,,,,reservoirs.earth (CWC-sourced weekly storage bulletin),https://reservoirs.earth/india/reservoirs/pong-maharana-pratap-sagar-in,2026-08-06,reading_date 2026-08-06 volume_mcm 2892 fill_percentage 46.97 source_org CWC
2026-08-13,Pong,,,,,reservoirs.earth (CWC-sourced weekly storage bulletin),https://reservoirs.earth/india/reservoirs/pong-maharana-pratap-sagar-in,2026-08-13,reading_date 2026-08-13 volume_mcm 3301 fill_percentage 53.62 source_org CWC
2026-08-20,Pong,,,,,reservoirs.earth (CWC-sourced weekly storage bulletin),https://reservoirs.earth/india/reservoirs/pong-maharana-pratap-sagar-in,2026-08-20,reading_date 2026-08-20 volume_mcm 3814 fill_percentage 61.94 source_org CWC
2026-08-27,Pong,,,,,reservoirs.earth (CWC-sourced weekly storage bulletin),https://reservoirs.earth/india/reservoirs/pong-maharana-pratap-sagar-in,2026-08-27,reading_date 2026-08-27 volume_mcm 4104 fill_percentage 66.66 source_org CWC
2026-09-03,Pong,,,,,reservoirs.earth (CWC-sourced weekly storage bulletin),https://reservoirs.earth/india/reservoirs/pong-maharana-pratap-sagar-in,2026-09-03,reading_date 2026-09-03 volume_mcm 4398 fill_percentage 71.43 source_org CWC
2026-09-10,Pong,,,,,reservoirs.earth (CWC-sourced weekly storage bulletin),https://reservoirs.earth/india/reservoirs/pong-maharana-pratap-sagar-in,2026-09-10,reading_date 2026-09-10 volume_mcm 4544 fill_percentage 73.81 source_org CWC
2023-06-08,Ranjit Sagar,,,,,reservoirs.earth (CWC-sourced weekly storage bulletin),https://reservoirs.earth/india/reservoirs/ranjit-sagar-thein-in,2023-06-08,reading_date 2023-06-08 volume_mcm 1192 fill_percentage 51 source_org CWC
2023-06-15,Ranjit Sagar,,,,,reservoirs.earth (CWC-sourced weekly storage bulletin),https://reservoirs.earth/india/reservoirs/ranjit-sagar-thein-in,2023-06-15,reading_date 2023-06-15 volume_mcm 1233 fill_percentage 53 source_org CWC
2023-06-22,Ranjit Sagar,,,,,reservoirs.earth (CWC-sourced weekly storage bulletin),https://reservoirs.earth/india/reservoirs/ranjit-sagar-thein-in,2023-06-22,reading_date 2023-06-22 volume_mcm 1192 fill_percentage 51 source_org CWC
2023-06-29,Ranjit Sagar,,,,,reservoirs.earth (CWC-sourced weekly storage bulletin),https://reservoirs.earth/india/reservoirs/ranjit-sagar-thein-in,2023-06-29,reading_date 2023-06-29 volume_mcm 1233 fill_percentage 53 source_org CWC
2023-07-06,Ranjit Sagar,,,,,reservoirs.earth (CWC-sourced weekly storage bulletin),https://reservoirs.earth/india/reservoirs/ranjit-sagar-thein-in,2023-07-06,reading_date 2023-07-06 volume_mcm 1233 fill_percentage 53 source_org CWC
2023-07-13,Ranjit Sagar,,,,,reservoirs.earth (CWC-sourced weekly storage bulletin),https://reservoirs.earth/india/reservoirs/ranjit-sagar-thein-in,2023-07-13,reading_date 2023-07-13 volume_mcm 1959 fill_percentage 84 source_org CWC
2023-07-20,Ranjit Sagar,,,,,reservoirs.earth (CWC-sourced weekly storage bulletin),https://reservoirs.earth/india/reservoirs/ranjit-sagar-thein-in,2023-07-20,reading_date 2023-07-20 volume_mcm 2078 fill_percentage 89 source_org CWC
2023-07-27,Ranjit Sagar,,,,,reservoirs.earth (CWC-sourced weekly storage bulletin),https://reservoirs.earth/india/reservoirs/ranjit-sagar-thein-in,2023-07-27,reading_date 2023-07-27 volume_mcm 2039 fill_percentage 87 source_org CWC
2023-08-03,Ranjit Sagar,,,,,reservoirs.earth (CWC-sourced weekly storage bulletin),https://reservoirs.earth/india/reservoirs/ranjit-sagar-thein-in,2023-08-03,reading_date 2023-08-03 volume_mcm 1999 fill_percentage 85 source_org CWC
2023-08-10,Ranjit Sagar,,,,,reservoirs.earth (CWC-sourced weekly storage bulletin),https://reservoirs.earth/india/reservoirs/ranjit-sagar-thein-in,2023-08-10,reading_date 2023-08-10 volume_mcm 1959 fill_percentage 84 source_org CWC
2023-08-17,Ranjit Sagar,,,,,reservoirs.earth (CWC-sourced weekly storage bulletin),https://reservoirs.earth/india/reservoirs/ranjit-sagar-thein-in,2023-08-17,reading_date 2023-08-17 volume_mcm 1959 fill_percentage 84 source_org CWC
2023-08-24,Ranjit Sagar,,,,,reservoirs.earth (CWC-sourced weekly storage bulletin),https://reservoirs.earth/india/reservoirs/ranjit-sagar-thein-in,2023-08-24,reading_date 2023-08-24 volume_mcm 1760 fill_percentage 75 source_org CWC
2023-08-30,Ranjit Sagar,,,,,reservoirs.earth (CWC-sourced weekly storage bulletin),https://reservoirs.earth/india/reservoirs/ranjit-sagar-thein-in,2023-08-30,reading_date 2023-08-30 volume_mcm 1760 fill_percentage 75 source_org CWC
2023-09-06,Ranjit Sagar,,,,,reservoirs.earth (CWC-sourced weekly storage bulletin),https://reservoirs.earth/india/reservoirs/ranjit-sagar-thein-in,2023-09-06,reading_date 2023-09-06 volume_mcm 1721 fill_percentage 73 source_org CWC
2023-09-14,Ranjit Sagar,,,,,reservoirs.earth (CWC-sourced weekly storage bulletin),https://reservoirs.earth/india/reservoirs/ranjit-sagar-thein-in,2023-09-14,reading_date 2023-09-14 volume_mcm 1507 fill_percentage 64 source_org CWC
2023-09-21,Ranjit Sagar,,,,,reservoirs.earth (CWC-sourced weekly storage bulletin),https://reservoirs.earth/india/reservoirs/ranjit-sagar-thein-in,2023-09-21,reading_date 2023-09-21 volume_mcm 1507 fill_percentage 64 source_org CWC
2023-09-28,Ranjit Sagar,,,,,reservoirs.earth (CWC-sourced weekly storage bulletin),https://reservoirs.earth/india/reservoirs/ranjit-sagar-thein-in,2023-09-28,reading_date 2023-09-28 volume_mcm 1446 fill_percentage 62 source_org CWC
2023-10-05,Ranjit Sagar,,,,,reservoirs.earth (CWC-sourced weekly storage bulletin),https://reservoirs.earth/india/reservoirs/ranjit-sagar-thein-in,2023-10-05,reading_date 2023-10-05 volume_mcm 1416 fill_percentage 60 source_org CWC
2023-10-12,Ranjit Sagar,,,,,reservoirs.earth (CWC-sourced weekly storage bulletin),https://reservoirs.earth/india/reservoirs/ranjit-sagar-thein-in,2023-10-12,reading_date 2023-10-12 volume_mcm 1360 fill_percentage 58 source_org CWC
2023-10-19,Ranjit Sagar,,,,,reservoirs.earth (CWC-sourced weekly storage bulletin),https://reservoirs.earth/india/reservoirs/ranjit-sagar-thein-in,2023-10-19,reading_date 2023-10-19 volume_mcm 1360 fill_percentage 58 source_org CWC
2023-10-26,Ranjit Sagar,,,,,reservoirs.earth (CWC-sourced weekly storage bulletin),https://reservoirs.earth/india/reservoirs/ranjit-sagar-thein-in,2023-10-26,reading_date 2023-10-26 volume_mcm 1386 fill_percentage 59 source_org CWC
2023-11-02,Ranjit Sagar,,,,,reservoirs.earth (CWC-sourced weekly storage bulletin),https://reservoirs.earth/india/reservoirs/ranjit-sagar-thein-in,2023-11-02,reading_date 2023-11-02 volume_mcm 1360 fill_percentage 58 source_org CWC
2023-11-09,Ranjit Sagar,,,,,reservoirs.earth (CWC-sourced weekly storage bulletin),https://reservoirs.earth/india/reservoirs/ranjit-sagar-thein-in,2023-11-09,reading_date 2023-11-09 volume_mcm 1360 fill_percentage 58 source_org CWC
2023-11-16,Ranjit Sagar,,,,,reservoirs.earth (CWC-sourced weekly storage bulletin),https://reservoirs.earth/india/reservoirs/ranjit-sagar-thein-in,2023-11-16,reading_date 2023-11-16 volume_mcm 1318 fill_percentage 56 source_org CWC
2023-11-23,Ranjit Sagar,,,,,reservoirs.earth (CWC-sourced weekly storage bulletin),https://reservoirs.earth/india/reservoirs/ranjit-sagar-thein-in,2023-11-23,reading_date 2023-11-23 volume_mcm 1318 fill_percentage 56 source_org CWC
2023-11-30,Ranjit Sagar,,,,,reservoirs.earth (CWC-sourced weekly storage bulletin),https://reservoirs.earth/india/reservoirs/ranjit-sagar-thein-in,2023-11-30,reading_date 2023-11-30 volume_mcm 1318 fill_percentage 56 source_org CWC
2023-12-07,Ranjit Sagar,,,,,reservoirs.earth (CWC-sourced weekly storage bulletin),https://reservoirs.earth/india/reservoirs/ranjit-sagar-thein-in,2023-12-07,reading_date 2023-12-07 volume_mcm 1318 fill_percentage 56 source_org CWC
2023-12-14,Ranjit Sagar,,,,,reservoirs.earth (CWC-sourced weekly storage bulletin),https://reservoirs.earth/india/reservoirs/ranjit-sagar-thein-in,2023-12-14,reading_date 2023-12-14 volume_mcm 1172 fill_percentage 50 source_org CWC
2023-12-21,Ranjit Sagar,,,,,reservoirs.earth (CWC-sourced weekly storage bulletin),https://reservoirs.earth/india/reservoirs/ranjit-sagar-thein-in,2023-12-21,reading_date 2023-12-21 volume_mcm 1037 fill_percentage 44 source_org CWC
2023-12-28,Ranjit Sagar,,,,,reservoirs.earth (CWC-sourced weekly storage bulletin),https://reservoirs.earth/india/reservoirs/ranjit-sagar-thein-in,2023-12-28,reading_date 2023-12-28 volume_mcm 744 fill_percentage 32 source_org CWC
2024-01-04,Ranjit Sagar,,,,,reservoirs.earth (CWC-sourced weekly storage bulletin),https://reservoirs.earth/india/reservoirs/ranjit-sagar-thein-in,2024-01-04,reading_date 2024-01-04 volume_mcm 621 fill_percentage 26 source_org CWC
2024-01-11,Ranjit Sagar,,,,,reservoirs.earth (CWC-sourced weekly storage bulletin),https://reservoirs.earth/india/reservoirs/ranjit-sagar-thein-in,2024-01-11,reading_date 2024-01-11 volume_mcm 583 fill_percentage 25 source_org CWC
2024-01-18,Ranjit Sagar,,,,,reservoirs.earth (CWC-sourced weekly storage bulletin),https://reservoirs.earth/india/reservoirs/ranjit-sagar-thein-in,2024-01-18,reading_date 2024-01-18 volume_mcm 567 fill_percentage 24 source_org CWC
2024-01-24,Ranjit Sagar,,,,,reservoirs.earth (CWC-sourced weekly storage bulletin),https://reservoirs.earth/india/reservoirs/ranjit-sagar-thein-in,2024-01-24,reading_date 2024-01-24 volume_mcm 583 fill_percentage 25 source_org CWC
2024-02-01,Ranjit Sagar,,,,,reservoirs.earth (CWC-sourced weekly storage bulletin),https://reservoirs.earth/india/reservoirs/ranjit-sagar-thein-in,2024-02-01,reading_date 2024-02-01 volume_mcm 603 fill_percentage 26 source_org CWC
2024-02-08,Ranjit Sagar,,,,,reservoirs.earth (CWC-sourced weekly storage bulletin),https://reservoirs.earth/india/reservoirs/ranjit-sagar-thein-in,2024-02-08,reading_date 2024-02-08 volume_mcm 646 fill_percentage 28 source_org CWC
2024-02-15,Ranjit Sagar,,,,,reservoirs.earth (CWC-sourced weekly storage bulletin),https://reservoirs.earth/india/reservoirs/ranjit-sagar-thein-in,2024-02-15,reading_date 2024-02-15 volume_mcm 670 fill_percentage 29 source_org CWC
2024-02-22,Ranjit Sagar,,,,,reservoirs.earth (CWC-sourced weekly storage bulletin),https://reservoirs.earth/india/reservoirs/ranjit-sagar-thein-in,2024-02-22,reading_date 2024-02-22 volume_mcm 744 fill_percentage 32 source_org CWC
2024-02-29,Ranjit Sagar,,,,,reservoirs.earth (CWC-sourced weekly storage bulletin),https://reservoirs.earth/india/reservoirs/ranjit-sagar-thein-in,2024-02-29,reading_date 2024-02-29 volume_mcm 744 fill_percentage 32 source_org CWC
2024-03-07,Ranjit Sagar,,,,,reservoirs.earth (CWC-sourced weekly storage bulletin),https://reservoirs.earth/india/reservoirs/ranjit-sagar-thein-in,2024-03-07,reading_date 2024-03-07 volume_mcm 842 fill_percentage 36 source_org CWC
2024-03-14,Ranjit Sagar,,,,,reservoirs.earth (CWC-sourced weekly storage bulletin),https://reservoirs.earth/india/reservoirs/ranjit-sagar-thein-in,2024-03-14,reading_date 2024-03-14 volume_mcm 842 fill_percentage 36 source_org CWC
2024-03-21,Ranjit Sagar,,,,,reservoirs.earth (CWC-sourced weekly storage bulletin),https://reservoirs.earth/india/reservoirs/ranjit-sagar-thein-in,2024-03-21,reading_date 2024-03-21 volume_mcm 842 fill_percentage 36 source_org CWC
2024-03-28,Ranjit Sagar,,,,,reservoirs.earth (CWC-sourced weekly storage bulletin),https://reservoirs.earth/india/reservoirs/ranjit-sagar-thein-in,2024-03-28,reading_date 2024-03-28 volume_mcm 892 fill_percentage 38 source_org CWC
2024-04-04,Ranjit Sagar,,,,,reservoirs.earth (CWC-sourced weekly storage bulletin),https://reservoirs.earth/india/reservoirs/ranjit-sagar-thein-in,2024-04-04,reading_date 2024-04-04 volume_mcm 964 fill_percentage 41 source_org CWC
2024-04-11,Ranjit Sagar,,,,,reservoirs.earth (CWC-sourced weekly storage bulletin),https://reservoirs.earth/india/reservoirs/ranjit-sagar-thein-in,2024-04-11,reading_date 2024-04-11 volume_mcm 988 fill_percentage 42 source_org CWC
2024-04-18,Ranjit Sagar,,,,,reservoirs.earth (CWC-sourced weekly storage bulletin),https://reservoirs.earth/india/reservoirs/ranjit-sagar-thein-in,2024-04-18,reading_date 2024-04-18 volume_mcm 1013 fill_percentage 43 source_org CWC
2024-04-25,Ranjit Sagar,,,,,reservoirs.earth (CWC-sourced weekly storage bulletin),https://reservoirs.earth/india/reservoirs/ranjit-sagar-thein-in,2024-04-25,reading_date 2024-04-25 volume_mcm 964 fill_percentage 41 source_org CWC
2024-05-02,Ranjit Sagar,,,,,reservoirs.earth (CWC-sourced weekly storage bulletin),https://reservoirs.earth/india/reservoirs/ranjit-sagar-thein-in,2024-05-02,reading_date 2024-05-02 volume_mcm 915 fill_percentage 39 source_org CWC
2024-05-09,Ranjit Sagar,,,,,reservoirs.earth (CWC-sourced weekly storage bulletin),https://reservoirs.earth/india/reservoirs/ranjit-sagar-thein-in,2024-05-09,reading_date 2024-05-09 volume_mcm 892 fill_percentage 38 source_org CWC
2024-05-16,Ranjit Sagar,,,,,reservoirs.earth (CWC-sourced weekly storage bulletin),https://reservoirs.earth/india/reservoirs/ranjit-sagar-thein-in,2024-05-16,reading_date 2024-05-16 volume_mcm 892 fill_percentage 38 source_org CWC
2024-05-24,Ranjit Sagar,,,,,reservoirs.earth (CWC-sourced weekly storage bulletin),https://reservoirs.earth/india/reservoirs/ranjit-sagar-thein-in,2024-05-24,reading_date 2024-05-24 volume_mcm 866 fill_percentage 37 source_org CWC
2024-05-30,Ranjit Sagar,,,,,reservoirs.earth (CWC-sourced weekly storage bulletin),https://reservoirs.earth/india/reservoirs/ranjit-sagar-thein-in,2024-05-30,reading_date 2024-05-30 volume_mcm 939 fill_percentage 40 source_org CWC
2024-06-06,Ranjit Sagar,,,,,reservoirs.earth (CWC-sourced weekly storage bulletin),https://reservoirs.earth/india/reservoirs/ranjit-sagar-thein-in,2024-06-06,reading_date 2024-06-06 volume_mcm 964 fill_percentage 41 source_org CWC
2024-06-13,Ranjit Sagar,,,,,reservoirs.earth (CWC-sourced weekly storage bulletin),https://reservoirs.earth/india/reservoirs/ranjit-sagar-thein-in,2024-06-13,reading_date 2024-06-13 volume_mcm 939 fill_percentage 40 source_org CWC
2024-06-20,Ranjit Sagar,,,,,reservoirs.earth (CWC-sourced weekly storage bulletin),https://reservoirs.earth/india/reservoirs/ranjit-sagar-thein-in,2024-06-20,reading_date 2024-06-20 volume_mcm 842 fill_percentage 36 source_org CWC
2024-06-27,Ranjit Sagar,,,,,reservoirs.earth (CWC-sourced weekly storage bulletin),https://reservoirs.earth/india/reservoirs/ranjit-sagar-thein-in,2024-06-27,reading_date 2024-06-27 volume_mcm 719 fill_percentage 31 source_org CWC
2024-07-04,Ranjit Sagar,,,,,reservoirs.earth (CWC-sourced weekly storage bulletin),https://reservoirs.earth/india/reservoirs/ranjit-sagar-thein-in,2024-07-04,reading_date 2024-07-04 volume_mcm 719 fill_percentage 31 source_org CWC
2024-07-11,Ranjit Sagar,,,,,reservoirs.earth (CWC-sourced weekly storage bulletin),https://reservoirs.earth/india/reservoirs/ranjit-sagar-thein-in,2024-07-11,reading_date 2024-07-11 volume_mcm 719 fill_percentage 31 source_org CWC
2024-07-18,Ranjit Sagar,,,,,reservoirs.earth (CWC-sourced weekly storage bulletin),https://reservoirs.earth/india/reservoirs/ranjit-sagar-thein-in,2024-07-18,reading_date 2024-07-18 volume_mcm 567 fill_percentage 24 source_org CWC
2024-07-25,Ranjit Sagar,,,,,reservoirs.earth (CWC-sourced weekly storage bulletin),https://reservoirs.earth/india/reservoirs/ranjit-sagar-thein-in,2024-07-25,reading_date 2024-07-25 volume_mcm 336 fill_percentage 14 source_org CWC
2024-08-01,Ranjit Sagar,,,,,reservoirs.earth (CWC-sourced weekly storage bulletin),https://reservoirs.earth/india/reservoirs/ranjit-sagar-thein-in,2024-08-01,reading_date 2024-08-01 volume_mcm 298 fill_percentage 13 source_org CWC
2024-08-08,Ranjit Sagar,,,,,reservoirs.earth (CWC-sourced weekly storage bulletin),https://reservoirs.earth/india/reservoirs/ranjit-sagar-thein-in,2024-08-08,reading_date 2024-08-08 volume_mcm 450 fill_percentage 19 source_org CWC
2024-08-16,Ranjit Sagar,,,,,reservoirs.earth (CWC-sourced weekly storage bulletin),https://reservoirs.earth/india/reservoirs/ranjit-sagar-thein-in,2024-08-16,reading_date 2024-08-16 volume_mcm 603 fill_percentage 26 source_org CWC
2024-08-22,Ranjit Sagar,,,,,reservoirs.earth (CWC-sourced weekly storage bulletin),https://reservoirs.earth/india/reservoirs/ranjit-sagar-thein-in,2024-08-22,reading_date 2024-08-22 volume_mcm 695 fill_percentage 30 source_org CWC
2024-08-29,Ranjit Sagar,,,,,reservoirs.earth (CWC-sourced weekly storage bulletin),https://reservoirs.earth/india/reservoirs/ranjit-sagar-thein-in,2024-08-29,reading_date 2024-08-29 volume_mcm 645 fill_percentage 28 source_org CWC
2024-09-05,Ranjit Sagar,,,,,reservoirs.earth (CWC-sourced weekly storage bulletin),https://reservoirs.earth/india/reservoirs/ranjit-sagar-thein-in,2024-09-05,reading_date 2024-09-05 volume_mcm 695 fill_percentage 30 source_org CWC
2024-09-12,Ranjit Sagar,,,,,reservoirs.earth (CWC-sourced weekly storage bulletin),https://reservoirs.earth/india/reservoirs/ranjit-sagar-thein-in,2024-09-12,reading_date 2024-09-12 volume_mcm 670 fill_percentage 29 source_org CWC
2024-09-19,Ranjit Sagar,,,,,reservoirs.earth (CWC-sourced weekly storage bulletin),https://reservoirs.earth/india/reservoirs/ranjit-sagar-thein-in,2024-09-19,reading_date 2024-09-19 volume_mcm 603 fill_percentage 26 source_org CWC
2024-09-26,Ranjit Sagar,,,,,reservoirs.earth (CWC-sourced weekly storage bulletin),https://reservoirs.earth/india/reservoirs/ranjit-sagar-thein-in,2024-09-26,reading_date 2024-09-26 volume_mcm 567 fill_percentage 24 source_org CWC
2024-10-03,Ranjit Sagar,,,,,reservoirs.earth (CWC-sourced weekly storage bulletin),https://reservoirs.earth/india/reservoirs/ranjit-sagar-thein-in,2024-10-03,reading_date 2024-10-03 volume_mcm 567 fill_percentage 24 source_org CWC
2024-10-10,Ranjit Sagar,,,,,reservoirs.earth (CWC-sourced weekly storage bulletin),https://reservoirs.earth/india/reservoirs/ranjit-sagar-thein-in,2024-10-10,reading_date 2024-10-10 volume_mcm 567 fill_percentage 24 source_org CWC
2024-10-17,Ranjit Sagar,,,,,reservoirs.earth (CWC-sourced weekly storage bulletin),https://reservoirs.earth/india/reservoirs/ranjit-sagar-thein-in,2024-10-17,reading_date 2024-10-17 volume_mcm 583 fill_percentage 25 source_org CWC
2024-10-24,Ranjit Sagar,,,,,reservoirs.earth (CWC-sourced weekly storage bulletin),https://reservoirs.earth/india/reservoirs/ranjit-sagar-thein-in,2024-10-24,reading_date 2024-10-24 volume_mcm 603 fill_percentage 26 source_org CWC
2024-11-01,Ranjit Sagar,,,,,reservoirs.earth (CWC-sourced weekly storage bulletin),https://reservoirs.earth/india/reservoirs/ranjit-sagar-thein-in,2024-11-01,reading_date 2024-11-01 volume_mcm 670 fill_percentage 29 source_org CWC
2024-11-07,Ranjit Sagar,,,,,reservoirs.earth (CWC-sourced weekly storage bulletin),https://reservoirs.earth/india/reservoirs/ranjit-sagar-thein-in,2024-11-07,reading_date 2024-11-07 volume_mcm 670 fill_percentage 29 source_org CWC
2024-11-14,Ranjit Sagar,,,,,reservoirs.earth (CWC-sourced weekly storage bulletin),https://reservoirs.earth/india/reservoirs/ranjit-sagar-thein-in,2024-11-14,reading_date 2024-11-14 volume_mcm 695 fill_percentage 30 source_org CWC
2024-11-21,Ranjit Sagar,,,,,reservoirs.earth (CWC-sourced weekly storage bulletin),https://reservoirs.earth/india/reservoirs/ranjit-sagar-thein-in,2024-11-21,reading_date 2024-11-21 volume_mcm 695 fill_percentage 30 source_org CWC
2024-11-28,Ranjit Sagar,,,,,reservoirs.earth (CWC-sourced weekly storage bulletin),https://reservoirs.earth/india/reservoirs/ranjit-sagar-thein-in,2024-11-28,reading_date 2024-11-28 volume_mcm 695 fill_percentage 30 source_org CWC
2024-12-05,Ranjit Sagar,,,,,reservoirs.earth (CWC-sourced weekly storage bulletin),https://reservoirs.earth/india/reservoirs/ranjit-sagar-thein-in,2024-12-05,reading_date 2024-12-05 volume_mcm 646 fill_percentage 28 source_org CWC
2024-12-12,Ranjit Sagar,,,,,reservoirs.earth (CWC-sourced weekly storage bulletin),https://reservoirs.earth/india/reservoirs/ranjit-sagar-thein-in,2024-12-12,reading_date 2024-12-12 volume_mcm 583 fill_percentage 25 source_org CWC
2024-12-19,Ranjit Sagar,,,,,reservoirs.earth (CWC-sourced weekly storage bulletin),https://reservoirs.earth/india/reservoirs/ranjit-sagar-thein-in,2024-12-19,reading_date 2024-12-19 volume_mcm 583 fill_percentage 25 source_org CWC
2024-12-26,Ranjit Sagar,,,,,reservoirs.earth (CWC-sourced weekly storage bulletin),https://reservoirs.earth/india/reservoirs/ranjit-sagar-thein-in,2024-12-26,reading_date 2024-12-26 volume_mcm 526 fill_percentage 22 source_org CWC
2025-01-02,Ranjit Sagar,,,,,reservoirs.earth (CWC-sourced weekly storage bulletin),https://reservoirs.earth/india/reservoirs/ranjit-sagar-thein-in,2025-01-02,reading_date 2025-01-02 volume_mcm 507 fill_percentage 22 source_org CWC
2025-01-09,Ranjit Sagar,,,,,reservoirs.earth (CWC-sourced weekly storage bulletin),https://reservoirs.earth/india/reservoirs/ranjit-sagar-thein-in,2025-01-09,reading_date 2025-01-09 volume_mcm 488 fill_percentage 21 source_org CWC
2025-01-16,Ranjit Sagar,,,,,reservoirs.earth (CWC-sourced weekly storage bulletin),https://reservoirs.earth/india/reservoirs/ranjit-sagar-thein-in,2025-01-16,reading_date 2025-01-16 volume_mcm 488 fill_percentage 21 source_org CWC
2025-01-23,Ranjit Sagar,,,,,reservoirs.earth (CWC-sourced weekly storage bulletin),https://reservoirs.earth/india/reservoirs/ranjit-sagar-thein-in,2025-01-23,reading_date 2025-01-23 volume_mcm 412 fill_percentage 18 source_org CWC
2025-01-30,Ranjit Sagar,,,,,reservoirs.earth (CWC-sourced weekly storage bulletin),https://reservoirs.earth/india/reservoirs/ranjit-sagar-thein-in,2025-01-30,reading_date 2025-01-30 volume_mcm 392 fill_percentage 17 source_org CWC
2025-02-06,Ranjit Sagar,,,,,reservoirs.earth (CWC-sourced weekly storage bulletin),https://reservoirs.earth/india/reservoirs/ranjit-sagar-thein-in,2025-02-06,reading_date 2025-02-06 volume_mcm 374 fill_percentage 16 source_org CWC
2025-02-13,Ranjit Sagar,,,,,reservoirs.earth (CWC-sourced weekly storage bulletin),https://reservoirs.earth/india/reservoirs/ranjit-sagar-thein-in,2025-02-13,reading_date 2025-02-13 volume_mcm 336 fill_percentage 14 source_org CWC
2025-02-20,Ranjit Sagar,,,,,reservoirs.earth (CWC-sourced weekly storage bulletin),https://reservoirs.earth/india/reservoirs/ranjit-sagar-thein-in,2025-02-20,reading_date 2025-02-20 volume_mcm 279 fill_percentage 12 source_org CWC
2025-02-27,Ranjit Sagar,,,,,reservoirs.earth (CWC-sourced weekly storage bulletin),https://reservoirs.earth/india/reservoirs/ranjit-sagar-thein-in,2025-02-27,reading_date 2025-02-27 volume_mcm 279 fill_percentage 12 source_org CWC
2025-03-06,Ranjit Sagar,,,,,reservoirs.earth (CWC-sourced weekly storage bulletin),https://reservoirs.earth/india/reservoirs/ranjit-sagar-thein-in,2025-03-06,reading_date 2025-03-06 volume_mcm 450 fill_percentage 19 source_org CWC
2025-03-13,Ranjit Sagar,,,,,reservoirs.earth (CWC-sourced weekly storage bulletin),https://reservoirs.earth/india/reservoirs/ranjit-sagar-thein-in,2025-03-13,reading_date 2025-03-13 volume_mcm 469 fill_percentage 20 source_org CWC
2025-03-20,Ranjit Sagar,,,,,reservoirs.earth (CWC-sourced weekly storage bulletin),https://reservoirs.earth/india/reservoirs/ranjit-sagar-thein-in,2025-03-20,reading_date 2025-03-20 volume_mcm 488 fill_percentage 21 source_org CWC
2025-04-03,Ranjit Sagar,,,,,reservoirs.earth (CWC-sourced weekly storage bulletin),https://reservoirs.earth/india/reservoirs/ranjit-sagar-thein-in,2025-04-03,reading_date 2025-04-03 volume_mcm 412 fill_percentage 17.58 source_org CWC
2025-04-11,Ranjit Sagar,,,,,reservoirs.earth (CWC-sourced weekly storage bulletin),https://reservoirs.earth/india/reservoirs/ranjit-sagar-thein-in,2025-04-11,reading_date 2025-04-11 volume_mcm 450 fill_percentage 19.2 source_org CWC
2025-04-17,Ranjit Sagar,,,,,reservoirs.earth (CWC-sourced weekly storage bulletin),https://reservoirs.earth/india/reservoirs/ranjit-sagar-thein-in,2025-04-17,reading_date 2025-04-17 volume_mcm 545 fill_percentage 23.25 source_org CWC
2025-04-24,Ranjit Sagar,,,,,reservoirs.earth (CWC-sourced weekly storage bulletin),https://reservoirs.earth/india/reservoirs/ranjit-sagar-thein-in,2025-04-24,reading_date 2025-04-24 volume_mcm 603 fill_percentage 25.73 source_org CWC
2025-05-01,Ranjit Sagar,,,,,reservoirs.earth (CWC-sourced weekly storage bulletin),https://reservoirs.earth/india/reservoirs/ranjit-sagar-thein-in,2025-05-01,reading_date 2025-05-01 volume_mcm 719 fill_percentage 30.67 source_org CWC
2025-05-08,Ranjit Sagar,,,,,reservoirs.earth (CWC-sourced weekly storage bulletin),https://reservoirs.earth/india/reservoirs/ranjit-sagar-thein-in,2025-05-08,reading_date 2025-05-08 volume_mcm 788 fill_percentage 33.62 source_org CWC
2025-05-15,Ranjit Sagar,,,,,reservoirs.earth (CWC-sourced weekly storage bulletin),https://reservoirs.earth/india/reservoirs/ranjit-sagar-thein-in,2025-05-15,reading_date 2025-05-15 volume_mcm 910 fill_percentage 38.82 source_org CWC
2025-05-22,Ranjit Sagar,,,,,reservoirs.earth (CWC-sourced weekly storage bulletin),https://reservoirs.earth/india/reservoirs/ranjit-sagar-thein-in,2025-05-22,reading_date 2025-05-22 volume_mcm 957 fill_percentage 40.83 source_org CWC
2025-05-29,Ranjit Sagar,,,,,reservoirs.earth (CWC-sourced weekly storage bulletin),https://reservoirs.earth/india/reservoirs/ranjit-sagar-thein-in,2025-05-29,reading_date 2025-05-29 volume_mcm 988 fill_percentage 42.15 source_org CWC
2025-06-05,Ranjit Sagar,,,,,reservoirs.earth (CWC-sourced weekly storage bulletin),https://reservoirs.earth/india/reservoirs/ranjit-sagar-thein-in,2025-06-05,reading_date 2025-06-05 volume_mcm 988 fill_percentage 42.15 source_org CWC
2025-06-12,Ranjit Sagar,,,,,reservoirs.earth (CWC-sourced weekly storage bulletin),https://reservoirs.earth/india/reservoirs/ranjit-sagar-thein-in,2025-06-12,reading_date 2025-06-12 volume_mcm 956 fill_percentage 40.78 source_org CWC
2025-06-19,Ranjit Sagar,,,,,reservoirs.earth (CWC-sourced weekly storage bulletin),https://reservoirs.earth/india/reservoirs/ranjit-sagar-thein-in,2025-06-19,reading_date 2025-06-19 volume_mcm 866 fill_percentage 36.95 source_org CWC
2025-06-26,Ranjit Sagar,,,,,reservoirs.earth (CWC-sourced weekly storage bulletin),https://reservoirs.earth/india/reservoirs/ranjit-sagar-thein-in,2025-06-26,reading_date 2025-06-26 volume_mcm 866 fill_percentage 36.95 source_org CWC
2025-07-03,Ranjit Sagar,,,,,reservoirs.earth (CWC-sourced weekly storage bulletin),https://reservoirs.earth/india/reservoirs/ranjit-sagar-thein-in,2025-07-03,reading_date 2025-07-03 volume_mcm 817 fill_percentage 34.85 source_org CWC
2025-07-11,Ranjit Sagar,,,,,reservoirs.earth (CWC-sourced weekly storage bulletin),https://reservoirs.earth/india/reservoirs/ranjit-sagar-thein-in,2025-07-11,reading_date 2025-07-11 volume_mcm 866 fill_percentage 36.95 source_org CWC
2025-07-17,Ranjit Sagar,,,,,reservoirs.earth (CWC-sourced weekly storage bulletin),https://reservoirs.earth/india/reservoirs/ranjit-sagar-thein-in,2025-07-17,reading_date 2025-07-17 volume_mcm 866 fill_percentage 36.95 source_org CWC
2025-07-24,Ranjit Sagar,,,,,reservoirs.earth (CWC-sourced weekly storage bulletin),https://reservoirs.earth/india/reservoirs/ranjit-sagar-thein-in,2025-07-24,reading_date 2025-07-24 volume_mcm 915 fill_percentage 39.04 source_org CWC
2025-07-31,Ranjit Sagar,,,,,reservoirs.earth (CWC-sourced weekly storage bulletin),https://reservoirs.earth/india/reservoirs/ranjit-sagar-thein-in,2025-07-31,reading_date 2025-07-31 volume_mcm 1086 fill_percentage 46.33 source_org CWC
2025-08-07,Ranjit Sagar,,,,,reservoirs.earth (CWC-sourced weekly storage bulletin),https://reservoirs.earth/india/reservoirs/ranjit-sagar-thein-in,2025-08-07,reading_date 2025-08-07 volume_mcm 1507 fill_percentage 64.29 source_org CWC
2025-08-14,Ranjit Sagar,,,,,reservoirs.earth (CWC-sourced weekly storage bulletin),https://reservoirs.earth/india/reservoirs/ranjit-sagar-thein-in,2025-08-14,reading_date 2025-08-14 volume_mcm 1629 fill_percentage 69.5 source_org CWC
2025-08-26,Ranjit Sagar,,,,,reservoirs.earth (CWC-sourced weekly storage bulletin),https://reservoirs.earth/india/reservoirs/ranjit-sagar-thein-in,2025-08-26,reading_date 2025-08-26 volume_mcm 1999 fill_percentage 85.28 source_org CWC
2025-08-28,Ranjit Sagar,,,,,reservoirs.earth (CWC-sourced weekly storage bulletin),https://reservoirs.earth/india/reservoirs/ranjit-sagar-thein-in,2025-08-28,reading_date 2025-08-28 volume_mcm 2158 fill_percentage 92.06 source_org CWC
2025-09-05,Ranjit Sagar,,,,,reservoirs.earth (CWC-sourced weekly storage bulletin),https://reservoirs.earth/india/reservoirs/ranjit-sagar-thein-in,2025-09-05,reading_date 2025-09-05 volume_mcm 2277 fill_percentage 97.14 source_org CWC
2025-09-11,Ranjit Sagar,,,,,reservoirs.earth (CWC-sourced weekly storage bulletin),https://reservoirs.earth/india/reservoirs/ranjit-sagar-thein-in,2025-09-11,reading_date 2025-09-11 volume_mcm 2078 fill_percentage 88.65 source_org CWC
2025-09-18,Ranjit Sagar,,,,,reservoirs.earth (CWC-sourced weekly storage bulletin),https://reservoirs.earth/india/reservoirs/ranjit-sagar-thein-in,2025-09-18,reading_date 2025-09-18 volume_mcm 2118 fill_percentage 90.36 source_org CWC
2025-09-25,Ranjit Sagar,,,,,reservoirs.earth (CWC-sourced weekly storage bulletin),https://reservoirs.earth/india/reservoirs/ranjit-sagar-thein-in,2025-09-25,reading_date 2025-09-25 volume_mcm 2078 fill_percentage 88.65 source_org CWC
2025-10-07,Ranjit Sagar,,,,,reservoirs.earth (CWC-sourced weekly storage bulletin),https://reservoirs.earth/india/reservoirs/ranjit-sagar-thein-in,2025-10-07,reading_date 2025-10-07 volume_mcm 1959 fill_percentage 83.58 source_org CWC
2025-10-09,Ranjit Sagar,,,,,reservoirs.earth (CWC-sourced weekly storage bulletin),https://reservoirs.earth/india/reservoirs/ranjit-sagar-thein-in,2025-10-09,reading_date 2025-10-09 volume_mcm 1841 fill_percentage 78.54 source_org CWC
2025-10-16,Ranjit Sagar,,,,,reservoirs.earth (CWC-sourced weekly storage bulletin),https://reservoirs.earth/india/reservoirs/ranjit-sagar-thein-in,2025-10-16,reading_date 2025-10-16 volume_mcm 1959 fill_percentage 83.58 source_org CWC
2025-10-23,Ranjit Sagar,,,,,reservoirs.earth (CWC-sourced weekly storage bulletin),https://reservoirs.earth/india/reservoirs/ranjit-sagar-thein-in,2025-10-23,reading_date 2025-10-23 volume_mcm 1999 fill_percentage 85.28 source_org CWC
2025-10-30,Ranjit Sagar,,,,,reservoirs.earth (CWC-sourced weekly storage bulletin),https://reservoirs.earth/india/reservoirs/ranjit-sagar-thein-in,2025-10-30,reading_date 2025-10-30 volume_mcm 2039 fill_percentage 86.99 source_org CWC
2025-11-06,Ranjit Sagar,,,,,reservoirs.earth (CWC-sourced weekly storage bulletin),https://reservoirs.earth/india/reservoirs/ranjit-sagar-thein-in,2025-11-06,reading_date 2025-11-06 volume_mcm 1999 fill_percentage 85.28 source_org CWC
2025-11-13,Ranjit Sagar,,,,,reservoirs.earth (CWC-sourced weekly storage bulletin),https://reservoirs.earth/india/reservoirs/ranjit-sagar-thein-in,2025-11-13,reading_date 2025-11-13 volume_mcm 1999 fill_percentage 85.28 source_org CWC
2025-11-20,Ranjit Sagar,,,,,reservoirs.earth (CWC-sourced weekly storage bulletin),https://reservoirs.earth/india/reservoirs/ranjit-sagar-thein-in,2025-11-20,reading_date 2025-11-20 volume_mcm 1999 fill_percentage 85.28 source_org CWC
2025-11-27,Ranjit Sagar,,,,,reservoirs.earth (CWC-sourced weekly storage bulletin),https://reservoirs.earth/india/reservoirs/ranjit-sagar-thein-in,2025-11-27,reading_date 2025-11-27 volume_mcm 1999 fill_percentage 85.28 source_org CWC
2025-12-04,Ranjit Sagar,,,,,reservoirs.earth (CWC-sourced weekly storage bulletin),https://reservoirs.earth/india/reservoirs/ranjit-sagar-thein-in,2025-12-04,reading_date 2025-12-04 volume_mcm 1959 fill_percentage 83.58 source_org CWC
2025-12-11,Ranjit Sagar,,,,,reservoirs.earth (CWC-sourced weekly storage bulletin),https://reservoirs.earth/india/reservoirs/ranjit-sagar-thein-in,2025-12-11,reading_date 2025-12-11 volume_mcm 1959 fill_percentage 83.58 source_org CWC
2025-12-18,Ranjit Sagar,,,,,reservoirs.earth (CWC-sourced weekly storage bulletin),https://reservoirs.earth/india/reservoirs/ranjit-sagar-thein-in,2025-12-18,reading_date 2025-12-18 volume_mcm 1841 fill_percentage 78.54 source_org CWC
2025-12-26,Ranjit Sagar,,,,,reservoirs.earth (CWC-sourced weekly storage bulletin),https://reservoirs.earth/india/reservoirs/ranjit-sagar-thein-in,2025-12-26,reading_date 2025-12-26 volume_mcm 1760 fill_percentage 75.09 source_org CWC
2026-01-01,Ranjit Sagar,,,,,reservoirs.earth (CWC-sourced weekly storage bulletin),https://reservoirs.earth/india/reservoirs/ranjit-sagar-thein-in,2026-01-01,reading_date 2026-01-01 volume_mcm 1690 fill_percentage 72.1 source_org CWC
2026-01-22,Ranjit Sagar,,,,,reservoirs.earth (CWC-sourced weekly storage bulletin),https://reservoirs.earth/india/reservoirs/ranjit-sagar-thein-in,2026-01-22,reading_date 2026-01-22 volume_mcm 1568 fill_percentage 66.89 source_org CWC
2026-01-29,Ranjit Sagar,,,,,reservoirs.earth (CWC-sourced weekly storage bulletin),https://reservoirs.earth/india/reservoirs/ranjit-sagar-thein-in,2026-01-29,reading_date 2026-01-29 volume_mcm 1568 fill_percentage 66.89 source_org CWC
2026-02-05,Ranjit Sagar,,,,,reservoirs.earth (CWC-sourced weekly storage bulletin),https://reservoirs.earth/india/reservoirs/ranjit-sagar-thein-in,2026-02-05,reading_date 2026-02-05 volume_mcm 1568 fill_percentage 66.89 source_org CWC
2026-02-12,Ranjit Sagar,,,,,reservoirs.earth (CWC-sourced weekly storage bulletin),https://reservoirs.earth/india/reservoirs/ranjit-sagar-thein-in,2026-02-12,reading_date 2026-02-12 volume_mcm 1568 fill_percentage 66.89 source_org CWC
2026-02-19,Ranjit Sagar,,,,,reservoirs.earth (CWC-sourced weekly storage bulletin),https://reservoirs.earth/india/reservoirs/ranjit-sagar-thein-in,2026-02-19,reading_date 2026-02-19 volume_mcm 1538 fill_percentage 65.61 source_org CWC
2026-02-26,Ranjit Sagar,,,,,reservoirs.earth (CWC-sourced weekly storage bulletin),https://reservoirs.earth/india/reservoirs/ranjit-sagar-thein-in,2026-02-26,reading_date 2026-02-26 volume_mcm 1477 fill_percentage 63.01 source_org CWC
2026-03-12,Ranjit Sagar,,,,,reservoirs.earth (CWC-sourced weekly storage bulletin),https://reservoirs.earth/india/reservoirs/ranjit-sagar-thein-in,2026-03-12,reading_date 2026-03-12 volume_mcm 1386 fill_percentage 59.13 source_org CWC
2026-03-19,Ranjit Sagar,,,,,reservoirs.earth (CWC-sourced weekly storage bulletin),https://reservoirs.earth/india/reservoirs/ranjit-sagar-thein-in,2026-03-19,reading_date 2026-03-19 volume_mcm 1360 fill_percentage 58.02 source_org CWC
2026-03-27,Ranjit Sagar,,,,,reservoirs.earth (CWC-sourced weekly storage bulletin),https://reservoirs.earth/india/reservoirs/ranjit-sagar-thein-in,2026-03-27,reading_date 2026-03-27 volume_mcm 1360 fill_percentage 58.02 source_org CWC
2026-04-02,Ranjit Sagar,,,,,reservoirs.earth (CWC-sourced weekly storage bulletin),https://reservoirs.earth/india/reservoirs/ranjit-sagar-thein-in,2026-04-02,reading_date 2026-04-02 volume_mcm 1386 fill_percentage 59.13 source_org CWC
2026-04-09,Ranjit Sagar,,,,,reservoirs.earth (CWC-sourced weekly storage bulletin),https://reservoirs.earth/india/reservoirs/ranjit-sagar-thein-in,2026-04-09,reading_date 2026-04-09 volume_mcm 1446 fill_percentage 61.69 source_org CWC
2026-04-16,Ranjit Sagar,,,,,reservoirs.earth (CWC-sourced weekly storage bulletin),https://reservoirs.earth/india/reservoirs/ranjit-sagar-thein-in,2026-04-16,reading_date 2026-04-16 volume_mcm 1568 fill_percentage 66.89 source_org CWC
2026-04-23,Ranjit Sagar,,,,,reservoirs.earth (CWC-sourced weekly storage bulletin),https://reservoirs.earth/india/reservoirs/ranjit-sagar-thein-in,2026-04-23,reading_date 2026-04-23 volume_mcm 1599 fill_percentage 68.22 source_org CWC
2026-04-30,Ranjit Sagar,,,,,reservoirs.earth (CWC-sourced weekly storage bulletin),https://reservoirs.earth/india/reservoirs/ranjit-sagar-thein-in,2026-04-30,reading_date 2026-04-30 volume_mcm 1599 fill_percentage 68.22 source_org CWC
2026-05-07,Ranjit Sagar,,,,,reservoirs.earth (CWC-sourced weekly storage bulletin),https://reservoirs.earth/india/reservoirs/ranjit-sagar-thein-in,2026-05-07,reading_date 2026-05-07 volume_mcm 1568 fill_percentage 66.89 source_org CWC
2026-05-14,Ranjit Sagar,,,,,reservoirs.earth (CWC-sourced weekly storage bulletin),https://reservoirs.earth/india/reservoirs/ranjit-sagar-thein-in,2026-05-14,reading_date 2026-05-14 volume_mcm 1568 fill_percentage 66.89 source_org CWC
2026-05-21,Ranjit Sagar,,,,,reservoirs.earth (CWC-sourced weekly storage bulletin),https://reservoirs.earth/india/reservoirs/ranjit-sagar-thein-in,2026-05-21,reading_date 2026-05-21 volume_mcm 1507 fill_percentage 64.29 source_org CWC
2026-05-29,Ranjit Sagar,,,,,reservoirs.earth (CWC-sourced weekly storage bulletin),https://reservoirs.earth/india/reservoirs/ranjit-sagar-thein-in,2026-05-29,reading_date 2026-05-29 volume_mcm 1386 fill_percentage 59.13 source_org CWC
2026-05-31,Ranjit Sagar,,,,,reservoirs.earth (CWC-sourced weekly storage bulletin),https://reservoirs.earth/india/reservoirs/ranjit-sagar-thein-in,2026-05-31,"reading_date 2026-05-31 volume_mcm 412 fill_percentage 17.577 source_org CWC — Central Water Commission, India"
2026-06-04,Ranjit Sagar,,,,,reservoirs.earth (CWC-sourced weekly storage bulletin),https://reservoirs.earth/india/reservoirs/ranjit-sagar-thein-in,2026-06-04,reading_date 2026-06-04 volume_mcm 1263 fill_percentage 53.88 source_org CWC
2026-06-25,Ranjit Sagar,,,,,reservoirs.earth (CWC-sourced weekly storage bulletin),https://reservoirs.earth/india/reservoirs/ranjit-sagar-thein-in,2026-06-25,reading_date 2026-06-25 volume_mcm 842 fill_percentage 35.92 source_org CWC
2026-07-02,Ranjit Sagar,,,,,reservoirs.earth (CWC-sourced weekly storage bulletin),https://reservoirs.earth/india/reservoirs/ranjit-sagar-thein-in,2026-07-02,reading_date 2026-07-02 volume_mcm 744 fill_percentage 31.74 source_org CWC
2026-07-09,Ranjit Sagar,,,,,reservoirs.earth (CWC-sourced weekly storage bulletin),https://reservoirs.earth/india/reservoirs/ranjit-sagar-thein-in,2026-07-09,reading_date 2026-07-09 volume_mcm 744 fill_percentage 31.74 source_org CWC
2026-07-16,Ranjit Sagar,,,,,reservoirs.earth (CWC-sourced weekly storage bulletin),https://reservoirs.earth/india/reservoirs/ranjit-sagar-thein-in,2026-07-16,reading_date 2026-07-16 volume_mcm 695 fill_percentage 29.65 source_org CWC
2026-07-23,Ranjit Sagar,,,,,reservoirs.earth (CWC-sourced weekly storage bulletin),https://reservoirs.earth/india/reservoirs/ranjit-sagar-thein-in,2026-07-23,reading_date 2026-07-23 volume_mcm 817 fill_percentage 34.85 source_org CWC
2026-07-30,Ranjit Sagar,,,,,reservoirs.earth (CWC-sourced weekly storage bulletin),https://reservoirs.earth/india/reservoirs/ranjit-sagar-thein-in,2026-07-30,reading_date 2026-07-30 volume_mcm 1074 fill_percentage 45.82 source_org CWC
2026-08-06,Ranjit Sagar,,,,,reservoirs.earth (CWC-sourced weekly storage bulletin),https://reservoirs.earth/india/reservoirs/ranjit-sagar-thein-in,2026-08-06,reading_date 2026-08-06 volume_mcm 1172 fill_percentage 50 source_org CWC
2026-08-13,Ranjit Sagar,,,,,reservoirs.earth (CWC-sourced weekly storage bulletin),https://reservoirs.earth/india/reservoirs/ranjit-sagar-thein-in,2026-08-13,reading_date 2026-08-13 volume_mcm 1192 fill_percentage 50.85 source_org CWC
2026-08-20,Ranjit Sagar,,,,,reservoirs.earth (CWC-sourced weekly storage bulletin),https://reservoirs.earth/india/reservoirs/ranjit-sagar-thein-in,2026-08-20,reading_date 2026-08-20 volume_mcm 1374 fill_percentage 58.6 source_org CWC
2026-08-27,Ranjit Sagar,,,,,reservoirs.earth (CWC-sourced weekly storage bulletin),https://reservoirs.earth/india/reservoirs/ranjit-sagar-thein-in,2026-08-27,reading_date 2026-08-27 volume_mcm 1380 fill_percentage 58.87 source_org CWC
2026-09-03,Ranjit Sagar,,,,,reservoirs.earth (CWC-sourced weekly storage bulletin),https://reservoirs.earth/india/reservoirs/ranjit-sagar-thein-in,2026-09-03,reading_date 2026-09-03 volume_mcm 1358 fill_percentage 57.93 source_org CWC
2026-09-10,Ranjit Sagar,,,,,reservoirs.earth (CWC-sourced weekly storage bulletin),https://reservoirs.earth/india/reservoirs/ranjit-sagar-thein-in,2026-09-10,reading_date 2026-09-10 volume_mcm 1214 fill_percentage 51.77 source_org CWC
2018-02-01,Bhakra,1613.45,,,,CWC Weekly Reservoir Storage Bulletin (01.02.2018cwcbull.pdf),https://cwc.gov.in/sites/default/files/01.02.2018cwcbull.pdf,2018-02-01,*1 GOBIND SAGAR(BHAKRA)              491.78        6.229        3.113 01-02-2018     50           33         48 676 1200 | 280.75  405.91        6.157
2018-02-01,Pong,,,,,CWC Weekly Reservoir Storage Bulletin (01.02.2018cwcbull.pdf),https://cwc.gov.in/sites/default/files/01.02.2018cwcbull.pdf,2018-02-01,*2 PONG DAM                  359.50                             2.305 01-02-2018     37           35         38         - 360 | PUNJAB                   352.81  496.58        2.344
2018-02-01,Ranjit Sagar,,,,,CWC Weekly Reservoir Storage Bulletin (01.02.2018cwcbull.pdf),https://cwc.gov.in/sites/default/files/01.02.2018cwcbull.pdf,2018-02-01,*3 THEIN                     269.14                             0.488 01-02-2018     21           34         33 348 600 | 146.3
2018-03-01,Bhakra,1588.29,,,,CWC Weekly Reservoir Storage Bulletin (01.03.2018cwcbull.pdf),https://cwc.gov.in/sites/default/files/01.03.2018cwcbull.pdf,2018-03-01,*1 GOBIND SAGAR(BHAKRA)              484.11        6.229        2.287 01-03-2018     37           23         37 676 1200 | 280.75  401.09        6.157
2018-03-01,Pong,,,,,CWC Weekly Reservoir Storage Bulletin (01.03.2018cwcbull.pdf),https://cwc.gov.in/sites/default/files/01.03.2018cwcbull.pdf,2018-03-01,*2 PONG DAM                  359.50                             1.587 28-02-2018     26           25         31         - 360 | PUNJAB                   352.81  495.86        2.344
2018-03-01,Ranjit Sagar,,,,,CWC Weekly Reservoir Storage Bulletin (01.03.2018cwcbull.pdf),https://cwc.gov.in/sites/default/files/01.03.2018cwcbull.pdf,2018-03-01,*3 THEIN                     269.14                             0.469 01-03-2018     20           37         30 348 600 | 146.3
2019-08-01,Bhakra,1650.2,,,,CWC Weekly Reservoir Storage Bulletin (01.08.2019-fb-pdf.pdf),https://cwc.gov.in/sites/default/files/01.08.2019-fb-pdf.pdf,2019-08-01,*1 GOBIND SAGAR(BHAKRA)               502.98     6.229           4.276 01-08-2019     69           28         52 676 1200 | 280.75   409.44     6.157
2019-08-01,Pong,,,,,CWC Weekly Reservoir Storage Bulletin (01.08.2019-fb-pdf.pdf),https://cwc.gov.in/sites/default/files/01.08.2019-fb-pdf.pdf,2019-08-01,Pong Dam | 6.16              2.81                                   13
2019-08-01,Ranjit Sagar,,,,,CWC Weekly Reservoir Storage Bulletin (01.08.2019-fb-pdf.pdf),https://cwc.gov.in/sites/default/files/01.08.2019-fb-pdf.pdf,2019-08-01,Jammu & Kashmir              166                            -24          Thein                      2.34              1.36                                   28
2016-09-01,Bhakra,1645.01,,,,CWC Weekly Reservoir Storage Bulletin (01.09.2016cwcbulletin.pdf),https://cwc.gov.in/sites/default/files/01.09.2016cwcbulletin.pdf,2016-09-01,*1 GOBIND SAGAR(BHAKRA)              501.40        6.229        4.349 01-09-2016     70           93         85 676 1200 | 280.75  417.22        6.157
2016-09-01,Pong,,,,,CWC Weekly Reservoir Storage Bulletin (01.09.2016cwcbulletin.pdf),https://cwc.gov.in/sites/default/files/01.09.2016cwcbulletin.pdf,2016-09-01,*2 PONG DAM                  359.50                             4.438 01-09-2016     72           93         77         - 360 | PUNJAB                   352.81  521.33        2.344
2016-09-01,Ranjit Sagar,,,,,CWC Weekly Reservoir Storage Bulletin (01.09.2016cwcbulletin.pdf),https://cwc.gov.in/sites/default/files/01.09.2016cwcbulletin.pdf,2016-09-01,*3 THEIN                     269.14                             1.841 01-09-2016     79           73         66 348 600 | 146.3
2018-11-01,Bhakra,1668.14,,,,CWC Weekly Reservoir Storage Bulletin (01.11.2018cwcbull_1.pdf),https://cwc.gov.in/sites/default/files/01.11.2018cwcbull_1.pdf,2018-11-01,*1 GOBIND SAGAR(BHAKRA)              508.45        6.229        5.393 01-11-2018     87        83         83 676 1200 | 280.75  422.22        6.157
2018-11-01,Pong,,,,,CWC Weekly Reservoir Storage Bulletin (01.11.2018cwcbull_1.pdf),https://cwc.gov.in/sites/default/files/01.11.2018cwcbull_1.pdf,2018-11-01,*2 PONG DAM                  359.50                             5.571 30-10-2018     90        72         75            - 360 | PUNJAB                   352.81  524.88        2.344
2018-11-01,Ranjit Sagar,,,,,CWC Weekly Reservoir Storage Bulletin (01.11.2018cwcbull_1.pdf),https://cwc.gov.in/sites/default/files/01.11.2018cwcbull_1.pdf,2018-11-01,*3 THEIN                     269.14                             2.118 01-11-2018     90        58         58 348 600 | 146.3
2016-12-01,Bhakra,1623.95,,,,CWC Weekly Reservoir Storage Bulletin (01.12.2016cwcbulletin.pdf),https://cwc.gov.in/sites/default/files/01.12.2016cwcbulletin.pdf,2016-12-01,*1 GOBIND SAGAR(BHAKRA)              494.98        6.229        3.497 01-12-2016     56        81         76 676 1200 | 280.75  411.65        6.157
2016-12-01,Pong,,,,,CWC Weekly Reservoir Storage Bulletin (01.12.2016cwcbulletin.pdf),https://cwc.gov.in/sites/default/files/01.12.2016cwcbulletin.pdf,2016-12-01,*2 PONG DAM                  359.50                             3.314 01-12-2016     54        66         62            - 360 | PUNJAB                   352.81  509.41        2.344
2016-12-01,Ranjit Sagar,,,,,CWC Weekly Reservoir Storage Bulletin (01.12.2016cwcbulletin.pdf),https://cwc.gov.in/sites/default/files/01.12.2016cwcbulletin.pdf,2016-12-01,*3 THEIN                     269.14                             1.086 01-12-2016     46        40         54 348 600 | 146.3
2021-04-01,Bhakra,,,,,CWC Weekly Reservoir Storage Bulletin (01042021-full-bul.pdf),https://cwc.gov.in/sites/default/files/01042021-full-bul.pdf,2021-04-01,GOBIND SAGAR(BHAKRA) 47
2021-04-01,Pong,,,,,CWC Weekly Reservoir Storage Bulletin (01042021-full-bul.pdf),https://cwc.gov.in/sites/default/files/01042021-full-bul.pdf,2021-04-01,PONG DAM(BEAS)            45
2021-04-01,Ranjit Sagar,,,,,CWC Weekly Reservoir Storage Bulletin (01042021-full-bul.pdf),https://cwc.gov.in/sites/default/files/01042021-full-bul.pdf,2021-04-01,Punjab            1            THEIN DAM               65
2023-06-01,Bhakra,1679.99,,,,CWC Weekly Reservoir Storage Bulletin (01062023-fb.pdf),https://cwc.gov.in/sites/default/files/01062023-fb.pdf,2023-06-01,1 GOBIND SAGAR(BHAKRA)   512.06 476.68   6.229     1.422 01-06-2023     23          22       25 676 1379
2023-06-01,Pong,1389.99,,,,CWC Weekly Reservoir Storage Bulletin (01062023-fb.pdf),https://cwc.gov.in/sites/default/files/01062023-fb.pdf,2023-06-01,*2 PONG DAM(BEAS)        423.67 406.50   6.157     2.301 01-06-2023     37          24       24       0 396
2023-06-01,Ranjit Sagar,,,,,CWC Weekly Reservoir Storage Bulletin (01062023-fb.pdf),https://cwc.gov.in/sites/default/files/01062023-fb.pdf,2023-06-01,4 THEIN DAM
2021-07-01,Bhakra,,,,,CWC Weekly Reservoir Storage Bulletin (01072021-bulletin.pdf),https://cwc.gov.in/sites/default/files/01072021-bulletin.pdf,2021-07-01,GOBIND SAGAR(BHAKRA) 38
2021-07-01,Pong,,,,,CWC Weekly Reservoir Storage Bulletin (01072021-bulletin.pdf),https://cwc.gov.in/sites/default/files/01072021-bulletin.pdf,2021-07-01,PONG DAM(BEAS)            21                                                                                     2    4        5
2021-07-01,Ranjit Sagar,,,,,CWC Weekly Reservoir Storage Bulletin (01072021-bulletin.pdf),https://cwc.gov.in/sites/default/files/01072021-bulletin.pdf,2021-07-01,Punjab            1            THEIN DAM               59
2024-08-01,Bhakra,,,,,CWC Weekly Reservoir Storage Bulletin (01082024-fb.pdf),https://cwc.gov.in/sites/default/files/01082024-fb.pdf,2024-08-01,GOBIND SAGAR(BHAKRA)   75
2024-08-01,Pong,,,,,CWC Weekly Reservoir Storage Bulletin (01082024-fb.pdf),https://cwc.gov.in/sites/default/files/01082024-fb.pdf,2024-08-01,PONG DAM(BEAS)         61
2024-08-01,Ranjit Sagar,,,,,CWC Weekly Reservoir Storage Bulletin (01082024-fb.pdf),https://cwc.gov.in/sites/default/files/01082024-fb.pdf,2024-08-01,THEIN DAM                    20
2022-09-01,Bhakra,1679.99,,,,CWC Weekly Reservoir Storage Bulletin (01092022.pdf),https://cwc.gov.in/sites/default/files/01092022.pdf,2022-09-01,*1 GOBIND SAGAR(BHAKRA)   512.06  507.20       6.229     4.895 01-09-2022      79       55        78 676 1379
2022-09-01,Pong,1389.99,,,,CWC Weekly Reservoir Storage Bulletin (01092022.pdf),https://cwc.gov.in/sites/default/files/01092022.pdf,2022-09-01,*2 PONG DAM(BEAS)         423.67  421.56       6.157     5.271 01-09-2022      86       47        77  0 396
2022-09-01,Ranjit Sagar,,,,,CWC Weekly Reservoir Storage Bulletin (01092022.pdf),https://cwc.gov.in/sites/default/files/01092022.pdf,2022-09-01,*4 THEIN DAM
2020-10-01,Bhakra,1679.99,,,,CWC Weekly Reservoir Storage Bulletin (01102020-fb-pdf.pdf),https://cwc.gov.in/sites/default/files/01102020-fb-pdf.pdf,2020-10-01,*1 GOBIND SAGAR(BHAKRA)  512.06   504.18     6.229     4.445 01-10-2020     71       86        88 676 1379 | 423.67   418.27     6.157
2020-10-01,Pong,,,,,CWC Weekly Reservoir Storage Bulletin (01102020-fb-pdf.pdf),https://cwc.gov.in/sites/default/files/01102020-fb-pdf.pdf,2020-10-01,Himachal Pradesh                    566  -26          Pong Dam        6.16            4.53  -16
2020-10-01,Ranjit Sagar,,,,,CWC Weekly Reservoir Storage Bulletin (01102020-fb-pdf.pdf),https://cwc.gov.in/sites/default/files/01102020-fb-pdf.pdf,2020-10-01,Punjab        1          THEIN DAM                       76
2022-12-01,Bhakra,1679.99,,,,CWC Weekly Reservoir Storage Bulletin (01122022-fb.pdf),https://cwc.gov.in/sites/default/files/01122022-fb.pdf,2022-12-01,*1 GOBIND SAGAR(BHAKRA)  512.06  507.31  6.229     4.913  01-12-2022  79      57        73 676 1379 | 423.67  417.75  6.157     4.406  01-12-2022
2022-12-01,Pong,,,,,CWC Weekly Reservoir Storage Bulletin (01122022-fb.pdf),https://cwc.gov.in/sites/default/files/01122022-fb.pdf,2022-12-01,West Rajasthan        4                  -67        Pong Dam        6.16              4.41  8
2022-12-01,Ranjit Sagar,,,,,CWC Weekly Reservoir Storage Bulletin (01122022-fb.pdf),https://cwc.gov.in/sites/default/files/01122022-fb.pdf,2022-12-01,Punjab                11                 -20        Thein           2.34              1.72  50
2020-01-02,Bhakra,1679.99,,,,CWC Weekly Reservoir Storage Bulletin (02.01.2020-fb-pdf.pdf),https://cwc.gov.in/sites/default/files/02.01.2020-fb-pdf.pdf,2020-01-02,*1 GOBIND SAGAR(BHAKRA) 512.06 500.95  6.229     3.985 02-01-2020     64        77       63 676 1379
2020-01-02,Pong,1389.99,,,,CWC Weekly Reservoir Storage Bulletin (02.01.2020-fb-pdf.pdf),https://cwc.gov.in/sites/default/files/02.01.2020-fb-pdf.pdf,2020-01-02,*2 PONG DAM(BEAS)       423.67 417.25  6.157     4.311 02-01-2020     70        65       52   0 396
2020-01-02,Ranjit Sagar,1731.99,,,,CWC Weekly Reservoir Storage Bulletin (02.01.2020-fb-pdf.pdf),https://cwc.gov.in/sites/default/files/02.01.2020-fb-pdf.pdf,2020-01-02,*4 THEIN DAM            527.91 517.17  2.344     1.538 31-12-2019     66        64       45 348 600 | RAJASTHAN
2017-02-02,Bhakra,1581.3,,,,CWC Weekly Reservoir Storage Bulletin (02.02.2017.pdf),https://cwc.gov.in/sites/default/files/02.02.2017.pdf,2017-02-02,*1 GOBIND SAGAR(BHAKRA)              481.98        6.229        2.074 02-02-2017     33           57         50 676 1200 | 280.75  404.92        6.157
2017-02-02,Pong,,,,,CWC Weekly Reservoir Storage Bulletin (02.02.2017.pdf),https://cwc.gov.in/sites/default/files/02.02.2017.pdf,2017-02-02,*2 PONG DAM                  359.50                             2.145 01-02-2017     35           36         40         - 360 | PUNJAB                   352.81  503.51        2.344
2017-02-02,Ranjit Sagar,,,,,CWC Weekly Reservoir Storage Bulletin (02.02.2017.pdf),https://cwc.gov.in/sites/default/files/02.02.2017.pdf,2017-02-02,*3 THEIN                     269.14                             0.788 02-02-2017     34           19         32 348 600 | 146.3
2017-03-02,Bhakra,1556.2,,,,CWC Weekly Reservoir Storage Bulletin (02.03.2017cwcbull.pdf),https://cwc.gov.in/sites/default/files/02.03.2017cwcbull.pdf,2017-03-02,*1 GOBIND SAGAR(BHAKRA)              474.33        6.229        1.448 28-02-2017     23           44         39 676 1200 | 280.75  400.21        6.157
2017-03-02,Pong,,,,,CWC Weekly Reservoir Storage Bulletin (02.03.2017cwcbull.pdf),https://cwc.gov.in/sites/default/files/02.03.2017cwcbull.pdf,2017-03-02,*2 PONG DAM                  359.50                             1.464 02-03-2017     24           20         33         - 360 | PUNJAB                   352.81  505.16        2.344
2017-03-02,Ranjit Sagar,,,,,CWC Weekly Reservoir Storage Bulletin (02.03.2017cwcbull.pdf),https://cwc.gov.in/sites/default/files/02.03.2017cwcbull.pdf,2017-03-02,*3 THEIN                     269.14                             0.866 02-03-2017     37           20         30 348 600 | 146.3
2020-04-02,Bhakra,1679.99,,,,CWC Weekly Reservoir Storage Bulletin (02.04.2020.fb-pdf.pdf),https://cwc.gov.in/sites/default/files/02.04.2020.fb-pdf.pdf,2020-04-02,*1 GOBIND SAGAR(BHAKRA) 512.06 487.34  6.229     2.338 02-04-2020     38       51       29 676 1379
2020-04-02,Pong,1389.99,,,,CWC Weekly Reservoir Storage Bulletin (02.04.2020.fb-pdf.pdf),https://cwc.gov.in/sites/default/files/02.04.2020.fb-pdf.pdf,2020-04-02,*2 PONG DAM(BEAS)      423.67 414.39   6.157     3.719 02-04-2020     60       44       26   0 396
2020-04-02,Ranjit Sagar,,,,,CWC Weekly Reservoir Storage Bulletin (02.04.2020.fb-pdf.pdf),https://cwc.gov.in/sites/default/files/02.04.2020.fb-pdf.pdf,2020-04-02,*4 THEIN DAM
2019-05-02,Bhakra,1623.82,,,,CWC Weekly Reservoir Storage Bulletin (02.05.2019cwcbull_1.pdf),https://cwc.gov.in/sites/default/files/02.05.2019cwcbull_1.pdf,2019-05-02,*1 GOBIND SAGAR(BHAKRA)              494.94        6.229        3.493 02-05-2019     56           16         24 676 1200 | 280.75  408.97        6.157
2019-05-02,Pong,,,,,CWC Weekly Reservoir Storage Bulletin (02.05.2019cwcbull_1.pdf),https://cwc.gov.in/sites/default/files/02.05.2019cwcbull_1.pdf,2019-05-02,*2 PONG DAM                  359.50                             2.832 02-05-2019     46           12         25         - 360 | PUNJAB                   352.81  522.18        2.344
2019-05-02,Ranjit Sagar,,,,,CWC Weekly Reservoir Storage Bulletin (02.05.2019cwcbull_1.pdf),https://cwc.gov.in/sites/default/files/02.05.2019cwcbull_1.pdf,2019-05-02,*3 THEIN                     269.14                             1.880 02-05-2019     80           25         39 348 600 | 146.3
2015-07-02,Bhakra,,,,,CWC Weekly Reservoir Storage Bulletin (02.07.2015resv.bull.pdf),https://cwc.gov.in/sites/default/files/02.07.2015resv.bull.pdf,2015-07-02,*1 GOBIND SAGAR(BHAKRA)                                         2.723 01-07-2015     44           43         33 676 1200 | 280.75  269.65      1.711
2015-07-02,Pong,,,,,CWC Weekly Reservoir Storage Bulletin (02.07.2015resv.bull.pdf),https://cwc.gov.in/sites/default/files/02.07.2015resv.bull.pdf,2015-07-02,*2 PONG DAM                  359.50  343.20      0.132          2.339 02-07-2015     38           25         23         - 360 | PUNJAB                   352.81  346.09      1.436
2015-07-02,Ranjit Sagar,,,,,CWC Weekly Reservoir Storage Bulletin (02.07.2015resv.bull.pdf),https://cwc.gov.in/sites/default/files/02.07.2015resv.bull.pdf,2015-07-02,*3 THEIN                     269.14  256.06      0.821          1.959 02-07-2015     84           75         48 348 600 | 146.3  139.05      0.471
2020-07-02,Bhakra,1679.99,,,,CWC Weekly Reservoir Storage Bulletin (02.07.2020-fb-pdf.pdf),https://cwc.gov.in/sites/default/files/02.07.2020-fb-pdf.pdf,2020-07-02,*1 GOBIND SAGAR(BHAKRA) 512.06 482.64  6.229  1.895 02-07-2020      30         41       32 676 1379
2020-07-02,Pong,,,,,CWC Weekly Reservoir Storage Bulletin (02.07.2020-fb-pdf.pdf),https://cwc.gov.in/sites/default/files/02.07.2020-fb-pdf.pdf,2020-07-02,Himachal Pradesh                    53    -23         Pong Dam        6.16             2.35  62
2020-07-02,Ranjit Sagar,,,,,CWC Weekly Reservoir Storage Bulletin (02.07.2020-fb-pdf.pdf),https://cwc.gov.in/sites/default/files/02.07.2020-fb-pdf.pdf,2020-07-02,Jammu & Kashmir                     38    -31         Thein           2.34             1.26                                      9
2018-08-02,Bhakra,,,,,CWC Weekly Reservoir Storage Bulletin (02.08.2018cwcbull_1.pdf),https://cwc.gov.in/sites/default/files/02.08.2018cwcbull_1.pdf,2018-08-02,GOBIND SAGAR(BHAKRA       49
2018-08-02,Pong,,,,,CWC Weekly Reservoir Storage Bulletin (02.08.2018cwcbull_1.pdf),https://cwc.gov.in/sites/default/files/02.08.2018cwcbull_1.pdf,2018-08-02,*2 PONG DAM                  359.50                                                  22           52         44         - 360 | PUNJAB                   352.81  509.90        2.344        1.111 31-07-2018
2018-08-02,Ranjit Sagar,,,,,CWC Weekly Reservoir Storage Bulletin (02.08.2018cwcbull_1.pdf),https://cwc.gov.in/sites/default/files/02.08.2018cwcbull_1.pdf,2018-08-02,*3 THEIN                     269.14                             1.054 02-08-2018     47           82         53 348 600 | 146.3                             0.052 02-08-2018
2017-11-02,Bhakra,1663.25,,,,CWC Weekly Reservoir Storage Bulletin (02.112017cwcbull.pdf),https://cwc.gov.in/sites/default/files/02.112017cwcbull.pdf,2017-11-02,*1 GOBIND SAGAR(BHAKRA)              506.96        6.229        5.160 02-11-2017     83        64         82 676 1200 | 280.75  416.81        6.157
2017-11-02,Pong,,,,,CWC Weekly Reservoir Storage Bulletin (02.112017cwcbull.pdf),https://cwc.gov.in/sites/default/files/02.112017cwcbull.pdf,2017-11-02,*2 PONG DAM                  359.50                             4.350 02-11-2017     71        63         72            - 360 | PUNJAB                   352.81  513.97        2.344
2017-11-02,Ranjit Sagar,,,,,CWC Weekly Reservoir Storage Bulletin (02.112017cwcbull.pdf),https://cwc.gov.in/sites/default/files/02.112017cwcbull.pdf,2017-11-02,*3 THEIN                     269.14                             1.360 02-11-2017     58        55         57 348 600 | 146.3
2023-02-02,Bhakra,1679.99,,,,CWC Weekly Reservoir Storage Bulletin (02022023-fb.pdf),https://cwc.gov.in/sites/default/files/02022023-fb.pdf,2023-02-02,1 GOBIND SAGAR(BHAKRA)   512.06 493.82   6.229     3.057 02-02-2023  49      41        48 676 1379
2023-02-02,Pong,,,,,CWC Weekly Reservoir Storage Bulletin (02022023-fb.pdf),https://cwc.gov.in/sites/default/files/02022023-fb.pdf,2023-02-02,Pong Dam | Thein            0.18              0.15  42
2023-02-02,Ranjit Sagar,,,,,CWC Weekly Reservoir Storage Bulletin (02022023-fb.pdf),https://cwc.gov.in/sites/default/files/02022023-fb.pdf,2023-02-02,Thein            0.18              0.15  42
2023-03-02,Bhakra,1679.99,,,,CWC Weekly Reservoir Storage Bulletin (02032023-bulletin.pdf),https://cwc.gov.in/sites/default/files/02032023-bulletin.pdf,2023-03-02,1 GOBIND SAGAR(BHAKRA)    512.06  487.16       6.229     2.321 02-03-2023      37       34        39 676 1379
2023-03-02,Pong,,,,,CWC Weekly Reservoir Storage Bulletin (02032023-bulletin.pdf),https://cwc.gov.in/sites/default/files/02032023-bulletin.pdf,2023-03-02,Pong Dam | Thein                0.16          0.03  97
2023-03-02,Ranjit Sagar,,,,,CWC Weekly Reservoir Storage Bulletin (02032023-bulletin.pdf),https://cwc.gov.in/sites/default/files/02032023-bulletin.pdf,2023-03-02,Thein                0.16          0.03  97 | Gobind Sagar
2021-09-02,Bhakra,,,,,CWC Weekly Reservoir Storage Bulletin (02092021-fbpdf.pdf),https://cwc.gov.in/sites/default/files/02092021-fbpdf.pdf,2021-09-02,Maharashtra       25         GOBIND SAGAR(BHAKRA)                                       78 | PONG DAM(BEAS)                                        40
2021-09-02,Pong,,,,,CWC Weekly Reservoir Storage Bulletin (02092021-fbpdf.pdf),https://cwc.gov.in/sites/default/files/02092021-fbpdf.pdf,2021-09-02,PONG DAM(BEAS)                                        40 | Nagaland          1                                                                     68
2021-09-02,Ranjit Sagar,,,,,CWC Weekly Reservoir Storage Bulletin (02092021-fbpdf.pdf),https://cwc.gov.in/sites/default/files/02092021-fbpdf.pdf,2021-09-02,THEIN DAM | MAHI BAJAJ SAGAR
2023-11-02,Bhakra,1679.99,,,,CWC Weekly Reservoir Storage Bulletin (02112023-fb.pdf),https://cwc.gov.in/sites/default/files/02112023-fb.pdf,2023-11-02,1 GOBIND SAGAR(BHAKRA)   512.06 506.74    6.229     4.823 26-10-2023      77       84            84 676 1379
2023-11-02,Pong,1389.99,,,,CWC Weekly Reservoir Storage Bulletin (02112023-fb.pdf),https://cwc.gov.in/sites/default/files/02112023-fb.pdf,2023-11-02,*2 PONG DAM(BEAS)        423.67 418.91    6.157     4.891 02-11-2023      79       82            77       0 396
2023-11-02,Ranjit Sagar,,,,,CWC Weekly Reservoir Storage Bulletin (02112023-fb.pdf),https://cwc.gov.in/sites/default/files/02112023-fb.pdf,2023-11-02,4 THEIN DAM
2021-12-02,Bhakra,,,,,CWC Weekly Reservoir Storage Bulletin (02122021-fb-pdf.pdf),https://cwc.gov.in/sites/default/files/02122021-fb-pdf.pdf,2021-12-02,Himachal Pradesh  3            GOBIND SAGAR(BHAKRA)       78
2021-12-02,Pong,,,,,CWC Weekly Reservoir Storage Bulletin (02122021-fb-pdf.pdf),https://cwc.gov.in/sites/default/files/02122021-fb-pdf.pdf,2021-12-02,PONG DAM(BEAS)             74
2021-12-02,Ranjit Sagar,,,,,CWC Weekly Reservoir Storage Bulletin (02122021-fb-pdf.pdf),https://cwc.gov.in/sites/default/files/02122021-fb-pdf.pdf,2021-12-02,Punjab            1            THEIN DAM                  75
2022-11-03,Bhakra,1679.99,,,,CWC Weekly Reservoir Storage Bulletin (03-11-2022-bulletin.pdf),https://cwc.gov.in/sites/default/files/03-11-2022-bulletin.pdf,2022-11-03,*1 GOBIND SAGAR(BHAKRA)   512.06   509.17       6.229     5.203 03-11-2022     84       64        78 676 1379 | 423.67   420.72       6.157
2022-11-03,Pong,,,,,CWC Weekly Reservoir Storage Bulletin (03-11-2022-bulletin.pdf),https://cwc.gov.in/sites/default/files/03-11-2022-bulletin.pdf,2022-11-03,West Rajasthan        3                  -62        Pong Dam             6.16         5.07  7
2022-11-03,Ranjit Sagar,,,,,CWC Weekly Reservoir Storage Bulletin (03-11-2022-bulletin.pdf),https://cwc.gov.in/sites/default/files/03-11-2022-bulletin.pdf,2022-11-03,*4 THEIN DAM              280.75   359.55       0.132 | 359.50   352.64       1.436
2016-03-03,Bhakra,1596.72,,,,CWC Weekly Reservoir Storage Bulletin (03.03.2016cwcbull.pdf),https://cwc.gov.in/sites/default/files/03.03.2016cwcbull.pdf,2016-03-03,*1 GOBIND SAGAR(BHAKRA)              486.68        6.229        2.544 03-03-2016     41           34         39 676 1200 | 280.75  398.18        6.157
2016-03-03,Pong,,,,,CWC Weekly Reservoir Storage Bulletin (03.03.2016cwcbull.pdf),https://cwc.gov.in/sites/default/files/03.03.2016cwcbull.pdf,2016-03-03,*2 PONG DAM                  359.50                             1.209 03-03-2016     20           24         35         - 360 | PUNJAB                   352.81  496.10        2.344
2016-03-03,Ranjit Sagar,,,,,CWC Weekly Reservoir Storage Bulletin (03.03.2016cwcbull.pdf),https://cwc.gov.in/sites/default/files/03.03.2016cwcbull.pdf,2016-03-03,*3 THEIN                     269.14  270.60        1.711        0.469 03-03-2016     20           33         30 348 600 | 146.3  340.30        0.132
2018-05-03,Bhakra,1533.4,,,,CWC Weekly Reservoir Storage Bulletin (03.05.2018cwcbull_1.pdf),https://cwc.gov.in/sites/default/files/03.05.2018cwcbull_1.pdf,2018-05-03,*1 GOBIND SAGAR(BHAKRA)              467.38        6.229        0.998 03-05-2018     16           19         23 676 1200 | 280.75  394.00        6.157
2018-05-03,Pong,,,,,CWC Weekly Reservoir Storage Bulletin (03.05.2018cwcbull_1.pdf),https://cwc.gov.in/sites/default/files/03.05.2018cwcbull_1.pdf,2018-05-03,SARDAR SAROVAR            0 PONG DAM                         49                                                                           storage.
2018-05-03,Ranjit Sagar,,,,,CWC Weekly Reservoir Storage Bulletin (03.05.2018cwcbull_1.pdf),https://cwc.gov.in/sites/default/files/03.05.2018cwcbull_1.pdf,2018-05-03,*3 THEIN                     269.14                             0.583 03-05-2018     25           63         40 348 600 | 146.3
2017-08-03,Bhakra,1627.66,,,,CWC Weekly Reservoir Storage Bulletin (03.08.2017cwcbull.pdf),https://cwc.gov.in/sites/default/files/03.08.2017cwcbull.pdf,2017-08-03,*1 GOBIND SAGAR(BHAKRA)              496.11        6.229        3.644 01-08-2017     59        40         56 676 1200 | 280.75  413.08        6.157
2017-08-03,Pong,,,,,CWC Weekly Reservoir Storage Bulletin (03.08.2017cwcbull.pdf),https://cwc.gov.in/sites/default/files/03.08.2017cwcbull.pdf,2017-08-03,*2 PONG DAM                  359.50                             3.591 03-08-2017     58        34         45            - 360 | PUNJAB                   352.81  522.84        2.344
2017-08-03,Ranjit Sagar,,,,,CWC Weekly Reservoir Storage Bulletin (03.08.2017cwcbull.pdf),https://cwc.gov.in/sites/default/files/03.08.2017cwcbull.pdf,2017-08-03,*3 THEIN                     269.14                             1.959 03-08-2017     84        44         50 348 600 | 146.3
2019-10-03,Bhakra,1679.99,,,,CWC Weekly Reservoir Storage Bulletin (03.10.2019-fb-bulletin-pdf.pdf),https://cwc.gov.in/sites/default/files/03.10.2019-fb-bulletin-pdf.pdf,2019-10-03,*1 GOBIND SAGAR(BHAKRA) 512.06 510.36  6.229     5.389 03-10-2019     87        85       86 676 1200
2019-10-03,Pong,,,,,CWC Weekly Reservoir Storage Bulletin (03.10.2019-fb-bulletin-pdf.pdf),https://cwc.gov.in/sites/default/files/03.10.2019-fb-bulletin-pdf.pdf,2019-10-03,Pong Dam | 6.16              5.63  11
2019-10-03,Ranjit Sagar,,,,,CWC Weekly Reservoir Storage Bulletin (03.10.2019-fb-bulletin-pdf.pdf),https://cwc.gov.in/sites/default/files/03.10.2019-fb-bulletin-pdf.pdf,2019-10-03,Jammu & Kashmir                     429        -23     Thein                 2.34              2.04  25
2016-11-03,Bhakra,1635.56,,,,CWC Weekly Reservoir Storage Bulletin (03.11.2016cwcbull.pdf),https://cwc.gov.in/sites/default/files/03.11.2016cwcbull.pdf,2016-11-03,*1 GOBIND SAGAR(BHAKRA)              498.52        6.229        3.956 03-11-2016     64        89         84 676 1200 | 280.75  414.35        6.157
2016-11-03,Pong,,,,,CWC Weekly Reservoir Storage Bulletin (03.11.2016cwcbull.pdf),https://cwc.gov.in/sites/default/files/03.11.2016cwcbull.pdf,2016-11-03,*2 PONG DAM                  359.50                             3.835 03-11-2016     62        76         73            - 360 | PUNJAB                   352.81  512.90        2.344
2016-11-03,Ranjit Sagar,,,,,CWC Weekly Reservoir Storage Bulletin (03.11.2016cwcbull.pdf),https://cwc.gov.in/sites/default/files/03.11.2016cwcbull.pdf,2016-11-03,*3 THEIN                     269.14                             1.294 03-11-2016     55        50         58 348 600 | 146.3
2022-02-03,Bhakra,1679.99,,,,CWC Weekly Reservoir Storage Bulletin (03022022-bulletin.pdf),https://cwc.gov.in/sites/default/files/03022022-bulletin.pdf,2022-02-03,*1 GOBIND SAGAR(BHAKRA)   512.06  489.41       6.229     2.563 03-02-2022     41       33        49 676 1379
2022-02-03,Pong,1389.99,,,,CWC Weekly Reservoir Storage Bulletin (03022022-bulletin.pdf),https://cwc.gov.in/sites/default/files/03022022-bulletin.pdf,2022-02-03,*2 PONG DAM(BEAS)         423.67  408.40       6.157     2.620 03-02-2022     43       37        42  0 396
2022-02-03,Ranjit Sagar,,,,,CWC Weekly Reservoir Storage Bulletin (03022022-bulletin.pdf),https://cwc.gov.in/sites/default/files/03022022-bulletin.pdf,2022-02-03,*4 THEIN DAM
2021-06-03,Bhakra,,,,,CWC Weekly Reservoir Storage Bulletin (03062021-bulletin.pdf),https://cwc.gov.in/sites/default/files/03062021-bulletin.pdf,2021-06-03,GOBIND SAGAR(BHAKRA) 30
2021-06-03,Pong,,,,,CWC Weekly Reservoir Storage Bulletin (03062021-bulletin.pdf),https://cwc.gov.in/sites/default/files/03062021-bulletin.pdf,2021-06-03,PONG DAM(BEAS)            46
2021-06-03,Ranjit Sagar,,,,,CWC Weekly Reservoir Storage Bulletin (03062021-bulletin.pdf),https://cwc.gov.in/sites/default/files/03062021-bulletin.pdf,2021-06-03,Punjab            1            THEIN DAM               72
2020-09-03,Bhakra,1679.99,,,,CWC Weekly Reservoir Storage Bulletin (03092020-full-bul.pdf),https://cwc.gov.in/sites/default/files/03092020-full-bul.pdf,2020-09-03,*1 GOBIND SAGAR(BHAKRA)  512.06   505.40     6.229     4.622 02-09-2020     74       88        84 676 1379 | 423.67   418.98     6.157
2020-09-03,Pong,,,,,CWC Weekly Reservoir Storage Bulletin (03092020-full-bul.pdf),https://cwc.gov.in/sites/default/files/03092020-full-bul.pdf,2020-09-03,*2 PONG DAM(BEAS)                 641.12     0.089     4.624 03-09-2020     75       89        83  0 396 | 642
2020-09-03,Ranjit Sagar,,,,,CWC Weekly Reservoir Storage Bulletin (03092020-full-bul.pdf),https://cwc.gov.in/sites/default/files/03092020-full-bul.pdf,2020-09-03,Punjab       1         THEIN DAM               76
2024-10-03,Bhakra,1679.99,,,,CWC Weekly Reservoir Storage Bulletin (03102024.pdf),https://cwc.gov.in/sites/default/files/03102024.pdf,2024-10-03,1 GOBIND SAGAR(BHAKRA)   512.06 502.01              6.229            4.137 03-10-2024     66            85            81 676 1379
2024-10-03,Pong,,,,,CWC Weekly Reservoir Storage Bulletin (03102024.pdf),https://cwc.gov.in/sites/default/files/03102024.pdf,2024-10-03,Karnataka               16   PONG DAM(BEAS)  78 | Punjab                 1
2024-10-03,Ranjit Sagar,,,,,CWC Weekly Reservoir Storage Bulletin (03102024.pdf),https://cwc.gov.in/sites/default/files/03102024.pdf,2024-10-03,THEIN DAM                    35                                                                             51%  61%        71%
2021-11-03,Bhakra,,,,,CWC Weekly Reservoir Storage Bulletin (03112021-bulletin.pdf),https://cwc.gov.in/sites/default/files/03112021-bulletin.pdf,2021-11-03,Himachal Pradesh  3            GOBIND SAGAR(BHAKRA)       80
2021-11-03,Pong,,,,,CWC Weekly Reservoir Storage Bulletin (03112021-bulletin.pdf),https://cwc.gov.in/sites/default/files/03112021-bulletin.pdf,2021-11-03,PONG DAM(BEAS)             69
2021-11-03,Ranjit Sagar,,,,,CWC Weekly Reservoir Storage Bulletin (03112021-bulletin.pdf),https://cwc.gov.in/sites/default/files/03112021-bulletin.pdf,2021-11-03,Punjab            1            THEIN DAM                  75
2018-01-04,Bhakra,1634.09,,,,CWC Weekly Reservoir Storage Bulletin (04.01.2018cwc.pdf),https://cwc.gov.in/sites/default/files/04.01.2018cwc.pdf,2018-01-04,*1 GOBIND SAGAR(BHAKRA)              498.07        6.229        3.897 04-01-2018     63        42         61 676 1200 | 280.75  409.57        6.157
2018-01-04,Pong,,,,,CWC Weekly Reservoir Storage Bulletin (04.01.2018cwc.pdf),https://cwc.gov.in/sites/default/files/04.01.2018cwc.pdf,2018-01-04,*2 PONG DAM                  359.50                             2.940 04-01-2018     48        42         48            - 360 | PUNJAB                   352.81  503.55        2.344
2018-01-04,Ranjit Sagar,,,,,CWC Weekly Reservoir Storage Bulletin (04.01.2018cwc.pdf),https://cwc.gov.in/sites/default/files/04.01.2018cwc.pdf,2018-01-04,*3 THEIN                     269.14                             0.788 04-01-2018     34        36         40 348 600 | 146.3
2016-02-04,Bhakra,1621.26,,,,CWC Weekly Reservoir Storage Bulletin (04.02.2016cwcbull.pdf),https://cwc.gov.in/sites/default/files/04.02.2016cwcbull.pdf,2016-02-04,*1 GOBIND SAGAR(BHAKRA)              494.16        6.229        3.494 03-02-2016     56           49         50 676 1200 | 280.75  404.70        6.157
2016-02-04,Pong,,,,,CWC Weekly Reservoir Storage Bulletin (04.02.2016cwcbull.pdf),https://cwc.gov.in/sites/default/files/04.02.2016cwcbull.pdf,2016-02-04,*2 PONG DAM                  359.50                             2.112 04-02-2016     34           25         42         - 360 | PUNJAB                   352.81  495.62        2.344
2016-02-04,Ranjit Sagar,,,,,CWC Weekly Reservoir Storage Bulletin (04.02.2016cwcbull.pdf),https://cwc.gov.in/sites/default/files/04.02.2016cwcbull.pdf,2016-02-04,*3 THEIN                     269.14                             0.450 02-02-2016     19           32         32 348 600 | 146.3
2019-04-04,Bhakra,1615.75,,,,CWC Weekly Reservoir Storage Bulletin (04.04.2019cwcbull_1.pdf),https://cwc.gov.in/sites/default/files/04.04.2019cwcbull_1.pdf,2019-04-04,*1 GOBIND SAGAR(BHAKRA)              492.48        6.229        3.193 04-04-2019     51           21         25 676 1200 | 280.75  408.52        6.157
2019-04-04,Pong,,,,,CWC Weekly Reservoir Storage Bulletin (04.04.2019cwcbull_1.pdf),https://cwc.gov.in/sites/default/files/04.04.2019cwcbull_1.pdf,2019-04-04,*2 PONG DAM                  359.50                             2.751 04-04-2019     45           12         25         - 360 | PUNJAB                   352.81  519.62        2.344
2019-04-04,Ranjit Sagar,,,,,CWC Weekly Reservoir Storage Bulletin (04.04.2019cwcbull_1.pdf),https://cwc.gov.in/sites/default/files/04.04.2019cwcbull_1.pdf,2019-04-04,*3 THEIN                     269.14                             1.690 04-04-2019     72           20         31 348 600 | 146.3
2017-05-04,Bhakra,1540.88,,,,CWC Weekly Reservoir Storage Bulletin (04.05.2017cwcbull.pdf),https://cwc.gov.in/sites/default/files/04.05.2017cwcbull.pdf,2017-05-04,*1 GOBIND SAGAR(BHAKRA)              469.66        6.229        1.134 04-05-2017     18           24         24 676 1200 | 280.75  396.27        6.157
2017-05-04,Pong,,,,,CWC Weekly Reservoir Storage Bulletin (04.05.2017cwcbull.pdf),https://cwc.gov.in/sites/default/files/04.05.2017cwcbull.pdf,2017-05-04,*2 PONG DAM                  359.50                             0.988 03-05-2017     16           13         29         - 360 | PUNJAB                   352.81  515.46        2.344
2017-05-04,Ranjit Sagar,,,,,CWC Weekly Reservoir Storage Bulletin (04.05.2017cwcbull.pdf),https://cwc.gov.in/sites/default/files/04.05.2017cwcbull.pdf,2017-05-04,*3 THEIN                     269.14                             1.446 04-05-2017     62           26         41 348 600 | 146.3
2015-06-04,Bhakra,1679.99,,,,CWC Weekly Reservoir Storage Bulletin (04.06.2015.pdf),https://cwc.gov.in/sites/default/files/04.06.2015.pdf,2015-06-04,*1 GOBIND SAGAR(BHAKRA)      512.06                             2.630 6/4/2015      42           31         24 676 1200 | 423.67  268.85      1.711
2015-06-04,Pong,,,,,CWC Weekly Reservoir Storage Bulletin (04.06.2015.pdf),https://cwc.gov.in/sites/default/files/04.06.2015.pdf,2015-06-04,*2 PONG DAM                          343.25      0.132          2.265 6/4/2015      37           29         23     - 360 | PUNJAB                           345.94      1.436
2015-06-04,Ranjit Sagar,1731.99,,,,CWC Weekly Reservoir Storage Bulletin (04.06.2015.pdf),https://cwc.gov.in/sites/default/files/04.06.2015.pdf,2015-06-04,*3 THEIN                     527.91  257.10      0.821          1.841 6/4/2015      79           76         48 348 600 | RAJASTHAN                        136.81      0.471
2020-06-04,Bhakra,1679.99,,,,CWC Weekly Reservoir Storage Bulletin (04.06.2020-fb-pdf.pdf),https://cwc.gov.in/sites/default/files/04.06.2020-fb-pdf.pdf,2020-06-04,*1 GOBIND SAGAR(BHAKRA)  512.06  475.85       6.229     1.359 04-06-2020     22       45        27 676 1379
2020-06-04,Pong,1389.99,,,,CWC Weekly Reservoir Storage Bulletin (04.06.2020-fb-pdf.pdf),https://cwc.gov.in/sites/default/files/04.06.2020-fb-pdf.pdf,2020-06-04,*2 PONG DAM(BEAS)        423.67  409.22       6.157     2.764 04-06-2020     45       38        24  0 396
2020-06-04,Ranjit Sagar,,,,,CWC Weekly Reservoir Storage Bulletin (04.06.2020-fb-pdf.pdf),https://cwc.gov.in/sites/default/files/04.06.2020-fb-pdf.pdf,2020-06-04,*4 THEIN DAM
2019-07-04,Bhakra,1605.94,,,,CWC Weekly Reservoir Storage Bulletin (04.07.2019-cwc-bull_0.pdf),https://cwc.gov.in/sites/default/files/04.07.2019-cwc-bull_0.pdf,2019-07-04,*1 GOBIND SAGAR(BHAKRA)              489.49        6.229        2.573 04-07-2019     41           7          28 676 1200 | 280.75  404.39        6.157
2019-07-04,Pong,,,,,CWC Weekly Reservoir Storage Bulletin (04.07.2019-cwc-bull_0.pdf),https://cwc.gov.in/sites/default/files/04.07.2019-cwc-bull_0.pdf,2019-07-04,*2 PONG DAM                  359.50                             1.968 04-07-2019     32           9          21         - 360 | PUNJAB                   352.81  509.75        2.344
2019-07-04,Ranjit Sagar,,,,,CWC Weekly Reservoir Storage Bulletin (04.07.2019-cwc-bull_0.pdf),https://cwc.gov.in/sites/default/files/04.07.2019-cwc-bull_0.pdf,2019-07-04,*3 THEIN                     269.14  267.85        1.711        1.086 04-07-2019     46           38         44 348 600 | RAJASTHAN                 146.3  345.65        0.132
2019-07-04,Bhakra,1605.94,,,,CWC Weekly Reservoir Storage Bulletin (04.07.2019-cwc-bull_1.pdf),https://cwc.gov.in/sites/default/files/04.07.2019-cwc-bull_1.pdf,2019-07-04,*1 GOBIND SAGAR(BHAKRA)              489.49        6.229        2.573 04-07-2019     41           7          28 676 1200 | 280.75  404.39        6.157
2019-07-04,Pong,,,,,CWC Weekly Reservoir Storage Bulletin (04.07.2019-cwc-bull_1.pdf),https://cwc.gov.in/sites/default/files/04.07.2019-cwc-bull_1.pdf,2019-07-04,*2 PONG DAM                  359.50                             1.968 04-07-2019     32           9          21         - 360 | PUNJAB                   352.81  509.75        2.344
2019-07-04,Ranjit Sagar,,,,,CWC Weekly Reservoir Storage Bulletin (04.07.2019-cwc-bull_1.pdf),https://cwc.gov.in/sites/default/files/04.07.2019-cwc-bull_1.pdf,2019-07-04,*3 THEIN                     269.14  267.85        1.711        1.086 04-07-2019     46           38         44 348 600 | RAJASTHAN                 146.3  345.65        0.132
2016-08-04,Bhakra,1600.62,,,,CWC Weekly Reservoir Storage Bulletin (04.08.2016cwcbull.pdf),https://cwc.gov.in/sites/default/files/04.08.2016cwcbull.pdf,2016-08-04,*1 GOBIND SAGAR(BHAKRA)              487.87        6.229        2.666 04-08-2016     43           75         61 676 1200 | 280.75  405.22        6.157        2.189 04-08-2016
2016-08-04,Pong,,,,,CWC Weekly Reservoir Storage Bulletin (04.08.2016cwcbull.pdf),https://cwc.gov.in/sites/default/files/04.08.2016cwcbull.pdf,2016-08-04,*2 PONG DAM                  359.50                                                  36           71         47         - 360 | PUNJAB                   352.81  508.62        2.344        1.037 04-08-2016
2016-08-04,Ranjit Sagar,,,,,CWC Weekly Reservoir Storage Bulletin (04.08.2016cwcbull.pdf),https://cwc.gov.in/sites/default/files/04.08.2016cwcbull.pdf,2016-08-04,*3 THEIN                     269.14                             1.365 04-08-2016     44           87         56 348 600 | 146.3                             0.066 04-08-2016
2018-10-04,Bhakra,1666.77,,,,CWC Weekly Reservoir Storage Bulletin (04.10.2018cwcbull_1.pdf),https://cwc.gov.in/sites/default/files/04.10.2018cwcbull_1.pdf,2018-10-04,*1 GOBIND SAGAR(BHAKRA)              508.03        6.229        5.326 04-10-2018     86           87         87 676 1200 | 280.75  424.35        6.157
2018-10-04,Pong,,,,,CWC Weekly Reservoir Storage Bulletin (04.10.2018cwcbull_1.pdf),https://cwc.gov.in/sites/default/files/04.10.2018cwcbull_1.pdf,2018-10-04,*2 PONG DAM                  359.50                             6.089 04-10-2018     99           82         82         - 360 | PUNJAB                   352.81  526.90        2.344
2018-10-04,Ranjit Sagar,,,,,CWC Weekly Reservoir Storage Bulletin (04.10.2018cwcbull_1.pdf),https://cwc.gov.in/sites/default/files/04.10.2018cwcbull_1.pdf,2018-10-04,*3 THEIN                     269.14                             2.277 04-10-2018     97           71         65 348 600 | 146.3
2021-02-04,Bhakra,,,,,CWC Weekly Reservoir Storage Bulletin (04022021-full-bul.pdf),https://cwc.gov.in/sites/default/files/04022021-full-bul.pdf,2021-02-04,Himachal Pradesh                      GOBIND SAGAR(BHAKRA)               63 | 3
2021-02-04,Pong,,,,,CWC Weekly Reservoir Storage Bulletin (04022021-full-bul.pdf),https://cwc.gov.in/sites/default/files/04022021-full-bul.pdf,2021-02-04,Himachal Pradesh           38                 -61       Pong Dam            6.16           2.28                                         -17
2021-02-04,Ranjit Sagar,,,,,CWC Weekly Reservoir Storage Bulletin (04022021-full-bul.pdf),https://cwc.gov.in/sites/default/files/04022021-full-bul.pdf,2021-02-04,THEIN DAM                 39                                                                                     2    2            4
2021-03-04,Bhakra,,,,,CWC Weekly Reservoir Storage Bulletin (04032021-fbpdf.pdf),https://cwc.gov.in/sites/default/files/04032021-fbpdf.pdf,2021-03-04,Himachal Pradesh            GOBIND SAGAR(BHAKRA)               57
2021-03-04,Pong,,,,,CWC Weekly Reservoir Storage Bulletin (04032021-fbpdf.pdf),https://cwc.gov.in/sites/default/files/04032021-fbpdf.pdf,2021-03-04,3         PONG DAM(BEAS)                     62
2021-03-04,Ranjit Sagar,,,,,CWC Weekly Reservoir Storage Bulletin (04032021-fbpdf.pdf),https://cwc.gov.in/sites/default/files/04032021-fbpdf.pdf,2021-03-04,Punjab            1         THEIN DAM                          51
2024-04-04,Bhakra,1679.99,,,,CWC Weekly Reservoir Storage Bulletin (04042024fb.pdf),https://cwc.gov.in/sites/default/files/04042024fb.pdf,2024-04-04,1 GOBIND SAGAR(BHAKRA)   512.06 479.55    6.229     1.640 04-04-2024   26      29                29 676 1379
2024-04-04,Pong,,,,,CWC Weekly Reservoir Storage Bulletin (04042024fb.pdf),https://cwc.gov.in/sites/default/files/04042024fb.pdf,2024-04-04,West Rajasthan      2               -71             Pong Dam              6.16              1.91  18
2024-04-04,Ranjit Sagar,,,,,CWC Weekly Reservoir Storage Bulletin (04042024fb.pdf),https://cwc.gov.in/sites/default/files/04042024fb.pdf,2024-04-04,Jammu & Kashmir     130             -21             Thein                 2.34              0.96  -7
2023-05-04,Bhakra,1679.99,,,,CWC Weekly Reservoir Storage Bulletin (04052023-fb.pdf),https://cwc.gov.in/sites/default/files/04052023-fb.pdf,2023-05-04,1 GOBIND SAGAR(BHAKRA)   512.06 477.85   6.229     1.511 04-05-2023     24          23       27 676 1379
2023-05-04,Pong,1389.99,,,,CWC Weekly Reservoir Storage Bulletin (04052023-fb.pdf),https://cwc.gov.in/sites/default/files/04052023-fb.pdf,2023-05-04,*2 PONG DAM(BEAS)        423.67 405.74   6.157     2.123 04-05-2023     34          28       29       0 396
2023-05-04,Ranjit Sagar,,,,,CWC Weekly Reservoir Storage Bulletin (04052023-fb.pdf),https://cwc.gov.in/sites/default/files/04052023-fb.pdf,2023-05-04,Jammu & Kashmir     207                             Thein           2.34              1.14  50
2024-07-04,Bhakra,1679.99,,,,CWC Weekly Reservoir Storage Bulletin (04072024-fb.pdf),https://cwc.gov.in/sites/default/files/04072024-fb.pdf,2024-07-04,1 GOBIND SAGAR(BHAKRA)   512.06 484.73      6.229     2.092 04-07-2024     34      37         28 676 1379
2024-07-04,Pong,,,,,CWC Weekly Reservoir Storage Bulletin (04072024-fb.pdf),https://cwc.gov.in/sites/default/files/04072024-fb.pdf,2024-07-04,Pong Dam                0.51       1.14  -18 | 1.02
2024-07-04,Ranjit Sagar,,,,,CWC Weekly Reservoir Storage Bulletin (04072024-fb.pdf),https://cwc.gov.in/sites/default/files/04072024-fb.pdf,2024-07-04,THEIN DAM              65
2022-08-04,Bhakra,1679.99,,,,CWC Weekly Reservoir Storage Bulletin (04082022.pdf),https://cwc.gov.in/sites/default/files/04082022.pdf,2022-08-04,*1 GOBIND SAGAR(BHAKRA)   512.06  493.04       6.229     2.969 04-08-2022      48       39        56 676 1379
2022-08-04,Pong,1389.99,,,,CWC Weekly Reservoir Storage Bulletin (04082022.pdf),https://cwc.gov.in/sites/default/files/04082022.pdf,2022-08-04,*2 PONG DAM(BEAS)         423.67  408.27       6.157     2.599 04-08-2022      42       35        46  0 396
2022-08-04,Ranjit Sagar,,,,,CWC Weekly Reservoir Storage Bulletin (04082022.pdf),https://cwc.gov.in/sites/default/files/04082022.pdf,2022-08-04,*4 THEIN DAM
2020-03-05,Bhakra,1654.89,,,,CWC Weekly Reservoir Storage Bulletin (05.03.2020-fb-pdf.pdf),https://cwc.gov.in/sites/default/files/05.03.2020-fb-pdf.pdf,2020-03-05,*1 GOBIND SAGAR(BHAKRA)           504.41   2.344     2.583 05-03-2020     41       59        41 676 1379 | 527.91
2020-03-05,Pong,,,,,CWC Weekly Reservoir Storage Bulletin (05.03.2020-fb-pdf.pdf),https://cwc.gov.in/sites/default/files/05.03.2020-fb-pdf.pdf,2020-03-05,Himachal Pradesh                 137   -100        Pong Dam           6.16              3.82                                   93
2020-03-05,Ranjit Sagar,,,,,CWC Weekly Reservoir Storage Bulletin (05.03.2020-fb-pdf.pdf),https://cwc.gov.in/sites/default/files/05.03.2020-fb-pdf.pdf,2020-03-05,Jammu & Kashmir                  153               Thein              2.34              0.87                                   1 | -99         Gandhi Sagar
2018-04-05,Bhakra,1547.18,,,,CWC Weekly Reservoir Storage Bulletin (05.04.2018cwcbull.pdf),https://cwc.gov.in/sites/default/files/05.04.2018cwcbull.pdf,2018-04-05,*1 GOBIND SAGAR(BHAKRA)              471.58        6.229        1.263 05-04-2018     20           13         24 676 1200 | 280.75  394.07        6.157
2018-04-05,Pong,,,,,CWC Weekly Reservoir Storage Bulletin (05.04.2018cwcbull.pdf),https://cwc.gov.in/sites/default/files/05.04.2018cwcbull.pdf,2018-04-05,*2 PONG DAM                  359.50                             0.762 04-04-2018     12           17         24         - 360 | PUNJAB                   352.81  495.68        2.344
2018-04-05,Ranjit Sagar,,,,,CWC Weekly Reservoir Storage Bulletin (05.04.2018cwcbull.pdf),https://cwc.gov.in/sites/default/files/05.04.2018cwcbull.pdf,2018-04-05,*3 THEIN                     269.14                             0.457 05-04-2018     19           44         32 348 600 | 146.3
2016-05-05,Bhakra,1557.38,,,,CWC Weekly Reservoir Storage Bulletin (05.05.2016cwcbull.pdf),https://cwc.gov.in/sites/default/files/05.05.2016cwcbull.pdf,2016-05-05,*1 GOBIND SAGAR(BHAKRA)              474.69        6.229        1.472 04-05-2016     24           38         25 676 1200 | 280.75  394.02        6.157
2016-05-05,Pong,,,,,CWC Weekly Reservoir Storage Bulletin (05.05.2016cwcbull.pdf),https://cwc.gov.in/sites/default/files/05.05.2016cwcbull.pdf,2016-05-05,YELDARI                       0 ISAPUR                    26 PONG DAM                 40                                   60% 70% 80%
2016-05-05,Ranjit Sagar,,,,,CWC Weekly Reservoir Storage Bulletin (05.05.2016cwcbull.pdf),https://cwc.gov.in/sites/default/files/05.05.2016cwcbull.pdf,2016-05-05,*3 THEIN                     269.14                             0.621 05-05-2016     26           82         46 348 600 | 146.3
2018-07-05,Bhakra,,,,,CWC Weekly Reservoir Storage Bulletin (05.07.2018cwcbull_1.pdf),https://cwc.gov.in/sites/default/files/05.07.2018cwcbull_1.pdf,2018-07-05,GOBIND SAGAR(BHAKRA       22                                                                                                              5         6      4
2018-07-05,Pong,,,,,CWC Weekly Reservoir Storage Bulletin (05.07.2018cwcbull_1.pdf),https://cwc.gov.in/sites/default/files/05.07.2018cwcbull_1.pdf,2018-07-05,PONG DAM                  38
2018-07-05,Ranjit Sagar,,,,,CWC Weekly Reservoir Storage Bulletin (05.07.2018cwcbull_1.pdf),https://cwc.gov.in/sites/default/files/05.07.2018cwcbull_1.pdf,2018-07-05,*3 THEIN                     269.14                             0.892 05-07-2018     38           62         46 348 600 | 146.3
2019-09-05,Bhakra,1679.99,,,,CWC Weekly Reservoir Storage Bulletin (05.09.2019-fb.pdf),https://cwc.gov.in/sites/default/files/05.09.2019-fb.pdf,2019-09-05,*1 GOBIND SAGAR(BHAKRA) 512.06 510.62  6.229     5.430 05-09-2019     87        70       82 676 1200
2019-09-05,Pong,,,,,CWC Weekly Reservoir Storage Bulletin (05.09.2019-fb.pdf),https://cwc.gov.in/sites/default/files/05.09.2019-fb.pdf,2019-09-05,Pong Dam | 6.16              5.52  14
2019-09-05,Ranjit Sagar,1731.99,,,,CWC Weekly Reservoir Storage Bulletin (05.09.2019-fb.pdf),https://cwc.gov.in/sites/default/files/05.09.2019-fb.pdf,2019-09-05,*4 THEIN DAM            527.91 524.22  2.344     2.039 05-09-2019     87        77       71 348 600 | RAJASTHAN
2017-10-05,Bhakra,1668.24,,,,CWC Weekly Reservoir Storage Bulletin (05.10.2017cwcbull.pdf),https://cwc.gov.in/sites/default/files/05.10.2017cwcbull.pdf,2017-10-05,*1 GOBIND SAGAR(BHAKRA)              508.48        6.229        5.397 03-10-2017     87        73         87 676 1200 | 280.75  420.10        6.157
2017-10-05,Pong,,,,,CWC Weekly Reservoir Storage Bulletin (05.10.2017cwcbull.pdf),https://cwc.gov.in/sites/default/files/05.10.2017cwcbull.pdf,2017-10-05,*2 PONG DAM                  359.50                             5.072 04-10-2017     82        69         80            - 360 | PUNJAB                   352.81  518.37        2.344
2017-10-05,Ranjit Sagar,,,,,CWC Weekly Reservoir Storage Bulletin (05.10.2017cwcbull.pdf),https://cwc.gov.in/sites/default/files/05.10.2017cwcbull.pdf,2017-10-05,*3 THEIN                     269.14                             1.629 05-10-2017     69        66         63 348 600 | 146.3
2015-11-05,Bhakra,1670.54,,,,CWC Weekly Reservoir Storage Bulletin (05.11.2015cwcbull.pdf),https://cwc.gov.in/sites/default/files/05.11.2015cwcbull.pdf,2015-11-05,*1 GOBIND SAGAR(BHAKRA)              509.18        6.229        5.507 04-11-2015     88        82         84 676 1200 | 280.75  418.24        6.157        4.660 05-11-2015
2015-11-05,Pong,,,,,CWC Weekly Reservoir Storage Bulletin (05.11.2015cwcbull.pdf),https://cwc.gov.in/sites/default/files/05.11.2015cwcbull.pdf,2015-11-05,*2 PONG DAM                  359.50                                                  76        59         73            - 360 | PUNJAB                   352.81  510.58        2.344        1.141 04-11-2015
2015-11-05,Ranjit Sagar,,,,,CWC Weekly Reservoir Storage Bulletin (05.11.2015cwcbull.pdf),https://cwc.gov.in/sites/default/files/05.11.2015cwcbull.pdf,2015-11-05,*3 THEIN                     269.14                             1.650 04-11-2015     49        47         60 348 600 | 146.3                             0.120 04-11-2015
2020-11-05,Bhakra,,,,,CWC Weekly Reservoir Storage Bulletin (05.11.2020-fb-pdf.pdf),https://cwc.gov.in/sites/default/files/05.11.2020-fb-pdf.pdf,2020-11-05,Himachal Pradesh      3          GOBIND SAGAR(BHAKRA)            73
2020-11-05,Pong,,,,,CWC Weekly Reservoir Storage Bulletin (05.11.2020-fb-pdf.pdf),https://cwc.gov.in/sites/default/files/05.11.2020-fb-pdf.pdf,2020-11-05,Pong Dam | 6.16              3.88  -18
2020-11-05,Ranjit Sagar,,,,,CWC Weekly Reservoir Storage Bulletin (05.11.2020-fb-pdf.pdf),https://cwc.gov.in/sites/default/files/05.11.2020-fb-pdf.pdf,2020-11-05,Punjab  1          THEIN DAM                       69
2019-12-05,Bhakra,1679.99,,,,CWC Weekly Reservoir Storage Bulletin (05.12.2019-full-bulletin.pdf),https://cwc.gov.in/sites/default/files/05.12.2019-full-bulletin.pdf,2019-12-05,*1 GOBIND SAGAR(BHAKRA) 512.06 504.35  6.229     4.172 05-12-2019     67        85       76 676 1379
2019-12-05,Pong,1389.99,,,,CWC Weekly Reservoir Storage Bulletin (05.12.2019-full-bulletin.pdf),https://cwc.gov.in/sites/default/files/05.12.2019-full-bulletin.pdf,2019-12-05,*2 PONG DAM(BEAS)       423.67 418.70  6.157     4.625 05-12-2019     75        74       63   0 396
2019-12-05,Ranjit Sagar,1731.99,,,,CWC Weekly Reservoir Storage Bulletin (05.12.2019-full-bulletin.pdf),https://cwc.gov.in/sites/default/files/05.12.2019-full-bulletin.pdf,2019-12-05,*4 THEIN DAM            527.91 519.69  2.344     1.760 05-12-2019     75        75       54 348 600 | RAJASTHAN
2023-01-05,Bhakra,1679.99,,,,CWC Weekly Reservoir Storage Bulletin (05012023-fb.pdf),https://cwc.gov.in/sites/default/files/05012023-fb.pdf,2023-01-05,*1 GOBIND SAGAR(BHAKRA)  512.06 497.90   6.229     3.578 05-01-2023     57       45       58 676 1379
2023-01-05,Pong,,,,,CWC Weekly Reservoir Storage Bulletin (05012023-fb.pdf),https://cwc.gov.in/sites/default/files/05012023-fb.pdf,2023-01-05,Pong Dam | Thein            0.16              0.09  78
2023-01-05,Ranjit Sagar,,,,,CWC Weekly Reservoir Storage Bulletin (05012023-fb.pdf),https://cwc.gov.in/sites/default/files/05012023-fb.pdf,2023-01-05,Thein            0.16              0.09  78 | Gobind Sagar
2022-05-05,Bhakra,1679.99,,,,CWC Weekly Reservoir Storage Bulletin (05052022-fb.pdf),https://cwc.gov.in/sites/default/files/05052022-fb.pdf,2022-05-05,*1 GOBIND SAGAR(BHAKRA)   512.06  475.52       6.229     1.458 05-05-2022     23       11        28 676 1379
2022-05-05,Pong,,,,,CWC Weekly Reservoir Storage Bulletin (05052022-fb.pdf),https://cwc.gov.in/sites/default/files/05052022-fb.pdf,2022-05-05,Pong Dam
2022-05-05,Ranjit Sagar,,,,,CWC Weekly Reservoir Storage Bulletin (05052022-fb.pdf),https://cwc.gov.in/sites/default/files/05052022-fb.pdf,2022-05-05,Punjab          1            THEIN DAM                  77
2021-08-05,Bhakra,,,,,CWC Weekly Reservoir Storage Bulletin (05082021-bulletin.pdf),https://cwc.gov.in/sites/default/files/05082021-bulletin.pdf,2021-08-05,GOBIND SAGAR(BHAKRA)    65
2021-08-05,Pong,,,,,CWC Weekly Reservoir Storage Bulletin (05082021-bulletin.pdf),https://cwc.gov.in/sites/default/files/05082021-bulletin.pdf,2021-08-05,Himachal Pradesh  3            PONG DAM(BEAS)          70
2021-08-05,Ranjit Sagar,,,,,CWC Weekly Reservoir Storage Bulletin (05082021-bulletin.pdf),https://cwc.gov.in/sites/default/files/05082021-bulletin.pdf,2021-08-05,Punjab            1            THEIN DAM               73
2023-10-05,Bhakra,,,,,CWC Weekly Reservoir Storage Bulletin (05102023-fb.pdf),https://cwc.gov.in/sites/default/files/05102023-fb.pdf,2023-10-05,1 GOBIND SAGAR(BHAKRA)
2023-10-05,Pong,,,,,CWC Weekly Reservoir Storage Bulletin (05102023-fb.pdf),https://cwc.gov.in/sites/default/files/05102023-fb.pdf,2023-10-05,-74             Pong Dam               6.16       5.48  12 | -66             Thein
2023-10-05,Ranjit Sagar,,,,,CWC Weekly Reservoir Storage Bulletin (05102023-fb.pdf),https://cwc.gov.in/sites/default/files/05102023-fb.pdf,2023-10-05,-66             Thein | Punjab                0                             Gobind Sagar           2.34       1.42  -13
2021-05-06,Bhakra,,,,,CWC Weekly Reservoir Storage Bulletin (06-05-2021-fbpdf-f.pdf),https://cwc.gov.in/sites/default/files/06-05-2021-fbpdf-f.pdf,2021-05-06,GOBIND SAGAR(BHAKRA)      38
2021-05-06,Pong,,,,,CWC Weekly Reservoir Storage Bulletin (06-05-2021-fbpdf-f.pdf),https://cwc.gov.in/sites/default/files/06-05-2021-fbpdf-f.pdf,2021-05-06,PONG DAM(BEAS)            48
2021-05-06,Ranjit Sagar,,,,,CWC Weekly Reservoir Storage Bulletin (06-05-2021-fbpdf-f.pdf),https://cwc.gov.in/sites/default/files/06-05-2021-fbpdf-f.pdf,2021-05-06,Punjab            1            THEIN DAM             60
2020-02-06,Bhakra,1679.99,,,,CWC Weekly Reservoir Storage Bulletin (06.02.2020-full-bull.pdf),https://cwc.gov.in/sites/default/files/06.02.2020-full-bull.pdf,2020-02-06,*1 GOBIND SAGAR(BHAKRA)  512.06  496.27       6.229     3.370 06-02-2020     54       63        49 676 1379
2020-02-06,Pong,1389.99,,,,CWC Weekly Reservoir Storage Bulletin (06.02.2020-full-bull.pdf),https://cwc.gov.in/sites/default/files/06.02.2020-full-bull.pdf,2020-02-06,*2 PONG DAM(BEAS)        423.67  416.17       6.157     4.086 06-02-2020     66       52        40  0 396
2020-02-06,Ranjit Sagar,,,,,CWC Weekly Reservoir Storage Bulletin (06.02.2020-full-bull.pdf),https://cwc.gov.in/sites/default/files/06.02.2020-full-bull.pdf,2020-02-06,*4 THEIN DAM
2017-04-06,Bhakra,1524.31,,,,CWC Weekly Reservoir Storage Bulletin (06.04.2017cwcbull.pdf),https://cwc.gov.in/sites/default/files/06.04.2017cwcbull.pdf,2017-04-06,*1 GOBIND SAGAR(BHAKRA)              464.61        6.229        1.031 06-04-2017     17           30         27 676 1200 | 280.75  396.74        6.157
2017-04-06,Pong,,,,,CWC Weekly Reservoir Storage Bulletin (06.04.2017cwcbull.pdf),https://cwc.gov.in/sites/default/files/06.04.2017cwcbull.pdf,2017-04-06,*2 PONG DAM                  359.50                             1.042 06-04-2017     17           15         29         - 360 | PUNJAB                   352.81  508.58        2.344
2017-04-06,Ranjit Sagar,,,,,CWC Weekly Reservoir Storage Bulletin (06.04.2017cwcbull.pdf),https://cwc.gov.in/sites/default/files/06.04.2017cwcbull.pdf,2017-04-06,*3 THEIN                     269.14                             1.037 06-04-2017     44           22         33 348 600 | 146.3
2020-05-06,Bhakra,1679.99,,,,CWC Weekly Reservoir Storage Bulletin (06.05.2020-fb-pdfn.pdf),https://cwc.gov.in/sites/default/files/06.05.2020-fb-pdfn.pdf,2020-05-06,*1 GOBIND SAGAR(BHAKRA) 512.06 483.40  6.229     1.966 06-05-2020     32       55       28 676 1379
2020-05-06,Pong,1389.99,,,,CWC Weekly Reservoir Storage Bulletin (06.05.2020-fb-pdfn.pdf),https://cwc.gov.in/sites/default/files/06.05.2020-fb-pdfn.pdf,2020-05-06,*2 PONG DAM(BEAS)      423.67 413.10   6.157     3.472 06-05-2020     56       45       27   0 396
2020-05-06,Ranjit Sagar,,,,,CWC Weekly Reservoir Storage Bulletin (06.05.2020-fb-pdfn.pdf),https://cwc.gov.in/sites/default/files/06.05.2020-fb-pdfn.pdf,2020-05-06,*4 THEIN DAM
2019-06-06,Bhakra,1611.98,,,,CWC Weekly Reservoir Storage Bulletin (06.06.2019cwcbull_1.pdf),https://cwc.gov.in/sites/default/files/06.06.2019cwcbull_1.pdf,2019-06-06,*1 GOBIND SAGAR(BHAKRA)              491.33        6.229        2.778 06-06-2019     45           6          23 676 1200 | 280.75  406.70        6.157
2019-06-06,Pong,,,,,CWC Weekly Reservoir Storage Bulletin (06.06.2019cwcbull_1.pdf),https://cwc.gov.in/sites/default/files/06.06.2019cwcbull_1.pdf,2019-06-06,*2 PONG DAM                  359.50                             2.336 06-06-2019     38           9          20         - 360 | PUNJAB                   352.81  515.79        2.344
2019-06-06,Ranjit Sagar,,,,,CWC Weekly Reservoir Storage Bulletin (06.06.2019cwcbull_1.pdf),https://cwc.gov.in/sites/default/files/06.06.2019cwcbull_1.pdf,2019-06-06,*3 THEIN                     269.14                             1.477 06-06-2019     63           26         44 348 600 | 146.3
2016-07-06,Bhakra,1577.76,,,,CWC Weekly Reservoir Storage Bulletin (06.07.2016cwcbull.pdf),https://cwc.gov.in/sites/default/files/06.07.2016cwcbull.pdf,2016-07-06,*1 GOBIND SAGAR(BHAKRA)              480.90        6.229        1.977 06-07-2016     32           46         36 676 1200 | 280.75  394.37        6.157
2016-07-06,Pong,,,,,CWC Weekly Reservoir Storage Bulletin (06.07.2016cwcbull.pdf),https://cwc.gov.in/sites/default/files/06.07.2016cwcbull.pdf,2016-07-06,*2 PONG DAM                  359.50                             0.792 06-07-2016     13           37         25         - 360 | PUNJAB                   352.81  504.06        2.344
2016-07-06,Ranjit Sagar,,,,,CWC Weekly Reservoir Storage Bulletin (06.07.2016cwcbull.pdf),https://cwc.gov.in/sites/default/files/06.07.2016cwcbull.pdf,2016-07-06,*3 THEIN                     269.14                             0.817 06-07-2016     35           82         51 348 600 | 146.3
2017-07-06,Bhakra,1575.66,,,,CWC Weekly Reservoir Storage Bulletin (06.07.2017cwcbull.pdf),https://cwc.gov.in/sites/default/files/06.07.2017cwcbull.pdf,2017-07-06,*1 GOBIND SAGAR(BHAKRA)              480.26        6.229        1.924 06-07-2017     31           32         36 676 1200 | 280.75  396.94        6.157
2017-07-06,Pong,,,,,CWC Weekly Reservoir Storage Bulletin (06.07.2017cwcbull.pdf),https://cwc.gov.in/sites/default/files/06.07.2017cwcbull.pdf,2017-07-06,*2 PONG DAM                  359.50                             1.065 05-07-2017     17           13         25         - 360 | PUNJAB                   352.81  515.77        2.344
2017-07-06,Ranjit Sagar,,,,,CWC Weekly Reservoir Storage Bulletin (06.07.2017cwcbull.pdf),https://cwc.gov.in/sites/default/files/06.07.2017cwcbull.pdf,2017-07-06,*3 THEIN                     269.14                             1.446 05-07-2017     62           34         46 348 600 | 146.3
2015-08-06,Bhakra,,,,,CWC Weekly Reservoir Storage Bulletin (06.08.2015resv.bulletin.pdf),https://cwc.gov.in/sites/default/files/06.08.2015resv.bulletin.pdf,2015-08-06,*1 GOBIND SAGAR(BHAKRA)                                         4.795 06-08-2015     77           78         63 676 1200 | 280.75  281.25      1.711
2015-08-06,Pong,,,,,CWC Weekly Reservoir Storage Bulletin (06.08.2015resv.bulletin.pdf),https://cwc.gov.in/sites/default/files/06.08.2015resv.bulletin.pdf,2015-08-06,*2 PONG DAM                  359.50  360.05      0.132          4.504 06-08-2015     73           43         49         - 360 | PUNJAB                   352.81  352.53      1.436
2015-08-06,Ranjit Sagar,,,,,CWC Weekly Reservoir Storage Bulletin (06.08.2015resv.bulletin.pdf),https://cwc.gov.in/sites/default/files/06.08.2015resv.bulletin.pdf,2015-08-06,*3 THEIN                     269.14  260.12      0.821          2.039 06-08-2015     87           73         55 348 600 | 146.3  148.28      0.471
2018-09-06,Bhakra,1645.6,,,,CWC Weekly Reservoir Storage Bulletin (06.09.2018cwcbull_1.pdf),https://cwc.gov.in/sites/default/files/06.09.2018cwcbull_1.pdf,2018-09-06,*1 GOBIND SAGAR(BHAKRA)              501.58        6.229        4.376 06-09-2018     70        90         85 676 1200 | 280.75  418.80        6.157        4.783 05-09-2018
2018-09-06,Pong,,,,,CWC Weekly Reservoir Storage Bulletin (06.09.2018cwcbull_1.pdf),https://cwc.gov.in/sites/default/files/06.09.2018cwcbull_1.pdf,2018-09-06,*2 PONG DAM                  359.50                                                  78        88         80            - 360 | PUNJAB                   352.81  521.04        2.344        1.800 06-09-2018
2018-09-06,Ranjit Sagar,,,,,CWC Weekly Reservoir Storage Bulletin (06.09.2018cwcbull_1.pdf),https://cwc.gov.in/sites/default/files/06.09.2018cwcbull_1.pdf,2018-09-06,*3 THEIN                     269.14                             1.134 05-09-2018     77        79         70 348 600 | 146.3                             0.103 05-09-2018
2016-10-06,Bhakra,1648.69,,,,CWC Weekly Reservoir Storage Bulletin (06.10.2016cwcbull.pdf),https://cwc.gov.in/sites/default/files/06.10.2016cwcbull.pdf,2016-10-06,*1 GOBIND SAGAR(BHAKRA)              502.52        6.229        4.510 06-10-2016     72        93         88 676 1200 | 280.75  416.27        6.157
2016-10-06,Pong,,,,,CWC Weekly Reservoir Storage Bulletin (06.10.2016cwcbull.pdf),https://cwc.gov.in/sites/default/files/06.10.2016cwcbull.pdf,2016-10-06,*2 PONG DAM                  359.50                             4.236 06-10-2016     69        85         82            - 360 | PUNJAB                   352.81  517.13        2.344
2016-10-06,Ranjit Sagar,,,,,CWC Weekly Reservoir Storage Bulletin (06.10.2016cwcbull.pdf),https://cwc.gov.in/sites/default/files/06.10.2016cwcbull.pdf,2016-10-06,*3 THEIN                     269.14                             1.538 06-10-2016     66        56         64 348 600 | 146.3
2018-12-06,Bhakra,1665.75,,,,CWC Weekly Reservoir Storage Bulletin (06.12.2018cwcbull.pdf),https://cwc.gov.in/sites/default/files/06.12.2018cwcbull.pdf,2018-12-06,*1 GOBIND SAGAR(BHAKRA)              507.72        6.229        5.279 06-12-2018     85           75         73 676 1200 | 280.75  418.75        6.157
2018-12-06,Pong,,,,,CWC Weekly Reservoir Storage Bulletin (06.12.2018cwcbull.pdf),https://cwc.gov.in/sites/default/files/06.12.2018cwcbull.pdf,2018-12-06,*2 PONG DAM                  359.50                             4.743 06-12-2018     77           61         62         - 360 | PUNJAB                   352.81  520.19        2.344
2018-12-06,Ranjit Sagar,,,,,CWC Weekly Reservoir Storage Bulletin (06.12.2018cwcbull.pdf),https://cwc.gov.in/sites/default/files/06.12.2018cwcbull.pdf,2018-12-06,*3 THEIN                     269.14                             1.721 06-12-2018     73           44         51 348 600 | 146.3
2022-01-06,Bhakra,,,,,CWC Weekly Reservoir Storage Bulletin (06012022-fbpdf.pdf),https://cwc.gov.in/sites/default/files/06012022-fbpdf.pdf,2022-01-06,Himachal Pradesh  3            GOBIND SAGAR(BHAKRA)       75
2022-01-06,Pong,,,,,CWC Weekly Reservoir Storage Bulletin (06012022-fbpdf.pdf),https://cwc.gov.in/sites/default/files/06012022-fbpdf.pdf,2022-01-06,Pong Dam | East Uttar Pradesh    0                            Gandhi Sagar     0.19              0.10  32
2022-01-06,Ranjit Sagar,,,,,CWC Weekly Reservoir Storage Bulletin (06012022-fbpdf.pdf),https://cwc.gov.in/sites/default/files/06012022-fbpdf.pdf,2022-01-06,Punjab            1            THEIN DAM                  68
2025-03-06,Bhakra,,,,,CWC Weekly Reservoir Storage Bulletin (06032025-fb-pdf.pdf),https://cwc.gov.in/sites/default/files/06032025-fb-pdf.pdf,2025-03-06,10   GOBIND SAGAR(BHAKRA)  70 | Odisha
2025-03-06,Pong,,,,,CWC Weekly Reservoir Storage Bulletin (06032025-fb-pdf.pdf),https://cwc.gov.in/sites/default/files/06032025-fb-pdf.pdf,2025-03-06,1   PONG DAM(BEAS)        59 | Punjab
2025-03-06,Ranjit Sagar,,,,,CWC Weekly Reservoir Storage Bulletin (06032025-fb-pdf.pdf),https://cwc.gov.in/sites/default/files/06032025-fb-pdf.pdf,2025-03-06,THEIN DAM             52
2023-04-06,Bhakra,1679.99,,,,CWC Weekly Reservoir Storage Bulletin (06042023-fb.pdf),https://cwc.gov.in/sites/default/files/06042023-fb.pdf,2023-04-06,1 GOBIND SAGAR(BHAKRA)   512.06 481.65   6.229     1.801 06-04-2023      29       25       28 676 1379
2023-04-06,Pong,,,,,CWC Weekly Reservoir Storage Bulletin (06042023-fb.pdf),https://cwc.gov.in/sites/default/files/06042023-fb.pdf,2023-04-06,Himachal Pradesh   93                 -21           Pong Dam        6.16              2.16  4 | -86
2023-04-06,Ranjit Sagar,,,,,CWC Weekly Reservoir Storage Bulletin (06042023-fb.pdf),https://cwc.gov.in/sites/default/files/06042023-fb.pdf,2023-04-06,Jammu & Kashmir    112                              Thein           2.34              1.72  50
2020-08-06,Bhakra,1679.99,,,,CWC Weekly Reservoir Storage Bulletin (06082020-fb-pdf_1.pdf),https://cwc.gov.in/sites/default/files/06082020-fb-pdf_1.pdf,2020-08-06,*1 GOBIND SAGAR(BHAKRA) 512.06  508.99  2.344     3.249 06-08-2020     52       75       61 676 1379
2020-08-06,Pong,,,,,CWC Weekly Reservoir Storage Bulletin (06082020-fb-pdf_1.pdf),https://cwc.gov.in/sites/default/files/06082020-fb-pdf_1.pdf,2020-08-06,Himachal Pradesh                    244   -31         Pong Dam        6.16            2.71  -12
2020-08-06,Ranjit Sagar,,,,,CWC Weekly Reservoir Storage Bulletin (06082020-fb-pdf_1.pdf),https://cwc.gov.in/sites/default/files/06082020-fb-pdf_1.pdf,2020-08-06,Punjab          1         THEIN DAM               76
2023-09-06,Bhakra,1679.99,,,,CWC Weekly Reservoir Storage Bulletin (06092023-fb.pdf),https://cwc.gov.in/sites/default/files/06092023-fb.pdf,2023-09-06,1 GOBIND SAGAR(BHAKRA)   512.06   509.90  6.229     5.316  06-09-2023  85      82                84 676 1379 | 423.67   423.26  6.157     5.698  06-09-2023
2023-09-06,Pong,,,,,CWC Weekly Reservoir Storage Bulletin (06092023-fb.pdf),https://cwc.gov.in/sites/default/files/06092023-fb.pdf,2023-09-06,*2 PONG DAM(BEAS)                 640.77  0.089     0.070  06-09-2023  93      88                84       0 396 | 642
2023-09-06,Ranjit Sagar,,,,,CWC Weekly Reservoir Storage Bulletin (06092023-fb.pdf),https://cwc.gov.in/sites/default/files/06092023-fb.pdf,2023-09-06,4 THEIN DAM                               0.132 | 1.436
2016-01-07,Bhakra,1640.58,,,,CWC Weekly Reservoir Storage Bulletin (07.01.2016cwcbull.pdf),https://cwc.gov.in/sites/default/files/07.01.2016cwcbull.pdf,2016-01-07,*1 GOBIND SAGAR(BHAKRA)              500.05        6.229        4.156 06-01-2016     67           60         62 676 1200 | 280.75  410.25        6.157
2016-01-07,Pong,,,,,CWC Weekly Reservoir Storage Bulletin (07.01.2016cwcbull.pdf),https://cwc.gov.in/sites/default/files/07.01.2016cwcbull.pdf,2016-01-07,*2 PONG DAM                  359.50                             3.061 06-01-2016     50           34         49         - 360 | PUNJAB                   352.81  497.82        2.344
2016-01-07,Ranjit Sagar,,,,,CWC Weekly Reservoir Storage Bulletin (07.01.2016cwcbull.pdf),https://cwc.gov.in/sites/default/files/07.01.2016cwcbull.pdf,2016-01-07,*3 THEIN                     269.14                             0.538 07-01-2016     23           39         42 348 600 | 146.3
2019-02-07,Bhakra,1635.17,,,,CWC Weekly Reservoir Storage Bulletin (07.02.2019cwcbull_1.pdf),https://cwc.gov.in/sites/default/files/07.02.2019cwcbull_1.pdf,2019-02-07,*1 GOBIND SAGAR(BHAKRA)              498.40        6.229        3.939 07-02-2019     63           47         47 676 1200 | 280.75  411.04        6.157
2019-02-07,Pong,,,,,CWC Weekly Reservoir Storage Bulletin (07.02.2019cwcbull_1.pdf),https://cwc.gov.in/sites/default/files/07.02.2019cwcbull_1.pdf,2019-02-07,*2 PONG DAM                  359.50                             3.202 06-02-2019     52           35         40         - 360 | PUNJAB                   352.81  515.84        2.344
2019-02-07,Ranjit Sagar,,,,,CWC Weekly Reservoir Storage Bulletin (07.02.2019cwcbull_1.pdf),https://cwc.gov.in/sites/default/files/07.02.2019cwcbull_1.pdf,2019-02-07,*3 THEIN                     269.14                             1.477 07-02-2019     63           20         30 348 600 | 146.3
2019-03-07,Bhakra,1628.54,,,,CWC Weekly Reservoir Storage Bulletin (07.03.2019cwcbull_1.pdf),https://cwc.gov.in/sites/default/files/07.03.2019cwcbull_1.pdf,2019-03-07,*1 GOBIND SAGAR(BHAKRA)              496.38        6.229        3.678 07-03-2019     59           33         35 676 1200 | 280.75  409.41        6.157
2019-03-07,Pong,,,,,CWC Weekly Reservoir Storage Bulletin (07.03.2019cwcbull_1.pdf),https://cwc.gov.in/sites/default/files/07.03.2019cwcbull_1.pdf,2019-03-07,*2 PONG DAM                  359.50                             2.911 07-03-2019     47           22         30         - 360 | PUNJAB                   352.81  521.65        2.344
2019-03-07,Ranjit Sagar,,,,,CWC Weekly Reservoir Storage Bulletin (07.03.2019cwcbull_1.pdf),https://cwc.gov.in/sites/default/files/07.03.2019cwcbull_1.pdf,2019-03-07,*3 THEIN                     269.14                             1.841 07-03-2019     79           20         31 348 600 | 146.3
2016-04-07,Bhakra,1574.31,,,,CWC Weekly Reservoir Storage Bulletin (07.04.2016cwcbull.pdf),https://cwc.gov.in/sites/default/files/07.04.2016cwcbull.pdf,2016-04-07,*1 GOBIND SAGAR(BHAKRA)              479.85        6.229        1.889 06-04-2016     30           32         27 676 1200 | 280.75  395.72        6.157
2016-04-07,Pong,,,,,CWC Weekly Reservoir Storage Bulletin (07.04.2016cwcbull.pdf),https://cwc.gov.in/sites/default/files/07.04.2016cwcbull.pdf,2016-04-07,ALIYAR                    31 KARJAN                       39 PONG DAM                    50
2016-04-07,Ranjit Sagar,,,,,CWC Weekly Reservoir Storage Bulletin (07.04.2016cwcbull.pdf),https://cwc.gov.in/sites/default/files/07.04.2016cwcbull.pdf,2016-04-07,*3 THEIN                     269.14                             0.517 06-04-2016     22           55         34 348 600 | 146.3
2015-05-07,Bhakra,1679.99,,,,CWC Weekly Reservoir Storage Bulletin (07.05.2015.pdf),https://cwc.gov.in/sites/default/files/07.05.2015.pdf,2015-05-07,*1 GOBIND SAGAR(BHAKRA)      512.06                             2.384 5/7/2015      38           33         23 676 1200 | 423.67  268.90      1.711
2015-05-07,Pong,,,,,CWC Weekly Reservoir Storage Bulletin (07.05.2015.pdf),https://cwc.gov.in/sites/default/files/07.05.2015.pdf,2015-05-07,*2 PONG DAM                          343.55      0.132          2.218 5/7/2015      36           30         30     - 360 | PUNJAB                           346.26      1.436
2015-05-07,Ranjit Sagar,1731.99,,,,CWC Weekly Reservoir Storage Bulletin (07.05.2015.pdf),https://cwc.gov.in/sites/default/files/07.05.2015.pdf,2015-05-07,*3 THEIN                     527.91  257.95      0.821          1.919 5/6/2015      82           70         43 348 600 | RAJASTHAN                        137.91      0.471
2018-06-07,Bhakra,,,,,CWC Weekly Reservoir Storage Bulletin (07.06.2018cwc_1.pdf),https://cwc.gov.in/sites/default/files/07.06.2018cwc_1.pdf,2018-06-07,GOBIND SAGAR(BHAKRA       25
2018-06-07,Pong,,,,,CWC Weekly Reservoir Storage Bulletin (07.06.2018cwc_1.pdf),https://cwc.gov.in/sites/default/files/07.06.2018cwc_1.pdf,2018-06-07,ISAPUR                    0 PONG DAM                         44                                                                           51% 61% 71%
2018-06-07,Ranjit Sagar,,,,,CWC Weekly Reservoir Storage Bulletin (07.06.2018cwc_1.pdf),https://cwc.gov.in/sites/default/files/07.06.2018cwc_1.pdf,2018-06-07,*3 THEIN                     269.14                             0.621 06-06-2018     26           59         46 348 600 | 146.3
2017-09-07,Bhakra,1672.87,,,,CWC Weekly Reservoir Storage Bulletin (07.09.2017cwc.pdf),https://cwc.gov.in/sites/default/files/07.09.2017cwc.pdf,2017-09-07,*1 GOBIND SAGAR(BHAKRA)              509.89        6.229        5.617 07-09-2017     90        73         84 676 1200 | 280.75  421.69        6.157
2017-09-07,Pong,,,,,CWC Weekly Reservoir Storage Bulletin (07.09.2017cwc.pdf),https://cwc.gov.in/sites/default/files/07.09.2017cwc.pdf,2017-09-07,*2 PONG DAM                  359.50                             5.443 06-09-2017     88        75         79            - 360 | PUNJAB                   352.81  521.69        2.344
2017-09-07,Ranjit Sagar,,,,,CWC Weekly Reservoir Storage Bulletin (07.09.2017cwc.pdf),https://cwc.gov.in/sites/default/files/07.09.2017cwc.pdf,2017-09-07,*3 THEIN                     269.14                             1.841 07-09-2017     79        79         67 348 600 | 146.3
2019-11-07,Bhakra,1679.99,,,,CWC Weekly Reservoir Storage Bulletin (07.11.2019-fb-pdf.pdf),https://cwc.gov.in/sites/default/files/07.11.2019-fb-pdf.pdf,2019-11-07,*1 GOBIND SAGAR(BHAKRA) 512.06 506.34  6.229     4.762 07-11-2019     76        86       81 676 1379
2019-11-07,Pong,,,,,CWC Weekly Reservoir Storage Bulletin (07.11.2019-fb-pdf.pdf),https://cwc.gov.in/sites/default/files/07.11.2019-fb-pdf.pdf,2019-11-07,Pong Dam | 6.16              4.13                                -8
2019-11-07,Ranjit Sagar,,,,,CWC Weekly Reservoir Storage Bulletin (07.11.2019-fb-pdf.pdf),https://cwc.gov.in/sites/default/files/07.11.2019-fb-pdf.pdf,2019-11-07,Jammu & Kashmir                      28       -21      Thein                2.34              1.88  31
2017-12-07,Bhakra,1651.28,,,,CWC Weekly Reservoir Storage Bulletin (07.12.2017cwcbull.pdf),https://cwc.gov.in/sites/default/files/07.12.2017cwcbull.pdf,2017-12-07,*1 GOBIND SAGAR(BHAKRA)              503.31        6.229        4.624 07-12-2017     74        53         71 676 1200 | 280.75  413.91        6.157
2017-12-07,Pong,,,,,CWC Weekly Reservoir Storage Bulletin (07.12.2017cwcbull.pdf),https://cwc.gov.in/sites/default/files/07.12.2017cwcbull.pdf,2017-12-07,*2 PONG DAM                  359.50                             3.750 04-12-2017     61        53         59            - 360 | PUNJAB                   352.81  508.34        2.344
2017-12-07,Ranjit Sagar,,,,,CWC Weekly Reservoir Storage Bulletin (07.12.2017cwcbull.pdf),https://cwc.gov.in/sites/default/files/07.12.2017cwcbull.pdf,2017-12-07,*3 THEIN                     269.14                             1.037 07-12-2017     44        44         50 348 600 | 146.3
2021-01-07,Bhakra,,,,,CWC Weekly Reservoir Storage Bulletin (07012021-full-bul.pdf),https://cwc.gov.in/sites/default/files/07012021-full-bul.pdf,2021-01-07,Himachal Pradesh  3          GOBIND SAGAR(BHAKRA)         65
2021-01-07,Pong,1389.99,,,,CWC Weekly Reservoir Storage Bulletin (07012021-full-bul.pdf),https://cwc.gov.in/sites/default/files/07012021-full-bul.pdf,2021-01-07,*2 PONG DAM(BEAS)        423.67 409.12   6.157     2.748 07-01-2021      45       69       54       0 396
2021-01-07,Ranjit Sagar,,,,,CWC Weekly Reservoir Storage Bulletin (07012021-full-bul.pdf),https://cwc.gov.in/sites/default/files/07012021-full-bul.pdf,2021-01-07,THEIN DAM                 43                                                                                     60%  70% 80%
2022-07-07,Bhakra,,,,,CWC Weekly Reservoir Storage Bulletin (07072022-fb.pdf),https://cwc.gov.in/sites/default/files/07072022-fb.pdf,2022-07-07,3   GOBIND SAGAR(BHAKRA)                62 | PONG DAM(BEAS)                 68
2022-07-07,Pong,,,,,CWC Weekly Reservoir Storage Bulletin (07072022-fb.pdf),https://cwc.gov.in/sites/default/files/07072022-fb.pdf,2022-07-07,PONG DAM(BEAS)                 68 | GHATAPRABHA(HIDKAL)                69
2022-07-07,Ranjit Sagar,,,,,CWC Weekly Reservoir Storage Bulletin (07072022-fb.pdf),https://cwc.gov.in/sites/default/files/07072022-fb.pdf,2022-07-07,THEIN DAM                 46 | BISALPUR                  0
2021-10-07,Bhakra,1679.99,,,,CWC Weekly Reservoir Storage Bulletin (07102021-fbpdf.pdf),https://cwc.gov.in/sites/default/files/07102021-fbpdf.pdf,2021-10-07,*1 GOBIND SAGAR(BHAKRA)  512.06   502.98  6.229     4.280 07-10-2021     69       70       85 676 1379
2021-10-07,Pong,,,,,CWC Weekly Reservoir Storage Bulletin (07102021-fbpdf.pdf),https://cwc.gov.in/sites/default/files/07102021-fbpdf.pdf,2021-10-07,Himachal Pradesh  3            PONG DAM(BEAS)             66
2021-10-07,Ranjit Sagar,,,,,CWC Weekly Reservoir Storage Bulletin (07102021-fbpdf.pdf),https://cwc.gov.in/sites/default/files/07102021-fbpdf.pdf,2021-10-07,Punjab            1            THEIN DAM                  59
2024-11-07,Bhakra,,,,,CWC Weekly Reservoir Storage Bulletin (07112024-fb.pdf),https://cwc.gov.in/sites/default/files/07112024-fb.pdf,2024-11-07,Kerala                3   GOBIND SAGAR(BHAKRA)  77 | Odisha
2024-11-07,Pong,,,,,CWC Weekly Reservoir Storage Bulletin (07112024-fb.pdf),https://cwc.gov.in/sites/default/files/07112024-fb.pdf,2024-11-07,Punjab                 6   PONG DAM(BEAS)        66 | Rajasthan               10
2024-11-07,Ranjit Sagar,,,,,CWC Weekly Reservoir Storage Bulletin (07112024-fb.pdf),https://cwc.gov.in/sites/default/files/07112024-fb.pdf,2024-11-07,THEIN DAM                    47                                                                             51%  61%        71%
2018-02-08,Bhakra,1607.87,,,,CWC Weekly Reservoir Storage Bulletin (08.02.2018cwcbull.pdf),https://cwc.gov.in/sites/default/files/08.02.2018cwcbull.pdf,2018-02-08,*1 GOBIND SAGAR(BHAKRA)              490.08        6.229        2.919 08-02-2018     47           31         45 676 1200 | 280.75  405.15        6.157
2018-02-08,Pong,,,,,CWC Weekly Reservoir Storage Bulletin (08.02.2018cwcbull.pdf),https://cwc.gov.in/sites/default/files/08.02.2018cwcbull.pdf,2018-02-08,*2 PONG DAM                  359.50                             2.179 06-02-2018     35           33         38         - 360 | PUNJAB                   352.81  495.81        2.344
2018-02-08,Ranjit Sagar,,,,,CWC Weekly Reservoir Storage Bulletin (08.02.2018cwcbull.pdf),https://cwc.gov.in/sites/default/files/08.02.2018cwcbull.pdf,2018-02-08,*3 THEIN                     269.14                             0.469 08-02-2018     20           35         30 348 600 | 146.3
2018-03-08,Bhakra,1580.58,,,,CWC Weekly Reservoir Storage Bulletin (08.03.2018cwcbull.pdf),https://cwc.gov.in/sites/default/files/08.03.2018cwcbull.pdf,2018-03-08,*1 GOBIND SAGAR(BHAKRA)              481.76        6.229        2.053 08-03-2018     33           20         34 676 1200 | 280.75  399.61        6.157
2018-03-08,Pong,,,,,CWC Weekly Reservoir Storage Bulletin (08.03.2018cwcbull.pdf),https://cwc.gov.in/sites/default/files/08.03.2018cwcbull.pdf,2018-03-08,*2 PONG DAM                  359.50                             1.382 07-03-2018     22           22         29         - 360 | PUNJAB                   352.81  495.75        2.344
2018-03-08,Ranjit Sagar,,,,,CWC Weekly Reservoir Storage Bulletin (08.03.2018cwcbull.pdf),https://cwc.gov.in/sites/default/files/08.03.2018cwcbull.pdf,2018-03-08,*3 THEIN                     269.14                             0.469 08-03-2018     20           37         31 348 600 | 146.3
2017-06-08,Bhakra,1561.25,,,,CWC Weekly Reservoir Storage Bulletin (08.06.2017cwcbull.pdf),https://cwc.gov.in/sites/default/files/08.06.2017cwcbull.pdf,2017-06-08,*1 GOBIND SAGAR(BHAKRA)              475.87        6.229        1.558 08-06-2017     25           30         24 676 1200 | 280.75  394.44        6.157
2017-06-08,Pong,,,,,CWC Weekly Reservoir Storage Bulletin (08.06.2017cwcbull.pdf),https://cwc.gov.in/sites/default/files/08.06.2017cwcbull.pdf,2017-06-08,*2 PONG DAM                  359.50                             0.800 08-06-2017     13           5          23         - 360 | PUNJAB                   352.81  514.64        2.344
2017-06-08,Ranjit Sagar,,,,,CWC Weekly Reservoir Storage Bulletin (08.06.2017cwcbull.pdf),https://cwc.gov.in/sites/default/files/08.06.2017cwcbull.pdf,2017-06-08,*3 THEIN                     269.14                             1.386 08-06-2017     59           38         47 348 600 | 146.3
2019-08-08,Bhakra,1679.99,,,,CWC Weekly Reservoir Storage Bulletin (08.08.2019-cwc-bull.pdf),https://cwc.gov.in/sites/default/files/08.08.2019-cwc-bull.pdf,2019-08-08,*1 GOBIND SAGAR(BHAKRA) 512.06 506.55  6.229     4.794 08-08-2019     77        34      60 676 1200
2019-08-08,Pong,1389.99,,,,CWC Weekly Reservoir Storage Bulletin (08.08.2019-cwc-bull.pdf),https://cwc.gov.in/sites/default/files/08.08.2019-cwc-bull.pdf,2019-08-08,*2 PONG DAM             423.67 411.77  6.157     4.238 08-08-2019     69        34      52   - 360 | PUNJAB
2019-08-08,Ranjit Sagar,1731.99,,,,CWC Weekly Reservoir Storage Bulletin (08.08.2019-cwc-bull.pdf),https://cwc.gov.in/sites/default/files/08.08.2019-cwc-bull.pdf,2019-08-08,*3 THEIN                527.91 516.84  2.344     1.538 08-08-2019     66        50      55 348 600
2016-09-08,Bhakra,1649.41,,,,CWC Weekly Reservoir Storage Bulletin (08.09.2016cwcbulletin.pdf),https://cwc.gov.in/sites/default/files/08.09.2016cwcbulletin.pdf,2016-09-08,*1 GOBIND SAGAR(BHAKRA)              502.74        6.229        4.542 08-09-2016     73           94         87 676 1200 | 280.75  417.93        6.157
2016-09-08,Pong,,,,,CWC Weekly Reservoir Storage Bulletin (08.09.2016cwcbulletin.pdf),https://cwc.gov.in/sites/default/files/08.09.2016cwcbulletin.pdf,2016-09-08,*2 PONG DAM                  359.50                             4.592 08-09-2016     75           91         80         - 360 | PUNJAB                   352.81  521.63        2.344
2016-09-08,Ranjit Sagar,,,,,CWC Weekly Reservoir Storage Bulletin (08.09.2016cwcbulletin.pdf),https://cwc.gov.in/sites/default/files/08.09.2016cwcbulletin.pdf,2016-09-08,*3 THEIN                     269.14                             1.841 08-09-2016     79           63         68 348 600 | 146.3
2015-10-08,Bhakra,1676.38,,,,CWC Weekly Reservoir Storage Bulletin (08.10.2015cwcbull.pdf),https://cwc.gov.in/sites/default/files/08.10.2015cwcbull.pdf,2015-10-08,*1 GOBIND SAGAR(BHAKRA)              510.96        6.229        5.784 08-10-2015     93        90         88 676 1200 | 280.75  420.55        6.157        5.172 08-10-2015
2015-10-08,Pong,,,,,CWC Weekly Reservoir Storage Bulletin (08.10.2015cwcbull.pdf),https://cwc.gov.in/sites/default/files/08.10.2015cwcbull.pdf,2015-10-08,*2 PONG DAM                  359.50                                                  84        68         83            - 360 | PUNJAB                   352.81  513.68        2.344        1.318 08-10-2015
2015-10-08,Ranjit Sagar,,,,,CWC Weekly Reservoir Storage Bulletin (08.10.2015cwcbull.pdf),https://cwc.gov.in/sites/default/files/08.10.2015cwcbull.pdf,2015-10-08,*3 THEIN                     269.14                             1.701 07-10-2015     56        54         65 348 600 | 146.3                             0.122 07-10-2015
2018-11-08,Bhakra,1667.59,,,,CWC Weekly Reservoir Storage Bulletin (08.11.2018cwcbull_1.pdf),https://cwc.gov.in/sites/default/files/08.11.2018cwcbull_1.pdf,2018-11-08,*1 GOBIND SAGAR(BHAKRA)              508.28        6.229        5.366 08-11-2018     86           82         81 676 1200 | 280.75  421.74        6.157
2018-11-08,Pong,,,,,CWC Weekly Reservoir Storage Bulletin (08.11.2018cwcbull_1.pdf),https://cwc.gov.in/sites/default/files/08.11.2018cwcbull_1.pdf,2018-11-08,*2 PONG DAM                  359.50                             5.455 05-11-2018     89           70         72         - 360 | PUNJAB                   352.81  524.11        2.344
2018-11-08,Ranjit Sagar,,,,,CWC Weekly Reservoir Storage Bulletin (08.11.2018cwcbull_1.pdf),https://cwc.gov.in/sites/default/files/08.11.2018cwcbull_1.pdf,2018-11-08,*3 THEIN                     269.14                             2.039 08-11-2018     87           55         58 348 600 | 146.3
2016-12-08,Bhakra,1619.29,,,,CWC Weekly Reservoir Storage Bulletin (08.12.2016cwcbull.pdf),https://cwc.gov.in/sites/default/files/08.12.2016cwcbull.pdf,2016-12-08,*1 GOBIND SAGAR(BHAKRA)              493.56        6.229        3.317 08-12-2016     53        79         74 676 1200 | 280.75  411.08        6.157
2016-12-08,Pong,,,,,CWC Weekly Reservoir Storage Bulletin (08.12.2016cwcbull.pdf),https://cwc.gov.in/sites/default/files/08.12.2016cwcbull.pdf,2016-12-08,*2 PONG DAM                  359.50                             3.210 08-12-2016     52        63         59            - 360 | PUNJAB                   352.81  508.14        2.344
2016-12-08,Ranjit Sagar,,,,,CWC Weekly Reservoir Storage Bulletin (08.12.2016cwcbull.pdf),https://cwc.gov.in/sites/default/files/08.12.2016cwcbull.pdf,2016-12-08,*3 THEIN                     269.14                             1.013 08-12-2016     43        37         52 348 600 | 146.3
2024-02-08,Bhakra,1679.99,,,,CWC Weekly Reservoir Storage Bulletin (08022024-fb.pdf),https://cwc.gov.in/sites/default/files/08022024-fb.pdf,2024-02-08,1 GOBIND SAGAR(BHAKRA)   512.06 490.28    6.229     2.661 08-02-2024  43      47                 46 676 1379
2024-02-08,Pong,,,,,CWC Weekly Reservoir Storage Bulletin (08022024-fb.pdf),https://cwc.gov.in/sites/default/files/08022024-fb.pdf,2024-02-08,Pong Dam              6.16              2.97   13
2024-02-08,Ranjit Sagar,,,,,CWC Weekly Reservoir Storage Bulletin (08022024-fb.pdf),https://cwc.gov.in/sites/default/files/08022024-fb.pdf,2024-02-08,THEIN DAM              71
2021-04-08,Bhakra,,,,,CWC Weekly Reservoir Storage Bulletin (08042021-fb.pdf),https://cwc.gov.in/sites/default/files/08042021-fb.pdf,2021-04-08,GOBIND SAGAR(BHAKRA) 44
2021-04-08,Pong,,,,,CWC Weekly Reservoir Storage Bulletin (08042021-fb.pdf),https://cwc.gov.in/sites/default/files/08042021-fb.pdf,2021-04-08,PONG DAM(BEAS)            45
2021-04-08,Ranjit Sagar,,,,,CWC Weekly Reservoir Storage Bulletin (08042021-fb.pdf),https://cwc.gov.in/sites/default/files/08042021-fb.pdf,2021-04-08,Punjab            1            THEIN DAM             56
2021-07-08,Bhakra,,,,,CWC Weekly Reservoir Storage Bulletin (08072021-bulletin.pdf),https://cwc.gov.in/sites/default/files/08072021-bulletin.pdf,2021-07-08,GOBIND SAGAR(BHAKRA) 40
2021-07-08,Pong,,,,,CWC Weekly Reservoir Storage Bulletin (08072021-bulletin.pdf),https://cwc.gov.in/sites/default/files/08072021-bulletin.pdf,2021-07-08,PONG DAM(BEAS)            18                                                                                     4    4        3
2021-07-08,Ranjit Sagar,,,,,CWC Weekly Reservoir Storage Bulletin (08072021-bulletin.pdf),https://cwc.gov.in/sites/default/files/08072021-bulletin.pdf,2021-07-08,THEIN DAM                 49
2022-09-08,Bhakra,1679.99,,,,CWC Weekly Reservoir Storage Bulletin (08092022-fb.pdf),https://cwc.gov.in/sites/default/files/08092022-fb.pdf,2022-09-08,*1 GOBIND SAGAR(BHAKRA)   512.06  508.37       6.229     5.078 08-09-2022     82       57        80 676 1379
2022-09-08,Pong,1389.99,,,,CWC Weekly Reservoir Storage Bulletin (08092022-fb.pdf),https://cwc.gov.in/sites/default/files/08092022-fb.pdf,2022-09-08,*2 PONG DAM(BEAS)         423.67  422.13       6.157     5.405 08-09-2022     88       47        79  0 396
2022-09-08,Ranjit Sagar,,,,,CWC Weekly Reservoir Storage Bulletin (08092022-fb.pdf),https://cwc.gov.in/sites/default/files/08092022-fb.pdf,2022-09-08,*4 THEIN DAM
2020-10-08,Bhakra,,,,,CWC Weekly Reservoir Storage Bulletin (08102020-fb-pdf.pdf),https://cwc.gov.in/sites/default/files/08102020-fb-pdf.pdf,2020-10-08,Himachal Pradesh  3          GOBIND SAGAR(BHAKRA)            79
2020-10-08,Pong,,,,,CWC Weekly Reservoir Storage Bulletin (08102020-fb-pdf.pdf),https://cwc.gov.in/sites/default/files/08102020-fb-pdf.pdf,2020-10-08,Pong Dam | 6.16              4.38  -17
2020-10-08,Ranjit Sagar,,,,,CWC Weekly Reservoir Storage Bulletin (08102020-fb-pdf.pdf),https://cwc.gov.in/sites/default/files/08102020-fb-pdf.pdf,2020-10-08,Punjab            1          THEIN DAM                       76
2022-12-08,Bhakra,1679.99,,,,CWC Weekly Reservoir Storage Bulletin (08122022-buletion_1.pdf),https://cwc.gov.in/sites/default/files/08122022-buletion_1.pdf,2022-12-08,*1 GOBIND SAGAR(BHAKRA)   512.06   505.17       6.229     4.589  08-12-2022     74       55        70 676 1379 | 423.67   417.22       6.157     4.304  08-12-2022
2022-12-08,Pong,,,,,CWC Weekly Reservoir Storage Bulletin (08122022-buletion_1.pdf),https://cwc.gov.in/sites/default/files/08122022-buletion_1.pdf,2022-12-08,West Rajasthan        4           -68               Pong Dam             6.16         4.30  5
2022-12-08,Ranjit Sagar,,,,,CWC Weekly Reservoir Storage Bulletin (08122022-buletion_1.pdf),https://cwc.gov.in/sites/default/files/08122022-buletion_1.pdf,2022-12-08,Punjab                11          -22               Thein                2.34         1.72  50
2020-01-09,Bhakra,,,,,CWC Weekly Reservoir Storage Bulletin (09.01.2020-fb-pdf_0.pdf),https://cwc.gov.in/sites/default/files/09.01.2020-fb-pdf_0.pdf,2020-01-09,*1 GOBIND SAGAR(BHAKRA) | *2 PONG DAM(BEAS)        423.67  416.95       6.157     4.248 09-01-2020     69       62        49  0 396
2020-01-09,Pong,1389.99,,,,CWC Weekly Reservoir Storage Bulletin (09.01.2020-fb-pdf_0.pdf),https://cwc.gov.in/sites/default/files/09.01.2020-fb-pdf_0.pdf,2020-01-09,*2 PONG DAM(BEAS)        423.67  416.95       6.157     4.248 09-01-2020     69       62        49  0 396 | *3 KOL DAM
2020-01-09,Ranjit Sagar,1731.99,,,,CWC Weekly Reservoir Storage Bulletin (09.01.2020-fb-pdf_0.pdf),https://cwc.gov.in/sites/default/files/09.01.2020-fb-pdf_0.pdf,2020-01-09,*4 THEIN DAM             527.91  515.11       2.344     1.446 09-01-2020     62       62        42 348 600
2017-02-09,Bhakra,1576.94,,,,CWC Weekly Reservoir Storage Bulletin (09.02.2017cwcbull.pdf),https://cwc.gov.in/sites/default/files/09.02.2017cwcbull.pdf,2017-02-09,*1 GOBIND SAGAR(BHAKRA)              480.65        6.229        1.956 08-02-2017     31           54         47 676 1200 | 280.75  404.05        6.157
2017-02-09,Pong,,,,,CWC Weekly Reservoir Storage Bulletin (09.02.2017cwcbull.pdf),https://cwc.gov.in/sites/default/files/09.02.2017cwcbull.pdf,2017-02-09,*2 PONG DAM                  359.50                             2.015 08-02-2017     33           32         38         - 360 | PUNJAB                   352.81  504.16        2.344
2017-02-09,Ranjit Sagar,,,,,CWC Weekly Reservoir Storage Bulletin (09.02.2017cwcbull.pdf),https://cwc.gov.in/sites/default/files/09.02.2017cwcbull.pdf,2017-02-09,*3 THEIN                     269.14                             0.817 09-02-2017     35           19         29 348 600 | 146.3
2017-03-09,Bhakra,1546.75,,,,CWC Weekly Reservoir Storage Bulletin (09.03.2017cwcbull.pdf),https://cwc.gov.in/sites/default/files/09.03.2017cwcbull.pdf,2017-03-09,*1 GOBIND SAGAR(BHAKRA)              471.45        6.229        1.255 07-03-2017     20           38         36 676 1200 | 280.75  398.81        6.157
2017-03-09,Pong,,,,,CWC Weekly Reservoir Storage Bulletin (09.03.2017cwcbull.pdf),https://cwc.gov.in/sites/default/files/09.03.2017cwcbull.pdf,2017-03-09,*2 PONG DAM                  359.50                             1.281 09-03-2017     21           18         32         - 360 | PUNJAB                   352.81  504.81        2.344
2017-03-09,Ranjit Sagar,,,,,CWC Weekly Reservoir Storage Bulletin (09.03.2017cwcbull.pdf),https://cwc.gov.in/sites/default/files/09.03.2017cwcbull.pdf,2017-03-09,*3 THEIN                     269.14                             0.866 09-03-2017     37           22         31 348 600 | 146.3
2023-03-09,Bhakra,1679.99,,,,CWC Weekly Reservoir Storage Bulletin (09.03.2023-bulletin.pdf),https://cwc.gov.in/sites/default/files/09.03.2023-bulletin.pdf,2023-03-09,1 GOBIND SAGAR(BHAKRA)   512.06 485.44   6.229     2.159 09-03-2023     35       31       39 676 1379
2023-03-09,Pong,,,,,CWC Weekly Reservoir Storage Bulletin (09.03.2023-bulletin.pdf),https://cwc.gov.in/sites/default/files/09.03.2023-bulletin.pdf,2023-03-09,Pong Dam | Thein            0.16              0.03  98
2023-03-09,Ranjit Sagar,,,,,CWC Weekly Reservoir Storage Bulletin (09.03.2023-bulletin.pdf),https://cwc.gov.in/sites/default/files/09.03.2023-bulletin.pdf,2023-03-09,Thein            0.16              0.03  98 | Gobind Sagar
2020-04-09,Bhakra,1679.99,,,,CWC Weekly Reservoir Storage Bulletin (09.04.2020-fb-pdf.pdf),https://cwc.gov.in/sites/default/files/09.04.2020-fb-pdf.pdf,2020-04-09,*1 GOBIND SAGAR(BHAKRA) 512.06 486.44  6.229     2.253 09-04-2020     36       52       28 676 1379
2020-04-09,Pong,1389.99,,,,CWC Weekly Reservoir Storage Bulletin (09.04.2020-fb-pdf.pdf),https://cwc.gov.in/sites/default/files/09.04.2020-fb-pdf.pdf,2020-04-09,*2 PONG DAM(BEAS)      423.67 414.49   6.157     3.738 09-04-2020     61       45       27   0 396
2020-04-09,Ranjit Sagar,,,,,CWC Weekly Reservoir Storage Bulletin (09.04.2020-fb-pdf.pdf),https://cwc.gov.in/sites/default/files/09.04.2020-fb-pdf.pdf,2020-04-09,*4 THEIN DAM
2019-05-09,Bhakra,1621.65,,,,CWC Weekly Reservoir Storage Bulletin (09.05.2019cwcbull_1.pdf),https://cwc.gov.in/sites/default/files/09.05.2019cwcbull_1.pdf,2019-05-09,*1 GOBIND SAGAR(BHAKRA)              494.28        6.229        3.407 09-05-2019     55           13         22 676 1200 | 280.75  408.54        6.157
2019-05-09,Pong,,,,,CWC Weekly Reservoir Storage Bulletin (09.05.2019cwcbull_1.pdf),https://cwc.gov.in/sites/default/files/09.05.2019cwcbull_1.pdf,2019-05-09,*2 PONG DAM                  359.50                             2.755 09-05-2019     45           11         24         - 360 | PUNJAB                   352.81  520.84        2.344
2019-05-09,Ranjit Sagar,,,,,CWC Weekly Reservoir Storage Bulletin (09.05.2019cwcbull_1.pdf),https://cwc.gov.in/sites/default/files/09.05.2019cwcbull_1.pdf,2019-05-09,*3 THEIN                     269.14                             1.800 09-05-2019     77           26         40 348 600 | 146.3
2016-06-09,Bhakra,1573.03,,,,CWC Weekly Reservoir Storage Bulletin (09.06.2016cwc.bull.pdf),https://cwc.gov.in/sites/default/files/09.06.2016cwc.bull.pdf,2016-06-09,*1 GOBIND SAGAR(BHAKRA)              479.46        6.229        1.857 09-06-2016     30           41         26 676 1200 | 280.75  389.04        6.157
2016-06-09,Pong,,,,,CWC Weekly Reservoir Storage Bulletin (09.06.2016cwc.bull.pdf),https://cwc.gov.in/sites/default/files/09.06.2016cwc.bull.pdf,2016-06-09,KABINI                    0 PONG DAM                         20 METTUR(STANLEY)        33                                                                  2        3        5 | SHOLAYAR                  0 RAMGANGA
2016-06-09,Ranjit Sagar,,,,,CWC Weekly Reservoir Storage Bulletin (09.06.2016cwc.bull.pdf),https://cwc.gov.in/sites/default/files/09.06.2016cwc.bull.pdf,2016-06-09,*3 THEIN                     269.14                             0.892 09-06-2016     38           79         52 348 600 | 146.3
2020-07-09,Bhakra,1679.99,,,,CWC Weekly Reservoir Storage Bulletin (09.07.2020-fb-pdf.pdf),https://cwc.gov.in/sites/default/files/09.07.2020-fb-pdf.pdf,2020-07-09,*1 GOBIND SAGAR(BHAKRA) 512.06 484.69  6.229  2.088 09-07-2020      34         45       36 676 1379
2020-07-09,Pong,,,,,CWC Weekly Reservoir Storage Bulletin (09.07.2020-fb-pdf.pdf),https://cwc.gov.in/sites/default/files/09.07.2020-fb-pdf.pdf,2020-07-09,Himachal Pradesh            69   -35           Pong Dam        6.16            2.35  48
2020-07-09,Ranjit Sagar,,,,,CWC Weekly Reservoir Storage Bulletin (09.07.2020-fb-pdf.pdf),https://cwc.gov.in/sites/default/files/09.07.2020-fb-pdf.pdf,2020-07-09,Jammu & Kashmir                     48   -38           Thein           2.34            1.17  1
2021-09-09,Bhakra,,,,,CWC Weekly Reservoir Storage Bulletin (09.09.2021-fb-pdf.pdf),https://cwc.gov.in/sites/default/files/09.09.2021-fb-pdf.pdf,2021-09-09,GOBIND SAGAR(BHAKRA)    67
2021-09-09,Pong,,,,,CWC Weekly Reservoir Storage Bulletin (09.09.2021-fb-pdf.pdf),https://cwc.gov.in/sites/default/files/09.09.2021-fb-pdf.pdf,2021-09-09,Himachal Pradesh  3                   PONG DAM(BEAS)          56
2021-09-09,Ranjit Sagar,,,,,CWC Weekly Reservoir Storage Bulletin (09.09.2021-fb-pdf.pdf),https://cwc.gov.in/sites/default/files/09.09.2021-fb-pdf.pdf,2021-09-09,THEIN DAM                     49
2017-11-09,Bhakra,1661.78,,,,CWC Weekly Reservoir Storage Bulletin (09.11.2017cwc.pdf),https://cwc.gov.in/sites/default/files/09.11.2017cwc.pdf,2017-11-09,*1 GOBIND SAGAR(BHAKRA)              506.51        6.229        5.090 09-11-2017     82        62         80 676 1200 | 280.75  416.24        6.157
2017-11-09,Pong,,,,,CWC Weekly Reservoir Storage Bulletin (09.11.2017cwc.pdf),https://cwc.gov.in/sites/default/files/09.11.2017cwc.pdf,2017-11-09,*2 PONG DAM                  359.50                             4.230 09-11-2017     69        60         70            - 360 | PUNJAB                   352.81  512.57        2.344
2017-11-09,Ranjit Sagar,,,,,CWC Weekly Reservoir Storage Bulletin (09.11.2017cwc.pdf),https://cwc.gov.in/sites/default/files/09.11.2017cwc.pdf,2017-11-09,*3 THEIN                     269.14                             1.294 09-11-2017     55        53         56 348 600 | 146.3
2025-01-09,Bhakra,,,,,CWC Weekly Reservoir Storage Bulletin (09012025-fbpdf.pdf),https://cwc.gov.in/sites/default/files/09012025-fbpdf.pdf,2025-01-09,Maharashtra                    GOBIND SAGAR(BHAKRA)  71 | Odisha                16
2025-01-09,Pong,,,,,CWC Weekly Reservoir Storage Bulletin (09012025-fbpdf.pdf),https://cwc.gov.in/sites/default/files/09012025-fbpdf.pdf,2025-01-09,PONG DAM(BEAS)               50                                                                             60%  70%        80%
2025-01-09,Ranjit Sagar,,,,,CWC Weekly Reservoir Storage Bulletin (09012025-fbpdf.pdf),https://cwc.gov.in/sites/default/files/09012025-fbpdf.pdf,2025-01-09,THEIN DAM             54
2023-02-09,Bhakra,1679.99,,,,CWC Weekly Reservoir Storage Bulletin (09022023-bulletin.pdf),https://cwc.gov.in/sites/default/files/09022023-bulletin.pdf,2023-02-09,1 GOBIND SAGAR(BHAKRA)    512.06  492.27       6.229     2.884 09-02-2023     46       40        45 676 1379
2023-02-09,Pong,,,,,CWC Weekly Reservoir Storage Bulletin (09022023-bulletin.pdf),https://cwc.gov.in/sites/default/files/09022023-bulletin.pdf,2023-02-09,Pong Dam | Thein                0.16          0.05  95
2023-02-09,Ranjit Sagar,,,,,CWC Weekly Reservoir Storage Bulletin (09022023-bulletin.pdf),https://cwc.gov.in/sites/default/files/09022023-bulletin.pdf,2023-02-09,Thein                0.16          0.05  95
2022-06-09,Bhakra,1679.99,,,,CWC Weekly Reservoir Storage Bulletin (09062022-bulletin.pdf),https://cwc.gov.in/sites/default/files/09062022-bulletin.pdf,2022-06-09,*1 GOBIND SAGAR(BHAKRA)   512.06  477.03       6.229     1.448 09-06-2022     23         9       26 676 1379
2022-06-09,Pong,,,,,CWC Weekly Reservoir Storage Bulletin (09062022-bulletin.pdf),https://cwc.gov.in/sites/default/files/09062022-bulletin.pdf,2022-06-09,& Delhi                                            Pong Dam | 1.34  -12
2022-06-09,Ranjit Sagar,,,,,CWC Weekly Reservoir Storage Bulletin (09062022-bulletin.pdf),https://cwc.gov.in/sites/default/files/09062022-bulletin.pdf,2022-06-09,Punjab                0                  -99       Thein                              1.04  50
2021-12-09,Bhakra,,,,,CWC Weekly Reservoir Storage Bulletin (09122021-fb-pdf.pdf),https://cwc.gov.in/sites/default/files/09122021-fb-pdf.pdf,2021-12-09,Himachal Pradesh  3            GOBIND SAGAR(BHAKRA)       77
2021-12-09,Pong,,,,,CWC Weekly Reservoir Storage Bulletin (09122021-fb-pdf.pdf),https://cwc.gov.in/sites/default/files/09122021-fb-pdf.pdf,2021-12-09,PONG DAM(BEAS)             78
2021-12-09,Ranjit Sagar,,,,,CWC Weekly Reservoir Storage Bulletin (09122021-fb-pdf.pdf),https://cwc.gov.in/sites/default/files/09122021-fb-pdf.pdf,2021-12-09,Punjab            1            THEIN DAM                  77
2019-01-10,Bhakra,1651.38,,,,CWC Weekly Reservoir Storage Bulletin (10.01.2019cwcbull_1.pdf),https://cwc.gov.in/sites/default/files/10.01.2019cwcbull_1.pdf,2019-01-10,*1 GOBIND SAGAR(BHAKRA)              503.34        6.229        4.626 10-01-2019     74           60         59 676 1200 | 280.75  414.25        6.157
2019-01-10,Pong,,,,,CWC Weekly Reservoir Storage Bulletin (10.01.2019cwcbull_1.pdf),https://cwc.gov.in/sites/default/files/10.01.2019cwcbull_1.pdf,2019-01-10,*2 PONG DAM                  359.50                             3.815 10-01-2019     62           45         47         - 360 | PUNJAB                   352.81  515.19        2.344
2019-01-10,Ranjit Sagar,,,,,CWC Weekly Reservoir Storage Bulletin (10.01.2019cwcbull_1.pdf),https://cwc.gov.in/sites/default/files/10.01.2019cwcbull_1.pdf,2019-01-10,*3 THEIN                     269.14                             1.416 10-01-2019     60           31         38 348 600 | 146.3
2016-03-10,Bhakra,1587.27,,,,CWC Weekly Reservoir Storage Bulletin (10.03.2016cwcbull.pdf),https://cwc.gov.in/sites/default/files/10.03.2016cwcbull.pdf,2016-03-10,*1 GOBIND SAGAR(BHAKRA)              483.80        6.229        2.256 10-03-2016     36        33         36 676 1200 | 280.75  397.42        6.157
2016-03-10,Pong,,,,,CWC Weekly Reservoir Storage Bulletin (10.03.2016cwcbull.pdf),https://cwc.gov.in/sites/default/files/10.03.2016cwcbull.pdf,2016-03-10,*2 PONG DAM                  359.50                             1.121 10-03-2016     18        26         32        - 360 | PUNJAB                   352.81  496.68        2.344
2016-03-10,Ranjit Sagar,,,,,CWC Weekly Reservoir Storage Bulletin (10.03.2016cwcbull.pdf),https://cwc.gov.in/sites/default/files/10.03.2016cwcbull.pdf,2016-03-10,*3 THEIN                     269.14  269.85        1.711        0.507 10-03-2016     22        37         30 348 600 | RAJASTHAN                 146.3  338.40        0.132
2018-05-10,Bhakra,1521.29,,,,CWC Weekly Reservoir Storage Bulletin (10.05.2017cwcbull_1.pdf),https://cwc.gov.in/sites/default/files/10.05.2017cwcbull_1.pdf,2018-05-10,*1 GOBIND SAGAR(BHAKRA)              463.69        6.229        0.782 10-05-2018     13           16         22 676 1200 | 280.75  393.50        6.157
2018-05-10,Pong,,,,,CWC Weekly Reservoir Storage Bulletin (10.05.2017cwcbull_1.pdf),https://cwc.gov.in/sites/default/files/10.05.2017cwcbull_1.pdf,2018-05-10,SARDAR SAROVAR            0 PONG DAM                         48                                                                           storage.
2018-05-10,Ranjit Sagar,,,,,CWC Weekly Reservoir Storage Bulletin (10.05.2017cwcbull_1.pdf),https://cwc.gov.in/sites/default/files/10.05.2017cwcbull_1.pdf,2018-05-10,*3 THEIN                     269.14                             0.609 10-05-2018     26           60         42 348 600 | 146.3
2017-08-10,Bhakra,1651.54,,,,CWC Weekly Reservoir Storage Bulletin (10.08.2017cwc.pdf),https://cwc.gov.in/sites/default/files/10.08.2017cwc.pdf,2017-08-10,*1 GOBIND SAGAR(BHAKRA)              503.39        6.229        4.635 10-08-2017     74        51         65 676 1200 | 280.75  418.51        6.157
2017-08-10,Pong,,,,,CWC Weekly Reservoir Storage Bulletin (10.08.2017cwc.pdf),https://cwc.gov.in/sites/default/files/10.08.2017cwc.pdf,2017-08-10,*2 PONG DAM                  359.50                             4.720 10-08-2017     77        51         55            - 360 | PUNJAB                   352.81  523.30        2.344
2017-08-10,Ranjit Sagar,,,,,CWC Weekly Reservoir Storage Bulletin (10.08.2017cwc.pdf),https://cwc.gov.in/sites/default/files/10.08.2017cwc.pdf,2017-08-10,*3 THEIN                     269.14                             1.959 10-08-2017     84        55         54 348 600 | 146.3
2019-10-10,Bhakra,1679.99,,,,CWC Weekly Reservoir Storage Bulletin (10.10.2019-fb-pdf.pdf),https://cwc.gov.in/sites/default/files/10.10.2019-fb-pdf.pdf,2019-10-10,*1 GOBIND SAGAR(BHAKRA) 512.06 509.57  6.229     5.266 10-10-2019     85        83       84 676 1379
2019-10-10,Pong,,,,,CWC Weekly Reservoir Storage Bulletin (10.10.2019-fb-pdf.pdf),https://cwc.gov.in/sites/default/files/10.10.2019-fb-pdf.pdf,2019-10-10,Pong Dam | 6.16              5.40  6
2019-10-10,Ranjit Sagar,,,,,CWC Weekly Reservoir Storage Bulletin (10.10.2019-fb-pdf.pdf),https://cwc.gov.in/sites/default/files/10.10.2019-fb-pdf.pdf,2019-10-10,Jammu & Kashmir                     446        -21     Thein                 2.34              2.00  27
2016-11-10,Bhakra,1633.1,,,,CWC Weekly Reservoir Storage Bulletin (10.11.2016cwcbull.pdf),https://cwc.gov.in/sites/default/files/10.11.2016cwcbull.pdf,2016-11-10,*1 GOBIND SAGAR(BHAKRA)              497.77        6.229        3.858 10-11-2016     62        87         82 676 1200 | 280.75  413.64        6.157
2016-11-10,Pong,,,,,CWC Weekly Reservoir Storage Bulletin (10.11.2016cwcbull.pdf),https://cwc.gov.in/sites/default/files/10.11.2016cwcbull.pdf,2016-11-10,*2 PONG DAM                  359.50                             3.698 09-11-2016     60        75         72            - 360 | PUNJAB                   352.81  512.11        2.344
2016-11-10,Ranjit Sagar,,,,,CWC Weekly Reservoir Storage Bulletin (10.11.2016cwcbull.pdf),https://cwc.gov.in/sites/default/files/10.11.2016cwcbull.pdf,2016-11-10,*3 THEIN                     269.14                             1.233 10-11-2016     53        45         58 348 600 | 146.3
2015-12-10,Bhakra,1657.05,,,,CWC Weekly Reservoir Storage Bulletin (10.12.2015cwcbull.pdf),https://cwc.gov.in/sites/default/files/10.12.2015cwcbull.pdf,2015-12-10,*1 GOBIND SAGAR(BHAKRA)              505.07        6.229        4.876 10-12-2015     78           70         73 676 1200 | 280.75  414.37        6.157
2015-12-10,Pong,,,,,CWC Weekly Reservoir Storage Bulletin (10.12.2015cwcbull.pdf),https://cwc.gov.in/sites/default/files/10.12.2015cwcbull.pdf,2015-12-10,*2 PONG DAM                  359.50                             3.839 10-12-2015     62           46         59         - 360 | PUNJAB                   352.81  504.19        2.344
2015-12-10,Ranjit Sagar,,,,,CWC Weekly Reservoir Storage Bulletin (10.12.2015cwcbull.pdf),https://cwc.gov.in/sites/default/files/10.12.2015cwcbull.pdf,2015-12-10,*3 THEIN                     269.14                             0.830 10-12-2015     35           44         52 348 600 | 146.3
2022-02-10,Bhakra,1679.99,,,,CWC Weekly Reservoir Storage Bulletin (10022022-fbpdf.pdf),https://cwc.gov.in/sites/default/files/10022022-fbpdf.pdf,2022-02-10,*1 GOBIND SAGAR(BHAKRA)   512.06  488.80       6.229     2.496 10-02-2022     40       31        47 676 1379
2022-02-10,Pong,1389.99,,,,CWC Weekly Reservoir Storage Bulletin (10022022-fbpdf.pdf),https://cwc.gov.in/sites/default/files/10022022-fbpdf.pdf,2022-02-10,*2 PONG DAM(BEAS)         423.67  408.07       6.157     2.566 10-02-2022     42       33        37  0 396
2022-02-10,Ranjit Sagar,,,,,CWC Weekly Reservoir Storage Bulletin (10022022-fbpdf.pdf),https://cwc.gov.in/sites/default/files/10022022-fbpdf.pdf,2022-02-10,*4 THEIN DAM
2021-06-10,Bhakra,,,,,CWC Weekly Reservoir Storage Bulletin (10062021-fb-pdf.pdf),https://cwc.gov.in/sites/default/files/10062021-fb-pdf.pdf,2021-06-10,GOBIND SAGAR(BHAKRA) 31
2021-06-10,Pong,,,,,CWC Weekly Reservoir Storage Bulletin (10062021-fb-pdf.pdf),https://cwc.gov.in/sites/default/files/10062021-fb-pdf.pdf,2021-06-10,PONG DAM(BEAS)            40
2021-06-10,Ranjit Sagar,,,,,CWC Weekly Reservoir Storage Bulletin (10062021-fb-pdf.pdf),https://cwc.gov.in/sites/default/files/10062021-fb-pdf.pdf,2021-06-10,Punjab            1            THEIN DAM               75
2023-08-10,Bhakra,1679.99,,,,CWC Weekly Reservoir Storage Bulletin (100823-fb.pdf),https://cwc.gov.in/sites/default/files/100823-fb.pdf,2023-08-10,1 GOBIND SAGAR(BHAKRA)   512.06 608.14   6.229     5.043 10-08-2023      81       55          64 676 1379
2023-08-10,Pong,1389.99,,,,CWC Weekly Reservoir Storage Bulletin (100823-fb.pdf),https://cwc.gov.in/sites/default/files/100823-fb.pdf,2023-08-10,*2 PONG DAM(BEAS)        423.67 418.28   6.157     4.600 10-08-2023      75       52          59       0 396
2023-08-10,Ranjit Sagar,,,,,CWC Weekly Reservoir Storage Bulletin (100823-fb.pdf),https://cwc.gov.in/sites/default/files/100823-fb.pdf,2023-08-10,4 THEIN DAM
2020-09-10,Bhakra,1679.99,,,,CWC Weekly Reservoir Storage Bulletin (10092020-full-bul.pdf),https://cwc.gov.in/sites/default/files/10092020-full-bul.pdf,2020-09-10,*1 GOBIND SAGAR(BHAKRA)  512.06   506.73       6.229     4.822 08-09-2020     77       87        86 676 1379 | 423.67   419.58       6.157
2020-09-10,Pong,,,,,CWC Weekly Reservoir Storage Bulletin (10092020-full-bul.pdf),https://cwc.gov.in/sites/default/files/10092020-full-bul.pdf,2020-09-10,*2 PONG DAM(BEAS)                 640.17       0.089     4.819 10-09-2020     78       92        86  0 396 | 642
2020-09-10,Ranjit Sagar,,,,,CWC Weekly Reservoir Storage Bulletin (10092020-full-bul.pdf),https://cwc.gov.in/sites/default/files/10092020-full-bul.pdf,2020-09-10,Punjab       1         THEIN DAM               79
2022-11-10,Bhakra,1679.99,,,,CWC Weekly Reservoir Storage Bulletin (10112022-fb.pdf),https://cwc.gov.in/sites/default/files/10112022-fb.pdf,2022-11-10,*1 GOBIND SAGAR(BHAKRA)   512.06   509.03       6.229     5.185 10-11-2022     83       62        75 676 1379 | 423.67   420.02       6.157
2022-11-10,Pong,,,,,CWC Weekly Reservoir Storage Bulletin (10112022-fb.pdf),https://cwc.gov.in/sites/default/files/10112022-fb.pdf,2022-11-10,West Rajasthan        3           -62               Pong Dam             6.16         4.81  10
2022-11-10,Ranjit Sagar,,,,,CWC Weekly Reservoir Storage Bulletin (10112022-fb.pdf),https://cwc.gov.in/sites/default/files/10112022-fb.pdf,2022-11-10,*4 THEIN DAM              280.75   359.40       0.132 | 359.50   352.35       1.436
2020-12-10,Bhakra,,,,,CWC Weekly Reservoir Storage Bulletin (10122020-fb-pdf.pdf),https://cwc.gov.in/sites/default/files/10122020-fb-pdf.pdf,2020-12-10,Himachal Pradesh  3          GOBIND SAGAR(BHAKRA)         71
2020-12-10,Pong,,,,,CWC Weekly Reservoir Storage Bulletin (10122020-fb-pdf.pdf),https://cwc.gov.in/sites/default/files/10122020-fb-pdf.pdf,2020-12-10,Pong Dam | 6.16           3.30  -16
2020-12-10,Ranjit Sagar,,,,,CWC Weekly Reservoir Storage Bulletin (10122020-fb-pdf.pdf),https://cwc.gov.in/sites/default/files/10122020-fb-pdf.pdf,2020-12-10,Punjab            1          THEIN DAM                    52
2018-01-11,Bhakra,1628.9,,,,CWC Weekly Reservoir Storage Bulletin (11.01.2018cwc.pdf),https://cwc.gov.in/sites/default/files/11.01.2018cwc.pdf,2018-01-11,*1 GOBIND SAGAR(BHAKRA)              496.49        6.229        3.692 11-01-2018     59        40         58 676 1200 | 280.75  408.63        6.157
2018-01-11,Pong,,,,,CWC Weekly Reservoir Storage Bulletin (11.01.2018cwc.pdf),https://cwc.gov.in/sites/default/files/11.01.2018cwc.pdf,2018-01-11,*2 PONG DAM                  359.50                             2.771 11-01-2018     45        41         44            - 360 | PUNJAB                   352.81  501.94        2.344
2018-01-11,Ranjit Sagar,,,,,CWC Weekly Reservoir Storage Bulletin (11.01.2018cwc.pdf),https://cwc.gov.in/sites/default/files/11.01.2018cwc.pdf,2018-01-11,*3 THEIN                     269.14                             0.719 10-01-2018     31        35         38 348 600 | 146.3
2024-01-11,Bhakra,1679.99,,,,CWC Weekly Reservoir Storage Bulletin (11.01.2024.pdf),https://cwc.gov.in/sites/default/files/11.01.2024.pdf,2024-01-11,1 GOBIND SAGAR(BHAKRA)   512.06 495.51    6.229     3.273 11-01-2024     53       56             56 676 1379
2024-01-11,Pong,,,,,CWC Weekly Reservoir Storage Bulletin (11.01.2024.pdf),https://cwc.gov.in/sites/default/files/11.01.2024.pdf,2024-01-11,West Uttar Pradesh   1                              Pong Dam              2.20              1.80  27 | Thein
2024-01-11,Ranjit Sagar,,,,,CWC Weekly Reservoir Storage Bulletin (11.01.2024.pdf),https://cwc.gov.in/sites/default/files/11.01.2024.pdf,2024-01-11,THEIN DAM              62
2016-02-11,Bhakra,1617.42,,,,CWC Weekly Reservoir Storage Bulletin (11.02.2016cwcbull.pdf),https://cwc.gov.in/sites/default/files/11.02.2016cwcbull.pdf,2016-02-11,*1 GOBIND SAGAR(BHAKRA)              492.99        6.229        3.252 11-02-2016     52           44         46 676 1200 | 280.75  403.26        6.157
2016-02-11,Pong,,,,,CWC Weekly Reservoir Storage Bulletin (11.02.2016cwcbull.pdf),https://cwc.gov.in/sites/default/files/11.02.2016cwcbull.pdf,2016-02-11,*2 PONG DAM                  359.50                             1.897 10-02-2016     31           24         40         - 360 | PUNJAB                   352.81  495.51        2.344
2016-02-11,Ranjit Sagar,,,,,CWC Weekly Reservoir Storage Bulletin (11.02.2016cwcbull.pdf),https://cwc.gov.in/sites/default/files/11.02.2016cwcbull.pdf,2016-02-11,*3 THEIN                     269.14                             0.450 11-02-2016     19           31         30 348 600 | 146.3
2021-03-11,Bhakra,,,,,CWC Weekly Reservoir Storage Bulletin (11.03.2021-fb-pdf.pdf),https://cwc.gov.in/sites/default/files/11.03.2021-fb-pdf.pdf,2021-03-11,Himachal Pradesh             GOBIND SAGAR(BHAKRA)       53
2021-03-11,Pong,,,,,CWC Weekly Reservoir Storage Bulletin (11.03.2021-fb-pdf.pdf),https://cwc.gov.in/sites/default/files/11.03.2021-fb-pdf.pdf,2021-03-11,3          PONG DAM(BEAS)             56
2021-03-11,Ranjit Sagar,,,,,CWC Weekly Reservoir Storage Bulletin (11.03.2021-fb-pdf.pdf),https://cwc.gov.in/sites/default/files/11.03.2021-fb-pdf.pdf,2021-03-11,Punjab            1          THEIN DAM                  54
2019-07-11,Bhakra,,,,,CWC Weekly Reservoir Storage Bulletin (11.04.2019-cwc-bull.pdf),https://cwc.gov.in/sites/default/files/11.04.2019-cwc-bull.pdf,2019-07-11,*1 GOBIND SAGAR(BHAKRA)                                         2.891 11-07-2019     46        8          34 676 1200 | 280.75  272.95      1.711
2019-07-11,Pong,,,,,CWC Weekly Reservoir Storage Bulletin (11.04.2019-cwc-bull.pdf),https://cwc.gov.in/sites/default/files/11.04.2019-cwc-bull.pdf,2019-07-11,*2 PONG DAM                  359.50  348.60      0.132          2.023 11-07-2019     33        7          24            - 360 | PUNJAB                   352.81  346.91      1.436
2019-07-11,Ranjit Sagar,,,,,CWC Weekly Reservoir Storage Bulletin (11.04.2019-cwc-bull.pdf),https://cwc.gov.in/sites/default/files/11.04.2019-cwc-bull.pdf,2019-07-11,*3 THEIN                     269.14  258.39      0.821          1.141 11-07-2019     49        39         47 348 600 | RAJASTHAN                 146.3  138.22      0.471
2019-04-11,Bhakra,1617.55,,,,CWC Weekly Reservoir Storage Bulletin (11.04.2019cwcbull_1.pdf),https://cwc.gov.in/sites/default/files/11.04.2019cwcbull_1.pdf,2019-04-11,*1 GOBIND SAGAR(BHAKRA)              493.03        6.229        3.256 11-04-2019     52           19         25 676 1200 | 280.75  408.86        6.157
2019-04-11,Pong,,,,,CWC Weekly Reservoir Storage Bulletin (11.04.2019cwcbull_1.pdf),https://cwc.gov.in/sites/default/files/11.04.2019cwcbull_1.pdf,2019-04-11,*2 PONG DAM                  359.50                             2.813 11-04-2019     46           13         25         - 360 | PUNJAB                   352.81  520.31        2.344
2019-04-11,Ranjit Sagar,,,,,CWC Weekly Reservoir Storage Bulletin (11.04.2019cwcbull_1.pdf),https://cwc.gov.in/sites/default/files/11.04.2019cwcbull_1.pdf,2019-04-11,*3 THEIN                     269.14                             1.760 11-04-2019     75           20         36 348 600 | 146.3
2017-05-11,Bhakra,1534.15,,,,CWC Weekly Reservoir Storage Bulletin (11.05.2017cwcbull.pdf),https://cwc.gov.in/sites/default/files/11.05.2017cwcbull.pdf,2017-05-11,*1 GOBIND SAGAR(BHAKRA)              467.61        6.229        1.012 11-05-2017     16           24         23 676 1200 | 280.75  395.46        6.157
2017-05-11,Pong,,,,,CWC Weekly Reservoir Storage Bulletin (11.05.2017cwcbull.pdf),https://cwc.gov.in/sites/default/files/11.05.2017cwcbull.pdf,2017-05-11,*2 PONG DAM                  359.50                             0.905 10-05-2017     15           11         28         - 360 | PUNJAB                   352.81  514.79        2.344
2017-05-11,Ranjit Sagar,,,,,CWC Weekly Reservoir Storage Bulletin (11.05.2017cwcbull.pdf),https://cwc.gov.in/sites/default/files/11.05.2017cwcbull.pdf,2017-05-11,*3 THEIN                     269.14                             1.416 09-05-2017     60           28         43 348 600 | 146.3
2015-06-11,Bhakra,1679.99,,,,CWC Weekly Reservoir Storage Bulletin (11.06.2015.pdf),https://cwc.gov.in/sites/default/files/11.06.2015.pdf,2015-06-11,*1 GOBIND SAGAR(BHAKRA)      512.06                             2.581 6/10/2015     41           33         24 676 1200 | 423.67  268.85      1.711
2015-06-11,Pong,,,,,CWC Weekly Reservoir Storage Bulletin (11.06.2015.pdf),https://cwc.gov.in/sites/default/files/11.06.2015.pdf,2015-06-11,*2 PONG DAM                          343.20      0.132          2.276 6/10/2015     37           28         23     - 360 | PUNJAB                           345.81      1.436
2015-06-11,Ranjit Sagar,1731.99,,,,CWC Weekly Reservoir Storage Bulletin (11.06.2015.pdf),https://cwc.gov.in/sites/default/files/11.06.2015.pdf,2015-06-11,*3 THEIN                     527.91  256.87      0.821          1.841 6/11/2015     79           76         48 348 600 | RAJASTHAN                        136.28      0.471
2020-06-11,Bhakra,,,,,CWC Weekly Reservoir Storage Bulletin (11.06.2020-full-bull.pdf),https://cwc.gov.in/sites/default/files/11.06.2020-full-bull.pdf,2020-06-11,Himachal Pradesh  3             GOBIND SAGAR(BHAKRA)    80
2020-06-11,Pong,1389.99,,,,CWC Weekly Reservoir Storage Bulletin (11.06.2020-full-bull.pdf),https://cwc.gov.in/sites/default/files/11.06.2020-full-bull.pdf,2020-06-11,*2 PONG DAM(BEAS)        423.67  408.29       6.157     2.603 11-06-2020     42       37        24  0 396
2020-06-11,Ranjit Sagar,,,,,CWC Weekly Reservoir Storage Bulletin (11.06.2020-full-bull.pdf),https://cwc.gov.in/sites/default/files/11.06.2020-full-bull.pdf,2020-06-11,*4 THEIN DAM
2016-08-11,Bhakra,1608.83,,,,CWC Weekly Reservoir Storage Bulletin (11.08.2016cwcbull.pdf),https://cwc.gov.in/sites/default/files/11.08.2016cwcbull.pdf,2016-08-11,*1 GOBIND SAGAR(BHAKRA)              490.37        6.229        2.953 08-08-2016     47           79         65 676 1200 | 280.75  409.55        6.157
2016-08-11,Pong,,,,,CWC Weekly Reservoir Storage Bulletin (11.08.2016cwcbull.pdf),https://cwc.gov.in/sites/default/files/11.08.2016cwcbull.pdf,2016-08-11,*2 PONG DAM                  359.50                             2.935 08-08-2016     48           77         52         - 360 | PUNJAB                   352.81  513.75        2.344
2016-08-11,Ranjit Sagar,,,,,CWC Weekly Reservoir Storage Bulletin (11.08.2016cwcbull.pdf),https://cwc.gov.in/sites/default/files/11.08.2016cwcbull.pdf,2016-08-11,*3 THEIN                     269.14                             1.360 11-08-2016     58           87         59 348 600 | 146.3
2018-10-11,Bhakra,1668.44,,,,CWC Weekly Reservoir Storage Bulletin (11.10.2018_0.pdf),https://cwc.gov.in/sites/default/files/11.10.2018_0.pdf,2018-10-11,*1 GOBIND SAGAR(BHAKRA)              508.54        6.229        5.407 11-10-2018     87        85         86 676 1200 | 280.75  424.09        6.157
2018-10-11,Pong,,,,,CWC Weekly Reservoir Storage Bulletin (11.10.2018_0.pdf),https://cwc.gov.in/sites/default/files/11.10.2018_0.pdf,2018-10-11,*2 PONG DAM                  359.50                             6.024 09-10-2018     98        80         83            - 360 | PUNJAB                   352.81  526.40        2.344
2018-10-11,Ranjit Sagar,,,,,CWC Weekly Reservoir Storage Bulletin (11.10.2018_0.pdf),https://cwc.gov.in/sites/default/files/11.10.2018_0.pdf,2018-10-11,*3 THEIN                     269.14                             2.237 11-10-2018     95        66         63 348 600 | 146.3
2021-02-11,Bhakra,,,,,CWC Weekly Reservoir Storage Bulletin (11022021-fb-pdf.pdf),https://cwc.gov.in/sites/default/files/11022021-fb-pdf.pdf,2021-02-11,Himachal Pradesh                      GOBIND SAGAR(BHAKRA)               62 | 3
2021-02-11,Pong,,,,,CWC Weekly Reservoir Storage Bulletin (11022021-fb-pdf.pdf),https://cwc.gov.in/sites/default/files/11022021-fb-pdf.pdf,2021-02-11,PONG DAM(BEAS)                     74
2021-02-11,Ranjit Sagar,,,,,CWC Weekly Reservoir Storage Bulletin (11022021-fb-pdf.pdf),https://cwc.gov.in/sites/default/files/11022021-fb-pdf.pdf,2021-02-11,THEIN DAM                 37                                                                                     4    1            4
2023-05-11,Bhakra,1679.99,,,,CWC Weekly Reservoir Storage Bulletin (11052023-fb.pdf),https://cwc.gov.in/sites/default/files/11052023-fb.pdf,2023-05-11,1 GOBIND SAGAR(BHAKRA)    512.06  476.65       6.229     1.420 11-05-2023     23       20        25 676 1379
2023-05-11,Pong,1389.99,,,,CWC Weekly Reservoir Storage Bulletin (11052023-fb.pdf),https://cwc.gov.in/sites/default/files/11052023-fb.pdf,2023-05-11,*2 PONG DAM(BEAS)         423.67  406.16       6.157     2.243 11-05-2023     36       28        28  0 396
2023-05-11,Ranjit Sagar,,,,,CWC Weekly Reservoir Storage Bulletin (11052023-fb.pdf),https://cwc.gov.in/sites/default/files/11052023-fb.pdf,2023-05-11,4 THEIN DAM
2024-07-11,Bhakra,1679.99,,,,CWC Weekly Reservoir Storage Bulletin (11072024-fb_2.pdf),https://cwc.gov.in/sites/default/files/11072024-fb_2.pdf,2024-07-11,1 GOBIND SAGAR(BHAKRA)   512.06 486.69      6.229     2.277 11-07-2024     37      56         35 676 1379
2024-07-11,Pong,,,,,CWC Weekly Reservoir Storage Bulletin (11072024-fb_2.pdf),https://cwc.gov.in/sites/default/files/11072024-fb_2.pdf,2024-07-11,132  -22                        Pong Dam                           1.47  -9
2024-07-11,Ranjit Sagar,,,,,CWC Weekly Reservoir Storage Bulletin (11072024-fb_2.pdf),https://cwc.gov.in/sites/default/files/11072024-fb_2.pdf,2024-07-11,THEIN DAM              58
2022-08-11,Bhakra,1679.99,,,,CWC Weekly Reservoir Storage Bulletin (1108-2022-bulletin.pdf),https://cwc.gov.in/sites/default/files/1108-2022-bulletin.pdf,2022-08-11,*1 GOBIND SAGAR(BHAKRA)   512.06  497.15       6.229     3.483 11-08-2022      56       44        63 676 1379
2022-08-11,Pong,1389.99,,,,CWC Weekly Reservoir Storage Bulletin (1108-2022-bulletin.pdf),https://cwc.gov.in/sites/default/files/1108-2022-bulletin.pdf,2022-08-11,*2 PONG DAM(BEAS)         423.67  411.59       6.157     3.184 11-08-2022      52       38        56  0 396
2022-08-11,Ranjit Sagar,,,,,CWC Weekly Reservoir Storage Bulletin (1108-2022-bulletin.pdf),https://cwc.gov.in/sites/default/files/1108-2022-bulletin.pdf,2022-08-11,*4 THEIN DAM
2021-11-11,Bhakra,,,,,CWC Weekly Reservoir Storage Bulletin (11112021-fb-pdf.pdf),https://cwc.gov.in/sites/default/files/11112021-fb-pdf.pdf,2021-11-11,Himachal Pradesh  3            GOBIND SAGAR(BHAKRA)       79
2021-11-11,Pong,,,,,CWC Weekly Reservoir Storage Bulletin (11112021-fb-pdf.pdf),https://cwc.gov.in/sites/default/files/11112021-fb-pdf.pdf,2021-11-11,PONG DAM(BEAS)             68
2021-11-11,Ranjit Sagar,,,,,CWC Weekly Reservoir Storage Bulletin (11112021-fb-pdf.pdf),https://cwc.gov.in/sites/default/files/11112021-fb-pdf.pdf,2021-11-11,Punjab            1            THEIN DAM                  75
2017-01-12,Bhakra,1595.44,,,,CWC Weekly Reservoir Storage Bulletin (12.01.2017cwcbull.pdf),https://cwc.gov.in/sites/default/files/12.01.2017cwcbull.pdf,2017-01-12,*1 GOBIND SAGAR(BHAKRA)              486.29        6.229        2.505 11-01-2017     40           65         60 676 1200 | 280.75  406.94        6.157
2017-01-12,Pong,,,,,CWC Weekly Reservoir Storage Bulletin (12.01.2017cwcbull.pdf),https://cwc.gov.in/sites/default/files/12.01.2017cwcbull.pdf,2017-01-12,*2 PONG DAM                  359.50                             2.480 12-01-2017     40           47         46         - 360 | PUNJAB                   352.81  503.78        2.344
2017-01-12,Ranjit Sagar,,,,,CWC Weekly Reservoir Storage Bulletin (12.01.2017cwcbull.pdf),https://cwc.gov.in/sites/default/files/12.01.2017cwcbull.pdf,2017-01-12,*3 THEIN                     269.14                             0.817 12-01-2017     35           21         38 348 600 | 146.3
2020-03-12,Bhakra,1679.99,,,,CWC Weekly Reservoir Storage Bulletin (12.03.2020-fb-pdf.pdf),https://cwc.gov.in/sites/default/files/12.03.2020-fb-pdf.pdf,2020-03-12,*1 GOBIND SAGAR(BHAKRA)  512.06  488.76       6.229     2.491 12-03-2020     40       57        35 676 1379
2020-03-12,Pong,,,,,CWC Weekly Reservoir Storage Bulletin (12.03.2020-fb-pdf.pdf),https://cwc.gov.in/sites/default/files/12.03.2020-fb-pdf.pdf,2020-03-12,Himachal Pradesh                 137   -100        Pong Dam           6.16              3.65                                   98
2020-03-12,Ranjit Sagar,,,,,CWC Weekly Reservoir Storage Bulletin (12.03.2020-fb-pdf.pdf),https://cwc.gov.in/sites/default/files/12.03.2020-fb-pdf.pdf,2020-03-12,Jammu & Kashmir                  153               Thein              2.34              0.82                                   -4 | -99         Gandhi Sagar
2018-04-12,Bhakra,1543.7,,,,CWC Weekly Reservoir Storage Bulletin (12.04.2018cwcbull.pdf),https://cwc.gov.in/sites/default/files/12.04.2018cwcbull.pdf,2018-04-12,*1 GOBIND SAGAR(BHAKRA)              470.52        6.229        1.192 12-04-2018     19           14         25 676 1200 | 280.75  394.16        6.157
2018-04-12,Pong,,,,,CWC Weekly Reservoir Storage Bulletin (12.04.2018cwcbull.pdf),https://cwc.gov.in/sites/default/files/12.04.2018cwcbull.pdf,2018-04-12,SHOLAYAR                  0 PONG DAM                         50                                                                           to 80% of normal
2018-04-12,Ranjit Sagar,,,,,CWC Weekly Reservoir Storage Bulletin (12.04.2018cwcbull.pdf),https://cwc.gov.in/sites/default/files/12.04.2018cwcbull.pdf,2018-04-12,*3 THEIN                     269.14                             0.462 12-04-2018     20           50         36 348 600 | 146.3
2016-05-12,Bhakra,1557.78,,,,CWC Weekly Reservoir Storage Bulletin (12.05.2016cwcbulletin1.pdf),https://cwc.gov.in/sites/default/files/12.05.2016cwcbulletin1.pdf,2016-05-12,*1 GOBIND SAGAR(BHAKRA)              474.81        6.229        1.481 11-05-2016     24           39         24 676 1200 | 280.75  393.00        6.157
2016-05-12,Pong,,,,,CWC Weekly Reservoir Storage Bulletin (12.05.2016cwcbulletin1.pdf),https://cwc.gov.in/sites/default/files/12.05.2016cwcbulletin1.pdf,2016-05-12,GIRNA                         0 ISAPUR                       26 PONG DAM               36                                                                  to to to
2016-05-12,Ranjit Sagar,,,,,CWC Weekly Reservoir Storage Bulletin (12.05.2016cwcbulletin1.pdf),https://cwc.gov.in/sites/default/files/12.05.2016cwcbulletin1.pdf,2016-05-12,*3 THEIN                     269.14                             0.646 10-05-2016     28           84         45 348 600 | 146.3
2018-07-12,Bhakra,,,,,CWC Weekly Reservoir Storage Bulletin (12.07.2018cwcbull_1.pdf),https://cwc.gov.in/sites/default/files/12.07.2018cwcbull_1.pdf,2018-07-12,GOBIND SAGAR(BHAKRA         22
2018-07-12,Pong,,,,,CWC Weekly Reservoir Storage Bulletin (12.07.2018cwcbull_1.pdf),https://cwc.gov.in/sites/default/files/12.07.2018cwcbull_1.pdf,2018-07-12,PONG DAM                    27
2018-07-12,Ranjit Sagar,1731.99,,,,CWC Weekly Reservoir Storage Bulletin (12.07.2018cwcbull_1.pdf),https://cwc.gov.in/sites/default/files/12.07.2018cwcbull_1.pdf,2018-07-12,*3 THEIN                     527.91  255.42      0.821          0.915 7/12/2018          39        62         49 348 600 | RAJASTHAN                        140.29      0.471
2021-08-12,Bhakra,,,,,CWC Weekly Reservoir Storage Bulletin (12.08.2021-ful-bull.pdf),https://cwc.gov.in/sites/default/files/12.08.2021-ful-bull.pdf,2021-08-12,Himachal Pradesh  3            GOBIND SAGAR(BHAKRA)    65
2021-08-12,Pong,,,,,CWC Weekly Reservoir Storage Bulletin (12.08.2021-ful-bull.pdf),https://cwc.gov.in/sites/default/files/12.08.2021-ful-bull.pdf,2021-08-12,PONG DAM(BEAS)          63
2021-08-12,Ranjit Sagar,,,,,CWC Weekly Reservoir Storage Bulletin (12.08.2021-ful-bull.pdf),https://cwc.gov.in/sites/default/files/12.08.2021-ful-bull.pdf,2021-08-12,Punjab            1            THEIN DAM               71
2019-09-12,Bhakra,1679.99,,,,CWC Weekly Reservoir Storage Bulletin (12.09.2019-fb-pdf.pdf),https://cwc.gov.in/sites/default/files/12.09.2019-fb-pdf.pdf,2019-09-12,*1 GOBIND SAGAR(BHAKRA) 512.06 510.55  6.229     5.418 12-09-2019     87        73       85 676 1200
2019-09-12,Pong,,,,,CWC Weekly Reservoir Storage Bulletin (12.09.2019-fb-pdf.pdf),https://cwc.gov.in/sites/default/files/12.09.2019-fb-pdf.pdf,2019-09-12,Pong Dam | 6.16              5.65  13
2019-09-12,Ranjit Sagar,1731.99,,,,CWC Weekly Reservoir Storage Bulletin (12.09.2019-fb-pdf.pdf),https://cwc.gov.in/sites/default/files/12.09.2019-fb-pdf.pdf,2019-09-12,*4 THEIN DAM            527.91 524.04  2.344     2.039 12-09-2019     87        77       71 348 600 | RAJASTHAN
2017-10-12,Bhakra,1666.01,,,,CWC Weekly Reservoir Storage Bulletin (12.10.2017cwc.pdf),https://cwc.gov.in/sites/default/files/12.10.2017cwc.pdf,2017-10-12,*1 GOBIND SAGAR(BHAKRA)              507.80        6.229        5.291 12-10-2017     85        71         85 676 1200 | 280.75  419.30        6.157
2017-10-12,Pong,,,,,CWC Weekly Reservoir Storage Bulletin (12.10.2017cwc.pdf),https://cwc.gov.in/sites/default/files/12.10.2017cwc.pdf,2017-10-12,*2 PONG DAM                  359.50                             4.896 12-10-2017     80        68         78            - 360 | PUNJAB                   352.81  517.08        2.344
2017-10-12,Ranjit Sagar,,,,,CWC Weekly Reservoir Storage Bulletin (12.10.2017cwc.pdf),https://cwc.gov.in/sites/default/files/12.10.2017cwc.pdf,2017-10-12,*3 THEIN                     269.14                             1.538 12-10-2017     66        64         62 348 600 | 146.3
2020-11-12,Bhakra,,,,,CWC Weekly Reservoir Storage Bulletin (12.11.2020-full-bull-1.pdf),https://cwc.gov.in/sites/default/files/12.11.2020-full-bull-1.pdf,2020-11-12,Himachal Pradesh                       GOBIND SAGAR(BHAKRA)             72 | 3
2020-11-12,Pong,,,,,CWC Weekly Reservoir Storage Bulletin (12.11.2020-full-bull-1.pdf),https://cwc.gov.in/sites/default/files/12.11.2020-full-bull-1.pdf,2020-11-12,PONG DAM(BEAS)                   80
2020-11-12,Ranjit Sagar,,,,,CWC Weekly Reservoir Storage Bulletin (12.11.2020-full-bull-1.pdf),https://cwc.gov.in/sites/default/files/12.11.2020-full-bull-1.pdf,2020-11-12,Punjab         1                       THEIN DAM                        70
2019-12-12,Bhakra,1679.99,,,,CWC Weekly Reservoir Storage Bulletin (12.12.2019-full-bul.pdf),https://cwc.gov.in/sites/default/files/12.12.2019-full-bul.pdf,2019-12-12,*1 GOBIND SAGAR(BHAKRA) 512.06 503.54  6.229     4.356 12-12-19      70         84       72 676 1379
2019-12-12,Pong,1389.99,,,,CWC Weekly Reservoir Storage Bulletin (12.12.2019-full-bul.pdf),https://cwc.gov.in/sites/default/files/12.12.2019-full-bul.pdf,2019-12-12,*2 PONG DAM(BEAS)       423.67 418.16  6.157     4.508 12-12-19      73         75       60       0 396
2019-12-12,Ranjit Sagar,1731.99,,,,CWC Weekly Reservoir Storage Bulletin (12.12.2019-full-bul.pdf),https://cwc.gov.in/sites/default/files/12.12.2019-full-bul.pdf,2019-12-12,*4 THEIN DAM            527.91 518.88  2.344     1.660 12-12-19      71         72       52 348 600
2023-01-12,Bhakra,1679.99,,,,CWC Weekly Reservoir Storage Bulletin (12012023-fb.pdf),https://cwc.gov.in/sites/default/files/12012023-fb.pdf,2023-01-12,*1 GOBIND SAGAR(BHAKRA)  512.06 497.13   6.229     3.480 12-01-2023     56       45       58 676 1379
2023-01-12,Pong,,,,,CWC Weekly Reservoir Storage Bulletin (12012023-fb.pdf),https://cwc.gov.in/sites/default/files/12012023-fb.pdf,2023-01-12,Pong Dam | Thein            0.16              0.08  80
2023-01-12,Ranjit Sagar,,,,,CWC Weekly Reservoir Storage Bulletin (12012023-fb.pdf),https://cwc.gov.in/sites/default/files/12012023-fb.pdf,2023-01-12,Thein            0.16              0.08  80 | Gobind Sagar
2024-04-12,Bhakra,1679.99,,,,CWC Weekly Reservoir Storage Bulletin (12042024-bulletin.pdf),https://cwc.gov.in/sites/default/files/12042024-bulletin.pdf,2024-04-12,1 GOBIND SAGAR(BHAKRA)   512.06 479.06    6.229     1.603 12-04-2024   26      28                29 676 1379
2024-04-12,Pong,,,,,CWC Weekly Reservoir Storage Bulletin (12042024-bulletin.pdf),https://cwc.gov.in/sites/default/files/12042024-bulletin.pdf,2024-04-12,West Rajasthan      2               -69             Pong Dam              6.16              1.93  16
2024-04-12,Ranjit Sagar,,,,,CWC Weekly Reservoir Storage Bulletin (12042024-bulletin.pdf),https://cwc.gov.in/sites/default/files/12042024-bulletin.pdf,2024-04-12,Jammu & Kashmir     132             -32             Thein                 2.34              0.99  -6
2022-05-12,Bhakra,,,,,CWC Weekly Reservoir Storage Bulletin (12052022-fb_1.pdf),https://cwc.gov.in/sites/default/files/12052022-fb_1.pdf,2022-05-12,Himachal Pradesh  3            GOBIND SAGAR(BHAKRA)       77
2022-05-12,Pong,,,,,CWC Weekly Reservoir Storage Bulletin (12052022-fb_1.pdf),https://cwc.gov.in/sites/default/files/12052022-fb_1.pdf,2022-05-12,Pong Dam
2022-05-12,Ranjit Sagar,,,,,CWC Weekly Reservoir Storage Bulletin (12052022-fb_1.pdf),https://cwc.gov.in/sites/default/files/12052022-fb_1.pdf,2022-05-12,Punjab                5                  -90       Thein                               0.94  50
2020-02-13,Bhakra,1679.99,,,,CWC Weekly Reservoir Storage Bulletin (13.02.2020-fb-pdf_2.pdf),https://cwc.gov.in/sites/default/files/13.02.2020-fb-pdf_2.pdf,2020-02-13,*1 GOBIND SAGAR(BHAKRA)  512.06  494.41       6.229     3.133 13-02-2020     50       63        46 676 1379
2020-02-13,Pong,1389.99,,,,CWC Weekly Reservoir Storage Bulletin (13.02.2020-fb-pdf_2.pdf),https://cwc.gov.in/sites/default/files/13.02.2020-fb-pdf_2.pdf,2020-02-13,*2 PONG DAM(BEAS)        423.67  416.03       6.157     4.057 13-02-2020     66       51        37  0 396
2020-02-13,Ranjit Sagar,,,,,CWC Weekly Reservoir Storage Bulletin (13.02.2020-fb-pdf_2.pdf),https://cwc.gov.in/sites/default/files/13.02.2020-fb-pdf_2.pdf,2020-02-13,*4 THEIN DAM
2016-04-13,Bhakra,1573.06,,,,CWC Weekly Reservoir Storage Bulletin (13.04.2016cwcbull.pdf),https://cwc.gov.in/sites/default/files/13.04.2016cwcbull.pdf,2016-04-13,*1 GOBIND SAGAR(BHAKRA)              479.47        6.229        1.858 11-04-2016     30           33         26 676 1200 | 280.75  395.86        6.157
2016-04-13,Pong,,,,,CWC Weekly Reservoir Storage Bulletin (13.04.2016cwcbull.pdf),https://cwc.gov.in/sites/default/files/13.04.2016cwcbull.pdf,2016-04-13,TEHRI                     29 RAMGANGA                     40 PONG DAM                    50
2016-04-13,Ranjit Sagar,,,,,CWC Weekly Reservoir Storage Bulletin (13.04.2016cwcbull.pdf),https://cwc.gov.in/sites/default/files/13.04.2016cwcbull.pdf,2016-04-13,*3 THEIN                     269.14                             0.470 13-04-2016     20           62         38 348 600 | 146.3
2017-04-13,Bhakra,1526.94,,,,CWC Weekly Reservoir Storage Bulletin (13.04.2017cwcbull.pdf),https://cwc.gov.in/sites/default/files/13.04.2017cwcbull.pdf,2017-04-13,*1 GOBIND SAGAR(BHAKRA)              465.41        6.229        0.883 12-04-2017     14           30         27 676 1200 | 280.75  396.92        6.157
2017-04-13,Pong,,,,,CWC Weekly Reservoir Storage Bulletin (13.04.2017cwcbull.pdf),https://cwc.gov.in/sites/default/files/13.04.2017cwcbull.pdf,2017-04-13,*2 PONG DAM                  359.50                             1.063 12-04-2017     17           15         29         - 360 | PUNJAB                   352.81  511.52        2.344
2017-04-13,Ranjit Sagar,,,,,CWC Weekly Reservoir Storage Bulletin (13.04.2017cwcbull.pdf),https://cwc.gov.in/sites/default/files/13.04.2017cwcbull.pdf,2017-04-13,*3 THEIN                     269.14                             1.192 13-04-2017     51           20         37 348 600 | 146.3
2019-06-13,Bhakra,1609.74,,,,CWC Weekly Reservoir Storage Bulletin (13.06.2019bullcwc_1.pdf),https://cwc.gov.in/sites/default/files/13.06.2019bullcwc_1.pdf,2019-06-13,*1 GOBIND SAGAR(BHAKRA)              490.65        6.229        2.703 12-06-2019     43           9          25 676 1200 | 280.75  406.34        6.157
2019-06-13,Pong,,,,,CWC Weekly Reservoir Storage Bulletin (13.06.2019bullcwc_1.pdf),https://cwc.gov.in/sites/default/files/13.06.2019bullcwc_1.pdf,2019-06-13,*2 PONG DAM                  359.50                             2.275 12-06-2019     37           9          21         - 360 | PUNJAB                   352.81  513.78        2.344
2019-06-13,Ranjit Sagar,,,,,CWC Weekly Reservoir Storage Bulletin (13.06.2019bullcwc_1.pdf),https://cwc.gov.in/sites/default/files/13.06.2019bullcwc_1.pdf,2019-06-13,*3 THEIN                     269.14  267.85        1.711        1.360 13-06-2019     58           31         45 348 600 | RAJASTHAN                 146.3  345.05        0.132
2017-07-13,Bhakra,1586.88,,,,CWC Weekly Reservoir Storage Bulletin (13.07.2017cwcbull.pdf),https://cwc.gov.in/sites/default/files/13.07.2017cwcbull.pdf,2017-07-13,*1 GOBIND SAGAR(BHAKRA)              483.68        6.229        2.244 13-07-2017     36           33         41 676 1200 | 280.75  398.86        6.157
2017-07-13,Pong,,,,,CWC Weekly Reservoir Storage Bulletin (13.07.2017cwcbull.pdf),https://cwc.gov.in/sites/default/files/13.07.2017cwcbull.pdf,2017-07-13,*2 PONG DAM                  359.50                             1.286 12-07-2017     21           14         29         - 360 | PUNJAB                   352.81  516.10        2.344
2017-07-13,Ranjit Sagar,,,,,CWC Weekly Reservoir Storage Bulletin (13.07.2017cwcbull.pdf),https://cwc.gov.in/sites/default/files/13.07.2017cwcbull.pdf,2017-07-13,*3 THEIN                     269.14                             1.477 13-07-2017     63           35         50 348 600 | 146.3
2018-09-13,Bhakra,1650.07,,,,CWC Weekly Reservoir Storage Bulletin (13.09.2018cwcbull_1.pdf),https://cwc.gov.in/sites/default/files/13.09.2018cwcbull_1.pdf,2018-09-13,*1 GOBIND SAGAR(BHAKRA)              502.94        6.229        4.570 13-09-2018     73           90         87 676 1200 | 280.75  419.60        6.157        4.961 13-09-2018
2018-09-13,Pong,,,,,CWC Weekly Reservoir Storage Bulletin (13.09.2018cwcbull_1.pdf),https://cwc.gov.in/sites/default/files/13.09.2018cwcbull_1.pdf,2018-09-13,*2 PONG DAM                  359.50                                                  81           88         83         - 360 | PUNJAB                   352.81  521.20        2.344        1.800 12-09-2018
2018-09-13,Ranjit Sagar,,,,,CWC Weekly Reservoir Storage Bulletin (13.09.2018cwcbull_1.pdf),https://cwc.gov.in/sites/default/files/13.09.2018cwcbull_1.pdf,2018-09-13,*3 THEIN                     269.14                             1.393 12-09-2018     77           80         69 348 600 | 146.3                             0.112 12-09-2018
2016-10-13,Bhakra,1646.92,,,,CWC Weekly Reservoir Storage Bulletin (13.10.2016cwcfb.pdf),https://cwc.gov.in/sites/default/files/13.10.2016cwcfb.pdf,2016-10-13,*1 GOBIND SAGAR(BHAKRA)              501.98        6.229        4.433 10-10-2016     71        92         87 676 1200 | 280.75  415.86        6.157
2016-10-13,Pong,,,,,CWC Weekly Reservoir Storage Bulletin (13.10.2016cwcfb.pdf),https://cwc.gov.in/sites/default/files/13.10.2016cwcfb.pdf,2016-10-13,*2 PONG DAM                  359.50                             4.150 13-10-2016     67        82         81            - 360 | PUNJAB                   352.81  516.29        2.344
2016-10-13,Ranjit Sagar,,,,,CWC Weekly Reservoir Storage Bulletin (13.10.2016cwcfb.pdf),https://cwc.gov.in/sites/default/files/13.10.2016cwcfb.pdf,2016-10-13,*3 THEIN                     269.14                             1.507 13-10-2016     64        56         62 348 600 | 146.3
2018-12-13,Bhakra,1664.47,,,,CWC Weekly Reservoir Storage Bulletin (13.12.2018cwcbull_1.pdf),https://cwc.gov.in/sites/default/files/13.12.2018cwcbull_1.pdf,2018-12-13,*1 GOBIND SAGAR(BHAKRA)              507.33        6.229        5.218 13-12-2018     84           72         71 676 1200 | 280.75  417.88        6.157
2018-12-13,Pong,,,,,CWC Weekly Reservoir Storage Bulletin (13.12.2018cwcbull_1.pdf),https://cwc.gov.in/sites/default/files/13.12.2018cwcbull_1.pdf,2018-12-13,*2 PONG DAM                  359.50                             4.580 13-12-2018     74           57         59         - 360 | PUNJAB                   352.81  519.08        2.344
2018-12-13,Ranjit Sagar,,,,,CWC Weekly Reservoir Storage Bulletin (13.12.2018cwcbull_1.pdf),https://cwc.gov.in/sites/default/files/13.12.2018cwcbull_1.pdf,2018-12-13,*3 THEIN                     269.14                             1.660 13-12-2018     71           43         49 348 600 | 146.3
2022-01-13,Bhakra,,,,,CWC Weekly Reservoir Storage Bulletin (13012022-bulletin.pdf),https://cwc.gov.in/sites/default/files/13012022-bulletin.pdf,2022-01-13,Himachal Pradesh  3            GOBIND SAGAR(BHAKRA)       76
2022-01-13,Pong,1389.99,,,,CWC Weekly Reservoir Storage Bulletin (13012022-bulletin.pdf),https://cwc.gov.in/sites/default/files/13012022-bulletin.pdf,2022-01-13,*2 PONG DAM(BEAS)         423.67  408.10       6.157     2.678 13-01-2022      43      44         48  0 396
2022-01-13,Ranjit Sagar,,,,,CWC Weekly Reservoir Storage Bulletin (13012022-bulletin.pdf),https://cwc.gov.in/sites/default/files/13012022-bulletin.pdf,2022-01-13,Punjab            1            THEIN DAM                  67
2025-03-13,Bhakra,,,,,CWC Weekly Reservoir Storage Bulletin (13032025-fb-pdf.pdf),https://cwc.gov.in/sites/default/files/13032025-fb-pdf.pdf,2025-03-13,Punjab                 7   GOBIND SAGAR(BHAKRA)  73 | Rajasthan                8
2025-03-13,Pong,,,,,CWC Weekly Reservoir Storage Bulletin (13032025-fb-pdf.pdf),https://cwc.gov.in/sites/default/files/13032025-fb-pdf.pdf,2025-03-13,Tamil Nadu                   PONG DAM(BEAS)        57 | Uttar Pradesh
2025-03-13,Ranjit Sagar,,,,,CWC Weekly Reservoir Storage Bulletin (13032025-fb-pdf.pdf),https://cwc.gov.in/sites/default/files/13032025-fb-pdf.pdf,2025-03-13,THEIN DAM             53
2023-04-13,Bhakra,1679.99,,,,CWC Weekly Reservoir Storage Bulletin (13042023-fb.pdf),https://cwc.gov.in/sites/default/files/13042023-fb.pdf,2023-04-13,1 GOBIND SAGAR(BHAKRA)   512.06 480.99   6.229     1.750 13-04-2023      28       26       28 676 1379
2023-04-13,Pong,,,,,CWC Weekly Reservoir Storage Bulletin (13042023-fb.pdf),https://cwc.gov.in/sites/default/files/13042023-fb.pdf,2023-04-13,Himachal Pradesh    93                              Pong Dam        6.16              2.19  -1 | -40
2023-04-13,Ranjit Sagar,,,,,CWC Weekly Reservoir Storage Bulletin (13042023-fb.pdf),https://cwc.gov.in/sites/default/files/13042023-fb.pdf,2023-04-13,Jammu & Kashmir     115                             Thein           2.34              1.14  50
2021-05-13,Bhakra,,,,,CWC Weekly Reservoir Storage Bulletin (13052021-fb-pdf.pdf),https://cwc.gov.in/sites/default/files/13052021-fb-pdf.pdf,2021-05-13,GOBIND SAGAR(BHAKRA)      38
2021-05-13,Pong,,,,,CWC Weekly Reservoir Storage Bulletin (13052021-fb-pdf.pdf),https://cwc.gov.in/sites/default/files/13052021-fb-pdf.pdf,2021-05-13,PONG DAM(BEAS)            49
2021-05-13,Ranjit Sagar,,,,,CWC Weekly Reservoir Storage Bulletin (13052021-fb-pdf.pdf),https://cwc.gov.in/sites/default/files/13052021-fb-pdf.pdf,2021-05-13,Punjab            1            THEIN DAM             59
2024-06-13,Bhakra,1679.99,,,,CWC Weekly Reservoir Storage Bulletin (13062024-fb.pdf),https://cwc.gov.in/sites/default/files/13062024-fb.pdf,2024-06-13,1 GOBIND SAGAR(BHAKRA)   512.06 482.87    6.229     1.916 13-06-2024     31      27           29 676 1379
2024-06-13,Pong,,,,,CWC Weekly Reservoir Storage Bulletin (13062024-fb.pdf),https://cwc.gov.in/sites/default/files/13062024-fb.pdf,2024-06-13,Pong Dam               6.16       1.39  -3
2024-06-13,Ranjit Sagar,,,,,CWC Weekly Reservoir Storage Bulletin (13062024-fb.pdf),https://cwc.gov.in/sites/default/files/13062024-fb.pdf,2024-06-13,THEIN DAM              79
2020-08-13,Bhakra,1679.99,,,,CWC Weekly Reservoir Storage Bulletin (13082020-fb-pdf.pdf),https://cwc.gov.in/sites/default/files/13082020-fb-pdf.pdf,2020-08-13,*1 GOBIND SAGAR(BHAKRA) 512.06 498.44  6.229  3.648 13-08-2020      59         83       69 676 1379
2020-08-13,Pong,,,,,CWC Weekly Reservoir Storage Bulletin (13082020-fb-pdf.pdf),https://cwc.gov.in/sites/default/files/13082020-fb-pdf.pdf,2020-08-13,3         PONG DAM(BEAS)          79
2020-08-13,Ranjit Sagar,,,,,CWC Weekly Reservoir Storage Bulletin (13082020-fb-pdf.pdf),https://cwc.gov.in/sites/default/files/13082020-fb-pdf.pdf,2020-08-13,Punjab          1         THEIN DAM               69
2022-10-13,Bhakra,1679.99,,,,CWC Weekly Reservoir Storage Bulletin (13102022-fb.pdf),https://cwc.gov.in/sites/default/files/13102022-fb.pdf,2022-10-13,*1 GOBIND SAGAR(BHAKRA)   512.06   510.10       6.229     5.461 13-10-2022     88       68        85 676 1379 | 423.67   421.79       6.157
2022-10-13,Pong,,,,,CWC Weekly Reservoir Storage Bulletin (13102022-fb.pdf),https://cwc.gov.in/sites/default/files/13102022-fb.pdf,2022-10-13,West Rajasthan        3                  -26        Pong Dam             6.16           5.14  4
2022-10-13,Ranjit Sagar,,,,,CWC Weekly Reservoir Storage Bulletin (13102022-fb.pdf),https://cwc.gov.in/sites/default/files/13102022-fb.pdf,2022-10-13,*4 THEIN DAM              280.75   359.75       0.132 | 359.50   352.78       1.436
2016-01-14,Bhakra,1636.55,,,,CWC Weekly Reservoir Storage Bulletin (14.01.2016cwcbull.pdf),https://cwc.gov.in/sites/default/files/14.01.2016cwcbull.pdf,2016-01-14,*1 GOBIND SAGAR(BHAKRA)              498.82        6.229        3.994 13-01-2016     64           57         59 676 1200 | 280.75  409.22        6.157
2016-01-14,Pong,,,,,CWC Weekly Reservoir Storage Bulletin (14.01.2016cwcbull.pdf),https://cwc.gov.in/sites/default/files/14.01.2016cwcbull.pdf,2016-01-14,*2 PONG DAM                  359.50                             2.876 12-01-2016     47           32         48         - 360 | PUNJAB                   352.81  496.68        2.344
2016-01-14,Ranjit Sagar,,,,,CWC Weekly Reservoir Storage Bulletin (14.01.2016cwcbull.pdf),https://cwc.gov.in/sites/default/files/14.01.2016cwcbull.pdf,2016-01-14,*3 THEIN                     269.14                             0.488 14-01-2016     21           35         39 348 600 | 146.3
2019-02-14,Bhakra,1633.76,,,,CWC Weekly Reservoir Storage Bulletin (14.02.2019cwcbull_1.pdf),https://cwc.gov.in/sites/default/files/14.02.2019cwcbull_1.pdf,2019-02-14,*1 GOBIND SAGAR(BHAKRA)              497.97        6.229        3.884 14-02-2019     62           44         44 676 1200 | 280.75  410.64        6.157
2019-02-14,Pong,,,,,CWC Weekly Reservoir Storage Bulletin (14.02.2019cwcbull_1.pdf),https://cwc.gov.in/sites/default/files/14.02.2019cwcbull_1.pdf,2019-02-14,*2 PONG DAM                  359.50                             3.131 14-02-2019     51           32         36         - 360 | PUNJAB                   352.81  517.60        2.344
2019-02-14,Ranjit Sagar,,,,,CWC Weekly Reservoir Storage Bulletin (14.02.2019cwcbull_1.pdf),https://cwc.gov.in/sites/default/files/14.02.2019cwcbull_1.pdf,2019-02-14,*3 THEIN                     269.14                             1.568 14-02-2019     67           20         31 348 600 | 146.3
2019-03-14,Bhakra,1624.74,,,,CWC Weekly Reservoir Storage Bulletin (14.03.2019cwcbull_1.pdf),https://cwc.gov.in/sites/default/files/14.03.2019cwcbull_1.pdf,2019-03-14,*1 GOBIND SAGAR(BHAKRA)              495.22        6.229        3.529 14-03-2019     57           30         32 676 1200 | 280.75  408.80        6.157
2019-03-14,Pong,,,,,CWC Weekly Reservoir Storage Bulletin (14.03.2019cwcbull_1.pdf),https://cwc.gov.in/sites/default/files/14.03.2019cwcbull_1.pdf,2019-03-14,*2 PONG DAM                  359.50                             2.802 14-03-2019     46           19         28         - 360 | PUNJAB                   352.81  520.84        2.344
2019-03-14,Ranjit Sagar,,,,,CWC Weekly Reservoir Storage Bulletin (14.03.2019cwcbull_1.pdf),https://cwc.gov.in/sites/default/files/14.03.2019cwcbull_1.pdf,2019-03-14,*3 THEIN                     269.14                             1.800 14-03-2019     77           20         31 348 600 | 146.3
2015-05-14,Bhakra,1679.99,,,,CWC Weekly Reservoir Storage Bulletin (14.05.2015.pdf),https://cwc.gov.in/sites/default/files/14.05.2015.pdf,2015-05-14,*1 GOBIND SAGAR(BHAKRA)      512.06                             2.507 5/14/2015     40           33         22 676 1200 | 423.67  268.85      1.711
2015-05-14,Pong,,,,,CWC Weekly Reservoir Storage Bulletin (14.05.2015.pdf),https://cwc.gov.in/sites/default/files/14.05.2015.pdf,2015-05-14,*2 PONG DAM                          343.50      0.132          2.208 5/14/2015     36           31         28     - 360 | PUNJAB                           346.19      1.436
2015-05-14,Ranjit Sagar,1731.99,,,,CWC Weekly Reservoir Storage Bulletin (14.05.2015.pdf),https://cwc.gov.in/sites/default/files/14.05.2015.pdf,2015-05-14,*3 THEIN                     527.91  257.82      0.821          1.999 5/14/2015     85           75         45 348 600 | RAJASTHAN                        137.62      0.471
2020-05-14,Bhakra,1679.99,,,,CWC Weekly Reservoir Storage Bulletin (14.05.2020-fb-pdf.pdf),https://cwc.gov.in/sites/default/files/14.05.2020-fb-pdf.pdf,2020-05-14,*1 GOBIND SAGAR(BHAKRA) 512.06  511.60   2.344     1.817 14-05-2020     29       54       27 676 1379
2020-05-14,Pong,1389.99,,,,CWC Weekly Reservoir Storage Bulletin (14.05.2020-fb-pdf.pdf),https://cwc.gov.in/sites/default/files/14.05.2020-fb-pdf.pdf,2020-05-14,*2 PONG DAM(BEAS)     423.67    270.40   1.711     3.283 14-05-2020     53       44       27   0 396 | 346.65   0.132
2020-05-14,Ranjit Sagar,,,,,CWC Weekly Reservoir Storage Bulletin (14.05.2020-fb-pdf.pdf),https://cwc.gov.in/sites/default/files/14.05.2020-fb-pdf.pdf,2020-05-14,*4 THEIN DAM                    260.27   0.821 | 146.97   0.471
2018-06-14,Bhakra,,,,,CWC Weekly Reservoir Storage Bulletin (14.06.2018cwcbull_1.pdf),https://cwc.gov.in/sites/default/files/14.06.2018cwcbull_1.pdf,2018-06-14,GOBIND SAGAR(BHAKRA       37
2018-06-14,Pong,,,,,CWC Weekly Reservoir Storage Bulletin (14.06.2018cwcbull_1.pdf),https://cwc.gov.in/sites/default/files/14.06.2018cwcbull_1.pdf,2018-06-14,SARDAR SAROVAR            0 PONG DAM                         45                                                                           to 80% of normal
2018-06-14,Ranjit Sagar,,,,,CWC Weekly Reservoir Storage Bulletin (14.06.2018cwcbull_1.pdf),https://cwc.gov.in/sites/default/files/14.06.2018cwcbull_1.pdf,2018-06-14,*3 THEIN                     269.14                             0.719 14-06-2018     31           60         46 348 600 | 146.3
2016-07-14,Bhakra,1581.0,,,,CWC Weekly Reservoir Storage Bulletin (14.07.2016cwcbulletin.pdf),https://cwc.gov.in/sites/default/files/14.07.2016cwcbulletin.pdf,2016-07-14,*1 GOBIND SAGAR(BHAKRA)              481.89        6.229        2.064 14-07-2016     33           58         42 676 1200 | 280.75  395.28        6.157
2016-07-14,Pong,,,,,CWC Weekly Reservoir Storage Bulletin (14.07.2016cwcbulletin.pdf),https://cwc.gov.in/sites/default/files/14.07.2016cwcbulletin.pdf,2016-07-14,SALANADI                  23 PONG DAM                        47
2016-07-14,Ranjit Sagar,,,,,CWC Weekly Reservoir Storage Bulletin (14.07.2016cwcbulletin.pdf),https://cwc.gov.in/sites/default/files/14.07.2016cwcbulletin.pdf,2016-07-14,*3 THEIN                     269.14                             0.817 14-07-2016     35           85         51 348 600 | 146.3
2017-09-14,Bhakra,1672.51,,,,CWC Weekly Reservoir Storage Bulletin (14.07.2017cwcbull.pdf),https://cwc.gov.in/sites/default/files/14.07.2017cwcbull.pdf,2017-09-14,*1 GOBIND SAGAR(BHAKRA)              509.78        6.229        5.600 12-09-2017     90        73         86 676 1200 | 280.75  421.49        6.157
2017-09-14,Pong,,,,,CWC Weekly Reservoir Storage Bulletin (14.07.2017cwcbull.pdf),https://cwc.gov.in/sites/default/files/14.07.2017cwcbull.pdf,2017-09-14,*2 PONG DAM                  359.50                             5.396 14-09-2017     88        75         81            - 360 | PUNJAB                   352.81  521.73        2.344
2017-09-14,Ranjit Sagar,,,,,CWC Weekly Reservoir Storage Bulletin (14.07.2017cwcbull.pdf),https://cwc.gov.in/sites/default/files/14.07.2017cwcbull.pdf,2017-09-14,*3 THEIN                     269.14                             1.880 14-09-2017     80        77         66 348 600 | 146.3
2019-08-14,Bhakra,1679.99,,,,CWC Weekly Reservoir Storage Bulletin (14.08.2019-cwc-bull.pdf),https://cwc.gov.in/sites/default/files/14.08.2019-cwc-bull.pdf,2019-08-14,*1 GOBIND SAGAR(BHAKRA)  512.06   509.38  6.229     5.235 14-08-19        84        48       67 676 1200 | 423.67   414.18  6.157     3.679 14-08-19
2019-08-14,Pong,,,,,CWC Weekly Reservoir Storage Bulletin (14.08.2019-cwc-bull.pdf),https://cwc.gov.in/sites/default/files/14.08.2019-cwc-bull.pdf,2019-08-14,*2 PONG DAM                                                               60        52       61       - 360 | PUNJAB             527.91   518.18  2.344     1.599 14-08-19
2019-08-14,Ranjit Sagar,,,,,CWC Weekly Reservoir Storage Bulletin (14.08.2019-cwc-bull.pdf),https://cwc.gov.in/sites/default/files/14.08.2019-cwc-bull.pdf,2019-08-14,*3 THEIN                                                                  68        60       61 348 600
2019-11-14,Bhakra,1679.99,,,,CWC Weekly Reservoir Storage Bulletin (14.11.2019-full-bul.pdf),https://cwc.gov.in/sites/default/files/14.11.2019-full-bul.pdf,2019-11-14,*1 GOBIND SAGAR(BHAKRA) 512.06 505.81  6.229     4.680 14-11-19      75         86       80 676 1379
2019-11-14,Pong,,,,,CWC Weekly Reservoir Storage Bulletin (14.11.2019-full-bul.pdf),https://cwc.gov.in/sites/default/files/14.11.2019-full-bul.pdf,2019-11-14,Pong Dam | 6.16              4.03                                    -8
2019-11-14,Ranjit Sagar,1731.99,,,,CWC Weekly Reservoir Storage Bulletin (14.11.2019-full-bul.pdf),https://cwc.gov.in/sites/default/files/14.11.2019-full-bul.pdf,2019-11-14,*4 THEIN DAM            527.91 521.42  2.344     1.841 14-11-19      79         84       59 348 600
2017-12-14,Bhakra,1647.93,,,,CWC Weekly Reservoir Storage Bulletin (14.12.2017cwcbull.pdf),https://cwc.gov.in/sites/default/files/14.12.2017cwcbull.pdf,2017-12-14,*1 GOBIND SAGAR(BHAKRA)              502.29        6.229        4.477 14-12-2017     72        51         69 676 1200 | 280.75  412.71        6.157
2017-12-14,Pong,,,,,CWC Weekly Reservoir Storage Bulletin (14.12.2017cwcbull.pdf),https://cwc.gov.in/sites/default/files/14.12.2017cwcbull.pdf,2017-12-14,*2 PONG DAM                  359.50                             3.518 14-12-2017     57        50         56            - 360 | PUNJAB                   352.81  507.83        2.344
2017-12-14,Ranjit Sagar,,,,,CWC Weekly Reservoir Storage Bulletin (14.12.2017cwcbull.pdf),https://cwc.gov.in/sites/default/files/14.12.2017cwcbull.pdf,2017-12-14,*3 THEIN                     269.14                             1.013 13-12-2017     43        42         48 348 600 | 146.3
2021-01-14,Bhakra,,,,,CWC Weekly Reservoir Storage Bulletin (14012021-full-bul.pdf),https://cwc.gov.in/sites/default/files/14012021-full-bul.pdf,2021-01-14,Himachal Pradesh  3          GOBIND SAGAR(BHAKRA)       73
2021-01-14,Pong,1389.99,,,,CWC Weekly Reservoir Storage Bulletin (14012021-full-bul.pdf),https://cwc.gov.in/sites/default/files/14012021-full-bul.pdf,2021-01-14,*2 PONG DAM(BEAS)        423.67 408.34   6.157     2.731 14-01-2021      44       68       51       0 396
2021-01-14,Ranjit Sagar,,,,,CWC Weekly Reservoir Storage Bulletin (14012021-full-bul.pdf),https://cwc.gov.in/sites/default/files/14012021-full-bul.pdf,2021-01-14,THEIN DAM                 42                                                                                     60%  70% 80%
2022-07-14,Bhakra,,,,,CWC Weekly Reservoir Storage Bulletin (14072022-full-bul.pdf),https://cwc.gov.in/sites/default/files/14072022-full-bul.pdf,2022-07-14,West Bengal                3   GOBIND SAGAR(BHAKRA)                51 | 2        PONG DAM(BEAS)                  7
2022-07-14,Pong,,,,,CWC Weekly Reservoir Storage Bulletin (14072022-full-bul.pdf),https://cwc.gov.in/sites/default/files/14072022-full-bul.pdf,2022-07-14,2        PONG DAM(BEAS)                  7 | BALIMELA                 55
2022-07-14,Ranjit Sagar,,,,,CWC Weekly Reservoir Storage Bulletin (14072022-full-bul.pdf),https://cwc.gov.in/sites/default/files/14072022-full-bul.pdf,2022-07-14,THEIN DAM                 77 | BISALPUR                 71
2021-10-14,Bhakra,1679.99,,,,CWC Weekly Reservoir Storage Bulletin (14102021-bulletin.pdf),https://cwc.gov.in/sites/default/files/14102021-bulletin.pdf,2021-10-14,*1 GOBIND SAGAR(BHAKRA)  512.06   502.59  6.229     4.220 14-10-2021     68       65       83 676 1379
2021-10-14,Pong,,,,,CWC Weekly Reservoir Storage Bulletin (14102021-bulletin.pdf),https://cwc.gov.in/sites/default/files/14102021-bulletin.pdf,2021-10-14,Himachal Pradesh  3            PONG DAM(BEAS)             66
2021-10-14,Ranjit Sagar,,,,,CWC Weekly Reservoir Storage Bulletin (14102021-bulletin.pdf),https://cwc.gov.in/sites/default/files/14102021-bulletin.pdf,2021-10-14,Punjab            1            THEIN DAM                  66
2023-12-14,Bhakra,1679.99,,,,CWC Weekly Reservoir Storage Bulletin (14122023-fb.pdf),https://cwc.gov.in/sites/default/files/14122023-fb.pdf,2023-12-14,1 GOBIND SAGAR(BHAKRA)   512.06 500.49    6.229     3.919 14-12-2023     63       69             67 676 1379
2023-12-14,Pong,1389.99,,,,CWC Weekly Reservoir Storage Bulletin (14122023-fb.pdf),https://cwc.gov.in/sites/default/files/14122023-fb.pdf,2023-12-14,*2 PONG DAM(BEAS)        423.67 416.79    6.157     4.215 14-12-2023     68       68             62       0 396
2023-12-14,Ranjit Sagar,,,,,CWC Weekly Reservoir Storage Bulletin (14122023-fb.pdf),https://cwc.gov.in/sites/default/files/14122023-fb.pdf,2023-12-14,4 THEIN DAM
2018-02-15,Bhakra,1602.33,,,,CWC Weekly Reservoir Storage Bulletin (15.02.2018cwcbull.pdf),https://cwc.gov.in/sites/default/files/15.02.2018cwcbull.pdf,2018-02-15,*1 GOBIND SAGAR(BHAKRA)              488.39        6.229        2.725 15-02-2018     44           29         42 676 1200 | 280.75  403.74        6.157
2018-02-15,Pong,,,,,CWC Weekly Reservoir Storage Bulletin (15.02.2018cwcbull.pdf),https://cwc.gov.in/sites/default/files/15.02.2018cwcbull.pdf,2018-02-15,*2 PONG DAM                  359.50                             1.970 14-02-2018     32           31         34         - 360 | PUNJAB                   352.81  496.11        2.344
2018-02-15,Ranjit Sagar,,,,,CWC Weekly Reservoir Storage Bulletin (15.02.2018cwcbull.pdf),https://cwc.gov.in/sites/default/files/15.02.2018cwcbull.pdf,2018-02-15,*3 THEIN                     269.14                             0.469 15-02-2018     20           36         31 348 600 | 146.3
2018-03-15,Bhakra,1571.33,,,,CWC Weekly Reservoir Storage Bulletin (15.03.2018cwcbull.pdf),https://cwc.gov.in/sites/default/files/15.03.2018cwcbull.pdf,2018-03-15,*1 GOBIND SAGAR(BHAKRA)              478.94        6.229        1.814 15-03-2018     29           18         30 676 1200 | 280.75  397.43        6.157
2018-03-15,Pong,,,,,CWC Weekly Reservoir Storage Bulletin (15.03.2018cwcbull.pdf),https://cwc.gov.in/sites/default/files/15.03.2018cwcbull.pdf,2018-03-15,*2 PONG DAM                  359.50                             1.122 15-03-2018     18           19         27         - 360 | PUNJAB                   352.81  495.71        2.344
2018-03-15,Ranjit Sagar,,,,,CWC Weekly Reservoir Storage Bulletin (15.03.2018cwcbull.pdf),https://cwc.gov.in/sites/default/files/15.03.2018cwcbull.pdf,2018-03-15,*3 THEIN                     269.14                             0.450 15-03-2018     19           37         31 348 600 | 146.3
2017-06-15,Bhakra,1566.86,,,,CWC Weekly Reservoir Storage Bulletin (15.06.2017cwcbull.pdf),https://cwc.gov.in/sites/default/files/15.06.2017cwcbull.pdf,2017-06-15,*1 GOBIND SAGAR(BHAKRA)              477.58        6.229        1.700 15-06-2017     27           30         26 676 1200 | 280.75  393.63        6.157
2017-06-15,Pong,,,,,CWC Weekly Reservoir Storage Bulletin (15.06.2017cwcbull.pdf),https://cwc.gov.in/sites/default/files/15.06.2017cwcbull.pdf,2017-06-15,*2 PONG DAM                  359.50                             0.717 13-06-2017     12           5          22         - 360 | PUNJAB                   352.81  514.73        2.344
2017-06-15,Ranjit Sagar,,,,,CWC Weekly Reservoir Storage Bulletin (15.06.2017cwcbull.pdf),https://cwc.gov.in/sites/default/files/15.06.2017cwcbull.pdf,2017-06-15,*3 THEIN                     269.14                             1.416 15-06-2017     60           38         46 348 600 | 146.3
2016-09-15,Bhakra,1650.75,,,,CWC Weekly Reservoir Storage Bulletin (15.09.2016cwcbulletin.pdf),https://cwc.gov.in/sites/default/files/15.09.2016cwcbulletin.pdf,2016-09-15,*1 GOBIND SAGAR(BHAKRA)              503.15        6.229        4.601 15-09-2016     74           94         89 676 1200 | 280.75  417.94        6.157
2016-09-15,Pong,,,,,CWC Weekly Reservoir Storage Bulletin (15.09.2016cwcbulletin.pdf),https://cwc.gov.in/sites/default/files/15.09.2016cwcbulletin.pdf,2016-09-15,*2 PONG DAM                  359.50                             4.592 11-09-2016     75           90         82         - 360 | PUNJAB                   352.81  520.79        2.344
2016-09-15,Ranjit Sagar,,,,,CWC Weekly Reservoir Storage Bulletin (15.09.2016cwcbulletin.pdf),https://cwc.gov.in/sites/default/files/15.09.2016cwcbulletin.pdf,2016-09-15,*3 THEIN                     269.14                             1.800 15-09-2016     77           55         65 348 600 | 146.3
2020-10-15,Bhakra,,,,,CWC Weekly Reservoir Storage Bulletin (15.10.2020-fb-pdf.pdf),https://cwc.gov.in/sites/default/files/15.10.2020-fb-pdf.pdf,2020-10-15,Himachal Pradesh  3          GOBIND SAGAR(BHAKRA)            76
2020-10-15,Pong,,,,,CWC Weekly Reservoir Storage Bulletin (15.10.2020-fb-pdf.pdf),https://cwc.gov.in/sites/default/files/15.10.2020-fb-pdf.pdf,2020-10-15,Pong Dam | 6.16              4.26  -18
2020-10-15,Ranjit Sagar,,,,,CWC Weekly Reservoir Storage Bulletin (15.10.2020-fb-pdf.pdf),https://cwc.gov.in/sites/default/files/15.10.2020-fb-pdf.pdf,2020-10-15,Punjab            1          THEIN DAM                       74
2018-11-15,Bhakra,1666.96,,,,CWC Weekly Reservoir Storage Bulletin (15.11.2018cwcbull_1.pdf),https://cwc.gov.in/sites/default/files/15.11.2018cwcbull_1.pdf,2018-11-15,*1 GOBIND SAGAR(BHAKRA)              508.09        6.229        5.337 15-11-2018     86           80         80 676 1200 | 280.75  421.11        6.157        5.304 12-11-2018
2018-11-15,Pong,,,,,CWC Weekly Reservoir Storage Bulletin (15.11.2018cwcbull_1.pdf),https://cwc.gov.in/sites/default/files/15.11.2018cwcbull_1.pdf,2018-11-15,*2 PONG DAM                  359.50                                                  86           68         71         - 360 | PUNJAB                   352.81  522.89        2.344        1.959 15-11-2018
2018-11-15,Ranjit Sagar,,,,,CWC Weekly Reservoir Storage Bulletin (15.11.2018cwcbull_1.pdf),https://cwc.gov.in/sites/default/files/15.11.2018cwcbull_1.pdf,2018-11-15,*3 THEIN                     269.14                             1.697 15-11-2018     84           51         56 348 600 | 146.3                             0.126 15-11-2018
2016-12-15,Bhakra,1614.3,,,,CWC Weekly Reservoir Storage Bulletin (15.12.2016cwcbull.pdf),https://cwc.gov.in/sites/default/files/15.12.2016cwcbull.pdf,2016-12-15,*1 GOBIND SAGAR(BHAKRA)              492.04        6.229        3.143 15-12-2016     50           76         71 676 1200 | 280.75  410.29        6.157
2016-12-15,Pong,,,,,CWC Weekly Reservoir Storage Bulletin (15.12.2016cwcbull.pdf),https://cwc.gov.in/sites/default/files/15.12.2016cwcbull.pdf,2016-12-15,*2 PONG DAM                  359.50                             3.067 14-12-2016     50           61         58         - 360 | PUNJAB                   352.81  507.32        2.344
2016-12-15,Ranjit Sagar,,,,,CWC Weekly Reservoir Storage Bulletin (15.12.2016cwcbull.pdf),https://cwc.gov.in/sites/default/files/15.12.2016cwcbull.pdf,2016-12-15,*3 THEIN                     269.14                             0.988 15-12-2016     42           33         50 348 600 | 146.3
2024-02-15,Bhakra,1679.99,,,,CWC Weekly Reservoir Storage Bulletin (15022024-fb.pdf),https://cwc.gov.in/sites/default/files/15022024-fb.pdf,2024-02-15,1 GOBIND SAGAR(BHAKRA)   512.06 488.82    6.229     2.498 15-02-2024  40      44                 43 676 1379
2024-02-15,Pong,,,,,CWC Weekly Reservoir Storage Bulletin (15022024-fb.pdf),https://cwc.gov.in/sites/default/files/15022024-fb.pdf,2024-02-15,Pong Dam              6.16              2.75  13
2024-02-15,Ranjit Sagar,,,,,CWC Weekly Reservoir Storage Bulletin (15022024-fb.pdf),https://cwc.gov.in/sites/default/files/15022024-fb.pdf,2024-02-15,Punjab                15            -54             Thein                 2.34              0.67  -15
2021-04-15,Bhakra,,,,,CWC Weekly Reservoir Storage Bulletin (15042021-fb.pdf),https://cwc.gov.in/sites/default/files/15042021-fb.pdf,2021-04-15,GOBIND SAGAR(BHAKRA) 42
2021-04-15,Pong,,,,,CWC Weekly Reservoir Storage Bulletin (15042021-fb.pdf),https://cwc.gov.in/sites/default/files/15042021-fb.pdf,2021-04-15,PONG DAM(BEAS)            46
2021-04-15,Ranjit Sagar,,,,,CWC Weekly Reservoir Storage Bulletin (15042021-fb.pdf),https://cwc.gov.in/sites/default/files/15042021-fb.pdf,2021-04-15,Punjab            1            THEIN DAM             58
2023-06-15,Bhakra,1679.99,,,,CWC Weekly Reservoir Storage Bulletin (15062023-fb.pdf),https://cwc.gov.in/sites/default/files/15062023-fb.pdf,2023-06-15,1 GOBIND SAGAR(BHAKRA)   512.06 479.87   6.229     1.664 15-06-2023      27         24       28 676 1379
2023-06-15,Pong,,,,,CWC Weekly Reservoir Storage Bulletin (15062023-fb.pdf),https://cwc.gov.in/sites/default/files/15062023-fb.pdf,2023-06-15,Pong Dam               6.16        2.25  -5
2023-06-15,Ranjit Sagar,,,,,CWC Weekly Reservoir Storage Bulletin (15062023-fb.pdf),https://cwc.gov.in/sites/default/files/15062023-fb.pdf,2023-06-15,4 THEIN DAM
2021-07-15,Bhakra,,,,,CWC Weekly Reservoir Storage Bulletin (15072021-bulletin.pdf),https://cwc.gov.in/sites/default/files/15072021-bulletin.pdf,2021-07-15,GOBIND SAGAR(BHAKRA) 50
2021-07-15,Pong,,,,,CWC Weekly Reservoir Storage Bulletin (15072021-bulletin.pdf),https://cwc.gov.in/sites/default/files/15072021-bulletin.pdf,2021-07-15,PONG DAM(BEAS)            41
2021-07-15,Ranjit Sagar,,,,,CWC Weekly Reservoir Storage Bulletin (15072021-bulletin.pdf),https://cwc.gov.in/sites/default/files/15072021-bulletin.pdf,2021-07-15,THEIN DAM                 50
2022-09-15,Bhakra,1679.99,,,,CWC Weekly Reservoir Storage Bulletin (15092022-pdf.pdf),https://cwc.gov.in/sites/default/files/15092022-pdf.pdf,2022-09-15,*1 GOBIND SAGAR(BHAKRA)   512.06   508.44       6.229     5.105 15-09-2022     82       61        82 676 1379
2022-09-15,Pong,1389.99,,,,CWC Weekly Reservoir Storage Bulletin (15092022-pdf.pdf),https://cwc.gov.in/sites/default/files/15092022-pdf.pdf,2022-09-15,*2 PONG DAM(BEAS)         423.67   421.84       6.157     5.153 15-09-2022     84       52        81  0 396
2022-09-15,Ranjit Sagar,,,,,CWC Weekly Reservoir Storage Bulletin (15092022-pdf.pdf),https://cwc.gov.in/sites/default/files/15092022-pdf.pdf,2022-09-15,Punjab                325                -21        Thein                2.34       1.88  50
2022-12-15,Bhakra,,,,,CWC Weekly Reservoir Storage Bulletin (15122022.pdf),https://cwc.gov.in/sites/default/files/15122022.pdf,2022-12-15,*1 GOBIND SAGAR(BHAKRA)
2022-12-15,Pong,,,,,CWC Weekly Reservoir Storage Bulletin (15122022.pdf),https://cwc.gov.in/sites/default/files/15122022.pdf,2022-12-15,West Rajasthan        4                  -69        Pong Dam        6.16              4.21  5
2022-12-15,Ranjit Sagar,,,,,CWC Weekly Reservoir Storage Bulletin (15122022.pdf),https://cwc.gov.in/sites/default/files/15122022.pdf,2022-12-15,Punjab                11                 -35        Thein           2.34              1.66  50
2020-01-16,Bhakra,,,,,CWC Weekly Reservoir Storage Bulletin (16.01.2020-fb-pdf.pdf),https://cwc.gov.in/sites/default/files/16.01.2020-fb-pdf.pdf,2020-01-16,*1 GOBIND SAGAR(BHAKRA) | *2 PONG DAM(BEAS)        423.67  416.77       6.157     4.210 16-01-2020     68       59        45  0 396
2020-01-16,Pong,1389.99,,,,CWC Weekly Reservoir Storage Bulletin (16.01.2020-fb-pdf.pdf),https://cwc.gov.in/sites/default/files/16.01.2020-fb-pdf.pdf,2020-01-16,*2 PONG DAM(BEAS)        423.67  416.77       6.157     4.210 16-01-2020     68       59        45  0 396 | *3 KOL DAM
2020-01-16,Ranjit Sagar,1731.99,,,,CWC Weekly Reservoir Storage Bulletin (16.01.2020-fb-pdf.pdf),https://cwc.gov.in/sites/default/files/16.01.2020-fb-pdf.pdf,2020-01-16,*4 THEIN DAM             527.91  514.35       2.344     1.416 16-01-2020     60       60        40 348 600
2017-02-16,Bhakra,1570.34,,,,CWC Weekly Reservoir Storage Bulletin (16.02.2017cwcbull.pdf),https://cwc.gov.in/sites/default/files/16.02.2017cwcbull.pdf,2017-02-16,*1 GOBIND SAGAR(BHAKRA)              478.64        6.229        1.788 15-02-2017     29           50         44 676 1200 | 280.75  402.78        6.157
2017-02-16,Pong,,,,,CWC Weekly Reservoir Storage Bulletin (16.02.2017cwcbull.pdf),https://cwc.gov.in/sites/default/files/16.02.2017cwcbull.pdf,2017-02-16,*2 PONG DAM                  359.50                             1.825 16-02-2017     30           27         36         - 360 | PUNJAB                   352.81  504.40        2.344
2017-02-16,Ranjit Sagar,,,,,CWC Weekly Reservoir Storage Bulletin (16.02.2017cwcbull.pdf),https://cwc.gov.in/sites/default/files/16.02.2017cwcbull.pdf,2017-02-16,*3 THEIN                     269.14                             0.842 16-02-2017     36           20         30 348 600 | 146.3
2015-04-16,Bhakra,1679.99,,,,CWC Weekly Reservoir Storage Bulletin (16.04.2015.pdf),https://cwc.gov.in/sites/default/files/16.04.2015.pdf,2015-04-16,*1 GOBIND SAGAR(BHAKRA)      512.06                             2.057 4/15/2015          33           34         25 676 1200 | 423.67  269.15      1.711
2015-04-16,Pong,,,,,CWC Weekly Reservoir Storage Bulletin (16.04.2015.pdf),https://cwc.gov.in/sites/default/files/16.04.2015.pdf,2015-04-16,*2 PONG DAM                          343.75      0.132          2.004 4/16/2015          33           28         31     - 360 | PUNJAB                           346.50      1.436
2015-04-16,Ranjit Sagar,1731.99,,,,CWC Weekly Reservoir Storage Bulletin (16.04.2015.pdf),https://cwc.gov.in/sites/default/files/16.04.2015.pdf,2015-04-16,*3 THEIN                     527.91  257.92      0.821          1.507 4/16/2015          64           62         38 348 600 | RAJASTHAN                        139.36      0.471
2020-04-16,Bhakra,1679.99,,,,CWC Weekly Reservoir Storage Bulletin (16.04.2020-fb.pdf.pdf),https://cwc.gov.in/sites/default/files/16.04.2020-fb.pdf.pdf,2020-04-16,*1 GOBIND SAGAR(BHAKRA) 512.06 485.64  6.229     2.178 16-04-2020     35       54       28 676 1379
2020-04-16,Pong,1389.99,,,,CWC Weekly Reservoir Storage Bulletin (16.04.2020-fb.pdf.pdf),https://cwc.gov.in/sites/default/files/16.04.2020-fb.pdf.pdf,2020-04-16,*2 PONG DAM(BEAS)      423.67 414.58   6.157     3.755 16-04-2020     61       46       27   0 396
2020-04-16,Ranjit Sagar,,,,,CWC Weekly Reservoir Storage Bulletin (16.04.2020-fb.pdf.pdf),https://cwc.gov.in/sites/default/files/16.04.2020-fb.pdf.pdf,2020-04-16,*4 THEIN DAM
2019-05-16,Bhakra,1619.46,,,,CWC Weekly Reservoir Storage Bulletin (16.05.2019cwcbull_1.pdf),https://cwc.gov.in/sites/default/files/16.05.2019cwcbull_1.pdf,2019-05-16,*1 GOBIND SAGAR(BHAKRA)              493.61        6.229        3.323 16-05-2019     53           10         22 676 1200 | 280.75  408.09        6.157
2019-05-16,Pong,,,,,CWC Weekly Reservoir Storage Bulletin (16.05.2019cwcbull_1.pdf),https://cwc.gov.in/sites/default/files/16.05.2019cwcbull_1.pdf,2019-05-16,*2 PONG DAM                  359.50                             2.676 16-05-2019     43           11         23         - 360 | PUNJAB                   352.81  520.06        2.344
2019-05-16,Ranjit Sagar,,,,,CWC Weekly Reservoir Storage Bulletin (16.05.2019cwcbull_1.pdf),https://cwc.gov.in/sites/default/files/16.05.2019cwcbull_1.pdf,2019-05-16,*3 THEIN                     269.14                             1.721 16-05-2019     73           26         41 348 600 | 146.3
2016-06-16,Bhakra,1573.1,,,,CWC Weekly Reservoir Storage Bulletin (16.06.2016fullbulletin.pdf),https://cwc.gov.in/sites/default/files/16.06.2016fullbulletin.pdf,2016-06-16,*1 GOBIND SAGAR(BHAKRA)              479.48        6.229        1.859 14-06-2016     30           42         27 676 1200 | 280.75  389.14        6.157
2016-06-16,Pong,,,,,CWC Weekly Reservoir Storage Bulletin (16.06.2016fullbulletin.pdf),https://cwc.gov.in/sites/default/files/16.06.2016fullbulletin.pdf,2016-06-16,KABINI                    0 PONG DAM                         21 MALAMPUZHA             32                                                                  2        3       5 | DUDHGANGA                 0 KARJAN                           22 PERIYAR
2016-06-16,Ranjit Sagar,,,,,CWC Weekly Reservoir Storage Bulletin (16.06.2016fullbulletin.pdf),https://cwc.gov.in/sites/default/files/16.06.2016fullbulletin.pdf,2016-06-16,*3 THEIN                     269.14                             0.892 14-06-2016     38           80         49 348 600 | 146.3
2015-07-16,Bhakra,,,,,CWC Weekly Reservoir Storage Bulletin (16.07.2015resv.bull.pdf),https://cwc.gov.in/sites/default/files/16.07.2015resv.bull.pdf,2015-07-16,*1 GOBIND SAGAR(BHAKRA)                            6.229           3.586 16-07-2015     58           55         44 676 1200 | 280.75  269.70
2015-07-16,Pong,,,,,CWC Weekly Reservoir Storage Bulletin (16.07.2015resv.bull.pdf),https://cwc.gov.in/sites/default/files/16.07.2015resv.bull.pdf,2015-07-16,*2 PONG DAM                  359.50  343.15        6.157           2.752 15-07-2015     45           25         31         - 360 | PUNJAB                   352.81  346.33
2015-07-16,Ranjit Sagar,,,,,CWC Weekly Reservoir Storage Bulletin (16.07.2015resv.bull.pdf),https://cwc.gov.in/sites/default/files/16.07.2015resv.bull.pdf,2015-07-16,*3 THEIN                     269.14  256.84        2.344           1.999 14-07-2015     85           72         50 348 600 | 146.3  141.17
2020-07-16,Bhakra,1679.99,,,,CWC Weekly Reservoir Storage Bulletin (16.07.2020-full-bull.pdf),https://cwc.gov.in/sites/default/files/16.07.2020-full-bull.pdf,2020-07-16,*1 GOBIND SAGAR(BHAKRA)  512.06  487.59       6.229     2.362 16-07-2020     38       52        41 676 1379
2020-07-16,Pong,,,,,CWC Weekly Reservoir Storage Bulletin (16.07.2020-full-bull.pdf),https://cwc.gov.in/sites/default/files/16.07.2020-full-bull.pdf,2020-07-16,Himachal Pradesh                    119  -22           Pong Dam        6.16            2.36  35
2020-07-16,Ranjit Sagar,,,,,CWC Weekly Reservoir Storage Bulletin (16.07.2020-full-bull.pdf),https://cwc.gov.in/sites/default/files/16.07.2020-full-bull.pdf,2020-07-16,Jammu & Kashmir                     60   -44           Thein           2.34            1.17  5
2017-11-16,Bhakra,1659.68,,,,CWC Weekly Reservoir Storage Bulletin (16.11.2017cwcbull.pdf),https://cwc.gov.in/sites/default/files/16.11.2017cwcbull.pdf,2017-11-16,*1 GOBIND SAGAR(BHAKRA)              505.87        6.229        4.991 16-11-2017     80        61         78 676 1200 | 280.75  415.69        6.157
2017-11-16,Pong,,,,,CWC Weekly Reservoir Storage Bulletin (16.11.2017cwcbull.pdf),https://cwc.gov.in/sites/default/files/16.11.2017cwcbull.pdf,2017-11-16,*2 PONG DAM                  359.50                             4.114 16-11-2017     67        58         66            - 360 | PUNJAB                   352.81  511.38        2.344
2017-11-16,Ranjit Sagar,,,,,CWC Weekly Reservoir Storage Bulletin (16.11.2017cwcbull.pdf),https://cwc.gov.in/sites/default/files/16.11.2017cwcbull.pdf,2017-11-16,*3 THEIN                     269.14                             1.192 16-11-2017     51        51         55 348 600 | 146.3
2023-02-16,Bhakra,1679.99,,,,CWC Weekly Reservoir Storage Bulletin (16022023-bulletin.pdf),https://cwc.gov.in/sites/default/files/16022023-bulletin.pdf,2023-02-16,1 GOBIND SAGAR(BHAKRA)    512.06  490.62       6.229     2.700 16-02-2023     43       38        44 676 1379
2023-02-16,Pong,,,,,CWC Weekly Reservoir Storage Bulletin (16022023-bulletin.pdf),https://cwc.gov.in/sites/default/files/16022023-bulletin.pdf,2023-02-16,Pong Dam | Thein                0.16          0.04  99
2023-02-16,Ranjit Sagar,,,,,CWC Weekly Reservoir Storage Bulletin (16022023-bulletin.pdf),https://cwc.gov.in/sites/default/files/16022023-bulletin.pdf,2023-02-16,Thein                0.16          0.04  99 | Gobind Sagar
2023-03-16,Bhakra,1679.99,,,,CWC Weekly Reservoir Storage Bulletin (16032023-fb-pdf.pdf),https://cwc.gov.in/sites/default/files/16032023-fb-pdf.pdf,2023-03-16,1 GOBIND SAGAR(BHAKRA)   512.06 483.45   6.229     1.971 16-03-2023      32       28       33 676 1379
2023-03-16,Pong,,,,,CWC Weekly Reservoir Storage Bulletin (16032023-fb-pdf.pdf),https://cwc.gov.in/sites/default/files/16032023-fb-pdf.pdf,2023-03-16,Pong Dam         6.16              2.21  -4
2023-03-16,Ranjit Sagar,,,,,CWC Weekly Reservoir Storage Bulletin (16032023-fb-pdf.pdf),https://cwc.gov.in/sites/default/files/16032023-fb-pdf.pdf,2023-03-16,Punjab               2           -84           Thein            2.34              1.11  50
2024-05-16,Bhakra,1679.99,,,,CWC Weekly Reservoir Storage Bulletin (16052024-fb.pdf),https://cwc.gov.in/sites/default/files/16052024-fb.pdf,2024-05-16,1 GOBIND SAGAR(BHAKRA)   512.06 476.10    6.229     1.378 16-05-2024   22      21                25 676 1379
2024-05-16,Pong,,,,,CWC Weekly Reservoir Storage Bulletin (16052024-fb.pdf),https://cwc.gov.in/sites/default/files/16052024-fb.pdf,2024-05-16,Pong Dam        6.16              1.66  -2
2024-05-16,Ranjit Sagar,,,,,CWC Weekly Reservoir Storage Bulletin (16052024-fb.pdf),https://cwc.gov.in/sites/default/files/16052024-fb.pdf,2024-05-16,THEIN DAM             73
2021-09-16,Bhakra,,,,,CWC Weekly Reservoir Storage Bulletin (16092021fb-pdf.pdf),https://cwc.gov.in/sites/default/files/16092021fb-pdf.pdf,2021-09-16,GOBIND SAGAR(BHAKRA)    71
2021-09-16,Pong,,,,,CWC Weekly Reservoir Storage Bulletin (16092021fb-pdf.pdf),https://cwc.gov.in/sites/default/files/16092021fb-pdf.pdf,2021-09-16,Himachal Pradesh  3            PONG DAM(BEAS)          61
2021-09-16,Ranjit Sagar,,,,,CWC Weekly Reservoir Storage Bulletin (16092021fb-pdf.pdf),https://cwc.gov.in/sites/default/files/16092021fb-pdf.pdf,2021-09-16,Punjab            1            THEIN DAM               56
2021-12-16,Bhakra,,,,,CWC Weekly Reservoir Storage Bulletin (16122021fb.pdf),https://cwc.gov.in/sites/default/files/16122021fb.pdf,2021-12-16,Himachal Pradesh  3            GOBIND SAGAR(BHAKRA)       76
2021-12-16,Pong,,,,,CWC Weekly Reservoir Storage Bulletin (16122021fb.pdf),https://cwc.gov.in/sites/default/files/16122021fb.pdf,2021-12-16,PONG DAM(BEAS)             76
2021-12-16,Ranjit Sagar,,,,,CWC Weekly Reservoir Storage Bulletin (16122021fb.pdf),https://cwc.gov.in/sites/default/files/16122021fb.pdf,2021-12-16,Punjab            1            THEIN DAM                  78
2019-01-17,Bhakra,1647.67,,,,CWC Weekly Reservoir Storage Bulletin (17.01.2019cwcbull_1.pdf),https://cwc.gov.in/sites/default/files/17.01.2019cwcbull_1.pdf,2019-01-17,*1 GOBIND SAGAR(BHAKRA)              502.21        6.229        4.466 17-01-2019     72           56         56 676 1200 | 280.75  413.34        6.157
2019-01-17,Pong,,,,,CWC Weekly Reservoir Storage Bulletin (17.01.2019cwcbull_1.pdf),https://cwc.gov.in/sites/default/files/17.01.2019cwcbull_1.pdf,2019-01-17,*2 PONG DAM                  359.50                             3.640 17-01-2019     59           43         45         - 360 | PUNJAB                   352.81  514.76        2.344
2019-01-17,Ranjit Sagar,,,,,CWC Weekly Reservoir Storage Bulletin (17.01.2019cwcbull_1.pdf),https://cwc.gov.in/sites/default/files/17.01.2019cwcbull_1.pdf,2019-01-17,*3 THEIN                     269.14                             1.416 17-01-2019     60           28         36 348 600 | 146.3
2022-02-17,Bhakra,1679.99,,,,CWC Weekly Reservoir Storage Bulletin (17.02.2022-bulletin-pdf.pdf),https://cwc.gov.in/sites/default/files/17.02.2022-bulletin-pdf.pdf,2022-02-17,*1 GOBIND SAGAR(BHAKRA)   512.06  487.73       6.229     2.376 17-02-2022     38       28        43 676 1379
2022-02-17,Pong,1389.99,,,,CWC Weekly Reservoir Storage Bulletin (17.02.2022-bulletin-pdf.pdf),https://cwc.gov.in/sites/default/files/17.02.2022-bulletin-pdf.pdf,2022-02-17,*2 PONG DAM(BEAS)         423.67  407.23       6.157     2.424 17-02-2022     39       30        37  0 396
2022-02-17,Ranjit Sagar,,,,,CWC Weekly Reservoir Storage Bulletin (17.02.2022-bulletin-pdf.pdf),https://cwc.gov.in/sites/default/files/17.02.2022-bulletin-pdf.pdf,2022-02-17,*4 THEIN DAM
2016-03-17,Bhakra,1583.01,,,,CWC Weekly Reservoir Storage Bulletin (17.03.2016cwcbull.pdf),https://cwc.gov.in/sites/default/files/17.03.2016cwcbull.pdf,2016-03-17,*1 GOBIND SAGAR(BHAKRA)              482.50        6.229        2.126 17-03-2016     34           32         33 676 1200 | 280.75  397.22        6.157
2016-03-17,Pong,,,,,CWC Weekly Reservoir Storage Bulletin (17.03.2016cwcbull.pdf),https://cwc.gov.in/sites/default/files/17.03.2016cwcbull.pdf,2016-03-17,*2 PONG DAM                  359.50                             1.097 17-03-2016     18           27         32         - 360 | PUNJAB                   352.81  498.01        2.344
2016-03-17,Ranjit Sagar,,,,,CWC Weekly Reservoir Storage Bulletin (17.03.2016cwcbull.pdf),https://cwc.gov.in/sites/default/files/17.03.2016cwcbull.pdf,2016-03-17,*3 THEIN                     269.14                             0.545 16-03-2016     23           38         31 348 600 | 146.3
2018-05-17,Bhakra,,,,,CWC Weekly Reservoir Storage Bulletin (17.05.2018_0.pdf),https://cwc.gov.in/sites/default/files/17.05.2018_0.pdf,2018-05-17,GOBIND SAGAR(BHAKRA       42
2018-05-17,Pong,,,,,CWC Weekly Reservoir Storage Bulletin (17.05.2018_0.pdf),https://cwc.gov.in/sites/default/files/17.05.2018_0.pdf,2018-05-17,ISAPUR                    0 PONG DAM                         47                                                                           to to to
2018-05-17,Ranjit Sagar,,,,,CWC Weekly Reservoir Storage Bulletin (17.05.2018_0.pdf),https://cwc.gov.in/sites/default/files/17.05.2018_0.pdf,2018-05-17,*3 THEIN                     269.14                             0.603 16-05-2018     26           58         42 348 600 | 146.3
2017-08-17,Bhakra,1659.25,,,,CWC Weekly Reservoir Storage Bulletin (17.08.2017cwc.pdf),https://cwc.gov.in/sites/default/files/17.08.2017cwc.pdf,2017-08-17,*1 GOBIND SAGAR(BHAKRA)              505.74        6.229        4.972 17-08-2017     80        60         73 676 1200 | 280.75  419.98        6.157
2017-08-17,Pong,,,,,CWC Weekly Reservoir Storage Bulletin (17.08.2017cwc.pdf),https://cwc.gov.in/sites/default/files/17.08.2017cwc.pdf,2017-08-17,*2 PONG DAM                  359.50                             5.047 17-08-2017     82        63         66            - 360 | PUNJAB                   352.81  522.49        2.344
2017-08-17,Ranjit Sagar,,,,,CWC Weekly Reservoir Storage Bulletin (17.08.2017cwc.pdf),https://cwc.gov.in/sites/default/files/17.08.2017cwc.pdf,2017-08-17,*3 THEIN                     269.14                             1.919 17-08-2017     82        68         61 348 600 | 146.3
2019-10-17,Bhakra,1679.99,,,,CWC Weekly Reservoir Storage Bulletin (17.10.2019-fb-pdf.pdf),https://cwc.gov.in/sites/default/files/17.10.2019-fb-pdf.pdf,2019-10-17,*1 GOBIND SAGAR(BHAKRA) 512.06 508.90  6.229     5.160 17-10-2019     83        83       83 676 1379
2019-10-17,Pong,1389.99,,,,CWC Weekly Reservoir Storage Bulletin (17.10.2019-fb-pdf.pdf),https://cwc.gov.in/sites/default/files/17.10.2019-fb-pdf.pdf,2019-10-17,*2 PONG DAM(BEAS)       423.67 421.84  6.157     5.338 17-10-2019     87        95       81   0 396
2019-10-17,Ranjit Sagar,1731.99,,,,CWC Weekly Reservoir Storage Bulletin (17.10.2019-fb-pdf.pdf),https://cwc.gov.in/sites/default/files/17.10.2019-fb-pdf.pdf,2019-10-17,*4 THEIN DAM            527.91 523.17  2.344     1.999 17-10-2019     85        95       66 348 600 | RAJASTHAN
2016-11-17,Bhakra,1631.17,,,,CWC Weekly Reservoir Storage Bulletin (17.11.2016cwcbull.pdf),https://cwc.gov.in/sites/default/files/17.11.2016cwcbull.pdf,2016-11-17,*1 GOBIND SAGAR(BHAKRA)              497.18        6.229        3.782 15-11-2016     61        86         81 676 1200 | 280.75  412.87        6.157
2016-11-17,Pong,,,,,CWC Weekly Reservoir Storage Bulletin (17.11.2016cwcbull.pdf),https://cwc.gov.in/sites/default/files/17.11.2016cwcbull.pdf,2016-11-17,*2 PONG DAM                  359.50                             3.550 17-11-2016     58        72         68            - 360 | PUNJAB                   352.81  511.37        2.344
2016-11-17,Ranjit Sagar,,,,,CWC Weekly Reservoir Storage Bulletin (17.11.2016cwcbull.pdf),https://cwc.gov.in/sites/default/files/17.11.2016cwcbull.pdf,2016-11-17,*3 THEIN                     269.14                             1.195 16-11-2016     51        43         57 348 600 | 146.3
2015-12-17,Bhakra,1653.67,,,,CWC Weekly Reservoir Storage Bulletin (17.12.2015cwcbull.pdf),https://cwc.gov.in/sites/default/files/17.12.2015cwcbull.pdf,2015-12-17,*1 GOBIND SAGAR(BHAKRA)              504.04        6.229        4.729 16-12-2015     76           67         70 676 1200 | 280.75  413.39        6.157
2015-12-17,Pong,,,,,CWC Weekly Reservoir Storage Bulletin (17.12.2015cwcbull.pdf),https://cwc.gov.in/sites/default/files/17.12.2015cwcbull.pdf,2015-12-17,*2 PONG DAM                  359.50                             3.650 17-12-2015     59           43         56         - 360 | PUNJAB                   352.81  502.46        2.344
2015-12-17,Ranjit Sagar,,,,,CWC Weekly Reservoir Storage Bulletin (17.12.2015cwcbull.pdf),https://cwc.gov.in/sites/default/files/17.12.2015cwcbull.pdf,2015-12-17,*3 THEIN                     269.14  277.10        1.711        0.744 17-12-2015     32           44         50 348 600 | 146.3  353.85        0.132
2022-03-17,Bhakra,1679.99,,,,CWC Weekly Reservoir Storage Bulletin (17032022-bulletin.pdf),https://cwc.gov.in/sites/default/files/17032022-bulletin.pdf,2022-03-17,*1 GOBIND SAGAR(BHAKRA)   512.06  481.04       6.229     1.753 17-03-2022     28       19        33 676 1379
2022-03-17,Pong,,,,,CWC Weekly Reservoir Storage Bulletin (17032022-bulletin.pdf),https://cwc.gov.in/sites/default/files/17032022-bulletin.pdf,2022-03-17,Pong Dam | 0.18              0.08  48
2022-03-17,Ranjit Sagar,,,,,CWC Weekly Reservoir Storage Bulletin (17032022-bulletin.pdf),https://cwc.gov.in/sites/default/files/17032022-bulletin.pdf,2022-03-17,Thein | East Uttar Pradesh    0                                          0.33              0.23  19
2021-06-17,Bhakra,,,,,CWC Weekly Reservoir Storage Bulletin (17062021-bulletin.pdf),https://cwc.gov.in/sites/default/files/17062021-bulletin.pdf,2021-06-17,GOBIND SAGAR(BHAKRA) 40
2021-06-17,Pong,,,,,CWC Weekly Reservoir Storage Bulletin (17062021-bulletin.pdf),https://cwc.gov.in/sites/default/files/17062021-bulletin.pdf,2021-06-17,PONG DAM(BEAS)            38
2021-06-17,Ranjit Sagar,,,,,CWC Weekly Reservoir Storage Bulletin (17062021-bulletin.pdf),https://cwc.gov.in/sites/default/files/17062021-bulletin.pdf,2021-06-17,Punjab            1            THEIN DAM                         78
2023-08-17,Bhakra,1679.99,,,,CWC Weekly Reservoir Storage Bulletin (17082023-fb.pdf),https://cwc.gov.in/sites/default/files/17082023-fb.pdf,2023-08-17,1 GOBIND SAGAR(BHAKRA)   512.06 510.98   6.229     5.486 17-08-2023      88       72          75 676 1379
2023-08-17,Pong,1389.99,,,,CWC Weekly Reservoir Storage Bulletin (17082023-fb.pdf),https://cwc.gov.in/sites/default/files/17082023-fb.pdf,2023-08-17,*2 PONG DAM(BEAS)        423.67 425.59   6.157     6.157 17-08-2023      100      67          70       0 396
2023-08-17,Ranjit Sagar,,,,,CWC Weekly Reservoir Storage Bulletin (17082023-fb.pdf),https://cwc.gov.in/sites/default/files/17082023-fb.pdf,2023-08-17,4 THEIN DAM
2020-09-17,Bhakra,1679.99,,,,CWC Weekly Reservoir Storage Bulletin (17092020-full-bul.pdf),https://cwc.gov.in/sites/default/files/17092020-full-bul.pdf,2020-09-17,*1 GOBIND SAGAR(BHAKRA)  512.06   506.36     6.229     4.764 17-09-2020     76       88        88 676 1379 | 423.67   419.26     6.157
2020-09-17,Pong,,,,,CWC Weekly Reservoir Storage Bulletin (17092020-full-bul.pdf),https://cwc.gov.in/sites/default/files/17092020-full-bul.pdf,2020-09-17,Himachal Pradesh                    563  -22          Pong Dam        6.16            4.75  -11
2020-09-17,Ranjit Sagar,,,,,CWC Weekly Reservoir Storage Bulletin (17092020-full-bul.pdf),https://cwc.gov.in/sites/default/files/17092020-full-bul.pdf,2020-09-17,Jammu & Kashmir                     375  -29          Thein           2.34            1.48  -18
2022-11-17,Bhakra,1679.99,,,,CWC Weekly Reservoir Storage Bulletin (17112022-fb.pdf),https://cwc.gov.in/sites/default/files/17112022-fb.pdf,2022-11-17,*1 GOBIND SAGAR(BHAKRA)   512.06   508.96       6.229     5.317 17-11-2022     85       60        76 676 1379 | 423.67   419.29       6.157
2022-11-17,Pong,,,,,CWC Weekly Reservoir Storage Bulletin (17112022-fb.pdf),https://cwc.gov.in/sites/default/files/17112022-fb.pdf,2022-11-17,West Rajasthan        4                  -64        Pong Dam             6.16         4.68  12
2022-11-17,Ranjit Sagar,,,,,CWC Weekly Reservoir Storage Bulletin (17112022-fb.pdf),https://cwc.gov.in/sites/default/files/17112022-fb.pdf,2022-11-17,*4 THEIN DAM              280.75   359.15       0.132 | 359.50   351.93       1.436
2020-12-17,Bhakra,,,,,CWC Weekly Reservoir Storage Bulletin (17122020-fb-pdf.pdf),https://cwc.gov.in/sites/default/files/17122020-fb-pdf.pdf,2020-12-17,Himachal Pradesh  3          GOBIND SAGAR(BHAKRA)         70
2020-12-17,Pong,,,,,CWC Weekly Reservoir Storage Bulletin (17122020-fb-pdf.pdf),https://cwc.gov.in/sites/default/files/17122020-fb-pdf.pdf,2020-12-17,Pong Dam
2020-12-17,Ranjit Sagar,,,,,CWC Weekly Reservoir Storage Bulletin (17122020-fb-pdf.pdf),https://cwc.gov.in/sites/default/files/17122020-fb-pdf.pdf,2020-12-17,THEIN DAM                 48                                                                                     to 80% of normal
2018-01-18,Bhakra,1623.56,,,,CWC Weekly Reservoir Storage Bulletin (18.01.2018cwc.pdf),https://cwc.gov.in/sites/default/files/18.01.2018cwc.pdf,2018-01-18,*1 GOBIND SAGAR(BHAKRA)              494.86        6.229        3.482 18-01-2018     56           38         55 676 1200 | 280.75  407.69        6.157
2018-01-18,Pong,,,,,CWC Weekly Reservoir Storage Bulletin (18.01.2018cwc.pdf),https://cwc.gov.in/sites/default/files/18.01.2018cwc.pdf,2018-01-18,*2 PONG DAM                  359.50                             2.609 18-01-2018     42           38         42         - 360 | PUNJAB                   352.81  499.98        2.344
2018-01-18,Ranjit Sagar,,,,,CWC Weekly Reservoir Storage Bulletin (18.01.2018cwc.pdf),https://cwc.gov.in/sites/default/files/18.01.2018cwc.pdf,2018-01-18,*3 THEIN                     269.14                             0.621 18-01-2018     26           34         36 348 600 | 146.3
2016-02-18,Bhakra,1611.84,,,,CWC Weekly Reservoir Storage Bulletin (18.02.2016cwcbull.pdf),https://cwc.gov.in/sites/default/files/18.02.2016cwcbull.pdf,2016-02-18,*1 GOBIND SAGAR(BHAKRA)              491.29        6.229        3.058 17-02-2016     49           40         43 676 1200 | 280.75  401.15        6.157
2016-02-18,Pong,,,,,CWC Weekly Reservoir Storage Bulletin (18.02.2016cwcbull.pdf),https://cwc.gov.in/sites/default/files/18.02.2016cwcbull.pdf,2016-02-18,*2 PONG DAM                  359.50                             1.595 18-02-2016     26           22         38         - 360 | PUNJAB                   352.81  495.79        2.344
2016-02-18,Ranjit Sagar,,,,,CWC Weekly Reservoir Storage Bulletin (18.02.2016cwcbull.pdf),https://cwc.gov.in/sites/default/files/18.02.2016cwcbull.pdf,2016-02-18,*3 THEIN                     269.14                             0.469 18-02-2016     20           29         30 348 600 | 146.3
2019-04-18,Bhakra,1621.59,,,,CWC Weekly Reservoir Storage Bulletin (18.04.2019cwcbull_1.pdf),https://cwc.gov.in/sites/default/files/18.04.2019cwcbull_1.pdf,2019-04-18,*1 GOBIND SAGAR(BHAKRA)              494.26        6.229        3.404 18-04-2019     55           19         26 676 1200 | 280.75  409.15        6.157
2019-04-18,Pong,,,,,CWC Weekly Reservoir Storage Bulletin (18.04.2019cwcbull_1.pdf),https://cwc.gov.in/sites/default/files/18.04.2019cwcbull_1.pdf,2019-04-18,*2 PONG DAM                  359.50                             2.866 18-04-2019     47           13         25         - 360 | PUNJAB                   352.81  521.18        2.344
2019-04-18,Ranjit Sagar,,,,,CWC Weekly Reservoir Storage Bulletin (18.04.2019cwcbull_1.pdf),https://cwc.gov.in/sites/default/files/18.04.2019cwcbull_1.pdf,2019-04-18,*3 THEIN                     269.14                             1.800 18-04-2019     77           21         37 348 600 | 146.3
2017-05-18,Bhakra,1536.29,,,,CWC Weekly Reservoir Storage Bulletin (18.05.2017cwcbull.pdf),https://cwc.gov.in/sites/default/files/18.05.2017cwcbull.pdf,2017-05-18,*1 GOBIND SAGAR(BHAKRA)              468.26        6.229        1.050 18-05-2017     17           25         23 676 1200 | 280.75  394.97        6.157
2017-05-18,Pong,,,,,CWC Weekly Reservoir Storage Bulletin (18.05.2017cwcbull.pdf),https://cwc.gov.in/sites/default/files/18.05.2017cwcbull.pdf,2017-05-18,*2 PONG DAM                  359.50                             0.854 18-05-2017     14           10         26         - 360 | PUNJAB                   352.81  514.17        2.344
2017-05-18,Ranjit Sagar,,,,,CWC Weekly Reservoir Storage Bulletin (18.05.2017cwcbull.pdf),https://cwc.gov.in/sites/default/files/18.05.2017cwcbull.pdf,2017-05-18,*3 THEIN                     269.14                             1.360 18-05-2017     58           32         44 348 600 | 146.3
2015-06-18,Bhakra,1679.99,,,,CWC Weekly Reservoir Storage Bulletin (18.06.2015.pdf),https://cwc.gov.in/sites/default/files/18.06.2015.pdf,2015-06-18,*1 GOBIND SAGAR(BHAKRA)      512.06                             2.590 6/17/2015     42           34         25 676 1200 | 423.67  268.85      1.711
2015-06-18,Pong,,,,,CWC Weekly Reservoir Storage Bulletin (18.06.2015.pdf),https://cwc.gov.in/sites/default/files/18.06.2015.pdf,2015-06-18,*2 PONG DAM                          343.15      0.132          2.286 6/16/2015     37           27         23     - 360 | PUNJAB                           345.79      1.436
2015-06-18,Ranjit Sagar,1731.99,,,,CWC Weekly Reservoir Storage Bulletin (18.06.2015.pdf),https://cwc.gov.in/sites/default/files/18.06.2015.pdf,2015-06-18,*3 THEIN                     527.91  257.02      0.821          1.880 6/18/2015     80           77         48 348 600 | RAJASTHAN                        136.27      0.471
2020-06-18,Bhakra,1679.99,,,,CWC Weekly Reservoir Storage Bulletin (18.06.2020-fb-pdf.pdf),https://cwc.gov.in/sites/default/files/18.06.2020-fb-pdf.pdf,2020-06-18,*1 GOBIND SAGAR(BHAKRA)  512.06  477.47       6.229     1.482 18-06-2020     24       42        27 676 1379
2020-06-18,Pong,1389.99,,,,CWC Weekly Reservoir Storage Bulletin (18.06.2020-fb-pdf.pdf),https://cwc.gov.in/sites/default/files/18.06.2020-fb-pdf.pdf,2020-06-18,*2 PONG DAM(BEAS)        423.67  407.42       6.157     2.456 18-06-2020     40       36        23  0 396
2020-06-18,Ranjit Sagar,,,,,CWC Weekly Reservoir Storage Bulletin (18.06.2020-fb-pdf.pdf),https://cwc.gov.in/sites/default/files/18.06.2020-fb-pdf.pdf,2020-06-18,*4 THEIN DAM
2016-08-18,Bhakra,1629.59,,,,CWC Weekly Reservoir Storage Bulletin (18.08.2016cwcbull.pdf),https://cwc.gov.in/sites/default/files/18.08.2016cwcbull.pdf,2016-08-18,*1 GOBIND SAGAR(BHAKRA)              496.70        6.229        3.720 17-08-2016     60           88         76 676 1200 | 280.75  414.61        6.157
2016-08-18,Pong,,,,,CWC Weekly Reservoir Storage Bulletin (18.08.2016cwcbull.pdf),https://cwc.gov.in/sites/default/files/18.08.2016cwcbull.pdf,2016-08-18,*2 PONG DAM                  359.50                             3.887 17-08-2016     63           88         66         - 360 | PUNJAB                   352.81  517.46        2.344
2016-08-18,Ranjit Sagar,,,,,CWC Weekly Reservoir Storage Bulletin (18.08.2016cwcbull.pdf),https://cwc.gov.in/sites/default/files/18.08.2016cwcbull.pdf,2016-08-18,*3 THEIN                     269.14                             1.568 15-08-2016     67           89         60 348 600 | 146.3
2017-10-18,Bhakra,1665.16,,,,CWC Weekly Reservoir Storage Bulletin (18.10.2017cwc.bull.pdf),https://cwc.gov.in/sites/default/files/18.10.2017cwc.bull.pdf,2017-10-18,*1 GOBIND SAGAR(BHAKRA)              507.54        6.229        5.250 18-10-2017     84        68         84 676 1200 | 280.75  418.58        6.157
2017-10-18,Pong,,,,,CWC Weekly Reservoir Storage Bulletin (18.10.2017cwc.bull.pdf),https://cwc.gov.in/sites/default/files/18.10.2017cwc.bull.pdf,2017-10-18,*2 PONG DAM                  359.50                             4.736 18-10-2017     77        67         78            - 360 | PUNJAB                   352.81  516.09        2.344
2017-10-18,Ranjit Sagar,,,,,CWC Weekly Reservoir Storage Bulletin (18.10.2017cwc.bull.pdf),https://cwc.gov.in/sites/default/files/18.10.2017cwc.bull.pdf,2017-10-18,*3 THEIN                     269.14                             1.507 18-10-2017     64        63         61 348 600 | 146.3
2018-10-18,Bhakra,1669.26,,,,CWC Weekly Reservoir Storage Bulletin (18.10.208cwcbull_1.pdf),https://cwc.gov.in/sites/default/files/18.10.208cwcbull_1.pdf,2018-10-18,*1 GOBIND SAGAR(BHAKRA)              508.79        6.229        5.446 18-10-2018     87        84         84 676 1200 | 280.75  423.40        6.157
2018-10-18,Pong,,,,,CWC Weekly Reservoir Storage Bulletin (18.10.208cwcbull_1.pdf),https://cwc.gov.in/sites/default/files/18.10.208cwcbull_1.pdf,2018-10-18,*2 PONG DAM                  359.50                             5.852 17-10-2018     95        77         81            - 360 | PUNJAB                   352.81  526.56        2.344
2018-10-18,Ranjit Sagar,,,,,CWC Weekly Reservoir Storage Bulletin (18.10.208cwcbull_1.pdf),https://cwc.gov.in/sites/default/files/18.10.208cwcbull_1.pdf,2018-10-18,*3 THEIN                     269.14                             2.237 16-10-2018     95        64         62 348 600 | 146.3
2021-02-18,Bhakra,,,,,CWC Weekly Reservoir Storage Bulletin (18022021-fbpdf.pdf),https://cwc.gov.in/sites/default/files/18022021-fbpdf.pdf,2021-02-18,Himachal Pradesh            GOBIND SAGAR(BHAKRA)               61
2021-02-18,Pong,,,,,CWC Weekly Reservoir Storage Bulletin (18022021-fbpdf.pdf),https://cwc.gov.in/sites/default/files/18022021-fbpdf.pdf,2021-02-18,3         PONG DAM(BEAS)                     74
2021-02-18,Ranjit Sagar,,,,,CWC Weekly Reservoir Storage Bulletin (18022021-fbpdf.pdf),https://cwc.gov.in/sites/default/files/18022021-fbpdf.pdf,2021-02-18,THEIN DAM                 46                                                                                     3    4        5
2021-03-18,Bhakra,,,,,CWC Weekly Reservoir Storage Bulletin (18032021-full-bul.pdf),https://cwc.gov.in/sites/default/files/18032021-full-bul.pdf,2021-03-18,Himachal Pradesh             GOBIND SAGAR(BHAKRA)       52
2021-03-18,Pong,,,,,CWC Weekly Reservoir Storage Bulletin (18032021-full-bul.pdf),https://cwc.gov.in/sites/default/files/18032021-full-bul.pdf,2021-03-18,3          PONG DAM(BEAS)             51
2021-03-18,Ranjit Sagar,,,,,CWC Weekly Reservoir Storage Bulletin (18032021-full-bul.pdf),https://cwc.gov.in/sites/default/files/18032021-full-bul.pdf,2021-03-18,Punjab            1          THEIN DAM                  54
2023-05-18,Bhakra,1679.99,,,,CWC Weekly Reservoir Storage Bulletin (18052023-fb_1.pdf),https://cwc.gov.in/sites/default/files/18052023-fb_1.pdf,2023-05-18,1 GOBIND SAGAR(BHAKRA)   512.06 475.18   6.229     1.313 18-05-2023     21          21       25 676 1379
2023-05-18,Pong,1389.99,,,,CWC Weekly Reservoir Storage Bulletin (18052023-fb_1.pdf),https://cwc.gov.in/sites/default/files/18052023-fb_1.pdf,2023-05-18,*2 PONG DAM(BEAS)        423.67 406.08   6.157     2.231 18-05-2023     36          28       26       0 396
2023-05-18,Ranjit Sagar,,,,,CWC Weekly Reservoir Storage Bulletin (18052023-fb_1.pdf),https://cwc.gov.in/sites/default/files/18052023-fb_1.pdf,2023-05-18,Jammu & Kashmir     239               -20           Thein           2.34              1.23  50
2022-08-18,Bhakra,1679.99,,,,CWC Weekly Reservoir Storage Bulletin (18082022.pdf),https://cwc.gov.in/sites/default/files/18082022.pdf,2022-08-18,*1 GOBIND SAGAR(BHAKRA)   512.06  502.07       6.229     4.485 18-08-2022      72       47        69 676 1379
2022-08-18,Pong,1389.99,,,,CWC Weekly Reservoir Storage Bulletin (18082022.pdf),https://cwc.gov.in/sites/default/files/18082022.pdf,2022-08-18,*2 PONG DAM(BEAS)         423.67  416.20       6.157     4.143 18-08-2022      67       38        64  0 396
2022-08-18,Ranjit Sagar,,,,,CWC Weekly Reservoir Storage Bulletin (18082022.pdf),https://cwc.gov.in/sites/default/files/18082022.pdf,2022-08-18,*4 THEIN DAM
2021-11-18,Bhakra,,,,,CWC Weekly Reservoir Storage Bulletin (18112021-fb-pdf.pdf),https://cwc.gov.in/sites/default/files/18112021-fb-pdf.pdf,2021-11-18,Himachal Pradesh  3            GOBIND SAGAR(BHAKRA)       77
2021-11-18,Pong,,,,,CWC Weekly Reservoir Storage Bulletin (18112021-fb-pdf.pdf),https://cwc.gov.in/sites/default/files/18112021-fb-pdf.pdf,2021-11-18,PONG DAM(BEAS)             72
2021-11-18,Ranjit Sagar,,,,,CWC Weekly Reservoir Storage Bulletin (18112021-fb-pdf.pdf),https://cwc.gov.in/sites/default/files/18112021-fb-pdf.pdf,2021-11-18,Punjab            1            THEIN DAM                  75
2017-01-19,Bhakra,1590.12,,,,CWC Weekly Reservoir Storage Bulletin (19.01.2017cwcbull.pdf),https://cwc.gov.in/sites/default/files/19.01.2017cwcbull.pdf,2017-01-19,*1 GOBIND SAGAR(BHAKRA)              484.67        6.229        2.343 19-01-2017     38           62         57 676 1200 | 280.75  406.14        6.157
2017-01-19,Pong,,,,,CWC Weekly Reservoir Storage Bulletin (19.01.2017cwcbull.pdf),https://cwc.gov.in/sites/default/files/19.01.2017cwcbull.pdf,2017-01-19,*2 PONG DAM                  359.50                             2.343 19-01-2017     38           43         44         - 360 | PUNJAB                   352.81  503.10        2.344
2017-01-19,Ranjit Sagar,,,,,CWC Weekly Reservoir Storage Bulletin (19.01.2017cwcbull.pdf),https://cwc.gov.in/sites/default/files/19.01.2017cwcbull.pdf,2017-01-19,*3 THEIN                     269.14                             0.768 19-01-2017     33           20         36 348 600 | 146.3
2020-03-19,Bhakra,1679.99,,,,CWC Weekly Reservoir Storage Bulletin (19.03.2020-fb-pdf.pdf),https://cwc.gov.in/sites/default/files/19.03.2020-fb-pdf.pdf,2020-03-19,*1 GOBIND SAGAR(BHAKRA)  512.06  488.90       6.229     2.507 19-03-2020     40       55        33 676 1379
2020-03-19,Pong,1389.99,,,,CWC Weekly Reservoir Storage Bulletin (19.03.2020-fb-pdf.pdf),https://cwc.gov.in/sites/default/files/19.03.2020-fb-pdf.pdf,2020-03-19,*2 PONG DAM(BEAS)        423.67  414.35       6.157     3.835 19-03-2020     62       44        28  0 396
2020-03-19,Ranjit Sagar,,,,,CWC Weekly Reservoir Storage Bulletin (19.03.2020-fb-pdf.pdf),https://cwc.gov.in/sites/default/files/19.03.2020-fb-pdf.pdf,2020-03-19,*4 THEIN DAM
2018-04-19,Bhakra,1542.03,,,,CWC Weekly Reservoir Storage Bulletin (19.04.2018cwcbull.pdf),https://cwc.gov.in/sites/default/files/19.04.2018cwcbull.pdf,2018-04-19,*1 GOBIND SAGAR(BHAKRA)              470.01        6.229        1.158 19-04-2018     19           15         25 676 1200 | 280.75  394.30        6.157
2018-04-19,Pong,,,,,CWC Weekly Reservoir Storage Bulletin (19.04.2018cwcbull.pdf),https://cwc.gov.in/sites/default/files/19.04.2018cwcbull.pdf,2018-04-19,PONG DAM                  50
2018-04-19,Ranjit Sagar,,,,,CWC Weekly Reservoir Storage Bulletin (19.04.2018cwcbull.pdf),https://cwc.gov.in/sites/default/files/19.04.2018cwcbull.pdf,2018-04-19,*3 THEIN                     269.14                             0.488 19-04-2018     21           58         38 348 600 | 146.3
2016-05-19,Bhakra,1561.12,,,,CWC Weekly Reservoir Storage Bulletin (19.05.2016cwcbull.pdf),https://cwc.gov.in/sites/default/files/19.05.2016cwcbull.pdf,2016-05-19,*1 GOBIND SAGAR(BHAKRA)              475.83        6.229        1.555 19-05-2016     25           41         24 676 1200 | 280.75  392.21        6.157
2016-05-19,Pong,,,,,CWC Weekly Reservoir Storage Bulletin (19.05.2016cwcbull.pdf),https://cwc.gov.in/sites/default/files/19.05.2016cwcbull.pdf,2016-05-19,KABINI                        0 KOYANA                       26 PONG DAM               34                                                                  3        4        1 | SHOLAYAR                      0 VAIGAI                       26 MAITHON
2016-05-19,Ranjit Sagar,,,,,CWC Weekly Reservoir Storage Bulletin (19.05.2016cwcbull.pdf),https://cwc.gov.in/sites/default/files/19.05.2016cwcbull.pdf,2016-05-19,*3 THEIN                     269.14                             0.744 19-05-2016     32           84         49 348 600 | 146.3
2018-07-19,Bhakra,,,,,CWC Weekly Reservoir Storage Bulletin (19.07.2018cwcbull_1.pdf),https://cwc.gov.in/sites/default/files/19.07.2018cwcbull_1.pdf,2018-07-19,GOBIND SAGAR(BHAKRA       28
2018-07-19,Pong,,,,,CWC Weekly Reservoir Storage Bulletin (19.07.2018cwcbull_1.pdf),https://cwc.gov.in/sites/default/files/19.07.2018cwcbull_1.pdf,2018-07-19,PONG DAM                  32
2018-07-19,Ranjit Sagar,,,,,CWC Weekly Reservoir Storage Bulletin (19.07.2018cwcbull_1.pdf),https://cwc.gov.in/sites/default/files/19.07.2018cwcbull_1.pdf,2018-07-19,*3 THEIN                     269.14                             0.964 19-07-2018     41           73         49 348 600 | 146.3
2015-11-19,Bhakra,1665.94,,,,CWC Weekly Reservoir Storage Bulletin (19.11.2015bulletin.pdf),https://cwc.gov.in/sites/default/files/19.11.2015bulletin.pdf,2015-11-19,*1 GOBIND SAGAR(BHAKRA)              507.78        6.229        5.287 19-11-2015     85           77         80 676 1200 | 280.75  416.98        6.157
2015-11-19,Pong,,,,,CWC Weekly Reservoir Storage Bulletin (19.11.2015bulletin.pdf),https://cwc.gov.in/sites/default/files/19.11.2015bulletin.pdf,2015-11-19,*2 PONG DAM                  359.50                             4.386 19-11-2015     71           53         68         - 360 | PUNJAB                   352.81  507.26        2.344
2015-11-19,Ranjit Sagar,,,,,CWC Weekly Reservoir Storage Bulletin (19.11.2015bulletin.pdf),https://cwc.gov.in/sites/default/files/19.11.2015bulletin.pdf,2015-11-19,*3 THEIN                     269.14                             0.988 19-11-2015     42           47         58 348 600 | 146.3
2019-12-19,Bhakra,1679.99,,,,CWC Weekly Reservoir Storage Bulletin (19.12.2019-ful-bul.pdf),https://cwc.gov.in/sites/default/files/19.12.2019-ful-bul.pdf,2019-12-19,*1 GOBIND SAGAR(BHAKRA) 512.06 502.88  6.229     4.261 19-12-19      68         82       69 676 1379
2019-12-19,Pong,1389.99,,,,CWC Weekly Reservoir Storage Bulletin (19.12.2019-ful-bul.pdf),https://cwc.gov.in/sites/default/files/19.12.2019-ful-bul.pdf,2019-12-19,*2 PONG DAM(BEAS)       423.67 418.12  6.157     4.499 19-12-19      73         72       56       0 396
2019-12-19,Ranjit Sagar,1731.99,,,,CWC Weekly Reservoir Storage Bulletin (19.12.2019-ful-bul.pdf),https://cwc.gov.in/sites/default/files/19.12.2019-ful-bul.pdf,2019-12-19,*4 THEIN DAM            527.91 518.57  2.344     1.660 19-12-19      71         68       50 348 600
2023-01-19,Bhakra,1679.99,,,,CWC Weekly Reservoir Storage Bulletin (19012023-fb.pdf),https://cwc.gov.in/sites/default/files/19012023-fb.pdf,2023-01-19,GOBIND SAGAR(BHAKRA)  512.06 496.35   6.229     3.380 19-01-2023     54       52       54 676 1379
2023-01-19,Pong,,,,,CWC Weekly Reservoir Storage Bulletin (19012023-fb.pdf),https://cwc.gov.in/sites/default/files/19012023-fb.pdf,2023-01-19,Pong Dam         0.16              0.06  83 | Thein
2023-01-19,Ranjit Sagar,,,,,CWC Weekly Reservoir Storage Bulletin (19012023-fb.pdf),https://cwc.gov.in/sites/default/files/19012023-fb.pdf,2023-01-19,Thein | Gobind Sagar     0.31              0.21  -16
2022-05-19,Bhakra,1679.99,,,,CWC Weekly Reservoir Storage Bulletin (19052022-bulletin.pdf),https://cwc.gov.in/sites/default/files/19052022-bulletin.pdf,2022-05-19,*1 GOBIND SAGAR(BHAKRA)   512.06  475.27       6.229     1.319 19-05-2022     21       10        25 676 1379
2022-05-19,Pong,,,,,CWC Weekly Reservoir Storage Bulletin (19052022-bulletin.pdf),https://cwc.gov.in/sites/default/files/19052022-bulletin.pdf,2022-05-19,Pong Dam
2022-05-19,Ranjit Sagar,,,,,CWC Weekly Reservoir Storage Bulletin (19052022-bulletin.pdf),https://cwc.gov.in/sites/default/files/19052022-bulletin.pdf,2022-05-19,Punjab                5                  -90       Thein                               0.96  50
2021-08-19,Bhakra,,,,,CWC Weekly Reservoir Storage Bulletin (19082021-fb-pdb.pdf),https://cwc.gov.in/sites/default/files/19082021-fb-pdb.pdf,2021-08-19,GOBIND SAGAR(BHAKRA)    63
2021-08-19,Pong,,,,,CWC Weekly Reservoir Storage Bulletin (19082021-fb-pdb.pdf),https://cwc.gov.in/sites/default/files/19082021-fb-pdb.pdf,2021-08-19,Himachal Pradesh  3                PONG DAM(BEAS)          54
2021-08-19,Ranjit Sagar,,,,,CWC Weekly Reservoir Storage Bulletin (19082021-fb-pdb.pdf),https://cwc.gov.in/sites/default/files/19082021-fb-pdb.pdf,2021-08-19,Punjab            1                THEIN DAM               62
2023-10-19,Bhakra,1679.99,,,,CWC Weekly Reservoir Storage Bulletin (19102023-fb.pdf),https://cwc.gov.in/sites/default/files/19102023-fb.pdf,2023-10-19,1 GOBIND SAGAR(BHAKRA)   512.06 507.43    6.229     4.932 19-10-2023  79      84                 83 676 1379
2023-10-19,Pong,1389.99,,,,CWC Weekly Reservoir Storage Bulletin (19102023-fb.pdf),https://cwc.gov.in/sites/default/files/19102023-fb.pdf,2023-10-19,*2 PONG DAM(BEAS)        423.67 421.16    6.157     5.176 19-10-2023  84      87                 81       0 396
2023-10-19,Ranjit Sagar,,,,,CWC Weekly Reservoir Storage Bulletin (19102023-fb.pdf),https://cwc.gov.in/sites/default/files/19102023-fb.pdf,2023-10-19,4 THEIN DAM
2020-11-19,Bhakra,,,,,CWC Weekly Reservoir Storage Bulletin (19112020-fb-pdf.pdf),https://cwc.gov.in/sites/default/files/19112020-fb-pdf.pdf,2020-11-19,Himachal Pradesh  3          GOBIND SAGAR(BHAKRA)              71
2020-11-19,Pong,,,,,CWC Weekly Reservoir Storage Bulletin (19112020-fb-pdf.pdf),https://cwc.gov.in/sites/default/files/19112020-fb-pdf.pdf,2020-11-19,Pong Dam
2020-11-19,Ranjit Sagar,,,,,CWC Weekly Reservoir Storage Bulletin (19112020-fb-pdf.pdf),https://cwc.gov.in/sites/default/files/19112020-fb-pdf.pdf,2020-11-19,Punjab            1          THEIN DAM                         69
2020-02-20,Bhakra,1666.7,,,,CWC Weekly Reservoir Storage Bulletin (20.02.2020-fb.pdf),https://cwc.gov.in/sites/default/files/20.02.2020-fb.pdf,2020-02-20,*1 GOBIND SAGAR(BHAKRA)           508.01   2.344     2.951 19-02-2020     47       62        46 676 1379 | 527.91
2020-02-20,Pong,,,,,CWC Weekly Reservoir Storage Bulletin (20.02.2020-fb.pdf),https://cwc.gov.in/sites/default/files/20.02.2020-fb.pdf,2020-02-20,*2 PONG DAM(BEAS)                 275.30   1.711     3.954 20-02-2020     64       50        36  0 396 | 280.75   350.55   0.132
2020-02-20,Ranjit Sagar,,,,,CWC Weekly Reservoir Storage Bulletin (20.02.2020-fb.pdf),https://cwc.gov.in/sites/default/files/20.02.2020-fb.pdf,2020-02-20,*4 THEIN DAM                      259.96   0.821 | 269.14   148.76   0.471
2019-03-20,Bhakra,1621.06,,,,CWC Weekly Reservoir Storage Bulletin (20.03.2019cwcbull_1.pdf),https://cwc.gov.in/sites/default/files/20.03.2019cwcbull_1.pdf,2019-03-20,*1 GOBIND SAGAR(BHAKRA)              494.10        6.229        3.384 20-03-2019     54           26         30 676 1200 | 280.75  408.22        6.157
2019-03-20,Pong,,,,,CWC Weekly Reservoir Storage Bulletin (20.03.2019cwcbull_1.pdf),https://cwc.gov.in/sites/default/files/20.03.2019cwcbull_1.pdf,2019-03-20,*2 PONG DAM                  359.50                             2.700 20-03-2019     44           16         27         - 360 | PUNJAB                   352.81  520.04        2.344
2019-03-20,Ranjit Sagar,,,,,CWC Weekly Reservoir Storage Bulletin (20.03.2019cwcbull_1.pdf),https://cwc.gov.in/sites/default/files/20.03.2019cwcbull_1.pdf,2019-03-20,*3 THEIN                     269.14                             1.721 20-03-2019     73           19         31 348 600 | 146.3
2017-04-20,Bhakra,1532.41,,,,CWC Weekly Reservoir Storage Bulletin (20.04.2017cwcbull.pdf),https://cwc.gov.in/sites/default/files/20.04.2017cwcbull.pdf,2017-04-20,*1 GOBIND SAGAR(BHAKRA)              467.08        6.229        0.980 20-04-2017     16           28         27 676 1200 | 280.75  397.04        6.157
2017-04-20,Pong,,,,,CWC Weekly Reservoir Storage Bulletin (20.04.2017cwcbull.pdf),https://cwc.gov.in/sites/default/files/20.04.2017cwcbull.pdf,2017-04-20,*2 PONG DAM                  359.50                             1.077 20-04-2017     17           14         29         - 360 | PUNJAB                   352.81  514.36        2.344
2017-04-20,Ranjit Sagar,,,,,CWC Weekly Reservoir Storage Bulletin (20.04.2017cwcbull.pdf),https://cwc.gov.in/sites/default/files/20.04.2017cwcbull.pdf,2017-04-20,*3 THEIN                     269.14                             1.386 20-04-2017     59           22         40 348 600 | 146.3
2021-05-20,Bhakra,,,,,CWC Weekly Reservoir Storage Bulletin (20.05.2021-fb-pdf.pdf),https://cwc.gov.in/sites/default/files/20.05.2021-fb-pdf.pdf,2021-05-20,GOBIND SAGAR(BHAKRA)      36
2021-05-20,Pong,,,,,CWC Weekly Reservoir Storage Bulletin (20.05.2021-fb-pdf.pdf),https://cwc.gov.in/sites/default/files/20.05.2021-fb-pdf.pdf,2021-05-20,PONG DAM(BEAS)            50
2021-05-20,Ranjit Sagar,,,,,CWC Weekly Reservoir Storage Bulletin (20.05.2021-fb-pdf.pdf),https://cwc.gov.in/sites/default/files/20.05.2021-fb-pdf.pdf,2021-05-20,Punjab            1            THEIN DAM             69
2019-06-20,Bhakra,1606.36,,,,CWC Weekly Reservoir Storage Bulletin (20.06.2019cwcbull_1.pdf),https://cwc.gov.in/sites/default/files/20.06.2019cwcbull_1.pdf,2019-06-20,*1 GOBIND SAGAR(BHAKRA)              489.62        6.229        2.588 20-06-2019     42           10         25 676 1200 | 280.75  405.85        6.157
2019-06-20,Pong,,,,,CWC Weekly Reservoir Storage Bulletin (20.06.2019cwcbull_1.pdf),https://cwc.gov.in/sites/default/files/20.06.2019cwcbull_1.pdf,2019-06-20,*2 PONG DAM                  359.50                             2.191 20-06-2019     36           8          20         - 360 | PUNJAB                   352.81  512.35        2.344
2019-06-20,Ranjit Sagar,,,,,CWC Weekly Reservoir Storage Bulletin (20.06.2019cwcbull_1.pdf),https://cwc.gov.in/sites/default/files/20.06.2019cwcbull_1.pdf,2019-06-20,*3 THEIN                     269.14  267.80        1.711        1.263 20-06-2019     54           33         44 348 600 | RAJASTHAN                 146.3  345.30        0.132
2017-07-20,Bhakra,1601.12,,,,CWC Weekly Reservoir Storage Bulletin (20.07.2017cwcbull_1.pdf),https://cwc.gov.in/sites/default/files/20.07.2017cwcbull_1.pdf,2017-07-20,*1 GOBIND SAGAR(BHAKRA)              488.02        6.229        2.683 20-07-2017     43           37         46 676 1200 | 280.75  404.33        6.157
2017-07-20,Pong,,,,,CWC Weekly Reservoir Storage Bulletin (20.07.2017cwcbull_1.pdf),https://cwc.gov.in/sites/default/files/20.07.2017cwcbull_1.pdf,2017-07-20,*2 PONG DAM                  359.50                             2.087 20-07-2017     34           20         33         - 360 | PUNJAB                   352.81  520.99        2.344
2017-07-20,Ranjit Sagar,,,,,CWC Weekly Reservoir Storage Bulletin (20.07.2017cwcbull_1.pdf),https://cwc.gov.in/sites/default/files/20.07.2017cwcbull_1.pdf,2017-07-20,*3 THEIN                     269.14                             1.800 20-07-2017     77           40         47 348 600 | 146.3
2015-08-20,Bhakra,,,,,CWC Weekly Reservoir Storage Bulletin (20.08.2015reservoirbulletin.pdf),https://cwc.gov.in/sites/default/files/20.08.2015reservoirbulletin.pdf,2015-08-20,*1 GOBIND SAGAR(BHAKRA)                                         5.508 19-08-2015     88        92         78 676 1200 | 280.75  281.40      1.711
2015-08-20,Pong,,,,,CWC Weekly Reservoir Storage Bulletin (20.08.2015reservoirbulletin.pdf),https://cwc.gov.in/sites/default/files/20.08.2015reservoirbulletin.pdf,2015-08-20,*2 PONG DAM                  359.50  359.90      0.132          5.493 20-08-2015     89        67         68            - 360 | PUNJAB                   352.81  352.48      1.436
2015-08-20,Ranjit Sagar,,,,,CWC Weekly Reservoir Storage Bulletin (20.08.2015reservoirbulletin.pdf),https://cwc.gov.in/sites/default/files/20.08.2015reservoirbulletin.pdf,2015-08-20,*3 THEIN                     269.14  259.42      0.821          2.039 19-08-2015     87        67         63 348 600 | 146.3  144.58      0.471
2018-09-20,Bhakra,1651.41,,,,CWC Weekly Reservoir Storage Bulletin (20.09.2018cwcbull_1.pdf),https://cwc.gov.in/sites/default/files/20.09.2018cwcbull_1.pdf,2018-09-20,*1 GOBIND SAGAR(BHAKRA)              503.35        6.229        4.629 20-09-2018     74           87         88 676 1200 | 280.75  419.65        6.157        4.973 20-09-2018
2018-09-20,Pong,,,,,CWC Weekly Reservoir Storage Bulletin (20.09.2018cwcbull_1.pdf),https://cwc.gov.in/sites/default/files/20.09.2018cwcbull_1.pdf,2018-09-20,*2 PONG DAM                  359.50                                                  81           86         84         - 360 | PUNJAB                   352.81  520.46        2.344        1.760 20-09-2018
2018-09-20,Ranjit Sagar,,,,,CWC Weekly Reservoir Storage Bulletin (20.09.2018cwcbull_1.pdf),https://cwc.gov.in/sites/default/files/20.09.2018cwcbull_1.pdf,2018-09-20,*3 THEIN                     269.14                             1.412 19-09-2018     75           75         68 348 600 | 146.3                             0.116 19-09-2018
2016-10-20,Bhakra,1641.57,,,,CWC Weekly Reservoir Storage Bulletin (20.10.2016cwcbull.pdf),https://cwc.gov.in/sites/default/files/20.10.2016cwcbull.pdf,2016-10-20,*1 GOBIND SAGAR(BHAKRA)              500.35        6.229        4.225 19-10-2016     68        91         86 676 1200 | 280.75  415.48        6.157
2016-10-20,Pong,,,,,CWC Weekly Reservoir Storage Bulletin (20.10.2016cwcbull.pdf),https://cwc.gov.in/sites/default/files/20.10.2016cwcbull.pdf,2016-10-20,*2 PONG DAM                  359.50                             4.069 20-10-2016     66        81         78            - 360 | PUNJAB                   352.81  515.35        2.344
2016-10-20,Ranjit Sagar,,,,,CWC Weekly Reservoir Storage Bulletin (20.10.2016cwcbull.pdf),https://cwc.gov.in/sites/default/files/20.10.2016cwcbull.pdf,2016-10-20,*3 THEIN                     269.14                             1.446 20-10-2016     62        54         61 348 600 | 146.3
2018-12-20,Bhakra,1661.91,,,,CWC Weekly Reservoir Storage Bulletin (20.12.2018cwcbull_1.pdf),https://cwc.gov.in/sites/default/files/20.12.2018cwcbull_1.pdf,2018-12-20,*1 GOBIND SAGAR(BHAKRA)              506.55        6.229        5.096 20-12-2018     82           70         68 676 1200 | 280.75  416.94        6.157
2018-12-20,Pong,,,,,CWC Weekly Reservoir Storage Bulletin (20.12.2018cwcbull_1.pdf),https://cwc.gov.in/sites/default/files/20.12.2018cwcbull_1.pdf,2018-12-20,*2 PONG DAM                  359.50                             4.377 20-12-2018     71           55         55         - 360 | PUNJAB                   352.81  517.98        2.344
2018-12-20,Ranjit Sagar,,,,,CWC Weekly Reservoir Storage Bulletin (20.12.2018cwcbull_1.pdf),https://cwc.gov.in/sites/default/files/20.12.2018cwcbull_1.pdf,2018-12-20,*3 THEIN                     269.14                             1.599 20-12-2018     68           41         47 348 600 | 146.3
2022-01-20,Bhakra,1679.99,,,,CWC Weekly Reservoir Storage Bulletin (20012022-bulletin.pdf),https://cwc.gov.in/sites/default/files/20012022-bulletin.pdf,2022-01-20,*1 GOBIND SAGAR(BHAKRA)   512.06  490.39       6.229     3.211 20-01-2022      52      37         55 676 1379
2022-01-20,Pong,1389.99,,,,CWC Weekly Reservoir Storage Bulletin (20012022-bulletin.pdf),https://cwc.gov.in/sites/default/files/20012022-bulletin.pdf,2022-01-20,*2 PONG DAM(BEAS)         423.67  408.16       6.157     2.917 20-01-2022      47      40         47  0 396
2022-01-20,Ranjit Sagar,,,,,CWC Weekly Reservoir Storage Bulletin (20012022-bulletin.pdf),https://cwc.gov.in/sites/default/files/20012022-bulletin.pdf,2022-01-20,Punjab         1            THEIN DAM                  77
2025-02-20,Bhakra,,,,,CWC Weekly Reservoir Storage Bulletin (20022025-fb-pdf.pdf),https://cwc.gov.in/sites/default/files/20022025-fb-pdf.pdf,2025-02-20,Maharashtra                    GOBIND SAGAR(BHAKRA)  78 | 32
2025-02-20,Pong,,,,,CWC Weekly Reservoir Storage Bulletin (20022025-fb-pdf.pdf),https://cwc.gov.in/sites/default/files/20022025-fb-pdf.pdf,2025-02-20,PONG DAM(BEAS)               43
2025-02-20,Ranjit Sagar,,,,,CWC Weekly Reservoir Storage Bulletin (20022025-fb-pdf.pdf),https://cwc.gov.in/sites/default/files/20022025-fb-pdf.pdf,2025-02-20,THEIN DAM                    33                                                                             0      5        7
2025-03-20,Bhakra,,,,,CWC Weekly Reservoir Storage Bulletin (20032025-fb.pdf),https://cwc.gov.in/sites/default/files/20032025-fb.pdf,2025-03-20,Punjab                     GOBIND SAGAR(BHAKRA)  72 | Rajasthan               10
2025-03-20,Pong,,,,,CWC Weekly Reservoir Storage Bulletin (20032025-fb.pdf),https://cwc.gov.in/sites/default/files/20032025-fb.pdf,2025-03-20,Tamil Nadu                   PONG DAM(BEAS)        53 | Uttar Pradesh           1
2025-03-20,Ranjit Sagar,,,,,CWC Weekly Reservoir Storage Bulletin (20032025-fb.pdf),https://cwc.gov.in/sites/default/files/20032025-fb.pdf,2025-03-20,THEIN DAM             55
2023-04-20,Bhakra,1679.99,,,,CWC Weekly Reservoir Storage Bulletin (20042023-fb.pdf),https://cwc.gov.in/sites/default/files/20042023-fb.pdf,2023-04-20,1 GOBIND SAGAR(BHAKRA)   512.06 480.02   6.229     1.676 20-04-2023      27         25       30 676 1379
2023-04-20,Pong,1389.99,,,,CWC Weekly Reservoir Storage Bulletin (20042023-fb.pdf),https://cwc.gov.in/sites/default/files/20042023-fb.pdf,2023-04-20,*2 PONG DAM(BEAS)        423.67 405.91   6.157     2.203 20-04-2023      36         29       26   0 396
2023-04-20,Ranjit Sagar,,,,,CWC Weekly Reservoir Storage Bulletin (20042023-fb.pdf),https://cwc.gov.in/sites/default/files/20042023-fb.pdf,2023-04-20,Jammu & Kashmir     156             -87             Thein           2.34              1.14  50
2020-08-20,Bhakra,1679.99,,,,CWC Weekly Reservoir Storage Bulletin (20082020-full-bul.pdf),https://cwc.gov.in/sites/default/files/20082020-full-bul.pdf,2020-08-20,*1 GOBIND SAGAR(BHAKRA)  512.06  501.44       6.229     4.055  19-08-2020     65       91        76 676 1379 | 423.67  412.79       6.157     3.414  17-08-2020
2020-08-20,Pong,,,,,CWC Weekly Reservoir Storage Bulletin (20082020-full-bul.pdf),https://cwc.gov.in/sites/default/files/20082020-full-bul.pdf,2020-08-20,3         PONG DAM(BEAS)          80
2020-08-20,Ranjit Sagar,,,,,CWC Weekly Reservoir Storage Bulletin (20082020-full-bul.pdf),https://cwc.gov.in/sites/default/files/20082020-full-bul.pdf,2020-08-20,Punjab          1         THEIN DAM               63
2022-10-20,Bhakra,1679.99,,,,CWC Weekly Reservoir Storage Bulletin (20102022-fb.pdf),https://cwc.gov.in/sites/default/files/20102022-fb.pdf,2022-10-20,*1 GOBIND SAGAR(BHAKRA)   512.06   509.33       6.229     5.363 20-10-2022     86       66        80 676 1379 | 423.67   421.90       6.157
2022-10-20,Pong,,,,,CWC Weekly Reservoir Storage Bulletin (20102022-fb.pdf),https://cwc.gov.in/sites/default/files/20102022-fb.pdf,2022-10-20,West Rajasthan        3                  -53        Pong Dam             6.16         5.16  8
2022-10-20,Ranjit Sagar,,,,,CWC Weekly Reservoir Storage Bulletin (20102022-fb.pdf),https://cwc.gov.in/sites/default/files/20102022-fb.pdf,2022-10-20,Jammu & Kashmir       17                 -24        Thein                2.34         2.08  20
2019-09-19,Bhakra,1679.99,,,,CWC Weekly Reservoir Storage Bulletin (2019.09.19-full-bul.pdf),https://cwc.gov.in/sites/default/files/2019.09.19-full-bul.pdf,2019-09-19,*1 GOBIND SAGAR(BHAKRA) 512.06 510.78  6.229     5.455 19-09-2019     88        74       86 676 1200
2019-09-19,Pong,,,,,CWC Weekly Reservoir Storage Bulletin (2019.09.19-full-bul.pdf),https://cwc.gov.in/sites/default/files/2019.09.19-full-bul.pdf,2019-09-19,Pong Dam | 6.16              5.52                               8
2019-09-19,Ranjit Sagar,,,,,CWC Weekly Reservoir Storage Bulletin (2019.09.19-full-bul.pdf),https://cwc.gov.in/sites/default/files/2019.09.19-full-bul.pdf,2019-09-19,Punjab                              248        -39    Thein                  2.34              2.04  24
2016-01-21,Bhakra,1632.32,,,,CWC Weekly Reservoir Storage Bulletin (21.01.2016cwcbull.pdf),https://cwc.gov.in/sites/default/files/21.01.2016cwcbull.pdf,2016-01-21,*1 GOBIND SAGAR(BHAKRA)              497.53        6.229        3.827 21-01-2016     61           54         56 676 1200 | 280.75  407.64        6.157
2016-01-21,Pong,,,,,CWC Weekly Reservoir Storage Bulletin (21.01.2016cwcbull.pdf),https://cwc.gov.in/sites/default/files/21.01.2016cwcbull.pdf,2016-01-21,*2 PONG DAM                  359.50                             2.601 21-01-2016     42           29         45         - 360 | PUNJAB                   352.81  496.06        2.344
2016-01-21,Ranjit Sagar,,,,,CWC Weekly Reservoir Storage Bulletin (21.01.2016cwcbull.pdf),https://cwc.gov.in/sites/default/files/21.01.2016cwcbull.pdf,2016-01-21,*3 THEIN                     269.14                             0.469 21-01-2016     20           33         36 348 600 | 146.3
2019-02-21,Bhakra,1632.38,,,,CWC Weekly Reservoir Storage Bulletin (21.02.2019cwc_1.pdf),https://cwc.gov.in/sites/default/files/21.02.2019cwc_1.pdf,2019-02-21,*1 GOBIND SAGAR(BHAKRA)              497.55        6.229        3.830 21-02-2019     61           41         41 676 1200 | 280.75  410.17        6.157
2019-02-21,Pong,,,,,CWC Weekly Reservoir Storage Bulletin (21.02.2019cwc_1.pdf),https://cwc.gov.in/sites/default/files/21.02.2019cwc_1.pdf,2019-02-21,*2 PONG DAM                  359.50                             3.047 21-02-2019     49           29         33         - 360 | PUNJAB                   352.81  517.60        2.344
2019-02-21,Ranjit Sagar,,,,,CWC Weekly Reservoir Storage Bulletin (21.02.2019cwc_1.pdf),https://cwc.gov.in/sites/default/files/21.02.2019cwc_1.pdf,2019-02-21,*3 THEIN                     269.14                             1.568 14-02-2019     67           20         31 348 600 | 146.3
2016-04-21,Bhakra,1568.7,,,,CWC Weekly Reservoir Storage Bulletin (21.04.2016bulletin.pdf),https://cwc.gov.in/sites/default/files/21.04.2016bulletin.pdf,2016-04-21,*1 GOBIND SAGAR(BHAKRA)              478.14        6.229        1.748 21-04-2016     28           34         27 676 1200 | 280.75  394.91        6.157
2016-04-21,Pong,,,,,CWC Weekly Reservoir Storage Bulletin (21.04.2016bulletin.pdf),https://cwc.gov.in/sites/default/files/21.04.2016bulletin.pdf,2016-04-21,SALANADI                  13 SRISAILAM                    33 PONG DAM               44                                                    10 2 12 | LOWER BHAWANI             13 MALAPRABHA(RENUKA)           37 JHAKAM
2016-04-21,Ranjit Sagar,,,,,CWC Weekly Reservoir Storage Bulletin (21.04.2016bulletin.pdf),https://cwc.gov.in/sites/default/files/21.04.2016bulletin.pdf,2016-04-21,*3 THEIN                     269.14                             0.507 20-04-2016     22           67         41 348 600 | 146.3
2015-05-21,Bhakra,1679.99,,,,CWC Weekly Reservoir Storage Bulletin (21.05.2015.pdf),https://cwc.gov.in/sites/default/files/21.05.2015.pdf,2015-05-21,*1 GOBIND SAGAR(BHAKRA)      512.06                             2.591 5/21/2015     42           31         22 676 1200 | 423.67  268.85      1.711
2015-05-21,Pong,,,,,CWC Weekly Reservoir Storage Bulletin (21.05.2015.pdf),https://cwc.gov.in/sites/default/files/21.05.2015.pdf,2015-05-21,*2 PONG DAM                          343.40      0.132          2.227 5/21/2015     36           31         27     - 360 | PUNJAB                           346.11      1.436
2015-05-21,Ranjit Sagar,1731.99,,,,CWC Weekly Reservoir Storage Bulletin (21.05.2015.pdf),https://cwc.gov.in/sites/default/files/21.05.2015.pdf,2015-05-21,*3 THEIN                     527.91  257.83      0.821          1.959 5/21/2015     84           74         46 348 600 | RAJASTHAN                        137.47      0.471
2020-05-21,Bhakra,1679.99,,,,CWC Weekly Reservoir Storage Bulletin (21.05.2020-full-bull.pdf),https://cwc.gov.in/sites/default/files/21.05.2020-full-bull.pdf,2020-05-21,*1 GOBIND SAGAR(BHAKRA)  512.06  476.65       6.229     1.419 21-05-2020     23       47        25 676 1379
2020-05-21,Pong,1389.99,,,,CWC Weekly Reservoir Storage Bulletin (21.05.2020-full-bull.pdf),https://cwc.gov.in/sites/default/files/21.05.2020-full-bull.pdf,2020-05-21,*2 PONG DAM(BEAS)        423.67  411.14       6.157     3.103 21-05-2020     50       41        26  0 396
2020-05-21,Ranjit Sagar,,,,,CWC Weekly Reservoir Storage Bulletin (21.05.2020-full-bull.pdf),https://cwc.gov.in/sites/default/files/21.05.2020-full-bull.pdf,2020-05-21,*4 THEIN DAM
2018-06-21,Bhakra,,,,,CWC Weekly Reservoir Storage Bulletin (21.06.2018cwcbull_1.pdf),https://cwc.gov.in/sites/default/files/21.06.2018cwcbull_1.pdf,2018-06-21,GOBIND SAGAR(BHAKRA       34
2018-06-21,Pong,,,,,CWC Weekly Reservoir Storage Bulletin (21.06.2018cwcbull_1.pdf),https://cwc.gov.in/sites/default/files/21.06.2018cwcbull_1.pdf,2018-06-21,PONG DAM                  37
2018-06-21,Ranjit Sagar,,,,,CWC Weekly Reservoir Storage Bulletin (21.06.2018cwcbull_1.pdf),https://cwc.gov.in/sites/default/files/21.06.2018cwcbull_1.pdf,2018-06-21,*3 THEIN                     269.14                             0.768 21-06-2018     33           56         47 348 600 | 146.3
2016-07-21,Bhakra,1588.45,,,,CWC Weekly Reservoir Storage Bulletin (21.07.2016cwcbulletin.pdf),https://cwc.gov.in/sites/default/files/21.07.2016cwcbulletin.pdf,2016-07-21,*1 GOBIND SAGAR(BHAKRA)              484.16        6.229        2.292 20-07-2016     37           63         47 676 1200 | 280.75  398.46        6.157
2016-07-21,Pong,,,,,CWC Weekly Reservoir Storage Bulletin (21.07.2016cwcbulletin.pdf),https://cwc.gov.in/sites/default/files/21.07.2016cwcbulletin.pdf,2016-07-21,*2 PONG DAM                  359.50                             1.241 21-07-2016     20           55         34         - 360 | PUNJAB                   352.81  506.45        2.344
2016-07-21,Ranjit Sagar,,,,,CWC Weekly Reservoir Storage Bulletin (21.07.2016cwcbulletin.pdf),https://cwc.gov.in/sites/default/files/21.07.2016cwcbulletin.pdf,2016-07-21,*3 THEIN                     269.14                             0.939 21-07-2016     40           84         51 348 600 | 146.3
2017-09-21,Bhakra,1668.77,,,,CWC Weekly Reservoir Storage Bulletin (21.09.2017cwcbull.pdf),https://cwc.gov.in/sites/default/files/21.09.2017cwcbull.pdf,2017-09-21,*1 GOBIND SAGAR(BHAKRA)              508.64        6.229        5.423 21-09-2017     87        74         88 676 1200 | 280.75  421.03        6.157
2017-09-21,Pong,,,,,CWC Weekly Reservoir Storage Bulletin (21.09.2017cwcbull.pdf),https://cwc.gov.in/sites/default/files/21.09.2017cwcbull.pdf,2017-09-21,*2 PONG DAM                  359.50                             5.286 21-09-2017     86        73         82            - 360 | PUNJAB                   352.81  520.36        2.344
2017-09-21,Ranjit Sagar,,,,,CWC Weekly Reservoir Storage Bulletin (21.09.2017cwcbull.pdf),https://cwc.gov.in/sites/default/files/21.09.2017cwcbull.pdf,2017-09-21,*3 THEIN                     269.14                             1.760 21-09-2017     75        73         66 348 600 | 146.3
2019-11-21,Bhakra,1679.99,,,,CWC Weekly Reservoir Storage Bulletin (21.11.2019-fbpdf.pdf),https://cwc.gov.in/sites/default/files/21.11.2019-fbpdf.pdf,2019-11-21,*1 GOBIND SAGAR(BHAKRA) 512.06 505.31  6.229     4.609 21-11-2019     74        86       80 676 1379
2019-11-21,Pong,,,,,CWC Weekly Reservoir Storage Bulletin (21.11.2019-fbpdf.pdf),https://cwc.gov.in/sites/default/files/21.11.2019-fbpdf.pdf,2019-11-21,Pong Dam | 6.16              3.85                                    -7
2019-11-21,Ranjit Sagar,1731.99,,,,CWC Weekly Reservoir Storage Bulletin (21.11.2019-fbpdf.pdf),https://cwc.gov.in/sites/default/files/21.11.2019-fbpdf.pdf,2019-11-21,*4 THEIN DAM            527.91 520.89  2.344     1.841 21-11-2019     79        80       57 348 600 | RAJASTHAN
2017-12-21,Bhakra,1644.16,,,,CWC Weekly Reservoir Storage Bulletin (21.12.2017cwcbull.pdf),https://cwc.gov.in/sites/default/files/21.12.2017cwcbull.pdf,2017-12-21,*1 GOBIND SAGAR(BHAKRA)              501.14        6.229        4.313 21-12-2017     69        48         66 676 1200 | 280.75  411.76        6.157
2017-12-21,Pong,,,,,CWC Weekly Reservoir Storage Bulletin (21.12.2017cwcbull.pdf),https://cwc.gov.in/sites/default/files/21.12.2017cwcbull.pdf,2017-12-21,*2 PONG DAM                  359.50                             3.336 21-12-2017     54        47         52            - 360 | PUNJAB                   352.81  506.74        2.344
2017-12-21,Ranjit Sagar,,,,,CWC Weekly Reservoir Storage Bulletin (21.12.2017cwcbull.pdf),https://cwc.gov.in/sites/default/files/21.12.2017cwcbull.pdf,2017-12-21,*3 THEIN                     269.14                             0.964 21-12-2017     41        40         46 348 600 | 146.3
2021-01-21,Bhakra,,,,,CWC Weekly Reservoir Storage Bulletin (21012021-full-bul.pdf),https://cwc.gov.in/sites/default/files/21012021-full-bul.pdf,2021-01-21,Himachal Pradesh  3          GOBIND SAGAR(BHAKRA)         64
2021-01-21,Pong,,,,,CWC Weekly Reservoir Storage Bulletin (21012021-full-bul.pdf),https://cwc.gov.in/sites/default/files/21012021-full-bul.pdf,2021-01-21,Himachal Pradesh             30               Pong Dam            6.16           2.47  -18
2021-01-21,Ranjit Sagar,,,,,CWC Weekly Reservoir Storage Bulletin (21012021-full-bul.pdf),https://cwc.gov.in/sites/default/files/21012021-full-bul.pdf,2021-01-21,THEIN DAM                 39                                                                                     to   to            to
2022-07-21,Bhakra,,,,,CWC Weekly Reservoir Storage Bulletin (21072022-bulletin.pdf),https://cwc.gov.in/sites/default/files/21072022-bulletin.pdf,2022-07-21,Rajasthan                      GOBIND SAGAR(BHAKRA)                74 | 6             BANSAGAR                  73
2022-07-21,Pong,1389.99,,,,CWC Weekly Reservoir Storage Bulletin (21072022-bulletin.pdf),https://cwc.gov.in/sites/default/files/21072022-bulletin.pdf,2022-07-21,*2 PONG DAM(BEAS)         423.67  401.78       6.157     1.592 21-07-2022      26       21        31  0 396
2022-07-21,Ranjit Sagar,,,,,CWC Weekly Reservoir Storage Bulletin (21072022-bulletin.pdf),https://cwc.gov.in/sites/default/files/21072022-bulletin.pdf,2022-07-21,*4 THEIN DAM
2023-09-21,Bhakra,1679.99,,,,CWC Weekly Reservoir Storage Bulletin (21092023-fbpdf.pdf),https://cwc.gov.in/sites/default/files/21092023-fbpdf.pdf,2023-09-21,1 GOBIND SAGAR(BHAKRA)   512.06 510.42    6.229     5.397 21-09-2023      87       82            83 676 1379
2023-09-21,Pong,1389.99,,,,CWC Weekly Reservoir Storage Bulletin (21092023-fbpdf.pdf),https://cwc.gov.in/sites/default/files/21092023-fbpdf.pdf,2023-09-21,*2 PONG DAM(BEAS)        423.67 423.47    6.157     5.727 21-09-2023      93       82            79       0 396
2023-09-21,Ranjit Sagar,,,,,CWC Weekly Reservoir Storage Bulletin (21092023-fbpdf.pdf),https://cwc.gov.in/sites/default/files/21092023-fbpdf.pdf,2023-09-21,4 THEIN DAM
2021-10-21,Bhakra,1679.99,,,,CWC Weekly Reservoir Storage Bulletin (21102021-fb-pdf.pdf),https://cwc.gov.in/sites/default/files/21102021-fb-pdf.pdf,2021-10-21,*1 GOBIND SAGAR(BHAKRA)  512.06   501.97  6.229     4.130  21-10-2021     66       63       82 676 1379 | 423.67   411.95  6.157     3.250  21-10-2021
2021-10-21,Pong,,,,,CWC Weekly Reservoir Storage Bulletin (21102021-fb-pdf.pdf),https://cwc.gov.in/sites/default/files/21102021-fb-pdf.pdf,2021-10-21,Himachal Pradesh  3            PONG DAM(BEAS)             65
2021-10-21,Ranjit Sagar,,,,,CWC Weekly Reservoir Storage Bulletin (21102021-fb-pdf.pdf),https://cwc.gov.in/sites/default/files/21102021-fb-pdf.pdf,2021-10-21,Punjab            1            THEIN DAM                  69
2023-12-21,Bhakra,1679.99,,,,CWC Weekly Reservoir Storage Bulletin (21122023-fb.pdf),https://cwc.gov.in/sites/default/files/21122023-fb.pdf,2023-12-21,1 GOBIND SAGAR(BHAKRA)   512.06 499.13    6.229     3.736 21-12-2023      60       64            65 676 1379
2023-12-21,Pong,,,,,CWC Weekly Reservoir Storage Bulletin (21122023-fb.pdf),https://cwc.gov.in/sites/default/files/21122023-fb.pdf,2023-12-21,Himachal Pradesh      45             -32            Pong Dam              6.16              4.08  21
2023-12-21,Ranjit Sagar,,,,,CWC Weekly Reservoir Storage Bulletin (21122023-fb.pdf),https://cwc.gov.in/sites/default/files/21122023-fb.pdf,2023-12-21,4 THEIN DAM
2018-02-22,Bhakra,1595.77,,,,CWC Weekly Reservoir Storage Bulletin (22.02.2018cwcbull.pdf),https://cwc.gov.in/sites/default/files/22.02.2018cwcbull.pdf,2018-02-22,*1 GOBIND SAGAR(BHAKRA)              486.39        6.229        2.515 22-02-2018     40           26         39 676 1200 | 280.75  402.53        6.157
2018-02-22,Pong,,,,,CWC Weekly Reservoir Storage Bulletin (22.02.2018cwcbull.pdf),https://cwc.gov.in/sites/default/files/22.02.2018cwcbull.pdf,2018-02-22,*2 PONG DAM                  359.50                             1.788 21-02-2018     29           27         32         - 360 | PUNJAB                   352.81  495.80        2.344
2018-02-22,Ranjit Sagar,,,,,CWC Weekly Reservoir Storage Bulletin (22.02.2018cwcbull.pdf),https://cwc.gov.in/sites/default/files/22.02.2018cwcbull.pdf,2018-02-22,*3 THEIN                     269.14                             0.469 22-02-2018     20           37         29 348 600 | 146.3
2018-03-22,Bhakra,1561.81,,,,CWC Weekly Reservoir Storage Bulletin (22.03.2018cwcbull.pdf),https://cwc.gov.in/sites/default/files/22.03.2018cwcbull.pdf,2018-03-22,*1 GOBIND SAGAR(BHAKRA)              476.04        6.229        1.572 22-03-2018     25           15         27 676 1200 | 280.75  396.34        6.157
2018-03-22,Pong,,,,,CWC Weekly Reservoir Storage Bulletin (22.03.2018cwcbull.pdf),https://cwc.gov.in/sites/default/files/22.03.2018cwcbull.pdf,2018-03-22,PONG DAM                  6                                                                                                               to to to
2018-03-22,Ranjit Sagar,,,,,CWC Weekly Reservoir Storage Bulletin (22.03.2018cwcbull.pdf),https://cwc.gov.in/sites/default/files/22.03.2018cwcbull.pdf,2018-03-22,*3 THEIN                     269.14                             0.450 15-03-2018     19           37         31 348 600 | 146.3
2017-06-22,Bhakra,1564.17,,,,CWC Weekly Reservoir Storage Bulletin (22.06.2017cwcbull.pdf),https://cwc.gov.in/sites/default/files/22.06.2017cwcbull.pdf,2017-06-22,*1 GOBIND SAGAR(BHAKRA)              476.76        6.229        1.632 22-06-2017     26           30         29 676 1200 | 280.75  392.26        6.157
2017-06-22,Pong,,,,,CWC Weekly Reservoir Storage Bulletin (22.06.2017cwcbull.pdf),https://cwc.gov.in/sites/default/files/22.06.2017cwcbull.pdf,2017-06-22,14 PONG DAM                        41
2017-06-22,Ranjit Sagar,,,,,CWC Weekly Reservoir Storage Bulletin (22.06.2017cwcbull.pdf),https://cwc.gov.in/sites/default/files/22.06.2017cwcbull.pdf,2017-06-22,*3 THEIN                     269.14                             1.360 22-06-2017     58           37         47 348 600 | 146.3
2019-08-22,Bhakra,1679.99,,,,CWC Weekly Reservoir Storage Bulletin (22.08.2019-cwc-bull.pdf),https://cwc.gov.in/sites/default/files/22.08.2019-cwc-bull.pdf,2019-08-22,*1 GOBIND SAGAR(BHAKRA) 512.06 511.47  6.229     5.562 22-08-2019     89        58       74 676 1200
2019-08-22,Pong,1389.99,,,,CWC Weekly Reservoir Storage Bulletin (22.08.2019-cwc-bull.pdf),https://cwc.gov.in/sites/default/files/22.08.2019-cwc-bull.pdf,2019-08-22,*2 PONG DAM(BEAS)       423.67 420.37  6.157     4.994 22-08-2019     81        62       71   - 360 | PUNJAB
2019-08-22,Ranjit Sagar,1731.99,,,,CWC Weekly Reservoir Storage Bulletin (22.08.2019-cwc-bull.pdf),https://cwc.gov.in/sites/default/files/22.08.2019-cwc-bull.pdf,2019-08-22,*3 THEIN DAM            527.91 524.36  2.344     2.078 22-08-2019     89        69       67 348 600
2016-09-22,Bhakra,1650.39,,,,CWC Weekly Reservoir Storage Bulletin (22.09.2016cwcbull.pdf),https://cwc.gov.in/sites/default/files/22.09.2016cwcbull.pdf,2016-09-22,*1 GOBIND SAGAR(BHAKRA)              503.04        6.229        4.584 22-09-2016     74           94         90 676 1200 | 280.75  417.28        6.157
2016-09-22,Pong,,,,,CWC Weekly Reservoir Storage Bulletin (22.09.2016cwcbull.pdf),https://cwc.gov.in/sites/default/files/22.09.2016cwcbull.pdf,2016-09-22,*2 PONG DAM                  359.50                             4.449 22-09-2016     72           85         85         - 360 | PUNJAB                   352.81  519.59        2.344
2016-09-22,Ranjit Sagar,,,,,CWC Weekly Reservoir Storage Bulletin (22.09.2016cwcbull.pdf),https://cwc.gov.in/sites/default/files/22.09.2016cwcbull.pdf,2016-09-22,*3 THEIN                     269.14                             1.721 22-09-2016     73           50         66 348 600 | 146.3
2020-10-22,Bhakra,,,,,CWC Weekly Reservoir Storage Bulletin (22.10.2020-fb-pdf.pdf),https://cwc.gov.in/sites/default/files/22.10.2020-fb-pdf.pdf,2020-10-22,Himachal Pradesh  3          GOBIND SAGAR(BHAKRA)            74
2020-10-22,Pong,,,,,CWC Weekly Reservoir Storage Bulletin (22.10.2020-fb-pdf.pdf),https://cwc.gov.in/sites/default/files/22.10.2020-fb-pdf.pdf,2020-10-22,Pong Dam            6.16              4.15  -18
2020-10-22,Ranjit Sagar,,,,,CWC Weekly Reservoir Storage Bulletin (22.10.2020-fb-pdf.pdf),https://cwc.gov.in/sites/default/files/22.10.2020-fb-pdf.pdf,2020-10-22,Punjab            1          THEIN DAM                       75
2018-11-22,Bhakra,1666.8,,,,CWC Weekly Reservoir Storage Bulletin (22.11.2018cwcbull_1.pdf),https://cwc.gov.in/sites/default/files/22.11.2018cwcbull_1.pdf,2018-11-22,*1 GOBIND SAGAR(BHAKRA)              508.04        6.229        5.328 22-11-2018     86           79         78 676 1200 | 280.75  420.68        6.157        5.202 17-11-2018
2018-11-22,Pong,,,,,CWC Weekly Reservoir Storage Bulletin (22.11.2018cwcbull_1.pdf),https://cwc.gov.in/sites/default/files/22.11.2018cwcbull_1.pdf,2018-11-22,*2 PONG DAM                  359.50                                                  84           67         68         - 360 | PUNJAB                   352.81  522.17        2.344        1.880 22-11-2018
2018-11-22,Ranjit Sagar,,,,,CWC Weekly Reservoir Storage Bulletin (22.11.2018cwcbull_1.pdf),https://cwc.gov.in/sites/default/files/22.11.2018cwcbull_1.pdf,2018-11-22,*3 THEIN                     269.14                             1.666 20-11-2018     80           49         54 348 600 | 146.3                             0.120 20-11-2018
2016-12-22,Bhakra,1609.02,,,,CWC Weekly Reservoir Storage Bulletin (22.12.2016cwcbull.pdf),https://cwc.gov.in/sites/default/files/22.12.2016cwcbull.pdf,2016-12-22,*1 GOBIND SAGAR(BHAKRA)              490.43        6.229        2.959 22-12-2016     48           73         68 676 1200 | 280.75  409.32        6.157
2016-12-22,Pong,,,,,CWC Weekly Reservoir Storage Bulletin (22.12.2016cwcbull.pdf),https://cwc.gov.in/sites/default/files/22.12.2016cwcbull.pdf,2016-12-22,*2 PONG DAM                  359.50                             2.894 22-12-2016     47           57         53         - 360 | PUNJAB                   352.81  506.28        2.344
2016-12-22,Ranjit Sagar,,,,,CWC Weekly Reservoir Storage Bulletin (22.12.2016cwcbull.pdf),https://cwc.gov.in/sites/default/files/22.12.2016cwcbull.pdf,2016-12-22,*3 THEIN                     269.14                             0.939 22-12-2016     40           29         48 348 600 | 146.3
2023-06-22,Bhakra,1679.99,,,,CWC Weekly Reservoir Storage Bulletin (22062023-fb.pdf),https://cwc.gov.in/sites/default/files/22062023-fb.pdf,2023-06-22,1 GOBIND SAGAR(BHAKRA)   512.06 481.34   6.229     1.776 22-06-2023   29        23           29 676 1379
2023-06-22,Pong,,,,,CWC Weekly Reservoir Storage Bulletin (22062023-fb.pdf),https://cwc.gov.in/sites/default/files/22062023-fb.pdf,2023-06-22,Pong Dam               6.16        2.14  -1
2023-06-22,Ranjit Sagar,,,,,CWC Weekly Reservoir Storage Bulletin (22062023-fb.pdf),https://cwc.gov.in/sites/default/files/22062023-fb.pdf,2023-06-22,4 THEIN DAM
2021-07-22,Bhakra,,,,,CWC Weekly Reservoir Storage Bulletin (22072021-bulletin.pdf),https://cwc.gov.in/sites/default/files/22072021-bulletin.pdf,2021-07-22,GOBIND SAGAR(BHAKRA) 49
2021-07-22,Pong,,,,,CWC Weekly Reservoir Storage Bulletin (22072021-bulletin.pdf),https://cwc.gov.in/sites/default/files/22072021-bulletin.pdf,2021-07-22,3            PONG DAM(BEAS)          60
2021-07-22,Ranjit Sagar,,,,,CWC Weekly Reservoir Storage Bulletin (22072021-bulletin.pdf),https://cwc.gov.in/sites/default/files/22072021-bulletin.pdf,2021-07-22,THEIN DAM                 47
2022-09-22,Bhakra,1679.99,,,,CWC Weekly Reservoir Storage Bulletin (22092022-fb.pdf),https://cwc.gov.in/sites/default/files/22092022-fb.pdf,2022-09-22,*1 GOBIND SAGAR(BHAKRA)   512.06   508.31       6.229     5.069 22-09-2022     81       64        82 676 1379 | 423.67   421.34       6.157
2022-09-22,Pong,,,,,CWC Weekly Reservoir Storage Bulletin (22092022-fb.pdf),https://cwc.gov.in/sites/default/files/22092022-fb.pdf,2022-09-22,*2 PONG DAM(BEAS)                  640.88       0.089     5.056 22-09-2022     82       55        80  0 396 | 642
2022-09-22,Ranjit Sagar,,,,,CWC Weekly Reservoir Storage Bulletin (22092022-fb.pdf),https://cwc.gov.in/sites/default/files/22092022-fb.pdf,2022-09-22,Punjab                330                -21        Thein                2.34       1.84  20
2022-12-22,Bhakra,1679.99,,,,CWC Weekly Reservoir Storage Bulletin (22122022.pdf),https://cwc.gov.in/sites/default/files/22122022.pdf,2022-12-22,*1 GOBIND SAGAR(BHAKRA)  512.06 500.76   6.229     3.958 22-12-2022  64      53        64 676 1379
2022-12-22,Pong,,,,,CWC Weekly Reservoir Storage Bulletin (22122022.pdf),https://cwc.gov.in/sites/default/files/22122022.pdf,2022-12-22,West Rajasthan        4                  -70        Pong Dam        6.16              4.08  -1
2022-12-22,Ranjit Sagar,,,,,CWC Weekly Reservoir Storage Bulletin (22122022.pdf),https://cwc.gov.in/sites/default/files/22122022.pdf,2022-12-22,Punjab                11                 -43        Thein           2.34              1.63  50
2021-04-22,Bhakra,,,,,CWC Weekly Reservoir Storage Bulletin (2242021-fb.pdf),https://cwc.gov.in/sites/default/files/2242021-fb.pdf,2021-04-22,GOBIND SAGAR(BHAKRA) 42
2021-04-22,Pong,,,,,CWC Weekly Reservoir Storage Bulletin (2242021-fb.pdf),https://cwc.gov.in/sites/default/files/2242021-fb.pdf,2021-04-22,PONG DAM(BEAS)            45
2021-04-22,Ranjit Sagar,,,,,CWC Weekly Reservoir Storage Bulletin (2242021-fb.pdf),https://cwc.gov.in/sites/default/files/2242021-fb.pdf,2021-04-22,Punjab            1            THEIN DAM             57
2020-01-23,Bhakra,1679.99,,,,CWC Weekly Reservoir Storage Bulletin (23.01.2020-fb-pdf.pdf),https://cwc.gov.in/sites/default/files/23.01.2020-fb-pdf.pdf,2020-01-23,*1 GOBIND SAGAR(BHAKRA)  512.06  498.84       6.229     3.698 23-01-2020     59       69        55 676 1379
2020-01-23,Pong,1389.99,,,,CWC Weekly Reservoir Storage Bulletin (23.01.2020-fb-pdf.pdf),https://cwc.gov.in/sites/default/files/23.01.2020-fb-pdf.pdf,2020-01-23,*2 PONG DAM(BEAS)        423.67  416.53       6.157     4.161 23-01-2020     68       57        43  0 396
2020-01-23,Ranjit Sagar,,,,,CWC Weekly Reservoir Storage Bulletin (23.01.2020-fb-pdf.pdf),https://cwc.gov.in/sites/default/files/23.01.2020-fb-pdf.pdf,2020-01-23,*4 THEIN DAM
2017-02-23,Bhakra,1563.58,,,,CWC Weekly Reservoir Storage Bulletin (23.02.2017cwcbulletin.pdf),https://cwc.gov.in/sites/default/files/23.02.2017cwcbulletin.pdf,2017-02-23,*1 GOBIND SAGAR(BHAKRA)              476.58        6.229        1.617 21-02-2017     26           47         42 676 1200 | 280.75  401.85        6.157
2017-02-23,Pong,,,,,CWC Weekly Reservoir Storage Bulletin (23.02.2017cwcbulletin.pdf),https://cwc.gov.in/sites/default/files/23.02.2017cwcbulletin.pdf,2017-02-23,*2 PONG DAM                  359.50                             1.691 21-02-2017     27           24         35         - 360 | PUNJAB                   352.81  504.99        2.344
2017-02-23,Ranjit Sagar,,,,,CWC Weekly Reservoir Storage Bulletin (23.02.2017cwcbulletin.pdf),https://cwc.gov.in/sites/default/files/23.02.2017cwcbulletin.pdf,2017-02-23,*3 THEIN                     269.14                             0.866 23-02-2017     37           20         28 348 600 | 146.3
2016-03-23,Bhakra,1580.97,,,,CWC Weekly Reservoir Storage Bulletin (23.03.2016cwcbull.pdf),https://cwc.gov.in/sites/default/files/23.03.2016cwcbull.pdf,2016-03-23,*1 GOBIND SAGAR(BHAKRA)              481.88        6.229        2.063 23-03-2016     33           31         31 676 1200 | 280.75  396.86        6.157
2016-03-23,Pong,,,,,CWC Weekly Reservoir Storage Bulletin (23.03.2016cwcbull.pdf),https://cwc.gov.in/sites/default/files/23.03.2016cwcbull.pdf,2016-03-23,*2 PONG DAM                  359.50                             1.056 23-03-2016     17           29         31         - 360 | PUNJAB                   352.81  497.47        2.344
2016-03-23,Ranjit Sagar,,,,,CWC Weekly Reservoir Storage Bulletin (23.03.2016cwcbull.pdf),https://cwc.gov.in/sites/default/files/23.03.2016cwcbull.pdf,2016-03-23,*3 THEIN                     269.14                             0.526 23-03-2016     22           42         33 348 600 | 146.3
2017-03-23,Bhakra,,,,,CWC Weekly Reservoir Storage Bulletin (23.03.2017cwcbull.pdf),https://cwc.gov.in/sites/default/files/23.03.2017cwcbull.pdf,2017-03-23,ALMATTI                   21 GOBIND SAGAR(BHAKRA 50
2017-03-23,Pong,,,,,CWC Weekly Reservoir Storage Bulletin (23.03.2017cwcbull.pdf),https://cwc.gov.in/sites/default/files/23.03.2017cwcbull.pdf,2017-03-23,*2 PONG DAM                  359.50                             1.029 23-03-2017     17           17         29         - 360 | PUNJAB                   352.81  504.42        2.344
2017-03-23,Ranjit Sagar,,,,,CWC Weekly Reservoir Storage Bulletin (23.03.2017cwcbull.pdf),https://cwc.gov.in/sites/default/files/23.03.2017cwcbull.pdf,2017-03-23,*3 THEIN                     269.14                             0.842 23-03-2017     36           22         33 348 600 | 146.3
2015-04-23,Bhakra,1679.99,,,,CWC Weekly Reservoir Storage Bulletin (23.04.2015.pdf),https://cwc.gov.in/sites/default/files/23.04.2015.pdf,2015-04-23,*1 GOBIND SAGAR(BHAKRA)      512.06                             2.187 4/23/2015     35           34         25 676 1200 | 423.67  269.05      1.711
2015-04-23,Pong,,,,,CWC Weekly Reservoir Storage Bulletin (23.04.2015.pdf),https://cwc.gov.in/sites/default/files/23.04.2015.pdf,2015-04-23,*2 PONG DAM                          343.65      0.132          2.095 4/23/2015     34           29         31     - 360 | PUNJAB                           346.41      1.436
2015-04-23,Ranjit Sagar,1731.99,,,,CWC Weekly Reservoir Storage Bulletin (23.04.2015.pdf),https://cwc.gov.in/sites/default/files/23.04.2015.pdf,2015-04-23,*3 THEIN                     527.91  257.97      0.821          1.599 4/23/2015     68           65         40 348 600 | RAJASTHAN                        138.69      0.471
2019-05-23,Bhakra,1614.99,,,,CWC Weekly Reservoir Storage Bulletin (23.05.2019cwcbull_1.pdf),https://cwc.gov.in/sites/default/files/23.05.2019cwcbull_1.pdf,2019-05-23,*1 GOBIND SAGAR(BHAKRA)              492.25        6.229        2.881 23-05-2019     46           7          22 676 1200 | 280.75  407.81        6.157
2019-05-23,Pong,,,,,CWC Weekly Reservoir Storage Bulletin (23.05.2019cwcbull_1.pdf),https://cwc.gov.in/sites/default/files/23.05.2019cwcbull_1.pdf,2019-05-23,*2 PONG DAM                  359.50                             2.521 23-05-2019     41           10         23         - 360 | PUNJAB                   352.81  519.79        2.344
2019-05-23,Ranjit Sagar,,,,,CWC Weekly Reservoir Storage Bulletin (23.05.2019cwcbull_1.pdf),https://cwc.gov.in/sites/default/files/23.05.2019cwcbull_1.pdf,2019-05-23,*3 THEIN                     269.14                             1.721 23-05-2019     73           25         42 348 600 | 146.3
2016-06-23,Bhakra,1572.87,,,,CWC Weekly Reservoir Storage Bulletin (23.06.2016cwcbull.pdf),https://cwc.gov.in/sites/default/files/23.06.2016cwcbull.pdf,2016-06-23,*1 GOBIND SAGAR(BHAKRA)              479.41        6.229        1.853 22-06-2016     30           43         29 676 1200 | 280.75  390.53        6.157
2016-06-23,Pong,,,,,CWC Weekly Reservoir Storage Bulletin (23.06.2016cwcbull.pdf),https://cwc.gov.in/sites/default/files/23.06.2016cwcbull.pdf,2016-06-23,ALMATTI                   10 PONG DAM                        28 JHAKAM                                                            36
2016-06-23,Ranjit Sagar,,,,,CWC Weekly Reservoir Storage Bulletin (23.06.2016cwcbull.pdf),https://cwc.gov.in/sites/default/files/23.06.2016cwcbull.pdf,2016-06-23,*3 THEIN                     269.14                             0.866 22-06-2016     37           82         49 348 600 | 146.3
2015-07-23,Bhakra,,,,,CWC Weekly Reservoir Storage Bulletin (23.07.2015resv.bull.pdf),https://cwc.gov.in/sites/default/files/23.07.2015resv.bull.pdf,2015-07-23,*1 GOBIND SAGAR(BHAKRA)                                         4.054 22-07-2015     65           61         48 676 1200 | 280.75  270.90      1.711
2015-07-23,Pong,,,,,CWC Weekly Reservoir Storage Bulletin (23.07.2015resv.bull.pdf),https://cwc.gov.in/sites/default/files/23.07.2015resv.bull.pdf,2015-07-23,*2 PONG DAM                  359.50  343.50      0.132          3.437 22-07-2015     56           32         35         - 360 | PUNJAB                   352.81  346.81      1.436
2015-07-23,Ranjit Sagar,,,,,CWC Weekly Reservoir Storage Bulletin (23.07.2015resv.bull.pdf),https://cwc.gov.in/sites/default/files/23.07.2015resv.bull.pdf,2015-07-23,*3 THEIN                     269.14  259.61      0.821          1.959 21-07-2015     84           72         50 348 600 | 146.3  142.99      0.471
2020-07-23,Bhakra,1679.99,,,,CWC Weekly Reservoir Storage Bulletin (23.07.2020-fb-pdf.pdf),https://cwc.gov.in/sites/default/files/23.07.2020-fb-pdf.pdf,2020-07-23,*1 GOBIND SAGAR(BHAKRA)  512.06  490.80       6.229     2.719 23-07-2020     44       57        44 676 1379
2020-07-23,Pong,,,,,CWC Weekly Reservoir Storage Bulletin (23.07.2020-fb-pdf.pdf),https://cwc.gov.in/sites/default/files/23.07.2020-fb-pdf.pdf,2020-07-23,Himachal Pradesh                    145   -33         Pong Dam        6.16             2.43  17
2020-07-23,Ranjit Sagar,,,,,CWC Weekly Reservoir Storage Bulletin (23.07.2020-fb-pdf.pdf),https://cwc.gov.in/sites/default/files/23.07.2020-fb-pdf.pdf,2020-07-23,Jammu & Kashmir                     56    -63         Thein           2.34             1.17  1 | East Rajasthan
2018-08-23,Bhakra,,,,,CWC Weekly Reservoir Storage Bulletin (23.08.2018cwcbull_1.pdf),https://cwc.gov.in/sites/default/files/23.08.2018cwcbull_1.pdf,2018-08-23,*1 GOBIND SAGAR(BHAKRA)                                         3.664 23-08-2018     59           84         78 676 1200 | 280.75  276.15      1.711          3.908 23-08-2018
2018-08-23,Pong,,,,,CWC Weekly Reservoir Storage Bulletin (23.08.2018cwcbull_1.pdf),https://cwc.gov.in/sites/default/files/23.08.2018cwcbull_1.pdf,2018-08-23,*2 PONG DAM                  359.50  354.65      0.132                               63           83         74     - 360 | PUNJAB                   352.81  349.25      1.436          1.660 23-08-2018
2018-08-23,Ranjit Sagar,,,,,CWC Weekly Reservoir Storage Bulletin (23.08.2018cwcbull_1.pdf),https://cwc.gov.in/sites/default/files/23.08.2018cwcbull_1.pdf,2018-08-23,*3 THEIN                     269.14  259.31      0.821          1.116 23-08-2018     71           79         68 348 600 | 146.30  143.56      0.471          0.088 23-08-2018
2017-11-23,Bhakra,1657.41,,,,CWC Weekly Reservoir Storage Bulletin (23.11.2017cwc.pdf),https://cwc.gov.in/sites/default/files/23.11.2017cwc.pdf,2017-11-23,*1 GOBIND SAGAR(BHAKRA)              505.18        6.229        4.892 23-11-2017     79        58         77 676 1200 | 280.75  415.08        6.157        3.986 23-11-2017
2017-11-23,Pong,,,,,CWC Weekly Reservoir Storage Bulletin (23.11.2017cwc.pdf),https://cwc.gov.in/sites/default/files/23.11.2017cwc.pdf,2017-11-23,*2 PONG DAM                  359.50                                                  65        56         63            - 360 | PUNJAB                   352.81  510.44        2.344        1.141 22-11-2017
2017-11-23,Ranjit Sagar,,,,,CWC Weekly Reservoir Storage Bulletin (23.11.2017cwc.pdf),https://cwc.gov.in/sites/default/files/23.11.2017cwc.pdf,2017-11-23,*3 THEIN                     269.14                             1.692 23-11-2017     49        49         54 348 600 | 146.3                             0.117 23-11-2017
2015-12-23,Bhakra,1649.64,,,,CWC Weekly Reservoir Storage Bulletin (23.12.2015cwcbull.pdf),https://cwc.gov.in/sites/default/files/23.12.2015cwcbull.pdf,2015-12-23,*1 GOBIND SAGAR(BHAKRA)              502.81        6.229        4.552 22-12-2015     73           66         68 676 1200 | 280.75  412.63        6.157
2015-12-23,Pong,,,,,CWC Weekly Reservoir Storage Bulletin (23.12.2015cwcbull.pdf),https://cwc.gov.in/sites/default/files/23.12.2015cwcbull.pdf,2015-12-23,*2 PONG DAM                  359.50                             3.503 22-12-2015     57           41         54         - 360 | PUNJAB                   352.81  501.27        2.344
2015-12-23,Ranjit Sagar,,,,,CWC Weekly Reservoir Storage Bulletin (23.12.2015cwcbull.pdf),https://cwc.gov.in/sites/default/files/23.12.2015cwcbull.pdf,2015-12-23,*3 THEIN                     269.14  276.65        1.711        0.695 21-12-2015     30           43         49 348 600 | 146.3  353.05        0.132
2025-01-23,Bhakra,,,,,CWC Weekly Reservoir Storage Bulletin (23012025-fbpdf_1.pdf),https://cwc.gov.in/sites/default/files/23012025-fbpdf_1.pdf,2025-01-23,Odisha                 6   GOBIND SAGAR(BHAKRA)  76 | Punjab
2025-01-23,Pong,,,,,CWC Weekly Reservoir Storage Bulletin (23012025-fbpdf_1.pdf),https://cwc.gov.in/sites/default/files/23012025-fbpdf_1.pdf,2025-01-23,PONG DAM(BEAS)               48                                                                             1      0        5
2025-01-23,Ranjit Sagar,,,,,CWC Weekly Reservoir Storage Bulletin (23012025-fbpdf_1.pdf),https://cwc.gov.in/sites/default/files/23012025-fbpdf_1.pdf,2025-01-23,THEIN DAM                    50
2023-02-23,Bhakra,1679.99,,,,CWC Weekly Reservoir Storage Bulletin (23022023-bulletin.pdf),https://cwc.gov.in/sites/default/files/23022023-bulletin.pdf,2023-02-23,1 GOBIND SAGAR(BHAKRA)    512.06  488.90       6.229     2.507 23-02-2023     40       36        41 676 1379
2023-02-23,Pong,,,,,CWC Weekly Reservoir Storage Bulletin (23022023-bulletin.pdf),https://cwc.gov.in/sites/default/files/23022023-bulletin.pdf,2023-02-23,Pong Dam | Thein                0.16          0.04  96
2023-02-23,Ranjit Sagar,,,,,CWC Weekly Reservoir Storage Bulletin (23022023-bulletin.pdf),https://cwc.gov.in/sites/default/files/23022023-bulletin.pdf,2023-02-23,Thein                0.16          0.04  96 | Gobind Sagar
2023-03-23,Bhakra,1679.99,,,,CWC Weekly Reservoir Storage Bulletin (230323-fb.pdf),https://cwc.gov.in/sites/default/files/230323-fb.pdf,2023-03-23,1 GOBIND SAGAR(BHAKRA)   512.06 482.24   6.229     1.857 23-03-2023      30       26       34 676 1379
2023-03-23,Pong,,,,,CWC Weekly Reservoir Storage Bulletin (230323-fb.pdf),https://cwc.gov.in/sites/default/files/230323-fb.pdf,2023-03-23,Himachal Pradesh   39                 -73           Pong Dam        6.16              2.09  -12 | -42
2023-03-23,Ranjit Sagar,,,,,CWC Weekly Reservoir Storage Bulletin (230323-fb.pdf),https://cwc.gov.in/sites/default/files/230323-fb.pdf,2023-03-23,Jammu & Kashmir    40                               Thein           2.34              1.09  50
2022-06-23,Bhakra,,,,,CWC Weekly Reservoir Storage Bulletin (2306-2022-bulletin.pdf),https://cwc.gov.in/sites/default/files/2306-2022-bulletin.pdf,2022-06-23,Uttar Pradesh                    GOBIND SAGAR(BHAKRA)                64 | Uttarakhand                  1                                       51
2022-06-23,Pong,,,,,CWC Weekly Reservoir Storage Bulletin (2306-2022-bulletin.pdf),https://cwc.gov.in/sites/default/files/2306-2022-bulletin.pdf,2022-06-23,6        PONG DAM(BEAS)                 39 | 8               KOL DAM                 67
2022-06-23,Ranjit Sagar,,,,,CWC Weekly Reservoir Storage Bulletin (2306-2022-bulletin.pdf),https://cwc.gov.in/sites/default/files/2306-2022-bulletin.pdf,2022-06-23,THEIN DAM | BISALPUR
2021-09-23,Bhakra,,,,,CWC Weekly Reservoir Storage Bulletin (23092021-fb-pdf.pdf),https://cwc.gov.in/sites/default/files/23092021-fb-pdf.pdf,2021-09-23,GOBIND SAGAR(BHAKRA)    75
2021-09-23,Pong,,,,,CWC Weekly Reservoir Storage Bulletin (23092021-fb-pdf.pdf),https://cwc.gov.in/sites/default/files/23092021-fb-pdf.pdf,2021-09-23,Himachal Pradesh  3            PONG DAM(BEAS)          65
2021-09-23,Ranjit Sagar,,,,,CWC Weekly Reservoir Storage Bulletin (23092021-fb-pdf.pdf),https://cwc.gov.in/sites/default/files/23092021-fb-pdf.pdf,2021-09-23,Punjab            1            THEIN DAM               59
2021-12-23,Bhakra,1679.99,,,,CWC Weekly Reservoir Storage Bulletin (23122021-bulletin.pdf),https://cwc.gov.in/sites/default/files/23122021-bulletin.pdf,2021-12-23,*1 GOBIND SAGAR(BHAKRA)   512.06  493.62       6.229     3.325 23-12-2021      53      47         66 676 1379
2021-12-23,Pong,,,,,CWC Weekly Reservoir Storage Bulletin (23122021-bulletin.pdf),https://cwc.gov.in/sites/default/files/23122021-bulletin.pdf,2021-12-23,Himachal Pradesh  3            PONG DAM(BEAS)             79
2021-12-23,Ranjit Sagar,,,,,CWC Weekly Reservoir Storage Bulletin (23122021-bulletin.pdf),https://cwc.gov.in/sites/default/files/23122021-bulletin.pdf,2021-12-23,Punjab            1            THEIN DAM                  74
2018-05-24,Bhakra,,,,,CWC Weekly Reservoir Storage Bulletin (24.05.2018cwcbull_1.pdf),https://cwc.gov.in/sites/default/files/24.05.2018cwcbull_1.pdf,2018-05-24,GOBIND SAGAR(BHAKRA       30
2018-05-24,Pong,,,,,CWC Weekly Reservoir Storage Bulletin (24.05.2018cwcbull_1.pdf),https://cwc.gov.in/sites/default/files/24.05.2018cwcbull_1.pdf,2018-05-24,ISAPUR                    0 PONG DAM                         46                                                                           to to to
2018-05-24,Ranjit Sagar,,,,,CWC Weekly Reservoir Storage Bulletin (24.05.2018cwcbull_1.pdf),https://cwc.gov.in/sites/default/files/24.05.2018cwcbull_1.pdf,2018-05-24,*3 THEIN                     269.14                             0.583 24-05-2018     25           58         42 348 600 | 146.3
2016-08-24,Bhakra,1636.35,,,,CWC Weekly Reservoir Storage Bulletin (24.08.2016cwcbull.pdf),https://cwc.gov.in/sites/default/files/24.08.2016cwcbull.pdf,2016-08-24,*1 GOBIND SAGAR(BHAKRA)              498.76        6.229        3.987 24-08-2016     64           91         79 676 1200 | 280.75  415.26        6.157
2016-08-24,Pong,,,,,CWC Weekly Reservoir Storage Bulletin (24.08.2016cwcbull.pdf),https://cwc.gov.in/sites/default/files/24.08.2016cwcbull.pdf,2016-08-24,*2 PONG DAM                  359.50                             4.024 24-08-2016     65           92         74         - 360 | PUNJAB                   352.81  519.39        2.344
2016-08-24,Ranjit Sagar,,,,,CWC Weekly Reservoir Storage Bulletin (24.08.2016cwcbull.pdf),https://cwc.gov.in/sites/default/files/24.08.2016cwcbull.pdf,2016-08-24,*3 THEIN                     269.14                             1.690 24-08-2016     72           80         66 348 600 | 146.3
2017-08-24,Bhakra,1665.29,,,,CWC Weekly Reservoir Storage Bulletin (24.08.2017cwcbull.pdf),https://cwc.gov.in/sites/default/files/24.08.2017cwcbull.pdf,2017-08-24,*1 GOBIND SAGAR(BHAKRA)              507.58        6.229        5.257 24-08-2017     84        64         78 676 1200 | 280.75  420.29        6.157
2017-08-24,Pong,,,,,CWC Weekly Reservoir Storage Bulletin (24.08.2017cwcbull.pdf),https://cwc.gov.in/sites/default/files/24.08.2017cwcbull.pdf,2017-08-24,*2 PONG DAM                  359.50                             5.115 23-08-2017     83        65         73            - 360 | PUNJAB                   352.81  521.45        2.344
2017-08-24,Ranjit Sagar,,,,,CWC Weekly Reservoir Storage Bulletin (24.08.2017cwcbull.pdf),https://cwc.gov.in/sites/default/files/24.08.2017cwcbull.pdf,2017-08-24,*3 THEIN                     269.14                             1.841 24-08-2017     79        72         65 348 600 | 146.3
2019-10-24,Bhakra,1679.99,,,,CWC Weekly Reservoir Storage Bulletin (24.10.2019-full-bul.pdf),https://cwc.gov.in/sites/default/files/24.10.2019-full-bul.pdf,2019-10-24,*1 GOBIND SAGAR(BHAKRA) 512.06 508.41  6.229     5.085 24-10-19      82         87       84 676 1379
2019-10-24,Pong,,,,,CWC Weekly Reservoir Storage Bulletin (24.10.2019-full-bul.pdf),https://cwc.gov.in/sites/default/files/24.10.2019-full-bul.pdf,2019-10-24,Pong Dam | 6.16              5.16                                      9
2019-10-24,Ranjit Sagar,1731.99,,,,CWC Weekly Reservoir Storage Bulletin (24.10.2019-full-bul.pdf),https://cwc.gov.in/sites/default/files/24.10.2019-full-bul.pdf,2019-10-24,*4 THEIN DAM            527.91 522.82  2.344     1.919 24-10-19      82         92       64 348 600
2016-11-24,Bhakra,1627.66,,,,CWC Weekly Reservoir Storage Bulletin (24.11.2016cwcbull.pdf),https://cwc.gov.in/sites/default/files/24.11.2016cwcbull.pdf,2016-11-24,*1 GOBIND SAGAR(BHAKRA)              496.11        6.229        3.643 24-11-2016     58        83         78 676 1200 | 280.75  412.30        6.157
2016-11-24,Pong,,,,,CWC Weekly Reservoir Storage Bulletin (24.11.2016cwcbull.pdf),https://cwc.gov.in/sites/default/files/24.11.2016cwcbull.pdf,2016-11-24,*2 PONG DAM                  359.50                             3.439 24-11-2016     56        69         65            - 360 | PUNJAB                   352.81  510.35        2.344
2016-11-24,Ranjit Sagar,,,,,CWC Weekly Reservoir Storage Bulletin (24.11.2016cwcbull.pdf),https://cwc.gov.in/sites/default/files/24.11.2016cwcbull.pdf,2016-11-24,*3 THEIN                     269.14                             1.141 24-11-2016     49        40         56 348 600 | 146.3
2020-12-24,Bhakra,,,,,CWC Weekly Reservoir Storage Bulletin (24.12.2020-full-bul.pdf),https://cwc.gov.in/sites/default/files/24.12.2020-full-bul.pdf,2020-12-24,Himachal Pradesh  3          GOBIND SAGAR(BHAKRA)         68
2020-12-24,Pong,,,,,CWC Weekly Reservoir Storage Bulletin (24.12.2020-full-bul.pdf),https://cwc.gov.in/sites/default/files/24.12.2020-full-bul.pdf,2020-12-24,Pong Dam
2020-12-24,Ranjit Sagar,,,,,CWC Weekly Reservoir Storage Bulletin (24.12.2020-full-bul.pdf),https://cwc.gov.in/sites/default/files/24.12.2020-full-bul.pdf,2020-12-24,THEIN DAM                 47                                                                                     to 80% of normal
2022-02-24,Bhakra,1679.99,,,,CWC Weekly Reservoir Storage Bulletin (24022022-fbpdf.pdf),https://cwc.gov.in/sites/default/files/24022022-fbpdf.pdf,2022-02-24,*1 GOBIND SAGAR(BHAKRA)   512.06  486.49       6.229     2.259 23-02-2022     36       26        43 676 1379
2022-02-24,Pong,1389.99,,,,CWC Weekly Reservoir Storage Bulletin (24022022-fbpdf.pdf),https://cwc.gov.in/sites/default/files/24022022-fbpdf.pdf,2022-02-24,*2 PONG DAM(BEAS)         423.67  406.35       6.157     2.276 23-02-2022     37       26        36  0 396
2022-02-24,Ranjit Sagar,,,,,CWC Weekly Reservoir Storage Bulletin (24022022-fbpdf.pdf),https://cwc.gov.in/sites/default/files/24022022-fbpdf.pdf,2022-02-24,*4 THEIN DAM
2022-03-24,Bhakra,,,,,CWC Weekly Reservoir Storage Bulletin (24032022-bulletin.pdf),https://cwc.gov.in/sites/default/files/24032022-bulletin.pdf,2022-03-24,Himachal Pradesh  3            GOBIND SAGAR(BHAKRA)       79
2022-03-24,Pong,,,,,CWC Weekly Reservoir Storage Bulletin (24032022-bulletin.pdf),https://cwc.gov.in/sites/default/files/24032022-bulletin.pdf,2022-03-24,Bihar                 0                           Pong Dam             0.14          0.08  -6
2022-03-24,Ranjit Sagar,,,,,CWC Weekly Reservoir Storage Bulletin (24032022-bulletin.pdf),https://cwc.gov.in/sites/default/files/24032022-bulletin.pdf,2022-03-24,Thein                0.18          0.08  64
2021-06-24,Bhakra,,,,,CWC Weekly Reservoir Storage Bulletin (24062021-fbpdf.pdf),https://cwc.gov.in/sites/default/files/24062021-fbpdf.pdf,2021-06-24,GOBIND SAGAR(BHAKRA) 40
2021-06-24,Pong,,,,,CWC Weekly Reservoir Storage Bulletin (24062021-fbpdf.pdf),https://cwc.gov.in/sites/default/files/24062021-fbpdf.pdf,2021-06-24,PONG DAM(BEAS)            32
2021-06-24,Ranjit Sagar,,,,,CWC Weekly Reservoir Storage Bulletin (24062021-fbpdf.pdf),https://cwc.gov.in/sites/default/files/24062021-fbpdf.pdf,2021-06-24,Jammu & Kashmir         36   -34                  Thein           2.34              0.94                                      -6
2020-09-24,Bhakra,1679.99,,,,CWC Weekly Reservoir Storage Bulletin (24092020-fb-pdf.pdf),https://cwc.gov.in/sites/default/files/24092020-fb-pdf.pdf,2020-09-24,*1 GOBIND SAGAR(BHAKRA)  512.06   505.45     6.229     4.629 24-09-2020     74       86        88 676 1379 | 423.67   418.75     6.157
2020-09-24,Pong,,,,,CWC Weekly Reservoir Storage Bulletin (24092020-fb-pdf.pdf),https://cwc.gov.in/sites/default/files/24092020-fb-pdf.pdf,2020-09-24,Himachal Pradesh                    564  -24          Pong Dam        6.16            4.64  -14
2020-09-24,Ranjit Sagar,,,,,CWC Weekly Reservoir Storage Bulletin (24092020-fb-pdf.pdf),https://cwc.gov.in/sites/default/files/24092020-fb-pdf.pdf,2020-09-24,Punjab       1          THEIN DAM                       79
2022-11-24,Bhakra,1679.99,,,,CWC Weekly Reservoir Storage Bulletin (24112022-fbpdf.pdf),https://cwc.gov.in/sites/default/files/24112022-fbpdf.pdf,2022-11-24,*1 GOBIND SAGAR(BHAKRA)  512.06 508.50   6.229     5.098 24-11-2022  82      59        73 676 1379
2022-11-24,Pong,,,,,CWC Weekly Reservoir Storage Bulletin (24112022-fbpdf.pdf),https://cwc.gov.in/sites/default/files/24112022-fbpdf.pdf,2022-11-24,West Rajasthan        4                  -66        Pong Dam        6.16              4.55  12
2022-11-24,Ranjit Sagar,,,,,CWC Weekly Reservoir Storage Bulletin (24112022-fbpdf.pdf),https://cwc.gov.in/sites/default/files/24112022-fbpdf.pdf,2022-11-24,*4 THEIN DAM
2017-01-25,Bhakra,1586.94,,,,CWC Weekly Reservoir Storage Bulletin (25.01.2017cwcbull.pdf),https://cwc.gov.in/sites/default/files/25.01.2017cwcbull.pdf,2017-01-25,*1 GOBIND SAGAR(BHAKRA)              483.70        6.229        2.245 23-01-2017     36           61         55 676 1200 | 280.75  405.57        6.157
2017-01-25,Pong,,,,,CWC Weekly Reservoir Storage Bulletin (25.01.2017cwcbull.pdf),https://cwc.gov.in/sites/default/files/25.01.2017cwcbull.pdf,2017-01-25,*2 PONG DAM                  359.50                             2.246 24-01-2017     36           41         43         - 360 | PUNJAB                   352.81  502.67        2.344
2017-01-25,Ranjit Sagar,,,,,CWC Weekly Reservoir Storage Bulletin (25.01.2017cwcbull.pdf),https://cwc.gov.in/sites/default/files/25.01.2017cwcbull.pdf,2017-01-25,*3 THEIN                     269.14                             0.744 25-01-2017     32           20         34 348 600 | 146.3
2018-01-25,Bhakra,1618.11,,,,CWC Weekly Reservoir Storage Bulletin (25.01.2018cwcbull.pdf),https://cwc.gov.in/sites/default/files/25.01.2018cwcbull.pdf,2018-01-25,*1 GOBIND SAGAR(BHAKRA)              493.20        6.229        3.276 25-01-2018     53           36         52 676 1200 | 280.75  406.90        6.157
2018-01-25,Pong,,,,,CWC Weekly Reservoir Storage Bulletin (25.01.2018cwcbull.pdf),https://cwc.gov.in/sites/default/files/25.01.2018cwcbull.pdf,2018-01-25,*2 PONG DAM                  359.50                             2.473 25-01-2018     40           36         40         - 360 | PUNJAB                   352.81  497.96        2.344
2018-01-25,Ranjit Sagar,,,,,CWC Weekly Reservoir Storage Bulletin (25.01.2018cwcbull.pdf),https://cwc.gov.in/sites/default/files/25.01.2018cwcbull.pdf,2018-01-25,*3 THEIN                     269.14                             0.545 25-01-2018     23           32         34 348 600 | 146.3
2016-02-25,Bhakra,1606.3,,,,CWC Weekly Reservoir Storage Bulletin (25.02.2016cwcbull.pdf),https://cwc.gov.in/sites/default/files/25.02.2016cwcbull.pdf,2016-02-25,*1 GOBIND SAGAR(BHAKRA)              489.60        6.229        2.864 23-02-2016     46           37         41 676 1200 | 280.75  399.65        6.157
2016-02-25,Pong,,,,,CWC Weekly Reservoir Storage Bulletin (25.02.2016cwcbull.pdf),https://cwc.gov.in/sites/default/files/25.02.2016cwcbull.pdf,2016-02-25,*2 PONG DAM                  359.50                             1.387 25-02-2016     23           22         36         - 360 | PUNJAB                   352.81  496.11        2.344
2016-02-25,Ranjit Sagar,,,,,CWC Weekly Reservoir Storage Bulletin (25.02.2016cwcbull.pdf),https://cwc.gov.in/sites/default/files/25.02.2016cwcbull.pdf,2016-02-25,*3 THEIN                     269.14                             0.473 25-02-2016     20           29         29 348 600 | 146.3
2019-04-25,Bhakra,1624.11,,,,CWC Weekly Reservoir Storage Bulletin (25.04.2019cwcbull_1.pdf),https://cwc.gov.in/sites/default/files/25.04.2019cwcbull_1.pdf,2019-04-25,*1 GOBIND SAGAR(BHAKRA)              495.03        6.229        3.504 25-04-2019     56           18         25 676 1200 | 280.75  409.37        6.157
2019-04-25,Pong,,,,,CWC Weekly Reservoir Storage Bulletin (25.04.2019cwcbull_1.pdf),https://cwc.gov.in/sites/default/files/25.04.2019cwcbull_1.pdf,2019-04-25,*2 PONG DAM                  359.50                             2.904 25-04-2019     47           13         25         - 360 | PUNJAB                   352.81  521.67        2.344
2019-04-25,Ranjit Sagar,,,,,CWC Weekly Reservoir Storage Bulletin (25.04.2019cwcbull_1.pdf),https://cwc.gov.in/sites/default/files/25.04.2019cwcbull_1.pdf,2019-04-25,*3 THEIN                     269.14                             1.880 25-04-2019     80           22         37 348 600 | 146.3
2015-06-25,Bhakra,,,,,CWC Weekly Reservoir Storage Bulletin (25.06.2015reservoirbulletin.pdf),https://cwc.gov.in/sites/default/files/25.06.2015reservoirbulletin.pdf,2015-06-25,*1 GOBIND SAGAR(BHAKRA)                                         2.695 25-06-2015     43           41         28 676 1200 | 280.75  268.90      1.711
2015-06-25,Pong,,,,,CWC Weekly Reservoir Storage Bulletin (25.06.2015reservoirbulletin.pdf),https://cwc.gov.in/sites/default/files/25.06.2015reservoirbulletin.pdf,2015-06-25,*2 PONG DAM                  359.50  343.20      0.132          2.304 25-06-2015     37           27         22         - 360 | PUNJAB                   352.81  345.77      1.436
2015-06-25,Ranjit Sagar,,,,,CWC Weekly Reservoir Storage Bulletin (25.06.2015reservoirbulletin.pdf),https://cwc.gov.in/sites/default/files/25.06.2015reservoirbulletin.pdf,2015-06-25,*3 THEIN                     269.14  256.66      0.821          1.959 25-06-2015     84           77         47 348 600 | 146.3  136.43      0.471
2020-06-25,Bhakra,1679.99,,,,CWC Weekly Reservoir Storage Bulletin (25.06.2020-fb-pdf.pdf),https://cwc.gov.in/sites/default/files/25.06.2020-fb-pdf.pdf,2020-06-25,*1 GOBIND SAGAR(BHAKRA) 512.06 479.63  6.229  1.647 25-06-2020      26         40       29 676 1379
2020-06-25,Pong,,,,,CWC Weekly Reservoir Storage Bulletin (25.06.2020-fb-pdf.pdf),https://cwc.gov.in/sites/default/files/25.06.2020-fb-pdf.pdf,2020-06-25,Himachal Pradesh                    33    -23         Pong Dam        6.16             2.38  71
2020-06-25,Ranjit Sagar,,,,,CWC Weekly Reservoir Storage Bulletin (25.06.2020-fb-pdf.pdf),https://cwc.gov.in/sites/default/files/25.06.2020-fb-pdf.pdf,2020-06-25,Jammu & Kashmir                     26    -31         Thein           2.34             1.26  10
2018-10-25,Bhakra,1668.93,,,,CWC Weekly Reservoir Storage Bulletin (25.10.2018cwcbull_1.pdf),https://cwc.gov.in/sites/default/files/25.10.2018cwcbull_1.pdf,2018-10-25,*1 GOBIND SAGAR(BHAKRA)              508.69        6.229        5.430 25-10-2018     87        84         84 676 1200 | 280.75  422.63        6.157
2018-10-25,Pong,,,,,CWC Weekly Reservoir Storage Bulletin (25.10.2018cwcbull_1.pdf),https://cwc.gov.in/sites/default/files/25.10.2018cwcbull_1.pdf,2018-10-25,*2 PONG DAM                  359.50                             5.668 25-10-2018     92        74         76            - 360 | PUNJAB                   352.81  525.71        2.344
2018-10-25,Ranjit Sagar,,,,,CWC Weekly Reservoir Storage Bulletin (25.10.2018cwcbull_1.pdf),https://cwc.gov.in/sites/default/files/25.10.2018cwcbull_1.pdf,2018-10-25,*3 THEIN                     269.14                             2.158 25-10-2018     92        60         60 348 600 | 146.3
2023-01-25,Bhakra,1679.99,,,,CWC Weekly Reservoir Storage Bulletin (25012023fb.pdf),https://cwc.gov.in/sites/default/files/25012023fb.pdf,2023-01-25,1 GOBIND SAGAR(BHAKRA)   512.06 495.34   6.229     3.252 25-01-2023     52       43       51 676 1379
2023-01-25,Pong,,,,,CWC Weekly Reservoir Storage Bulletin (25012023fb.pdf),https://cwc.gov.in/sites/default/files/25012023fb.pdf,2023-01-25,Pong Dam | Thein            0.16              0.05  84
2023-01-25,Ranjit Sagar,,,,,CWC Weekly Reservoir Storage Bulletin (25012023fb.pdf),https://cwc.gov.in/sites/default/files/25012023fb.pdf,2023-01-25,Thein            0.16              0.05  84 | Gobind Sagar
2021-02-25,Bhakra,,,,,CWC Weekly Reservoir Storage Bulletin (25022021fbpdf.pdf),https://cwc.gov.in/sites/default/files/25022021fbpdf.pdf,2021-02-25,Himachal Pradesh            GOBIND SAGAR(BHAKRA)               59
2021-02-25,Pong,,,,,CWC Weekly Reservoir Storage Bulletin (25022021fbpdf.pdf),https://cwc.gov.in/sites/default/files/25022021fbpdf.pdf,2021-02-25,3         PONG DAM(BEAS)                     69
2021-02-25,Ranjit Sagar,,,,,CWC Weekly Reservoir Storage Bulletin (25022021fbpdf.pdf),https://cwc.gov.in/sites/default/files/25022021fbpdf.pdf,2021-02-25,THEIN DAM                 49
2021-03-25,Bhakra,,,,,CWC Weekly Reservoir Storage Bulletin (25032021-bul.pdf),https://cwc.gov.in/sites/default/files/25032021-bul.pdf,2021-03-25,Himachal Pradesh            GOBIND SAGAR(BHAKRA)               53
2021-03-25,Pong,,,,,CWC Weekly Reservoir Storage Bulletin (25032021-bul.pdf),https://cwc.gov.in/sites/default/files/25032021-bul.pdf,2021-03-25,3         PONG DAM(BEAS)                     55
2021-03-25,Ranjit Sagar,,,,,CWC Weekly Reservoir Storage Bulletin (25032021-bul.pdf),https://cwc.gov.in/sites/default/files/25032021-bul.pdf,2021-03-25,Punjab            1         THEIN DAM                          58
2023-05-25,Bhakra,1679.99,,,,CWC Weekly Reservoir Storage Bulletin (25052023-fb.pdf),https://cwc.gov.in/sites/default/files/25052023-fb.pdf,2023-05-25,1 GOBIND SAGAR(BHAKRA)   512.06 475.56   6.229     1.338 25-05-2023     21          21       25 676 1379
2023-05-25,Pong,1389.99,,,,CWC Weekly Reservoir Storage Bulletin (25052023-fb.pdf),https://cwc.gov.in/sites/default/files/25052023-fb.pdf,2023-05-25,*2 PONG DAM(BEAS)        423.67 406.14   6.157     2.240 25-05-2023     36          27       25       0 396
2023-05-25,Ranjit Sagar,,,,,CWC Weekly Reservoir Storage Bulletin (25052023-fb.pdf),https://cwc.gov.in/sites/default/files/25052023-fb.pdf,2023-05-25,Jammu & Kashmir     249               -21           Thein           2.34              1.23  50
2024-07-25,Bhakra,1679.99,,,,CWC Weekly Reservoir Storage Bulletin (25072024-fb.pdf),https://cwc.gov.in/sites/default/files/25072024-fb.pdf,2024-07-25,1 GOBIND SAGAR(BHAKRA)   512.06 488.10      6.229       2.417 25-07-24      39       73        47 676 1379
2024-07-25,Pong,,,,,CWC Weekly Reservoir Storage Bulletin (25072024-fb.pdf),https://cwc.gov.in/sites/default/files/25072024-fb.pdf,2024-07-25,PONG DAM(BEAS)         63
2024-07-25,Ranjit Sagar,,,,,CWC Weekly Reservoir Storage Bulletin (25072024-fb.pdf),https://cwc.gov.in/sites/default/files/25072024-fb.pdf,2024-07-25,THEIN DAM                    25
2022-08-25,Bhakra,1679.99,,,,CWC Weekly Reservoir Storage Bulletin (25082022-fb.pdf),https://cwc.gov.in/sites/default/files/25082022-fb.pdf,2022-08-25,*1 GOBIND SAGAR(BHAKRA)   512.06  505.58       6.229     4.892 25-08-2022      79       51        74 676 1379
2022-08-25,Pong,1389.99,,,,CWC Weekly Reservoir Storage Bulletin (25082022-fb.pdf),https://cwc.gov.in/sites/default/files/25082022-fb.pdf,2022-08-25,*2 PONG DAM(BEAS)         423.67  420.91       6.157     4.972 25-08-2022      81       40        73  0 396
2022-08-25,Ranjit Sagar,,,,,CWC Weekly Reservoir Storage Bulletin (25082022-fb.pdf),https://cwc.gov.in/sites/default/files/25082022-fb.pdf,2022-08-25,*4 THEIN DAM
2021-11-25,Bhakra,,,,,CWC Weekly Reservoir Storage Bulletin (25112021-bulletin.pdf),https://cwc.gov.in/sites/default/files/25112021-bulletin.pdf,2021-11-25,Himachal Pradesh  3            GOBIND SAGAR(BHAKRA)       79
2021-11-25,Pong,,,,,CWC Weekly Reservoir Storage Bulletin (25112021-bulletin.pdf),https://cwc.gov.in/sites/default/files/25112021-bulletin.pdf,2021-11-25,PONG DAM(BEAS)             76
2021-11-25,Ranjit Sagar,,,,,CWC Weekly Reservoir Storage Bulletin (25112021-bulletin.pdf),https://cwc.gov.in/sites/default/files/25112021-bulletin.pdf,2021-11-25,Punjab            1            THEIN DAM                  75
2016-05-26,Bhakra,1566.57,,,,CWC Weekly Reservoir Storage Bulletin (26.01.2016cwcbull.pdf),https://cwc.gov.in/sites/default/files/26.01.2016cwcbull.pdf,2016-05-26,*1 GOBIND SAGAR(BHAKRA)              477.49        6.229        1.693 25-05-2016     27           42         25 676 1200 | 280.75  391.86        6.157
2016-05-26,Pong,,,,,CWC Weekly Reservoir Storage Bulletin (26.01.2016cwcbull.pdf),https://cwc.gov.in/sites/default/files/26.01.2016cwcbull.pdf,2016-05-26,KABINI                    0 NARAYANPUR                       23 PONG DAM               34                                                                  1        8        0 | SHOLAYAR                  0 ALMATTI
2016-05-26,Ranjit Sagar,,,,,CWC Weekly Reservoir Storage Bulletin (26.01.2016cwcbull.pdf),https://cwc.gov.in/sites/default/files/26.01.2016cwcbull.pdf,2016-05-26,*3 THEIN                     269.14                             0.768 21-05-2016     33           84         49 348 600 | 146.3
2020-03-26,Bhakra,1679.99,,,,CWC Weekly Reservoir Storage Bulletin (26.03.2020-fb-pdf.pdf),https://cwc.gov.in/sites/default/files/26.03.2020-fb-pdf.pdf,2020-03-26,*1 GOBIND SAGAR(BHAKRA) 512.06 488.02  6.229     2.409 26-03-2020     39       52       32 676 1379
2020-03-26,Pong,1389.99,,,,CWC Weekly Reservoir Storage Bulletin (26.03.2020-fb-pdf.pdf),https://cwc.gov.in/sites/default/files/26.03.2020-fb-pdf.pdf,2020-03-26,*2 PONG DAM(BEAS)      423.67 413.96   6.157     3.637 26-03-2020     59       44       27   0 396
2020-03-26,Ranjit Sagar,,,,,CWC Weekly Reservoir Storage Bulletin (26.03.2020-fb-pdf.pdf),https://cwc.gov.in/sites/default/files/26.03.2020-fb-pdf.pdf,2020-03-26,*4 THEIN DAM
2018-04-26,Bhakra,1538.71,,,,CWC Weekly Reservoir Storage Bulletin (26.04.2018cwcbull_1.pdf),https://cwc.gov.in/sites/default/files/26.04.2018cwcbull_1.pdf,2018-04-26,*1 GOBIND SAGAR(BHAKRA)              469.00        6.229        1.093 26-04-2018     18           19         24 676 1200 | 280.75  394.31        6.157
2018-04-26,Pong,,,,,CWC Weekly Reservoir Storage Bulletin (26.04.2018cwcbull_1.pdf),https://cwc.gov.in/sites/default/files/26.04.2018cwcbull_1.pdf,2018-04-26,PONG DAM                  50
2018-04-26,Ranjit Sagar,,,,,CWC Weekly Reservoir Storage Bulletin (26.04.2018cwcbull_1.pdf),https://cwc.gov.in/sites/default/files/26.04.2018cwcbull_1.pdf,2018-04-26,*3 THEIN                     269.14                             0.526 26-04-2018     22           63         38 348 600 | 146.3
2018-07-26,Bhakra,,,,,CWC Weekly Reservoir Storage Bulletin (26.07.2018cwcbull_1.pdf),https://cwc.gov.in/sites/default/files/26.07.2018cwcbull_1.pdf,2018-07-26,GOBIND SAGAR(BHAKRA       37                                                                                                              5         4        4
2018-07-26,Pong,,,,,CWC Weekly Reservoir Storage Bulletin (26.07.2018cwcbull_1.pdf),https://cwc.gov.in/sites/default/files/26.07.2018cwcbull_1.pdf,2018-07-26,PONG DAM                  40
2018-07-26,Ranjit Sagar,,,,,CWC Weekly Reservoir Storage Bulletin (26.07.2018cwcbull_1.pdf),https://cwc.gov.in/sites/default/files/26.07.2018cwcbull_1.pdf,2018-07-26,*3 THEIN                     269.14                             1.013 26 / 7 / 2018     43           79         50 348 600 | 146.3
2019-09-26,Bhakra,1679.99,,,,CWC Weekly Reservoir Storage Bulletin (26.09.2019-fb.pdf),https://cwc.gov.in/sites/default/files/26.09.2019-fb.pdf,2019-09-26,*1 GOBIND SAGAR(BHAKRA) 512.06 510.14  6.229     5.354 26-09-2019     86        81       86 676 1200
2019-09-26,Pong,,,,,CWC Weekly Reservoir Storage Bulletin (26.09.2019-fb.pdf),https://cwc.gov.in/sites/default/files/26.09.2019-fb.pdf,2019-09-26,Pong Dam | 6.16              5.36  4
2019-09-26,Ranjit Sagar,,,,,CWC Weekly Reservoir Storage Bulletin (26.09.2019-fb.pdf),https://cwc.gov.in/sites/default/files/26.09.2019-fb.pdf,2019-09-26,Jammu & Kashmir                     422        -21     Thein                 2.34              2.00  18
2017-10-26,Bhakra,1664.3,,,,CWC Weekly Reservoir Storage Bulletin (26.10.2017cwc.pdf),https://cwc.gov.in/sites/default/files/26.10.2017cwc.pdf,2017-10-26,*1 GOBIND SAGAR(BHAKRA)              507.28        6.229        5.209 26-10-2017     84        66         83 676 1200 | 280.75  417.74        6.157
2017-10-26,Pong,,,,,CWC Weekly Reservoir Storage Bulletin (26.10.2017cwc.pdf),https://cwc.gov.in/sites/default/files/26.10.2017cwc.pdf,2017-10-26,*2 PONG DAM                  359.50                             4.549 26-10-2017     74        65         74            - 360 | PUNJAB                   352.81  514.87        2.344
2017-10-26,Ranjit Sagar,,,,,CWC Weekly Reservoir Storage Bulletin (26.10.2017cwc.pdf),https://cwc.gov.in/sites/default/files/26.10.2017cwc.pdf,2017-10-26,*3 THEIN                     269.14                             1.416 26-10-2017     60        59         58 348 600 | 146.3
2015-11-26,Bhakra,1663.35,,,,CWC Weekly Reservoir Storage Bulletin (26.11.2015bulletin.pdf),https://cwc.gov.in/sites/default/files/26.11.2015bulletin.pdf,2015-11-26,*1 GOBIND SAGAR(BHAKRA)              506.99        6.229        5.165 26-11-2015     83           75         78 676 1200 | 280.75  416.16        6.157
2015-11-26,Pong,,,,,CWC Weekly Reservoir Storage Bulletin (26.11.2015bulletin.pdf),https://cwc.gov.in/sites/default/files/26.11.2015bulletin.pdf,2015-11-26,*2 PONG DAM                  359.50                             4.213 26-11-2015     68           51         65         - 360 | PUNJAB                   352.81  506.58        2.344
2015-11-26,Ranjit Sagar,,,,,CWC Weekly Reservoir Storage Bulletin (26.11.2015bulletin.pdf),https://cwc.gov.in/sites/default/files/26.11.2015bulletin.pdf,2015-11-26,*3 THEIN                     269.14  278.70        1.711        0.939 26-11-2015     40           46         57 348 600 | 146.3  355.65        0.132
2020-11-26,Bhakra,,,,,CWC Weekly Reservoir Storage Bulletin (26.11.2020-fb-e-office.pdf),https://cwc.gov.in/sites/default/files/26.11.2020-fb-e-office.pdf,2020-11-26,Himachal Pradesh  3          GOBIND SAGAR(BHAKRA)              72
2020-11-26,Pong,,,,,CWC Weekly Reservoir Storage Bulletin (26.11.2020-fb-e-office.pdf),https://cwc.gov.in/sites/default/files/26.11.2020-fb-e-office.pdf,2020-11-26,Pong Dam
2020-11-26,Ranjit Sagar,,,,,CWC Weekly Reservoir Storage Bulletin (26.11.2020-fb-e-office.pdf),https://cwc.gov.in/sites/default/files/26.11.2020-fb-e-office.pdf,2020-11-26,Punjab            1          THEIN DAM                         64
2019-12-26,Bhakra,1679.99,,,,CWC Weekly Reservoir Storage Bulletin (26.12.2019-fb-pdf.pdf),https://cwc.gov.in/sites/default/files/26.12.2019-fb-pdf.pdf,2019-12-26,*1 GOBIND SAGAR(BHAKRA) 512.06 501.96  6.229     4.129 26-12-2019     66        80       66 676 1379
2019-12-26,Pong,1389.99,,,,CWC Weekly Reservoir Storage Bulletin (26.12.2019-fb-pdf.pdf),https://cwc.gov.in/sites/default/files/26.12.2019-fb-pdf.pdf,2019-12-26,*2 PONG DAM(BEAS)       423.67 417.77  6.157     4.421 26-12-2019     72        68       53   0 396
2019-12-26,Ranjit Sagar,1731.99,,,,CWC Weekly Reservoir Storage Bulletin (26.12.2019-fb-pdf.pdf),https://cwc.gov.in/sites/default/files/26.12.2019-fb-pdf.pdf,2019-12-26,*4 THEIN DAM            527.91 517.72  2.344     1.629 26-12-2019     69        66       47 348 600 | RAJASTHAN
2022-05-26,Bhakra,1679.99,,,,CWC Weekly Reservoir Storage Bulletin (26052022.pdf),https://cwc.gov.in/sites/default/files/26052022.pdf,2022-05-26,*1 GOBIND SAGAR(BHAKRA)   512.06  475.52       6.229     1.330 26-05-2022     21         8       25 676 1379
2022-05-26,Pong,,,,,CWC Weekly Reservoir Storage Bulletin (26052022.pdf),https://cwc.gov.in/sites/default/files/26052022.pdf,2022-05-26,Himachal Pradesh    60                 -75       Pong Dam                           1.62  -14
2022-05-26,Ranjit Sagar,,,,,CWC Weekly Reservoir Storage Bulletin (26052022.pdf),https://cwc.gov.in/sites/default/files/26052022.pdf,2022-05-26,Punjab              17                 -68       Thein                0.13          1.01  50
2021-08-26,Bhakra,,,,,CWC Weekly Reservoir Storage Bulletin (26082021-fullbull.pdf),https://cwc.gov.in/sites/default/files/26082021-fullbull.pdf,2021-08-26,Himachal Pradesh  3          GOBIND SAGAR(BHAKRA)         64
2021-08-26,Pong,,,,,CWC Weekly Reservoir Storage Bulletin (26082021-fullbull.pdf),https://cwc.gov.in/sites/default/files/26082021-fullbull.pdf,2021-08-26,PONG DAM(BEAS)               52
2021-08-26,Ranjit Sagar,,,,,CWC Weekly Reservoir Storage Bulletin (26082021-fullbull.pdf),https://cwc.gov.in/sites/default/files/26082021-fullbull.pdf,2021-08-26,Punjab            1          THEIN DAM                    56
2024-09-26,Bhakra,,,,,CWC Weekly Reservoir Storage Bulletin (26092024-fbpdf_1.pdf),https://cwc.gov.in/sites/default/files/26092024-fbpdf_1.pdf,2024-09-26,Uttar Pradesh           1   GOBIND SAGAR(BHAKRA)  78 | 7
2024-09-26,Pong,,,,,CWC Weekly Reservoir Storage Bulletin (26092024-fbpdf_1.pdf),https://cwc.gov.in/sites/default/files/26092024-fbpdf_1.pdf,2024-09-26,8   PONG DAM(BEAS)        78
2024-09-26,Ranjit Sagar,,,,,CWC Weekly Reservoir Storage Bulletin (26092024-fbpdf_1.pdf),https://cwc.gov.in/sites/default/files/26092024-fbpdf_1.pdf,2024-09-26,THEIN DAM                    35                                                                             51%  61%        71%
2024-12-26,Bhakra,,,,,CWC Weekly Reservoir Storage Bulletin (26122024-fb_1.pdf),https://cwc.gov.in/sites/default/files/26122024-fb_1.pdf,2024-12-26,Odisha                16   GOBIND SAGAR(BHAKRA)  70
2024-12-26,Pong,,,,,CWC Weekly Reservoir Storage Bulletin (26122024-fb_1.pdf),https://cwc.gov.in/sites/default/files/26122024-fb_1.pdf,2024-12-26,Punjab                10   PONG DAM(BEAS)        58 | Rajasthan
2024-12-26,Ranjit Sagar,,,,,CWC Weekly Reservoir Storage Bulletin (26122024-fb_1.pdf),https://cwc.gov.in/sites/default/files/26122024-fb_1.pdf,2024-12-26,THEIN DAM             51
2017-07-27,Bhakra,1616.86,,,,CWC Weekly Reservoir Storage Bulletin (27.01.2017cwcbull_1.pdf),https://cwc.gov.in/sites/default/files/27.01.2017cwcbull_1.pdf,2017-07-27,*1 GOBIND SAGAR(BHAKRA)              492.82        6.229        3.232 27-07-2017     52        38         51 676 1200 | 280.75  408.02        6.157
2017-07-27,Pong,,,,,CWC Weekly Reservoir Storage Bulletin (27.01.2017cwcbull_1.pdf),https://cwc.gov.in/sites/default/files/27.01.2017cwcbull_1.pdf,2017-07-27,*2 PONG DAM                  359.50                             2.666 27-07-2017     43        22         38            - 360 | PUNJAB                   352.81  521.33        2.344
2017-07-27,Ranjit Sagar,,,,,CWC Weekly Reservoir Storage Bulletin (27.01.2017cwcbull_1.pdf),https://cwc.gov.in/sites/default/files/27.01.2017cwcbull_1.pdf,2017-07-27,*3 THEIN                     269.14                             1.841 26-07-2017     79        39         47 348 600 | 146.3
2017-07-27,Bhakra,1616.86,,,,CWC Weekly Reservoir Storage Bulletin (27.01.2017cwcbull_2.pdf),https://cwc.gov.in/sites/default/files/27.01.2017cwcbull_2.pdf,2017-07-27,*1 GOBIND SAGAR(BHAKRA)              492.82        6.229        3.232 27-07-2017     52        38         51 676 1200 | 280.75  408.02        6.157
2017-07-27,Pong,,,,,CWC Weekly Reservoir Storage Bulletin (27.01.2017cwcbull_2.pdf),https://cwc.gov.in/sites/default/files/27.01.2017cwcbull_2.pdf,2017-07-27,*2 PONG DAM                  359.50                             2.666 27-07-2017     43        22         38            - 360 | PUNJAB                   352.81  521.33        2.344
2017-07-27,Ranjit Sagar,,,,,CWC Weekly Reservoir Storage Bulletin (27.01.2017cwcbull_2.pdf),https://cwc.gov.in/sites/default/files/27.01.2017cwcbull_2.pdf,2017-07-27,*3 THEIN                     269.14                             1.841 26-07-2017     79        39         47 348 600 | 146.3
2018-12-27,Bhakra,1658.37,,,,CWC Weekly Reservoir Storage Bulletin (27.01.2018cwcbull_1.pdf),https://cwc.gov.in/sites/default/files/27.01.2018cwcbull_1.pdf,2018-12-27,*1 GOBIND SAGAR(BHAKRA)              505.47        6.229        4.933 27-12-2018     79           66         65 676 1200 | 280.75  415.95        6.157
2018-12-27,Pong,,,,,CWC Weekly Reservoir Storage Bulletin (27.01.2018cwcbull_1.pdf),https://cwc.gov.in/sites/default/files/27.01.2018cwcbull_1.pdf,2018-12-27,*2 PONG DAM                  359.50                             4.170 27-12-2018     68           52         52         - 360 | PUNJAB                   352.81  517.04        2.344
2018-12-27,Ranjit Sagar,,,,,CWC Weekly Reservoir Storage Bulletin (27.01.2018cwcbull_1.pdf),https://cwc.gov.in/sites/default/files/27.01.2018cwcbull_1.pdf,2018-12-27,*3 THEIN                     269.14                             1.538 27-12-2018     66           38         43 348 600 | 146.3
2020-02-27,Bhakra,1679.99,,,,CWC Weekly Reservoir Storage Bulletin (27.02.2020-fb-pdf.pdf),https://cwc.gov.in/sites/default/files/27.02.2020-fb-pdf.pdf,2020-02-27,*1 GOBIND SAGAR(BHAKRA)  512.06  490.95       6.229     2.736 27-02-2020     44       61        42 676 1379
2020-02-27,Pong,1389.99,,,,CWC Weekly Reservoir Storage Bulletin (27.02.2020-fb-pdf.pdf),https://cwc.gov.in/sites/default/files/27.02.2020-fb-pdf.pdf,2020-02-27,*2 PONG DAM(BEAS)        423.67  415.03       6.157     3.849 27-02-2020     63       49        34  0 396
2020-02-27,Ranjit Sagar,,,,,CWC Weekly Reservoir Storage Bulletin (27.02.2020-fb-pdf.pdf),https://cwc.gov.in/sites/default/files/27.02.2020-fb-pdf.pdf,2020-02-27,*4 THEIN DAM
2017-04-27,Bhakra,1543.37,,,,CWC Weekly Reservoir Storage Bulletin (27.04.2017cwcbull.pdf),https://cwc.gov.in/sites/default/files/27.04.2017cwcbull.pdf,2017-04-27,*1 GOBIND SAGAR(BHAKRA)              470.42        6.229        1.185 27-04-2017     19           26         26 676 1200 | 280.75  396.66        6.157
2017-04-27,Pong,,,,,CWC Weekly Reservoir Storage Bulletin (27.04.2017cwcbull.pdf),https://cwc.gov.in/sites/default/files/27.04.2017cwcbull.pdf,2017-04-27,*2 PONG DAM                  359.50                             1.033 27-04-2017     17           13         29         - 360 | PUNJAB                   352.81  516.13        2.344
2017-04-27,Ranjit Sagar,,,,,CWC Weekly Reservoir Storage Bulletin (27.04.2017cwcbull.pdf),https://cwc.gov.in/sites/default/files/27.04.2017cwcbull.pdf,2017-04-27,*3 THEIN                     269.14                             1.477 27-04-2017     63           24         39 348 600 | 146.3
2019-06-27,Bhakra,1604.36,,,,CWC Weekly Reservoir Storage Bulletin (27.06.2019cwcbull_1.pdf),https://cwc.gov.in/sites/default/files/27.06.2019cwcbull_1.pdf,2019-06-27,*1 GOBIND SAGAR(BHAKRA)              489.01        6.229        2.519 27-06-2019     40           6          25 676 1200 | 280.75  405.10        6.157
2019-06-27,Pong,,,,,CWC Weekly Reservoir Storage Bulletin (27.06.2019cwcbull_1.pdf),https://cwc.gov.in/sites/default/files/27.06.2019cwcbull_1.pdf,2019-06-27,*2 PONG DAM                  359.50                             2.072 27-06-2019     34           6          20         - 360 | PUNJAB                   352.81  511.51        2.344
2019-06-27,Ranjit Sagar,,,,,CWC Weekly Reservoir Storage Bulletin (27.06.2019cwcbull_1.pdf),https://cwc.gov.in/sites/default/files/27.06.2019cwcbull_1.pdf,2019-06-27,*3 THEIN                     269.14  267.75        1.711        1.192 27-06-2019     51           30         43 348 600 | RAJASTHAN                 146.3  345.30        0.132
2016-10-27,Bhakra,1638.71,,,,CWC Weekly Reservoir Storage Bulletin (27.10.2016cwcbulletinf.pdf),https://cwc.gov.in/sites/default/files/27.10.2016cwcbulletinf.pdf,2016-10-27,*1 GOBIND SAGAR(BHAKRA)              499.48        6.229        4.080 25-10-2016     66        90         86 676 1200 | 280.75  415.14        6.157
2016-10-27,Pong,,,,,CWC Weekly Reservoir Storage Bulletin (27.10.2016cwcbulletinf.pdf),https://cwc.gov.in/sites/default/files/27.10.2016cwcbulletinf.pdf,2016-10-27,*2 PONG DAM                  359.50                             3.997 26-10-2016     65        78         76            - 360 | PUNJAB                   352.81  514.17        2.344
2016-10-27,Ranjit Sagar,,,,,CWC Weekly Reservoir Storage Bulletin (27.10.2016cwcbulletinf.pdf),https://cwc.gov.in/sites/default/files/27.10.2016cwcbulletinf.pdf,2016-10-27,*3 THEIN                     269.14                             1.360 27-10-2016     58        53         60 348 600 | 146.3
2021-05-27,Bhakra,,,,,CWC Weekly Reservoir Storage Bulletin (27012021-fb-pdf.pdf),https://cwc.gov.in/sites/default/files/27012021-fb-pdf.pdf,2021-05-27,GOBIND SAGAR(BHAKRA)      31
2021-05-27,Pong,,,,,CWC Weekly Reservoir Storage Bulletin (27012021-fb-pdf.pdf),https://cwc.gov.in/sites/default/files/27012021-fb-pdf.pdf,2021-05-27,PONG DAM(BEAS)            50
2021-05-27,Ranjit Sagar,,,,,CWC Weekly Reservoir Storage Bulletin (27012021-fb-pdf.pdf),https://cwc.gov.in/sites/default/files/27012021-fb-pdf.pdf,2021-05-27,Punjab            1            THEIN DAM             66
2022-01-27,Bhakra,,,,,CWC Weekly Reservoir Storage Bulletin (27012022-bulletin.pdf),https://cwc.gov.in/sites/default/files/27012022-bulletin.pdf,2022-01-27,Himachal Pradesh  3            GOBIND SAGAR(BHAKRA)       78
2022-01-27,Pong,1389.99,,,,CWC Weekly Reservoir Storage Bulletin (27012022-bulletin.pdf),https://cwc.gov.in/sites/default/files/27012022-bulletin.pdf,2022-01-27,*2 PONG DAM(BEAS)         423.67  408.45       6.157     2.629 27-01-2022     43       38        43  0 396
2022-01-27,Ranjit Sagar,,,,,CWC Weekly Reservoir Storage Bulletin (27012022-bulletin.pdf),https://cwc.gov.in/sites/default/files/27012022-bulletin.pdf,2022-01-27,*4 THEIN DAM
2023-04-27,Bhakra,1679.99,,,,CWC Weekly Reservoir Storage Bulletin (27042023-fb-pdf.pdf),https://cwc.gov.in/sites/default/files/27042023-fb-pdf.pdf,2023-04-27,1 GOBIND SAGAR(BHAKRA)   512.06 479.19   6.229     1.612 27-04-2023     26          23       28 676 1379
2023-04-27,Pong,1389.99,,,,CWC Weekly Reservoir Storage Bulletin (27042023-fb-pdf.pdf),https://cwc.gov.in/sites/default/files/27042023-fb-pdf.pdf,2023-04-27,*2 PONG DAM(BEAS)        423.67 405.93   6.157     2.206 27-04-2023     36          28       26   0 396
2023-04-27,Ranjit Sagar,,,,,CWC Weekly Reservoir Storage Bulletin (27042023-fb-pdf.pdf),https://cwc.gov.in/sites/default/files/27042023-fb-pdf.pdf,2023-04-27,Jammu & Kashmir     166             -89             Thein           2.34              1.14  50
2020-08-27,Bhakra,1679.99,,,,CWC Weekly Reservoir Storage Bulletin (27082020-full-bul.pdf),https://cwc.gov.in/sites/default/files/27082020-full-bul.pdf,2020-08-27,*1 GOBIND SAGAR(BHAKRA)  512.06  503.76       6.229     4.388 27-08-2020     70       87        81 676 1379 | 423.67  416.75       6.157
2020-08-27,Pong,,,,,CWC Weekly Reservoir Storage Bulletin (27082020-full-bul.pdf),https://cwc.gov.in/sites/default/files/27082020-full-bul.pdf,2020-08-27,Himachal Pradesh                    484     -20       Pong Dam         6.16              4.21  -15
2020-08-27,Ranjit Sagar,,,,,CWC Weekly Reservoir Storage Bulletin (27082020-full-bul.pdf),https://cwc.gov.in/sites/default/files/27082020-full-bul.pdf,2020-08-27,Punjab       1         THEIN DAM               66
2022-10-27,Bhakra,1679.99,,,,CWC Weekly Reservoir Storage Bulletin (27102022-fb.pdf),https://cwc.gov.in/sites/default/files/27102022-fb.pdf,2022-10-27,*1 GOBIND SAGAR(BHAKRA)   512.06   509.33       6.229     5.228 27-10-2022     84       65        82 676 1379 | 423.67   421.34       6.157
2022-10-27,Pong,,,,,CWC Weekly Reservoir Storage Bulletin (27102022-fb.pdf),https://cwc.gov.in/sites/default/files/27102022-fb.pdf,2022-10-27,West Rajasthan        3                  -60        Pong Dam             6.16         5.12  2
2022-10-27,Ranjit Sagar,,,,,CWC Weekly Reservoir Storage Bulletin (27102022-fb.pdf),https://cwc.gov.in/sites/default/files/27102022-fb.pdf,2022-10-27,*4 THEIN DAM              280.75   359.60       0.132 | 359.50   352.76       1.436
2016-01-28,Bhakra,1627.99,,,,CWC Weekly Reservoir Storage Bulletin (28.01.2016cwcbull.pdf),https://cwc.gov.in/sites/default/files/28.01.2016cwcbull.pdf,2016-01-28,*1 GOBIND SAGAR(BHAKRA)              496.21        6.229        3.656 28-01-2016     59           52         53 676 1200 | 280.75  406.17        6.157
2016-01-28,Pong,,,,,CWC Weekly Reservoir Storage Bulletin (28.01.2016cwcbull.pdf),https://cwc.gov.in/sites/default/files/28.01.2016cwcbull.pdf,2016-01-28,*2 PONG DAM                  359.50                             2.349 28-01-2016     38           27         44         - 360 | PUNJAB                   352.81  495.79        2.344
2016-01-28,Ranjit Sagar,,,,,CWC Weekly Reservoir Storage Bulletin (28.01.2016cwcbull.pdf),https://cwc.gov.in/sites/default/files/28.01.2016cwcbull.pdf,2016-01-28,*3 THEIN                     269.14                             0.469 28-01-2016     20           33         34 348 600 | 146.3
2019-02-28,Bhakra,1631.07,,,,CWC Weekly Reservoir Storage Bulletin (28.02.2018cwcbull_1.pdf),https://cwc.gov.in/sites/default/files/28.02.2018cwcbull_1.pdf,2019-02-28,*1 GOBIND SAGAR(BHAKRA)              497.15        6.229        3.778 28-02-2019     61           37         38 676 1200 | 280.75  409.91        6.157
2019-02-28,Pong,,,,,CWC Weekly Reservoir Storage Bulletin (28.02.2018cwcbull_1.pdf),https://cwc.gov.in/sites/default/files/28.02.2018cwcbull_1.pdf,2019-02-28,*2 PONG DAM                  359.50                             2.999 28-02-2019     49           26         33         - 360 | PUNJAB                   352.81  521.53        2.344
2019-02-28,Ranjit Sagar,,,,,CWC Weekly Reservoir Storage Bulletin (28.02.2018cwcbull_1.pdf),https://cwc.gov.in/sites/default/files/28.02.2018cwcbull_1.pdf,2019-02-28,*3 THEIN                     269.14                             1.841 28-02-2019     79           20         30 348 600 | 146.3
2019-03-28,Bhakra,1616.63,,,,CWC Weekly Reservoir Storage Bulletin (28.03.2019cwcbull_1.pdf),https://cwc.gov.in/sites/default/files/28.03.2019cwcbull_1.pdf,2019-03-28,*1 GOBIND SAGAR(BHAKRA)              492.75        6.229        3.224 28-03-2019     52           23         27 676 1200 | 280.75  408.19        6.157
2019-03-28,Pong,,,,,CWC Weekly Reservoir Storage Bulletin (28.03.2019cwcbull_1.pdf),https://cwc.gov.in/sites/default/files/28.03.2019cwcbull_1.pdf,2019-03-28,*2 PONG DAM                  359.50                             2.694 28-03-2019     44           13         25         - 360 | PUNJAB                   352.81  519.19        2.344
2019-03-28,Ranjit Sagar,,,,,CWC Weekly Reservoir Storage Bulletin (28.03.2019cwcbull_1.pdf),https://cwc.gov.in/sites/default/files/28.03.2019cwcbull_1.pdf,2019-03-28,*3 THEIN                     269.14                             1.660 28-03-2019     71           20         32 348 600 | 146.3
2016-04-28,Bhakra,1679.99,,,,CWC Weekly Reservoir Storage Bulletin (28.04.2016bull.pdf),https://cwc.gov.in/sites/default/files/28.04.2016bull.pdf,2016-04-28,*1 GOBIND SAGAR(BHAKRA)SU 512.06    476.33        6.229        1.596 28-04-2016     26           37         27 676 1200 | 394.53        6.157
2016-04-28,Pong,,,,,CWC Weekly Reservoir Storage Bulletin (28.04.2016bull.pdf),https://cwc.gov.in/sites/default/files/28.04.2016bull.pdf,2016-04-28,LOWER BHAWANI             10 PARAMBIKULAM                 32 PONG DAM | 42
2016-04-28,Ranjit Sagar,1731.99,,,,CWC Weekly Reservoir Storage Bulletin (28.04.2016bull.pdf),https://cwc.gov.in/sites/default/files/28.04.2016bull.pdf,2016-04-28,*3 THEIN /RAVI R.         527.91                               0.567 28-04-2016     24           73         44 348 600
2015-05-28,Bhakra,1679.99,,,,CWC Weekly Reservoir Storage Bulletin (28.05.2015.pdf),https://cwc.gov.in/sites/default/files/28.05.2015.pdf,2015-05-28,*1 GOBIND SAGAR(BHAKRA)      512.06                             2.645 5/25/2015     42           31         22 676 1200 | 423.67  268.85      1.711
2015-05-28,Pong,,,,,CWC Weekly Reservoir Storage Bulletin (28.05.2015.pdf),https://cwc.gov.in/sites/default/files/28.05.2015.pdf,2015-05-28,*2 PONG DAM                          343.35      0.132          2.270 5/28/2015     37           30         25     - 360 | PUNJAB                           346.05      1.436
2015-05-28,Ranjit Sagar,1731.99,,,,CWC Weekly Reservoir Storage Bulletin (28.05.2015.pdf),https://cwc.gov.in/sites/default/files/28.05.2015.pdf,2015-05-28,*3 THEIN                     527.91  257.63      0.821          1.880 5/27/2015     80           75         47 348 600 | RAJASTHAN                        137.18      0.471
2020-05-28,Bhakra,1679.99,,,,CWC Weekly Reservoir Storage Bulletin (28.05.2020-fb-pdf.pdf),https://cwc.gov.in/sites/default/files/28.05.2020-fb-pdf.pdf,2020-05-28,*1 GOBIND SAGAR(BHAKRA)  512.06  475.84       6.229     1.354 28-05-2020     22       46        26 676 1379
2020-05-28,Pong,1389.99,,,,CWC Weekly Reservoir Storage Bulletin (28.05.2020-fb-pdf.pdf),https://cwc.gov.in/sites/default/files/28.05.2020-fb-pdf.pdf,2020-05-28,*2 PONG DAM(BEAS)        423.67  410.13       6.157     2.926 28-05-2020     48       40        25  0 396
2020-05-28,Ranjit Sagar,,,,,CWC Weekly Reservoir Storage Bulletin (28.05.2020-fb-pdf.pdf),https://cwc.gov.in/sites/default/files/28.05.2020-fb-pdf.pdf,2020-05-28,*4 THEIN DAM
2018-06-28,Bhakra,,,,,CWC Weekly Reservoir Storage Bulletin (28.06.2018cwcbull_1.pdf),https://cwc.gov.in/sites/default/files/28.06.2018cwcbull_1.pdf,2018-06-28,GOBIND SAGAR(BHAKRA        19
2018-06-28,Pong,,,,,CWC Weekly Reservoir Storage Bulletin (28.06.2018cwcbull_1.pdf),https://cwc.gov.in/sites/default/files/28.06.2018cwcbull_1.pdf,2018-06-28,PONG DAM                   29
2018-06-28,Ranjit Sagar,,,,,CWC Weekly Reservoir Storage Bulletin (28.06.2018cwcbull_1.pdf),https://cwc.gov.in/sites/default/files/28.06.2018cwcbull_1.pdf,2018-06-28,*3 THEIN                     269.14                             0.695 28-06-2018     30           55         46 348 600 | 146.3
2016-07-28,Bhakra,1592.09,,,,CWC Weekly Reservoir Storage Bulletin (28.07.2016cwcbull.pdf),https://cwc.gov.in/sites/default/files/28.07.2016cwcbull.pdf,2016-07-28,*1 GOBIND SAGAR(BHAKRA)              485.27        6.229        2.403 28-07-2016     39           71         54 676 1200 | 280.75  399.62        6.157
2016-07-28,Pong,,,,,CWC Weekly Reservoir Storage Bulletin (28.07.2016cwcbull.pdf),https://cwc.gov.in/sites/default/files/28.07.2016cwcbull.pdf,2016-07-28,*2 PONG DAM                  359.50                             1.383 27-07-2016     22           62         39         - 360 | PUNJAB                   352.81  506.81        2.344
2016-07-28,Ranjit Sagar,,,,,CWC Weekly Reservoir Storage Bulletin (28.07.2016cwcbull.pdf),https://cwc.gov.in/sites/default/files/28.07.2016cwcbull.pdf,2016-07-28,*3 THEIN                     269.14                             0.964 28-07-2016     41           84         52 348 600 | 146.3
2017-09-28,Bhakra,1669.49,,,,CWC Weekly Reservoir Storage Bulletin (28.09.2017cwcbull.pdf),https://cwc.gov.in/sites/default/files/28.09.2017cwcbull.pdf,2017-09-28,*1 GOBIND SAGAR(BHAKRA)              508.86        6.229        5.457 28-09-2017     88        73         88 676 1200 | 280.75  420.82        6.157
2017-09-28,Pong,,,,,CWC Weekly Reservoir Storage Bulletin (28.09.2017cwcbull.pdf),https://cwc.gov.in/sites/default/files/28.09.2017cwcbull.pdf,2017-09-28,*2 PONG DAM                  359.50                             5.235 28-09-2017     85        70         81            - 360 | PUNJAB                   352.81  519.56        2.344
2017-09-28,Ranjit Sagar,,,,,CWC Weekly Reservoir Storage Bulletin (28.09.2017cwcbull.pdf),https://cwc.gov.in/sites/default/files/28.09.2017cwcbull.pdf,2017-09-28,*3 THEIN                     269.14                             1.690 28-09-2017     72        69         66 348 600 | 146.3
2019-11-28,Bhakra,1679.99,,,,CWC Weekly Reservoir Storage Bulletin (28.11.2019-full-bul_2.pdf),https://cwc.gov.in/sites/default/files/28.11.2019-full-bul_2.pdf,2019-11-28,*1 GOBIND SAGAR(BHAKRA) 512.06 504.86  6.229     4.545 28-11-19      73         85       77 676 1379
2019-11-28,Pong,,,,,CWC Weekly Reservoir Storage Bulletin (28.11.2019-full-bul_2.pdf),https://cwc.gov.in/sites/default/files/28.11.2019-full-bul_2.pdf,2019-11-28,Pong Dam | 6.16              3.66  -10
2019-11-28,Ranjit Sagar,1731.99,,,,CWC Weekly Reservoir Storage Bulletin (28.11.2019-full-bul_2.pdf),https://cwc.gov.in/sites/default/files/28.11.2019-full-bul_2.pdf,2019-11-28,*4 THEIN DAM            527.91 520.29  2.344     1.760 28-11-19      75         79       56 348 600
2017-12-28,Bhakra,1639.44,,,,CWC Weekly Reservoir Storage Bulletin (28.12.2017cwc.pdf),https://cwc.gov.in/sites/default/files/28.12.2017cwc.pdf,2017-12-28,*1 GOBIND SAGAR(BHAKRA)              499.70        6.229        4.189 28-12-2017     67        45         63 676 1200 | 280.75  410.74        6.157
2017-12-28,Pong,,,,,CWC Weekly Reservoir Storage Bulletin (28.12.2017cwc.pdf),https://cwc.gov.in/sites/default/files/28.12.2017cwc.pdf,2017-12-28,*2 PONG DAM                  359.50                             3.148 28-12-2017     51        45         49            - 360 | PUNJAB                   352.81  505.22        2.344
2017-12-28,Ranjit Sagar,,,,,CWC Weekly Reservoir Storage Bulletin (28.12.2017cwc.pdf),https://cwc.gov.in/sites/default/files/28.12.2017cwc.pdf,2017-12-28,*3 THEIN                     269.14                             0.866 28-12-2017     37        38         43 348 600 | 146.3
2021-01-28,Bhakra,,,,,CWC Weekly Reservoir Storage Bulletin (28012021-fb-pdf.pdf),https://cwc.gov.in/sites/default/files/28012021-fb-pdf.pdf,2021-01-28,Himachal Pradesh                       GOBIND SAGAR(BHAKRA)        64 | 3
2021-01-28,Pong,,,,,CWC Weekly Reservoir Storage Bulletin (28012021-fb-pdf.pdf),https://cwc.gov.in/sites/default/files/28012021-fb-pdf.pdf,2021-01-28,Himachal Pradesh              38                            Pong Dam         6.16              2.34  -19
2021-01-28,Ranjit Sagar,,,,,CWC Weekly Reservoir Storage Bulletin (28012021-fb-pdf.pdf),https://cwc.gov.in/sites/default/files/28012021-fb-pdf.pdf,2021-01-28,THEIN DAM                 38                                                                                     60%  70% 80%
2024-03-28,Bhakra,1679.99,,,,CWC Weekly Reservoir Storage Bulletin (28032024-fb.pdf),https://cwc.gov.in/sites/default/files/28032024-fb.pdf,2024-03-28,1 GOBIND SAGAR(BHAKRA)   512.06 479.73    6.229     1.654 28-03-2024   27      29                29 676 1379
2024-03-28,Pong,,,,,CWC Weekly Reservoir Storage Bulletin (28032024-fb.pdf),https://cwc.gov.in/sites/default/files/28032024-fb.pdf,2024-03-28,West Rajasthan      1               -67             Pong Dam              6.16              1.89  18
2024-03-28,Ranjit Sagar,,,,,CWC Weekly Reservoir Storage Bulletin (28032024-fb.pdf),https://cwc.gov.in/sites/default/files/28032024-fb.pdf,2024-03-28,Punjab              16              -26             Thein                 2.34              0.89  -6
2021-10-28,Bhakra,1679.99,,,,CWC Weekly Reservoir Storage Bulletin (28102021-fb-pdf.pdf),https://cwc.gov.in/sites/default/files/28102021-fb-pdf.pdf,2021-10-28,*1 GOBIND SAGAR(BHAKRA)   512.06   501.52     6.229     4.070 28-10-2021      65       61        81 676 1379 | 423.67   411.81     6.157
2021-10-28,Pong,,,,,CWC Weekly Reservoir Storage Bulletin (28102021-fb-pdf.pdf),https://cwc.gov.in/sites/default/files/28102021-fb-pdf.pdf,2021-10-28,Himachal Pradesh  3            PONG DAM(BEAS)             68
2021-10-28,Ranjit Sagar,,,,,CWC Weekly Reservoir Storage Bulletin (28102021-fb-pdf.pdf),https://cwc.gov.in/sites/default/files/28102021-fb-pdf.pdf,2021-10-28,Punjab            1            THEIN DAM                  71
2024-11-28,Bhakra,,,,,CWC Weekly Reservoir Storage Bulletin (28112024-fb.pdf),https://cwc.gov.in/sites/default/files/28112024-fb.pdf,2024-11-28,6   GOBIND SAGAR(BHAKRA)  75 | Odisha
2024-11-28,Pong,,,,,CWC Weekly Reservoir Storage Bulletin (28112024-fb.pdf),https://cwc.gov.in/sites/default/files/28112024-fb.pdf,2024-11-28,Punjab                10   PONG DAM(BEAS)        63 | Rajasthan                1
2024-11-28,Ranjit Sagar,,,,,CWC Weekly Reservoir Storage Bulletin (28112024-fb.pdf),https://cwc.gov.in/sites/default/files/28112024-fb.pdf,2024-11-28,THEIN DAM             55
2023-12-28,Bhakra,,,,,CWC Weekly Reservoir Storage Bulletin (28122023-fb.pdf),https://cwc.gov.in/sites/default/files/28122023-fb.pdf,2023-12-28,1 GOBIND SAGAR(BHAKRA)
2023-12-28,Pong,,,,,CWC Weekly Reservoir Storage Bulletin (28122023-fb.pdf),https://cwc.gov.in/sites/default/files/28122023-fb.pdf,2023-12-28,Himachal Pradesh      45             -41            Pong Dam              6.16              3.94  29
2023-12-28,Ranjit Sagar,,,,,CWC Weekly Reservoir Storage Bulletin (28122023-fb.pdf),https://cwc.gov.in/sites/default/files/28122023-fb.pdf,2023-12-28,THEIN DAM              71
2017-06-29,Bhakra,1565.22,,,,CWC Weekly Reservoir Storage Bulletin (29.06.2017cwcbull.pdf),https://cwc.gov.in/sites/default/files/29.06.2017cwcbull.pdf,2017-06-29,*1 GOBIND SAGAR(BHAKRA)              477.08        6.229        1.659 29-06-2017     27           30         32 676 1200 | 280.75  393.02        6.157
2017-06-29,Pong,,,,,CWC Weekly Reservoir Storage Bulletin (29.06.2017cwcbull.pdf),https://cwc.gov.in/sites/default/files/29.06.2017cwcbull.pdf,2017-06-29,MATATILA                  25 PONG DAM                        46
2017-06-29,Ranjit Sagar,,,,,CWC Weekly Reservoir Storage Bulletin (29.06.2017cwcbull.pdf),https://cwc.gov.in/sites/default/files/29.06.2017cwcbull.pdf,2017-06-29,*3 THEIN                     269.14                             1.318 29-06-2017     56           34         49 348 600 | 146.3
2019-08-29,Bhakra,1679.99,,,,CWC Weekly Reservoir Storage Bulletin (29.08.2019-fb-bull.pdf),https://cwc.gov.in/sites/default/files/29.08.2019-fb-bull.pdf,2019-08-29,*1 GOBIND SAGAR(BHAKRA) 512.06 510.68  6.229     5.439 29-08-2019     87        65       78 676 1200
2019-08-29,Pong,,,,,CWC Weekly Reservoir Storage Bulletin (29.08.2019-fb-bull.pdf),https://cwc.gov.in/sites/default/files/29.08.2019-fb-bull.pdf,2019-08-29,Pong Dam | 6.16              5.30  14
2019-08-29,Ranjit Sagar,1731.99,,,,CWC Weekly Reservoir Storage Bulletin (29.08.2019-fb-bull.pdf),https://cwc.gov.in/sites/default/files/29.08.2019-fb-bull.pdf,2019-08-29,*3 THEIN DAM            527.91 524.20  2.344     2.039 29-08-2019     87        75       69 348 600
2016-09-29,Bhakra,1649.77,,,,CWC Weekly Reservoir Storage Bulletin (29.09.2016cwcbulletin.pdf),https://cwc.gov.in/sites/default/files/29.09.2016cwcbulletin.pdf,2016-09-29,*1 GOBIND SAGAR(BHAKRA)              502.85        6.229        4.557 29-09-2016     73           95         90 676 1200 | 280.75  416.66        6.157
2016-09-29,Pong,,,,,CWC Weekly Reservoir Storage Bulletin (29.09.2016cwcbulletin.pdf),https://cwc.gov.in/sites/default/files/29.09.2016cwcbulletin.pdf,2016-09-29,*2 PONG DAM                  359.50                             4.318 29-09-2016     70           86         84         - 360 | PUNJAB                   352.81  518.25        2.344
2016-09-29,Ranjit Sagar,,,,,CWC Weekly Reservoir Storage Bulletin (29.09.2016cwcbulletin.pdf),https://cwc.gov.in/sites/default/files/29.09.2016cwcbulletin.pdf,2016-09-29,*3 THEIN                     269.14                             1.599 29-09-2016     68           58         66 348 600 | 146.3
2015-10-29,Bhakra,1671.69,,,,CWC Weekly Reservoir Storage Bulletin (29.10.2015cwcbull.pdf),https://cwc.gov.in/sites/default/files/29.10.2015cwcbull.pdf,2015-10-29,*1 GOBIND SAGAR(BHAKRA)              509.53        6.229        5.561 29-10-2015     89        84         85 676 1200 | 280.75  418.80        6.157        4.784 29-10-2015
2015-10-29,Pong,,,,,CWC Weekly Reservoir Storage Bulletin (29.10.2015cwcbull.pdf),https://cwc.gov.in/sites/default/files/29.10.2015cwcbull.pdf,2015-10-29,*2 PONG DAM                  359.50                                                  78        62         76            - 360 | PUNJAB                   352.81  512.01        2.344        1.233 25-10-2015
2015-10-29,Ranjit Sagar,,,,,CWC Weekly Reservoir Storage Bulletin (29.10.2015cwcbull.pdf),https://cwc.gov.in/sites/default/files/29.10.2015cwcbull.pdf,2015-10-29,*3 THEIN                     269.14                             1.687 28-10-2015     53        49         61 348 600 | 146.3                             0.121 28-10-2015
2018-11-29,Bhakra,1666.57,,,,CWC Weekly Reservoir Storage Bulletin (29.11.2018_0.pdf),https://cwc.gov.in/sites/default/files/29.11.2018_0.pdf,2018-11-29,*1 GOBIND SAGAR(BHAKRA)              507.97        6.229        5.317 29-11-2018     85           77         76 676 1200 | 280.75  419.50        6.157
2018-11-29,Pong,,,,,CWC Weekly Reservoir Storage Bulletin (29.11.2018_0.pdf),https://cwc.gov.in/sites/default/files/29.11.2018_0.pdf,2018-11-29,*2 PONG DAM                  359.50                             4.940 29-11-2018     80           63         65         - 360 | PUNJAB                   352.81  521.45        2.344
2018-11-29,Ranjit Sagar,,,,,CWC Weekly Reservoir Storage Bulletin (29.11.2018_0.pdf),https://cwc.gov.in/sites/default/files/29.11.2018_0.pdf,2018-11-29,*3 THEIN                     269.14                             1.841 29-11-2018     79           46         53 348 600 | 146.3
2021-04-29,Bhakra,,,,,CWC Weekly Reservoir Storage Bulletin (29042021-ful-bul.pdf),https://cwc.gov.in/sites/default/files/29042021-ful-bul.pdf,2021-04-29,GOBIND SAGAR(BHAKRA) 40
2021-04-29,Pong,,,,,CWC Weekly Reservoir Storage Bulletin (29042021-ful-bul.pdf),https://cwc.gov.in/sites/default/files/29042021-ful-bul.pdf,2021-04-29,PONG DAM(BEAS)            45
2021-04-29,Ranjit Sagar,,,,,CWC Weekly Reservoir Storage Bulletin (29042021-ful-bul.pdf),https://cwc.gov.in/sites/default/files/29042021-ful-bul.pdf,2021-04-29,Punjab            1            THEIN DAM             65
2021-07-29,Bhakra,,,,,CWC Weekly Reservoir Storage Bulletin (29072021.pdf),https://cwc.gov.in/sites/default/files/29072021.pdf,2021-07-29,GOBIND SAGAR(BHAKRA)    58
2021-07-29,Pong,,,,,CWC Weekly Reservoir Storage Bulletin (29072021.pdf),https://cwc.gov.in/sites/default/files/29072021.pdf,2021-07-29,Himachal Pradesh  3            PONG DAM(BEAS)          65
2021-07-29,Ranjit Sagar,,,,,CWC Weekly Reservoir Storage Bulletin (29072021.pdf),https://cwc.gov.in/sites/default/files/29072021.pdf,2021-07-29,Punjab            1            THEIN DAM               73
2024-08-29,Bhakra,,,,,CWC Weekly Reservoir Storage Bulletin (29082024-fb-pdf.pdf),https://cwc.gov.in/sites/default/files/29082024-fb-pdf.pdf,2024-08-29,Rajasthan                    GOBIND SAGAR(BHAKRA)  75 | 7
2024-08-29,Pong,,,,,CWC Weekly Reservoir Storage Bulletin (29082024-fb-pdf.pdf),https://cwc.gov.in/sites/default/files/29082024-fb-pdf.pdf,2024-08-29,Uttar Pradesh               PONG DAM(BEAS)        75 | 8
2024-08-29,Ranjit Sagar,,,,,CWC Weekly Reservoir Storage Bulletin (29082024-fb-pdf.pdf),https://cwc.gov.in/sites/default/files/29082024-fb-pdf.pdf,2024-08-29,THEIN DAM                    39                                                                             2           3   5
2022-09-29,Bhakra,1679.99,,,,CWC Weekly Reservoir Storage Bulletin (29092022-fb.pdf),https://cwc.gov.in/sites/default/files/29092022-fb.pdf,2022-09-29,*1 GOBIND SAGAR(BHAKRA)  512.06  509.64  6.229     5.276 29-09-2022      85       68       82 676 1379 | 423.67  422.20  6.157
2022-09-29,Pong,,,,,CWC Weekly Reservoir Storage Bulletin (29092022-fb.pdf),https://cwc.gov.in/sites/default/files/29092022-fb.pdf,2022-09-29,*2 PONG DAM(BEAS)                640.30  0.089     5.423 29-09-2022      88       55       81   0 396 | 642
2022-09-29,Ranjit Sagar,,,,,CWC Weekly Reservoir Storage Bulletin (29092022-fb.pdf),https://cwc.gov.in/sites/default/files/29092022-fb.pdf,2022-09-29,*4 THEIN DAM                             0.132 | 1.436
2023-09-29,Bhakra,1679.99,,,,CWC Weekly Reservoir Storage Bulletin (29092023-fb-pdf.pdf),https://cwc.gov.in/sites/default/files/29092023-fb-pdf.pdf,2023-09-29,1 GOBIND SAGAR(BHAKRA)   512.06 510.12    6.229     5.351 29-09-2023     86       85             83 676 1379
2023-09-29,Pong,1389.99,,,,CWC Weekly Reservoir Storage Bulletin (29092023-fb-pdf.pdf),https://cwc.gov.in/sites/default/files/29092023-fb-pdf.pdf,2023-09-29,*2 PONG DAM(BEAS)        423.67 423.15    6.157     5.448 27-09-2023     88       88             84       0 396
2023-09-29,Ranjit Sagar,,,,,CWC Weekly Reservoir Storage Bulletin (29092023-fb-pdf.pdf),https://cwc.gov.in/sites/default/files/29092023-fb-pdf.pdf,2023-09-29,4 THEIN DAM
2020-10-29,Bhakra,,,,,CWC Weekly Reservoir Storage Bulletin (29102020-fb-pdf.pdf),https://cwc.gov.in/sites/default/files/29102020-fb-pdf.pdf,2020-10-29,Himachal Pradesh  3          GOBIND SAGAR(BHAKRA)            73
2020-10-29,Pong,,,,,CWC Weekly Reservoir Storage Bulletin (29102020-fb-pdf.pdf),https://cwc.gov.in/sites/default/files/29102020-fb-pdf.pdf,2020-10-29,Pong Dam | 6.16              4.01  -18
2020-10-29,Ranjit Sagar,,,,,CWC Weekly Reservoir Storage Bulletin (29102020-fb-pdf.pdf),https://cwc.gov.in/sites/default/files/29102020-fb-pdf.pdf,2020-10-29,Punjab            1          THEIN DAM                       72
2022-12-29,Bhakra,1679.99,,,,CWC Weekly Reservoir Storage Bulletin (29122022-fb.pdf),https://cwc.gov.in/sites/default/files/29122022-fb.pdf,2022-12-29,*1 GOBIND SAGAR(BHAKRA)  512.06 498.91   6.229     3.709 29-12-2022     60       47       65 676 1379
2022-12-29,Pong,,,,,CWC Weekly Reservoir Storage Bulletin (29122022-fb.pdf),https://cwc.gov.in/sites/default/files/29122022-fb.pdf,2022-12-29,Himachal Pradesh      58                 -25        Pong Dam        6.16              3.91  -8
2022-12-29,Ranjit Sagar,,,,,CWC Weekly Reservoir Storage Bulletin (29122022-fb.pdf),https://cwc.gov.in/sites/default/files/29122022-fb.pdf,2022-12-29,Punjab                11                 -53        Thein           2.34              1.54  50
2020-01-30,Bhakra,1679.99,,,,CWC Weekly Reservoir Storage Bulletin (30.01.2020-fb-pdf.pdf),https://cwc.gov.in/sites/default/files/30.01.2020-fb-pdf.pdf,2020-01-30,*1 GOBIND SAGAR(BHAKRA)  512.06  497.67       6.229     3.550 30-01-2020     57       66        54 676 1379
2020-01-30,Pong,1389.99,,,,CWC Weekly Reservoir Storage Bulletin (30.01.2020-fb-pdf.pdf),https://cwc.gov.in/sites/default/files/30.01.2020-fb-pdf.pdf,2020-01-30,*2 PONG DAM(BEAS)        423.67  416.37       6.157     4.128 30-01-2020     67       55        41  0 396
2020-01-30,Ranjit Sagar,,,,,CWC Weekly Reservoir Storage Bulletin (30.01.2020-fb-pdf.pdf),https://cwc.gov.in/sites/default/files/30.01.2020-fb-pdf.pdf,2020-01-30,*4 THEIN DAM
2017-03-30,Bhakra,,,,,CWC Weekly Reservoir Storage Bulletin (30.03.2017cwcbull.pdf),https://cwc.gov.in/sites/default/files/30.03.2017cwcbull.pdf,2017-03-30,ALIYAR                    25 GOBIND SAGAR(BHAKRA 50
2017-03-30,Pong,,,,,CWC Weekly Reservoir Storage Bulletin (30.03.2017cwcbull.pdf),https://cwc.gov.in/sites/default/files/30.03.2017cwcbull.pdf,2017-03-30,*2 PONG DAM                  359.50                             1.029 30-03-2017     17           17         28         - 360 | PUNJAB                   352.81  506.90        2.344
2017-03-30,Ranjit Sagar,,,,,CWC Weekly Reservoir Storage Bulletin (30.03.2017cwcbull.pdf),https://cwc.gov.in/sites/default/files/30.03.2017cwcbull.pdf,2017-03-30,*3 THEIN                     269.14                             0.964 30-03-2017     41           21         33 348 600 | 146.3
2015-04-30,Bhakra,1679.99,,,,CWC Weekly Reservoir Storage Bulletin (30.04.2015.pdf),https://cwc.gov.in/sites/default/files/30.04.2015.pdf,2015-04-30,*1 GOBIND SAGAR(BHAKRA)      512.06                             2.330 4/30/2015     37           35         24 676 1200 | 423.67  269.00      1.711
2015-04-30,Pong,,,,,CWC Weekly Reservoir Storage Bulletin (30.04.2015.pdf),https://cwc.gov.in/sites/default/files/30.04.2015.pdf,2015-04-30,*2 PONG DAM                          343.60      0.132          2.187 4/30/2015     36           29         30     - 360 | PUNJAB                           346.34      1.436
2015-04-30,Ranjit Sagar,1731.99,,,,CWC Weekly Reservoir Storage Bulletin (30.04.2015.pdf),https://cwc.gov.in/sites/default/files/30.04.2015.pdf,2015-04-30,*3 THEIN                     527.91  257.94      0.821          1.800 4/30/2015     77           64         41 348 600 | RAJASTHAN                        138.27      0.471
2020-04-30,Bhakra,1679.99,,,,CWC Weekly Reservoir Storage Bulletin (30.04.2020-fb-pdfn.pdf),https://cwc.gov.in/sites/default/files/30.04.2020-fb-pdfn.pdf,2020-04-30,*1 GOBIND SAGAR(BHAKRA) 512.06 484.34  6.229     2.055 30-04-2020     33       56       30 676 1379
2020-04-30,Pong,1389.99,,,,CWC Weekly Reservoir Storage Bulletin (30.04.2020-fb-pdfn.pdf),https://cwc.gov.in/sites/default/files/30.04.2020-fb-pdfn.pdf,2020-04-30,*2 PONG DAM(BEAS)      423.67 413.71   6.157     3.589 30-04-2020     58       46       29   0 396
2020-04-30,Ranjit Sagar,,,,,CWC Weekly Reservoir Storage Bulletin (30.04.2020-fb-pdfn.pdf),https://cwc.gov.in/sites/default/files/30.04.2020-fb-pdfn.pdf,2020-04-30,*4 THEIN DAM
2019-05-30,Bhakra,1613.16,,,,CWC Weekly Reservoir Storage Bulletin (30.05.2019cwcbull.pdf),https://cwc.gov.in/sites/default/files/30.05.2019cwcbull.pdf,2019-05-30,*1 GOBIND SAGAR(BHAKRA)              491.69        6.229        2.819 30-05-2019     45           6          23 676 1200 | 280.75  407.21        6.157
2019-05-30,Pong,,,,,CWC Weekly Reservoir Storage Bulletin (30.05.2019cwcbull.pdf),https://cwc.gov.in/sites/default/files/30.05.2019cwcbull.pdf,2019-05-30,*2 PONG DAM                  359.50                             2.421 30-05-2019     39           9          21         - 360 | PUNJAB                   352.81  516.93        2.344
2019-05-30,Ranjit Sagar,,,,,CWC Weekly Reservoir Storage Bulletin (30.05.2019cwcbull.pdf),https://cwc.gov.in/sites/default/files/30.05.2019cwcbull.pdf,2019-05-30,*3 THEIN                     269.14                             1.538 30-05-2019     66           25         42 348 600 | 146.3
2016-06-30,Bhakra,1574.15,,,,CWC Weekly Reservoir Storage Bulletin (30.06.2016cwcbull.pdf),https://cwc.gov.in/sites/default/files/30.06.2016cwcbull.pdf,2016-06-30,*1 GOBIND SAGAR(BHAKRA)              479.80        6.229        1.886 29-06-2016     30           44         32 676 1200 | 280.75  391.73        6.157
2016-06-30,Pong,,,,,CWC Weekly Reservoir Storage Bulletin (30.06.2016cwcbull.pdf),https://cwc.gov.in/sites/default/files/30.06.2016cwcbull.pdf,2016-06-30,MALAPRABHA(RENUKA)        2 VAIGAI                           22 PONG DAM               35
2016-06-30,Ranjit Sagar,,,,,CWC Weekly Reservoir Storage Bulletin (30.06.2016cwcbull.pdf),https://cwc.gov.in/sites/default/files/30.06.2016cwcbull.pdf,2016-06-30,*3 THEIN                     269.14                             0.788 29-06-2016     34           82         51 348 600 | 146.3
2015-07-30,Bhakra,,,,,CWC Weekly Reservoir Storage Bulletin (30.07.2015reservoirbull.pdf),https://cwc.gov.in/sites/default/files/30.07.2015reservoirbull.pdf,2015-07-30,*1 GOBIND SAGAR(BHAKRA)                                         4.438 29-07-2015     71           69         55 676 1200 | 280.75  280.05      1.711
2015-07-30,Pong,,,,,CWC Weekly Reservoir Storage Bulletin (30.07.2015reservoirbull.pdf),https://cwc.gov.in/sites/default/files/30.07.2015reservoirbull.pdf,2015-07-30,*2 PONG DAM                  359.50  357.80      0.132          4.044 30-07-2015     66           38         41         - 360 | PUNJAB                   352.81  352.28      1.436
2015-07-30,Ranjit Sagar,,,,,CWC Weekly Reservoir Storage Bulletin (30.07.2015reservoirbull.pdf),https://cwc.gov.in/sites/default/files/30.07.2015reservoirbull.pdf,2015-07-30,*3 THEIN                     269.14  258.27      0.821          1.959 28-07-2015     84           72         51 348 600 | 146.3  144.28      0.471
2020-07-30,Bhakra,1679.99,,,,CWC Weekly Reservoir Storage Bulletin (30.07.2020-fb-pdf.pdf),https://cwc.gov.in/sites/default/files/30.07.2020-fb-pdf.pdf,2020-07-30,*1 GOBIND SAGAR(BHAKRA)  512.06  492.92       6.229     2.956 30-07-2020     47      65         52 676 1379
2020-07-30,Pong,,,,,CWC Weekly Reservoir Storage Bulletin (30.07.2020-fb-pdf.pdf),https://cwc.gov.in/sites/default/files/30.07.2020-fb-pdf.pdf,2020-07-30,Himachal Pradesh                    193   -32         Pong Dam        6.16             2.52  0
2020-07-30,Ranjit Sagar,,,,,CWC Weekly Reservoir Storage Bulletin (30.07.2020-fb-pdf.pdf),https://cwc.gov.in/sites/default/files/30.07.2020-fb-pdf.pdf,2020-07-30,Jammu & Kashmir                     94    -53         Thein           2.34             1.06  -14 | East Rajasthan
2018-08-30,Bhakra,1638.98,,,,CWC Weekly Reservoir Storage Bulletin (30.08.2018cwcbull_1.pdf),https://cwc.gov.in/sites/default/files/30.08.2018cwcbull_1.pdf,2018-08-30,*1 GOBIND SAGAR(BHAKRA)              499.56        6.229        4.089 30-08-2018     66        87         81 676 1200 | 280.75  417.53        6.157        4.502 28-08-2018
2018-08-30,Pong,,,,,CWC Weekly Reservoir Storage Bulletin (30.08.2018cwcbull_1.pdf),https://cwc.gov.in/sites/default/files/30.08.2018cwcbull_1.pdf,2018-08-30,*2 PONG DAM                  359.50                                                  73        85         77            - 360 | PUNJAB                   352.81  520.51        2.344        1.760 30-08-2018
2018-08-30,Ranjit Sagar,,,,,CWC Weekly Reservoir Storage Bulletin (30.08.2018cwcbull_1.pdf),https://cwc.gov.in/sites/default/files/30.08.2018cwcbull_1.pdf,2018-08-30,*3 THEIN                     269.14                             1.126 29-08-2018     75        73         69 348 600 | 146.3                             0.097 29-08-2018
2015-09-30,Bhakra,1678.94,,,,CWC Weekly Reservoir Storage Bulletin (30.09.2015cwcbull.pdf),https://cwc.gov.in/sites/default/files/30.09.2015cwcbull.pdf,2015-09-30,*1 GOBIND SAGAR(BHAKRA)              511.74        6.229        5.906 30-09-2015     95        92         89 676 1200 | 280.75  421.17        6.157        5.319 30-09-2015
2015-09-30,Pong,,,,,CWC Weekly Reservoir Storage Bulletin (30.09.2015cwcbull.pdf),https://cwc.gov.in/sites/default/files/30.09.2015cwcbull.pdf,2015-09-30,*2 PONG DAM                  359.50                                                  86        69         85            - 360 | PUNJAB                   352.81  514.13        2.344        1.360 27-09-2015
2015-09-30,Ranjit Sagar,,,,,CWC Weekly Reservoir Storage Bulletin (30.09.2015cwcbull.pdf),https://cwc.gov.in/sites/default/files/30.09.2015cwcbull.pdf,2015-09-30,*3 THEIN                     269.14                             1.701 29-09-2015     58        62         68 348 600 | 146.3                             0.122 29-09-2015
2017-11-30,Bhakra,1655.97,,,,CWC Weekly Reservoir Storage Bulletin (30.11.2017cwcbull.pdf),https://cwc.gov.in/sites/default/files/30.11.2017cwcbull.pdf,2017-11-30,*1 GOBIND SAGAR(BHAKRA)              504.74        6.229        4.790 30-11-2017     77        57         74 676 1200 | 280.75  414.57        6.157
2017-11-30,Pong,,,,,CWC Weekly Reservoir Storage Bulletin (30.11.2017cwcbull.pdf),https://cwc.gov.in/sites/default/files/30.11.2017cwcbull.pdf,2017-11-30,*2 PONG DAM                  359.50                             3.879 29-11-2017     63        54         62            - 360 | PUNJAB                   352.81  509.10        2.344
2017-11-30,Ranjit Sagar,,,,,CWC Weekly Reservoir Storage Bulletin (30.11.2017cwcbull.pdf),https://cwc.gov.in/sites/default/files/30.11.2017cwcbull.pdf,2017-11-30,*3 THEIN                     269.14                             1.061 30-11-2017     45        46         53 348 600 | 146.3
2022-06-30,Bhakra,,,,,CWC Weekly Reservoir Storage Bulletin (30062022-bulletin.pdf),https://cwc.gov.in/sites/default/files/30062022-bulletin.pdf,2022-06-30,Uttarakhand                 10   GOBIND SAGAR(BHAKRA)                59 | 70
2022-06-30,Pong,,,,,CWC Weekly Reservoir Storage Bulletin (30062022-bulletin.pdf),https://cwc.gov.in/sites/default/files/30062022-bulletin.pdf,2022-06-30,1        PONG DAM(BEAS)                 76 | 6               KOL DAM                 48
2022-06-30,Ranjit Sagar,,,,,CWC Weekly Reservoir Storage Bulletin (30062022-bulletin.pdf),https://cwc.gov.in/sites/default/files/30062022-bulletin.pdf,2022-06-30,THEIN DAM | BISALPUR
2023-06-30,Bhakra,1679.99,,,,CWC Weekly Reservoir Storage Bulletin (30062023-fb.pdf),https://cwc.gov.in/sites/default/files/30062023-fb.pdf,2023-06-30,1 GOBIND SAGAR(BHAKRA)   512.06 485.06   6.229     2.123 30-06-2023      34         20       30 676 1379
2023-06-30,Pong,1389.99,,,,CWC Weekly Reservoir Storage Bulletin (30062023-fb.pdf),https://cwc.gov.in/sites/default/files/30062023-fb.pdf,2023-06-30,*2 PONG DAM(BEAS)        423.67 407.32   6.157     2.439 30-06-2023      40         10       22       0 396
2023-06-30,Ranjit Sagar,,,,,CWC Weekly Reservoir Storage Bulletin (30062023-fb.pdf),https://cwc.gov.in/sites/default/files/30062023-fb.pdf,2023-06-30,4 THEIN DAM
2021-09-30,Bhakra,,,,,CWC Weekly Reservoir Storage Bulletin (30092021-bulletin.pdf),https://cwc.gov.in/sites/default/files/30092021-bulletin.pdf,2021-09-30,Himachal Pradesh  3            GOBIND SAGAR(BHAKRA)       79
2021-09-30,Pong,,,,,CWC Weekly Reservoir Storage Bulletin (30092021-bulletin.pdf),https://cwc.gov.in/sites/default/files/30092021-bulletin.pdf,2021-09-30,PONG DAM(BEAS)             65
2021-09-30,Ranjit Sagar,,,,,CWC Weekly Reservoir Storage Bulletin (30092021-bulletin.pdf),https://cwc.gov.in/sites/default/files/30092021-bulletin.pdf,2021-09-30,Punjab            1            THEIN DAM                  60
2023-11-30,Bhakra,1679.99,,,,CWC Weekly Reservoir Storage Bulletin (30112023-fb.pdf),https://cwc.gov.in/sites/default/files/30112023-fb.pdf,2023-11-30,1 GOBIND SAGAR(BHAKRA)   512.06   502.40  6.229     4.193  30-11-2023  67      79                74 676 1379 | 423.67   418.28  6.157     4.534  30-11-2023
2023-11-30,Pong,,,,,CWC Weekly Reservoir Storage Bulletin (30112023-fb.pdf),https://cwc.gov.in/sites/default/files/30112023-fb.pdf,2023-11-30,*2 PONG DAM(BEAS)                 641.18  0.089     0.077  30-11-2023  74      74                60       0 396 | 642
2023-11-30,Ranjit Sagar,,,,,CWC Weekly Reservoir Storage Bulletin (30112023-fb.pdf),https://cwc.gov.in/sites/default/files/30112023-fb.pdf,2023-11-30,4 THEIN DAM                               0.132 | 1.436
2021-12-30,Bhakra,,,,,CWC Weekly Reservoir Storage Bulletin (30122021-bulletin-copy.pdf),https://cwc.gov.in/sites/default/files/30122021-bulletin-copy.pdf,2021-12-30,Himachal Pradesh  3            GOBIND SAGAR(BHAKRA)       74
2021-12-30,Pong,1389.99,,,,CWC Weekly Reservoir Storage Bulletin (30122021-bulletin-copy.pdf),https://cwc.gov.in/sites/default/files/30122021-bulletin-copy.pdf,2021-12-30,*2 PONG DAM(BEAS)         423.67  408.28       6.157     2.601 30-12-2021      42      47         52  0 396
2021-12-30,Ranjit Sagar,,,,,CWC Weekly Reservoir Storage Bulletin (30122021-bulletin-copy.pdf),https://cwc.gov.in/sites/default/files/30122021-bulletin-copy.pdf,2021-12-30,Punjab            1            THEIN DAM                  73
2019-01-31,Bhakra,1638.85,,,,CWC Weekly Reservoir Storage Bulletin (31.01.2019cwcbull_1.pdf),https://cwc.gov.in/sites/default/files/31.01.2019cwcbull_1.pdf,2019-01-31,*1 GOBIND SAGAR(BHAKRA)              499.52        6.229        4.084 31-01-2019     66           50         51 676 1200 | 280.75  411.93        6.157
2019-01-31,Pong,,,,,CWC Weekly Reservoir Storage Bulletin (31.01.2019cwcbull_1.pdf),https://cwc.gov.in/sites/default/files/31.01.2019cwcbull_1.pdf,2019-01-31,*2 PONG DAM                  359.50                             3.368 30-01-2019     55           38         41         - 360 | PUNJAB                   352.81  515.21        2.344
2019-01-31,Ranjit Sagar,,,,,CWC Weekly Reservoir Storage Bulletin (31.01.2019cwcbull_1.pdf),https://cwc.gov.in/sites/default/files/31.01.2019cwcbull_1.pdf,2019-01-31,*3 THEIN                     269.14                             1.416 31-01-2019     60           22         33 348 600 | 146.3
2016-03-31,Bhakra,1578.44,,,,CWC Weekly Reservoir Storage Bulletin (31.03.2016cwcbull.pdf),https://cwc.gov.in/sites/default/files/31.03.2016cwcbull.pdf,2016-03-31,*1 GOBIND SAGAR(BHAKRA)              481.11        6.229        1.995 28-03-2016     32           31         29 676 1200 | 280.75  396.75        6.157
2016-03-31,Pong,,,,,CWC Weekly Reservoir Storage Bulletin (31.03.2016cwcbull.pdf),https://cwc.gov.in/sites/default/files/31.03.2016cwcbull.pdf,2016-03-31,*2 PONG DAM                  359.50                             1.044 28-03-2016     17           29         31         - 360 | PUNJAB                   352.81  497.25        2.344
2016-03-31,Ranjit Sagar,,,,,CWC Weekly Reservoir Storage Bulletin (31.03.2016cwcbull.pdf),https://cwc.gov.in/sites/default/files/31.03.2016cwcbull.pdf,2016-03-31,*3 THEIN                     269.14                             0.507 24-03-2016     22           42         33 348 600 | 146.3
2018-05-31,Bhakra,,,,,CWC Weekly Reservoir Storage Bulletin (31.05.2018cwcbull_1.pdf),https://cwc.gov.in/sites/default/files/31.05.2018cwcbull_1.pdf,2018-05-31,GOBIND SAGAR(BHAKRA        24
2018-05-31,Pong,,,,,CWC Weekly Reservoir Storage Bulletin (31.05.2018cwcbull_1.pdf),https://cwc.gov.in/sites/default/files/31.05.2018cwcbull_1.pdf,2018-05-31,YELDARI                    0 PONG DAM                        44                                                                           51% 61% 71%
2018-05-31,Ranjit Sagar,,,,,CWC Weekly Reservoir Storage Bulletin (31.05.2018cwcbull_1.pdf),https://cwc.gov.in/sites/default/files/31.05.2018cwcbull_1.pdf,2018-05-31,*3 THEIN                     269.14                             0.583 31-05-2018     25           58         44 348 600 | 146.3
2017-08-31,Bhakra,1669.65,,,,CWC Weekly Reservoir Storage Bulletin (31.08.2017cwcbull.pdf),https://cwc.gov.in/sites/default/files/31.08.2017cwcbull.pdf,2017-08-31,*1 GOBIND SAGAR(BHAKRA)              508.91        6.229        5.464 31-08-2017     88        69         81 676 1200 | 280.75  420.97        6.157
2017-08-31,Pong,,,,,CWC Weekly Reservoir Storage Bulletin (31.08.2017cwcbull.pdf),https://cwc.gov.in/sites/default/files/31.08.2017cwcbull.pdf,2017-08-31,*2 PONG DAM                  359.50                             5.272 31-08-2017     86        71         76            - 360 | PUNJAB                   352.81  520.20        2.344
2017-08-31,Ranjit Sagar,,,,,CWC Weekly Reservoir Storage Bulletin (31.08.2017cwcbull.pdf),https://cwc.gov.in/sites/default/files/31.08.2017cwcbull.pdf,2017-08-31,*3 THEIN                     269.14                             1.721 31-08-2017     73        77         66 348 600 | 146.3
2019-10-31,Bhakra,1679.99,,,,CWC Weekly Reservoir Storage Bulletin (31.10.2019-full-bul.pdf),https://cwc.gov.in/sites/default/files/31.10.2019-full-bul.pdf,2019-10-31,*1 GOBIND SAGAR(BHAKRA) 512.06 507.51  6.229     4.944 31-10-19      79         87       83 676 1379
2019-10-31,Pong,,,,,CWC Weekly Reservoir Storage Bulletin (31.10.2019-full-bul.pdf),https://cwc.gov.in/sites/default/files/31.10.2019-full-bul.pdf,2019-10-31,Pong Dam | 6.16              5.18  13
2019-10-31,Ranjit Sagar,1731.99,,,,CWC Weekly Reservoir Storage Bulletin (31.10.2019-full-bul.pdf),https://cwc.gov.in/sites/default/files/31.10.2019-full-bul.pdf,2019-10-31,*4 THEIN DAM            527.91 522.41  2.344     1.919 31-10-19      82         90       62 348 600
2015-12-31,Bhakra,1643.96,,,,CWC Weekly Reservoir Storage Bulletin (31.12.2015cwcbull.pdf),https://cwc.gov.in/sites/default/files/31.12.2015cwcbull.pdf,2015-12-31,*1 GOBIND SAGAR(BHAKRA)              501.08        6.229        4.303 31-12-2015     69           62         65 676 1200 | 280.75  411.32        6.157
2015-12-31,Pong,,,,,CWC Weekly Reservoir Storage Bulletin (31.12.2015cwcbull.pdf),https://cwc.gov.in/sites/default/files/31.12.2015cwcbull.pdf,2015-12-31,*2 PONG DAM                  359.50                             3.252 31-12-2015     53           36         51     - 360 | PUNJAB                   352.81  498.09        2.344
2015-12-31,Ranjit Sagar,,,,,CWC Weekly Reservoir Storage Bulletin (31.12.2015cwcbull.pdf),https://cwc.gov.in/sites/default/files/31.12.2015cwcbull.pdf,2015-12-31,*3 THEIN                     269.14  276.00        1.711        0.545 31-12-2015     23           41         46 348 600 | RAJASTHAN                 146.3  351.80        0.132
2023-03-31,Bhakra,1679.99,,,,CWC Weekly Reservoir Storage Bulletin (31032023-fb.pdf),https://cwc.gov.in/sites/default/files/31032023-fb.pdf,2023-03-31,1 GOBIND SAGAR(BHAKRA)   512.06 481.82   6.229     1.817 30-03-2023      29       25       32 676 1379
2023-03-31,Pong,,,,,CWC Weekly Reservoir Storage Bulletin (31032023-fb.pdf),https://cwc.gov.in/sites/default/files/31032023-fb.pdf,2023-03-31,Himachal Pradesh    63                              Pong Dam        6.16              2.12  -9
2023-03-31,Ranjit Sagar,,,,,CWC Weekly Reservoir Storage Bulletin (31032023-fb.pdf),https://cwc.gov.in/sites/default/files/31032023-fb.pdf,2023-03-31,Jammu & Kashmir     76                              Thein           2.34              1.11  50
2020-12-31,Bhakra,,,,,CWC Weekly Reservoir Storage Bulletin (31122020-full-bul.pdf),https://cwc.gov.in/sites/default/files/31122020-full-bul.pdf,2020-12-31,Himachal Pradesh  3          GOBIND SAGAR(BHAKRA)         66
2020-12-31,Pong,,,,,CWC Weekly Reservoir Storage Bulletin (31122020-full-bul.pdf),https://cwc.gov.in/sites/default/files/31122020-full-bul.pdf,2020-12-31,Pong Dam
2020-12-31,Ranjit Sagar,,,,,CWC Weekly Reservoir Storage Bulletin (31122020-full-bul.pdf),https://cwc.gov.in/sites/default/files/31122020-full-bul.pdf,2020-12-31,THEIN DAM                 46                                                                                     to 80% of normal
2020-12-03,Bhakra,,,,,CWC Weekly Reservoir Storage Bulletin (3122020-fb-pdf.pdf),https://cwc.gov.in/sites/default/files/3122020-fb-pdf.pdf,2020-12-03,Himachal Pradesh  3          GOBIND SAGAR(BHAKRA)              71
2020-12-03,Pong,,,,,CWC Weekly Reservoir Storage Bulletin (3122020-fb-pdf.pdf),https://cwc.gov.in/sites/default/files/3122020-fb-pdf.pdf,2020-12-03,Pong Dam
2020-12-03,Ranjit Sagar,,,,,CWC Weekly Reservoir Storage Bulletin (3122020-fb-pdf.pdf),https://cwc.gov.in/sites/default/files/3122020-fb-pdf.pdf,2020-12-03,Punjab            1          THEIN DAM                         58
2022-07-28,Bhakra,,,,,CWC Weekly Reservoir Storage Bulletin (approved-bulletin-28.07.2022.pdf),https://cwc.gov.in/sites/default/files/approved-bulletin-28.07.2022.pdf,2022-07-28,GOBIND SAGAR(BHAKRA)                43 | 20
2022-07-28,Pong,1389.99,,,,CWC Weekly Reservoir Storage Bulletin (approved-bulletin-28.07.2022.pdf),https://cwc.gov.in/sites/default/files/approved-bulletin-28.07.2022.pdf,2022-07-28,*2 PONG DAM(BEAS)                    423.67  403.73       6.157     1.871 28-07-2022      30       27        37  0 396
2022-07-28,Ranjit Sagar,,,,,CWC Weekly Reservoir Storage Bulletin (approved-bulletin-28.07.2022.pdf),https://cwc.gov.in/sites/default/files/approved-bulletin-28.07.2022.pdf,2022-07-28,*4 THEIN DAM
2015-12-03,Bhakra,1660.7,,,,CWC Weekly Reservoir Storage Bulletin (binder103.12.2015cwcbull.pdf),https://cwc.gov.in/sites/default/files/binder103.12.2015cwcbull.pdf,2015-12-03,*1 GOBIND SAGAR(BHAKRA)              506.18        6.229        5.038 03-12-2015     81           73         76 676 1200 | 280.75  415.22        6.157
2015-12-03,Pong,,,,,CWC Weekly Reservoir Storage Bulletin (binder103.12.2015cwcbull.pdf),https://cwc.gov.in/sites/default/files/binder103.12.2015cwcbull.pdf,2015-12-03,*2 PONG DAM                  359.50                             4.015 03-12-2015     65           49         62         - 360 | PUNJAB                   352.81  506.16        2.344
2015-12-03,Ranjit Sagar,,,,,CWC Weekly Reservoir Storage Bulletin (binder103.12.2015cwcbull.pdf),https://cwc.gov.in/sites/default/files/binder103.12.2015cwcbull.pdf,2015-12-03,*3 THEIN                     269.14                             0.915 03-12-2015     39           46         54 348 600 | 146.3
2015-08-13,Bhakra,1665.72,,,,CWC Weekly Reservoir Storage Bulletin (bull13.08.15.pdf),https://cwc.gov.in/sites/default/files/bull13.08.15.pdf,2015-08-13,*1 GOBIND SAGAR(BHAKRA)              507.71        6.229        5.277 13/08/2015     85        84         70 676 1200 | 280.75  421.22        6.157
2015-08-13,Pong,,,,,CWC Weekly Reservoir Storage Bulletin (bull13.08.15.pdf),https://cwc.gov.in/sites/default/files/bull13.08.15.pdf,2015-08-13,*2 PONG DAM                  359.50                             5.333 13/08/2015     87        49         57            - 360 | PUNJAB                   352.81  524.50        2.344
2015-08-13,Ranjit Sagar,,,,,CWC Weekly Reservoir Storage Bulletin (bull13.08.15.pdf),https://cwc.gov.in/sites/default/files/bull13.08.15.pdf,2015-08-13,*3 THEIN                     269.14                             2.078 13/08/2015     89        71         58 348 600 | 146.3
2017-03-16,Bhakra,1538.42,,,,CWC Weekly Reservoir Storage Bulletin (bullcwc.pdf),https://cwc.gov.in/sites/default/files/bullcwc.pdf,2017-03-16,*1 GOBIND SAGAR(BHAKRA)              468.91        6.229        1.088 16-03-2017     17           34         33 676 1200 | 280.75  397.68        6.157
2017-03-16,Pong,,,,,CWC Weekly Reservoir Storage Bulletin (bullcwc.pdf),https://cwc.gov.in/sites/default/files/bullcwc.pdf,2017-03-16,*2 PONG DAM                  359.50                             1.151 16-03-2017     19           18         31         - 360 | PUNJAB                   352.81  504.97        2.344
2017-03-16,Ranjit Sagar,,,,,CWC Weekly Reservoir Storage Bulletin (bullcwc.pdf),https://cwc.gov.in/sites/default/files/bullcwc.pdf,2017-03-16,*3 THEIN                     269.14                             0.866 16-03-2017     37           23         31 348 600 | 146.3
2025-04-03,Pong,,,,,CWC Weekly Reservoir Storage Bulletin (bulletin-03-04-2025-13-38-29-3.pdf),https://cwc.gov.in/sites/default/files/bulletin-03-04-2025-13-38-29-3.pdf,2025-04-03,Karnataka        16               � PONG DAM                      � 50.63
2025-04-03,Ranjit Sagar,,,,,CWC Weekly Reservoir Storage Bulletin (bulletin-03-04-2025-13-38-29-3.pdf),https://cwc.gov.in/sites/default/files/bulletin-03-04-2025-13-38-29-3.pdf,2025-04-03,THEIN DAM                                                                    43.20 | ALIYAR                                                                       42.43
2025-05-08,Pong,,,,,CWC Weekly Reservoir Storage Bulletin (bulletin-08-05-2025.pdf),https://cwc.gov.in/sites/default/files/bulletin-08-05-2025.pdf,2025-05-08,PONG DAM                                                                     40.22 | NARAYANPUR                                                                   39.80
2025-05-08,Ranjit Sagar,,,,,CWC Weekly Reservoir Storage Bulletin (bulletin-08-05-2025.pdf),https://cwc.gov.in/sites/default/files/bulletin-08-05-2025.pdf,2025-05-08,� THEIN DAM             � 65.91
2016-06-02,Bhakra,1569.39,,,,CWC Weekly Reservoir Storage Bulletin (cwcbull02062016.pdf),https://cwc.gov.in/sites/default/files/cwcbull02062016.pdf,2016-06-02,*1 GOBIND SAGAR(BHAKRA)              478.35        6.229        1.765 02-06-16      28           43         25 676 1200 | 280.75  391.06        6.157
2016-06-02,Pong,,,,,CWC Weekly Reservoir Storage Bulletin (cwcbull02062016.pdf),https://cwc.gov.in/sites/default/files/cwcbull02062016.pdf,2016-06-02,BHIMA(UJJANI)             0 SALANADI                         11 PONG DAM               30                                                             storage.
2016-06-02,Ranjit Sagar,,,,,CWC Weekly Reservoir Storage Bulletin (cwcbull02062016.pdf),https://cwc.gov.in/sites/default/files/cwcbull02062016.pdf,2016-06-02,*3 THEIN                     269.14  266.03        1.711        0.842 02-06-16      36           79         49 348 600 | RAJASTHAN                 146.3  337.50        0.132
2015-10-15,Bhakra,1675.1,,,,CWC Weekly Reservoir Storage Bulletin (cwcbull15.10.2015.pdf),https://cwc.gov.in/sites/default/files/cwcbull15.10.2015.pdf,2015-10-15,*1 GOBIND SAGAR(BHAKRA)              510.57        6.229        5.724 12-10-2015     92        88         87 676 1200 | 280.75  419.96        6.157        5.042 14-10-2015
2015-10-15,Pong,,,,,CWC Weekly Reservoir Storage Bulletin (cwcbull15.10.2015.pdf),https://cwc.gov.in/sites/default/files/cwcbull15.10.2015.pdf,2015-10-15,*2 PONG DAM                  359.50                                                  82        67         81            - 360 | PUNJAB                   352.81  513.45        2.344        1.318 13-10-2015
2015-10-15,Ranjit Sagar,,,,,CWC Weekly Reservoir Storage Bulletin (cwcbull15.10.2015.pdf),https://cwc.gov.in/sites/default/files/cwcbull15.10.2015.pdf,2015-10-15,*3 THEIN                     269.14                             1.701 13-10-2015     56        51         64 348 600 | 146.3                             0.122 13-10-2015
2019-07-18,Bhakra,,,,,CWC Weekly Reservoir Storage Bulletin (cwcbull18072019.pdf),https://cwc.gov.in/sites/default/files/cwcbull18072019.pdf,2019-07-18,*1 GOBIND SAGAR(BHAKRA)                                         3.316 18-07-2019     53        12         39 676 1200 | 280.75  273.25      1.711
2019-07-18,Pong,,,,,CWC Weekly Reservoir Storage Bulletin (cwcbull18072019.pdf),https://cwc.gov.in/sites/default/files/cwcbull18072019.pdf,2019-07-18,*2 PONG DAM                  359.50  348.90      0.132          2.153 18-07-2019     35        10         27            - 360 | PUNJAB                   352.81  346.83      1.436
2019-07-18,Ranjit Sagar,,,,,CWC Weekly Reservoir Storage Bulletin (cwcbull18072019.pdf),https://cwc.gov.in/sites/default/files/cwcbull18072019.pdf,2019-07-18,*3 THEIN                     269.14  257.59      0.821          1.233 18-07-2019     53        41         47 348 600 | RAJASTHAN                 146.3  139.15      0.471
2019-07-25,Bhakra,1635.7,,,,CWC Weekly Reservoir Storage Bulletin (cwcbull25072019.pdf),https://cwc.gov.in/sites/default/files/cwcbull25072019.pdf,2019-07-25,*1 GOBIND SAGAR(BHAKRA)               498.56     6.229           3.663 25-07-2019     59           17         44 676 1200 | 280.75   406.38     6.157
2019-07-25,Pong,,,,,CWC Weekly Reservoir Storage Bulletin (cwcbull25072019.pdf),https://cwc.gov.in/sites/default/files/cwcbull25072019.pdf,2019-07-25,*2 PONG DAM                  359.50                              2.280 25-07-2019     37           14         33         - 360 | PUNJAB                   352.81   512.63     2.344
2019-07-25,Ranjit Sagar,,,,,CWC Weekly Reservoir Storage Bulletin (cwcbull25072019.pdf),https://cwc.gov.in/sites/default/files/cwcbull25072019.pdf,2019-07-25,*3 THEIN                     269.14   273.45     1.711           1.263 25-07-2019     54           43         51 348 600 | RAJASTHAN                 146.3   349.15     0.132
2019-01-24,Bhakra,1679.99,,,,CWC Weekly Reservoir Storage Bulletin (cwcbull_1.pdf),https://cwc.gov.in/sites/default/files/cwcbull_1.pdf,2019-01-24,*1 GOBIND SAGAR(BHAKRA) 512.06                                  4.291 24-01-19          69        53         54 676 1200 | 275.55      1.711
2019-01-24,Pong,1389.99,,,,CWC Weekly Reservoir Storage Bulletin (cwcbull_1.pdf),https://cwc.gov.in/sites/default/files/cwcbull_1.pdf,2019-01-24,*2 PONG DAM                  423.67  352.45      0.132          3.508 24-01-19          57        40         43        - 360 | PUNJAB                           347.27      1.436
2019-01-24,Ranjit Sagar,1731.99,,,,CWC Weekly Reservoir Storage Bulletin (cwcbull_1.pdf),https://cwc.gov.in/sites/default/files/cwcbull_1.pdf,2019-01-24,*3 THEIN                     527.91  258.58      0.821          1.416 24-01-19          60        23         34 348 600 | RAJASTHAN                        142.47      0.471
2015-09-17,Bhakra,1677.4,,,,CWC Weekly Reservoir Storage Bulletin (cwcbulletin17.09.2015.pdf),https://cwc.gov.in/sites/default/files/cwcbulletin17.09.2015.pdf,2015-09-17,*1 GOBIND SAGAR(BHAKRA)              511.27        6.229        5.833 17-09-2015     94        100        89 676 1200 | 280.75  421.42        6.157        5.379 17-09-2015
2015-09-17,Pong,,,,,CWC Weekly Reservoir Storage Bulletin (cwcbulletin17.09.2015.pdf),https://cwc.gov.in/sites/default/files/cwcbulletin17.09.2015.pdf,2015-09-17,*2 PONG DAM                  359.50                                                  87        71         83            - 360 | PUNJAB                   352.81  512.94        2.344        1.294 15-09-2015
2015-09-17,Ranjit Sagar,,,,,CWC Weekly Reservoir Storage Bulletin (cwcbulletin17.09.2015.pdf),https://cwc.gov.in/sites/default/files/cwcbulletin17.09.2015.pdf,2015-09-17,*3 THEIN                     269.14                                                  55        67         67 348 600 | 146.3
2018-03-28,Bhakra,1554.1,,,,CWC Weekly Reservoir Storage Bulletin (cwcbulletin28.03.2018.pdf),https://cwc.gov.in/sites/default/files/cwcbulletin28.03.2018.pdf,2018-03-28,*1 GOBIND SAGAR(BHAKRA)              473.69        6.229        1.405 28-03-2018     23           13         26 676 1200 | 280.75  394.17        6.157
2018-03-28,Pong,,,,,CWC Weekly Reservoir Storage Bulletin (cwcbulletin28.03.2018.pdf),https://cwc.gov.in/sites/default/files/cwcbulletin28.03.2018.pdf,2018-03-28,ALIYAR                    0 PONG DAM                         50                                                                           51% 61% 71%
2018-03-28,Ranjit Sagar,,,,,CWC Weekly Reservoir Storage Bulletin (cwcbulletin28.03.2018.pdf),https://cwc.gov.in/sites/default/files/cwcbulletin28.03.2018.pdf,2018-03-28,*3 THEIN                     269.14                             0.469 28-03-2018     20           39         32 348 600 | 146.3
2015-09-23,Bhakra,1677.53,,,,CWC Weekly Reservoir Storage Bulletin (cwcwebbulletin23.09.2015.pdf),https://cwc.gov.in/sites/default/files/cwcwebbulletin23.09.2015.pdf,2015-09-23,*1 GOBIND SAGAR(BHAKRA)              511.31        6.229        5.840 23-09-2015     94        94         90 676 1200 | 280.75  420.90        6.157        5.255 23-09-2015
2015-09-23,Pong,,,,,CWC Weekly Reservoir Storage Bulletin (cwcwebbulletin23.09.2015.pdf),https://cwc.gov.in/sites/default/files/cwcwebbulletin23.09.2015.pdf,2015-09-23,*2 PONG DAM                  359.50                                                  85        71         85            - 360 | PUNJAB                   352.81  510.82        2.344        1.172 22-09-2015
2015-09-23,Ranjit Sagar,,,,,CWC Weekly Reservoir Storage Bulletin (cwcwebbulletin23.09.2015.pdf),https://cwc.gov.in/sites/default/files/cwcwebbulletin23.09.2015.pdf,2015-09-23,*3 THEIN                     269.14                             1.697 23-09-2015     50        67         69 348 600 | 146.3                             0.122 23-09-2015
2024-02-01,Bhakra,1679.99,,,,CWC Weekly Reservoir Storage Bulletin (fb-01022024.pdf),https://cwc.gov.in/sites/default/files/fb-01022024.pdf,2024-02-01,1 GOBIND SAGAR(BHAKRA)   512.06 491.25    6.229     2.769 01-02-2024     44       49          48 676 1379
2024-02-01,Pong,,,,,CWC Weekly Reservoir Storage Bulletin (fb-01022024.pdf),https://cwc.gov.in/sites/default/files/fb-01022024.pdf,2024-02-01,Uttarakhand           0                             Pong Dam              2.62              1.30  -7 | -59             Thein
2024-02-01,Ranjit Sagar,,,,,CWC Weekly Reservoir Storage Bulletin (fb-01022024.pdf),https://cwc.gov.in/sites/default/files/fb-01022024.pdf,2024-02-01,THEIN DAM              69
2025-05-01,Pong,,,,,CWC Weekly Reservoir Storage Bulletin (fb-01052025.pdf),https://cwc.gov.in/sites/default/files/fb-01052025.pdf,2025-05-01,PONG DAM                                                                     38.48 | GERUSOPPA                                                                    2.56
2025-05-01,Ranjit Sagar,,,,,CWC Weekly Reservoir Storage Bulletin (fb-01052025.pdf),https://cwc.gov.in/sites/default/files/fb-01052025.pdf,2025-05-01,� THEIN DAM                     � 64.31
2024-11-01,Bhakra,,,,,CWC Weekly Reservoir Storage Bulletin (fb-01112024.pdf),https://cwc.gov.in/sites/default/files/fb-01112024.pdf,2024-11-01,Kerala                3   GOBIND SAGAR(BHAKRA)  77 | Odisha
2024-11-01,Pong,,,,,CWC Weekly Reservoir Storage Bulletin (fb-01112024.pdf),https://cwc.gov.in/sites/default/files/fb-01112024.pdf,2024-11-01,Punjab                 6   PONG DAM(BEAS)        72 | Rajasthan               10
2024-11-01,Ranjit Sagar,,,,,CWC Weekly Reservoir Storage Bulletin (fb-01112024.pdf),https://cwc.gov.in/sites/default/files/fb-01112024.pdf,2024-11-01,THEIN DAM                    46                                                                             51%  61%        71%
2025-01-02,Bhakra,,,,,CWC Weekly Reservoir Storage Bulletin (fb-02012025.pdf),https://cwc.gov.in/sites/default/files/fb-02012025.pdf,2025-01-02,Maharashtra               16   GOBIND SAGAR(BHAKRA)  71 | 32
2025-01-02,Pong,,,,,CWC Weekly Reservoir Storage Bulletin (fb-02012025.pdf),https://cwc.gov.in/sites/default/files/fb-02012025.pdf,2025-01-02,Odisha                10   PONG DAM(BEAS)        52 | Punjab                 1
2025-01-02,Ranjit Sagar,,,,,CWC Weekly Reservoir Storage Bulletin (fb-02012025.pdf),https://cwc.gov.in/sites/default/files/fb-02012025.pdf,2025-01-02,THEIN DAM             57
2024-05-02,Bhakra,,,,,CWC Weekly Reservoir Storage Bulletin (fb-02052024_2.pdf),https://cwc.gov.in/sites/default/files/fb-02052024_2.pdf,2024-05-02,GOBIND SAGAR(BHAKRA)  80
2024-05-02,Pong,,,,,CWC Weekly Reservoir Storage Bulletin (fb-02052024_2.pdf),https://cwc.gov.in/sites/default/files/fb-02052024_2.pdf,2024-05-02,West Rajasthan       6              -42             Pong Dam              6.16              1.89  1
2024-05-02,Ranjit Sagar,,,,,CWC Weekly Reservoir Storage Bulletin (fb-02052024_2.pdf),https://cwc.gov.in/sites/default/files/fb-02052024_2.pdf,2024-05-02,THEIN DAM             79
2023-08-03,Bhakra,1679.99,,,,CWC Weekly Reservoir Storage Bulletin (fb-03082023.pdf),https://cwc.gov.in/sites/default/files/fb-03082023.pdf,2023-08-03,1 GOBIND SAGAR(BHAKRA)   512.06 507.05   6.229     4.873 03-08-2023      78       47       56 676 1379
2023-08-03,Pong,1389.99,,,,CWC Weekly Reservoir Storage Bulletin (fb-03082023.pdf),https://cwc.gov.in/sites/default/files/fb-03082023.pdf,2023-08-03,*2 PONG DAM(BEAS)        423.67 418.69   6.157     4.625 03-08-2023      75       41       47       0 396
2023-08-03,Ranjit Sagar,,,,,CWC Weekly Reservoir Storage Bulletin (fb-03082023.pdf),https://cwc.gov.in/sites/default/files/fb-03082023.pdf,2023-08-03,4 THEIN DAM
2024-01-04,Bhakra,1679.99,,,,CWC Weekly Reservoir Storage Bulletin (fb-04012024.pdf),https://cwc.gov.in/sites/default/files/fb-04012024.pdf,2024-01-04,1 GOBIND SAGAR(BHAKRA)   512.06 496.57    6.229     3.409 04-01-2024     55       58          61 676 1379
2024-01-04,Pong,,,,,CWC Weekly Reservoir Storage Bulletin (fb-04012024.pdf),https://cwc.gov.in/sites/default/files/fb-04012024.pdf,2024-01-04,Pong Dam | Thein              0.30              0.09  -31
2024-01-04,Ranjit Sagar,,,,,CWC Weekly Reservoir Storage Bulletin (fb-04012024.pdf),https://cwc.gov.in/sites/default/files/fb-04012024.pdf,2024-01-04,THEIN DAM              62
2025-02-06,Bhakra,,,,,CWC Weekly Reservoir Storage Bulletin (fb-06022025.pdf),https://cwc.gov.in/sites/default/files/fb-06022025.pdf,2025-02-06,Maharashtra               16   GOBIND SAGAR(BHAKRA)  73 | Odisha                 6
2025-02-06,Pong,,,,,CWC Weekly Reservoir Storage Bulletin (fb-06022025.pdf),https://cwc.gov.in/sites/default/files/fb-06022025.pdf,2025-02-06,PONG DAM(BEAS)               41                                                                             60%  70%        80%
2025-02-06,Ranjit Sagar,,,,,CWC Weekly Reservoir Storage Bulletin (fb-06022025.pdf),https://cwc.gov.in/sites/default/files/fb-06022025.pdf,2025-02-06,THEIN DAM                    42                                                                             2      2        4
2024-06-06,Bhakra,1679.99,,,,CWC Weekly Reservoir Storage Bulletin (fb-06062024.pdf),https://cwc.gov.in/sites/default/files/fb-06062024.pdf,2024-06-06,1 GOBIND SAGAR(BHAKRA)   512.06 482.26    6.229     1.859 06-06-2024     30      24           28 676 1379
2024-06-06,Pong,,,,,CWC Weekly Reservoir Storage Bulletin (fb-06062024.pdf),https://cwc.gov.in/sites/default/files/fb-06062024.pdf,2024-06-06,Pong Dam           6.16              1.52  -4
2024-06-06,Ranjit Sagar,,,,,CWC Weekly Reservoir Storage Bulletin (fb-06062024.pdf),https://cwc.gov.in/sites/default/files/fb-06062024.pdf,2024-06-06,Punjab                0          -88                Thein              2.34              0.96  -19
2024-03-07,Bhakra,1679.99,,,,CWC Weekly Reservoir Storage Bulletin (fb-07032024.pdf),https://cwc.gov.in/sites/default/files/fb-07032024.pdf,2024-03-07,1 GOBIND SAGAR(BHAKRA)   512.06 484.30    6.229     2.052 07-03-2024   33      35                37 676 1379
2024-03-07,Pong,1389.99,,,,CWC Weekly Reservoir Storage Bulletin (fb-07032024.pdf),https://cwc.gov.in/sites/default/files/fb-07032024.pdf,2024-03-07,*2 PONG DAM(BEAS)        423.67 405.55    6.157     2.142 07-03-2024   35      39                29       0 396
2024-03-07,Ranjit Sagar,,,,,CWC Weekly Reservoir Storage Bulletin (fb-07032024.pdf),https://cwc.gov.in/sites/default/files/fb-07032024.pdf,2024-03-07,4 THEIN DAM
2024-08-08,Bhakra,,,,,CWC Weekly Reservoir Storage Bulletin (fb-08082024.pdf),https://cwc.gov.in/sites/default/files/fb-08082024.pdf,2024-08-08,GOBIND SAGAR(BHAKRA)   73
2024-08-08,Pong,,,,,CWC Weekly Reservoir Storage Bulletin (fb-08082024.pdf),https://cwc.gov.in/sites/default/files/fb-08082024.pdf,2024-08-08,Pong Dam 6.16       3.42     0
2024-08-08,Ranjit Sagar,,,,,CWC Weekly Reservoir Storage Bulletin (fb-08082024.pdf),https://cwc.gov.in/sites/default/files/fb-08082024.pdf,2024-08-08,THEIN DAM                    30
2025-02-13,Bhakra,,,,,CWC Weekly Reservoir Storage Bulletin (fb-13022025.pdf),https://cwc.gov.in/sites/default/files/fb-13022025.pdf,2025-02-13,Maharashtra                    GOBIND SAGAR(BHAKRA)  76 | 10
2025-02-13,Pong,,,,,CWC Weekly Reservoir Storage Bulletin (fb-13022025.pdf),https://cwc.gov.in/sites/default/files/fb-13022025.pdf,2025-02-13,PONG DAM(BEAS)               44
2025-02-13,Ranjit Sagar,,,,,CWC Weekly Reservoir Storage Bulletin (fb-13022025.pdf),https://cwc.gov.in/sites/default/files/fb-13022025.pdf,2025-02-13,THEIN DAM                    40                                                                             2           2   6
2023-07-13,Bhakra,1679.99,,,,CWC Weekly Reservoir Storage Bulletin (fb-13072023.pdf),https://cwc.gov.in/sites/default/files/fb-13072023.pdf,2023-07-13,1 GOBIND SAGAR(BHAKRA)   512.06 497.18   6.229     3.487 13-07-2023   56        21           37 676 1379
2023-07-13,Pong,1389.99,,,,CWC Weekly Reservoir Storage Bulletin (fb-13072023.pdf),https://cwc.gov.in/sites/default/files/fb-13072023.pdf,2023-07-13,*2 PONG DAM(BEAS)        423.67 416.22   6.157     4.097 13-07-2023   67        15           25       0 396
2023-07-13,Ranjit Sagar,,,,,CWC Weekly Reservoir Storage Bulletin (fb-13072023.pdf),https://cwc.gov.in/sites/default/files/fb-13072023.pdf,2023-07-13,4 THEIN DAM
2024-03-14,Bhakra,1679.99,,,,CWC Weekly Reservoir Storage Bulletin (fb-14032024.pdf),https://cwc.gov.in/sites/default/files/fb-14032024.pdf,2024-03-14,1 GOBIND SAGAR(BHAKRA)   512.06 483.04    6.229     1.932 14-03-2024      31       32            34 676 1379
2024-03-14,Pong,,,,,CWC Weekly Reservoir Storage Bulletin (fb-14032024.pdf),https://cwc.gov.in/sites/default/files/fb-14032024.pdf,2024-03-14,-100            Pong Dam | 1.46              0.54  -26
2024-03-14,Ranjit Sagar,,,,,CWC Weekly Reservoir Storage Bulletin (fb-14032024.pdf),https://cwc.gov.in/sites/default/files/fb-14032024.pdf,2024-03-14,4 THEIN DAM
2024-11-14,Bhakra,,,,,CWC Weekly Reservoir Storage Bulletin (fb-14112024_1.pdf),https://cwc.gov.in/sites/default/files/fb-14112024_1.pdf,2024-11-14,Karnataka                3   GOBIND SAGAR(BHAKRA)  79 | Kerala
2024-11-14,Pong,,,,,CWC Weekly Reservoir Storage Bulletin (fb-14112024_1.pdf),https://cwc.gov.in/sites/default/files/fb-14112024_1.pdf,2024-11-14,Odisha                16   PONG DAM(BEAS)        65 | 6
2024-11-14,Ranjit Sagar,,,,,CWC Weekly Reservoir Storage Bulletin (fb-14112024_1.pdf),https://cwc.gov.in/sites/default/files/fb-14112024_1.pdf,2024-11-14,THEIN DAM             51
2025-01-16,Bhakra,,,,,CWC Weekly Reservoir Storage Bulletin (fb-16012025.pdf),https://cwc.gov.in/sites/default/files/fb-16012025.pdf,2025-01-16,Odisha                     GOBIND SAGAR(BHAKRA)  72 | Punjab                16
2025-01-16,Pong,,,,,CWC Weekly Reservoir Storage Bulletin (fb-16012025.pdf),https://cwc.gov.in/sites/default/files/fb-16012025.pdf,2025-01-16,PONG DAM(BEAS)               50                                                                             2           0   4
2025-01-16,Ranjit Sagar,,,,,CWC Weekly Reservoir Storage Bulletin (fb-16012025.pdf),https://cwc.gov.in/sites/default/files/fb-16012025.pdf,2025-01-16,THEIN DAM             57
2024-08-16,Bhakra,,,,,CWC Weekly Reservoir Storage Bulletin (fb-16082024.pdf),https://cwc.gov.in/sites/default/files/fb-16082024.pdf,2024-08-16,GOBIND SAGAR(BHAKRA)  71
2024-08-16,Pong,,,,,CWC Weekly Reservoir Storage Bulletin (fb-16082024.pdf),https://cwc.gov.in/sites/default/files/fb-16082024.pdf,2024-08-16,PONG DAM(BEAS)        76
2024-08-16,Ranjit Sagar,,,,,CWC Weekly Reservoir Storage Bulletin (fb-16082024.pdf),https://cwc.gov.in/sites/default/files/fb-16082024.pdf,2024-08-16,THEIN DAM                    37
2023-11-16,Bhakra,1679.99,,,,CWC Weekly Reservoir Storage Bulletin (fb-16112023.pdf),https://cwc.gov.in/sites/default/files/fb-16112023.pdf,2023-11-16,1 GOBIND SAGAR(BHAKRA)   512.06   504.66  6.229       4.516  16-11-2023     72       82          77 676 1379 | 423.67   418.94  6.157       4.679  16-11-2023
2023-11-16,Pong,,,,,CWC Weekly Reservoir Storage Bulletin (fb-16112023.pdf),https://cwc.gov.in/sites/default/files/fb-16112023.pdf,2023-11-16,*2 PONG DAM(BEAS)                 641.19  0.089       0.077  16-11-2023     76       76          70   0 396 | 642
2023-11-16,Ranjit Sagar,,,,,CWC Weekly Reservoir Storage Bulletin (fb-16112023.pdf),https://cwc.gov.in/sites/default/files/fb-16112023.pdf,2023-11-16,4 THEIN DAM
2025-04-17,Pong,,,,,CWC Weekly Reservoir Storage Bulletin (fb-17042025.pdf),https://cwc.gov.in/sites/default/files/fb-17042025.pdf,2025-04-17,PONG DAM                                                                     45.97 | BHIMA UJJAINI                                                                9.83
2025-04-17,Ranjit Sagar,,,,,CWC Weekly Reservoir Storage Bulletin (fb-17042025.pdf),https://cwc.gov.in/sites/default/files/fb-17042025.pdf,2025-04-17,� THEIN DAM             � 52.72
2024-10-17,Bhakra,,,,,CWC Weekly Reservoir Storage Bulletin (fb-17102024_1.pdf),https://cwc.gov.in/sites/default/files/fb-17102024_1.pdf,2024-10-17,Kerala                3   GOBIND SAGAR(BHAKRA)  77 | Punjab
2024-10-17,Pong,,,,,CWC Weekly Reservoir Storage Bulletin (fb-17102024_1.pdf),https://cwc.gov.in/sites/default/files/fb-17102024_1.pdf,2024-10-17,Rajasthan                6   PONG DAM(BEAS)        71 | 1
2024-10-17,Ranjit Sagar,,,,,CWC Weekly Reservoir Storage Bulletin (fb-17102024_1.pdf),https://cwc.gov.in/sites/default/files/fb-17102024_1.pdf,2024-10-17,THEIN DAM                    37                                                                             51%  61%        71%
2024-04-18,Bhakra,1679.99,,,,CWC Weekly Reservoir Storage Bulletin (fb-18042024.pdf),https://cwc.gov.in/sites/default/files/fb-18042024.pdf,2024-04-18,1 GOBIND SAGAR(BHAKRA)   512.06 478.80    6.229     1.583 18-04-2024      25       27            30 676 1379
2024-04-18,Pong,,,,,CWC Weekly Reservoir Storage Bulletin (fb-18042024.pdf),https://cwc.gov.in/sites/default/files/fb-18042024.pdf,2024-04-18,Pong Dam              6.16              1.94  16
2024-04-18,Ranjit Sagar,,,,,CWC Weekly Reservoir Storage Bulletin (fb-18042024.pdf),https://cwc.gov.in/sites/default/files/fb-18042024.pdf,2024-04-18,Punjab               24             -28             Thein                 2.34              1.01  -8
2024-09-19,Bhakra,,,,,CWC Weekly Reservoir Storage Bulletin (fb-19092024.pdf),https://cwc.gov.in/sites/default/files/fb-19092024.pdf,2024-09-19,Odisha                     GOBIND SAGAR(BHAKRA)  80 | Punjab                10
2024-09-19,Pong,,,,,CWC Weekly Reservoir Storage Bulletin (fb-19092024.pdf),https://cwc.gov.in/sites/default/files/fb-19092024.pdf,2024-09-19,*2 PONG DAM(BEAS)                 640.23            0.089            0.062  19-09-2024         66            93            82      0 396 | 642
2024-09-19,Ranjit Sagar,,,,,CWC Weekly Reservoir Storage Bulletin (fb-19092024.pdf),https://cwc.gov.in/sites/default/files/fb-19092024.pdf,2024-09-19,THEIN DAM                    38                                                                             51%  61%        71%
2024-12-19,Bhakra,,,,,CWC Weekly Reservoir Storage Bulletin (fb-19122024.pdf),https://cwc.gov.in/sites/default/files/fb-19122024.pdf,2024-12-19,Maharashtra               32   GOBIND SAGAR(BHAKRA)  71 | Odisha
2024-12-19,Pong,,,,,CWC Weekly Reservoir Storage Bulletin (fb-19122024.pdf),https://cwc.gov.in/sites/default/files/fb-19122024.pdf,2024-12-19,Punjab                10   PONG DAM(BEAS)        59
2024-12-19,Ranjit Sagar,,,,,CWC Weekly Reservoir Storage Bulletin (fb-19122024.pdf),https://cwc.gov.in/sites/default/files/fb-19122024.pdf,2024-12-19,THEIN DAM             52
2024-06-20,Bhakra,1679.99,,,,CWC Weekly Reservoir Storage Bulletin (fb-20062024.pdf),https://cwc.gov.in/sites/default/files/fb-20062024.pdf,2024-06-20,1 GOBIND SAGAR(BHAKRA)   512.06 483.24      6.229     1.951 20-06-24      31      28          29 676 1379
2024-06-20,Pong,,,,,CWC Weekly Reservoir Storage Bulletin (fb-20062024.pdf),https://cwc.gov.in/sites/default/files/fb-20062024.pdf,2024-06-20,& Delhi                                             Pong Dam                            1.25  -14
2024-06-20,Ranjit Sagar,,,,,CWC Weekly Reservoir Storage Bulletin (fb-20062024.pdf),https://cwc.gov.in/sites/default/files/fb-20062024.pdf,2024-06-20,THEIN DAM             72
2023-07-20,Bhakra,1679.99,,,,CWC Weekly Reservoir Storage Bulletin (fb-20072023.pdf),https://cwc.gov.in/sites/default/files/fb-20072023.pdf,2023-07-20,1 GOBIND SAGAR(BHAKRA)   512.06 502.35   6.229     4.185 20-07-2023      67         31       43 676 1379
2023-07-20,Pong,1389.99,,,,CWC Weekly Reservoir Storage Bulletin (fb-20072023.pdf),https://cwc.gov.in/sites/default/files/fb-20072023.pdf,2023-07-20,*2 PONG DAM(BEAS)        423.67 418.80   6.157     4.647 20-07-2023      75         26       33       0 396
2023-07-20,Ranjit Sagar,,,,,CWC Weekly Reservoir Storage Bulletin (fb-20072023.pdf),https://cwc.gov.in/sites/default/files/fb-20072023.pdf,2023-07-20,4 THEIN DAM
2024-03-21,Bhakra,1679.99,,,,CWC Weekly Reservoir Storage Bulletin (fb-21032024.pdf),https://cwc.gov.in/sites/default/files/fb-21032024.pdf,2024-03-21,1 GOBIND SAGAR(BHAKRA)   512.06 481.27    6.229     1.771 21-03-2024   28      30                31 676 1379
2024-03-21,Pong,,,,,CWC Weekly Reservoir Storage Bulletin (fb-21032024.pdf),https://cwc.gov.in/sites/default/files/fb-21032024.pdf,2024-03-21,-98             Pong Dam | West Rajasthan      1               -100                                  6.16              1.92  11
2024-03-21,Ranjit Sagar,,,,,CWC Weekly Reservoir Storage Bulletin (fb-21032024.pdf),https://cwc.gov.in/sites/default/files/fb-21032024.pdf,2024-03-21,Jammu & Kashmir     84                              Thein                 2.34              0.84  -14 | -41
2024-11-21,Bhakra,,,,,CWC Weekly Reservoir Storage Bulletin (fb-21112024.pdf),https://cwc.gov.in/sites/default/files/fb-21112024.pdf,2024-11-21,6   GOBIND SAGAR(BHAKRA)  75 | Odisha
2024-11-21,Pong,,,,,CWC Weekly Reservoir Storage Bulletin (fb-21112024.pdf),https://cwc.gov.in/sites/default/files/fb-21112024.pdf,2024-11-21,10   PONG DAM(BEAS)        66 | Punjab
2024-11-21,Ranjit Sagar,,,,,CWC Weekly Reservoir Storage Bulletin (fb-21112024.pdf),https://cwc.gov.in/sites/default/files/fb-21112024.pdf,2024-11-21,THEIN DAM             53
2024-02-22,Bhakra,1679.99,,,,CWC Weekly Reservoir Storage Bulletin (fb-22022024.pdf),https://cwc.gov.in/sites/default/files/fb-22022024.pdf,2024-02-22,1 GOBIND SAGAR(BHAKRA)   512.06 487.09    6.229     2.314 22-02-2024   37      41                38 676 1379
2024-02-22,Pong,,,,,CWC Weekly Reservoir Storage Bulletin (fb-22022024.pdf),https://cwc.gov.in/sites/default/files/fb-22022024.pdf,2024-02-22,Pong Dam               6.16             2.54  8
2024-02-22,Ranjit Sagar,,,,,CWC Weekly Reservoir Storage Bulletin (fb-22022024.pdf),https://cwc.gov.in/sites/default/files/fb-22022024.pdf,2024-02-22,Punjab                17            -59           Thein                  2.34             0.74  -14
2024-08-22,Bhakra,,,,,CWC Weekly Reservoir Storage Bulletin (fb-22082024.pdf),https://cwc.gov.in/sites/default/files/fb-22082024.pdf,2024-08-22,GOBIND SAGAR(BHAKRA)  74
2024-08-22,Pong,,,,,CWC Weekly Reservoir Storage Bulletin (fb-22082024.pdf),https://cwc.gov.in/sites/default/files/fb-22082024.pdf,2024-08-22,PONG DAM(BEAS)        79
2024-08-22,Ranjit Sagar,,,,,CWC Weekly Reservoir Storage Bulletin (fb-22082024.pdf),https://cwc.gov.in/sites/default/files/fb-22082024.pdf,2024-08-22,THEIN DAM                    42
2023-11-23,Bhakra,1679.99,,,,CWC Weekly Reservoir Storage Bulletin (fb-23112023.pdf),https://cwc.gov.in/sites/default/files/fb-23112023.pdf,2023-11-23,1 GOBIND SAGAR(BHAKRA)   512.06   503.10  6.229     4.293  23-11-2023     69       82         75 676 1379 | 423.67   418.91  6.157     4.672  23-11-2023
2023-11-23,Pong,,,,,CWC Weekly Reservoir Storage Bulletin (fb-23112023.pdf),https://cwc.gov.in/sites/default/files/fb-23112023.pdf,2023-11-23,*2 PONG DAM(BEAS)                 641.20  0.089     0.077  23-11-2023     76       74         66   0 396 | 642
2023-11-23,Ranjit Sagar,,,,,CWC Weekly Reservoir Storage Bulletin (fb-23112023.pdf),https://cwc.gov.in/sites/default/files/fb-23112023.pdf,2023-11-23,4 THEIN DAM                               0.132 | 1.436
2025-04-24,Pong,,,,,CWC Weekly Reservoir Storage Bulletin (fb-24042025.pdf),https://cwc.gov.in/sites/default/files/fb-24042025.pdf,2025-04-24,PONG DAM                                                                     45.20 | BHIMA UJJAINI                                                                0.00
2025-04-24,Ranjit Sagar,,,,,CWC Weekly Reservoir Storage Bulletin (fb-24042025.pdf),https://cwc.gov.in/sites/default/files/fb-24042025.pdf,2025-04-24,� THEIN DAM             � 55.35
2024-05-24,Bhakra,,,,,CWC Weekly Reservoir Storage Bulletin (fb-24052024.pdf),https://cwc.gov.in/sites/default/files/fb-24052024.pdf,2024-05-24,1 GOBIND SAGAR(BHAKRA)
2024-05-24,Pong,,,,,CWC Weekly Reservoir Storage Bulletin (fb-24052024.pdf),https://cwc.gov.in/sites/default/files/fb-24052024.pdf,2024-05-24,& Delhi                                             Pong Dam        0.19              1.59  -4 | 6.83
2024-05-24,Ranjit Sagar,,,,,CWC Weekly Reservoir Storage Bulletin (fb-24052024.pdf),https://cwc.gov.in/sites/default/files/fb-24052024.pdf,2024-05-24,THEIN DAM             73
2023-08-24,Bhakra,,,,,CWC Weekly Reservoir Storage Bulletin (fb-24082023.pdf),https://cwc.gov.in/sites/default/files/fb-24082023.pdf,2023-08-24,1 GOBIND SAGAR(BHAKRA)   423.67  424.19  6.157     5.898  24-08-2023 | 638.71  0.089     0.040  24-08-2023
2023-08-24,Pong,1299.21,,,,CWC Weekly Reservoir Storage Bulletin (fb-24082023.pdf),https://cwc.gov.in/sites/default/files/fb-24082023.pdf,2023-08-24,*2 PONG DAM(BEAS)           642                                          96        80         77       0 396 | 2.344
2023-08-24,Ranjit Sagar,,,,,CWC Weekly Reservoir Storage Bulletin (fb-24082023.pdf),https://cwc.gov.in/sites/default/files/fb-24082023.pdf,2023-08-24,4 THEIN DAM                              1.436 | 1.076
2024-01-25,Bhakra,1679.99,,,,CWC Weekly Reservoir Storage Bulletin (fb-25012024.pdf),https://cwc.gov.in/sites/default/files/fb-25012024.pdf,2024-01-25,1 GOBIND SAGAR(BHAKRA)   512.06 492.75    6.229     2.937 25-01-2024     47       52          52 676 1379
2024-01-25,Pong,,,,,CWC Weekly Reservoir Storage Bulletin (fb-25012024.pdf),https://cwc.gov.in/sites/default/files/fb-25012024.pdf,2024-01-25,Pong Dam | -56             Thein                 0.18              0.08  13
2024-01-25,Ranjit Sagar,,,,,CWC Weekly Reservoir Storage Bulletin (fb-25012024.pdf),https://cwc.gov.in/sites/default/files/fb-25012024.pdf,2024-01-25,THEIN DAM              66
2024-04-25,Bhakra,,,,,CWC Weekly Reservoir Storage Bulletin (fb-25042024.pdf),https://cwc.gov.in/sites/default/files/fb-25042024.pdf,2024-04-25,1 GOBIND SAGAR(BHAKRA)
2024-04-25,Pong,,,,,CWC Weekly Reservoir Storage Bulletin (fb-25042024.pdf),https://cwc.gov.in/sites/default/files/fb-25042024.pdf,2024-04-25,West Rajasthan      6               -36             Pong Dam              6.16              1.93  16
2024-04-25,Ranjit Sagar,,,,,CWC Weekly Reservoir Storage Bulletin (fb-25042024.pdf),https://cwc.gov.in/sites/default/files/fb-25042024.pdf,2024-04-25,Punjab              27              -21             Thein                 2.34              0.96  -14
2023-10-26,Bhakra,1679.99,,,,CWC Weekly Reservoir Storage Bulletin (fb-26102023.pdf),https://cwc.gov.in/sites/default/files/fb-26102023.pdf,2023-10-26,1 GOBIND SAGAR(BHAKRA)   512.06 506.74    6.229     4.823 26-10-2023  77      84              84 676 1379
2023-10-26,Pong,1389.99,,,,CWC Weekly Reservoir Storage Bulletin (fb-26102023.pdf),https://cwc.gov.in/sites/default/files/fb-26102023.pdf,2023-10-26,*2 PONG DAM(BEAS)        423.67 420.44    6.157     5.085 26-10-2023  83      83              77       0 396
2023-10-26,Ranjit Sagar,,,,,CWC Weekly Reservoir Storage Bulletin (fb-26102023.pdf),https://cwc.gov.in/sites/default/files/fb-26102023.pdf,2023-10-26,4 THEIN DAM
2025-02-27,Bhakra,,,,,CWC Weekly Reservoir Storage Bulletin (fb-27022025.pdf),https://cwc.gov.in/sites/default/files/fb-27022025.pdf,2025-02-27,GOBIND SAGAR(BHAKRA)  70 | Odisha                10
2025-02-27,Pong,,,,,CWC Weekly Reservoir Storage Bulletin (fb-27022025.pdf),https://cwc.gov.in/sites/default/files/fb-27022025.pdf,2025-02-27,PONG DAM(BEAS)               40
2025-02-27,Ranjit Sagar,,,,,CWC Weekly Reservoir Storage Bulletin (fb-27022025.pdf),https://cwc.gov.in/sites/default/files/fb-27022025.pdf,2025-02-27,THEIN DAM                    32
2025-03-27,Pong,,,,,CWC Weekly Reservoir Storage Bulletin (fb-27032025-new.pdf),https://cwc.gov.in/sites/default/files/fb-27032025-new.pdf,2025-03-27,Karnataka     16                 � PONG DAM                              � 53.334
2025-03-27,Ranjit Sagar,,,,,CWC Weekly Reservoir Storage Bulletin (fb-27032025-new.pdf),https://cwc.gov.in/sites/default/files/fb-27032025-new.pdf,2025-03-27,THEIN DAM                                                                   48.307 | PRIYADARSHINI JURALA                                                        0.000
2023-07-27,Bhakra,1679.99,,,,CWC Weekly Reservoir Storage Bulletin (fb-27072023.pdf),https://cwc.gov.in/sites/default/files/fb-27072023.pdf,2023-07-27,1 GOBIND SAGAR(BHAKRA)   512.06 505.20   6.229     4.593 27-07-2023      74         38       49 676 1379
2023-07-27,Pong,1389.99,,,,CWC Weekly Reservoir Storage Bulletin (fb-27072023.pdf),https://cwc.gov.in/sites/default/files/fb-27072023.pdf,2023-07-27,*2 PONG DAM(BEAS)        423.67 419.55   6.157     4.812 27-07-2023      78         30       38       0 396
2023-07-27,Ranjit Sagar,,,,,CWC Weekly Reservoir Storage Bulletin (fb-27072023.pdf),https://cwc.gov.in/sites/default/files/fb-27072023.pdf,2023-07-27,4 THEIN DAM
2024-02-29,Bhakra,,,,,CWC Weekly Reservoir Storage Bulletin (fb-29022024.pdf),https://cwc.gov.in/sites/default/files/fb-29022024.pdf,2024-02-29,1 GOBIND SAGAR(BHAKRA)
2024-02-29,Pong,,,,,CWC Weekly Reservoir Storage Bulletin (fb-29022024.pdf),https://cwc.gov.in/sites/default/files/fb-29022024.pdf,2024-02-29,& Delhi                                             Pong Dam              2.34              2.31  9 | 6.23
2024-02-29,Ranjit Sagar,,,,,CWC Weekly Reservoir Storage Bulletin (fb-29022024.pdf),https://cwc.gov.in/sites/default/files/fb-29022024.pdf,2024-02-29,Punjab                17            -65             Thein                                   0.74  -16 | 6.16
2024-05-30,Bhakra,,,,,CWC Weekly Reservoir Storage Bulletin (fb-30052024.pdf),https://cwc.gov.in/sites/default/files/fb-30052024.pdf,2024-05-30,1 GOBIND SAGAR(BHAKRA)
2024-05-30,Pong,,,,,CWC Weekly Reservoir Storage Bulletin (fb-30052024.pdf),https://cwc.gov.in/sites/default/files/fb-30052024.pdf,2024-05-30,& Delhi                                             Pong Dam        0.19              1.59  1 | 6.83
2024-05-30,Ranjit Sagar,,,,,CWC Weekly Reservoir Storage Bulletin (fb-30052024.pdf),https://cwc.gov.in/sites/default/files/fb-30052024.pdf,2024-05-30,THEIN DAM             80
2024-09-05,Bhakra,,,,,CWC Weekly Reservoir Storage Bulletin (fb05092024.pdf),https://cwc.gov.in/sites/default/files/fb05092024.pdf,2024-09-05,Punjab                16   GOBIND SAGAR(BHAKRA)  76 | Rajasthan               32
2024-09-05,Pong,,,,,CWC Weekly Reservoir Storage Bulletin (fb05092024.pdf),https://cwc.gov.in/sites/default/files/fb05092024.pdf,2024-09-05,PONG DAM(BEAS)        77 | Uttar Pradesh          10
2024-09-05,Ranjit Sagar,,,,,CWC Weekly Reservoir Storage Bulletin (fb05092024.pdf),https://cwc.gov.in/sites/default/files/fb05092024.pdf,2024-09-05,THEIN DAM                    42                                                                             51%  61%        71%
2024-12-05,Bhakra,,,,,CWC Weekly Reservoir Storage Bulletin (fb05122024.pdf),https://cwc.gov.in/sites/default/files/fb05122024.pdf,2024-12-05,GOBIND SAGAR(BHAKRA)  72 | Mahaya Pradesh               6
2024-12-05,Pong,,,,,CWC Weekly Reservoir Storage Bulletin (fb05122024.pdf),https://cwc.gov.in/sites/default/files/fb05122024.pdf,2024-12-05,Maharashtra               11   PONG DAM(BEAS)        62 | Odisha                32
2024-12-05,Ranjit Sagar,,,,,CWC Weekly Reservoir Storage Bulletin (fb05122024.pdf),https://cwc.gov.in/sites/default/files/fb05122024.pdf,2024-12-05,THEIN DAM             52
2023-12-07,Bhakra,1679.99,,,,CWC Weekly Reservoir Storage Bulletin (fb07122023.pdf),https://cwc.gov.in/sites/default/files/fb07122023.pdf,2023-12-07,1 GOBIND SAGAR(BHAKRA)   512.06 501.76    6.229     4.101 07-12-2023     66       74             71 676 1379
2023-12-07,Pong,1389.99,,,,CWC Weekly Reservoir Storage Bulletin (fb07122023.pdf),https://cwc.gov.in/sites/default/files/fb07122023.pdf,2023-12-07,*2 PONG DAM(BEAS)        423.67 417.56    6.157     4.375 07-12-2023     71       70             63       0 396
2023-12-07,Ranjit Sagar,,,,,CWC Weekly Reservoir Storage Bulletin (fb07122023.pdf),https://cwc.gov.in/sites/default/files/fb07122023.pdf,2023-12-07,4 THEIN DAM
2023-06-08,Bhakra,1679.99,,,,CWC Weekly Reservoir Storage Bulletin (fb08062023.pdf),https://cwc.gov.in/sites/default/files/fb08062023.pdf,2023-06-08,1 GOBIND SAGAR(BHAKRA)   512.06 478.01   6.229     1.523 08-06-2023      24         23       26 676 1379
2023-06-08,Pong,1389.99,,,,CWC Weekly Reservoir Storage Bulletin (fb08062023.pdf),https://cwc.gov.in/sites/default/files/fb08062023.pdf,2023-06-08,*2 PONG DAM(BEAS)        423.67 406.78   6.157     2.348 08-06-2023      38         22       22       0 396
2023-06-08,Ranjit Sagar,,,,,CWC Weekly Reservoir Storage Bulletin (fb08062023.pdf),https://cwc.gov.in/sites/default/files/fb08062023.pdf,2023-06-08,4 THEIN DAM
2024-05-09,Bhakra,1679.99,,,,CWC Weekly Reservoir Storage Bulletin (fb09052024.pdf),https://cwc.gov.in/sites/default/files/fb09052024.pdf,2024-05-09,1 GOBIND SAGAR(BHAKRA)   512.06 475.78    6.229     1.354 09-05-2024   22      23                26 676 1379
2024-05-09,Pong,,,,,CWC Weekly Reservoir Storage Bulletin (fb09052024.pdf),https://cwc.gov.in/sites/default/files/fb09052024.pdf,2024-05-09,Pong Dam              6.16              1.78  2
2024-05-09,Ranjit Sagar,,,,,CWC Weekly Reservoir Storage Bulletin (fb09052024.pdf),https://cwc.gov.in/sites/default/files/fb09052024.pdf,2024-05-09,THEIN DAM             74
2023-11-09,Bhakra,1679.99,,,,CWC Weekly Reservoir Storage Bulletin (fb09112023.pdf),https://cwc.gov.in/sites/default/files/fb09112023.pdf,2023-11-09,1 GOBIND SAGAR(BHAKRA)   512.06   505.41  6.229     4.624  09-11-2023  74      82                81 676 1379 | 423.67   419.40  6.157     4.779  09-11-2023
2023-11-09,Pong,,,,,CWC Weekly Reservoir Storage Bulletin (fb09112023.pdf),https://cwc.gov.in/sites/default/files/fb09112023.pdf,2023-11-09,*2 PONG DAM(BEAS)                 640.98  0.089     0.074  09-11-2023  78      79                75       0 396 | 642
2023-11-09,Ranjit Sagar,,,,,CWC Weekly Reservoir Storage Bulletin (fb09112023.pdf),https://cwc.gov.in/sites/default/files/fb09112023.pdf,2023-11-09,4 THEIN DAM                               0.132 | 1.436
2024-10-10,Bhakra,,,,,CWC Weekly Reservoir Storage Bulletin (fb10102024.pdf),https://cwc.gov.in/sites/default/files/fb10102024.pdf,2024-10-10,Punjab                     GOBIND SAGAR(BHAKRA)  76 | Rajasthan                1
2024-10-10,Pong,,,,,CWC Weekly Reservoir Storage Bulletin (fb10102024.pdf),https://cwc.gov.in/sites/default/files/fb10102024.pdf,2024-10-10,7   PONG DAM(BEAS)        75 | Uttar Pradesh
2024-10-10,Ranjit Sagar,,,,,CWC Weekly Reservoir Storage Bulletin (fb10102024.pdf),https://cwc.gov.in/sites/default/files/fb10102024.pdf,2024-10-10,THEIN DAM                    36                                                                             51%  61%        71%
2024-09-12,Bhakra,,,,,CWC Weekly Reservoir Storage Bulletin (fb12092024.pdf),https://cwc.gov.in/sites/default/files/fb12092024.pdf,2024-09-12,Odisha                10   GOBIND SAGAR(BHAKRA)  78 | Punjab
2024-09-12,Pong,,,,,CWC Weekly Reservoir Storage Bulletin (fb12092024.pdf),https://cwc.gov.in/sites/default/files/fb12092024.pdf,2024-09-12,1   PONG DAM(BEAS)        79 | Rajasthan                7
2024-09-12,Ranjit Sagar,,,,,CWC Weekly Reservoir Storage Bulletin (fb12092024.pdf),https://cwc.gov.in/sites/default/files/fb12092024.pdf,2024-09-12,THEIN DAM                    41                                                                             51%  61%        71%
2023-10-12,Bhakra,1679.99,,,,CWC Weekly Reservoir Storage Bulletin (fb12102023.pdf),https://cwc.gov.in/sites/default/files/fb12102023.pdf,2023-10-12,1 GOBIND SAGAR(BHAKRA)   512.06 508.25    6.229     5.060 12-10-2023     81       86             84 676 1379
2023-10-12,Pong,,,,,CWC Weekly Reservoir Storage Bulletin (fb12102023.pdf),https://cwc.gov.in/sites/default/files/fb12102023.pdf,2023-10-12,& Delhi                           -87           Pong Dam | -22                                  6.16       5.32  8
2023-10-12,Ranjit Sagar,,,,,CWC Weekly Reservoir Storage Bulletin (fb12102023.pdf),https://cwc.gov.in/sites/default/files/fb12102023.pdf,2023-10-12,4 THEIN DAM
2024-12-12,Bhakra,,,,,CWC Weekly Reservoir Storage Bulletin (fb12122024_1.pdf),https://cwc.gov.in/sites/default/files/fb12122024_1.pdf,2024-12-12,6   GOBIND SAGAR(BHAKRA)  76 | Maharashtra               32
2024-12-12,Pong,,,,,CWC Weekly Reservoir Storage Bulletin (fb12122024_1.pdf),https://cwc.gov.in/sites/default/files/fb12122024_1.pdf,2024-12-12,PONG DAM(BEAS)        59 | Odisha                10
2024-12-12,Ranjit Sagar,,,,,CWC Weekly Reservoir Storage Bulletin (fb12122024_1.pdf),https://cwc.gov.in/sites/default/files/fb12122024_1.pdf,2024-12-12,THEIN DAM                    50                                                                             60%  70%        80%
2023-09-14,Bhakra,1679.99,,,,CWC Weekly Reservoir Storage Bulletin (fb14092023.pdf),https://cwc.gov.in/sites/default/files/fb14092023.pdf,2023-09-14,1 GOBIND SAGAR(BHAKRA)   512.06 510.17    6.229     5.360 14-09-2023   86      82                83 676 1379
2023-09-14,Pong,1389.99,,,,CWC Weekly Reservoir Storage Bulletin (fb14092023.pdf),https://cwc.gov.in/sites/default/files/fb14092023.pdf,2023-09-14,*2 PONG DAM(BEAS)        423.67 422.97    6.157     5.604 14-09-2023   91      84                84       0 396
2023-09-14,Ranjit Sagar,,,,,CWC Weekly Reservoir Storage Bulletin (fb14092023.pdf),https://cwc.gov.in/sites/default/files/fb14092023.pdf,2023-09-14,4 THEIN DAM
2024-01-18,Bhakra,1679.99,,,,CWC Weekly Reservoir Storage Bulletin (fb18012024.pdf),https://cwc.gov.in/sites/default/files/fb18012024.pdf,2024-01-18,1 GOBIND SAGAR(BHAKRA)   512.06 494.27    6.229     3.115 18-01-2024  50      55                 57 676 1379
2024-01-18,Pong,,,,,CWC Weekly Reservoir Storage Bulletin (fb18012024.pdf),https://cwc.gov.in/sites/default/files/fb18012024.pdf,2024-01-18,Pong Dam              0.30              0.09  -21 | Thein
2024-01-18,Ranjit Sagar,,,,,CWC Weekly Reservoir Storage Bulletin (fb18012024.pdf),https://cwc.gov.in/sites/default/files/fb18012024.pdf,2024-01-18,THEIN DAM              63
2024-07-18,Bhakra,1679.99,,,,CWC Weekly Reservoir Storage Bulletin (fb18072024.pdf),https://cwc.gov.in/sites/default/files/fb18072024.pdf,2024-07-18,1 GOBIND SAGAR(BHAKRA)   512.06 486.88      6.229     2.295 18-07-2024     37      64         41 676 1379
2024-07-18,Pong,,,,,CWC Weekly Reservoir Storage Bulletin (fb18072024.pdf),https://cwc.gov.in/sites/default/files/fb18072024.pdf,2024-07-18,PONG DAM(BEAS)         65
2024-07-18,Ranjit Sagar,,,,,CWC Weekly Reservoir Storage Bulletin (fb18072024.pdf),https://cwc.gov.in/sites/default/files/fb18072024.pdf,2024-07-18,THEIN DAM                     44
2024-10-24,Bhakra,,,,,CWC Weekly Reservoir Storage Bulletin (fb24102024.pdf),https://cwc.gov.in/sites/default/files/fb24102024.pdf,2024-10-24,Kerala                3   GOBIND SAGAR(BHAKRA)  75 | Odisha
2024-10-24,Pong,,,,,CWC Weekly Reservoir Storage Bulletin (fb24102024.pdf),https://cwc.gov.in/sites/default/files/fb24102024.pdf,2024-10-24,Punjab                 6   PONG DAM(BEAS)        73 | Rajasthan               10
2024-10-24,Ranjit Sagar,,,,,CWC Weekly Reservoir Storage Bulletin (fb24102024.pdf),https://cwc.gov.in/sites/default/files/fb24102024.pdf,2024-10-24,THEIN DAM                    40                                                                             51%  61%        71%
2024-06-27,Bhakra,1679.99,,,,CWC Weekly Reservoir Storage Bulletin (fb27062024.pdf),https://cwc.gov.in/sites/default/files/fb27062024.pdf,2024-06-27,1 GOBIND SAGAR(BHAKRA)   512.06 482.90      6.229     1.919 27-06-2024     31      29         28 676 1379
2024-06-27,Pong,,,,,CWC Weekly Reservoir Storage Bulletin (fb27062024.pdf),https://cwc.gov.in/sites/default/files/fb27062024.pdf,2024-06-27,Pong Dam                6.16        1.15  -19
2024-06-27,Ranjit Sagar,,,,,CWC Weekly Reservoir Storage Bulletin (fb27062024.pdf),https://cwc.gov.in/sites/default/files/fb27062024.pdf,2024-06-27,THEIN DAM              64
2025-01-30,Bhakra,,,,,CWC Weekly Reservoir Storage Bulletin (fb30012025.pdf),https://cwc.gov.in/sites/default/files/fb30012025.pdf,2025-01-30,GOBIND SAGAR(BHAKRA)  74 | Punjab                10
2025-01-30,Pong,,,,,CWC Weekly Reservoir Storage Bulletin (fb30012025.pdf),https://cwc.gov.in/sites/default/files/fb30012025.pdf,2025-01-30,PONG DAM(BEAS)               46                                                                             1      1        4
2025-01-30,Ranjit Sagar,,,,,CWC Weekly Reservoir Storage Bulletin (fb30012025.pdf),https://cwc.gov.in/sites/default/files/fb30012025.pdf,2025-01-30,THEIN DAM                    47
2023-08-31,Bhakra,1679.99,,,,CWC Weekly Reservoir Storage Bulletin (fb31082023.pdf),https://cwc.gov.in/sites/default/files/fb31082023.pdf,2023-08-31,1 GOBIND SAGAR(BHAKRA)   512.06   509.83  6.229     5.306  31-08-2023  85      78                79 676 1379 | 423.67   423.36  6.157     5.698  31-08-2023
2023-08-31,Pong,,,,,CWC Weekly Reservoir Storage Bulletin (fb31082023.pdf),https://cwc.gov.in/sites/default/files/fb31082023.pdf,2023-08-31,*2 PONG DAM(BEAS)                 638.93  0.089     0.043  31-08-2023  93      80                82       0 396 | 642
2023-08-31,Ranjit Sagar,,,,,CWC Weekly Reservoir Storage Bulletin (fb31082023.pdf),https://cwc.gov.in/sites/default/files/fb31082023.pdf,2023-08-31,4 THEIN DAM                               0.132 | 1.436
2023-07-06,Bhakra,1679.99,,,,CWC Weekly Reservoir Storage Bulletin (final-bulletin.pdf),https://cwc.gov.in/sites/default/files/final-bulletin.pdf,2023-07-06,1 GOBIND SAGAR(BHAKRA)   512.06 488.02   6.229     2.409 06-07-2023   39        22           33 676 1379
2023-07-06,Pong,1389.99,,,,CWC Weekly Reservoir Storage Bulletin (final-bulletin.pdf),https://cwc.gov.in/sites/default/files/final-bulletin.pdf,2023-07-06,*2 PONG DAM(BEAS)        423.67 407.57   6.157     2.480 06-07-2023   40        11           22       0 396
2023-07-06,Ranjit Sagar,,,,,CWC Weekly Reservoir Storage Bulletin (final-bulletin.pdf),https://cwc.gov.in/sites/default/files/final-bulletin.pdf,2023-07-06,4 THEIN DAM
2017-01-05,Bhakra,1679.99,,,,CWC Weekly Reservoir Storage Bulletin (mergeddocumentweb.pdf),https://cwc.gov.in/sites/default/files/mergeddocumentweb.pdf,2017-01-05,*1 GOBIND SAGAR(BHAKRA) 512.06                                  2.666 1/3/2017       43        68         63 676 1200 | 278.35      1.711
2017-01-05,Pong,1389.99,,,,CWC Weekly Reservoir Storage Bulletin (mergeddocumentweb.pdf),https://cwc.gov.in/sites/default/files/mergeddocumentweb.pdf,2017-01-05,*2 PONG DAM                  423.67  354.75      0.132          2.603 1/4/2017       42        51         50        - 360 | PUNJAB                           347.48      1.436
2017-01-05,Ranjit Sagar,1731.99,,,,CWC Weekly Reservoir Storage Bulletin (mergeddocumentweb.pdf),https://cwc.gov.in/sites/default/files/mergeddocumentweb.pdf,2017-01-05,*3 THEIN                     527.91  260.15      0.821          0.842 1/5/2017       36        23         41 348 600 | RAJASTHAN                        148.65      0.471
2015-11-12,Bhakra,1669.0,,,,CWC Weekly Reservoir Storage Bulletin (pdf12.11.2015cwcbull.pdf),https://cwc.gov.in/sites/default/files/pdf12.11.2015cwcbull.pdf,2015-11-12,*1 GOBIND SAGAR(BHAKRA)              508.71        6.229        5.434 09-11-2015     87           80         83 676 1200 | 280.75  417.84        6.157        4.570 10-11-2015
2015-11-12,Pong,,,,,CWC Weekly Reservoir Storage Bulletin (pdf12.11.2015cwcbull.pdf),https://cwc.gov.in/sites/default/files/pdf12.11.2015cwcbull.pdf,2015-11-12,*2 PONG DAM                  359.50                                                  74           56         71         - 360 | PUNJAB                   352.81  508.69        2.344        1.037 12-11-2015
2015-11-12,Ranjit Sagar,,,,,CWC Weekly Reservoir Storage Bulletin (pdf12.11.2015cwcbull.pdf),https://cwc.gov.in/sites/default/files/pdf12.11.2015cwcbull.pdf,2015-11-12,*3 THEIN                     269.14                             1.577 12-11-2015     44           49         59 348 600 | 146.3                             0.113 12-11-2015
2015-07-09,Bhakra,,,,,CWC Weekly Reservoir Storage Bulletin (reservoirbulletin09.07.2015.pdf),https://cwc.gov.in/sites/default/files/reservoirbulletin09.07.2015.pdf,2015-07-09,*1 GOBIND SAGAR(BHAKRA)                                         3.024 09-07-2015     49           49         38 676 1200 | 280.75  269.70      1.711
2015-07-09,Pong,,,,,CWC Weekly Reservoir Storage Bulletin (reservoirbulletin09.07.2015.pdf),https://cwc.gov.in/sites/default/files/reservoirbulletin09.07.2015.pdf,2015-07-09,*2 PONG DAM                  359.50  343.15      0.132          2.344 09-07-2015     38           25         27         - 360 | PUNJAB                   352.81  346.22      1.436
2015-07-09,Ranjit Sagar,,,,,CWC Weekly Reservoir Storage Bulletin (reservoirbulletin09.07.2015.pdf),https://cwc.gov.in/sites/default/files/reservoirbulletin09.07.2015.pdf,2015-07-09,*3 THEIN                     269.14  256.84      0.821          1.959 09-07-2015     84           74         49 348 600 | 146.3  141.38      0.471
2015-08-27,Bhakra,,,,,CWC Weekly Reservoir Storage Bulletin (reservoirbullpdf27.08.2015.pdf),https://cwc.gov.in/sites/default/files/reservoirbullpdf27.08.2015.pdf,2015-08-27,*1 GOBIND SAGAR(BHAKRA)                                         5.706 27-08-2015     92        90         81 676 1200 | 280.75  281.50      1.711
2015-08-27,Pong,,,,,CWC Weekly Reservoir Storage Bulletin (reservoirbullpdf27.08.2015.pdf),https://cwc.gov.in/sites/default/files/reservoirbullpdf27.08.2015.pdf,2015-08-27,*2 PONG DAM                  359.50  359.70      0.132          5.681 27-08-2015     92        69         74            - 360 | PUNJAB                   352.81  352.62      1.436
2015-08-27,Ranjit Sagar,,,,,CWC Weekly Reservoir Storage Bulletin (reservoirbullpdf27.08.2015.pdf),https://cwc.gov.in/sites/default/files/reservoirbullpdf27.08.2015.pdf,2015-08-27,*3 THEIN                     269.14  259.25      0.821          1.800 27-08-2015     77        61         66 348 600 | 146.3  144.53      0.471
2020-04-23,Bhakra,1679.99,,,,CWC Weekly Reservoir Storage Bulletin (revised-23.04.2020-fb-pdf.pdf),https://cwc.gov.in/sites/default/files/revised-23.04.2020-fb-pdf.pdf,2020-04-23,*1 GOBIND SAGAR(BHAKRA) 512.06 485.14  6.229     2.131 23-04-2020     34       56       29 676 1379
2020-04-23,Pong,1389.99,,,,CWC Weekly Reservoir Storage Bulletin (revised-23.04.2020-fb-pdf.pdf),https://cwc.gov.in/sites/default/files/revised-23.04.2020-fb-pdf.pdf,2020-04-23,*2 PONG DAM(BEAS)      423.67 414.33   6.157     3.706 23-04-2020     60       47       27   0 396
2020-04-23,Ranjit Sagar,,,,,CWC Weekly Reservoir Storage Bulletin (revised-23.04.2020-fb-pdf.pdf),https://cwc.gov.in/sites/default/files/revised-23.04.2020-fb-pdf.pdf,2020-04-23,*4 THEIN DAM
2016-12-29,Bhakra,1679.99,,,,CWC Weekly Reservoir Storage Bulletin (storagestatusof91reservoirsofthecountryason29.12.2016.pdf),https://cwc.gov.in/sites/default/files/storagestatusof91reservoirsofthecountryason29.12.2016.pdf,2016-12-29,*1 GOBIND SAGAR(BHAKRA) 512.06       489.17     6.229           2.815 12/28/2016     45        70         66 676 1200 | 408.58     6.157
2016-12-29,Pong,1389.99,,,,CWC Weekly Reservoir Storage Bulletin (storagestatusof91reservoirsofthecountryason29.12.2016.pdf),https://cwc.gov.in/sites/default/files/storagestatusof91reservoirsofthecountryason29.12.2016.pdf,2016-12-29,*2 PONG DAM                  423.67                             2.761 12/28/2016     45        54         51        - 360 | PUNJAB                           505.24     2.344
2016-12-29,Ranjit Sagar,1731.99,,,,CWC Weekly Reservoir Storage Bulletin (storagestatusof91reservoirsofthecountryason29.12.2016.pdf),https://cwc.gov.in/sites/default/files/storagestatusof91reservoirsofthecountryason29.12.2016.pdf,2016-12-29,*3 THEIN                     527.91  278.85     1.711           0.866 12/29/2016     37        25         45 348 600 | RAJASTHAN                        355.60     0.132
2015-10-21,Bhakra,1673.69,,,,CWC Weekly Reservoir Storage Bulletin (webbull.pdf),https://cwc.gov.in/sites/default/files/webbull.pdf,2015-10-21,*1 GOBIND SAGAR(BHAKRA)              510.14        6.229        5.657      19-10-15     91        87         87 676 1200 | 280.75  419.67        6.157        4.977      19-10-15
2015-10-21,Pong,,,,,CWC Weekly Reservoir Storage Bulletin (webbull.pdf),https://cwc.gov.in/sites/default/files/webbull.pdf,2015-10-21,*2 PONG DAM                  359.50                                                     81        66         80            - 360 | PUNJAB                   352.81  512.47        2.344
2015-10-21,Ranjit Sagar,,,,,CWC Weekly Reservoir Storage Bulletin (webbull.pdf),https://cwc.gov.in/sites/default/files/webbull.pdf,2015-10-21,*3 THEIN                     269.14  280.55        1.711        1.263 20-10-15          54        50         63 348 600 | RAJASTHAN                 146.3  358.40        0.132
2015-09-03,Bhakra,1677.89,,,,CWC Weekly Reservoir Storage Bulletin (webbull03.09.2015.pdf),https://cwc.gov.in/sites/default/files/webbull03.09.2015.pdf,2015-09-03,*1 GOBIND SAGAR(BHAKRA)              511.42        6.229        5.857 03/09/2015     94        90         85 676 1200 | 280.75  422.67        6.157
2015-09-03,Pong,,,,,CWC Weekly Reservoir Storage Bulletin (webbull03.09.2015.pdf),https://cwc.gov.in/sites/default/files/webbull03.09.2015.pdf,2015-09-03,*2 PONG DAM                  359.50                             5.680 03/09/2015     92        67         77            - 360 | PUNJAB                   352.81  518.75        2.344
2015-09-03,Ranjit Sagar,,,,,CWC Weekly Reservoir Storage Bulletin (webbull03.09.2015.pdf),https://cwc.gov.in/sites/default/files/webbull03.09.2015.pdf,2015-09-03,*3 THEIN                     269.14                             1.660 03/09/2015     71        67         67 348 600 | 146.3
2015-09-10,Bhakra,1678.08,,,,CWC Weekly Reservoir Storage Bulletin (webbull10.09.2015.pdf),https://cwc.gov.in/sites/default/files/webbull10.09.2015.pdf,2015-09-10,*1 GOBIND SAGAR(BHAKRA)              511.48        6.229        5.865 10/09/2015     94        93         87 676 1200 | 280.75  422.21        6.157
2015-09-10,Pong,,,,,CWC Weekly Reservoir Storage Bulletin (webbull10.09.2015.pdf),https://cwc.gov.in/sites/default/files/webbull10.09.2015.pdf,2015-09-10,*2 PONG DAM                  359.50                             5.568 10/09/2015     90        69         80            - 360 | PUNJAB                   352.81  518.75        2.344
2015-09-10,Ranjit Sagar,,,,,CWC Weekly Reservoir Storage Bulletin (webbull10.09.2015.pdf),https://cwc.gov.in/sites/default/files/webbull10.09.2015.pdf,2015-09-10,*3 THEIN                     269.14                             1.660 03/09/2015     71        67         67 348 600 | 146.3
