date,dam,level_ft,inflow_cusecs,outflow_cusecs,as_of_time,ambiguous,source_title,source_url,published,quote
2015-04-16,Bhakra,1679.99,,,,False,CWC Weekly Reservoir Storage Bulletin (16.04.2015.pdf),https://cwc.gov.in/sites/default/files/16.04.2015.pdf,2015-04-16,*1 GOBIND SAGAR(BHAKRA)      512.06                             2.057 4/15/2015          33           34         25 676 1200 | 423.67  269.15      1.711
2015-04-16,Ranjit Sagar,1731.99,,,,False,CWC Weekly Reservoir Storage Bulletin (16.04.2015.pdf),https://cwc.gov.in/sites/default/files/16.04.2015.pdf,2015-04-16,*3 THEIN                     527.91  257.92      0.821          1.507 4/16/2015          64           62         38 348 600 | RAJASTHAN                        139.36      0.471
2015-04-23,Bhakra,1679.99,,,,False,CWC Weekly Reservoir Storage Bulletin (23.04.2015.pdf),https://cwc.gov.in/sites/default/files/23.04.2015.pdf,2015-04-23,*1 GOBIND SAGAR(BHAKRA)      512.06                             2.187 4/23/2015     35           34         25 676 1200 | 423.67  269.05      1.711
2015-04-23,Ranjit Sagar,1731.99,,,,False,CWC Weekly Reservoir Storage Bulletin (23.04.2015.pdf),https://cwc.gov.in/sites/default/files/23.04.2015.pdf,2015-04-23,*3 THEIN                     527.91  257.97      0.821          1.599 4/23/2015     68           65         40 348 600 | RAJASTHAN                        138.69      0.471
2015-04-30,Bhakra,1679.99,,,,False,CWC Weekly Reservoir Storage Bulletin (30.04.2015.pdf),https://cwc.gov.in/sites/default/files/30.04.2015.pdf,2015-04-30,*1 GOBIND SAGAR(BHAKRA)      512.06                             2.330 4/30/2015     37           35         24 676 1200 | 423.67  269.00      1.711
2015-04-30,Ranjit Sagar,1731.99,,,,False,CWC Weekly Reservoir Storage Bulletin (30.04.2015.pdf),https://cwc.gov.in/sites/default/files/30.04.2015.pdf,2015-04-30,*3 THEIN                     527.91  257.94      0.821          1.800 4/30/2015     77           64         41 348 600 | RAJASTHAN                        138.27      0.471
2015-05-07,Bhakra,1679.99,,,,False,CWC Weekly Reservoir Storage Bulletin (07.05.2015.pdf),https://cwc.gov.in/sites/default/files/07.05.2015.pdf,2015-05-07,*1 GOBIND SAGAR(BHAKRA)      512.06                             2.384 5/7/2015      38           33         23 676 1200 | 423.67  268.90      1.711
2015-05-07,Ranjit Sagar,1731.99,,,,False,CWC Weekly Reservoir Storage Bulletin (07.05.2015.pdf),https://cwc.gov.in/sites/default/files/07.05.2015.pdf,2015-05-07,*3 THEIN                     527.91  257.95      0.821          1.919 5/6/2015      82           70         43 348 600 | RAJASTHAN                        137.91      0.471
2015-05-14,Bhakra,1679.99,,,,False,CWC Weekly Reservoir Storage Bulletin (14.05.2015.pdf),https://cwc.gov.in/sites/default/files/14.05.2015.pdf,2015-05-14,*1 GOBIND SAGAR(BHAKRA)      512.06                             2.507 5/14/2015     40           33         22 676 1200 | 423.67  268.85      1.711
2015-05-14,Ranjit Sagar,1731.99,,,,False,CWC Weekly Reservoir Storage Bulletin (14.05.2015.pdf),https://cwc.gov.in/sites/default/files/14.05.2015.pdf,2015-05-14,*3 THEIN                     527.91  257.82      0.821          1.999 5/14/2015     85           75         45 348 600 | RAJASTHAN                        137.62      0.471
2015-05-21,Bhakra,1679.99,,,,False,CWC Weekly Reservoir Storage Bulletin (21.05.2015.pdf),https://cwc.gov.in/sites/default/files/21.05.2015.pdf,2015-05-21,*1 GOBIND SAGAR(BHAKRA)      512.06                             2.591 5/21/2015     42           31         22 676 1200 | 423.67  268.85      1.711
2015-05-21,Ranjit Sagar,1731.99,,,,False,CWC Weekly Reservoir Storage Bulletin (21.05.2015.pdf),https://cwc.gov.in/sites/default/files/21.05.2015.pdf,2015-05-21,*3 THEIN                     527.91  257.83      0.821          1.959 5/21/2015     84           74         46 348 600 | RAJASTHAN                        137.47      0.471
2015-05-27,Bhakra,1600.55,27137.0,,,False,dry spell leads to drop in water level in 3 dams,https://www.tribuneindia.com/news/archive/features/dry-spell-leads-to-drop-in-water-level-in-3-dams-243126,2016-05-28,"Last year on the same day it was recorded nearly 33 feet higher at 1,600.55 feet; against 27,137 cusecs last year"
2015-05-27,Pong,1331.12,5278.0,,,False,dry spell leads to drop in water level in 3 dams,https://www.tribuneindia.com/news/archive/features/dry-spell-leads-to-drop-in-water-level-in-3-dams-243126,2016-05-28,"Last year on the same day it was more than 46 feet higher at 1,331.12 feet; against last year's 5,278 cusecs"
2015-05-28,Bhakra,1679.99,,,,False,CWC Weekly Reservoir Storage Bulletin (28.05.2015.pdf),https://cwc.gov.in/sites/default/files/28.05.2015.pdf,2015-05-28,*1 GOBIND SAGAR(BHAKRA)      512.06                             2.645 5/25/2015     42           31         22 676 1200 | 423.67  268.85      1.711
2015-05-28,Ranjit Sagar,1731.99,,,,False,CWC Weekly Reservoir Storage Bulletin (28.05.2015.pdf),https://cwc.gov.in/sites/default/files/28.05.2015.pdf,2015-05-28,*3 THEIN                     527.91  257.63      0.821          1.880 5/27/2015     80           75         47 348 600 | RAJASTHAN                        137.18      0.471
2015-06-04,Bhakra,1679.99,,,,False,CWC Weekly Reservoir Storage Bulletin (04.06.2015.pdf),https://cwc.gov.in/sites/default/files/04.06.2015.pdf,2015-06-04,*1 GOBIND SAGAR(BHAKRA)      512.06                             2.630 6/4/2015      42           31         24 676 1200 | 423.67  268.85      1.711
2015-06-04,Ranjit Sagar,1731.99,,,,False,CWC Weekly Reservoir Storage Bulletin (04.06.2015.pdf),https://cwc.gov.in/sites/default/files/04.06.2015.pdf,2015-06-04,*3 THEIN                     527.91  257.10      0.821          1.841 6/4/2015      79           76         48 348 600 | RAJASTHAN                        136.81      0.471
2015-06-11,Bhakra,1679.99,,,,False,CWC Weekly Reservoir Storage Bulletin (11.06.2015.pdf),https://cwc.gov.in/sites/default/files/11.06.2015.pdf,2015-06-11,*1 GOBIND SAGAR(BHAKRA)      512.06                             2.581 6/10/2015     41           33         24 676 1200 | 423.67  268.85      1.711
2015-06-11,Ranjit Sagar,1731.99,,,,False,CWC Weekly Reservoir Storage Bulletin (11.06.2015.pdf),https://cwc.gov.in/sites/default/files/11.06.2015.pdf,2015-06-11,*3 THEIN                     527.91  256.87      0.821          1.841 6/11/2015     79           76         48 348 600 | RAJASTHAN                        136.28      0.471
2015-06-18,Bhakra,1679.99,,,,False,CWC Weekly Reservoir Storage Bulletin (18.06.2015.pdf),https://cwc.gov.in/sites/default/files/18.06.2015.pdf,2015-06-18,*1 GOBIND SAGAR(BHAKRA)      512.06                             2.590 6/17/2015     42           34         25 676 1200 | 423.67  268.85      1.711
2015-06-18,Ranjit Sagar,1731.99,,,,False,CWC Weekly Reservoir Storage Bulletin (18.06.2015.pdf),https://cwc.gov.in/sites/default/files/18.06.2015.pdf,2015-06-18,*3 THEIN                     527.91  257.02      0.821          1.880 6/18/2015     80           77         48 348 600 | RAJASTHAN                        136.27      0.471
2015-08-09,Bhakra,1661.1,,14500.0,2 PM,False,bhakra flood gates to be opened today,https://www.tribuneindia.com/news/archive/community/bhakra-flood-gates-to-be-opened-today-117873,2015-08-10,"Today, the water level at the dam was 1661.10 ft at 2 pm; 14,500 cusecs being released in the Sutlej by the BBMB"
2015-08-10,Bhakra,,,50000.0,11 AM,False,bhakra flood gates to be opened today,https://www.tribuneindia.com/news/archive/community/bhakra-flood-gates-to-be-opened-today-117873,2015-08-10,"water up to 50,000 cusec will be released downstream of the Nangal Dam at 11 am tomorrow"
2015-08-13,Bhakra,1665.72,,,,False,CWC Weekly Reservoir Storage Bulletin (bull13.08.15.pdf),https://cwc.gov.in/sites/default/files/bull13.08.15.pdf,2015-08-13,*1 GOBIND SAGAR(BHAKRA)              507.71        6.229        5.277 13/08/2015     85        84         70 676 1200 | 280.75  421.22        6.157
2015-09-03,Bhakra,1677.89,,,,False,CWC Weekly Reservoir Storage Bulletin (webbull03.09.2015.pdf),https://cwc.gov.in/sites/default/files/webbull03.09.2015.pdf,2015-09-03,*1 GOBIND SAGAR(BHAKRA)              511.42        6.229        5.857 03/09/2015     94        90         85 676 1200 | 280.75  422.67        6.157
2015-09-10,Bhakra,1678.08,,,,False,CWC Weekly Reservoir Storage Bulletin (webbull10.09.2015.pdf),https://cwc.gov.in/sites/default/files/webbull10.09.2015.pdf,2015-09-10,*1 GOBIND SAGAR(BHAKRA)              511.48        6.229        5.865 10/09/2015     94        93         87 676 1200 | 280.75  422.21        6.157
2015-09-17,Bhakra,1677.4,,,,False,CWC Weekly Reservoir Storage Bulletin (cwcbulletin17.09.2015.pdf),https://cwc.gov.in/sites/default/files/cwcbulletin17.09.2015.pdf,2015-09-17,*1 GOBIND SAGAR(BHAKRA)              511.27        6.229        5.833 17-09-2015     94        100        89 676 1200 | 280.75  421.42        6.157        5.379 17-09-2015
2015-09-23,Bhakra,1677.53,,,,False,CWC Weekly Reservoir Storage Bulletin (cwcwebbulletin23.09.2015.pdf),https://cwc.gov.in/sites/default/files/cwcwebbulletin23.09.2015.pdf,2015-09-23,*1 GOBIND SAGAR(BHAKRA)              511.31        6.229        5.840 23-09-2015     94        94         90 676 1200 | 280.75  420.90        6.157        5.255 23-09-2015
2015-09-30,Bhakra,1678.94,,,,False,CWC Weekly Reservoir Storage Bulletin (30.09.2015cwcbull.pdf),https://cwc.gov.in/sites/default/files/30.09.2015cwcbull.pdf,2015-09-30,*1 GOBIND SAGAR(BHAKRA)              511.74        6.229        5.906 30-09-2015     95        92         89 676 1200 | 280.75  421.17        6.157        5.319 30-09-2015
2015-10-08,Bhakra,1676.38,,,,False,CWC Weekly Reservoir Storage Bulletin (08.10.2015cwcbull.pdf),https://cwc.gov.in/sites/default/files/08.10.2015cwcbull.pdf,2015-10-08,*1 GOBIND SAGAR(BHAKRA)              510.96        6.229        5.784 08-10-2015     93        90         88 676 1200 | 280.75  420.55        6.157        5.172 08-10-2015
2015-10-15,Bhakra,1675.1,,,,False,CWC Weekly Reservoir Storage Bulletin (cwcbull15.10.2015.pdf),https://cwc.gov.in/sites/default/files/cwcbull15.10.2015.pdf,2015-10-15,*1 GOBIND SAGAR(BHAKRA)              510.57        6.229        5.724 12-10-2015     92        88         87 676 1200 | 280.75  419.96        6.157        5.042 14-10-2015
2015-10-21,Bhakra,1673.69,,,,False,CWC Weekly Reservoir Storage Bulletin (webbull.pdf),https://cwc.gov.in/sites/default/files/webbull.pdf,2015-10-21,*1 GOBIND SAGAR(BHAKRA)              510.14        6.229        5.657      19-10-15     91        87         87 676 1200 | 280.75  419.67        6.157        4.977      19-10-15
2015-10-29,Bhakra,1671.69,,,,False,CWC Weekly Reservoir Storage Bulletin (29.10.2015cwcbull.pdf),https://cwc.gov.in/sites/default/files/29.10.2015cwcbull.pdf,2015-10-29,*1 GOBIND SAGAR(BHAKRA)              509.53        6.229        5.561 29-10-2015     89        84         85 676 1200 | 280.75  418.80        6.157        4.784 29-10-2015
2015-11-05,Bhakra,1670.54,,,,False,CWC Weekly Reservoir Storage Bulletin (05.11.2015cwcbull.pdf),https://cwc.gov.in/sites/default/files/05.11.2015cwcbull.pdf,2015-11-05,*1 GOBIND SAGAR(BHAKRA)              509.18        6.229        5.507 04-11-2015     88        82         84 676 1200 | 280.75  418.24        6.157        4.660 05-11-2015
2015-11-12,Bhakra,1669.0,,,,False,CWC Weekly Reservoir Storage Bulletin (pdf12.11.2015cwcbull.pdf),https://cwc.gov.in/sites/default/files/pdf12.11.2015cwcbull.pdf,2015-11-12,*1 GOBIND SAGAR(BHAKRA)              508.71        6.229        5.434 09-11-2015     87           80         83 676 1200 | 280.75  417.84        6.157        4.570 10-11-2015
2015-11-19,Bhakra,1665.94,,,,False,CWC Weekly Reservoir Storage Bulletin (19.11.2015bulletin.pdf),https://cwc.gov.in/sites/default/files/19.11.2015bulletin.pdf,2015-11-19,*1 GOBIND SAGAR(BHAKRA)              507.78        6.229        5.287 19-11-2015     85           77         80 676 1200 | 280.75  416.98        6.157
2015-11-26,Bhakra,1663.35,,,,False,CWC Weekly Reservoir Storage Bulletin (26.11.2015bulletin.pdf),https://cwc.gov.in/sites/default/files/26.11.2015bulletin.pdf,2015-11-26,*1 GOBIND SAGAR(BHAKRA)              506.99        6.229        5.165 26-11-2015     83           75         78 676 1200 | 280.75  416.16        6.157
2015-12-03,Bhakra,1660.7,,,,False,CWC Weekly Reservoir Storage Bulletin (binder103.12.2015cwcbull.pdf),https://cwc.gov.in/sites/default/files/binder103.12.2015cwcbull.pdf,2015-12-03,*1 GOBIND SAGAR(BHAKRA)              506.18        6.229        5.038 03-12-2015     81           73         76 676 1200 | 280.75  415.22        6.157
2015-12-10,Bhakra,1657.05,,,,False,CWC Weekly Reservoir Storage Bulletin (10.12.2015cwcbull.pdf),https://cwc.gov.in/sites/default/files/10.12.2015cwcbull.pdf,2015-12-10,*1 GOBIND SAGAR(BHAKRA)              505.07        6.229        4.876 10-12-2015     78           70         73 676 1200 | 280.75  414.37        6.157
2015-12-17,Bhakra,1653.67,,,,False,CWC Weekly Reservoir Storage Bulletin (17.12.2015cwcbull.pdf),https://cwc.gov.in/sites/default/files/17.12.2015cwcbull.pdf,2015-12-17,*1 GOBIND SAGAR(BHAKRA)              504.04        6.229        4.729 16-12-2015     76           67         70 676 1200 | 280.75  413.39        6.157
2015-12-23,Bhakra,1649.64,,,,False,CWC Weekly Reservoir Storage Bulletin (23.12.2015cwcbull.pdf),https://cwc.gov.in/sites/default/files/23.12.2015cwcbull.pdf,2015-12-23,*1 GOBIND SAGAR(BHAKRA)              502.81        6.229        4.552 22-12-2015     73           66         68 676 1200 | 280.75  412.63        6.157
2015-12-31,Bhakra,1643.96,,,,False,CWC Weekly Reservoir Storage Bulletin (31.12.2015cwcbull.pdf),https://cwc.gov.in/sites/default/files/31.12.2015cwcbull.pdf,2015-12-31,*1 GOBIND SAGAR(BHAKRA)              501.08        6.229        4.303 31-12-2015     69           62         65 676 1200 | 280.75  411.32        6.157
2016-01-07,Bhakra,1640.58,,,,False,CWC Weekly Reservoir Storage Bulletin (07.01.2016cwcbull.pdf),https://cwc.gov.in/sites/default/files/07.01.2016cwcbull.pdf,2016-01-07,*1 GOBIND SAGAR(BHAKRA)              500.05        6.229        4.156 06-01-2016     67           60         62 676 1200 | 280.75  410.25        6.157
2016-01-14,Bhakra,1636.55,,,,False,CWC Weekly Reservoir Storage Bulletin (14.01.2016cwcbull.pdf),https://cwc.gov.in/sites/default/files/14.01.2016cwcbull.pdf,2016-01-14,*1 GOBIND SAGAR(BHAKRA)              498.82        6.229        3.994 13-01-2016     64           57         59 676 1200 | 280.75  409.22        6.157
2016-01-21,Bhakra,1632.32,,,,False,CWC Weekly Reservoir Storage Bulletin (21.01.2016cwcbull.pdf),https://cwc.gov.in/sites/default/files/21.01.2016cwcbull.pdf,2016-01-21,*1 GOBIND SAGAR(BHAKRA)              497.53        6.229        3.827 21-01-2016     61           54         56 676 1200 | 280.75  407.64        6.157
2016-01-28,Bhakra,1627.99,,,,False,CWC Weekly Reservoir Storage Bulletin (28.01.2016cwcbull.pdf),https://cwc.gov.in/sites/default/files/28.01.2016cwcbull.pdf,2016-01-28,*1 GOBIND SAGAR(BHAKRA)              496.21        6.229        3.656 28-01-2016     59           52         53 676 1200 | 280.75  406.17        6.157
2016-02-04,Bhakra,1621.26,,,,False,CWC Weekly Reservoir Storage Bulletin (04.02.2016cwcbull.pdf),https://cwc.gov.in/sites/default/files/04.02.2016cwcbull.pdf,2016-02-04,*1 GOBIND SAGAR(BHAKRA)              494.16        6.229        3.494 03-02-2016     56           49         50 676 1200 | 280.75  404.70        6.157
2016-02-11,Bhakra,1617.42,,,,False,CWC Weekly Reservoir Storage Bulletin (11.02.2016cwcbull.pdf),https://cwc.gov.in/sites/default/files/11.02.2016cwcbull.pdf,2016-02-11,*1 GOBIND SAGAR(BHAKRA)              492.99        6.229        3.252 11-02-2016     52           44         46 676 1200 | 280.75  403.26        6.157
2016-02-18,Bhakra,1611.84,,,,False,CWC Weekly Reservoir Storage Bulletin (18.02.2016cwcbull.pdf),https://cwc.gov.in/sites/default/files/18.02.2016cwcbull.pdf,2016-02-18,*1 GOBIND SAGAR(BHAKRA)              491.29        6.229        3.058 17-02-2016     49           40         43 676 1200 | 280.75  401.15        6.157
2016-02-25,Bhakra,1606.3,,,,False,CWC Weekly Reservoir Storage Bulletin (25.02.2016cwcbull.pdf),https://cwc.gov.in/sites/default/files/25.02.2016cwcbull.pdf,2016-02-25,*1 GOBIND SAGAR(BHAKRA)              489.60        6.229        2.864 23-02-2016     46           37         41 676 1200 | 280.75  399.65        6.157
2016-03-03,Bhakra,1596.72,,,,False,CWC Weekly Reservoir Storage Bulletin (03.03.2016cwcbull.pdf),https://cwc.gov.in/sites/default/files/03.03.2016cwcbull.pdf,2016-03-03,*1 GOBIND SAGAR(BHAKRA)              486.68        6.229        2.544 03-03-2016     41           34         39 676 1200 | 280.75  398.18        6.157
2016-03-10,Bhakra,1587.27,,,,False,CWC Weekly Reservoir Storage Bulletin (10.03.2016cwcbull.pdf),https://cwc.gov.in/sites/default/files/10.03.2016cwcbull.pdf,2016-03-10,*1 GOBIND SAGAR(BHAKRA)              483.80        6.229        2.256 10-03-2016     36        33         36 676 1200 | 280.75  397.42        6.157
2016-03-17,Bhakra,1583.01,,,,False,CWC Weekly Reservoir Storage Bulletin (17.03.2016cwcbull.pdf),https://cwc.gov.in/sites/default/files/17.03.2016cwcbull.pdf,2016-03-17,*1 GOBIND SAGAR(BHAKRA)              482.50        6.229        2.126 17-03-2016     34           32         33 676 1200 | 280.75  397.22        6.157
2016-03-23,Bhakra,1580.97,,,,False,CWC Weekly Reservoir Storage Bulletin (23.03.2016cwcbull.pdf),https://cwc.gov.in/sites/default/files/23.03.2016cwcbull.pdf,2016-03-23,*1 GOBIND SAGAR(BHAKRA)              481.88        6.229        2.063 23-03-2016     33           31         31 676 1200 | 280.75  396.86        6.157
2016-03-31,Bhakra,1578.44,,,,False,CWC Weekly Reservoir Storage Bulletin (31.03.2016cwcbull.pdf),https://cwc.gov.in/sites/default/files/31.03.2016cwcbull.pdf,2016-03-31,*1 GOBIND SAGAR(BHAKRA)              481.11        6.229        1.995 28-03-2016     32           31         29 676 1200 | 280.75  396.75        6.157
2016-03-31,Bhakra,,6750.0,,,False,bhakra water level plummets,https://www.tribuneindia.com/news/archive/community/bhakra-water-level-plummets-385379,2017-04-01,"average inflow at present is 8,800 cusecs as compared to 6,750 cusecs last year"
2016-04-07,Bhakra,1574.31,,,,False,CWC Weekly Reservoir Storage Bulletin (07.04.2016cwcbull.pdf),https://cwc.gov.in/sites/default/files/07.04.2016cwcbull.pdf,2016-04-07,*1 GOBIND SAGAR(BHAKRA)              479.85        6.229        1.889 06-04-2016     30           32         27 676 1200 | 280.75  395.72        6.157
2016-04-13,Bhakra,1573.06,,,,False,CWC Weekly Reservoir Storage Bulletin (13.04.2016cwcbull.pdf),https://cwc.gov.in/sites/default/files/13.04.2016cwcbull.pdf,2016-04-13,*1 GOBIND SAGAR(BHAKRA)              479.47        6.229        1.858 11-04-2016     30           33         26 676 1200 | 280.75  395.86        6.157
2016-04-21,Bhakra,1568.7,,,,False,CWC Weekly Reservoir Storage Bulletin (21.04.2016bulletin.pdf),https://cwc.gov.in/sites/default/files/21.04.2016bulletin.pdf,2016-04-21,*1 GOBIND SAGAR(BHAKRA)              478.14        6.229        1.748 21-04-2016     28           34         27 676 1200 | 280.75  394.91        6.157
2016-04-28,Bhakra,1679.99,,,,False,CWC Weekly Reservoir Storage Bulletin (28.04.2016bull.pdf),https://cwc.gov.in/sites/default/files/28.04.2016bull.pdf,2016-04-28,*1 GOBIND SAGAR(BHAKRA)SU 512.06    476.33        6.229        1.596 28-04-2016     26           37         27 676 1200 | 394.53        6.157
2016-04-28,Ranjit Sagar,1731.99,,,,False,CWC Weekly Reservoir Storage Bulletin (28.04.2016bull.pdf),https://cwc.gov.in/sites/default/files/28.04.2016bull.pdf,2016-04-28,*3 THEIN /RAVI R.         527.91                               0.567 28-04-2016     24           73         44 348 600
2016-05-05,Bhakra,1557.38,,,,False,CWC Weekly Reservoir Storage Bulletin (05.05.2016cwcbull.pdf),https://cwc.gov.in/sites/default/files/05.05.2016cwcbull.pdf,2016-05-05,*1 GOBIND SAGAR(BHAKRA)              474.69        6.229        1.472 04-05-2016     24           38         25 676 1200 | 280.75  394.02        6.157
2016-05-12,Bhakra,1557.78,,,,False,CWC Weekly Reservoir Storage Bulletin (12.05.2016cwcbulletin1.pdf),https://cwc.gov.in/sites/default/files/12.05.2016cwcbulletin1.pdf,2016-05-12,*1 GOBIND SAGAR(BHAKRA)              474.81        6.229        1.481 11-05-2016     24           39         24 676 1200 | 280.75  393.00        6.157
2016-05-19,Bhakra,1561.12,,,,False,CWC Weekly Reservoir Storage Bulletin (19.05.2016cwcbull.pdf),https://cwc.gov.in/sites/default/files/19.05.2016cwcbull.pdf,2016-05-19,*1 GOBIND SAGAR(BHAKRA)              475.83        6.229        1.555 19-05-2016     25           41         24 676 1200 | 280.75  392.21        6.157
2016-05-26,Bhakra,1566.57,,,,False,CWC Weekly Reservoir Storage Bulletin (26.01.2016cwcbull.pdf),https://cwc.gov.in/sites/default/files/26.01.2016cwcbull.pdf,2016-05-26,*1 GOBIND SAGAR(BHAKRA)              477.49        6.229        1.693 25-05-2016     27           42         25 676 1200 | 280.75  391.86        6.157
2016-05-27,Bhakra,1567.66,18560.0,,,False,dry spell leads to drop in water level in 3 dams,https://www.tribuneindia.com/news/archive/features/dry-spell-leads-to-drop-in-water-level-in-3-dams-243126,2016-05-28,"The water level at Bhakra Dam was 1,567.66 feet against the maximum capacity of reservoir up to 1,680 feet; today's inflow was recorded at 18,560 cusecs against 27,137 cusecs last year"
2016-05-27,Pong,1284.94,2965.0,,,False,dry spell leads to drop in water level in 3 dams,https://www.tribuneindia.com/news/archive/features/dry-spell-leads-to-drop-in-water-level-in-3-dams-243126,2016-05-28,"the water level at Pong Dam having maximum capacity of 1,390 feet was recorded as 1,284.94 feet; inflow at Pong Dam was 2,965 cusecs against last year's 5,278 cusecs"
2016-05-27,Ranjit Sagar,,8888.0,,,False,dry spell leads to drop in water level in 3 dams,https://www.tribuneindia.com/news/archive/features/dry-spell-leads-to-drop-in-water-level-in-3-dams-243126,2016-05-28,"At Thein Dam the water level was recorded at 504.16 metre against 522.12 metre of last year; at Thein Dam it was 8,888 cusecs against 11,420 cusecs"
2016-06-02,Bhakra,1569.39,,,,False,CWC Weekly Reservoir Storage Bulletin (cwcbull02062016.pdf),https://cwc.gov.in/sites/default/files/cwcbull02062016.pdf,2016-06-02,*1 GOBIND SAGAR(BHAKRA)              478.35        6.229        1.765 02-06-16      28           43         25 676 1200 | 280.75  391.06        6.157
2016-06-09,Bhakra,1573.03,,,,False,CWC Weekly Reservoir Storage Bulletin (09.06.2016cwc.bull.pdf),https://cwc.gov.in/sites/default/files/09.06.2016cwc.bull.pdf,2016-06-09,*1 GOBIND SAGAR(BHAKRA)              479.46        6.229        1.857 09-06-2016     30           41         26 676 1200 | 280.75  389.04        6.157
2016-06-16,Bhakra,1573.1,,,,False,CWC Weekly Reservoir Storage Bulletin (16.06.2016fullbulletin.pdf),https://cwc.gov.in/sites/default/files/16.06.2016fullbulletin.pdf,2016-06-16,*1 GOBIND SAGAR(BHAKRA)              479.48        6.229        1.859 14-06-2016     30           42         27 676 1200 | 280.75  389.14        6.157
2016-06-23,Bhakra,1572.87,,,,False,CWC Weekly Reservoir Storage Bulletin (23.06.2016cwcbull.pdf),https://cwc.gov.in/sites/default/files/23.06.2016cwcbull.pdf,2016-06-23,*1 GOBIND SAGAR(BHAKRA)              479.41        6.229        1.853 22-06-2016     30           43         29 676 1200 | 280.75  390.53        6.157
2016-06-30,Bhakra,1574.15,,,,False,CWC Weekly Reservoir Storage Bulletin (30.06.2016cwcbull.pdf),https://cwc.gov.in/sites/default/files/30.06.2016cwcbull.pdf,2016-06-30,*1 GOBIND SAGAR(BHAKRA)              479.80        6.229        1.886 29-06-2016     30           44         32 676 1200 | 280.75  391.73        6.157
2016-07-02,Bhakra,,35627.0,32618.0,,False,bhakra pong dams filling up quickly,https://www.tribuneindia.com/news/archive/punjab/bhakra-pong-dams-filling-up-quickly-430866,2017-07-03,"against 35,627 cusecs last year; against 32,618 cusecs last year"
2016-07-02,Pong,,,4509.0,,False,bhakra pong dams filling up quickly,https://www.tribuneindia.com/news/archive/punjab/bhakra-pong-dams-filling-up-quickly-430866,2017-07-03,"At Pong Dam last year, the outflow was 4,509 cusecs"
2016-07-06,Bhakra,1577.76,,,,False,CWC Weekly Reservoir Storage Bulletin (06.07.2016cwcbull.pdf),https://cwc.gov.in/sites/default/files/06.07.2016cwcbull.pdf,2016-07-06,*1 GOBIND SAGAR(BHAKRA)              480.90        6.229        1.977 06-07-2016     32           46         36 676 1200 | 280.75  394.37        6.157
2016-07-14,Bhakra,1581.0,,,,False,CWC Weekly Reservoir Storage Bulletin (14.07.2016cwcbulletin.pdf),https://cwc.gov.in/sites/default/files/14.07.2016cwcbulletin.pdf,2016-07-14,*1 GOBIND SAGAR(BHAKRA)              481.89        6.229        2.064 14-07-2016     33           58         42 676 1200 | 280.75  395.28        6.157
2016-07-21,Bhakra,1588.45,,,,False,CWC Weekly Reservoir Storage Bulletin (21.07.2016cwcbulletin.pdf),https://cwc.gov.in/sites/default/files/21.07.2016cwcbulletin.pdf,2016-07-21,*1 GOBIND SAGAR(BHAKRA)              484.16        6.229        2.292 20-07-2016     37           63         47 676 1200 | 280.75  398.46        6.157
2016-07-28,Bhakra,1592.09,,,,False,CWC Weekly Reservoir Storage Bulletin (28.07.2016cwcbull.pdf),https://cwc.gov.in/sites/default/files/28.07.2016cwcbull.pdf,2016-07-28,*1 GOBIND SAGAR(BHAKRA)              485.27        6.229        2.403 28-07-2016     39           71         54 676 1200 | 280.75  399.62        6.157
2016-08-04,Bhakra,1600.62,,,,False,CWC Weekly Reservoir Storage Bulletin (04.08.2016cwcbull.pdf),https://cwc.gov.in/sites/default/files/04.08.2016cwcbull.pdf,2016-08-04,*1 GOBIND SAGAR(BHAKRA)              487.87        6.229        2.666 04-08-2016     43           75         61 676 1200 | 280.75  405.22        6.157        2.189 04-08-2016
2016-08-11,Bhakra,1608.83,,,,False,CWC Weekly Reservoir Storage Bulletin (11.08.2016cwcbull.pdf),https://cwc.gov.in/sites/default/files/11.08.2016cwcbull.pdf,2016-08-11,*1 GOBIND SAGAR(BHAKRA)              490.37        6.229        2.953 08-08-2016     47           79         65 676 1200 | 280.75  409.55        6.157
2016-08-18,Bhakra,1629.59,,,,False,CWC Weekly Reservoir Storage Bulletin (18.08.2016cwcbull.pdf),https://cwc.gov.in/sites/default/files/18.08.2016cwcbull.pdf,2016-08-18,*1 GOBIND SAGAR(BHAKRA)              496.70        6.229        3.720 17-08-2016     60           88         76 676 1200 | 280.75  414.61        6.157
2016-08-24,Bhakra,1636.35,,,,False,CWC Weekly Reservoir Storage Bulletin (24.08.2016cwcbull.pdf),https://cwc.gov.in/sites/default/files/24.08.2016cwcbull.pdf,2016-08-24,*1 GOBIND SAGAR(BHAKRA)              498.76        6.229        3.987 24-08-2016     64           91         79 676 1200 | 280.75  415.26        6.157
2016-09-01,Bhakra,1645.01,,,,False,CWC Weekly Reservoir Storage Bulletin (01.09.2016cwcbulletin.pdf),https://cwc.gov.in/sites/default/files/01.09.2016cwcbulletin.pdf,2016-09-01,*1 GOBIND SAGAR(BHAKRA)              501.40        6.229        4.349 01-09-2016     70           93         85 676 1200 | 280.75  417.22        6.157
2016-09-08,Bhakra,1649.41,,,,False,CWC Weekly Reservoir Storage Bulletin (08.09.2016cwcbulletin.pdf),https://cwc.gov.in/sites/default/files/08.09.2016cwcbulletin.pdf,2016-09-08,*1 GOBIND SAGAR(BHAKRA)              502.74        6.229        4.542 08-09-2016     73           94         87 676 1200 | 280.75  417.93        6.157
2016-09-15,Bhakra,1650.75,,,,False,CWC Weekly Reservoir Storage Bulletin (15.09.2016cwcbulletin.pdf),https://cwc.gov.in/sites/default/files/15.09.2016cwcbulletin.pdf,2016-09-15,*1 GOBIND SAGAR(BHAKRA)              503.15        6.229        4.601 15-09-2016     74           94         89 676 1200 | 280.75  417.94        6.157
2016-09-21,Bhakra,1650.38,,,,False,bhakra pong dams filling up quickly,https://www.tribuneindia.com/news/archive/punjab/bhakra-pong-dams-filling-up-quickly-430866,2017-07-03,"1,650.38 feet"
2016-09-21,Pong,1369.31,,,,False,bhakra pong dams filling up quickly,https://www.tribuneindia.com/news/archive/punjab/bhakra-pong-dams-filling-up-quickly-430866,2017-07-03,"1,369.31 feet"
2016-09-22,Bhakra,1650.39,,,,False,CWC Weekly Reservoir Storage Bulletin (22.09.2016cwcbull.pdf),https://cwc.gov.in/sites/default/files/22.09.2016cwcbull.pdf,2016-09-22,*1 GOBIND SAGAR(BHAKRA)              503.04        6.229        4.584 22-09-2016     74           94         90 676 1200 | 280.75  417.28        6.157
2016-09-29,Bhakra,1649.77,,,,False,CWC Weekly Reservoir Storage Bulletin (29.09.2016cwcbulletin.pdf),https://cwc.gov.in/sites/default/files/29.09.2016cwcbulletin.pdf,2016-09-29,*1 GOBIND SAGAR(BHAKRA)              502.85        6.229        4.557 29-09-2016     73           95         90 676 1200 | 280.75  416.66        6.157
2016-10-06,Bhakra,1648.69,,,,False,CWC Weekly Reservoir Storage Bulletin (06.10.2016cwcbull.pdf),https://cwc.gov.in/sites/default/files/06.10.2016cwcbull.pdf,2016-10-06,*1 GOBIND SAGAR(BHAKRA)              502.52        6.229        4.510 06-10-2016     72        93         88 676 1200 | 280.75  416.27        6.157
2016-10-13,Bhakra,1646.92,,,,False,CWC Weekly Reservoir Storage Bulletin (13.10.2016cwcfb.pdf),https://cwc.gov.in/sites/default/files/13.10.2016cwcfb.pdf,2016-10-13,*1 GOBIND SAGAR(BHAKRA)              501.98        6.229        4.433 10-10-2016     71        92         87 676 1200 | 280.75  415.86        6.157
2016-10-20,Bhakra,1641.57,,,,False,CWC Weekly Reservoir Storage Bulletin (20.10.2016cwcbull.pdf),https://cwc.gov.in/sites/default/files/20.10.2016cwcbull.pdf,2016-10-20,*1 GOBIND SAGAR(BHAKRA)              500.35        6.229        4.225 19-10-2016     68        91         86 676 1200 | 280.75  415.48        6.157
2016-10-27,Bhakra,1638.71,,,,False,CWC Weekly Reservoir Storage Bulletin (27.10.2016cwcbulletinf.pdf),https://cwc.gov.in/sites/default/files/27.10.2016cwcbulletinf.pdf,2016-10-27,*1 GOBIND SAGAR(BHAKRA)              499.48        6.229        4.080 25-10-2016     66        90         86 676 1200 | 280.75  415.14        6.157
2016-11-03,Bhakra,1635.56,,,,False,CWC Weekly Reservoir Storage Bulletin (03.11.2016cwcbull.pdf),https://cwc.gov.in/sites/default/files/03.11.2016cwcbull.pdf,2016-11-03,*1 GOBIND SAGAR(BHAKRA)              498.52        6.229        3.956 03-11-2016     64        89         84 676 1200 | 280.75  414.35        6.157
2016-11-10,Bhakra,1633.1,,,,False,CWC Weekly Reservoir Storage Bulletin (10.11.2016cwcbull.pdf),https://cwc.gov.in/sites/default/files/10.11.2016cwcbull.pdf,2016-11-10,*1 GOBIND SAGAR(BHAKRA)              497.77        6.229        3.858 10-11-2016     62        87         82 676 1200 | 280.75  413.64        6.157
2016-11-17,Bhakra,1631.17,,,,False,CWC Weekly Reservoir Storage Bulletin (17.11.2016cwcbull.pdf),https://cwc.gov.in/sites/default/files/17.11.2016cwcbull.pdf,2016-11-17,*1 GOBIND SAGAR(BHAKRA)              497.18        6.229        3.782 15-11-2016     61        86         81 676 1200 | 280.75  412.87        6.157
2016-11-24,Bhakra,1627.66,,,,False,CWC Weekly Reservoir Storage Bulletin (24.11.2016cwcbull.pdf),https://cwc.gov.in/sites/default/files/24.11.2016cwcbull.pdf,2016-11-24,*1 GOBIND SAGAR(BHAKRA)              496.11        6.229        3.643 24-11-2016     58        83         78 676 1200 | 280.75  412.30        6.157
2016-12-01,Bhakra,1623.95,,,,False,CWC Weekly Reservoir Storage Bulletin (01.12.2016cwcbulletin.pdf),https://cwc.gov.in/sites/default/files/01.12.2016cwcbulletin.pdf,2016-12-01,*1 GOBIND SAGAR(BHAKRA)              494.98        6.229        3.497 01-12-2016     56        81         76 676 1200 | 280.75  411.65        6.157
2016-12-08,Bhakra,1619.29,,,,False,CWC Weekly Reservoir Storage Bulletin (08.12.2016cwcbull.pdf),https://cwc.gov.in/sites/default/files/08.12.2016cwcbull.pdf,2016-12-08,*1 GOBIND SAGAR(BHAKRA)              493.56        6.229        3.317 08-12-2016     53        79         74 676 1200 | 280.75  411.08        6.157
2016-12-15,Bhakra,1614.3,,,,False,CWC Weekly Reservoir Storage Bulletin (15.12.2016cwcbull.pdf),https://cwc.gov.in/sites/default/files/15.12.2016cwcbull.pdf,2016-12-15,*1 GOBIND SAGAR(BHAKRA)              492.04        6.229        3.143 15-12-2016     50           76         71 676 1200 | 280.75  410.29        6.157
2016-12-22,Bhakra,1609.02,,,,False,CWC Weekly Reservoir Storage Bulletin (22.12.2016cwcbull.pdf),https://cwc.gov.in/sites/default/files/22.12.2016cwcbull.pdf,2016-12-22,*1 GOBIND SAGAR(BHAKRA)              490.43        6.229        2.959 22-12-2016     48           73         68 676 1200 | 280.75  409.32        6.157
2016-12-29,Bhakra,1679.99,,,,False,CWC Weekly Reservoir Storage Bulletin (storagestatusof91reservoirsofthecountryason29.12.2016.pdf),https://cwc.gov.in/sites/default/files/storagestatusof91reservoirsofthecountryason29.12.2016.pdf,2016-12-29,*1 GOBIND SAGAR(BHAKRA) 512.06       489.17     6.229           2.815 12/28/2016     45        70         66 676 1200 | 408.58     6.157
2016-12-29,Pong,1389.99,,,,False,CWC Weekly Reservoir Storage Bulletin (storagestatusof91reservoirsofthecountryason29.12.2016.pdf),https://cwc.gov.in/sites/default/files/storagestatusof91reservoirsofthecountryason29.12.2016.pdf,2016-12-29,*2 PONG DAM                  423.67                             2.761 12/28/2016     45        54         51        - 360 | PUNJAB                           505.24     2.344
2016-12-29,Ranjit Sagar,1731.99,,,,False,CWC Weekly Reservoir Storage Bulletin (storagestatusof91reservoirsofthecountryason29.12.2016.pdf),https://cwc.gov.in/sites/default/files/storagestatusof91reservoirsofthecountryason29.12.2016.pdf,2016-12-29,*3 THEIN                     527.91  278.85     1.711           0.866 12/29/2016     37        25         45 348 600 | RAJASTHAN                        355.60     0.132
2017-01-05,Bhakra,1679.99,,,,False,CWC Weekly Reservoir Storage Bulletin (mergeddocumentweb.pdf),https://cwc.gov.in/sites/default/files/mergeddocumentweb.pdf,2017-01-05,*1 GOBIND SAGAR(BHAKRA) 512.06                                  2.666 1/3/2017       43        68         63 676 1200 | 278.35      1.711
2017-01-05,Pong,1389.99,,,,False,CWC Weekly Reservoir Storage Bulletin (mergeddocumentweb.pdf),https://cwc.gov.in/sites/default/files/mergeddocumentweb.pdf,2017-01-05,*2 PONG DAM                  423.67  354.75      0.132          2.603 1/4/2017       42        51         50        - 360 | PUNJAB                           347.48      1.436
2017-01-05,Ranjit Sagar,1731.99,,,,False,CWC Weekly Reservoir Storage Bulletin (mergeddocumentweb.pdf),https://cwc.gov.in/sites/default/files/mergeddocumentweb.pdf,2017-01-05,*3 THEIN                     527.91  260.15      0.821          0.842 1/5/2017       36        23         41 348 600 | RAJASTHAN                        148.65      0.471
2017-01-12,Bhakra,1595.44,,,,False,CWC Weekly Reservoir Storage Bulletin (12.01.2017cwcbull.pdf),https://cwc.gov.in/sites/default/files/12.01.2017cwcbull.pdf,2017-01-12,*1 GOBIND SAGAR(BHAKRA)              486.29        6.229        2.505 11-01-2017     40           65         60 676 1200 | 280.75  406.94        6.157
2017-01-19,Bhakra,1590.12,,,,False,CWC Weekly Reservoir Storage Bulletin (19.01.2017cwcbull.pdf),https://cwc.gov.in/sites/default/files/19.01.2017cwcbull.pdf,2017-01-19,*1 GOBIND SAGAR(BHAKRA)              484.67        6.229        2.343 19-01-2017     38           62         57 676 1200 | 280.75  406.14        6.157
2017-01-25,Bhakra,1586.94,,,,False,CWC Weekly Reservoir Storage Bulletin (25.01.2017cwcbull.pdf),https://cwc.gov.in/sites/default/files/25.01.2017cwcbull.pdf,2017-01-25,*1 GOBIND SAGAR(BHAKRA)              483.70        6.229        2.245 23-01-2017     36           61         55 676 1200 | 280.75  405.57        6.157
2017-02-02,Bhakra,1581.3,,,,False,CWC Weekly Reservoir Storage Bulletin (02.02.2017.pdf),https://cwc.gov.in/sites/default/files/02.02.2017.pdf,2017-02-02,*1 GOBIND SAGAR(BHAKRA)              481.98        6.229        2.074 02-02-2017     33           57         50 676 1200 | 280.75  404.92        6.157
2017-02-09,Bhakra,1576.94,,,,False,CWC Weekly Reservoir Storage Bulletin (09.02.2017cwcbull.pdf),https://cwc.gov.in/sites/default/files/09.02.2017cwcbull.pdf,2017-02-09,*1 GOBIND SAGAR(BHAKRA)              480.65        6.229        1.956 08-02-2017     31           54         47 676 1200 | 280.75  404.05        6.157
2017-02-16,Bhakra,1570.34,,,,False,CWC Weekly Reservoir Storage Bulletin (16.02.2017cwcbull.pdf),https://cwc.gov.in/sites/default/files/16.02.2017cwcbull.pdf,2017-02-16,*1 GOBIND SAGAR(BHAKRA)              478.64        6.229        1.788 15-02-2017     29           50         44 676 1200 | 280.75  402.78        6.157
2017-02-23,Bhakra,1563.58,,,,False,CWC Weekly Reservoir Storage Bulletin (23.02.2017cwcbulletin.pdf),https://cwc.gov.in/sites/default/files/23.02.2017cwcbulletin.pdf,2017-02-23,*1 GOBIND SAGAR(BHAKRA)              476.58        6.229        1.617 21-02-2017     26           47         42 676 1200 | 280.75  401.85        6.157
2017-03-02,Bhakra,1556.2,,,,False,CWC Weekly Reservoir Storage Bulletin (02.03.2017cwcbull.pdf),https://cwc.gov.in/sites/default/files/02.03.2017cwcbull.pdf,2017-03-02,*1 GOBIND SAGAR(BHAKRA)              474.33        6.229        1.448 28-02-2017     23           44         39 676 1200 | 280.75  400.21        6.157
2017-03-09,Bhakra,1546.75,,,,False,CWC Weekly Reservoir Storage Bulletin (09.03.2017cwcbull.pdf),https://cwc.gov.in/sites/default/files/09.03.2017cwcbull.pdf,2017-03-09,*1 GOBIND SAGAR(BHAKRA)              471.45        6.229        1.255 07-03-2017     20           38         36 676 1200 | 280.75  398.81        6.157
2017-03-16,Bhakra,1538.42,,,,False,CWC Weekly Reservoir Storage Bulletin (bullcwc.pdf),https://cwc.gov.in/sites/default/files/bullcwc.pdf,2017-03-16,*1 GOBIND SAGAR(BHAKRA)              468.91        6.229        1.088 16-03-2017     17           34         33 676 1200 | 280.75  397.68        6.157
2017-03-31,Bhakra,1523.0,8800.0,,,False,bhakra water level plummets,https://www.tribuneindia.com/news/archive/community/bhakra-water-level-plummets-385379,2017-04-01,"water level at Bhakra (recorded at 1,523 feet today) is down 52 feet; average inflow at present is 8,800 cusecs as compared to 6,750 cusecs last year"
2017-03-31,Bhakra,1523.56,,,,False,bhakra pong dams filling up quickly,https://www.tribuneindia.com/news/archive/punjab/bhakra-pong-dams-filling-up-quickly-430866,2017-07-03,"against 1523.56 feet, the lowest level recorded during the last one year on March 31"
2017-04-06,Bhakra,1524.31,,,,False,CWC Weekly Reservoir Storage Bulletin (06.04.2017cwcbull.pdf),https://cwc.gov.in/sites/default/files/06.04.2017cwcbull.pdf,2017-04-06,*1 GOBIND SAGAR(BHAKRA)              464.61        6.229        1.031 06-04-2017     17           30         27 676 1200 | 280.75  396.74        6.157
2017-04-13,Bhakra,1526.94,,,,False,CWC Weekly Reservoir Storage Bulletin (13.04.2017cwcbull.pdf),https://cwc.gov.in/sites/default/files/13.04.2017cwcbull.pdf,2017-04-13,*1 GOBIND SAGAR(BHAKRA)              465.41        6.229        0.883 12-04-2017     14           30         27 676 1200 | 280.75  396.92        6.157
2017-04-20,Bhakra,1532.41,,,,False,CWC Weekly Reservoir Storage Bulletin (20.04.2017cwcbull.pdf),https://cwc.gov.in/sites/default/files/20.04.2017cwcbull.pdf,2017-04-20,*1 GOBIND SAGAR(BHAKRA)              467.08        6.229        0.980 20-04-2017     16           28         27 676 1200 | 280.75  397.04        6.157
2017-04-27,Bhakra,1543.37,,,,False,CWC Weekly Reservoir Storage Bulletin (27.04.2017cwcbull.pdf),https://cwc.gov.in/sites/default/files/27.04.2017cwcbull.pdf,2017-04-27,*1 GOBIND SAGAR(BHAKRA)              470.42        6.229        1.185 27-04-2017     19           26         26 676 1200 | 280.75  396.66        6.157
2017-05-04,Bhakra,1540.88,,,,False,CWC Weekly Reservoir Storage Bulletin (04.05.2017cwcbull.pdf),https://cwc.gov.in/sites/default/files/04.05.2017cwcbull.pdf,2017-05-04,*1 GOBIND SAGAR(BHAKRA)              469.66        6.229        1.134 04-05-2017     18           24         24 676 1200 | 280.75  396.27        6.157
2017-05-11,Bhakra,1534.15,,,,False,CWC Weekly Reservoir Storage Bulletin (11.05.2017cwcbull.pdf),https://cwc.gov.in/sites/default/files/11.05.2017cwcbull.pdf,2017-05-11,*1 GOBIND SAGAR(BHAKRA)              467.61        6.229        1.012 11-05-2017     16           24         23 676 1200 | 280.75  395.46        6.157
2017-05-18,Bhakra,1536.29,,,,False,CWC Weekly Reservoir Storage Bulletin (18.05.2017cwcbull.pdf),https://cwc.gov.in/sites/default/files/18.05.2017cwcbull.pdf,2017-05-18,*1 GOBIND SAGAR(BHAKRA)              468.26        6.229        1.050 18-05-2017     17           25         23 676 1200 | 280.75  394.97        6.157
2017-06-08,Bhakra,1561.25,,,,False,CWC Weekly Reservoir Storage Bulletin (08.06.2017cwcbull.pdf),https://cwc.gov.in/sites/default/files/08.06.2017cwcbull.pdf,2017-06-08,*1 GOBIND SAGAR(BHAKRA)              475.87        6.229        1.558 08-06-2017     25           30         24 676 1200 | 280.75  394.44        6.157
2017-06-15,Bhakra,1566.86,,,,False,CWC Weekly Reservoir Storage Bulletin (15.06.2017cwcbull.pdf),https://cwc.gov.in/sites/default/files/15.06.2017cwcbull.pdf,2017-06-15,*1 GOBIND SAGAR(BHAKRA)              477.58        6.229        1.700 15-06-2017     27           30         26 676 1200 | 280.75  393.63        6.157
2017-06-20,Pong,1286.94,,,,False,bhakra pong dams filling up quickly,https://www.tribuneindia.com/news/archive/punjab/bhakra-pong-dams-filling-up-quickly-430866,2017-07-03,"against 1286.94 on June 20, the lowest level during the last one year"
2017-06-22,Bhakra,1564.17,,,,False,CWC Weekly Reservoir Storage Bulletin (22.06.2017cwcbull.pdf),https://cwc.gov.in/sites/default/files/22.06.2017cwcbull.pdf,2017-06-22,*1 GOBIND SAGAR(BHAKRA)              476.76        6.229        1.632 22-06-2017     26           30         29 676 1200 | 280.75  392.26        6.157
2017-06-29,Bhakra,1565.22,,,,False,CWC Weekly Reservoir Storage Bulletin (29.06.2017cwcbull.pdf),https://cwc.gov.in/sites/default/files/29.06.2017cwcbull.pdf,2017-06-29,*1 GOBIND SAGAR(BHAKRA)              477.08        6.229        1.659 29-06-2017     27           30         32 676 1200 | 280.75  393.02        6.157
2017-07-02,Bhakra,1569.32,34802.0,20897.0,,False,bhakra pong dams filling up quickly,https://www.tribuneindia.com/news/archive/punjab/bhakra-pong-dams-filling-up-quickly-430866,2017-07-03,"The water level in the Gobind Sagar reservoir of Bhakra Dam increased to 1569.32 feet today, against 1523.56 feet; Today's inflow at Bhakra Dam was recorded at 34,802 cusecs against 35,627 cusecs last year; Today's outflow was recorded at 20,897 cusecs against 32,618 cusecs last year"
2017-07-02,Pong,1298.63,,2505.0,,False,bhakra pong dams filling up quickly,https://www.tribuneindia.com/news/archive/punjab/bhakra-pong-dams-filling-up-quickly-430866,2017-07-03,"The water level at Pong Dam was recorded today at 1298.63 feet against 1286.94 on June 20; today, it was recorded as a mere 2,505 cusecs"
2017-07-06,Bhakra,1575.66,,,,False,CWC Weekly Reservoir Storage Bulletin (06.07.2017cwcbull.pdf),https://cwc.gov.in/sites/default/files/06.07.2017cwcbull.pdf,2017-07-06,*1 GOBIND SAGAR(BHAKRA)              480.26        6.229        1.924 06-07-2017     31           32         36 676 1200 | 280.75  396.94        6.157
2017-07-13,Bhakra,1586.88,,,,False,CWC Weekly Reservoir Storage Bulletin (13.07.2017cwcbull.pdf),https://cwc.gov.in/sites/default/files/13.07.2017cwcbull.pdf,2017-07-13,*1 GOBIND SAGAR(BHAKRA)              483.68        6.229        2.244 13-07-2017     36           33         41 676 1200 | 280.75  398.86        6.157
2017-07-20,Bhakra,1601.12,,,,False,CWC Weekly Reservoir Storage Bulletin (20.07.2017cwcbull_1.pdf),https://cwc.gov.in/sites/default/files/20.07.2017cwcbull_1.pdf,2017-07-20,*1 GOBIND SAGAR(BHAKRA)              488.02        6.229        2.683 20-07-2017     43           37         46 676 1200 | 280.75  404.33        6.157
2017-07-27,Bhakra,1616.86,,,,False,CWC Weekly Reservoir Storage Bulletin (27.01.2017cwcbull_1.pdf),https://cwc.gov.in/sites/default/files/27.01.2017cwcbull_1.pdf,2017-07-27,*1 GOBIND SAGAR(BHAKRA)              492.82        6.229        3.232 27-07-2017     52        38         51 676 1200 | 280.75  408.02        6.157
2017-07-27,Bhakra,1616.86,,,,False,CWC Weekly Reservoir Storage Bulletin (27.01.2017cwcbull_2.pdf),https://cwc.gov.in/sites/default/files/27.01.2017cwcbull_2.pdf,2017-07-27,*1 GOBIND SAGAR(BHAKRA)              492.82        6.229        3.232 27-07-2017     52        38         51 676 1200 | 280.75  408.02        6.157
2017-08-03,Bhakra,1627.66,,,,False,CWC Weekly Reservoir Storage Bulletin (03.08.2017cwcbull.pdf),https://cwc.gov.in/sites/default/files/03.08.2017cwcbull.pdf,2017-08-03,*1 GOBIND SAGAR(BHAKRA)              496.11        6.229        3.644 01-08-2017     59        40         56 676 1200 | 280.75  413.08        6.157
2017-08-10,Bhakra,1651.54,,,,False,CWC Weekly Reservoir Storage Bulletin (10.08.2017cwc.pdf),https://cwc.gov.in/sites/default/files/10.08.2017cwc.pdf,2017-08-10,*1 GOBIND SAGAR(BHAKRA)              503.39        6.229        4.635 10-08-2017     74        51         65 676 1200 | 280.75  418.51        6.157
2017-08-17,Bhakra,1659.25,,,,False,CWC Weekly Reservoir Storage Bulletin (17.08.2017cwc.pdf),https://cwc.gov.in/sites/default/files/17.08.2017cwc.pdf,2017-08-17,*1 GOBIND SAGAR(BHAKRA)              505.74        6.229        4.972 17-08-2017     80        60         73 676 1200 | 280.75  419.98        6.157
2017-08-24,Bhakra,1665.29,,,,False,CWC Weekly Reservoir Storage Bulletin (24.08.2017cwcbull.pdf),https://cwc.gov.in/sites/default/files/24.08.2017cwcbull.pdf,2017-08-24,*1 GOBIND SAGAR(BHAKRA)              507.58        6.229        5.257 24-08-2017     84        64         78 676 1200 | 280.75  420.29        6.157
2017-08-31,Bhakra,1669.65,,,,False,CWC Weekly Reservoir Storage Bulletin (31.08.2017cwcbull.pdf),https://cwc.gov.in/sites/default/files/31.08.2017cwcbull.pdf,2017-08-31,*1 GOBIND SAGAR(BHAKRA)              508.91        6.229        5.464 31-08-2017     88        69         81 676 1200 | 280.75  420.97        6.157
2017-09-07,Bhakra,1672.87,,,,False,CWC Weekly Reservoir Storage Bulletin (07.09.2017cwc.pdf),https://cwc.gov.in/sites/default/files/07.09.2017cwc.pdf,2017-09-07,*1 GOBIND SAGAR(BHAKRA)              509.89        6.229        5.617 07-09-2017     90        73         84 676 1200 | 280.75  421.69        6.157
2017-09-14,Bhakra,1672.51,,,,False,CWC Weekly Reservoir Storage Bulletin (14.07.2017cwcbull.pdf),https://cwc.gov.in/sites/default/files/14.07.2017cwcbull.pdf,2017-09-14,*1 GOBIND SAGAR(BHAKRA)              509.78        6.229        5.600 12-09-2017     90        73         86 676 1200 | 280.75  421.49        6.157
2017-09-21,Bhakra,1668.77,,,,False,CWC Weekly Reservoir Storage Bulletin (21.09.2017cwcbull.pdf),https://cwc.gov.in/sites/default/files/21.09.2017cwcbull.pdf,2017-09-21,*1 GOBIND SAGAR(BHAKRA)              508.64        6.229        5.423 21-09-2017     87        74         88 676 1200 | 280.75  421.03        6.157
2017-09-28,Bhakra,1669.49,,,,False,CWC Weekly Reservoir Storage Bulletin (28.09.2017cwcbull.pdf),https://cwc.gov.in/sites/default/files/28.09.2017cwcbull.pdf,2017-09-28,*1 GOBIND SAGAR(BHAKRA)              508.86        6.229        5.457 28-09-2017     88        73         88 676 1200 | 280.75  420.82        6.157
2017-10-05,Bhakra,1668.24,,,,False,CWC Weekly Reservoir Storage Bulletin (05.10.2017cwcbull.pdf),https://cwc.gov.in/sites/default/files/05.10.2017cwcbull.pdf,2017-10-05,*1 GOBIND SAGAR(BHAKRA)              508.48        6.229        5.397 03-10-2017     87        73         87 676 1200 | 280.75  420.10        6.157
2017-10-12,Bhakra,1666.01,,,,False,CWC Weekly Reservoir Storage Bulletin (12.10.2017cwc.pdf),https://cwc.gov.in/sites/default/files/12.10.2017cwc.pdf,2017-10-12,*1 GOBIND SAGAR(BHAKRA)              507.80        6.229        5.291 12-10-2017     85        71         85 676 1200 | 280.75  419.30        6.157
2017-10-18,Bhakra,1665.16,,,,False,CWC Weekly Reservoir Storage Bulletin (18.10.2017cwc.bull.pdf),https://cwc.gov.in/sites/default/files/18.10.2017cwc.bull.pdf,2017-10-18,*1 GOBIND SAGAR(BHAKRA)              507.54        6.229        5.250 18-10-2017     84        68         84 676 1200 | 280.75  418.58        6.157
2017-10-26,Bhakra,1664.3,,,,False,CWC Weekly Reservoir Storage Bulletin (26.10.2017cwc.pdf),https://cwc.gov.in/sites/default/files/26.10.2017cwc.pdf,2017-10-26,*1 GOBIND SAGAR(BHAKRA)              507.28        6.229        5.209 26-10-2017     84        66         83 676 1200 | 280.75  417.74        6.157
2017-11-02,Bhakra,1663.25,,,,False,CWC Weekly Reservoir Storage Bulletin (02.112017cwcbull.pdf),https://cwc.gov.in/sites/default/files/02.112017cwcbull.pdf,2017-11-02,*1 GOBIND SAGAR(BHAKRA)              506.96        6.229        5.160 02-11-2017     83        64         82 676 1200 | 280.75  416.81        6.157
2017-11-09,Bhakra,1661.78,,,,False,CWC Weekly Reservoir Storage Bulletin (09.11.2017cwc.pdf),https://cwc.gov.in/sites/default/files/09.11.2017cwc.pdf,2017-11-09,*1 GOBIND SAGAR(BHAKRA)              506.51        6.229        5.090 09-11-2017     82        62         80 676 1200 | 280.75  416.24        6.157
2017-11-16,Bhakra,1659.68,,,,False,CWC Weekly Reservoir Storage Bulletin (16.11.2017cwcbull.pdf),https://cwc.gov.in/sites/default/files/16.11.2017cwcbull.pdf,2017-11-16,*1 GOBIND SAGAR(BHAKRA)              505.87        6.229        4.991 16-11-2017     80        61         78 676 1200 | 280.75  415.69        6.157
2017-11-23,Bhakra,1657.41,,,,False,CWC Weekly Reservoir Storage Bulletin (23.11.2017cwc.pdf),https://cwc.gov.in/sites/default/files/23.11.2017cwc.pdf,2017-11-23,*1 GOBIND SAGAR(BHAKRA)              505.18        6.229        4.892 23-11-2017     79        58         77 676 1200 | 280.75  415.08        6.157        3.986 23-11-2017
2017-11-30,Bhakra,1655.97,,,,False,CWC Weekly Reservoir Storage Bulletin (30.11.2017cwcbull.pdf),https://cwc.gov.in/sites/default/files/30.11.2017cwcbull.pdf,2017-11-30,*1 GOBIND SAGAR(BHAKRA)              504.74        6.229        4.790 30-11-2017     77        57         74 676 1200 | 280.75  414.57        6.157
2017-12-07,Bhakra,1651.28,,,,False,CWC Weekly Reservoir Storage Bulletin (07.12.2017cwcbull.pdf),https://cwc.gov.in/sites/default/files/07.12.2017cwcbull.pdf,2017-12-07,*1 GOBIND SAGAR(BHAKRA)              503.31        6.229        4.624 07-12-2017     74        53         71 676 1200 | 280.75  413.91        6.157
2017-12-14,Bhakra,1647.93,,,,False,CWC Weekly Reservoir Storage Bulletin (14.12.2017cwcbull.pdf),https://cwc.gov.in/sites/default/files/14.12.2017cwcbull.pdf,2017-12-14,*1 GOBIND SAGAR(BHAKRA)              502.29        6.229        4.477 14-12-2017     72        51         69 676 1200 | 280.75  412.71        6.157
2017-12-21,Bhakra,1644.16,,,,False,CWC Weekly Reservoir Storage Bulletin (21.12.2017cwcbull.pdf),https://cwc.gov.in/sites/default/files/21.12.2017cwcbull.pdf,2017-12-21,*1 GOBIND SAGAR(BHAKRA)              501.14        6.229        4.313 21-12-2017     69        48         66 676 1200 | 280.75  411.76        6.157
2017-12-28,Bhakra,1639.44,,,,False,CWC Weekly Reservoir Storage Bulletin (28.12.2017cwc.pdf),https://cwc.gov.in/sites/default/files/28.12.2017cwc.pdf,2017-12-28,*1 GOBIND SAGAR(BHAKRA)              499.70        6.229        4.189 28-12-2017     67        45         63 676 1200 | 280.75  410.74        6.157
2018-01-04,Bhakra,1634.09,,,,False,CWC Weekly Reservoir Storage Bulletin (04.01.2018cwc.pdf),https://cwc.gov.in/sites/default/files/04.01.2018cwc.pdf,2018-01-04,*1 GOBIND SAGAR(BHAKRA)              498.07        6.229        3.897 04-01-2018     63        42         61 676 1200 | 280.75  409.57        6.157
2018-01-11,Bhakra,1628.9,,,,False,CWC Weekly Reservoir Storage Bulletin (11.01.2018cwc.pdf),https://cwc.gov.in/sites/default/files/11.01.2018cwc.pdf,2018-01-11,*1 GOBIND SAGAR(BHAKRA)              496.49        6.229        3.692 11-01-2018     59        40         58 676 1200 | 280.75  408.63        6.157
2018-01-18,Bhakra,1623.56,,,,False,CWC Weekly Reservoir Storage Bulletin (18.01.2018cwc.pdf),https://cwc.gov.in/sites/default/files/18.01.2018cwc.pdf,2018-01-18,*1 GOBIND SAGAR(BHAKRA)              494.86        6.229        3.482 18-01-2018     56           38         55 676 1200 | 280.75  407.69        6.157
2018-01-25,Bhakra,1618.11,,,,False,CWC Weekly Reservoir Storage Bulletin (25.01.2018cwcbull.pdf),https://cwc.gov.in/sites/default/files/25.01.2018cwcbull.pdf,2018-01-25,*1 GOBIND SAGAR(BHAKRA)              493.20        6.229        3.276 25-01-2018     53           36         52 676 1200 | 280.75  406.90        6.157
2018-02-01,Bhakra,1613.45,,,,False,CWC Weekly Reservoir Storage Bulletin (01.02.2018cwcbull.pdf),https://cwc.gov.in/sites/default/files/01.02.2018cwcbull.pdf,2018-02-01,*1 GOBIND SAGAR(BHAKRA)              491.78        6.229        3.113 01-02-2018     50           33         48 676 1200 | 280.75  405.91        6.157
2018-02-08,Bhakra,1607.87,,,,False,CWC Weekly Reservoir Storage Bulletin (08.02.2018cwcbull.pdf),https://cwc.gov.in/sites/default/files/08.02.2018cwcbull.pdf,2018-02-08,*1 GOBIND SAGAR(BHAKRA)              490.08        6.229        2.919 08-02-2018     47           31         45 676 1200 | 280.75  405.15        6.157
2018-02-15,Bhakra,1602.33,,,,False,CWC Weekly Reservoir Storage Bulletin (15.02.2018cwcbull.pdf),https://cwc.gov.in/sites/default/files/15.02.2018cwcbull.pdf,2018-02-15,*1 GOBIND SAGAR(BHAKRA)              488.39        6.229        2.725 15-02-2018     44           29         42 676 1200 | 280.75  403.74        6.157
2018-02-22,Bhakra,1595.77,,,,False,CWC Weekly Reservoir Storage Bulletin (22.02.2018cwcbull.pdf),https://cwc.gov.in/sites/default/files/22.02.2018cwcbull.pdf,2018-02-22,*1 GOBIND SAGAR(BHAKRA)              486.39        6.229        2.515 22-02-2018     40           26         39 676 1200 | 280.75  402.53        6.157
2018-03-01,Bhakra,1588.29,,,,False,CWC Weekly Reservoir Storage Bulletin (01.03.2018cwcbull.pdf),https://cwc.gov.in/sites/default/files/01.03.2018cwcbull.pdf,2018-03-01,*1 GOBIND SAGAR(BHAKRA)              484.11        6.229        2.287 01-03-2018     37           23         37 676 1200 | 280.75  401.09        6.157
2018-03-08,Bhakra,1580.58,,,,False,CWC Weekly Reservoir Storage Bulletin (08.03.2018cwcbull.pdf),https://cwc.gov.in/sites/default/files/08.03.2018cwcbull.pdf,2018-03-08,*1 GOBIND SAGAR(BHAKRA)              481.76        6.229        2.053 08-03-2018     33           20         34 676 1200 | 280.75  399.61        6.157
2018-03-15,Bhakra,1571.33,,,,False,CWC Weekly Reservoir Storage Bulletin (15.03.2018cwcbull.pdf),https://cwc.gov.in/sites/default/files/15.03.2018cwcbull.pdf,2018-03-15,*1 GOBIND SAGAR(BHAKRA)              478.94        6.229        1.814 15-03-2018     29           18         30 676 1200 | 280.75  397.43        6.157
2018-03-22,Bhakra,1561.81,,,,False,CWC Weekly Reservoir Storage Bulletin (22.03.2018cwcbull.pdf),https://cwc.gov.in/sites/default/files/22.03.2018cwcbull.pdf,2018-03-22,*1 GOBIND SAGAR(BHAKRA)              476.04        6.229        1.572 22-03-2018     25           15         27 676 1200 | 280.75  396.34        6.157
2018-03-28,Bhakra,1554.1,,,,False,CWC Weekly Reservoir Storage Bulletin (cwcbulletin28.03.2018.pdf),https://cwc.gov.in/sites/default/files/cwcbulletin28.03.2018.pdf,2018-03-28,*1 GOBIND SAGAR(BHAKRA)              473.69        6.229        1.405 28-03-2018     23           13         26 676 1200 | 280.75  394.17        6.157
2018-04-05,Bhakra,1547.18,,,,False,CWC Weekly Reservoir Storage Bulletin (05.04.2018cwcbull.pdf),https://cwc.gov.in/sites/default/files/05.04.2018cwcbull.pdf,2018-04-05,*1 GOBIND SAGAR(BHAKRA)              471.58        6.229        1.263 05-04-2018     20           13         24 676 1200 | 280.75  394.07        6.157
2018-04-12,Bhakra,1543.7,,,,False,CWC Weekly Reservoir Storage Bulletin (12.04.2018cwcbull.pdf),https://cwc.gov.in/sites/default/files/12.04.2018cwcbull.pdf,2018-04-12,*1 GOBIND SAGAR(BHAKRA)              470.52        6.229        1.192 12-04-2018     19           14         25 676 1200 | 280.75  394.16        6.157
2018-04-19,Bhakra,1542.03,,,,False,CWC Weekly Reservoir Storage Bulletin (19.04.2018cwcbull.pdf),https://cwc.gov.in/sites/default/files/19.04.2018cwcbull.pdf,2018-04-19,*1 GOBIND SAGAR(BHAKRA)              470.01        6.229        1.158 19-04-2018     19           15         25 676 1200 | 280.75  394.30        6.157
2018-04-26,Bhakra,1538.71,,,,False,CWC Weekly Reservoir Storage Bulletin (26.04.2018cwcbull_1.pdf),https://cwc.gov.in/sites/default/files/26.04.2018cwcbull_1.pdf,2018-04-26,*1 GOBIND SAGAR(BHAKRA)              469.00        6.229        1.093 26-04-2018     18           19         24 676 1200 | 280.75  394.31        6.157
2018-05-03,Bhakra,1533.4,,,,False,CWC Weekly Reservoir Storage Bulletin (03.05.2018cwcbull_1.pdf),https://cwc.gov.in/sites/default/files/03.05.2018cwcbull_1.pdf,2018-05-03,*1 GOBIND SAGAR(BHAKRA)              467.38        6.229        0.998 03-05-2018     16           19         23 676 1200 | 280.75  394.00        6.157
2018-05-10,Bhakra,1521.29,,,,False,CWC Weekly Reservoir Storage Bulletin (10.05.2017cwcbull_1.pdf),https://cwc.gov.in/sites/default/files/10.05.2017cwcbull_1.pdf,2018-05-10,*1 GOBIND SAGAR(BHAKRA)              463.69        6.229        0.782 10-05-2018     13           16         22 676 1200 | 280.75  393.50        6.157
2018-07-12,Ranjit Sagar,1731.99,,,,False,CWC Weekly Reservoir Storage Bulletin (12.07.2018cwcbull_1.pdf),https://cwc.gov.in/sites/default/files/12.07.2018cwcbull_1.pdf,2018-07-12,*3 THEIN                     527.91  255.42      0.821          0.915 7/12/2018          39        62         49 348 600 | RAJASTHAN                        140.29      0.471
2018-08-30,Bhakra,1638.98,,,,False,CWC Weekly Reservoir Storage Bulletin (30.08.2018cwcbull_1.pdf),https://cwc.gov.in/sites/default/files/30.08.2018cwcbull_1.pdf,2018-08-30,*1 GOBIND SAGAR(BHAKRA)              499.56        6.229        4.089 30-08-2018     66        87         81 676 1200 | 280.75  417.53        6.157        4.502 28-08-2018
2018-09-06,Bhakra,1645.6,,,,False,CWC Weekly Reservoir Storage Bulletin (06.09.2018cwcbull_1.pdf),https://cwc.gov.in/sites/default/files/06.09.2018cwcbull_1.pdf,2018-09-06,*1 GOBIND SAGAR(BHAKRA)              501.58        6.229        4.376 06-09-2018     70        90         85 676 1200 | 280.75  418.80        6.157        4.783 05-09-2018
2018-09-13,Bhakra,1650.07,,,,False,CWC Weekly Reservoir Storage Bulletin (13.09.2018cwcbull_1.pdf),https://cwc.gov.in/sites/default/files/13.09.2018cwcbull_1.pdf,2018-09-13,*1 GOBIND SAGAR(BHAKRA)              502.94        6.229        4.570 13-09-2018     73           90         87 676 1200 | 280.75  419.60        6.157        4.961 13-09-2018
2018-09-20,Bhakra,1651.41,,,,False,CWC Weekly Reservoir Storage Bulletin (20.09.2018cwcbull_1.pdf),https://cwc.gov.in/sites/default/files/20.09.2018cwcbull_1.pdf,2018-09-20,*1 GOBIND SAGAR(BHAKRA)              503.35        6.229        4.629 20-09-2018     74           87         88 676 1200 | 280.75  419.65        6.157        4.973 20-09-2018
2018-10-04,Bhakra,1666.77,,,,False,CWC Weekly Reservoir Storage Bulletin (04.10.2018cwcbull_1.pdf),https://cwc.gov.in/sites/default/files/04.10.2018cwcbull_1.pdf,2018-10-04,*1 GOBIND SAGAR(BHAKRA)              508.03        6.229        5.326 04-10-2018     86           87         87 676 1200 | 280.75  424.35        6.157
2018-10-11,Bhakra,1668.44,,,,False,CWC Weekly Reservoir Storage Bulletin (11.10.2018_0.pdf),https://cwc.gov.in/sites/default/files/11.10.2018_0.pdf,2018-10-11,*1 GOBIND SAGAR(BHAKRA)              508.54        6.229        5.407 11-10-2018     87        85         86 676 1200 | 280.75  424.09        6.157
2018-10-18,Bhakra,1669.26,,,,False,CWC Weekly Reservoir Storage Bulletin (18.10.208cwcbull_1.pdf),https://cwc.gov.in/sites/default/files/18.10.208cwcbull_1.pdf,2018-10-18,*1 GOBIND SAGAR(BHAKRA)              508.79        6.229        5.446 18-10-2018     87        84         84 676 1200 | 280.75  423.40        6.157
2018-10-25,Bhakra,1668.93,,,,False,CWC Weekly Reservoir Storage Bulletin (25.10.2018cwcbull_1.pdf),https://cwc.gov.in/sites/default/files/25.10.2018cwcbull_1.pdf,2018-10-25,*1 GOBIND SAGAR(BHAKRA)              508.69        6.229        5.430 25-10-2018     87        84         84 676 1200 | 280.75  422.63        6.157
2018-11-01,Bhakra,1668.14,,,,False,CWC Weekly Reservoir Storage Bulletin (01.11.2018cwcbull_1.pdf),https://cwc.gov.in/sites/default/files/01.11.2018cwcbull_1.pdf,2018-11-01,*1 GOBIND SAGAR(BHAKRA)              508.45        6.229        5.393 01-11-2018     87        83         83 676 1200 | 280.75  422.22        6.157
2018-11-08,Bhakra,1667.59,,,,False,CWC Weekly Reservoir Storage Bulletin (08.11.2018cwcbull_1.pdf),https://cwc.gov.in/sites/default/files/08.11.2018cwcbull_1.pdf,2018-11-08,*1 GOBIND SAGAR(BHAKRA)              508.28        6.229        5.366 08-11-2018     86           82         81 676 1200 | 280.75  421.74        6.157
2018-11-15,Bhakra,1666.96,,,,False,CWC Weekly Reservoir Storage Bulletin (15.11.2018cwcbull_1.pdf),https://cwc.gov.in/sites/default/files/15.11.2018cwcbull_1.pdf,2018-11-15,*1 GOBIND SAGAR(BHAKRA)              508.09        6.229        5.337 15-11-2018     86           80         80 676 1200 | 280.75  421.11        6.157        5.304 12-11-2018
2018-11-22,Bhakra,1666.8,,,,False,CWC Weekly Reservoir Storage Bulletin (22.11.2018cwcbull_1.pdf),https://cwc.gov.in/sites/default/files/22.11.2018cwcbull_1.pdf,2018-11-22,*1 GOBIND SAGAR(BHAKRA)              508.04        6.229        5.328 22-11-2018     86           79         78 676 1200 | 280.75  420.68        6.157        5.202 17-11-2018
2018-11-29,Bhakra,1666.57,,,,False,CWC Weekly Reservoir Storage Bulletin (29.11.2018_0.pdf),https://cwc.gov.in/sites/default/files/29.11.2018_0.pdf,2018-11-29,*1 GOBIND SAGAR(BHAKRA)              507.97        6.229        5.317 29-11-2018     85           77         76 676 1200 | 280.75  419.50        6.157
2018-12-06,Bhakra,1665.75,,,,False,CWC Weekly Reservoir Storage Bulletin (06.12.2018cwcbull.pdf),https://cwc.gov.in/sites/default/files/06.12.2018cwcbull.pdf,2018-12-06,*1 GOBIND SAGAR(BHAKRA)              507.72        6.229        5.279 06-12-2018     85           75         73 676 1200 | 280.75  418.75        6.157
2018-12-13,Bhakra,1664.47,,,,False,CWC Weekly Reservoir Storage Bulletin (13.12.2018cwcbull_1.pdf),https://cwc.gov.in/sites/default/files/13.12.2018cwcbull_1.pdf,2018-12-13,*1 GOBIND SAGAR(BHAKRA)              507.33        6.229        5.218 13-12-2018     84           72         71 676 1200 | 280.75  417.88        6.157
2018-12-20,Bhakra,1661.91,,,,False,CWC Weekly Reservoir Storage Bulletin (20.12.2018cwcbull_1.pdf),https://cwc.gov.in/sites/default/files/20.12.2018cwcbull_1.pdf,2018-12-20,*1 GOBIND SAGAR(BHAKRA)              506.55        6.229        5.096 20-12-2018     82           70         68 676 1200 | 280.75  416.94        6.157
2018-12-27,Bhakra,1658.37,,,,False,CWC Weekly Reservoir Storage Bulletin (27.01.2018cwcbull_1.pdf),https://cwc.gov.in/sites/default/files/27.01.2018cwcbull_1.pdf,2018-12-27,*1 GOBIND SAGAR(BHAKRA)              505.47        6.229        4.933 27-12-2018     79           66         65 676 1200 | 280.75  415.95        6.157
2019-01-10,Bhakra,1651.38,,,,False,CWC Weekly Reservoir Storage Bulletin (10.01.2019cwcbull_1.pdf),https://cwc.gov.in/sites/default/files/10.01.2019cwcbull_1.pdf,2019-01-10,*1 GOBIND SAGAR(BHAKRA)              503.34        6.229        4.626 10-01-2019     74           60         59 676 1200 | 280.75  414.25        6.157
2019-01-17,Bhakra,1647.67,,,,False,CWC Weekly Reservoir Storage Bulletin (17.01.2019cwcbull_1.pdf),https://cwc.gov.in/sites/default/files/17.01.2019cwcbull_1.pdf,2019-01-17,*1 GOBIND SAGAR(BHAKRA)              502.21        6.229        4.466 17-01-2019     72           56         56 676 1200 | 280.75  413.34        6.157
2019-01-24,Bhakra,1679.99,,,,False,CWC Weekly Reservoir Storage Bulletin (cwcbull_1.pdf),https://cwc.gov.in/sites/default/files/cwcbull_1.pdf,2019-01-24,*1 GOBIND SAGAR(BHAKRA) 512.06                                  4.291 24-01-19          69        53         54 676 1200 | 275.55      1.711
2019-01-24,Pong,1389.99,,,,False,CWC Weekly Reservoir Storage Bulletin (cwcbull_1.pdf),https://cwc.gov.in/sites/default/files/cwcbull_1.pdf,2019-01-24,*2 PONG DAM                  423.67  352.45      0.132          3.508 24-01-19          57        40         43        - 360 | PUNJAB                           347.27      1.436
2019-01-24,Ranjit Sagar,1731.99,,,,False,CWC Weekly Reservoir Storage Bulletin (cwcbull_1.pdf),https://cwc.gov.in/sites/default/files/cwcbull_1.pdf,2019-01-24,*3 THEIN                     527.91  258.58      0.821          1.416 24-01-19          60        23         34 348 600 | RAJASTHAN                        142.47      0.471
2019-01-31,Bhakra,1638.85,,,,False,CWC Weekly Reservoir Storage Bulletin (31.01.2019cwcbull_1.pdf),https://cwc.gov.in/sites/default/files/31.01.2019cwcbull_1.pdf,2019-01-31,*1 GOBIND SAGAR(BHAKRA)              499.52        6.229        4.084 31-01-2019     66           50         51 676 1200 | 280.75  411.93        6.157
2019-02-07,Bhakra,1635.17,,,,False,CWC Weekly Reservoir Storage Bulletin (07.02.2019cwcbull_1.pdf),https://cwc.gov.in/sites/default/files/07.02.2019cwcbull_1.pdf,2019-02-07,*1 GOBIND SAGAR(BHAKRA)              498.40        6.229        3.939 07-02-2019     63           47         47 676 1200 | 280.75  411.04        6.157
2019-02-14,Bhakra,1633.76,,,,False,CWC Weekly Reservoir Storage Bulletin (14.02.2019cwcbull_1.pdf),https://cwc.gov.in/sites/default/files/14.02.2019cwcbull_1.pdf,2019-02-14,*1 GOBIND SAGAR(BHAKRA)              497.97        6.229        3.884 14-02-2019     62           44         44 676 1200 | 280.75  410.64        6.157
2019-02-21,Bhakra,1632.38,,,,False,CWC Weekly Reservoir Storage Bulletin (21.02.2019cwc_1.pdf),https://cwc.gov.in/sites/default/files/21.02.2019cwc_1.pdf,2019-02-21,*1 GOBIND SAGAR(BHAKRA)              497.55        6.229        3.830 21-02-2019     61           41         41 676 1200 | 280.75  410.17        6.157
2019-02-28,Bhakra,1631.07,,,,False,CWC Weekly Reservoir Storage Bulletin (28.02.2018cwcbull_1.pdf),https://cwc.gov.in/sites/default/files/28.02.2018cwcbull_1.pdf,2019-02-28,*1 GOBIND SAGAR(BHAKRA)              497.15        6.229        3.778 28-02-2019     61           37         38 676 1200 | 280.75  409.91        6.157
2019-03-07,Bhakra,1628.54,,,,False,CWC Weekly Reservoir Storage Bulletin (07.03.2019cwcbull_1.pdf),https://cwc.gov.in/sites/default/files/07.03.2019cwcbull_1.pdf,2019-03-07,*1 GOBIND SAGAR(BHAKRA)              496.38        6.229        3.678 07-03-2019     59           33         35 676 1200 | 280.75  409.41        6.157
2019-03-14,Bhakra,1624.74,,,,False,CWC Weekly Reservoir Storage Bulletin (14.03.2019cwcbull_1.pdf),https://cwc.gov.in/sites/default/files/14.03.2019cwcbull_1.pdf,2019-03-14,*1 GOBIND SAGAR(BHAKRA)              495.22        6.229        3.529 14-03-2019     57           30         32 676 1200 | 280.75  408.80        6.157
2019-03-20,Bhakra,1621.06,,,,False,CWC Weekly Reservoir Storage Bulletin (20.03.2019cwcbull_1.pdf),https://cwc.gov.in/sites/default/files/20.03.2019cwcbull_1.pdf,2019-03-20,*1 GOBIND SAGAR(BHAKRA)              494.10        6.229        3.384 20-03-2019     54           26         30 676 1200 | 280.75  408.22        6.157
2019-03-28,Bhakra,1616.63,,,,False,CWC Weekly Reservoir Storage Bulletin (28.03.2019cwcbull_1.pdf),https://cwc.gov.in/sites/default/files/28.03.2019cwcbull_1.pdf,2019-03-28,*1 GOBIND SAGAR(BHAKRA)              492.75        6.229        3.224 28-03-2019     52           23         27 676 1200 | 280.75  408.19        6.157
2019-04-04,Bhakra,1615.75,,,,False,CWC Weekly Reservoir Storage Bulletin (04.04.2019cwcbull_1.pdf),https://cwc.gov.in/sites/default/files/04.04.2019cwcbull_1.pdf,2019-04-04,*1 GOBIND SAGAR(BHAKRA)              492.48        6.229        3.193 04-04-2019     51           21         25 676 1200 | 280.75  408.52        6.157
2019-04-11,Bhakra,1617.55,,,,False,CWC Weekly Reservoir Storage Bulletin (11.04.2019cwcbull_1.pdf),https://cwc.gov.in/sites/default/files/11.04.2019cwcbull_1.pdf,2019-04-11,*1 GOBIND SAGAR(BHAKRA)              493.03        6.229        3.256 11-04-2019     52           19         25 676 1200 | 280.75  408.86        6.157
2019-04-18,Bhakra,1621.59,,,,False,CWC Weekly Reservoir Storage Bulletin (18.04.2019cwcbull_1.pdf),https://cwc.gov.in/sites/default/files/18.04.2019cwcbull_1.pdf,2019-04-18,*1 GOBIND SAGAR(BHAKRA)              494.26        6.229        3.404 18-04-2019     55           19         26 676 1200 | 280.75  409.15        6.157
2019-04-25,Bhakra,1624.11,,,,False,CWC Weekly Reservoir Storage Bulletin (25.04.2019cwcbull_1.pdf),https://cwc.gov.in/sites/default/files/25.04.2019cwcbull_1.pdf,2019-04-25,*1 GOBIND SAGAR(BHAKRA)              495.03        6.229        3.504 25-04-2019     56           18         25 676 1200 | 280.75  409.37        6.157
2019-05-02,Bhakra,1623.82,,,,False,CWC Weekly Reservoir Storage Bulletin (02.05.2019cwcbull_1.pdf),https://cwc.gov.in/sites/default/files/02.05.2019cwcbull_1.pdf,2019-05-02,*1 GOBIND SAGAR(BHAKRA)              494.94        6.229        3.493 02-05-2019     56           16         24 676 1200 | 280.75  408.97        6.157
2019-05-09,Bhakra,1621.65,,,,False,CWC Weekly Reservoir Storage Bulletin (09.05.2019cwcbull_1.pdf),https://cwc.gov.in/sites/default/files/09.05.2019cwcbull_1.pdf,2019-05-09,*1 GOBIND SAGAR(BHAKRA)              494.28        6.229        3.407 09-05-2019     55           13         22 676 1200 | 280.75  408.54        6.157
2019-05-16,Bhakra,1619.46,,,,False,CWC Weekly Reservoir Storage Bulletin (16.05.2019cwcbull_1.pdf),https://cwc.gov.in/sites/default/files/16.05.2019cwcbull_1.pdf,2019-05-16,*1 GOBIND SAGAR(BHAKRA)              493.61        6.229        3.323 16-05-2019     53           10         22 676 1200 | 280.75  408.09        6.157
2019-05-23,Bhakra,1614.99,,,,False,CWC Weekly Reservoir Storage Bulletin (23.05.2019cwcbull_1.pdf),https://cwc.gov.in/sites/default/files/23.05.2019cwcbull_1.pdf,2019-05-23,*1 GOBIND SAGAR(BHAKRA)              492.25        6.229        2.881 23-05-2019     46           7          22 676 1200 | 280.75  407.81        6.157
2019-05-30,Bhakra,1613.16,,,,False,CWC Weekly Reservoir Storage Bulletin (30.05.2019cwcbull.pdf),https://cwc.gov.in/sites/default/files/30.05.2019cwcbull.pdf,2019-05-30,*1 GOBIND SAGAR(BHAKRA)              491.69        6.229        2.819 30-05-2019     45           6          23 676 1200 | 280.75  407.21        6.157
2019-06-06,Bhakra,1611.98,,,,False,CWC Weekly Reservoir Storage Bulletin (06.06.2019cwcbull_1.pdf),https://cwc.gov.in/sites/default/files/06.06.2019cwcbull_1.pdf,2019-06-06,*1 GOBIND SAGAR(BHAKRA)              491.33        6.229        2.778 06-06-2019     45           6          23 676 1200 | 280.75  406.70        6.157
2019-06-13,Bhakra,1609.74,,,,False,CWC Weekly Reservoir Storage Bulletin (13.06.2019bullcwc_1.pdf),https://cwc.gov.in/sites/default/files/13.06.2019bullcwc_1.pdf,2019-06-13,*1 GOBIND SAGAR(BHAKRA)              490.65        6.229        2.703 12-06-2019     43           9          25 676 1200 | 280.75  406.34        6.157
2019-06-20,Bhakra,1606.36,,,,False,CWC Weekly Reservoir Storage Bulletin (20.06.2019cwcbull_1.pdf),https://cwc.gov.in/sites/default/files/20.06.2019cwcbull_1.pdf,2019-06-20,*1 GOBIND SAGAR(BHAKRA)              489.62        6.229        2.588 20-06-2019     42           10         25 676 1200 | 280.75  405.85        6.157
2019-06-25,Bhakra,1604.0,,,,False,bhakra water level to be reduced by 5 ft,https://www.tribuneindia.com/news/archive/bhakra-water-level-to-be-reduced-by-5-ft-820722,2019-08-22,"The level had been brought down by 20 feet from 1,624.18 to 1,604 feet by June 25"
2019-06-27,Bhakra,1604.36,,,,False,CWC Weekly Reservoir Storage Bulletin (27.06.2019cwcbull_1.pdf),https://cwc.gov.in/sites/default/files/27.06.2019cwcbull_1.pdf,2019-06-27,*1 GOBIND SAGAR(BHAKRA)              489.01        6.229        2.519 27-06-2019     40           6          25 676 1200 | 280.75  405.10        6.157
2019-07-04,Bhakra,1605.94,,,,False,CWC Weekly Reservoir Storage Bulletin (04.07.2019-cwc-bull_0.pdf),https://cwc.gov.in/sites/default/files/04.07.2019-cwc-bull_0.pdf,2019-07-04,*1 GOBIND SAGAR(BHAKRA)              489.49        6.229        2.573 04-07-2019     41           7          28 676 1200 | 280.75  404.39        6.157
2019-07-04,Bhakra,1605.94,,,,False,CWC Weekly Reservoir Storage Bulletin (04.07.2019-cwc-bull_1.pdf),https://cwc.gov.in/sites/default/files/04.07.2019-cwc-bull_1.pdf,2019-07-04,*1 GOBIND SAGAR(BHAKRA)              489.49        6.229        2.573 04-07-2019     41           7          28 676 1200 | 280.75  404.39        6.157
2019-07-25,Bhakra,1635.7,,,,False,CWC Weekly Reservoir Storage Bulletin (cwcbull25072019.pdf),https://cwc.gov.in/sites/default/files/cwcbull25072019.pdf,2019-07-25,*1 GOBIND SAGAR(BHAKRA)               498.56     6.229           3.663 25-07-2019     59           17         44 676 1200 | 280.75   406.38     6.157
2019-08-01,Bhakra,1650.2,,,,False,CWC Weekly Reservoir Storage Bulletin (01.08.2019-fb-pdf.pdf),https://cwc.gov.in/sites/default/files/01.08.2019-fb-pdf.pdf,2019-08-01,*1 GOBIND SAGAR(BHAKRA)               502.98     6.229           4.276 01-08-2019     69           28         52 676 1200 | 280.75   409.44     6.157
2019-08-08,Bhakra,1679.99,,,,False,CWC Weekly Reservoir Storage Bulletin (08.08.2019-cwc-bull.pdf),https://cwc.gov.in/sites/default/files/08.08.2019-cwc-bull.pdf,2019-08-08,*1 GOBIND SAGAR(BHAKRA) 512.06 506.55  6.229     4.794 08-08-2019     77        34      60 676 1200
2019-08-08,Pong,1389.99,,,,False,CWC Weekly Reservoir Storage Bulletin (08.08.2019-cwc-bull.pdf),https://cwc.gov.in/sites/default/files/08.08.2019-cwc-bull.pdf,2019-08-08,*2 PONG DAM             423.67 411.77  6.157     4.238 08-08-2019     69        34      52   - 360 | PUNJAB
2019-08-08,Ranjit Sagar,1731.99,,,,False,CWC Weekly Reservoir Storage Bulletin (08.08.2019-cwc-bull.pdf),https://cwc.gov.in/sites/default/files/08.08.2019-cwc-bull.pdf,2019-08-08,*3 THEIN                527.91 516.84  2.344     1.538 08-08-2019     66        50      55 348 600
2019-08-14,Bhakra,1679.99,,,,False,CWC Weekly Reservoir Storage Bulletin (14.08.2019-cwc-bull.pdf),https://cwc.gov.in/sites/default/files/14.08.2019-cwc-bull.pdf,2019-08-14,*1 GOBIND SAGAR(BHAKRA)  512.06   509.38  6.229     5.235 14-08-19        84        48       67 676 1200 | 423.67   414.18  6.157     3.679 14-08-19
2019-08-16,Bhakra,1673.0,,55000.0,6 AM,False,"reservoir to brim, bhakra water released",https://www.tribuneindia.com/news/archive/punjab/reservoir-to-brim-bhakra-water-released-818475,2019-08-17,"the reservoir water level rose rapidly and touched the 1,673-foot mark at 6 am; the total volume of water to be released downstream is 55,000 cusecs (combining 36,000 cusecs from turbines plus 19,000 cusecs from spillway)"
2019-08-21,Bhakra,1679.5,,41000.0,morning,False,bhakra water level to be reduced by 5 ft,https://www.tribuneindia.com/news/archive/bhakra-water-level-to-be-reduced-by-5-ft-820722,2019-08-22,"The water level this morning was 1,679.5 feet, which will be brought down to 1,675 feet; inflows reducing to 45,000 cusecs; the discharge from the spillway would be reduced from 41,000 cusecs to 18,500 cusecs"
2019-08-22,Bhakra,1679.99,,,,False,CWC Weekly Reservoir Storage Bulletin (22.08.2019-cwc-bull.pdf),https://cwc.gov.in/sites/default/files/22.08.2019-cwc-bull.pdf,2019-08-22,*1 GOBIND SAGAR(BHAKRA) 512.06 511.47  6.229     5.562 22-08-2019     89        58       74 676 1200
2019-08-22,Pong,1389.99,,,,False,CWC Weekly Reservoir Storage Bulletin (22.08.2019-cwc-bull.pdf),https://cwc.gov.in/sites/default/files/22.08.2019-cwc-bull.pdf,2019-08-22,*2 PONG DAM(BEAS)       423.67 420.37  6.157     4.994 22-08-2019     81        62       71   - 360 | PUNJAB
2019-08-22,Ranjit Sagar,1731.99,,,,False,CWC Weekly Reservoir Storage Bulletin (22.08.2019-cwc-bull.pdf),https://cwc.gov.in/sites/default/files/22.08.2019-cwc-bull.pdf,2019-08-22,*3 THEIN DAM            527.91 524.36  2.344     2.078 22-08-2019     89        69       67 348 600
2019-08-29,Bhakra,1679.99,,,,False,CWC Weekly Reservoir Storage Bulletin (29.08.2019-fb-bull.pdf),https://cwc.gov.in/sites/default/files/29.08.2019-fb-bull.pdf,2019-08-29,*1 GOBIND SAGAR(BHAKRA) 512.06 510.68  6.229     5.439 29-08-2019     87        65       78 676 1200
2019-08-29,Ranjit Sagar,1731.99,,,,False,CWC Weekly Reservoir Storage Bulletin (29.08.2019-fb-bull.pdf),https://cwc.gov.in/sites/default/files/29.08.2019-fb-bull.pdf,2019-08-29,*3 THEIN DAM            527.91 524.20  2.344     2.039 29-08-2019     87        75       69 348 600
2019-09-05,Bhakra,1679.99,,,,False,CWC Weekly Reservoir Storage Bulletin (05.09.2019-fb.pdf),https://cwc.gov.in/sites/default/files/05.09.2019-fb.pdf,2019-09-05,*1 GOBIND SAGAR(BHAKRA) 512.06 510.62  6.229     5.430 05-09-2019     87        70       82 676 1200
2019-09-05,Ranjit Sagar,1731.99,,,,False,CWC Weekly Reservoir Storage Bulletin (05.09.2019-fb.pdf),https://cwc.gov.in/sites/default/files/05.09.2019-fb.pdf,2019-09-05,*4 THEIN DAM            527.91 524.22  2.344     2.039 05-09-2019     87        77       71 348 600 | RAJASTHAN
2019-09-11,Pong,1388.47,,19500.0,18:00,False,"1388 फीट पहुंचा पौंग बांध का जलस्तर, छह गेट खोले, निचले इलाकों में बाढ़ का खतरा",https://www.amarujala.com/shimla/1388,2019-09-11 21:16 IST,पौंग का जलस्तर 1388.47 फीट तक पहुंचने के बाद होशियारपुर और कांगड़ा के निचले इलाकों को अलर्ट जारी किया गया है; छह गेट खोलकर 7422 क्यूसिक पानी छोड़ा है; 12061 क्यूसिक पानी छोड़ा जा रहा था; अब करीब 19500 क्यूसिक पानी पौंग बांध से बाहर छोड़ा जा रहा है
2019-09-12,Bhakra,1679.99,,,,False,CWC Weekly Reservoir Storage Bulletin (12.09.2019-fb-pdf.pdf),https://cwc.gov.in/sites/default/files/12.09.2019-fb-pdf.pdf,2019-09-12,*1 GOBIND SAGAR(BHAKRA) 512.06 510.55  6.229     5.418 12-09-2019     87        73       85 676 1200
2019-09-12,Ranjit Sagar,1731.99,,,,False,CWC Weekly Reservoir Storage Bulletin (12.09.2019-fb-pdf.pdf),https://cwc.gov.in/sites/default/files/12.09.2019-fb-pdf.pdf,2019-09-12,*4 THEIN DAM            527.91 524.04  2.344     2.039 12-09-2019     87        77       71 348 600 | RAJASTHAN
2019-09-19,Bhakra,1679.99,,,,False,CWC Weekly Reservoir Storage Bulletin (2019.09.19-full-bul.pdf),https://cwc.gov.in/sites/default/files/2019.09.19-full-bul.pdf,2019-09-19,*1 GOBIND SAGAR(BHAKRA) 512.06 510.78  6.229     5.455 19-09-2019     88        74       86 676 1200
2019-09-26,Bhakra,1679.99,,,,False,CWC Weekly Reservoir Storage Bulletin (26.09.2019-fb.pdf),https://cwc.gov.in/sites/default/files/26.09.2019-fb.pdf,2019-09-26,*1 GOBIND SAGAR(BHAKRA) 512.06 510.14  6.229     5.354 26-09-2019     86        81       86 676 1200
2019-10-03,Bhakra,1679.99,,,,False,CWC Weekly Reservoir Storage Bulletin (03.10.2019-fb-bulletin-pdf.pdf),https://cwc.gov.in/sites/default/files/03.10.2019-fb-bulletin-pdf.pdf,2019-10-03,*1 GOBIND SAGAR(BHAKRA) 512.06 510.36  6.229     5.389 03-10-2019     87        85       86 676 1200
2019-10-10,Bhakra,1679.99,,,,False,CWC Weekly Reservoir Storage Bulletin (10.10.2019-fb-pdf.pdf),https://cwc.gov.in/sites/default/files/10.10.2019-fb-pdf.pdf,2019-10-10,*1 GOBIND SAGAR(BHAKRA) 512.06 509.57  6.229     5.266 10-10-2019     85        83       84 676 1379
2019-10-17,Bhakra,1679.99,,,,False,CWC Weekly Reservoir Storage Bulletin (17.10.2019-fb-pdf.pdf),https://cwc.gov.in/sites/default/files/17.10.2019-fb-pdf.pdf,2019-10-17,*1 GOBIND SAGAR(BHAKRA) 512.06 508.90  6.229     5.160 17-10-2019     83        83       83 676 1379
2019-10-17,Pong,1389.99,,,,False,CWC Weekly Reservoir Storage Bulletin (17.10.2019-fb-pdf.pdf),https://cwc.gov.in/sites/default/files/17.10.2019-fb-pdf.pdf,2019-10-17,*2 PONG DAM(BEAS)       423.67 421.84  6.157     5.338 17-10-2019     87        95       81   0 396
2019-10-17,Ranjit Sagar,1731.99,,,,False,CWC Weekly Reservoir Storage Bulletin (17.10.2019-fb-pdf.pdf),https://cwc.gov.in/sites/default/files/17.10.2019-fb-pdf.pdf,2019-10-17,*4 THEIN DAM            527.91 523.17  2.344     1.999 17-10-2019     85        95       66 348 600 | RAJASTHAN
2019-10-24,Bhakra,1679.99,,,,False,CWC Weekly Reservoir Storage Bulletin (24.10.2019-full-bul.pdf),https://cwc.gov.in/sites/default/files/24.10.2019-full-bul.pdf,2019-10-24,*1 GOBIND SAGAR(BHAKRA) 512.06 508.41  6.229     5.085 24-10-19      82         87       84 676 1379
2019-10-24,Ranjit Sagar,1731.99,,,,False,CWC Weekly Reservoir Storage Bulletin (24.10.2019-full-bul.pdf),https://cwc.gov.in/sites/default/files/24.10.2019-full-bul.pdf,2019-10-24,*4 THEIN DAM            527.91 522.82  2.344     1.919 24-10-19      82         92       64 348 600
2019-10-31,Bhakra,1679.99,,,,False,CWC Weekly Reservoir Storage Bulletin (31.10.2019-full-bul.pdf),https://cwc.gov.in/sites/default/files/31.10.2019-full-bul.pdf,2019-10-31,*1 GOBIND SAGAR(BHAKRA) 512.06 507.51  6.229     4.944 31-10-19      79         87       83 676 1379
2019-10-31,Ranjit Sagar,1731.99,,,,False,CWC Weekly Reservoir Storage Bulletin (31.10.2019-full-bul.pdf),https://cwc.gov.in/sites/default/files/31.10.2019-full-bul.pdf,2019-10-31,*4 THEIN DAM            527.91 522.41  2.344     1.919 31-10-19      82         90       62 348 600
2019-11-07,Bhakra,1679.99,,,,False,CWC Weekly Reservoir Storage Bulletin (07.11.2019-fb-pdf.pdf),https://cwc.gov.in/sites/default/files/07.11.2019-fb-pdf.pdf,2019-11-07,*1 GOBIND SAGAR(BHAKRA) 512.06 506.34  6.229     4.762 07-11-2019     76        86       81 676 1379
2019-11-14,Bhakra,1679.99,,,,False,CWC Weekly Reservoir Storage Bulletin (14.11.2019-full-bul.pdf),https://cwc.gov.in/sites/default/files/14.11.2019-full-bul.pdf,2019-11-14,*1 GOBIND SAGAR(BHAKRA) 512.06 505.81  6.229     4.680 14-11-19      75         86       80 676 1379
2019-11-14,Ranjit Sagar,1731.99,,,,False,CWC Weekly Reservoir Storage Bulletin (14.11.2019-full-bul.pdf),https://cwc.gov.in/sites/default/files/14.11.2019-full-bul.pdf,2019-11-14,*4 THEIN DAM            527.91 521.42  2.344     1.841 14-11-19      79         84       59 348 600
2019-11-21,Bhakra,1679.99,,,,False,CWC Weekly Reservoir Storage Bulletin (21.11.2019-fbpdf.pdf),https://cwc.gov.in/sites/default/files/21.11.2019-fbpdf.pdf,2019-11-21,*1 GOBIND SAGAR(BHAKRA) 512.06 505.31  6.229     4.609 21-11-2019     74        86       80 676 1379
2019-11-21,Ranjit Sagar,1731.99,,,,False,CWC Weekly Reservoir Storage Bulletin (21.11.2019-fbpdf.pdf),https://cwc.gov.in/sites/default/files/21.11.2019-fbpdf.pdf,2019-11-21,*4 THEIN DAM            527.91 520.89  2.344     1.841 21-11-2019     79        80       57 348 600 | RAJASTHAN
2019-11-28,Bhakra,1679.99,,,,False,CWC Weekly Reservoir Storage Bulletin (28.11.2019-full-bul_2.pdf),https://cwc.gov.in/sites/default/files/28.11.2019-full-bul_2.pdf,2019-11-28,*1 GOBIND SAGAR(BHAKRA) 512.06 504.86  6.229     4.545 28-11-19      73         85       77 676 1379
2019-11-28,Ranjit Sagar,1731.99,,,,False,CWC Weekly Reservoir Storage Bulletin (28.11.2019-full-bul_2.pdf),https://cwc.gov.in/sites/default/files/28.11.2019-full-bul_2.pdf,2019-11-28,*4 THEIN DAM            527.91 520.29  2.344     1.760 28-11-19      75         79       56 348 600
2019-12-05,Bhakra,1679.99,,,,False,CWC Weekly Reservoir Storage Bulletin (05.12.2019-full-bulletin.pdf),https://cwc.gov.in/sites/default/files/05.12.2019-full-bulletin.pdf,2019-12-05,*1 GOBIND SAGAR(BHAKRA) 512.06 504.35  6.229     4.172 05-12-2019     67        85       76 676 1379
2019-12-05,Pong,1389.99,,,,False,CWC Weekly Reservoir Storage Bulletin (05.12.2019-full-bulletin.pdf),https://cwc.gov.in/sites/default/files/05.12.2019-full-bulletin.pdf,2019-12-05,*2 PONG DAM(BEAS)       423.67 418.70  6.157     4.625 05-12-2019     75        74       63   0 396
2019-12-05,Ranjit Sagar,1731.99,,,,False,CWC Weekly Reservoir Storage Bulletin (05.12.2019-full-bulletin.pdf),https://cwc.gov.in/sites/default/files/05.12.2019-full-bulletin.pdf,2019-12-05,*4 THEIN DAM            527.91 519.69  2.344     1.760 05-12-2019     75        75       54 348 600 | RAJASTHAN
2019-12-12,Bhakra,1679.99,,,,False,CWC Weekly Reservoir Storage Bulletin (12.12.2019-full-bul.pdf),https://cwc.gov.in/sites/default/files/12.12.2019-full-bul.pdf,2019-12-12,*1 GOBIND SAGAR(BHAKRA) 512.06 503.54  6.229     4.356 12-12-19      70         84       72 676 1379
2019-12-12,Pong,1389.99,,,,False,CWC Weekly Reservoir Storage Bulletin (12.12.2019-full-bul.pdf),https://cwc.gov.in/sites/default/files/12.12.2019-full-bul.pdf,2019-12-12,*2 PONG DAM(BEAS)       423.67 418.16  6.157     4.508 12-12-19      73         75       60       0 396
2019-12-12,Ranjit Sagar,1731.99,,,,False,CWC Weekly Reservoir Storage Bulletin (12.12.2019-full-bul.pdf),https://cwc.gov.in/sites/default/files/12.12.2019-full-bul.pdf,2019-12-12,*4 THEIN DAM            527.91 518.88  2.344     1.660 12-12-19      71         72       52 348 600
2019-12-19,Bhakra,1679.99,,,,False,CWC Weekly Reservoir Storage Bulletin (19.12.2019-ful-bul.pdf),https://cwc.gov.in/sites/default/files/19.12.2019-ful-bul.pdf,2019-12-19,*1 GOBIND SAGAR(BHAKRA) 512.06 502.88  6.229     4.261 19-12-19      68         82       69 676 1379
2019-12-19,Pong,1389.99,,,,False,CWC Weekly Reservoir Storage Bulletin (19.12.2019-ful-bul.pdf),https://cwc.gov.in/sites/default/files/19.12.2019-ful-bul.pdf,2019-12-19,*2 PONG DAM(BEAS)       423.67 418.12  6.157     4.499 19-12-19      73         72       56       0 396
2019-12-19,Ranjit Sagar,1731.99,,,,False,CWC Weekly Reservoir Storage Bulletin (19.12.2019-ful-bul.pdf),https://cwc.gov.in/sites/default/files/19.12.2019-ful-bul.pdf,2019-12-19,*4 THEIN DAM            527.91 518.57  2.344     1.660 19-12-19      71         68       50 348 600
2019-12-26,Bhakra,1679.99,,,,False,CWC Weekly Reservoir Storage Bulletin (26.12.2019-fb-pdf.pdf),https://cwc.gov.in/sites/default/files/26.12.2019-fb-pdf.pdf,2019-12-26,*1 GOBIND SAGAR(BHAKRA) 512.06 501.96  6.229     4.129 26-12-2019     66        80       66 676 1379
2019-12-26,Pong,1389.99,,,,False,CWC Weekly Reservoir Storage Bulletin (26.12.2019-fb-pdf.pdf),https://cwc.gov.in/sites/default/files/26.12.2019-fb-pdf.pdf,2019-12-26,*2 PONG DAM(BEAS)       423.67 417.77  6.157     4.421 26-12-2019     72        68       53   0 396
2019-12-26,Ranjit Sagar,1731.99,,,,False,CWC Weekly Reservoir Storage Bulletin (26.12.2019-fb-pdf.pdf),https://cwc.gov.in/sites/default/files/26.12.2019-fb-pdf.pdf,2019-12-26,*4 THEIN DAM            527.91 517.72  2.344     1.629 26-12-2019     69        66       47 348 600 | RAJASTHAN
2020-01-02,Bhakra,1679.99,,,,False,CWC Weekly Reservoir Storage Bulletin (02.01.2020-fb-pdf.pdf),https://cwc.gov.in/sites/default/files/02.01.2020-fb-pdf.pdf,2020-01-02,*1 GOBIND SAGAR(BHAKRA) 512.06 500.95  6.229     3.985 02-01-2020     64        77       63 676 1379
2020-01-02,Pong,1389.99,,,,False,CWC Weekly Reservoir Storage Bulletin (02.01.2020-fb-pdf.pdf),https://cwc.gov.in/sites/default/files/02.01.2020-fb-pdf.pdf,2020-01-02,*2 PONG DAM(BEAS)       423.67 417.25  6.157     4.311 02-01-2020     70        65       52   0 396
2020-01-02,Ranjit Sagar,1731.99,,,,False,CWC Weekly Reservoir Storage Bulletin (02.01.2020-fb-pdf.pdf),https://cwc.gov.in/sites/default/files/02.01.2020-fb-pdf.pdf,2020-01-02,*4 THEIN DAM            527.91 517.17  2.344     1.538 31-12-2019     66        64       45 348 600 | RAJASTHAN
2020-01-09,Pong,1389.99,,,,False,CWC Weekly Reservoir Storage Bulletin (09.01.2020-fb-pdf_0.pdf),https://cwc.gov.in/sites/default/files/09.01.2020-fb-pdf_0.pdf,2020-01-09,*2 PONG DAM(BEAS)        423.67  416.95       6.157     4.248 09-01-2020     69       62        49  0 396 | *3 KOL DAM
2020-01-09,Ranjit Sagar,1731.99,,,,False,CWC Weekly Reservoir Storage Bulletin (09.01.2020-fb-pdf_0.pdf),https://cwc.gov.in/sites/default/files/09.01.2020-fb-pdf_0.pdf,2020-01-09,*4 THEIN DAM             527.91  515.11       2.344     1.446 09-01-2020     62       62        42 348 600
2020-01-16,Pong,1389.99,,,,False,CWC Weekly Reservoir Storage Bulletin (16.01.2020-fb-pdf.pdf),https://cwc.gov.in/sites/default/files/16.01.2020-fb-pdf.pdf,2020-01-16,*2 PONG DAM(BEAS)        423.67  416.77       6.157     4.210 16-01-2020     68       59        45  0 396 | *3 KOL DAM
2020-01-16,Ranjit Sagar,1731.99,,,,False,CWC Weekly Reservoir Storage Bulletin (16.01.2020-fb-pdf.pdf),https://cwc.gov.in/sites/default/files/16.01.2020-fb-pdf.pdf,2020-01-16,*4 THEIN DAM             527.91  514.35       2.344     1.416 16-01-2020     60       60        40 348 600
2020-01-23,Bhakra,1679.99,,,,False,CWC Weekly Reservoir Storage Bulletin (23.01.2020-fb-pdf.pdf),https://cwc.gov.in/sites/default/files/23.01.2020-fb-pdf.pdf,2020-01-23,*1 GOBIND SAGAR(BHAKRA)  512.06  498.84       6.229     3.698 23-01-2020     59       69        55 676 1379
2020-01-23,Pong,1389.99,,,,False,CWC Weekly Reservoir Storage Bulletin (23.01.2020-fb-pdf.pdf),https://cwc.gov.in/sites/default/files/23.01.2020-fb-pdf.pdf,2020-01-23,*2 PONG DAM(BEAS)        423.67  416.53       6.157     4.161 23-01-2020     68       57        43  0 396
2020-01-30,Bhakra,1679.99,,,,False,CWC Weekly Reservoir Storage Bulletin (30.01.2020-fb-pdf.pdf),https://cwc.gov.in/sites/default/files/30.01.2020-fb-pdf.pdf,2020-01-30,*1 GOBIND SAGAR(BHAKRA)  512.06  497.67       6.229     3.550 30-01-2020     57       66        54 676 1379
2020-01-30,Pong,1389.99,,,,False,CWC Weekly Reservoir Storage Bulletin (30.01.2020-fb-pdf.pdf),https://cwc.gov.in/sites/default/files/30.01.2020-fb-pdf.pdf,2020-01-30,*2 PONG DAM(BEAS)        423.67  416.37       6.157     4.128 30-01-2020     67       55        41  0 396
2020-02-06,Bhakra,1679.99,,,,False,CWC Weekly Reservoir Storage Bulletin (06.02.2020-full-bull.pdf),https://cwc.gov.in/sites/default/files/06.02.2020-full-bull.pdf,2020-02-06,*1 GOBIND SAGAR(BHAKRA)  512.06  496.27       6.229     3.370 06-02-2020     54       63        49 676 1379
2020-02-06,Pong,1389.99,,,,False,CWC Weekly Reservoir Storage Bulletin (06.02.2020-full-bull.pdf),https://cwc.gov.in/sites/default/files/06.02.2020-full-bull.pdf,2020-02-06,*2 PONG DAM(BEAS)        423.67  416.17       6.157     4.086 06-02-2020     66       52        40  0 396
2020-02-13,Bhakra,1679.99,,,,False,CWC Weekly Reservoir Storage Bulletin (13.02.2020-fb-pdf_2.pdf),https://cwc.gov.in/sites/default/files/13.02.2020-fb-pdf_2.pdf,2020-02-13,*1 GOBIND SAGAR(BHAKRA)  512.06  494.41       6.229     3.133 13-02-2020     50       63        46 676 1379
2020-02-13,Pong,1389.99,,,,False,CWC Weekly Reservoir Storage Bulletin (13.02.2020-fb-pdf_2.pdf),https://cwc.gov.in/sites/default/files/13.02.2020-fb-pdf_2.pdf,2020-02-13,*2 PONG DAM(BEAS)        423.67  416.03       6.157     4.057 13-02-2020     66       51        37  0 396
2020-02-20,Bhakra,1666.7,,,,False,CWC Weekly Reservoir Storage Bulletin (20.02.2020-fb.pdf),https://cwc.gov.in/sites/default/files/20.02.2020-fb.pdf,2020-02-20,*1 GOBIND SAGAR(BHAKRA)           508.01   2.344     2.951 19-02-2020     47       62        46 676 1379 | 527.91
2020-02-27,Bhakra,1679.99,,,,False,CWC Weekly Reservoir Storage Bulletin (27.02.2020-fb-pdf.pdf),https://cwc.gov.in/sites/default/files/27.02.2020-fb-pdf.pdf,2020-02-27,*1 GOBIND SAGAR(BHAKRA)  512.06  490.95       6.229     2.736 27-02-2020     44       61        42 676 1379
2020-02-27,Pong,1389.99,,,,False,CWC Weekly Reservoir Storage Bulletin (27.02.2020-fb-pdf.pdf),https://cwc.gov.in/sites/default/files/27.02.2020-fb-pdf.pdf,2020-02-27,*2 PONG DAM(BEAS)        423.67  415.03       6.157     3.849 27-02-2020     63       49        34  0 396
2020-03-05,Bhakra,1654.89,,,,False,CWC Weekly Reservoir Storage Bulletin (05.03.2020-fb-pdf.pdf),https://cwc.gov.in/sites/default/files/05.03.2020-fb-pdf.pdf,2020-03-05,*1 GOBIND SAGAR(BHAKRA)           504.41   2.344     2.583 05-03-2020     41       59        41 676 1379 | 527.91
2020-03-12,Bhakra,1679.99,,,,False,CWC Weekly Reservoir Storage Bulletin (12.03.2020-fb-pdf.pdf),https://cwc.gov.in/sites/default/files/12.03.2020-fb-pdf.pdf,2020-03-12,*1 GOBIND SAGAR(BHAKRA)  512.06  488.76       6.229     2.491 12-03-2020     40       57        35 676 1379
2020-03-19,Bhakra,1679.99,,,,False,CWC Weekly Reservoir Storage Bulletin (19.03.2020-fb-pdf.pdf),https://cwc.gov.in/sites/default/files/19.03.2020-fb-pdf.pdf,2020-03-19,*1 GOBIND SAGAR(BHAKRA)  512.06  488.90       6.229     2.507 19-03-2020     40       55        33 676 1379
2020-03-19,Pong,1389.99,,,,False,CWC Weekly Reservoir Storage Bulletin (19.03.2020-fb-pdf.pdf),https://cwc.gov.in/sites/default/files/19.03.2020-fb-pdf.pdf,2020-03-19,*2 PONG DAM(BEAS)        423.67  414.35       6.157     3.835 19-03-2020     62       44        28  0 396
2020-03-26,Bhakra,1679.99,,,,False,CWC Weekly Reservoir Storage Bulletin (26.03.2020-fb-pdf.pdf),https://cwc.gov.in/sites/default/files/26.03.2020-fb-pdf.pdf,2020-03-26,*1 GOBIND SAGAR(BHAKRA) 512.06 488.02  6.229     2.409 26-03-2020     39       52       32 676 1379
2020-03-26,Pong,1389.99,,,,False,CWC Weekly Reservoir Storage Bulletin (26.03.2020-fb-pdf.pdf),https://cwc.gov.in/sites/default/files/26.03.2020-fb-pdf.pdf,2020-03-26,*2 PONG DAM(BEAS)      423.67 413.96   6.157     3.637 26-03-2020     59       44       27   0 396
2020-04-02,Bhakra,1679.99,,,,False,CWC Weekly Reservoir Storage Bulletin (02.04.2020.fb-pdf.pdf),https://cwc.gov.in/sites/default/files/02.04.2020.fb-pdf.pdf,2020-04-02,*1 GOBIND SAGAR(BHAKRA) 512.06 487.34  6.229     2.338 02-04-2020     38       51       29 676 1379
2020-04-02,Pong,1389.99,,,,False,CWC Weekly Reservoir Storage Bulletin (02.04.2020.fb-pdf.pdf),https://cwc.gov.in/sites/default/files/02.04.2020.fb-pdf.pdf,2020-04-02,*2 PONG DAM(BEAS)      423.67 414.39   6.157     3.719 02-04-2020     60       44       26   0 396
2020-04-09,Bhakra,1679.99,,,,False,CWC Weekly Reservoir Storage Bulletin (09.04.2020-fb-pdf.pdf),https://cwc.gov.in/sites/default/files/09.04.2020-fb-pdf.pdf,2020-04-09,*1 GOBIND SAGAR(BHAKRA) 512.06 486.44  6.229     2.253 09-04-2020     36       52       28 676 1379
2020-04-09,Pong,1389.99,,,,False,CWC Weekly Reservoir Storage Bulletin (09.04.2020-fb-pdf.pdf),https://cwc.gov.in/sites/default/files/09.04.2020-fb-pdf.pdf,2020-04-09,*2 PONG DAM(BEAS)      423.67 414.49   6.157     3.738 09-04-2020     61       45       27   0 396
2020-04-16,Bhakra,1679.99,,,,False,CWC Weekly Reservoir Storage Bulletin (16.04.2020-fb.pdf.pdf),https://cwc.gov.in/sites/default/files/16.04.2020-fb.pdf.pdf,2020-04-16,*1 GOBIND SAGAR(BHAKRA) 512.06 485.64  6.229     2.178 16-04-2020     35       54       28 676 1379
2020-04-16,Pong,1389.99,,,,False,CWC Weekly Reservoir Storage Bulletin (16.04.2020-fb.pdf.pdf),https://cwc.gov.in/sites/default/files/16.04.2020-fb.pdf.pdf,2020-04-16,*2 PONG DAM(BEAS)      423.67 414.58   6.157     3.755 16-04-2020     61       46       27   0 396
2020-04-23,Bhakra,1679.99,,,,False,CWC Weekly Reservoir Storage Bulletin (revised-23.04.2020-fb-pdf.pdf),https://cwc.gov.in/sites/default/files/revised-23.04.2020-fb-pdf.pdf,2020-04-23,*1 GOBIND SAGAR(BHAKRA) 512.06 485.14  6.229     2.131 23-04-2020     34       56       29 676 1379
2020-04-23,Pong,1389.99,,,,False,CWC Weekly Reservoir Storage Bulletin (revised-23.04.2020-fb-pdf.pdf),https://cwc.gov.in/sites/default/files/revised-23.04.2020-fb-pdf.pdf,2020-04-23,*2 PONG DAM(BEAS)      423.67 414.33   6.157     3.706 23-04-2020     60       47       27   0 396
2020-04-30,Bhakra,1679.99,,,,False,CWC Weekly Reservoir Storage Bulletin (30.04.2020-fb-pdfn.pdf),https://cwc.gov.in/sites/default/files/30.04.2020-fb-pdfn.pdf,2020-04-30,*1 GOBIND SAGAR(BHAKRA) 512.06 484.34  6.229     2.055 30-04-2020     33       56       30 676 1379
2020-04-30,Pong,1389.99,,,,False,CWC Weekly Reservoir Storage Bulletin (30.04.2020-fb-pdfn.pdf),https://cwc.gov.in/sites/default/files/30.04.2020-fb-pdfn.pdf,2020-04-30,*2 PONG DAM(BEAS)      423.67 413.71   6.157     3.589 30-04-2020     58       46       29   0 396
2020-05-06,Bhakra,1679.99,,,,False,CWC Weekly Reservoir Storage Bulletin (06.05.2020-fb-pdfn.pdf),https://cwc.gov.in/sites/default/files/06.05.2020-fb-pdfn.pdf,2020-05-06,*1 GOBIND SAGAR(BHAKRA) 512.06 483.40  6.229     1.966 06-05-2020     32       55       28 676 1379
2020-05-06,Pong,1389.99,,,,False,CWC Weekly Reservoir Storage Bulletin (06.05.2020-fb-pdfn.pdf),https://cwc.gov.in/sites/default/files/06.05.2020-fb-pdfn.pdf,2020-05-06,*2 PONG DAM(BEAS)      423.67 413.10   6.157     3.472 06-05-2020     56       45       27   0 396
2020-05-13,Bhakra,,19548.0,35000.0,,False,water storage down to 10 bhakra can meet only 30 demand for irrigation,https://www.tribuneindia.com/news/punjab/water-storage-down-to-10-bhakra-can-meet-only-30-demand-for-irrigation-252854,2021-05-15,"compared to 19,548 cusecs in 2019-20, while the outflow was...35,000 cusecs in 2019-20"
2020-05-13,Pong,,5266.0,15005.0,,False,water storage down to 10 bhakra can meet only 30 demand for irrigation,https://www.tribuneindia.com/news/punjab/water-storage-down-to-10-bhakra-can-meet-only-30-demand-for-irrigation-252854,2021-05-15,"5,266 in 2020-19, while the outflow was...15,005 in 2020-19"
2020-05-14,Bhakra,1679.99,,,,False,CWC Weekly Reservoir Storage Bulletin (14.05.2020-fb-pdf.pdf),https://cwc.gov.in/sites/default/files/14.05.2020-fb-pdf.pdf,2020-05-14,*1 GOBIND SAGAR(BHAKRA) 512.06  511.60   2.344     1.817 14-05-2020     29       54       27 676 1379
2020-05-14,Pong,1389.99,,,,False,CWC Weekly Reservoir Storage Bulletin (14.05.2020-fb-pdf.pdf),https://cwc.gov.in/sites/default/files/14.05.2020-fb-pdf.pdf,2020-05-14,*2 PONG DAM(BEAS)     423.67    270.40   1.711     3.283 14-05-2020     53       44       27   0 396 | 346.65   0.132
2020-05-21,Bhakra,1679.99,,,,False,CWC Weekly Reservoir Storage Bulletin (21.05.2020-full-bull.pdf),https://cwc.gov.in/sites/default/files/21.05.2020-full-bull.pdf,2020-05-21,*1 GOBIND SAGAR(BHAKRA)  512.06  476.65       6.229     1.419 21-05-2020     23       47        25 676 1379
2020-05-21,Pong,1389.99,,,,False,CWC Weekly Reservoir Storage Bulletin (21.05.2020-full-bull.pdf),https://cwc.gov.in/sites/default/files/21.05.2020-full-bull.pdf,2020-05-21,*2 PONG DAM(BEAS)        423.67  411.14       6.157     3.103 21-05-2020     50       41        26  0 396
2020-05-28,Bhakra,1679.99,,,,False,CWC Weekly Reservoir Storage Bulletin (28.05.2020-fb-pdf.pdf),https://cwc.gov.in/sites/default/files/28.05.2020-fb-pdf.pdf,2020-05-28,*1 GOBIND SAGAR(BHAKRA)  512.06  475.84       6.229     1.354 28-05-2020     22       46        26 676 1379
2020-05-28,Bhakra,1561.16,,,,False,Bhakra water level plummets to 8 per cent power generation cut by 20 per cent,https://www.tribuneindia.com/news/nation/bhakra-water-level-plummets-to-8-per-cent-power-generation-cut-by-20-per-cent-259862,2021-05-28,1561.16 feet on the same day last year
2020-05-28,Pong,1389.99,,,,False,CWC Weekly Reservoir Storage Bulletin (28.05.2020-fb-pdf.pdf),https://cwc.gov.in/sites/default/files/28.05.2020-fb-pdf.pdf,2020-05-28,*2 PONG DAM(BEAS)        423.67  410.13       6.157     2.926 28-05-2020     48       40        25  0 396
2020-05-28,Pong,1345.58,,,,False,Bhakra water level plummets to 8 per cent power generation cut by 20 per cent,https://www.tribuneindia.com/news/nation/bhakra-water-level-plummets-to-8-per-cent-power-generation-cut-by-20-per-cent-259862,2021-05-28,"level recorded was 1,298.57 feet against 1,345.58 feet last year"
2020-05-28,Ranjit Sagar,1679.88,,,,False,Bhakra water level plummets to 8 per cent power generation cut by 20 per cent,https://www.tribuneindia.com/news/nation/bhakra-water-level-plummets-to-8-per-cent-power-generation-cut-by-20-per-cent-259862,2021-05-28,"level was 1,652.65 feet. Last year it was 1,679.88 feet"
2020-06-04,Bhakra,1679.99,,,,False,CWC Weekly Reservoir Storage Bulletin (04.06.2020-fb-pdf.pdf),https://cwc.gov.in/sites/default/files/04.06.2020-fb-pdf.pdf,2020-06-04,*1 GOBIND SAGAR(BHAKRA)  512.06  475.85       6.229     1.359 04-06-2020     22       45        27 676 1379
2020-06-04,Pong,1389.99,,,,False,CWC Weekly Reservoir Storage Bulletin (04.06.2020-fb-pdf.pdf),https://cwc.gov.in/sites/default/files/04.06.2020-fb-pdf.pdf,2020-06-04,*2 PONG DAM(BEAS)        423.67  409.22       6.157     2.764 04-06-2020     45       38        24  0 396
2020-06-11,Pong,1389.99,,,,False,CWC Weekly Reservoir Storage Bulletin (11.06.2020-full-bull.pdf),https://cwc.gov.in/sites/default/files/11.06.2020-full-bull.pdf,2020-06-11,*2 PONG DAM(BEAS)        423.67  408.29       6.157     2.603 11-06-2020     42       37        24  0 396
2020-06-18,Bhakra,1679.99,,,,False,CWC Weekly Reservoir Storage Bulletin (18.06.2020-fb-pdf.pdf),https://cwc.gov.in/sites/default/files/18.06.2020-fb-pdf.pdf,2020-06-18,*1 GOBIND SAGAR(BHAKRA)  512.06  477.47       6.229     1.482 18-06-2020     24       42        27 676 1379
2020-06-18,Pong,1389.99,,,,False,CWC Weekly Reservoir Storage Bulletin (18.06.2020-fb-pdf.pdf),https://cwc.gov.in/sites/default/files/18.06.2020-fb-pdf.pdf,2020-06-18,*2 PONG DAM(BEAS)        423.67  407.42       6.157     2.456 18-06-2020     40       36        23  0 396
2020-06-25,Bhakra,1679.99,,,,False,CWC Weekly Reservoir Storage Bulletin (25.06.2020-fb-pdf.pdf),https://cwc.gov.in/sites/default/files/25.06.2020-fb-pdf.pdf,2020-06-25,*1 GOBIND SAGAR(BHAKRA) 512.06 479.63  6.229  1.647 25-06-2020      26         40       29 676 1379
2020-07-02,Bhakra,1679.99,,,,False,CWC Weekly Reservoir Storage Bulletin (02.07.2020-fb-pdf.pdf),https://cwc.gov.in/sites/default/files/02.07.2020-fb-pdf.pdf,2020-07-02,*1 GOBIND SAGAR(BHAKRA) 512.06 482.64  6.229  1.895 02-07-2020      30         41       32 676 1379
2020-07-09,Bhakra,1679.99,,,,False,CWC Weekly Reservoir Storage Bulletin (09.07.2020-fb-pdf.pdf),https://cwc.gov.in/sites/default/files/09.07.2020-fb-pdf.pdf,2020-07-09,*1 GOBIND SAGAR(BHAKRA) 512.06 484.69  6.229  2.088 09-07-2020      34         45       36 676 1379
2020-07-16,Bhakra,1679.99,,,,False,CWC Weekly Reservoir Storage Bulletin (16.07.2020-full-bull.pdf),https://cwc.gov.in/sites/default/files/16.07.2020-full-bull.pdf,2020-07-16,*1 GOBIND SAGAR(BHAKRA)  512.06  487.59       6.229     2.362 16-07-2020     38       52        41 676 1379
2020-07-23,Bhakra,1679.99,,,,False,CWC Weekly Reservoir Storage Bulletin (23.07.2020-fb-pdf.pdf),https://cwc.gov.in/sites/default/files/23.07.2020-fb-pdf.pdf,2020-07-23,*1 GOBIND SAGAR(BHAKRA)  512.06  490.80       6.229     2.719 23-07-2020     44       57        44 676 1379
2020-07-30,Bhakra,1679.99,,,,False,CWC Weekly Reservoir Storage Bulletin (30.07.2020-fb-pdf.pdf),https://cwc.gov.in/sites/default/files/30.07.2020-fb-pdf.pdf,2020-07-30,*1 GOBIND SAGAR(BHAKRA)  512.06  492.92       6.229     2.956 30-07-2020     47      65         52 676 1379
2020-08-06,Bhakra,1679.99,,,,False,CWC Weekly Reservoir Storage Bulletin (06082020-fb-pdf_1.pdf),https://cwc.gov.in/sites/default/files/06082020-fb-pdf_1.pdf,2020-08-06,*1 GOBIND SAGAR(BHAKRA) 512.06  508.99  2.344     3.249 06-08-2020     52       75       61 676 1379
2020-08-13,Bhakra,1679.99,,,,False,CWC Weekly Reservoir Storage Bulletin (13082020-fb-pdf.pdf),https://cwc.gov.in/sites/default/files/13082020-fb-pdf.pdf,2020-08-13,*1 GOBIND SAGAR(BHAKRA) 512.06 498.44  6.229  3.648 13-08-2020      59         83       69 676 1379
2020-08-20,Bhakra,1679.99,,,,False,CWC Weekly Reservoir Storage Bulletin (20082020-full-bul.pdf),https://cwc.gov.in/sites/default/files/20082020-full-bul.pdf,2020-08-20,*1 GOBIND SAGAR(BHAKRA)  512.06  501.44       6.229     4.055  19-08-2020     65       91        76 676 1379 | 423.67  412.79       6.157     3.414  17-08-2020
2020-08-27,Bhakra,1679.99,,,,False,CWC Weekly Reservoir Storage Bulletin (27082020-full-bul.pdf),https://cwc.gov.in/sites/default/files/27082020-full-bul.pdf,2020-08-27,*1 GOBIND SAGAR(BHAKRA)  512.06  503.76       6.229     4.388 27-08-2020     70       87        81 676 1379 | 423.67  416.75       6.157
2020-09-01,Pong,1395.17,74960.0,59895.0,morning,False,Water level in Pong Dam rises over 5 feet above danger mark as rains lash Himachal,https://www.tribuneindia.com/news/himachal/water-level-in-pong-dam-rises-over-5-feet-above-danger-mark-as-rains-lash-himachal/,2020-09,"The water level at Pong Dam recorded on Wednesday morning was 1,395.17 feet against the stipulated upper limit of 1,390 feet. The inflow into the dam's reservoir was 74,960 cusecs, while the outflow was 59,895 cusecs."
2020-09-03,Bhakra,1679.99,,,,False,CWC Weekly Reservoir Storage Bulletin (03092020-full-bul.pdf),https://cwc.gov.in/sites/default/files/03092020-full-bul.pdf,2020-09-03,*1 GOBIND SAGAR(BHAKRA)  512.06   505.40     6.229     4.622 02-09-2020     74       88        84 676 1379 | 423.67   418.98     6.157
2020-09-10,Bhakra,1679.99,,,,False,CWC Weekly Reservoir Storage Bulletin (10092020-full-bul.pdf),https://cwc.gov.in/sites/default/files/10092020-full-bul.pdf,2020-09-10,*1 GOBIND SAGAR(BHAKRA)  512.06   506.73       6.229     4.822 08-09-2020     77       87        86 676 1379 | 423.67   419.58       6.157
2020-09-17,Bhakra,1679.99,,,,False,CWC Weekly Reservoir Storage Bulletin (17092020-full-bul.pdf),https://cwc.gov.in/sites/default/files/17092020-full-bul.pdf,2020-09-17,*1 GOBIND SAGAR(BHAKRA)  512.06   506.36     6.229     4.764 17-09-2020     76       88        88 676 1379 | 423.67   419.26     6.157
2020-09-24,Bhakra,1679.99,,,,False,CWC Weekly Reservoir Storage Bulletin (24092020-fb-pdf.pdf),https://cwc.gov.in/sites/default/files/24092020-fb-pdf.pdf,2020-09-24,*1 GOBIND SAGAR(BHAKRA)  512.06   505.45     6.229     4.629 24-09-2020     74       86        88 676 1379 | 423.67   418.75     6.157
2020-10-01,Bhakra,1679.99,,,,False,CWC Weekly Reservoir Storage Bulletin (01102020-fb-pdf.pdf),https://cwc.gov.in/sites/default/files/01102020-fb-pdf.pdf,2020-10-01,*1 GOBIND SAGAR(BHAKRA)  512.06   504.18     6.229     4.445 01-10-2020     71       86        88 676 1379 | 423.67   418.27     6.157
2021-01-07,Pong,1389.99,,,,False,CWC Weekly Reservoir Storage Bulletin (07012021-full-bul.pdf),https://cwc.gov.in/sites/default/files/07012021-full-bul.pdf,2021-01-07,*2 PONG DAM(BEAS)        423.67 409.12   6.157     2.748 07-01-2021      45       69       54       0 396
2021-01-14,Pong,1389.99,,,,False,CWC Weekly Reservoir Storage Bulletin (14012021-full-bul.pdf),https://cwc.gov.in/sites/default/files/14012021-full-bul.pdf,2021-01-14,*2 PONG DAM(BEAS)        423.67 408.34   6.157     2.731 14-01-2021      44       68       51       0 396
2021-05-13,Bhakra,,15661.0,17459.0,,False,water storage down to 10 bhakra can meet only 30 demand for irrigation,https://www.tribuneindia.com/news/punjab/water-storage-down-to-10-bhakra-can-meet-only-30-demand-for-irrigation-252854,2021-05-15,"The storage available at Bhakra on May 13 was 0.649 billion cubic meters (BCM); The inflow at Bhakra in 2020-21 was 15,661 cusecs; the outflow was 17,459 cusecs in 2020-21"
2021-05-13,Pong,,3565.0,4409.0,,False,water storage down to 10 bhakra can meet only 30 demand for irrigation,https://www.tribuneindia.com/news/punjab/water-storage-down-to-10-bhakra-can-meet-only-30-demand-for-irrigation-252854,2021-05-15,"At Pong, the inflow was 3,565 cusecs in 2020-2021...while the outflow was 4,409 cusecs in 2020-21"
2021-05-28,Bhakra,1505.3,,,,False,Bhakra water level plummets to 8 per cent power generation cut by 20 per cent,https://www.tribuneindia.com/news/nation/bhakra-water-level-plummets-to-8-per-cent-power-generation-cut-by-20-per-cent-259862,2021-05-28,"the water level recorded in the reservoir at Bhakra Dam that lies on the Sutlej river, was 1,505.30 feet"
2021-05-28,Pong,1298.57,,,,False,Bhakra water level plummets to 8 per cent power generation cut by 20 per cent,https://www.tribuneindia.com/news/nation/bhakra-water-level-plummets-to-8-per-cent-power-generation-cut-by-20-per-cent-259862,2021-05-28,"level recorded was 1,298.57 feet against 1,345.58 feet last year"
2021-05-28,Ranjit Sagar,1652.65,,,,False,Bhakra water level plummets to 8 per cent power generation cut by 20 per cent,https://www.tribuneindia.com/news/nation/bhakra-water-level-plummets-to-8-per-cent-power-generation-cut-by-20-per-cent-259862,2021-05-28,"level was 1,652.65 feet. Last year it was 1,679.88 feet"
2021-08-19,Bhakra,,90000.0,54000.0,,False,Bhakra water level flood update,https://x.com/mediagagan/status/1963505485874855964,2021-08-19,"The inflow into the dam was between 80,000 to 100,000 cusecs, while the total outflow had been restricted to about 54,000 cusecs."
2021-08-21,Bhakra,1679.5,,,,False,"Bhakra reservoir full, more discharge on way",https://www.tribuneindia.com/news/archive/punjab/bhakra-reservoir-full-more-discharge-on-way-819834,2021-08-21,"The water level was 1,679.5 feet, which would be brought down to 1,675 feet."
2021-08-25,Bhakra,1676.1,,8300.0,,False,"Bhakra outflow cut to 8,300 cusecs",https://www.tribuneindia.com/news/archive/bhakra-outflow-cut-to-8-300-cusecs-822849,2021-08-25,"the discharge from about 19,000 cusecs to 8,300 cusecs. The water level recorded in the reservoir at Bhakra was 1,676.1 feet, about four feet below the permissible limit of 1,680 feet."
2021-10-07,Bhakra,1679.99,,,,False,CWC Weekly Reservoir Storage Bulletin (07102021-fbpdf.pdf),https://cwc.gov.in/sites/default/files/07102021-fbpdf.pdf,2021-10-07,*1 GOBIND SAGAR(BHAKRA)  512.06   502.98  6.229     4.280 07-10-2021     69       70       85 676 1379
2021-10-14,Bhakra,1679.99,,,,False,CWC Weekly Reservoir Storage Bulletin (14102021-bulletin.pdf),https://cwc.gov.in/sites/default/files/14102021-bulletin.pdf,2021-10-14,*1 GOBIND SAGAR(BHAKRA)  512.06   502.59  6.229     4.220 14-10-2021     68       65       83 676 1379
2021-10-21,Bhakra,1679.99,,,,False,CWC Weekly Reservoir Storage Bulletin (21102021-fb-pdf.pdf),https://cwc.gov.in/sites/default/files/21102021-fb-pdf.pdf,2021-10-21,*1 GOBIND SAGAR(BHAKRA)  512.06   501.97  6.229     4.130  21-10-2021     66       63       82 676 1379 | 423.67   411.95  6.157     3.250  21-10-2021
2021-10-28,Bhakra,1679.99,,,,False,CWC Weekly Reservoir Storage Bulletin (28102021-fb-pdf.pdf),https://cwc.gov.in/sites/default/files/28102021-fb-pdf.pdf,2021-10-28,*1 GOBIND SAGAR(BHAKRA)   512.06   501.52     6.229     4.070 28-10-2021      65       61        81 676 1379 | 423.67   411.81     6.157
2021-12-23,Bhakra,1679.99,,,,False,CWC Weekly Reservoir Storage Bulletin (23122021-bulletin.pdf),https://cwc.gov.in/sites/default/files/23122021-bulletin.pdf,2021-12-23,*1 GOBIND SAGAR(BHAKRA)   512.06  493.62       6.229     3.325 23-12-2021      53      47         66 676 1379
2021-12-30,Pong,1389.99,,,,False,CWC Weekly Reservoir Storage Bulletin (30122021-bulletin-copy.pdf),https://cwc.gov.in/sites/default/files/30122021-bulletin-copy.pdf,2021-12-30,*2 PONG DAM(BEAS)         423.67  408.28       6.157     2.601 30-12-2021      42      47         52  0 396
2022-01-13,Pong,1389.99,,,,False,CWC Weekly Reservoir Storage Bulletin (13012022-bulletin.pdf),https://cwc.gov.in/sites/default/files/13012022-bulletin.pdf,2022-01-13,*2 PONG DAM(BEAS)         423.67  408.10       6.157     2.678 13-01-2022      43      44         48  0 396
2022-01-20,Bhakra,1679.99,,,,False,CWC Weekly Reservoir Storage Bulletin (20012022-bulletin.pdf),https://cwc.gov.in/sites/default/files/20012022-bulletin.pdf,2022-01-20,*1 GOBIND SAGAR(BHAKRA)   512.06  490.39       6.229     3.211 20-01-2022      52      37         55 676 1379
2022-01-20,Pong,1389.99,,,,False,CWC Weekly Reservoir Storage Bulletin (20012022-bulletin.pdf),https://cwc.gov.in/sites/default/files/20012022-bulletin.pdf,2022-01-20,*2 PONG DAM(BEAS)         423.67  408.16       6.157     2.917 20-01-2022      47      40         47  0 396
2022-01-27,Pong,1389.99,,,,False,CWC Weekly Reservoir Storage Bulletin (27012022-bulletin.pdf),https://cwc.gov.in/sites/default/files/27012022-bulletin.pdf,2022-01-27,*2 PONG DAM(BEAS)         423.67  408.45       6.157     2.629 27-01-2022     43       38        43  0 396
2022-02-03,Bhakra,1679.99,,,,False,CWC Weekly Reservoir Storage Bulletin (03022022-bulletin.pdf),https://cwc.gov.in/sites/default/files/03022022-bulletin.pdf,2022-02-03,*1 GOBIND SAGAR(BHAKRA)   512.06  489.41       6.229     2.563 03-02-2022     41       33        49 676 1379
2022-02-03,Pong,1389.99,,,,False,CWC Weekly Reservoir Storage Bulletin (03022022-bulletin.pdf),https://cwc.gov.in/sites/default/files/03022022-bulletin.pdf,2022-02-03,*2 PONG DAM(BEAS)         423.67  408.40       6.157     2.620 03-02-2022     43       37        42  0 396
2022-02-10,Bhakra,1679.99,,,,False,CWC Weekly Reservoir Storage Bulletin (10022022-fbpdf.pdf),https://cwc.gov.in/sites/default/files/10022022-fbpdf.pdf,2022-02-10,*1 GOBIND SAGAR(BHAKRA)   512.06  488.80       6.229     2.496 10-02-2022     40       31        47 676 1379
2022-02-10,Pong,1389.99,,,,False,CWC Weekly Reservoir Storage Bulletin (10022022-fbpdf.pdf),https://cwc.gov.in/sites/default/files/10022022-fbpdf.pdf,2022-02-10,*2 PONG DAM(BEAS)         423.67  408.07       6.157     2.566 10-02-2022     42       33        37  0 396
2022-02-17,Bhakra,1679.99,,,,False,CWC Weekly Reservoir Storage Bulletin (17.02.2022-bulletin-pdf.pdf),https://cwc.gov.in/sites/default/files/17.02.2022-bulletin-pdf.pdf,2022-02-17,*1 GOBIND SAGAR(BHAKRA)   512.06  487.73       6.229     2.376 17-02-2022     38       28        43 676 1379
2022-02-17,Pong,1389.99,,,,False,CWC Weekly Reservoir Storage Bulletin (17.02.2022-bulletin-pdf.pdf),https://cwc.gov.in/sites/default/files/17.02.2022-bulletin-pdf.pdf,2022-02-17,*2 PONG DAM(BEAS)         423.67  407.23       6.157     2.424 17-02-2022     39       30        37  0 396
2022-02-24,Bhakra,1679.99,,,,False,CWC Weekly Reservoir Storage Bulletin (24022022-fbpdf.pdf),https://cwc.gov.in/sites/default/files/24022022-fbpdf.pdf,2022-02-24,*1 GOBIND SAGAR(BHAKRA)   512.06  486.49       6.229     2.259 23-02-2022     36       26        43 676 1379
2022-02-24,Pong,1389.99,,,,False,CWC Weekly Reservoir Storage Bulletin (24022022-fbpdf.pdf),https://cwc.gov.in/sites/default/files/24022022-fbpdf.pdf,2022-02-24,*2 PONG DAM(BEAS)         423.67  406.35       6.157     2.276 23-02-2022     37       26        36  0 396
2022-03-17,Bhakra,1679.99,,,,False,CWC Weekly Reservoir Storage Bulletin (17032022-bulletin.pdf),https://cwc.gov.in/sites/default/files/17032022-bulletin.pdf,2022-03-17,*1 GOBIND SAGAR(BHAKRA)   512.06  481.04       6.229     1.753 17-03-2022     28       19        33 676 1379
2022-04-08,Bhakra,1570.38,,,,False,"More power likely from Bhakra, Ranjit dams",https://www.tribuneindia.com/news/patiala/more-power-likely-from-bhakra-ranjit-dams-495480/,2023-04-09,nine feet higher than the last year's level of 1570.38 ft
2022-04-08,Pong,1322.67,,,,False,"More power likely from Bhakra, Ranjit dams",https://www.tribuneindia.com/news/patiala/more-power-likely-from-bhakra-ranjit-dams-495480/,2023-04-09,"eight feet higher than last year's 1,322.67 ft"
2022-04-08,Ranjit Sagar,1671.3,,,,False,"More power likely from Bhakra, Ranjit dams",https://www.tribuneindia.com/news/patiala/more-power-likely-from-bhakra-ranjit-dams-495480/,2023-04-09,"six feet higher than 1,671.3 feet, the level during the corresponding period last year"
2022-05-05,Bhakra,1679.99,,,,False,CWC Weekly Reservoir Storage Bulletin (05052022-fb.pdf),https://cwc.gov.in/sites/default/files/05052022-fb.pdf,2022-05-05,*1 GOBIND SAGAR(BHAKRA)   512.06  475.52       6.229     1.458 05-05-2022     23       11        28 676 1379
2022-05-19,Bhakra,1679.99,,,,False,CWC Weekly Reservoir Storage Bulletin (19052022-bulletin.pdf),https://cwc.gov.in/sites/default/files/19052022-bulletin.pdf,2022-05-19,*1 GOBIND SAGAR(BHAKRA)   512.06  475.27       6.229     1.319 19-05-2022     21       10        25 676 1379
2022-05-26,Bhakra,1679.99,,,,False,CWC Weekly Reservoir Storage Bulletin (26052022.pdf),https://cwc.gov.in/sites/default/files/26052022.pdf,2022-05-26,*1 GOBIND SAGAR(BHAKRA)   512.06  475.52       6.229     1.330 26-05-2022     21         8       25 676 1379
2022-06-09,Bhakra,1679.99,,,,False,CWC Weekly Reservoir Storage Bulletin (09062022-bulletin.pdf),https://cwc.gov.in/sites/default/files/09062022-bulletin.pdf,2022-06-09,*1 GOBIND SAGAR(BHAKRA)   512.06  477.03       6.229     1.448 09-06-2022     23         9       26 676 1379
2022-07-21,Pong,1389.99,,,,False,CWC Weekly Reservoir Storage Bulletin (21072022-bulletin.pdf),https://cwc.gov.in/sites/default/files/21072022-bulletin.pdf,2022-07-21,*2 PONG DAM(BEAS)         423.67  401.78       6.157     1.592 21-07-2022      26       21        31  0 396
2022-07-28,Pong,1389.99,,,,False,CWC Weekly Reservoir Storage Bulletin (approved-bulletin-28.07.2022.pdf),https://cwc.gov.in/sites/default/files/approved-bulletin-28.07.2022.pdf,2022-07-28,*2 PONG DAM(BEAS)                    423.67  403.73       6.157     1.871 28-07-2022      30       27        37  0 396
2022-08-04,Bhakra,1679.99,,,,False,CWC Weekly Reservoir Storage Bulletin (04082022.pdf),https://cwc.gov.in/sites/default/files/04082022.pdf,2022-08-04,*1 GOBIND SAGAR(BHAKRA)   512.06  493.04       6.229     2.969 04-08-2022      48       39        56 676 1379
2022-08-04,Pong,1389.99,,,,False,CWC Weekly Reservoir Storage Bulletin (04082022.pdf),https://cwc.gov.in/sites/default/files/04082022.pdf,2022-08-04,*2 PONG DAM(BEAS)         423.67  408.27       6.157     2.599 04-08-2022      42       35        46  0 396
2022-08-11,Bhakra,1679.99,,,,False,CWC Weekly Reservoir Storage Bulletin (1108-2022-bulletin.pdf),https://cwc.gov.in/sites/default/files/1108-2022-bulletin.pdf,2022-08-11,*1 GOBIND SAGAR(BHAKRA)   512.06  497.15       6.229     3.483 11-08-2022      56       44        63 676 1379
2022-08-11,Pong,1389.99,,,,False,CWC Weekly Reservoir Storage Bulletin (1108-2022-bulletin.pdf),https://cwc.gov.in/sites/default/files/1108-2022-bulletin.pdf,2022-08-11,*2 PONG DAM(BEAS)         423.67  411.59       6.157     3.184 11-08-2022      52       38        56  0 396
2022-08-11,Pong,1351.2,86897.0,7084.0,,False,"Himachal: भारी बारिश से पौंग बांध का जलस्तर 1351.20 फीट तक पहुंचा, पंडोह डैम के पांचों गेट खोले",https://www.amarujala.com/shimla/due-to-heavy-rain-fall-the-water-level-of-pong-dam-reached-1351-20-feet-all-five-gates-of-pandoh-dam-opened,2022-08-11 19:43 IST,पौंग बांध का जलस्तर 1351.20 फीट तक हुआ है; पानी का इनफ्लो 86897 और आउटफ्लो 7084 है
2022-08-18,Bhakra,1679.99,,,,False,CWC Weekly Reservoir Storage Bulletin (18082022.pdf),https://cwc.gov.in/sites/default/files/18082022.pdf,2022-08-18,*1 GOBIND SAGAR(BHAKRA)   512.06  502.07       6.229     4.485 18-08-2022      72       47        69 676 1379
2022-08-18,Pong,1389.99,,,,False,CWC Weekly Reservoir Storage Bulletin (18082022.pdf),https://cwc.gov.in/sites/default/files/18082022.pdf,2022-08-18,*2 PONG DAM(BEAS)         423.67  416.20       6.157     4.143 18-08-2022      67       38        64  0 396
2022-08-22,Pong,1379.02,50592.0,17737.0,morning,False,"Water Level Rise: खतरे के निशान के नजदीक पहुंचा पौंग बांध का जलस्तर, झाकड़ी परियोजना से छोड़ा जा सकता है पानी",https://www.amarujala.com/shimla/water-level-of-pong-dam-reached-near-danger-mark-water-can-be-released-from-sutlej-river-on-this-day,2022-08-22 21:05 IST,"सोमवार सुबह पौंग बांध का जलस्तर 13.79.02 फीट दर्ज किया गया; पौंग बांध में पानी का इनफ्लो सोमवार को 50,592 क्यूसिक दर्ज किया गया; आउटफ्लो 17,737 क्यूसिक रहा"
2022-08-25,Bhakra,1679.99,,,,False,CWC Weekly Reservoir Storage Bulletin (25082022-fb.pdf),https://cwc.gov.in/sites/default/files/25082022-fb.pdf,2022-08-25,*1 GOBIND SAGAR(BHAKRA)   512.06  505.58       6.229     4.892 25-08-2022      79       51        74 676 1379
2022-08-25,Pong,1389.99,,,,False,CWC Weekly Reservoir Storage Bulletin (25082022-fb.pdf),https://cwc.gov.in/sites/default/files/25082022-fb.pdf,2022-08-25,*2 PONG DAM(BEAS)         423.67  420.91       6.157     4.972 25-08-2022      81       40        73  0 396
2022-09-01,Bhakra,1679.99,,,,False,CWC Weekly Reservoir Storage Bulletin (01092022.pdf),https://cwc.gov.in/sites/default/files/01092022.pdf,2022-09-01,*1 GOBIND SAGAR(BHAKRA)   512.06  507.20       6.229     4.895 01-09-2022      79       55        78 676 1379
2022-09-01,Pong,1389.99,,,,False,CWC Weekly Reservoir Storage Bulletin (01092022.pdf),https://cwc.gov.in/sites/default/files/01092022.pdf,2022-09-01,*2 PONG DAM(BEAS)         423.67  421.56       6.157     5.271 01-09-2022      86       47        77  0 396
2022-09-08,Bhakra,1679.99,,,,False,CWC Weekly Reservoir Storage Bulletin (08092022-fb.pdf),https://cwc.gov.in/sites/default/files/08092022-fb.pdf,2022-09-08,*1 GOBIND SAGAR(BHAKRA)   512.06  508.37       6.229     5.078 08-09-2022     82       57        80 676 1379
2022-09-08,Pong,1389.99,,,,False,CWC Weekly Reservoir Storage Bulletin (08092022-fb.pdf),https://cwc.gov.in/sites/default/files/08092022-fb.pdf,2022-09-08,*2 PONG DAM(BEAS)         423.67  422.13       6.157     5.405 08-09-2022     88       47        79  0 396
2022-09-15,Bhakra,1679.99,,,,False,CWC Weekly Reservoir Storage Bulletin (15092022-pdf.pdf),https://cwc.gov.in/sites/default/files/15092022-pdf.pdf,2022-09-15,*1 GOBIND SAGAR(BHAKRA)   512.06   508.44       6.229     5.105 15-09-2022     82       61        82 676 1379
2022-09-15,Pong,1389.99,,,,False,CWC Weekly Reservoir Storage Bulletin (15092022-pdf.pdf),https://cwc.gov.in/sites/default/files/15092022-pdf.pdf,2022-09-15,*2 PONG DAM(BEAS)         423.67   421.84       6.157     5.153 15-09-2022     84       52        81  0 396
2022-09-22,Bhakra,1679.99,,,,False,CWC Weekly Reservoir Storage Bulletin (22092022-fb.pdf),https://cwc.gov.in/sites/default/files/22092022-fb.pdf,2022-09-22,*1 GOBIND SAGAR(BHAKRA)   512.06   508.31       6.229     5.069 22-09-2022     81       64        82 676 1379 | 423.67   421.34       6.157
2022-09-29,Bhakra,1679.99,,,,False,CWC Weekly Reservoir Storage Bulletin (29092022-fb.pdf),https://cwc.gov.in/sites/default/files/29092022-fb.pdf,2022-09-29,*1 GOBIND SAGAR(BHAKRA)  512.06  509.64  6.229     5.276 29-09-2022      85       68       82 676 1379 | 423.67  422.20  6.157
2022-10-13,Bhakra,1679.99,,,,False,CWC Weekly Reservoir Storage Bulletin (13102022-fb.pdf),https://cwc.gov.in/sites/default/files/13102022-fb.pdf,2022-10-13,*1 GOBIND SAGAR(BHAKRA)   512.06   510.10       6.229     5.461 13-10-2022     88       68        85 676 1379 | 423.67   421.79       6.157
2022-10-20,Bhakra,1679.99,,,,False,CWC Weekly Reservoir Storage Bulletin (20102022-fb.pdf),https://cwc.gov.in/sites/default/files/20102022-fb.pdf,2022-10-20,*1 GOBIND SAGAR(BHAKRA)   512.06   509.33       6.229     5.363 20-10-2022     86       66        80 676 1379 | 423.67   421.90       6.157
2022-10-27,Bhakra,1679.99,,,,False,CWC Weekly Reservoir Storage Bulletin (27102022-fb.pdf),https://cwc.gov.in/sites/default/files/27102022-fb.pdf,2022-10-27,*1 GOBIND SAGAR(BHAKRA)   512.06   509.33       6.229     5.228 27-10-2022     84       65        82 676 1379 | 423.67   421.34       6.157
2022-11-03,Bhakra,1679.99,,,,False,CWC Weekly Reservoir Storage Bulletin (03-11-2022-bulletin.pdf),https://cwc.gov.in/sites/default/files/03-11-2022-bulletin.pdf,2022-11-03,*1 GOBIND SAGAR(BHAKRA)   512.06   509.17       6.229     5.203 03-11-2022     84       64        78 676 1379 | 423.67   420.72       6.157
2022-11-10,Bhakra,1679.99,,,,False,CWC Weekly Reservoir Storage Bulletin (10112022-fb.pdf),https://cwc.gov.in/sites/default/files/10112022-fb.pdf,2022-11-10,*1 GOBIND SAGAR(BHAKRA)   512.06   509.03       6.229     5.185 10-11-2022     83       62        75 676 1379 | 423.67   420.02       6.157
2022-11-17,Bhakra,1679.99,,,,False,CWC Weekly Reservoir Storage Bulletin (17112022-fb.pdf),https://cwc.gov.in/sites/default/files/17112022-fb.pdf,2022-11-17,*1 GOBIND SAGAR(BHAKRA)   512.06   508.96       6.229     5.317 17-11-2022     85       60        76 676 1379 | 423.67   419.29       6.157
2022-11-24,Bhakra,1679.99,,,,False,CWC Weekly Reservoir Storage Bulletin (24112022-fbpdf.pdf),https://cwc.gov.in/sites/default/files/24112022-fbpdf.pdf,2022-11-24,*1 GOBIND SAGAR(BHAKRA)  512.06 508.50   6.229     5.098 24-11-2022  82      59        73 676 1379
2022-12-01,Bhakra,1679.99,,,,False,CWC Weekly Reservoir Storage Bulletin (01122022-fb.pdf),https://cwc.gov.in/sites/default/files/01122022-fb.pdf,2022-12-01,*1 GOBIND SAGAR(BHAKRA)  512.06  507.31  6.229     4.913  01-12-2022  79      57        73 676 1379 | 423.67  417.75  6.157     4.406  01-12-2022
2022-12-08,Bhakra,1679.99,,,,False,CWC Weekly Reservoir Storage Bulletin (08122022-buletion_1.pdf),https://cwc.gov.in/sites/default/files/08122022-buletion_1.pdf,2022-12-08,*1 GOBIND SAGAR(BHAKRA)   512.06   505.17       6.229     4.589  08-12-2022     74       55        70 676 1379 | 423.67   417.22       6.157     4.304  08-12-2022
2022-12-22,Bhakra,1679.99,,,,False,CWC Weekly Reservoir Storage Bulletin (22122022.pdf),https://cwc.gov.in/sites/default/files/22122022.pdf,2022-12-22,*1 GOBIND SAGAR(BHAKRA)  512.06 500.76   6.229     3.958 22-12-2022  64      53        64 676 1379
2022-12-29,Bhakra,1679.99,,,,False,CWC Weekly Reservoir Storage Bulletin (29122022-fb.pdf),https://cwc.gov.in/sites/default/files/29122022-fb.pdf,2022-12-29,*1 GOBIND SAGAR(BHAKRA)  512.06 498.91   6.229     3.709 29-12-2022     60       47       65 676 1379
2023-01-05,Bhakra,1679.99,,,,False,CWC Weekly Reservoir Storage Bulletin (05012023-fb.pdf),https://cwc.gov.in/sites/default/files/05012023-fb.pdf,2023-01-05,*1 GOBIND SAGAR(BHAKRA)  512.06 497.90   6.229     3.578 05-01-2023     57       45       58 676 1379
2023-01-12,Bhakra,1679.99,,,,False,CWC Weekly Reservoir Storage Bulletin (12012023-fb.pdf),https://cwc.gov.in/sites/default/files/12012023-fb.pdf,2023-01-12,*1 GOBIND SAGAR(BHAKRA)  512.06 497.13   6.229     3.480 12-01-2023     56       45       58 676 1379
2023-01-19,Bhakra,1679.99,,,,False,CWC Weekly Reservoir Storage Bulletin (19012023-fb.pdf),https://cwc.gov.in/sites/default/files/19012023-fb.pdf,2023-01-19,GOBIND SAGAR(BHAKRA)  512.06 496.35   6.229     3.380 19-01-2023     54       52       54 676 1379
2023-01-25,Bhakra,1679.99,,,,False,CWC Weekly Reservoir Storage Bulletin (25012023fb.pdf),https://cwc.gov.in/sites/default/files/25012023fb.pdf,2023-01-25,1 GOBIND SAGAR(BHAKRA)   512.06 495.34   6.229     3.252 25-01-2023     52       43       51 676 1379
2023-02-02,Bhakra,1679.99,,,,False,CWC Weekly Reservoir Storage Bulletin (02022023-fb.pdf),https://cwc.gov.in/sites/default/files/02022023-fb.pdf,2023-02-02,1 GOBIND SAGAR(BHAKRA)   512.06 493.82   6.229     3.057 02-02-2023  49      41        48 676 1379
2023-02-09,Bhakra,1679.99,,,,False,CWC Weekly Reservoir Storage Bulletin (09022023-bulletin.pdf),https://cwc.gov.in/sites/default/files/09022023-bulletin.pdf,2023-02-09,1 GOBIND SAGAR(BHAKRA)    512.06  492.27       6.229     2.884 09-02-2023     46       40        45 676 1379
2023-02-16,Bhakra,1679.99,,,,False,CWC Weekly Reservoir Storage Bulletin (16022023-bulletin.pdf),https://cwc.gov.in/sites/default/files/16022023-bulletin.pdf,2023-02-16,1 GOBIND SAGAR(BHAKRA)    512.06  490.62       6.229     2.700 16-02-2023     43       38        44 676 1379
2023-02-23,Bhakra,1679.99,,,,False,CWC Weekly Reservoir Storage Bulletin (23022023-bulletin.pdf),https://cwc.gov.in/sites/default/files/23022023-bulletin.pdf,2023-02-23,1 GOBIND SAGAR(BHAKRA)    512.06  488.90       6.229     2.507 23-02-2023     40       36        41 676 1379
2023-03-02,Bhakra,1679.99,,,,False,CWC Weekly Reservoir Storage Bulletin (02032023-bulletin.pdf),https://cwc.gov.in/sites/default/files/02032023-bulletin.pdf,2023-03-02,1 GOBIND SAGAR(BHAKRA)    512.06  487.16       6.229     2.321 02-03-2023      37       34        39 676 1379
2023-03-09,Bhakra,1679.99,,,,False,CWC Weekly Reservoir Storage Bulletin (09.03.2023-bulletin.pdf),https://cwc.gov.in/sites/default/files/09.03.2023-bulletin.pdf,2023-03-09,1 GOBIND SAGAR(BHAKRA)   512.06 485.44   6.229     2.159 09-03-2023     35       31       39 676 1379
2023-03-16,Bhakra,1679.99,,,,False,CWC Weekly Reservoir Storage Bulletin (16032023-fb-pdf.pdf),https://cwc.gov.in/sites/default/files/16032023-fb-pdf.pdf,2023-03-16,1 GOBIND SAGAR(BHAKRA)   512.06 483.45   6.229     1.971 16-03-2023      32       28       33 676 1379
2023-03-23,Bhakra,1679.99,,,,False,CWC Weekly Reservoir Storage Bulletin (230323-fb.pdf),https://cwc.gov.in/sites/default/files/230323-fb.pdf,2023-03-23,1 GOBIND SAGAR(BHAKRA)   512.06 482.24   6.229     1.857 23-03-2023      30       26       34 676 1379
2023-03-31,Bhakra,1679.99,,,,False,CWC Weekly Reservoir Storage Bulletin (31032023-fb.pdf),https://cwc.gov.in/sites/default/files/31032023-fb.pdf,2023-03-31,1 GOBIND SAGAR(BHAKRA)   512.06 481.82   6.229     1.817 30-03-2023      29       25       32 676 1379
2023-04-06,Bhakra,1679.99,,,,False,CWC Weekly Reservoir Storage Bulletin (06042023-fb.pdf),https://cwc.gov.in/sites/default/files/06042023-fb.pdf,2023-04-06,1 GOBIND SAGAR(BHAKRA)   512.06 481.65   6.229     1.801 06-04-2023      29       25       28 676 1379
2023-04-08,Bhakra,1579.68,,,,False,"More power likely from Bhakra, Ranjit dams",https://www.tribuneindia.com/news/patiala/more-power-likely-from-bhakra-ranjit-dams-495480/,2023-04-09,"The Bhakra Dam reservoir's water level was 1,579.68 ft, nine feet higher than the last year's level of 1570.38 ft"
2023-04-08,Pong,1330.8,,,,False,"More power likely from Bhakra, Ranjit dams",https://www.tribuneindia.com/news/patiala/more-power-likely-from-bhakra-ranjit-dams-495480/,2023-04-09,"Pong Dam's water level at 1,330.8 ft is eight feet higher than last year's 1,322.67 ft"
2023-04-08,Ranjit Sagar,1677.3,,,,False,"More power likely from Bhakra, Ranjit dams",https://www.tribuneindia.com/news/patiala/more-power-likely-from-bhakra-ranjit-dams-495480/,2023-04-09,"The level in Ranjit Sagar Dam was 1,677.3 ft, six feet higher than 1,671.3 feet, the level during the corresponding period last year"
2023-04-13,Bhakra,1679.99,,,,False,CWC Weekly Reservoir Storage Bulletin (13042023-fb.pdf),https://cwc.gov.in/sites/default/files/13042023-fb.pdf,2023-04-13,1 GOBIND SAGAR(BHAKRA)   512.06 480.99   6.229     1.750 13-04-2023      28       26       28 676 1379
2023-04-20,Bhakra,1679.99,,,,False,CWC Weekly Reservoir Storage Bulletin (20042023-fb.pdf),https://cwc.gov.in/sites/default/files/20042023-fb.pdf,2023-04-20,1 GOBIND SAGAR(BHAKRA)   512.06 480.02   6.229     1.676 20-04-2023      27         25       30 676 1379
2023-04-20,Pong,1389.99,,,,False,CWC Weekly Reservoir Storage Bulletin (20042023-fb.pdf),https://cwc.gov.in/sites/default/files/20042023-fb.pdf,2023-04-20,*2 PONG DAM(BEAS)        423.67 405.91   6.157     2.203 20-04-2023      36         29       26   0 396
2023-04-27,Bhakra,1679.99,,,,False,CWC Weekly Reservoir Storage Bulletin (27042023-fb-pdf.pdf),https://cwc.gov.in/sites/default/files/27042023-fb-pdf.pdf,2023-04-27,1 GOBIND SAGAR(BHAKRA)   512.06 479.19   6.229     1.612 27-04-2023     26          23       28 676 1379
2023-04-27,Pong,1389.99,,,,False,CWC Weekly Reservoir Storage Bulletin (27042023-fb-pdf.pdf),https://cwc.gov.in/sites/default/files/27042023-fb-pdf.pdf,2023-04-27,*2 PONG DAM(BEAS)        423.67 405.93   6.157     2.206 27-04-2023     36          28       26   0 396
2023-05-04,Bhakra,1679.99,,,,False,CWC Weekly Reservoir Storage Bulletin (04052023-fb.pdf),https://cwc.gov.in/sites/default/files/04052023-fb.pdf,2023-05-04,1 GOBIND SAGAR(BHAKRA)   512.06 477.85   6.229     1.511 04-05-2023     24          23       27 676 1379
2023-05-04,Pong,1389.99,,,,False,CWC Weekly Reservoir Storage Bulletin (04052023-fb.pdf),https://cwc.gov.in/sites/default/files/04052023-fb.pdf,2023-05-04,*2 PONG DAM(BEAS)        423.67 405.74   6.157     2.123 04-05-2023     34          28       29       0 396
2023-05-11,Bhakra,1679.99,,,,False,CWC Weekly Reservoir Storage Bulletin (11052023-fb.pdf),https://cwc.gov.in/sites/default/files/11052023-fb.pdf,2023-05-11,1 GOBIND SAGAR(BHAKRA)    512.06  476.65       6.229     1.420 11-05-2023     23       20        25 676 1379
2023-05-11,Pong,1389.99,,,,False,CWC Weekly Reservoir Storage Bulletin (11052023-fb.pdf),https://cwc.gov.in/sites/default/files/11052023-fb.pdf,2023-05-11,*2 PONG DAM(BEAS)         423.67  406.16       6.157     2.243 11-05-2023     36       28        28  0 396
2023-05-18,Bhakra,1679.99,,,,False,CWC Weekly Reservoir Storage Bulletin (18052023-fb_1.pdf),https://cwc.gov.in/sites/default/files/18052023-fb_1.pdf,2023-05-18,1 GOBIND SAGAR(BHAKRA)   512.06 475.18   6.229     1.313 18-05-2023     21          21       25 676 1379
2023-05-18,Pong,1389.99,,,,False,CWC Weekly Reservoir Storage Bulletin (18052023-fb_1.pdf),https://cwc.gov.in/sites/default/files/18052023-fb_1.pdf,2023-05-18,*2 PONG DAM(BEAS)        423.67 406.08   6.157     2.231 18-05-2023     36          28       26       0 396
2023-05-25,Bhakra,1679.99,,,,False,CWC Weekly Reservoir Storage Bulletin (25052023-fb.pdf),https://cwc.gov.in/sites/default/files/25052023-fb.pdf,2023-05-25,1 GOBIND SAGAR(BHAKRA)   512.06 475.56   6.229     1.338 25-05-2023     21          21       25 676 1379
2023-05-25,Pong,1389.99,,,,False,CWC Weekly Reservoir Storage Bulletin (25052023-fb.pdf),https://cwc.gov.in/sites/default/files/25052023-fb.pdf,2023-05-25,*2 PONG DAM(BEAS)        423.67 406.14   6.157     2.240 25-05-2023     36          27       25       0 396
2023-06-01,Bhakra,1679.99,,,,False,CWC Weekly Reservoir Storage Bulletin (01062023-fb.pdf),https://cwc.gov.in/sites/default/files/01062023-fb.pdf,2023-06-01,1 GOBIND SAGAR(BHAKRA)   512.06 476.68   6.229     1.422 01-06-2023     23          22       25 676 1379
2023-06-01,Pong,1389.99,,,,False,CWC Weekly Reservoir Storage Bulletin (01062023-fb.pdf),https://cwc.gov.in/sites/default/files/01062023-fb.pdf,2023-06-01,*2 PONG DAM(BEAS)        423.67 406.50   6.157     2.301 01-06-2023     37          24       24       0 396
2023-06-08,Bhakra,1679.99,,,,False,CWC Weekly Reservoir Storage Bulletin (fb08062023.pdf),https://cwc.gov.in/sites/default/files/fb08062023.pdf,2023-06-08,1 GOBIND SAGAR(BHAKRA)   512.06 478.01   6.229     1.523 08-06-2023      24         23       26 676 1379
2023-06-08,Pong,1389.99,,,,False,CWC Weekly Reservoir Storage Bulletin (fb08062023.pdf),https://cwc.gov.in/sites/default/files/fb08062023.pdf,2023-06-08,*2 PONG DAM(BEAS)        423.67 406.78   6.157     2.348 08-06-2023      38         22       22       0 396
2023-06-15,Bhakra,1679.99,,,,False,CWC Weekly Reservoir Storage Bulletin (15062023-fb.pdf),https://cwc.gov.in/sites/default/files/15062023-fb.pdf,2023-06-15,1 GOBIND SAGAR(BHAKRA)   512.06 479.87   6.229     1.664 15-06-2023      27         24       28 676 1379
2023-06-22,Bhakra,1679.99,,,,False,CWC Weekly Reservoir Storage Bulletin (22062023-fb.pdf),https://cwc.gov.in/sites/default/files/22062023-fb.pdf,2023-06-22,1 GOBIND SAGAR(BHAKRA)   512.06 481.34   6.229     1.776 22-06-2023   29        23           29 676 1379
2023-06-30,Bhakra,1679.99,,,,False,CWC Weekly Reservoir Storage Bulletin (30062023-fb.pdf),https://cwc.gov.in/sites/default/files/30062023-fb.pdf,2023-06-30,1 GOBIND SAGAR(BHAKRA)   512.06 485.06   6.229     2.123 30-06-2023      34         20       30 676 1379
2023-06-30,Pong,1389.99,,,,False,CWC Weekly Reservoir Storage Bulletin (30062023-fb.pdf),https://cwc.gov.in/sites/default/files/30062023-fb.pdf,2023-06-30,*2 PONG DAM(BEAS)        423.67 407.32   6.157     2.439 30-06-2023      40         10       22       0 396
2023-07-06,Bhakra,1679.99,,,,False,CWC Weekly Reservoir Storage Bulletin (final-bulletin.pdf),https://cwc.gov.in/sites/default/files/final-bulletin.pdf,2023-07-06,1 GOBIND SAGAR(BHAKRA)   512.06 488.02   6.229     2.409 06-07-2023   39        22           33 676 1379
2023-07-06,Pong,1389.99,,,,False,CWC Weekly Reservoir Storage Bulletin (final-bulletin.pdf),https://cwc.gov.in/sites/default/files/final-bulletin.pdf,2023-07-06,*2 PONG DAM(BEAS)        423.67 407.57   6.157     2.480 06-07-2023   40        11           22       0 396
2023-07-06,Ranjit Sagar,,18000.0,1800.0,,False,Jalandhar News: एक दिन की बारिश से रणजीत सागर डैम में 36 सेंटीमीटर बढ़ा जलस्तर,https://www.amarujala.com/punjab/jalandhar/water-level-in-ranjit-sagar-dam-increased-by-36-cm-due-to-one-days-rain-pathankot-news-c-61-1-kot1001-277-2023-07-06,2023-07-06 18:30 IST,जो बढ़कर 512.84 मीटर तक पहुंच गया है; चमेरा हाईडल प्रोजेक्ट से लगभग 18 हजार क्यूसिक पानी का बहाव आ रहा है; बांध परियोजना से केवल 1800 क्यूसिक पानी ही रावी नदी में छोड़ा जा रहा है
2023-07-12,Bhakra,1629.0,,,,False,Water inflow declines massively in both Bhakra and Pong dams in HP,https://www.nationalheraldindia.com/national/water-inflow-declines-massively-in-both-bhakra-and-pong-dams-in-hp,2023-07-12 17:33,"Currently, the water level in the Bhakra dam's Gobind Sagar reservoir stood at 1,629 feet, 51 feet below the maximum capacity. Today, it was 80,000-90,000 cusecs in Bhakra."
2023-07-12,Bhakra,1628.72,,,,False,bhakra dam to release additional 16000 cusecs of water on thursday,https://www.tribuneindia.com/news/himachal/bhakra-dam-to-release-additional-16-000-cusecs-of-water-on-thursday-525057/,2023-07-12,"The water level at Bhakra Dam was recorded at 1628.72 feet against the full reservoir level of 1,680 feet"
2023-07-12,Pong,1364.0,,,,False,Water inflow declines massively in both Bhakra and Pong dams in HP,https://www.nationalheraldindia.com/national/water-inflow-declines-massively-in-both-bhakra-and-pong-dams-in-hp,2023-07-12 17:33,"the Pong dam reservoir stood at 1,364 feet, 26 feet less than the upper limit. 60,000 to 70,000 in Pong."
2023-07-12,Pong,1363.96,,,,False,bhakra dam to release additional 16000 cusecs of water on thursday,https://www.tribuneindia.com/news/himachal/bhakra-dam-to-release-additional-16-000-cusecs-of-water-on-thursday-525057/,2023-07-12,"At Pong the water level was 1,363.96 feet against the top mark of 1,390 feet respectively"
2023-07-13,Bhakra,1679.99,,,,False,CWC Weekly Reservoir Storage Bulletin (fb-13072023.pdf),https://cwc.gov.in/sites/default/files/fb-13072023.pdf,2023-07-13,1 GOBIND SAGAR(BHAKRA)   512.06 497.18   6.229     3.487 13-07-2023   56        21           37 676 1379
2023-07-13,Pong,1389.99,,,,False,CWC Weekly Reservoir Storage Bulletin (fb-13072023.pdf),https://cwc.gov.in/sites/default/files/fb-13072023.pdf,2023-07-13,*2 PONG DAM(BEAS)        423.67 416.22   6.157     4.097 13-07-2023   67        15           25       0 396
2023-07-16,Pong,,,22300.0,16:00,False,Pong Dam Releases Excess Water,https://hillpost.in/2023/07/pong-dam-releases-excess-water/120660/,2023-07-16,Jindal stated that 22300 cusecs water will be released from Pong Dam w.e.f. Dated:- 16/07/2023.
2023-07-18,Ranjit Sagar,,25660.0,,,False,rain a boon for pspcl generates 144 lakh units daily at ranjit sagar dam,https://www.tribuneindia.com/news/punjab/rain-a-boon-for-pspcl-generates-144-lakh-units-daily-at-ranjit-sagar-dam-527177,2023-07-20,"it was 25,660 cusecs on Monday"
2023-07-19,Bhakra,1645.7,,,,False,rain a boon for pspcl generates 144 lakh units daily at ranjit sagar dam,https://www.tribuneindia.com/news/punjab/rain-a-boon-for-pspcl-generates-144-lakh-units-daily-at-ranjit-sagar-dam-527177,2023-07-20,"The water level in the Bhakra and Pong reservoirs is at 1,645.7 ft and 1,373.2 ft, respectively"
2023-07-19,Pong,1373.2,,,,False,rain a boon for pspcl generates 144 lakh units daily at ranjit sagar dam,https://www.tribuneindia.com/news/punjab/rain-a-boon-for-pspcl-generates-144-lakh-units-daily-at-ranjit-sagar-dam-527177,2023-07-20,"The water level in the Bhakra and Pong reservoirs is at 1,645.7 ft and 1,373.2 ft, respectively"
2023-07-20,Bhakra,1679.99,,,,False,CWC Weekly Reservoir Storage Bulletin (fb-20072023.pdf),https://cwc.gov.in/sites/default/files/fb-20072023.pdf,2023-07-20,1 GOBIND SAGAR(BHAKRA)   512.06 502.35   6.229     4.185 20-07-2023      67         31       43 676 1379
2023-07-20,Pong,1389.99,,,,False,CWC Weekly Reservoir Storage Bulletin (fb-20072023.pdf),https://cwc.gov.in/sites/default/files/fb-20072023.pdf,2023-07-20,*2 PONG DAM(BEAS)        423.67 418.80   6.157     4.647 20-07-2023      75         26       33       0 396
2023-07-27,Bhakra,1679.99,,,,False,CWC Weekly Reservoir Storage Bulletin (fb-27072023.pdf),https://cwc.gov.in/sites/default/files/fb-27072023.pdf,2023-07-27,1 GOBIND SAGAR(BHAKRA)   512.06 505.20   6.229     4.593 27-07-2023      74         38       49 676 1379
2023-07-27,Pong,1389.99,,,,False,CWC Weekly Reservoir Storage Bulletin (fb-27072023.pdf),https://cwc.gov.in/sites/default/files/fb-27072023.pdf,2023-07-27,*2 PONG DAM(BEAS)        423.67 419.55   6.157     4.812 27-07-2023      78         30       38       0 396
2023-08-02,Bhakra,1663.0,,,,False,"1610.41 ਫੁੱਟ ਤੇ ਪਹੁੰਚਿਆਂ ਭਾਖੜਾ ਡੈਮ 'ਚ ਪਾਣੀ ਦਾ ਪੱਧਰ, ਬੀਤੇ ਵਰ੍ਹੇ ਦੇ ਮੁਕਾਬਲੇ 52.59 ਫੁੱਟ ਹੇਠਾ ਹੈ ਪਾਣੀ ਦਾ ਪੱਧਰ",https://www.punjabijagran.com/punjab/roparnawanshahr-the-water-level-in-bhakra-dam-has-reached-1610-41-feet-the-water-level-is-52-59-feet-lower-than-last-year-9389311.html,2024-08-02 20:14 IST,"For the same date in 2023, the water level was 1663 feet (52.59 feet higher than 2024, per article's year-on-year comparison)"
2023-08-03,Bhakra,1679.99,,,,False,CWC Weekly Reservoir Storage Bulletin (fb-03082023.pdf),https://cwc.gov.in/sites/default/files/fb-03082023.pdf,2023-08-03,1 GOBIND SAGAR(BHAKRA)   512.06 507.05   6.229     4.873 03-08-2023      78       47       56 676 1379
2023-08-03,Pong,1389.99,,,,False,CWC Weekly Reservoir Storage Bulletin (fb-03082023.pdf),https://cwc.gov.in/sites/default/files/fb-03082023.pdf,2023-08-03,*2 PONG DAM(BEAS)        423.67 418.69   6.157     4.625 03-08-2023      75       41       47       0 396
2023-08-10,Bhakra,1679.99,,,,False,CWC Weekly Reservoir Storage Bulletin (100823-fb.pdf),https://cwc.gov.in/sites/default/files/100823-fb.pdf,2023-08-10,1 GOBIND SAGAR(BHAKRA)   512.06 608.14   6.229     5.043 10-08-2023      81       55          64 676 1379
2023-08-10,Pong,1389.99,,,,False,CWC Weekly Reservoir Storage Bulletin (100823-fb.pdf),https://cwc.gov.in/sites/default/files/100823-fb.pdf,2023-08-10,*2 PONG DAM(BEAS)        423.67 418.28   6.157     4.600 10-08-2023      75       52          59       0 396
2023-08-12,Pong,1374.2,,,,False,"Kangra News: 1,346 फीट तक पहुंचा पौंग का जलस्तर, खतरे के निशान के महज 44 फीट नीचे",https://www.amarujala.com/himachal-pradesh/kangra/pongs-water-level-reached-1346-feet-just-44-feet-below-the-danger-mark-kangra-news-c-95-1-kng1002-143127-2024-08-13,2024-08-13 01:50 IST,12 अगस्त 2023 को जलस्तर 1374.20 फीट था (year-on-year comparison)
2023-08-13,Bhakra,,,19900.0,,False,"हिमाचल में भारी बारिश का असर: भाखड़ा बांध का जलस्तर 1675 फीट पहुंचा, खतरे के निशान से मात्र पांच फीट नीचे",https://www.amarujala.com/chandigarh/water-level-of-bhakra-dam-reached-1675-feet-2023-08-14,2023-08-14 19:53 IST,रविवार को नंगल डैम से सतलुज नदी में 19900 क्यूसेक पानी छोड़ा जा रहा था
2023-08-13,Bhakra,1671.27,,,,False,"खतरे की घंटी! भाखड़ा डैम के फ्लड गेट खोले गए, खतरे के निशान से महज इतना फीट नीचे वाटर लेवल",https://www.etvbharat.com/hindi/himachal-pradesh/state/bilaspur/bhakra-dam-flood-gates-open-update-bhakra-beas-management-board/hp20230813164413182182459,2023-08-13 16:44 IST,भाखड़ा डैम का आज का जलस्तर 1671.27 फीट पर जा पहुंचा
2023-08-13,Bhakra,1672.0,,8000.0,,False,"Amid heavy rainfall in Himachal: BBMB keeps close watch, says Bhakra water level to be maintained at 1,667 ft",https://www.hindustantimes.com/cities/chandigarh-news/amid-heavy-rainfall-in-himachal-bbmb-keeps-close-watch-says-bhakra-water-level-to-be-maintained-at-1-667-ft-101756062276244.html,2025-08-25,"The last time Bhakra's floodgates were opened was on August 13, 2023, when water levels had touched 1,672 feet, that release was limited to 8,000 cusecs through the gates"
2023-08-13,Pong,1381.58,,,6:00 AM,False,bbmb to release water from pong dam today,https://www.tribuneindia.com/news/himachal/bbmb-to-release-water-from-pong-dam-today-534857,2023-08-14,"water level of the Pong Dam reservoir reached 1,381.58 feet this morning at 6 am against its storage capacity of 1,410 feet"
2023-08-14,Bhakra,1678.0,193324.0,,06:00,False,"BBMB via Himachal Tonite, Aug 2023","Himachal Tonite, 'Bhakra reservoir and Pong reservoir levels higher than average', quoting BBMB, August 2023, https://himachaltonite.com/nation-news/bhakra-reservoir-level/",,Bhakra Reservoir peak inflow received was 193324 cusec at 06.00 hours on 14.08.2023
2023-08-14,Bhakra,1677.0,,,,False,"Several villages in Punjab's Hoshiarpur, Rupnagar inundated after water released from Pong, Bhakra dams",https://theprint.in/india/several-villages-in-punjabs-hoshiarpur-rupnagar-inundated-after-water-released-from-pong-bhakra-dams/1715893/,2023-08-15,"The level in the Bhakra dam was around 1,677 feet on Monday."
2023-08-14,Bhakra,1675.0,109834.0,46827.0,10:00,False,"हिमाचल में भारी बारिश का असर: भाखड़ा बांध का जलस्तर 1675 फीट पहुंचा, खतरे के निशान से मात्र पांच फीट नीचे",https://www.amarujala.com/chandigarh/water-level-of-bhakra-dam-reached-1675-feet-2023-08-14,2023-08-14 19:53 IST,भाखड़ा डैम में सोमवार सुबह 10 बजे एक लाख 9834 क्यूसेक पानी की आमद के साथ ही डैम का जलस्तर 1675 फीट तक पहुंच गया
2023-08-14,Pong,1395.91,700000.0,68000.0,,False,"Punjab: पौंग डैम में सात लाख क्यूसेक पानी पहुंचा, पंजाब के पांच जिलों में अलर्ट, ब्यास नदी से दूर रहने की सलाह",https://www.amarujala.com/chandigarh/seven-lakh-cusecs-water-reached-pong-dam-alert-in-five-districts-of-punjab-2023-08-15,2023-08-15 00:20 IST,"ब्यास नदी के साथ लगने वाले क्षेत्र में लगातार हो रही बारिश के कारण पौंग डैम में लगभग 7 लाख क्यूसेक से अधिक पानी की आमद हुई है; पौंग डैम का मौजूदा स्तर 1395.91 फुट है; डैम से लगभग 68,000 क्यूसेक पानी को कंट्रोल्ड तरीके से छोड़े जाने का फैसला किया गया है"
2023-08-14,Pong,1397.0,381330.0,100000.0,,False,"Kangra News: पौंग बांध का पानी खतरे के निशान से सात फीट ऊपर, निचले क्षेत्र में बाढ़ के आसार",https://www.amarujala.com/shimla/kangra-news-pong-dam-s-water-seven-feet-above-the-danger-mark-possibility-of-flood-in-the-lower-area-2023-08-14,2023-08-14 20:08 IST,"पौंग बांध में सोमवार को पानी का जलस्तर बढ़कर 1,397 फीट पहुंच गया है, जो कि खतरे के निशान से सात फीट ऊपर है; बांध में सोमवार को पानी की आबक 38,1330 क्यूसिक दर्ज की गई है; सोमवार को बांध से करीब एक लाख क्यूसिक पानी छोड़ा गया है"
2023-08-14,Pong,,513000.0,,08:00,False,"Pong Dam Kangra: खतरे के निशान से ऊपर पौंग बांध का जलस्तर, आज शाम 4 बजे तक ब्यास नदी में छोड़ा गया 68 हजार क्यूसेक पानी",https://www.etvbharat.com/hindi/himachal-pradesh/state/kangra/pong-dam-kangra-pong-dam-water-level-reached-6-feet-above-the-danger-mark-till-this-evening-68-thousand-cusecs-of-water-was-released-in-beas-river/hp20230814185140243243511,2023-08-14 18:51 IST,पानी की आमद 5.13 लाख क्यूसेक से अधिक दर्ज की गई है
2023-08-15,Bhakra,1678.0,85899.0,100000.0,17:00,False,"The Tribune, 15 Aug 2023","The Tribune, 15 August 2023, 'Several villages in Nangal area flooded as BBMB releases water from Bhakra dam into Sutlej', https://www.tribuneindia.com/news/punjab/several-villages-in-nangal-area-flooded-as-bbmb-releases-water-from-bhakra-dam-into-sutlej-535334/",,"water level at Bhakra Dam reached 1678 feet against the upper limit of 1680 feet; the inflow was recorded at 85,899 cusecs; discharged 1 lakh cusecs of water, out of which 77,000 cusecs was released in the river"
2023-08-15,Pong,1399.65,142000.0,,,False,"Several villages in Punjab's Hoshiarpur, Rupnagar inundated after water released from Pong, Bhakra dams",https://theprint.in/india/several-villages-in-punjabs-hoshiarpur-rupnagar-inundated-after-water-released-from-pong-bhakra-dams/1715893/,2023-08-15,"The inflow in Pong reservoir is 1.42 lakh cusecs and the water is being discharged in a controlled manner. The water level in the Pong dam is currently at 1,399.65 feet."
2023-08-16,Bhakra,,,84000.0,,False,"PAC warns of rising water levels at Bhakra, Pong dams",https://timesofindia.indiatimes.com/city/chandigarh/pac-warns-of-rising-water-levels-at-bhakra-pong-dams/articleshow/123205533.cms,2025-08-09,"sudden releases of 84,000 cusecs from Bhakra Dam"
2023-08-16,Bhakra,1677.7,,70000.0,,False,those stuck in punjab's ropar evacuated as sutlej floods the area after water released from bhakra,https://www.tribuneindia.com/news/punjab/those-stuck-in-punjabs-ropar-evacuated-as-sutlej-floods-the-area-after-water-released-from-bhakra-535346/,2023-08-16,"70,000 cusecs of water is being released from the Bhakra dam, where the water level is 1677.7 feet, against the danger mark of 1,680 feet"
2023-08-16,Pong,,,142000.0,,False,"PAC warns of rising water levels at Bhakra, Pong dams",https://timesofindia.indiatimes.com/city/chandigarh/pac-warns-of-rising-water-levels-at-bhakra-pong-dams/articleshow/123205533.cms,2025-08-09,"142,000 cusecs from Pong Dam"
2023-08-16,Pong,1398.68,,,,False,those stuck in punjab's ropar evacuated as sutlej floods the area after water released from bhakra,https://www.tribuneindia.com/news/punjab/those-stuck-in-punjabs-ropar-evacuated-as-sutlej-floods-the-area-after-water-released-from-bhakra-535346/,2023-08-16,"The level of water in the Pong Dam is 1,398.68 feet now against the danger mark of 1,390 feet"
2023-08-17,Bhakra,1679.99,,,,False,CWC Weekly Reservoir Storage Bulletin (17082023-fb.pdf),https://cwc.gov.in/sites/default/files/17082023-fb.pdf,2023-08-17,1 GOBIND SAGAR(BHAKRA)   512.06 510.98   6.229     5.486 17-08-2023      88       72          75 676 1379
2023-08-17,Bhakra,,,79000.0,,False,"PAC warns of rising water levels at Bhakra, Pong dams",https://timesofindia.indiatimes.com/city/chandigarh/pac-warns-of-rising-water-levels-at-bhakra-pong-dams/articleshow/123205533.cms,2025-08-09,"79,000 cusecs [from Bhakra Dam on August 17]"
2023-08-17,Pong,1389.99,,,,False,CWC Weekly Reservoir Storage Bulletin (17082023-fb.pdf),https://cwc.gov.in/sites/default/files/17082023-fb.pdf,2023-08-17,*2 PONG DAM(BEAS)        423.67 425.59   6.157     6.157 17-08-2023      100      67          70       0 396
2023-08-17,Pong,,,130000.0,,False,"PAC warns of rising water levels at Bhakra, Pong dams",https://timesofindia.indiatimes.com/city/chandigarh/pac-warns-of-rising-water-levels-at-bhakra-pong-dams/articleshow/123205533.cms,2025-08-09,"130,000 cusecs [from Pong Dam on August 17]"
2023-08-22,Bhakra,,105000.0,,,True,"The Tribune, 23 Aug 2023 (Tuesday)","The Tribune, 23 August 2023 19:47, 'Punjab on high alert as inflow into Bhakra and Pong dams increases', https://www.tribuneindia.com/news/punjab/punjab-on-high-alert-as-inflow-into-bhakra-and-pong-dams-increases-537612",,"On Tuesday, the inflow into the Bhakra dam was 1.05 lakh cusecs and into the Pong dam was 58,702 cusecs."
2023-08-22,Bhakra,,72835.0,49500.0,evening,False,"The Tribune, 24 Aug 2023 (yesterday)","The Tribune, 24 August 2023 11:42, 'Pong, Bhakra levels up, Punjab put on high alert', https://www.tribuneindia.com/news/punjab/pong-bhakra-levels-up-punjab-put-on-high-alert-537778/",,"The inflow in the dam has increased to 1,28,406 cusecs as against 72,835 cusecs yesterday. Against 49,500 cusecs released yesterday, 58,400 cusecs was released today"
2023-08-22,Pong,,58702.0,65711.0,evening,False,"The Tribune, 24 Aug 2023 (yesterday)","The Tribune, 24 August 2023 11:42, 'Pong, Bhakra levels up, Punjab put on high alert', https://www.tribuneindia.com/news/punjab/pong-bhakra-levels-up-punjab-put-on-high-alert-537778/",,"The inflow into the dam has increased by over two times, from 58,702 cusecs yesterday to 1,38,674 cusecs this evening. Today, 67,340 cusecs of water was released from the dam against 65,711 cusecs released yesterday."
2023-08-23,Bhakra,,128000.0,58400.0,,True,"The Tribune, 23 Aug 2023 (Wednesday)","The Tribune, 23 August 2023 19:47, 'Punjab on high alert as inflow into Bhakra and Pong dams increases', https://www.tribuneindia.com/news/punjab/punjab-on-high-alert-as-inflow-into-bhakra-and-pong-dams-increases-537612",,"The inflow into the Bhakra is 1.28 lakh cusecs and into the Pong dam is 1.58 lakh cusecs. As a result, the Bhakra dam is releasing 58,400 cusecs of water and the Pong dam 67,083 cusecs."
2023-08-23,Bhakra,1674.18,128406.0,58400.0,evening,False,"The Tribune, 24 Aug 2023","The Tribune, 24 August 2023 11:42, 'Pong, Bhakra levels up, Punjab put on high alert', https://www.tribuneindia.com/news/punjab/pong-bhakra-levels-up-punjab-put-on-high-alert-537778/",,"The water level in the Bhakra Dam is also getting closer to its maximum level of 1,680 ft, at 1,674.18 ft this evening. The inflow in the dam has increased to 1,28,406 cusecs as against 72,835 cusecs yesterday."
2023-08-23,Pong,,158000.0,67083.0,,True,"The Tribune, 23 Aug 2023 (Wednesday)","The Tribune, 23 August 2023 19:47, 'Punjab on high alert as inflow into Bhakra and Pong dams increases', https://www.tribuneindia.com/news/punjab/punjab-on-high-alert-as-inflow-into-bhakra-and-pong-dams-increases-537612",,"The inflow into the Bhakra is 1.28 lakh cusecs and into the Pong dam is 1.58 lakh cusecs. As a result, the Bhakra dam is releasing 58,400 cusecs of water and the Pong dam 67,083 cusecs."
2023-08-23,Pong,1390.0,138674.0,67340.0,evening,False,"The Tribune, 24 Aug 2023","The Tribune, 24 August 2023 11:42, 'Pong, Bhakra levels up, Punjab put on high alert', https://www.tribuneindia.com/news/punjab/pong-bhakra-levels-up-punjab-put-on-high-alert-537778/",,"The water level in the Pong Dam has again reached the maximum level of 1,390 ft. The inflow into the dam has increased by over two times, from 58,702 cusecs yesterday to 1,38,674 cusecs this evening. Today, 67,340 cusecs of water was released from the dam"
2023-08-24,Pong,1299.21,,,,False,CWC Weekly Reservoir Storage Bulletin (fb-24082023.pdf),https://cwc.gov.in/sites/default/files/fb-24082023.pdf,2023-08-24,*2 PONG DAM(BEAS)           642                                          96        80         77       0 396 | 2.344
2023-08-25,Bhakra,1673.91,52810.0,56501.0,,False,"Rozana Spokesman, 25 Aug 2023","Rozana Spokesman, 25 August 2023, 'Mounting Rainfall Elevates Flood Concerns: Bhakra Dam Water Level Reaches 1673.91 Feet', https://www.rozanaspokesman.com/news/punjab/250823/mounting-rainfall-elevates-flood-concerns-bhakra-dam-water-level-reac.html",,the water level at Bhakra Dam stands at 1673.91 feet; the dam recorded an inflow of 52810 cubic feet per second (cusecs); 41143 cusecs are being channelized through the dam's turbines and 15358 cusecs are being discharged through its flood gates
2023-08-25,Bhakra,1673.91,52810.0,56501.0,,False,Mounting Rainfall Elevates Flood Concerns: Bhakra Dam Water Level Reaches 1673.91 Feet,https://www.rozanaspokesman.com/news/punjab/250823/mounting-rainfall-elevates-flood-concerns-bhakra-dam-water-level-reac.html,2023-08-25 13:56,"Presently, the water level at Bhakra Dam stands at 1673.91 feet. the dam recorded an inflow of 52810 cubic feet per second (cusecs) of water. 41143 cusecs are being channelized through the dam's turbines, while an additional 15358 cusecs are being discharged through its flood gates. The Nangal Hydel Canal is releasing 12350 cusecs of water, Anandpur Sahib Hydel Canal is contributing 10150 cusecs, and the Sutlej River is witnessing a discharge of 35900 cusecs."
2023-08-31,Bhakra,1679.99,,,,False,CWC Weekly Reservoir Storage Bulletin (fb31082023.pdf),https://cwc.gov.in/sites/default/files/fb31082023.pdf,2023-08-31,1 GOBIND SAGAR(BHAKRA)   512.06   509.83  6.229     5.306  31-08-2023  85      78                79 676 1379 | 423.67   423.36  6.157     5.698  31-08-2023
2023-09-06,Bhakra,1679.99,,,,False,CWC Weekly Reservoir Storage Bulletin (06092023-fb.pdf),https://cwc.gov.in/sites/default/files/06092023-fb.pdf,2023-09-06,1 GOBIND SAGAR(BHAKRA)   512.06   509.90  6.229     5.316  06-09-2023  85      82                84 676 1379 | 423.67   423.26  6.157     5.698  06-09-2023
2023-09-14,Bhakra,1679.99,,,,False,CWC Weekly Reservoir Storage Bulletin (fb14092023.pdf),https://cwc.gov.in/sites/default/files/fb14092023.pdf,2023-09-14,1 GOBIND SAGAR(BHAKRA)   512.06 510.17    6.229     5.360 14-09-2023   86      82                83 676 1379
2023-09-14,Pong,1389.99,,,,False,CWC Weekly Reservoir Storage Bulletin (fb14092023.pdf),https://cwc.gov.in/sites/default/files/fb14092023.pdf,2023-09-14,*2 PONG DAM(BEAS)        423.67 422.97    6.157     5.604 14-09-2023   91      84                84       0 396
2023-09-21,Bhakra,1679.99,,,,False,CWC Weekly Reservoir Storage Bulletin (21092023-fbpdf.pdf),https://cwc.gov.in/sites/default/files/21092023-fbpdf.pdf,2023-09-21,1 GOBIND SAGAR(BHAKRA)   512.06 510.42    6.229     5.397 21-09-2023      87       82            83 676 1379
2023-09-21,Pong,1389.99,,,,False,CWC Weekly Reservoir Storage Bulletin (21092023-fbpdf.pdf),https://cwc.gov.in/sites/default/files/21092023-fbpdf.pdf,2023-09-21,*2 PONG DAM(BEAS)        423.67 423.47    6.157     5.727 21-09-2023      93       82            79       0 396
2023-09-29,Bhakra,1679.99,,,,False,CWC Weekly Reservoir Storage Bulletin (29092023-fb-pdf.pdf),https://cwc.gov.in/sites/default/files/29092023-fb-pdf.pdf,2023-09-29,1 GOBIND SAGAR(BHAKRA)   512.06 510.12    6.229     5.351 29-09-2023     86       85             83 676 1379
2023-09-29,Pong,1389.99,,,,False,CWC Weekly Reservoir Storage Bulletin (29092023-fb-pdf.pdf),https://cwc.gov.in/sites/default/files/29092023-fb-pdf.pdf,2023-09-29,*2 PONG DAM(BEAS)        423.67 423.15    6.157     5.448 27-09-2023     88       88             84       0 396
2023-10-12,Bhakra,1679.99,,,,False,CWC Weekly Reservoir Storage Bulletin (fb12102023.pdf),https://cwc.gov.in/sites/default/files/fb12102023.pdf,2023-10-12,1 GOBIND SAGAR(BHAKRA)   512.06 508.25    6.229     5.060 12-10-2023     81       86             84 676 1379
2023-10-19,Bhakra,1679.99,,,,False,CWC Weekly Reservoir Storage Bulletin (19102023-fb.pdf),https://cwc.gov.in/sites/default/files/19102023-fb.pdf,2023-10-19,1 GOBIND SAGAR(BHAKRA)   512.06 507.43    6.229     4.932 19-10-2023  79      84                 83 676 1379
2023-10-19,Pong,1389.99,,,,False,CWC Weekly Reservoir Storage Bulletin (19102023-fb.pdf),https://cwc.gov.in/sites/default/files/19102023-fb.pdf,2023-10-19,*2 PONG DAM(BEAS)        423.67 421.16    6.157     5.176 19-10-2023  84      87                 81       0 396
2023-10-26,Bhakra,1679.99,,,,False,CWC Weekly Reservoir Storage Bulletin (fb-26102023.pdf),https://cwc.gov.in/sites/default/files/fb-26102023.pdf,2023-10-26,1 GOBIND SAGAR(BHAKRA)   512.06 506.74    6.229     4.823 26-10-2023  77      84              84 676 1379
2023-10-26,Pong,1389.99,,,,False,CWC Weekly Reservoir Storage Bulletin (fb-26102023.pdf),https://cwc.gov.in/sites/default/files/fb-26102023.pdf,2023-10-26,*2 PONG DAM(BEAS)        423.67 420.44    6.157     5.085 26-10-2023  83      83              77       0 396
2023-11-02,Bhakra,1679.99,,,,False,CWC Weekly Reservoir Storage Bulletin (02112023-fb.pdf),https://cwc.gov.in/sites/default/files/02112023-fb.pdf,2023-11-02,1 GOBIND SAGAR(BHAKRA)   512.06 506.74    6.229     4.823 26-10-2023      77       84            84 676 1379
2023-11-02,Pong,1389.99,,,,False,CWC Weekly Reservoir Storage Bulletin (02112023-fb.pdf),https://cwc.gov.in/sites/default/files/02112023-fb.pdf,2023-11-02,*2 PONG DAM(BEAS)        423.67 418.91    6.157     4.891 02-11-2023      79       82            77       0 396
2023-11-09,Bhakra,1679.99,,,,False,CWC Weekly Reservoir Storage Bulletin (fb09112023.pdf),https://cwc.gov.in/sites/default/files/fb09112023.pdf,2023-11-09,1 GOBIND SAGAR(BHAKRA)   512.06   505.41  6.229     4.624  09-11-2023  74      82                81 676 1379 | 423.67   419.40  6.157     4.779  09-11-2023
2023-11-16,Bhakra,1679.99,,,,False,CWC Weekly Reservoir Storage Bulletin (fb-16112023.pdf),https://cwc.gov.in/sites/default/files/fb-16112023.pdf,2023-11-16,1 GOBIND SAGAR(BHAKRA)   512.06   504.66  6.229       4.516  16-11-2023     72       82          77 676 1379 | 423.67   418.94  6.157       4.679  16-11-2023
2023-11-23,Bhakra,1679.99,,,,False,CWC Weekly Reservoir Storage Bulletin (fb-23112023.pdf),https://cwc.gov.in/sites/default/files/fb-23112023.pdf,2023-11-23,1 GOBIND SAGAR(BHAKRA)   512.06   503.10  6.229     4.293  23-11-2023     69       82         75 676 1379 | 423.67   418.91  6.157     4.672  23-11-2023
2023-11-30,Bhakra,1679.99,,,,False,CWC Weekly Reservoir Storage Bulletin (30112023-fb.pdf),https://cwc.gov.in/sites/default/files/30112023-fb.pdf,2023-11-30,1 GOBIND SAGAR(BHAKRA)   512.06   502.40  6.229     4.193  30-11-2023  67      79                74 676 1379 | 423.67   418.28  6.157     4.534  30-11-2023
2023-12-07,Bhakra,1679.99,,,,False,CWC Weekly Reservoir Storage Bulletin (fb07122023.pdf),https://cwc.gov.in/sites/default/files/fb07122023.pdf,2023-12-07,1 GOBIND SAGAR(BHAKRA)   512.06 501.76    6.229     4.101 07-12-2023     66       74             71 676 1379
2023-12-07,Pong,1389.99,,,,False,CWC Weekly Reservoir Storage Bulletin (fb07122023.pdf),https://cwc.gov.in/sites/default/files/fb07122023.pdf,2023-12-07,*2 PONG DAM(BEAS)        423.67 417.56    6.157     4.375 07-12-2023     71       70             63       0 396
2023-12-14,Bhakra,1679.99,,,,False,CWC Weekly Reservoir Storage Bulletin (14122023-fb.pdf),https://cwc.gov.in/sites/default/files/14122023-fb.pdf,2023-12-14,1 GOBIND SAGAR(BHAKRA)   512.06 500.49    6.229     3.919 14-12-2023     63       69             67 676 1379
2023-12-14,Pong,1389.99,,,,False,CWC Weekly Reservoir Storage Bulletin (14122023-fb.pdf),https://cwc.gov.in/sites/default/files/14122023-fb.pdf,2023-12-14,*2 PONG DAM(BEAS)        423.67 416.79    6.157     4.215 14-12-2023     68       68             62       0 396
2023-12-21,Bhakra,1679.99,,,,False,CWC Weekly Reservoir Storage Bulletin (21122023-fb.pdf),https://cwc.gov.in/sites/default/files/21122023-fb.pdf,2023-12-21,1 GOBIND SAGAR(BHAKRA)   512.06 499.13    6.229     3.736 21-12-2023      60       64            65 676 1379
2024-01-04,Bhakra,1679.99,,,,False,CWC Weekly Reservoir Storage Bulletin (fb-04012024.pdf),https://cwc.gov.in/sites/default/files/fb-04012024.pdf,2024-01-04,1 GOBIND SAGAR(BHAKRA)   512.06 496.57    6.229     3.409 04-01-2024     55       58          61 676 1379
2024-01-11,Bhakra,1679.99,,,,False,CWC Weekly Reservoir Storage Bulletin (11.01.2024.pdf),https://cwc.gov.in/sites/default/files/11.01.2024.pdf,2024-01-11,1 GOBIND SAGAR(BHAKRA)   512.06 495.51    6.229     3.273 11-01-2024     53       56             56 676 1379
2024-01-18,Bhakra,1679.99,,,,False,CWC Weekly Reservoir Storage Bulletin (fb18012024.pdf),https://cwc.gov.in/sites/default/files/fb18012024.pdf,2024-01-18,1 GOBIND SAGAR(BHAKRA)   512.06 494.27    6.229     3.115 18-01-2024  50      55                 57 676 1379
2024-01-25,Bhakra,1679.99,,,,False,CWC Weekly Reservoir Storage Bulletin (fb-25012024.pdf),https://cwc.gov.in/sites/default/files/fb-25012024.pdf,2024-01-25,1 GOBIND SAGAR(BHAKRA)   512.06 492.75    6.229     2.937 25-01-2024     47       52          52 676 1379
2024-02-01,Bhakra,1679.99,,,,False,CWC Weekly Reservoir Storage Bulletin (fb-01022024.pdf),https://cwc.gov.in/sites/default/files/fb-01022024.pdf,2024-02-01,1 GOBIND SAGAR(BHAKRA)   512.06 491.25    6.229     2.769 01-02-2024     44       49          48 676 1379
2024-02-03,Bhakra,1610.78,,,,False,चिंता की बात: 14 फीट घटा भाखड़ा का जलस्तर,https://www.amarujala.com/punjab/chandigarh-punjab/bhakra-water-level-decreased-by-14-feet-power-water-crisis-in-three-states-and-two-uts-2025-02-04,2025-02-04 08:28 IST,वर्ष 2024 में इसी दिन भाखड़ा का जलस्तर 1610.78 फीट था
2024-02-03,Pong,1348.18,,,,False,चिंता की बात: 14 फीट घटा भाखड़ा का जलस्तर,https://www.amarujala.com/punjab/chandigarh-punjab/bhakra-water-level-decreased-by-14-feet-power-water-crisis-in-three-states-and-two-uts-2025-02-04,2025-02-04 08:28 IST,Pong dam previous year (3 Feb 2024) level 1348.18 feet
2024-02-06,Bhakra,1608.25,,,,False,low water level in dams may hit power generation irrigation needs,https://www.tribuneindia.com/news/punjab/low-water-level-in-dams-may-hit-power-generation-irrigation-needs/,2025-02-09,"this is 15 feet less than the corresponding level of 1,608.25 feet last year"
2024-02-08,Bhakra,1679.99,,,,False,CWC Weekly Reservoir Storage Bulletin (08022024-fb.pdf),https://cwc.gov.in/sites/default/files/08022024-fb.pdf,2024-02-08,1 GOBIND SAGAR(BHAKRA)   512.06 490.28    6.229     2.661 08-02-2024  43      47                 46 676 1379
2024-02-08,Ranjit Sagar,1641.4,,,,False,low water level in dams may hit power generation irrigation needs,https://www.tribuneindia.com/news/punjab/low-water-level-in-dams-may-hit-power-generation-irrigation-needs/,2025-02-09,"down by 24 feet against last year's water level of 500.34 m (1,641.4 feet) on February 8"
2024-02-15,Bhakra,1679.99,,,,False,CWC Weekly Reservoir Storage Bulletin (15022024-fb.pdf),https://cwc.gov.in/sites/default/files/15022024-fb.pdf,2024-02-15,1 GOBIND SAGAR(BHAKRA)   512.06 488.82    6.229     2.498 15-02-2024  40      44                 43 676 1379
2024-02-22,Bhakra,1679.99,,,,False,CWC Weekly Reservoir Storage Bulletin (fb-22022024.pdf),https://cwc.gov.in/sites/default/files/fb-22022024.pdf,2024-02-22,1 GOBIND SAGAR(BHAKRA)   512.06 487.09    6.229     2.314 22-02-2024   37      41                38 676 1379
2024-03-07,Bhakra,1679.99,,,,False,CWC Weekly Reservoir Storage Bulletin (fb-07032024.pdf),https://cwc.gov.in/sites/default/files/fb-07032024.pdf,2024-03-07,1 GOBIND SAGAR(BHAKRA)   512.06 484.30    6.229     2.052 07-03-2024   33      35                37 676 1379
2024-03-07,Pong,1389.99,,,,False,CWC Weekly Reservoir Storage Bulletin (fb-07032024.pdf),https://cwc.gov.in/sites/default/files/fb-07032024.pdf,2024-03-07,*2 PONG DAM(BEAS)        423.67 405.55    6.157     2.142 07-03-2024   35      39                29       0 396
2024-03-14,Bhakra,1679.99,,,,False,CWC Weekly Reservoir Storage Bulletin (fb-14032024.pdf),https://cwc.gov.in/sites/default/files/fb-14032024.pdf,2024-03-14,1 GOBIND SAGAR(BHAKRA)   512.06 483.04    6.229     1.932 14-03-2024      31       32            34 676 1379
2024-03-21,Bhakra,1679.99,,,,False,CWC Weekly Reservoir Storage Bulletin (fb-21032024.pdf),https://cwc.gov.in/sites/default/files/fb-21032024.pdf,2024-03-21,1 GOBIND SAGAR(BHAKRA)   512.06 481.27    6.229     1.771 21-03-2024   28      30                31 676 1379
2024-03-28,Bhakra,1679.99,,,,False,CWC Weekly Reservoir Storage Bulletin (28032024-fb.pdf),https://cwc.gov.in/sites/default/files/28032024-fb.pdf,2024-03-28,1 GOBIND SAGAR(BHAKRA)   512.06 479.73    6.229     1.654 28-03-2024   27      29                29 676 1379
2024-04-04,Bhakra,1679.99,,,,False,CWC Weekly Reservoir Storage Bulletin (04042024fb.pdf),https://cwc.gov.in/sites/default/files/04042024fb.pdf,2024-04-04,1 GOBIND SAGAR(BHAKRA)   512.06 479.55    6.229     1.640 04-04-2024   26      29                29 676 1379
2024-04-12,Bhakra,1679.99,,,,False,CWC Weekly Reservoir Storage Bulletin (12042024-bulletin.pdf),https://cwc.gov.in/sites/default/files/12042024-bulletin.pdf,2024-04-12,1 GOBIND SAGAR(BHAKRA)   512.06 479.06    6.229     1.603 12-04-2024   26      28                29 676 1379
2024-04-18,Bhakra,1679.99,,,,False,CWC Weekly Reservoir Storage Bulletin (fb-18042024.pdf),https://cwc.gov.in/sites/default/files/fb-18042024.pdf,2024-04-18,1 GOBIND SAGAR(BHAKRA)   512.06 478.80    6.229     1.583 18-04-2024      25       27            30 676 1379
2024-05-09,Bhakra,1679.99,,,,False,CWC Weekly Reservoir Storage Bulletin (fb09052024.pdf),https://cwc.gov.in/sites/default/files/fb09052024.pdf,2024-05-09,1 GOBIND SAGAR(BHAKRA)   512.06 475.78    6.229     1.354 09-05-2024   22      23                26 676 1379
2024-05-16,Bhakra,1679.99,,,,False,CWC Weekly Reservoir Storage Bulletin (16052024-fb.pdf),https://cwc.gov.in/sites/default/files/16052024-fb.pdf,2024-05-16,1 GOBIND SAGAR(BHAKRA)   512.06 476.10    6.229     1.378 16-05-2024   22      21                25 676 1379
2024-06-06,Bhakra,1679.99,,,,False,CWC Weekly Reservoir Storage Bulletin (fb-06062024.pdf),https://cwc.gov.in/sites/default/files/fb-06062024.pdf,2024-06-06,1 GOBIND SAGAR(BHAKRA)   512.06 482.26    6.229     1.859 06-06-2024     30      24           28 676 1379
2024-06-12,Bhakra,1584.0,,26000.0,,False,Bhakra Dam and Pong Dam Water Level Rise Before Arrival of Monsoon Season,https://www.rozanaspokesman.com/news/punjab/130624/bhakra-dam-and-pong-dam-water-level-rise-before-arrival-of-monsoon-sea.html,2024-06-13 09:26,the water level has risen to 1584 ft in the Bhakra dam. around 26 thousand cusec water can be released from Bhakra Dam today.
2024-06-12,Pong,1313.0,,,,False,Bhakra Dam and Pong Dam Water Level Rise Before Arrival of Monsoon Season,https://www.rozanaspokesman.com/news/punjab/130624/bhakra-dam-and-pong-dam-water-level-rise-before-arrival-of-monsoon-sea.html,2024-06-13 09:26,1313 ft in the Pong dam
2024-06-13,Bhakra,1679.99,,,,False,CWC Weekly Reservoir Storage Bulletin (13062024-fb.pdf),https://cwc.gov.in/sites/default/files/13062024-fb.pdf,2024-06-13,1 GOBIND SAGAR(BHAKRA)   512.06 482.87    6.229     1.916 13-06-2024     31      27           29 676 1379
2024-06-20,Bhakra,1679.99,,,,False,CWC Weekly Reservoir Storage Bulletin (fb-20062024.pdf),https://cwc.gov.in/sites/default/files/fb-20062024.pdf,2024-06-20,1 GOBIND SAGAR(BHAKRA)   512.06 483.24      6.229     1.951 20-06-24      31      28          29 676 1379
2024-06-21,Bhakra,,34525.0,,,False,"Heavy rainfall in HP but water level low in Bhakra, Pong dams",https://www.tribuneindia.com/news/punjab/heavy-rainfall-in-hp-but-water-level-low-in-bhakra-pong-dams/,2025-06-22,"last year's inflow of 34,525 cusecs on the same date"
2024-06-21,Pong,1309.6,5389.0,,,False,"Heavy rainfall in HP but water level low in Bhakra, Pong dams",https://www.tribuneindia.com/news/punjab/heavy-rainfall-in-hp-but-water-level-low-in-bhakra-pong-dams/,2025-06-22,"Last year, the water level in Pong Dam on June 21 was 1,309.60 feet; 5,389 cusec inflow on June 21 last year"
2024-06-27,Bhakra,1679.99,,,,False,CWC Weekly Reservoir Storage Bulletin (fb27062024.pdf),https://cwc.gov.in/sites/default/files/fb27062024.pdf,2024-06-27,1 GOBIND SAGAR(BHAKRA)   512.06 482.90      6.229     1.919 27-06-2024     31      29         28 676 1379
2024-06-30,Bhakra,1585.83,34162.0,29693.0,,False,ਭਾਖੜਾ ਡੈਮ 'ਚ ਪਾਣੀ ਦਾ ਪੱਧਰ 1585.83 ਫੁੱਟ 'ਤੇ ਪੁੱਜਾ,https://www.rozanaspokesman.in/news/punjab/010724/the-water-level-in-bhakra-dam-reached-158583-feet.html,2024-07-01 10:07 IST,ਭਾਖੜਾ ਡੈਮ 'ਚ ਪਾਣੀ ਦਾ ਪੱਧਰ 1583.83 ਫੁੱਟ ਤੱਕ ਪੁੱਜ ਗਿਆ; ਪਾਣੀ ਦੀ ਆਵਕ 34162 ਕਿਊਸਿਕ ਫੁੱਟ ਕੀਤੀ ਗਈ; 29693 ਕਿਊਸਿਕ ਫੁੱਟ ਪਾਣੀ ਛੱਡਿਆ ਜਾ ਰਿਹਾ ਹੈ
2024-07-04,Bhakra,1679.99,,,,False,CWC Weekly Reservoir Storage Bulletin (04072024-fb.pdf),https://cwc.gov.in/sites/default/files/04072024-fb.pdf,2024-07-04,1 GOBIND SAGAR(BHAKRA)   512.06 484.73      6.229     2.092 04-07-2024     34      37         28 676 1379
2024-07-11,Bhakra,1679.99,,,,False,CWC Weekly Reservoir Storage Bulletin (11072024-fb_2.pdf),https://cwc.gov.in/sites/default/files/11072024-fb_2.pdf,2024-07-11,1 GOBIND SAGAR(BHAKRA)   512.06 486.69      6.229     2.277 11-07-2024     37      56         35 676 1379
2024-07-18,Bhakra,1679.99,,,,False,CWC Weekly Reservoir Storage Bulletin (fb18072024.pdf),https://cwc.gov.in/sites/default/files/fb18072024.pdf,2024-07-18,1 GOBIND SAGAR(BHAKRA)   512.06 486.88      6.229     2.295 18-07-2024     37      64         41 676 1379
2024-07-21,Bhakra,1597.97,,,,False,Una News: भाखड़ा बांध का जलस्तर 1600 फीट के ऊपर पहुंचा,https://www.amarujala.com/himachal-pradesh/una/the-water-level-of-bhakra-dam-reached-above-1600-feet-una-news-c-93-1-ssml1048-159901-2025-07-21,2025-07-22 07:12 IST,"July 21, 2024: Water level was 1597.97 feet (year-on-year comparison stated in article)"
2024-07-25,Bhakra,1679.99,,,,False,CWC Weekly Reservoir Storage Bulletin (25072024-fb.pdf),https://cwc.gov.in/sites/default/files/25072024-fb.pdf,2024-07-25,1 GOBIND SAGAR(BHAKRA)   512.06 488.10      6.229       2.417 25-07-24      39       73        47 676 1379
2024-07-28,Bhakra,1605.7,,,,False,"Una News: भाखड़ा बांध का जलस्तर बढ़ा, खतरे के निशान के करीब",https://www.amarujala.com/himachal-pradesh/una/bhakra-dam-water-level-rises-close-to-danger-mark-una-news-c-93-1-ssml1048-160790-2025-07-29,2025-07-29 19:39 IST,"प्रति वर्ष इसी तारीख को जलस्तर 1,605.70 फीट था (year-on-year comparison, date approximate)"
2024-08-01,Bhakra,1608.2,,,,False,"Low water level in dams likely to hit irrigation, power generation",https://www.tribuneindia.com/news/punjab/low-water-level-in-dams-likely-to-hit-irrigation-power-generation/,2024-08-18,"August 1 level of 1,608.2 feet"
2024-08-01,Pong,1321.07,,,,False,"Kangra News: 1,346 फीट तक पहुंचा पौंग का जलस्तर, खतरे के निशान के महज 44 फीट नीचे",https://www.amarujala.com/himachal-pradesh/kangra/pongs-water-level-reached-1346-feet-just-44-feet-below-the-danger-mark-kangra-news-c-95-1-kng1002-143127-2024-08-13,2024-08-13 01:50 IST,पौंग में इस साल पहली अगस्त को 1321.07 फीट जलस्तर था
2024-08-01,Pong,1321.0,,,,False,"Low water level in dams likely to hit irrigation, power generation",https://www.tribuneindia.com/news/punjab/low-water-level-in-dams-likely-to-hit-irrigation-power-generation/,2024-08-18,"up from 1,321 feet"
2024-08-01,Ranjit Sagar,1611.0,,,,False,"Low water level in dams likely to hit irrigation, power generation",https://www.tribuneindia.com/news/punjab/low-water-level-in-dams-likely-to-hit-irrigation-power-generation/,2024-08-18,"against 1,611 feet on August 1"
2024-08-02,Bhakra,1610.41,56073.0,30868.0,06:00,False,"1610.41 ਫੁੱਟ ਤੇ ਪਹੁੰਚਿਆਂ ਭਾਖੜਾ ਡੈਮ 'ਚ ਪਾਣੀ ਦਾ ਪੱਧਰ, ਬੀਤੇ ਵਰ੍ਹੇ ਦੇ ਮੁਕਾਬਲੇ 52.59 ਫੁੱਟ ਹੇਠਾ ਹੈ ਪਾਣੀ ਦਾ ਪੱਧਰ",https://www.punjabijagran.com/punjab/roparnawanshahr-the-water-level-in-bhakra-dam-has-reached-1610-41-feet-the-water-level-is-52-59-feet-lower-than-last-year-9389311.html,2024-08-02 20:14 IST,ਭਾਖੜਾ ਡੈਮ 'ਚ ਪਾਣੀ ਦਾ ਪੱਧਰ 1610.41 ਫੁੱਟ ਸੀ; ਡੈਮ ਚ 56073 ਕਿਉਸਿਕ ਫੁੱਟ ਪਾਣੀ ਦੀ ਆਮਦ ਦਰਜ ਕੀਤੀ ਗਈ; ਡੈਮ ਤੋਂ 30868 ਕਿਉਸਿਕ ਫੁੱਟ ਪਾਣੀ ਸਤਲੁਜ ਵਿੱਚ ਛੱਡਿਆ ਗਿਆ
2024-08-02,Pong,1328.45,,,,False,Water level in Pong dam rises sharply due to heavy rainfall; BBMB warns of possible spillway release,https://www.newindianexpress.com/india/2025/Aug/02/water-level-in-pong-dam-rises-sharply-due-to-heavy-rainfall-bbmb-warns-of-possible-spillway-release,2025-08-02,significantly higher than the 1328.45 feet recorded on the same day last year
2024-08-03,Pong,1328.45,,,,False,water level in pong dam nears danger mark bbmb to release 18995 cusecs,https://www.tribuneindia.com/news/himachal/water-level-in-pong-dam-nears-danger-mark-bbmb-to-release-18995-cusecs,2025-08-03,"higher than the 1,328.45 feet recorded on the same day last year"
2024-08-12,Pong,1346.42,59830.0,7110.0,11:00,False,"Kangra News: 1,346 फीट तक पहुंचा पौंग का जलस्तर, खतरे के निशान के महज 44 फीट नीचे",https://www.amarujala.com/himachal-pradesh/kangra/pongs-water-level-reached-1346-feet-just-44-feet-below-the-danger-mark-kangra-news-c-95-1-kng1002-143127-2024-08-13,2024-08-13 01:50 IST,"कांगड़ा जिले के पौंग बांध में सोमवार दोपहर तक जलस्तर बढ़कर 1346.42 फीट हो गया है; पौंग डैम में 12 अगस्त को सुबह 11 बजे पानी की आवक 59,830 क्यूसिक है, जबकि 7,110 क्यूसिक पानी छोड़ा जा रहा है"
2024-08-15,Bhakra,1626.5,,,,False,"Low water level in dams likely to hit irrigation, power generation",https://www.tribuneindia.com/news/punjab/low-water-level-in-dams-likely-to-hit-irrigation-power-generation/,2024-08-18,"the water level in the Bhakra reservoir was 1,626.5 feet"
2024-08-15,Pong,1351.0,,,,False,"Low water level in dams likely to hit irrigation, power generation",https://www.tribuneindia.com/news/punjab/low-water-level-in-dams-likely-to-hit-irrigation-power-generation/,2024-08-18,"water level in the Pong dam is 1,351 feet"
2024-08-15,Ranjit Sagar,1639.0,,,,False,"Low water level in dams likely to hit irrigation, power generation",https://www.tribuneindia.com/news/punjab/low-water-level-in-dams-likely-to-hit-irrigation-power-generation/,2024-08-18,"water level in the dam is 1,639 feet"
2024-08-16,Bhakra,1627.45,,,,False,Una News: भाखड़ा बांध का जलस्तर पहुंचा 1658 फीट के पार,https://www.amarujala.com/himachal-pradesh/una/the-water-level-of-bhakra-dam-crossed-1658-feet-una-news-c-93-1-ssml1047-162411-2025-08-16,2025-08-16 19:20 IST,Previous year (16 Aug 2024) water level was 1627.45 feet (year-on-year comparison stated in article)
2024-08-25,Bhakra,1635.0,,,,False,"Amid heavy rainfall in Himachal: BBMB keeps close watch, says Bhakra water level to be maintained at 1,667 ft",https://www.hindustantimes.com/cities/chandigarh-news/amid-heavy-rainfall-in-himachal-bbmb-keeps-close-watch-says-bhakra-water-level-to-be-maintained-at-1-667-ft-101756062276244.html,2025-08-25,"on the corresponding day last year the level of water was 1,635 feet, which is 32 feet less than the current levels"
2024-10-03,Bhakra,1679.99,,,,False,CWC Weekly Reservoir Storage Bulletin (03102024.pdf),https://cwc.gov.in/sites/default/files/03102024.pdf,2024-10-03,1 GOBIND SAGAR(BHAKRA)   512.06 502.01              6.229            4.137 03-10-2024     66            85            81 676 1379
2024-11-20,Bhakra,1633.0,6000.0,,,False,water level low in dams bbmb cautions member states,https://www.tribuneindia.com/news/punjab/water-level-low-in-dams-bbmb-cautions-member-states/,2024-11-21,"The water level recorded at the Bhakra Dam on the Sutlej in Himachal Pradesh was 1,633 feet on November 20; At Bhakra, the inflow today was around 6,000 cusecs"
2024-11-20,Pong,1343.0,,,,False,water level low in dams bbmb cautions member states,https://www.tribuneindia.com/news/punjab/water-level-low-in-dams-bbmb-cautions-member-states/,2024-11-21,"At the Pong Dam on the Beas, the water level was 1,343 feet, about 18 feet lower than that last year"
2024-11-21,Bhakra,1633.48,,,,False,Himachal: पंजाब में नहरों की मरम्मत से और बढ़ेगा भाखड़ा डैम में पानी,https://www.amarujala.com/shimla/himachal-punjab-s-canal-repairs-will-further-increase-water-in-bhakra-dam-find-out-what-the-management-says-2025-11-21,2025-11-21 10:59 IST,पिछले साल आज के दिन (21 नवंबर 2024) जलस्तर 1633.48 फीट था (year-on-year comparison)
2025-01-03,Bhakra,,4700.0,10000.0,,False,water level low in dams bbmb sounds warning,https://www.tribuneindia.com/news/punjab/water-level-low-in-dams-bbmb-sounds-warning/,2025-01-04,"The inflow at the Bhakra dam on January 3 was about 4,700 cusecs and the outflow was 10,000 cusecs"
2025-01-03,Pong,,2600.0,13000.0,,False,water level low in dams bbmb sounds warning,https://www.tribuneindia.com/news/punjab/water-level-low-in-dams-bbmb-sounds-warning/,2025-01-04,"at Pong, the inflow and outflow was 2,600 cusecs and 13,000 cusecs, respectively"
2025-02-03,Bhakra,1596.61,,,,False,चिंता की बात: 14 फीट घटा भाखड़ा का जलस्तर,https://www.amarujala.com/punjab/chandigarh-punjab/bhakra-water-level-decreased-by-14-feet-power-water-crisis-in-three-states-and-two-uts-2025-02-04,2025-02-04 08:28 IST,सोमवार को भाखड़ा बांध का जलस्तर 1596.61 फीट दर्ज किया गया है
2025-02-03,Pong,1308.0,,,,False,चिंता की बात: 14 फीट घटा भाखड़ा का जलस्तर,https://www.amarujala.com/punjab/chandigarh-punjab/bhakra-water-level-decreased-by-14-feet-power-water-crisis-in-three-states-and-two-uts-2025-02-04,2025-02-04 08:28 IST,Pong dam level 1308 feet on 3 Feb 2025 (normal average 1337 feet)
2025-02-06,Bhakra,1593.3,,,,False,low water level in dams may hit power generation irrigation needs,https://www.tribuneindia.com/news/punjab/low-water-level-in-dams-may-hit-power-generation-irrigation-needs/,2025-02-09,"The water in the Bhakra reservoir is 1,593.3 feet"
2025-02-06,Pong,1306.0,,,,False,low water level in dams may hit power generation irrigation needs,https://www.tribuneindia.com/news/punjab/low-water-level-in-dams-may-hit-power-generation-irrigation-needs/,2025-02-09,"At the Pong Dam, the water level is 1,306 feet"
2025-02-08,Ranjit Sagar,1617.7,,,,False,low water level in dams may hit power generation irrigation needs,https://www.tribuneindia.com/news/punjab/low-water-level-in-dams-may-hit-power-generation-irrigation-needs/,2025-02-09,"Ranjit Sagar Dam level is 493.19 m (1,617.7 feet); down by 24 feet against last year's water level of 500.34 m (1,641.4 feet) on February 8"
2025-06-09,Bhakra,1556.6,,,,False,"बारिश से पहले बढ़ा भाखड़ा का जलस्तर, पंजाब में बाढ़ को लेकर बढ़ी चिंता",https://lalluram.com/bbmb-advisory-bhakra-reservoir-water-level-punjab-flood-concern/,2026-06-10 17:32 IST,"पिछले वर्ष इसी दिन यह 1,556.60 फीट था"
2025-06-09,Bhakra,1556.6,21792.0,30528.0,,False,"Dam level up, BBMB tells Punjab, Haryana to draw more water",https://www.tribuneindia.com/news/punjab/dam-level-up-bbmb-tells-states-to-draw-more-water/,2026-06-10,"the corresponding level of 1,556.60 feet recorded last year; lower than 21,792 cusecs recorded on the same day last year; compared with 30,528 cusecs on June 9 last year"
2025-06-11,Bhakra,1555.3,,,,False,"Bhakra inflows down 50% as low snowfall, delayed snowmelt hit Sutlej catchment",https://www.newindianexpress.com/india/2026/Jun/13/bhakra-inflows-down-50-as-low-snowfall-delayed-snowmelt-hit-sutlej-catchment,2026-06-13,"compared with 1,555.30 feet on the same date last year"
2025-06-12,Bhakra,1555.3,28015.0,31000.0,,False,"Una News: भाखड़ा डैम का जलस्तर पहुंचा 1,576 फीट के पार",https://www.amarujala.com/himachal-pradesh/una/bhakra-dam-water-level-crosses-1576-feet-una-news-c-93-1-una1026-194866-2026-06-12,2026-06-12 00:10 IST,"भाखड़ा डैम का जलस्तर 1,555.30 फीट तक ही पंहुच पाया था (year-on-year comparison, 12 June 2025); इनफ्लो 28,015 क्यूसेक; टरबाइन से 31,000 क्यूसेक"
2025-06-13,Bhakra,1554.84,,,,False,Bhakra Dam Water Level: ਭਾਖੜਾ ਡੈਮ ਵਿੱਚ ਪਾਣੀ ਦਾ ਪੱਧਰ 1576.22 ਫੁੱਟ ਤੱਕ ਪੁੱਜਿਆ,https://www.punjabitribuneonline.com/news/punjab/water-level-in-bhakra-dam-reaches-1576-22-feet/,2026-06-13 05:45 IST,ਪਿਛਲੇ ਸਾਲ ਅੱਜ ਦੇ ਦਿਨ ਭਾਖੜਾ ਡੈਮ ਵਿੱਚ ਅੱਜ ਦੇ ਦਿਨ ਪਾਣੀ ਦਾ ਪੱਧਰ 1554.84 ਫੁੱਟ ਸੀ
2025-06-13,Pong,1290.81,,,,False,Bhakra Dam Water Level: ਭਾਖੜਾ ਡੈਮ ਵਿੱਚ ਪਾਣੀ ਦਾ ਪੱਧਰ 1576.22 ਫੁੱਟ ਤੱਕ ਪੁੱਜਿਆ,https://www.punjabitribuneonline.com/news/punjab/water-level-in-bhakra-dam-reaches-1576-22-feet/,2026-06-13 05:45 IST,Pong dam prior year level 1290.81 feet (year-on-year comparison stated in article)
2025-06-21,Bhakra,1560.32,32699.0,34500.0,,False,"Heavy rainfall in HP but water level low in Bhakra, Pong dams",https://www.tribuneindia.com/news/punjab/heavy-rainfall-in-hp-but-water-level-low-in-bhakra-pong-dams/,2025-06-22,"The water level in Bhakra Dam was 1,560.32 feet; The water inflow stood at 32,699 cusecs today; The water releases from the dam was 34,500 cusecs on Saturday"
2025-06-21,Pong,1288.76,16602.0,9011.0,,False,"Heavy rainfall in HP but water level low in Bhakra, Pong dams",https://www.tribuneindia.com/news/punjab/heavy-rainfall-in-hp-but-water-level-low-in-bhakra-pong-dams/,2025-06-22,"In Pong Dam, the water level stood at 1,288.76 feet; inflow of water in reservoir to 16,602 cusecs; Water releases from the reservoir remained at 9,011 cusecs"
2025-06-29,Bhakra,1570.86,46103.0,,,False,Una News: बीते वर्ष के मुकाबले भाखड़ा बांध के जलस्तर में आई 16 फीट की गिरावट,https://www.amarujala.com/himachal-pradesh/una/16-foot-drop-in-bhakra-dams-water-level-compared-to-last-year-una-news-c-93-1-una1026-196838-2026-06-30,2026-06-30 00:50 IST,46103 क्यूसेक पानी की आमद के साथ भाखड़ा डैम का जलस्तर 1570.86 फीट दर्ज किया गया था
2025-07-05,Bhakra,1584.21,44295.0,26065.0,,False,"Bhakra Dam Water level increased, level reached 1584.21 feet",https://www.rozanaspokesman.in/news/nation/050725/water-level-in-bhakra-dam-increased-level-reached-158421-feet-latest.html,2025-07-05,"Water level recorded at 1584.21 feet. 44,295 cusecs flowing into the dam. 26,065 cusecs being released from the dam. Nangal canal 12,350 cusecs; Anandpur canal 10,150 cusecs; Sutlej river 2,000 cusecs"
2025-07-11,Pong,1326.0,,,,False,पौंग बांध में पिछले नौ दिन में चार फीट तक बढ़ा जलस्तर,https://www.amarujala.com/himachal-pradesh/kangra/the-water-level-in-pong-dam-has-increased-by-four-feet-in-the-last-nine-days-kangra-news-c-95-1-kng1004-186841-2025-07-21,2025-07-21 00:52 IST,11 जुलाई को जलस्तर 1326 फीट दर्ज किया गया था
2025-07-15,Bhakra,1593.0,,,,False,22 फीट बढ़ा भाखड़ा का जलस्तर: पिछले साल से फिर भी नीचे...,https://www.amarujala.com/punjab/chandigarh-punjab/bhakra-water-level-rises-by-22-feet-in-14-days-water-crisis-could-deepen-across-three-states-chandigarh-2026-07-15,2026-07-15 10:58 IST,पिछले साल इसी दिन बांध का जलस्तर 1593 फीट बना हुआ था
2025-07-20,Pong,1330.25,22345.0,17315.0,morning,False,पौंग बांध में पिछले नौ दिन में चार फीट तक बढ़ा जलस्तर,https://www.amarujala.com/himachal-pradesh/kangra/the-water-level-in-pong-dam-has-increased-by-four-feet-in-the-last-nine-days-kangra-news-c-95-1-kng1004-186841-2025-07-21,2025-07-21 00:52 IST,रविवार सुबह के आंकड़ों के अनुसार पौंग बांध का जलस्तर 1330.25 फीट आंका गया है; रविवार को पौंग बांध में 22345 क्यूसेक पानी आया; 17315 क्यूसेक पानी छोड़ा गया
2025-07-21,Bhakra,1600.16,43671.0,25567.0,,False,Una News: भाखड़ा बांध का जलस्तर 1600 फीट के ऊपर पहुंचा,https://www.amarujala.com/himachal-pradesh/una/the-water-level-of-bhakra-dam-reached-above-1600-feet-una-news-c-93-1-ssml1048-159901-2025-07-21,2025-07-22 07:12 IST,"सोमवार को भाखड़ा बांध के पीछे बनी गोबिंद सागर झील में पानी की आमद 43671 क्यूसेक दर्ज की गई, जिससे बांध का जलस्तर 1600.16 फीट जा पंहुच गया है; टरबाइन से बिजली उत्पादन हेतु 25,567 क्यूसेक छोड़ा गया"
2025-07-22,Bhakra,,77741.0,,,False,"Bhakra Dam Water Level: ਭਾਖੜਾ, ਪੌਂਗ ਅਤੇ ਪੰਡੋਹ ਡੈਮਾਂ ਵਿੱਚ ਪਾਣੀ ਦੀ ਆਮਦ ਘੱਟ",https://www.punjabitribuneonline.com/news/nation/water-inflow-in-bhakra-pong-and-pandoh-dams-reduced/,2026-07-24 05:50 IST,"ਪਿਛਲੇ ਸਾਲ ਇਸੇ ਦਿਨ 77,741 ਕਿਊਸਿਕ ਪਾਣੀ ਦੀ ਆਮਦ ਦਰਜ ਕੀਤੀ ਗਈ ਸੀ (year-on-year inflow comparison)"
2025-07-24,Bhakra,1609.74,,,,False,"Water levels in Bhakra, Pong drop below last year's marks",https://timesofindia.indiatimes.com/city/chandigarh/water-levels-in-bhakra-pong-drop-below-last-years-marks/articleshow/132612416.cms,2026-07-24,"On the same day last year, the water level in the reservoir was recorded at 1,609.74 feet"
2025-07-24,Pong,1340.39,,,,False,"Water levels in Bhakra, Pong drop below last year's marks",https://timesofindia.indiatimes.com/city/chandigarh/water-levels-in-bhakra-pong-drop-below-last-years-marks/articleshow/132612416.cms,2026-07-24,"compared to 1,340.39 feet registered on the corresponding day in 2025"
2025-07-28,Bhakra,1617.5,45857.0,25384.0,,False,"Una News: भाखड़ा बांध का जलस्तर बढ़ा, खतरे के निशान के करीब",https://www.amarujala.com/himachal-pradesh/una/bhakra-dam-water-level-rises-close-to-danger-mark-una-news-c-93-1-ssml1048-160790-2025-07-29,2025-07-29 19:39 IST,"सोमवार को झील में पानी की आमद 45,857 क्यूसेक दर्ज की गई, जिससे जलस्तर 1617.50 फीट पहुंच गया; टरबाइन से 25,384 क्यूसेक छोड़ा"
2025-08-01,Bhakra,,190000.0,,,False,"Centre rejects Punjab's claim that lapses at Bhakra, Pong dams exacerbated floods",https://timesofindia.indiatimes.com/city/chandigarh/centre-rejects-punjabs-claim-that-lapses-at-bhakra-pong-dams-exacerbated-floods/articleshow/125702055.cms,2025-12-02,"extensive rains in the catchments of the Pong and Bhakra dams led to inflows of 3.5 lakh cusecs and 1.9 lakh cusecs into the two reservoirs [2025 flood peak, exact date not specified]"
2025-08-01,Pong,,350000.0,,,False,"Centre rejects Punjab's claim that lapses at Bhakra, Pong dams exacerbated floods",https://timesofindia.indiatimes.com/city/chandigarh/centre-rejects-punjabs-claim-that-lapses-at-bhakra-pong-dams-exacerbated-floods/articleshow/125702055.cms,2025-12-02,"extensive rains in the catchments of the Pong and Bhakra dams led to inflows of 3.5 lakh cusecs and 1.9 lakh cusecs into the two reservoirs [2025 flood peak, exact date not specified]"
2025-08-01,Pong,1360.0,,,,False,"Kangra News: पौंग बांध का जलस्तर खतरे के निशान के करीब, कभी भी छोड़ा जा सकता है पानी",https://www.amarujala.com/himachal-pradesh/kangra/pong-dam-water-level-is-close-to-danger-mark-water-can-be-released-anytime-kangra-news-c-95-1-ssml1020-188797-2025-08-01,2025-08-02 08:32 IST,लगातार हो रही बारिश के कारण पौंग बांध का जलस्तर शुक्रवार को 1360 फीट तक पहुंच गया
2025-08-02,Pong,1361.07,87586.0,18995.0,morning,False,"The Tribune, 2 Aug 2025","The Tribune, 2 August 2025, 'Flood crisis deepens in Kangra: Pong Dam continues to discharge above danger mark', https://www.tribuneindia.com/news/himachal/flood-crisis-deepens-in-kangra-pong-dam-continues-to-discharge-above-danger-mark/",,"The reservoir level touched 1361.07 feet on Saturday morning; An average inflow of 87,586 cusecs recorded this morning; The BBMB has ordered to release 18,995 cusecs through the turbines"
2025-08-02,Pong,1361.07,87586.0,18995.0,morning,False,Water level in Pong dam rises sharply due to heavy rainfall; BBMB warns of possible spillway release,https://www.newindianexpress.com/india/2025/Aug/02/water-level-in-pong-dam-rises-sharply-due-to-heavy-rainfall-bbmb-warns-of-possible-spillway-release,2025-08-02,"the water level in the reservoir of the dam, built over the River Beas in Kangra district of Himachal Pradesh, currently stands at 1361.07 feet as of this morning. With an average inflow of 87,586 cusecs recorded this morning, the BBMB has ordered the release of 18,995 cusecs of water through the turbines."
2025-08-03,Pong,1361.07,87586.0,18995.0,morning,False,"पोंग बांध में जलस्तर खतरे के निशान के करीब, BBMB 18,995 क्यूसेक पानी छोड़ेगा",https://jantaserishta.com/local/himachal-pradesh/water-level-in-pong-dam-close-to-danger-mark-bbmb-to-release-18995-cusecs-of-water-4189489,2025-08-03 19:42 IST,"शनिवार सुबह जलाशय का जलस्तर 1,361.07 फीट तक पहुँच गया; आज सुबह 87,586 क्यूसेक का औसत जलप्रवाह दर्ज किया गया; बीबीएमबी ने टर्बाइनों के ज़रिए 18,995 क्यूसेक पानी छोड़ने का आदेश दिया"
2025-08-03,Pong,1361.07,87586.0,18995.0,morning,False,Himachal: Water level near danger mark at Pong dam,https://www.babushahi.com/full-news.php?id=208519,2025-08-03 13:23,"the water level in the Pong reservoir surged to 1361.07 feet by Saturday morning. An alarming 87,586 cusecs of inflow was recorded, prompting BBMB to release 18,995 cusecs through the turbines."
2025-08-03,Pong,1361.07,87586.0,18995.0,morning,False,water level in pong dam nears danger mark bbmb to release 18995 cusecs,https://www.tribuneindia.com/news/himachal/water-level-in-pong-dam-nears-danger-mark-bbmb-to-release-18995-cusecs,2025-08-03,"The reservoir level touched 1,361.07 feet on Saturday morning, higher than the 1,328.45 feet recorded on the same day last year; As an average inflow of 87,586 cusecs was recorded this morning, the BBMB ordered the release of 18,995 cusecs through the turbines"
2025-08-05,Pong,1369.0,74370.0,18386.0,,False,Kangra News: पौंग बांध का जलस्तर खतरे के निशान से 21 फीट दूर,https://www.amarujala.com/himachal-pradesh/kangra/pong-dam-water-level-is-21-feet-away-from-the-danger-mark-kangra-news-c-95-1-kng1004-189404-2025-08-05,2025-08-05 23:56 IST,मंगलवार को बांध का जलस्तर 1369 फीट पहुंच चुका है। इसमें 74370 क्यूसिक पानी आ रहा है और 18386 क्यूसिक पानी टरबाइनों के जरिये छोड़ा जा रहा है
2025-08-06,Bhakra,1635.0,59200.0,22300.0,,False,"Babushahi, 6 Aug 2025","Babushahi, 6 August 2025, 'Water levels surge at Bhakra, Pong, and Ranjit Sagar dams after heavy rainfall', https://www.babushahi.com/full-news.php?id=208684",,"water level today stands at 1635 feet, 12.5 feet higher than last year's level on this date. Inflow: 59,200 cusecs. Discharge: 22,300 cusecs"
2025-08-06,Bhakra,1635.0,59200.0,22300.0,,False,"Water levels surge at Bhakra, Pong, and Ranjit Sagar dams after heavy rainfall; power generation hits peak",https://www.babushahi.com/full-news.php?id=208684,2025-08-06,"water level today stands at 1635 feet; Inflow: 59,200 cusecs; Discharge: 22,300 cusecs"
2025-08-06,Pong,1370.6,93650.0,18340.0,,False,"Babushahi, 6 Aug 2025","Babushahi, 6 August 2025, 'Water levels surge at Bhakra, Pong, and Ranjit Sagar dams after heavy rainfall', https://www.babushahi.com/full-news.php?id=208684",,"the Pong Dam reservoir water level has risen to 1370.6 feet, a 13-foot increase in the first five days of August. Current inflow: 93,650 cusecs. Outflow: 18,340 cusecs"
2025-08-06,Pong,1370.6,93650.0,18340.0,,False,"Water levels surge at Bhakra, Pong, and Ranjit Sagar dams after heavy rainfall; power generation hits peak",https://www.babushahi.com/full-news.php?id=208684,2025-08-06,"the Pong Dam reservoir water level has risen to 1370.6 feet; Current inflow: 93,650 cusecs; Outflow: 18,340 cusecs"
2025-08-06,Ranjit Sagar,,24000.0,10470.0,,False,"Water levels surge at Bhakra, Pong, and Ranjit Sagar dams after heavy rainfall; power generation hits peak",https://www.babushahi.com/full-news.php?id=208684,2025-08-06,"current water level at 516.8 meters; Inflow: 24,000 cusecs; Discharge: 10,470 cusecs"
2025-08-07,Bhakra,1638.82,70352.0,18296.0,,False,Una News: भाखड़ा बांध का जलस्तर पहुंचा 1638 फीट के पार,https://www.amarujala.com/himachal-pradesh/una/the-water-level-of-bhakra-dam-crossed-1638-feet-una-news-c-93-1-ssml1047-161634-2025-08-07,2025-08-07 19:39 IST,भाखड़ा बांध का जलस्तर 1638.82 फीट जा पहुंचा; भाखड़ा गोबिंद सागर झील में पानी की आमद 70352 क्यूसिक दर्ज की गई; भाखड़ा बांध से टरबाइनों के माध्यम से 18296 क्यूसिक पानी बिजली उत्पादन के लिए छोड़ा गया
2025-08-07,Pong,1373.0,190000.0,23300.0,,False,"Punjab: 23,000 cusecs of water released from Pong dam",https://www.hindustantimes.com/cities/chandigarh-news/punjab-23-000-cusecs-of-water-released-from-pong-dam-101754510935491.html,2025-08-07 08:04,"the current inflow into the reservoir has exceeded 1.90 lakh cusecs. around 4,000 cusecs of water have been released through the spillway gates, another 19,300 cusecs through the turbines. The total discharge stood at approximately 23,300 cusecs. The current water level in the reservoir is 1,373 feet, which is 17 feet below the danger mark"
2025-08-08,Pong,1376.07,,,,False,"Punjab Floods 2025: Role of Bhakra, Pong and Ranjit Sagar Dams",https://sandrp.in/2025/09/07/punjab-floods-2025-role-of-bhakra-pong-and-ranjit-sagar-dams/,2025-09-07,Aug 8: Level 1376.07 ft (83% full); outflow increased
2025-08-08,Pong,1376.04,,,morning,False,"तीसरे दिन भी खोले गए पौंग बांध के गेट, छोड़ा जा रहा 40,055 क्यूसेक पानी",https://www.etvbharat.com/hi/!state/kangra-water-released-from-pong-dam-on-third-day-also-himachal-pradesh-news-hps25080802375,2025-08-08 14:02 IST,आज सुबह डैम में 1376.04 फीट जल स्तर दर्ज किया गया
2025-08-09,Pong,1376.37,52518.0,45947.0,,False,"पंजाब में आज भारी बारिश का अलर्ट: पौंग बांध से फिर छोड़ा जाएगा पानी, जलस्तर 1376.37 फीट तक पहुंचा",https://www.amarujala.com/punjab/heavy-rain-alert-in-punjab-today-water-will-be-released-again-from-pong-dam-water-level-reaches-1376-37-feet-2025-08-10,2025-08-10 08:35 IST,शनिवार को पौंग बांध झील का जलस्तर 1376.37 फीट मापा गया; महाराणा प्रताप झील में 52518 क्यूसेक पानी की आवक दर्ज की गई; स्पिलवे के माध्यम से 28098 क्यूसेक पानी छोड़ा जा रहा है; पावर हाउस के टर्बाइंस के माध्यम से 17849 क्यूसेक पानी छोड़ा जा रहा है
2025-08-16,Bhakra,1658.79,89361.0,22864.0,,False,Una News: भाखड़ा बांध का जलस्तर पहुंचा 1658 फीट के पार,https://www.amarujala.com/himachal-pradesh/una/the-water-level-of-bhakra-dam-crossed-1658-feet-una-news-c-93-1-ssml1047-162411-2025-08-16,2025-08-16 19:20 IST,"भाखड़ा डैम का जलस्तर बढ़कर 1658.79 फीट तक पहुंच गया; झील में पानी की आमद 89,361 क्यूसिक रही; बिजली उत्पादन के लिए टर्बाइनों से 22,864 क्यूसिक पानी छोड़ा गया"
2025-08-17,Pong,1379.98,109789.0,57221.0,09:00,False,"The Tribune, 17 Aug 2025","The Tribune, 17 August 2025 10:30, 'Water level in Pong Dam touches 1,379.98 feet, BBMB orders release of 57,221 cusecs', https://www.tribuneindia.com/news/himachal/water-level-in-pong-dam-touches-1379-98-feet-bbmb-orders-release-of-57221-cusecs/",,"the water level in the Pong Dam has touched 1,379.98 feet at 9 am on Sunday; The total inflow of water was 1,09,789 cusecs and it was still increasing; a total of 57,221 cusecs of water was being released on Sunday"
2025-08-17,Pong,1379.98,109789.0,57221.0,9 am,False,"Water level in Pong Dam touches 1,379.98 feet, BBMB orders release of 57,221 cusecs",https://www.tribuneindia.com/news/himachal/water-level-in-pong-dam-touches-1379-98-feet-bbmb-orders-release-of-57221-cusecs/,2025-08-17,"The water level in the Pong Dam has touched 1,379.98 feet at 9 am on Sunday; The total inflow of water was 1,09,789 cusecs; a total of 57,221 cusecs of water was being released on Sunday"
2025-08-19,Bhakra,1665.06,65617.0,43300.0,,False,"Babushahi, 19 Aug 2025","Babushahi, 19 August 2025, 'Breaking: All four floodgates of Bhakra dam opened', https://www.babushahi.com/full-news.php?id=209338",,"the dam's water level to 1665.06 feet; an inflow of 65,617 cusecs was recorded; A total of 43,300 cusecs of water, including turbine discharge, has been released"
2025-08-19,Bhakra,1666.0,,,,False,"Punjab Floods 2025: Role of Bhakra, Pong and Ranjit Sagar Dams",https://sandrp.in/2025/09/07/punjab-floods-2025-role-of-bhakra-pong-and-ranjit-sagar-dams/,2025-09-07,Bhakra: on Aug 19 water level 1666 ft (80% full)
2025-08-19,Bhakra,1665.06,65617.0,43300.0,,False,Breaking: All four floodgates of Bhakra dam opened,https://www.babushahi.com/full-news.php?id=209338,2025-08-19 20:43,"With the water level of Bhakra Dam crossing the danger mark of 1665 feet...the dam's water level to 1665.06 feet. On Tuesday alone, an inflow of 65,617 cusecs was recorded. A total of 43,300 cusecs of water, including turbine discharge, has been released: 12,500 cusecs into the Nangal Hydel Channel, 10,150 cusecs into the Sri Anandpur Sahib Hydel Channel, and 20,640 cusecs into the Sutlej River."
2025-08-19,Bhakra,1665.0,70500.0,45000.0,11:00,False,"BBMB Releases Water From Pong & Bhakra Dams, Flood Alert Issued in Several Districts",https://www.rozanaspokesman.com/news/punjab/200825/bbmb-releases-water-from-pong-bhakra-dams-flood-alert-issued-in-sev.html,2025-08-20 15:05,"at 11 am on Tuesday, the water level in Bhakra touched 1,665 feet, crossing the safety limit of 1,650 feet. the inflow rose to 70,500 cusecs. about 45,000 cusecs of water were released into the Sutlej River on Tuesday, of which 38,000 cusecs were through turbines and another 7,000 cusecs via the spillway."
2025-08-19,Bhakra,1665.06,,45000.0,,False,What opening of Bhakra floodgates means for Punjab and Sutlej basin,https://www.tribuneindia.com/news/explainers/what-opening-of-bhakra-floodgates-means-for-punjab-and-sutlej-basin/,2025-08-20,"the water level at Bhakra Dam touched 1,665.06 feet, which is 3 feet above the regulatory guideline of 1,662 feet; BBMB released a total of 45,000 cusecs of water"
2025-08-19,Bhakra,1665.0,,45000.0,,False,bhakra dam to release water in phased manner bbmb issues warning,https://www.tribuneindia.com/news/punjab/bhakra-dam-to-release-water-in-phased-manner-bbmb-issues-warning,2025-08-19,today it was 1665 feet which 3 feet above the rules set; the BBMB would release about 45000 cusecs water today from Bhakra Dam
2025-08-19,Pong,1383.0,84000.0,66000.0,,False,"BBMB Releases Water From Pong & Bhakra Dams, Flood Alert Issued in Several Districts",https://www.rozanaspokesman.com/news/punjab/200825/bbmb-releases-water-from-pong-bhakra-dams-flood-alert-issued-in-sev.html,2025-08-20 15:05,"the water level in Pong Dam rose to 1,383 feet, with an inflow of 84,000 cusecs, discharge of 66,000 cusecs."
2025-08-22,Pong,1384.0,,70000.0,,False,"Water release from Pong Dam caused damage, BBMB responsible: HP CM",https://theprint.in/india/water-release-from-pong-dam-caused-damage-bbmb-responsible-hp-cm/2727214/,2025-08-22,"The current water level at Pong Dam is 1,384 feet. So far, 70,000 cusecs of water have been released, which will be increased to 75,000 cusecs"
2025-08-24,Ranjit Sagar,,,9000.0,,False,"Punjab Floods 2025: Role of Bhakra, Pong and Ranjit Sagar Dams",https://sandrp.in/2025/09/07/punjab-floods-2025-role-of-bhakra-pong-and-ranjit-sagar-dams/,2025-09-07,Aug 24: Outflow 9000 cusecs
2025-08-25,Bhakra,1667.2,48000.0,55000.0,,False,"Amid heavy rainfall in Himachal: BBMB keeps close watch, says Bhakra water level to be maintained at 1,667 ft",https://www.hindustantimes.com/cities/chandigarh-news/amid-heavy-rainfall-in-himachal-bbmb-keeps-close-watch-says-bhakra-water-level-to-be-maintained-at-1-667-ft-101756062276244.html,2025-08-25,"the Bhakra Beas Management Board (BBMB) has decided to maintain the water level of Bhakra Dam reservoir to 1,667.20 feet. the reservoir continues to receive 48,000 cusecs of water. The BBMB continues to release surplus 7,000 cusecs water from the floodgates on the top of the dam"
2025-08-25,Pong,1384.61,146174.0,39837.0,13:49,False,"Diary Times, 25 Aug 2025","Diary Times, 25 August 2025 13:49, 'Heavy inflow recorded in Pong Dam, water level rises to 1384.61 ft', https://diarytimes.com/2025/08/25/heavy-inflow-recorded-in-pong-dam-water-level-rises-to-1384-61-ft/",,"The dam recorded an inflow of 146,174 cusecs, significantly higher than the outflow of 39,837 cusecs (water level 1,384.61 ft)"
2025-08-25,Pong,1385.34,151000.0,59539.0,14:00,False,"Kangra News: पौंग बांध का जलस्तर बढ़ा, घराट जलमग्न",https://www.amarujala.com/himachal-pradesh/kangra/pong-dam-water-level-increased-gharaat-submerged-kangra-news-c-95-1-ssml1020-192426-2025-08-25,2025-08-25 23:56 IST,पौंग बांध का जलस्तर 1385.34 फीट हो गया है; विभाग के सोमवार के दोपहर दो बजे के आंकड़ों के अनुसार वाटर इनफ्लो एक लाख 51 हजार क्यूसिक है। डैम से 59539 क्यूसिक पानी छोड़ा जा रहा है
2025-08-25,Pong,,,45000.0,,False,"Amid heavy rainfall in Himachal: BBMB keeps close watch, says Bhakra water level to be maintained at 1,667 ft",https://www.hindustantimes.com/cities/chandigarh-news/amid-heavy-rainfall-in-himachal-bbmb-keeps-close-watch-says-bhakra-water-level-to-be-maintained-at-1-667-ft-101756062276244.html,2025-08-25,"Release of water from the floodgates at Pong Dam has been reduced to 45,000 cusecs from 65,000 cusecs"
2025-08-25,Ranjit Sagar,,,24000.0,,False,"Punjab Floods 2025: Role of Bhakra, Pong and Ranjit Sagar Dams",https://sandrp.in/2025/09/07/punjab-floods-2025-role-of-bhakra-pong-and-ranjit-sagar-dams/,2025-09-07,Aug 25: Outflow jumped to 24000 cusecs
2025-08-25,Ranjit Sagar,,,6500.0,,False,"Ranjit Sagar Dam; Water level reaches danger level, being released in Ravi",https://www.babushahi.com/view-news.php?id=209605,2025-08-25,water level has reached 527 metres which is danger level of dam; 6500 cusec water has been released in Ravi
2025-08-26,Pong,1390.56,233000.0,,evening,True,"PTI via The Week, 26 Aug 2025 (about)","PTI wire, 26 August 2025, dateline Hoshiarpur/Gurdaspur, carried by The Week, https://www.theweek.in/wire-updates/national/2025/08/26/des77-pb-water-dam.html",,"The Pong Dam's water level stood at 1,390.56 feet, with an inflow of about 2.33 lakh cusecs (Tuesday evening, officials)"
2025-08-26,Pong,1393.0,,,,False,"Punjab Floods 2025: Role of Bhakra, Pong and Ranjit Sagar Dams",https://sandrp.in/2025/09/07/punjab-floods-2025-role-of-bhakra-pong-and-ranjit-sagar-dams/,2025-09-07,Aug 26: Water level crossed 1393 ft (above FRL of 1390 ft)
2025-08-26,Pong,1390.56,233000.0,79500.0,evening,False,"Water level in Pong dam reaches 1,390 feet",https://www.dailyexcelsior.com/water-level-in-pong-dam-reaches-1390-feet/,2025-08-27 05:47,"The Pong Dam's water level stood at 1,390.56 feet, with an inflow of about 2.33 lakh cusecs. the discharge of water into the Shah Nehar Barrage was around 79,500 cusecs on Tuesday evening"
2025-08-26,Ranjit Sagar,,,77000.0,,False,"Punjab Floods 2025: Role of Bhakra, Pong and Ranjit Sagar Dams",https://sandrp.in/2025/09/07/punjab-floods-2025-role-of-bhakra-pong-and-ranjit-sagar-dams/,2025-09-07,Aug 26: Outflow 77000 cusecs
2025-08-27,Bhakra,1671.49,58997.0,43635.0,,False,"The Tribune, 28 Aug 2026 (same date last year)","The Tribune, 28 August 2026, 'Key dams below 2025 levels as monsoon nears end', the 2025 figures as its same-date comparison, https://www.tribuneindia.com/news/punjab/key-dams-below-2025-levels-as-monsoon-nears-end/",,"The Bhakra reservoir stood at 1,634.22 feet on August 27 compared to 1,671.49 feet on the corresponding date last year. The Bhakra inflow today was 30,452 cusecs, almost half of 58,997 cusecs recorded on August 27 last year. The release stood at 25,518 cusecs, compared to 43,635 cusecs a year ago."
2025-08-27,Bhakra,1671.49,58997.0,43635.0,,False,Bilaspur News: भाखड़ा बांध में पिछले साल से 37 फीट कम पानी,https://www.amarujala.com/himachal-pradesh/bilaspur/water-level-in-bhakra-dam-is-37-feet-lower-than-last-year-bilaspur-news-c-92-1-ssml1001-166440-2026-08-28,2026-08-28 00:48 IST,"पिछले साल इसी तारीख को जलस्तर 1671.49 फीट, आवक 58,997 क्यूसेक और छोड़ा गया पानी 43,635 क्यूसेक था (यर-ऑन-यर तुलना)"
2025-08-27,Bhakra,1668.0,59364.0,,,False,"Punjab's power demand stays above 16,000 MW, but why is Bhakra inflow down 90%?",https://www.tribuneindia.com/news/punjab/power-demand-stays-above-16000-mw-amid-sluggish-monsoon/,2026-08-27,"down 35 feet from last year's 1,668 feet; sharply below last year's 59,364 cusecs"
2025-08-27,Pong,1393.0,228091.0,,,False,"The Tribune, 28 Aug 2026 (same date last year)","The Tribune, 28 August 2026, 'Key dams below 2025 levels as monsoon nears end', the 2025 figures as its same-date comparison, https://www.tribuneindia.com/news/punjab/key-dams-below-2025-levels-as-monsoon-nears-end/",,"Its level stood at 1,365.67 feet against 1,393 feet last year, a deficit of 27.33 feet. The reservoir was receiving just 22,202 cusecs against an extraordinary 2,28,091 cusecs last year."
2025-08-27,Ranjit Sagar,1728.54,163037.0,10479.0,,False,"The Tribune, 28 Aug 2026 (same date last year)","The Tribune, 28 August 2026, 'Key dams below 2025 levels as monsoon nears end', the 2025 figures as its same-date comparison, https://www.tribuneindia.com/news/punjab/key-dams-below-2025-levels-as-monsoon-nears-end/",,"Its level was 514.59 metres (1,688.94 feet), against 526.86 metres (1,728.54 feet) last year. The inflow was only 7,073 cusecs, against 1,63,037 cusecs last year. The release was 10,738 cusecs, while diversion was 1,694 cusecs, compared to 10,479 cusecs last year."
2025-08-27,Ranjit Sagar,,,173000.0,,False,"Punjab Floods 2025: Role of Bhakra, Pong and Ranjit Sagar Dams",https://sandrp.in/2025/09/07/punjab-floods-2025-role-of-bhakra-pong-and-ranjit-sagar-dams/,2025-09-07,Aug 27: Outflow 173000 cusecs; level 527.13 m (crossed FRL)
2025-08-27,Ranjit Sagar,,,110000.0,,False,"Heavy rain, dam water release cause flooding in Pathankot villages",https://timesofindia.indiatimes.com/city/chandigarh/heavy-rain-dam-water-release-cause-flooding-in-pathankot-villages/articleshow/123526764.cms,2025-08-27 18:28,"Ranjit Sagar Dam alone exceeded 527 meters in water level. Today alone, 1,10,000 cusecs of water were released from the dam, resulting in flooding"
2025-08-27,Ranjit Sagar,,7073.0,10738.0,,False,Punjab faces 34% monsoon deficit as key reservoirs record sharp drop in water levels (last-year comparison),https://www.newindianexpress.com/india/2026/Aug/28/punjab-faces-34-monsoon-deficit-as-key-reservoirs-record-sharp-drop-in-water-levels,2026-08-28,"the water level was 514.59 metres (1,688.94 feet). The inflow was just 7,073 cusecs. The release was 10,738 cusecs. [reported as prior-year comparison figure, presumed Aug 27 2025]"
2025-08-27,Ranjit Sagar,1728.0,,,,False,"Punjab's power demand stays above 16,000 MW, but why is Bhakra inflow down 90%?",https://www.tribuneindia.com/news/punjab/power-demand-stays-above-16000-mw-amid-sluggish-monsoon/,2026-08-27,"compared with 1,728 feet during the same period last year"
2025-08-28,Bhakra,1671.9,53856.0,48000.0,,False,Water level drops in Punjab's Ranjit Sagar Dam,https://www.hindustantimes.com/cities/chandigarh-news/water-level-drops-in-punjab-s-ranjit-sagar-dam-101756410569682.html,2025-08-29 08:14,"The Bhakra Dam, built over Sutlej, recorded a rise of 0.41 feet to reach 1,671.90 feet. The inflow into the Bhakra reservoir decreased from over 64,100 cusecs on Wednesday to 53,856 cusecs on Thursday. The dam continues to release 48,000 cusecs of water"
2025-08-28,Bhakra,1671.83,54213.0,,,False,water levels recede in punjab dams bringing relief to flood affected areas,https://www.tribuneindia.com/news/punjab/water-levels-recede-in-punjab-dams-bringing-relief-to-flood-affected-areas,2025-08-29,"down from 1671.83 feet yesterday; Inflow has reduced from 54,213 cusecs to 49,137 cusecs"
2025-08-28,Pong,1393.0,,94800.0,14:50,False,"अब पौंग डैम से एक लाख क्यूसेक से अधिक पानी छोड़े जाने का ऐलान, कई गांव जलमग्न, मंडरा रहा ये खतरा",https://www.etvbharat.com/hi/!state/pong-dam-water-released-more-than-one-lakh-cusecs-kangra-flood-in-many-villages-bhakra-beas-management-board-himachal-pradesh-news-hps25082802915,2025-08-28 15:35 IST,गुरुवार दोपहर 2:50 बजे पौंग बांध का जलस्तर 1393 फीट के ऊपर था और 94800 क्यूसेक पानी बीबीएमबी द्वारा छोड़ा जा चुका था
2025-08-28,Pong,1393.49,110000.0,94845.0,,False,Water level drops in Punjab's Ranjit Sagar Dam,https://www.hindustantimes.com/cities/chandigarh-news/water-level-drops-in-punjab-s-ranjit-sagar-dam-101756410569682.html,2025-08-29 08:14,"Pong Dam, built over Beas, saw an increase of 0.49 feet, reaching 1393.49 feet on Thursday. At Pong Dam, inflows halved to 1.1 lakh cusecs from 2.2 lakh cusecs recorded on the previous day. The dam is currently releasing 94,845 cusecs"
2025-08-28,Pong,1393.61,79780.0,94845.0,morning,False,pong dam water level remains above danger mark high discharge continues,https://www.tribuneindia.com/news/himachal/pong-dam-water-level-remains-above-danger-mark-high-discharge-continues,2025-08-28,"The current level stands at 1,393.61 feet (525.929 meters), which is over three feet above the danger mark; The inflow into the reservoir was recorded at 79,780 cusecs in the morning; the outflow remains constant at 94,845 cusecs"
2025-08-28,Pong,1393.63,144741.0,,,False,water levels recede in punjab dams bringing relief to flood affected areas,https://www.tribuneindia.com/news/punjab/water-levels-recede-in-punjab-dams-bringing-relief-to-flood-affected-areas,2025-08-29,"down from 1393.63 feet recorded earlier; Inflow has dropped from 1,44,741 cusecs to 61,371 cusecs"
2025-08-29,Bhakra,1671.71,49137.0,,,False,"Punjab Dams' Water Level Recede, Bring Relief To Flood-Hit Areas",https://www.freepressjournal.in/india/punjab-dams-water-level-recede-bring-relief-to-flood-hit-areas,2025-08-29 21:40,"The Bhakra dam water level dropped to 1,671.71 feet on Friday from its earlier 1,671.83; its inflow went down to 49,137 cusecs from its earlier 54,213"
2025-08-29,Bhakra,1671.71,49137.0,,,False,water levels recede in punjab dams bringing relief to flood affected areas,https://www.tribuneindia.com/news/punjab/water-levels-recede-in-punjab-dams-bringing-relief-to-flood-affected-areas,2025-08-29,"currently at 1671.71 feet, down from 1671.83 feet yesterday; Inflow has reduced from 54,213 cusecs to 49,137 cusecs"
2025-08-29,Pong,1392.46,61371.0,,,False,"Punjab Dams' Water Level Recede, Bring Relief To Flood-Hit Areas",https://www.freepressjournal.in/india/punjab-dams-water-level-recede-bring-relief-to-flood-hit-areas,2025-08-29 21:40,"The water level of Pong dam on Friday recorded 1,392.46 feet water level from its earlier 1,393.63 feet; its inflow reduced to 61,371 cusecs from 1,44,371 cusecs recorded earlier"
2025-08-29,Pong,1392.46,61371.0,,,False,water levels recede in punjab dams bringing relief to flood affected areas,https://www.tribuneindia.com/news/punjab/water-levels-recede-in-punjab-dams-bringing-relief-to-flood-affected-areas,2025-08-29,"the water level in Pong Dam stands at 1392.46 feet, down from 1393.63 feet recorded earlier; Inflow has dropped from 1,44,741 cusecs to 61,371 cusecs"
2025-08-29,Ranjit Sagar,,54623.0,,,False,"Punjab Dams' Water Level Recede, Bring Relief To Flood-Hit Areas",https://www.freepressjournal.in/india/punjab-dams-water-level-recede-bring-relief-to-flood-hit-areas,2025-08-29 21:40,"the water level receded by one meter - from 526 meters to 525 meters; the inflow decreased from 91,286 cusecs to 54,623 cusecs"
2025-08-31,Pong,1391.28,160276.0,84952.0,09:00,False,"The Tribune, 31 Aug 2025","The Tribune, 31 August 2025 08:05, 'Pong Dam level remains above danger mark; 84,952 cusecs water discharged today', https://www.tribuneindia.com/news/himachal/pong-dam-level-remains-above-danger-mark-84952-cusecs-water-discharged-today/",,"The water level was recorded at 1,391.28 feet at 9 am slightly higher than the permissible limit of 1,390 feet. The dam received an inflow of 1,60,276 cusecs, while the total outflow was 84,952 cusecs."
2025-08-31,Pong,,,109920.0,,False,heavy rainfall swells pong dam water level above danger mark for 4th day,https://www.tribuneindia.com/news/himachal/heavy-rainfall-swells-pong-dam-water-level-above-danger-mark-for-4th-day,2025-09-03,"Sunday: 1,09,920 cusecs"
2025-08-31,Pong,1391.28,160276.0,84952.0,9:00 AM,False,pong dam level remains above danger mark 84952 cusecs water discharged today,https://www.tribuneindia.com/news/himachal/pong-dam-level-remains-above-danger-mark-84952-cusecs-water-discharged-today,2025-08-31,"The water level was recorded at 1,391.28 feet at 9 am slightly higher than the permissible limit of 1,390 feet; The dam received an inflow of 1,60,276 cusecs; the total outflow was 84,952 cusecs"
2025-09-01,Bhakra,1672.62,107565.0,56009.0,,False,Una News: खतरे के निशान से मात्र तीन फीट की दूरी पर भाखड़ा डैम का जलस्तर,https://www.amarujala.com/himachal-pradesh/una/bhakra-dam-water-level-is-just-three-feet-away-from-the-danger-mark-una-news-c-93-1-ssml1047-164186-2025-09-02,2025-09-03 00:26 IST,"गोबिंद सागर झील में पानी की आमद 1,07,565 क्यूसिक रही; डैम का स्तर 1672.62 फीट तक पहुंच गया (मंगलवार/Tuesday); बीबीएमबी ने 56,009 क्यूसिक पानी छोड़ा; 54 हजार क्यूसिक सतलुज दरिया में डाला गया"
2025-09-01,Bhakra,1674.0,,,,False,"Bhakra Dam level rises 3 ft in 24 hours, triggers flood alarm downstream",https://www.hindustantimes.com/cities/chandigarh-news/bhakra-dam-level-rises-3-ft-in-24-hours-triggers-flood-alarm-downstream-101756843970313.html,2025-09-03,"The water level at Bhakra had touched 1,674 feet on Monday"
2025-09-01,Bhakra,1674.0,107000.0,56000.0,,False,"Amid Heavy Rain, Bhakra Dam Level Rises 3 ft In 24 Hours, Authorities On Alert",https://www.news18.com/india/amid-heavy-rain-bhakra-dam-level-rises-3-ft-in-24-hours-authorities-on-alert-ws-d-9545637.html,2025-09-03 10:55,"On Monday, the level had reached 1,674 feet, six feet below the danger mark. Currently, inflows into Bhakra are at 1.07 lakh cusecs, while 56,000 cusecs of water is being released downstream through the dam's turbines and spillway gates."
2025-09-01,Pong,,,109920.0,,False,heavy rainfall swells pong dam water level above danger mark for 4th day,https://www.tribuneindia.com/news/himachal/heavy-rainfall-swells-pong-dam-water-level-above-danger-mark-for-4th-day,2025-09-03,"Monday: 1,09,920 cusecs"
2025-09-02,Bhakra,1676.78,,,morning,False,"Punjab Floods 2025: Role of Bhakra, Pong and Ranjit Sagar Dams",https://sandrp.in/2025/09/07/punjab-floods-2025-role-of-bhakra-pong-and-ranjit-sagar-dams/,2025-09-07,Sept 2 morning: 1676.78 ft (dam 88% full)
2025-09-02,Bhakra,1676.72,107000.0,56000.0,,False,"Bhakra Dam level rises 3 ft in 24 hours, triggers flood alarm downstream",https://www.hindustantimes.com/cities/chandigarh-news/bhakra-dam-level-rises-3-ft-in-24-hours-triggers-flood-alarm-downstream-101756843970313.html,2025-09-03,"The level in the Bhakra Dam's reservoir, Gobind Sagar Lake, on Tuesday was recorded at 1676.72 feet. The inflows into the Bhakra stood at 1.07 lakh cusecs, while 56,000 cusecs of water is being released downstream"
2025-09-02,Bhakra,1676.72,,,,False,"Amid Heavy Rain, Bhakra Dam Level Rises 3 ft In 24 Hours, Authorities On Alert",https://www.news18.com/india/amid-heavy-rain-bhakra-dam-level-rises-3-ft-in-24-hours-authorities-on-alert-ws-d-9545637.html,2025-09-03 10:55,"On Tuesday, the water level in Bhakra Dam's reservoir, Gobind Sagar Lake, was recorded at 1,676.72 feet"
2025-09-02,Pong,1390.63,96777.0,95836.0,,False,"Bhakra Dam level rises 3 ft in 24 hours, triggers flood alarm downstream",https://www.hindustantimes.com/cities/chandigarh-news/bhakra-dam-level-rises-3-ft-in-24-hours-triggers-flood-alarm-downstream-101756843970313.html,2025-09-03,"The water level in the Pong Dam over the Beas river is being maintained stable at 1,390.63 feet. The dam is receiving 96,777 cusecs of water, and 95,836 cusecs is being released downstream."
2025-09-02,Pong,1390.63,96777.0,95836.0,,False,"Amid Heavy Rain, Bhakra Dam Level Rises 3 ft In 24 Hours, Authorities On Alert",https://www.news18.com/india/amid-heavy-rain-bhakra-dam-level-rises-3-ft-in-24-hours-authorities-on-alert-ws-d-9545637.html,2025-09-03 10:55,"The water level at Pong Dam over the Beas river is stable at 1,390.63 feet. The dam is receiving 96,777 cusecs of water and releasing 95,836 cusecs downstream."
2025-09-02,Pong,,,78891.0,,False,heavy rainfall swells pong dam water level above danger mark for 4th day,https://www.tribuneindia.com/news/himachal/heavy-rainfall-swells-pong-dam-water-level-above-danger-mark-for-4th-day,2025-09-03,"Previous day releases: Tuesday: 78,891 cusecs"
2025-09-03,Bhakra,1677.84,,,06:00,False,"Punjab Floods 2025: Role of Bhakra, Pong and Ranjit Sagar Dams",https://sandrp.in/2025/09/07/punjab-floods-2025-role-of-bhakra-pong-and-ranjit-sagar-dams/,2025-09-07,"Sept 3, 6 am: 1677.84 ft"
2025-09-03,Bhakra,1678.0,,75000.0,,False,Ropar villages on alert as Bhakra Dam water discharge rises; residents asked to shift to relief camps,https://timesofindia.indiatimes.com/city/chandigarh/heavy-rain-prompts-bhakra-dam-water-release-and-ropar-villages-put-on-alert/articleshow/123672687.cms,2025-09-03 13:07,"the Bhakra Beas Management Board increased the release of water from the Bhakra Dam, raising the outflow from 65,000 cusecs to 75,000 cusecs. the water level of Bhakra Dam has reached 1678 feet"
2025-09-03,Bhakra,1679.0,,,,False,Bilaspur News: भाखड़ा बांध का जलस्तर खतरे के निशान के सिर्फ 1 फीट नीचे,https://www.amarujala.com/himachal-pradesh/bilaspur/the-water-level-of-bhakra-dam-is-just-1-foot-below-the-danger-mark-bilaspur-news-c-92-1-ssml1001-143703-2025-09-04,2025-09-04 23:53 IST,भाखड़ा बांध का जलस्तर...बुधवार को यह 1679 फीट तक पहुंच गया
2025-09-03,Bhakra,1678.1,110000.0,75000.0,,False,"Una News: भाखड़ा बांध का जलस्तर 1678 फीट पार, दो फीट रह गया खतरे का निशान",https://www.amarujala.com/himachal-pradesh/una/the-water-level-of-bhakra-dam-crossed-1678-feet-the-danger-mark-remained-two-feet-una-news-c-93-1-ssml1048-164268-2025-09-03,2025-09-04 00:45 IST,भाखड़ा बांध का जलस्तर 1678.10 फीट तक जा पहुंचा; भाखड़ा बांध के लिए आने वाले पानी की मात्रा में 1.10 लाख क्यूसिक से भी अधिक वृद्धि दर्ज की गई; भाखड़ा से 75000 क्यूसिक पानी टरवाइनों व फ्लड गेटों से छोड़ा जा रहा
2025-09-03,Bhakra,,,75000.0,,False,"Bhakra dam releases 75,000 cusecs of water; 21 villages in Patiala ordered to evacuate",https://www.babushahi.com/full-news.php?id=210093,2025-09-03 14:33,"The water level in the reservoir has crossed 78,000 cusecs, dangerously close to its total storage capacity of 80,000 cusecs. In response, authorities have begun releasing 75,000 cusecs of water from the dam."
2025-09-03,Bhakra,1677.84,,,,False,"Bhakra Dam Just 2.16 Feet Below Danger Mark, Poses Threat to Anandpur Sahib and Nangal Areas",https://www.rozanaspokesman.com/news/punjab/030925/bhakra-dam-just-216-feet-below-danger-mark-anandpur-sahib-and-nangal.html,2025-09-03 12:59,"the water level in the Bhakra Dam has risen, reaching 1677.84 feet, just 2.16 feet below the danger mark."
2025-09-03,Bhakra,1677.84,86822.0,65042.0,6:00 AM,False,record rain red alert in punjab himachal j&k chandigarh's sukhna gates open for record 9th time,https://www.tribuneindia.com/liveblog/india/record-rain-red-alert-in-punjab-himachal-j-k-chandigarhs-sukhna-gates-open-for-record-9th-time/,2025-09-03,"At 6 am, the water level in the Bhakra dam was 1,677.84 feet against its maximum capacity of 1,680 feet; The water inflow in the dam was 86,822 cusecs; while the outflow was 65,042 cusecs"
2025-09-03,Pong,1394.15,155261.0,79937.0,1 PM,False,heavy rainfall swells pong dam water level above danger mark for 4th day,https://www.tribuneindia.com/news/himachal/heavy-rainfall-swells-pong-dam-water-level-above-danger-mark-for-4th-day,2025-09-03,"As of Wednesday, the reservoir level reached 1,394.15 feet, nearly four feet above the danger mark of 1,390 feet; The water inflow into the Pong Dam was measured at 1,55,261 cusecs at 1 pm on Wednesday; The combined outflow stood at 79,937 cusecs"
2025-09-03,Ranjit Sagar,,,49172.0,evening,False,bhakra to release more water into punjab as pong dam hits full capacity,https://www.tribuneindia.com/news/punjab/bhakra-to-release-more-water-into-punjab-as-pong-dam-hits-full-capacity/,2025-09-04,"increased from 49,172 cusecs on Wednesday evening"
2025-09-04,Bhakra,1679.0,,85000.0,,False,"Punjab Floods 2025: Role of Bhakra, Pong and Ranjit Sagar Dams",https://sandrp.in/2025/09/07/punjab-floods-2025-role-of-bhakra-pong-and-ranjit-sagar-dams/,2025-09-07,Sept 4: 1679 ft (per press conference); Sept 4-5 outflow: 85000 cusecs
2025-09-04,Bhakra,1677.84,,80000.0,morning,False,Flood crisis deepens as Bhakra Dam nears danger mark,https://timesofindia.indiatimes.com/city/chandigarh/flood-crisis-deepens-as-bhakra-dam-nears-danger-mark/articleshow/123684324.cms,2025-09-06,"In the morning, the level at Bhakra was recorded at 1,677.84 feet, close to the danger level of 1,680 feet. This prompted a discharge of 80,000 cusecs, with the water ultimately flowing into the swollen Sutlej."
2025-09-04,Bhakra,1678.97,95435.0,73459.0,06:00,False,BBMB Reservoir Data (data-reservoir.htm archived capture),https://web.archive.org/web/20251007104956/https://bbmb.gov.in/data-reservoir.htm,2025-09-04,Data as of at 6.00 am on 04.09.2025; Bhakra 1678.97 95435 73459
2025-09-04,Bhakra,1679.0,,85000.0,,False,"Panchkula News: भाखड़ा डैम का जलस्तर पहुंचा 1679 फीट पर, खतरे के निशान से मात्र एक फीट नीचे",https://www.amarujala.com/haryana/panchkula/the-water-level-of-bhakra-dam-reached-1679-feet-just-one-foot-below-the-danger-mark-panchkula-news-c-16-1-pkl1027-809469-2025-09-04,2025-09-04 21:44 IST,भाखड़ा डैम का जलस्तर 1679 फीट पर पहुंच गया था; ट्रबाइनों व फ्लड गेटों के माध्यम से कुल 85 हजार क्यूसेक पानी की निकासी
2025-09-04,Bhakra,,,85000.0,,False,Bilaspur News: भाखड़ा बांध का जलस्तर खतरे के निशान के सिर्फ 1 फीट नीचे,https://www.amarujala.com/himachal-pradesh/bilaspur/the-water-level-of-bhakra-dam-is-just-1-foot-below-the-danger-mark-bilaspur-news-c-92-1-ssml1001-143703-2025-09-04,2025-09-04 23:53 IST,वीरवार को 85 हजार क्यूसेक पानी छोड़ा
2025-09-04,Bhakra,1678.97,95435.0,75000.0,6 AM,False,bhakra to release more water into punjab as pong dam hits full capacity,https://www.tribuneindia.com/news/punjab/bhakra-to-release-more-water-into-punjab-as-pong-dam-hits-full-capacity/,2025-09-04,"The water level in the Bhakra Dam increased to 1,678.97 feet; The inflows into the Bhakra at 6 am on Thursday were 95,435 cusecs; while the outflows were 75,000 cusecs"
2025-09-04,Pong,1394.51,107301.0,99769.0,morning,False,"The Tribune, 4 Sep 2025 (actual inflow)","The Tribune, 4 September 2025, 'Pong Dam touches year's highest level at 1394.51 feet', https://www.tribuneindia.com/news/himachal/pong-dam-touches-years-highest-level-at-1394-51-feet",,"Pong Dam reservoir in Kangra district to 1,394.51 feet on Thursday morning, the highest level recorded this year; the average inflow stood at 1,32,595 cusecs, while the actual inflow was 1,07,301 cusecs; authorities released 99,769 cusecs downstream"
2025-09-04,Pong,1393.19,,,,False,Flood crisis deepens as Bhakra Dam nears danger mark,https://timesofindia.indiatimes.com/city/chandigarh/flood-crisis-deepens-as-bhakra-dam-nears-danger-mark/articleshow/123684324.cms,2025-09-06,"The level at Pong Dam was recorded at 1,393.19 feet, over 3 feet above the danger level of 1,390 feet."
2025-09-04,Pong,1394.51,132595.0,91167.0,06:00,False,BBMB Reservoir Data (data-reservoir.htm archived capture),https://web.archive.org/web/20251007104956/https://bbmb.gov.in/data-reservoir.htm,2025-09-04,Data as of at 6.00 am on 04.09.2025; Pong 1394.51 132595 91167
2025-09-04,Pong,1394.54,,,08:00,False,Kangra News: पौंग बांध का जलस्तर खतरे के निशान से ऊपर,https://www.amarujala.com/himachal-pradesh/kangra/pong-dam-water-level-above-danger-mark-kangra-news-c-95-1-kng1004-194020-2025-09-04,2025-09-05 05:35 IST,वीरवार सुबह 8 बजे जलस्तर 1394.54 फीट दर्ज किया गया था
2025-09-04,Pong,1394.51,132595.0,91167.0,,False,bhakra to release more water into punjab as pong dam hits full capacity,https://www.tribuneindia.com/news/punjab/bhakra-to-release-more-water-into-punjab-as-pong-dam-hits-full-capacity/,2025-09-04,"It reached 1,394.51 feet, more than 4 feet above the maximum storage limit; The inflows into the Pong remained at a high of 132,595 cusecs; the outflows have been restricted at 91,167 cusecs"
2025-09-05,Bhakra,1678.74,76318.0,80792.0,,False,"SDO Nangal via Babushahi, 5 Sep 2025","Babushahi, 5 September 2025 19:32, dateline Ropar, figures credited to the SDO Nangal Dam office, https://www.babushahi.com/view-news.php?id=210236",,"The water level at Bhakra reservoir has recorded a slight decrease, with today's reading standing at 1678.74 feet; the inflow into Bhakra Dam was 76,318 cusecs, while the outflow stood higher at 80,792 cusecs"
2025-09-05,Bhakra,1678.74,76318.0,80792.0,,False,Bhakra reservoir water level data (SDO Nangal Dam office),https://www.babushahi.com/full-news.php?id=210236,2025-09-05,"the water level at Bhakra reservoir stood at 1678.74 feet, according to official data from the SDO Nangal Dam office. The inflow into Bhakra Dam was 76,318 cusecs, while the outflow stood higher at 80,792 cusecs."
2025-09-05,Pong,,105950.0,99673.0,,False,"The Tribune, 6 Sep 2025 (yesterday)","The Tribune, 6 September 2025 11:58, 'Punjab floods: Bhakra water level drops; Pong dam continues high outflow', https://www.tribuneindia.com/news/punjab/punjab-floods-bhakra-water-level-drops-pong-dam-continues-high-outflow/",,"Inflows in Pong Dam also remain high at 98,418 cusecs, which was slightly less than yesterday's inflows of 10,5950 cusecs recorded yesterday. The outflows from Pong Dam are 99,673 cusecs, which is the same since yesterday."
2025-09-05,Pong,1394.71,,,,False,"Punjab Floods 2025: Role of Bhakra, Pong and Ranjit Sagar Dams",https://sandrp.in/2025/09/07/punjab-floods-2025-role-of-bhakra-pong-and-ranjit-sagar-dams/,2025-09-07,Sept 5: Highest level 1394.71 ft
2025-09-05,Pong,1394.8,99673.0,99673.0,16:00,False,"Kangra News: पौंग बांध का जलस्तर 1394.80 फीट पर स्थिर, खतरे से 4.80 फीट ऊपर",https://www.amarujala.com/himachal-pradesh/kangra/pong-dam-water-level-stable-at-139480-feet-480-feet-above-the-danger-level-kangra-news-c-95-1-ssml1020-194227-2025-09-05,2025-09-06 06:42 IST,"पौंग बांध का जलस्तर 1394.80 फीट दर्ज किया गया; इस समय बांध में इनफ्लो 99,673 क्यूसिक; आउटफ्लो भी 99,673 क्यूसिक दर्ज किया गया; टरबाइन से 16,892 क्यूसिक; स्पिलवे से 82,781 क्यूसिक पानी छोड़ा जा रहा है"
2025-09-05,Pong,,105950.0,,,False,Punjab floods: Bhakra water level drops; Pong dam continues high outflow,https://www.tribuneindia.com/news/punjab/punjab-floods-bhakra-water-level-drops-pong-dam-continues-high-outflow/,2025-09-06,"slightly less than yesterday's inflows of 10,5950 cusecs recorded yesterday"
2025-09-06,Bhakra,1678.14,62481.0,70000.0,morning,False,"The Tribune, 6 Sep 2025","The Tribune, 6 September 2025 11:58, 'Punjab floods: Bhakra water level drops; Pong dam continues high outflow', https://www.tribuneindia.com/news/punjab/punjab-floods-bhakra-water-level-drops-pong-dam-continues-high-outflow/",,"The dam level has also come down to 1,678.14 feet, about 2 feet below the 1680 feet peak storage level of Bhakra Dam. In what could be a sigh of relief for Punjab, inflows in Bhakra Dam have reduced to 62481 cusecs. Since yesterday, the BBMB authorities have kept the outflows from Bhakra Dam at about 70,000 cusecs."
2025-09-06,Bhakra,1678.2,51332.0,70000.0,,False,"Punjab: Pong releases 99,889 cusecs as water level exceeds limit",https://www.hindustantimes.com/cities/chandigarh-news/punjab-pong-releases-99-889-cusecs-as-water-level-exceeds-limit-101757187019451.html,2025-09-07 06:04,"The Bhakra Dam's Gobind Sagar Lake recorded a water level of 1,678.20 feet - just below the danger mark of 1,680 feet. The reservoir, on Saturday, saw an inflow of 51,332 cusecs, while 70,000 cusecs were released downstream."
2025-09-06,Bhakra,1678.14,,,,False,Punjab: Water level in Pong dam dips by 2 feet but outflow still high,https://www.hindustantimes.com/cities/chandigarh-news/punjab-water-level-in-pong-dam-dips-by-2-feet-but-outflow-still-high-101757271576676.html,2025-09-08 04:46,"as against 1,678.14 feet on Saturday"
2025-09-06,Bhakra,1678.14,62481.0,,,False,"Water level in Bhakra, Pong & Ranjit Sagar dams recedes",https://www.hindustantimes.com/cities/chandigarh-news/water-level-in-bhakra-pong-ranjit-sagar-dams-recedes-slightly-with-the-decreasing-inflow-of-water-from-the-catchment-areas-101757361890150.html,2025-09-09,"On Saturday, the level was 1678.14 feet, it recorded an inflow of 62,481 cusecs on Saturday"
2025-09-06,Bhakra,1678.14,62481.0,70000.0,morning,False,Punjab floods: Bhakra water level drops; Pong dam continues high outflow,https://www.tribuneindia.com/news/punjab/punjab-floods-bhakra-water-level-drops-pong-dam-continues-high-outflow/,2025-09-06,"The dam level has also come down to 1,678.14 feet, about 2 feet below the 1680 feet peak; inflows in Bhakra Dam have reduced to 62481 cusecs; the BBMB authorities have kept the outflows from Bhakra Dam at about 70,000 cusecs"
2025-09-06,Pong,1394.67,98418.0,99673.0,morning,False,"The Tribune, 6 Sep 2025","The Tribune, 6 September 2025 11:58, 'Punjab floods: Bhakra water level drops; Pong dam continues high outflow', https://www.tribuneindia.com/news/punjab/punjab-floods-bhakra-water-level-drops-pong-dam-continues-high-outflow/",,"The water level in Pong Dam as of this morning was 1,394.67 feet, more than four and a half feet above the 1,390 feet maximum storage of Pong Dam. Inflows in Pong Dam also remain high at 98,418 cusecs. The outflows from Pong Dam are 99,673 cusecs"
2025-09-06,Pong,1394.05,47162.0,99889.0,17:00,False,"Punjab: Pong releases 99,889 cusecs as water level exceeds limit",https://www.hindustantimes.com/cities/chandigarh-news/punjab-pong-releases-99-889-cusecs-as-water-level-exceeds-limit-101757187019451.html,2025-09-07 06:04,"The Pong reservoir's water level stood at 1,394.05 feet - four feet above its maximum filling capacity of 1,390 feet. the Pong Dam recorded an inflow of 47,162 cusecs from catchment areas in Kangra, Mandi, and Kullu districts of Himachal Pradesh. the Bhakra Beas Management Board (BBMB) continue to release 99,889 cusecs of water into Beas river"
2025-09-06,Pong,1394.19,47162.0,,,False,Punjab: Water level in Pong dam dips by 2 feet but outflow still high,https://www.hindustantimes.com/cities/chandigarh-news/punjab-water-level-in-pong-dam-dips-by-2-feet-but-outflow-still-high-101757271576676.html,2025-09-08 04:46,"On Saturday, the water level in the Pong dam, built on the Beas river, was 1,394.19 feet. Water inflow in the dam dropped to 36,968 cusecs from 47,162 cusecs on Saturday"
2025-09-06,Pong,1394.67,98418.0,99673.0,morning,False,Punjab floods: Bhakra water level drops; Pong dam continues high outflow,https://www.tribuneindia.com/news/punjab/punjab-floods-bhakra-water-level-drops-pong-dam-continues-high-outflow/,2025-09-06,"The water level in Pong Dam as of this morning was 1,394.67 feet, more than four and a half feet above the 1,390 feet maximum storage; Inflows in Pong Dam also remain high at 98,418 cusecs; The outflows from Pong Dam are 99,673 cusecs"
2025-09-06,Ranjit Sagar,,24947.0,58001.0,,False,"Punjab: Pong releases 99,889 cusecs as water level exceeds limit",https://www.hindustantimes.com/cities/chandigarh-news/punjab-pong-releases-99-889-cusecs-as-water-level-exceeds-limit-101757187019451.html,2025-09-07 06:04,"from 526.39 metres on Friday to 525.019 metres on Saturday. The dam recorded an inflow of 24,947 cusecs, while 58,001 cusecs were released downstream"
2025-09-07,Bhakra,1677.98,66900.0,,,False,Punjab: Water level in Pong dam dips by 2 feet but outflow still high,https://www.hindustantimes.com/cities/chandigarh-news/punjab-water-level-in-pong-dam-dips-by-2-feet-but-outflow-still-high-101757271576676.html,2025-09-08 04:46,"water level in the Bhakra dam on Sunday was 1,677.98 feet. The dam is receiving 66,900 cusecs of water."
2025-09-07,Pong,1392.2,36968.0,90000.0,evening,False,Punjab: Water level in Pong dam dips by 2 feet but outflow still high,https://www.hindustantimes.com/cities/chandigarh-news/punjab-water-level-in-pong-dam-dips-by-2-feet-but-outflow-still-high-101757271576676.html,2025-09-08 04:46,"The water level in the Pong dam dropped by around two feet to 1,392.20 feet. Water inflow in the dam dropped to 36,968 cusecs. around 90,000 cusecs was being released into Shah Nehar barrage"
2025-09-08,Bhakra,1677.39,55338.0,65000.0,,False,"Water level in Bhakra, Pong & Ranjit Sagar dams recedes",https://www.hindustantimes.com/cities/chandigarh-news/water-level-in-bhakra-pong-ranjit-sagar-dams-recedes-slightly-with-the-decreasing-inflow-of-water-from-the-catchment-areas-101757361890150.html,2025-09-09,"The water level in Bhakra dam's Gobind Sagar Lake was 1677.39 feet. The inflow into the Bhakra dam was 55,338 cusecs on Monday. The dam released 65,000 cusecs of water downstream through the dam's turbines"
2025-09-08,Pong,1393.0,46500.0,99875.0,morning,False,Punjab: Water level in Pong dam dips by 2 feet but outflow still high,https://www.hindustantimes.com/cities/chandigarh-news/punjab-water-level-in-pong-dam-dips-by-2-feet-but-outflow-still-high-101757271576676.html,2025-09-08 04:46,"the water level in Pong dam reservoir has reduced by 1.70 feet in 24 hours to 1,393 feet. with inflows reduced to 46,500 cusecs. releases continuing at 99,875 cusecs"
2025-09-08,Pong,1391.33,35439.0,65003.0,,False,"Water level in Bhakra, Pong & Ranjit Sagar dams recedes",https://www.hindustantimes.com/cities/chandigarh-news/water-level-in-bhakra-pong-ranjit-sagar-dams-recedes-slightly-with-the-decreasing-inflow-of-water-from-the-catchment-areas-101757361890150.html,2025-09-09,"the current water level in the Pong dam is 1,391.33 feet. On Monday, the water inflow was recorded at 35,439 cusecs. As much as 65,003 cusecs is being released into the Beas"
2025-09-08,Ranjit Sagar,,30500.0,48747.0,,False,Punjab: Water level in Pong dam dips by 2 feet but outflow still high,https://www.hindustantimes.com/cities/chandigarh-news/punjab-water-level-in-pong-dam-dips-by-2-feet-but-outflow-still-high-101757271576676.html,2025-09-08 04:46,"level in the reservoir of Ranjit Sagar Dam has also reduced to 524.82 meters, fallen by 0.55 meter in the past 24 hours. inflows into the dam is 30,500 cusecs. outflows are being maintained to 48747 cusecs"
2025-09-08,Ranjit Sagar,,19782.0,29298.0,,False,"Water level in Bhakra, Pong & Ranjit Sagar dams recedes",https://www.hindustantimes.com/cities/chandigarh-news/water-level-in-bhakra-pong-ranjit-sagar-dams-recedes-slightly-with-the-decreasing-inflow-of-water-from-the-catchment-areas-101757361890150.html,2025-09-09,"The water level in the Ranjit Sagar dam is 524.55 metres. The inflow in the reservoir is 19,782 cusecs. 29,298 cusecs is being released downstream into the Ravi"
2025-09-10,Bhakra,1677.09,,50000.0,,False,"Una News: भाखड़ा डैम के जलस्तर में गिरावट, कम छोड़ा जा रहा फ्लड गेट से पानी",https://www.amarujala.com/himachal-pradesh/una/water-level-of-bhakra-dam-falls-less-water-is-being-released-from-flood-gate-una-news-c-93-1-una1017-165044-2025-09-10,2025-09-10 18:48 IST,भाखड़ा डैम के पीछे गोबिंद सागर झील का जलस्तर घटकर 1677.09 फीट हो गया; भाखड़ा डैम से नंगल डैम के लिए 50 हजार क्यूसिक पानी छोड़ा गया
2025-09-14,Bhakra,1676.89,46708.0,,,False,"पंजाब में बढ़ी बिजली की मांग: 2173 मेगावाट उत्पादन ठप, मानसून की बेरुखी से बांधों में घटा जलस्तर",https://www.amarujala.com/punjab/patiala/rising-electricity-demand-in-punjab-2173-mw-generation-halted-dam-water-levels-drop-due-to-deficient-monsoon-2026-09-14,2026-09-14 08:56 IST,2025 में इसी दिन जलस्तर 1676.89 फुट था; पानी की आवक 46708 क्यूसिक थी (year-on-year comparison)
2025-09-14,Pong,,34737.0,,,False,"पंजाब में बढ़ी बिजली की मांग: 2173 मेगावाट उत्पादन ठप, मानसून की बेरुखी से बांधों में घटा जलस्तर",https://www.amarujala.com/punjab/patiala/rising-electricity-demand-in-punjab-2173-mw-generation-halted-dam-water-levels-drop-due-to-deficient-monsoon-2026-09-14,2026-09-14 08:56 IST,"आवक 34737 क्यूसिक थी (year-on-year comparison, 14 Sep 2025)"
2025-09-15,Bhakra,1676.01,54667.0,50000.0,18:00,False,BBMB Reservoir Data res_data.pdf (archived capture),https://web.archive.org/web/20250915191626/https://bbmb.gov.in/writereaddata/Portal/images/pdf/res_data.pdf,2025-09-15,as on 15.09.2025 at 6.00 PM; Bhakra 1676.01 54667 50000
2025-09-15,Bhakra,1676.16,40999.0,55000.0,Monday morning,False,water level at pong dam rises amid surplus rain in parts of himachal pradesh,https://www.tribuneindia.com/news/himachal/water-level-at-pong-dam-rises-amid-surplus-rain-in-parts-of-himachal-pradesh,2025-09-15,"At Bhakra Dam...the water level was 1676.16 feet on Monday morning, almost four feet below the upper limit; The inflow into the reservoir was 40,999; the outflow was 55,000 cusecs"
2025-09-15,Bhakra,1676.16,,,,False,key dams below 2025 levels as monsoon nears end,https://www.tribuneindia.com/news/punjab/bhakra-pong-reservoirs-enter-post-monsoon-season-with-significantly-lower-storage-than-last-year/,2026-09-16,"Bhakra stood at 1,676.16 feet on September 15, 2025; Bhakra is now nearly 32 feet lower than a year ago"
2025-09-15,Pong,1393.23,76498.0,53901.0,18:00,False,BBMB Reservoir Data res_data.pdf (archived capture),https://web.archive.org/web/20250915191626/https://bbmb.gov.in/writereaddata/Portal/images/pdf/res_data.pdf,2025-09-15,as on 15.09.2025 at 6.00 PM; Pong 1393.23 76498 53901
2025-09-15,Pong,,80000.0,40000.0,,False,"पौंग डैम का जलस्तर घटा, निचले इलाकों के लिए राहत, जल्द पटरी पर लौटेगी जिंदगी",https://www.etvbharat.com/hi/!state/pong-dam-water-level-decreased-kangra-rain-disaster-himachal-pradesh-news-hps25091502524,2025-09-15 14:38 IST,पौंग डैम में अब पानी का इनफ्लो हर रोज 80 हजार क्यूसेक आ रहा है; पौंग डैम से हर रोज 40 हजार क्यूसेक पानी ही स्लीपवे के जरिए से छोड़ा जाए
2025-09-15,Pong,1392.48,64964.0,49899.0,Monday morning,False,water level at pong dam rises amid surplus rain in parts of himachal pradesh,https://www.tribuneindia.com/news/himachal/water-level-at-pong-dam-rises-amid-surplus-rain-in-parts-of-himachal-pradesh,2025-09-15,"The water level recorded at Pong Dam was 1392.48 feet on Monday morning against the top mark of 1390 feet; the inflow into the reservoir being 64,964 cusecs; the outflow being 49,899 cusecs"
2025-09-15,Pong,1392.48,,,,False,key dams below 2025 levels as monsoon nears end,https://www.tribuneindia.com/news/punjab/bhakra-pong-reservoirs-enter-post-monsoon-season-with-significantly-lower-storage-than-last-year/,2026-09-16,"Pong was at 1,392.48 feet on September 15, 2025; Pong is more than 20 feet lower"
2025-09-16,Pong,1393.88,160369.0,,09:00,False,Kangra News: पौंग बांध का जलस्तर खतरे के निशान से पांच फीट ऊपर,https://www.amarujala.com/himachal-pradesh/kangra/the-water-level-of-pong-dam-is-five-feet-above-the-danger-mark-kangra-news-c-95-1-kng1004-196179-2025-09-17,2025-09-17 02:27 IST,"9:00 AM Tuesday: water level 1,393.88 feet; inflow 1,60,369 cusecs"
2025-09-17,Pong,1395.24,,,,False,"पौंग डैम का जलस्तर खतरे के निशान से ऊपर, बाढ़ का बना खतरा, स्कूलों में छुट्टी",https://www.etvbharat.com/hi/!state/pong-dam-water-level-above-danger-level-himachal-pradesh-news-hps25091801584,2025-09-18 12:06 IST,बुधवार को बांध का जलस्तर 1395.24 फीट तक चला गया था
2025-09-18,Pong,1394.85,,,morning,False,"पौंग डैम का जलस्तर खतरे के निशान से ऊपर, बाढ़ का बना खतरा, स्कूलों में छुट्टी",https://www.etvbharat.com/hi/!state/pong-dam-water-level-above-danger-level-himachal-pradesh-news-hps25091801584,2025-09-18 12:06 IST,गुरुवार सुबह जलस्तर 1394.85 फीट दर्ज किया गया
2025-09-20,Pong,1393.93,38773.0,,6 am,False,Pong Dam water level sees decline,https://www.tribuneindia.com/news/himachal/pong-dam-water-level-sees-decline/,2025-09-22,"1,393.93 feet recorded at the same time on Saturday; 38,773 cusecs on Saturday"
2025-09-21,Pong,1393.03,31540.0,59786.0,6 am,False,Pong Dam water level sees decline,https://www.tribuneindia.com/news/himachal/pong-dam-water-level-sees-decline/,2025-09-22,"The reservoir level stood at 1,393.03 feet at 6 am on Sunday; The inflow into the dam decreased from 38,773 cusecs on Saturday to 31,540 cusecs on Sunday; the outgoing flow remained steady at around 59,786 cusecs"
2025-09-24,Bhakra,1675.71,35666.0,45000.0,06:00,False,BBMB Reservoir Data res_data.pdf (archived capture),https://web.archive.org/web/20250924070102/https://bbmb.gov.in/writereaddata/Portal/images/pdf/res_data.pdf,2025-09-24,as on 24.09.2025 at 6.00 AM; Bhakra 1675.71 35666 45000
2025-09-24,Pong,1390.98,17291.0,24823.0,06:00,False,BBMB Reservoir Data res_data.pdf (archived capture),https://web.archive.org/web/20250924070102/https://bbmb.gov.in/writereaddata/Portal/images/pdf/res_data.pdf,2025-09-24,as on 24.09.2025 at 6.00 AM; Pong 1390.98 17291 24823
2025-10-03,Ranjit Sagar,,,37686.0,,False,bbmb to release 40000 cusecs extra from bhakra pong floodgates today amid punjab rain alert,https://www.tribuneindia.com/news/amritsar/bbmb-to-release-40000-cusecs-extra-from-bhakra-pong-floodgates-today-amid-punjab-rain-alert/,2025-10-04,"The outflow from Ranjit Sagar dam on the Ravi was increased from 20,362 cusecs to 37,686 cusecs on Thursday"
2025-10-04,Bhakra,1672.88,,44000.0,,False,bbmb to release 40000 cusecs extra from bhakra pong floodgates today amid punjab rain alert,https://www.tribuneindia.com/news/amritsar/bbmb-to-release-40000-cusecs-extra-from-bhakra-pong-floodgates-today-amid-punjab-rain-alert/,2025-10-04,"The current water level in the Bhakra dam stood at 1,672.88 feet (danger mark is 1,680 feet); total discharge from Bhakra reservoir will rise to 44,000 cusecs"
2025-10-04,Pong,1388.47,,50000.0,,False,bbmb to release 40000 cusecs extra from bhakra pong floodgates today amid punjab rain alert,https://www.tribuneindia.com/news/amritsar/bbmb-to-release-40000-cusecs-extra-from-bhakra-pong-floodgates-today-amid-punjab-rain-alert/,2025-10-04,"Pong at 1,388.47 feet (1,390 feet danger mark); total discharge...from Pong to 50,000 cusecs"
2025-10-04,Ranjit Sagar,1713.64,,,,False,bbmb to release 40000 cusecs extra from bhakra pong floodgates today amid punjab rain alert,https://www.tribuneindia.com/news/amritsar/bbmb-to-release-40000-cusecs-extra-from-bhakra-pong-floodgates-today-amid-punjab-rain-alert/,2025-10-04,"Ranjit Sagar dam at 1,713.64 feet (danger level 1,731.98 feet)"
2025-10-05,Pong,1388.35,10084.0,17173.0,6:00 AM,False,50000 cusecs of water released from pong dam,https://www.tribuneindia.com/news/himachal/50000-cusecs-of-water-released-from-pong-dam,2025-10-05,"the water level of the Pong Dam stood at 1,388.35 feet, just 1.65 feet below the danger mark of 1,390 feet; The inflow was recorded at 10,084 cusecs; the regular outflow stood at 17,173 cusecs and a total of 50,000 cusecs were released from the Pong Dam"
2025-10-06,Bhakra,1671.04,,43000.0,,False,water level down in dams as farmers brace for heavy rain,https://www.tribuneindia.com/news/punjab/water-level-down-in-dams-as-farmers-brace-for-heavy-rain/,2025-10-06,"The water level at the Bhakra was almost nine feet below the danger mark of 1,680 feet; the release of the Sutlej water from the Bhakra Dam was being maintained at 43,000 cusecs"
2025-10-06,Bhakra,,,31000.0,,False,water release stopped from ranjit sagar,https://www.tribuneindia.com/news/punjab/water-release-stopped-from-ranjit-sagar,2025-10-07,"On Monday, 31,000 cusecs of water was released from the Bhakra Dam"
2025-10-06,Pong,1386.65,,49000.0,,False,water level down in dams as farmers brace for heavy rain,https://www.tribuneindia.com/news/punjab/water-level-down-in-dams-as-farmers-brace-for-heavy-rain/,2025-10-06,"it was over three feet below the mark at the Pong; The release from the Pong Dam, constructed on the Beas, was recorded at 49,000 cusecs"
2025-10-06,Pong,,,50000.0,,False,water release stopped from ranjit sagar,https://www.tribuneindia.com/news/punjab/water-release-stopped-from-ranjit-sagar,2025-10-07,"50,000 cusecs from the Pong"
2025-10-06,Ranjit Sagar,1708.18,,39686.0,,False,water level down in dams as farmers brace for heavy rain,https://www.tribuneindia.com/news/punjab/water-level-down-in-dams-as-farmers-brace-for-heavy-rain/,2025-10-06,"the outflow from the Ranjit Sagar Dam, built on the Ravi, was 39,686 cusecs"
2025-10-07,Bhakra,,,31000.0,,False,Water release from dams cut due to less rain in catchment,https://timesofindia.indiatimes.com/city/chandigarh/water-release-from-dams-cut-due-to-less-rain-in-catchment/articleshow/124369149.cms,2025-10-07,"From the Bhakhra Dam, 31,000 cusecs of water was released throughout the day."
2025-10-07,Pong,,,17000.0,18:00,False,Water release from dams cut due to less rain in catchment,https://timesofindia.indiatimes.com/city/chandigarh/water-release-from-dams-cut-due-to-less-rain-in-catchment/articleshow/124369149.cms,2025-10-07,"From Pong Dam, around 50,000 cusecs was being released. By early afternoon, authorities started reducing the outflow. It was brought down to around 24,000 cusecs by 6pm, the spillway was closed, thus reducing the discharge to around 17,000 cusecs"
2025-10-07,Ranjit Sagar,,,0.0,,False,Water release from dams cut due to less rain in catchment,https://timesofindia.indiatimes.com/city/chandigarh/water-release-from-dams-cut-due-to-less-rain-in-catchment/articleshow/124369149.cms,2025-10-07,There was no discharge from Ranjit Sagar Dam into the Ravi.
2025-11-20,Bhakra,1672.75,7811.0,17338.0,,False,Himachal: पंजाब में नहरों की मरम्मत से और बढ़ेगा भाखड़ा डैम में पानी,https://www.amarujala.com/shimla/himachal-punjab-s-canal-repairs-will-further-increase-water-in-bhakra-dam-find-out-what-the-management-says-2025-11-21,2025-11-21 10:59 IST,गोबिंद सागर जलाशय का जलस्तर गुरुवार को 1672.75 फीट दर्ज किया गया; 7811 क्यूसेक पानी का इनफ्लो रहा; 17338 क्यूसेक पानी गुरुवार को रिलीज किया गया
2026-05-14,Bhakra,1586.6,13102.0,16042.0,06:00,False,BBMB Reservoir Data rdata.html (archived capture),https://web.archive.org/web/20260514202522/http://bbmb.gov.in/writereaddata/Portal/rdata/rdata.html,2026-05-14,as on 14-05-2026 06:00 Hrs; Bhakra 1586.6 13102 16042
2026-05-14,Pong,1333.03,2705.0,5010.0,06:00,False,BBMB Reservoir Data rdata.html (archived capture),https://web.archive.org/web/20260514202522/http://bbmb.gov.in/writereaddata/Portal/rdata/rdata.html,2026-05-14,as on 14-05-2026 06:00 Hrs; Pong 1333.03 2705 5010
2026-06-02,Bhakra,1578.0,,,,False,"Himachal rain takes Bhakra Dam level to 1,612 feet, still far from 1,680 danger mark",https://www.hindustantimes.com/cities/chandigarh-news/himachal-rain-takes-bhakra-dam-level-to-1-612-feet-still-far-from-1-680-danger-mark-101786303270426.html,2026-08-10,"On June 2, the Bhakra's water level was at 1,578 feet"
2026-06-02,Pong,1328.34,,,,False,"Himachal rain takes Bhakra Dam level to 1,612 feet, still far from 1,680 danger mark",https://www.hindustantimes.com/cities/chandigarh-news/himachal-rain-takes-bhakra-dam-level-to-1-612-feet-still-far-from-1-680-danger-mark-101786303270426.html,2026-08-10,"Pong's stood at 1,328.34 feet"
2026-06-04,Bhakra,1580.18,10641.0,16521.0,18:00,False,BBMB Reservoir Data rdata.html (archived capture),https://web.archive.org/web/20260604214502/https://bbmb.gov.in/writereaddata/Portal/rdata/rdata.html,2026-06-04,as on 04-06-2026 18:00 Hrs; Bhakra 1580.18 10641 16521
2026-06-04,Pong,1330.43,2088.0,5231.0,18:00,False,BBMB Reservoir Data rdata.html (archived capture),https://web.archive.org/web/20260604214502/https://bbmb.gov.in/writereaddata/Portal/rdata/rdata.html,2026-06-04,as on 04-06-2026 18:00 Hrs; Pong 1330.43 2088 5231
2026-06-09,Bhakra,1578.07,,,,False,"बारिश से पहले बढ़ा भाखड़ा का जलस्तर, पंजाब में बाढ़ को लेकर बढ़ी चिंता",https://lalluram.com/bbmb-advisory-bhakra-reservoir-water-level-punjab-flood-concern/,2026-06-10 17:32 IST,"बोर्ड द्वारा जारी आंकड़ों के अनुसार 9 जून को भाखड़ा जलाशय का जलस्तर 1,578.07 फीट दर्ज किया गया"
2026-06-09,Bhakra,1578.07,13748.0,20763.0,,False,"Dam level up, BBMB tells Punjab, Haryana to draw more water",https://www.tribuneindia.com/news/punjab/dam-level-up-bbmb-tells-states-to-draw-more-water/,2026-06-10,"The water level in the reservoir stood at 1,578.07 feet on June 9; The current inflow into Bhakra is 13,748 cusecs; water releases from Bhakra stand at 20,763 cusecs"
2026-06-10,Bhakra,1578.07,,,,False,"Bhakra Dam water level rises; BBMB urges Punjab, Haryana to maximise water use before monsoon",https://www.babushahi.com/full-news.php?id=222336,2026-06-10 13:23,"the water level in the Gobind Sagar reservoir has reached 1,578.07 feet, leaving only about 102 feet of storage space below its maximum permissible level."
2026-06-10,Bhakra,1578.0,13748.0,,,False,"Draw more water from dams, BBMB tells partner states ahead of monsoon",https://www.hindustantimes.com/cities/chandigarh-news/draw-more-water-from-dams-bbmb-tells-partner-states-ahead-of-monsoon-101781032199468.html,2026-06-10,"the Bhakra's water level was at 1,578 ft against the ideal level of around 1,500 ft. Current water inflows into the Bhakra and Pong reservoirs are at 13,748 cusecs"
2026-06-10,Pong,1328.34,1986.0,,,False,"Draw more water from dams, BBMB tells partner states ahead of monsoon",https://www.hindustantimes.com/cities/chandigarh-news/draw-more-water-from-dams-bbmb-tells-partner-states-ahead-of-monsoon-101781032199468.html,2026-06-10,"Pong stood at 1328.34 ft compared to the preferred 1,300 ft. Current water inflows into the Bhakra and Pong reservoirs are at 13,748 cusecs and 1,986 cusecs"
2026-06-11,Bhakra,1576.65,16527.0,26163.0,,False,"Una News: भाखड़ा डैम का जलस्तर पहुंचा 1,576 फीट के पार",https://www.amarujala.com/himachal-pradesh/una/bhakra-dam-water-level-crosses-1576-feet-una-news-c-93-1-una1026-194866-2026-06-12,2026-06-12 00:10 IST,"भाखड़ा डैम का जलस्तर 1,576.65 फीट तक जा पहुंचा; इनफ्लो 16,527 क्यूसेक; टरबाइन से 26,163 क्यूसेक बिजली उत्पादन हेतु छोड़ा"
2026-06-11,Bhakra,1576.65,16527.0,23163.0,,False,"Bhakra inflows down 50% as low snowfall, delayed snowmelt hit Sutlej catchment",https://www.newindianexpress.com/india/2026/Jun/13/bhakra-inflows-down-50-as-low-snowfall-delayed-snowmelt-hit-sutlej-catchment,2026-06-13,"On June 11, the reservoir level was recorded at 1,576.65 feet, compared with 1,555.30 feet on the same date last year. Inflows into the Bhakra Dam were 16,527 cusecs. The water released from the dam on June 11 was 23,163 cusecs against an inflow of 16,527 cusecs."
2026-06-11,Pong,,2129.0,,,False,"Bhakra inflows down 50% as low snowfall, delayed snowmelt hit Sutlej catchment",https://www.newindianexpress.com/india/2026/Jun/13/bhakra-inflows-down-50-as-low-snowfall-delayed-snowmelt-hit-sutlej-catchment,2026-06-13,"At Pong Dam, inflows stood at 2,129 cusecs, much below the average of 6,420 cusecs."
2026-06-11,Ranjit Sagar,,4854.0,,,False,"Bhakra inflows down 50% as low snowfall, delayed snowmelt hit Sutlej catchment",https://www.newindianexpress.com/india/2026/Jun/13/bhakra-inflows-down-50-as-low-snowfall-delayed-snowmelt-hit-sutlej-catchment,2026-06-13,"The Ranjit Sagar Dam received 4,854 cusecs, almost half the average inflow of 9,755 cusecs."
2026-06-13,Bhakra,,,5500.0,,False,"भाखड़ा से छोड़ा गया पानी, सतलुज का बढ़ा जलस्तर; पिछले साल की बाढ़ की याद से सहमे लोग",https://lalluram.com/punjab-bhakra-dam-sutlej-river-water-level-rises-flood-concern-news/,2026-06-15 13:17 IST,शनिवार को सतलुज दरिया में करीब 5500 कयूसिक पानी छोड़ा गया था
2026-06-13,Bhakra,1576.22,19074.0,23150.0,,False,Bhakra Dam Water Level: ਭਾਖੜਾ ਡੈਮ ਵਿੱਚ ਪਾਣੀ ਦਾ ਪੱਧਰ 1576.22 ਫੁੱਟ ਤੱਕ ਪੁੱਜਿਆ,https://www.punjabitribuneonline.com/news/punjab/water-level-in-bhakra-dam-reaches-1576-22-feet/,2026-06-13 05:45 IST,ਭਾਖੜਾ ਡੈਮ 'ਚ ਪਾਣੀ ਦਾ ਪੱਧਰ ਅੱਜ 1576.22 ਫੁੱਟ ਦਰਜ ਕੀਤਾ ਗਿਆ
2026-06-13,Pong,1326.52,,,,False,Bhakra Dam Water Level: ਭਾਖੜਾ ਡੈਮ ਵਿੱਚ ਪਾਣੀ ਦਾ ਪੱਧਰ 1576.22 ਫੁੱਟ ਤੱਕ ਪੁੱਜਿਆ,https://www.punjabitribuneonline.com/news/punjab/water-level-in-bhakra-dam-reaches-1576-22-feet/,2026-06-13 05:45 IST,ਪੌਂਡ ਡੈਮ ਵਿੱਚ ਵੀ ਪਾਣੀ ਦਾ ਪੱਧਰ ਅੱਜ 1326.52 ਫੁੱਟ ਦਰਜ ਕੀਤਾ ਗਿਆ
2026-06-14,Bhakra,1574.0,,3000.0,,False,"भाखड़ा से छोड़ा गया पानी, सतलुज का बढ़ा जलस्तर; पिछले साल की बाढ़ की याद से सहमे लोग",https://lalluram.com/punjab-bhakra-dam-sutlej-river-water-level-rises-flood-concern-news/,2026-06-15 13:17 IST,"आज भाखड़ा बांध का लेबल 1574 है; आज रविवार को 3000 के करीब चल रहा है (Sutlej outflow, date=Sunday 14 June 2026)"
2026-06-14,Bhakra,1575.74,22581.0,36568.0,06:00,False,ਭਾਖੜਾ ਡੈਮ ਅਪਡੇਟ: ਮੰਗ ਵਧਣ ਕਾਰਨ 3 ਦਿਨਾਂ 'ਚ 0.81 ਫੁੱਟ ਘਟਿਆ ਪਾਣੀ ਦਾ ਪੱਧਰ,https://www.punjabijagran.com/punjab/ropar-bhakra-dam-water-level-drops-by-0-81-feet-in-3-days-as-outflow-exceeds-inflow-9643089.html,2026-06-15 09:38 IST,ਭਾਖੜਾ ਬਿਆਸ ਪ੍ਰਬੰਧ ਬੋਰਡ (ਬੀਬੀਐੱਮਬੀ) ਵੱਲੋਂ 14 ਜੂਨ 2026 ਸਵੇਰੇ 6 ਵਜੇ ਤੱਕ ਜਾਰੀ ਕੀਤੇ ਅੰਕੜਿਆਂ ਅਨੁਸਾਰ ਭਾਖੜਾ ਡੈਮ 'ਚ ਜਲ ਪੱਧਰ 1575.74 ਫੁੱਟ ਦਰਜ ਕੀਤਾ ਗਿਆ; ਡੈਮ ਵਿੱਚ 22581 ਕਿਊਸਿਕ ਪਾਣੀ ਦੀ ਆਮਦ ਹੋ ਰਹੀ ਹੈ; 36568 ਕਿਊਸਿਕ ਪਾਣੀ ਛੱਡਿਆ ਜਾ ਰਿਹਾ ਹੈ
2026-06-24,Bhakra,1562.82,18715.0,32650.0,06:00,False,BBMB Reservoir Data res_data.pdf (archived capture),https://web.archive.org/web/20260624112829/https://bbmb.gov.in/writereaddata/Portal/images/pdf/res_data.pdf,2026-06-24,as on 24-06-2026 06:00 Hrs; Bhakra 1562.82 18715 32650
2026-06-24,Pong,1320.89,3527.0,11002.0,06:00,False,BBMB Reservoir Data res_data.pdf (archived capture),https://web.archive.org/web/20260624112829/https://bbmb.gov.in/writereaddata/Portal/images/pdf/res_data.pdf,2026-06-24,as on 24-06-2026 06:00 Hrs; Pong 1320.89 3527 11002
2026-06-28,Bhakra,1559.06,22137.0,,,False,"Below-normal monsoon may impact water-levels at Bhakra, Ranjit Sagar reservoirs",https://www.babushahi.com/full-news.php?id=223100,2026-06-28,"The water level in the Bhakra Reservoir stood at 1,559.06 feet, down 8.27 feet from 1,567.33 feet recorded on the same date last year. The reservoir's inflow has also declined sharply to 22,137 cusecs, compared with 43,633 cusecs a year ago."
2026-06-28,Pong,1319.0,5723.0,,,False,"Below-normal monsoon may impact water-levels at Bhakra, Ranjit Sagar reservoirs",https://www.babushahi.com/full-news.php?id=223100,2026-06-28,"In contrast, the Pong Dam recorded a water level of 1,319 feet, higher than last year's 1,294.8 feet. However, inflows there also remained significantly lower at 5,723 cusecs compared with 40,207 cusecs a year earlier."
2026-06-28,Ranjit Sagar,1653.5,2006.0,,,False,"Below-normal monsoon may impact water-levels at Bhakra, Ranjit Sagar reservoirs",https://www.babushahi.com/full-news.php?id=223100,2026-06-28,"At the Ranjit Sagar Dam, the water level was 1,653.5 feet, about 4.5 feet lower than last year's 1,658 feet. The dam recorded an inflow of just 2,006 cusecs, compared with 40,207 cusecs during the corresponding period last year."
2026-06-29,Bhakra,1554.85,22734.0,29650.0,morning,False,Una News: बीते वर्ष के मुकाबले भाखड़ा बांध के जलस्तर में आई 16 फीट की गिरावट,https://www.amarujala.com/himachal-pradesh/una/16-foot-drop-in-bhakra-dams-water-level-compared-to-last-year-una-news-c-93-1-una1026-196838-2026-06-30,2026-06-30 00:50 IST,22734 क्यूसेक पानी की आमद के साथ भाखड़ा डैम के पीछे बनी गोबिंद सागर झील का जलस्तर 1554.85 फीट तक जा पंहुचा
2026-07-01,Bhakra,1558.0,,,,False,22 फीट बढ़ा भाखड़ा का जलस्तर: पिछले साल से फिर भी नीचे...,https://www.amarujala.com/punjab/chandigarh-punjab/bhakra-water-level-rises-by-22-feet-in-14-days-water-crisis-could-deepen-across-three-states-chandigarh-2026-07-15,2026-07-15 10:58 IST,"दो सप्ताह पहले भाखड़ा का जलस्तर 1558 फीट दर्ज किया गया था (date approximate, 'two weeks before 15 July')"
2026-07-15,Bhakra,1580.0,40426.0,26146.0,,False,22 फीट बढ़ा भाखड़ा का जलस्तर: पिछले साल से फिर भी नीचे...,https://www.amarujala.com/punjab/chandigarh-punjab/bhakra-water-level-rises-by-22-feet-in-14-days-water-crisis-could-deepen-across-three-states-chandigarh-2026-07-15,2026-07-15 10:58 IST,"जो अब बढ़कर 1580 फीट पहुंच गया है; भाखड़ा में 40,426 क्यूसेक पानी की आवक हो रही है; 26,146 क्यूसिक पानी छोड़ा जा रहा है"
2026-07-18,Pong,1321.0,,,,False,Kangra News: पौंग बांध का जलस्तर 11 दिन में 12 फीट बढ़ा,https://www.amarujala.com/himachal-pradesh/kangra/the-water-level-of-pong-dam-rose-by-12-feet-in-11-days-kangra-news-c-95-1-kng1047-247502-2026-07-30,2026-07-30 01:30 IST,18 जुलाई को पौंग बांध का जलस्तर 1321 फीट था
2026-07-21,Ranjit Sagar,,43898.0,,,False,"Water levels at Bhakra, Pong and Pandoh dams substantially lower due to poor inflows compared to last year",https://www.newindianexpress.com/india/2026/Jul/22/water-levels-at-bhakra-pong-and-pandoh-dams-substantially-lower-due-to-poor-inflows-compared-to-last-year,2026-07-22,"the Ranjit Sagar Dam on the Ravi River, which received 43,898 cusecs of inflow yesterday, almost double the inflow recorded on the corresponding day last year."
2026-07-22,Bhakra,1587.12,36866.0,,,False,"Water levels at Bhakra, Pong and Pandoh dams substantially lower due to poor inflows compared to last year",https://www.newindianexpress.com/india/2026/Jul/22/water-levels-at-bhakra-pong-and-pandoh-dams-substantially-lower-due-to-poor-inflows-compared-to-last-year,2026-07-22,"The reservoir level stood at 1,587.12 feet, nearly 17 feet below last year's level and over 12 feet below the long-term average. the dam received an inflow of only 36,866 cusecs on Tuesday against 77,741 cusecs on the corresponding day last year."
2026-07-22,Bhakra,1587.12,36866.0,,,False,"Bhakra Dam Water Level: ਭਾਖੜਾ, ਪੌਂਗ ਅਤੇ ਪੰਡੋਹ ਡੈਮਾਂ ਵਿੱਚ ਪਾਣੀ ਦੀ ਆਮਦ ਘੱਟ",https://www.punjabitribuneonline.com/news/nation/water-inflow-in-bhakra-pong-and-pandoh-dams-reduced/,2026-07-24 05:50 IST,"ਭਾਖੜਾ ਡੈਮ ਵਿੱਚ ਮੰਗਲਵਾਰ ਨੂੰ ਸਿਰਫ਼ 36,866 ਕਿਊਸਿਕ ਪਾਣੀ ਦੀ ਆਮਦ; ਭਾਖੜਾ ਜਲ ਭੰਡਾਰ ਦਾ ਪਾਣੀ ਦਾ ਪੱਧਰ 1,587.12 ਫੁੱਟ"
2026-07-22,Pong,,22546.0,,,False,"Water levels at Bhakra, Pong and Pandoh dams substantially lower due to poor inflows compared to last year",https://www.newindianexpress.com/india/2026/Jul/22/water-levels-at-bhakra-pong-and-pandoh-dams-substantially-lower-due-to-poor-inflows-compared-to-last-year,2026-07-22,"It recorded an inflow of just 22,546 cusecs, less than half of the 55,444 cusecs received on the corresponding day last year."
2026-07-24,Bhakra,1590.28,,,morning,False,"Water levels in Bhakra, Pong drop below last year's marks",https://timesofindia.indiatimes.com/city/chandigarh/water-levels-in-bhakra-pong-drop-below-last-years-marks/articleshow/132612416.cms,2026-07-24,"The water level at the Bhakra Dam stood at 1,590.28 feet on Friday morning."
2026-07-24,Pong,1327.39,,,,False,"Water levels in Bhakra, Pong drop below last year's marks",https://timesofindia.indiatimes.com/city/chandigarh/water-levels-in-bhakra-pong-drop-below-last-years-marks/articleshow/132612416.cms,2026-07-24,"The water level in the Pong Dam on the Beas river was recorded at 1,327.39 feet on July 24, 2026"
2026-07-24,Ranjit Sagar,,96674.0,,,False,"ਰਣਜੀਤ ਸਾਗਰ ਡੈਮ 'ਚ ਵਧਿਆ ਪਾਣੀ ਦਾ ਪੱਧਰ, ਡੈਮ ਪ੍ਰਬੰਧਕਾਂ ਨੇ ਭੇਜਿਆ ਚੇਤਾਵਨੀ ਸੰਦੇਸ਼",https://timetv.news/water-level-rises-in-ranjit-sagar-dam-dam-authorities-issue-warning-message/,2026-07-24,"ਅੱਜ ਚਮੇਰਾ ਪ੍ਰੋਜੈਕਟ ਤੋਂ 96,674 ਕਿਊਸਿਕ ਪਾਣੀ ਰਣਜੀਤ ਸਾਗਰ ਡੈਮ ਝੀਲ ਵਿੱਚ ਪਹੁੰਚ ਗਿਆ; ਲੇਕ ਲੇਵਲ 505.36 ਮੀਟਰ ਤੱਕ ਪਹੁੰਚ ਗਿਆ"
2026-07-26,Bhakra,1592.91,40363.0,26132.0,06:00,False,BBMB Reservoir Data res_data.pdf (archived capture),https://web.archive.org/web/20260726092845/https://bbmb.gov.in/writereaddata/Portal/images/pdf/res_data.pdf,2026-07-26,as on 26-07-2026 06:00 Hrs; Bhakra 1592.91 40363 26132
2026-07-26,Pong,1329.86,37172.0,10007.0,06:00,False,BBMB Reservoir Data res_data.pdf (archived capture),https://web.archive.org/web/20260726092845/https://bbmb.gov.in/writereaddata/Portal/images/pdf/res_data.pdf,2026-07-26,as on 26-07-2026 06:00 Hrs; Pong 1329.86 37172 10007
2026-07-29,Bhakra,1595.74,,,,False,पहाड़ों में बारिश से भाखड़ा डैम में बढ़ा जलस्तर: खरीफ फसलों की सिंचाई को मिलेगी रफ्तार,https://www.amarujala.com/chandigarh/rain-in-the-hills-raises-water-level-in-bhakra-dam-irrigation-for-kharif-crops-to-gain-momentum-2026-07-30,2026-07-30 11:49 IST,मंगलवार को यह 1595.74 फीट था
2026-07-29,Bhakra,1597.2,,,,False,Punjab's three major reservoirs at lowest July levels in 20 yrs,https://www.tribuneindia.com/news/punjab/reservoirs-at-lowest-july-levels-in-20-yrs/,2026-07-30,"The water level in the Bhakra Dam on Wednesday was 1,597.2 ft, compared to the average water level of 1,613.12 ft in the past two decades"
2026-07-29,Pong,1333.87,61210.0,10913.0,06:00,False,Kangra News: पौंग बांध का जलस्तर 11 दिन में 12 फीट बढ़ा,https://www.amarujala.com/himachal-pradesh/kangra/the-water-level-of-pong-dam-rose-by-12-feet-in-11-days-kangra-news-c-95-1-kng1047-247502-2026-07-30,2026-07-30 01:30 IST,"29 जुलाई सुबह 6 बजे बढ़कर 1333.87 फीट पहुंच गया; ब्यास और अन्य सहायक नदियों से बांध में 61,210 क्यूसेक पानी की आवक हो रही है; 10,913 क्यूसेक पानी छोड़ा जा रहा है"
2026-07-29,Pong,1333.87,,,,False,Punjab's three major reservoirs at lowest July levels in 20 yrs,https://www.tribuneindia.com/news/punjab/reservoirs-at-lowest-july-levels-in-20-yrs/,2026-07-30,"As compared to past two decades average water level of 1,334.90 ft in Pong dam, the present day water level is 1,333.87 ft"
2026-07-29,Ranjit Sagar,1669.03,,,,False,Punjab's three major reservoirs at lowest July levels in 20 yrs,https://www.tribuneindia.com/news/punjab/reservoirs-at-lowest-july-levels-in-20-yrs/,2026-07-30,"in case of Ranjit Sagar dam, the present day water level is 1,669.03 ft, as compared to average 20 years water level of 1,674.77 ft"
2026-07-30,Bhakra,1597.2,,8208.0,,False,पहाड़ों में बारिश से भाखड़ा डैम में बढ़ा जलस्तर: खरीफ फसलों की सिंचाई को मिलेगी रफ्तार,https://www.amarujala.com/chandigarh/rain-in-the-hills-raises-water-level-in-bhakra-dam-irrigation-for-kharif-crops-to-gain-momentum-2026-07-30,2026-07-30 11:49 IST,"बुधवार को डैम का जलस्तर 1597.20 फीट दर्ज किया गया; फिलहाल हरियाणा को सिंचाई के लिए करीब 8,208 क्यूसेक पानी मिल रहा है"
2026-08-01,Bhakra,1599.33,,,,False,"पंजाब में 26 फीसदी बारिश कम: बांधों में घटा जलस्तर, खेती और बिजली संकट का खतरा",https://www.amarujala.com/punjab/patiala/rainfall-deficit-in-punjab-dam-water-levels-drop-risk-of-agricultural-and-power-crisis-2026-08-01,2026-08-01 07:51 IST,"भाखड़ा बांध में इस समय पानी का स्तर 1599.33 फुट है, जो पिछले साल के मुकाबले 21.67 फुट कम है"
2026-08-01,Pong,1338.4,,,,False,"पंजाब में 26 फीसदी बारिश कम: बांधों में घटा जलस्तर, खेती और बिजली संकट का खतरा",https://www.amarujala.com/punjab/patiala/rainfall-deficit-in-punjab-dam-water-levels-drop-risk-of-agricultural-and-power-crisis-2026-08-01,2026-08-01 07:51 IST,"पौंग बांध में जलस्तर 1338.40 फुट दर्ज किया गया है, जो पिछले साल की तुलना में 15.69 फुट नीचे है"
2026-08-08,Bhakra,1611.76,41501.0,25067.0,18:00,False,BBMB Reservoir Data res_data.pdf (archived capture),https://web.archive.org/web/20260809052401/https://bbmb.gov.in/writereaddata/Portal/images/pdf/res_data.pdf,2026-08-08,as on 08-08-2026 18:00 Hrs; Bhakra 1611.76 41501 25067
2026-08-08,Pong,1347.32,48054.0,14005.0,18:00,False,BBMB Reservoir Data res_data.pdf (archived capture),https://web.archive.org/web/20260809052401/https://bbmb.gov.in/writereaddata/Portal/images/pdf/res_data.pdf,2026-08-08,as on 08-08-2026 18:00 Hrs; Pong 1347.32 48054 14005
2026-08-09,Bhakra,1612.78,40137.0,25933.0,18:00,False,BBMB Reservoir Data res_data.pdf (archived capture),https://web.archive.org/web/20260810021028/https://bbmb.gov.in/writereaddata/Portal/images/pdf/res_data.pdf,2026-08-09,as on 09-08-2026 18:00 Hrs; Bhakra 1612.78 40137 25933
2026-08-09,Pong,1348.17,34263.0,15591.0,18:00,False,BBMB Reservoir Data res_data.pdf (archived capture),https://web.archive.org/web/20260810021028/https://bbmb.gov.in/writereaddata/Portal/images/pdf/res_data.pdf,2026-08-09,as on 09-08-2026 18:00 Hrs; Pong 1348.17 34263 15591
2026-08-10,Bhakra,1612.0,41000.0,25000.0,,False,"Himachal rain takes Bhakra Dam level to 1,612 feet, still far from 1,680 danger mark",https://www.hindustantimes.com/cities/chandigarh-news/himachal-rain-takes-bhakra-dam-level-to-1-612-feet-still-far-from-1-680-danger-mark-101786303270426.html,2026-08-10,"Bhakra Dam's reservoir level has risen fast, reaching 1,612 feet - a 54 feet increase from 1,558 feet a month ago. the inflow had increased to 41,000 cusecs while outflow was 25,000 cusecs"
2026-08-10,Pong,1348.0,48000.0,14000.0,,False,"Himachal rain takes Bhakra Dam level to 1,612 feet, still far from 1,680 danger mark",https://www.hindustantimes.com/cities/chandigarh-news/himachal-rain-takes-bhakra-dam-level-to-1-612-feet-still-far-from-1-680-danger-mark-101786303270426.html,2026-08-10,"the level in Pong dam reservoir has touched 1,348 feet - a 31 feet rise from 1,317 feet a month go. The dam is currently receiving an inflow of 48,000 cusecs and is releasing 14,000 cusecs"
2026-08-12,Ranjit Sagar,,11645.0,5492.0,,False,Jalandhar News: रंजीत सागर बांध का जलस्तर 513.01 मीटर पहुंचा,https://www.amarujala.com/punjab/jalandhar/the-water-level-of-ranjit-sagar-dam-reached-51301-meters-pathankot-news-c-61-1-kot1001-104210-2026-08-12,2026-08-12 18:50 IST,बुधवार को बांध का जलस्तर एक मीटर बढ़कर 513.01 मीटर दर्ज किया गया; पहाड़ी क्षेत्रों से बांध में 11645 क्यूसेक पानी का इनफ्लो हो रहा है; शाहरपुकंडी बैराज बांध में 5492 क्यूसेक पानी का आउटफ्लो दर्ज किया गया
2026-08-18,Bhakra,1612.0,,,,False,"Himachal rain takes Bhakra Dam level to 1,612 feet, still far from 1,680 danger mark","https://www.msn.com/en-in/news/other/himachal-rain-takes-bhakra-dam-level-to-1612-feet-still-far-from-1680-danger-mark/ar-AA29JYJL,~2026-08-18 (Hindustan Times; date approximate from Bing 'published 1 month ago' relative to 2026-09-18; HT origin blocked to direct fetch",article title/snippet only),"Himachal rain takes Bhakra Dam level to 1,612 feet, still far from 1,680 danger mark [HEADLINE, HT via MSN syndication]"
2026-08-21,Bhakra,1629.32,48309.0,24112.0,morning,False,"Punjab, Haryana brace for rain on August 22; dam levels below normal as monsoon remains sluggish",https://www.tribuneindia.com/news/weather-report/punjab-haryana-brace-for-rain-on-august-22-dam-levels-below-normal-as-monsoon-remains-sluggish/,2026-08-21,"The water level recorded at Bhakra Dam on the Sutlej in Himachal Pradesh on the morning of August 21 was 1,629.32 feet against the permissible upper limit of 1,680 feet; The inflow into the Bhakra reservoir was 48,309 cusecs, while the outflow was 24,112 cusecs on August 21"
2026-08-21,Pong,1362.04,39639.0,15106.0,,False,"Punjab, Haryana brace for rain on August 22; dam levels below normal as monsoon remains sluggish",https://www.tribuneindia.com/news/weather-report/punjab-haryana-brace-for-rain-on-august-22-dam-levels-below-normal-as-monsoon-remains-sluggish/,2026-08-21,"the level at Pong Dam on the Beas in Himachal Pradesh was 1,362.04 feet against the top mark of 1,390 feet; At Pong, the inflow was 39,639 cusecs and the outflow was 15,106 cusecs"
2026-08-26,Bhakra,,42000.0,,,False,"Punjab: Tighten taps, BBMB cautions partner states as weak monsoon strains Bhakra reserves","https://www.msn.com/en-in/news/other/punjab-tighten-taps-bbmb-cautions-partner-states-as-weak-monsoon-strains-bhakra-reserves/ar-AA2aRnPD,~2026-08-26 (Hindustan Times; date approximate from Bing 'published 23 days ago' relative to 2026-09-18; HT origin blocked to direct fetch",snippet only),"Peak inflow currently hovering at 42,000 cusecs compared to over 1 lakh cusecs around the same time last year, threatening reserves for the dry months ahead"
2026-08-27,Bhakra,1634.22,30452.0,25518.0,,False,Bilaspur News: भाखड़ा बांध में पिछले साल से 37 फीट कम पानी,https://www.amarujala.com/himachal-pradesh/bilaspur/water-level-in-bhakra-dam-is-37-feet-lower-than-last-year-bilaspur-news-c-92-1-ssml1001-166440-2026-08-28,2026-08-28 00:48 IST,"27 अगस्त को बांध का जलस्तर 1634.22 फीट दर्ज किया गया; वीरवार को भाखड़ा बांध में पानी की आवक 30,452 क्यूसेक रही; वीरवार को भाखड़ा बांध से 25,518 क्यूसेक पानी छोड़ा गया"
2026-08-27,Bhakra,1634.22,30452.0,25518.0,,False,Punjab faces 34% monsoon deficit as key reservoirs record sharp drop in water levels,https://www.newindianexpress.com/india/2026/Aug/28/punjab-faces-34-monsoon-deficit-as-key-reservoirs-record-sharp-drop-in-water-levels,2026-08-28,"The water level of the Gobind Sagar lake at Bhakra Dam stood at 1,634.22 feet on August 27. the inflow in the Bhakra Dam on August 27 was 30,452 cusecs. The release stood at 25,518 cusecs."
2026-08-27,Bhakra,1634.22,30452.0,25518.0,,False,"Bhakra, Pong, Ranjit Sagar Dams see lower water levels this monsoon",https://www.tribuneindia.com/news/punjab/bhakra-pong-ranjit-sagar-dams-see-lower-water-levels-this-monsoon,2026-08-27,"Bhakra Reservoir, the key storage facility on the Sutlej, stood at 1,634.22 feet on August 27; The Bhakra inflows today was 30,452 cusecs; Releases stood at 25,518 cusecs"
2026-08-27,Bhakra,1633.0,6163.0,,,False,"Punjab's power demand stays above 16,000 MW, but why is Bhakra inflow down 90%?",https://www.tribuneindia.com/news/punjab/power-demand-stays-above-16000-mw-amid-sluggish-monsoon/,2026-08-27,"The water level in the Bhakra reservoir stood at 1,633 feet, down 35 feet from last year's 1,668 feet; Its current inflow was just 6,163 cusecs, sharply below last year's 59,364 cusecs"
2026-08-27,Pong,1365.67,22202.0,16500.0,,False,Punjab faces 34% monsoon deficit as key reservoirs record sharp drop in water levels,https://www.newindianexpress.com/india/2026/Aug/28/punjab-faces-34-monsoon-deficit-as-key-reservoirs-record-sharp-drop-in-water-levels,2026-08-28,"the water level in the Pong Dam on the Beas river was recorded at 1,365.67 feet on August 27. inflow at Pong Dam had decreased many fold as compared to last year, as it was 22,202 cusecs. The release stood at 16,500 cusecs."
2026-08-27,Pong,1365.67,22202.0,16500.0,,False,"Bhakra, Pong, Ranjit Sagar Dams see lower water levels this monsoon",https://www.tribuneindia.com/news/punjab/bhakra-pong-ranjit-sagar-dams-see-lower-water-levels-this-monsoon,2026-08-27,"Its level stood at 1,365.67 feet, against 1,393 feet last year; The reservoir was receiving just 22,202 cusecs; Releases stood at 16,500 cusecs"
2026-08-27,Ranjit Sagar,,7073.0,10738.0,,False,"Bhakra, Pong, Ranjit Sagar Dams see lower water levels this monsoon",https://www.tribuneindia.com/news/punjab/bhakra-pong-ranjit-sagar-dams-see-lower-water-levels-this-monsoon,2026-08-27,"Its level was 514.59 metres, against 526.86 metres last year; Inflow was only 7,073 cusecs, against 1,63,037 cusecs last year; Releases were 10,738 cusecs"
2026-08-27,Ranjit Sagar,1689.0,,,,False,"Punjab's power demand stays above 16,000 MW, but why is Bhakra inflow down 90%?",https://www.tribuneindia.com/news/punjab/power-demand-stays-above-16000-mw-amid-sluggish-monsoon/,2026-08-27,"The Ranjit Sagar Dam water level was 1,689 feet, compared with 1,728 feet during the same period last year"
2026-09-04,Bhakra,1641.2,42701.0,23983.0,18:00,False,BBMB Reservoir Data res_data.pdf (direct capture),https://bbmb.gov.in/writereaddata/Portal/images/pdf/res_data.pdf,2026-09-04,as on 04-09-2026 18:00 Hrs; Bhakra 1641.20 42701 23983
2026-09-04,Pong,1371.16,20102.0,9150.0,18:00,False,BBMB Reservoir Data res_data.pdf (direct capture),https://bbmb.gov.in/writereaddata/Portal/images/pdf/res_data.pdf,2026-09-04,as on 04-09-2026 18:00 Hrs; Pong 1371.16 20102 9150
2026-09-05,Bhakra,1641.48,41628.0,25050.0,06:00,False,BBMB Reservoir Data res_data.pdf (direct capture),https://bbmb.gov.in/writereaddata/Portal/images/pdf/res_data.pdf,2026-09-05,as on 05-09-2026 06:00 Hrs; Bhakra 1641.48 41628 25050
2026-09-05,Pong,1371.42,22870.0,10002.0,06:00,False,BBMB Reservoir Data res_data.pdf (direct capture),https://bbmb.gov.in/writereaddata/Portal/images/pdf/res_data.pdf,2026-09-05,as on 05-09-2026 06:00 Hrs; Pong 1371.42 22870 10002
2026-09-14,Bhakra,1643.98,30199.0,,,False,"पंजाब में बढ़ी बिजली की मांग: 2173 मेगावाट उत्पादन ठप, मानसून की बेरुखी से बांधों में घटा जलस्तर",https://www.amarujala.com/punjab/patiala/rising-electricity-demand-in-punjab-2173-mw-generation-halted-dam-water-levels-drop-due-to-deficient-monsoon-2026-09-14,2026-09-14 08:56 IST,भाखड़ा में पिछले साल के मुकाबले 32.91 फुट कमी है। 2025 में इसी दिन जलस्तर 1676.89 फुट था जो अब 1643.98 फुट है। पानी की आवक 46708 से घटकर 30199 क्यूसिक रह गई
2026-09-14,Pong,1372.24,10751.0,,,False,"पंजाब में बढ़ी बिजली की मांग: 2173 मेगावाट उत्पादन ठप, मानसून की बेरुखी से बांधों में घटा जलस्तर",https://www.amarujala.com/punjab/patiala/rising-electricity-demand-in-punjab-2173-mw-generation-halted-dam-water-levels-drop-due-to-deficient-monsoon-2026-09-14,2026-09-14 08:56 IST,पौंग में जलस्तर 17.91 फुट कम होकर 1372.24 फुट रह गया है। आवक 34737 से घटकर 10751 क्यूसिक है
2026-09-15,Bhakra,1644.47,,,,False,key dams below 2025 levels as monsoon nears end,https://www.tribuneindia.com/news/punjab/bhakra-pong-reservoirs-enter-post-monsoon-season-with-significantly-lower-storage-than-last-year/,2026-09-16,"Bhakra Reservoir stood at 1,644.47 feet on September 15, with 4.03 billion cubic metres (BCM) of live storage"
2026-09-15,Pong,1372.37,,,,False,key dams below 2025 levels as monsoon nears end,https://www.tribuneindia.com/news/punjab/bhakra-pong-reservoirs-enter-post-monsoon-season-with-significantly-lower-storage-than-last-year/,2026-09-16,"Pong Reservoir was at 1,372.37 feet, holding 4.54 BCM and standing at 79 per cent of its live capacity"
2026-09-17,Bhakra,1644.65,28368.0,27119.0,06:00,False,BBMB Reservoir Data res_data.pdf (direct capture),https://bbmb.gov.in/writereaddata/Portal/images/pdf/res_data.pdf,2026-09-17,as on 17-09-2026 06:00 Hrs; Bhakra 1644.65 28368 27119
2026-09-17,Pong,1371.98,11509.0,17532.0,06:00,False,BBMB Reservoir Data res_data.pdf (direct capture),https://bbmb.gov.in/writereaddata/Portal/images/pdf/res_data.pdf,2026-09-17,as on 17-09-2026 06:00 Hrs; Pong 1371.98 11509 17532
