date,dam,storage_bcm,hei,forced_release_bcm,peak_release_cusecs,release_day1_cusecs,inflow_day1_cusecs,rain_day1_mm,day_of_exhaustion,model,storage_basis,qpf_horizon_mm,obs_horizon_mm
2024-06-01,Pong,1.59264,-0.7525561964401608,0.0,0.0,0.0,40202.600414709304,0.376234503422818,,ecmwf_ifs025,cwc,4.2766910551513035,13.757749372054375
2024-06-02,Pong,1.5791826947352405,-0.7537174907888148,0.0,0.0,0.0,40359.23922107586,0.6302982149078197,,ecmwf_ifs025,model,6.433086852693176,13.67537493462327
2024-06-03,Pong,1.5657595280512693,-0.7545743294497642,0.0,0.0,0.0,40657.53811845979,1.9422529304788496,,ecmwf_ifs025,model,9.006693789534067,13.642285314583106
2024-06-04,Pong,1.553100160770387,-0.7581608711695872,0.0,0.0,0.0,41172.30912845706,1.300657403104848,,ecmwf_ifs025,model,5.246546996662938,12.272327130034466
2024-06-05,Pong,1.5410430131525903,-0.7609842774731437,0.0,0.0,0.0,40467.36666647383,1.0672286022449802,,ecmwf_ifs025,model,4.087342902230894,12.722783682405707
2024-06-06,Pong,1.52251,-0.7590624598438466,0.0,0.0,0.0,48332.28787865631,0.7895881538531366,,ecmwf_ifs025,cwc,4.413519333933982,0.6322949676406715
2024-06-07,Pong,1.5283084160798108,-0.7622154954394388,0.0,0.0,0.0,41775.25642345683,0.8614394321752451,,ecmwf_ifs025,model,2.7869524919143585,0.8117217831246495
2024-06-08,Pong,1.517929457711725,-0.7652494331112557,0.0,0.0,0.0,41511.983905278255,0.5736799343748137,,ecmwf_ifs025,model,1.4827334617689072,0.8117217831246495
2024-06-09,Pong,1.5072582280624514,-0.7677932175090847,0.0,0.0,0.0,39980.07546191585,0.2998390387878318,,ecmwf_ifs025,model,1.053067337310275,0.9480902081160935
2024-06-10,Pong,1.4938104832706234,-0.7695131854095396,0.0,0.0,0.0,40375.404003784686,0.3874256303250894,,ecmwf_ifs025,model,1.8575638607431433,0.3928702750041527
2024-06-11,Pong,1.4805996509551627,-0.7715967133740145,0.0,0.0,0.0,40066.697386111526,0.4250539928771125,,ecmwf_ifs025,model,2.2157931906169823,0.3714189014945555
2024-06-12,Pong,1.4668632192553615,-0.7733784131926086,0.0,0.0,0.0,40336.07484609692,0.8267636603830614,,ecmwf_ifs025,model,3.0175408344391728,0.3379880721078246
2024-06-13,Pong,1.38724,-0.78663164814154,0.0,0.0,0.0,40316.05924831848,1.1552007791487655,,ecmwf_ifs025,cwc,2.5880269818830453,3.7528717913458443
2024-06-14,Pong,1.3733190847320733,-0.7891860071155993,0.0,0.0,0.0,40094.662592384375,0.4151303832748167,,ecmwf_ifs025,model,2.376363134536838,4.860803790611866
2024-06-15,Pong,1.3594446612760358,-0.7909206463992368,0.0,0.0,0.0,39935.27124497705,0.2290084500420056,,ecmwf_ifs025,model,3.8153754878020782,11.102647092305236
2024-06-16,Pong,1.3453617725455926,-0.7929407615243073,0.0,0.0,0.0,39972.87236254238,0.3298658392586237,,ecmwf_ifs025,model,3.9538058919679027,11.553452295820268
2024-06-17,Pong,1.3314569280524595,-0.7949318645008489,0.0,0.0,0.0,40372.83533671599,1.111902051754995,,ecmwf_ifs025,model,4.369066974192457,11.783850904377296
2024-06-18,Pong,1.3209159041416951,-0.7949740064454413,0.0,0.0,0.0,42596.015743151,1.9122083114236843,,ecmwf_ifs025,model,5.2902407686717305,9.165954088742376
2024-06-19,Pong,1.3128876873686581,-0.7966486860343845,0.0,0.0,0.0,41490.01308271302,1.278809846153756,,ecmwf_ifs025,model,5.114952776718398,13.712170911053512
2024-06-20,Pong,1.25238,-0.8036956649757482,0.0,0.0,0.0,45878.567948396405,3.345091467633201,,ecmwf_ifs025,cwc,6.591856217663026,9.579645488133231
2024-06-21,Pong,1.2497468073456932,-0.8063550128984411,0.0,0.0,0.0,42707.4777641227,3.620986200716306,,ecmwf_ifs025,model,6.029310999338804,9.70659286656555
2024-06-22,Pong,1.2389805464883286,-0.8083562420804434,0.0,0.0,0.0,41669.96056629135,1.7267516273390462,,ecmwf_ifs025,model,8.436930072028876,16.568124917880205
2024-06-23,Pong,1.2282906181736,-0.8075795213863987,0.0,0.0,0.0,41028.87488322863,1.3454956488556835,,ecmwf_ifs025,model,18.64519414080949,19.08900486874782
2024-06-24,Pong,1.222072085226891,-0.7975363701384831,0.0,0.0,0.0,44463.688955928614,1.4154342671322566,,ecmwf_ifs025,model,37.68498732204054,18.614725527970624
2024-06-25,Pong,1.2201199126113866,-0.7968375994873093,0.0,0.0,0.0,43999.06445061147,4.58184850874214,,ecmwf_ifs025,model,32.96681899478692,21.27013727771591
2024-06-26,Pong,1.211713254998199,-0.8004706559661854,0.0,0.0,0.0,44995.09529877374,8.552699834507147,,ecmwf_ifs025,model,31.677066184015224,22.495171344698367
2024-06-27,Pong,1.15,-0.8089350293387267,0.0,0.0,0.0,46098.70120497757,1.962316429167424,,ecmwf_ifs025,cwc,34.46235989771399,25.04978633366118
2024-06-28,Pong,1.152889098519918,-0.7993089471790811,0.0,0.0,0.0,45094.96143979343,3.6672107103331,,ecmwf_ifs025,model,51.813836424075554,36.6145916120281
2024-06-29,Pong,1.1537602762369215,-0.7967153709369234,0.0,0.0,0.0,47479.244568146074,5.03372977361525,,ecmwf_ifs025,model,60.42033115875721,50.167646147670496
2024-06-30,Pong,1.1580231778358014,-0.7900552242741324,0.0,0.0,0.0,47121.25872789681,5.078259655197926,,ecmwf_ifs025,model,72.95948864182569,64.19373891405222
2024-07-01,Pong,1.157469980827562,-0.779144375227771,0.0,0.0,0.0,46045.53120393366,6.565885051652262,,ecmwf_ifs025,model,82.20581569262926,120.9182988380123
2024-07-02,Pong,1.1628903555383616,-0.7213994034115436,0.0,0.0,0.0,53589.51974817876,9.77306443794062,,ecmwf_ifs025,model,121.98944438794152,112.69600398344446
2024-07-03,Pong,1.1894099997606518,-0.704963734955126,0.0,0.0,0.0,64179.73741283265,15.46705777115027,,ecmwf_ifs025,model,110.56935321545151,104.08800401062358
2024-07-04,Pong,1.14016,-0.7565761944661822,0.0,0.0,0.0,81385.0425448214,26.11707098110077,,ecmwf_ifs025,cwc,61.53155930138536,88.24866861460437
2024-07-05,Pong,1.2148260990193087,-0.7791819003784558,0.0,0.0,0.0,77854.51983018251,13.211021205068656,,ecmwf_ifs025,model,26.95373742607395,71.32722772029496
2024-07-06,Pong,1.3834773635326005,-0.7174003486575717,0.0,0.0,0.0,144686.36249728905,0.8637510378592121,,ecmwf_ifs025,model,18.61593398676453,13.64033359345028
2024-07-07,Pong,1.6280522117348457,-0.7203244240342292,0.0,0.0,0.0,67422.48116007882,3.0834243682120257,,ecmwf_ifs025,model,15.57339774079415,13.229666132702095
2024-07-08,Pong,1.6901964203628863,-0.7168579396841716,0.0,0.0,0.0,66617.07715155391,2.254568373391295,,ecmwf_ifs025,model,15.307870212071213,14.749571306660314
2024-07-09,Pong,1.743661021976841,-0.7189419599451594,0.0,0.0,0.0,47923.46465797423,2.3099544878157907,,ecmwf_ifs025,model,12.640277780731246,11.801336066101008
2024-07-10,Pong,1.7483158448049676,-0.7214272897412518,0.0,0.0,0.0,45826.2879105803,2.21006796946672,,ecmwf_ifs025,model,12.262130514604383,12.33402329604472
2024-07-11,Pong,1.47272,-0.7688308996233976,0.0,0.0,0.0,42114.79567085156,2.3843713269793088,,ecmwf_ifs025,cwc,10.933008868888727,12.113265419445488
2024-07-12,Pong,1.4627924363046907,-0.7680634771842647,0.0,0.0,0.0,43374.95158956188,5.076749189199414,,ecmwf_ifs025,model,17.72606240009585,14.441047742662448
2024-07-13,Pong,1.4605522449065622,-0.763691156068214,0.0,0.0,0.0,46315.13262791646,2.1495900442362847,,ecmwf_ifs025,model,19.604414051984946,21.887515140043696
2024-07-14,Pong,1.459825495900656,-0.7651608713575897,0.0,0.0,0.0,41939.044715516466,2.0807938318660377,,ecmwf_ifs025,model,23.910241499013704,21.886046366518297
2024-07-15,Pong,1.451244786355363,-0.7652941892454536,0.0,0.0,0.0,43565.62996703413,2.714034159032844,,ecmwf_ifs025,model,23.283305328336013,20.103724020340017
2024-07-16,Pong,1.4438284084761734,-0.7688869205232246,0.0,0.0,0.0,42583.8293979915,4.338088089361593,,ecmwf_ifs025,model,20.581305496549312,30.449545956291594
2024-07-17,Pong,1.4355111072230968,-0.7670931421836356,0.0,0.0,0.0,44114.787417355314,3.2508065255908964,,ecmwf_ifs025,model,29.49941010219874,42.000675121255625
2024-07-18,Pong,1.39637,-0.7605912289702496,0.0,0.0,0.0,52525.320383909224,1.966883288345685,,ecmwf_ifs025,cwc,39.01201110442445,56.60122013171734
2024-07-19,Pong,1.4108440873082693,-0.7491882091111731,0.0,0.0,0.0,44984.43787697431,4.76390476897912,,ecmwf_ifs025,model,60.21680695807653,63.202975487782695
2024-07-20,Pong,1.4038943169465168,-0.7514991167862468,0.0,0.0,0.0,44850.365479163345,5.0430446109158105,,ecmwf_ifs025,model,56.51294522354513,70.13135258053858
2024-07-21,Pong,1.4096815055851888,-0.7508605778945296,0.0,0.0,0.0,54187.73947314851,9.225866161019724,,ecmwf_ifs025,model,47.036245772394196,65.8806400911488
2024-07-22,Pong,1.43917992107437,-0.7452171075145867,0.0,0.0,0.0,58772.41116737105,5.082242072141507,,ecmwf_ifs025,model,43.31731434043335,56.22198315455385
2024-07-23,Pong,1.5117951097310809,-0.7274708032755222,0.0,0.0,0.0,78559.57928396059,4.109642457272244,,ecmwf_ifs025,model,33.6414405570192,53.19774919205611
2024-07-24,Pong,1.5972362313396469,-0.7196137751370199,0.0,0.0,0.0,59251.970135742304,3.960832757040227,,ecmwf_ifs025,model,37.023620388772166,67.03642327863824
2024-07-25,Pong,1.51836,-0.7332376516576455,0.0,0.0,0.0,60553.884536063124,5.410831895442011,,ecmwf_ifs025,cwc,42.9133160700826,62.762544020499334
2024-07-26,Pong,1.5576497836137686,-0.7179080289452471,0.0,0.0,0.0,57546.55056622435,9.004164870448253,,ecmwf_ifs025,model,72.73336878962755,65.23429820735646
2024-07-27,Pong,1.5796907445220223,-0.7090166968147812,0.0,0.0,0.0,51244.930344462024,4.216076432781003,,ecmwf_ifs025,model,86.06010427024938,117.7584764084512
2024-07-28,Pong,1.6354242555228287,-0.6774428546300835,0.0,0.0,0.0,74079.60598039163,7.111527560840381,,ecmwf_ifs025,model,74.73716449273826,94.41131199270423
2024-07-29,Pong,1.7293521747783405,-0.6487311612210258,0.0,0.0,0.0,75423.46884225408,7.134920289699384,,ecmwf_ifs025,model,75.22870911249002,95.76572756810201
2024-07-30,Pong,1.7945078815216908,-0.6221257038057751,0.0,0.0,0.0,69103.1347492719,20.53327264259945,,ecmwf_ifs025,model,98.89307190708054,96.32170442875292
2024-07-31,Pong,1.8297960275461782,-0.6263855430287989,0.0,0.0,0.0,84681.68287918175,36.79942638090546,,ecmwf_ifs025,model,90.95181423619832,93.73392210141868
2024-08-01,Pong,1.7213,-0.617150697379943,0.0,0.0,0.0,140443.54668931378,5.709904111817995,,ecmwf_ifs025,cwc,74.39364324568957,40.996953174131704
2024-08-02,Pong,1.9470198555703615,-0.6179183841926391,0.0,0.0,0.0,75716.59855048405,14.16073108111804,,ecmwf_ifs025,model,79.86559633925616,51.67751899935462
2024-08-03,Pong,2.0396665187128247,-0.5875510325059691,0.0,0.0,0.0,90891.65426244437,6.114008582398156,,ecmwf_ifs025,model,82.06984004410793,47.09501060914447
2024-08-04,Pong,2.144829353832915,-0.5505873134809662,0.0,0.0,0.0,63848.9173243985,12.074576663799313,,ecmwf_ifs025,model,111.34987324973653,70.67457597517358
2024-08-05,Pong,2.1758663005728685,-0.5535867404967566,0.0,0.0,0.0,80879.51458471478,25.95365394270643,,ecmwf_ifs025,model,109.24296397998833,69.68107896705588
2024-08-06,Pong,2.211464918310661,-0.5688515358472256,0.0,0.0,0.0,72213.42666239473,39.410818351851326,,ecmwf_ifs025,model,107.02353475690866,92.13778045382983
2024-08-07,Pong,2.2357707728517395,-0.5894552463192942,0.0,0.0,0.0,60701.31602088964,6.595856379863471,,ecmwf_ifs025,model,73.33103617561264,93.87114109506213
2024-08-08,Pong,2.40613,-0.5615876986273522,0.0,0.0,0.0,66585.1182875723,10.014020094816862,,ecmwf_ifs025,cwc,61.525301421886354,78.3131314626836
2024-08-09,Pong,2.487248572346408,-0.5187252455098047,0.0,0.0,0.0,91316.82158974609,15.64567052762881,,ecmwf_ifs025,model,68.8954034725121,56.86629092233103
2024-08-10,Pong,2.578192240170271,-0.5329900596322243,0.0,0.0,0.0,75025.93533505782,22.99702077668936,,ecmwf_ifs025,model,63.19242623637693,75.57984417904282
2024-08-11,Pong,2.6598350963979054,-0.5158896121950867,0.0,0.0,0.0,91072.62670185158,6.41688206744268,,ecmwf_ifs025,model,54.69554159220562,59.84204207426559
2024-08-12,Pong,2.793995682941899,-0.4989877043555672,0.0,0.0,0.0,76354.9730325206,6.672991609059965,,ecmwf_ifs025,model,54.138933496863444,61.512641804328254
2024-08-13,Pong,2.8571770348623864,-0.4896577505963002,0.0,0.0,0.0,66292.29662849533,16.400292085461448,,ecmwf_ifs025,model,69.83772730335816,61.024763411096956
2024-08-14,Pong,2.884824673732698,-0.5064245531435032,0.0,0.0,0.0,55993.70002752797,8.89900423444359,,ecmwf_ifs025,model,59.42967274593258,79.82917671601743
2024-08-15,Pong,2.939011900840644,-0.47761801769491974,0.0,0.0,0.0,80753.24316056063,11.5433409053762,,ecmwf_ifs025,model,55.378444741160116,77.66350147125841
2024-08-16,Pong,3.28499,-0.4370957997275277,0.0,0.0,0.0,63902.89048470388,7.075420920059304,,ecmwf_ifs025,cwc,43.189629459238226,69.4736934182501
2024-08-17,Pong,3.349803925059823,-0.4161545001621449,0.0,0.0,0.0,75585.60149025578,12.556050278325554,,ecmwf_ifs025,model,46.64992292912302,53.372999354063616
2024-08-18,Pong,3.40126429743324,-0.4294453633057541,0.0,0.0,0.0,57329.13393320021,13.177558600227744,,ecmwf_ifs025,model,35.489535614693864,53.6302577773155
2024-08-19,Pong,3.452341409436862,-0.41858390673503093,0.0,0.0,0.0,81297.9830487287,7.556215323879902,,ecmwf_ifs025,model,21.01195036724982,31.960147726881566
2024-08-20,Pong,3.5721744707597103,-0.39565923275671416,0.0,0.0,0.0,78450.33129797166,6.552569010900645,,ecmwf_ifs025,model,28.468193386929382,15.891081772578907
2024-08-21,Pong,3.646377727044897,-0.39800327190228196,0.0,0.0,0.0,57046.0572977783,3.818233889378269,,ecmwf_ifs025,model,24.996104028855246,13.739907011557943
2024-08-22,Pong,3.69761,-0.3948556474749324,0.0,0.0,0.0,48012.32379501162,2.854972935916817,,ecmwf_ifs025,cwc,28.38763047071786,22.150144619294927
2024-08-23,Pong,3.70108228867636,-0.3931356747758739,0.0,0.0,0.0,44574.01104155922,3.0933833216730364,,ecmwf_ifs025,model,32.6890136548285,27.76570598780347
2024-08-24,Pong,3.69858638813765,-0.3924139189527146,0.0,0.0,0.0,44767.74487525519,3.2782693124306905,,ecmwf_ifs025,model,35.91568306736589,27.952556564023276
2024-08-25,Pong,3.7006840433293617,-0.3822332403013523,0.0,0.0,0.0,49290.93532539673,9.591432076692945,,ecmwf_ifs025,model,45.43370287708541,27.005408362425868
2024-08-26,Pong,3.6999452216368414,-0.3935224071852832,0.0,0.0,0.0,43687.88551521994,3.52637547922276,,ecmwf_ifs025,model,31.0804924191456,28.93289180335871
2024-08-27,Pong,3.7027885404512375,-0.38845393489981117,0.0,0.0,0.0,52950.70723216339,9.14258421682592,,ecmwf_ifs025,model,28.95131415726125,19.068630699717144
2024-08-28,Pong,3.7181156552300267,-0.3896563969449479,0.0,0.0,0.0,53506.838702392524,11.256033215014504,,ecmwf_ifs025,model,28.213381969513783,19.894101671518445
2024-08-29,Pong,3.764,-0.38718267362563746,0.0,0.0,0.0,46476.451805950666,2.9217125536766515,,ecmwf_ifs025,cwc,29.967860868680184,35.82401510627459
2024-08-30,Pong,3.769268389375264,-0.3832854579437883,0.0,0.0,0.0,45950.93296208706,1.250996810473397,,ecmwf_ifs025,model,29.02621847036326,35.99265839230162
2024-08-31,Pong,3.7732865999346186,-0.3836905148638962,0.0,0.0,0.0,45418.61568885326,2.7508666908109705,,ecmwf_ifs025,model,26.752351514180035,36.85178933929654
2024-09-01,Pong,3.768920937208459,-0.3792677019591499,0.0,0.0,0.0,45596.753856866344,8.990649459535934,,ecmwf_ifs025,model,39.15330458846145,48.85321925960835
2024-09-02,Pong,3.7675955190741575,-0.3775256405587867,0.0,0.0,0.0,51057.22420769511,9.807450544079105,,ecmwf_ifs025,model,39.74052222531093,51.03595534306691
2024-09-03,Pong,3.793025810384391,-0.3731571240850762,0.0,0.0,0.0,61669.46744102358,6.81989097372844,,ecmwf_ifs025,model,20.953936693576146,37.340025366173506
2024-09-04,Pong,3.830017920621651,-0.3714961220979516,0.0,0.0,0.0,53163.670184191054,7.277521738489616,,ecmwf_ifs025,model,20.135839963301045,33.35898748570733
2024-09-05,Pong,3.9178,-0.3623100355461667,0.0,0.0,0.0,51997.68134587734,7.352161625266078,,ecmwf_ifs025,cwc,15.777758601005011,33.49597671714765
2024-09-06,Pong,3.9406598848191305,-0.3568320162229401,0.0,0.0,0.0,58061.2283038652,7.041416505596684,,ecmwf_ifs025,model,13.973066967739634,28.725092138531043
2024-09-07,Pong,3.976529465453059,-0.34983488835142684,0.0,0.0,0.0,55695.76299476591,4.0904071854504735,,ecmwf_ifs025,model,16.19304293538226,19.416594450584803
2024-09-08,Pong,4.003768322840937,-0.34585015261430907,0.0,0.0,0.0,50541.46028418268,3.9161381745424912,,ecmwf_ifs025,model,18.923247445067975,24.413681100176127
2024-09-09,Pong,4.011820496194082,-0.35096598409333085,0.0,0.0,0.0,47265.78185031991,6.555973599750746,,ecmwf_ifs025,model,15.585002618158661,50.19773203914718
2024-09-10,Pong,4.012838797078204,-0.34806937153461465,0.0,0.0,0.0,50090.033329729406,9.009813603675232,,ecmwf_ifs025,model,18.316716185954743,47.35212640693544
2024-09-11,Pong,4.0211596205135205,-0.34347301745336517,0.0,0.0,0.0,51586.05323979273,8.983304969031224,,ecmwf_ifs025,model,20.57901032355982,41.9029621107298
2024-09-12,Pong,4.0535,-0.3474168069900327,0.0,0.0,0.0,44297.30167196742,4.537896895217997,,ecmwf_ifs025,cwc,11.146400165661504,41.30224899405985
2024-09-13,Pong,4.057945096945684,-0.3448575367531014,0.0,0.0,0.0,50628.45973290889,3.341749698458955,,ecmwf_ifs025,model,7.503156529224274,36.51673198847972
2024-09-14,Pong,4.102442584663724,-0.32292265724035624,0.0,0.0,0.0,71394.11952574414,4.340484161001688,,ecmwf_ifs025,model,11.184686598598695,11.387430992684976
2024-09-15,Pong,4.160842143438857,-0.3257522445853455,0.0,0.0,0.0,48849.03644669843,1.2198676775792416,,ecmwf_ifs025,model,9.624864228619915,10.046050719903125
2024-09-16,Pong,4.1697543671402935,-0.32908897102070234,0.0,0.0,0.0,47023.65170743727,1.494918557703652,,ecmwf_ifs025,model,6.296408140027966,8.264669674413556
2024-09-17,Pong,4.171171531716137,-0.33201944455990257,0.0,0.0,0.0,41732.1125615729,1.7192072020518203,,ecmwf_ifs025,model,6.001748377097266,8.037426699794635
2024-09-18,Pong,4.168212781863005,-0.329630269082125,0.0,0.0,0.0,48063.96968885485,4.804778321044987,,ecmwf_ifs025,model,7.275028258588281,2.303779727199991
2024-09-19,Pong,4.07759,-0.3484355230521275,0.0,0.0,0.0,41835.84015598274,0.0876065219538525,,ecmwf_ifs025,cwc,3.205382693696261,0.3375040609765956
2024-09-20,Pong,4.068653044773529,-0.349912891605777,0.0,0.0,0.0,41045.968497177404,0.3312103504416918,,ecmwf_ifs025,model,6.539071990527258,0.11365330130499811
2024-09-21,Pong,4.057137442374903,-0.3501075079849839,0.0,0.0,0.0,40466.07171529442,0.8653874658504631,,ecmwf_ifs025,model,12.500518535470746,30.039656970172683
2024-09-22,Pong,4.043624425514544,-0.349444244829296,0.0,0.0,0.0,40165.98166183003,0.6785051630264813,,ecmwf_ifs025,model,19.191657786094417,44.07835148035177
2024-09-23,Pong,4.0295853293457755,-0.34810793209917895,0.0,0.0,0.0,40194.03879789335,0.8919132517985218,,ecmwf_ifs025,model,21.96329699393148,45.11554046460501
2024-09-24,Pong,4.01547429744879,-0.3504030523369446,0.0,0.0,0.0,41888.238155638726,5.149658026168678,,ecmwf_ifs025,model,20.530391817471397,45.46606019109331
2024-09-25,Pong,4.001465556746659,-0.35744853537061727,0.0,0.0,0.0,42723.74819167934,7.148631609714046,,ecmwf_ifs025,model,11.55113688801137,45.365429295767804
2025-06-05,Pong,0.769,-0.8855621243274421,0.0,0.0,0.0,43879.26838941956,0.0415269148250402,,ecmwf_ifs025,cwc,0.609103338770079,0.2724592853498476
2025-06-06,Pong,0.7650768190162667,-0.8876058518146127,0.0,0.0,0.0,41441.481106303814,0.1202339778112428,,ecmwf_ifs025,model,0.8124682721040086,0.0
2025-06-07,Pong,0.7547545835107107,-0.8895896476416739,0.0,0.0,0.0,40557.04122863286,0.4937280929487754,,ecmwf_ifs025,model,2.090726424088027,0.0
2025-06-08,Pong,0.741818876323269,-0.8916971486025941,0.0,0.0,0.0,39885.09696784117,0.0585487444974121,,ecmwf_ifs025,model,3.514991398316708,1.242346649020335
2025-06-09,Pong,0.7277695975141548,-0.8933655685741464,0.0,0.0,0.0,39871.54498871903,0.1053580996501764,,ecmwf_ifs025,model,4.903896051805003,6.073712180066014
2025-06-10,Pong,0.7136454535902945,-0.8950203729116762,0.0,0.0,0.0,39990.29704566761,0.4098551583738511,,ecmwf_ifs025,model,5.827946785054416,6.073712180066014
2025-06-11,Pong,0.6995213096664342,-0.8968051671392846,0.0,0.0,0.0,40180.52400719601,0.8911422350532325,,ecmwf_ifs025,model,6.864905344820038,11.59624620513771
2025-06-12,Pong,0.63591,-0.906171555818518,0.0,0.0,0.0,40455.48968597741,1.5842085985742054,,ecmwf_ifs025,cwc,11.413567620097808,27.506859911281623
2025-06-13,Pong,0.6229917388468685,-0.9054617003898106,0.0,0.0,0.0,40941.11008138505,1.072317450619606,,ecmwf_ifs025,model,16.027781658839807,39.06117972804172
2025-06-14,Pong,0.6153155780869197,-0.9009187637187039,0.0,0.0,0.0,43834.311184876395,2.345032673637521,,ecmwf_ifs025,model,20.981123578335442,34.74753700095798
2025-06-15,Pong,0.6084954742898837,-0.8991479433261462,0.0,0.0,0.0,44307.284015228484,8.75785469230421,,ecmwf_ifs025,model,28.98566009459101,37.8172657969572
2025-06-16,Pong,0.6018833323970154,-0.9027322990193909,0.0,0.0,0.0,47919.531753694464,8.54676299750239,,ecmwf_ifs025,model,23.224210645878216,43.959366311048065
2025-06-17,Pong,0.6160489827754014,-0.8962123886047222,0.0,0.0,0.0,53719.25054747444,1.2970215026316874,,ecmwf_ifs025,model,22.318656952433983,29.078082094543824
2025-06-18,Pong,0.6520503955291768,-0.8850686032837348,0.0,0.0,0.0,55686.61319037414,1.8127021355243391,,ecmwf_ifs025,model,23.711715587235638,22.12962093502738
2025-06-19,Pong,0.56136,-0.9013747090189966,0.0,0.0,0.0,48928.06914142486,6.926663363018017,,ecmwf_ifs025,cwc,33.574715245456126,30.822459172120105
2025-06-20,Pong,0.5636508490327071,-0.8993678758102692,0.0,0.0,0.0,47637.79699141984,4.866290259459854,,ecmwf_ifs025,model,39.96197124725764,45.20655902692022
2025-06-21,Pong,0.5792787575970042,-0.8874658036659542,0.0,0.0,0.0,55258.21890562641,6.0339510687007625,,ecmwf_ifs025,model,47.657917790624595,52.249059526788194
2025-06-22,Pong,0.5945905221294214,-0.8840090654334034,0.0,0.0,0.0,45112.13745109542,3.968403272254698,,ecmwf_ifs025,model,53.35897204953389,64.48007678742087
2025-06-23,Pong,0.596081243289026,-0.8763060528575066,0.0,0.0,0.0,51242.15650340602,10.219651801396546,,ecmwf_ifs025,model,56.7099910049146,67.3822712044184
2025-06-24,Pong,0.60855452307818,-0.8618355343868787,0.0,0.0,0.0,59490.18657752495,18.86476235618001,,ecmwf_ifs025,model,66.53008480252937,83.95761453735427
2025-06-25,Pong,0.6404844245410124,-0.8528516738327857,0.0,0.0,0.0,70772.45603485835,17.676954352233224,,ecmwf_ifs025,model,62.30274081358482,102.63941375985999
2025-06-26,Pong,0.699,-0.8549744199492993,0.0,0.0,0.0,67630.58060339972,6.015110313535955,,ecmwf_ifs025,cwc,40.51407032415964,133.36538006453355
2025-06-27,Pong,0.7658858418723282,-0.852294777007336,0.0,0.0,0.0,68012.96038457843,7.888457451017039,,ecmwf_ifs025,model,32.58176478339384,129.10031367191326
2025-06-28,Pong,0.8224315948610892,-0.8442607623644686,0.0,0.0,0.0,64154.73806172193,9.642117509237616,,ecmwf_ifs025,model,40.83141811660202,132.35112714565074
2025-06-29,Pong,0.9006056489327017,-0.8184750883019966,0.0,0.0,0.0,83885.50685205737,6.778739737723636,,ecmwf_ifs025,model,37.82019859728877,115.53688876923543
2025-06-30,Pong,1.0615335599711646,-0.7729856564189436,0.0,0.0,0.0,104405.67250025542,3.606024925339765,,ecmwf_ifs025,model,40.35642144750406,83.16409768923027
2025-07-01,Pong,1.3238653138835441,-0.6920978792031403,0.0,0.0,0.0,150061.5917028841,5.700811500862293,,ecmwf_ifs025,model,54.18098845040423,49.71960591772992
2025-07-02,Pong,1.5895464564772055,-0.6678843984106458,0.0,0.0,0.0,92799.02844269529,9.835042211346446,,ecmwf_ifs025,model,77.9539482133276,42.595373885286925
2025-07-03,Pong,1.66912,-0.6777906334187385,0.0,0.0,0.0,82213.29660424602,3.648199212066598,,ecmwf_ifs025,cwc,62.07910217359596,37.287535109037954
2025-07-04,Pong,1.7749455404845507,-0.6424065268045501,0.0,0.0,0.0,74291.27943016477,12.9148804757958,,ecmwf_ifs025,model,85.06639625437222,34.08023760063488
2025-07-05,Pong,1.819627185708408,-0.6407559916687086,0.0,0.0,0.0,62620.302400475004,14.238811846528163,,ecmwf_ifs025,model,89.13251233900303,49.48226378646109
2025-07-06,Pong,1.8652557628743422,-0.6569314900374857,0.0,0.0,0.0,66188.56222939916,12.073318613080584,,ecmwf_ifs025,model,57.61657984811966,43.355985651167074
2025-07-07,Pong,1.897746554412689,-0.6829083607955782,0.0,0.0,0.0,48823.219549857866,5.9275165212374405,,ecmwf_ifs025,model,28.899130203769072,66.45416558891931
2025-07-08,Pong,1.9068888488070639,-0.6763082057755063,0.0,0.0,0.0,55769.08299150772,11.700061668433984,,ecmwf_ifs025,model,34.161895096640876,61.12639366582511
2025-07-09,Pong,1.9225258606435085,-0.6766478929008325,0.0,0.0,0.0,54796.24291686785,14.364397493167155,,ecmwf_ifs025,model,34.70967946566538,62.02979748799408
2025-07-10,Pong,1.90997,-0.6716981277536601,0.0,0.0,0.0,65358.04286219303,6.7297771276398,,ecmwf_ifs025,cwc,34.63838876880694,47.290023924842416
2025-07-11,Pong,1.963788021941937,-0.6679449208174333,0.0,0.0,0.0,54334.80924881461,1.8961097997301108,,ecmwf_ifs025,model,33.339942637357254,41.889286706574595
2025-07-12,Pong,2.0232874957899494,-0.6305535968666977,0.0,0.0,0.0,76077.28342064407,3.1388407375662024,,ecmwf_ifs025,model,52.68266650642161,21.468820764098254
2025-07-13,Pong,2.0942779574001213,-0.6411129686766096,0.0,0.0,0.0,51472.365801940236,4.205166927504834,,ecmwf_ifs025,model,40.6819828667345,30.44593753069569
2025-07-14,Pong,2.113402944253073,-0.6278043505734077,0.0,0.0,0.0,59428.43163846447,9.309125960306208,,ecmwf_ifs025,model,48.2533516793869,24.327410450442326
2025-07-15,Pong,2.1377298016435824,-0.6341166483397973,0.0,0.0,0.0,52807.57692462005,10.519605583068444,,ecmwf_ifs025,model,41.85640336494066,21.549708334434907
2025-07-16,Pong,2.1449777893047024,-0.6309272446023372,0.0,0.0,0.0,52029.61024484121,9.57029006968826,,ecmwf_ifs025,model,73.51011532437117,61.97945030653434
2025-07-17,Pong,2.1525259079104133,-0.5654655803929065,0.0,0.0,0.0,47441.051672060006,5.895795166060038,,ecmwf_ifs025,model,143.3301302875824,79.36410833205329
2025-07-18,Pong,2.162848097907095,-0.4842049853860212,0.0,0.0,0.0,50632.70899175891,2.027755004290759,,ecmwf_ifs025,model,171.1572943234903,85.18859163716905
2025-07-19,Pong,2.173017915714229,-0.5468023950353704,0.0,0.0,0.0,60688.82480669808,33.26124001801804,,ecmwf_ifs025,model,118.22131796369216,90.81574987879239
2025-07-20,Pong,2.167152093853836,-0.6101523741733968,0.0,0.0,0.0,62282.030668067644,37.11219264866804,,ecmwf_ifs025,model,65.52000315014973,89.66018467424578
2025-07-21,Pong,2.218153304582719,-0.6005253662207445,0.0,0.0,0.0,96362.15209045303,9.825044687616382,,ecmwf_ifs025,model,33.274580432833204,50.90199604690382
2025-07-22,Pong,2.3659028079894586,-0.5893034017575655,0.0,0.0,0.0,80605.78251526896,3.505893911081744,,ecmwf_ifs025,model,24.91690721144507,29.98767772065587
2025-07-23,Pong,2.4796406939324633,-0.5682550667668617,0.0,0.0,0.0,79286.09720020228,3.62172546665076,,ecmwf_ifs025,model,44.87096476341941,34.049925167514864
2025-07-24,Pong,2.5679587541348616,-0.5503963106185472,0.0,0.0,0.0,60531.023769282125,3.4160806051161914,,ecmwf_ifs025,model,71.01412477716686,65.51629202951742
2025-07-25,Pong,2.597473451249641,-0.5382399498315295,0.0,0.0,0.0,50633.59629321769,5.0095444037289365,,ecmwf_ifs025,model,76.59631812317949,93.31639019220503
2025-07-26,Pong,2.6124635837598786,-0.519783969407744,0.0,0.0,0.0,50734.88647092123,5.170356057112446,,ecmwf_ifs025,model,91.12256288878703,102.25017657809407
2025-07-27,Pong,2.6176737121322926,-0.5219107997314043,0.0,0.0,0.0,47095.47371386081,9.276826667044055,,ecmwf_ifs025,model,87.17081988292968,121.22848391518406
2025-07-28,Pong,2.6371292791536747,-0.5195849976649086,0.0,0.0,0.0,70467.47181024613,20.68323494126136,,ecmwf_ifs025,model,67.84917277405366,134.99195377849588
2025-07-29,Pong,2.723513402299222,-0.4979406824228513,0.0,0.0,0.0,99855.07878791483,17.095106210128623,,ecmwf_ifs025,model,51.013833190332456,105.79411068059228
2025-07-30,Pong,2.878658063690432,-0.46983382815788455,0.0,0.0,0.0,104010.22390049076,11.742696473907465,,ecmwf_ifs025,model,48.363178240032745,89.16255977451185
2025-07-31,Pong,3.0296685422626695,-0.45804617200983166,0.0,0.0,0.0,91153.26834614784,12.138669444508194,,ecmwf_ifs025,model,53.252262567913185,97.55986302269127
2025-08-06,Pong,4.552863073913041,-0.2094244093496388,0.0,0.0,0.0,112490.57163644847,3.2531237554947032,,ecmwf_ifs025,press,43.63689577675352,35.01308798824767
2025-08-07,Pong,4.7377656182545085,-0.19563135675254,0.0,0.0,0.0,72484.47866075078,2.9070479173997885,,ecmwf_ifs025,model,47.39082320906544,60.4388912075497
2025-08-08,Pong,5.11,-0.13930581351772595,0.0,0.0,0.0,55736.515351619295,4.171646247277808,,ecmwf_ifs025,press,63.94522325183004,61.67955875523732
2025-08-09,Pong,5.148681005627195,-0.11598248408003792,0.0,0.0,0.0,61099.739743087215,6.269083399554183,,ecmwf_ifs025,model,100.24733853777761,71.37733421128918
2025-08-10,Pong,5.189062616880792,-0.10557960292639583,0.0,0.0,0.0,65875.91298938396,18.7508056163298,,ecmwf_ifs025,model,79.07934943395196,95.85328159234447
2025-08-11,Pong,5.212792308237794,-0.056062361155318735,0.0,0.0,0.0,61844.13548231342,23.00237129427524,,ecmwf_ifs025,model,116.43855993720817,105.84629769181694
2025-08-12,Pong,5.27275136445348,-0.07222348706706429,0.0,0.0,0.0,86559.9424321104,7.145417166424184,,ecmwf_ifs025,model,70.75683423737593,106.20558987194872
2025-08-13,Pong,5.362798025507066,-0.03839976044542827,0.0,0.0,0.0,78702.3896937883,35.85616725769859,,ecmwf_ifs025,model,109.5715505842112,122.98570409100506
2025-08-14,Pong,5.412804902572875,-0.0459909278989619,0.0,0.0,0.0,78391.05458510102,9.023701049030654,,ecmwf_ifs025,model,90.17839908012107,116.93750303244329
2025-08-15,Pong,5.540755937053137,0.014415795399073644,0.08875805227209543,36278.48419950825,0.0,104058.7395326537,14.872520707138214,5.0,ecmwf_ifs025,model,91.33870500834944,101.14022100439834
2025-08-16,Pong,5.686535409815282,0.00048459391252715444,0.0029836447194284688,1219.5187370595565,0.0,99113.06520603647,20.58633243450919,5.0,ecmwf_ifs025,model,65.83016428954772,90.48331537146517
2025-08-17,Pong,5.859793904313949,0.023455799560130358,0.14441735789172228,27752.59035977672,0.0,128766.47767051597,21.15442407952162,2.0,ecmwf_ifs025,model,45.29175560498969,54.829681772462195
2025-08-18,Pong,5.233,-0.11398401894450702,0.0,0.0,0.0,91581.73884040484,5.259580477196354,,ecmwf_ifs025,press,41.38134218230141,43.68013414009679
2025-08-19,Pong,5.37043623637049,-0.09144812077132553,0.0,0.0,0.0,81311.1687766414,3.907695201308573,,ecmwf_ifs025,model,49.826778025241815,54.836770326975184
2025-08-20,Pong,5.4918565172115095,-0.06844326239559785,0.0,0.0,0.0,72003.86945345307,1.0904073247727375,,ecmwf_ifs025,model,55.98327857846119,88.71315689670715
2025-08-21,Pong,5.567308509947511,-0.06264409608694015,0.0,0.0,0.0,58839.855781757215,4.850225324432056,,ecmwf_ifs025,model,61.5535225251471,147.74794723395937
2025-08-22,Pong,5.59047687394263,-0.041582501904512105,0.0,0.0,0.0,53624.241546066994,11.886192136988688,,ecmwf_ifs025,model,81.58933356074637,162.62845832679506
2025-08-23,Pong,5.602041591310721,-0.0564536700956311,0.0,0.0,0.0,56171.87144120538,12.473318635078837,,ecmwf_ifs025,model,58.39030106588131,165.80453809854833
2025-08-24,Pong,5.648672963733038,-0.019327838037869343,0.0,0.0,0.0,80255.09411618616,18.001091399291962,,ecmwf_ifs025,model,70.05314294530346,159.13668539182981
2025-08-25,Pong,5.791937673697563,0.02419555535262746,0.1489720343061256,23677.708022369556,0.0,133282.3736788921,21.00523397084513,3.0,ecmwf_ifs025,model,56.83369484772332,138.30515896875355
2025-08-26,Pong,6.256662167953219,0.1260742804890314,0.7762393449709659,140910.78513273154,140910.78513273154,186510.78513273151,3.232461039078648,1.0,ecmwf_ifs025,press,55.242702508761354,90.77611373048624
2025-08-27,Pong,6.157,0.09331100624553613,0.5745158654537645,81994.62566517392,81994.62566517392,127594.62566517411,11.12013322581565,1.0,ecmwf_ifs025,model,56.97264682311872,105.61944458785833
2025-08-28,Pong,6.157,0.06679277553893735,0.4112431189932364,59302.73084419303,59302.73084419303,104902.73084419323,10.66459786058197,1.0,ecmwf_ifs025,model,57.36239079792573,130.38049986906458
2025-08-29,Pong,6.157,0.0713316077994772,0.43918870922138,56798.45462178053,56798.45462178053,102398.45462178068,12.773889519057349,1.0,ecmwf_ifs025,model,61.68185458025978,143.0107016413414
2025-08-30,Pong,6.157,0.20332144254769097,1.2518501217661315,173377.450666453,78413.52365734387,124013.52365734412,18.948202541135448,1.0,ecmwf_ifs025,model,133.65642937420762,137.16191748217
2025-08-31,Pong,6.157,0.17573372580011234,1.0819925497512903,158615.9497022001,65227.00794637942,110827.00794637964,37.89820746507758,1.0,ecmwf_ifs025,model,122.23129581365188,129.8348523519528
2025-09-01,Pong,6.157,0.13508813825133648,0.8317376672134769,123132.33663990951,99334.64678437723,144934.6467843774,44.93666060077081,1.0,ecmwf_ifs025,model,88.27798193459526,101.96333145929755
2025-09-02,Pong,6.157,0.07797243686886474,0.48007629380159855,86962.63089698191,86962.63089698191,132562.6308969821,15.36188513876534,1.0,ecmwf_ifs025,model,47.49522887238351,72.37522298733307
2025-09-03,Pong,6.157,0.06407976362320884,0.3945391046280946,86784.2724422905,86784.2724422905,132384.27244229065,12.113353870412846,1.0,ecmwf_ifs025,model,34.0553875883074,48.07391119095258
2025-09-04,Pong,6.157,0.04152064555686307,0.2556426146936044,58021.08173323584,58021.08173323584,103621.08173323599,2.163634315132444,1.0,ecmwf_ifs025,model,25.56308600869356,31.70405776725262
2025-09-05,Pong,6.5090918383532195,0.02683258251696326,0.16520821055694146,34045.009939003474,34045.009939003474,79645.00993900358,6.184917000960662,1.0,ecmwf_ifs025,press,27.92633845616411,24.278104337976398
2025-09-06,Pong,6.503187050741538,0.009940858221658206,0.06120586407074846,11264.839419640773,11264.839419640773,56864.83941964097,4.377347878968842,1.0,ecmwf_ifs025,press,25.689360955903254,28.066842391637405
2025-09-07,Pong,6.157,0.006965901166389997,0.04288905348146077,8355.034101019144,8355.034101019144,53955.03410101941,5.503791596770273,1.0,ecmwf_ifs025,model,28.953766749744283,29.67880311081177
2025-09-08,Pong,6.157,0.006814045220849657,0.041954076424770115,5829.997624223805,4340.046838289913,49940.04683829019,3.1555076694340216,1.0,ecmwf_ifs025,model,31.808901438810352,35.06506023533033
2025-09-09,Pong,6.157,0.012424213087936896,0.07649587998242602,9602.53448886214,4489.644930984109,50089.64493098409,4.734878647007757,1.0,ecmwf_ifs025,model,39.19181430365962,58.19672752014556
2025-09-10,Pong,6.157,0.013345741643786867,0.08216973130079452,11983.004312479268,1287.8044035988144,46887.80440359894,6.627515641307349,1.0,ecmwf_ifs025,model,46.44243804577205,66.88751020532473
2025-09-11,Pong,6.157,0.022579047707539157,0.13901919673531715,22488.497000831016,3983.6824498137503,49583.68244981384,5.760362478402297,1.0,ecmwf_ifs025,model,54.28235039886862,76.9423272486509
2025-09-12,Pong,6.157,0.022703362270732372,0.13978460150089767,15834.691650457484,8361.537377536744,53961.537377536886,11.803577069813729,1.0,ecmwf_ifs025,model,47.13590956577136,74.65289720974778
2025-09-13,Pong,6.157,0.017983695588709946,0.11225031062538182,14427.503807821542,12335.63490855213,57935.63490855214,9.33276848665296,1.0,ecmwf_ifs025,model,33.952944073769814,70.80038973407213
2025-09-14,Pong,6.157,0.03631111388779075,0.228298075192507,41544.14911291142,41544.14911291142,87144.14911291149,15.986691006021871,1.0,ecmwf_ifs025,model,32.074924500164876,46.0823729319683
2025-09-15,Pong,6.2906146967204775,0.01827309764518549,0.12338370456665793,26740.98836473006,26740.98836473006,72340.98836473013,14.26927470368904,1.0,ecmwf_ifs025,bbmb,21.747934829737556,39.40892267587957
2025-09-16,Pong,6.157,0.010471838939210465,0.08616215071647204,25946.733152535548,25946.733152535548,71546.73315253573,3.108151899692075,1.0,ecmwf_ifs025,model,10.64571559471505,22.72468066950777
2025-09-17,Pong,6.157,0.001206650366382318,0.04035218486487846,10912.02114729291,10912.02114729291,56512.02114729302,5.246989557502957,1.0,ecmwf_ifs025,model,9.731235875747128,17.775060008192145
2025-09-18,Pong,6.157,-0.00218857662719148,0.025159770171350182,10283.667805445386,10283.667805445386,55883.66780544562,2.465087710331705,1.0,ecmwf_ifs025,model,6.890325725922158,9.961053916467725
2025-09-19,Pong,6.157,-0.0054160414411297654,0.006302432497210297,2576.0220274729245,2576.0220274729245,48176.02202747313,1.6124377091987965,1.0,ecmwf_ifs025,model,7.6588387034611385,4.695077579005638
2025-09-20,Pong,6.157,-0.0061298709579116145,0.000982329010879468,401.511824421967,401.511824421967,46001.51182442207,0.660461756514984,1.0,ecmwf_ifs025,model,7.94201348683518,0.5974017274425241
2025-09-21,Pong,6.156945390504269,-0.009037141919195309,0.0,0.0,0.0,41538.516951333324,0.8432861957227036,,ecmwf_ifs025,model,6.42987391994997,0.5889156268823388
2025-09-22,Pong,6.146163654932011,-0.01314097072901769,0.0,0.0,0.0,40801.83086041262,0.6465635613469295,,ecmwf_ifs025,model,2.8959256596927556,0.3819069818048813
2025-09-23,Pong,6.134093695950059,-0.015758581237030507,0.0,0.0,0.0,40516.34861620908,0.9249537908378306,,ecmwf_ifs025,model,1.8089194333807492,0.0275474701663485
2025-09-24,Pong,5.95847039356257,-0.04454892338916357,0.0,0.0,0.0,40319.86768696983,1.0081327392143118,,ecmwf_ifs025,bbmb,1.6295723605745267,0.0275474701663485
2025-09-25,Pong,5.944499165029307,-0.04710197809991969,0.0,0.0,0.0,39943.31938768151,0.1992000922166737,,ecmwf_ifs025,model,1.5371533176260919,0.0275474701663485
2026-06-24,Pong,1.7406325000000002,-0.7213389501193038,0.0,0.0,0.0,41354.280476749234,3.048587459221656,,ecmwf_ifs025,bbmb,21.190307951334287,15.566037253790261
2026-06-25,Pong,1.73257013578957,-0.7200055977726076,0.0,0.0,0.0,44783.744510877375,3.763619282993364,,ecmwf_ifs025,model,23.017530927892874,18.723006569652576
2026-06-26,Pong,1.7281010537289927,-0.7200099966821244,0.0,0.0,0.0,42854.618814180394,3.2924201721920525,,ecmwf_ifs025,model,29.264993865787343,47.56716349646388
2026-06-27,Pong,1.7194759282154692,-0.7097307197702875,0.0,0.0,0.0,43923.94473495313,5.2031294200446725,,ecmwf_ifs025,model,51.84692716312664,57.239847066549245
2026-06-28,Pong,1.7109566861895609,-0.7028846809428301,0.0,0.0,0.0,44190.88242856346,7.075372831879746,,ecmwf_ifs025,model,57.62617184873384,60.09290577715232
2026-06-29,Pong,1.7062554831690342,-0.6940779183750795,0.0,0.0,0.0,48262.8282182379,8.22834526872955,,ecmwf_ifs025,model,62.04261123801251,63.264232019692024
2026-06-30,Pong,1.7130401056719293,-0.697807286142042,0.0,0.0,0.0,53723.24784398817,13.633217075014109,,ecmwf_ifs025,model,50.87944071936629,61.45706214519751
2026-07-01,Pong,1.7540470524328637,-0.6833014866605285,0.0,0.0,0.0,76443.47828824318,7.516064326409481,,ecmwf_ifs025,model,39.133819643808685,47.84467211376493
2026-07-02,Pong,1.8359248398699377,-0.6800304456302225,0.0,0.0,0.0,63676.22578941463,6.250843614644293,,ecmwf_ifs025,model,35.29321474173282,46.49144952651227
2026-07-03,Pong,1.8761213133752188,-0.6722367480602313,0.0,0.0,0.0,55140.603706560025,3.910124328989141,,ecmwf_ifs025,model,47.21233584262508,54.30101722015662
2026-07-04,Pong,1.9094618309833267,-0.670448468098674,0.0,0.0,0.0,57634.07470162417,6.087018435342039,,ecmwf_ifs025,model,38.36878934891551,53.63675791238093
2026-07-05,Pong,1.9399972750918055,-0.6680978033999221,0.0,0.0,0.0,56460.26735076949,8.72417555133303,,ecmwf_ifs025,model,39.18296251490473,71.17129497577659
2026-07-06,Pong,1.9820672162193975,-0.6513116738749856,0.0,0.0,0.0,65755.80463461099,10.323623006564208,,ecmwf_ifs025,model,42.300886280254645,69.56402251623422
2026-07-07,Pong,2.030643531467726,-0.6451427065413194,0.0,0.0,0.0,64408.148539418675,16.118628655348758,,ecmwf_ifs025,model,40.63714335241779,70.77271812724295
2026-07-08,Pong,2.069491926340329,-0.64489694959368,0.0,0.0,0.0,63928.19861493829,9.70089441960801,,ecmwf_ifs025,model,30.893165245665113,65.44101567169716
2026-07-09,Pong,2.1120782182195748,-0.6459321682129524,0.0,0.0,0.0,57165.736577168194,6.544702978497367,,ecmwf_ifs025,model,23.36403950827453,57.882990063161394
2026-07-10,Pong,2.1723648845471986,-0.6308768405241069,0.0,0.0,0.0,78415.10398267939,7.473108163133463,,ecmwf_ifs025,model,16.151504464142,38.812509253338305
2026-07-11,Pong,2.2686269092115636,-0.6245248833817177,0.0,0.0,0.0,65891.98843674037,2.276073886849936,,ecmwf_ifs025,model,11.387533993715977,24.198126534365954
2026-07-12,Pong,2.336502003609018,-0.6160154179073815,0.0,0.0,0.0,61483.97251264397,0.7926315387330194,,ecmwf_ifs025,model,16.239508069215596,14.480210440909989
2026-07-13,Pong,2.387413341721302,-0.6033091485472413,0.0,0.0,0.0,53987.63094066312,1.998192308281748,,ecmwf_ifs025,model,40.00678934994211,21.044201286531084
2026-07-14,Pong,2.4057520909472903,-0.5940727909002607,0.0,0.0,0.0,45303.885798472525,1.5744698696170916,,ecmwf_ifs025,model,62.679623517510265,31.240030470974304
2026-07-15,Pong,2.4116727459276825,-0.5716914775320016,0.0,0.0,0.0,45855.65152039677,0.6191398434032409,,ecmwf_ifs025,model,91.25741613514609,31.305057588996146
2026-07-26,Pong,2.1391414285714285,-0.5998222585033693,0.0,0.0,0.0,70788.67823842095,7.672090399324741,,ecmwf_ifs025,bbmb,73.04587968701178,100.46437497159033
2026-07-27,Pong,2.20226990448498,-0.6001961029955233,0.0,0.0,0.0,66095.74491356559,13.803161222184766,,ecmwf_ifs025,model,61.622949698722934,100.79471817753556
2026-07-28,Pong,2.275170024440413,-0.5708957997263259,0.0,0.0,0.0,85022.23480247863,10.654285967160863,,ecmwf_ifs025,model,62.39965932039919,81.12953298608046
2026-07-29,Pong,2.42675432925811,-0.5335943051438021,0.0,0.0,0.0,110671.2971409947,11.96396822660429,,ecmwf_ifs025,model,54.50108115543914,52.544270633976595
2026-07-30,Pong,2.5714621355998597,-0.5359275733184724,0.0,0.0,0.0,74818.02754758243,12.305044052600168,,ecmwf_ifs025,model,54.472077655003886,51.96819769120676
2026-07-31,Pong,2.6729619766244035,-0.5111325496200031,0.0,0.0,0.0,98043.89771171434,12.077742439622314,,ecmwf_ifs025,model,51.779104204767954,46.887698245406725
2026-08-01,Pong,2.792632334838787,-0.5143594547492136,0.0,0.0,0.0,64872.91342987293,4.421767637300442,,ecmwf_ifs025,model,47.15455892147554,52.63664184786252
2026-08-02,Pong,2.8427222724297057,-0.5084230210141457,0.0,0.0,0.0,63142.98543956987,9.708494610464848,,ecmwf_ifs025,model,48.58403883806111,76.02126797049314
2026-08-03,Pong,2.8800167524234332,-0.5058060548994716,0.0,0.0,0.0,58423.137772404996,12.08168479041568,,ecmwf_ifs025,model,49.71770423012459,83.2283353416651
2026-08-04,Pong,2.899806920851223,-0.5151511692466013,0.0,0.0,0.0,54363.032602970365,9.106364776339737,,ecmwf_ifs025,model,40.70935222699674,79.81058131037634
2026-08-05,Pong,2.9403388582870957,-0.504420073301783,0.0,0.0,0.0,66326.6058476007,8.042461004614719,,ecmwf_ifs025,model,32.81693180549115,70.57990801505154
2026-08-06,Pong,3.001976138326296,-0.479767434597754,0.0,0.0,0.0,70515.63431155214,15.845097891122872,,ecmwf_ifs025,model,57.75466799614327,83.80688047141147
2026-08-07,Pong,3.0865133282348536,-0.45247391800998366,0.0,0.0,0.0,84440.84904935928,2.826105802647666,,ecmwf_ifs025,model,49.13559494676678,72.35762861265698
2026-08-08,Pong,3.0417334327272654,-0.45784192233072285,0.0,0.0,0.0,70670.54381553554,2.807942036365016,,ecmwf_ifs025,bbmb,52.810972273622774,58.10124719918288
2026-08-09,Pong,3.083675,-0.43169727181396284,0.0,0.0,0.0,60218.783220416044,8.83649855431152,,ecmwf_ifs025,bbmb,78.99568584941153,66.46044015208297
2026-08-10,Pong,3.161492857142857,-0.45766223842463744,0.0,0.0,0.0,69682.7968242,16.823266598212992,,ecmwf_ifs025,bbmb,48.80553729008076,84.37250027020193
2026-08-11,Pong,3.161492857142857,-0.4532999361608909,0.0,0.0,0.0,81309.17814250976,3.708736723229795,,ecmwf_ifs025,bbmb,38.98284150985151,71.12898475343783
2026-08-12,Pong,3.3085639999999996,-0.42703610035967166,0.0,0.0,0.0,71129.782679362,3.093815909972005,,ecmwf_ifs025,bbmb,44.89647429610541,59.83715964895702
2026-08-13,Pong,3.3531899222654924,-0.43101617127483777,0.0,0.0,0.0,53860.87694682026,6.956492061893988,,ecmwf_ifs025,bbmb,53.452323877042375,69.67964467123933
2026-08-14,Pong,3.420284,-0.4191484710821621,0.0,0.0,0.0,61728.64992060544,8.050276580359943,,ecmwf_ifs025,bbmb,48.6581081928311,102.99052462798116
2026-08-15,Pong,3.504276,-0.3885371931379455,0.0,0.0,0.0,82917.69440212926,4.656417150512117,,ecmwf_ifs025,bbmb,49.12895849934374,82.20515179663887
2026-08-16,Pong,3.5506384725333207,-0.38437992190844245,0.0,0.0,0.0,70084.78565109971,6.1673780070419335,,ecmwf_ifs025,bbmb,50.39264565427826,67.97557180833209
2026-08-17,Pong,3.649894261073841,-0.3759084119870833,0.0,0.0,0.0,61061.90840943218,8.306997380081476,,ecmwf_ifs025,bbmb,50.37279523799431,76.35089726421225
2026-08-18,Pong,3.7131452029629655,-0.36752017089746986,0.0,0.0,0.0,65143.645981096764,11.425198088762508,,ecmwf_ifs025,bbmb,44.44230208190726,86.4853195614401
2026-08-19,Pong,3.796634731142878,-0.3372309429653137,0.0,0.0,0.0,112698.95464153592,5.434624361876527,,ecmwf_ifs025,bbmb,26.33341659182983,43.84456324185935
2026-08-20,Pong,3.968454,-0.3412762959955952,0.0,0.0,0.0,64449.20337307996,2.6943981817124567,,ecmwf_ifs025,bbmb,17.91186617993822,36.935414781823425
2026-08-21,Pong,3.9820839571200013,-0.346750231636179,0.0,0.0,0.0,55195.74007850153,5.736116554660119,,ecmwf_ifs025,bbmb,20.524029886238967,44.05618201572719
2026-08-22,Pong,3.9919068076799964,-0.3457229690333906,0.0,0.0,0.0,63835.41462330829,5.430294431208421,,ecmwf_ifs025,bbmb,13.370884073829947,36.25136844386731
2026-08-23,Pong,4.058954,-0.3325685021949577,0.0,0.0,0.0,71075.8628385535,1.8180558135258016,,ecmwf_ifs025,bbmb,10.472100137217764,20.40390602437128
2026-08-24,Pong,4.0922125,-0.33672811003618996,0.0,0.0,0.0,47728.94936636377,1.3606388204478443,,ecmwf_ifs025,bbmb,14.48200778342163,26.103569110164408
2026-08-25,Pong,4.147480557419385,-0.3287136585185321,0.0,0.0,0.0,46087.27959717715,3.7014365592034895,,ecmwf_ifs025,bbmb,20.15702322436156,29.30947190638406
2026-08-26,Pong,4.150482714516137,-0.32273709949539586,0.0,0.0,0.0,49040.68339324536,3.161722938318294,,ecmwf_ifs025,bbmb,29.339338858658806,39.628797514673735
2026-08-27,Pong,4.20018,-0.30789789168395354,0.0,0.0,0.0,48578.11740440448,2.676396425225337,,ecmwf_ifs025,bbmb,43.0393801200474,46.325281512851795
2026-08-28,Pong,4.20018,-0.30756141117368313,0.0,0.0,0.0,46292.468384159154,2.981888699549117,,ecmwf_ifs025,bbmb,38.77936775116339,65.57217029185773
2026-08-29,Pong,4.2964657142857146,-0.28696647097427247,0.0,0.0,0.0,50467.02762224479,6.74071140294807,,ecmwf_ifs025,bbmb,41.87356495684272,66.81722048468261
2026-08-30,Pong,4.2964657142857146,-0.2885793810565669,0.0,0.0,0.0,48104.93759894686,5.97933498843295,,ecmwf_ifs025,bbmb,42.57586349556482,72.09077282912759
2026-08-31,Pong,4.349768798545466,-0.27214932042162715,0.0,0.0,0.0,63960.20611016453,10.5200118834559,,ecmwf_ifs025,bbmb,40.10082646700661,59.151631947520166
2026-09-01,Pong,4.414588056263735,-0.2670567396956901,0.0,0.0,0.0,60567.33130222141,6.19926618229937,,ecmwf_ifs025,bbmb,27.48637580039724,52.68514730675967
2026-09-02,Pong,4.4930468914285795,-0.24704032340465748,0.0,0.0,0.0,75184.88378250264,3.7449756101710223,,ecmwf_ifs025,bbmb,22.29808742061471,30.903200985197863
2026-09-03,Pong,4.531866850285724,-0.25026560609537835,0.0,0.0,0.0,62842.472338182335,7.57857708997879,,ecmwf_ifs025,bbmb,20.06476287680531,23.33362388046953
2026-09-04,Pong,4.590782845000018,-0.2483589025251161,0.0,0.0,0.0,64338.95296463285,8.281512712753345,,ecmwf_ifs025,bbmb,13.44946910517782,16.388684929259178
2026-09-05,Pong,4.605854285714286,-0.257070473172669,0.0,0.0,0.0,49081.18963019279,1.2536498656970028,,ecmwf_ifs025,bbmb,7.003640960071191,14.276437207522962
2026-09-06,Pong,4.605854285714286,-0.25560251738778933,0.0,0.0,0.0,51064.08231010337,2.3886622327478158,,ecmwf_ifs025,bbmb,8.618364749648523,8.078459033532463
2026-09-07,Pong,4.605854285714286,-0.25885239480675143,0.0,0.0,0.0,44283.935801129235,2.216755694815898,,ecmwf_ifs025,bbmb,9.552428273415103,26.205039867183693
2026-09-08,Pong,4.6003128606058326,-0.26128633664957845,0.0,0.0,0.0,42571.805318588216,2.057564616016472,,ecmwf_ifs025,model,8.639972650306174,27.136988354889546
2026-09-09,Pong,4.593236455482169,-0.2602722902083273,0.0,0.0,0.0,42681.78212538126,1.99042618460772,,ecmwf_ifs025,model,12.604103011362756,31.185097767524223
2026-09-10,Pong,4.586824631584777,-0.2600479813808173,0.0,0.0,0.0,42912.97006969807,2.089035220448519,,ecmwf_ifs025,model,17.011280894437206,39.78620137408184
2026-09-11,Pong,4.578730379249908,-0.2631840316742399,0.0,0.0,0.0,42425.979293405544,3.480861476491898,,ecmwf_ifs025,model,14.300596328623675,
2024-06-01,Pong,1.59264,-0.7430264953882526,0.0,0.0,0.0,40120.81963701558,0.1771066754649898,,gfs_seamless,cwc,24.594711260839357,13.757749372054375
2024-06-02,Pong,1.5791826947352405,-0.7439914444992549,0.0,0.0,0.0,40297.60330132342,0.4805147693699561,,gfs_seamless,model,24.04405139026387,13.67537493462327
2024-06-03,Pong,1.5657595280512693,-0.7534144241961181,0.0,0.0,0.0,40942.269944155836,2.634337599992139,,gfs_seamless,model,11.142507384263345,13.642285314583106
2024-06-04,Pong,1.553100160770387,-0.7564402199671394,0.0,0.0,0.0,42749.93757951317,5.057784693865353,,gfs_seamless,model,7.928368066251695,12.272327130034466
2024-06-05,Pong,1.5410430131525903,-0.7605094437277193,0.0,0.0,0.0,41232.240522220854,2.9450592548590646,,gfs_seamless,model,4.553875743751743,12.722783682405707
2024-06-06,Pong,1.52251,-0.7590111008414934,0.0,0.0,0.0,48089.35039206676,0.2888701235649165,,gfs_seamless,cwc,4.410868947831657,0.6322949676406715
2024-06-07,Pong,1.5283084160798108,-0.761836305671287,0.0,0.0,0.0,41895.64363347876,1.109840412212051,,gfs_seamless,model,3.373402543745907,0.8117217831246495
2024-06-08,Pong,1.517929457711725,-0.7647868106003968,0.0,0.0,0.0,41888.9069791313,1.3517457483061162,,gfs_seamless,model,2.2471952998240794,0.8117217831246495
2024-06-09,Pong,1.5072582280624514,-0.7677931709412602,0.0,0.0,0.0,40068.01246412498,0.484724611578692,,gfs_seamless,model,0.8779844790597532,0.9480902081160935
2024-06-10,Pong,1.4938104832706234,-0.7695323219759913,0.0,0.0,0.0,40488.48742030635,0.623742237091737,,gfs_seamless,model,1.8290583274127479,0.3928702750041527
2024-06-11,Pong,1.4805996509551627,-0.7715712559996792,0.0,0.0,0.0,39941.77184531227,0.1133654854900627,,gfs_seamless,model,2.427796001700318,0.3714189014945555
2024-06-12,Pong,1.4668632192553615,-0.773848695294252,0.0,0.0,0.0,40146.29265459987,0.3546169235341482,,gfs_seamless,model,1.9843988174619482,0.3379880721078246
2024-06-13,Pong,1.38724,-0.7868048044371874,0.0,0.0,0.0,40250.78407426729,0.9928069307987042,,gfs_seamless,cwc,2.22505882515987,3.7528717913458443
2024-06-14,Pong,1.3733190847320733,-0.7888287579898323,0.0,0.0,0.0,40120.8102431808,0.4800398564335391,,gfs_seamless,model,3.365914301995087,4.860803790611866
2024-06-15,Pong,1.3594446612760358,-0.7898281979726544,0.0,0.0,0.0,39955.43892241563,0.2795206610152178,,gfs_seamless,model,6.611163753743643,11.102647092305236
2024-06-16,Pong,1.3453617725455926,-0.7896156501241017,0.0,0.0,0.0,39937.05691715377,0.2401310450555738,,gfs_seamless,model,11.674070997306167,11.553452295820268
2024-06-17,Pong,1.3314569280524595,-0.792500619759358,0.0,0.0,0.0,40336.31697748884,1.0203568307176551,,gfs_seamless,model,9.296362009692867,11.783850904377296
2024-06-18,Pong,1.3209159041416951,-0.793500092206203,0.0,0.0,0.0,43303.4015835076,3.593007276215261,,gfs_seamless,model,8.09878612177191,9.165954088742376
2024-06-19,Pong,1.3128876873686581,-0.7963647115031198,0.0,0.0,0.0,41871.407387433435,2.1699490967774246,,gfs_seamless,model,5.643035811614887,13.712170911053512
2024-06-20,Pong,1.25238,-0.8041242760086231,0.0,0.0,0.0,46100.28507696979,3.818734525604389,,gfs_seamless,cwc,5.907386595159635,9.579645488133231
2024-06-21,Pong,1.2497468073456932,-0.8057041784510667,0.0,0.0,0.0,43366.19052698469,5.019502990552409,,gfs_seamless,model,6.809238290715262,9.70659286656555
2024-06-22,Pong,1.2389805464883286,-0.8098195919568113,0.0,0.0,0.0,41820.32328063919,2.044986858610706,,gfs_seamless,model,3.6569055483771993,16.568124917880205
2024-06-23,Pong,1.2282906181736,-0.8104706895293653,0.0,0.0,0.0,41094.86669558538,1.4903224188515634,,gfs_seamless,model,9.514838591123393,19.08900486874782
2024-06-24,Pong,1.222072085226891,-0.7997189986235557,0.0,0.0,0.0,44681.61011807762,1.864862602215796,,gfs_seamless,model,30.69319445934418,18.614725527970624
2024-06-25,Pong,1.2201199126113866,-0.7871439070579711,0.0,0.0,0.0,43865.20771048323,4.28978874858322,,gfs_seamless,model,49.181189331111604,21.27013727771591
2024-06-26,Pong,1.211713254998199,-0.7487786466490943,0.0,0.0,0.0,46916.64707004235,12.737849247003489,,gfs_seamless,model,96.32756038575255,22.495171344698367
2024-06-27,Pong,1.15,-0.7839901579460964,0.0,0.0,0.0,48191.8178673177,6.121560809732202,,gfs_seamless,cwc,63.44259039833481,25.04978633366118
2024-06-28,Pong,1.152889098519918,-0.7512480768243577,0.0,0.0,0.0,47466.907818379324,8.233478538908345,,gfs_seamless,model,96.27271913870682,36.6145916120281
2024-06-29,Pong,1.1537602762369215,-0.7620766005809646,0.0,0.0,0.0,48771.582954565776,7.536317538025994,,gfs_seamless,model,89.51933270941402,50.167646147670496
2024-06-30,Pong,1.1580231778358014,-0.7626000931309013,0.0,0.0,0.0,50920.37327649724,12.199762792845322,,gfs_seamless,model,84.0710055481792,64.19373891405222
2024-07-01,Pong,1.157469980827562,-0.7625209025080116,0.0,0.0,0.0,49196.53744586304,12.386574349289864,,gfs_seamless,model,90.38824356934254,120.9182988380123
2024-07-02,Pong,1.1628903555383616,-0.7471214040927142,0.0,0.0,0.0,56749.88678174347,15.439160584822076,,gfs_seamless,model,87.74642534632763,112.69600398344446
2024-07-03,Pong,1.1894099997606518,-0.742261607590065,0.0,0.0,0.0,60502.08437779822,9.649010265631096,,gfs_seamless,model,76.9463821857566,104.08800401062358
2024-07-04,Pong,1.14016,-0.7607435086820686,0.0,0.0,0.0,78666.68093301314,22.33755666291497,,gfs_seamless,cwc,57.41714605380315,88.24866861460437
2024-07-05,Pong,1.2148260990193087,-0.7712771645807304,0.0,0.0,0.0,81677.25653336386,17.9339414847955,,gfs_seamless,model,30.404591519219096,71.32722772029496
2024-07-06,Pong,1.3834773635326005,-0.7048490608495853,0.0,0.0,0.0,150363.54773686038,5.699310274129753,,gfs_seamless,model,29.044670311092677,13.64033359345028
2024-07-07,Pong,1.6280522117348457,-0.709429236875047,0.0,0.0,0.0,69384.06933368306,4.8329785699625445,,gfs_seamless,model,33.75322701529105,13.229666132702095
2024-07-08,Pong,1.6901964203628863,-0.6981921520848811,0.0,0.0,0.0,67384.12735928805,2.9742238998252386,,gfs_seamless,model,42.395104310946174,14.749571306660314
2024-07-09,Pong,1.743661021976841,-0.694115699674745,0.0,0.0,0.0,51118.10284791649,5.623771340779544,,gfs_seamless,model,47.130260957201145,11.801336066101008
2024-07-10,Pong,1.7483158448049676,-0.7096072504872757,0.0,0.0,0.0,50374.97753659369,7.528567905708447,,gfs_seamless,model,27.708225212534273,12.33402329604472
2024-07-11,Pong,1.47272,-0.765932669900671,0.0,0.0,0.0,44026.19051234143,6.330082280063123,,gfs_seamless,cwc,14.240743425070686,12.113265419445488
2024-07-12,Pong,1.4627924363046907,-0.7695311414556262,0.0,0.0,0.0,42113.722278020265,2.4589149934001577,,gfs_seamless,model,15.326229381496404,14.441047742662448
2024-07-13,Pong,1.4605522449065622,-0.7581275698371905,0.0,0.0,0.0,47227.79243906622,4.00627253033504,,gfs_seamless,model,32.452992733903926,21.887515140043696
2024-07-14,Pong,1.459825495900656,-0.753179757112336,0.0,0.0,0.0,42000.3383181021,2.210487850108601,,gfs_seamless,model,41.77078391578716,21.886046366518297
2024-07-15,Pong,1.451244786355363,-0.7500439609162598,0.0,0.0,0.0,43865.405767546385,3.3437809290844527,,gfs_seamless,model,43.865828662798826,20.103724020340017
2024-07-16,Pong,1.4438284084761734,-0.7551865867354343,0.0,0.0,0.0,42807.17087884111,4.808670200514801,,gfs_seamless,model,43.13595495549863,30.449545956291594
2024-07-17,Pong,1.4355111072230968,-0.7634012829822944,0.0,0.0,0.0,45080.21605866876,5.222796583554093,,gfs_seamless,model,33.37686213555953,42.000675121255625
2024-07-18,Pong,1.39637,-0.7551425257728056,0.0,0.0,0.0,53105.15181282084,3.045760603139281,,gfs_seamless,cwc,40.35204040023033,56.60122013171734
2024-07-19,Pong,1.4108440873082693,-0.7506180839805908,0.0,0.0,0.0,44826.06979951831,4.469228214049154,,gfs_seamless,model,51.23143199749923,63.202975487782695
2024-07-20,Pong,1.4038943169465168,-0.7455889216464354,0.0,0.0,0.0,46257.77760326224,7.7188719046900784,,gfs_seamless,model,59.39879701823954,70.13135258053858
2024-07-21,Pong,1.4096815055851888,-0.7202213543301484,0.0,0.0,0.0,58988.396573973056,17.328517075080104,,gfs_seamless,model,74.00886588230186,65.8806400911488
2024-07-22,Pong,1.43917992107437,-0.7285909521355822,0.0,0.0,0.0,64913.57242707177,14.29303819842526,,gfs_seamless,model,57.752136884564976,56.22198315455385
2024-07-23,Pong,1.5117951097310809,-0.6884210631877347,0.0,0.0,0.0,82970.75768928285,9.909297033381684,,gfs_seamless,model,66.58152965874037,53.19774919205611
2024-07-24,Pong,1.5972362313396469,-0.7044932365186544,0.0,0.0,0.0,59736.12600729803,4.563742539201069,,gfs_seamless,model,49.513911386786674,67.03642327863824
2024-07-25,Pong,1.51836,-0.7258874296971906,0.0,0.0,0.0,58890.12265761345,3.447854176811831,,gfs_seamless,cwc,46.82763478384186,62.762544020499334
2024-07-26,Pong,1.5576497836137686,-0.7005952121627549,0.0,0.0,0.0,56733.274835118355,8.012661614743578,,gfs_seamless,model,70.78301209163266,65.23429820735646
2024-07-27,Pong,1.5796907445220223,-0.6483694740374389,0.0,0.0,0.0,56954.62325121815,11.747108758699484,,gfs_seamless,model,119.8018915270578,117.7584764084512
2024-07-28,Pong,1.6354242555228287,-0.6484825599595713,0.0,0.0,0.0,79944.35862607326,15.050661417785893,,gfs_seamless,model,89.79513727166089,94.41131199270423
2024-07-29,Pong,1.7293521747783405,-0.5217952622453096,0.0,0.0,0.0,93412.5079362975,28.86934436482136,,gfs_seamless,model,150.90009545774953,95.76572756810201
2024-07-30,Pong,1.7945078815216908,-0.6204327074598686,0.0,0.0,0.0,65308.41667398077,15.791065153177126,,gfs_seamless,model,92.61040740983265,96.32170442875292
2024-07-31,Pong,1.8297960275461782,-0.6409635099439838,0.0,0.0,0.0,67712.25637484837,16.00585903651907,,gfs_seamless,model,74.9152588823993,93.73392210141868
2024-08-01,Pong,1.7213,-0.6263465388225117,0.0,0.0,0.0,144181.75490088225,8.949991768987262,,gfs_seamless,cwc,53.22606764301265,40.996953174131704
2024-08-02,Pong,1.9470198555703615,-0.6253802141208287,0.0,0.0,0.0,76322.09009734994,14.764019548526932,,gfs_seamless,model,62.07438358513876,51.67751899935462
2024-08-03,Pong,2.0396665187128247,-0.5863453041361429,0.0,0.0,0.0,87583.58155654985,2.846319652058043,,gfs_seamless,model,80.73544703785096,47.09501060914447
2024-08-04,Pong,2.144829353832915,-0.59682211926923,0.0,0.0,0.0,61797.27690720947,10.055111488242629,,gfs_seamless,model,65.69357641499907,70.67457597517358
2024-08-05,Pong,2.1758663005728685,-0.5869610463420303,0.0,0.0,0.0,76587.90985579888,21.65903116617061,,gfs_seamless,model,77.8426426808478,69.68107896705588
2024-08-06,Pong,2.211464918310661,-0.5645441582676617,0.0,0.0,0.0,66693.60780281124,31.051038372504767,,gfs_seamless,model,110.38957679542219,92.13778045382983
2024-08-07,Pong,2.2357707728517395,-0.5674828316814343,0.0,0.0,0.0,62127.57380259568,8.552470539390548,,gfs_seamless,model,87.23626654607712,93.87114109506213
2024-08-08,Pong,2.40613,-0.5619060163460435,0.0,0.0,0.0,65690.53199075686,8.735096114397363,,gfs_seamless,cwc,58.4536114640812,78.3131314626836
2024-08-09,Pong,2.487248572346408,-0.537800568941087,0.0,0.0,0.0,93611.1176864526,18.34147267446759,,gfs_seamless,model,52.52026486335748,56.86629092233103
2024-08-10,Pong,2.578192240170271,-0.5457598804304604,0.0,0.0,0.0,68440.56674562891,15.200694836797531,,gfs_seamless,model,46.98259041446687,75.57984417904282
2024-08-11,Pong,2.6598350963979054,-0.49970342450120414,0.0,0.0,0.0,92219.13116259541,7.576095437804449,,gfs_seamless,model,68.2917063948993,59.84204207426559
2024-08-12,Pong,2.793995682941899,-0.5069523762135879,0.0,0.0,0.0,73682.01761107233,4.00051549237918,,gfs_seamless,model,42.545734953177075,61.512641804328254
2024-08-13,Pong,2.8571770348623864,-0.5074289697002097,0.0,0.0,0.0,59096.953176478266,8.406942149802672,,gfs_seamless,model,46.994626758219475,61.024763411096956
2024-08-14,Pong,2.884824673732698,-0.5053057810937903,0.0,0.0,0.0,57831.75268300938,11.31020614048949,,gfs_seamless,model,50.41648471301115,79.82917671601743
2024-08-15,Pong,2.939011900840644,-0.4497580438832556,0.0,0.0,0.0,76652.5496940478,6.89716570850834,,gfs_seamless,model,84.98906354686473,77.66350147125841
2024-08-16,Pong,3.28499,-0.4249704113407741,0.0,0.0,0.0,65163.43066037333,8.688547687848024,,gfs_seamless,cwc,56.3001156594779,69.4736934182501
2024-08-17,Pong,3.349803925059823,-0.4072602348628125,0.0,0.0,0.0,78212.55515299719,15.872216353984731,,gfs_seamless,model,54.13701861499442,53.372999354063616
2024-08-18,Pong,3.40126429743324,-0.426986904958834,0.0,0.0,0.0,53883.478300662086,8.810605108126175,,gfs_seamless,model,39.32716203406693,53.6302577773155
2024-08-19,Pong,3.452341409436862,-0.41397356832650994,0.0,0.0,0.0,81017.88048329926,7.2483805216621535,,gfs_seamless,model,25.60710029523854,31.960147726881566
2024-08-20,Pong,3.5721744707597103,-0.4015755569057534,0.0,0.0,0.0,78117.19349891736,6.180759331273658,,gfs_seamless,model,15.457986212522028,15.891081772578907
2024-08-21,Pong,3.646377727044897,-0.4050791385519426,0.0,0.0,0.0,56135.83330420769,2.7389289358924724,,gfs_seamless,model,13.695998253925385,13.739907011557943
2024-08-22,Pong,3.69761,-0.397094248394634,0.0,0.0,0.0,46821.26045445344,1.2450819643882023,,gfs_seamless,cwc,24.66262335611643,22.150144619294927
2024-08-23,Pong,3.70108228867636,-0.391765894310889,0.0,0.0,0.0,43675.70646253265,1.881905330227864,,gfs_seamless,model,34.05401776446866,27.76570598780347
2024-08-24,Pong,3.69858638813765,-0.3889523242822495,0.0,0.0,0.0,46461.115209910786,6.0902866716915565,,gfs_seamless,model,35.67307883946314,27.952556564023276
2024-08-25,Pong,3.7006840433293617,-0.39282221414626955,0.0,0.0,0.0,50072.21176079916,11.157454793408176,,gfs_seamless,model,30.65800919336294,27.005408362425868
2024-08-26,Pong,3.6999452216368414,-0.39103618748928565,0.0,0.0,0.0,44698.16302327663,5.6091490658038845,,gfs_seamless,model,36.56814941242301,28.93289180335871
2024-08-27,Pong,3.7027885404512375,-0.3925978125991902,0.0,0.0,0.0,50961.786487983874,5.4534398337166765,,gfs_seamless,model,24.231147589427835,19.068630699717144
2024-08-28,Pong,3.7181156552300267,-0.39255197032967226,0.0,0.0,0.0,52629.626891954314,9.731049521219038,,gfs_seamless,model,21.50636929331421,19.894101671518445
2024-08-29,Pong,3.764,-0.38891205238864,0.0,0.0,0.0,47154.1505225361,4.097398897315603,,gfs_seamless,cwc,20.398266897022587,35.82401510627459
2024-08-30,Pong,3.769268389375264,-0.3783932446642228,0.0,0.0,0.0,46092.019851636665,1.4983703254722085,,gfs_seamless,model,35.719117148539596,35.99265839230162
2024-08-31,Pong,3.7732865999346186,-0.382555508953983,0.0,0.0,0.0,47550.78695886235,6.409800881352646,,gfs_seamless,model,25.436673477081154,36.85178933929654
2024-09-01,Pong,3.768920937208459,-0.3843404264806607,0.0,0.0,0.0,46947.482970531884,11.591613158973228,,gfs_seamless,model,25.947769542202433,48.85321925960835
2024-09-02,Pong,3.7675955190741575,-0.38314331304665294,0.0,0.0,0.0,51031.62568135675,9.758656609261248,,gfs_seamless,model,25.432601138614867,51.03595534306691
2024-09-03,Pong,3.793025810384391,-0.3756779626103571,0.0,0.0,0.0,59832.79400246506,3.8907230216916697,,gfs_seamless,model,17.115500291220194,37.340025366173506
2024-09-04,Pong,3.830017920621651,-0.36691746453882346,0.0,0.0,0.0,53932.58986119343,8.501695522629714,,gfs_seamless,model,25.15832586553773,33.35898748570733
2024-09-05,Pong,3.9178,-0.3627580415379214,0.0,0.0,0.0,52013.95783744266,7.377849072484019,,gfs_seamless,cwc,13.918438304471499,33.49597671714765
2024-09-06,Pong,3.9406598848191305,-0.3611579529004417,0.0,0.0,0.0,56521.198153907986,4.874758633342442,,gfs_seamless,model,6.6439134245581295,28.725092138531043
2024-09-07,Pong,3.976529465453059,-0.3568702825774862,0.0,0.0,0.0,54160.89807697604,1.9728191867583424,,gfs_seamless,model,5.39321142732947,19.416594450584803
2024-09-08,Pong,4.003768322840937,-0.35308678589123954,0.0,0.0,0.0,49527.35607634934,2.323574295100835,,gfs_seamless,model,8.724597272495357,24.413681100176127
2024-09-09,Pong,4.011820496194082,-0.3467914715076829,0.0,0.0,0.0,45747.37752038791,4.071603709990589,,gfs_seamless,model,22.669243348846738,50.19773203914718
2024-09-10,Pong,4.012838797078204,-0.3354368656628221,0.0,0.0,0.0,47511.39568784831,4.7967905136496585,,gfs_seamless,model,43.851071479874484,47.35212640693544
2024-09-11,Pong,4.0211596205135205,-0.33808075905752155,0.0,0.0,0.0,49750.80319483681,5.826669361208146,,gfs_seamless,model,28.69172451412643,41.9029621107298
2024-09-12,Pong,4.0535,-0.34674977467021345,0.0,0.0,0.0,45695.887783238606,7.219463760335786,,gfs_seamless,cwc,11.904883230710261,41.30224899405985
2024-09-13,Pong,4.057945096945684,-0.34554723753992417,0.0,0.0,0.0,50952.79847276656,3.9275382701762287,,gfs_seamless,model,6.941740561851496,36.51673198847972
2024-09-14,Pong,4.102442584663724,-0.32756562021594643,0.0,0.0,0.0,69769.15810173903,2.08180234907604,,gfs_seamless,model,5.3734962269697535,11.387430992684976
2024-09-15,Pong,4.160842143438857,-0.31762537178072187,0.0,0.0,0.0,48274.94938478409,0.4010725614552342,,gfs_seamless,model,20.701179546288976,10.046050719903125
2024-09-16,Pong,4.1697543671402935,-0.32360854808549316,0.0,0.0,0.0,46335.554069251855,0.4619048565321646,,gfs_seamless,model,14.115918668648169,8.264669674413556
2024-09-17,Pong,4.171171531716137,-0.330357614719167,0.0,0.0,0.0,44075.918717014465,5.258388164588284,,gfs_seamless,model,7.29222671956122,8.037426699794635
2024-09-18,Pong,4.168212781863005,-0.3296571745344454,0.0,0.0,0.0,48694.7825321305,5.803718459914086,,gfs_seamless,model,6.3168913873689085,2.303779727199991
2024-09-19,Pong,4.07759,-0.3490373763670898,0.0,0.0,0.0,41849.424875151264,0.116513816698976,,gfs_seamless,cwc,1.43073348699357,0.3375040609765956
2024-09-20,Pong,4.068653044773529,-0.3509999731949604,0.0,0.0,0.0,40987.81924270059,0.2051600713828621,,gfs_seamless,model,2.1253862398145333,0.11365330130499811
2024-09-21,Pong,4.057137442374903,-0.3523174831533643,0.0,0.0,0.0,40156.35882297597,0.1769323539809174,,gfs_seamless,model,5.914857128317345,30.039656970172683
2024-09-22,Pong,4.043624425514544,-0.3529934161362197,0.0,0.0,0.0,40070.62276634466,0.4658430643213498,,gfs_seamless,model,9.470098105605834,44.07835148035177
2024-09-23,Pong,4.0295853293457755,-0.3520750771652016,0.0,0.0,0.0,40057.83967760616,0.5609693881853399,,gfs_seamless,model,15.56508605313003,45.11554046460501
2024-09-24,Pong,4.01547429744879,-0.35148150621980884,0.0,0.0,0.0,40350.72359690622,1.295344443868416,,gfs_seamless,model,19.704329879338854,45.46606019109331
2024-09-25,Pong,4.001465556746659,-0.3541722780331834,0.0,0.0,0.0,41955.46430478002,5.215688720916751,,gfs_seamless,model,17.46254488101768,45.365429295767804
2025-06-05,Pong,0.769,-0.8852788425350928,0.0,0.0,0.0,43957.72321854295,0.1961259611128094,,gfs_seamless,cwc,1.0354495456517627,0.2724592853498476
2025-06-06,Pong,0.7650768190162667,-0.8876322157124694,0.0,0.0,0.0,41502.509679347655,0.2414471198311531,,gfs_seamless,model,0.6054849342402573,0.0
2025-06-07,Pong,0.7547545835107107,-0.8900622857775492,0.0,0.0,0.0,40444.415017496816,0.2661226474427361,,gfs_seamless,model,0.3557873185501654,0.0
2025-06-08,Pong,0.741818876323269,-0.8925041045977828,0.0,0.0,0.0,39885.423355382685,0.0592430606696399,,gfs_seamless,model,0.0811709332399236,1.242346649020335
2025-06-09,Pong,0.7277695975141548,-0.8947318995153621,0.0,0.0,0.0,39835.07502976665,0.0191491853277229,,gfs_seamless,model,0.576818366370186,6.073712180066014
2025-06-10,Pong,0.7136454535902945,-0.8968525496873746,0.0,0.0,0.0,39835.60194999383,0.0216513252077166,,gfs_seamless,model,0.8323948903339456,6.073712180066014
2025-06-11,Pong,0.6995213096664342,-0.8992571474933059,0.0,0.0,0.0,39834.31444227832,0.0185016741036647,,gfs_seamless,model,0.41643252582393153,11.59624620513771
2025-06-12,Pong,0.63591,-0.9095317207517789,0.0,0.0,0.0,39854.726066532414,0.0699503140140526,,gfs_seamless,cwc,0.6700549597003015,27.506859911281623
2025-06-13,Pong,0.6229917388468685,-0.910251085128447,0.0,0.0,0.0,40742.676965243474,0.5820252353684673,,gfs_seamless,model,3.3066083263238344,39.06117972804172
2025-06-14,Pong,0.6153155780869197,-0.9074968392643596,0.0,0.0,0.0,42962.13452627086,0.3436274546108227,,gfs_seamless,model,8.853745917399348,34.74753700095798
2025-06-15,Pong,0.6084954742898837,-0.9029580388585251,0.0,0.0,0.0,45111.009576340846,10.602183495195243,,gfs_seamless,model,20.824208123411942,37.8172657969572
2025-06-16,Pong,0.6018833323970154,-0.9022616663573926,0.0,0.0,0.0,46200.003120827365,4.898153041401369,,gfs_seamless,model,23.298375766373276,43.959366311048065
2025-06-17,Pong,0.6160489827754014,-0.888268518267666,0.0,0.0,0.0,54754.16993879583,3.1013905315269046,,gfs_seamless,model,34.09940524058497,29.078082094543824
2025-06-18,Pong,0.6520503955291768,-0.8676240453093056,0.0,0.0,0.0,55878.98225680112,2.1096418193229267,,gfs_seamless,model,45.60067089536625,22.12962093502738
2025-06-19,Pong,0.56136,-0.8811426420253478,0.0,0.0,0.0,50082.35719270616,8.788090945468019,,gfs_seamless,cwc,54.4612078345749,30.822459172120105
2025-06-20,Pong,0.5636508490327071,-0.8820478139810172,0.0,0.0,0.0,48770.404025080104,6.636424420201227,,gfs_seamless,model,59.34420327353058,45.20655902692022
2025-06-21,Pong,0.5792787575970042,-0.8728216984730103,0.0,0.0,0.0,59401.46043726441,12.13299518597579,,gfs_seamless,model,62.30643250895861,52.249059526788194
2025-06-22,Pong,0.5945905221294214,-0.8742058223493359,0.0,0.0,0.0,45429.52027568126,4.512180344312244,,gfs_seamless,model,65.63284677110018,64.48007678742087
2025-06-23,Pong,0.596081243289026,-0.8606129040604278,0.0,0.0,0.0,53044.99837874291,13.564466824325692,,gfs_seamless,model,74.12653424794243,67.3822712044184
2025-06-24,Pong,0.60855452307818,-0.8468527330156249,0.0,0.0,0.0,60092.67281783446,19.8775535552952,,gfs_seamless,model,80.11985435397106,83.95761453735427
2025-06-25,Pong,0.6404844245410124,-0.821547981332303,0.0,0.0,0.0,81300.20395715362,32.993521456032056,,gfs_seamless,model,89.07147032725405,102.63941375985999
2025-06-26,Pong,0.699,-0.8323336722606112,0.0,0.0,0.0,68374.17828648761,7.030100193973256,,gfs_seamless,cwc,65.44761526845896,133.36538006453355
2025-06-27,Pong,0.7658858418723282,-0.8253378667176761,0.0,0.0,0.0,71356.77566090663,12.010305513927932,,gfs_seamless,model,62.781274266363766,129.10031367191326
2025-06-28,Pong,0.8224315948610892,-0.8140311017039211,0.0,0.0,0.0,65807.58828227833,11.633747511539363,,gfs_seamless,model,68.96576161945853,132.35112714565074
2025-06-29,Pong,0.9006056489327017,-0.790430784990862,0.0,0.0,0.0,94272.90374528487,17.871038809536714,,gfs_seamless,model,60.06198871386998,115.53688876923543
2025-06-30,Pong,1.0615335599711646,-0.7593995094742451,0.0,0.0,0.0,112875.54825471074,11.622600725781004,,gfs_seamless,model,46.16632496536924,83.16409768923027
2025-07-01,Pong,1.3238653138835441,-0.6996639050908495,0.0,0.0,0.0,153576.68574146557,8.503773272226098,,gfs_seamless,model,36.56043403871706,49.71960591772992
2025-07-02,Pong,1.5895464564772055,-0.6870484435791036,0.0,0.0,0.0,95086.3640072533,11.699748376657295,,gfs_seamless,model,53.92673534129956,42.595373885286925
2025-07-03,Pong,1.66912,-0.6865911061795704,0.0,0.0,0.0,81228.40269859952,2.8587330605207844,,gfs_seamless,cwc,50.47051651236481,37.287535109037954
2025-07-04,Pong,1.7749455404845507,-0.650320351168577,0.0,0.0,0.0,70250.36874040516,9.368528105003817,,gfs_seamless,model,73.04231074188593,34.08023760063488
2025-07-05,Pong,1.819627185708408,-0.6683393682009099,0.0,0.0,0.0,67389.36288828167,19.359399856879367,,gfs_seamless,model,54.41101899791065,49.48226378646109
2025-07-06,Pong,1.8652557628743422,-0.6180932569144335,0.0,0.0,0.0,89418.84744971344,44.50174945501162,,gfs_seamless,model,87.52397072560574,43.355985651167074
2025-07-07,Pong,1.897746554412689,-0.6531179227375873,0.0,0.0,0.0,65809.60449660596,31.259229583073708,,gfs_seamless,model,57.74463818631153,66.45416558891931
2025-07-08,Pong,1.9068888488070639,-0.6707679042355178,0.0,0.0,0.0,59814.127386293716,18.0558256835022,,gfs_seamless,model,41.4046718935003,61.12639366582511
2025-07-09,Pong,1.9225258606435085,-0.6796047717180302,0.0,0.0,0.0,53117.34452299653,11.638113614667024,,gfs_seamless,model,34.83478674564234,62.02979748799408
2025-07-10,Pong,1.90997,-0.668929455956022,0.0,0.0,0.0,66026.10658197103,7.664354471918386,,gfs_seamless,cwc,36.737850808879394,47.290023924842416
2025-07-11,Pong,1.963788021941937,-0.6592941483670782,0.0,0.0,0.0,54752.29414483868,2.5141960808353643,,gfs_seamless,model,43.45135093833912,41.889286706574595
2025-07-12,Pong,2.0232874957899494,-0.6164590086406855,0.0,0.0,0.0,81135.19546177748,9.277590123723304,,gfs_seamless,model,61.86523532593748,21.468820764098254
2025-07-13,Pong,2.0942779574001213,-0.6177918658653394,0.0,0.0,0.0,56332.4990993903,10.35970450334289,,gfs_seamless,model,62.49183223223526,30.44593753069569
2025-07-14,Pong,2.113402944253073,-0.6067212819762086,0.0,0.0,0.0,61837.88676911423,12.33801882419781,,gfs_seamless,model,66.32926495699671,24.327410450442326
2025-07-15,Pong,2.1377298016435824,-0.6281923352056419,0.0,0.0,0.0,55824.16796684665,14.824487809191847,,gfs_seamless,model,47.0469676692419,21.549708334434907
2025-07-16,Pong,2.1449777893047024,-0.625744339948782,0.0,0.0,0.0,54771.43972854618,13.687033276829595,,gfs_seamless,model,64.32348801795527,61.97945030653434
2025-07-17,Pong,2.1525259079104133,-0.6275935001318548,0.0,0.0,0.0,50488.20447014665,11.594090888125905,,gfs_seamless,model,53.328550798400904,79.36410833205329
2025-07-18,Pong,2.162848097907095,-0.6217313461429945,0.0,0.0,0.0,49894.47852134892,0.7817051681300761,,gfs_seamless,model,52.086051443499635,85.18859163716905
2025-07-19,Pong,2.173017915714229,-0.6117807427447567,0.0,0.0,0.0,48112.08179513413,10.523595222771531,,gfs_seamless,model,63.65518824747769,90.81574987879239
2025-07-20,Pong,2.167152093853836,-0.6221530658475241,0.0,0.0,0.0,52043.19419286768,17.98376534112286,,gfs_seamless,model,54.18615129356688,89.66018467424578
2025-07-21,Pong,2.218153304582719,-0.5915459201969125,0.0,0.0,0.0,99850.78030472883,14.212336179931624,,gfs_seamless,model,39.95812538079891,50.90199604690382
2025-07-22,Pong,2.3659028079894586,-0.5880140637790008,0.0,0.0,0.0,84625.97460665504,7.938679468378504,,gfs_seamless,model,24.849041825790415,29.98767772065587
2025-07-23,Pong,2.4796406939324633,-0.5701403963984928,0.0,0.0,0.0,77373.18512096918,1.596117528449423,,gfs_seamless,model,37.499638634709264,34.049925167514864
2025-07-24,Pong,2.5679587541348616,-0.5557033838420824,0.0,0.0,0.0,59937.82432836685,2.81110721090245,,gfs_seamless,model,46.913621567145206,65.51629202951742
2025-07-25,Pong,2.597473451249641,-0.5489684713507457,0.0,0.0,0.0,49110.57722261389,3.444439065464377,,gfs_seamless,model,58.782729120780445,93.31639019220503
2025-07-26,Pong,2.6124635837598786,-0.5306639652189885,0.0,0.0,0.0,54845.64799214265,10.848545464557988,,gfs_seamless,model,71.98989162707652,102.25017657809407
2025-07-27,Pong,2.6176737121322926,-0.5512160624327415,0.0,0.0,0.0,50508.791706107244,15.066912868662293,,gfs_seamless,model,53.57257097314476,121.22848391518406
2025-07-28,Pong,2.6371292791536747,-0.5384848790861679,0.0,0.0,0.0,71028.87137415589,21.595153755684613,,gfs_seamless,model,47.641823253281935,134.99195377849588
2025-07-29,Pong,2.723513402299222,-0.5003097333303234,0.0,0.0,0.0,97271.66667077389,13.936526015463157,,gfs_seamless,model,49.10403847582322,105.79411068059228
2025-07-30,Pong,2.878658063690432,-0.4748378896382584,0.0,0.0,0.0,96212.04002026012,3.9180118463521785,,gfs_seamless,model,46.416510069663325,89.16255977451185
2025-07-31,Pong,3.0296685422626695,-0.4447329494532291,0.0,0.0,0.0,95073.95790911301,15.858336446697097,,gfs_seamless,model,59.74954046017556,97.55986302269127
2025-08-06,Pong,4.552863073913041,-0.2114772392274634,0.0,0.0,0.0,114167.27200320561,4.72264243446739,,gfs_seamless,press,28.8736175106675,35.01308798824767
2025-08-07,Pong,4.7377656182545085,-0.20551428895508722,0.0,0.0,0.0,71257.29811010556,1.6703609773882158,,gfs_seamless,model,24.439216929678988,60.4388912075497
2025-08-08,Pong,5.11,-0.15322308835470944,0.0,0.0,0.0,58330.53043769467,6.925460711231361,,gfs_seamless,press,29.09046130115116,61.67955875523732
2025-08-09,Pong,5.148681005627195,-0.15236871609058789,0.0,0.0,0.0,62795.44414582592,8.08743352036492,,gfs_seamless,model,23.62621657851356,71.37733421128918
2025-08-10,Pong,5.189062616880792,-0.14055910061601742,0.0,0.0,0.0,66517.61024374273,19.52491802901232,,gfs_seamless,model,31.796308084643698,95.85328159234447
2025-08-11,Pong,5.212792308237794,-0.15013948512989272,0.0,0.0,0.0,49609.58046603968,3.326851382080532,,gfs_seamless,model,22.66503965148315,105.84629769181694
2025-08-12,Pong,5.27275136445348,-0.1101736125123963,0.0,0.0,0.0,82828.38808999107,2.3934391972339104,,gfs_seamless,model,35.08232939787043,106.20558987194872
2025-08-13,Pong,5.362798025507066,-0.0860832891598767,0.0,0.0,0.0,65399.32169961928,19.085597956860987,,gfs_seamless,model,59.81109373330652,122.98570409100506
2025-08-14,Pong,5.412804902572875,-0.08010916745749526,0.0,0.0,0.0,75455.95777868357,5.593166858870282,,gfs_seamless,model,49.28658377187459,116.93750303244329
2025-08-15,Pong,5.540755937053137,-0.023092983750873698,0.0,0.0,0.0,98721.7979486982,9.603659893233678,,gfs_seamless,model,61.40147632471091,101.14022100439834
2025-08-16,Pong,5.686535409815282,-0.02693150755311793,0.0,0.0,0.0,94764.44767728522,16.54922038560443,,gfs_seamless,model,41.379000387682524,90.48331537146517
2025-08-17,Pong,5.859793904313949,0.005590066126296916,0.034418037139609226,11339.242182732436,0.0,117384.25044521502,10.610151746144274,4.0,gfs_seamless,model,31.590650280804027,54.829681772462195
2025-08-18,Pong,5.233,-0.1168258765922626,0.0,0.0,0.0,93620.09036076513,6.976319086702956,,gfs_seamless,press,24.87790429543007,43.68013414009679
2025-08-19,Pong,5.37043623637049,-0.07685406398378952,0.0,0.0,0.0,91375.11105278115,12.670690203232317,,gfs_seamless,model,54.42990418954514,54.836770326975184
2025-08-20,Pong,5.4918565172115095,-0.04270047239644399,0.0,0.0,0.0,74671.99573757016,3.6389851267616287,,gfs_seamless,model,83.63493931085488,88.71315689670715
2025-08-21,Pong,5.567308509947511,-0.05926811992343337,0.0,0.0,0.0,58057.764901367984,4.050869183946232,,gfs_seamless,model,54.44442623315053,147.74794723395937
2025-08-22,Pong,5.59047687394263,-0.06690683949893413,0.0,0.0,0.0,51643.44554271411,9.242328787785572,,gfs_seamless,model,47.866448280238956,162.62845832679506
2025-08-23,Pong,5.602041591310721,-0.06453723029762515,0.0,0.0,0.0,55594.64150453337,11.621358161831903,,gfs_seamless,model,47.714294794326236,165.80453809854833
2025-08-24,Pong,5.648672963733038,-0.04550367853106301,0.0,0.0,0.0,82103.29063627175,20.467817832765903,,gfs_seamless,model,44.5849792706802,159.13668539182981
2025-08-25,Pong,5.791937673697563,0.02392410307441821,0.1473007026291917,23397.132600503293,0.0,133975.6212932176,21.72212334170758,3.0,gfs_seamless,model,55.54292796151654,138.30515896875355
2025-08-26,Pong,6.256662167953219,0.1534911790838842,0.9450451896194734,139490.82047103217,139490.82047103217,185090.82047103238,2.177917875684503,1.0,gfs_seamless,press,83.8866308188035,90.77611373048624
2025-08-27,Pong,6.157,0.10717411933696652,0.6598710527577012,76978.2753158214,76978.2753158214,122578.27531582142,7.641820085533605,1.0,gfs_seamless,model,66.31269401083648,105.61944458785833
2025-08-28,Pong,6.157,0.10283362193536488,0.6331466102560404,75223.58682858455,75223.58682858455,120823.58682858477,21.54993743330405,1.0,gfs_seamless,model,70.7030764189221,130.38049986906458
2025-08-29,Pong,6.157,0.09432351824246439,0.5807499018188524,68733.06271086432,58940.44562078617,104540.44562078646,14.282618066270024,1.0,gfs_seamless,model,71.68727234650297,143.0107016413414
2025-08-30,Pong,6.157,0.06706673443333896,0.41292988390606755,79875.15153259807,79875.15153259807,125475.15153259812,20.08493155647093,1.0,gfs_seamless,model,44.213479260451,137.16191748217
2025-08-31,Pong,6.157,0.0588233733506923,0.3621755097202115,59148.87401601993,59148.87401601993,104748.87401601986,31.69782219501936,1.0,gfs_seamless,model,47.85537835637419,129.8348523519528
2025-09-01,Pong,6.157,0.0863386704716416,0.5315871940938957,84213.94479519044,84213.94479519044,129813.94479519072,30.880072824481005,1.0,gfs_seamless,model,59.81490600843398,101.96333145929755
2025-09-02,Pong,6.157,0.045398682069883095,0.279519685504269,74029.35440940589,74029.35440940589,119629.3544094058,4.888546595268161,1.0,gfs_seamless,model,19.8651718829778,72.37522298733307
2025-09-03,Pong,6.157,0.04716629302756845,0.29040286617073807,76087.06164320374,76087.06164320374,121687.06164320369,3.9851955794951937,1.0,gfs_seamless,model,21.31937275356597,48.07391119095258
2025-09-04,Pong,6.157,0.05255027464811137,0.32355204100842094,58520.372561686876,58520.372561686876,104120.37256168714,2.554172126205147,1.0,gfs_seamless,model,35.07418915725208,31.70405776725262
2025-09-05,Pong,6.5090918383532195,0.03600952830634069,0.22171066578213772,38401.746413013,38401.746413013,84001.74641301305,9.723042487351186,1.0,gfs_seamless,press,33.515235065624815,24.278104337976398
2025-09-06,Pong,6.503187050741538,0.009905851381737617,0.0621871088746202,9752.522242417073,9752.522242417073,55352.5222424172,2.9400561850029554,1.0,gfs_seamless,press,24.645048145741644,28.066842391637405
2025-09-07,Pong,6.157,0.013494888360843782,0.08641581033004275,13536.725039374027,13536.725039374027,59136.725039374054,11.51506929412814,1.0,gfs_seamless,model,30.255499603408165,29.67880311081177
2025-09-08,Pong,6.157,0.001592248932684241,0.019649547560162794,5647.930788272589,5647.930788272589,51247.930788272526,5.008621613708196,1.0,gfs_seamless,model,18.729717160403993,35.06506023533033
2025-09-09,Pong,6.157,0.0037257007334816155,0.022939139416044974,4769.413056510819,4769.413056510819,50369.41305651095,5.200736230175632,1.0,gfs_seamless,model,23.098740710046386,58.19672752014556
2025-09-10,Pong,6.157,0.0010080154021126458,0.0077434123510151665,2840.8784418059054,0.0,45435.62727522973,4.000601850185008,3.0,gfs_seamless,model,22.92900635287528,66.88751020532473
2025-09-11,Pong,6.157,0.0029699096377153907,0.018285733639412882,3226.3053864385624,3226.3053864385624,48826.3053864385,4.448120912953869,1.0,gfs_seamless,model,24.14110082334325,76.9423272486509
2025-09-12,Pong,6.157,0.00847934451558057,0.05220732418242857,5740.633090919641,4633.023242004531,50233.02324200447,5.457441895099575,1.0,gfs_seamless,model,30.216310046887806,74.65289720974778
2025-09-13,Pong,6.157,0.012793814631969129,0.07947012653379115,10892.39293822867,10892.39293822867,56492.39293822875,7.01300393688056,1.0,gfs_seamless,model,28.40815932043585,70.80038973407213
2025-09-14,Pong,6.157,0.025420447479889047,0.16301727353682072,34075.78093170645,34075.78093170645,79675.78093170654,6.29820489861482,1.0,gfs_seamless,model,22.24386884876619,46.0823729319683
2025-09-15,Pong,6.2906146967204775,0.01710837997632335,0.11733779315005499,23014.056089526388,23014.056089526388,68614.05608952636,9.761167247799388,1.0,gfs_seamless,bbmb,20.086675966550043,39.40892267587957
2025-09-16,Pong,6.157,0.01060377096938666,0.09067434464490365,27536.61131325441,27536.61131325441,73136.61131325446,4.891818036029762,1.0,gfs_seamless,model,9.62828704668843,22.72468066950777
2025-09-17,Pong,6.157,-0.002072970304779024,0.028302794578236146,9031.295020959275,9031.295020959275,54631.295020959515,3.101601355444313,1.0,gfs_seamless,model,5.024281538912669,17.775060008192145
2025-09-18,Pong,6.157,-0.004550444739913723,0.022912799512435633,9365.253222661464,9365.253222661464,54965.25322266141,1.3869734342505595,1.0,gfs_seamless,model,2.2340650123149874,9.961053916467725
2025-09-19,Pong,6.157,-0.008001107834949572,0.004897653930838075,2001.8404662585083,2001.8404662585083,47601.84046625848,0.7838617008007435,1.0,gfs_seamless,model,2.226508920621286,4.695077579005638
2025-09-20,Pong,6.157,-0.009140259901692984,0.00030317670082258275,123.91879800080976,123.91879800080976,45723.91879800077,0.2334443682897538,1.0,gfs_seamless,model,2.0053009335251675,0.5974017274425241
2025-09-21,Pong,6.156945390504269,-0.011646919359284899,0.0,0.0,0.0,41181.63891310703,0.1858358386287404,,gfs_seamless,model,1.4366139644759022,0.5889156268823388
2025-09-22,Pong,6.146163654932011,-0.013821757688271694,0.0,0.0,0.0,40818.86970216144,0.6799074709511245,,gfs_seamless,model,1.3734751526440392,0.3819069818048813
2025-09-23,Pong,6.134093695950059,-0.016092930667429572,0.0,0.0,0.0,40472.344170004144,0.82945213279289,,gfs_seamless,model,1.0740249329658254,0.0275474701663485
2025-09-24,Pong,5.95847039356257,-0.04508414639687206,0.0,0.0,0.0,39979.3392804848,0.2104923744158272,,gfs_seamless,bbmb,0.3906636777396823,0.0275474701663485
2025-09-25,Pong,5.944499165029307,-0.04745960672808047,0.0,0.0,0.0,39909.091866142015,0.1137548032267329,,gfs_seamless,model,0.1903785730569655,0.0275474701663485
2026-06-24,Pong,1.7406325000000002,-0.7228322436065109,0.0,0.0,0.0,41473.56394813377,3.330339828268443,,gfs_seamless,bbmb,15.394171695039399,15.566037253790261
2026-06-25,Pong,1.73257013578957,-0.7240268665790418,0.0,0.0,0.0,45546.64980775091,5.47781092018176,,gfs_seamless,model,11.677458295529947,18.723006569652576
2026-06-26,Pong,1.7281010537289927,-0.7278048956439257,0.0,0.0,0.0,42239.3962422851,1.9392477712287348,,gfs_seamless,model,7.939105200555498,47.56716349646388
2026-06-27,Pong,1.7194759282154692,-0.7280182042016563,0.0,0.0,0.0,43020.116424019296,3.222107818274197,,gfs_seamless,model,13.471465326318038,57.239847066549245
2026-06-28,Pong,1.7109566861895609,-0.7237679782374496,0.0,0.0,0.0,41410.24571687212,1.0119002992275603,,gfs_seamless,model,29.375667689120988,60.09290577715232
2026-06-29,Pong,1.7062554831690342,-0.706923010640764,0.0,0.0,0.0,44577.53190615436,0.8103162784060681,,gfs_seamless,model,46.840102139352034,63.264232019692024
2026-06-30,Pong,1.7130401056719293,-0.69924003464033,0.0,0.0,0.0,50387.40314045311,7.18211534020994,,gfs_seamless,model,49.05654437373798,61.45706214519751
2026-07-01,Pong,1.7540470524328637,-0.6801171745912467,0.0,0.0,0.0,82313.9879582351,15.872438719651848,,gfs_seamless,model,42.8950423565349,47.84467211376493
2026-07-02,Pong,1.8359248398699377,-0.6691274944632961,0.0,0.0,0.0,61377.2886554669,3.244512774275125,,gfs_seamless,model,49.42926832272932,46.49144952651227
2026-07-03,Pong,1.8761213133752188,-0.6670782973963987,0.0,0.0,0.0,55292.623708511506,4.104265299802814,,gfs_seamless,model,47.76010847924834,54.30101722015662
2026-07-04,Pong,1.9094618309833267,-0.6357547384466462,0.0,0.0,0.0,58971.42364297279,7.751576515751075,,gfs_seamless,model,74.38204538576757,53.63675791238093
2026-07-05,Pong,1.9399972750918055,-0.6587254090985182,0.0,0.0,0.0,59934.48067255475,13.111868863725,,gfs_seamless,model,46.07471778258789,71.17129497577659
2026-07-06,Pong,1.9820672162193975,-0.6287654421495024,0.0,0.0,0.0,66480.16435179906,11.35210086609319,,gfs_seamless,model,64.39325820294664,69.56402251623422
2026-07-07,Pong,2.030643531467726,-0.638118384194713,0.0,0.0,0.0,65426.90410116906,17.58319198600735,,gfs_seamless,model,51.44692335742899,70.77271812724295
2026-07-08,Pong,2.069491926340329,-0.6386225700448653,0.0,0.0,0.0,63325.929506661,8.893353895344195,,gfs_seamless,model,40.68644434695145,65.44101567169716
2026-07-09,Pong,2.1120782182195748,-0.641499005578875,0.0,0.0,0.0,56152.42742052005,5.178203691644043,,gfs_seamless,model,30.99819863644566,57.882990063161394
2026-07-10,Pong,2.1723648845471986,-0.6246983160202032,0.0,0.0,0.0,77625.27550711222,6.548527191343071,,gfs_seamless,model,23.06103764876226,38.812509253338305
2026-07-11,Pong,2.2686269092115636,-0.6202508184344003,0.0,0.0,0.0,69186.9339102678,6.180392026454805,,gfs_seamless,model,12.760355812931845,24.198126534365954
2026-07-12,Pong,2.336502003609018,-0.6140422468475774,0.0,0.0,0.0,62566.249630873506,2.063367146358112,,gfs_seamless,model,11.210620785547318,14.480210440909989
2026-07-13,Pong,2.387413341721302,-0.6151155972430252,0.0,0.0,0.0,54007.01873963436,2.02191061860772,,gfs_seamless,model,5.092285359569132,21.044201286531084
2026-07-14,Pong,2.4057520909472903,-0.6179660123415214,0.0,0.0,0.0,45052.11542372462,1.2469990607479535,,gfs_seamless,model,4.672228739000781,31.240030470974304
2026-07-15,Pong,2.4116727459276825,-0.608344535482321,0.0,0.0,0.0,45655.17992326234,0.3089276900581171,,gfs_seamless,model,45.45849705593723,31.305057588996146
2026-07-26,Pong,2.1391414285714285,-0.5895442223639268,0.0,0.0,0.0,74210.84041100113,11.511332062372084,,gfs_seamless,bbmb,78.68166879035348,100.46437497159033
2026-07-27,Pong,2.20226990448498,-0.6033144318868989,0.0,0.0,0.0,64843.98416200026,12.264475865607396,,gfs_seamless,model,64.1651813862228,100.79471817753556
2026-07-28,Pong,2.275170024440413,-0.5831390672288601,0.0,0.0,0.0,82936.0696182715,8.327445540209983,,gfs_seamless,model,56.20334913858876,81.12953298608046
2026-07-29,Pong,2.42675432925811,-0.521748225097678,0.0,0.0,0.0,116201.27138983307,17.332796835067445,,gfs_seamless,model,73.2949701142743,52.544270633976595
2026-07-30,Pong,2.5714621355998597,-0.5332614696852805,0.0,0.0,0.0,76162.66723770206,13.681643250382562,,gfs_seamless,model,59.5870571376006,51.96819769120676
2026-07-31,Pong,2.6729619766244035,-0.5042848802898546,0.0,0.0,0.0,91049.85108777159,5.369232210398322,,gfs_seamless,model,61.788435056796175,46.887698245406725
2026-08-01,Pong,2.792632334838787,-0.5078839055442856,0.0,0.0,0.0,68135.35163203249,7.544653775739695,,gfs_seamless,model,55.18318883292453,52.63664184786252
2026-08-02,Pong,2.8427222724297057,-0.49626250333774574,0.0,0.0,0.0,65026.13984465307,11.759255299030672,,gfs_seamless,model,63.307501858668985,76.02126797049314
2026-08-03,Pong,2.8800167524234332,-0.5057997925347028,0.0,0.0,0.0,61097.77924564645,15.723062557090046,,gfs_seamless,model,50.34689074868631,83.2283353416651
2026-08-04,Pong,2.899806920851223,-0.5033958079937475,0.0,0.0,0.0,55177.819411013515,10.221273439229494,,gfs_seamless,model,55.07807433458768,79.81058131037634
2026-08-05,Pong,2.9403388582870957,-0.4980503763378611,0.0,0.0,0.0,66199.07650388147,7.859793691590514,,gfs_seamless,model,42.42389374638816,70.57990801505154
2026-08-06,Pong,3.001976138326296,-0.4944935842093469,0.0,0.0,0.0,62058.35860590255,4.340281351780871,,gfs_seamless,model,41.081329049344795,83.80688047141147
2026-08-07,Pong,3.0865133282348536,-0.45221776840815064,0.0,0.0,0.0,83518.79354732127,1.7847448939673234,,gfs_seamless,model,48.06106878362203,72.35762861265698
2026-08-08,Pong,3.0417334327272654,-0.4558449463327699,0.0,0.0,0.0,72845.06613427245,5.141713672654419,,gfs_seamless,bbmb,59.31719512457131,58.10124719918288
2026-08-09,Pong,3.083675,-0.4617308784537119,0.0,0.0,0.0,65202.83210542115,14.31472503614496,,gfs_seamless,bbmb,60.9596124626552,66.46044015208297
2026-08-10,Pong,3.161492857142857,-0.45596577629292084,0.0,0.0,0.0,64432.38142435037,10.649604255107278,,gfs_seamless,bbmb,57.700120821734444,84.37250027020193
2026-08-11,Pong,3.161492857142857,-0.44153259030582237,0.0,0.0,0.0,81968.03184212836,4.413029843489033,,gfs_seamless,bbmb,53.12510746329571,71.12898475343783
2026-08-12,Pong,3.3085639999999996,-0.4104517431928091,0.0,0.0,0.0,72789.71585869932,5.019756469081052,,gfs_seamless,bbmb,66.05517086885837,59.83715964895702
2026-08-13,Pong,3.3531899222654924,-0.4124216041464974,0.0,0.0,0.0,55544.18076407135,9.141930876065,,gfs_seamless,bbmb,79.32046177704669,69.67964467123933
2026-08-14,Pong,3.420284,-0.40818059898734477,0.0,0.0,0.0,64747.80934950208,11.714428045073245,,gfs_seamless,bbmb,61.27995458387482,102.99052462798116
2026-08-15,Pong,3.504276,-0.36713811486716913,0.0,0.0,0.0,83773.34001812736,5.567533087387981,,gfs_seamless,bbmb,68.1954686386682,82.20515179663887
2026-08-16,Pong,3.5506384725333207,-0.3816459344504334,0.0,0.0,0.0,70294.27342100322,6.412684551587991,,gfs_seamless,bbmb,53.504107088372166,67.97557180833209
2026-08-17,Pong,3.649894261073841,-0.36773851461679247,0.0,0.0,0.0,63127.732163906636,10.950760358592042,,gfs_seamless,bbmb,55.36734388041983,76.35089726421225
2026-08-18,Pong,3.7131452029629655,-0.36548753735026224,0.0,0.0,0.0,64213.48046012517,10.32397609317932,,gfs_seamless,bbmb,46.14966565222948,86.4853195614401
2026-08-19,Pong,3.796634731142878,-0.3333462170004376,0.0,0.0,0.0,114480.21743373261,7.116961657119547,,gfs_seamless,bbmb,29.40195387010486,43.84456324185935
2026-08-20,Pong,3.968454,-0.3326230470335766,0.0,0.0,0.0,72933.90173293636,11.865204205743204,,gfs_seamless,bbmb,23.337574606156124,36.935414781823425
2026-08-21,Pong,3.9820839571200013,-0.35419417332730757,0.0,0.0,0.0,54298.502867177216,4.659921193460916,,gfs_seamless,bbmb,9.766832699698115,44.05618201572719
2026-08-22,Pong,3.9919068076799964,-0.352343652376083,0.0,0.0,0.0,60415.02459872185,1.57656037819982,,gfs_seamless,bbmb,4.428773046744013,36.25136844386731
2026-08-23,Pong,4.058954,-0.3362510845394784,0.0,0.0,0.0,70180.52152231259,0.8782625736327333,,gfs_seamless,bbmb,4.647407898267175,20.40390602437128
2026-08-24,Pong,4.0922125,-0.3413664718821276,0.0,0.0,0.0,47315.07567067207,0.7507349212796205,,gfs_seamless,bbmb,6.653565282416862,26.103569110164408
2026-08-25,Pong,4.147480557419385,-0.3347347845948705,0.0,0.0,0.0,44037.54226187524,0.4692973252251686,,gfs_seamless,bbmb,7.805676993648444,29.30947190638406
2026-08-26,Pong,4.150482714516137,-0.332029526576663,0.0,0.0,0.0,47235.03818217922,0.5061621724359405,,gfs_seamless,bbmb,8.578038976063482,39.628797514673735
2026-08-27,Pong,4.20018,-0.3214069986866364,0.0,0.0,0.0,46986.75645981152,0.1495292850633993,,gfs_seamless,bbmb,18.241951246446632,46.325281512851795
2026-08-28,Pong,4.20018,-0.3162688789791883,0.0,0.0,0.0,45014.47203858553,0.5609935642646311,,gfs_seamless,bbmb,31.646010136648,65.57217029185773
2026-08-29,Pong,4.2964657142857146,-0.2988608572494027,0.0,0.0,0.0,47293.52092498597,1.1193298349757104,,gfs_seamless,bbmb,29.999398142482235,66.81722048468261
2026-08-30,Pong,4.2964657142857146,-0.297731401563898,0.0,0.0,0.0,45522.533826174185,1.5661083925752377,,gfs_seamless,bbmb,31.005427335482942,72.09077282912759
2026-08-31,Pong,4.349768798545466,-0.2750680727812582,0.0,0.0,0.0,60199.54041425606,4.7475844269092295,,gfs_seamless,bbmb,36.41416155824473,59.151631947520166
2026-09-01,Pong,4.414588056263735,-0.2639545252934069,0.0,0.0,0.0,61004.26291955994,6.828365287139151,,gfs_seamless,bbmb,31.30395719228092,52.68514730675967
2026-09-02,Pong,4.4930468914285795,-0.24854201337114276,0.0,0.0,0.0,74749.01556254856,3.2123001027978315,,gfs_seamless,bbmb,20.095308557386137,30.903200985197863
2026-09-03,Pong,4.531866850285724,-0.2536281762244358,0.0,0.0,0.0,60172.23296746052,4.346881942052642,,gfs_seamless,bbmb,15.74035165086251,23.33362388046953
2026-09-04,Pong,4.590782845000018,-0.25210559982324265,0.0,0.0,0.0,61700.977890103815,5.214693146011859,,gfs_seamless,bbmb,7.796486314483935,16.388684929259178
2026-09-05,Pong,4.605854285714286,-0.258784746119891,0.0,0.0,0.0,49185.70322516644,1.3881610099016326,,gfs_seamless,bbmb,2.800146317708878,14.276437207522962
2026-09-06,Pong,4.605854285714286,-0.2587796697905147,0.0,0.0,0.0,49975.551521545305,0.9085121650701922,,gfs_seamless,bbmb,3.0688399008993392,8.078459033532463
2026-09-07,Pong,4.605854285714286,-0.2622568423557031,0.0,0.0,0.0,43177.61033725397,0.3586221233343747,,gfs_seamless,bbmb,2.9768633747944167,26.205039867183693
2026-09-08,Pong,4.6003128606058326,-0.2636737955261298,0.0,0.0,0.0,41547.08641958795,0.1833158581661215,,gfs_seamless,model,6.179855760392688,27.136988354889546
2026-09-09,Pong,4.593236455482169,-0.264331591541752,0.0,0.0,0.0,41778.27691810634,0.1909410023738313,,gfs_seamless,model,5.595782627056222,31.185097767524223
2026-09-10,Pong,4.586824631584777,-0.2639181844193425,0.0,0.0,0.0,42307.1520374918,0.8489073724722814,,gfs_seamless,model,8.968974214895207,39.78620137408184
2026-09-11,Pong,4.578730379249908,-0.2632220619976978,0.0,0.0,0.0,41389.44381344732,1.1706184962625332,,gfs_seamless,model,15.990506617550917,
2025-06-05,Pong,0.769,-0.8843975955851823,0.0,0.0,0.0,44034.978992880155,0.3483622117834811,,ecmwf_aifs025_single,cwc,3.1901863303300098,0.2724592853498476
2025-06-06,Pong,0.7650768190162667,-0.8863211182882845,0.0,0.0,0.0,41699.485748940446,0.6326751480684031,,ecmwf_aifs025_single,model,3.924847531946411,0.0
2025-06-07,Pong,0.7547545835107107,-0.8883939926047972,0.0,0.0,0.0,40703.90356233661,0.7905210557371918,,ecmwf_aifs025_single,model,5.371850706367546,0.0
2025-06-08,Pong,0.741818876323269,-0.8902116357628286,0.0,0.0,0.0,40100.4342567053,0.5166304514327352,,ecmwf_aifs025_single,model,7.150864703635509,1.242346649020335
2025-06-09,Pong,0.7277695975141548,-0.8917443914598343,0.0,0.0,0.0,40059.09441718384,0.5486937401113272,,ecmwf_aifs025_single,model,8.738606742156357,6.073712180066014
2025-06-10,Pong,0.7136454535902945,-0.8920571932403482,0.0,0.0,0.0,40220.14164987057,0.9866449783452872,,ecmwf_aifs025_single,model,15.437917558909668,6.073712180066014
2025-06-11,Pong,0.6995213096664342,-0.889552499505402,0.0,0.0,0.0,40568.31601768584,1.8685936744612088,,ecmwf_aifs025_single,model,31.841387313915863,11.59624620513771
2025-06-12,Pong,0.63591,-0.894516063848301,0.0,0.0,0.0,40958.88252185486,2.853038380277481,,ecmwf_aifs025_single,cwc,41.18838402818358,27.506859911281623
2025-06-13,Pong,0.6229917388468685,-0.8883059425294096,0.0,0.0,0.0,41188.111163692505,1.6826122953951717,,ecmwf_aifs025_single,model,44.36061308249264,39.06117972804172
2025-06-14,Pong,0.6153155780869197,-0.8840538592917367,0.0,0.0,0.0,44708.144004209666,4.350238325399174,,ecmwf_aifs025_single,model,45.33947855489373,34.74753700095798
2025-06-15,Pong,0.6084954742898837,-0.8830728452762405,0.0,0.0,0.0,46371.73917050632,13.495210687161602,,ecmwf_aifs025_single,model,50.386328518820264,37.8172657969572
2025-06-16,Pong,0.6018833323970154,-0.8930666980047391,0.0,0.0,0.0,50484.29121729976,13.98883981730598,,ecmwf_aifs025_single,model,40.393421129336005,43.959366311048065
2025-06-17,Pong,0.6160489827754014,-0.8839377694152161,0.0,0.0,0.0,54672.65132625202,2.9592638490180745,,ecmwf_aifs025_single,model,41.26623732433203,29.078082094543824
2025-06-18,Pong,0.6520503955291768,-0.8709594033045993,0.0,0.0,0.0,56820.15395514579,3.562428546926708,,ecmwf_aifs025_single,model,41.866110313755925,22.12962093502738
2025-06-19,Pong,0.56136,-0.8868570188023566,0.0,0.0,0.0,51557.11455243149,11.16631362893656,,ecmwf_aifs025_single,cwc,47.500128022495694,30.822459172120105
2025-06-20,Pong,0.5636508490327071,-0.8914079103091699,0.0,0.0,0.0,51124.476650884855,10.315568419807605,,ecmwf_aifs025_single,model,51.17871521700505,45.20655902692022
2025-06-21,Pong,0.5792787575970042,-0.8745133591412283,0.0,0.0,0.0,57733.16947217097,9.677193341246348,,ecmwf_aifs025_single,model,73.00316885557831,52.249059526788194
2025-06-22,Pong,0.5945905221294214,-0.8713341302936006,0.0,0.0,0.0,46010.91163736407,5.508287467588325,,ecmwf_aifs025_single,model,70.93736832854418,64.48007678742087
2025-06-23,Pong,0.596081243289026,-0.8599309485847177,0.0,0.0,0.0,52100.66283075996,11.812439777034507,,ecmwf_aifs025_single,model,76.86409552315764,67.3822712044184
2025-06-24,Pong,0.60855452307818,-0.854507929422888,0.0,0.0,0.0,59928.25607079692,19.601165775383027,,ecmwf_aifs025_single,model,76.366983989012,83.95761453735427
2025-06-25,Pong,0.6404844245410124,-0.8548771692684912,0.0,0.0,0.0,66676.5849915132,11.717970137665796,,ecmwf_aifs025_single,model,64.17911563652638,102.63941375985999
2025-06-26,Pong,0.699,-0.8334167113333678,0.0,0.0,0.0,70200.87842795378,9.523494404781186,,ecmwf_aifs025_single,cwc,65.77675696924797,133.36538006453355
2025-06-27,Pong,0.7658858418723282,-0.8120351133357046,0.0,0.0,0.0,73709.52758608534,14.910491428490976,,ecmwf_aifs025_single,model,70.38158387709956,129.10031367191326
2025-06-28,Pong,0.8224315948610892,-0.8147902216898442,0.0,0.0,0.0,75465.67623758975,23.27142495952505,,ecmwf_aifs025_single,model,63.709860929248705,132.35112714565074
2025-06-29,Pong,0.9006056489327017,-0.7951502654978913,0.0,0.0,0.0,99770.26022083947,23.74145300069728,,ecmwf_aifs025_single,model,55.41303752087909,115.53688876923543
2025-06-30,Pong,1.0615335599711646,-0.7650468805503864,0.0,0.0,0.0,113770.71342632057,12.469857481389294,,ecmwf_aifs025_single,model,46.81757479974074,83.16409768923027
2025-07-01,Pong,1.3238653138835441,-0.6917811379799542,0.0,0.0,0.0,151688.5374160088,6.998149946980545,,ecmwf_aifs025_single,model,54.69467241192578,49.71960591772992
2025-07-02,Pong,1.5895464564772055,-0.6742484985268438,0.0,0.0,0.0,92709.21559416351,9.761824020287666,,ecmwf_aifs025_single,model,69.16545784559234,42.595373885286925
2025-07-03,Pong,1.66912,-0.6605578626853317,0.0,0.0,0.0,86161.05752982057,6.812624950989726,,ecmwf_aifs025_single,cwc,75.75577741200387,37.287535109037954
2025-07-04,Pong,1.7749455404845507,-0.6315328215309102,0.0,0.0,0.0,74140.25620174344,12.782340653642864,,ecmwf_aifs025_single,model,94.55173442653889,34.08023760063488
2025-07-05,Pong,1.819627185708408,-0.6350493967375518,0.0,0.0,0.0,61473.74511051729,13.00774180093972,,ecmwf_aifs025_single,model,95.33905115818231,49.48226378646109
2025-07-06,Pong,1.8652557628743422,-0.6463775914056712,0.0,0.0,0.0,63617.730960600275,8.484554066461264,,ecmwf_aifs025_single,model,68.25539715754715,43.355985651167074
2025-07-07,Pong,1.897746554412689,-0.6578768138004942,0.0,0.0,0.0,53293.38976880043,12.593859576502844,,ecmwf_aifs025_single,model,57.770498693780425,66.45416558891931
2025-07-08,Pong,1.9068888488070639,-0.6600742298742472,0.0,0.0,0.0,59904.39159749322,18.19765305779006,,ecmwf_aifs025_single,model,54.04942556330372,61.12639366582511
2025-07-09,Pong,1.9225258606435085,-0.6706762513571571,0.0,0.0,0.0,54433.91805254074,13.776035243253371,,ecmwf_aifs025_single,model,44.58706513763169,62.02979748799408
2025-07-10,Pong,1.90997,-0.6639228854748883,0.0,0.0,0.0,66753.3034631481,8.681655232097327,,ecmwf_aifs025_single,cwc,44.19511338155887,47.290023924842416
2025-07-11,Pong,1.963788021941937,-0.6604480104971256,0.0,0.0,0.0,56605.40213560225,5.2577219841807645,,ecmwf_aifs025_single,model,41.66647450215571,41.889286706574595
2025-07-12,Pong,2.0232874957899494,-0.6350704655311306,0.0,0.0,0.0,77793.27393556613,5.221525377880479,,ecmwf_aifs025_single,model,47.157039789045555,21.468820764098254
2025-07-13,Pong,2.0942779574001213,-0.6317220300816875,0.0,0.0,0.0,54391.83857838317,7.902185878339251,,ecmwf_aifs025_single,model,55.80886604362239,30.44593753069569
2025-07-14,Pong,2.113402944253073,-0.6262083263844974,0.0,0.0,0.0,59497.89962891186,9.396453214446955,,ecmwf_aifs025_single,model,51.03282761795517,24.327410450442326
2025-07-15,Pong,2.1377298016435824,-0.6333140901132689,0.0,0.0,0.0,51491.599883015166,8.641616125070916,,ecmwf_aifs025_single,model,46.986884224004676,21.549708334434907
2025-07-16,Pong,2.1449777893047024,-0.6315071057970094,0.0,0.0,0.0,53516.84503816808,11.803311404253307,,ecmwf_aifs025_single,model,64.83102874020334,61.97945030653434
2025-07-17,Pong,2.1525259079104133,-0.6190430782918237,0.0,0.0,0.0,46720.48157203328,4.548300704670017,,ecmwf_aifs025_single,model,86.6654409289363,79.36410833205329
2025-07-18,Pong,2.162848097907095,-0.5908205751820842,0.0,0.0,0.0,51631.56988024441,3.7137196133557833,,ecmwf_aifs025_single,model,94.83613692504174,85.18859163716905
2025-07-19,Pong,2.173017915714229,-0.5797571893556868,0.0,0.0,0.0,51700.63396612442,17.01138180775331,,ecmwf_aifs025_single,model,95.84663529031498,90.81574987879239
2025-07-20,Pong,2.167152093853836,-0.6073953756595688,0.0,0.0,0.0,53804.26668608718,21.27384104957475,,ecmwf_aifs025_single,model,72.44249299007356,89.66018467424578
2025-07-21,Pong,2.218153304582719,-0.592287692990875,0.0,0.0,0.0,98067.13405770937,11.969226417525212,,ecmwf_aifs025_single,model,41.92784215403366,50.90199604690382
2025-07-22,Pong,2.3659028079894586,-0.5784135109803206,0.0,0.0,0.0,84121.39783137996,7.382317834122468,,ecmwf_aifs025_single,model,36.602691478837635,29.98767772065587
2025-07-23,Pong,2.4796406939324633,-0.559274379254339,0.0,0.0,0.0,80541.91608105318,4.951528713548802,,ecmwf_aifs025_single,model,47.80175043026746,34.049925167514864
2025-07-24,Pong,2.5679587541348616,-0.5439566390245458,0.0,0.0,0.0,64348.1236064631,7.308943081501982,,ecmwf_aifs025_single,model,69.42427906044288,65.51629202951742
2025-07-25,Pong,2.597473451249641,-0.5399157146447343,0.0,0.0,0.0,52960.27567298093,7.400517956183441,,ecmwf_aifs025_single,model,77.1426653977097,93.31639019220503
2025-07-26,Pong,2.6124635837598786,-0.5270356225347369,0.0,0.0,0.0,52546.026877853816,7.672081886001096,,ecmwf_aifs025_single,model,83.10970059132035,102.25017657809407
2025-07-27,Pong,2.6176737121322926,-0.5159650800509001,0.0,0.0,0.0,50915.936680720704,15.757561822238427,,ecmwf_aifs025_single,model,93.43849139798672,121.22848391518406
2025-07-28,Pong,2.6371292791536747,-0.48880891706049473,0.0,0.0,0.0,78530.121302877,33.77993511542152,,ecmwf_aifs025_single,model,96.4676465543734,134.99195377849588
2025-07-29,Pong,2.723513402299222,-0.4719361589437194,0.0,0.0,0.0,101139.13360511577,18.66504160199485,,ecmwf_aifs025_single,model,71.95186742063964,105.79411068059228
2025-07-30,Pong,2.878658063690432,-0.4431053427343084,0.0,0.0,0.0,111739.05603683379,19.4977936779516,,ecmwf_aifs025_single,model,65.42880228242133,89.16255977451185
2025-07-31,Pong,3.0296685422626695,0.7038862451646622,4.333827611478825,1079961.8476218053,0.0,164372.69920363766,81.60397561215083,4.0,ecmwf_aifs025_single,model,807.8154662745891,97.55986302269127
2025-08-06,Pong,4.552863073913041,-0.20696695582655603,0.0,0.0,0.0,112589.09706106043,3.3394748738528546,,ecmwf_aifs025_single,press,37.781496155402095,35.01308798824767
2025-08-07,Pong,4.7377656182545085,-0.19274723071647792,0.0,0.0,0.0,76427.31596983057,6.8804285288881415,,ecmwf_aifs025_single,model,45.05448275619329,60.4388912075497
2025-08-08,Pong,5.11,-0.1437950768337242,0.0,0.0,0.0,58040.3279486939,6.617380848482855,,ecmwf_aifs025_single,press,56.306702486176476,61.67955875523732
2025-08-09,Pong,5.148681005627195,-0.12100105414601948,0.0,0.0,0.0,61857.485706911844,7.08163508169821,,ecmwf_aifs025_single,model,79.79267959024882,71.37733421128918
2025-08-10,Pong,5.189062616880792,-0.09143655310590278,0.0,0.0,0.0,64292.05668752156,16.840118271403732,,ecmwf_aifs025_single,model,94.08419912466022,95.85328159234447
2025-08-11,Pong,5.212792308237794,-0.08435326737123285,0.0,0.0,0.0,59749.691430452454,19.634102028040875,,ecmwf_aifs025_single,model,96.23212197268299,105.84629769181694
2025-08-12,Pong,5.27275136445348,-0.051237384832428984,0.0,0.0,0.0,90034.13133569958,11.569651042456846,,ecmwf_aifs025_single,model,88.07862071251311,106.20558987194872
2025-08-13,Pong,5.362798025507066,-0.0326472470278474,0.0,0.0,0.0,79039.59202541602,36.28126281260707,,ecmwf_aifs025_single,model,111.49916417640338,122.98570409100506
2025-08-14,Pong,5.412804902572875,-0.05077892019877214,0.0,0.0,0.0,82571.59664111305,13.909908694787228,,ecmwf_aifs025_single,model,79.51472819656053,116.93750303244329
2025-08-15,Pong,5.540755937053137,-0.01570064016774875,0.0,0.0,0.0,105273.89502956043,16.072175055932384,,ecmwf_aifs025_single,model,68.39449572196318,101.14022100439834
2025-08-16,Pong,5.686535409815282,-0.006266160795234834,0.0,0.0,0.0,102705.31792266332,23.92126051892264,,ecmwf_aifs025_single,model,58.6425160589075,90.48331537146517
2025-08-17,Pong,5.859793904313949,0.015268788271690007,0.09400992938879327,19435.949222790703,0.0,118315.63483261292,11.47296799760248,3.0,ecmwf_aifs025_single,model,42.65697090518481,54.829681772462195
2025-08-18,Pong,5.233,-0.1047764051146754,0.0,0.0,0.0,94698.30254944919,7.8844099999068735,,ecmwf_aifs025_single,press,45.634428966066736,43.68013414009679
2025-08-19,Pong,5.37043623637049,-0.08437588322195862,0.0,0.0,0.0,85009.11654787626,7.127616077994654,,ecmwf_aifs025_single,model,53.66265029664274,54.836770326975184
2025-08-20,Pong,5.4918565172115095,-0.06569620874946122,0.0,0.0,0.0,74127.88974139052,3.1192584286487044,,ecmwf_aifs025_single,model,55.839503977540645,88.71315689670715
2025-08-21,Pong,5.567308509947511,-0.039388858218258084,0.0,0.0,0.0,61510.995743247506,7.580332763163074,,ecmwf_aifs025_single,model,77.03841817313752,147.74794723395937
2025-08-22,Pong,5.59047687394263,-0.02452144646205116,0.0,0.0,0.0,57634.170868399015,17.238436966977762,,ecmwf_aifs025_single,model,89.51018712666674,162.62845832679506
2025-08-23,Pong,5.602041591310721,-0.00963348424838511,0.0,0.0,0.0,62288.699930293114,21.501429901065787,,ecmwf_aifs025_single,model,96.26737091627193,165.80453809854833
2025-08-24,Pong,5.648672963733038,-0.0014579919145344933,0.0,0.0,0.0,90256.74620088295,31.349963831206825,,ecmwf_aifs025_single,model,87.05022803754986,159.13668539182981
2025-08-25,Pong,5.791937673697563,0.0439958857346315,0.2708826684681256,35687.356327319816,0.0,140391.02680160574,28.35631280546865,2.0,ecmwf_aifs025_single,model,72.01427359534375,138.30515896875355
2025-08-26,Pong,6.256662167953219,0.1265313564744127,0.7790535618129582,142448.55122801638,142448.55122801638,188048.5512280163,4.3744899686869525,1.0,ecmwf_aifs025_single,press,54.674221010721425,90.77611373048624
2025-08-27,Pong,6.157,0.10122206697089335,0.6232242663397898,78064.76623283842,78064.76623283842,123664.76623283837,8.395187647658686,1.0,ecmwf_aifs025_single,model,70.86740746270176,105.61944458785833
2025-08-28,Pong,6.157,0.09421589677158422,0.5800872764226428,66607.01315928584,66607.01315928584,112207.01315928582,15.658650530410853,1.0,ecmwf_aifs025_single,model,86.68091901658718,130.38049986906458
2025-08-29,Pong,6.157,0.12180800536367234,0.7499718890241294,74474.5854334051,56374.581867069806,101974.58186706998,12.475331343175888,1.0,ecmwf_aifs025_single,model,108.54946494017538,143.0107016413414
2025-08-30,Pong,6.157,0.20085497786548723,1.236664098717804,133606.91299871323,92868.61191638479,138468.61191638483,30.1901325299376,1.0,ecmwf_aifs025_single,model,137.23523892705134,137.16191748217
2025-08-31,Pong,6.157,0.17451658741912587,1.0744986287395566,130460.5054767119,69676.80266551378,115276.80266551398,42.43750224657152,1.0,ecmwf_aifs025_single,model,123.73517651800954,129.8348523519528
2025-09-01,Pong,6.157,0.15145276090125823,0.9324946488690449,117052.58974335728,91893.83893607398,137493.8389360741,38.01949705102428,1.0,ecmwf_aifs025_single,model,100.06630189653531,101.96333145929755
2025-09-02,Pong,6.157,0.09341941185398742,0.5751833187849984,93867.12774856201,93867.12774856201,139467.1277485622,20.953131337559,1.0,ecmwf_aifs025_single,model,56.92629206185,72.37522298733307
2025-09-03,Pong,6.157,0.07137575598758111,0.43946052961553583,89458.74065848932,89458.74065848932,135058.7406584895,14.145519208983911,1.0,ecmwf_aifs025_single,model,40.879331160737046,48.07391119095258
2025-09-04,Pong,6.157,0.04735982928278013,0.29159446889407636,59973.85130983517,59973.85130983517,105573.8513098354,3.69106144280524,1.0,ecmwf_aifs025_single,model,30.959639469176302,31.70405776725262
2025-09-05,Pong,6.5090918383532195,0.03079851767596331,0.18962647333090477,35076.91446125593,35076.91446125593,80676.91446125598,7.022931352180506,1.0,ecmwf_aifs025_single,press,31.18064850407851,24.278104337976398
2025-09-06,Pong,6.503187050741538,0.013989011496779974,0.08613034378567352,14149.49108597577,14149.49108597577,59749.49108597587,7.118893067008802,1.0,ecmwf_aifs025_single,press,30.80742630200506,28.066842391637405
2025-09-07,Pong,6.157,0.010200926718948778,0.06280710580856574,10480.416120358042,10480.416120358042,56080.416120358255,7.969446473375845,1.0,ecmwf_aifs025_single,model,32.48561890652993,29.67880311081177
2025-09-08,Pong,6.157,0.008936440398243789,0.05502166353198579,6766.463207794113,4548.44014718016,50148.4401471804,3.450775874692676,1.0,ecmwf_aifs025_single,model,34.66999469915446,35.06506023533033
2025-09-09,Pong,6.157,0.012415553696224827,0.07644256410765493,7519.659625491861,4910.501328158722,50510.501328158956,5.435670217453454,1.0,ecmwf_aifs025_single,model,37.93668372093397,58.19672752014556
2025-09-10,Pong,6.157,0.013561004901059442,0.08349510717582209,10356.219250031905,2177.075982096908,47777.075982097005,8.236162223031917,1.0,ecmwf_aifs025_single,model,46.29075073948957,66.88751020532473
2025-09-11,Pong,6.157,0.02097776653343655,0.12916010854636806,17640.892200695806,4950.195790608596,50550.195790608705,7.434956337502171,1.0,ecmwf_aifs025_single,model,52.93631455359642,76.9423272486509
2025-09-12,Pong,6.157,0.026326447766910496,0.1620919389008666,21080.545858852587,6667.2078685293145,52267.20786852929,8.919735490081097,1.0,ecmwf_aifs025_single,model,52.80710282503754,74.65289720974778
2025-09-13,Pong,6.157,0.02773882252851238,0.17078793030804995,22718.60662277146,11409.302855011403,57009.30285501143,7.843848192407272,1.0,ecmwf_aifs025_single,model,47.5053085815842,70.80038973407213
2025-09-14,Pong,6.157,0.04913778581137483,0.3025413472406333,43106.56394716749,43106.56394716749,88706.56394716771,18.013564085711934,1.0,ecmwf_aifs025_single,model,45.161155918699436,46.0823729319683
2025-09-15,Pong,6.2906146967204775,0.028777270369612317,0.18200887627150486,27764.854394346174,27764.854394346174,73364.85439434632,15.507745848618145,1.0,ecmwf_aifs025_single,bbmb,32.39988641569056,39.40892267587957
2025-09-16,Pong,6.157,0.017702504263518062,0.12322699151383265,28515.15715388585,28515.15715388585,74115.15715388606,5.989637429938314,1.0,ecmwf_aifs025_single,model,17.992533008560912,22.72468066950777
2025-09-17,Pong,6.157,0.0035545738214290824,0.04690080716824152,11601.243893497482,11601.243893497482,57201.24389349768,6.03320203554228,1.0,ecmwf_aifs025_single,model,13.037873855715075,17.775060008192145
2025-09-18,Pong,6.157,-0.00017841790907200303,0.028612185832447068,11249.478716254818,11249.478716254818,56849.47871625488,3.5988398855005634,1.0,ecmwf_aifs025_single,model,9.853493531450571,9.961053916467725
2025-09-19,Pong,6.157,-0.004610927776976395,0.006696619990600006,2737.140082505755,2737.140082505755,48337.14008250593,1.8449400463297865,1.0,ecmwf_aifs025_single,model,8.772182124704132,4.695077579005638
2025-09-20,Pong,6.157,-0.006113741265070305,0.0027769749897661455,1135.0456742766273,1135.0456742766273,46735.0456742768,1.7888464021161732,1.0,ecmwf_aifs025_single,model,7.531612698476482,0.5974017274425241
2025-09-21,Pong,6.156945390504269,-0.009181834998235655,0.0,0.0,0.0,41890.64632485494,1.491988434492174,,ecmwf_aifs025_single,model,6.10922676363105,0.5889156268823388
2025-09-22,Pong,6.146163654932011,-0.012248142185377838,0.0,0.0,0.0,41300.22323353265,1.6218851519642934,,ecmwf_aifs025_single,model,4.657701914441903,0.3819069818048813
2025-09-23,Pong,6.134093695950059,-0.015296851279338844,0.0,0.0,0.0,40655.42529663217,1.2267881444378848,,ecmwf_aifs025_single,model,2.848476676023012,0.0275474701663485
2025-09-24,Pong,5.95847039356257,-0.04432274277475847,0.0,0.0,0.0,40393.48606082307,1.1805735267018815,,ecmwf_aifs025_single,bbmb,2.6474143364223517,0.0275474701663485
2025-09-25,Pong,5.944499165029307,-0.046677847376372615,0.0,0.0,0.0,39912.91783110183,0.1233059090898758,,ecmwf_aifs025_single,model,3.1944791572792175,0.0275474701663485
2026-06-24,Pong,1.7406325000000002,-0.7232897797564033,0.0,0.0,0.0,41030.44095010194,2.283665439726365,,ecmwf_aifs025_single,bbmb,18.33326976816115,15.566037253790261
2026-06-25,Pong,1.73257013578957,-0.7187482786643976,0.0,0.0,0.0,44454.315686403235,3.023417139586316,,ecmwf_aifs025_single,model,29.144635825165793,18.723006569652576
2026-06-26,Pong,1.7281010537289927,-0.7134603388360578,0.0,0.0,0.0,42592.00125597314,2.714796970430021,,ecmwf_aifs025_single,model,43.4522946926943,47.56716349646388
2026-06-27,Pong,1.7194759282154692,-0.7092837065020243,0.0,0.0,0.0,43512.93399481502,4.30227120955997,,ecmwf_aifs025_single,model,46.54560096915498,57.239847066549245
2026-06-28,Pong,1.7109566861895609,-0.7059587689945088,0.0,0.0,0.0,43796.13839870545,6.214591712070448,,ecmwf_aifs025_single,model,49.968406916631814,60.09290577715232
2026-06-29,Pong,1.7062554831690342,-0.6988086643971212,0.0,0.0,0.0,51895.94286045245,15.541339247734555,,ecmwf_aifs025_single,model,52.89493637628801,63.264232019692024
2026-06-30,Pong,1.7130401056719293,-0.6976000494806004,0.0,0.0,0.0,59111.30759965366,24.05304315389824,,ecmwf_aifs025_single,model,49.303636795068755,61.45706214519751
2026-07-01,Pong,1.7540470524328637,-0.6868642450555322,0.0,0.0,0.0,78570.31638123892,10.543511069190586,,ecmwf_aifs025_single,model,33.16851135700105,47.84467211376493
2026-07-02,Pong,1.8359248398699377,-0.6841224656888097,0.0,0.0,0.0,62669.19114644998,4.933939702937067,,ecmwf_aifs025_single,model,28.69636624069006,46.49144952651227
2026-07-03,Pong,1.8761213133752188,-0.6803964889085361,0.0,0.0,0.0,56354.558818594334,5.4604362678733045,,ecmwf_aifs025_single,model,39.14188617561629,54.30101722015662
2026-07-04,Pong,1.9094618309833267,-0.6677372517467484,0.0,0.0,0.0,56883.021201766576,5.152204690511352,,ecmwf_aifs025_single,model,57.81083110350491,53.63675791238093
2026-07-05,Pong,1.9399972750918055,-0.660227149381256,0.0,0.0,0.0,53622.61902256223,5.140420197416713,,ecmwf_aifs025_single,model,52.45811881065421,71.17129497577659
2026-07-06,Pong,1.9820672162193975,-0.6365063074020031,0.0,0.0,0.0,62603.72490120199,5.8481612430831085,,ecmwf_aifs025_single,model,59.41208835495381,69.56402251623422
2026-07-07,Pong,2.030643531467726,-0.6435367428443473,0.0,0.0,0.0,61273.29961914029,11.61196881645076,,ecmwf_aifs025_single,model,42.3254036111011,70.77271812724295
2026-07-08,Pong,2.069491926340329,-0.6454191187516756,0.0,0.0,0.0,64775.8174088557,10.837407177457768,,ecmwf_aifs025_single,model,29.903629865619266,65.44101567169716
2026-07-09,Pong,2.1120782182195748,-0.6503981877150791,0.0,0.0,0.0,55962.14364638278,4.921596278247682,,ecmwf_aifs025_single,model,19.111919430374318,57.882990063161394
2026-07-10,Pong,2.1723648845471986,-0.6299140321449365,0.0,0.0,0.0,78156.09912921173,7.1699145375230415,,ecmwf_aifs025_single,model,18.426097084007,38.812509253338305
2026-07-11,Pong,2.2686269092115636,-0.6229788523493878,0.0,0.0,0.0,65800.80567143127,2.168027630098213,,ecmwf_aifs025_single,model,13.489593382104434,24.198126534365954
2026-07-12,Pong,2.336502003609018,-0.6140225503310958,0.0,0.0,0.0,61882.14111050166,1.260133813902265,,ecmwf_aifs025_single,model,17.27964193004746,14.480210440909989
2026-07-13,Pong,2.387413341721302,-0.6070115428326883,0.0,0.0,0.0,54345.95963558837,2.4365582722337984,,ecmwf_aifs025_single,model,28.19434316408342,21.044201286531084
2026-07-14,Pong,2.4057520909472903,-0.602208899775672,0.0,0.0,0.0,45528.64259889376,1.866804864576192,,ecmwf_aifs025_single,model,48.03342652770712,31.240030470974304
2026-07-15,Pong,2.4116727459276825,-0.5850316313188577,0.0,0.0,0.0,45942.578664260676,0.7536519481982221,,ecmwf_aifs025_single,model,78.76050624431389,31.305057588996146
2026-07-26,Pong,2.1391414285714285,-0.6133823456626387,0.0,0.0,0.0,70573.6018969206,7.430801410263958,,ecmwf_aifs025_single,bbmb,54.99212089330208,100.46437497159033
2026-07-27,Pong,2.20226990448498,-0.6095457556881513,0.0,0.0,0.0,63600.1352401049,10.73551586304973,,ecmwf_aifs025_single,model,53.28028049531557,100.79471817753556
2026-07-28,Pong,2.275170024440413,-0.5825883513217972,0.0,0.0,0.0,84015.82991162018,9.531774862259777,,ecmwf_aifs025_single,model,52.45994644745457,81.12953298608046
2026-07-29,Pong,2.42675432925811,-0.5362686853736625,0.0,0.0,0.0,109944.92334928602,11.258761254947496,,ecmwf_aifs025_single,model,54.70963532250573,52.544270633976595
2026-07-30,Pong,2.5714621355998597,-0.5381216176823009,0.0,0.0,0.0,75654.70834689295,13.16161115053279,,ecmwf_aifs025_single,model,52.983982881839964,51.96819769120676
2026-07-31,Pong,2.6729619766244035,-0.5176741802374719,0.0,0.0,0.0,94097.45571885422,8.29241644715466,,ecmwf_aifs025_single,model,47.29726881431691,46.887698245406725
2026-08-01,Pong,2.792632334838787,-0.5134468597662784,0.0,0.0,0.0,66384.62920155704,5.868819178545661,,ecmwf_aifs025_single,model,49.22941583567657,52.63664184786252
2026-08-02,Pong,2.8427222724297057,-0.5080360273915935,0.0,0.0,0.0,61276.63306835743,7.676031386226467,,ecmwf_aifs025_single,model,57.809186954127114,76.02126797049314
2026-08-03,Pong,2.8800167524234332,-0.4956071193730144,0.0,0.0,0.0,57934.155928793865,11.41596281180781,,ecmwf_aifs025_single,model,65.9331505083026,83.2283353416651
2026-08-04,Pong,2.899806920851223,-0.5017624955967176,0.0,0.0,0.0,53807.517758594266,8.34622935656505,,ecmwf_aifs025_single,model,54.183317852674314,79.81058131037634
2026-08-05,Pong,2.9403388582870957,-0.4848564558652779,0.0,0.0,0.0,68143.0444530528,10.644246206786356,,ecmwf_aifs025_single,model,54.90966355359621,70.57990801505154
2026-08-06,Pong,3.001976138326296,-0.47008255423248074,0.0,0.0,0.0,72591.4602482041,18.668938262418173,,ecmwf_aifs025_single,model,63.191921677129145,83.80688047141147
2026-08-07,Pong,3.0865133282348536,-0.4456846909817978,0.0,0.0,0.0,90146.86473856529,9.27042685482114,,ecmwf_aifs025_single,model,51.1776819517612,72.35762861265698
2026-08-08,Pong,3.0417334327272654,-0.46098595197681796,0.0,0.0,0.0,72744.2265295295,5.033489164064211,,ecmwf_aifs025_single,bbmb,47.457591571208305,58.10124719918288
2026-08-09,Pong,3.083675,-0.46252703930690364,0.0,0.0,0.0,66058.93934495316,15.25571688014626,,ecmwf_aifs025_single,bbmb,53.319474539479415,66.46044015208297
2026-08-10,Pong,3.161492857142857,-0.45558622671185767,0.0,0.0,0.0,72007.78684042419,19.55708901380148,,ecmwf_aifs025_single,bbmb,49.609451527107666,84.37250027020193
2026-08-11,Pong,3.161492857142857,-0.453894131461981,0.0,0.0,0.0,80549.12170569308,2.896261177037022,,ecmwf_aifs025_single,bbmb,38.46589709936177,71.12898475343783
2026-08-12,Pong,3.3085639999999996,-0.421221602395381,0.0,0.0,0.0,73552.39933023992,5.904661385668449,,ecmwf_aifs025_single,bbmb,50.93282550612295,59.83715964895702
2026-08-13,Pong,3.3531899222654924,-0.42894870859495865,0.0,0.0,0.0,57541.68770378068,11.73530062481636,,ecmwf_aifs025_single,bbmb,51.24960088937467,69.67964467123933
2026-08-14,Pong,3.420284,-0.42225577255866376,0.0,0.0,0.0,61361.128386460965,7.604240324453688,,ecmwf_aifs025_single,bbmb,43.15445039676414,102.99052462798116
2026-08-15,Pong,3.504276,-0.3943525138837168,0.0,0.0,0.0,83958.29830044422,5.764481959123285,,ecmwf_aifs025_single,bbmb,39.76619981731184,82.20515179663887
2026-08-16,Pong,3.5506384725333207,-0.39105137001327106,0.0,0.0,0.0,71393.31105345965,7.699638554049006,,ecmwf_aifs025_single,bbmb,41.02576672158652,67.97557180833209
2026-08-17,Pong,3.649894261073841,-0.3791757562303201,0.0,0.0,0.0,64537.10222574314,12.754418770610064,,ecmwf_aifs025_single,bbmb,44.34551867369309,76.35089726421225
2026-08-18,Pong,3.7131452029629655,-0.376630186331425,0.0,0.0,0.0,63229.512581420146,9.15905754207514,,ecmwf_aifs025_single,bbmb,35.638189955935296,86.4853195614401
2026-08-19,Pong,3.796634731142878,-0.3398096721252652,0.0,0.0,0.0,111952.74574113818,4.729857457924491,,ecmwf_aifs025_single,bbmb,24.23388790438562,43.84456324185935
2026-08-20,Pong,3.968454,-0.33988898896665143,0.0,0.0,0.0,66488.64537080063,4.8987578613504414,,ecmwf_aifs025_single,bbmb,18.513663899115425,36.935414781823425
2026-08-21,Pong,3.9820839571200013,-0.34694140444584365,0.0,0.0,0.0,56083.89558999998,6.801418828612127,,ecmwf_aifs025_single,bbmb,22.198532137283465,44.05618201572719
2026-08-22,Pong,3.9919068076799964,-0.343660933617031,0.0,0.0,0.0,62823.492041261394,4.290166993866226,,ecmwf_aifs025_single,bbmb,19.313183860586218,36.25136844386731
2026-08-23,Pong,4.058954,-0.3274918864666039,0.0,0.0,0.0,71897.74476840632,2.680742553939897,,ecmwf_aifs025_single,bbmb,18.36791808613444,20.40390602437128
2026-08-24,Pong,4.0922125,-0.3332960409473858,0.0,0.0,0.0,48444.5367722054,2.415162346735426,,ecmwf_aifs025_single,bbmb,20.7592103859322,26.103569110164408
2026-08-25,Pong,4.147480557419385,-0.32546678630813297,0.0,0.0,0.0,46183.93097586511,3.8538418004484254,,ecmwf_aifs025_single,bbmb,26.507184533879396,29.30947190638406
2026-08-26,Pong,4.150482714516137,-0.32081186382663296,0.0,0.0,0.0,49809.34385432753,4.292191177718233,,ecmwf_aifs025_single,bbmb,30.61224515116355,39.628797514673735
2026-08-27,Pong,4.20018,-0.3091372857041488,0.0,0.0,0.0,48796.95562611612,3.023882087314437,,ecmwf_aifs025_single,bbmb,35.79687585953588,46.325281512851795
2026-08-28,Pong,4.20018,-0.30758228793631476,0.0,0.0,0.0,47320.72190076779,4.929698601211795,,ecmwf_aifs025_single,bbmb,37.28424499101627,65.57217029185773
2026-08-29,Pong,4.2964657142857146,-0.28524184498202443,0.0,0.0,0.0,51540.98239685253,8.643057971187714,,ecmwf_aifs025_single,bbmb,42.23404966486761,66.81722048468261
2026-08-30,Pong,4.2964657142857146,-0.28818224716380586,0.0,0.0,0.0,49459.96617208268,8.295025586533898,,ecmwf_aifs025_single,bbmb,39.38783297196314,72.09077282912759
2026-08-31,Pong,4.349768798545466,-0.272126438791773,0.0,0.0,0.0,64692.57238730213,11.6441562632654,,ecmwf_aifs025_single,bbmb,37.41660563740411,59.151631947520166
2026-09-01,Pong,4.414588056263735,-0.26877089034061435,0.0,0.0,0.0,61610.11322280254,7.700675434338994,,ecmwf_aifs025_single,bbmb,25.423705925309914,52.68514730675967
2026-09-02,Pong,4.4930468914285795,-0.24730448119368226,0.0,0.0,0.0,75956.2749992285,4.687694507630349,,ecmwf_aifs025_single,bbmb,24.06863272135906,30.903200985197863
2026-09-03,Pong,4.531866850285724,-0.2511537777921669,0.0,0.0,0.0,62323.97404274292,6.951057159012238,,ecmwf_aifs025_single,bbmb,20.376788287426518,23.33362388046953
2026-09-04,Pong,4.590782845000018,-0.24742611479512008,0.0,0.0,0.0,62627.36595031711,6.291680209646279,,ecmwf_aifs025_single,bbmb,15.88148741476319,16.388684929259178
2026-09-05,Pong,4.605854285714286,-0.2551971487501276,0.0,0.0,0.0,49639.81190859382,1.9726082161859173,,ecmwf_aifs025_single,bbmb,9.660740085735988,14.276437207522962
2026-09-06,Pong,4.605854285714286,-0.2544210845377903,0.0,0.0,0.0,51808.5043609265,3.400904018178767,,ecmwf_aifs025_single,bbmb,10.16766465893506,8.078459033532463
2026-09-07,Pong,4.605854285714286,-0.25901311802763854,0.0,0.0,0.0,44086.05649160917,1.8844066708380245,,ecmwf_aifs025_single,bbmb,9.287547302658627,26.205039867183693
2026-09-08,Pong,4.6003128606058326,-0.2602791952859946,0.0,0.0,0.0,42399.435441624606,1.7422937372368892,,ecmwf_aifs025_single,model,11.952664314662412,27.136988354889546
2026-09-09,Pong,4.593236455482169,-0.25736306661653496,0.0,0.0,0.0,42895.67454033295,2.4164295193961154,,ecmwf_aifs025_single,model,19.53551426451006,31.185097767524223
2026-09-10,Pong,4.586824631584777,-0.25646225717814314,0.0,0.0,0.0,43626.097396692385,3.548828442742985,,ecmwf_aifs025_single,model,22.04878126382452,39.78620137408184
2026-09-11,Pong,4.578730379249908,-0.2594944304089333,0.0,0.0,0.0,43425.01120660941,5.707516047541741,,ecmwf_aifs025_single,model,19.487613656720352,
2024-06-01,Bhakra,1.79382,-0.7094183305544718,0.0,0.0,0.0,36159.30213176195,0.3071052057610766,,ecmwf_ifs025,cwc,3.1691290127110086,6.661381749102491
2024-06-02,Bhakra,1.80534,-0.7069278881775141,0.0,0.0,0.0,36441.23428667865,0.4583580453075225,,ecmwf_ifs025,cwc,4.035054168122113,6.641225628527061
2024-06-03,Bhakra,1.81109,-0.7053627220669911,0.0,0.0,0.0,37123.36582156714,1.2253431376183286,,ecmwf_ifs025,cwc,5.2136503916141335,6.526609615418059
2024-06-04,Bhakra,1.81742,-0.7043893404649592,0.0,0.0,0.0,38192.26342699649,0.9894519498260984,,ecmwf_ifs025,cwc,5.02149974942239,4.696012835006848
2024-06-05,Bhakra,1.82807,-0.7030922579621212,0.0,0.0,0.0,38131.837369598856,0.9715874370309974,,ecmwf_ifs025,cwc,4.81451612358548,3.36596572710541
2024-06-06,Bhakra,1.85915,-0.6978441162162484,0.0,0.0,0.0,38466.14838085127,0.4505102595530704,,ecmwf_ifs025,cwc,4.555345955282175,0.2594983127549093
2024-06-07,Bhakra,1.88015,-0.6963793386905364,0.0,0.0,0.0,37008.45560743881,0.7725834980852198,,ecmwf_ifs025,cwc,3.1388638173262633,0.2677839394010058
2024-06-08,Bhakra,1.89569,-0.6952036435246637,0.0,0.0,0.0,36605.79750254337,0.8849483456113332,,ecmwf_ifs025,cwc,1.8697417643497574,0.2677839394010058
2024-06-09,Bhakra,1.91151,-0.6936156273956365,0.0,0.0,0.0,35524.99754398569,0.3691961335860681,,ecmwf_ifs025,cwc,0.8212389010575345,0.2119697282571223
2024-06-10,Bhakra,1.91813,-0.692172258553667,0.0,0.0,0.0,35731.639883178286,0.5965480415567187,,ecmwf_ifs025,cwc,1.5848135992513461,0.2176471784996527
2024-06-11,Bhakra,1.92101,-0.691704963641543,0.0,0.0,0.0,35522.660109287266,0.2584754097985222,,ecmwf_ifs025,cwc,1.3928674094497988,0.19555497746753803
2024-06-12,Bhakra,1.91669,-0.6920100440906657,0.0,0.0,0.0,35542.81429640698,0.4328529395678842,,ecmwf_ifs025,cwc,1.6730700235074458,0.12232478976685779
2024-06-13,Bhakra,1.91612,-0.6917988796511336,0.0,0.0,0.0,35782.82631115332,0.8394287785293321,,ecmwf_ifs025,cwc,1.4969378138600578,1.3868596921340257
2024-06-14,Bhakra,1.90605,-0.6929123742525626,0.0,0.0,0.0,35257.20297644145,0.0711161508266461,,ecmwf_ifs025,cwc,0.9809979219001348,3.3878509979595792
2024-06-15,Bhakra,1.90403,-0.6919425313833714,0.0,0.0,0.0,35485.11410986679,0.051279579987592,,ecmwf_ifs025,cwc,1.9295773422718647,7.973811411862268
2024-06-16,Bhakra,1.9164,-0.6888293672934308,0.0,0.0,0.0,35908.567457056175,0.1648131194838137,,ecmwf_ifs025,cwc,2.594280216145367,8.026730285727359
2024-06-17,Bhakra,1.91583,-0.6886479495005269,0.0,0.0,0.0,36584.57709657589,0.3692215154621974,,ecmwf_ifs025,cwc,2.517182738290268,8.315694434162468
2024-06-18,Bhakra,1.93022,-0.6853430398558717,0.0,0.0,0.0,38967.41776608565,1.1420045828667802,,ecmwf_ifs025,cwc,3.6913144687135504,7.682515252484387
2024-06-19,Bhakra,1.94029,-0.6842952698169279,0.0,0.0,0.0,39214.25950640813,0.9121023844096984,,ecmwf_ifs025,cwc,3.1076660485713408,9.318650409057707
2024-06-20,Bhakra,1.95122,-0.6817513302041633,0.0,0.0,0.0,41371.36149707616,1.5300681607595434,,ecmwf_ifs025,cwc,3.1630315050839273,6.000036865233858
2024-06-21,Bhakra,1.95813,-0.6813107635702684,0.0,0.0,0.0,39567.9400822484,2.402662570062655,,ecmwf_ifs025,cwc,4.241141680592285,7.738786404840028
2024-06-22,Bhakra,1.96589,-0.6800241789519704,0.0,0.0,0.0,38310.81691314435,1.6064178960742024,,ecmwf_ifs025,cwc,4.782602759820032,12.836191001693141
2024-06-23,Bhakra,1.9541,-0.6787111359749209,0.0,0.0,0.0,37696.32748843725,1.5909200578810814,,ecmwf_ifs025,cwc,10.887776730475105,17.127264458848828
2024-06-24,Bhakra,1.93568,-0.6758569394518146,0.0,0.0,0.0,39477.39792649282,1.4783299680384003,,ecmwf_ifs025,cwc,15.77753058450087,16.04435404390536
2024-06-25,Bhakra,1.92245,-0.6759302516415154,0.0,0.0,0.0,40749.55368188375,3.2547877209167444,,ecmwf_ifs025,cwc,16.20242199536948,18.527210004086847
2024-06-26,Bhakra,1.91957,-0.6734088330827827,0.0,0.0,0.0,44368.21747794891,5.674804173527257,,ecmwf_ifs025,cwc,17.820626242577536,22.908178182028532
2024-06-27,Bhakra,1.919,-0.6720130062348258,0.0,0.0,0.0,43526.26338491535,2.1352149290613647,,ecmwf_ifs025,cwc,17.58452765236822,22.92506659147796
2024-06-28,Bhakra,1.93424,-0.6658788452578598,0.0,0.0,0.0,45133.99976431359,1.7958495411757198,,ecmwf_ifs025,cwc,20.320408014338078,24.290001152179073
2024-06-29,Bhakra,1.9518,-0.6622493851992577,0.0,0.0,0.0,44195.55475989822,1.539393952685529,,ecmwf_ifs025,cwc,20.93068737528617,29.38881879192516
2024-06-30,Bhakra,1.96273,-0.658400771007512,0.0,0.0,0.0,46770.95872658906,2.62045139525986,,ecmwf_ifs025,cwc,23.163214259250008,33.04420485817817
2024-07-01,Bhakra,1.98518,-0.6447659291282184,0.0,0.0,0.0,49781.94268059379,3.428214228003001,,ecmwf_ifs025,cwc,32.63452706430366,38.87026643169089
2024-07-02,Bhakra,2.02805,-0.6300114010403649,0.0,0.0,0.0,50728.09452812317,3.385832779200542,,ecmwf_ifs025,cwc,39.87586971159647,38.35148946059729
2024-07-03,Bhakra,2.06028,-0.6174776502640205,0.0,0.0,0.0,53528.8517865924,4.53289791195156,,ecmwf_ifs025,cwc,44.255315143027616,38.22715366003995
2024-07-04,Bhakra,2.09193,-0.6302802600918836,0.0,0.0,0.0,58256.6977570053,7.591984897259687,,ecmwf_ifs025,cwc,24.41747211263887,31.9784560254585
2024-07-05,Bhakra,2.13336,-0.6364288520155161,0.0,0.0,0.0,53794.026855785516,3.908795415906632,,ecmwf_ifs025,cwc,12.844049401771429,24.788296470317594
2024-07-06,Bhakra,2.18026,-0.627698049903575,0.0,0.0,0.0,59862.39029803954,5.668253863943287,,ecmwf_ifs025,cwc,11.899617738620403,17.27985757542152
2024-07-07,Bhakra,2.21076,-0.6299419132391371,0.0,0.0,0.0,51109.76033320356,3.691799895638919,,ecmwf_ifs025,cwc,8.784279764713624,14.087036347851821
2024-07-08,Bhakra,2.22803,-0.6311032969141821,0.0,0.0,0.0,46694.974100160114,0.6317491443078245,,ecmwf_ifs025,cwc,5.197463399967328,9.296184886382838
2024-07-09,Bhakra,2.24673,-0.6314927471037667,0.0,0.0,0.0,41497.738877656135,0.5932287993891274,,ecmwf_ifs025,cwc,5.116709674306553,11.282156244812075
2024-07-10,Bhakra,2.26227,-0.6320767085879145,0.0,0.0,0.0,39645.024398464186,0.9293084162675824,,ecmwf_ifs025,cwc,3.5709393200040536,14.007396516589266
2024-07-11,Bhakra,2.27723,-0.6294845169157334,0.0,0.0,0.0,40539.981889767296,0.8594955252167723,,ecmwf_ifs025,cwc,3.4356343607798285,12.564245930743326
2024-07-12,Bhakra,2.29162,-0.6271739962183203,0.0,0.0,0.0,40040.40341475116,1.348927461439365,,ecmwf_ifs025,cwc,5.3536976665714295,14.96995295315428
2024-07-13,Bhakra,2.30485,-0.622952729732723,0.0,0.0,0.0,40146.274966578036,2.1982692114582005,,ecmwf_ifs025,cwc,9.18231721662479,19.493488781289447
2024-07-14,Bhakra,2.31867,-0.6208067657052869,0.0,0.0,0.0,39937.63355635095,1.7198365902471264,,ecmwf_ifs025,cwc,8.19340508678572,19.540974282099935
2024-07-15,Bhakra,2.31665,-0.619116039935333,0.0,0.0,0.0,39579.97201022358,1.670609297390155,,ecmwf_ifs025,cwc,10.121996200132472,20.474066349409767
2024-07-16,Bhakra,2.30629,-0.6220146122037368,0.0,0.0,0.0,39803.192674776445,1.5015154132888704,,ecmwf_ifs025,cwc,7.268689606205184,22.87518879248036
2024-07-17,Bhakra,2.30094,-0.6215469929211527,0.0,0.0,0.0,40621.79007851595,1.1544164173344056,,ecmwf_ifs025,cwc,8.543350878100743,30.30468979819817
2024-07-18,Bhakra,2.29478,-0.6185344838367397,0.0,0.0,0.0,42489.824474215864,0.7373792085287457,,ecmwf_ifs025,cwc,12.185108927996335,26.890466634204653
2024-07-19,Bhakra,2.2991,-0.614759398994263,0.0,0.0,0.0,42490.34763442593,1.1892903038787777,,ecmwf_ifs025,cwc,17.203603682984372,26.73941690499886
2024-07-20,Bhakra,2.29766,-0.6127901796416216,0.0,0.0,0.0,43770.52859339072,2.4308609688424,,ecmwf_ifs025,cwc,19.875971413773616,28.834828113994124
2024-07-21,Bhakra,2.31205,-0.6100948164841374,0.0,0.0,0.0,44806.60553922999,2.6253879741455,,ecmwf_ifs025,cwc,18.48357841134609,34.19669293985585
2024-07-22,Bhakra,2.32989,-0.601153173790897,0.0,0.0,0.0,50969.05526209066,2.789551982909098,,ecmwf_ifs025,cwc,22.121500327782933,29.84585060270371
2024-07-23,Bhakra,2.36039,-0.603138853253711,0.0,0.0,0.0,44957.525631883895,1.9862922187179457,,ecmwf_ifs025,cwc,19.11189670154777,32.80902702499725
2024-07-24,Bhakra,2.38205,-0.598045920727078,0.0,0.0,0.0,44627.79504320813,1.808785090812504,,ecmwf_ifs025,cwc,20.024899721404903,38.75947426351051
2024-07-25,Bhakra,2.41714,-0.5906140154826919,0.0,0.0,0.0,44670.18912007292,1.773380218835326,,ecmwf_ifs025,cwc,21.32429596346657,36.6293225909235
2024-07-26,Bhakra,2.4335,-0.5731903842839158,0.0,0.0,0.0,53849.34471152428,5.065786181973111,,ecmwf_ifs025,cwc,35.64787551678359,28.699250900234635
2024-07-27,Bhakra,2.4703,-0.5645818599672177,0.0,0.0,0.0,53046.35317457359,5.7335390925336895,,ecmwf_ifs025,cwc,37.659114960102656,33.51171374136387
2024-07-28,Bhakra,2.50199,-0.5477585265526594,0.0,0.0,0.0,52566.12277876482,5.135053302522118,,ecmwf_ifs025,cwc,52.990982928388476,32.218429387549
2024-07-29,Bhakra,2.56467,-0.5342650595114574,0.0,0.0,0.0,55210.90613924713,4.7992676752316985,,ecmwf_ifs025,cwc,49.44563044539548,31.64884190985918
2024-07-30,Bhakra,2.60249,-0.5292141962028136,0.0,0.0,0.0,53719.128490888026,7.036640979825041,,ecmwf_ifs025,cwc,49.67599651617354,28.72534005032632
2024-07-31,Bhakra,2.63009,-0.5275478068202673,0.0,0.0,0.0,59296.18143950528,13.233666502642594,,ecmwf_ifs025,cwc,49.511536969057794,29.03494926987373
2024-08-01,Bhakra,2.66348,-0.5198898844859302,0.0,0.0,0.0,58905.18578869406,8.71601874695512,,ecmwf_ifs025,cwc,48.439201149019986,20.005711509001163
2024-08-02,Bhakra,2.72515,-0.5171927301829754,0.0,0.0,0.0,56322.08231224803,9.654039695018463,,ecmwf_ifs025,cwc,44.333730681253996,26.63489749140067
2024-08-03,Bhakra,2.73401,-0.5187092543546119,0.0,0.0,0.0,55971.089285056965,7.388438689338766,,ecmwf_ifs025,cwc,39.52867801492849,24.662082873798653
2024-08-04,Bhakra,2.75888,-0.5148436399845892,0.0,0.0,0.0,50026.275739607234,7.110185491868663,,ecmwf_ifs025,cwc,44.034232174181106,31.566151941111848
2024-08-05,Bhakra,2.7783,-0.5114170517477206,0.0,0.0,0.0,52463.89655422655,8.375731440730641,,ecmwf_ifs025,cwc,46.20264287863317,32.83877158655154
2024-08-06,Bhakra,2.7909,-0.51427898737868,0.0,0.0,0.0,54719.756584445524,13.243599844844129,,ecmwf_ifs025,cwc,43.83477221153854,40.31554640959822
2024-08-07,Bhakra,2.83077,-0.5098088563818848,0.0,0.0,0.0,53326.796700822895,6.99918236511187,,ecmwf_ifs025,cwc,36.1295509977554,36.7427077651891
2024-08-08,Bhakra,2.89107,-0.49609995921859845,0.0,0.0,0.0,48928.119806815055,4.520235934611414,,ecmwf_ifs025,cwc,39.56760348781683,33.367037058264884
2024-08-09,Bhakra,2.949,-0.4833784982586366,0.0,0.0,0.0,52637.809305040806,5.80569465428344,,ecmwf_ifs025,cwc,39.59272741126564,27.312022857325605
2024-08-10,Bhakra,3.00113,-0.47162488562855565,0.0,0.0,0.0,56458.910660069334,10.056793351043076,,ecmwf_ifs025,cwc,47.851567591889584,26.963801078868382
2024-08-11,Bhakra,3.2105658948863662,-0.441426275432316,0.0,0.0,0.0,57357.047102926655,6.749515382391225,,ecmwf_ifs025,cwc_level,40.09687371288097,18.561770416510605
2024-08-12,Bhakra,3.15199,-0.4592656009707526,0.0,0.0,0.0,55002.73658197335,7.156365476813436,,ecmwf_ifs025,cwc,31.611088200098173,16.35940213976672
2024-08-13,Bhakra,3.20729,-0.4533507875012328,0.0,0.0,0.0,51352.28740159032,6.604832408001766,,ecmwf_ifs025,cwc,31.945953500511635,14.274478556675597
2024-08-14,Bhakra,3.24196,-0.45925124924137894,0.0,0.0,0.0,46333.510070904784,4.846895479033327,,ecmwf_ifs025,cwc,24.69096723114009,20.263533062412804
2024-08-15,Bhakra,3.2675901896418926,-0.45406179471843083,0.0,0.0,0.0,45598.26638940665,4.508150683647388,,ecmwf_ifs025,model,25.207896325341714,23.262097258952426
2024-08-16,Bhakra,3.34205,-0.4478956989653295,0.0,0.0,0.0,43447.02593136719,4.253691638424365,,ecmwf_ifs025,cwc,18.707133510492813,26.180808101422237
2024-08-17,Bhakra,3.38918,-0.4376410040442833,0.0,0.0,0.0,44327.38350927901,3.9528017278773335,,ecmwf_ifs025,cwc,20.737394397285644,23.293836490415703
2024-08-18,Bhakra,3.43592,-0.4345562123191141,0.0,0.0,0.0,44429.77345815489,6.295612572502253,,ecmwf_ifs025,cwc,16.64198900594847,27.763173244707744
2024-08-19,Bhakra,3.48265,-0.42936137146038345,0.0,0.0,0.0,46250.055985954314,3.8459533995896473,,ecmwf_ifs025,cwc,11.236116926955441,22.151405039516405
2024-08-20,Bhakra,3.52511,-0.4214527808674638,0.0,0.0,0.0,43809.45354001983,1.2148542626549466,,ecmwf_ifs025,cwc,14.020186711860056,20.102442154431873
2024-08-21,Bhakra,3.54964,-0.41625205064669624,0.0,0.0,0.0,43231.13803132411,0.9333040957202996,,ecmwf_ifs025,cwc,15.951014182370749,16.317803847408676
2024-08-22,Bhakra,3.57574,-0.41050199689253114,0.0,0.0,0.0,41308.976134766686,1.6669070912707666,,ecmwf_ifs025,cwc,20.3901621455111,21.6546119574591
2024-08-23,Bhakra,3.603090436928462,-0.4034123963561098,0.0,0.0,0.0,43937.57575520924,2.8896174346899954,,ecmwf_ifs025,model,20.456534404669256,21.46404652859359
2024-08-24,Bhakra,3.6227004254526816,-0.39876181462980903,0.0,0.0,0.0,42662.68064783748,3.676388008031994,,ecmwf_ifs025,model,23.50295112927225,23.068306934972583
2024-08-25,Bhakra,3.6456111331438414,-0.391247618393038,0.0,0.0,0.0,46123.1258976274,5.308191343557533,,ecmwf_ifs025,model,25.89633727378002,24.415980440151717
2024-08-26,Bhakra,3.66129556434425,-0.3960289861305204,0.0,0.0,0.0,42501.39909810476,4.430155330172641,,ecmwf_ifs025,model,19.592187032326137,25.08559284271828
2024-08-27,Bhakra,3.6877025379161776,-0.39104363600009684,0.0,0.0,0.0,48684.13195407954,5.237238930868335,,ecmwf_ifs025,model,16.36544911034759,18.11670323487698
2024-08-28,Bhakra,3.7220467493567115,-0.3880150868525131,0.0,0.0,0.0,48094.95434998133,5.848447756013527,,ecmwf_ifs025,model,14.521625207079278,21.57182102346723
2024-08-29,Bhakra,3.75,-0.38728185384620284,0.0,0.0,0.0,43765.04027845412,2.683668049465897,,ecmwf_ifs025,cwc,13.749296129405577,27.066329296156642
2024-08-30,Bhakra,3.782503256823248,-0.3779328223894522,0.0,0.0,0.0,43656.374974535094,1.8309967826463287,,ecmwf_ifs025,model,17.05547723536057,29.75553914538093
2024-08-31,Bhakra,3.803802274828036,-0.3776348809832923,0.0,0.0,0.0,40654.0939621707,1.8331112726466487,,ecmwf_ifs025,model,14.884081670407712,28.96856130955708
2024-09-01,Bhakra,3.813600367118035,-0.37217909117192394,0.0,0.0,0.0,42897.68055455554,5.033085642347205,,ecmwf_ifs025,model,21.35462630398468,33.885164340942374
2024-09-02,Bhakra,3.8437354828209633,-0.3624284052912843,0.0,0.0,0.0,48249.6336868984,5.884654627736299,,ecmwf_ifs025,model,23.79523283029036,29.68711756530879
2024-09-03,Bhakra,3.88583153336034,-0.3572192356892901,0.0,0.0,0.0,50016.16466629759,5.009802951012828,,ecmwf_ifs025,model,16.7268408119297,26.320655302526514
2024-09-04,Bhakra,3.935340238356731,-0.3502903228031288,0.0,0.0,0.0,50844.657489855505,4.017557717761379,,ecmwf_ifs025,model,13.307271303920045,17.897222072681153
2024-09-05,Bhakra,3.90761,-0.3612776725382919,0.0,0.0,0.0,46795.8940576125,5.1560970942351565,,ecmwf_ifs025,cwc,10.512405193025504,22.45384580451859
2024-09-06,Bhakra,4.1291,-0.32572369090089665,0.0,0.0,0.0,49190.49389058342,5.909484592650001,,ecmwf_ifs025,cwc_level,11.068260051236537,19.797537673491
2024-09-07,Bhakra,3.96582,-0.35214863006382263,0.0,0.0,0.0,44313.29479018591,3.332932042986396,,ecmwf_ifs025,cwc,12.306688999664132,17.834669847334958
2024-09-08,Bhakra,3.99135,-0.3457726961156042,0.0,0.0,0.0,44889.77088911209,3.218483529359388,,ecmwf_ifs025,cwc,14.294969175518341,22.407899531493648
2024-09-09,Bhakra,4.01752,-0.34288044058387196,0.0,0.0,0.0,42245.62770194164,4.427026997442833,,ecmwf_ifs025,cwc,16.374063809935674,38.58508231797262
2024-09-10,Bhakra,4.04587,-0.3312681217683173,0.0,0.0,0.0,47696.29839075242,6.693310666517048,,ecmwf_ifs025,cwc,20.060927895248593,34.726510575716254
2024-09-11,Bhakra,4.06724,-0.30772049007008795,0.0,0.0,0.0,57902.28587471879,17.885149618959392,,ecmwf_ifs025,cwc,37.907509250760334,33.63914478815298
2024-09-12,Bhakra,4.086,-0.32074519295046827,0.0,0.0,0.0,60541.78586999517,19.92875465740349,,ecmwf_ifs025,cwc,23.840139160531823,30.84389868265474
2024-09-13,Bhakra,4.09908,-0.33190879873886864,0.0,0.0,0.0,45706.94338144266,2.3984889845801725,,ecmwf_ifs025,cwc,6.277706068403286,24.018097833861773
2024-09-14,Bhakra,4.11434,-0.3211550128017361,0.0,0.0,0.0,56076.414079822134,2.161496214048052,,ecmwf_ifs025,cwc,8.5639610973743,17.117574659343322
2024-09-15,Bhakra,4.13048,-0.3247659432570918,0.0,0.0,0.0,44043.420304229294,0.3270915952685764,,ecmwf_ifs025,cwc,7.799470792346564,15.35100052678607
2024-09-16,Bhakra,4.14574,-0.3242335079514926,0.0,0.0,0.0,42726.19885912454,0.9816851384282662,,ecmwf_ifs025,cwc,7.715274455169825,13.691764252402658
2024-09-17,Bhakra,4.15534,-0.32612741690917146,0.0,0.0,0.0,42715.80689755547,4.623246471991031,,ecmwf_ifs025,cwc,6.10673376632224,14.950481864170364
2024-09-18,Bhakra,4.16188,-0.3243511878521202,0.0,0.0,0.0,43988.92719180448,4.780426528862116,,ecmwf_ifs025,cwc,6.174023767202204,11.32459409105891
2024-09-19,Bhakra,4.16406,-0.3239349930873822,0.0,0.0,0.0,43583.63706081365,0.0549815338020486,,ecmwf_ifs025,cwc,2.7951601198906486,1.320017656123935
2024-09-20,Bhakra,4.17628,-0.32410433014617956,0.0,0.0,0.0,38538.37753657447,0.1426309162740835,,ecmwf_ifs025,cwc,3.796979832335224,2.155952198488297
2024-09-21,Bhakra,4.18194,-0.32306748375370964,0.0,0.0,0.0,38777.5294995495,0.2486676572287674,,ecmwf_ifs025,cwc,5.563336999776851,9.281907585490792
2024-09-22,Bhakra,4.18412,-0.3222258047060518,0.0,0.0,0.0,38306.88093024368,0.8680267895047522,,ecmwf_ifs025,cwc,7.1921797814705535,9.955744713146037
2024-09-23,Bhakra,4.185,-0.3221729374759291,0.0,0.0,0.0,38161.299274645746,1.095309915269406,,ecmwf_ifs025,cwc,7.880374872338562,11.591256772167387
2024-09-24,Bhakra,4.18674,-0.3233774833861403,0.0,0.0,0.0,38570.977987755905,1.6945939204526033,,ecmwf_ifs025,cwc,6.531556476498751,12.133344497774665
2024-09-25,Bhakra,4.185,-0.32593324591251605,0.0,0.0,0.0,38484.400506233564,2.170613605982066,,ecmwf_ifs025,cwc,4.0491957741485844,11.284745814222648
2025-06-01,Bhakra,1.41856,-0.7683370562711433,0.0,0.0,0.0,37685.25956678578,1.2462140926899232,,ecmwf_ifs025,cwc,7.515983668806385,11.051833650642294
2025-06-02,Bhakra,1.41763,-0.7702080475109606,0.0,0.0,0.0,37823.25326679389,2.4518644344641256,,ecmwf_ifs025,cwc,5.503394545485673,10.671199087667784
2025-06-03,Bhakra,1.40487,-0.772645989818419,0.0,0.0,0.0,37823.695311371164,2.225118667743014,,ecmwf_ifs025,cwc,3.8014262836605366,8.351369236472175
2025-06-04,Bhakra,1.38098,-0.7757014470339165,0.0,0.0,0.0,39192.53029792641,1.042316233800035,,ecmwf_ifs025,cwc,1.2273194266219052,2.4519088510242573
2025-06-05,Bhakra,1.35941,-0.7792440931278567,0.0,0.0,0.0,37034.88717474956,0.0415923515429048,,ecmwf_ifs025,cwc,0.3633954335990286,0.9494583604041413
2025-06-06,Bhakra,1.3656861677488468,-0.7771769894840731,0.0,0.0,0.0,36633.14697857912,0.0289770273254392,,ecmwf_ifs025,model,0.3299668506254271,2.681500023893417
2025-06-07,Bhakra,1.3696580446064501,-0.7752527651941971,0.0,0.0,0.0,36083.39308584372,0.0733845545985349,,ecmwf_ifs025,model,0.9179794473955284,5.6470889372232325
2025-06-08,Bhakra,1.3721396555184018,-0.7730704941278205,0.0,0.0,0.0,37282.85236590328,0.1349351539450186,,ecmwf_ifs025,model,2.255766885303771,7.026273723542047
2025-06-09,Bhakra,1.3774502391266437,-0.7715350333790184,0.0,0.0,0.0,38105.15056724713,0.1072390127703948,,ecmwf_ifs025,model,2.2400049614794435,9.541995691752659
2025-06-10,Bhakra,1.3855717106806777,-0.7695374898043563,0.0,0.0,0.0,39539.57555425078,0.1887789400064288,,ecmwf_ifs025,model,2.614768692466957,10.963537212885207
2025-06-11,Bhakra,1.4010328810143557,-0.7667947236211317,0.0,0.0,0.0,40624.11092117347,0.1833419201111757,,ecmwf_ifs025,model,2.6913482077053397,10.46448166277361
2025-06-12,Bhakra,1.239,-0.7923828944521654,0.0,0.0,0.0,41622.55090458927,0.8430082247137966,,ecmwf_ifs025,cwc,3.9457775973948497,14.469348575447025
2025-06-13,Bhakra,1.26575,-0.7874564175669548,0.0,0.0,0.0,40474.397524615,0.2527830728388424,,ecmwf_ifs025,cwc,6.965681910167262,18.611960101282506
2025-06-14,Bhakra,1.27475,-0.7833033662775316,0.0,0.0,0.0,41286.033636475775,0.5904283854382484,,ecmwf_ifs025,cwc,10.086515221343046,17.309566484075237
2025-06-15,Bhakra,1.28695,-0.7791174850265635,0.0,0.0,0.0,43406.19339337255,3.841380170858572,,ecmwf_ifs025,cwc,13.665370585289613,17.133742379617946
2025-06-16,Bhakra,1.30351,-0.7777311680667179,0.0,0.0,0.0,44744.44970061612,5.460789251747807,,ecmwf_ifs025,cwc,12.359323647334076,17.55037886020275
2025-06-17,Bhakra,1.30778,-0.7768733220899209,0.0,0.0,0.0,45073.13137710738,2.874631267016757,,ecmwf_ifs025,cwc,10.046702318259234,12.224041829783712
2025-06-18,Bhakra,1.32684,-0.7717558023312838,0.0,0.0,0.0,44339.39230418806,1.4643083854087486,,ecmwf_ifs025,cwc,10.627835840474509,12.587665922322518
2025-06-19,Bhakra,1.34967,-0.7679020831324962,0.0,0.0,0.0,41829.356601506806,1.7616260346394494,,ecmwf_ifs025,cwc,11.67638293088045,14.577231016823777
2025-06-20,Bhakra,1.34295,-0.7660747074368114,0.0,0.0,0.0,41731.76823078759,1.7963165110249308,,ecmwf_ifs025,cwc,17.11473817133346,15.971772898683195
2025-06-21,Bhakra,1.33854,-0.7637597252241505,0.0,0.0,0.0,43668.31014425994,2.498965646820375,,ecmwf_ifs025,cwc,21.13113167650767,21.42891256606949
2025-06-22,Bhakra,1.35014,-0.7593716089178827,0.0,0.0,0.0,43257.91687809472,1.4910706683988508,,ecmwf_ifs025,cwc,23.96271213750138,28.014421213042738
2025-06-23,Bhakra,1.37658,-0.7493631086718692,0.0,0.0,0.0,47145.6055856615,2.7021272139321098,,ecmwf_ifs025,cwc,26.908592054250082,34.83160660082272
2025-06-24,Bhakra,1.41021,-0.7459912736664478,0.0,0.0,0.0,51270.48529584634,8.95244197209764,,ecmwf_ifs025,cwc,25.672158387565002,46.391309832493825
2025-06-25,Bhakra,1.44824,-0.7439394244814523,0.0,0.0,0.0,50287.78186583196,7.430005185448592,,ecmwf_ifs025,cwc,22.913989260427105,57.67247036305541
2025-06-26,Bhakra,1.48489,-0.7417201268190943,0.0,0.0,0.0,49313.06820359914,2.834415192296922,,ecmwf_ifs025,cwc,15.540030327829122,64.30721488929169
2025-06-27,Bhakra,1.50785,-0.7370171800614651,0.0,0.0,0.0,49222.15082492391,3.094141852120821,,ecmwf_ifs025,cwc,15.808747446916698,58.968565565190254
2025-06-28,Bhakra,1.54217,-0.7260982236246671,0.0,0.0,0.0,56278.47272446503,4.280767097822155,,ecmwf_ifs025,cwc,17.97655678062324,57.184267932576205
2025-06-29,Bhakra,1.583,-0.716866467290078,0.0,0.0,0.0,61055.69747473737,4.119905733443257,,ecmwf_ifs025,cwc,15.1185715410828,49.67569468109228
2025-06-30,Bhakra,1.64579,-0.7078489842553843,0.0,0.0,0.0,62440.14743706552,2.266971180605034,,ecmwf_ifs025,cwc,12.036505158257887,36.59804566894252
2025-07-01,Bhakra,1.7029,-0.6976431372934891,0.0,0.0,0.0,65691.16309946234,2.71393870628201,,ecmwf_ifs025,cwc,12.691162433643326,23.845890704057204
2025-07-02,Bhakra,1.76529,-0.6946061166737963,0.0,0.0,0.0,52410.86928188578,2.5794018292573355,,ecmwf_ifs025,cwc,16.771625694221882,27.495776210572068
2025-07-03,Bhakra,1.82231,-0.6838664694924587,0.0,0.0,0.0,54286.10937737674,0.961787075054934,,ecmwf_ifs025,cwc,17.07060974765743,21.513163455377704
2025-07-04,Bhakra,1.87152,-0.6719432503191102,0.0,0.0,0.0,50631.855103048976,2.363862318052726,,ecmwf_ifs025,cwc,24.96332204003522,20.17074227868355
2025-07-05,Bhakra,1.91632,-0.6607275012549106,0.0,0.0,0.0,49673.26086983126,4.981883690764676,,ecmwf_ifs025,cwc,32.195358163735584,26.774902822920264
2025-07-06,Bhakra,1.96014,-0.6555882921485896,0.0,0.0,0.0,46011.314035378535,4.942252094004784,,ecmwf_ifs025,cwc,34.6792795195897,30.267597538253515
2025-07-07,Bhakra,2.00992,-0.6601083583235353,0.0,0.0,0.0,44610.42853045833,2.048147734396814,,ecmwf_ifs025,cwc,17.524172993924466,29.464685628232473
2025-07-08,Bhakra,2.03283,-0.6573225312500702,0.0,0.0,0.0,46007.880799903425,4.017352415297644,,ecmwf_ifs025,cwc,17.055975331875125,26.496557215047584
2025-07-09,Bhakra,2.06229,-0.6508616161369895,0.0,0.0,0.0,49156.55064853855,6.234222116918343,,ecmwf_ifs025,cwc,19.415724015978757,24.876533045027816
2025-07-10,Bhakra,2.09423,-0.6438064619760705,0.0,0.0,0.0,48819.48080210743,4.505293974643825,,ecmwf_ifs025,cwc,21.223880700601903,20.646668153891838
2025-07-11,Bhakra,2.12972849317981,-0.639603055897089,0.0,0.0,0.0,44184.73240037227,1.5279858299339786,,ecmwf_ifs025,model,21.479388014591933,17.30352064294501
2025-07-12,Bhakra,2.165758882261856,-0.6211954035723897,0.0,0.0,0.0,46456.192603007374,3.395700040799649,,ecmwf_ifs025,model,38.91690234987888,14.870299039066309
2025-07-13,Bhakra,2.1892625213425823,-0.6201358362529241,0.0,0.0,0.0,43828.95087466364,3.795258709013113,,ecmwf_ifs025,model,34.507793792499086,21.255134872676326
2025-07-14,Bhakra,2.2124331466541185,-0.6095774660570698,0.0,0.0,0.0,47622.248944840714,6.512589693918025,,ecmwf_ifs025,model,38.17701149621601,17.47724715496608
2025-07-15,Bhakra,2.2345065852628543,-0.6105353639205685,0.0,0.0,0.0,45285.79628660175,5.321754538587268,,ecmwf_ifs025,model,33.09022750413327,14.533116810318184
2025-07-16,Bhakra,2.2494599727845013,-0.602130166192176,0.0,0.0,0.0,49850.78134188752,10.518950138218468,,ecmwf_ifs025,model,53.039215429479114,31.446965111696098
2025-07-17,Bhakra,2.2663810769492927,-0.5795231923391028,0.0,0.0,0.0,45344.994390805776,6.072428819635629,,ecmwf_ifs025,model,70.98719941021204,37.39283468671549
2025-07-18,Bhakra,2.297634266150186,-0.5525907697749333,0.0,0.0,0.0,45384.55725739038,2.315762443960649,,ecmwf_ifs025,model,77.62995890107933,33.45485602173065
2025-07-19,Bhakra,2.317948477256716,-0.5727575451501672,0.0,0.0,0.0,49653.30699632944,10.171538062896673,,ecmwf_ifs025,model,55.18058033394851,36.19238766115189
2025-07-20,Bhakra,2.327986310531218,-0.5916297640161455,0.0,0.0,0.0,50654.47948826194,12.17384381168007,,ecmwf_ifs025,model,38.882253088474386,37.4278190300973
2025-07-21,Bhakra,2.3829934468753646,-0.5855107111593801,0.0,0.0,0.0,58646.99980660853,6.870992940624466,,ecmwf_ifs025,model,25.140070320101614,23.821818240260907
2025-07-22,Bhakra,2.4486481759708725,-0.5839518743383283,0.0,0.0,0.0,52490.50743787103,3.086795574819923,,ecmwf_ifs025,model,17.800604351825342,18.811834781427535
2025-07-23,Bhakra,2.4960786079081463,-0.57908939976573,0.0,0.0,0.0,48245.751489158996,1.8589124213483053,,ecmwf_ifs025,model,21.091188172627973,16.622566004658182
2025-07-24,Bhakra,2.53317988693303,-0.5733694250245135,0.0,0.0,0.0,46033.15822410632,2.8727287869097387,,ecmwf_ifs025,model,24.90372305426998,22.549851964601338
2025-07-25,Bhakra,2.556699831009071,-0.5651985057851393,0.0,0.0,0.0,44709.60878852154,4.019503334248494,,ecmwf_ifs025,model,32.04715429343229,27.548959509111114
2025-07-26,Bhakra,2.583943024776455,-0.5552032045527784,0.0,0.0,0.0,42734.919309099794,2.508615607885844,,ecmwf_ifs025,model,36.97033980855182,28.95161003386478
2025-07-27,Bhakra,2.608038015200878,-0.5454908972488307,0.0,0.0,0.0,42771.001346611694,2.8438424224502947,,ecmwf_ifs025,model,40.13311418773904,32.593313423984206
2025-07-28,Bhakra,2.6253544421328083,-0.5421840132269765,0.0,0.0,0.0,49603.19363449368,9.380347557418494,,ecmwf_ifs025,model,39.376494686438754,38.6184852035052
2025-07-29,Bhakra,2.6605895986546337,-0.5399563435999236,0.0,0.0,0.0,53937.28162577233,9.011907764148614,,ecmwf_ifs025,model,31.319840735811255,35.41634260472436
2025-07-30,Bhakra,2.7006793021175812,-0.5358537107495092,0.0,0.0,0.0,54255.9648305287,8.569150349945003,,ecmwf_ifs025,model,28.888966650994018,38.69336829092471
2025-07-31,Bhakra,2.741135821348484,-0.5322348848127113,0.0,0.0,0.0,54423.98435233301,8.084441496056458,,ecmwf_ifs025,model,29.573573080725133,42.19425059495718
2025-08-01,Bhakra,3.301,-0.4367280638332712,0.0,0.0,0.0,52206.01954529498,6.050488460406973,,ecmwf_ifs025,press,33.91279902161585,56.17502165309023
2025-08-02,Bhakra,3.350360911981754,-0.43422111469673896,0.0,0.0,0.0,52564.1078140781,5.049688389823699,,ecmwf_ifs025,model,25.2476185849676,52.684387258825865
2025-08-03,Bhakra,3.396666534750213,-0.42977887988741137,0.0,0.0,0.0,48171.68111824266,3.247188529270692,,ecmwf_ifs025,model,24.09940608971724,47.09901188034692
2025-08-04,Bhakra,3.4523850831051264,-0.4187400925425775,0.0,0.0,0.0,56198.74841058918,6.967141408801648,,ecmwf_ifs025,model,23.463876746013213,43.95550049615157
2025-08-05,Bhakra,3.514705799325312,-0.4151876207887152,0.0,0.0,0.0,52202.835236917585,3.4755269107081617,,ecmwf_ifs025,model,18.822066096361787,36.72812930651278
2025-08-06,Bhakra,3.8461975,-0.35089197104777275,0.0,0.0,0.0,61879.8024943575,0.7662220173937473,,ecmwf_ifs025,press,21.40206924590366,20.386540576561178
2025-08-07,Bhakra,3.9288377982226237,-0.33695407930384513,0.0,0.0,0.0,51069.64675464455,1.8027911834719936,,ecmwf_ifs025,model,29.7589568270163,24.153291013999386
2025-08-08,Bhakra,3.9624497959540124,-0.327400580218026,0.0,0.0,0.0,49984.01342609782,4.501826679942308,,ecmwf_ifs025,model,39.75319816879412,24.97061064480543
2025-08-09,Bhakra,4.008751765315363,-0.31390605486276735,0.0,0.0,0.0,52497.81313865544,6.977821690049451,,ecmwf_ifs025,model,48.14952444984233,31.788112473451868
2025-08-10,Bhakra,4.035528388270308,-0.30916253859387066,0.0,0.0,0.0,52556.94965801714,9.431559931135512,,ecmwf_ifs025,model,46.36524933918431,41.60860839843413
2025-08-11,Bhakra,4.0650153453624,-0.2925993684428913,0.0,0.0,0.0,51609.9916715184,9.381727424734825,,ecmwf_ifs025,model,55.39037507922863,46.50962082424365
2025-08-12,Bhakra,4.103251836197938,-0.29504076582114486,0.0,0.0,0.0,53170.300329553495,8.346660668537426,,ecmwf_ifs025,model,44.017479018030784,47.87165134106084
2025-08-13,Bhakra,4.126579408612274,-0.28741504460951856,0.0,0.0,0.0,63090.744239784886,18.91044929414204,,ecmwf_ifs025,model,51.48814072885931,51.553241624117966
2025-08-14,Bhakra,4.1800199526311905,-0.289961271660874,0.0,0.0,0.0,53961.765675123075,4.523395044661276,,ecmwf_ifs025,model,36.566596577650536,40.67657407799418
2025-08-15,Bhakra,4.252520055766601,-0.2771864067279643,0.0,0.0,0.0,57641.616655281076,5.2788528797133925,,ecmwf_ifs025,model,32.02823692768364,34.76716753743476
2025-08-16,Bhakra,4.3267642708808935,-0.27042653772464637,0.0,0.0,0.0,61676.62410199304,6.746007823704224,,ecmwf_ifs025,model,25.291655006620687,28.104920922454244
2025-08-17,Bhakra,4.404121014185751,-0.26550350778092885,0.0,0.0,0.0,59788.024019542754,6.298400813710578,,ecmwf_ifs025,model,19.741788842742114,19.0792309537508
2025-08-18,Bhakra,4.459340141771682,-0.2647296760145245,0.0,0.0,0.0,51476.591085848064,3.7636148729021697,,ecmwf_ifs025,model,21.14358365851235,20.862129422266488
2025-08-19,Bhakra,4.983,-0.18014807438848424,0.0,0.0,0.0,46156.93217767546,3.3389203879735665,,ecmwf_ifs025,press,27.008182621570143,27.17679453594179
2025-08-20,Bhakra,5.022110282871866,-0.17023255620275046,0.0,0.0,0.0,43320.638618606,1.1729935207705386,,ecmwf_ifs025,model,29.851983037190116,35.95405636880676
2025-08-21,Bhakra,5.051282620715198,-0.16457205998120383,0.0,0.0,0.0,41551.93435189199,1.7538224294193463,,ecmwf_ifs025,model,31.386754487932212,47.28983536421502
2025-08-22,Bhakra,5.064540590531399,-0.16335517053680332,0.0,0.0,0.0,45071.77954044223,6.90938173375177,,ecmwf_ifs025,model,30.135179645187087,50.81652073844538
2025-08-23,Bhakra,5.088575001396877,-0.15712329672942202,0.0,0.0,0.0,46091.725123778386,5.177051783491164,,ecmwf_ifs025,model,29.486640838146123,49.515340429257876
2025-08-24,Bhakra,5.127273504724764,-0.14655741530888283,0.0,0.0,0.0,50315.56178110702,6.024027382925953,,ecmwf_ifs025,model,30.766196534595668,56.07809180262995
2025-08-25,Bhakra,5.193625287402634,-0.13168946921043065,0.0,0.0,0.0,58922.80134483123,5.964228296060199,,ecmwf_ifs025,model,30.072177302671655,56.64087648333073
2025-08-26,Bhakra,5.283538290083023,-0.1087954852141353,0.0,0.0,0.0,58283.863787048285,2.906287361265769,,ecmwf_ifs025,model,35.45156885729584,53.94344206558898
2025-08-27,Bhakra,5.346261078718385,-0.09986735798015886,0.0,0.0,0.0,54421.02614470662,4.5410157416152215,,ecmwf_ifs025,model,38.69345009798555,77.17488710774288
2025-08-28,Bhakra,5.397174438797614,-0.09445351202338552,0.0,0.0,0.0,56295.40538305576,7.095590955792026,,ecmwf_ifs025,model,35.997315324143734,88.41278062798254
2025-08-29,Bhakra,5.483816829151658,-0.06766577530876829,0.0,0.0,0.0,62910.81383411539,6.150300423363798,,ecmwf_ifs025,model,39.95520458300654,87.18664341098022
2025-08-30,Bhakra,5.593440293506247,0.014609581962574874,0.09100308604487939,29491.38566219937,0.0,81653.55570005323,14.606351043030532,4.0,ecmwf_ifs025,model,72.9981740109851,82.30543174496472
2025-08-31,Bhakra,5.698291344869071,0.020920070996758775,0.13031112223881092,31646.348106498677,0.0,101462.80831258261,26.77323930070856,3.0,ecmwf_ifs025,model,64.64385233997494,73.58851956202102
2025-09-01,Bhakra,5.864413535741603,0.025602000327791165,0.15947486004181233,34660.99850946142,0.0,122231.46607992504,22.517936691413656,3.0,ecmwf_ifs025,model,40.08370818923974,49.78495139779447
2025-09-02,Bhakra,5.482,-0.06779903458561197,0.0,0.0,0.0,87847.20297198556,8.284429133114807,,ecmwf_ifs025,press,24.525549604566375,35.86629351754774
2025-09-03,Bhakra,5.793,-0.029663617324271967,0.0,0.0,0.0,83536.302137348,6.417618461144093,,ecmwf_ifs025,press,17.84811338599158,24.110461666225653
2025-09-04,Bhakra,5.848187500000001,-0.035110897039517516,0.0,0.0,0.0,62339.97566918542,1.6651114914144327,,ecmwf_ifs025,press,12.823010159310385,15.340091381545925
2025-09-05,Bhakra,5.848187500000001,-0.04236974544618841,0.0,0.0,0.0,53883.48860487587,3.1262606309168195,,ecmwf_ifs025,press,12.73032159912264,12.165665625139702
2025-09-06,Bhakra,5.848187500000001,-0.050442129743251095,0.0,0.0,0.0,45972.737308327,2.140079892162545,,ecmwf_ifs025,press,9.378895530891699,10.292549835666154
2025-09-07,Bhakra,5.87728558968485,-0.0475538220598558,0.0,0.0,0.0,44215.492208099764,3.4411822978046733,,ecmwf_ifs025,model,10.631847729548682,10.03685644532753
2025-09-08,Bhakra,5.897743589752271,-0.045646992159902644,0.0,0.0,0.0,39549.453338565196,0.8423092080780905,,ecmwf_ifs025,model,11.533151769529,11.52062730093379
2025-09-09,Bhakra,5.913183767833354,-0.042308524459555345,0.0,0.0,0.0,38788.47411507202,1.121231328027969,,ecmwf_ifs025,model,12.025904403524564,15.64874674228964
2025-09-10,Bhakra,5.920893347788657,-0.04094194258676495,0.0,0.0,0.0,37625.180321603206,1.409277760830219,,ecmwf_ifs025,model,12.419306621797283,18.530780132496325
2025-09-11,Bhakra,5.928661332991214,-0.036036916996403254,0.0,0.0,0.0,38712.33751206862,1.930547167494804,,ecmwf_ifs025,model,16.655236520929265,26.17058887419484
2025-09-12,Bhakra,5.939009496334547,-0.03370865298614872,0.0,0.0,0.0,40614.89217916781,3.1107519358484064,,ecmwf_ifs025,model,16.06370011703456,27.220558932310624
2025-09-13,Bhakra,5.955656341140527,-0.03244097638662251,0.0,0.0,0.0,41455.84084360394,1.851505680140929,,ecmwf_ifs025,model,12.504964184926791,29.057586780133292
2025-09-14,Bhakra,5.9827508231798125,-0.027745488302570922,0.0,0.0,0.0,46079.18726410414,4.428616475814809,,ecmwf_ifs025,model,10.834355314514214,25.75693611117809
2025-09-15,Bhakra,5.4868181818181805,-0.1111826072788054,0.0,0.0,0.0,46049.6673004287,5.287750024968485,,ecmwf_ifs025,bbmb,7.9109884426097725,23.090743526442466
2025-09-16,Bhakra,5.52565999548663,-0.10685729875723271,0.0,0.0,0.0,44905.32180745049,0.9582401024559876,,ecmwf_ifs025,model,3.3658817822525395,13.52807374861338
2025-09-17,Bhakra,5.557642571964606,-0.10464995089890777,0.0,0.0,0.0,41917.18460177952,1.3285521691101372,,ecmwf_ifs025,model,2.5103455541173325,10.186909666300892
2025-09-18,Bhakra,5.5894593563968895,-0.09994059146880246,0.0,0.0,0.0,42828.59161171083,0.8328226629760803,,ecmwf_ifs025,model,1.6839323641123496,4.070455324533801
2025-09-19,Bhakra,5.615847940925877,-0.097869853685012,0.0,0.0,0.0,38725.70076872179,0.3257708643466234,,ecmwf_ifs025,model,1.105720777547905,1.152597942820283
2025-09-20,Bhakra,5.626223133445909,-0.09735507648918641,0.0,0.0,0.0,36648.05355446289,0.0835260328422613,,ecmwf_ifs025,model,1.089820749767191,0.5550012471566533
2025-09-21,Bhakra,5.630083298670332,-0.09744470114808007,0.0,0.0,0.0,35230.82758656487,0.232145868582435,,ecmwf_ifs025,model,1.2257350409279364,0.5909244210921801
2025-09-22,Bhakra,5.630468031567049,-0.09774843044246434,0.0,0.0,0.0,34697.971970069164,0.2137059142255616,,ecmwf_ifs025,model,1.0601238770635302,0.43325475027559734
2025-09-23,Bhakra,5.629302315799139,-0.09837406179233081,0.0,0.0,0.0,34723.46638837946,0.2585469673587677,,ecmwf_ifs025,model,0.5575547685108074,1.2163850943883783
2025-09-24,Bhakra,5.477139030303049,-0.12291542982672005,0.0,0.0,0.0,35318.939301856124,0.3045200273250125,,ecmwf_ifs025,bbmb,0.5814711295035803,2.3584454024024235
2025-09-25,Bhakra,5.4775912730015754,-0.12320304430763314,0.0,0.0,0.0,34544.24014890461,0.0784198429366866,,ecmwf_ifs025,model,0.643979897585159,2.6662974473009466
2026-06-24,Bhakra,1.3747745833333334,-0.773078603833887,0.0,0.0,0.0,37310.93703719997,2.067358103803452,,ecmwf_ifs025,bbmb,11.628149859192508,12.240039539051345
2026-06-25,Bhakra,1.3803349444403124,-0.7714413229140875,0.0,0.0,0.0,38380.9360209077,2.750219084135428,,ecmwf_ifs025,model,10.406009856893814,14.645522916754167
2026-06-26,Bhakra,1.3875604710478342,-0.768463600781987,0.0,0.0,0.0,38339.27548698774,1.9621965698407045,,ecmwf_ifs025,model,12.422347303793817,18.528892252880283
2026-06-27,Bhakra,1.3946134649783863,-0.7630283627730092,0.0,0.0,0.0,39142.190301087714,2.3495114425526724,,ecmwf_ifs025,model,17.782418239519444,27.553487126025523
2026-06-28,Bhakra,1.4003586342529577,-0.7571444241587345,0.0,0.0,0.0,39147.1478318632,2.457426061942725,,ecmwf_ifs025,model,22.488134642487996,35.08036287064948
2026-06-29,Bhakra,1.4187608259194606,-0.7449940590435492,0.0,0.0,0.0,42436.32402095722,2.040972981751717,,ecmwf_ifs025,model,27.558890618320607,38.07273891902686
2026-06-30,Bhakra,1.4429207990475672,-0.7389738797436968,0.0,0.0,0.0,49963.01171354694,8.52621609715557,,ecmwf_ifs025,model,27.031840117702988,37.59878812386219
2026-07-01,Bhakra,1.473362540205274,-0.7388493418519433,0.0,0.0,0.0,50757.878989071665,5.45481753947806,,ecmwf_ifs025,model,21.420852886156883,39.98786690765141
2026-07-02,Bhakra,1.5257376842891675,-0.7270718571908055,0.0,0.0,0.0,55059.079690530896,4.864273346076158,,ecmwf_ifs025,model,22.38690561082307,33.976877844253245
2026-07-03,Bhakra,1.5843633025315484,-0.7168330844497349,0.0,0.0,0.0,50217.68111089415,2.0228811887925224,,ecmwf_ifs025,model,23.37603438132134,31.183532718550964
2026-07-04,Bhakra,1.645559244904118,-0.7049990162848494,0.0,0.0,0.0,51774.39071179891,2.334801098512384,,ecmwf_ifs025,model,23.412245025973252,31.05382855819711
2026-07-05,Bhakra,1.6922847690766403,-0.7016624163037674,0.0,0.0,0.0,52643.122493858486,5.480990977692096,,ecmwf_ifs025,model,20.928692629206438,44.685426497485224
2026-07-06,Bhakra,1.7461285187476812,-0.6891478184867308,0.0,0.0,0.0,56652.08295534083,6.24361437760818,,ecmwf_ifs025,model,24.18287412735974,44.446961399776896
2026-07-07,Bhakra,1.7927611754399049,-0.6851241159520557,0.0,0.0,0.0,55219.87747285291,7.790866111205069,,ecmwf_ifs025,model,23.7175475945112,45.0946917057097
2026-07-08,Bhakra,1.833380675283227,-0.6783085109900506,0.0,0.0,0.0,57244.12397864476,9.758838573635613,,ecmwf_ifs025,model,23.688614429427755,43.341674378166815
2026-07-09,Bhakra,1.8851821920345804,-0.6749927445676672,0.0,0.0,0.0,58928.193428332765,10.016133603923262,,ecmwf_ifs025,model,16.977924882766526,35.09442721443991
2026-07-10,Bhakra,1.9682297284349777,-0.665798707521834,0.0,0.0,0.0,60128.72667514859,4.193974201316128,,ecmwf_ifs025,model,7.439698123747969,19.191348640920687
2026-07-11,Bhakra,2.0451925839144316,-0.6603894747494335,0.0,0.0,0.0,51094.55182795695,1.4578980546008844,,ecmwf_ifs025,model,4.47319425069259,12.13395224169532
2026-07-12,Bhakra,2.098366299525724,-0.6544884545727915,0.0,0.0,0.0,47054.582132439115,0.4835567519381,,ecmwf_ifs025,model,6.759714933467,10.101148956681529
2026-07-13,Bhakra,2.1388992378012173,-0.647084343228356,0.0,0.0,0.0,43142.572296595004,0.8670074271196835,,ecmwf_ifs025,model,13.634626336590234,8.040160456920404
2026-07-14,Bhakra,2.158210969732018,-0.6418519279170507,0.0,0.0,0.0,38471.1881578803,0.7481235985188852,,ecmwf_ifs025,model,21.485237300745588,14.116411149038841
2026-07-15,Bhakra,2.1698745983990357,-0.6300996041383476,0.0,0.0,0.0,36915.28416009785,0.3571341994793438,,ecmwf_ifs025,model,36.590300672563444,21.263599101997087
2026-07-26,Bhakra,2.3189995238095245,-0.5985095646412337,0.0,0.0,0.0,52155.13691352267,3.8130147229243554,,ecmwf_ifs025,bbmb,29.29729123096356,55.88191042521146
2026-07-27,Bhakra,2.3625385988335967,-0.5945034373331546,0.0,0.0,0.0,48691.21683846707,3.8978801650167454,,ecmwf_ifs025,model,29.256655930250822,55.07693447023565
2026-07-28,Bhakra,2.4419862204350906,-0.5640534436290802,0.0,0.0,0.0,58562.02150679883,4.231846456379179,,ecmwf_ifs025,model,36.6825001920429,45.32074909914116
2026-07-29,Bhakra,2.5136222571286977,-0.5566798037038099,0.0,0.0,0.0,54828.286929429545,4.585918741431583,,ecmwf_ifs025,model,33.56697392490639,44.22818773469676
2026-07-30,Bhakra,2.5853870175392806,-0.5375683719618285,0.0,0.0,0.0,65468.56992771537,8.996822980181609,,ecmwf_ifs025,model,37.36407012415773,38.25028994910148
2026-07-31,Bhakra,2.6866155582086146,-0.5306398136380827,0.0,0.0,0.0,64590.02726411238,5.300418282760623,,ecmwf_ifs025,model,26.836599772607283,28.51234354890697
2026-08-01,Bhakra,2.751027773619616,-0.5308382701621419,0.0,0.0,0.0,50462.06263739314,2.4854980520700725,,ecmwf_ifs025,model,26.37124264487457,37.61231943285996
2026-08-02,Bhakra,2.8085832566052598,-0.523281108153436,0.0,0.0,0.0,52656.663627375456,3.985057023049457,,ecmwf_ifs025,model,24.92624645526128,44.3898501236994
2026-08-03,Bhakra,2.8627394261429124,-0.5144792606793667,0.0,0.0,0.0,49494.34338284215,4.151311692582978,,ecmwf_ifs025,model,25.993304021193318,41.77393603621409
2026-08-04,Bhakra,2.9007719761952853,-0.5128052414342775,0.0,0.0,0.0,48981.62736285853,4.687778123974652,,ecmwf_ifs025,model,23.10949774744099,42.251301523790936
2026-08-05,Bhakra,2.940333918072487,-0.5098187740912332,0.0,0.0,0.0,48137.68818673787,4.6851342516482415,,ecmwf_ifs025,model,19.931076068500722,43.941986305500855
2026-08-06,Bhakra,2.99701779626992,-0.49233632210693323,0.0,0.0,0.0,55171.06670565317,5.5144943671371385,,ecmwf_ifs025,model,25.755393147949263,46.53419659431215
2026-08-07,Bhakra,3.075962632482303,-0.4726681230223499,0.0,0.0,0.0,53525.75160643767,1.6068822108992094,,ecmwf_ifs025,model,27.878580297228424,37.19013492078172
2026-08-08,Bhakra,2.7950144444444445,-0.5180791329875808,0.0,0.0,0.0,47470.91289670792,1.7147190388563969,,ecmwf_ifs025,bbmb,30.187304435051047,34.67853371542262
2026-08-09,Bhakra,2.8800875,-0.49669282959157485,0.0,0.0,0.0,54778.472057175466,7.231720218517814,,ecmwf_ifs025,bbmb,36.713498434176216,33.11619115422185
2026-08-10,Bhakra,2.8938499999999996,-0.5058492868466974,0.0,0.0,0.0,59747.94270611559,10.366668053696868,,ecmwf_ifs025,bbmb,26.559186199370522,37.33950072151995
2026-08-11,Bhakra,2.976898333333333,-0.49650563058624875,0.0,0.0,0.0,57468.62566741431,3.523545364057969,,ecmwf_ifs025,bbmb,19.56072629196332,26.386345389608582
2026-08-12,Bhakra,3.040146,-0.4900884150698014,0.0,0.0,0.0,47600.97167004491,2.17542601590678,,ecmwf_ifs025,bbmb,22.38468958555501,28.90794051755698
2026-08-13,Bhakra,3.0870009553333357,-0.4831024252486781,0.0,0.0,0.0,44969.906842170494,2.524723189466605,,ecmwf_ifs025,bbmb,26.83401122492998,33.94876036728744
2026-08-14,Bhakra,3.2122354545454552,-0.4631898989014502,0.0,0.0,0.0,43304.19443285304,2.893584285393057,,ecmwf_ifs025,bbmb,28.106692803646194,38.41192145142204
2026-08-15,Bhakra,3.2122354545454552,-0.46062888488304327,0.0,0.0,0.0,48650.90452131355,2.347959130637945,,ecmwf_ifs025,bbmb,23.711095241346566,30.2373448215575
2026-08-16,Bhakra,3.2122354545454552,-0.4584706420651093,0.0,0.0,0.0,45920.97103760117,3.861249723774623,,ecmwf_ifs025,bbmb,28.293446930588257,28.992920416639095
2026-08-17,Bhakra,3.323322,-0.44188393726671654,0.0,0.0,0.0,49301.135633307444,4.525614443052199,,ecmwf_ifs025,bbmb,25.164789391175404,25.877297701381313
2026-08-18,Bhakra,3.3589019999999996,-0.4370267582462355,0.0,0.0,0.0,51905.51686962443,6.8518691467439305,,ecmwf_ifs025,bbmb,22.455179177840716,25.75718755661739
2026-08-19,Bhakra,3.4613750000000003,-0.4300522448420774,0.0,0.0,0.0,48154.72568677725,2.069696388278193,,ecmwf_ifs025,bbmb,12.262835584482044,18.53002979123535
2026-08-20,Bhakra,3.5069877777777783,-0.42832667290623083,0.0,0.0,0.0,42561.5615761246,1.1254291736000397,,ecmwf_ifs025,bbmb,9.257856086586713,15.494604350590564
2026-08-21,Bhakra,3.529358333333333,-0.42441408346813336,0.0,0.0,0.0,42872.519398915036,2.6227368005025307,,ecmwf_ifs025,bbmb,11.101329658634928,16.589422818907273
2026-08-22,Bhakra,3.538138,-0.42577857142027,0.0,0.0,0.0,42934.67955059187,3.48462043071402,,ecmwf_ifs025,bbmb,7.87606237552391,14.938554268984205
2026-08-23,Bhakra,3.6267333333333336,-0.4127793046970499,0.0,0.0,0.0,42146.0769442471,1.549444923327832,,ecmwf_ifs025,bbmb,5.022991783748127,10.36045387949277
2026-08-24,Bhakra,3.70453,-0.4012112625417194,0.0,0.0,0.0,38921.56629270837,1.6427351919615505,,ecmwf_ifs025,bbmb,7.1320370242349025,10.932086447658934
2026-08-25,Bhakra,3.7424275000000002,-0.3947299294097583,0.0,0.0,0.0,38647.72998364044,1.9503330405690424,,ecmwf_ifs025,bbmb,10.154588469889763,12.37677486384205
2026-08-26,Bhakra,3.7424275000000002,-0.39284698081543307,0.0,0.0,0.0,37977.47162393878,0.8251737750217114,,ecmwf_ifs025,bbmb,13.032684745337189,17.246202653896773
2026-08-27,Bhakra,3.8461975,-0.37106405475790116,0.0,0.0,0.0,37505.80746931357,0.8071345507654413,,ecmwf_ifs025,bbmb,21.20830475268354,20.036530071869816
2026-08-28,Bhakra,3.8461975,-0.36988387264165007,0.0,0.0,0.0,37732.73310081275,1.076221195655993,,ecmwf_ifs025,bbmb,20.38065918506207,31.32746986466877
2026-08-29,Bhakra,3.85689,-0.3681872960391149,0.0,0.0,0.0,39761.2832133009,3.5398615319481914,,ecmwf_ifs025,bbmb,19.77343319510776,33.96131816900494
2026-08-30,Bhakra,3.8705030230303117,-0.36460751546318,0.0,0.0,0.0,42110.072824240335,5.239187897188617,,ecmwf_ifs025,bbmb,21.218788104109727,36.96635850892257
2026-08-31,Bhakra,3.9192875000000003,-0.3540069567508737,0.0,0.0,0.0,47179.24265277809,5.848937945679684,,ecmwf_ifs025,bbmb,21.415318329056646,36.33038893778992
2026-09-01,Bhakra,3.9192875000000003,-0.35756337530235127,0.0,0.0,0.0,43949.76404678935,3.563910927509032,,ecmwf_ifs025,bbmb,15.92834760803475,35.990122681758486
2026-09-02,Bhakra,3.9542550000000003,-0.3485981862361853,0.0,0.0,0.0,48778.00446902965,1.2819559198441988,,ecmwf_ifs025,bbmb,12.61579929600714,27.059766969286365
2026-09-03,Bhakra,3.9542550000000003,-0.3543023800992092,0.0,0.0,0.0,45390.05175828792,2.667459095645192,,ecmwf_ifs025,bbmb,9.248148568943902,25.2145778770415
2026-09-04,Bhakra,4.07511,-0.3376364287061624,0.0,0.0,0.0,48364.71245433548,4.095537152735743,,ecmwf_ifs025,bbmb,6.717866954330522,20.179951478970867
2026-09-05,Bhakra,4.07511,-0.3413386156313858,0.0,0.0,0.0,43773.167229853716,0.8673928675414252,,ecmwf_ifs025,bbmb,2.3996585110973623,12.00305937235228
2026-09-06,Bhakra,4.1291,-0.33224486478615717,0.0,0.0,0.0,43646.25340379894,1.7792990557546162,,ecmwf_ifs025,bbmb,5.038542054787669,10.901245904060843
2026-09-07,Bhakra,4.1291,-0.3331689158421846,0.0,0.0,0.0,40957.55324948238,0.5884654569512089,,ecmwf_ifs025,bbmb,5.661732945943049,12.201191574204664
2026-09-08,Bhakra,4.1490963605640205,-0.33202035314997125,0.0,0.0,0.0,38414.3083714029,0.5470031588965614,,ecmwf_ifs025,model,4.148023771161449,12.7668646412704
2026-09-09,Bhakra,4.156792583142696,-0.32840711395586875,0.0,0.0,0.0,37059.91718723089,0.9489260757030474,,ecmwf_ifs025,model,9.485779799046503,17.49423967802833
2026-09-10,Bhakra,4.159312812299748,-0.3272690205748921,0.0,0.0,0.0,36050.77161795737,1.324242517518794,,ecmwf_ifs025,model,11.689983796977295,20.20373752450177
2026-09-11,Bhakra,4.167904961144894,-0.3258021920417552,0.0,0.0,0.0,40241.568841363514,3.952564825191307,,ecmwf_ifs025,model,9.372907504196906,
2024-06-01,Bhakra,1.79382,-0.7031950341976925,0.0,0.0,0.0,36166.64257327712,0.3155059003060927,,gfs_seamless,cwc,13.923558056936843,6.661381749102491
2024-06-02,Bhakra,1.80534,-0.7007609858134561,0.0,0.0,0.0,36359.359137595675,0.3629538378627181,,gfs_seamless,cwc,13.258055589918632,6.641225628527061
2024-06-03,Bhakra,1.81109,-0.7014235205931433,0.0,0.0,0.0,37981.53265845541,2.228314501746087,,gfs_seamless,cwc,10.911429525972999,6.526609615418059
2024-06-04,Bhakra,1.81742,-0.7015068501402455,0.0,0.0,0.0,41382.16725008153,4.589011708773194,,gfs_seamless,cwc,8.335814758806002,4.696012835006848
2024-06-05,Bhakra,1.82807,-0.703023203216973,0.0,0.0,0.0,39918.71584177051,2.999810511233062,,gfs_seamless,cwc,4.5230062893408896,3.36596572710541
2024-06-06,Bhakra,1.85915,-0.6974249485975019,0.0,0.0,0.0,38124.599869918165,0.0840469454858708,,gfs_seamless,cwc,5.019929395764238,0.2594983127549093
2024-06-07,Bhakra,1.88015,-0.6953016858109207,0.0,0.0,0.0,36970.73634648034,0.7320986992050499,,gfs_seamless,cwc,4.799232406883861,0.2677839394010058
2024-06-08,Bhakra,1.89569,-0.6937224755973862,0.0,0.0,0.0,37947.07030974977,2.327408695988357,,gfs_seamless,cwc,4.150602277102473,0.2677839394010058
2024-06-09,Bhakra,1.91151,-0.6931504799181033,0.0,0.0,0.0,35931.778515959864,0.8209325135933169,,gfs_seamless,cwc,1.517176147309128,0.2119697282571223
2024-06-10,Bhakra,1.91813,-0.6922217721200744,0.0,0.0,0.0,35810.72664994343,0.6865067089628071,,gfs_seamless,cwc,1.601488692255796,0.2176471784996527
2024-06-11,Bhakra,1.92101,-0.6915415729260468,0.0,0.0,0.0,35351.25438976809,0.0517905751065784,,gfs_seamless,cwc,1.843251691209662,0.19555497746753803
2024-06-12,Bhakra,1.91669,-0.6923607006107133,0.0,0.0,0.0,35305.02474349436,0.1461669504838375,,gfs_seamless,cwc,1.0666040419948752,0.12232478976685779
2024-06-13,Bhakra,1.91612,-0.6920356432707446,0.0,0.0,0.0,35381.81042250225,0.3559523798895582,,gfs_seamless,cwc,1.0549413707385362,1.3868596921340257
2024-06-14,Bhakra,1.90605,-0.6925076851741649,0.0,0.0,0.0,35420.317214166695,0.2679839364825053,,gfs_seamless,cwc,1.831365357453789,3.3878509979595792
2024-06-15,Bhakra,1.90403,-0.6910461478419233,0.0,0.0,0.0,35519.218315710335,0.0924365114425915,,gfs_seamless,cwc,3.53646026738811,7.973811411862268
2024-06-16,Bhakra,1.9164,-0.6864657991589099,0.0,0.0,0.0,35896.33580769052,0.1500456574886026,,gfs_seamless,cwc,6.67426707455188,8.026730285727359
2024-06-17,Bhakra,1.91583,-0.6855086788713797,0.0,0.0,0.0,36702.23451290868,0.5114729224212411,,gfs_seamless,cwc,7.426295153994709,8.315694434162468
2024-06-18,Bhakra,1.93022,-0.68375120453511,0.0,0.0,0.0,39903.011475062216,2.246086123628564,,gfs_seamless,cwc,6.068296002748497,7.682515252484387
2024-06-19,Bhakra,1.94029,-0.6839767710561923,0.0,0.0,0.0,39640.06285464515,1.3962467234808218,,gfs_seamless,cwc,3.4826427288028268,9.318650409057707
2024-06-20,Bhakra,1.95122,-0.6809566317329305,0.0,0.0,0.0,43017.34861369983,3.257109306686622,,gfs_seamless,cwc,4.14845964539823,6.000036865233858
2024-06-21,Bhakra,1.95813,-0.6826274604633858,0.0,0.0,0.0,38879.697078522506,1.6811708090025677,,gfs_seamless,cwc,2.1485480724543704,7.738786404840028
2024-06-22,Bhakra,1.96589,-0.681840475530448,0.0,0.0,0.0,37644.28848516475,0.911068924001369,,gfs_seamless,cwc,1.4154146202634172,12.836191001693141
2024-06-23,Bhakra,1.9541,-0.6818536364082528,0.0,0.0,0.0,37598.59561491486,1.4878702502092491,,gfs_seamless,cwc,4.2501436449608505,17.127264458848828
2024-06-24,Bhakra,1.93568,-0.6778526251109287,0.0,0.0,0.0,39317.33833122152,1.3141060620840153,,gfs_seamless,cwc,12.87117796941654,16.04435404390536
2024-06-25,Bhakra,1.92245,-0.6688667145334141,0.0,0.0,0.0,39837.810401556315,2.265271538136649,,gfs_seamless,cwc,26.96206540621077,18.527210004086847
2024-06-26,Bhakra,1.91957,-0.6573151694277741,0.0,0.0,0.0,43821.80434010551,5.099206667899212,,gfs_seamless,cwc,37.97683940484452,22.908178182028532
2024-06-27,Bhakra,1.919,-0.6553655025599869,0.0,0.0,0.0,43468.99949246328,2.0796767834086767,,gfs_seamless,cwc,35.56126129098535,22.92506659147796
2024-06-28,Bhakra,1.93424,-0.6499832126275007,0.0,0.0,0.0,45693.64454055421,2.3046575762105497,,gfs_seamless,cwc,35.27444444491889,24.290001152179073
2024-06-29,Bhakra,1.9518,-0.6510963529294653,0.0,0.0,0.0,45599.67928791492,2.8364579849988822,,gfs_seamless,cwc,31.421411578552803,29.38881879192516
2024-06-30,Bhakra,1.96273,-0.6502899485712397,0.0,0.0,0.0,48313.698706431875,3.9949864331756624,,gfs_seamless,cwc,29.90208805620673,33.04420485817817
2024-07-01,Bhakra,1.98518,-0.6316255998893118,0.0,0.0,0.0,49788.17155376761,3.433436924562807,,gfs_seamless,cwc,44.72934467442711,38.87026643169089
2024-07-02,Bhakra,2.02805,-0.629739983201883,0.0,0.0,0.0,53005.93771894504,5.295292413070376,,gfs_seamless,cwc,37.573609676585086,38.35148946059729
2024-07-03,Bhakra,2.06028,-0.622252505899312,0.0,0.0,0.0,53330.278206442876,4.369439017839786,,gfs_seamless,cwc,37.49621558128905,38.22715366003995
2024-07-04,Bhakra,2.09193,-0.6271536427078143,0.0,0.0,0.0,57951.65991303916,7.356728974469347,,gfs_seamless,cwc,27.682915579119218,31.9784560254585
2024-07-05,Bhakra,2.13336,-0.6331625521816823,0.0,0.0,0.0,59548.25599240283,8.15463356648509,,gfs_seamless,cwc,14.797349664785738,24.788296470317594
2024-07-06,Bhakra,2.18026,-0.6283130903406524,0.0,0.0,0.0,56037.765080373705,3.0282670878269995,,gfs_seamless,cwc,12.200970698586174,17.27985757542152
2024-07-07,Bhakra,2.21076,-0.6284939918600335,0.0,0.0,0.0,49387.80167187753,2.49633263136926,,gfs_seamless,cwc,11.797502468415603,14.087036347851821
2024-07-08,Bhakra,2.22803,-0.6269046640879494,0.0,0.0,0.0,46497.9995552099,0.4948102234113594,,gfs_seamless,cwc,10.988211316015931,9.296184886382838
2024-07-09,Bhakra,2.24673,-0.6267345764894198,0.0,0.0,0.0,42100.414004455786,1.04360277158132,,gfs_seamless,cwc,11.70013963331244,11.282156244812075
2024-07-10,Bhakra,2.26227,-0.6269451604783783,0.0,0.0,0.0,41368.651463997965,2.3388631341621395,,gfs_seamless,cwc,10.196751236303875,14.007396516589266
2024-07-11,Bhakra,2.27723,-0.6287669860233773,0.0,0.0,0.0,41733.66161186691,1.9423343492941312,,gfs_seamless,cwc,4.0187861749473885,12.564245930743326
2024-07-12,Bhakra,2.29162,-0.6278286287113212,0.0,0.0,0.0,40273.96533775936,1.5711261304570998,,gfs_seamless,cwc,4.20647817754481,14.96995295315428
2024-07-13,Bhakra,2.30485,-0.6220482727255321,0.0,0.0,0.0,40395.86301798792,2.454445587666126,,gfs_seamless,cwc,11.072589444718389,19.493488781289447
2024-07-14,Bhakra,2.31867,-0.6162567176675766,0.0,0.0,0.0,39132.83104230921,0.9199472628350146,,gfs_seamless,cwc,15.270266092813987,19.540974282099935
2024-07-15,Bhakra,2.31665,-0.6155021485345208,0.0,0.0,0.0,39352.84681299282,1.4542712410767038,,gfs_seamless,cwc,14.595191440636713,20.474066349409767
2024-07-16,Bhakra,2.30629,-0.6166700442991387,0.0,0.0,0.0,39942.745707937414,1.6374378946558603,,gfs_seamless,cwc,14.982387885295358,22.87518879248036
2024-07-17,Bhakra,2.30094,-0.6198700428144376,0.0,0.0,0.0,40997.415274445135,1.507015354152477,,gfs_seamless,cwc,11.099699252521418,30.30468979819817
2024-07-18,Bhakra,2.29478,-0.6162270022787284,0.0,0.0,0.0,42702.368361120185,0.9241695742222312,,gfs_seamless,cwc,14.22396258713788,26.890466634204653
2024-07-19,Bhakra,2.2991,-0.6139168481125724,0.0,0.0,0.0,42858.038777403206,1.512212847390413,,gfs_seamless,cwc,16.721242681749906,26.73941690499886
2024-07-20,Bhakra,2.29766,-0.6093630364109403,0.0,0.0,0.0,44223.50155882591,2.8235196056652487,,gfs_seamless,cwc,21.853931828837744,28.834828113994124
2024-07-21,Bhakra,2.31205,-0.6025262537553028,0.0,0.0,0.0,49064.16781453162,6.19679274628756,,gfs_seamless,cwc,25.821172331371724,34.19669293985585
2024-07-22,Bhakra,2.32989,-0.5929246229803615,0.0,0.0,0.0,51913.090852173256,3.509467548481462,,gfs_seamless,cwc,29.7477196195071,29.84585060270371
2024-07-23,Bhakra,2.36039,-0.5907087899686835,0.0,0.0,0.0,46580.60182210719,3.2779938435267715,,gfs_seamless,cwc,30.136998383346466,32.80902702499725
2024-07-24,Bhakra,2.38205,-0.5863569062141767,0.0,0.0,0.0,44205.46667569988,1.4720317615421854,,gfs_seamless,cwc,32.029459414946814,38.75947426351051
2024-07-25,Bhakra,2.41714,-0.5842010072085482,0.0,0.0,0.0,44179.638513767364,1.392439224691012,,gfs_seamless,cwc,26.590115787391106,36.6293225909235
2024-07-26,Bhakra,2.4335,-0.564685217919649,0.0,0.0,0.0,56946.37363588703,7.32021641397293,,gfs_seamless,cwc,37.391466593060926,28.699250900234635
2024-07-27,Bhakra,2.4703,-0.5448786871569802,0.0,0.0,0.0,56756.127135795854,8.578559619868859,,gfs_seamless,cwc,52.83765480314649,33.51171374136387
2024-07-28,Bhakra,2.50199,-0.5442537703725258,0.0,0.0,0.0,60550.199706680694,11.042661732410286,,gfs_seamless,cwc,46.76218955188202,32.218429387549
2024-07-29,Bhakra,2.56467,-0.5208529954494335,0.0,0.0,0.0,64516.06800676812,11.230140913857008,,gfs_seamless,cwc,55.81001109869988,31.64884190985918
2024-07-30,Bhakra,2.60249,-0.5195370414818804,0.0,0.0,0.0,53539.91778592302,6.909791131497186,,gfs_seamless,cwc,53.18313362492283,28.72534005032632
2024-07-31,Bhakra,2.63009,-0.5419389968610862,0.0,0.0,0.0,53853.26734537581,8.999776900334549,,gfs_seamless,cwc,33.16488328354453,29.03494926987373
2024-08-01,Bhakra,2.66348,-0.5233821698251225,0.0,0.0,0.0,62032.49214363173,11.010845649663274,,gfs_seamless,cwc,39.48470995238543,20.005711509001163
2024-08-02,Bhakra,2.72515,-0.5260302860105884,0.0,0.0,0.0,58116.215770075,10.99093414425951,,gfs_seamless,cwc,32.40001792141341,26.63489749140067
2024-08-03,Bhakra,2.73401,-0.5257186805808926,0.0,0.0,0.0,50220.53590361795,3.074050585275633,,gfs_seamless,cwc,31.86499051702212,24.662082873798653
2024-08-04,Bhakra,2.75888,-0.5234156324500453,0.0,0.0,0.0,47782.57814638574,5.365444351488408,,gfs_seamless,cwc,34.57545306687709,31.566151941111848
2024-08-05,Bhakra,2.7783,-0.5158163727055495,0.0,0.0,0.0,53748.89803283809,9.371127966460682,,gfs_seamless,cwc,40.726581011600736,32.83877158655154
2024-08-06,Bhakra,2.7909,-0.5058288864630464,0.0,0.0,0.0,52096.53385362017,10.954757203664856,,gfs_seamless,cwc,50.33285290463339,40.31554640959822
2024-08-07,Bhakra,2.83077,-0.4937710657181212,0.0,0.0,0.0,52021.27888203509,5.956803749887876,,gfs_seamless,cwc,47.10755972727314,36.7427077651891
2024-08-08,Bhakra,2.89107,-0.4916807551583394,0.0,0.0,0.0,57175.87727754226,11.276307464534568,,gfs_seamless,cwc,39.277599681117636,33.367037058264884
2024-08-09,Bhakra,2.949,-0.4887324649047928,0.0,0.0,0.0,56973.52247467279,9.06183089071754,,gfs_seamless,cwc,33.99145053094081,27.312022857325605
2024-08-10,Bhakra,3.00113,-0.4775461090749743,0.0,0.0,0.0,59190.81692974642,12.077482320508244,,gfs_seamless,cwc,36.797588694596435,26.963801078868382
2024-08-11,Bhakra,3.2105658948863662,-0.43383144459699874,0.0,0.0,0.0,55591.710812582336,5.550168805584963,,gfs_seamless,cwc_level,45.8748631546571,18.561770416510605
2024-08-12,Bhakra,3.15199,-0.4512919030770592,0.0,0.0,0.0,61251.61388166122,11.573790552049797,,gfs_seamless,cwc,36.60344484732584,16.35940213976672
2024-08-13,Bhakra,3.20729,-0.4544370184175591,0.0,0.0,0.0,49828.00643379291,5.4844021364871125,,gfs_seamless,cwc,30.378327868085066,14.274478556675597
2024-08-14,Bhakra,3.24196,-0.454132914171919,0.0,0.0,0.0,48455.785646332006,6.526836010372763,,gfs_seamless,cwc,29.494434362813813,20.263533062412804
2024-08-15,Bhakra,3.2675901896418926,-0.44232309034572065,0.0,0.0,0.0,48784.47417374663,7.041475984626794,,gfs_seamless,model,37.66846970887157,23.262097258952426
2024-08-16,Bhakra,3.34205,-0.44271079132608177,0.0,0.0,0.0,44095.22557470992,4.830932922327309,,gfs_seamless,cwc,24.798294542873357,26.180808101422237
2024-08-17,Bhakra,3.38918,-0.43566740128377734,0.0,0.0,0.0,46351.21826041126,5.813636903004324,,gfs_seamless,cwc,22.169383134238224,23.293836490415703
2024-08-18,Bhakra,3.43592,-0.43551288873713906,0.0,0.0,0.0,41772.846056870694,3.775160431972441,,gfs_seamless,cwc,15.273506188865312,27.763173244707744
2024-08-19,Bhakra,3.48265,-0.4314505971889766,0.0,0.0,0.0,44573.2244858782,2.3881274265669425,,gfs_seamless,cwc,7.70332817376218,22.151405039516405
2024-08-20,Bhakra,3.52511,-0.42616237030879167,0.0,0.0,0.0,44493.50957878186,1.7856942288585067,,gfs_seamless,cwc,5.678437484873838,20.102442154431873
2024-08-21,Bhakra,3.54964,-0.421493493443607,0.0,0.0,0.0,43205.297693427674,0.9125514095558442,,gfs_seamless,cwc,8.61426188560984,16.317803847408676
2024-08-22,Bhakra,3.57574,-0.4133189329316015,0.0,0.0,0.0,40483.638412026594,0.9784610773257568,,gfs_seamless,cwc,15.865811641481535,21.6546119574591
2024-08-23,Bhakra,3.603090436928462,-0.4030923495548505,0.0,0.0,0.0,44832.54735330441,3.5940190611329825,,gfs_seamless,model,19.32051963015825,21.46404652859359
2024-08-24,Bhakra,3.6227004254526816,-0.4035222463463527,0.0,0.0,0.0,43901.070395915085,4.725413926618938,,gfs_seamless,model,16.481543568190293,23.068306934972583
2024-08-25,Bhakra,3.6456111331438414,-0.39779774244370314,0.0,0.0,0.0,45920.96503287997,5.132038274114716,,gfs_seamless,model,18.431816323407112,24.415980440151717
2024-08-26,Bhakra,3.66129556434425,-0.39632712917063184,0.0,0.0,0.0,41372.991051718236,3.391992210221092,,gfs_seamless,model,19.532452558812583,25.08559284271828
2024-08-27,Bhakra,3.6877025379161776,-0.39197715424894475,0.0,0.0,0.0,47258.073684684634,4.021030272050317,,gfs_seamless,model,15.076296724107712,18.11670323487698
2024-08-28,Bhakra,3.7220467493567115,-0.39107529218573767,0.0,0.0,0.0,46975.945454973815,4.891610286541937,,gfs_seamless,model,10.354751742233487,21.57182102346723
2024-08-29,Bhakra,3.75,-0.3898486930819739,0.0,0.0,0.0,43268.06715222073,2.267868726287462,,gfs_seamless,cwc,8.22645368300572,27.066329296156642
2024-08-30,Bhakra,3.782503256823248,-0.3797707294449891,0.0,0.0,0.0,42870.74238732932,1.1853653513208384,,gfs_seamless,model,13.960655075985132,29.75553914538093
2024-08-31,Bhakra,3.803802274828036,-0.37841914284738565,0.0,0.0,0.0,40815.77606114332,1.9648186080864831,,gfs_seamless,model,12.185489943377736,28.96856130955708
2024-09-01,Bhakra,3.813600367118035,-0.3785327220394515,0.0,0.0,0.0,41083.27077270714,3.4069595210118995,,gfs_seamless,model,11.425048922896671,33.885164340942374
2024-09-02,Bhakra,3.8437354828209633,-0.367896914834558,0.0,0.0,0.0,47770.36746256434,5.475450633104887,,gfs_seamless,model,15.219474753922157,29.68711756530879
2024-09-03,Bhakra,3.88583153336034,-0.36230203073727935,0.0,0.0,0.0,47241.514103689056,2.8065844522636576,,gfs_seamless,model,10.817859610316203,26.320655302526514
2024-09-04,Bhakra,3.935340238356731,-0.34967277814107256,0.0,0.0,0.0,51525.527625758106,4.540296905456725,,gfs_seamless,model,13.728479020088022,17.897222072681153
2024-09-05,Bhakra,3.90761,-0.36274338177644694,0.0,0.0,0.0,46183.49603492478,4.681325510741847,,gfs_seamless,cwc,8.864269740056445,22.45384580451859
2024-09-06,Bhakra,4.1291,-0.3291286926279134,0.0,0.0,0.0,46819.88897497244,4.177541674273016,,gfs_seamless,cwc_level,6.585403371733242,19.797537673491
2024-09-07,Bhakra,3.96582,-0.35851507189346465,0.0,0.0,0.0,41477.93502438347,1.1542437786552908,,gfs_seamless,cwc,4.567983994706723,17.834669847334958
2024-09-08,Bhakra,3.99135,-0.3497385188148109,0.0,0.0,0.0,42849.176499761554,1.5826051547760736,,gfs_seamless,cwc,11.078380110732372,22.407899531493648
2024-09-09,Bhakra,4.01752,-0.31086494364340217,0.0,0.0,0.0,41001.32194827799,3.308314173361514,,gfs_seamless,cwc,53.53084197610349,38.58508231797262
2024-09-10,Bhakra,4.04587,-0.2757773958528403,0.0,0.0,0.0,44580.83455657595,4.065038854765404,,gfs_seamless,cwc,77.70411896728724,34.726510575716254
2024-09-11,Bhakra,4.06724,-0.3010432378425239,0.0,0.0,0.0,56940.64818276374,17.04363898316145,,gfs_seamless,cwc,44.21742685301575,33.63914478815298
2024-09-12,Bhakra,4.086,-0.32653739944501753,0.0,0.0,0.0,54291.09333691747,14.303895553210989,,gfs_seamless,cwc,17.95374653609591,30.84389868265474
2024-09-13,Bhakra,4.09908,-0.3328512268012954,0.0,0.0,0.0,45398.783773300835,2.138357200668245,,gfs_seamless,cwc,5.635803490479588,24.018097833861773
2024-09-14,Bhakra,4.11434,-0.325746592172717,0.0,0.0,0.0,54790.403914219954,1.271002314723077,,gfs_seamless,cwc,3.227166572531052,17.117574659343322
2024-09-15,Bhakra,4.13048,-0.3213137143531153,0.0,0.0,0.0,43850.68268003666,0.1876542034370376,,gfs_seamless,cwc,11.551419733436353,15.35100052678607
2024-09-16,Bhakra,4.14574,-0.3054546189418699,0.0,0.0,0.0,42516.73043379753,0.8282068102380068,,gfs_seamless,cwc,25.656599231510253,13.691764252402658
2024-09-17,Bhakra,4.15534,-0.3192792538604055,0.0,0.0,0.0,52555.93495893737,12.078088512218766,,gfs_seamless,cwc,12.942328837401783,14.950481864170364
2024-09-18,Bhakra,4.16188,-0.32707782038147093,0.0,0.0,0.0,40760.73680335074,2.113515951901676,,gfs_seamless,cwc,2.378772002397131,11.32459409105891
2024-09-19,Bhakra,4.16406,-0.3244791141075066,0.0,0.0,0.0,43545.23232203127,0.0200604507089904,,gfs_seamless,cwc,1.7969715877863772,1.320017656123935
2024-09-20,Bhakra,4.17628,-0.325062452542353,0.0,0.0,0.0,38406.03532891191,0.0191102354016657,,gfs_seamless,cwc,1.9522333547352617,2.155952198488297
2024-09-21,Bhakra,4.18194,-0.32459096718780484,0.0,0.0,0.0,38600.66591424225,0.0793876225488721,,gfs_seamless,cwc,2.7501348181698537,9.281907585490792
2024-09-22,Bhakra,4.18412,-0.32364003796719965,0.0,0.0,0.0,37786.82833967828,0.379710840692842,,gfs_seamless,cwc,4.711578692530226,9.955744713146037
2024-09-23,Bhakra,4.185,-0.32350670647425467,0.0,0.0,0.0,37841.18678595903,0.777366799784043,,gfs_seamless,cwc,5.652907730883179,11.591256772167387
2024-09-24,Bhakra,4.18674,-0.3245817391550825,0.0,0.0,0.0,38075.59783922642,1.1092617763423924,,gfs_seamless,cwc,4.717260750975152,12.133344497774665
2024-09-25,Bhakra,4.185,-0.3248863134632004,0.0,0.0,0.0,39316.504768383646,3.138476323530538,,gfs_seamless,cwc,5.623152909559127,11.284745814222648
2025-06-01,Bhakra,1.41856,-0.7643605748918073,0.0,0.0,0.0,39039.31875029997,2.6261485531845423,,gfs_seamless,cwc,13.22655048270398,11.051833650642294
2025-06-02,Bhakra,1.41763,-0.7684862412705435,0.0,0.0,0.0,38018.59934841567,2.6610011374294498,,gfs_seamless,cwc,8.223552638203234,10.671199087667784
2025-06-03,Bhakra,1.40487,-0.771450922805266,0.0,0.0,0.0,37614.846847688306,2.0054902834071444,,gfs_seamless,cwc,5.738106001996628,8.351369236472175
2025-06-04,Bhakra,1.38098,-0.7747595389122918,0.0,0.0,0.0,39544.12510558222,1.399447619108987,,gfs_seamless,cwc,2.5790500851296274,2.4519088510242573
2025-06-05,Bhakra,1.35941,-0.7791462640891923,0.0,0.0,0.0,37138.98983988621,0.1460902963639716,,gfs_seamless,cwc,0.4632944495205179,0.9494583604041413
2025-06-06,Bhakra,1.3656861677488468,-0.776859590727018,0.0,0.0,0.0,36676.88668353656,0.0726099474052903,,gfs_seamless,model,1.1590671230875826,2.681500023893417
2025-06-07,Bhakra,1.3696580446064501,-0.7752438540829957,0.0,0.0,0.0,36091.68140469794,0.0817033121465766,,gfs_seamless,model,0.9661573962783163,5.6470889372232325
2025-06-08,Bhakra,1.3721396555184018,-0.7733727295168102,0.0,0.0,0.0,37175.46567296728,0.0229719331724197,,gfs_seamless,model,1.517179493260684,7.026273723542047
2025-06-09,Bhakra,1.3774502391266437,-0.7723781769236109,0.0,0.0,0.0,38017.23155726248,0.0055376002858731,,gfs_seamless,model,0.40209776024254185,9.541995691752659
2025-06-10,Bhakra,1.3855717106806777,-0.7707425403770196,0.0,0.0,0.0,39387.04257414872,0.0072738230877411,,gfs_seamless,model,0.28408450010455133,10.963537212885207
2025-06-11,Bhakra,1.4010328810143557,-0.7681032053954369,0.0,0.0,0.0,40468.99922408421,0.0046757615737027,,gfs_seamless,model,0.30479488831761015,10.46448166277361
2025-06-12,Bhakra,1.239,-0.7941856889924093,0.0,0.0,0.0,40891.382019910474,0.0445630519146121,,gfs_seamless,cwc,0.5093697550899319,14.469348575447025
2025-06-13,Bhakra,1.26575,-0.7902398053041404,0.0,0.0,0.0,40351.38420147202,0.1216201609806387,,gfs_seamless,cwc,1.505913030024249,18.611960101282506
2025-06-14,Bhakra,1.27475,-0.7845706962447792,0.0,0.0,0.0,40997.519862996975,0.295492541342201,,gfs_seamless,cwc,7.916017256415217,17.309566484075237
2025-06-15,Bhakra,1.28695,-0.7788007096821382,0.0,0.0,0.0,46479.07969422373,6.911102088514237,,gfs_seamless,cwc,13.787938714122873,17.133742379617946
2025-06-16,Bhakra,1.30351,-0.7768928654472615,0.0,0.0,0.0,44631.84869046884,5.347397294134416,,gfs_seamless,cwc,13.64221658111525,17.55037886020275
2025-06-17,Bhakra,1.30778,-0.7743996621204849,0.0,0.0,0.0,44473.78353089066,2.307750586249919,,gfs_seamless,cwc,13.729740273033539,12.224041829783712
2025-06-18,Bhakra,1.32684,-0.7648356726035312,0.0,0.0,0.0,44054.556099701935,1.210834924762864,,gfs_seamless,cwc,19.38117530003036,12.587665922322518
2025-06-19,Bhakra,1.34967,-0.7531781825220742,0.0,0.0,0.0,44204.66958804001,3.915444605734148,,gfs_seamless,cwc,28.401745344595568,14.577231016823777
2025-06-20,Bhakra,1.34295,-0.7555025928037369,0.0,0.0,0.0,42898.42082731776,2.856893077478538,,gfs_seamless,cwc,28.805379331343037,15.971772898683195
2025-06-21,Bhakra,1.33854,-0.7477419588178412,0.0,0.0,0.0,46685.283802694736,5.225061398405132,,gfs_seamless,cwc,40.301292562046754,21.42891256606949
2025-06-22,Bhakra,1.35014,-0.7454878683592885,0.0,0.0,0.0,45054.97862849616,3.2507348381135883,,gfs_seamless,cwc,39.139287157830374,28.014421213042738
2025-06-23,Bhakra,1.37658,-0.7303452693486892,0.0,0.0,0.0,50465.07637473596,5.93405736956117,,gfs_seamless,cwc,45.26947847833113,34.83160660082272
2025-06-24,Bhakra,1.41021,-0.7328374934555325,0.0,0.0,0.0,53571.72484394012,11.125464317736222,,gfs_seamless,cwc,39.349638992399704,46.391309832493825
2025-06-25,Bhakra,1.44824,-0.728519934940078,0.0,0.0,0.0,49602.51493827353,6.796306294616008,,gfs_seamless,cwc,40.65755129834762,57.67247036305541
2025-06-26,Bhakra,1.48489,-0.7272156052893364,0.0,0.0,0.0,49645.29527268009,3.1186315120242543,,gfs_seamless,cwc,33.11593414328912,64.30721488929169
2025-06-27,Bhakra,1.50785,-0.7223217882120178,0.0,0.0,0.0,52865.282780249945,5.95245901626618,,gfs_seamless,cwc,32.610497934651264,58.968565565190254
2025-06-28,Bhakra,1.54217,-0.7090166430642565,0.0,0.0,0.0,59006.23725645964,6.251783390238453,,gfs_seamless,cwc,35.62704441036476,57.184267932576205
2025-06-29,Bhakra,1.583,-0.7038964190097764,0.0,0.0,0.0,64574.135195397335,6.361824998426978,,gfs_seamless,cwc,26.19098828113463,49.67569468109228
2025-06-30,Bhakra,1.64579,-0.6967727275033195,0.0,0.0,0.0,67197.41615876045,4.984841647796524,,gfs_seamless,cwc,20.49452274717219,36.59804566894252
2025-07-01,Bhakra,1.7029,-0.690522397062544,0.0,0.0,0.0,68250.76472964458,4.092436387230936,,gfs_seamless,cwc,17.22126930574262,23.845890704057204
2025-07-02,Bhakra,1.76529,-0.6889328470161025,0.0,0.0,0.0,56487.80624764563,4.881248720765479,,gfs_seamless,cwc,24.26940390475653,27.495776210572068
2025-07-03,Bhakra,1.82231,-0.6779656251662629,0.0,0.0,0.0,54640.81573782633,1.165344838541729,,gfs_seamless,cwc,23.68927888416942,21.513163455377704
2025-07-04,Bhakra,1.87152,-0.6613884847779397,0.0,0.0,0.0,50593.18684376862,2.340023581583403,,gfs_seamless,cwc,32.03357954283668,20.17074227868355
2025-07-05,Bhakra,1.91632,-0.6630527819226747,0.0,0.0,0.0,53727.28074477946,7.852440524255497,,gfs_seamless,cwc,26.52875287574252,26.774902822920264
2025-07-06,Bhakra,1.96014,-0.6535371895803495,0.0,0.0,0.0,57866.71663280686,14.758781067519257,,gfs_seamless,cwc,32.81970664156248,30.267597538253515
2025-07-07,Bhakra,2.00992,-0.6557289187005015,0.0,0.0,0.0,53758.24917212515,9.272477091391488,,gfs_seamless,cwc,20.40851097897148,29.464685628232473
2025-07-08,Bhakra,2.03283,-0.6518166399360323,0.0,0.0,0.0,53634.378689057245,10.534195636545364,,gfs_seamless,cwc,22.356503375044277,26.496557215047584
2025-07-09,Bhakra,2.06229,-0.6485678124202969,0.0,0.0,0.0,52060.10784902452,8.761826318175851,,gfs_seamless,cwc,21.837667410629823,24.876533045027816
2025-07-10,Bhakra,2.09423,-0.6477680837841624,0.0,0.0,0.0,47490.7019903141,3.4462420791292727,,gfs_seamless,cwc,15.272787636064663,20.646668153891838
2025-07-11,Bhakra,2.12972849317981,-0.6356618460126423,0.0,0.0,0.0,44505.206092251654,1.772487990964534,,gfs_seamless,model,24.858491700933897,17.30352064294501
2025-07-12,Bhakra,2.165758882261856,-0.6215224478311574,0.0,0.0,0.0,50069.285570015636,6.179631314178375,,gfs_seamless,model,33.36955126636312,14.870299039066309
2025-07-13,Bhakra,2.1892625213425823,-0.6178974533680046,0.0,0.0,0.0,43595.11326064901,3.608221798703597,,gfs_seamless,model,35.65182878959972,21.255134872676326
2025-07-14,Bhakra,2.2124331466541185,-0.5936925436065186,0.0,0.0,0.0,45524.02884387154,4.798682809110324,,gfs_seamless,model,52.653464055494375,17.47724715496608
2025-07-15,Bhakra,2.2345065852628543,-0.609659099867633,0.0,0.0,0.0,46477.41171539794,6.352230354247385,,gfs_seamless,model,33.54336571751236,14.533116810318184
2025-07-16,Bhakra,2.2494599727845013,-0.6124708557161891,0.0,0.0,0.0,53216.01986791299,13.570653547793569,,gfs_seamless,model,31.344145848242796,31.446965111696098
2025-07-17,Bhakra,2.2663810769492927,-0.5967034421149096,0.0,0.0,0.0,51514.885828747145,11.872803457524682,,gfs_seamless,model,44.836970082496364,37.39283468671549
2025-07-18,Bhakra,2.297634266150186,-0.5904651192090058,0.0,0.0,0.0,45029.43445342787,2.011232797995319,,gfs_seamless,model,40.60236040579485,33.45485602173065
2025-07-19,Bhakra,2.317948477256716,-0.5779801662928914,0.0,0.0,0.0,52788.87357582077,13.007799494590538,,gfs_seamless,model,48.4502718469191,36.19238766115189
2025-07-20,Bhakra,2.327986310531218,-0.5866437590413635,0.0,0.0,0.0,56073.17619100931,17.29405097576605,,gfs_seamless,model,41.0226774234481,37.4278190300973
2025-07-21,Bhakra,2.3829934468753646,-0.589944516065462,0.0,0.0,0.0,58579.63921319961,6.820332144304298,,gfs_seamless,model,19.575230328201762,23.821818240260907
2025-07-22,Bhakra,2.4486481759708725,-0.5836676519457197,0.0,0.0,0.0,55599.17637401099,5.268276303555751,,gfs_seamless,model,18.256627904995327,18.811834781427535
2025-07-23,Bhakra,2.4960786079081463,-0.5719939931601381,0.0,0.0,0.0,48404.38935935335,1.975399341453076,,gfs_seamless,model,31.27596079367681,16.622566004658182
2025-07-24,Bhakra,2.53317988693303,-0.5653850024755097,0.0,0.0,0.0,46130.34780976997,2.941865046594707,,gfs_seamless,model,31.373355543413027,22.549851964601338
2025-07-25,Bhakra,2.556699831009071,-0.5608387404526256,0.0,0.0,0.0,41714.769532920145,1.9187289521888768,,gfs_seamless,model,33.22171530322961,27.548959509111114
2025-07-26,Bhakra,2.583943024776455,-0.5466727838815255,0.0,0.0,0.0,46170.601964609,5.354344906353538,,gfs_seamless,model,39.52713211544062,28.95161003386478
2025-07-27,Bhakra,2.608038015200878,-0.5593160587716309,0.0,0.0,0.0,45657.03716707594,5.404795051345416,,gfs_seamless,model,22.580324279377344,32.593313423984206
2025-07-28,Bhakra,2.6253544421328083,-0.5579764087541745,0.0,0.0,0.0,49456.3391843914,9.245842882266333,,gfs_seamless,model,22.354374371687953,38.6184852035052
2025-07-29,Bhakra,2.6605895986546337,-0.5517575553775795,0.0,0.0,0.0,48941.600518278916,4.802913431033827,,gfs_seamless,model,20.242183936738698,35.41634260472436
2025-07-30,Bhakra,2.7006793021175812,-0.5421507730312771,0.0,0.0,0.0,47612.169272223255,3.3258633903875023,,gfs_seamless,model,24.160411007839052,38.69336829092471
2025-07-31,Bhakra,2.741135821348484,-0.536683921685725,0.0,0.0,0.0,47035.06924249536,2.35485624305458,,gfs_seamless,model,24.07579851114473,42.19425059495718
2025-08-01,Bhakra,3.301,-0.43717916327281153,0.0,0.0,0.0,55450.98247352437,8.457677551735424,,gfs_seamless,press,32.36303569334582,56.17502165309023
2025-08-02,Bhakra,3.350360911981754,-0.42844428950342967,0.0,0.0,0.0,52957.04487939826,5.321675563262029,,gfs_seamless,model,31.07973298142101,52.684387258825865
2025-08-03,Bhakra,3.396666534750213,-0.4252616259042446,0.0,0.0,0.0,50127.41489167149,4.65083983578132,,gfs_seamless,model,26.18153056090065,47.09901188034692
2025-08-04,Bhakra,3.4523850831051264,-0.4184911771244076,0.0,0.0,0.0,59178.840887611186,9.02821824547384,,gfs_seamless,model,22.07414441165733,43.95550049615157
2025-08-05,Bhakra,3.514705799325312,-0.41242926082211956,0.0,0.0,0.0,52964.72581707098,3.982759235457059,,gfs_seamless,model,20.38572183878128,36.72812930651278
2025-08-06,Bhakra,3.8461975,-0.3409763833233902,0.0,0.0,0.0,63436.49998176555,1.6679532018602097,,gfs_seamless,press,27.901648292592384,20.386540576561178
2025-08-07,Bhakra,3.9288377982226237,-0.3383026339973943,0.0,0.0,0.0,51690.6767982392,2.174588844853701,,gfs_seamless,model,24.224757623267372,24.153291013999386
2025-08-08,Bhakra,3.9624497959540124,-0.3252815551301633,0.0,0.0,0.0,48997.72045369488,3.8778827983039066,,gfs_seamless,model,37.03498608072511,24.97061064480543
2025-08-09,Bhakra,4.008751765315363,-0.31026813860779656,0.0,0.0,0.0,58735.296853990556,11.053783655973769,,gfs_seamless,model,44.01658135978154,31.788112473451868
2025-08-10,Bhakra,4.035528388270308,-0.317928218355577,0.0,0.0,0.0,54579.75391145894,10.861747047847924,,gfs_seamless,model,35.55409484887654,41.60860839843413
2025-08-11,Bhakra,4.0650153453624,-0.31645079687677796,0.0,0.0,0.0,50715.00227694208,8.604962337278366,,gfs_seamless,model,30.854413909811562,46.50962082424365
2025-08-12,Bhakra,4.103251836197938,-0.31118341529873306,0.0,0.0,0.0,52110.831751622296,7.47296549163344,,gfs_seamless,model,28.386144480594798,47.87165134106084
2025-08-13,Bhakra,4.126579408612274,-0.30831971797155844,0.0,0.0,0.0,56316.012349646444,13.383401541707356,,gfs_seamless,model,29.99742454112625,51.553241624117966
2025-08-14,Bhakra,4.1800199526311905,-0.30191648048679,0.0,0.0,0.0,54118.815218425116,4.64102525157034,,gfs_seamless,model,22.69753873045672,40.67657407799418
2025-08-15,Bhakra,4.252520055766601,-0.28533037852993154,0.0,0.0,0.0,56334.85373239115,4.403393221855183,,gfs_seamless,model,24.019953690788363,34.76716753743476
2025-08-16,Bhakra,4.3267642708808935,-0.2796205655647163,0.0,0.0,0.0,60631.880742216075,6.081110170423445,,gfs_seamless,model,17.05274117081212,28.104920922454244
2025-08-17,Bhakra,4.404121014185751,-0.26963005528457645,0.0,0.0,0.0,56792.49265867212,4.41812623452318,,gfs_seamless,model,17.53025210269961,19.0792309537508
2025-08-18,Bhakra,4.459340141771682,-0.26731583808416737,0.0,0.0,0.0,49099.59520177618,2.324927424486397,,gfs_seamless,model,15.401630584667782,20.862129422266488
2025-08-19,Bhakra,4.983,-0.17372013110373485,0.0,0.0,0.0,48322.04455334487,4.804104294785012,,gfs_seamless,press,30.764959068182783,27.17679453594179
2025-08-20,Bhakra,5.022110282871866,-0.16221530365702078,0.0,0.0,0.0,47321.767218147594,4.066272932528967,,gfs_seamless,model,35.305038607118426,35.95405636880676
2025-08-21,Bhakra,5.051282620715198,-0.16046534728265024,0.0,0.0,0.0,42333.651530120886,2.3664418370950906,,gfs_seamless,model,33.37977626530245,47.28983536421502
2025-08-22,Bhakra,5.064540590531399,-0.16051065818485297,0.0,0.0,0.0,43868.56300409396,5.845744343604852,,gfs_seamless,model,31.745392382106758,50.81652073844538
2025-08-23,Bhakra,5.088575001396877,-0.1566488125758255,0.0,0.0,0.0,46336.01771654349,5.38767961248447,,gfs_seamless,model,30.860827897100137,49.515340429257876
2025-08-24,Bhakra,5.127273504724764,-0.1487862788441557,0.0,0.0,0.0,53688.690916708256,8.698705582541622,,gfs_seamless,model,29.02687166688205,56.07809180262995
2025-08-25,Bhakra,5.193625287402634,-0.12806833212122043,0.0,0.0,0.0,60245.55114650123,6.907738661930687,,gfs_seamless,model,32.09691819229962,56.64087648333073
2025-08-26,Bhakra,5.283538290083023,-0.10154637727910162,0.0,0.0,0.0,60404.916375052075,4.245503799964579,,gfs_seamless,model,40.446619053750176,53.94344206558898
2025-08-27,Bhakra,5.346261078718385,-0.08536506054125394,0.0,0.0,0.0,60223.0644510942,8.078027458306906,,gfs_seamless,model,45.72501654246991,77.17488710774288
2025-08-28,Bhakra,5.397174438797614,-0.07526789835089127,0.0,0.0,0.0,73264.04325871747,17.573265439499487,,gfs_seamless,model,46.114645035879164,88.41278062798254
2025-08-29,Bhakra,5.483816829151658,-0.07000984727815521,0.0,0.0,0.0,69345.24004469733,9.880860675780523,,gfs_seamless,model,33.88021857525581,87.18664341098022
2025-08-30,Bhakra,5.593440293506247,-0.04675681669367452,0.0,0.0,0.0,81741.53292744076,14.657092984498355,,gfs_seamless,model,33.86080338470562,82.30543174496472
2025-08-31,Bhakra,5.698291344869071,-0.009698580677773256,0.0,0.0,0.0,112600.39600768063,33.361412173216124,,gfs_seamless,model,45.35672577990076,73.58851956202102
2025-09-01,Bhakra,5.864413535741603,0.03576555448690496,0.2227836388989317,47618.86189572231,0.0,121859.39596496038,22.337603484323346,3.0,gfs_seamless,model,46.09912220785293,49.78495139779447
2025-09-02,Bhakra,5.482,-0.06822494973872147,0.0,0.0,0.0,90475.7172716594,9.45603061770808,,gfs_seamless,press,23.44812281831442,35.86629351754774
2025-09-03,Bhakra,5.793,-0.03210201979524153,0.0,0.0,0.0,83390.422132138,6.352020568519093,,gfs_seamless,press,15.958160214951386,24.110461666225653
2025-09-04,Bhakra,5.848187500000001,-0.02284341699902753,0.0,0.0,0.0,63941.059383342705,2.4113480702961927,,gfs_seamless,press,23.112038287312217,15.340091381545925
2025-09-05,Bhakra,5.848187500000001,-0.03490681066256058,0.0,0.0,0.0,57660.13626683776,5.009216186782042,,gfs_seamless,press,19.38245882179731,12.165665625139702
2025-09-06,Bhakra,5.848187500000001,-0.04858258182078206,0.0,0.0,0.0,47091.21957924638,2.8288728253886486,,gfs_seamless,press,10.676466288548271,10.292549835666154
2025-09-07,Bhakra,5.87728558968485,-0.0446350738099218,0.0,0.0,0.0,47847.91423725327,6.0347742222147405,,gfs_seamless,model,12.078052537417124,10.03685644532753
2025-09-08,Bhakra,5.897743589752271,-0.04752550269986739,0.0,0.0,0.0,41076.01830747761,2.101911081764384,,gfs_seamless,model,6.5386869360426845,11.52062730093379
2025-09-09,Bhakra,5.913183767833354,-0.04443738468683094,0.0,0.0,0.0,38952.275475458286,1.2741391675963465,,gfs_seamless,model,7.859090602972695,15.64874674228964
2025-09-10,Bhakra,5.920893347788657,-0.04345911523341488,0.0,0.0,0.0,37516.99345479781,1.3032450722809,,gfs_seamless,model,7.829152006618003,18.530780132496325
2025-09-11,Bhakra,5.928661332991214,-0.04148340811897852,0.0,0.0,0.0,38347.76513845245,1.5623913181950644,,gfs_seamless,model,8.110961162624235,26.17058887419484
2025-09-12,Bhakra,5.939009496334547,-0.038376464604150735,0.0,0.0,0.0,39969.841690949455,2.4566515867243672,,gfs_seamless,model,9.808629570052604,27.220558932310624
2025-09-13,Bhakra,5.955656341140527,-0.03569864827141422,0.0,0.0,0.0,41755.712260542816,2.148417467776877,,gfs_seamless,model,8.164844428585035,29.057586780133292
2025-09-14,Bhakra,5.9827508231798125,-0.031796435089393504,0.0,0.0,0.0,43375.17928669777,1.9160510303415328,,gfs_seamless,model,6.094538817055524,25.75693611117809
2025-09-15,Bhakra,5.4868181818181805,-0.11318071157806996,0.0,0.0,0.0,43371.8062869845,2.9019779464529,,gfs_seamless,bbmb,5.48686501690036,23.090743526442466
2025-09-16,Bhakra,5.52565999548663,-0.10718155196810145,0.0,0.0,0.0,45479.73174888906,1.41961638238435,,gfs_seamless,model,2.82543730558207,13.52807374861338
2025-09-17,Bhakra,5.557642571964606,-0.10578391459876384,0.0,0.0,0.0,41051.257117256304,0.642308451163295,,gfs_seamless,model,1.051600880614081,10.186909666300892
2025-09-18,Bhakra,5.5894593563968895,-0.10076026683273824,0.0,0.0,0.0,42087.90456242071,0.2592280198833366,,gfs_seamless,model,0.6071956357302134,4.070455324533801
2025-09-19,Bhakra,5.615847940925877,-0.0981853717909948,0.0,0.0,0.0,38640.020075574874,0.2565818147067149,,gfs_seamless,model,0.5419042043201049,1.152597942820283
2025-09-20,Bhakra,5.626223133445909,-0.09776795698303695,0.0,0.0,0.0,36643.958564365006,0.0801009351701702,,gfs_seamless,model,0.28552134563768855,0.5550012471566533
2025-09-21,Bhakra,5.630083298670332,-0.0980551460880668,0.0,0.0,0.0,35032.86535925316,0.0421944287422362,,gfs_seamless,model,0.1986661414583698,0.5909244210921801
2025-09-22,Bhakra,5.630468031567049,-0.09821695857872582,0.0,0.0,0.0,34650.355140392414,0.1655386126108915,,gfs_seamless,model,0.2561106371875655,0.43325475027559734
2025-09-23,Bhakra,5.629302315799139,-0.0986068544067503,0.0,0.0,0.0,34584.08038244147,0.1020121822913224,,gfs_seamless,model,0.1614390611585988,1.2163850943883783
2025-09-24,Bhakra,5.477139030303049,-0.12314196557943823,0.0,0.0,0.0,35146.50343315583,0.1001242892909715,,gfs_seamless,bbmb,0.1793049480451743,2.3584454024024235
2025-09-25,Bhakra,5.4775912730015754,-0.12347848597352301,0.0,0.0,0.0,34490.227410420426,0.0136602703226091,,gfs_seamless,model,0.0270586364812667,2.6662974473009466
2026-06-24,Bhakra,1.3747745833333334,-0.7718786387519604,0.0,0.0,0.0,37235.156125716494,1.9804326889840616,,gfs_seamless,bbmb,13.812015797238761,12.240039539051345
2026-06-25,Bhakra,1.3803349444403124,-0.7722313357097231,0.0,0.0,0.0,37314.053956112155,1.5423062658144258,,gfs_seamless,model,9.405359240107236,14.645522916754167
2026-06-26,Bhakra,1.3875604710478342,-0.769509369225668,0.0,0.0,0.0,37232.54024775439,0.7557031453147932,,gfs_seamless,model,9.236128117649562,18.528892252880283
2026-06-27,Bhakra,1.3946134649783863,-0.7659244320633352,0.0,0.0,0.0,37837.04121691684,0.9448709687348776,,gfs_seamless,model,11.27828053179825,27.553487126025523
2026-06-28,Bhakra,1.4003586342529577,-0.756770345393427,0.0,0.0,0.0,39064.27117316397,2.3682255203954194,,gfs_seamless,model,23.02016818103323,35.08036287064948
2026-06-29,Bhakra,1.4187608259194606,-0.7504510682341428,0.0,0.0,0.0,42777.125451071406,2.3745983548088185,,gfs_seamless,model,20.634376213125794,38.07273891902686
2026-06-30,Bhakra,1.4429207990475672,-0.7391725944900194,0.0,0.0,0.0,46980.9473697989,5.713212355318167,,gfs_seamless,model,27.02592831815048,37.59878812386219
2026-07-01,Bhakra,1.473362540205274,-0.7385758984701285,0.0,0.0,0.0,54933.144677729426,9.174764557771372,,gfs_seamless,model,21.11614936327746,39.98786690765141
2026-07-02,Bhakra,1.5257376842891675,-0.7327711161103061,0.0,0.0,0.0,52172.577733680686,2.586375056249446,,gfs_seamless,model,15.031517388642417,33.976877844253245
2026-07-03,Bhakra,1.5843633025315484,-0.7157629854403403,0.0,0.0,0.0,50706.34395220382,2.374961813648589,,gfs_seamless,model,23.01409756134864,31.183532718550964
2026-07-04,Bhakra,1.645559244904118,-0.7000647033863352,0.0,0.0,0.0,53575.368447597786,3.5890211022798795,,gfs_seamless,model,25.985988653187363,31.05382855819711
2026-07-05,Bhakra,1.6922847690766403,-0.7007999357997776,0.0,0.0,0.0,54554.26298230828,6.819014472094438,,gfs_seamless,model,20.710554916749672,44.685426497485224
2026-07-06,Bhakra,1.7461285187476812,-0.6868368006109046,0.0,0.0,0.0,52569.36081120558,3.4599241408347536,,gfs_seamless,model,26.3387893796082,44.446961399776896
2026-07-07,Bhakra,1.7927611754399049,-0.687970717736134,0.0,0.0,0.0,53136.23447657891,6.270209638615111,,gfs_seamless,model,21.537200887166264,45.0946917057097
2026-07-08,Bhakra,1.833380675283227,-0.6802398490383749,0.0,0.0,0.0,54645.67300906196,7.798355018424668,,gfs_seamless,model,23.301262968619064,43.341674378166815
2026-07-09,Bhakra,1.8851821920345804,-0.6823544288140125,0.0,0.0,0.0,49112.46841627741,2.598704468518304,,gfs_seamless,model,11.061567635751802,35.09442721443991
2026-07-10,Bhakra,1.9682297284349777,-0.6658946660917588,0.0,0.0,0.0,57583.986435028564,2.543709624660705,,gfs_seamless,model,7.3896566428763855,19.191348640920687
2026-07-11,Bhakra,2.0451925839144316,-0.6595530890660207,0.0,0.0,0.0,52292.73488724396,2.236852535569465,,gfs_seamless,model,4.799609470781869,12.13395224169532
2026-07-12,Bhakra,2.098366299525724,-0.6529923095828839,0.0,0.0,0.0,46902.417387627116,0.3852962624673087,,gfs_seamless,model,7.244054148985757,10.101148956681529
2026-07-13,Bhakra,2.1388992378012173,-0.6506653901059338,0.0,0.0,0.0,42942.804360919545,0.7356211050668775,,gfs_seamless,model,5.340763048522084,8.040160456920404
2026-07-14,Bhakra,2.158210969732018,-0.6492952977740654,0.0,0.0,0.0,37962.16297858204,0.3814315603270604,,gfs_seamless,model,5.8653434877399455,14.116411149038841
2026-07-15,Bhakra,2.1698745983990357,-0.636183938460541,0.0,0.0,0.0,36794.4139542265,0.2504551639192149,,gfs_seamless,model,30.509255045623146,21.263599101997087
2026-07-26,Bhakra,2.3189995238095245,-0.5876240777636239,0.0,0.0,0.0,54258.28946623089,5.117756568982093,,gfs_seamless,bbmb,41.90086756021172,55.88191042521146
2026-07-27,Bhakra,2.3625385988335967,-0.5869046987038716,0.0,0.0,0.0,50220.8885126279,4.9617796728164,,gfs_seamless,model,39.650753687232815,55.07693447023565
2026-07-28,Bhakra,2.4419862204350906,-0.5613866133802871,0.0,0.0,0.0,56275.85883570098,2.740046673307075,,gfs_seamless,model,41.94513539206656,45.32074909914116
2026-07-29,Bhakra,2.5136222571286977,-0.5459800168879977,0.0,0.0,0.0,56680.40389902205,5.799569730814318,,gfs_seamless,model,46.29706259223447,44.22818773469676
2026-07-30,Bhakra,2.5853870175392806,-0.5273784164792301,0.0,0.0,0.0,65199.194638670175,8.825178871581336,,gfs_seamless,model,46.41249893013008,38.25028994910148
2026-07-31,Bhakra,2.6866155582086146,-0.5130058163260948,0.0,0.0,0.0,70985.99636400276,9.015460764894623,,gfs_seamless,model,39.19929535502353,28.51234354890697
2026-08-01,Bhakra,2.751027773619616,-0.5248641385950944,0.0,0.0,0.0,55562.23585131375,5.470277574629182,,gfs_seamless,model,29.668259826102922,37.61231943285996
2026-08-02,Bhakra,2.8085832566052598,-0.514355164887013,0.0,0.0,0.0,58038.56273461691,7.452302319377137,,gfs_seamless,model,31.58751953082774,44.3898501236994
2026-08-03,Bhakra,2.8627394261429124,-0.5157433316867008,0.0,0.0,0.0,52290.411162577875,5.973229018312178,,gfs_seamless,model,24.478994760480536,41.77393603621409
2026-08-04,Bhakra,2.9007719761952853,-0.506031021696773,0.0,0.0,0.0,48911.59514150667,4.63910349536654,,gfs_seamless,model,31.726978248248425,42.251301523790936
2026-08-05,Bhakra,2.940333918072487,-0.5028026134898549,0.0,0.0,0.0,47716.22170115084,4.356520869480061,,gfs_seamless,model,30.699713214688195,43.941986305500855
2026-08-06,Bhakra,2.99701779626992,-0.4860962756766278,0.0,0.0,0.0,50788.764086685565,2.4468324765510725,,gfs_seamless,model,35.96572539977428,46.53419659431215
2026-08-07,Bhakra,3.075962632482303,-0.46439657711606475,0.0,0.0,0.0,54188.08883285823,2.037732940042995,,gfs_seamless,model,34.462317610220495,37.19013492078172
2026-08-08,Bhakra,2.7950144444444445,-0.5065216275484098,0.0,0.0,0.0,52305.13539872855,4.947639056601585,,gfs_seamless,bbmb,41.05749855885366,34.67853371542262
2026-08-09,Bhakra,2.8800875,-0.4874251768798638,0.0,0.0,0.0,70262.87764900016,17.534260191673354,,gfs_seamless,bbmb,44.949935745697154,33.11619115422185
2026-08-10,Bhakra,2.8938499999999996,-0.5018862789281624,0.0,0.0,0.0,56884.79752158719,8.495444820775583,,gfs_seamless,bbmb,32.08651603260046,37.33950072151995
2026-08-11,Bhakra,2.976898333333333,-0.48727825671301184,0.0,0.0,0.0,58215.82523993332,3.998960317363894,,gfs_seamless,bbmb,30.489521415196243,26.386345389608582
2026-08-12,Bhakra,3.040146,-0.4786287466476357,0.0,0.0,0.0,47818.78122898841,2.328621518031828,,gfs_seamless,bbmb,36.945038992174574,28.90794051755698
2026-08-13,Bhakra,3.0870009553333357,-0.4705793313219417,0.0,0.0,0.0,46729.062713677326,3.798105950759319,,gfs_seamless,bbmb,41.094602607505514,33.94876036728744
2026-08-14,Bhakra,3.2122354545454552,-0.45375766009019053,0.0,0.0,0.0,44474.702069359424,3.7565243241168185,,gfs_seamless,bbmb,37.546853685691815,38.41192145142204
2026-08-15,Bhakra,3.2122354545454552,-0.4495927518011121,0.0,0.0,0.0,50935.66928000553,3.952235687585477,,gfs_seamless,bbmb,32.83914458225428,30.2373448215575
2026-08-16,Bhakra,3.2122354545454552,-0.4617954811243471,0.0,0.0,0.0,48154.07129435811,5.649942666615484,,gfs_seamless,bbmb,24.484050000316373,28.992920416639095
2026-08-17,Bhakra,3.323322,-0.44934736908534256,0.0,0.0,0.0,49262.03055034398,4.495274712909016,,gfs_seamless,bbmb,16.50430487332411,25.877297701381313
2026-08-18,Bhakra,3.3589019999999996,-0.4394774120037664,0.0,0.0,0.0,51726.920496017796,6.721485406857425,,gfs_seamless,bbmb,20.16270732429961,25.75718755661739
2026-08-19,Bhakra,3.4613750000000003,-0.4294469503984629,0.0,0.0,0.0,49193.72976749794,2.790538266176813,,gfs_seamless,bbmb,12.654241861137816,18.53002979123535
2026-08-20,Bhakra,3.5069877777777783,-0.4278831322845909,0.0,0.0,0.0,47077.966937116114,4.57245131747231,,gfs_seamless,bbmb,8.355457136361544,15.494604350590564
2026-08-21,Bhakra,3.529358333333333,-0.43056567798176704,0.0,0.0,0.0,41038.85011415931,1.201585251293966,,gfs_seamless,bbmb,3.061431414378364,16.589422818907273
2026-08-22,Bhakra,3.538138,-0.4290744099742416,0.0,0.0,0.0,40485.711961789355,1.5101038692824469,,gfs_seamless,bbmb,3.816071385527101,14.938554268984205
2026-08-23,Bhakra,3.6267333333333336,-0.4126674432163231,0.0,0.0,0.0,43337.245923700146,2.511337015458569,,gfs_seamless,bbmb,5.649558464428715,10.36045387949277
2026-08-24,Bhakra,3.70453,-0.4021732862433956,0.0,0.0,0.0,38573.6779752331,1.3327896304380993,,gfs_seamless,bbmb,7.159500346181779,10.932086447658934
2026-08-25,Bhakra,3.7424275000000002,-0.39549834647010945,0.0,0.0,0.0,37151.825839979254,0.5571369748335927,,gfs_seamless,bbmb,9.855662481523037,12.37677486384205
2026-08-26,Bhakra,3.7424275000000002,-0.39342977931290474,0.0,0.0,0.0,37352.34391205361,0.2523374246971673,,gfs_seamless,bbmb,11.686381903417136,17.246202653896773
2026-08-27,Bhakra,3.8461975,-0.3766967783310062,0.0,0.0,0.0,36820.82609609656,0.1638391525783799,,gfs_seamless,bbmb,11.391252650123675,20.036530071869816
2026-08-28,Bhakra,3.8461975,-0.3757219037236958,0.0,0.0,0.0,37597.4640012576,0.9397726041638004,,gfs_seamless,bbmb,12.778269643870043,31.32746986466877
2026-08-29,Bhakra,3.85689,-0.376298216176235,0.0,0.0,0.0,37468.86888803099,1.248653031305958,,gfs_seamless,bbmb,9.887783989093911,33.96131816900494
2026-08-30,Bhakra,3.8705030230303117,-0.3724355680909542,0.0,0.0,0.0,38624.25787307005,1.8340838693422232,,gfs_seamless,bbmb,11.44468845911052,36.96635850892257
2026-08-31,Bhakra,3.9192875000000003,-0.3589176042659217,0.0,0.0,0.0,42597.18173178218,1.6903142659768329,,gfs_seamless,bbmb,15.103904026775078,36.33038893778992
2026-09-01,Bhakra,3.9192875000000003,-0.3596211753140476,0.0,0.0,0.0,43553.94706627405,3.2186973403217416,,gfs_seamless,bbmb,12.800111976810312,35.990122681758486
2026-09-02,Bhakra,3.9542550000000003,-0.3481731039573205,0.0,0.0,0.0,48481.50099350966,1.0586385540489764,,gfs_seamless,bbmb,12.944093908361381,27.059766969286365
2026-09-03,Bhakra,3.9542550000000003,-0.3483739788641399,0.0,0.0,0.0,45989.334766196735,3.10489949782391,,gfs_seamless,bbmb,14.830533341184553,25.2145778770415
2026-09-04,Bhakra,4.07511,-0.3323661129907827,0.0,0.0,0.0,52797.778456439344,7.221409598929483,,gfs_seamless,bbmb,11.548337879156579,20.179951478970867
2026-09-05,Bhakra,4.07511,-0.3387398213643194,0.0,0.0,0.0,47385.228487152046,3.4328090850891426,,gfs_seamless,bbmb,4.955200297704297,12.00305937235228
2026-09-06,Bhakra,4.1291,-0.333604137206584,0.0,0.0,0.0,42964.600116542,1.293279994000578,,gfs_seamless,bbmb,2.8874148669788253,10.901245904060843
2026-09-07,Bhakra,4.1291,-0.3352410991213094,0.0,0.0,0.0,40555.05523073997,0.2688341381149027,,gfs_seamless,bbmb,2.0641783047491913,12.201191574204664
2026-09-08,Bhakra,4.1490963605640205,-0.3333570607736011,0.0,0.0,0.0,38022.47435886487,0.2283496458822652,,gfs_seamless,model,2.291877015552504,12.7668646412704
2026-09-09,Bhakra,4.156792583142696,-0.3323929946079012,0.0,0.0,0.0,36208.23925548006,0.207618863667496,,gfs_seamless,model,3.7969928551513132,17.49423967802833
2026-09-10,Bhakra,4.159312812299748,-0.3312703429376489,0.0,0.0,0.0,35548.84956199877,0.8310536211250189,,gfs_seamless,model,5.778390497932326,20.20373752450177
2026-09-11,Bhakra,4.167904961144894,-0.3281486481777325,0.0,0.0,0.0,37206.093116387994,0.9171847722561776,,gfs_seamless,model,6.96391388141754,
2025-06-01,Bhakra,1.41856,-0.766990578937355,0.0,0.0,0.0,38030.188034074235,1.5977339407231703,,ecmwf_aifs025_single,cwc,9.52145375617415,11.051833650642294
2025-06-02,Bhakra,1.41763,-0.7680148575370386,0.0,0.0,0.0,38849.43524920426,3.5504905991764706,,ecmwf_aifs025_single,cwc,8.710202931961867,10.671199087667784
2025-06-03,Bhakra,1.40487,-0.771169640181351,0.0,0.0,0.0,39187.38857946759,3.659200316801837,,ecmwf_aifs025_single,cwc,5.925041151904767,8.351369236472175
2025-06-04,Bhakra,1.38098,-0.7751508120570372,0.0,0.0,0.0,39460.7168789652,1.3147259597747545,,ecmwf_aifs025_single,cwc,2.034211671494168,2.4519088510242573
2025-06-05,Bhakra,1.35941,-0.7789322150891219,0.0,0.0,0.0,37216.360519527225,0.223754753861595,,ecmwf_aifs025_single,cwc,0.8484637133300501,0.9494583604041413
2025-06-06,Bhakra,1.3656861677488468,-0.7769114588878204,0.0,0.0,0.0,36743.95561689338,0.1395151405666467,,ecmwf_aifs025_single,model,0.8307041826762237,2.681500023893417
2025-06-07,Bhakra,1.3696580446064501,-0.7749147781940788,0.0,0.0,0.0,36213.43030979098,0.2038993377849499,,ecmwf_aifs025_single,model,1.5462367535544048,5.6470889372232325
2025-06-08,Bhakra,1.3721396555184018,-0.7730597972377387,0.0,0.0,0.0,37218.20746949729,0.0675352684448782,,ecmwf_aifs025_single,model,2.229498518329586,7.026273723542047
2025-06-09,Bhakra,1.3774502391266437,-0.7711471955928816,0.0,0.0,0.0,38082.038891350654,0.0805042931236775,,ecmwf_aifs025_single,model,2.9489142251344878,9.541995691752659
2025-06-10,Bhakra,1.3855717106806777,-0.7682222913797636,0.0,0.0,0.0,39521.02253673529,0.166701959598062,,ecmwf_aifs025_single,model,5.85297564748918,10.963537212885207
2025-06-11,Bhakra,1.4010328810143557,-0.7612885975548651,0.0,0.0,0.0,41012.83745781255,0.631098461533804,,ecmwf_aifs025_single,model,15.456907412280279,10.46448166277361
2025-06-12,Bhakra,1.239,-0.7824307212539207,0.0,0.0,0.0,41709.81654381088,0.9383033471509754,,ecmwf_aifs025_single,cwc,23.262305922679726,14.469348575447025
2025-06-13,Bhakra,1.26575,-0.7749417029928166,0.0,0.0,0.0,40688.97854099777,0.4815800049040318,,ecmwf_aifs025_single,cwc,25.263467631625666,18.611960101282506
2025-06-14,Bhakra,1.27475,-0.7691333375370565,0.0,0.0,0.0,42404.19736145463,1.733481481613745,,ecmwf_aifs025_single,cwc,27.391608990082776,17.309566484075237
2025-06-15,Bhakra,1.28695,-0.7672671539361037,0.0,0.0,0.0,46619.72827962014,7.051605837435591,,ecmwf_aifs025_single,cwc,26.950752324786187,17.133742379617946
2025-06-16,Bhakra,1.30351,-0.7717405426759524,0.0,0.0,0.0,48492.194037166584,9.234859008316633,,ecmwf_aifs025_single,cwc,20.191880699204518,17.55037886020275
2025-06-17,Bhakra,1.30778,-0.7733263357596288,0.0,0.0,0.0,45446.039900056756,3.227339028774292,,ecmwf_aifs025_single,cwc,15.018821222043218,12.224041829783712
2025-06-18,Bhakra,1.32684,-0.7696370274277073,0.0,0.0,0.0,44282.54893409323,1.4137239249160722,,ecmwf_aifs025_single,cwc,12.986606749809045,12.587665922322518
2025-06-19,Bhakra,1.34967,-0.7662097514162404,0.0,0.0,0.0,42439.30570442863,2.3146982877461686,,ecmwf_aifs025_single,cwc,13.248031025898648,14.577231016823777
2025-06-20,Bhakra,1.34295,-0.7667171809568604,0.0,0.0,0.0,42101.62645607801,2.1325459659799035,,ecmwf_aifs025_single,cwc,15.94172795185806,15.971772898683195
2025-06-21,Bhakra,1.33854,-0.7622674193902635,0.0,0.0,0.0,44211.20741496697,2.989520126500261,,ecmwf_aifs025_single,cwc,24.479274128027384,21.42891256606949
2025-06-22,Bhakra,1.35014,-0.7583495628344705,0.0,0.0,0.0,43802.389423631954,2.024212520403223,,ecmwf_aifs025_single,cwc,25.221424352945583,28.014421213042738
2025-06-23,Bhakra,1.37658,-0.7497634316660351,0.0,0.0,0.0,47597.83441139012,3.142429922402263,,ecmwf_aifs025_single,cwc,26.917652537836343,34.83160660082272
2025-06-24,Bhakra,1.41021,-0.7447831958895513,0.0,0.0,0.0,48930.16351073318,6.7425149181113335,,ecmwf_aifs025_single,cwc,27.73487756631478,46.391309832493825
2025-06-25,Bhakra,1.44824,-0.744206569268967,0.0,0.0,0.0,47555.32038192013,4.903168208553862,,ecmwf_aifs025_single,cwc,23.216095075019396,57.67247036305541
2025-06-26,Bhakra,1.48489,-0.7358289981421436,0.0,0.0,0.0,50461.25649823783,3.816676668939872,,ecmwf_aifs025_single,cwc,22.771412655700793,64.30721488929169
2025-06-27,Bhakra,1.50785,-0.7274921348340284,0.0,0.0,0.0,51860.43036014179,5.164075022754998,,ecmwf_aifs025_single,cwc,25.054576541688924,58.968565565190254
2025-06-28,Bhakra,1.54217,-0.7174421838479541,0.0,0.0,0.0,63681.024670864615,9.629671052205117,,ecmwf_aifs025_single,cwc,24.519635802100876,57.184267932576205
2025-06-29,Bhakra,1.583,-0.7091955030790256,0.0,0.0,0.0,69167.53689065167,9.288702371282085,,ecmwf_aifs025_single,cwc,21.70160234980512,49.67569468109228
2025-06-30,Bhakra,1.64579,-0.7035289373471086,0.0,0.0,0.0,64877.63274074878,3.659528487885698,,ecmwf_aifs025_single,cwc,16.096169421131375,36.59804566894252
2025-07-01,Bhakra,1.7029,-0.693126819451553,0.0,0.0,0.0,66909.09800099612,3.369869073536681,,ecmwf_aifs025_single,cwc,16.91542778669925,23.845890704057204
2025-07-02,Bhakra,1.76529,-0.6917439588159404,0.0,0.0,0.0,55116.32978690044,4.10691032543183,,ecmwf_aifs025_single,cwc,18.84920193427054,27.495776210572068
2025-07-03,Bhakra,1.82231,-0.6807563166717266,0.0,0.0,0.0,56273.716380389196,2.102428691154195,,ecmwf_aifs025_single,cwc,19.93253713142569,21.513163455377704
2025-07-04,Bhakra,1.87152,-0.6686337186278266,0.0,0.0,0.0,51167.08247288718,2.6938265951678497,,ecmwf_aifs025_single,cwc,27.738960081361753,20.17074227868355
2025-07-05,Bhakra,1.91632,-0.6607645218051054,0.0,0.0,0.0,47421.77155632925,3.3876566682621427,,ecmwf_aifs025_single,cwc,33.43551590943684,26.774902822920264
2025-07-06,Bhakra,1.96014,-0.6609571060149838,0.0,0.0,0.0,43514.01419029937,2.87443397620501,,ecmwf_aifs025_single,cwc,28.06622492472291,30.267597538253515
2025-07-07,Bhakra,2.00992,-0.6524958516124352,0.0,0.0,0.0,47344.72639423751,4.207511051829375,,ecmwf_aifs025_single,cwc,25.804294761718772,29.464685628232473
2025-07-08,Bhakra,2.03283,-0.6485036638831062,0.0,0.0,0.0,50005.677734989564,7.4334703025644675,,ecmwf_aifs025_single,cwc,26.627442136095862,26.496557215047584
2025-07-09,Bhakra,2.06229,-0.6468856448260992,0.0,0.0,0.0,49486.01191332586,6.521024690288909,,ecmwf_aifs025_single,cwc,23.854609368501347,24.876533045027816
2025-07-10,Bhakra,2.09423,-0.6409232168170743,0.0,0.0,0.0,49464.96353256064,5.019751086046584,,ecmwf_aifs025_single,cwc,23.509782029111577,20.646668153891838
2025-07-11,Bhakra,2.12972849317981,-0.6371206036237116,0.0,0.0,0.0,46466.7440889007,3.2690235608943987,,ecmwf_aifs025_single,model,22.78865848575043,17.30352064294501
2025-07-12,Bhakra,2.165758882261856,-0.6292862873088567,0.0,0.0,0.0,46794.381275380365,3.656278451020065,,ecmwf_aifs025_single,model,27.146833334387857,14.870299039066309
2025-07-13,Bhakra,2.1892625213425823,-0.6239626267171643,0.0,0.0,0.0,45286.55640968031,4.9611363068854,,ecmwf_aifs025_single,model,31.34525411512257,21.255134872676326
2025-07-14,Bhakra,2.2124331466541185,-0.6187682145030969,0.0,0.0,0.0,45032.78222631583,4.397413676487711,,ecmwf_aifs025_single,model,29.417646381596008,17.47724715496608
2025-07-15,Bhakra,2.2345065852628543,-0.6167566604915967,0.0,0.0,0.0,43249.32854120887,3.560673983328546,,ecmwf_aifs025_single,model,27.997401507626783,14.533116810318184
2025-07-16,Bhakra,2.2494599727845013,-0.6109417848041581,0.0,0.0,0.0,47935.753449936004,8.782343029360108,,ecmwf_aifs025_single,model,36.69822106003242,31.446965111696098
2025-07-17,Bhakra,2.2663810769492927,-0.604742172032615,0.0,0.0,0.0,45753.59785821073,6.456560892805457,,ecmwf_aifs025_single,model,42.75323255989713,37.39283468671549
2025-07-18,Bhakra,2.297634266150186,-0.591604084229179,0.0,0.0,0.0,44860.18562061911,1.8660962802606296,,ecmwf_aifs025_single,model,43.74059201683133,33.45485602173065
2025-07-19,Bhakra,2.317948477256716,-0.5887556531493839,0.0,0.0,0.0,47562.45719806698,8.28027009204123,,ecmwf_aifs025_single,model,41.7241268260036,36.19238766115189
2025-07-20,Bhakra,2.327986310531218,-0.5979387885171882,0.0,0.0,0.0,48098.10388150891,9.758286452812754,,ecmwf_aifs025_single,model,32.71920817629456,37.4278190300973
2025-07-21,Bhakra,2.3829934468753646,-0.5893920753571393,0.0,0.0,0.0,56689.93434143397,5.399116137008101,,ecmwf_aifs025_single,model,21.920398073523767,23.821818240260907
2025-07-22,Bhakra,2.4486481759708725,-0.5820697834509764,0.0,0.0,0.0,53828.292621313194,4.025574408081959,,ecmwf_aifs025_single,model,19.71309406312135,18.811834781427535
2025-07-23,Bhakra,2.4960786079081463,-0.5773360009206534,0.0,0.0,0.0,49399.293955745066,2.7059523430142245,,ecmwf_aifs025_single,model,21.738629802561313,16.622566004658182
2025-07-24,Bhakra,2.53317988693303,-0.5711815942868714,0.0,0.0,0.0,46961.469004366816,3.533086938806395,,ecmwf_aifs025_single,model,25.870205310615148,22.549851964601338
2025-07-25,Bhakra,2.556699831009071,-0.5685422958419605,0.0,0.0,0.0,43829.61030787834,3.4022153576304053,,ecmwf_aifs025_single,model,26.948864264876406,27.548959509111114
2025-07-26,Bhakra,2.583943024776455,-0.5615624821558063,0.0,0.0,0.0,43013.97932816029,2.73975723297104,,ecmwf_aifs025_single,model,27.993113492153746,28.95161003386478
2025-07-27,Bhakra,2.608038015200878,-0.5527845937989635,0.0,0.0,0.0,44659.58836750963,4.519698924913163,,ecmwf_aifs025_single,model,32.101159830244605,32.593313423984206
2025-07-28,Bhakra,2.6253544421328083,-0.5481856056164159,0.0,0.0,0.0,49778.921579567934,9.541297601158464,,ecmwf_aifs025_single,model,34.618438692832235,38.6184852035052
2025-07-29,Bhakra,2.6605895986546337,-0.5431197202970747,0.0,0.0,0.0,50725.13996923288,6.305592901645291,,ecmwf_aifs025_single,model,29.525829907582274,35.41634260472436
2025-07-30,Bhakra,2.7006793021175812,-0.5381619905518098,0.0,0.0,0.0,52820.672083157464,7.436416556529101,,ecmwf_aifs025_single,model,26.243601902099726,38.69336829092471
2025-07-31,Bhakra,2.741135821348484,0.09374034420010159,0.583908604022433,238663.63132941982,0.0,84477.03809840347,31.388476119745803,5.0,ecmwf_aifs025_single,model,339.12439443225924,42.19425059495718
2025-08-01,Bhakra,3.301,-0.44104990667858873,0.0,0.0,0.0,52085.027942169836,5.960734070718436,,ecmwf_aifs025_single,press,29.789482463196393,56.17502165309023
2025-08-02,Bhakra,3.350360911981754,-0.4367812986788994,0.0,0.0,0.0,52150.75083454921,4.7635667525292735,,ecmwf_aifs025_single,model,22.717644863884807,52.684387258825865
2025-08-03,Bhakra,3.396666534750213,-0.4296759136416951,0.0,0.0,0.0,50243.59910953741,4.734226507024154,,ecmwf_aifs025_single,model,22.817737576243168,47.09901188034692
2025-08-04,Bhakra,3.4523850831051264,-0.4130467048983462,0.0,0.0,0.0,62738.699058466475,11.49026976715012,,ecmwf_aifs025_single,model,26.95805549287829,43.95550049615157
2025-08-05,Bhakra,3.514705799325312,-0.4109426279247892,0.0,0.0,0.0,58967.547007974565,7.979166366650229,,ecmwf_aifs025_single,model,20.774583080656427,36.72812930651278
2025-08-06,Bhakra,3.8461975,-0.35093277351246377,0.0,0.0,0.0,62457.735976827884,1.1009952459152132,,ecmwf_aifs025_single,press,19.629115915367937,20.386540576561178
2025-08-07,Bhakra,3.9288377982226237,-0.3416102050411327,0.0,0.0,0.0,53346.41403194932,3.1658439986186133,,ecmwf_aifs025_single,model,23.94339946426737,24.153291013999386
2025-08-08,Bhakra,3.9624497959540124,-0.33743179532348144,0.0,0.0,0.0,48288.971750436176,3.4295176275169514,,ecmwf_aifs025_single,model,31.462415721904396,24.97061064480543
2025-08-09,Bhakra,4.008751765315363,-0.3210322219713867,0.0,0.0,0.0,48828.25891936593,4.579905460953932,,ecmwf_aifs025_single,model,39.93553786772913,31.788112473451868
2025-08-10,Bhakra,4.035528388270308,-0.3110189055545695,0.0,0.0,0.0,50162.43646498317,7.73856273991046,,ecmwf_aifs025_single,model,44.94792724317622,41.60860839843413
2025-08-11,Bhakra,4.0650153453624,-0.304710465848437,0.0,0.0,0.0,50174.75764059502,8.136081728476656,,ecmwf_aifs025_single,model,43.869370192936046,46.50962082424365
2025-08-12,Bhakra,4.103251836197938,-0.30114327250912776,0.0,0.0,0.0,53476.90281565727,8.599501686115046,,ecmwf_aifs025_single,model,38.362580042283994,47.87165134106084
2025-08-13,Bhakra,4.126579408612274,-0.2989619068507616,0.0,0.0,0.0,56470.903846861605,13.509767088778004,,ecmwf_aifs025_single,model,41.44345011545282,51.553241624117966
2025-08-14,Bhakra,4.1800199526311905,-0.2952943177492659,0.0,0.0,0.0,54518.192450277784,4.940159049923658,,ecmwf_aifs025_single,model,30.888817402922882,40.67657407799418
2025-08-15,Bhakra,4.252520055766601,-0.2816436653707795,0.0,0.0,0.0,58334.91773472663,5.74332666847214,,ecmwf_aifs025_single,model,28.54154700652428,34.76716753743476
2025-08-16,Bhakra,4.3267642708808935,-0.2732662959426916,0.0,0.0,0.0,61027.81536115578,6.333091670494267,,ecmwf_aifs025_single,model,22.887831500053373,28.104920922454244
2025-08-17,Bhakra,4.404121014185751,-0.26680721756815723,0.0,0.0,0.0,58100.03609266371,5.238862319023131,,ecmwf_aifs025_single,model,18.97219328327786,19.0792309537508
2025-08-18,Bhakra,4.459340141771682,-0.26527213480564965,0.0,0.0,0.0,51894.76805694503,4.016718365241046,,ecmwf_aifs025_single,model,18.649932065926752,20.862129422266488
2025-08-19,Bhakra,4.983,-0.18219681956495817,0.0,0.0,0.0,47532.76975195701,4.269982948456396,,ecmwf_aifs025_single,press,22.519946354537275,27.17679453594179
2025-08-20,Bhakra,5.022110282871866,-0.17440385073781636,0.0,0.0,0.0,44041.404313232626,1.6941906013152404,,ecmwf_aifs025_single,model,24.2933828994782,35.95405636880676
2025-08-21,Bhakra,5.051282620715198,-0.1632498229082873,0.0,0.0,0.0,42638.735442099154,2.605531281017741,,ecmwf_aifs025_single,model,30.712308498130852,47.28983536421502
2025-08-22,Bhakra,5.064540590531399,-0.1579717520148053,0.0,0.0,0.0,45367.752475345245,7.171020325413592,,ecmwf_aifs025_single,model,34.080724042955985,50.81652073844538
2025-08-23,Bhakra,5.088575001396877,-0.14916748610692107,0.0,0.0,0.0,48197.38237372214,6.992538737637694,,ecmwf_aifs025_single,model,35.23146485875565,49.515340429257876
2025-08-24,Bhakra,5.127273504724764,-0.14301052056760458,0.0,0.0,0.0,57855.96245374987,12.00308851124837,,ecmwf_aifs025_single,model,33.34094439366217,56.07809180262995
2025-08-25,Bhakra,5.193625287402634,-0.13228034482311576,0.0,0.0,0.0,62560.92960279109,8.5592857433701,,ecmwf_aifs025_single,model,28.66535406902063,56.64087648333073
2025-08-26,Bhakra,5.283538290083023,-0.11668390383255167,0.0,0.0,0.0,56937.988172132675,2.056511755449604,,ecmwf_aifs025_single,model,27.349838352111885,53.94344206558898
2025-08-27,Bhakra,5.346261078718385,-0.09763831440339774,0.0,0.0,0.0,53892.0790827118,4.218561483820056,,ecmwf_aifs025_single,model,44.45370603533195,77.17488710774288
2025-08-28,Bhakra,5.397174438797614,-0.07574195668443862,0.0,0.0,0.0,56892.15507299589,7.4640677330832785,,ecmwf_aifs025_single,model,58.1732834463084,88.41278062798254
2025-08-29,Bhakra,5.483816829151658,-0.027592897508238533,0.0,0.0,0.0,64740.68689070823,7.211226676689519,,ecmwf_aifs025_single,model,70.65601464098351,87.18664341098022
2025-08-30,Bhakra,5.593440293506247,0.035785371757104605,0.22290708067500553,46465.022454875165,0.0,88942.5603836257,18.81037360654414,4.0,ecmwf_aifs025_single,model,86.12250041795286,82.30543174496472
2025-08-31,Bhakra,5.698291344869071,0.042611001823545755,0.2654239303588666,53610.07617611557,0.0,106982.31026396975,30.038168298025088,3.0,ecmwf_aifs025_single,model,77.24280014301422,73.58851956202102
2025-09-01,Bhakra,5.864413535741603,0.06431187787989233,0.40059868731384984,68678.66864716924,0.0,127890.45650616681,25.260709764049487,2.0,ecmwf_aifs025_single,model,61.20708236634238,49.78495139779447
2025-09-02,Bhakra,5.482,-0.05116132787877898,0.0,0.0,0.0,100548.5094570827,13.945752541574327,,ecmwf_aifs025_single,press,34.17314291246142,35.86629351754774
2025-09-03,Bhakra,5.793,-0.02287430631605923,0.0,0.0,0.0,88890.21400435403,8.825113136442594,,ecmwf_aifs025_single,press,22.66393661991432,24.110461666225653
2025-09-04,Bhakra,5.848187500000001,-0.030687355662528473,0.0,0.0,0.0,66244.33404831924,3.484863334375808,,ecmwf_aifs025_single,press,16.23125757666859,15.340091381545925
2025-09-05,Bhakra,5.848187500000001,-0.0401150864628049,0.0,0.0,0.0,56573.43551527222,4.467410490070503,,ecmwf_aifs025_single,press,14.864807790027347,12.165665625139702
2025-09-06,Bhakra,5.848187500000001,-0.04848986035899547,0.0,0.0,0.0,47450.58565825436,3.0501805940476943,,ecmwf_aifs025_single,press,11.394991960594481,10.292549835666154
2025-09-07,Bhakra,5.87728558968485,-0.04681304133013264,0.0,0.0,0.0,44349.00704519081,3.5365134571493284,,ecmwf_aifs025_single,model,11.414142494916163,10.03685644532753
2025-09-08,Bhakra,5.897743589752271,-0.044606370543750114,0.0,0.0,0.0,40080.16164532505,1.2802081453580736,,ecmwf_aifs025_single,model,12.562829626204046,11.52062730093379
2025-09-09,Bhakra,5.913183767833354,-0.041873227187342786,0.0,0.0,0.0,39054.46693098581,1.3695344356833403,,ecmwf_aifs025_single,model,12.129940750650658,15.64874674228964
2025-09-10,Bhakra,5.920893347788657,-0.03978130294404361,0.0,0.0,0.0,38361.21143642864,2.1306532869490784,,ecmwf_aifs025_single,model,14.111686189957602,18.530780132496325
2025-09-11,Bhakra,5.928661332991214,-0.03636461435834882,0.0,0.0,0.0,38937.46229137199,2.157884756190177,,ecmwf_aifs025_single,model,16.270067373568168,26.17058887419484
2025-09-12,Bhakra,5.939009496334547,-0.03371191530882211,0.0,0.0,0.0,41095.758140435995,3.598364299364541,,ecmwf_aifs025_single,model,16.111349537546428,27.220558932310624
2025-09-13,Bhakra,5.955656341140527,-0.031925124508839255,0.0,0.0,0.0,42077.57308004111,2.4671016300179547,,ecmwf_aifs025_single,model,13.554353923343639,29.057586780133292
2025-09-14,Bhakra,5.9827508231798125,-0.02645029400709815,0.0,0.0,0.0,45353.17356241044,3.754004213181832,,ecmwf_aifs025_single,model,12.966656812541755,25.75693611117809
2025-09-15,Bhakra,5.4868181818181805,-0.10897216501219036,0.0,0.0,0.0,45607.232723099114,4.893574204840632,,ecmwf_aifs025_single,bbmb,10.997414468337041,23.090743526442466
2025-09-16,Bhakra,5.52565999548663,-0.10496135442878435,0.0,0.0,0.0,45534.546570123974,1.4636446215944234,,ecmwf_aifs025_single,model,5.556257533000422,13.52807374861338
2025-09-17,Bhakra,5.557642571964606,-0.10328718041869174,0.0,0.0,0.0,42661.25074994053,1.9182213146662903,,ecmwf_aifs025_single,model,4.075915157537068,10.186909666300892
2025-09-18,Bhakra,5.5894593563968895,-0.09862553222055051,0.0,0.0,0.0,44203.31640429314,1.897421777416824,,ecmwf_aifs025_single,model,3.295166916597347,4.070455324533801
2025-09-19,Bhakra,5.615847940925877,-0.09733420743014512,0.0,0.0,0.0,38820.51735475028,0.4023373490056878,,ecmwf_aifs025_single,model,2.0353486506751675,1.152597942820283
2025-09-20,Bhakra,5.626223133445909,-0.09684756919214406,0.0,0.0,0.0,36861.14379574107,0.2617572060326344,,ecmwf_aifs025_single,model,1.8700639810372286,0.5550012471566533
2025-09-21,Bhakra,5.630083298670332,-0.0971322549532898,0.0,0.0,0.0,35289.97559990016,0.2889003840740937,,ecmwf_aifs025_single,model,1.6906063807451446,0.5909244210921801
2025-09-22,Bhakra,5.630468031567049,-0.0973508522137539,0.0,0.0,0.0,34970.52057217447,0.4894053005850333,,ecmwf_aifs025_single,model,1.6646301790002578,0.43325475027559734
2025-09-23,Bhakra,5.629302315799139,-0.09817393447737903,0.0,0.0,0.0,34871.190771506306,0.4244460072686336,,ecmwf_aifs025_single,model,0.865723579297131,1.2163850943883783
2025-09-24,Bhakra,5.477139030303049,-0.12283234449183396,0.0,0.0,0.0,35376.07477705861,0.3722451921063338,,ecmwf_aifs025_single,bbmb,0.8261444231468894,2.3584454024024235
2025-09-25,Bhakra,5.4775912730015754,-0.12299936949591486,0.0,0.0,0.0,34501.15416332583,0.0267611029793447,,ecmwf_aifs025_single,model,1.2550619530878189,2.6662974473009466
2026-06-24,Bhakra,1.3747745833333334,-0.7733994596490933,0.0,0.0,0.0,37092.00070650062,1.8162245268574155,,ecmwf_aifs025_single,bbmb,11.07771421591178,12.240039539051345
2026-06-25,Bhakra,1.3803349444403124,-0.7699212337012457,0.0,0.0,0.0,38093.47568871191,2.424759474797398,,ecmwf_aifs025_single,model,14.026840012317152,14.645522916754167
2026-06-26,Bhakra,1.3875604710478342,-0.7639771083049807,0.0,0.0,0.0,38112.594178561434,1.715082808225313,,ecmwf_aifs025_single,model,21.36369635186866,18.528892252880283
2026-06-27,Bhakra,1.3946134649783863,-0.7574940123137457,0.0,0.0,0.0,38675.59677682128,1.8473495386332628,,ecmwf_aifs025_single,model,25.376542608849316,27.553487126025523
2026-06-28,Bhakra,1.4003586342529577,-0.7525558640799166,0.0,0.0,0.0,39148.42763012691,2.45880351489494,,ecmwf_aifs025_single,model,27.48300238754218,35.08036287064948
2026-06-29,Bhakra,1.4187608259194606,-0.7422721437243361,0.0,0.0,0.0,45131.307672919334,4.679209933889512,,ecmwf_aifs025_single,model,29.22489163988387,38.07273891902686
2026-06-30,Bhakra,1.4429207990475672,-0.736019294648394,0.0,0.0,0.0,54161.65980161639,12.486832442392874,,ecmwf_aifs025_single,model,29.872321776357165,37.59878812386219
2026-07-01,Bhakra,1.473362540205274,-0.7391503011543213,0.0,0.0,0.0,51980.066948715765,6.54372416130639,,ecmwf_aifs025_single,model,20.46620508191043,39.98786690765141
2026-07-02,Bhakra,1.5257376842891675,-0.730386430194247,0.0,0.0,0.0,54070.439899941186,4.084083025091109,,ecmwf_aifs025_single,model,18.30003766718551,33.976877844253245
2026-07-03,Bhakra,1.5843633025315484,-0.7166385662178256,0.0,0.0,0.0,51581.157183639116,3.0052630420591955,,ecmwf_aifs025_single,model,27.348264194471692,31.183532718550964
2026-07-04,Bhakra,1.645559244904118,-0.6921618095689787,0.0,0.0,0.0,52558.1644867449,2.880629471304335,,ecmwf_aifs025_single,model,45.77435025366546,31.05382855819711
2026-07-05,Bhakra,1.6922847690766403,-0.6812767678790768,0.0,0.0,0.0,50783.17769907466,4.178810500248097,,ecmwf_aifs025_single,model,45.39629631886719,44.685426497485224
2026-07-06,Bhakra,1.7461285187476812,-0.6646737641549296,0.0,0.0,0.0,53845.69743834971,4.3301586761241975,,ecmwf_aifs025_single,model,46.77515983808547,44.446961399776896
2026-07-07,Bhakra,1.7927611754399049,-0.6643458299788964,0.0,0.0,0.0,61187.171085946364,12.14583655135336,,ecmwf_aifs025_single,model,40.52322752194987,45.0946917057097
2026-07-08,Bhakra,1.833380675283227,-0.6734425771642055,0.0,0.0,0.0,64690.38826763312,15.37690828409085,,ecmwf_aifs025_single,model,27.875217425715718,43.341674378166815
2026-07-09,Bhakra,1.8851821920345804,-0.6809469933707682,0.0,0.0,0.0,52451.74601157875,5.122089638352712,,ecmwf_aifs025_single,model,12.145491666038177,35.09442721443991
2026-07-10,Bhakra,1.9682297284349777,-0.6640607211547224,0.0,0.0,0.0,59919.285295776026,4.058151423094919,,ecmwf_aifs025_single,model,9.84219375334135,19.191348640920687
2026-07-11,Bhakra,2.0451925839144316,-0.657950639675265,0.0,0.0,0.0,51529.92114167798,1.7409373407689035,,ecmwf_aifs025_single,model,7.469289005090626,12.13395224169532
2026-07-12,Bhakra,2.098366299525724,-0.6519206780125136,0.0,0.0,0.0,47211.989103735345,0.5852024127959439,,ecmwf_aifs025_single,model,10.037658785682765,10.101148956681529
2026-07-13,Bhakra,2.1388992378012173,-0.6465177853801646,0.0,0.0,0.0,43677.91457964918,1.2190992349066447,,ecmwf_aifs025_single,model,13.046024339973219,8.040160456920404
2026-07-14,Bhakra,2.158210969732018,-0.6427736850221334,0.0,0.0,0.0,39194.08285165022,1.2688831590223266,,ecmwf_aifs025_single,model,18.800735857037363,14.116411149038841
2026-07-15,Bhakra,2.1698745983990357,-0.6353883637232379,0.0,0.0,0.0,36925.586684647475,0.366227121716596,,ecmwf_aifs025_single,model,28.155880752460277,21.263599101997087
2026-07-26,Bhakra,2.3189995238095245,-0.5992524662443813,0.0,0.0,0.0,51858.28115667882,3.628853033037161,,ecmwf_aifs025_single,bbmb,27.598169368574325,55.88191042521146
2026-07-27,Bhakra,2.3625385988335967,-0.594670306699854,0.0,0.0,0.0,48965.001318455325,4.088299572281038,,ecmwf_aifs025_single,model,28.331452212456146,55.07693447023565
2026-07-28,Bhakra,2.4419862204350906,-0.5705545772498896,0.0,0.0,0.0,57786.807269772595,3.725992500643476,,ecmwf_aifs025_single,model,30.192902759311554,45.32074909914116
2026-07-29,Bhakra,2.5136222571286977,-0.5589749862237952,0.0,0.0,0.0,54967.50600031735,4.677145897112302,,ecmwf_aifs025_single,model,32.06660338600207,44.22818773469676
2026-07-30,Bhakra,2.5853870175392806,-0.5462682672802716,0.0,0.0,0.0,63616.71624449459,7.816834363403801,,ecmwf_aifs025_single,model,30.787261380184855,38.25028994910148
2026-07-31,Bhakra,2.6866155582086146,-0.5302201674952206,0.0,0.0,0.0,64987.22133894398,5.531124972959706,,ecmwf_aifs025_single,model,27.678580336044565,28.51234354890697
2026-08-01,Bhakra,2.751027773619616,-0.5272332104890278,0.0,0.0,0.0,51839.40149733655,3.291559464565464,,ecmwf_aifs025_single,model,31.654342363896163,37.61231943285996
2026-08-02,Bhakra,2.8085832566052598,-0.5128678914629202,0.0,0.0,0.0,52790.58470200177,4.071334600318132,,ecmwf_aifs025_single,model,39.20231617479952,44.3898501236994
2026-08-03,Bhakra,2.8627394261429124,-0.5000322973616553,0.0,0.0,0.0,51419.48206424996,5.405731754753244,,ecmwf_aifs025_single,model,40.35590868067541,41.77393603621409
2026-08-04,Bhakra,2.9007719761952853,-0.49886014102578996,0.0,0.0,0.0,49340.27263555391,4.937048033075395,,ecmwf_aifs025_single,model,35.381244808098245,42.251301523790936
2026-08-05,Bhakra,2.940333918072487,-0.4924362493319805,0.0,0.0,0.0,55933.755527161054,10.76365328923924,,ecmwf_aifs025_single,model,36.735432404267684,43.941986305500855
2026-08-06,Bhakra,2.99701779626992,-0.4835022060843431,0.0,0.0,0.0,61130.19804112915,9.685954370769558,,ecmwf_aifs025_single,model,34.16221884642538,46.53419659431215
2026-08-07,Bhakra,3.075962632482303,-0.4713360283987244,0.0,0.0,0.0,55447.37327194687,2.856898158511702,,ecmwf_aifs025_single,model,28.177451838190887,37.19013492078172
2026-08-08,Bhakra,2.7950144444444445,-0.5174872599515659,0.0,0.0,0.0,48526.43876612782,2.420609326502263,,ecmwf_aifs025_single,bbmb,29.376045113984976,34.67853371542262
2026-08-09,Bhakra,2.8800875,-0.5024935779688979,0.0,0.0,0.0,59869.006524162854,10.618704272884946,,ecmwf_aifs025_single,bbmb,30.898814593798587,33.11619115422185
2026-08-10,Bhakra,2.8938499999999996,-0.5077610274639063,0.0,0.0,0.0,58861.83563338625,9.7875482276025,,ecmwf_aifs025_single,bbmb,25.24931625169429,37.33950072151995
2026-08-11,Bhakra,2.976898333333333,-0.49626303295416185,0.0,0.0,0.0,56652.3488661875,3.004179171125511,,ecmwf_aifs025_single,bbmb,19.823943714728998,26.386345389608582
2026-08-12,Bhakra,3.040146,-0.4870694670257883,0.0,0.0,0.0,49118.6215717001,3.242859143552076,,ecmwf_aifs025_single,bbmb,24.87256693135525,28.90794051755698
2026-08-13,Bhakra,3.0870009553333357,-0.4837584878356538,0.0,0.0,0.0,47379.21745486779,4.268727032730591,,ecmwf_aifs025_single,bbmb,24.990303234428907,33.94876036728744
2026-08-14,Bhakra,3.2122354545454552,-0.4664581003814793,0.0,0.0,0.0,43868.83311006439,3.309856086431443,,ecmwf_aifs025_single,bbmb,22.952923160300166,38.41192145142204
2026-08-15,Bhakra,3.2122354545454552,-0.4629892630893189,0.0,0.0,0.0,49294.76860728017,2.800056465843718,,ecmwf_aifs025_single,bbmb,20.24868179018657,30.2373448215575
2026-08-16,Bhakra,3.2122354545454552,-0.46293722213633637,0.0,0.0,0.0,46521.28950829611,4.342099344717516,,ecmwf_aifs025_single,bbmb,22.828589510240043,28.992920416639095
2026-08-17,Bhakra,3.323322,-0.44134313590137914,0.0,0.0,0.0,51872.013429723505,6.520233368864341,,ecmwf_aifs025_single,bbmb,25.253793612314546,25.877297701381313
2026-08-18,Bhakra,3.3589019999999996,-0.4398039050796046,0.0,0.0,0.0,50683.89935219989,5.960030990032521,,ecmwf_aifs025_single,bbmb,20.54706907647119,25.75718755661739
2026-08-19,Bhakra,3.4613750000000003,-0.42905699294325844,0.0,0.0,0.0,49127.139284728895,2.7443390167801054,,ecmwf_aifs025_single,bbmb,13.306808619373065,18.53002979123535
2026-08-20,Bhakra,3.5069877777777783,-0.4271325742864631,0.0,0.0,0.0,44096.36277042817,2.296823962230031,,ecmwf_aifs025_single,bbmb,10.556827140495857,15.494604350590564
2026-08-21,Bhakra,3.529358333333333,-0.423204884233624,0.0,0.0,0.0,43626.80198876285,3.2073296057673373,,ecmwf_aifs025_single,bbmb,13.32896911659544,16.589422818907273
2026-08-22,Bhakra,3.538138,-0.4226891689838247,0.0,0.0,0.0,42075.939413324995,2.7922484161752026,,ecmwf_aifs025_single,bbmb,12.971449104059376,14.938554268984205
2026-08-23,Bhakra,3.6267333333333336,-0.4085639181039957,0.0,0.0,0.0,43297.45637793641,2.479206184250065,,ecmwf_aifs025_single,bbmb,11.14299569874435,10.36045387949277
2026-08-24,Bhakra,3.70453,-0.3993496739975142,0.0,0.0,0.0,39267.72272009279,1.9511377535630616,,ecmwf_aifs025_single,bbmb,10.329520169974348,10.932086447658934
2026-08-25,Bhakra,3.7424275000000002,-0.3930067468337438,0.0,0.0,0.0,38722.14619118078,2.0196398661510715,,ecmwf_aifs025_single,bbmb,13.04613016830642,12.37677486384205
2026-08-26,Bhakra,3.7424275000000002,-0.3910597857584653,0.0,0.0,0.0,38921.39700903002,1.6901406646573631,,ecmwf_aifs025_single,bbmb,14.992307750531921,17.246202653896773
2026-08-27,Bhakra,3.8461975,-0.37199045281040327,0.0,0.0,0.0,37841.780836349404,1.1226615554086674,,ecmwf_aifs025_single,bbmb,18.250576895226352,20.036530071869816
2026-08-28,Bhakra,3.8461975,-0.3703212254311783,0.0,0.0,0.0,38567.76518756738,1.918534425086534,,ecmwf_aifs025_single,bbmb,19.323320377927963,31.32746986466877
2026-08-29,Bhakra,3.85689,-0.3638165722361575,0.0,0.0,0.0,41136.86822658106,4.914722978694949,,ecmwf_aifs025_single,bbmb,24.723184078922245,33.96131816900494
2026-08-30,Bhakra,3.8705030230303117,-0.3614677025985506,0.0,0.0,0.0,42136.77419129259,5.265271018000328,,ecmwf_aifs025_single,bbmb,24.87375191834234,36.96635850892257
2026-08-31,Bhakra,3.9192875000000003,-0.3450531172827206,0.0,0.0,0.0,47613.27811551431,6.242863339577172,,ecmwf_aifs025_single,bbmb,36.28626925120596,36.33038893778992
2026-09-01,Bhakra,3.9192875000000003,-0.3505110143166548,0.0,0.0,0.0,45105.316545903945,4.5717313168295135,,ecmwf_aifs025_single,bbmb,26.942664620331364,35.990122681758486
2026-09-02,Bhakra,3.9542550000000003,-0.32889868627762625,0.0,0.0,0.0,49443.10760346386,1.782891295739926,,ecmwf_aifs025_single,bbmb,34.47783073421086,27.059766969286365
2026-09-03,Bhakra,3.9542550000000003,-0.3389174674987771,0.0,0.0,0.0,46603.291155266656,3.5530505820538947,,ecmwf_aifs025_single,bbmb,24.347256919433658,25.2145778770415
2026-09-04,Bhakra,4.07511,-0.3286938063673139,0.0,0.0,0.0,52305.415838578425,6.874231654821087,,ecmwf_aifs025_single,bbmb,15.826977374885203,20.179951478970867
2026-09-05,Bhakra,4.07511,-0.3368955136373739,0.0,0.0,0.0,46509.54252920708,2.8108653255663283,,ecmwf_aifs025_single,bbmb,7.299831957152263,12.00305937235228
2026-09-06,Bhakra,4.1291,-0.3304182122543352,0.0,0.0,0.0,45295.142175236564,2.954957397924124,,ecmwf_aifs025_single,bbmb,6.594531954361383,10.901245904060843
2026-09-07,Bhakra,4.1291,-0.33282967400349167,0.0,0.0,0.0,41234.25268056497,0.8081977288131112,,ecmwf_aifs025_single,bbmb,5.737300931894092,12.201191574204664
2026-09-08,Bhakra,4.1490963605640205,-0.33014176587315164,0.0,0.0,0.0,38485.31688748045,0.6047498383016512,,ecmwf_aifs025_single,model,7.519758845393638,12.7668646412704
2026-09-09,Bhakra,4.156792583142696,-0.3268539232313118,0.0,0.0,0.0,37494.958438726,1.3275894239517432,,ecmwf_aifs025_single,model,12.254169049816143,17.49423967802833
2026-09-10,Bhakra,4.159312812299748,-0.32604996936731706,0.0,0.0,0.0,36712.7493889123,1.9747022500980809,,ecmwf_aifs025_single,model,13.42143415402177,20.20373752450177
2026-09-11,Bhakra,4.167904961144894,-0.3245340667360398,0.0,0.0,0.0,40306.81069971247,4.017804627249162,,ecmwf_aifs025_single,model,10.95840204728762,
2024-06-01,Ranjit Sagar,0.964,-0.6075389948572907,0.0,0.0,0.0,16226.542463849668,0.5754377615329054,,ecmwf_ifs025,cwc,5.482759733619378,18.56404198163369
2024-06-02,Ranjit Sagar,0.964,-0.606396796381544,0.0,0.0,0.0,16331.130404152656,0.624750451547429,,ecmwf_ifs025,cwc,7.6414306380288215,17.752474470602213
2024-06-03,Ranjit Sagar,0.939,-0.6147937198585521,0.0,0.0,0.0,16811.84830542428,3.091337538283369,,ecmwf_ifs025,cwc,12.687368595311384,17.752474470602213
2024-06-04,Ranjit Sagar,0.939,-0.6163323386576959,0.0,0.0,0.0,16654.9413229576,2.298897646085193,,ecmwf_ifs025,cwc,9.283231071755983,17.250991265998266
2024-06-05,Ranjit Sagar,0.939,-0.617797701623983,0.0,0.0,0.0,16696.85544550983,1.3609534662359886,,ecmwf_ifs025,cwc,5.076054811630147,13.89885349251764
2024-06-06,Ranjit Sagar,0.964,-0.6042254612236851,0.0,0.0,0.0,18119.817423818567,0.908816587604516,,ecmwf_ifs025,cwc,4.821866387410578,0.40577276263859
2024-06-07,Ranjit Sagar,0.964,-0.6070189718841148,0.0,0.0,0.0,17069.90929560859,1.2024540621146314,,ecmwf_ifs025,cwc,3.062348725498572,2.216513877301653
2024-06-08,Ranjit Sagar,0.964,-0.6083072665111071,0.0,0.0,0.0,16679.38862259357,0.9485037448448512,,ecmwf_ifs025,cwc,2.1439458413481383,2.216513877301653
2024-06-09,Ranjit Sagar,0.964,-0.6088884648198164,0.0,0.0,0.0,16143.835884719616,0.4349662968278199,,ecmwf_ifs025,cwc,2.0001362624731076,2.217784954582936
2024-06-10,Ranjit Sagar,0.964,-0.6084011690002209,0.0,0.0,0.0,16186.85473308186,0.6378163744516924,,ecmwf_ifs025,cwc,3.4594918160534274,2.2818894559810903
2024-06-11,Ranjit Sagar,0.964,-0.6080044932246579,0.0,0.0,0.0,16175.53436788942,0.7536511697947778,,ecmwf_ifs025,cwc,4.373660049724152,2.264061837863455
2024-06-12,Ranjit Sagar,0.9543333333333334,-0.6119302001275305,0.0,0.0,0.0,16584.443309048533,1.5593178419269011,,ecmwf_ifs025,cwc_level,3.7921946370059185,0.10937485482359341
2024-06-13,Ranjit Sagar,0.939,-0.6189742270856019,0.0,0.0,0.0,16440.948491174637,1.5394808218551546,,ecmwf_ifs025,cwc,3.1651079183253605,2.386244353538519
2024-06-14,Ranjit Sagar,0.9210833333333334,-0.6264595579321146,0.0,0.0,0.0,16243.688535443369,0.8247609797435781,,ecmwf_ifs025,cwc_level,4.335137854647034,3.4539901023029964
2024-06-15,Ranjit Sagar,0.915,-0.6289317755628204,0.0,0.0,0.0,16090.19336578172,0.3569555994901591,,ecmwf_ifs025,cwc,4.645297233126768,12.6962578281631
2024-06-16,Ranjit Sagar,0.892,-0.6383350322641708,0.0,0.0,0.0,16148.679441395861,0.6145027627885222,,ecmwf_ifs025,cwc,5.55625259788993,14.043921759249987
2024-06-17,Ranjit Sagar,0.892,-0.6381332879147968,0.0,0.0,0.0,16383.428254520242,1.6349824055432387,,ecmwf_ifs025,cwc,5.9081968766926725,14.802247018169515
2024-06-18,Ranjit Sagar,0.866,-0.6480602320536901,0.0,0.0,0.0,16610.207766793825,1.623373055699623,,ecmwf_ifs025,cwc,7.4812205314783,12.658557744559877
2024-06-19,Ranjit Sagar,0.842,-0.6568648843734122,0.0,0.0,0.0,16662.480495592667,1.9593795872084143,,ecmwf_ifs025,cwc,10.389783780767285,13.531380544172594
2024-06-20,Ranjit Sagar,0.842,-0.6533779748186923,0.0,0.0,0.0,18825.694064691037,5.737416130404653,,ecmwf_ifs025,cwc,12.413652337676643,6.155186118236765
2024-06-21,Ranjit Sagar,0.842,-0.6565591734104516,0.0,0.0,0.0,18034.3793008329,5.009068386962412,,ecmwf_ifs025,cwc,8.48638853818873,4.807522187149877
2024-06-22,Ranjit Sagar,0.842,-0.6583527312780956,0.0,0.0,0.0,17237.64406909536,2.8244853193509685,,ecmwf_ifs025,cwc,6.408395891242008,7.979092097449483
2024-06-23,Ranjit Sagar,0.817,-0.6685583376367866,0.0,0.0,0.0,16699.63578391783,2.137572802044886,,ecmwf_ifs025,cwc,9.955380742433434,8.502113581115841
2024-06-24,Ranjit Sagar,0.7909999999999999,-0.6764841709628081,0.0,0.0,0.0,16709.694724118504,1.567638525603796,,ecmwf_ifs025,cwc_level,18.13666363765286,13.076239811452481
2024-06-25,Ranjit Sagar,0.768,-0.6861299776931418,0.0,0.0,0.0,16627.02245588799,1.3948353444776878,,ecmwf_ifs025,cwc,16.531782696880864,13.66469242308964
2024-06-26,Ranjit Sagar,0.744,-0.6960314733431215,0.0,0.0,0.0,16864.40962856647,2.9838433467697274,,ecmwf_ifs025,cwc,17.638339159798168,19.013086491843175
2024-06-27,Ranjit Sagar,0.719,-0.706397127931437,0.0,0.0,0.0,17145.833610437097,2.544733989015582,,ecmwf_ifs025,cwc,16.97896797213422,20.775124880232518
2024-06-28,Ranjit Sagar,0.719,-0.7036727031543577,0.0,0.0,0.0,16853.23685209526,2.372787129941816,,ecmwf_ifs025,cwc,23.70175733140719,25.49370183605167
2024-06-29,Ranjit Sagar,0.719,-0.7015063944025937,0.0,0.0,0.0,17781.582291944876,3.114471322027891,,ecmwf_ifs025,cwc,26.346542508742573,28.56220146637477
2024-06-30,Ranjit Sagar,0.695,-0.7014284303972335,0.0,0.0,0.0,17683.41745911144,3.807289380703313,,ecmwf_ifs025,cwc,57.184463057681555,34.711781697254736
2024-07-01,Ranjit Sagar,0.695,-0.6759386936924785,0.0,0.0,0.0,17872.183450453995,2.8657570420256246,,ecmwf_ifs025,cwc,87.94455467887707,65.53101012512263
2024-07-02,Ranjit Sagar,0.695,-0.6514319821917052,0.0,0.0,0.0,18744.513007071815,5.194992404453023,,ecmwf_ifs025,cwc,105.1703210006734,60.16751580772317
2024-07-03,Ranjit Sagar,0.67,-0.6650138703232658,0.0,0.0,0.0,19829.92986380899,7.609713799905015,,ecmwf_ifs025,cwc,87.9974563619214,55.484910762588264
2024-07-04,Ranjit Sagar,0.719,-0.6841750960194802,0.0,0.0,0.0,23529.716986155916,15.679111612974303,,ecmwf_ifs025,cwc,40.60990562306353,48.91688156843066
2024-07-05,Ranjit Sagar,0.719,-0.6997887545736846,0.0,0.0,0.0,21427.011183807077,8.685230738650763,,ecmwf_ifs025,cwc,19.20722188230915,41.161908172027715
2024-07-06,Ranjit Sagar,0.744,-0.6836521568886726,0.0,0.0,0.0,25028.1532914246,0.7404601310731656,,ecmwf_ifs025,cwc,8.910801310789187,5.87462901434433
2024-07-07,Ranjit Sagar,0.744,-0.6912632089514889,0.0,0.0,0.0,20341.67196725489,2.8666566993990017,,ecmwf_ifs025,cwc,11.132780257848754,6.667664178790783
2024-07-08,Ranjit Sagar,0.744,-0.6968154618171767,0.0,0.0,0.0,18275.42619092287,1.2026472372546262,,ecmwf_ifs025,cwc,9.574250218402536,14.125947192127917
2024-07-09,Ranjit Sagar,0.744,-0.6981520068462507,0.0,0.0,0.0,17496.242700656705,1.958325142339198,,ecmwf_ifs025,cwc,8.79450905669376,11.183513038163358
2024-07-10,Ranjit Sagar,0.719,-0.7102939218753668,0.0,0.0,0.0,17104.45025079716,1.8013317592817122,,ecmwf_ifs025,cwc,7.870768938024304,10.283609406016907
2024-07-11,Ranjit Sagar,0.7087142857142857,-0.7152547122406532,0.0,0.0,0.0,16618.111531347,1.667277071918798,,ecmwf_ifs025,cwc_level,8.182994546912173,9.450135275549393
2024-07-12,Ranjit Sagar,0.67,-0.7310682808327421,0.0,0.0,0.0,16639.893992077697,1.7910094526517393,,ecmwf_ifs025,cwc,10.062195922826596,9.582230346617845
2024-07-13,Ranjit Sagar,0.695,-0.717804068229178,0.0,0.0,0.0,17318.27454353711,1.0244144553859058,,ecmwf_ifs025,cwc,11.552757366213521,20.13904783973838
2024-07-14,Ranjit Sagar,0.67,-0.7283746465727032,0.0,0.0,0.0,16703.124294927886,1.2890584858555412,,ecmwf_ifs025,cwc,14.705318493754566,20.12703068254943
2024-07-15,Ranjit Sagar,0.67,-0.7288569489363507,0.0,0.0,0.0,16699.399933116627,1.786680077172253,,ecmwf_ifs025,cwc,16.06626013734406,20.113697067259285
2024-07-16,Ranjit Sagar,0.62,-0.7508046502636172,0.0,0.0,0.0,16693.604483677485,2.4924255525648955,,ecmwf_ifs025,cwc,13.572912936132685,32.60978668735314
2024-07-17,Ranjit Sagar,0.603,-0.756345548226414,0.0,0.0,0.0,16848.357190046136,2.558712542562246,,ecmwf_ifs025,cwc,19.354412996971853,35.607494266898
2024-07-18,Ranjit Sagar,0.567,-0.76556340429135,0.0,0.0,0.0,18821.479045686123,1.1913052201730594,,ecmwf_ifs025,cwc,19.734295886610752,53.043700056910474
2024-07-19,Ranjit Sagar,0.526,-0.7790951083405006,0.0,0.0,0.0,18562.055177801023,5.288820724092512,,ecmwf_ifs025,cwc,30.580902513793806,57.29620663766724
2024-07-20,Ranjit Sagar,0.488,-0.8022181712874006,0.0,0.0,0.0,17292.7502031001,2.3506066225805644,,ecmwf_ifs025,cwc,21.178533022435122,72.1910335177376
2024-07-21,Ranjit Sagar,0.45,-0.8109636425973118,0.0,0.0,0.0,20638.156038614165,7.180671310579199,,ecmwf_ifs025,cwc,25.244052806095084,65.31478181181201
2024-07-22,Ranjit Sagar,0.412,-0.8287592055255921,0.0,0.0,0.0,18779.38022014823,3.675917341003384,,ecmwf_ifs025,cwc,27.97059273456663,63.22789705287196
2024-07-23,Ranjit Sagar,0.374,-0.8266609341460041,0.0,0.0,0.0,25390.209748762016,3.8572921997285103,,ecmwf_ifs025,cwc,37.50946207246102,49.48615998100654
2024-07-24,Ranjit Sagar,0.355,-0.8420344723089088,0.0,0.0,0.0,21302.147601585173,3.8608976754260698,,ecmwf_ifs025,cwc,34.52706543216375,71.25349681993667
2024-07-25,Ranjit Sagar,0.336,-0.8433580132858491,0.0,0.0,0.0,23213.616586408305,3.2026534649990697,,ecmwf_ifs025,cwc,40.8489611892144,58.65791557353098
2024-07-26,Ranjit Sagar,0.336,-0.8398749159922774,0.0,0.0,0.0,22404.575333054538,7.416479201490976,,ecmwf_ifs025,cwc,54.314575151328434,61.81556919059194
2024-07-27,Ranjit Sagar,0.316,-0.8423526766028531,0.0,0.0,0.0,19497.01214288821,3.757170981644982,,ecmwf_ifs025,cwc,69.90815121136102,119.3481300608554
2024-07-28,Ranjit Sagar,0.316,-0.8335471716142936,0.0,0.0,0.0,24102.06757297209,7.99805833886351,,ecmwf_ifs025,cwc,61.75474708022341,98.41569864567924
2024-07-29,Ranjit Sagar,0.336,-0.8038009395539287,0.0,0.0,0.0,27804.507763619706,7.64484344198374,,ecmwf_ifs025,cwc,71.90168208069373,87.26663940526458
2024-07-30,Ranjit Sagar,0.298,-0.7977076160884927,0.0,0.0,0.0,27393.993183641516,16.3103204081028,,ecmwf_ifs025,cwc,101.73710445552683,87.86789314019917
2024-07-31,Ranjit Sagar,0.279,-0.8312249068450563,0.0,0.0,0.0,28986.524307047763,18.97239905372803,,ecmwf_ifs025,cwc,80.69413698851592,85.82151809733962
2024-08-01,Ranjit Sagar,0.298,-0.7859413649838487,0.0,0.0,0.0,40871.936118493584,6.915078203498524,,ecmwf_ifs025,cwc,69.73856344489481,33.59746210754102
2024-08-02,Ranjit Sagar,0.316,-0.8048499438379751,0.0,0.0,0.0,34149.81802015436,17.154843157204663,,ecmwf_ifs025,cwc,68.54271660253383,34.52812170641808
2024-08-03,Ranjit Sagar,0.336,-0.8217020904812788,0.0,0.0,0.0,28533.855915664546,8.455392967797813,,ecmwf_ifs025,cwc,51.922306514911064,26.987116297231157
2024-08-04,Ranjit Sagar,0.374,-0.7895158621003564,0.0,0.0,0.0,26476.115097337643,13.125511084953626,,ecmwf_ifs025,cwc,80.83100291999233,33.932579038648875
2024-08-05,Ranjit Sagar,0.392,-0.7931727980627769,0.0,0.0,0.0,28015.431248233395,14.702005995318688,,ecmwf_ifs025,cwc,73.14464018451382,28.57727839481988
2024-08-06,Ranjit Sagar,0.392,-0.8009434934399579,0.0,0.0,0.0,24478.07895703453,17.74227266359623,,ecmwf_ifs025,cwc,78.67734010014443,45.359732301117944
2024-08-07,Ranjit Sagar,0.412,-0.8079153253829392,0.0,0.0,0.0,20069.67752142219,7.855617008387175,,ecmwf_ifs025,cwc,57.70372012084989,61.73873836411873
2024-08-08,Ranjit Sagar,0.45,-0.7913201004289846,0.0,0.0,0.0,20314.35021313993,8.211849269023888,,ecmwf_ifs025,cwc,53.81745228296453,55.05802308909558
2024-08-09,Ranjit Sagar,0.469,-0.7680508693795186,0.0,0.0,0.0,23377.56481703571,13.891929317833291,,ecmwf_ifs025,cwc,66.46632661456071,57.06847429549734
2024-08-10,Ranjit Sagar,0.488,-0.7744144476178059,0.0,0.0,0.0,24965.97455376993,22.060505888454625,,ecmwf_ifs025,cwc,59.15654098704427,79.91731376028349
2024-08-11,Ranjit Sagar,0.488,-0.7599674753449295,0.0,0.0,0.0,23111.943211689988,5.527159279813851,,ecmwf_ifs025,cwc,64.04413458659138,70.11657349455868
2024-08-12,Ranjit Sagar,0.507,-0.7531341248056599,0.0,0.0,0.0,23938.389939391654,4.660655268024573,,ecmwf_ifs025,cwc_level,53.984242555256486,59.72995358976105
2024-08-13,Ranjit Sagar,0.507,-0.744694743150985,0.0,0.0,0.0,27526.027592501418,18.76079335711095,,ecmwf_ifs025,cwc,70.2824997792243,59.349874369393426
2024-08-14,Ranjit Sagar,0.526,-0.7619856283472534,0.0,0.0,0.0,24693.309191173812,11.118578943780292,,ecmwf_ifs025,cwc,43.15324232484432,72.05866632624284
2024-08-15,Ranjit Sagar,0.567,-0.7366708804340546,0.0,0.0,0.0,28585.107843847432,9.748724808198414,,ecmwf_ifs025,cwc,39.046084604124,66.35659713334114
2024-08-16,Ranjit Sagar,0.603,-0.732734965536238,0.0,0.0,0.0,24778.03832059065,5.868758498426093,,ecmwf_ifs025,cwc,28.373194752355825,55.01085123644555
2024-08-17,Ranjit Sagar,0.621,-0.727830388398954,0.0,0.0,0.0,24542.60619885335,9.479208178970127,,ecmwf_ifs025,cwc,28.113087741583985,47.42386655369556
2024-08-18,Ranjit Sagar,0.621,-0.7381793555124172,0.0,0.0,0.0,22188.369245310718,9.692583806311108,,ecmwf_ifs025,cwc,22.900308179861863,47.74927857904192
2024-08-19,Ranjit Sagar,0.6456184186618198,-0.7271820451312607,0.0,0.0,0.0,23756.707639953438,3.3157508430467444,,ecmwf_ifs025,model,13.624634842748732,27.789468551393227
2024-08-20,Ranjit Sagar,0.6767576456253271,-0.7092197049636434,0.0,0.0,0.0,24281.576495078793,4.828981837135709,,ecmwf_ifs025,model,23.841609229028244,13.152914154893566
2024-08-21,Ranjit Sagar,0.685760279274165,-0.7107508419315911,0.0,0.0,0.0,21109.1191964374,4.692271699949862,,ecmwf_ifs025,model,23.412515810272698,14.253057878768214
2024-08-22,Ranjit Sagar,0.695,-0.7128940552944342,0.0,0.0,0.0,18095.65629605232,2.302042757708523,,ecmwf_ifs025,cwc,22.821969468806476,22.465594524610026
2024-08-23,Ranjit Sagar,0.6892637450027468,-0.7169044067329579,0.0,0.0,0.0,16961.943424668192,1.4879791587741154,,ecmwf_ifs025,model,21.365587540944183,29.59878996593438
2024-08-24,Ranjit Sagar,0.6860479760642438,-0.7126993312602663,0.0,0.0,0.0,17885.393810095236,3.267336400892998,,ecmwf_ifs025,model,30.62459257175354,26.19072349615084
2024-08-25,Ranjit Sagar,0.6822117045417957,-0.7043159491047474,0.0,0.0,0.0,19422.33603641582,9.472354697229502,,ecmwf_ifs025,model,44.600704209753886,30.123738016331043
2024-08-26,Ranjit Sagar,0.6777962991042712,-0.7121400049606162,0.0,0.0,0.0,18476.729751170424,5.729911568905461,,ecmwf_ifs025,model,34.04763529810759,27.954723009233067
2024-08-27,Ranjit Sagar,0.6772212195906339,-0.7083702240708818,0.0,0.0,0.0,20121.80805694506,7.827590633817543,,ecmwf_ifs025,model,33.51932896269365,18.936813860176578
2024-08-28,Ranjit Sagar,0.6782359220401483,-0.7133837291606455,0.0,0.0,0.0,21974.949131552163,11.56429729037024,,ecmwf_ifs025,model,26.652409360429345,22.65353979240809
2024-08-29,Ranjit Sagar,0.645,-0.73349959804895,0.0,0.0,0.0,18021.330178270244,3.450905669376094,,ecmwf_ifs025,cwc,25.515408086977857,38.2561295424251
2024-08-30,Ranjit Sagar,0.6447353063764011,-0.7322759138653253,0.0,0.0,0.0,17999.687675729616,1.47772307047074,,ecmwf_ifs025,model,22.711391306874187,34.088078026683604
2024-08-31,Ranjit Sagar,0.6411422973755968,-0.7356683075212249,0.0,0.0,0.0,17486.82203764428,2.16654475820962,,ecmwf_ifs025,model,20.574613239810734,34.47066979111355
2024-09-01,Ranjit Sagar,0.6338194993250587,-0.7359467589420896,0.0,0.0,0.0,18014.03870375576,5.339839528428862,,ecmwf_ifs025,model,27.48323909734813,42.610783825970216
2024-09-02,Ranjit Sagar,0.6345458620863703,-0.7310706545543771,0.0,0.0,0.0,21200.146261483307,10.730639395186772,,ecmwf_ifs025,model,30.30520636558902,35.577075944788746
2024-09-03,Ranjit Sagar,0.643248127052474,-0.7326929166152352,0.0,0.0,0.0,21802.422269296927,6.088686432060486,,ecmwf_ifs025,model,13.197619620875628,19.983854208758878
2024-09-04,Ranjit Sagar,0.6460041068610652,-0.7363851822967284,0.0,0.0,0.0,19309.583612069888,3.843085190078528,,ecmwf_ifs025,model,9.964699361030544,17.200048643409662
2024-09-05,Ranjit Sagar,0.695,-0.7171141118790924,0.0,0.0,0.0,19439.48581699928,5.866343730070857,,ecmwf_ifs025,cwc,9.398145254012865,15.809989811878424
2024-09-06,Ranjit Sagar,0.695,-0.7183441449519838,0.0,0.0,0.0,18620.697549422544,2.274371076916527,,ecmwf_ifs025,cwc,6.713191959219635,14.673743032915375
2024-09-07,Ranjit Sagar,0.695,-0.7185345845835399,0.0,0.0,0.0,17790.43751036377,1.4864443721469958,,ecmwf_ifs025,cwc,8.04965704257217,10.718218565250938
2024-09-08,Ranjit Sagar,0.695,-0.7179127778066355,0.0,0.0,0.0,17601.865871604583,3.173912410010532,,ecmwf_ifs025,cwc,11.11001731974563,11.826821656801936
2024-09-09,Ranjit Sagar,0.695,-0.7195015682844798,0.0,0.0,0.0,17792.253654973836,4.843760289082404,,ecmwf_ifs025,cwc,9.528318905965085,21.181523833629555
2024-09-10,Ranjit Sagar,0.695,-0.7219391110277266,0.0,0.0,0.0,16740.754021470482,1.7861616498086084,,ecmwf_ifs025,cwc,5.363229239389606,20.36253461359624
2024-09-11,Ranjit Sagar,0.695,-0.7207637580647984,0.0,0.0,0.0,17126.86209505916,0.8060730000957893,,ecmwf_ifs025,cwc,5.159854405978175,14.012754344320735
2024-09-12,Ranjit Sagar,0.67,-0.7318617782227171,0.0,0.0,0.0,16824.87900124698,1.723740607684029,,ecmwf_ifs025,cwc,5.922780384417233,13.644746282185809
2024-09-13,Ranjit Sagar,0.67,-0.7324993453724828,0.0,0.0,0.0,17031.373330508748,2.022517380872454,,ecmwf_ifs025,cwc,4.473487859062548,12.755706601938812
2024-09-14,Ranjit Sagar,0.646,-0.7399970179024065,0.0,0.0,0.0,18153.683455203838,2.1636745015431287,,ecmwf_ifs025,cwc,6.071708809655103,4.438985698546164
2024-09-15,Ranjit Sagar,0.646,-0.739322951483939,0.0,0.0,0.0,16839.865639600528,0.9359310506708272,,ecmwf_ifs025,cwc,10.722973300667155,7.05944338427846
2024-09-16,Ranjit Sagar,0.621,-0.7510940205137092,0.0,0.0,0.0,16620.05981858247,0.9175631885936486,,ecmwf_ifs025,cwc,9.543989449942025,6.405356397660349
2024-09-17,Ranjit Sagar,0.621,-0.7490547339967576,0.0,0.0,0.0,16989.028870115555,3.1851069172837603,,ecmwf_ifs025,cwc,14.26288809419226,6.256294154037311
2024-09-18,Ranjit Sagar,0.603,-0.7602775954802196,0.0,0.0,0.0,17483.550934402872,4.460944405083565,,ecmwf_ifs025,cwc,7.29134170929004,4.830033952910243
2024-09-19,Ranjit Sagar,0.603,-0.7620265179248933,0.0,0.0,0.0,16275.235418150887,0.1383508529996298,,ecmwf_ifs025,cwc,3.5175556807816406,2.877994311989756
2024-09-20,Ranjit Sagar,0.583,-0.7694568647476149,0.0,0.0,0.0,16568.80012369974,0.6547153086588084,,ecmwf_ifs025,cwc,6.358831056682831,0.0
2024-09-21,Ranjit Sagar,0.583,-0.7691223610478989,0.0,0.0,0.0,16388.421971813932,0.9478121919387962,,ecmwf_ifs025,cwc,8.165432120605951,9.481444791606588
2024-09-22,Ranjit Sagar,0.583,-0.7669466167049315,0.0,0.0,0.0,16311.478172972355,0.952840282949586,,ecmwf_ifs025,cwc,14.461881846024266,18.825712492980422
2024-09-23,Ranjit Sagar,0.567,-0.7727824626252408,0.0,0.0,0.0,16276.800140571138,1.0963689373339327,,ecmwf_ifs025,cwc,15.053878719782855,19.16121323753511
2024-09-24,Ranjit Sagar,0.567,-0.7742071257569536,0.0,0.0,0.0,16892.71048987022,3.6424918859537465,,ecmwf_ifs025,cwc,11.451229871656684,19.5681598544762
2024-09-25,Ranjit Sagar,0.567,-0.7760882835838138,0.0,0.0,0.0,16744.495680162785,3.214874787818014,,ecmwf_ifs025,cwc,7.253776832157827,19.5681598544762
2025-06-01,Ranjit Sagar,1.013,-0.5814036803418048,0.0,0.0,0.0,17759.432685708744,4.470380459092636,,ecmwf_ifs025,cwc,13.311072958385722,11.525881721806465
2025-06-02,Ranjit Sagar,1.013,-0.5840014170798363,0.0,0.0,0.0,18029.795115017663,5.873427350700254,,ecmwf_ifs025,cwc,8.525515169663606,9.606391555606413
2025-06-03,Ranjit Sagar,1.013,-0.5858610529085019,0.0,0.0,0.0,17444.71716741423,3.469229074275273,,ecmwf_ifs025,cwc,4.747953416471564,7.21211606201002
2025-06-04,Ranjit Sagar,0.988,-0.5978297298693899,0.0,0.0,0.0,16853.341474211706,1.4515662417705315,,ecmwf_ifs025,cwc,2.0848056555398586,4.4228358085774575
2025-06-05,Ranjit Sagar,0.988,-0.5981709480005171,0.0,0.0,0.0,16658.002448469164,0.0332327257758719,,ecmwf_ifs025,cwc,0.6872446588821297,0.3515315811609404
2025-06-06,Ranjit Sagar,0.988,-0.5986250312647827,0.0,0.0,0.0,16276.394493690925,0.0671124178347642,,ecmwf_ifs025,cwc,1.1330138342223328,0.0
2025-06-07,Ranjit Sagar,0.988,-0.5987842985538352,0.0,0.0,0.0,16174.208150284772,0.2411787523742376,,ecmwf_ifs025,cwc,1.5970426555907737,0.0
2025-06-08,Ranjit Sagar,0.988,-0.5986250504726094,0.0,0.0,0.0,16055.020309585409,0.18657042284515,,ecmwf_ifs025,cwc,2.690740451487021,2.6203050367021565
2025-06-09,Ranjit Sagar,0.964,-0.6082568090948672,0.0,0.0,0.0,16053.384427552204,0.2215671824044501,,ecmwf_ifs025,cwc,4.436267866650903,9.000115370449363
2025-06-10,Ranjit Sagar,0.964,-0.6078387890275536,0.0,0.0,0.0,16102.46606191309,0.4492283350002977,,ecmwf_ifs025,cwc,5.059726888236294,9.000115370449363
2025-06-11,Ranjit Sagar,0.939,-0.6179618254348322,0.0,0.0,0.0,16258.015752065105,1.121682086446846,,ecmwf_ifs025,cwc,6.4174800129675145,15.876759772624316
2025-06-12,Ranjit Sagar,0.956,-0.6099344144359606,0.0,0.0,0.0,16504.83387742909,2.1836743059372985,,ecmwf_ifs025,cwc,9.249337342102228,25.57318896794504
2025-06-13,Ranjit Sagar,0.915,-0.6261366021102028,0.0,0.0,0.0,16477.22775322717,0.9403819318894744,,ecmwf_ifs025,cwc,10.40326270524589,26.431733829794588
2025-06-14,Ranjit Sagar,0.915,-0.6219692456484395,0.0,0.0,0.0,17225.069545027218,1.6467666068630609,,ecmwf_ifs025,cwc,15.334263223313682,21.922356863677983
2025-06-15,Ranjit Sagar,0.915,-0.6124649610839072,0.0,0.0,0.0,19464.03022085665,11.579176910802875,,ecmwf_ifs025,cwc,32.24690737114681,22.098158372219498
2025-06-16,Ranjit Sagar,0.892,-0.6305447235286232,0.0,0.0,0.0,19458.505582470607,8.066410840129917,,ecmwf_ifs025,cwc,16.9649734968483,20.343894585609217
2025-06-17,Ranjit Sagar,0.892,-0.6334617612598944,0.0,0.0,0.0,18040.968854127885,1.1371942328497553,,ecmwf_ifs025,cwc,9.276233201270632,13.35406697673703
2025-06-18,Ranjit Sagar,0.892,-0.6310122949612833,0.0,0.0,0.0,17813.100933895752,1.8939530902700767,,ecmwf_ifs025,cwc,15.512074934867575,13.27569908615816
2025-06-19,Ranjit Sagar,0.866,-0.6420158707583777,0.0,0.0,0.0,18216.73335822582,4.6153907413432185,,ecmwf_ifs025,cwc,18.16687665527838,12.580207712719565
2025-06-20,Ranjit Sagar,0.866,-0.6409553512259456,0.0,0.0,0.0,17508.400664438985,3.893568911790112,,ecmwf_ifs025,cwc,23.55244359144961,26.774368482822812
2025-06-21,Ranjit Sagar,0.866,-0.6299929994295872,0.0,0.0,0.0,18378.389072688744,5.096493449074453,,ecmwf_ifs025,cwc,45.479770071099836,33.32855684735942
2025-06-22,Ranjit Sagar,0.866,-0.629028058780022,0.0,0.0,0.0,17466.204963279255,3.247793767595536,,ecmwf_ifs025,cwc,41.868018590608216,32.84392442358927
2025-06-23,Ranjit Sagar,0.866,-0.6231593073887726,0.0,0.0,0.0,18825.610103897005,7.49153458239162,,ecmwf_ifs025,cwc,47.43111156752471,35.52236390783069
2025-06-24,Ranjit Sagar,0.866,-0.6124946242139405,0.0,0.0,0.0,19645.124495005824,11.400164423959524,,ecmwf_ifs025,cwc,60.557526840427926,43.16936481779116
2025-06-25,Ranjit Sagar,0.866,-0.6135449483582692,0.0,0.0,0.0,26749.310908912044,24.058260750625863,,ecmwf_ifs025,cwc,50.257224988989975,44.987180857733264
2025-06-26,Ranjit Sagar,0.866,-0.632264913727754,0.0,0.0,0.0,21729.60238107343,8.260564512672524,,ecmwf_ifs025,cwc,24.69526715873039,43.90381189005534
2025-06-27,Ranjit Sagar,0.866,-0.6370360001985061,0.0,0.0,0.0,19207.71546930963,4.702202622326277,,ecmwf_ifs025,cwc,23.679946749189313,44.206475128838
2025-06-28,Ranjit Sagar,0.842,-0.6460512663166533,0.0,0.0,0.0,19153.769930876737,4.266525974296819,,ecmwf_ifs025,cwc,26.207313658838693,45.978456597660276
2025-06-29,Ranjit Sagar,0.842,-0.6456830488295662,0.0,0.0,0.0,19411.048641079182,3.4516847702738973,,ecmwf_ifs025,cwc,23.72017902823599,40.69767082910715
2025-06-30,Ranjit Sagar,0.842,-0.6410789057713642,0.0,0.0,0.0,20998.197451940785,3.330219561791162,,ecmwf_ifs025,cwc,25.195470991511566,27.324041791222957
2025-07-01,Ranjit Sagar,0.842,-0.6354926007942495,0.0,0.0,0.0,21467.467982471055,5.51918460271449,,ecmwf_ifs025,cwc,38.391002477002644,27.509024173470088
2025-07-02,Ranjit Sagar,0.842,-0.631375335042118,0.0,0.0,0.0,20242.239637752733,5.9229039612769485,,ecmwf_ifs025,cwc,51.74031342670058,27.238088986470466
2025-07-03,Ranjit Sagar,0.817,-0.6407001142074453,0.0,0.0,0.0,19553.5046763299,3.659626295061614,,ecmwf_ifs025,cwc,48.8873919098004,25.311737021962877
2025-07-04,Ranjit Sagar,0.817,-0.6372893319935928,0.0,0.0,0.0,20189.219120377307,7.312142577089551,,ecmwf_ifs025,cwc,55.42636182648668,24.78358171311622
2025-07-05,Ranjit Sagar,0.817,-0.6235376764703502,0.0,0.0,0.0,19919.931066238074,8.669640062260186,,ecmwf_ifs025,cwc,72.16221480741885,35.61275828365315
2025-07-06,Ranjit Sagar,0.817,-0.637742779986481,0.0,0.0,0.0,21443.325272891892,10.230644199035831,,ecmwf_ifs025,cwc,48.49159647150094,33.24282436457586
2025-07-07,Ranjit Sagar,0.842,-0.6463850584142475,0.0,0.0,0.0,18866.991019414338,5.460860682911731,,ecmwf_ifs025,cwc,24.26285540212963,37.83237011486477
2025-07-08,Ranjit Sagar,0.842,-0.6462718245580334,0.0,0.0,0.0,20971.783367080887,10.666779470822949,,ecmwf_ifs025,cwc,23.804881113365376,33.48840959713194
2025-07-09,Ranjit Sagar,0.842,-0.6492337923872545,0.0,0.0,0.0,19636.344489626917,8.32005657323324,,ecmwf_ifs025,cwc,22.248322895748707,31.97034903202963
2025-07-10,Ranjit Sagar,0.866,-0.6355454372728728,0.0,0.0,0.0,19957.558048649917,3.720419738469252,,ecmwf_ifs025,cwc,23.41614963443284,21.557289051367565
2025-07-11,Ranjit Sagar,0.866,-0.6326381681898717,0.0,0.0,0.0,18847.30305066913,2.0432944739339405,,ecmwf_ifs025,cwc,30.88463471618025,19.334203719105627
2025-07-12,Ranjit Sagar,0.8684756619381206,-0.6224062126720663,0.0,0.0,0.0,20479.74437845463,6.028520408735641,,ecmwf_ifs025,model,45.62514968879975,15.947829336833113
2025-07-13,Ranjit Sagar,0.8659505213030584,-0.6209434329598539,0.0,0.0,0.0,18745.96472485138,4.843273230565481,,ecmwf_ifs025,model,51.957588082312085,21.00978295979524
2025-07-14,Ranjit Sagar,0.8604486672997159,-0.6187065802540761,0.0,0.0,0.0,19940.30550720217,8.960844315306241,,ecmwf_ifs025,model,55.77262063486173,19.76600056698645
2025-07-15,Ranjit Sagar,0.8557042382147583,-0.6295255978142066,0.0,0.0,0.0,19327.711397680683,8.415858066683754,,ecmwf_ifs025,model,43.73902091802992,16.705411213771452
2025-07-16,Ranjit Sagar,0.8529910389489027,-0.6252219007149832,0.0,0.0,0.0,20093.638026505712,9.741647616672404,,ecmwf_ifs025,model,55.287955801136754,58.74264969876338
2025-07-17,Ranjit Sagar,0.8490097666123928,-0.6226488695750629,0.0,0.0,0.0,17986.587990191372,4.053618031865915,,ecmwf_ifs025,model,67.08886877696591,70.83301602009269
2025-07-18,Ranjit Sagar,0.8467744687864571,-0.6079006225136985,0.0,0.0,0.0,18244.944640005226,3.2316377759732173,,ecmwf_ifs025,model,79.87724389371814,78.68843223038365
2025-07-19,Ranjit Sagar,0.8408202547412155,-0.6254568154007316,0.0,0.0,0.0,19819.254449735436,10.516560823776691,,ecmwf_ifs025,model,58.93253783606447,87.28883130791952
2025-07-20,Ranjit Sagar,0.8329119502089078,-0.6351341688663525,0.0,0.0,0.0,24116.644223848438,25.500263837746107,,ecmwf_ifs025,model,49.13775940425367,89.34180866485156
2025-07-21,Ranjit Sagar,0.8609776541985823,-0.6168881774956985,0.0,0.0,0.0,30635.70374774577,10.084665524098494,,ecmwf_ifs025,model,25.87628772639577,44.22603348827034
2025-07-22,Ranjit Sagar,0.894509824877826,-0.6125801607180877,0.0,0.0,0.0,24769.89429831046,3.2385955041150583,,ecmwf_ifs025,model,22.87989748816225,31.052147501179338
2025-07-23,Ranjit Sagar,0.9224191459423631,-0.5979419262611784,0.0,0.0,0.0,24967.10224656161,3.137658624102837,,ecmwf_ifs025,model,29.179144161209116,30.555683657914244
2025-07-24,Ranjit Sagar,0.9436926714412536,-0.5839106434897647,0.0,0.0,0.0,21336.48687752489,1.673794701325718,,ecmwf_ifs025,model,53.32655142031407,46.473308985
2025-07-25,Ranjit Sagar,0.948568615193975,-0.5843529202924173,0.0,0.0,0.0,21348.392466323836,4.979587481687123,,ecmwf_ifs025,model,50.786380929697245,88.90042132406978
2025-07-26,Ranjit Sagar,0.9496435759610085,-0.5665356492963944,0.0,0.0,0.0,18619.31622811844,3.716169022422468,,ecmwf_ifs025,model,83.09266268148554,98.29695893087224
2025-07-27,Ranjit Sagar,0.9455733085119288,-0.5380424491988623,0.0,0.0,0.0,18195.34642587833,4.307547450953996,,ecmwf_ifs025,model,104.89148629939368,132.38174263710826
2025-07-28,Ranjit Sagar,0.9508487828704516,-0.5584685687426323,0.0,0.0,0.0,22255.163953403473,10.663389147155703,,ecmwf_ifs025,model,69.48326966075906,160.6139593874004
2025-07-29,Ranjit Sagar,0.9700470194384231,-0.5504062403528943,0.0,0.0,0.0,28985.377840818164,17.248067932178856,,ecmwf_ifs025,model,54.677562860666214,140.82279305117828
2025-07-30,Ranjit Sagar,1.022872320610606,-0.5231347738907747,0.0,0.0,0.0,39355.94727284433,14.287321462936005,,ecmwf_ifs025,model,35.8100889603809,101.45503449924544
2025-07-31,Ranjit Sagar,1.0681540133784644,-0.5222222286509876,0.0,0.0,0.0,31404.56428616529,9.489208814689077,,ecmwf_ifs025,model,34.525139477024794,97.79272638203769
2025-08-01,Ranjit Sagar,1.1423509629980526,-0.4774242487762524,0.0,0.0,0.0,38080.16144694847,6.314448654764052,,ecmwf_ifs025,model,32.241937544784385,83.0354657449843
2025-08-06,Ranjit Sagar,1.5302499999999999,-0.3388256653022627,0.0,0.0,0.0,23655.068614507065,2.2993954773055525,,ecmwf_ifs025,press,35.27064744666792,26.639737008189954
2025-08-07,Ranjit Sagar,1.5437871973343704,-0.33705812565961824,0.0,0.0,0.0,19342.247819137792,2.0390513232302925,,ecmwf_ifs025,model,39.62267211083716,65.15512735525073
2025-08-08,Ranjit Sagar,1.5408156250343965,-0.32826679741492165,0.0,0.0,0.0,18704.367763149778,3.86842622740501,,ecmwf_ifs025,model,63.434056039344384,67.03858413882035
2025-08-09,Ranjit Sagar,1.5367758619280887,-0.30254096882217724,0.0,0.0,0.0,19719.237253314426,7.785024029313258,,ecmwf_ifs025,model,113.7932815006649,75.62570224023844
2025-08-10,Ranjit Sagar,1.5363632054194767,-0.30817569676018564,0.0,0.0,0.0,20761.489457180218,8.713441860050358,,ecmwf_ifs025,model,83.03458723861812,94.38139812104686
2025-08-11,Ranjit Sagar,1.5422864624137627,-0.2645567962034071,0.0,0.0,0.0,23859.03071334977,16.188803421606213,,ecmwf_ifs025,model,107.90231528265473,95.8999909265483
2025-08-12,Ranjit Sagar,1.576169744653636,-0.2581705277895288,0.0,0.0,0.0,31740.423457405694,10.269230713912378,,ecmwf_ifs025,model,70.16685631802517,81.6701793910312
2025-08-13,Ranjit Sagar,1.5947786052044057,-0.2587013082377514,0.0,0.0,0.0,31824.718437971846,21.590653680165484,,ecmwf_ifs025,model,88.72136240035968,97.11406302420191
2025-08-14,Ranjit Sagar,1.6101961814351777,-0.24979064652246274,0.0,0.0,0.0,28573.604671958663,13.265786310986227,,ecmwf_ifs025,model,98.94855165389043,94.00225825624914
2025-08-15,Ranjit Sagar,1.6502315223913635,-0.22990421270576736,0.0,0.0,0.0,32543.982933856172,12.868834942910423,,ecmwf_ifs025,model,76.15731964207583,76.28074729798497
2025-08-16,Ranjit Sagar,1.6828809285504314,-0.2341777849143494,0.0,0.0,0.0,33176.962617602054,15.65564866488953,,ecmwf_ifs025,model,60.64743700269734,63.59247936140554
2025-08-17,Ranjit Sagar,1.7382460002691966,-0.21859300885038807,0.0,0.0,0.0,39493.58564636322,22.964115405713823,,ecmwf_ifs025,model,45.96590505523132,35.753706327572
2025-08-18,Ranjit Sagar,1.7783859558018729,-0.2246371275118412,0.0,0.0,0.0,28851.14360660981,7.006776404413903,,ecmwf_ifs025,model,36.24237045212848,31.633939612930014
2025-08-19,Ranjit Sagar,1.8020806524728188,-0.20312943680844595,0.0,0.0,0.0,23279.98826373796,3.0489704804913385,,ecmwf_ifs025,model,65.51892552566909,53.63713623953189
2025-08-20,Ranjit Sagar,1.8195385572266232,-0.19291423375949568,0.0,0.0,0.0,20239.115205240676,1.4467871454752197,,ecmwf_ifs025,model,70.00016002282834,105.2343911891723
2025-08-21,Ranjit Sagar,1.8201104084988846,-0.19091368228624062,0.0,0.0,0.0,19260.426125643004,4.0563929450730205,,ecmwf_ifs025,model,83.4362126080039,189.37028737334708
2025-08-22,Ranjit Sagar,1.8154652006953516,-0.1546871598060378,0.0,0.0,0.0,21044.684226768284,11.310807768658131,,ecmwf_ifs025,model,120.89962695379303,228.48128828382073
2025-08-23,Ranjit Sagar,1.8207188439305122,-0.14647574897605373,0.0,0.0,0.0,24371.097553845095,16.61507233532362,,ecmwf_ifs025,model,108.7088466620009,217.94028965677154
2025-08-24,Ranjit Sagar,1.844393899436358,-0.09637310549885181,0.0,0.0,0.0,42976.62785266771,42.48815031387544,,ecmwf_ifs025,model,113.8135555415563,204.05637961922872
2025-08-25,Ranjit Sagar,1.921949996108127,-0.02900861917813268,0.0,0.0,0.0,79040.48313817635,58.846327284798335,,ecmwf_ifs025,model,99.33419834258575,197.93088069789064
2025-08-26,Ranjit Sagar,2.113477031074053,0.02747369407222552,0.06439833890529734,13720.95574786733,0.0,67471.42812452819,2.646015724982805,4.0,ecmwf_ifs025,model,49.47069590225921,141.0341726603655
2025-08-27,Ranjit Sagar,2.277,0.08220946738359293,0.1926989915471422,24332.73214193257,19215.65897058525,66295.12620375112,6.783865625698464,1.0,ecmwf_ifs025,press,48.84452710708469,119.2318697150198
2025-08-28,Ranjit Sagar,2.344,0.07054997414989041,0.16536913940734355,24631.03023087393,24631.03023087393,44325.2813721449,9.02454945217423,1.0,ecmwf_ifs025,model,56.21872767612506,148.63649336283655
2025-08-29,Ranjit Sagar,2.344,0.06512428103454192,0.15265131474496707,18849.72838166216,18727.562505229987,38421.8136465009,8.913947486738357,1.0,ecmwf_ifs025,model,64.17424540017068,170.56829156319236
2025-08-30,Ranjit Sagar,2.344,0.19780952697582901,0.463665531231344,56920.0559610679,39074.5763350097,58768.82747628061,13.76030007084958,1.0,ecmwf_ifs025,model,122.17529601921999,129.14310199524868
2025-08-31,Ranjit Sagar,2.344,0.19798612670762547,0.46407948100267493,67036.28453314246,34861.38439608416,54555.635537355054,23.99217176838313,1.0,ecmwf_ifs025,model,122.63865322221771,105.06920651949619
2025-09-01,Ranjit Sagar,2.344,0.113049492631061,0.2649880107272069,41204.70013455275,41204.70013455275,60898.95127582379,41.434178034098124,1.0,ecmwf_ifs025,model,81.26342386719054,89.12720092252965
2025-09-02,Ranjit Sagar,2.344,0.05985196801148024,0.14029301301890973,32734.596820086863,32734.596820086863,52428.84796135788,22.000401883684138,1.0,ecmwf_ifs025,model,43.96444098874143,64.98200477492192
2025-09-03,Ranjit Sagar,2.344,0.04154606775848564,0.09738398282589067,23511.15969439483,23511.15969439483,43205.410835665694,5.9498746109098,1.0,ecmwf_ifs025,model,30.48758773137221,29.200360577367935
2025-09-04,Ranjit Sagar,2.344,0.015953731712677017,0.04134874940314637,8979.557810538805,8979.557810538805,28673.80895180981,2.663342460646552,1.0,ecmwf_ifs025,model,24.022786885434527,19.03438736877838
2025-09-05,Ranjit Sagar,2.344,0.002734072143058515,0.015684392469751174,5188.598583719524,5188.598583719524,24882.849724990392,5.839554691821576,1.0,ecmwf_ifs025,model,22.064836644681144,15.39210306640327
2025-09-06,Ranjit Sagar,2.344,-0.007141034161030915,0.0002681142111988777,96.70525722436254,12.882289208313006,19707.133430479345,3.0937427277060405,1.0,ecmwf_ifs025,model,18.275720800292486,16.95237509002759
2025-09-07,Ranjit Sagar,2.344,-0.007066657368913729,0.002774703351156038,1134.117177049456,1134.117177049456,20828.368318320463,5.201213072567749,1.0,ecmwf_ifs025,model,19.486941858180593,9.897581244551041
2025-09-08,Ranjit Sagar,2.342645501414021,-0.010746536298547686,0.0,0.0,0.0,17557.49501944949,2.161570962199461,,ecmwf_ifs025,model,21.818762957088396,11.698787347195434
2025-09-09,Ranjit Sagar,2.337475519803884,-0.00908916299753151,0.0,0.0,0.0,17473.98428089872,2.772223368050492,,ecmwf_ifs025,model,29.691613284972664,28.361386940888657
2025-09-10,Ranjit Sagar,2.330211759801462,-0.012166570790002348,0.0,0.0,0.0,17110.906467007484,3.023388387744834,,ecmwf_ifs025,model,30.129481092251442,42.44083446680315
2025-09-11,Ranjit Sagar,2.3247760641892636,-0.012712127513171488,0.0,0.0,0.0,18058.417689239704,4.7277462267491535,,ecmwf_ifs025,model,30.691358076895526,47.62959844538952
2025-09-12,Ranjit Sagar,2.3179126562815404,-0.02073201577624629,0.0,0.0,0.0,17763.463270164928,5.375327560660101,,ecmwf_ifs025,model,22.506533551146177,48.11860586729136
2025-09-13,Ranjit Sagar,2.3121483711956503,-0.0256112314566927,0.0,0.0,0.0,17930.096568211473,4.746330175737455,,ecmwf_ifs025,model,16.542018721203874,52.92226599387678
2025-09-14,Ranjit Sagar,2.31775895506324,-0.01724524465431146,0.0,0.0,0.0,21821.71724938976,8.029437886375451,,ecmwf_ifs025,model,16.333453170669827,38.52425735013658
2025-09-15,Ranjit Sagar,2.3287523539785835,-0.013869059826713782,0.0,0.0,0.0,21770.699916295896,4.968872755243315,,ecmwf_ifs025,model,11.348524930682183,28.002855394162264
2025-09-16,Ranjit Sagar,2.338496597335718,-0.013428392812305054,0.0,0.0,0.0,20171.344496964743,2.0014716605985705,,ecmwf_ifs025,model,7.20706098213112,18.601698316494303
2025-09-17,Ranjit Sagar,2.339063076103585,-0.017024164858392272,0.0,0.0,0.0,18695.411957270717,2.862236597333029,,ecmwf_ifs025,model,6.658572856987111,17.140763173001723
2024-06-01,Ranjit Sagar,0.964,-0.5982223554464743,0.0,0.0,0.0,16151.387410162957,0.2693034332562704,,gfs_seamless,cwc,25.4321719812483,18.56404198163369
2024-06-02,Ranjit Sagar,0.964,-0.5952793548406792,0.0,0.0,0.0,16306.990546444105,0.5286081005552041,,gfs_seamless,cwc,28.745685798355133,17.752474470602213
2024-06-03,Ranjit Sagar,0.939,-0.61117019907701,0.0,0.0,0.0,17270.92120291476,4.9217630471246085,,gfs_seamless,cwc,19.35963754239684,17.752474470602213
2024-06-04,Ranjit Sagar,0.939,-0.6141968891360776,0.0,0.0,0.0,18531.008762594385,9.710165074061257,,gfs_seamless,cwc,13.243403351590834,17.250991265998266
2024-06-05,Ranjit Sagar,0.939,-0.6171320189368528,0.0,0.0,0.0,17388.99607049947,4.065167261682342,,gfs_seamless,cwc,5.986731150429801,13.89885349251764
2024-06-06,Ranjit Sagar,0.964,-0.6046826057082398,0.0,0.0,0.0,18128.683302640304,0.9366193099198906,,gfs_seamless,cwc,3.952633444167047,0.40577276263859
2024-06-07,Ranjit Sagar,0.964,-0.6074137595517252,0.0,0.0,0.0,16944.935846839173,0.8058449610931371,,gfs_seamless,cwc,2.1968500557620434,2.216513877301653
2024-06-08,Ranjit Sagar,0.964,-0.6086700352563196,0.0,0.0,0.0,16665.84767061938,0.905530898673591,,gfs_seamless,cwc,1.2345996797242185,2.216513877301653
2024-06-09,Ranjit Sagar,0.964,-0.6092209840863823,0.0,0.0,0.0,16155.663686310632,0.4727827288106387,,gfs_seamless,cwc,1.018306059264539,2.217784954582936
2024-06-10,Ranjit Sagar,0.964,-0.6086028187179213,0.0,0.0,0.0,16099.579583727706,0.3441128973567036,,gfs_seamless,cwc,3.0242128950842235,2.2818894559810903
2024-06-11,Ranjit Sagar,0.964,-0.6067666572901108,0.0,0.0,0.0,16049.034518686352,0.213747206504239,,gfs_seamless,cwc,7.582742948913222,2.264061837863455
2024-06-12,Ranjit Sagar,0.9543333333333334,-0.611880911438827,0.0,0.0,0.0,16433.948341284664,0.9393219352665518,,gfs_seamless,cwc_level,3.902209281554168,0.10937485482359341
2024-06-13,Ranjit Sagar,0.939,-0.618512732193123,0.0,0.0,0.0,16560.039960594902,2.03010336329842,,gfs_seamless,cwc,4.568565639707292,2.386244353538519
2024-06-14,Ranjit Sagar,0.9210833333333334,-0.6260263342233021,0.0,0.0,0.0,16257.77682839264,0.8827992718860631,,gfs_seamless,cwc_level,5.689045814624929,3.4539901023029964
2024-06-15,Ranjit Sagar,0.915,-0.6274992635010619,0.0,0.0,0.0,16161.29725054877,0.6495160769294716,,gfs_seamless,cwc,8.58284309622167,12.6962578281631
2024-06-16,Ranjit Sagar,0.892,-0.6334766728239256,0.0,0.0,0.0,16155.39017064455,0.6421238305719831,,gfs_seamless,cwc,17.036625408219294,14.043921759249987
2024-06-17,Ranjit Sagar,0.892,-0.6337793109408786,0.0,0.0,0.0,16352.237456075616,1.5010703234601286,,gfs_seamless,cwc,15.617046990561155,14.802247018169515
2024-06-18,Ranjit Sagar,0.866,-0.6457539755101658,0.0,0.0,0.0,17204.752190849627,4.064772670068482,,gfs_seamless,cwc,12.330407472833082,12.658557744559877
2024-06-19,Ranjit Sagar,0.842,-0.655886236566365,0.0,0.0,0.0,17660.303328351238,5.974766157544963,,gfs_seamless,cwc,12.316666724197795,13.531380544172594
2024-06-20,Ranjit Sagar,0.842,-0.6562642824510435,0.0,0.0,0.0,18066.464365804008,3.1333194251835024,,gfs_seamless,cwc,7.322432623140341,6.155186118236765
2024-06-21,Ranjit Sagar,0.842,-0.6563887574187981,0.0,0.0,0.0,18040.62002921161,5.0300224026206575,,gfs_seamless,cwc,8.896183730254958,4.807522187149877
2024-06-22,Ranjit Sagar,0.842,-0.6583806275137725,0.0,0.0,0.0,17449.018649642112,3.52588260658576,,gfs_seamless,cwc,6.498573314359566,7.979092097449483
2024-06-23,Ranjit Sagar,0.817,-0.6675755122519982,0.0,0.0,0.0,16543.448926694102,1.601541589682828,,gfs_seamless,cwc,14.325090215997736,8.502113581115841
2024-06-24,Ranjit Sagar,0.7909999999999999,-0.6722822753784243,0.0,0.0,0.0,16755.89207396737,1.724005322779823,,gfs_seamless,cwc_level,26.505649168286883,13.076239811452481
2024-06-25,Ranjit Sagar,0.768,-0.6723016267512036,0.0,0.0,0.0,17005.918776423707,2.846086675244558,,gfs_seamless,cwc,42.48239343293697,13.66469242308964
2024-06-26,Ranjit Sagar,0.744,-0.6743724996749868,0.0,0.0,0.0,18773.93347937463,10.47790807619077,,gfs_seamless,cwc,53.43762353011567,19.013086491843175
2024-06-27,Ranjit Sagar,0.719,-0.6898713261220724,0.0,0.0,0.0,17929.522708768327,5.451823492202661,,gfs_seamless,cwc,44.1838487690784,20.775124880232518
2024-06-28,Ranjit Sagar,0.719,-0.6790892862800638,0.0,0.0,0.0,18381.24942178163,7.990172159019485,,gfs_seamless,cwc,59.631600467037686,25.49370183605167
2024-06-29,Ranjit Sagar,0.719,-0.6816962511440884,0.0,0.0,0.0,18400.871661894576,5.225766192351296,,gfs_seamless,cwc,54.12933425843384,28.56220146637477
2024-06-30,Ranjit Sagar,0.695,-0.6862909420695947,0.0,0.0,0.0,19047.00809642419,8.413031317931676,,gfs_seamless,cwc,66.59703588130063,34.711781697254736
2024-07-01,Ranjit Sagar,0.695,-0.6686423044394391,0.0,0.0,0.0,19651.736670780367,8.409933597573797,,gfs_seamless,cwc,88.48503342126966,65.53101012512263
2024-07-02,Ranjit Sagar,0.695,-0.6748295203404392,0.0,0.0,0.0,19153.38605434159,6.43706950536751,,gfs_seamless,cwc,70.98897401577905,60.16751580772317
2024-07-03,Ranjit Sagar,0.67,-0.697019546297561,0.0,0.0,0.0,19617.5753146735,7.004999239150853,,gfs_seamless,cwc,53.53344866885917,55.484910762588264
2024-07-04,Ranjit Sagar,0.719,-0.6691906075164641,0.0,0.0,0.0,24936.649219858733,19.52888366026834,,gfs_seamless,cwc,55.317845234941295,48.91688156843066
2024-07-05,Ranjit Sagar,0.719,-0.6868972593026391,0.0,0.0,0.0,25716.042763623285,19.568211722599862,,gfs_seamless,cwc,33.70605878990754,41.161908172027715
2024-07-06,Ranjit Sagar,0.744,-0.6747576184485901,0.0,0.0,0.0,26840.420855340835,4.111078265632142,,gfs_seamless,cwc,19.975764595862533,5.87462901434433
2024-07-07,Ranjit Sagar,0.744,-0.6710614349488611,0.0,0.0,0.0,20541.255478040748,3.255949638977799,,gfs_seamless,cwc,42.12187127755634,6.667664178790783
2024-07-08,Ranjit Sagar,0.744,-0.6700835405119551,0.0,0.0,0.0,20206.24275777548,5.136108375985471,,gfs_seamless,cwc,49.852726213108525,14.125947192127917
2024-07-09,Ranjit Sagar,0.744,-0.6728764633755258,0.0,0.0,0.0,19153.575919970524,5.559074701003543,,gfs_seamless,cwc,48.56477363371484,11.183513038163358
2024-07-10,Ranjit Sagar,0.719,-0.6926130023591671,0.0,0.0,0.0,19635.616638940006,7.768947243669345,,gfs_seamless,cwc,36.512680507505074,10.283609406016907
2024-07-11,Ranjit Sagar,0.7087142857142857,-0.7073028279811886,0.0,0.0,0.0,18569.651414480635,9.179683227864396,,gfs_seamless,cwc_level,22.73614719511308,9.450135275549393
2024-07-12,Ranjit Sagar,0.67,-0.725546184160598,0.0,0.0,0.0,17468.749626974164,4.936933199746057,,gfs_seamless,cwc,21.048897660467972,9.582230346617845
2024-07-13,Ranjit Sagar,0.695,-0.7120741428608942,0.0,0.0,0.0,17609.66412693603,2.0015373755278123,,gfs_seamless,cwc,23.326873652153573,20.13904783973838
2024-07-14,Ranjit Sagar,0.67,-0.7220584544899152,0.0,0.0,0.0,17237.80119064569,3.168379296388569,,gfs_seamless,cwc,26.285578701286596,20.12703068254943
2024-07-15,Ranjit Sagar,0.67,-0.7207244807519456,0.0,0.0,0.0,17102.353831537675,3.224191809926363,,gfs_seamless,cwc,29.137867951106596,20.113697067259285
2024-07-16,Ranjit Sagar,0.62,-0.7439805648387355,0.0,0.0,0.0,17062.86196280187,3.828229042345497,,gfs_seamless,cwc,28.038010930338718,32.60978668735314
2024-07-17,Ranjit Sagar,0.603,-0.7532871578807877,0.0,0.0,0.0,17465.00101984867,4.784491420526932,,gfs_seamless,cwc,24.375301355231976,35.607494266898
2024-07-18,Ranjit Sagar,0.567,-0.7582135109071237,0.0,0.0,0.0,19627.143652589424,3.660987610959565,,gfs_seamless,cwc,29.134671838139628,53.043700056910474
2024-07-19,Ranjit Sagar,0.526,-0.7770092311677905,0.0,0.0,0.0,18385.50371388137,4.747527398479855,,gfs_seamless,cwc,32.73889883697951,57.29620663766724
2024-07-20,Ranjit Sagar,0.488,-0.7903745725146067,0.0,0.0,0.0,18978.0818442742,7.518689058356409,,gfs_seamless,cwc,39.04150271014754,72.1910335177376
2024-07-21,Ranjit Sagar,0.45,-0.7917464014182034,0.0,0.0,0.0,21344.776696283512,9.019330602330758,,gfs_seamless,cwc,50.81501001473083,65.31478181181201
2024-07-22,Ranjit Sagar,0.412,-0.8185041791012909,0.0,0.0,0.0,21001.978692034834,9.256453367138624,,gfs_seamless,cwc,40.46268464974618,63.22789705287196
2024-07-23,Ranjit Sagar,0.374,-0.8129870424537031,0.0,0.0,0.0,27395.336520130215,8.039013021882827,,gfs_seamless,cwc,43.92433757941812,49.48615998100654
2024-07-24,Ranjit Sagar,0.355,-0.8388652753066136,0.0,0.0,0.0,21431.864183411384,4.120690925816777,,gfs_seamless,cwc,33.858014848208434,71.25349681993667
2024-07-25,Ranjit Sagar,0.336,-0.8374431544062255,0.0,0.0,0.0,23517.422068777963,3.736873424905628,,gfs_seamless,cwc,43.24179810371653,58.65791557353098
2024-07-26,Ranjit Sagar,0.336,-0.8327461990592624,0.0,0.0,0.0,22117.044016355372,6.880698911137135,,gfs_seamless,cwc,55.46515207346494,61.81556919059194
2024-07-27,Ranjit Sagar,0.316,-0.8280116873143196,0.0,0.0,0.0,23193.7140183745,10.77261219216892,,gfs_seamless,cwc,77.07615004002727,119.3481300608554
2024-07-28,Ranjit Sagar,0.316,-0.8021282890806469,0.0,0.0,0.0,25760.23431800251,11.579982087683764,,gfs_seamless,cwc,93.45949925195151,98.41569864567924
2024-07-29,Ranjit Sagar,0.336,-0.6972523431350529,0.0,0.0,0.0,48045.31074535017,43.51227294262219,,gfs_seamless,cwc,136.7236456237942,87.26663940526458
2024-07-30,Ranjit Sagar,0.298,-0.8366196920348328,0.0,0.0,0.0,25356.024314047852,12.279926685208949,,gfs_seamless,cwc,60.972503789143815,87.86789314019917
2024-07-31,Ranjit Sagar,0.279,-0.8147993677066075,0.0,0.0,0.0,27284.97671035935,15.702449747280143,,gfs_seamless,cwc,95.4491005008372,85.82151809733962
2024-08-01,Ranjit Sagar,0.298,-0.7820107366372276,0.0,0.0,0.0,41953.31844733474,8.286770257213036,,gfs_seamless,cwc,67.98849534242383,33.59746210754102
2024-08-02,Ranjit Sagar,0.316,-0.8285620556292403,0.0,0.0,0.0,33880.94581704624,16.7656523353754,,gfs_seamless,cwc,47.73457771721667,34.52812170641808
2024-08-03,Ranjit Sagar,0.336,-0.8305703815407449,0.0,0.0,0.0,25755.619959060565,4.107026621665819,,gfs_seamless,cwc,46.129674670109324,26.987116297231157
2024-08-04,Ranjit Sagar,0.374,-0.8149725762880017,0.0,0.0,0.0,24563.1065199921,10.144426499527238,,gfs_seamless,cwc,52.752526004788315,33.932579038648875
2024-08-05,Ranjit Sagar,0.392,-0.8166728584611239,0.0,0.0,0.0,25643.07561644212,10.949366711742304,,gfs_seamless,cwc,47.11368077243591,28.57727839481988
2024-08-06,Ranjit Sagar,0.392,-0.8118447458155332,0.0,0.0,0.0,22796.969859695084,13.419697276965485,,gfs_seamless,cwc,61.620934282481855,45.359732301117944
2024-08-07,Ranjit Sagar,0.412,-0.8147728960072779,0.0,0.0,0.0,18608.799876331974,4.14072441468551,,gfs_seamless,cwc,47.463091064006534,61.73873836411873
2024-08-08,Ranjit Sagar,0.45,-0.7853917760072656,0.0,0.0,0.0,19697.94729191904,6.490637744043442,,gfs_seamless,cwc,60.56651397905695,55.05802308909558
2024-08-09,Ranjit Sagar,0.469,-0.7775156248175336,0.0,0.0,0.0,23835.91023947953,15.065744917340712,,gfs_seamless,cwc,55.04008223786876,57.06847429549734
2024-08-10,Ranjit Sagar,0.488,-0.7875767112755435,0.0,0.0,0.0,20949.031496772168,11.071103927391114,,gfs_seamless,cwc,40.66358299828643,79.91731376028349
2024-08-11,Ranjit Sagar,0.488,-0.7678003409664088,0.0,0.0,0.0,22658.460990998843,4.505123031752292,,gfs_seamless,cwc,55.01502405232571,70.11657349455868
2024-08-12,Ranjit Sagar,0.507,-0.7536337719654276,0.0,0.0,0.0,23221.987340788422,3.28296093435152,,gfs_seamless,cwc_level,51.00503368591284,59.72995358976105
2024-08-13,Ranjit Sagar,0.507,-0.7593269425385,0.0,0.0,0.0,23082.357928683938,9.671324142160564,,gfs_seamless,cwc,53.632032942898334,59.349874369393426
2024-08-14,Ranjit Sagar,0.526,-0.7635615960747408,0.0,0.0,0.0,22890.05743680147,7.4993804041504095,,gfs_seamless,cwc,39.97528954696827,72.05866632624284
2024-08-15,Ranjit Sagar,0.567,-0.7274174779602214,0.0,0.0,0.0,25907.883748041073,5.321221679224272,,gfs_seamless,cwc,54.17166658180825,66.35659713334114
2024-08-16,Ranjit Sagar,0.603,-0.7181259035961525,0.0,0.0,0.0,25367.19642305669,6.922658346515152,,gfs_seamless,cwc,46.05466683868473,55.01085123644555
2024-08-17,Ranjit Sagar,0.621,-0.7179073943327378,0.0,0.0,0.0,26019.25572385975,12.37094886662242,,gfs_seamless,cwc,39.98733283971627,47.42386655369556
2024-08-18,Ranjit Sagar,0.621,-0.7275958023494373,0.0,0.0,0.0,24522.149931650543,14.278755811722482,,gfs_seamless,cwc,36.360370043082185,47.74927857904192
2024-08-19,Ranjit Sagar,0.6456184186618198,-0.7221849329652573,0.0,0.0,0.0,24558.507120731236,4.727187541979743,,gfs_seamless,model,20.14990423943994,27.789468551393227
2024-08-20,Ranjit Sagar,0.6767576456253271,-0.711310814165708,0.0,0.0,0.0,24035.72759203327,4.374977282396423,,gfs_seamless,model,15.279486126225018,13.152914154893566
2024-08-21,Ranjit Sagar,0.685760279274165,-0.7150687035117964,0.0,0.0,0.0,20047.833830207714,2.520449956693444,,gfs_seamless,model,14.393956916089989,14.253057878768214
2024-08-22,Ranjit Sagar,0.695,-0.7155216153431119,0.0,0.0,0.0,18029.128304932117,2.155285442122392,,gfs_seamless,cwc,15.291609646128919,22.465594524610026
2024-08-23,Ranjit Sagar,0.6892637450027468,-0.7121005315295591,0.0,0.0,0.0,16699.99230591476,0.9120543099587244,,gfs_seamless,model,30.44367872432781,29.59878996593438
2024-08-24,Ranjit Sagar,0.6860479760642438,-0.7050218193138972,0.0,0.0,0.0,18893.16658084714,6.052323480840267,,gfs_seamless,model,38.88508186247817,26.19072349615084
2024-08-25,Ranjit Sagar,0.6822117045417957,-0.7075991342497668,0.0,0.0,0.0,20631.82120438282,13.590743241746654,,gfs_seamless,model,38.52310388194152,30.123738016331043
2024-08-26,Ranjit Sagar,0.6777962991042712,-0.7076052456359038,0.0,0.0,0.0,19256.101156135188,8.338215525407326,,gfs_seamless,model,41.95020649359578,27.954723009233067
2024-08-27,Ranjit Sagar,0.6772212195906339,-0.7154581980795504,0.0,0.0,0.0,19062.47185413394,4.684714123517602,,gfs_seamless,model,24.333616098820066,18.936813860176578
2024-08-28,Ranjit Sagar,0.6782359220401483,-0.7167059431622138,0.0,0.0,0.0,20091.906052717753,6.478939091508719,,gfs_seamless,model,21.437293387746266,22.65353979240809
2024-08-29,Ranjit Sagar,0.645,-0.733575195380878,0.0,0.0,0.0,18692.018343519532,5.343303664531399,,gfs_seamless,cwc,21.561116077965032,38.2561295424251
2024-08-30,Ranjit Sagar,0.6447353063764011,-0.7148400809333953,0.0,0.0,0.0,18865.859365369066,3.8015656664592665,,gfs_seamless,model,49.825789535605864,34.088078026683604
2024-08-31,Ranjit Sagar,0.6411422973755968,-0.7315344644066987,0.0,0.0,0.0,18353.01145755637,4.555183885301344,,gfs_seamless,model,26.530729992328222,34.47066979111355
2024-09-01,Ranjit Sagar,0.6338194993250587,-0.739972168435947,0.0,0.0,0.0,17974.284054296008,5.2158471501525,,gfs_seamless,model,19.415305566510437,42.610783825970216
2024-09-02,Ranjit Sagar,0.6345458620863703,-0.7357454996589438,0.0,0.0,0.0,20536.513539556712,8.766850895716491,,gfs_seamless,model,20.808557222903485,35.577075944788746
2024-09-03,Ranjit Sagar,0.643248127052474,-0.7332352945617193,0.0,0.0,0.0,21530.560888089498,5.426602565485524,,gfs_seamless,model,12.163465419046657,19.983854208758878
2024-09-04,Ranjit Sagar,0.6460041068610652,-0.7303365001373631,0.0,0.0,0.0,20151.274688828984,5.994651906480853,,gfs_seamless,model,18.151842290498244,17.200048643409662
2024-09-05,Ranjit Sagar,0.695,-0.7152683179039305,0.0,0.0,0.0,19948.48036789552,7.161556766393997,,gfs_seamless,cwc,11.667298142693875,15.809989811878424
2024-09-06,Ranjit Sagar,0.695,-0.7200813410002478,0.0,0.0,0.0,18464.422846249498,1.911700205875136,,gfs_seamless,cwc,3.1900440659663394,14.673743032915375
2024-09-07,Ranjit Sagar,0.695,-0.7198051658063392,0.0,0.0,0.0,17958.854183095587,1.9094581603444267,,gfs_seamless,cwc,5.341412659551791,10.718218565250938
2024-09-08,Ranjit Sagar,0.695,-0.7201984765007536,0.0,0.0,0.0,17485.46343746561,2.8163001790080995,,gfs_seamless,cwc,6.988462679126757,11.826821656801936
2024-09-09,Ranjit Sagar,0.695,-0.7171931516735647,0.0,0.0,0.0,17849.851640127024,5.028055240812351,,gfs_seamless,cwc,14.082451870178712,21.181523833629555
2024-09-10,Ranjit Sagar,0.695,-0.7172374555164819,0.0,0.0,0.0,17920.687427661658,5.641442777096513,,gfs_seamless,cwc,17.157947277900366,20.36253461359624
2024-09-11,Ranjit Sagar,0.695,-0.7152717890337995,0.0,0.0,0.0,17289.042348700626,1.345301447281784,,gfs_seamless,cwc,16.1309927657485,14.012754344320735
2024-09-12,Ranjit Sagar,0.67,-0.7306414000315293,0.0,0.0,0.0,17448.493274632347,3.932491696101029,,gfs_seamless,cwc,8.306499550250418,13.644746282185809
2024-09-13,Ranjit Sagar,0.67,-0.7322998787488108,0.0,0.0,0.0,17069.668979952523,2.1557186946532583,,gfs_seamless,cwc,5.134411552940573,12.755706601938812
2024-09-14,Ranjit Sagar,0.646,-0.7389263177049065,0.0,0.0,0.0,17729.207553490418,0.8815720898095403,,gfs_seamless,cwc,9.118789220047642,4.438985698546164
2024-09-15,Ranjit Sagar,0.646,-0.7284995390232127,0.0,0.0,0.0,16733.70679120989,0.6115471443130912,,gfs_seamless,cwc,29.889061880192006,7.05944338427846
2024-09-16,Ranjit Sagar,0.621,-0.7459929919693563,0.0,0.0,0.0,16451.379191131065,0.3509209438901799,,gfs_seamless,cwc,19.486065371468413,6.405356397660349
2024-09-17,Ranjit Sagar,0.621,-0.7496349088982827,0.0,0.0,0.0,17351.60478194183,4.410148562627953,,gfs_seamless,cwc,12.655818122822625,6.256294154037311
2024-09-18,Ranjit Sagar,0.603,-0.7585762422578995,0.0,0.0,0.0,18745.519885687954,8.785288873854087,,gfs_seamless,cwc,10.2289224362476,4.830033952910243
2024-09-19,Ranjit Sagar,0.603,-0.7618709561329369,0.0,0.0,0.0,16277.17838930908,0.146027907198841,,gfs_seamless,cwc,4.274911869505598,2.877994311989756
2024-09-20,Ranjit Sagar,0.583,-0.7697886853132918,0.0,0.0,0.0,16484.39571764694,0.3365619226212101,,gfs_seamless,cwc,4.861228465020643,0.0
2024-09-21,Ranjit Sagar,0.583,-0.7698225529668377,0.0,0.0,0.0,16258.928689806628,0.454030112942231,,gfs_seamless,cwc,6.068710459935466,9.481444791606588
2024-09-22,Ranjit Sagar,0.583,-0.7691485992761554,0.0,0.0,0.0,16397.11476999862,1.2802555331280046,,gfs_seamless,cwc,8.438371089573373,18.825712492980422
2024-09-23,Ranjit Sagar,0.567,-0.7735631412882942,0.0,0.0,0.0,16223.81666862876,0.8885170028929528,,gfs_seamless,cwc,13.833488192743076,19.16121323753511
2024-09-24,Ranjit Sagar,0.567,-0.7730325503263469,0.0,0.0,0.0,16175.259132279978,0.7238484641634297,,gfs_seamless,cwc,14.93146165881223,19.5681598544762
2024-09-25,Ranjit Sagar,0.567,-0.7739690793757442,0.0,0.0,0.0,16730.088031763073,3.1528825395619977,,gfs_seamless,cwc,11.841489650581824,19.5681598544762
2025-06-01,Ranjit Sagar,1.013,-0.569122769057477,0.0,0.0,0.0,17896.189824358735,4.960522443036273,,gfs_seamless,cwc,35.16680967466434,11.525881721806465
2025-06-02,Ranjit Sagar,1.013,-0.5789080723698908,0.0,0.0,0.0,17953.46699000905,5.605949020518191,,gfs_seamless,cwc,18.456063838263898,9.606391555606413
2025-06-03,Ranjit Sagar,1.013,-0.5815873054713836,0.0,0.0,0.0,17597.3761778086,3.993471540358516,,gfs_seamless,cwc,13.501206312660385,7.21211606201002
2025-06-04,Ranjit Sagar,0.988,-0.5962826935177423,0.0,0.0,0.0,17314.291632264776,3.0759380665917035,,gfs_seamless,cwc,5.338339778257779,4.4228358085774575
2025-06-05,Ranjit Sagar,0.988,-0.597553142864567,0.0,0.0,0.0,16834.095644868663,0.6170635595255868,,gfs_seamless,cwc,1.8863344157814779,0.3515315811609404
2025-06-06,Ranjit Sagar,0.988,-0.5985771318403982,0.0,0.0,0.0,16421.60554075771,0.5746655212219379,,gfs_seamless,cwc,1.0300366415744655,0.0
2025-06-07,Ranjit Sagar,0.988,-0.599092883834685,0.0,0.0,0.0,16207.650677222713,0.3618406968860414,,gfs_seamless,cwc,0.5119036071728654,0.0
2025-06-08,Ranjit Sagar,0.988,-0.5993949130590377,0.0,0.0,0.0,16024.275402988183,0.0709906198374803,,gfs_seamless,cwc,0.1026749960231608,2.6203050367021565
2025-06-09,Ranjit Sagar,0.964,-0.6093536775257562,0.0,0.0,0.0,16007.066254435944,0.038500721584154,,gfs_seamless,cwc,1.322845495269647,9.000115370449363
2025-06-10,Ranjit Sagar,0.964,-0.6087775382070683,0.0,0.0,0.0,16008.276196268733,0.0467900651798897,,gfs_seamless,cwc,2.6897663200703947,9.000115370449363
2025-06-11,Ranjit Sagar,0.939,-0.6201427795712285,0.0,0.0,0.0,16009.445893298132,0.052152627777351,,gfs_seamless,cwc,0.5699763604601222,15.876759772624316
2025-06-12,Ranjit Sagar,0.956,-0.6128654930092567,0.0,0.0,0.0,16025.70636197076,0.122117064911507,,gfs_seamless,cwc,0.7174752378840163,25.57318896794504
2025-06-13,Ranjit Sagar,0.915,-0.6275575456615288,0.0,0.0,0.0,16405.16331039982,0.6457800343403294,,gfs_seamless,cwc,7.107619379244898,26.431733829794588
2025-06-14,Ranjit Sagar,0.915,-0.6242087385334857,0.0,0.0,0.0,16917.610887398227,0.5260237879701838,,gfs_seamless,cwc,11.506793937024703,21.922356863677983
2025-06-15,Ranjit Sagar,0.915,-0.6120468365280185,0.0,0.0,0.0,19898.623172950836,13.163347393940644,,gfs_seamless,cwc,32.87800757627403,22.098158372219498
2025-06-16,Ranjit Sagar,0.892,-0.6257738095249067,0.0,0.0,0.0,19030.14458931437,6.668217116142976,,gfs_seamless,cwc,25.573887700391705,20.343894585609217
2025-06-17,Ranjit Sagar,0.892,-0.6221235184413633,0.0,0.0,0.0,20153.282891850304,7.146020758956373,,gfs_seamless,cwc,28.75637798698013,13.35406697673703
2025-06-18,Ranjit Sagar,0.892,-0.6192930318144753,0.0,0.0,0.0,17755.729189328384,1.732585486220001,,gfs_seamless,cwc,34.622466868543384,13.27569908615816
2025-06-19,Ranjit Sagar,0.866,-0.6315271957135229,0.0,0.0,0.0,19021.581075791208,7.021304322687486,,gfs_seamless,cwc,34.1214987347467,12.580207712719565
2025-06-20,Ranjit Sagar,0.866,-0.629222327913134,0.0,0.0,0.0,18461.812487686067,6.736622200858996,,gfs_seamless,cwc,41.051403313620284,26.774368482822812
2025-06-21,Ranjit Sagar,0.866,-0.6264433961165972,0.0,0.0,0.0,20279.251432390764,10.906398209171098,,gfs_seamless,cwc,44.67670702762846,33.32855684735942
2025-06-22,Ranjit Sagar,0.866,-0.6165880291854684,0.0,0.0,0.0,17321.49512657355,2.756612972866307,,gfs_seamless,cwc,61.81228831781574,32.84392442358927
2025-06-23,Ranjit Sagar,0.866,-0.6099659139366801,0.0,0.0,0.0,18955.25772644953,7.932136455777693,,gfs_seamless,cwc,65.60182025607679,35.52236390783069
2025-06-24,Ranjit Sagar,0.866,-0.6123975849485587,0.0,0.0,0.0,21900.22478537843,19.149344950593708,,gfs_seamless,cwc,61.43432104209581,43.16936481779116
2025-06-25,Ranjit Sagar,0.866,-0.6064172284252232,0.0,0.0,0.0,27646.77891738441,26.57125798136509,,gfs_seamless,cwc,59.16756303038304,44.987180857733264
2025-06-26,Ranjit Sagar,0.866,-0.6243963726787559,0.0,0.0,0.0,20616.645823919305,5.389612582517615,,gfs_seamless,cwc,35.70115749749955,43.90381189005534
2025-06-27,Ranjit Sagar,0.866,-0.628704586347795,0.0,0.0,0.0,19853.547516892475,6.377931548890382,,gfs_seamless,cwc,36.49625778719754,44.206475128838
2025-06-28,Ranjit Sagar,0.842,-0.6335454624227498,0.0,0.0,0.0,22155.755443117378,11.811471821685725,,gfs_seamless,cwc,40.76248605229752,45.978456597660276
2025-06-29,Ranjit Sagar,0.842,-0.6346810765228451,0.0,0.0,0.0,22689.310402385454,11.01396960745649,,gfs_seamless,cwc,36.9732522978651,40.69767082910715
2025-06-30,Ranjit Sagar,0.842,-0.6331372184456171,0.0,0.0,0.0,22199.487685230753,6.048260042993011,,gfs_seamless,cwc,32.67342726440356,27.324041791222957
2025-07-01,Ranjit Sagar,0.842,-0.6336789335455004,0.0,0.0,0.0,23399.490689119815,9.941071528737227,,gfs_seamless,cwc,33.14126726401235,27.509024173470088
2025-07-02,Ranjit Sagar,0.842,-0.6336545619431102,0.0,0.0,0.0,21851.63086862443,9.59452552497872,,gfs_seamless,cwc,43.421198105845185,27.238088986470466
2025-07-03,Ranjit Sagar,0.817,-0.6458838920760762,0.0,0.0,0.0,19362.832208896696,3.232671265129607,,gfs_seamless,cwc,39.85108322481524,25.311737021962877
2025-07-04,Ranjit Sagar,0.817,-0.6320708866931669,0.0,0.0,0.0,19551.89479286799,5.801851970110279,,gfs_seamless,cwc,58.68642167611758,24.78358171311622
2025-07-05,Ranjit Sagar,0.817,-0.635949630628274,0.0,0.0,0.0,21733.99976359043,13.713048677949097,,gfs_seamless,cwc,54.13920119181481,35.61275828365315
2025-07-06,Ranjit Sagar,0.817,-0.6203654854974645,0.0,0.0,0.0,29000.754950545772,31.19132485266997,,gfs_seamless,cwc,67.4555481867771,33.24282436457586
2025-07-07,Ranjit Sagar,0.842,-0.6142723704853731,0.0,0.0,0.0,29854.301475628257,36.041426725912224,,gfs_seamless,cwc,62.41574737679638,37.83237011486477
2025-07-08,Ranjit Sagar,0.842,-0.6440389286163234,0.0,0.0,0.0,21436.458175736614,11.993219237603263,,gfs_seamless,cwc,26.39679281229118,33.48840959713194
2025-07-09,Ranjit Sagar,0.842,-0.6492855121481859,0.0,0.0,0.0,19569.014144247427,8.126499066988956,,gfs_seamless,cwc,22.369288935412392,31.97034903202963
2025-07-10,Ranjit Sagar,0.866,-0.6251243255512973,0.0,0.0,0.0,21987.634516790855,8.817254620396682,,gfs_seamless,cwc,37.50128032645462,21.557289051367565
2025-07-11,Ranjit Sagar,0.866,-0.6281055502461537,0.0,0.0,0.0,20279.64500234225,5.741934366189648,,gfs_seamless,cwc,32.60126536836174,19.334203719105627
2025-07-12,Ranjit Sagar,0.8684756619381206,-0.6139674216473092,0.0,0.0,0.0,23464.170056840256,13.331819315442877,,gfs_seamless,model,50.384844762323084,15.947829336833113
2025-07-13,Ranjit Sagar,0.8659505213030584,-0.6126357362547671,0.0,0.0,0.0,21433.585606936216,11.762894379467827,,gfs_seamless,model,57.17829679962971,21.00978295979524
2025-07-14,Ranjit Sagar,0.8604486672997159,-0.6166255844865273,0.0,0.0,0.0,19962.97999509357,9.02030522276196,,gfs_seamless,model,55.68907711155774,19.76600056698645
2025-07-15,Ranjit Sagar,0.8557042382147583,-0.6351857893581462,0.0,0.0,0.0,20102.52414275637,10.743822811034123,,gfs_seamless,model,35.264970879182044,16.705411213771452
2025-07-16,Ranjit Sagar,0.8529910389489027,-0.6359241501616404,0.0,0.0,0.0,19739.013186999877,8.64194308215531,,gfs_seamless,model,40.312755297969524,58.74264969876338
2025-07-17,Ranjit Sagar,0.8490097666123928,-0.6408210298419835,0.0,0.0,0.0,18812.520903038065,6.74659827078693,,gfs_seamless,model,32.25664592381901,70.83301602009269
2025-07-18,Ranjit Sagar,0.8467744687864571,-0.6368281109471718,0.0,0.0,0.0,17939.309871935016,2.3062513753534923,,gfs_seamless,model,37.610905772932114,78.68843223038365
2025-07-19,Ranjit Sagar,0.8408202547412155,-0.6348485167440411,0.0,0.0,0.0,18337.004266050328,5.948541600326085,,gfs_seamless,model,45.56746816155545,87.28883130791952
2025-07-20,Ranjit Sagar,0.8329119502089078,-0.6441678606937715,0.0,0.0,0.0,19074.97181906576,9.248727138209036,,gfs_seamless,model,38.232796265884694,89.34180866485156
2025-07-21,Ranjit Sagar,0.8609776541985823,-0.6027349119574166,0.0,0.0,0.0,33222.98816218389,15.197423382203146,,gfs_seamless,model,38.92146047654758,44.22603348827034
2025-07-22,Ranjit Sagar,0.894509824877826,-0.6105059916562828,0.0,0.0,0.0,26154.474587399356,5.700666958349478,,gfs_seamless,model,21.8965092988998,31.052147501179338
2025-07-23,Ranjit Sagar,0.9224191459423631,-0.6016054726696269,0.0,0.0,0.0,24365.35989279901,2.1330065709176127,,gfs_seamless,model,23.626422018427792,30.555683657914244
2025-07-24,Ranjit Sagar,0.9436926714412536,-0.5913809439711756,0.0,0.0,0.0,21753.863120980055,2.326947004339861,,gfs_seamless,model,31.02067293295696,46.473308985
2025-07-25,Ranjit Sagar,0.948568615193975,-0.5910174999369282,0.0,0.0,0.0,21274.594887392894,4.865804418908295,,gfs_seamless,model,35.6912620574454,88.90042132406978
2025-07-26,Ranjit Sagar,0.9496435759610085,-0.5760858447789763,0.0,0.0,0.0,19843.585594156117,6.508603592991443,,gfs_seamless,model,59.31204254484335,98.29695893087224
2025-07-27,Ranjit Sagar,0.9455733085119288,-0.5863897893890058,0.0,0.0,0.0,20248.175624601245,9.751891436463051,,gfs_seamless,model,50.15319345215236,132.38174263710826
2025-07-28,Ranjit Sagar,0.9508487828704516,-0.5759235715232215,0.0,0.0,0.0,24093.283483263032,15.568381899672042,,gfs_seamless,model,51.572391934251115,160.6139593874004
2025-07-29,Ranjit Sagar,0.9700470194384231,-0.5582641258692708,0.0,0.0,0.0,29032.05673887437,17.352054882393425,,gfs_seamless,model,47.14329993939094,140.82279305117828
2025-07-30,Ranjit Sagar,1.022872320610606,-0.5261921654929737,0.0,0.0,0.0,36016.10373883356,9.121486005984965,,gfs_seamless,model,34.581037194160935,101.45503449924544
2025-07-31,Ranjit Sagar,1.0681540133784644,-0.5084250743772305,0.0,0.0,0.0,36086.925699234154,16.27232823291131,,gfs_seamless,model,47.54782164142631,97.79272638203769
2025-08-01,Ranjit Sagar,1.1423509629980526,-0.46099607809202087,0.0,0.0,0.0,41326.39422501259,10.137731400977854,,gfs_seamless,model,47.74785900789297,83.0354657449843
2025-08-06,Ranjit Sagar,1.5302499999999999,-0.3419531723318996,0.0,0.0,0.0,25379.644937700385,5.084540221304982,,gfs_seamless,press,24.096151469675775,26.639737008189954
2025-08-07,Ranjit Sagar,1.5437871973343704,-0.3455288046859084,0.0,0.0,0.0,19167.465936478853,1.646293571558222,,gfs_seamless,model,20.0281177339985,65.15512735525073
2025-08-08,Ranjit Sagar,1.5408156250343965,-0.34864557379429906,0.0,0.0,0.0,18652.662833131744,3.745987577879168,,gfs_seamless,model,23.291354279841173,67.03858413882035
2025-08-09,Ranjit Sagar,1.5367758619280887,-0.35299267962670317,0.0,0.0,0.0,18807.51213050449,5.552664079491907,,gfs_seamless,model,21.06961992636591,75.62570224023844
2025-08-10,Ranjit Sagar,1.5363632054194767,-0.3496586545691786,0.0,0.0,0.0,21280.21198510896,10.00609184153972,,gfs_seamless,model,24.20644017812787,94.38139812104686
2025-08-11,Ranjit Sagar,1.5422864624137627,-0.34677937718702767,0.0,0.0,0.0,19939.016929976508,5.193076632323461,,gfs_seamless,model,22.308681216863867,95.8999909265483
2025-08-12,Ranjit Sagar,1.576169744653636,-0.29992400418902365,0.0,0.0,0.0,28989.33087611713,5.135784130556535,,gfs_seamless,model,35.98109957228483,81.6701793910312
2025-08-13,Ranjit Sagar,1.5947786052044057,-0.30551420507958527,0.0,0.0,0.0,25874.99586952273,10.667494280686888,,gfs_seamless,model,35.56159273773084,97.11406302420191
2025-08-14,Ranjit Sagar,1.6101961814351777,-0.3051382874103721,0.0,0.0,0.0,23818.785683065536,5.133570203363902,,gfs_seamless,model,32.87542028645323,94.00225825624914
2025-08-15,Ranjit Sagar,1.6502315223913635,-0.26409274873690486,0.0,0.0,0.0,28241.969477019575,6.4675698909698855,,gfs_seamless,model,47.313777798680746,76.28074729798497
2025-08-16,Ranjit Sagar,1.6828809285504314,-0.26439978360086636,0.0,0.0,0.0,28661.160342622617,9.006262032994675,,gfs_seamless,model,32.93093888784853,63.59247936140554
2025-08-17,Ranjit Sagar,1.7382460002691966,-0.2275905397789259,0.0,0.0,0.0,36978.71355243515,18.86051666115806,,gfs_seamless,model,36.6685261877373,35.753706327572
2025-08-18,Ranjit Sagar,1.7783859558018729,-0.22173553697570975,0.0,0.0,0.0,31831.289217143585,11.358713347998018,,gfs_seamless,model,31.708900913853174,31.633939612930014
2025-08-19,Ranjit Sagar,1.8020806524728188,-0.21177037542584978,0.0,0.0,0.0,26943.187873002753,8.514061743555578,,gfs_seamless,model,45.96359730915415,53.63713623953189
2025-08-20,Ranjit Sagar,1.8195385572266232,-0.15959532664853526,0.0,0.0,0.0,21144.64191298506,2.9874784222318675,,gfs_seamless,model,107.03931759166649,105.2343911891723
2025-08-21,Ranjit Sagar,1.8201104084988846,-0.21765980636318608,0.0,0.0,0.0,18977.759410146176,3.521683596638916,,gfs_seamless,model,40.61174566984785,189.37028737334708
2025-08-22,Ranjit Sagar,1.8154652006953516,-0.21382711530728227,0.0,0.0,0.0,20585.44173293344,10.159702797077072,,gfs_seamless,model,48.15250635790861,228.48128828382073
2025-08-23,Ranjit Sagar,1.8207188439305122,-0.1715947349251866,0.0,0.0,0.0,26419.936587538243,22.010057505237487,,gfs_seamless,model,82.72179953624158,217.94028965677154
2025-08-24,Ranjit Sagar,1.844393899436358,-0.12142643273687048,0.0,0.0,0.0,46757.82411048021,50.32868847153892,,gfs_seamless,model,95.07916160752322,204.05637961922872
2025-08-25,Ranjit Sagar,1.921949996108127,-0.027598327316838363,0.0,0.0,0.0,86786.177994027,69.5653499661573,,gfs_seamless,model,100.13662903268025,197.93088069789064
2025-08-26,Ranjit Sagar,2.113477031074053,0.04810472016514881,0.1127574640671094,25896.503969493413,0.0,67393.25293861034,2.575874063213475,4.0,gfs_seamless,model,69.0550695565702,141.0341726603655
2025-08-27,Ranjit Sagar,2.277,0.0890752022195911,0.20879227400272216,24640.725668431736,14953.94965089457,62033.416884060425,3.497333576114687,1.0,gfs_seamless,press,50.942331877508174,119.2318697150198
2025-08-28,Ranjit Sagar,2.344,0.10745019716490534,0.25186326215453825,30693.84455052072,27949.256393985983,47643.507535257,11.68420014043348,1.0,gfs_seamless,model,73.44332439011971,148.63649336283655
2025-08-29,Ranjit Sagar,2.344,0.07145907312013075,0.16847961390774424,33000.28715004364,19149.531324043313,38843.78246531423,9.27065839196474,1.0,gfs_seamless,model,57.34965797745296,170.56829156319236
2025-08-30,Ranjit Sagar,2.344,0.09684847789702973,0.23101830648345123,48720.60269813046,48720.60269813046,68414.85383940139,22.11610857159129,1.0,gfs_seamless,model,52.4260033356547,129.14310199524868
2025-08-31,Ranjit Sagar,2.344,0.04306138795738025,0.10517542243441591,23109.465549675282,23109.465549675282,42803.71669094626,10.778476613165592,1.0,gfs_seamless,model,31.311288728875645,105.06920651949619
2025-09-01,Ranjit Sagar,2.344,0.07645082878173294,0.17920074266438224,28960.721851319136,28960.721851319136,48654.97299259017,25.892484291845044,1.0,gfs_seamless,model,69.36456230750443,89.12720092252965
2025-09-02,Ranjit Sagar,2.344,0.02360621513002049,0.061375777443205326,16710.98975138747,16710.98975138747,36405.24089265843,4.673597024375075,1.0,gfs_seamless,model,19.425036697667313,64.98200477492192
2025-09-03,Ranjit Sagar,2.344,0.029700514017743297,0.07565490286464316,22132.67724001576,22132.67724001576,41826.928381286736,4.607566838943624,1.0,gfs_seamless,model,17.76819945408714,29.200360577367935
2025-09-04,Ranjit Sagar,2.344,0.025906587533625,0.06369693428854362,10120.132062953628,10120.132062953628,29814.383204224556,4.030964863152148,1.0,gfs_seamless,model,32.530819668971645,19.03438736877838
2025-09-05,Ranjit Sagar,2.344,0.00920619043775029,0.03004035150904505,7376.802405922978,7376.802405922978,27071.053547193995,8.870968858688881,1.0,gfs_seamless,model,26.66794118247751,15.39210306640327
2025-09-06,Ranjit Sagar,2.344,-0.005211942378305073,0.0031242161809701408,770.763788498238,770.763788498238,20465.01492976917,4.264068374017907,1.0,gfs_seamless,model,19.27623833592367,16.95237509002759
2025-09-07,Ranjit Sagar,2.344,-0.00599028468540902,0.0058128696945805025,2375.920786568884,2375.920786568884,22070.171927839812,7.521869091373523,1.0,gfs_seamless,model,18.170736044602734,9.897581244551041
2025-09-08,Ranjit Sagar,2.342645501414021,-0.01414834040954244,0.0,0.0,0.0,17971.640711560318,3.285649594017223,,gfs_seamless,model,13.028233803046216,11.698787347195434
2025-09-09,Ranjit Sagar,2.337475519803884,-0.016214665382952978,0.0,0.0,0.0,17312.78091736437,2.270151442060834,,gfs_seamless,model,14.678164578718258,28.361386940888657
2025-09-10,Ranjit Sagar,2.330211759801462,-0.021201552376010215,0.0,0.0,0.0,16958.670538622413,2.52279309879619,,gfs_seamless,model,12.178960133518238,42.44083446680315
2025-09-11,Ranjit Sagar,2.3247760641892636,-0.02109834914471453,0.0,0.0,0.0,17334.244360188895,2.4020400968939226,,gfs_seamless,model,16.288488898937658,47.62959844538952
2025-09-12,Ranjit Sagar,2.3179126562815404,-0.02363987331073397,0.0,0.0,0.0,16916.393238625762,2.333950282751104,,gfs_seamless,model,18.14817413463837,48.11860586729136
2025-09-13,Ranjit Sagar,2.3121483711956503,-0.025444167880767855,0.0,0.0,0.0,17418.123282565044,2.961864385327376,,gfs_seamless,model,17.321040283582423,52.92226599387678
2025-09-14,Ranjit Sagar,2.31775895506324,-0.016979408145427526,0.0,0.0,0.0,20139.312409237602,3.414079880243208,,gfs_seamless,model,16.753927160991367,38.52425735013658
2025-09-15,Ranjit Sagar,2.3287523539785835,-0.008530394410344406,0.0,0.0,0.0,22912.32067062641,7.623138947163123,,gfs_seamless,model,17.942059050523547,28.002855394162264
2025-09-16,Ranjit Sagar,2.338496597335718,-0.011137111969928924,0.0,0.0,0.0,20562.49167745972,2.8625019021228706,,gfs_seamless,model,9.896811668117891,18.601698316494303
2025-09-17,Ranjit Sagar,2.339063076103585,-0.016003022779930744,0.0,0.0,0.0,18860.072533149625,3.222894612468893,,gfs_seamless,model,7.312704440453701,17.140763173001723
2025-06-01,Ranjit Sagar,1.013,-0.5806895609918347,0.0,0.0,0.0,17394.745008237776,3.1633280922477103,,ecmwf_aifs025_single,cwc,15.195502417889418,11.525881721806465
2025-06-02,Ranjit Sagar,1.013,-0.5814943536286938,0.0,0.0,0.0,17929.640153340013,5.522452111809442,,ecmwf_aifs025_single,cwc,13.875142166604965,9.606391555606413
2025-06-03,Ranjit Sagar,1.013,-0.5830675723309533,0.0,0.0,0.0,17948.047557161815,5.197703299899119,,ecmwf_aifs025_single,cwc,10.856480507447547,7.21211606201002
2025-06-04,Ranjit Sagar,0.988,-0.5960729892948367,0.0,0.0,0.0,17029.58251111328,2.072633334857908,,ecmwf_aifs025_single,cwc,6.1403802922523685,4.4228358085774575
2025-06-05,Ranjit Sagar,0.988,-0.5965068732138931,0.0,0.0,0.0,16833.703412233528,0.615763125942252,,ecmwf_aifs025_single,cwc,4.5082131148531275,0.3515315811609404
2025-06-06,Ranjit Sagar,0.988,-0.5971093118692578,0.0,0.0,0.0,16564.50259729535,1.0741305824249887,,ecmwf_aifs025_single,cwc,4.801084921983478,0.0
2025-06-07,Ranjit Sagar,0.988,-0.5973331526259358,0.0,0.0,0.0,16411.561335036928,1.097558321460347,,ecmwf_aifs025_single,cwc,5.4125406205710025,0.0
2025-06-08,Ranjit Sagar,0.988,-0.5972499567358048,0.0,0.0,0.0,16166.858665136126,0.6070060830536602,,ecmwf_aifs025_single,cwc,6.388292689030741,2.6203050367021565
2025-06-09,Ranjit Sagar,0.964,-0.6070305257018983,0.0,0.0,0.0,16174.689051925474,0.7010076864461557,,ecmwf_aifs025_single,cwc,7.64011668463076,9.000115370449363
2025-06-10,Ranjit Sagar,0.964,-0.6049253667814963,0.0,0.0,0.0,16182.133049329866,0.7896157467295711,,ecmwf_aifs025_single,cwc,14.257662283082482,9.000115370449363
2025-06-11,Ranjit Sagar,0.939,-0.6090033717696384,0.0,0.0,0.0,16392.486112031587,1.700271992783295,,ecmwf_aifs025_single,cwc,32.47080978512412,15.876759772624316
2025-06-12,Ranjit Sagar,0.956,-0.5966107918650563,0.0,0.0,0.0,16585.63509853749,2.531340296900885,,ecmwf_aifs025_single,cwc,40.55079424596685,25.57318896794504
2025-06-13,Ranjit Sagar,0.915,-0.6089835879229436,0.0,0.0,0.0,16626.18743299023,1.54933417789027,,ecmwf_aifs025_single,cwc,42.556562963934596,26.431733829794588
2025-06-14,Ranjit Sagar,0.915,-0.6064910474565967,0.0,0.0,0.0,17719.06135165625,3.447456735873735,,ecmwf_aifs025_single,cwc,40.44055829355774,21.922356863677983
2025-06-15,Ranjit Sagar,0.915,-0.6021637889154031,0.0,0.0,0.0,20755.668382863594,16.287433317828693,,ecmwf_aifs025_single,cwc,47.799010306413656,22.098158372219498
2025-06-16,Ranjit Sagar,0.892,-0.6220827956440395,0.0,0.0,0.0,20775.831357932544,12.366234262719916,,ecmwf_aifs025_single,cwc,32.20793979885392,20.343894585609217
2025-06-17,Ranjit Sagar,0.892,-0.6232384421550174,0.0,0.0,0.0,18719.32729057735,3.0668969637660326,,ecmwf_aifs025_single,cwc,28.302564579408635,13.35406697673703
2025-06-18,Ranjit Sagar,0.892,-0.6226863867227703,0.0,0.0,0.0,18531.29230875903,3.9139861620381433,,ecmwf_aifs025_single,cwc,29.130329848960653,13.27569908615816
2025-06-19,Ranjit Sagar,0.866,-0.6298199580309395,0.0,0.0,0.0,20053.256349135438,10.105268527971202,,ecmwf_aifs025_single,cwc,36.377844216640355,12.580207712719565
2025-06-20,Ranjit Sagar,0.866,-0.6281418702966756,0.0,0.0,0.0,20116.813463906325,11.671799061609793,,ecmwf_aifs025_single,cwc,43.90178160954257,26.774368482822812
2025-06-21,Ranjit Sagar,0.866,-0.6205750218752365,0.0,0.0,0.0,19789.709086312017,9.410132899778768,,ecmwf_aifs025_single,cwc,58.94174803725371,33.32855684735942
2025-06-22,Ranjit Sagar,0.866,-0.6174097983577942,0.0,0.0,0.0,17826.74843327542,4.471567024193852,,ecmwf_aifs025_single,cwc,58.904418275452684,32.84392442358927
2025-06-23,Ranjit Sagar,0.866,-0.609776212957834,0.0,0.0,0.0,20143.896932916545,11.971675714874587,,ecmwf_aifs025_single,cwc,64.26823119688618,35.52236390783069
2025-06-24,Ranjit Sagar,0.866,-0.6091353942352009,0.0,0.0,0.0,22194.818634024286,20.16165510147196,,ecmwf_aifs025_single,cwc,65.8793517478963,43.16936481779116
2025-06-25,Ranjit Sagar,0.866,-0.6168137025828134,0.0,0.0,0.0,22797.433849142442,12.992622740500964,,ecmwf_aifs025_single,cwc,49.32238736052657,44.987180857733264
2025-06-26,Ranjit Sagar,0.866,-0.6194155907082902,0.0,0.0,0.0,21354.77059754151,7.293658818558046,,ecmwf_aifs025_single,cwc,42.35261529309663,43.90381189005534
2025-06-27,Ranjit Sagar,0.866,-0.6196586026547464,0.0,0.0,0.0,20944.734943387255,9.20921615566082,,ecmwf_aifs025_single,cwc,45.85734653787749,44.206475128838
2025-06-28,Ranjit Sagar,0.842,-0.6308045827540208,0.0,0.0,0.0,22519.866067461906,12.726597804784802,,ecmwf_aifs025_single,cwc,44.85079927994041,45.978456597660276
2025-06-29,Ranjit Sagar,0.842,-0.6314212420527462,0.0,0.0,0.0,22916.89795941419,11.538967931862432,,ecmwf_aifs025_single,cwc,42.27992747626193,40.69767082910715
2025-06-30,Ranjit Sagar,0.842,-0.6297780260739047,0.0,0.0,0.0,22373.182027960203,6.4412610362679095,,ecmwf_aifs025_single,cwc,40.72424181885806,27.324041791222957
2025-07-01,Ranjit Sagar,0.842,-0.6240557997149564,0.0,0.0,0.0,22383.811811263884,7.616452291306557,,ecmwf_aifs025_single,cwc,48.67262164165645,27.509024173470088
2025-07-02,Ranjit Sagar,0.842,-0.6226868876672172,0.0,0.0,0.0,22145.188994560885,10.26424108245965,,ecmwf_aifs025_single,cwc,56.51142546598055,27.238088986470466
2025-07-03,Ranjit Sagar,0.817,-0.6272573193519689,0.0,0.0,0.0,21557.110733319747,8.146114016912426,,ecmwf_aifs025_single,cwc,62.477187556362516,25.311737021962877
2025-07-04,Ranjit Sagar,0.817,-0.617996062152631,0.0,0.0,0.0,21943.805011077424,11.470048490109964,,ecmwf_aifs025_single,cwc,76.20103105846628,24.78358171311622
2025-07-05,Ranjit Sagar,0.817,-0.6199987122824556,0.0,0.0,0.0,19996.683768633688,8.883025167854253,,ecmwf_aifs025_single,cwc,77.23476521115794,35.61275828365315
2025-07-06,Ranjit Sagar,0.817,-0.6325600486864756,0.0,0.0,0.0,20270.042371526793,6.9765208712858975,,ecmwf_aifs025_single,cwc,55.2965669882369,33.24282436457586
2025-07-07,Ranjit Sagar,0.842,-0.627474697710618,0.0,0.0,0.0,21285.695011712014,12.192748115208378,,ecmwf_aifs025_single,cwc,49.37616527139302,37.83237011486477
2025-07-08,Ranjit Sagar,0.842,-0.6301364217614744,0.0,0.0,0.0,22404.83362281096,14.757500145985237,,ecmwf_aifs025_single,cwc,46.05706469288878,33.48840959713194
2025-07-09,Ranjit Sagar,0.842,-0.6391144067514002,0.0,0.0,0.0,20562.6171425155,10.982853322379404,,ecmwf_aifs025_single,cwc,39.31802002888637,31.97034903202963
2025-07-10,Ranjit Sagar,0.866,-0.6231648778528334,0.0,0.0,0.0,21535.5700545856,7.682273768193859,,ecmwf_aifs025_single,cwc,41.873542398570464,21.557289051367565
2025-07-11,Ranjit Sagar,0.866,-0.625105390453978,0.0,0.0,0.0,20081.21505684616,5.22954211839388,,ecmwf_aifs025_single,cwc,39.02951772519624,19.334203719105627
2025-07-12,Ranjit Sagar,0.8684756619381206,-0.6194954309682695,0.0,0.0,0.0,21101.435995895,7.549885052809259,,ecmwf_aifs025_single,model,45.51400726157878,15.947829336833113
2025-07-13,Ranjit Sagar,0.8659505213030584,-0.6201722555421318,0.0,0.0,0.0,19821.08243675896,7.611300263866511,,ecmwf_aifs025_single,model,51.80907235661013,21.00978295979524
2025-07-14,Ranjit Sagar,0.8604486672997159,-0.625043328972185,0.0,0.0,0.0,19802.145607849678,8.598537875185643,,ecmwf_aifs025_single,model,46.81685290930591,19.76600056698645
2025-07-15,Ranjit Sagar,0.8557042382147583,-0.6313889946909458,0.0,0.0,0.0,19719.02388157891,9.591576551348398,,ecmwf_aifs025_single,model,42.6011559729247,16.705411213771452
2025-07-16,Ranjit Sagar,0.8529910389489027,-0.6284618873496276,0.0,0.0,0.0,20003.797357909225,9.463048433441813,,ecmwf_aifs025_single,model,53.31812362806242,58.74264969876338
2025-07-17,Ranjit Sagar,0.8490097666123928,-0.6220794558397336,0.0,0.0,0.0,18409.121361160465,5.43130137709381,,ecmwf_aifs025_single,model,68.77134734158732,70.83301602009269
2025-07-18,Ranjit Sagar,0.8467744687864571,-0.6065198975278383,0.0,0.0,0.0,18338.102200397963,3.513695802442714,,ecmwf_aifs025_single,model,79.12515581586472,78.68843223038365
2025-07-19,Ranjit Sagar,0.8408202547412155,-0.59453199789768,0.0,0.0,0.0,21514.900331516114,15.7422258764076,,ecmwf_aifs025_single,model,89.05963150162856,87.28883130791952
2025-07-20,Ranjit Sagar,0.8329119502089078,-0.6169026146387783,0.0,0.0,0.0,23320.16564623984,22.932861635627187,,ecmwf_aifs025_single,model,71.70218611089295,89.34180866485156
2025-07-21,Ranjit Sagar,0.8609776541985823,-0.5991316590009097,0.0,0.0,0.0,33759.03182074499,16.256704461740217,,ecmwf_aifs025_single,model,44.417741304961275,44.22603348827034
2025-07-22,Ranjit Sagar,0.894509824877826,-0.6012988949752659,0.0,0.0,0.0,26979.02778212652,7.166893871467983,,ecmwf_aifs025_single,model,32.88991499488404,31.052147501179338
2025-07-23,Ranjit Sagar,0.9224191459423631,-0.5897016825276439,0.0,0.0,0.0,25724.84622377981,4.402766585576543,,ecmwf_aifs025_single,model,36.45894457997819,30.555683657914244
2025-07-24,Ranjit Sagar,0.9436926714412536,-0.5799622335361312,0.0,0.0,0.0,24239.083718863185,6.216070025736549,,ecmwf_aifs025_single,model,45.896522775566176,46.473308985
2025-07-25,Ranjit Sagar,0.948568615193975,-0.5795292679405812,0.0,0.0,0.0,22509.563249036833,6.769911364669961,,ecmwf_aifs025_single,model,53.8316629026927,88.90042132406978
2025-07-26,Ranjit Sagar,0.9496435759610085,-0.5750897777489447,0.0,0.0,0.0,20334.52873064735,7.628395221004382,,ecmwf_aifs025_single,model,62.207082412475735,98.29695893087224
2025-07-27,Ranjit Sagar,0.9455733085119288,-0.5658425190384865,0.0,0.0,0.0,20775.27938183283,11.14983246935964,,ecmwf_aifs025_single,model,74.93107634409252,132.38174263710826
2025-07-28,Ranjit Sagar,0.9508487828704516,-0.5533796890735326,0.0,0.0,0.0,24647.909089744597,17.048391515999835,,ecmwf_aifs025_single,model,76.73547582124964,160.6139593874004
2025-07-29,Ranjit Sagar,0.9700470194384231,-0.5302677995901871,0.0,0.0,0.0,31282.29269055594,22.36492330094044,,ecmwf_aifs025_single,model,74.13265862266456,140.82279305117828
2025-07-30,Ranjit Sagar,1.022872320610606,-0.48298606667151606,0.0,0.0,0.0,44426.2579065699,22.12972191754696,,ecmwf_aifs025_single,model,65.72547906888173,101.45503449924544
2025-07-31,Ranjit Sagar,1.0681540133784644,1.0300912219982958,2.4145338243640055,521644.4137875699,0.0,79549.99217783583,79.23525317579006,3.0,ecmwf_aifs025_single,model,746.9656026716303,97.79272638203769
2025-08-01,Ranjit Sagar,1.1423509629980526,-0.4431217894315802,0.0,0.0,0.0,49239.957718193524,19.45800903756466,,ecmwf_aifs025_single,model,56.54738313918017,83.0354657449843
2025-08-06,Ranjit Sagar,1.5302499999999999,-0.3374983664710018,0.0,0.0,0.0,24763.44442019272,4.089392827997178,,ecmwf_aifs025_single,press,32.12839050345201,26.639737008189954
2025-08-07,Ranjit Sagar,1.5437871973343704,-0.33402888362034466,0.0,0.0,0.0,21153.11152171981,6.108298922528297,,ecmwf_aifs025_single,model,38.99284708312873,65.15512735525073
2025-08-08,Ranjit Sagar,1.5408156250343965,-0.3363436963683812,0.0,0.0,0.0,19173.028997518384,4.978228495799796,,ecmwf_aifs025_single,model,48.66464738165776,67.03858413882035
2025-08-09,Ranjit Sagar,1.5367758619280887,-0.3260633891198237,0.0,0.0,0.0,19347.020956647793,6.873652024132007,,ecmwf_aifs025_single,model,69.58007960294317,75.62570224023844
2025-08-10,Ranjit Sagar,1.5363632054194767,-0.30814935380402114,0.0,0.0,0.0,22353.800715917674,12.681461385539375,,ecmwf_aifs025_single,model,80.93417965935244,94.38139812104686
2025-08-11,Ranjit Sagar,1.5422864624137627,-0.29271475655520646,0.0,0.0,0.0,24166.338094949802,17.05080753565707,,ecmwf_aifs025_single,model,84.41041048746412,95.8999909265483
2025-08-12,Ranjit Sagar,1.576169744653636,-0.24059858766018793,0.0,0.0,0.0,32701.203676292615,12.0620144121225,,ecmwf_aifs025_single,model,86.4480079415967,81.6701793910312
2025-08-13,Ranjit Sagar,1.5947786052044057,-0.23561212060007947,0.0,0.0,0.0,36806.479050621914,30.73672135575552,,ecmwf_aifs025_single,model,104.6053559465179,97.11406302420191
2025-08-14,Ranjit Sagar,1.6101961814351777,-0.2573714846072597,0.0,0.0,0.0,30423.41169311635,16.429530396426856,,ecmwf_aifs025_single,model,81.13122970769295,94.00225825624914
2025-08-15,Ranjit Sagar,1.6502315223913635,-0.23939678974170434,0.0,0.0,0.0,34067.65626388129,15.136014470804248,,ecmwf_aifs025_single,model,65.81026858694061,76.28074729798497
2025-08-16,Ranjit Sagar,1.6828809285504314,-0.22564102033014408,0.0,0.0,0.0,43306.50644329239,30.571105365669275,,ecmwf_aifs025_single,model,63.67697528088853,63.59247936140554
2025-08-17,Ranjit Sagar,1.7382460002691966,-0.22460135989643254,0.0,0.0,0.0,33734.817859148956,13.567346353777884,,ecmwf_aifs025_single,model,42.67144830871433,35.753706327572
2025-08-18,Ranjit Sagar,1.7783859558018729,-0.21839297673235175,0.0,0.0,0.0,29085.501950088423,7.3490122768547375,,ecmwf_aifs025_single,model,41.788835394529755,31.633939612930014
2025-08-19,Ranjit Sagar,1.8020806524728188,-0.20773122819689238,0.0,0.0,0.0,24757.76980553727,5.253658145443865,,ecmwf_aifs025_single,model,56.258976624815645,53.63713623953189
2025-08-20,Ranjit Sagar,1.8195385572266232,-0.1925700921595818,0.0,0.0,0.0,21246.390795719675,3.1605971328212483,,ecmwf_aifs025_single,model,71.17289048461055,105.2343911891723
2025-08-21,Ranjit Sagar,1.8201104084988846,-0.15994111672273764,0.0,0.0,0.0,20908.492425269273,7.173974212823169,,ecmwf_aifs025_single,model,108.52175046219068,189.37028737334708
2025-08-22,Ranjit Sagar,1.8154652006953516,-0.13850321205101568,0.0,0.0,0.0,23797.15226032229,18.20995077061506,,ecmwf_aifs025_single,model,123.1360181815619,228.48128828382073
2025-08-23,Ranjit Sagar,1.8207188439305122,-0.08518596687607922,0.0,0.0,0.0,31168.094171794433,34.512864865999944,,ecmwf_aifs025_single,model,145.82860208855246,217.94028965677154
2025-08-24,Ranjit Sagar,1.844393899436358,-0.08286684658718817,0.0,0.0,0.0,45533.64639050341,47.79028224483003,,ecmwf_aifs025_single,model,122.07448634052845,204.05637961922872
2025-08-25,Ranjit Sagar,1.921949996108127,-0.04206924809767151,0.0,0.0,0.0,75711.89022345618,54.2399925899909,,ecmwf_aifs025_single,model,92.0442390774999,197.93088069789064
2025-08-26,Ranjit Sagar,2.113477031074053,0.02698999810528632,0.06326455555879162,13991.17074926663,0.0,68941.71450841641,3.965210927807352,3.0,ecmwf_aifs025_single,model,48.34022107485979,141.0341726603655
2025-08-27,Ranjit Sagar,2.277,0.098362704546984,0.2305621794581314,31934.127797928228,18569.97537349892,65649.44260666476,6.28592931035425,1.0,ecmwf_aifs025_single,press,59.73525563524575,119.2318697150198
2025-08-28,Ranjit Sagar,2.344,0.09151387556514755,0.21450852432470624,28891.93673224933,28891.93673224933,48586.18787352029,12.43978468688253,1.0,ecmwf_aifs025_single,model,77.51976982371599,148.63649336283655
2025-08-29,Ranjit Sagar,2.344,0.10576872689924159,0.24792189585182234,24230.963968858327,24230.963968858327,43925.215110129284,13.566242230780936,1.0,ecmwf_aifs025_single,model,99.97612632282036,170.56829156319236
2025-08-30,Ranjit Sagar,2.344,0.21365984157437534,0.5008186686503362,50292.01594223399,48830.19804707417,68524.44918834518,22.21104484004764,1.0,ecmwf_aifs025_single,model,129.84184011582167,129.14310199524868
2025-08-31,Ranjit Sagar,2.344,0.20051660556309017,0.4700109234398835,63711.46536331107,42934.881832837105,62629.132974108135,33.06990072141155,1.0,ecmwf_aifs025_single,model,123.28819294444017,105.06920651949619
2025-09-01,Ranjit Sagar,2.344,0.15230066441341275,0.35699275738503955,53295.28579999833,40939.168630752385,60633.419772023386,41.09712995907523,1.0,ecmwf_aifs025_single,model,104.21752996436808,89.12720092252965
2025-09-02,Ranjit Sagar,2.344,0.07714219709697305,0.18082130999530532,35191.14853678036,35191.14853678036,54885.39967805129,24.65674461846652,1.0,ecmwf_aifs025_single,model,57.6393183683367,64.98200477492192
2025-09-03,Ranjit Sagar,2.344,0.04892821464363844,0.1146877351246891,25533.26953230943,25533.26953230943,45227.5206735804,7.918919441752465,1.0,ecmwf_aifs025_single,model,35.17659057024565,29.200360577367935
2025-09-04,Ranjit Sagar,2.344,0.021239840943892568,0.051323247634699865,9572.318648358712,9572.318648358712,29266.56978962966,3.374101097722659,1.0,ecmwf_aifs025_single,model,29.572708743781966,19.03438736877838
2025-09-05,Ranjit Sagar,2.344,0.009450115404099613,0.028636269847986284,5517.955639752512,5517.955639752512,25212.206781023513,6.295827382457436,1.0,ecmwf_aifs025_single,model,28.490327550592152,15.39210306640327
2025-09-06,Ranjit Sagar,2.344,-0.0015319621587620148,0.00790483909066575,1931.7515400197274,1931.7515400197274,21626.002681290665,6.056873373127614,1.0,ecmwf_aifs025_single,model,25.21763303138122,16.95237509002759
2025-09-07,Ranjit Sagar,2.344,-0.002645626402750367,0.005206888684112343,2128.2353997143246,2128.2353997143246,21822.486540985254,7.058999939304663,1.0,ecmwf_aifs025_single,model,26.24974536723413,9.897581244551041
2025-09-08,Ranjit Sagar,2.342645501414021,-0.006997808080000461,0.0,0.0,0.0,18208.450377582816,3.928400902203125,,ecmwf_aifs025_single,model,27.69216972602814,11.698787347195434
2025-09-09,Ranjit Sagar,2.337475519803884,-0.008884903129667972,0.0,0.0,0.0,17729.153669517924,3.5669548400792896,,ecmwf_aifs025_single,model,28.800007939295455,28.361386940888657
2025-09-10,Ranjit Sagar,2.330211759801462,-0.010557130031865989,0.0,0.0,0.0,17683.382932697365,4.905854798915768,,ecmwf_aifs025_single,model,33.770652768297126,42.44083446680315
2025-09-11,Ranjit Sagar,2.3247760641892636,-0.009088847903656848,0.0,0.0,0.0,18430.124232628328,5.921493844600947,,ecmwf_aifs025_single,model,37.7207014683957,47.62959844538952
2025-09-12,Ranjit Sagar,2.3179126562815404,-0.013162530485431237,0.0,0.0,0.0,18165.560696091063,6.819045233560552,,ecmwf_aifs025_single,model,35.6532403831688,48.11860586729136
2025-09-13,Ranjit Sagar,2.3121483711956503,-0.01621212030159673,0.0,0.0,0.0,18344.191592710562,6.189644555441165,,ecmwf_aifs025_single,model,33.089132657860375,52.92226599387678
2025-09-14,Ranjit Sagar,2.31775895506324,-0.00578331122668112,0.0,0.0,0.0,23103.209134795656,11.544967378412991,,ecmwf_aifs025_single,model,31.837941835455794,38.52425735013658
2025-09-15,Ranjit Sagar,2.3287523539785835,-0.0044681766307154164,0.0,0.0,0.0,23571.681650067098,9.156152033480812,,ecmwf_aifs025_single,model,23.352735691361612,28.002855394162264
2025-09-16,Ranjit Sagar,2.338496597335718,-0.007431451832634194,0.0010226174137857313,417.97908740085285,0.0,21353.926205846314,4.604682587830612,2.0,ecmwf_aifs025_single,model,14.848266184440762,18.601698316494303
2025-09-17,Ranjit Sagar,2.339063076103585,-0.013805165149028584,0.0,0.0,0.0,19935.429276311184,5.578261259776336,,ecmwf_aifs025_single,model,11.03352696872234,17.140763173001723
