date,dam,storage_bcm,hei,forced_release_bcm,peak_release_cusecs,release_day1_cusecs,inflow_day1_cusecs,rain_day1_mm,day_of_exhaustion,storage_basis,reanchor_gap_bcm
2015-06-01,Ranjit Sagar,1.841,-0.2289680807955069,0.0,0.0,0.0,16267.756727490701,0.7217558705804149,,cwc,
2015-06-02,Ranjit Sagar,1.841,-0.22871689356048638,0.0,0.0,0.0,16829.593224044245,3.0073169398695114,,cwc,-0.008383177439714284
2015-06-03,Ranjit Sagar,1.841,-0.22923385419627862,0.0,0.0,0.0,16832.217913035394,1.9144726050051248,,cwc,-0.007008602006649545
2015-06-04,Ranjit Sagar,1.841,-0.23005354700675879,0.0,0.0,0.0,18847.446432409826,9.571722559914184,,cwc,-0.007002180506749278
2015-06-05,Ranjit Sagar,1.88,-0.21635456776732287,0.0,0.0,0.0,17503.218586128984,0.6557080355196326,,cwc,-0.04107177169255505
2015-06-06,Ranjit Sagar,1.88,-0.21566711331134636,0.0,0.0,0.0,16508.41264345429,0.0,,cwc,-0.005360526668911625
2015-06-07,Ranjit Sagar,1.841,-0.23181426747285624,0.0,0.0,0.0,16334.306768450577,0.201078250310904,,cwc,0.031205605439173834
2015-06-08,Ranjit Sagar,1.841,-0.23182250418884687,0.0,0.0,0.0,16046.891683783535,0.0360246178444013,,cwc,-0.008220357736946626
2015-06-09,Ranjit Sagar,1.841,-0.2316490306303675,0.0,0.0,0.0,16031.431748008725,0.0810560720589546,,cwc,-0.008923540454514933
2015-06-10,Ranjit Sagar,1.841,-0.23142089309663297,0.0,0.0,0.0,18161.850708787424,9.081425439268502,,cwc,-0.008961364355317247
2015-06-11,Ranjit Sagar,1.841,-0.23342054664320344,0.0,0.0,0.0,16978.895007064504,0.0,,cwc,-0.0037491334241026575
2015-06-12,Ranjit Sagar,1.88,-0.21772457733988462,0.0,0.0,0.0,16326.415386425959,0.0008255367234674,,cwc,-0.045643323915405265
2015-06-13,Ranjit Sagar,1.88,-0.21803074985706344,0.0,0.0,0.0,16213.092160125005,0.000146140808395,,cwc,-0.008239664599228647
2015-06-14,Ranjit Sagar,1.88,-0.21824441083185914,0.0,0.0,0.0,16250.004348412038,0.9183499385624236,,cwc,-0.008516918433439269
2015-06-15,Ranjit Sagar,1.88,-0.21735316279262112,0.0,0.0,0.0,16246.034979455542,0.5333549454850905,,cwc,-0.00842660997624356
2015-06-16,Ranjit Sagar,1.88,-0.2119907140212096,0.0,0.0,0.0,16076.144238939207,0.0019119020667307,,cwc,-0.008436321337263797
2015-06-17,Ranjit Sagar,1.88,-0.2066179352432484,0.0,0.0,0.0,16033.079510665782,0.0,,cwc,-0.008851971868426123
2015-06-18,Ranjit Sagar,1.88,-0.2018422162488509,0.0,0.0,0.0,16008.389171969824,0.0,,cwc,-0.008957332979495636
2015-06-19,Ranjit Sagar,1.88,-0.19663632416067062,0.0,0.0,0.0,17103.885769639608,4.626278806560229,,cwc,-0.009017739758360399
2015-06-20,Ranjit Sagar,1.88,-0.18891431441453874,0.0,0.0,0.0,21383.656804809496,19.19964847403208,,cwc,-0.006337524572269659
2015-06-21,Ranjit Sagar,1.88,-0.19043246489665963,0.0,0.0,0.0,21223.662973218066,7.131543644211269,,cwc,0.004133258582925015
2015-06-22,Ranjit Sagar,1.919,-0.17805516330045645,0.0,0.0,0.0,20608.570892174183,6.562183919119398,,cwc,-0.035258178412885366
2015-06-23,Ranjit Sagar,1.919,-0.18233330396842365,0.0,0.0,0.0,20996.01813641995,7.132343733465786,,cwc,0.0022369523433720673
2015-06-24,Ranjit Sagar,1.919,-0.1873932962696115,0.0,0.0,0.0,24502.141211971757,15.060297481960848,,cwc,0.0031848712963340464
2015-06-25,Ranjit Sagar,1.959,-0.17613432318761357,0.0,0.0,0.0,19929.156559940424,0.6736727347150652,,cwc,-0.028237133727336605
2015-06-26,Ranjit Sagar,1.959,-0.17900455207192142,0.0,0.0,0.0,17141.383528926668,0.0,,cwc,0.000574713852833586
2015-06-27,Ranjit Sagar,1.959,-0.17881659881310413,0.0,0.0,0.0,16509.796282921034,0.0,,cwc,-0.006245783471384936
2015-06-28,Ranjit Sagar,1.959,-0.17817839529548116,0.0,0.0,0.0,16148.171939492573,0.3869600459068761,,cwc,-0.007791009382343006
2015-06-29,Ranjit Sagar,1.919,-0.19484256972249303,0.0,0.0,0.0,18939.685917853993,9.41765456269846,,cwc,0.031324249342349786
2015-06-30,Ranjit Sagar,1.919,-0.19711354746317075,0.0,0.0,0.0,17179.265383656126,0.4811655129937313,,cwc,-0.001846100823133412
2015-07-01,Ranjit Sagar,1.959,-0.17355449759295752,0.0,0.0,0.0,17321.456627208576,3.275109477546323,,cwc,-0.04615310265198391
2015-07-02,Ranjit Sagar,1.959,-0.16685077893114916,0.0,0.0,0.0,17121.24237050659,1.6505667087764078,,cwc,-0.005805221032717522
2015-07-03,Ranjit Sagar,1.959,-0.16246717390882837,0.0,0.0,0.0,16532.045286380566,0.6513572472962609,,cwc,-0.006295060337034641
2015-07-04,Ranjit Sagar,1.959,-0.15256466377349082,0.0,0.0,0.0,16763.921579068974,1.7659801710506569,,cwc,-0.007736575514565969
2015-07-05,Ranjit Sagar,1.919,-0.14956819513522038,0.0,0.0,0.0,23401.191750685688,26.62259301819121,,cwc,0.03283072735271775
2015-07-06,Ranjit Sagar,1.919,-0.1397593054598407,0.0,0.0,0.0,23744.114031704947,9.166907522780532,,cwc,0.009069310243795758
2015-07-07,Ranjit Sagar,1.959,-0.11675778982352321,0.0,0.0,0.0,21321.059617521158,5.538023304653199,,cwc,-0.030091704489438653
2015-07-08,Ranjit Sagar,1.959,-0.11213152759395531,0.0,0.0,0.0,26019.381084966983,17.326487221775608,,cwc,0.003980109835285184
2015-07-09,Ranjit Sagar,1.959,-0.11899810859863769,0.0,0.0,0.0,35984.1425011897,30.62858443376441,,cwc,0.015474908242665286
2015-07-10,Ranjit Sagar,1.959,-0.13827594252751602,0.0,0.0,0.0,32798.83223676051,11.239951959630876,,cwc,0.03985444984082376
2015-07-11,Ranjit Sagar,1.999,-0.13622962432589214,0.0,0.0,0.0,29431.881440663776,13.429057603643676,,cwc,-0.007938652357114329
2015-07-12,Ranjit Sagar,2.039,-0.11673870586770609,0.0,0.0,0.0,25753.360384131945,7.01312925176151,,cwc,-0.016176151837910435
2015-07-13,Ranjit Sagar,2.039,-0.11466631813777747,0.0,0.0,0.0,19440.68953209071,0.2529311934887873,,cwc,0.014824068501392507
2015-07-14,Ranjit Sagar,1.999,-0.12500281120790557,0.0,0.0,0.0,17514.55434091294,0.7252005727948966,,cwc,0.03937964236768954
2015-07-15,Ranjit Sagar,1.9936672071115331,-0.11874996146568392,0.0,0.0,0.0,18409.973409392045,5.353335432452689,,model,
2015-07-16,Ranjit Sagar,1.9905251246190252,-0.11416682495968783,0.0,0.0,0.0,31756.237570330086,41.92365051182142,,model,
2015-07-17,Ranjit Sagar,1.999,-0.11979758688660527,0.0,0.0,0.0,27738.86083098738,6.865678845715197,,cwc,0.021035685647102564
2015-07-18,Ranjit Sagar,1.999,-0.11778585931340409,0.0,0.0,0.0,25886.94878303163,11.614327963774134,,cwc,0.01968174534034528
2015-07-19,Ranjit Sagar,1.999,-0.11556154862046715,0.0,0.0,0.0,25684.942833760644,8.83165954685843,,cwc,0.01515090261130947
2015-07-20,Ranjit Sagar,1.959,-0.13590896588249185,0.0,0.0,0.0,24085.23428078612,8.399126451256612,,cwc,0.054656679795767715
2015-07-21,Ranjit Sagar,1.959,-0.13260897546048464,0.0,0.0,0.0,22897.577400567097,6.188413807705977,,cwc,0.010742871970054857
2015-07-22,Ranjit Sagar,1.9668371796904083,-0.12811114017406802,0.0,0.0,0.0,29666.244369240558,27.698690922819694,,model,
2015-07-23,Ranjit Sagar,1.9912344144623368,-0.11823021928613517,0.0,0.0,0.0,28018.002644715943,10.583763887490106,,model,
2015-07-24,Ranjit Sagar,1.999,-0.11635619889060861,0.0,0.0,0.0,22539.99761586836,4.316191618475535,,cwc,0.012599101337890328
2015-07-25,Ranjit Sagar,1.999,-0.11131627965055792,0.0,0.0,0.0,27246.868738899622,17.101994130144174,,cwc,0.006962333733581794
2015-07-26,Ranjit Sagar,1.959,-0.12919944755168922,0.0,0.0,0.0,24003.509414755295,6.70211366697782,,cwc,0.05847804951923985
2015-07-27,Ranjit Sagar,1.959,-0.12379754172290183,0.0,0.0,0.0,29160.902846938745,19.08514920660083,,cwc,0.010542925911360523
2015-07-28,Ranjit Sagar,1.959,-0.12475525774835419,0.0,0.0,0.0,26639.389285857906,11.427264640160228,,cwc,0.023160878561314657
2015-07-29,Ranjit Sagar,1.9759918051450045,-0.11746710220097384,0.0,0.0,0.0,27368.612338259387,14.973222538865311,,model,
2015-07-30,Ranjit Sagar,1.994767709577265,-0.11602845215918307,0.0,0.0,0.0,26462.856340941413,9.878037547542082,,model,
2015-07-31,Ranjit Sagar,1.919,-0.14826776982385895,0.0,0.0,0.0,29178.934014136412,18.486982196933777,,cwc,0.09232761353625296
2015-08-01,Ranjit Sagar,1.959,-0.12561259010858158,0.0,0.0,0.0,28243.340187676287,11.458962271437322,,cwc,-0.01679500682596191
2015-08-02,Ranjit Sagar,1.999,-0.11172725303891701,0.0,0.0,0.0,26676.84223033035,12.015298250833984,,cwc,-0.01908400780234576
2015-08-03,Ranjit Sagar,1.999,-0.10726493635324509,0.0,0.0,0.0,21072.58409489378,1.5635045173132005,,cwc,0.017083436603059887
2015-08-04,Ranjit Sagar,2.039,-0.0766283343161066,0.0,0.0,0.0,26544.091915958186,18.754882749401943,,cwc,-0.03662780430204249
2015-08-05,Ranjit Sagar,2.039,-0.07144732766387495,0.0,0.0,0.0,34534.88604122607,26.92567622869315,,cwc,0.016758652930252804
2015-08-06,Ranjit Sagar,2.039,-0.08036627871559353,0.0,0.0,0.0,25197.135494645045,3.298834788784348,,cwc,0.03630873442664839
2015-08-07,Ranjit Sagar,1.999,-0.08931687524091284,0.0,0.0,0.0,30952.071062010935,22.13609360828244,,cwc,0.0534632222889484
2015-08-08,Ranjit Sagar,1.999,-0.09652254687881537,0.0,0.0,0.0,34075.32796394391,20.2803025734764,,cwc,0.027543106914274418
2015-08-09,Ranjit Sagar,1.999,-0.10785371616945436,0.0,0.0,0.0,31507.87879551145,12.49119289963688,,cwc,0.03518439087301051
2015-08-10,Ranjit Sagar,2.039,-0.10155777594998251,0.0,0.0,0.0,25989.87245958381,6.4647509570145285,,cwc,-0.011097067476915967
2015-08-11,Ranjit Sagar,2.039,-0.10492240515730297,0.0,0.0,0.0,32971.185954380664,25.908717994813777,,cwc,0.015402713161420056
2015-08-12,Ranjit Sagar,2.078,-0.10201316277665719,0.0,0.0,0.0,24048.505647906823,0.5798265117215667,,cwc,-0.006516975966400107
2015-08-13,Ranjit Sagar,2.078,-0.10813582860466486,0.0,0.0,0.0,23219.231218605128,9.2487309490429,,cwc,0.01065301259503082
2015-08-14,Ranjit Sagar,2.04485,-0.12529174922471017,0.0,0.0,0.0,21190.47160508856,4.743583850342841,,cwc_level,0.04177413005575259
2015-08-15,Ranjit Sagar,2.078,-0.1137319639343146,0.0,0.0,0.0,22766.309272946128,11.90105881595952,,cwc,-0.029489383602474106
2015-08-16,Ranjit Sagar,2.078,-0.11638341174115081,0.0,0.0,0.0,19817.806767576345,1.963708853719938,,cwc,0.007516022299460801
2015-08-17,Ranjit Sagar,2.078,-0.11561951960071343,0.0,0.0,0.0,18182.539756536495,3.2630186724932506,,cwc,0.0003022881738337091
2015-08-18,Ranjit Sagar,1.999,-0.14939332278587786,0.0,0.0,0.0,20332.143613140735,8.932202717710418,,cwc,0.07530148389418079
2015-08-19,Ranjit Sagar,1.999,-0.1499961877324277,0.0,0.0,0.0,18716.04840964425,3.1558280341982097,,cwc,0.001560652122366335
2015-08-20,Ranjit Sagar,1.959,-0.1682022710090092,0.0,0.0,0.0,20226.02652119077,8.79938153388638,,cwc,0.03760675311821293
2015-08-21,Ranjit Sagar,1.959,-0.171999257830205,0.0,0.0,0.0,20549.67183523916,8.24560740913665,,cwc,0.0013010286402366233
2015-08-22,Ranjit Sagar,1.919,-0.193520102784238,0.0,0.0,0.0,18114.773745252976,0.8904518994239679,,cwc,0.042092851351019256
2015-08-23,Ranjit Sagar,1.919,-0.19321064949490457,0.0,0.0,0.0,19754.554485642155,7.911938199414094,,cwc,-0.00386431077184457
2015-08-24,Ranjit Sagar,1.88,-0.2126626648355796,0.0,0.0,0.0,17622.659241599205,0.5108487759398249,,cwc,0.03914753668765347
2015-08-25,Ranjit Sagar,1.88,-0.21373586556420704,0.0,0.0,0.0,16588.23282008249,0.3564102624285439,,cwc,-0.005068306082093965
2015-08-26,Ranjit Sagar,1.841,-0.22942132359181192,0.0,0.0,0.0,16280.496255823135,0.0084672447736039,,cwc,0.031400891531353725
2015-08-27,Ranjit Sagar,1.8,-0.24611986038290112,0.0,0.0,0.0,18411.252842952337,8.605235770100858,,cwc,0.03264799077876557
2015-08-28,Ranjit Sagar,1.8,-0.24747360715944708,0.0,0.0,0.0,17058.735846180214,0.0,,cwc,-0.0031389522616469545
2015-08-29,Ranjit Sagar,1.76,-0.2640380699384212,0.0,0.0,0.0,16594.453710615544,1.036657641073219,,cwc,0.033552012729111125
2015-08-30,Ranjit Sagar,1.76,-0.2637464644267255,0.0,0.0,0.0,17501.054166374997,4.242813566319421,,cwc,-0.00758388858999659
2015-08-31,Ranjit Sagar,1.76,-0.2649636661823598,0.0,0.0,0.0,17040.182489533876,1.720696348732011,,cwc,-0.005365822085352079
2015-09-01,Ranjit Sagar,1.721,-0.28146196752241764,0.0,0.0,0.0,17114.263485727322,2.3476276635932978,,cwc,0.03250662054045228
2015-09-02,Ranjit Sagar,1.69,-0.29521171487816944,0.0,0.0,0.0,17538.14031346456,4.078133251729878,,cwc,0.024687865294129363
2015-09-03,Ranjit Sagar,1.66,-0.3094051306788503,0.0,0.0,0.0,16873.833319660615,0.9274970202691956,,cwc,0.024724911975195996
2015-09-04,Ranjit Sagar,1.629,-0.32343557643877796,0.0,0.0,0.0,16334.885020117677,0.0508034725230387,,cwc,0.024099634729418007
2015-09-05,Ranjit Sagar,1.599,-0.3365726375039351,0.0,0.0,0.0,17174.239931373773,3.788519778178563,,cwc,0.021781056999441217
2015-09-06,Ranjit Sagar,1.568,-0.3510260952070642,0.0,0.0,0.0,16611.762018270572,0.5958329777777038,,cwc,0.024834602199356626
2015-09-07,Ranjit Sagar,1.538,-0.3644660552743002,0.0,0.0,0.0,16201.837151788619,0.0094857135658594,,cwc,0.022458457492247064
2015-09-08,Ranjit Sagar,1.487,-0.38643719616327366,0.0,0.0,0.0,16102.402057419726,0.0,,cwc,0.0424555453383999
2015-09-09,Ranjit Sagar,1.45,-0.40046912355261366,0.0,0.0,0.0,16010.647684315025,0.0,,cwc,0.028212269868147954
2015-09-10,Ranjit Sagar,1.426,-0.4092810038544615,0.0,0.0,0.0,15997.5319971462,0.0,,cwc,0.014987785862712544
2015-09-11,Ranjit Sagar,1.386,-0.425779789099321,0.0,0.0,0.0,15997.325075852796,0.0,,cwc,0.030955697343222344
2015-09-12,Ranjit Sagar,1.36,-0.43574138394248224,0.0,0.0,0.0,15997.325075852796,0.0,,cwc,0.016955191094645716
2015-09-13,Ranjit Sagar,1.318,-0.4532535741799985,0.0,0.0,0.0,17781.95869602965,7.678799992804084,,cwc,0.03295519109464595
2015-09-14,Ranjit Sagar,1.316,-0.45570766940071605,0.0,0.0,0.0,17377.84543079558,2.154306673215844,,cwc_level,-0.0026785679324650147
2015-09-15,Ranjit Sagar,1.294,-0.4659389342239447,0.0,0.0,0.0,16539.860390995833,0.1093693173507739,,cwc,0.01633273843518146
2015-09-16,Ranjit Sagar,1.263,-0.47868194599525404,0.0,0.0,0.0,17080.48054695663,2.900287206809331,,cwc,0.023282544729271715
2015-09-17,Ranjit Sagar,1.263,-0.4753505636754436,0.0,0.0,0.0,16386.205805488455,0.0,,cwc,-0.006394787217723907
2015-09-18,Ranjit Sagar,1.233,-0.4646696416412185,0.0,0.0,0.0,16248.223429121996,0.4710866681441641,,cwc,0.02190661717790765
2015-09-19,Ranjit Sagar,1.2198571428571428,-0.4475249057675778,0.0,0.0,0.0,16567.69887748187,1.771281881021837,,cwc_level,0.004711890013030295
2015-09-20,Ranjit Sagar,1.192,-0.45059063952791156,0.0,0.0,0.0,17001.885939361942,3.158789664232025,,cwc,0.02020779654667626
2015-09-21,Ranjit Sagar,1.172,-0.4533787115828707,0.0,0.0,0.0,20272.190760786983,14.266841572742496,,cwc,0.01341292513732295
2015-09-22,Ranjit Sagar,1.172,-0.4555374331392796,0.0,0.0,0.0,38881.35472837936,64.4974991973288,,cwc_level,0.001413972939911634
2015-09-23,Ranjit Sagar,1.233,-0.4527709145938713,0.0,0.0,0.0,38046.08621234887,8.032809376506604,,cwc,-0.014057301573868974
2015-09-24,Ranjit Sagar,1.294,-0.449625867472038,0.0,0.0,0.0,25016.67686245703,0.9031454853768316,,cwc,-0.01610084909915588
2015-09-25,Ranjit Sagar,1.36,-0.43085042403004203,0.0,0.0,0.0,22505.39844183632,2.963315979932687,,cwc,-0.05297828338754629
2015-09-26,Ranjit Sagar,1.36,-0.437643296532539,0.0,0.0,0.0,18203.9761342538,1.4044327531274947,,cwc,0.006877684240498727
2015-09-27,Ranjit Sagar,1.36,-0.43994651262342777,0.0,0.0,0.0,16599.075062523123,0.0,,cwc,-0.0036460703883107737
2015-09-28,Ranjit Sagar,1.352427417896568,-0.4438052194943125,0.0,0.0,0.0,16126.464868960913,0.0,,model,
2015-09-29,Ranjit Sagar,1.36,-0.44070938679650684,0.0,0.0,0.0,16028.456322130744,0.0,,cwc,-0.01630144074901052
2015-09-30,Ranjit Sagar,1.36,-0.44074188037408624,0.0,0.0,0.0,15997.325075852796,0.0,,cwc,-0.008968643959508027
2016-06-01,Ranjit Sagar,0.842,-0.6605523458296682,0.0,0.0,0.0,16099.52898454423,0.0,,cwc,
2016-06-02,Ranjit Sagar,0.842,-0.6594465992590072,0.0,0.0,0.0,16052.282115607266,0.017608208916682,,cwc,-0.00879475932169016
2016-06-03,Ranjit Sagar,0.842,-0.6580006279791227,0.0,0.0,0.0,16221.441347512477,0.8987779240388564,,cwc,-0.008910352355835038
2016-06-04,Ranjit Sagar,0.842,-0.6544321583561609,0.0,0.0,0.0,16161.687223558525,0.3141962466202991,,cwc,-0.008496491515751936
2016-06-05,Ranjit Sagar,0.842,-0.6527267056757863,0.0,0.0,0.0,16581.537993676,2.212053271348416,,cwc,-0.008642684494163388
2016-06-06,Ranjit Sagar,0.866,-0.6422444680703984,0.0,0.0,0.0,17158.91583501161,3.694596388537476,,cwc,-0.03161548786721413
2016-06-07,Ranjit Sagar,0.866,-0.6428868886144028,0.0,0.0,0.0,17437.629355840923,3.665971231221068,,cwc,-0.006202889360060748
2016-06-08,Ranjit Sagar,0.892,-0.6329810888986689,0.0,0.0,0.0,19640.298701596974,10.78706518018308,,cwc,-0.03152099567578592
2016-06-09,Ranjit Sagar,0.892,-0.6364191928476194,0.0,0.0,0.0,17795.636802622597,0.4690878596971631,,cwc,-0.00013199871952918052
2016-06-10,Ranjit Sagar,0.892,-0.6375903619325137,0.0,0.0,0.0,16814.66586420786,0.5759251595802425,,cwc,-0.004645103411365481
2016-06-11,Ranjit Sagar,0.892,-0.6358103524491387,0.0,0.0,0.0,16543.42952481535,0.4807797836681143,,cwc,-0.0070451229201849985
2016-06-12,Ranjit Sagar,0.892,-0.6337948407876386,0.0,0.0,0.0,16301.018033382918,0.6867791337918571,,cwc,-0.0077087231152068725
2016-06-13,Ranjit Sagar,0.892,-0.6330822472761499,0.0,0.0,0.0,16346.341287936895,0.8112480604518818,,cwc,-0.008301801142105547
2016-06-14,Ranjit Sagar,0.892,-0.6326403958238559,0.0,0.0,0.0,16673.57035346393,2.296193321486398,,cwc,-0.008190914375869052
2016-06-15,Ranjit Sagar,0.8846096762536422,-0.6348678410588746,0.0,0.0,0.0,18520.04636497427,8.83264156328961,,model,
2016-06-16,Ranjit Sagar,0.892,-0.6323277145847312,0.0,0.0,0.0,18474.438499033142,4.628309041688008,,cwc,-0.010263104437511994
2016-06-17,Ranjit Sagar,0.8752857142857142,-0.6401831674349387,0.0,0.0,0.0,16983.73522720441,0.0,,cwc_level,0.013729921933635425
2016-06-18,Ranjit Sagar,0.866,-0.6420756921884827,0.0,0.0,0.0,16769.667600529734,1.12953896711186,,cwc,0.002654232334538098
2016-06-19,Ranjit Sagar,0.866,-0.6415492850314933,0.0,0.0,0.0,17560.1941568533,4.184560987750076,,cwc,-0.007155214571692103
2016-06-20,Ranjit Sagar,0.866,-0.642707926073162,0.0,0.0,0.0,17932.994273499484,4.272959715332193,,cwc,-0.005221131630884002
2016-06-21,Ranjit Sagar,0.866,-0.6440289191290608,0.0,0.0,0.0,17780.04107088445,3.6610853719329897,,cwc,-0.004309047982119618
2016-06-22,Ranjit Sagar,0.866,-0.6439450520261544,0.0,0.0,0.0,18965.949212883384,7.748018605537939,,cwc,-0.0046832595472510175
2016-06-23,Ranjit Sagar,0.866,-0.643126600815174,0.0,0.0,0.0,17274.00452085413,0.0,,cwc,-0.001781845687769179
2016-06-24,Ranjit Sagar,0.842,-0.653143540636868,0.0,0.0,0.0,16450.13049803335,0.0677379581888316,,cwc,0.018078683804291007
2016-06-25,Ranjit Sagar,0.817,-0.6622951683408084,0.0,0.0,0.0,16667.385398817343,1.496570068380502,,cwc,0.01706301376744479
2016-06-26,Ranjit Sagar,0.817,-0.6591699158807919,0.0,0.0,0.0,17860.39194726354,5.769758626077688,,cwc,-0.007405455705146502
2016-06-27,Ranjit Sagar,0.788,-0.6658511728751041,0.0,0.0,0.0,19750.085898148838,9.948888877221394,,cwc,0.024513324941961456
2016-06-28,Ranjit Sagar,0.788,-0.6607718580327858,0.0,0.0,0.0,17486.666279407153,0.0,,cwc,0.00013660395076897647
2016-06-29,Ranjit Sagar,0.788,-0.6540562266995192,0.0,0.0,0.0,17900.5597187537,4.287742121307388,,cwc,-0.005401023137759808
2016-06-30,Ranjit Sagar,0.7836115984294085,-0.6528830832922314,0.0,0.0,0.0,19661.607988676322,8.488187974455133,,model,
2016-07-01,Ranjit Sagar,0.768,-0.6541099230262013,0.0,0.0,0.0,23312.556966079672,16.166015980298447,,cwc,0.015531734490540794
2016-07-02,Ranjit Sagar,0.744,-0.668201276678191,0.0,0.0,0.0,24616.444516036252,13.062449207871229,,cwc,0.032852458547293684
2016-07-03,Ranjit Sagar,0.768,-0.6659647068646651,0.0,0.0,0.0,23920.73690265704,10.577924722156796,,cwc,-0.011957482058837066
2016-07-04,Ranjit Sagar,0.788,-0.6618903375711472,0.0,0.0,0.0,20818.209137044087,2.8785661284719204,,cwc,-0.009659583292582763
2016-07-05,Ranjit Sagar,0.788,-0.6653252286254002,0.0,0.0,0.0,24867.204895812203,15.212920618174032,,cwc,0.002749848146682443
2016-07-06,Ranjit Sagar,0.817,-0.6582321860650249,0.0,0.0,0.0,19621.629466745817,0.0,,cwc,-0.016343977845884594
2016-07-07,Ranjit Sagar,0.817,-0.656651879113114,0.0,0.0,0.0,16949.613875461073,0.0,,cwc,-0.0001776744129701191
2016-07-08,Ranjit Sagar,0.817,-0.6535872330123161,0.0,0.0,0.0,19649.59212030776,8.667705451869066,,cwc,-0.006714962415932502
2016-07-09,Ranjit Sagar,0.842,-0.644003705242004,0.0,0.0,0.0,17527.32991370795,0.9060680427346371,,cwc,-0.025109261668576854
2016-07-10,Ranjit Sagar,0.817,-0.6462731095443158,0.0,0.0,0.0,19809.56085085601,9.47576237143417,,cwc,0.01969846351551363
2016-07-11,Ranjit Sagar,0.817,-0.6411728164145045,0.0,0.0,0.0,21135.680198601927,11.440271089176465,,cwc,0.0002821139156350405
2016-07-12,Ranjit Sagar,0.817,-0.6380525269895706,0.0,0.0,0.0,19885.771098702855,4.611732534679371,,cwc,0.0035265650823093075
2016-07-13,Ranjit Sagar,0.817,-0.6361222367655741,0.0,0.0,0.0,18612.955049769396,2.500103486279804,,cwc,0.00046856804433736965
2016-07-14,Ranjit Sagar,0.817,-0.6333164682695875,0.0,0.0,0.0,25571.437258436035,23.51139197825655,,cwc_level,-0.0026454725749652797
2016-07-15,Ranjit Sagar,0.866,-0.6198163903512112,0.0,0.0,0.0,24696.018216960416,8.521156039142607,,cwc,-0.03462102016910518
2016-07-16,Ranjit Sagar,0.8703333333333333,-0.6260355207852758,0.0,0.0,0.0,24125.147834437623,10.76352668237976,,cwc_level,0.007903867678579535
2016-07-17,Ranjit Sagar,0.915,-0.6115748067209663,0.0,0.0,0.0,21735.131644008485,5.007476105693487,,cwc,-0.03382614317231225
2016-07-18,Ranjit Sagar,0.915,-0.6157035538455339,0.0,0.0,0.0,21301.088415018632,7.273484882615824,,cwc,0.0049931683293849005
2016-07-19,Ranjit Sagar,0.939,-0.6085603975471292,0.0,0.0,0.0,18477.514738486727,0.6556659597170909,,cwc,-0.02006875122037266
2016-07-20,Ranjit Sagar,0.939,-0.607631742362665,0.0,0.0,0.0,16966.44898081456,0.8980327111397135,,cwc,-0.002976837528431031
2016-07-21,Ranjit Sagar,0.939,-0.6040609502477043,0.0,0.0,0.0,19722.768795081516,9.673376872911064,,cwc,-0.006673774058867932
2016-07-22,Ranjit Sagar,0.939,-0.5880613500961468,0.0,0.0,0.0,17779.48707885549,1.2676952125490928,,cwc,6.97705944292526e-05
2016-07-23,Ranjit Sagar,0.939,-0.5670230218076284,0.0,0.0,0.0,18335.129873602844,5.371941189092352,,cwc,-0.004684614930601461
2016-07-24,Ranjit Sagar,0.939,-0.558564001515693,0.0,0.0,0.0,19367.234966559943,7.582698071934907,,cwc,-0.00332519285691224
2016-07-25,Ranjit Sagar,0.915,-0.555396739525583,0.0,0.0,0.0,20387.531453700256,8.853483465772785,,cwc,0.023199930223952947
2016-07-26,Ranjit Sagar,0.915,-0.5452426875898789,0.0,0.0,0.0,35051.56696911809,44.59326321683957,,cwc,0.0016961626585998424
2016-07-27,Ranjit Sagar,0.915,-0.546727581752919,0.0,0.0,0.0,37935.75881058554,20.869061926237784,,cwc,0.0375728333496802
2016-07-28,Ranjit Sagar,0.964,-0.5288725069104842,0.0,0.0,0.0,26439.495831306718,1.631618600120604,,cwc,-0.004370773422314067
2016-07-29,Ranjit Sagar,0.964,-0.5294748019337584,0.0,0.0,0.0,32211.335432613196,18.88518723176536,,cwc,0.016502750707384384
2016-07-30,Ranjit Sagar,0.964,-0.540894932255059,0.0,0.0,0.0,30115.86286802877,11.56752605565182,,cwc,0.030623992328770888
2016-07-31,Ranjit Sagar,0.988,-0.5422969406751703,0.0,0.0,0.0,33628.92873319739,18.56039511574263,,cwc,0.0014972603958901542
2016-08-01,Ranjit Sagar,0.988,-0.5435718750782167,0.0,0.0,0.0,35014.24486741852,23.25416398403493,,cwc,0.034092241431514125
2016-08-02,Ranjit Sagar,1.013,-0.5260951478054761,0.0,0.0,0.0,25862.452732382913,4.625535900160552,,cwc,0.01248152200835384
2016-08-03,Ranjit Sagar,1.037,-0.5089117229404111,0.0,0.0,0.0,21270.007452027912,2.492541600206202,,cwc,-0.008909028827170262
2016-08-04,Ranjit Sagar,1.037,-0.5011753469589177,0.0,0.0,0.0,18963.00564831831,2.1866607350492298,,cwc,0.0038552068556421126
2016-08-05,Ranjit Sagar,1.037,-0.4929885920942314,0.0,0.0,0.0,32407.44744839599,33.29922164709185,,cwc,-0.0017890473408506136
2016-08-06,Ranjit Sagar,1.061,-0.48319396721609487,0.0,0.0,0.0,41539.87566445278,33.890975405788154,,cwc,0.007103795190773532
2016-08-07,Ranjit Sagar,1.111,-0.4667374106260898,0.0,0.0,0.0,32515.812737279462,10.316753213789818,,cwc,0.003446970735657695
2016-08-08,Ranjit Sagar,1.192,-0.44003206120185895,0.0,0.0,0.0,28682.026808476043,9.305471309805124,,cwc,-0.04963108094345792
2016-08-09,Ranjit Sagar,1.263,-0.4166819018386691,0.0,0.0,0.0,26806.52122572921,8.81122013997927,,cwc,-0.0490107278437375
2016-08-10,Ranjit Sagar,1.294,-0.4079109635514402,0.0,0.0,0.0,31981.79156070331,18.043617921511206,,cwc,-0.01359929393802628
2016-08-11,Ranjit Sagar,1.36,-0.3918517726200618,0.0,0.0,0.0,36869.74341621058,25.413507293610905,,cwc,-0.035937604094874454
2016-08-12,Ranjit Sagar,1.477,-0.3618058040411001,0.0,0.0,0.0,24994.009054133876,2.840141825446839,,cwc,-0.07497886061737025
2016-08-13,Ranjit Sagar,1.507,-0.35545616498892474,0.0,0.0,0.0,22033.049023065443,5.359356036760255,,cwc,-0.017033741893060617
2016-08-14,Ranjit Sagar,1.538,-0.3458304178246931,0.0,0.0,0.0,22538.956026799857,8.073222169088245,,cwc,-0.025277954296420324
2016-08-15,Ranjit Sagar,1.568,-0.3373377274089108,0.0,0.0,0.0,20391.200577955475,4.513844386285598,,cwc,-0.023040214592761732
2016-08-16,Ranjit Sagar,1.599,-0.3270362323917964,0.0,0.0,0.0,17834.05504940533,0.8290983763820245,,cwc,-0.02929486055172359
2016-08-17,Ranjit Sagar,1.599,-0.32834763015088264,0.0,0.0,0.0,18815.394995310682,6.852150473109007,,cwc,-0.004551110268283809
2016-08-18,Ranjit Sagar,1.629,-0.31628642211824015,0.0,0.0,0.0,18584.453837688263,4.1855800586529535,,cwc,-0.032150187954761655
2016-08-19,Ranjit Sagar,1.629,-0.31745795707945357,0.0,0.0,0.0,18413.543392896303,4.380495201025614,,cwc,-0.0027152029434613922
2016-08-20,Ranjit Sagar,1.629,-0.31273363762461825,0.0,0.0,0.0,17590.021725190334,1.9949606860679727,,cwc,-0.003133348258168356
2016-08-21,Ranjit Sagar,1.66,-0.2968976962915913,0.0,0.0,0.0,16577.63917747744,0.1186921658028301,,cwc,-0.036148156231607276
2016-08-22,Ranjit Sagar,1.66,-0.28926978899725214,0.0,0.0,0.0,18108.885697189467,6.038888624981946,,cwc,-0.0076250266155819535
2016-08-23,Ranjit Sagar,1.66,-0.28120607858370156,0.0,0.0,0.0,17462.036852003857,2.178768048546035,,cwc,-0.003878716326247922
2016-08-24,Ranjit Sagar,1.69,-0.2661855343308594,0.0,0.0,0.0,22939.790220745555,21.42248947175067,,cwc,-0.03546128089254541
2016-08-25,Ranjit Sagar,1.721,-0.25547096162668764,0.0,0.0,0.0,20091.25104375722,1.608192572377849,,cwc,-0.02305954345603456
2016-08-26,Ranjit Sagar,1.721,-0.25745052616100417,0.0,0.0,0.0,23885.73752353534,17.232797981310835,,cwc,0.000971290253008128
2016-08-27,Ranjit Sagar,1.76,-0.24420214855219574,0.0,0.0,0.0,25834.515606206984,12.691646302440072,,cwc,-0.028745211917651003
2016-08-28,Ranjit Sagar,1.8,-0.23384057857168558,0.0,0.0,0.0,19590.79013662546,0.0125863019250808,,cwc,-0.024977379116885245
2016-08-29,Ranjit Sagar,1.8,-0.23609121879212738,0.0,0.0,0.0,20534.370289148334,6.3233450495753845,,cwc,-0.00025312516388353856
2016-08-30,Ranjit Sagar,1.8,-0.24008828846323926,0.0,0.0,0.0,18194.68207130918,1.8135192817825472,,cwc,0.002055414962544022
2016-08-31,Ranjit Sagar,1.8,-0.24120151201308992,0.0,0.0,0.0,20638.013209683995,9.792967904622904,,cwc,-0.0036688090154297637
2016-09-01,Ranjit Sagar,1.841,-0.22664557896094215,0.0,0.0,0.0,19412.28188680641,4.504434977743212,,cwc,-0.03869101480260406
2016-09-02,Ranjit Sagar,1.841,-0.22904007889246675,0.0,0.0,0.0,17434.510643718117,1.076150837466764,,cwc,-0.0006898590825694662
2016-09-03,Ranjit Sagar,1.841,-0.23010377538009433,0.0,0.0,0.0,16704.882445974217,0.2179199240575994,,cwc,-0.0055286258405990996
2016-09-04,Ranjit Sagar,1.841,-0.22978871164082412,0.0,0.0,0.0,17128.131722762886,2.9934114137788,,cwc,-0.0073137163465422095
2016-09-05,Ranjit Sagar,1.841,-0.22932273014492505,0.0,0.0,0.0,17825.554408530475,4.443281984007356,,cwc,-0.0062782050162797365
2016-09-06,Ranjit Sagar,1.841,-0.23023147249932094,0.0,0.0,0.0,17118.17416971381,1.6705047086380396,,cwc,-0.004571907728369684
2016-09-07,Ranjit Sagar,1.841,-0.23063570550322435,0.0,0.0,0.0,16415.410877297556,0.0,,cwc,-0.006302566922063102
2016-09-08,Ranjit Sagar,1.841,-0.23072965921533456,0.0,0.0,0.0,17006.73676892491,3.05826730930131,,cwc,-0.008021930407598132
2016-09-09,Ranjit Sagar,1.841,-0.23038056216772002,0.0,0.0,0.0,17574.576398617937,4.1198053907956105,,cwc,-0.006575206941692668
2016-09-10,Ranjit Sagar,1.841,-0.23146625249601505,0.0,0.0,0.0,16954.91214179996,1.248835825962215,,cwc,-0.005185944389892283
2016-09-11,Ranjit Sagar,1.8,-0.24979142899629944,0.0,0.0,0.0,16730.889107998297,1.337428634546905,,cwc,0.03429800019292606
2016-09-12,Ranjit Sagar,1.8,-0.25042444502088784,0.0,0.0,0.0,16325.396284620476,0.1410255857074686,,cwc,-0.007250089083212563
2016-09-13,Ranjit Sagar,1.8,-0.250756383272464,0.0,0.0,0.0,17341.197513902604,4.487474118135901,,cwc,-0.008242157908784353
2016-09-14,Ranjit Sagar,1.8,-0.2520957524693684,0.0,0.0,0.0,16534.404909062432,0.0,,cwc,-0.005756923462084229
2016-09-15,Ranjit Sagar,1.8,-0.2522808751716985,0.0,0.0,0.0,16156.157441491549,0.0,,cwc,-0.007730802519415825
2016-09-16,Ranjit Sagar,1.76,-0.2691704331515511,0.0,0.0,0.0,16124.413021725484,0.1013195029750131,,cwc,0.03134378647625957
2016-09-17,Ranjit Sagar,1.76,-0.2686324749718708,0.0,0.0,0.0,16007.37493305823,0.0,,cwc,-0.00873387864484787
2016-09-18,Ranjit Sagar,1.721,-0.28456465502200307,0.0,0.0,0.0,16057.982939451542,0.2258056858076711,,cwc,0.029979778829521075
2016-09-19,Ranjit Sagar,1.721,-0.2843584912466677,0.0,0.0,0.0,16357.043692871366,1.440924605640839,,cwc,-0.00889640485962806
2016-09-20,Ranjit Sagar,1.721,-0.2845659471729786,0.0,0.0,0.0,16324.096704995232,0.7667418840429514,,cwc,-0.0081647301336778
2016-09-21,Ranjit Sagar,1.721,-0.28439563138963375,0.0,0.0,0.0,16639.8166745842,2.1246195269425696,,cwc,-0.008245337428514965
2016-09-22,Ranjit Sagar,1.721,-0.2846783298306147,0.0,0.0,0.0,16683.818366616182,1.654053987769038,,cwc,-0.007472904671677272
2016-09-23,Ranjit Sagar,1.69,-0.29814049927592107,0.0,0.0,0.0,16255.50305701559,0.0,,cwc,0.023634748792011218
2016-09-24,Ranjit Sagar,1.66,-0.310937057823411,0.0,0.0,0.0,16158.285599274946,0.2195056655715383,,cwc,0.021586843029758107
2016-09-25,Ranjit Sagar,1.66,-0.3109340228846328,0.0,0.0,0.0,16487.271799623588,1.696076329963794,,cwc,-0.008651006824950569
2016-09-26,Ranjit Sagar,1.66,-0.31137485106000135,0.0,0.0,0.0,16368.970696880871,0.7454888953058695,,cwc,-0.007846117232354732
2016-09-27,Ranjit Sagar,1.66,-0.3117462267821651,0.0,0.0,0.0,16456.837768854333,1.2891513031707016,,cwc,-0.00813554981733633
2016-09-28,Ranjit Sagar,1.629,-0.32433282704425903,0.0,0.0,0.0,16257.49227197873,0.2912735407897947,,cwc,0.023079423612212713
2016-09-29,Ranjit Sagar,1.599,-0.3368688012804834,0.0,0.0,0.0,16161.193294689903,0.3039504248271902,,cwc,0.021591709794441805
2016-09-30,Ranjit Sagar,1.599,-0.3368354036619305,0.0,0.0,0.0,16064.925861872418,0.0,,cwc,-0.008643892928454466
2017-06-01,Ranjit Sagar,1.36,-0.43968487261218836,0.0,0.0,0.0,16575.36171706311,0.0,,cwc,
2017-06-02,Ranjit Sagar,1.386,-0.42487675231701755,0.0,0.0,0.0,16254.917824314085,0.0,,cwc,-0.03363059859453754
2017-06-03,Ranjit Sagar,1.377585411213742,-0.4259388695409121,0.0,0.0,0.0,16053.411007753475,0.0,,model,
2017-06-04,Ranjit Sagar,1.3808,-0.42341197659828445,0.0,0.0,0.0,15997.325075852796,0.0,,cwc_level,-0.0121221792221744
2017-06-05,Ranjit Sagar,1.386,-0.42048379444093,0.0,0.0,0.0,16118.301227632406,0.4978484161324337,,cwc,-0.014244808905353956
2017-06-06,Ranjit Sagar,1.386,-0.4199022848691016,0.0,0.0,0.0,20135.535441405136,17.43561775562234,,cwc,-0.0087488316108153
2017-06-07,Ranjit Sagar,1.386,-0.4237531282059123,0.0,0.0,0.0,18676.66442610156,1.6184812674976712,,cwc,0.0010796353773430134
2017-06-08,Ranjit Sagar,1.386,-0.4264252490977832,0.0,0.0,0.0,17160.447443308818,0.6490954412467529,,cwc,-0.002489602772808741
2017-06-09,Ranjit Sagar,1.416,-0.4142082399773217,0.0,0.0,0.0,16677.32000994168,0.1145685994284655,,cwc,-0.03619914216465525
2017-06-10,Ranjit Sagar,1.416,-0.414524473372109,0.0,0.0,0.0,16675.43032950942,1.8045526683762143,,cwc,-0.007381149928515018
2017-06-11,Ranjit Sagar,1.416,-0.41435099352551624,0.0,0.0,0.0,16446.14322218404,0.5728741386006106,,cwc,-0.00738577317444955
2017-06-12,Ranjit Sagar,1.416,-0.41421323626688694,0.0,0.0,0.0,16116.575332617082,0.0,,cwc,-0.007946741404141422
2017-06-13,Ranjit Sagar,1.416,-0.4134385373681769,0.0,0.0,0.0,16603.207089901873,2.2222079979897407,,cwc,-0.008753054143354033
2017-06-14,Ranjit Sagar,1.416,-0.41243526146832676,0.0,0.0,0.0,16374.345070651503,0.5664671087612849,,cwc,-0.007562472786293739
2017-06-15,Ranjit Sagar,1.416,-0.40942100393788927,0.0,0.0,0.0,16841.636830327807,2.781508225816773,,cwc,-0.008122401005896451
2017-06-16,Ranjit Sagar,1.386,-0.4172013864139741,0.0,0.0,0.0,16578.124846383074,0.8752172926277114,,cwc,0.02302086358596389
2017-06-17,Ranjit Sagar,1.36,-0.41828427327914836,0.0,0.0,0.0,16858.794072553475,2.530006884987158,,cwc,0.018376161610085484
2017-06-18,Ranjit Sagar,1.36,-0.41406741081014414,0.0,0.0,0.0,17564.419472461293,4.374447503305377,,cwc,-0.006937159924777614
2017-06-19,Ranjit Sagar,1.36,-0.4139027604156422,0.0,0.0,0.0,19262.226323368173,9.375654172719525,,cwc,-0.005210794077045167
2017-06-20,Ranjit Sagar,1.318,-0.43442410178497154,0.0,0.0,0.0,21649.493059193475,12.932971732222724,,cwc,0.040943018645448914
2017-06-21,Ranjit Sagar,1.318,-0.438487139357518,0.0,0.0,0.0,26167.73806340252,20.657107746360897,,cwc,0.004783647062021279
2017-06-22,Ranjit Sagar,1.36,-0.42696425602577615,0.0,0.0,0.0,20898.859643113534,0.0001245098441287,,cwc,-0.02616212520188288
2017-06-23,Ranjit Sagar,1.36,-0.42757158243569243,0.0,0.0,0.0,17722.16670631006,0.0,,cwc,0.002947165702568144
2017-06-24,Ranjit Sagar,1.36,-0.42218772836353186,0.0,0.0,0.0,16768.11810716797,0.0,,cwc,-0.004824853552332753
2017-06-25,Ranjit Sagar,1.318,-0.4302683849066056,0.0,0.0,0.0,17756.80309612409,4.5244651693041655,,cwc,0.03484099447574107
2017-06-26,Ranjit Sagar,1.318,-0.4244948559357455,0.0,0.0,0.0,20040.659135604812,9.798133858801355,,cwc,-0.004740113008027569
2017-06-27,Ranjit Sagar,1.318,-0.42582351961564463,0.0,0.0,0.0,20316.99610432612,10.03151055871337,,cwc,0.0008475133277199287
2017-06-28,Ranjit Sagar,1.294,-0.43320268376032217,0.0,0.0,0.0,22880.296390105977,14.32323328037127,,cwc,0.02552359259772441
2017-06-29,Ranjit Sagar,1.318,-0.42557788387149564,0.0,0.0,0.0,26193.104433458797,16.9760494811589,,cwc,-0.0162050996071883
2017-06-30,Ranjit Sagar,1.36,-0.41559552405388606,0.0,0.0,0.0,23288.270102045062,5.479344346774795,,cwc,-0.026100064461223926
2017-07-01,Ranjit Sagar,1.416,-0.39645555645989833,0.0,0.0,0.0,18767.701236818568,0.0,,cwc,-0.04720696110033118
2017-07-02,Ranjit Sagar,1.416,-0.39715391370246245,0.0,0.0,0.0,23056.84170487235,13.493168176461896,,cwc,-0.002266874337963687
2017-07-03,Ranjit Sagar,1.446,-0.39085110558546177,0.0,0.0,0.0,20375.78796740935,3.6513216070098498,,cwc,-0.021773168157399603
2017-07-04,Ranjit Sagar,1.446,-0.3951293524569059,0.0,0.0,0.0,18590.0902443544,3.037408479311576,,cwc,0.0016674313322211365
2017-07-05,Ranjit Sagar,1.446,-0.39439578763236055,0.0,0.0,0.0,18736.636297009823,4.959382812673386,,cwc,-0.00270141304874727
2017-07-06,Ranjit Sagar,1.4436571229399762,-0.3930740074271785,0.0,0.0,0.0,18098.623439671268,3.3676990766875528,,model,
2017-07-07,Ranjit Sagar,1.446,-0.3833958368291367,0.0,0.0,0.0,16833.36015268704,0.0679181587085566,,cwc,-0.006246700774557912
2017-07-08,Ranjit Sagar,1.446,-0.37101141637911605,0.0,0.0,0.0,16276.911607384518,0.0304820835138232,,cwc,-0.006999385931150348
2017-07-09,Ranjit Sagar,1.446,-0.3639411309958269,0.0,0.0,0.0,19292.899504367837,11.219534367797229,,cwc,-0.008360779334443569
2017-07-10,Ranjit Sagar,1.446,-0.360951513779478,0.0,0.0,0.0,20960.61416308056,10.93898954129615,,cwc,-0.0009819371000130417
2017-07-11,Ranjit Sagar,1.446,-0.3502157396950884,0.0,0.0,0.0,26413.410554582595,23.880727258750493,,cwc,0.003098252800946666
2017-07-12,Ranjit Sagar,1.446,-0.3462300032267096,0.0,0.0,0.0,28698.549268822317,16.690420340321275,,cwc,0.016438931107252364
2017-07-13,Ranjit Sagar,1.477,-0.32627012672673156,0.0,0.0,0.0,23050.76699418492,2.8785496509122304,,cwc,-0.008970304396302087
2017-07-14,Ranjit Sagar,1.538,-0.295079288354022,0.0,0.0,0.0,22157.1735170266,6.091341322493544,,cwc,-0.05278803039601376
2017-07-15,Ranjit Sagar,1.599,-0.2706519086203914,0.0,0.0,0.0,31246.278343609418,25.46971500858747,,cwc,-0.054974274344891105
2017-07-16,Ranjit Sagar,1.629,-0.26929313778386,0.0,0.0,0.0,30232.040352823406,13.494483662524276,,cwc,-0.0017370927452442508
2017-07-17,Ranjit Sagar,1.6290000000000002,-0.2819178763460394,0.0,0.0,0.0,35150.81294188515,26.79955669000644,,cwc_level,0.025781497389131935
2017-07-18,Ranjit Sagar,1.69,-0.2698580708056857,0.0,0.0,0.0,28001.084251980647,6.273806053145587,,cwc,-0.023184353880353337
2017-07-19,Ranjit Sagar,1.721,-0.2603379667833726,0.0,0.0,0.0,20627.598061578945,0.6614430737867261,,cwc,-0.010676705250382668
2017-07-20,Ranjit Sagar,1.8,-0.22534121816317437,0.0,0.0,0.0,20286.044065147635,4.122750061896473,,cwc,-0.07671649624926125
2017-07-21,Ranjit Sagar,1.8,-0.22241880239048153,0.0,0.0,0.0,18136.6087428787,2.301464750576087,,cwc,0.0014478660955854483
2017-07-22,Ranjit Sagar,1.8,-0.21672111210259548,0.0,0.0,0.0,21772.188327999163,12.275150419290116,,cwc,-0.0038108898006163905
2017-07-23,Ranjit Sagar,1.841,-0.19870940973465806,0.0,0.0,0.0,24451.275137155146,18.58824504482279,,cwc,-0.03591616969376421
2017-07-24,Ranjit Sagar,1.841,-0.2015740773567774,0.0,0.0,0.0,21867.036088032597,5.300127086535735,,cwc,0.01163841857791903
2017-07-25,Ranjit Sagar,1.841,-0.19907995889535518,0.0,0.0,0.0,23085.93413339214,10.906942029795587,,cwc,0.005315882516483628
2017-07-26,Ranjit Sagar,1.841,-0.18965454514757277,0.0,0.0,0.0,23595.41669144301,9.885890616334295,,cwc,0.008298008666777434
2017-07-27,Ranjit Sagar,1.8505444962341884,-0.17592011939547744,0.0,0.0,0.0,22270.61166614787,6.871279677239901,,model,
2017-07-28,Ranjit Sagar,1.854,-0.16950949425598358,0.0,0.0,0.0,21706.71206062791,7.173983637527651,,cwc_level,0.0028477568908693573
2017-07-29,Ranjit Sagar,1.88,-0.15193414392866622,0.0,0.0,0.0,24256.58571146852,15.148843143996189,,cwc,-0.021076362328328324
2017-07-30,Ranjit Sagar,1.919,-0.1344904099077646,0.0,0.0,0.0,32116.17636931956,27.211594765321323,,cwc,-0.027837903809942777
2017-07-31,Ranjit Sagar,1.919,-0.14155813793987607,0.0,0.0,0.0,32852.84500585978,17.94287478651587,,cwc,0.03039117849157935
2017-08-01,Ranjit Sagar,1.919,-0.14906380286437718,0.0,0.0,0.0,27000.079996775796,7.163264595272025,,cwc,0.0321934939629116
2017-08-02,Ranjit Sagar,1.959,-0.13344971160513172,0.0,0.0,0.0,27918.096456617757,13.070968998872502,,cwc,-0.022125737782157096
2017-08-03,Ranjit Sagar,1.959,-0.12892193571051672,0.0,0.0,0.0,25028.322577893257,7.287185243698435,,cwc,0.02012025883890356
2017-08-04,Ranjit Sagar,1.959,-0.11988486174967335,0.0,0.0,0.0,25344.771113753202,11.209389707943592,,cwc,0.013050208735050361
2017-08-05,Ranjit Sagar,1.959,-0.116981844675502,0.0,0.0,0.0,25661.863875095583,13.021836903228776,,cwc,0.013824423984309941
2017-08-06,Ranjit Sagar,1.959,-0.11983341187464326,0.0,0.0,0.0,25610.149448947162,13.13632983405387,,cwc,0.014600215379880765
2017-08-07,Ranjit Sagar,1.959,-0.12472820450123176,0.0,0.0,0.0,32256.04004323074,24.64740351865412,,cwc,0.014473692129514326
2017-08-08,Ranjit Sagar,1.999,-0.12243561577961826,0.0,0.0,0.0,33686.50662733176,19.415181608260667,,cwc,-0.009266634464118795
2017-08-09,Ranjit Sagar,1.999,-0.13572551763640864,0.0,0.0,0.0,28126.075796634446,7.912629670830759,,cwc,0.03423311009926744
2017-08-10,Ranjit Sagar,1.959,-0.16357352650297544,0.0,0.0,0.0,22929.851970967844,3.883162386205996,,cwc,0.06062909600616795
2017-08-11,Ranjit Sagar,1.959,-0.17027197100218983,0.0,0.0,0.0,20920.57673675454,4.669992577919835,,cwc,0.007916141865093707
2017-08-12,Ranjit Sagar,1.959,-0.17504710198441223,0.0,0.0,0.0,18103.126555831815,1.084782537511935,,cwc,0.0030002982127905753
2017-08-13,Ranjit Sagar,1.959,-0.1764525193837565,0.0,0.0,0.0,20953.799473043222,10.88363678806572,,cwc,-0.0038928065006569312
2017-08-14,Ranjit Sagar,1.959,-0.18031980148451185,0.0,0.0,0.0,17795.010063055037,0.1400010984867115,,cwc,0.003081580146950813
2017-08-15,Ranjit Sagar,1.959,-0.1795291607958892,0.0,0.0,0.0,16512.247603620766,0.0,,cwc,-0.004646636777065005
2017-08-16,Ranjit Sagar,1.919,-0.19567173477237984,0.0,0.0,0.0,16345.64871432203,0.1644684830796342,,cwc,0.03221498795893529
2017-08-17,Ranjit Sagar,1.919,-0.1887142167362119,0.0,0.0,0.0,16756.63292719384,2.5459094680905965,,cwc,-0.008192608809538537
2017-08-18,Ranjit Sagar,1.919,-0.1847840024522401,0.0,0.0,0.0,17248.657704311445,3.2080558079303843,,cwc,-0.007187104884719853
2017-08-19,Ranjit Sagar,1.88,-0.19506881318081026,0.0,0.0,0.0,18552.502214688444,8.207153241645267,,cwc,0.033016670902780376
2017-08-20,Ranjit Sagar,1.88,-0.1925479071916719,0.0,0.0,0.0,17395.8526911641,0.8525715117946926,,cwc,-0.002793375002933418
2017-08-21,Ranjit Sagar,1.88,-0.19002662843863738,0.0,0.0,0.0,23011.46465711951,21.53283799056313,,cwc,-0.005623205441958712
2017-08-22,Ranjit Sagar,1.88,-0.1955351475793779,0.0,0.0,0.0,20522.06837364496,2.050170302945069,,cwc,0.008115813467238997
2017-08-23,Ranjit Sagar,1.841,-0.21653122756664717,0.0,0.0,0.0,23335.69788556656,14.693616776098306,,cwc,0.04102531739691018
2017-08-24,Ranjit Sagar,1.841,-0.2205724721560531,0.0,0.0,0.0,20967.716267363394,3.12155508751056,,cwc,0.008909074555011998
2017-08-25,Ranjit Sagar,1.841,-0.22189013091979676,0.0,0.0,0.0,19811.423879172176,5.577132093264964,,cwc,0.003115628635607104
2017-08-26,Ranjit Sagar,1.8,-0.24070595313900853,0.0,0.0,0.0,17733.89663377062,0.0,,cwc,0.04128667195515412
2017-08-27,Ranjit Sagar,1.8,-0.23736592350811353,0.0,0.0,0.0,16346.921806540697,0.0,,cwc,-0.004796155398656632
2017-08-28,Ranjit Sagar,1.76,-0.24580419484527452,0.0,0.0,0.0,19463.887209292265,9.673567580639428,,cwc,0.03181050590675083
2017-08-29,Ranjit Sagar,1.76,-0.24150573320781485,0.0,0.0,0.0,19705.301890732182,7.889543473092985,,cwc,-0.0005636027625555151
2017-08-30,Ranjit Sagar,1.721,-0.25837429024699254,0.0,0.0,0.0,18542.594356421425,3.1451737354491582,,cwc,0.03902703649339179
2017-08-31,Ranjit Sagar,1.721,-0.259653750473351,0.0,0.0,0.0,20933.89161003923,11.921630869822538,,cwc,-0.0028176153266781245
2017-09-01,Ranjit Sagar,1.76,-0.24718174522285197,0.0,0.0,0.0,24611.817620807855,16.67188816096641,,cwc,-0.035967125943838774
2017-09-02,Ranjit Sagar,1.7600000000000002,-0.2547089793875896,0.0,0.0,0.0,23582.13080758887,8.090501338011071,,cwc_level,0.012031197892445222
2017-09-03,Ranjit Sagar,1.8,-0.24369722786794557,0.0,0.0,0.0,19484.627037337745,1.3141909737686126,,cwc,-0.030488008684349976
2017-09-04,Ranjit Sagar,1.841,-0.2291136455179741,0.0,0.0,0.0,17316.776998751593,0.1064300943271815,,cwc,-0.0415128612064406
2017-09-05,Ranjit Sagar,1.841,-0.2273646435344059,0.0,0.0,0.0,16942.34525840607,1.394743347771655,,cwc,-0.005816670097262389
2017-09-06,Ranjit Sagar,1.841,-0.22513062262619438,0.0,0.0,0.0,17400.171565469103,3.216417849077941,,cwc,-0.006732745636669035
2017-09-07,Ranjit Sagar,1.841,-0.22534323197550798,0.0,0.0,0.0,17782.819004702524,4.542842581350848,,cwc,-0.00561263898969977
2017-09-08,Ranjit Sagar,1.88,-0.21000087836069106,0.0,0.0,0.0,16698.658304809698,0.1794273496066321,,cwc,-0.04367646312230433
2017-09-09,Ranjit Sagar,1.88,-0.21052696041571067,0.0,0.0,0.0,18992.450025461323,9.897329767776192,,cwc,-0.007328944178107255
2017-09-10,Ranjit Sagar,1.88,-0.21362848833657258,0.0,0.0,0.0,19082.702223215518,5.30863132904511,,cwc,-0.00171700944777875
2017-09-11,Ranjit Sagar,1.88,-0.2168423020069514,0.0,0.0,0.0,17196.476112165863,0.1496179325877346,,cwc,-0.001496200627821187
2017-09-12,Ranjit Sagar,1.88,-0.21781255480780146,0.0,0.0,0.0,16541.278300024365,0.0648528647174208,,cwc,-0.006110995304490885
2017-09-13,Ranjit Sagar,1.88,-0.21826967002883615,0.0,0.0,0.0,16194.632856174172,0.1440247123002186,,cwc,-0.007713986249173299
2017-09-14,Ranjit Sagar,1.88,-0.21843866522422198,0.0,0.0,0.0,16020.957295663136,0.0,,cwc,-0.008562080515073234
2017-09-15,Ranjit Sagar,1.841,-0.2350771735098211,0.0,0.0,0.0,16003.631455475062,0.0,,cwc,0.03001300910572091
2017-09-16,Ranjit Sagar,1.841,-0.2350837558622805,0.0,0.0,0.0,16266.902296499178,1.1392195971227377,,cwc,-0.009029379871189125
2017-09-17,Ranjit Sagar,1.8,-0.25285659760104773,0.0,0.0,0.0,16103.32817007446,0.0,,cwc,0.03261473213031629
2017-09-18,Ranjit Sagar,1.8,-0.24945375062040542,0.0,0.0,0.0,16032.722982307836,0.0,,cwc,-0.00878546432727867
2017-09-19,Ranjit Sagar,1.8,-0.24404745273063805,0.0,0.0,0.0,16020.68613238529,0.0,,cwc,-0.00895820525305746
2017-09-20,Ranjit Sagar,1.76,-0.2584005255974767,0.0,0.0,0.0,15997.325075852796,0.0,,cwc,0.031012345684276577
2017-09-21,Ranjit Sagar,1.76,-0.25722369151385266,0.0,0.0,0.0,15997.325075852796,0.0,,cwc,-0.009044808905354085
2017-09-22,Ranjit Sagar,1.721,-0.2730735512905604,0.0,0.0,0.0,19363.506805121047,14.483777480287962,,cwc,0.02995519109464584
2017-09-23,Ranjit Sagar,1.721,-0.27634070406649136,0.0,0.0,0.0,21212.355500367677,11.744241977687231,,cwc,-0.0008091910046530426
2017-09-24,Ranjit Sagar,1.721,-0.28169911047136353,0.0,0.0,0.0,18618.765399422315,0.9268491631599244,,cwc,0.0037141570005569946
2017-09-25,Ranjit Sagar,1.721,-0.2844005892101321,0.0,0.0,0.0,17124.81901203375,0.0,,cwc,-0.0026312571155933107
2017-09-26,Ranjit Sagar,1.721,-0.28543613359675757,0.0,0.0,0.0,16752.637408945913,0.9706018995524142,,cwc,-0.006286309813339219
2017-09-27,Ranjit Sagar,1.69,-0.29939505729434446,0.0,0.0,0.0,16233.333236307599,0.191077681461021,,cwc,0.023803119778043058
2017-09-28,Ranjit Sagar,1.69,-0.2996239661270933,0.0,0.0,0.0,16078.606560600927,0.0728183112632581,,cwc,-0.008467397111435293
2017-09-29,Ranjit Sagar,1.69,-0.2996973143515547,0.0,0.0,0.0,16030.549321159684,0.0,,cwc,-0.008845947612463378
2017-09-30,Ranjit Sagar,1.66,-0.3125306273319673,0.0,0.0,0.0,16132.691036804787,0.5424057922340898,,cwc,0.021036476720733166
2018-06-01,Ranjit Sagar,0.583,-0.7686835573075986,0.0,0.0,0.0,16701.68964836966,2.0429284538481505,,cwc,
2018-06-02,Ranjit Sagar,0.583,-0.7683612813303939,0.0,0.0,0.0,16270.650640172737,0.0,,cwc,-0.007321527767083391
2018-06-03,Ranjit Sagar,0.583,-0.7680959913319231,0.0,0.0,0.0,16112.446403994869,0.0,,cwc,-0.008376097263715576
2018-06-04,Ranjit Sagar,0.583,-0.7650059466592714,0.0,0.0,0.0,16041.769566964704,0.0,,cwc,-0.008763155879150664
2018-06-05,Ranjit Sagar,0.603,-0.7543947057109052,0.0,0.0,0.0,18254.49087917026,8.95000216528612,,cwc,-0.028936072100265386
2018-06-06,Ranjit Sagar,0.621,-0.7476546406023871,0.0,0.0,0.0,17010.45382773146,0.0831745994887146,,cwc,-0.021522482248708563
2018-06-07,Ranjit Sagar,0.6144338871234846,-0.750148941446654,0.0,0.0,0.0,16524.818044709686,0.7227406374912595,,model,
2018-06-08,Ranjit Sagar,0.646,-0.7360674588864583,0.0,0.0,0.0,19072.937334214974,10.004469951586737,,cwc,-0.03932037038381542
2018-06-09,Ranjit Sagar,0.67,-0.7277721698453724,0.0,0.0,0.0,18033.430438355124,2.2739707098233715,,cwc,-0.02552009116645515
2018-06-10,Ranjit Sagar,0.67,-0.7281912416349268,0.0,0.0,0.0,17354.74862938027,1.7985812244407429,,cwc_level,-0.004063323317295087
2018-06-11,Ranjit Sagar,0.695,-0.7161741157820677,0.0,0.0,0.0,17304.526781604713,2.4716877754134714,,cwc,-0.030723769634341758
2018-06-12,Ranjit Sagar,0.719,-0.705759866051799,0.0,0.0,0.0,17113.75642726032,2.174290449711677,,cwc,-0.029846641178961852
2018-06-13,Ranjit Sagar,0.719,-0.7053680748564297,0.0,0.0,0.0,17210.807020690194,2.4716486845811407,,cwc,-0.00631337526271647
2018-06-14,Ranjit Sagar,0.719,-0.7050880653726411,0.0,0.0,0.0,17631.928724458478,4.284652494714636,,cwc,-0.006075933654149934
2018-06-15,Ranjit Sagar,0.744,-0.6954669778275571,0.0,0.0,0.0,18649.678191177623,6.844587506958571,,cwc,-0.03004562759201057
2018-06-16,Ranjit Sagar,0.744,-0.6979895468334115,0.0,0.0,0.0,17472.517248319607,1.207706914109163,,cwc,-0.002555626635240227
2018-06-17,Ranjit Sagar,0.768,-0.6889786142173262,0.0,0.0,0.0,17489.12131783829,3.056217798167783,,cwc,-0.029435639811211778
2018-06-18,Ranjit Sagar,0.768,-0.6903494956053076,0.0,0.0,0.0,17479.076778881128,2.755353326612904,,cwc,-0.005395016700770805
2018-06-19,Ranjit Sagar,0.768,-0.6918285255587246,0.0,0.0,0.0,16631.276691139105,0.4235071599220879,,cwc,-0.005419591424149717
2018-06-20,Ranjit Sagar,0.768,-0.6924595813259353,0.0,0.0,0.0,16232.870845710366,0.0,,cwc,-0.007493798386333461
2018-06-21,Ranjit Sagar,0.768,-0.6925762896949449,0.0,0.0,0.0,16296.02631464177,0.8255086464391408,,cwc,-0.008468528384963148
2018-06-22,Ranjit Sagar,0.744,-0.6997626059216244,0.0,0.0,0.0,16175.715737832967,0.3140690427946913,,cwc,0.015685986240892125
2018-06-23,Ranjit Sagar,0.719,-0.7022573930247901,0.0,0.0,0.0,16062.056888726109,0.0263039809306206,,cwc,0.016391637325800845
2018-06-24,Ranjit Sagar,0.719,-0.6803828442601156,0.0,0.0,0.0,16026.67867615728,0.0,,cwc,-0.008886437634959221
2018-06-25,Ranjit Sagar,0.719,-0.6656921113933552,0.0,0.0,0.0,16121.055611778149,0.4897018611082598,,cwc,-0.008972993104675364
2018-06-26,Ranjit Sagar,0.719,-0.657290982155083,0.0,0.0,0.0,19220.634458331097,13.23043387393493,,cwc,-0.008742092801921508
2018-06-27,Ranjit Sagar,0.695,-0.6613762045401357,0.0,0.0,0.0,24003.889719635674,21.654592084567085,,cwc,0.02284126100555528
2018-06-28,Ranjit Sagar,0.695,-0.6592695199011527,0.0,0.0,0.0,37019.489573640494,42.70219103183189,,cwc,0.010543856355980763
2018-06-29,Ranjit Sagar,0.768,-0.6436510757782289,0.0,0.0,0.0,30101.48535945644,3.049981167582512,,cwc,-0.03061249533056265
2018-06-30,Ranjit Sagar,0.842,-0.6243966627652424,0.0,0.0,0.0,24169.957666054604,4.767975380868633,,cwc,-0.04853791526498874
2018-07-01,Ranjit Sagar,0.866,-0.6217443718113704,0.0,0.0,0.0,25116.319451863896,8.529129066731727,,cwc,-0.013049845867411203
2018-07-02,Ranjit Sagar,0.866,-0.6310246169745553,0.0,0.0,0.0,26022.249137459577,12.2695412485703,,cwc,0.013265499734991693
2018-07-03,Ranjit Sagar,0.866,-0.6414355038941612,0.0,0.0,0.0,22145.488628901996,4.582839147130895,,cwc,0.01548192514975677
2018-07-04,Ranjit Sagar,0.892,-0.6355938729875434,0.0,0.0,0.0,18302.276481528992,1.8335034705120168,,cwc,-0.02000286230642956
2018-07-05,Ranjit Sagar,0.892,-0.635551971660973,0.0,0.0,0.0,16901.41857006068,0.0,,cwc,-0.00340557116254836
2018-07-06,Ranjit Sagar,0.915,-0.6218339610541163,0.0,0.0,0.0,16225.159437581333,0.0,,cwc,-0.02983287587153538
2018-07-07,Ranjit Sagar,0.915,-0.6187705755583386,0.0,0.0,0.0,16047.850846773443,0.0,,cwc,-0.008487394927513381
2018-07-08,Ranjit Sagar,0.915,-0.611883323605778,0.0,0.0,0.0,17115.103535223123,4.261466516729184,,cwc,-0.008921193789799609
2018-07-09,Ranjit Sagar,0.915,-0.6077505581164697,0.0,0.0,0.0,18342.42104590181,7.330611042038021,,cwc,-0.006310079461317453
2018-07-10,Ranjit Sagar,0.915,-0.5999254836887774,0.0,0.0,0.0,20643.390437280712,12.80866026512834,,cwc,-0.0033073544530671795
2018-07-11,Ranjit Sagar,0.915,-0.5913701943708256,0.0,0.0,0.0,19160.108908145092,2.8227360514247044,,cwc,0.0023221409909367496
2018-07-12,Ranjit Sagar,0.915,-0.5852553175364138,0.0,0.0,0.0,22646.34669382525,15.10721597132666,,cwc,-0.0013068193254106575
2018-07-13,Ranjit Sagar,0.915,-0.5858554129000912,0.0,0.0,0.0,21074.59799046807,4.456650005844548,,cwc,0.007222524787002582
2018-07-14,Ranjit Sagar,0.939,-0.5766259538904218,0.0,0.0,0.0,25839.420062295034,18.91184851472545,,cwc,-0.02062287715437905
2018-07-15,Ranjit Sagar,0.9338571428571428,-0.5863623985620058,0.0,0.0,0.0,28839.98922932025,17.253185078190263,,cwc_level,0.020177477148300982
2018-07-16,Ranjit Sagar,0.939,-0.5942325003274945,0.0,0.0,0.0,25018.61236859975,8.283165758168616,,cwc,0.017232882009358352
2018-07-17,Ranjit Sagar,0.964,-0.5868984928133445,0.0,0.0,0.0,22071.41103119301,4.338531009414616,,cwc,-0.011973548025549285
2018-07-18,Ranjit Sagar,0.964,-0.5875770954051037,0.0,0.0,0.0,20107.471475352006,4.295920803135583,,cwc,0.005815901254542566
2018-07-19,Ranjit Sagar,0.964,-0.5854349133663114,0.0,0.0,0.0,18613.250733699886,2.498778349910584,,cwc,0.0010109747642860212
2018-07-20,Ranjit Sagar,0.964,-0.5823305025918264,0.0,0.0,0.0,19197.787203684016,6.028879382209261,,cwc,-0.002644749161891835
2018-07-21,Ranjit Sagar,0.964,-0.566494686478088,0.0,0.0,0.0,21826.76881361943,13.564451156249811,,cwc,-0.001214636528947266
2018-07-22,Ranjit Sagar,0.988,-0.5472996676338444,0.0,0.0,0.0,21421.259647975905,8.153789235016545,,cwc,-0.018782634412381705
2018-07-23,Ranjit Sagar,0.988,-0.5423514611314582,0.0,0.0,0.0,22159.84002291838,10.20153736951802,,cwc,0.004225256779459063
2018-07-24,Ranjit Sagar,0.988,-0.5421684075083969,0.0,0.0,0.0,21587.50545010615,7.074175923797976,,cwc,0.0060322494632155665
2018-07-25,Ranjit Sagar,1.013,-0.5354840720356934,0.0,0.0,0.0,34369.66817753584,36.7628706901141,,cwc,-0.02036801030649882
2018-07-26,Ranjit Sagar,1.013,-0.552035578035971,0.0,0.0,0.0,30407.384363832418,8.486561877993758,,cwc_level,0.03590451644165604
2018-07-27,Ranjit Sagar,1.061,-0.5450012666500328,0.0,0.0,0.0,26162.006796657006,9.387689120864342,,cwc,-0.021789510241474686
2018-07-28,Ranjit Sagar,1.061,-0.5538533823441312,0.0,0.0,0.0,22335.21890841258,3.2331346482670456,,cwc,0.015823852821052586
2018-07-29,Ranjit Sagar,1.086,-0.5477404752495947,0.0,0.0,0.0,17773.228115011752,0.103789064981603,,cwc,-0.018538672844328863
2018-07-30,Ranjit Sagar,1.086,-0.5472518520536287,0.0,0.0,0.0,18512.103453962918,3.733203242562367,,cwc,-0.004699927958481842
2018-07-31,Ranjit Sagar,1.111,-0.5309824670783154,0.0,0.0,0.0,17527.514715543133,2.6417050363886485,,cwc,-0.027892213622994877
2018-08-01,Ranjit Sagar,1.1056989156471646,-0.5229391238605244,0.0,0.0,0.0,17681.02642197889,3.713612854905792,,model,
2018-08-02,Ranjit Sagar,1.1007734092812502,-0.5087928276981596,0.0,0.0,0.0,17973.470999249737,4.585918891706184,,model,
2018-08-03,Ranjit Sagar,1.111,-0.48208749229816333,0.0,0.0,0.0,18241.36521113696,4.949433162532005,,cwc,-0.014436609333484896
2018-08-04,Ranjit Sagar,1.111,-0.46918096028252915,0.0,0.0,0.0,23881.0111936125,21.49819675864622,,cwc,-0.0035545951871378545
2018-08-05,Ranjit Sagar,1.141,-0.45619557202141675,0.0,0.0,0.0,27400.367773068218,18.62521856365196,,cwc,-0.019756775240860502
2018-08-06,Ranjit Sagar,1.141,-0.46446729567637607,0.0,0.0,0.0,33247.44726673344,25.37110444400694,,cwc,0.018853596502502068
2018-08-07,Ranjit Sagar,1.172,-0.46406422666692587,0.0,0.0,0.0,39379.19278622773,26.008386578339696,,cwc,0.00215891820458336
2018-08-08,Ranjit Sagar,1.1903333333333332,-0.4532614806548958,0.0,0.0,0.0,30606.77575392094,6.378319733318379,,cwc_level,0.029827363510773086
2018-08-09,Ranjit Sagar,1.233,-0.42666220770224184,0.0,0.0,0.0,24059.934785342044,3.647737661707937,,cwc,-0.015968350809157927
2018-08-10,Ranjit Sagar,1.263,-0.4077003847761795,0.0,0.0,0.0,19475.445821444784,1.2500481957618566,,cwc,-0.019319025156813163
2018-08-11,Ranjit Sagar,1.294,-0.39110238914250484,0.0,0.0,0.0,20962.84551121854,7.958291931404788,,cwc,-0.0315353237447229
2018-08-12,Ranjit Sagar,1.294,-0.3943946727868458,0.0,0.0,0.0,42235.553928061,55.62715188681928,,cwc,0.0031037119627346232
2018-08-13,Ranjit Sagar,1.36,-0.38862982610677566,0.0,0.0,0.0,38651.50144005915,16.15266645785389,,cwc,-0.01085099983702853
2018-08-14,Ranjit Sagar,1.416,-0.3825861474634047,0.0,0.0,0.0,29964.724018183755,8.054732726409904,,cwc,-0.009619655008136885
2018-08-15,Ranjit Sagar,1.477,-0.3677090293731452,0.0,0.0,0.0,22706.77942147055,0.3231446440663441,,cwc,-0.035872512218123154
2018-08-16,Ranjit Sagar,1.487,-0.36189787421124525,0.0,0.0,0.0,17808.59471509028,0.2482465682749122,,cwc_level,-0.0026296219793895403
2018-08-17,Ranjit Sagar,1.507,-0.3487784569566144,0.0,0.0,0.0,20782.221135043987,7.04970656379364,,cwc,-0.0246134008996004
2018-08-18,Ranjit Sagar,1.538,-0.333167212719785,0.0,0.0,0.0,21552.65593902866,11.784995202688464,,cwc,-0.028338199218944204
2018-08-19,Ranjit Sagar,1.568,-0.3097860527339474,0.0,0.0,0.0,19285.29282548335,3.5904773707533906,,cwc,-0.025453272268075366
2018-08-20,Ranjit Sagar,1.599,-0.28714183831160206,0.0,0.0,0.0,24186.94941094092,20.576379734403183,,cwc,-0.0320005474145546
2018-08-21,Ranjit Sagar,1.599,-0.28758685489814373,0.0,0.0,0.0,22203.27366314754,4.797586641874443,,cwc_level,0.010991725720103984
2018-08-22,Ranjit Sagar,1.629,-0.27821480521510694,0.0,0.0,0.0,23068.174046370692,10.676061250532769,,cwc,-0.02386148685474554
2018-08-23,Ranjit Sagar,1.66,-0.2715483263269564,0.0,0.0,0.0,31691.49634881422,26.691002360098167,,cwc,-0.02274544272781598
2018-08-24,Ranjit Sagar,1.69,-0.27470944992728685,0.0,0.0,0.0,28309.35040921316,10.5309125372372,,cwc,-0.0006478332612720461
2018-08-25,Ranjit Sagar,1.7003333333333333,-0.28088216538023436,0.0,0.0,0.0,23760.590666061144,5.0261416893522135,,cwc_level,0.010744157858089576
2018-08-26,Ranjit Sagar,1.721,-0.27769074998984417,0.0,0.0,0.0,18920.35212917949,0.1966053239690821,,cwc,-0.010718059825416626
2018-08-27,Ranjit Sagar,1.721,-0.27880796581958595,0.0,0.0,0.0,16784.381373732587,0.0,,cwc,-0.0018934023977073
2018-08-28,Ranjit Sagar,1.721,-0.27602430194107175,0.0,0.0,0.0,16400.86950214431,0.47900520655823,,cwc,-0.007119216213991031
2018-08-29,Ranjit Sagar,1.76,-0.2549948403394598,0.0,0.0,0.0,18171.842740518336,6.85585183143411,,cwc,-0.04705750698044664
2018-08-30,Ranjit Sagar,1.76,-0.25333945277665865,0.0,0.0,0.0,18371.021144865535,5.424603024844031,,cwc,-0.0037246871636194
2018-08-31,Ranjit Sagar,1.76,-0.2531223024295233,0.0,0.0,0.0,17849.976881752897,3.2785705032585484,,cwc,-0.003237382150342194
2018-09-01,Ranjit Sagar,1.8,-0.23308538122863456,0.0,0.0,0.0,19451.336883489203,8.669955751828992,,cwc,-0.04451215630262206
2018-09-02,Ranjit Sagar,1.8,-0.2338143472480286,0.0,0.0,0.0,20607.998120308283,8.992837854015285,,cwc,-0.0005943080827539582
2018-09-03,Ranjit Sagar,1.8,-0.23510518273007563,0.0,0.0,0.0,19757.826240707185,4.794372050452751,,cwc,0.0022355510137317403
2018-09-04,Ranjit Sagar,1.8,-0.23686287639064305,0.0,0.0,0.0,18579.06720933766,3.048903902886119,,cwc,0.00015554128358652441
2018-09-05,Ranjit Sagar,1.8,-0.23781451828903136,0.0,0.0,0.0,20697.44394957263,10.235302669623014,,cwc,-0.002728381736657015
2018-09-06,Ranjit Sagar,1.8,-0.24092613196741375,0.0,0.0,0.0,18752.93361833419,2.106991484780356,,cwc,0.0024543869922613037
2018-09-07,Ranjit Sagar,1.8,-0.24221964085519368,0.0,0.0,0.0,19371.282427869053,6.741701233894498,,cwc,-0.002303004432213651
2018-09-08,Ranjit Sagar,1.8,-0.24405494982251283,0.0,0.0,0.0,18073.825945737466,2.017147084361704,,cwc,-0.000790167356186533
2018-09-09,Ranjit Sagar,1.8,-0.24264936146531937,0.0,0.0,0.0,17667.324012247078,2.9950653280275503,,cwc,-0.003964492656783447
2018-09-10,Ranjit Sagar,1.8,-0.2427786937398607,0.0,0.0,0.0,17716.28831945202,2.9754387791310504,,cwc,-0.004959030346479265
2018-09-11,Ranjit Sagar,1.8,-0.24402587344454657,0.0,0.0,0.0,17513.656605828884,3.153907786482616,,cwc,-0.004839235469866976
2018-09-12,Ranjit Sagar,1.8,-0.24533285899277063,0.0,0.0,0.0,17612.920938797943,3.241594952382018,,cwc,-0.005334989265169954
2018-09-13,Ranjit Sagar,1.7949078684244175,-0.24918462118009868,0.0,0.0,0.0,19420.48336461657,9.501583012992404,,model,
2018-09-14,Ranjit Sagar,1.8,-0.25058456163085335,0.0,0.0,0.0,17543.41414480953,0.2266214746323948,,cwc,-0.005761925123104472
2018-09-15,Ranjit Sagar,1.8,-0.2521983089462757,0.0,0.0,0.0,16521.398084771845,0.0242739040829753,,cwc,-0.005262185198004143
2018-09-16,Ranjit Sagar,1.8,-0.252745315860825,0.0,0.0,0.0,16261.467957654515,0.0,,cwc,-0.007762624697650544
2018-09-17,Ranjit Sagar,1.8,-0.2493872486234699,0.0,0.0,0.0,16003.97859541672,0.0,,cwc,-0.008398563390207059
2018-09-18,Ranjit Sagar,1.76,-0.23524493425570336,0.0,0.0,0.0,15997.906854610146,0.0,,cwc,0.030971469432903076
2018-09-19,Ranjit Sagar,1.76,-0.12713097261032758,0.0,0.0,0.0,15997.325075852796,0.0,,cwc,-0.009043385539673432
2018-09-20,Ranjit Sagar,1.76,-0.040152649109067025,0.0,0.0,0.0,15997.325075852796,0.0,,cwc,-0.009044808905354085
2018-09-21,Ranjit Sagar,1.76,-0.0034754311204787756,0.0,0.0,0.0,19478.744292604,14.9796134928176,,cwc,-0.009044808905354085
2018-09-22,Ranjit Sagar,1.721,-0.009220276676155948,0.0,0.0,0.0,45902.74260911337,93.12332492727874,,cwc,0.038472746214152975
2018-09-23,Ranjit Sagar,1.76,-0.019157660031858235,0.0,0.0,0.0,119579.0640184759,102.486125588405,,cwc,0.025121054310947688
2018-09-24,Ranjit Sagar,2.118,0.031088040426137133,0.07287036675886593,18543.300198021643,0.0,99328.98048207174,15.295253733025238,2.0,cwc,-0.11362425944291221
2018-09-25,Ranjit Sagar,2.197,-0.02086589604386518,0.0,0.0,0.0,51136.807738329226,0.0,,cwc,0.11583238138160068
2018-09-26,Ranjit Sagar,2.237,-0.03996114180260675,0.0,0.0,0.0,29915.406288980277,0.0,,cwc,0.036926590059896736
2018-09-27,Ranjit Sagar,2.277,-0.03718954632777095,0.0,0.0,0.0,20441.34751788066,2.338686534361808,,cwc,-0.014993171768354241
2018-09-28,Ranjit Sagar,2.277,-0.04178559349969518,0.0,0.0,0.0,21391.179093560087,5.899138964958558,,cwc,0.001827827725181308
2018-09-29,Ranjit Sagar,2.277,-0.04736822342142683,0.0,0.0,0.0,17263.242740608333,1.0966693320483176,,cwc,0.004151662430628811
2018-09-30,Ranjit Sagar,2.277,-0.04865331155117924,0.0,0.0,0.0,16492.769783851276,0.3976244979398222,,cwc,-0.005947645704084792
2019-06-01,Ranjit Sagar,1.507,-0.375040068904461,0.0,0.0,0.0,15997.354013245887,0.0001245098441287,,cwc,
2019-06-02,Ranjit Sagar,1.507,-0.37382071791004445,0.0,0.0,0.0,16197.614181445562,0.8617396337777433,,cwc,-0.009044738107835792
2019-06-03,Ranjit Sagar,1.477,-0.38638472115768285,0.0,0.0,0.0,17617.67326813673,6.517584747289945,,cwc,0.021445213522429007
2019-06-04,Ranjit Sagar,1.507,-0.37505775200308056,0.0,0.0,0.0,16767.836242004003,0.2350419808313597,,cwc,-0.03508050464283774
2019-06-05,Ranjit Sagar,1.507,-0.375750076775411,0.0,0.0,0.0,16269.35216347622,0.0,,cwc,-0.007159695128676091
2019-06-06,Ranjit Sagar,1.477,-0.38880143320999366,0.0,0.0,0.0,17165.582288932084,3.768255779678088,,cwc,0.02162072591495212
2019-06-07,Ranjit Sagar,1.446,-0.40017819700918167,0.0,0.0,0.0,16422.4085429097,0.0,,cwc,0.02481342062307701
2019-06-08,Ranjit Sagar,1.416,-0.40997888802644317,0.0,0.0,0.0,16207.708916989632,0.2564195637526598,,cwc,0.02199518990996463
2019-06-09,Ranjit Sagar,1.416,-0.40872358848427726,0.0,0.0,0.0,16104.537996709665,0.0,,cwc,-0.008530088944449954
2019-06-10,Ranjit Sagar,1.386,-0.42097272624166554,0.0,0.0,0.0,16027.226191220967,0.0856305912818128,,cwc,0.021217495604981318
2019-06-11,Ranjit Sagar,1.36,-0.4318886340484665,0.0,0.0,0.0,18936.574262830687,11.628723575661104,,cwc,0.01702834643229023
2019-06-12,Ranjit Sagar,1.36,-0.43483997179606504,0.0,0.0,0.0,19294.66003268034,6.897822343724105,,cwc,-0.001853713722219652
2019-06-13,Ranjit Sagar,1.36,-0.4373751100779926,0.0,0.0,0.0,17410.3785554524,0.1995136113027962,,cwc,-0.0009776298344965628
2019-06-14,Ranjit Sagar,1.318,-0.4563719386809489,0.0,0.0,0.0,16630.996743926884,0.0,,cwc,0.036412333182387124
2019-06-15,Ranjit Sagar,1.294,-0.46698662378681455,0.0,0.0,0.0,16196.079387522142,0.0,,cwc,0.016505516701663225
2019-06-16,Ranjit Sagar,1.294,-0.4666211560532894,0.0,0.0,0.0,16108.974807356191,0.3320877484971525,,cwc,-0.008558541466851421
2019-06-17,Ranjit Sagar,1.294,-0.4663900498530911,0.0,0.0,0.0,16865.81039276241,3.1230749317591853,,cwc,-0.008771649402590675
2019-06-18,Ranjit Sagar,1.294,-0.46716725542982906,0.0,0.0,0.0,16376.86612215365,0.2608480895939809,,cwc,-0.006919993967334781
2019-06-19,Ranjit Sagar,1.263,-0.48071165116255926,0.0,0.0,0.0,16270.974389517438,0.5584204303455661,,cwc,0.022883766937057848
2019-06-20,Ranjit Sagar,1.2537692307692307,-0.4844077549374817,0.0,0.0,0.0,16546.22445822774,1.6543010500452815,,cwc_level,0.0008554640442832717
2019-06-21,Ranjit Sagar,1.233,-0.49273999263697404,0.0,0.0,0.0,16330.391609404422,0.5407035221246524,,cwc,0.013067345669762087
2019-06-22,Ranjit Sagar,1.2289,-0.4943352300634715,0.0,0.0,0.0,16121.190070210698,0.0,,cwc_level,-0.004129936469325912
2019-06-23,Ranjit Sagar,1.192,-0.5097066272421454,0.0,0.0,0.0,16071.106670384226,0.0861941605313079,,cwc,0.028158236160791716
2019-06-24,Ranjit Sagar,1.192,-0.5095712563764593,0.0,0.0,0.0,16502.768573589427,1.977432770212648,,cwc,-0.008864296660461735
2019-06-25,Ranjit Sagar,1.192,-0.5095206648724859,0.0,0.0,0.0,17052.428161552463,3.400701112518187,,cwc,-0.007808203204134889
2019-06-26,Ranjit Sagar,1.192,-0.5103595116451012,0.0,0.0,0.0,16477.848111594336,0.2545687874918065,,cwc,-0.006463419497848122
2019-06-27,Ranjit Sagar,1.192,-0.5102921117362967,0.0,0.0,0.0,16476.562302541883,1.1369048441801923,,cwc,-0.007869172997035934
2019-06-28,Ranjit Sagar,1.192,-0.5105459963175797,0.0,0.0,0.0,16200.801953959526,0.0,,cwc,-0.007872318826019908
2019-06-29,Ranjit Sagar,1.172,-0.519056499720541,0.0,0.0,0.0,16551.23896949818,1.9284524512350527,,cwc,0.011453012648706462
2019-06-30,Ranjit Sagar,1.141,-0.5288964423890627,0.0,0.0,0.0,16248.751022464228,0.103551423901351,,cwc,0.023310383281178515
2019-07-01,Ranjit Sagar,1.141,-0.5265724151074506,0.0,0.0,0.0,16542.422200273053,1.903080128097192,,cwc,-0.00842967633285796
2019-07-02,Ranjit Sagar,1.141,-0.5223725803197989,0.0,0.0,0.0,16233.322129717533,0.0,,cwc,-0.007711187610798476
2019-07-03,Ranjit Sagar,1.111,-0.5273567341456403,0.0,0.0,0.0,16221.802745679151,0.6382730731646126,,cwc,0.021532575715452973
2019-07-04,Ranjit Sagar,1.086,-0.5303408885720277,0.0,0.0,0.0,19794.61904800103,14.553842235316685,,cwc,0.016504392672164858
2019-07-05,Ranjit Sagar,1.111,-0.5155278714563633,0.0,0.0,0.0,18475.340738040206,2.1722684209308936,,cwc,-0.02475444233383617
2019-07-06,Ranjit Sagar,1.086,-0.5248427384026211,0.0,0.0,0.0,20566.173994966706,11.382979595820068,,cwc,0.022017843615240507
2019-07-07,Ranjit Sagar,1.111,-0.5173262008974595,0.0,0.0,0.0,23720.17184729656,15.10614172216552,,cwc,-0.022866774868542716
2019-07-08,Ranjit Sagar,1.111,-0.5221268150030253,0.0,0.0,0.0,23581.126702507667,9.806706780265442,,cwc,0.009849719147680736
2019-07-09,Ranjit Sagar,1.111,-0.5266021951850895,0.0,0.0,0.0,23768.21885643718,9.435878032980998,,cwc,0.009509534696713118
2019-07-10,Ranjit Sagar,1.141,-0.5177247879564786,0.0,0.0,0.0,19769.374712887944,2.020367870416296,,cwc,-0.020032730214718963
2019-07-11,Ranjit Sagar,1.141,-0.516662899665789,0.0,0.0,0.0,17549.20764731783,0.5484133407289219,,cwc,0.00018379549321245747
2019-07-12,Ranjit Sagar,1.172,-0.5007616016515446,0.0,0.0,0.0,19120.8291113166,6.4331011077101286,,cwc,-0.036248010956444254
2019-07-13,Ranjit Sagar,1.172,-0.5010445640239212,0.0,0.0,0.0,19293.382076822912,6.302048393337724,,cwc,-0.001402920315765277
2019-07-14,Ranjit Sagar,1.172,-0.49923122668029096,0.0,0.0,0.0,20011.39333234569,8.20363838027517,,cwc,-0.0009807564500456945
2019-07-15,Ranjit Sagar,1.172,-0.5006041860012042,0.0,0.0,0.0,20786.74209314509,9.433304054425795,,cwc,0.0007759123291453118
2019-07-16,Ranjit Sagar,1.192,-0.4940873234545312,0.0,0.0,0.0,20113.0534916864,5.642864622473828,,cwc,-0.017327138353411486
2019-07-17,Ranjit Sagar,1.192,-0.49677733029809107,0.0,0.0,0.0,18849.73026785053,2.9909020877303507,,cwc,0.0010246315889448354
2019-07-18,Ranjit Sagar,1.233,-0.4815074276729299,0.0,0.0,0.0,21030.693128264676,10.38773885203969,,cwc,-0.043066184116616
2019-07-19,Ranjit Sagar,1.233,-0.4856206359798145,0.0,0.0,0.0,18695.99693918071,1.767516552356613,,cwc,0.0032697062834234902
2019-07-20,Ranjit Sagar,1.233,-0.48338147830737443,0.0,0.0,0.0,18855.686173292517,5.358229341654432,,cwc,-0.002442304319075328
2019-07-21,Ranjit Sagar,1.233,-0.48079396665939506,0.0,0.0,0.0,17535.828335988273,1.1282220707673334,,cwc,-0.002051612544009984
2019-07-22,Ranjit Sagar,1.233,-0.4719087269844323,0.0,0.0,0.0,16721.30702905192,0.8822587209479293,,cwc,-0.005280744452359487
2019-07-23,Ranjit Sagar,1.263,-0.45055109329269083,0.0,0.0,0.0,17089.935897661875,2.425759770636864,,cwc,-0.03727353236323827
2019-07-24,Ranjit Sagar,1.263,-0.4474580347421705,0.0,0.0,0.0,20841.275303361443,15.763053662092744,,cwc,-0.00637165398791395
2019-07-25,Ranjit Sagar,1.2542000000000002,-0.4540269034135281,0.0,0.0,0.0,21334.713364542797,8.64902075017973,,cwc_level,0.011606281265123863
2019-07-26,Ranjit Sagar,1.294,-0.4216902008579373,0.0,0.0,0.0,26048.543929833162,21.7675917602082,,cwc,-0.03578648524114625
2019-07-27,Ranjit Sagar,1.294,-0.4160582486060761,0.0,0.0,0.0,24921.459854883444,8.304574110896183,,cwc,0.015546257345753434
2019-07-28,Ranjit Sagar,1.318,-0.4072468237919552,0.0,0.0,0.0,20053.314345390652,1.331900428651898,,cwc,-0.011211238989796035
2019-07-29,Ranjit Sagar,1.36,-0.3834382566669861,0.0,0.0,0.0,18144.67834862381,0.8814910316929913,,cwc,-0.04112152474549435
2019-07-30,Ranjit Sagar,1.36,-0.38070612450616925,0.0,0.0,0.0,36048.02596009977,46.157327032912136,,cwc,-0.003791146900538278
2019-07-31,Ranjit Sagar,1.4000107455491584,-0.3743849333839462,0.0,0.0,0.0,31444.369986535447,7.615940924732002,,model,
2019-08-01,Ranjit Sagar,1.4287582989732746,-0.3733403709866696,0.0,0.0,0.0,23553.82571753243,5.145629704218287,,model,
2019-08-02,Ranjit Sagar,1.477,-0.3519882840018367,0.0,0.0,0.0,25696.827526926347,11.774460770407618,,cwc,-0.03879896025222229
2019-08-03,Ranjit Sagar,1.477,-0.35519766218067694,0.0,0.0,0.0,20762.262668309348,2.503583075473729,,cwc,0.014685756595433253
2019-08-04,Ranjit Sagar,1.477,-0.35030355477516417,0.0,0.0,0.0,25750.41892135371,14.05539355625758,,cwc,0.0026129708844164767
2019-08-05,Ranjit Sagar,1.477,-0.3527740431536529,0.0,0.0,0.0,20695.019036491245,4.2624286618310325,,cwc,0.014816871990491087
2019-08-06,Ranjit Sagar,1.507,-0.34195314393408316,0.0,0.0,0.0,24292.65059012282,16.611242109419223,,cwc,-0.027551545740783556
2019-08-07,Ranjit Sagar,1.507,-0.3459521781401233,0.0,0.0,0.0,22622.00628754617,6.10712555663316,,cwc,0.011250331640226152
2019-08-08,Ranjit Sagar,1.538,-0.3243444410525178,0.0,0.0,0.0,25451.178888122493,16.80807963905025,,cwc,-0.023837025855768523
2019-08-09,Ranjit Sagar,1.538,-0.3099813535504424,0.0,0.0,0.0,23383.508661945154,5.936353270169026,,cwc,0.014084758642938455
2019-08-10,Ranjit Sagar,1.568,-0.2857806945622078,0.0,0.0,0.0,18800.202325123897,1.0083645766212488,,cwc,-0.02097395276868652
2019-08-11,Ranjit Sagar,1.568,-0.27730507458810627,0.0,0.0,0.0,20461.280577448513,7.327844882638431,,cwc,-0.002187357970112158
2019-08-12,Ranjit Sagar,1.599,-0.23437400153639043,0.0,0.0,0.0,30653.04206287504,32.629889043047775,,cwc,-0.029123404538731856
2019-08-13,Ranjit Sagar,1.599,-0.1841169560912259,0.0,0.0,0.0,39212.07712243909,30.10652537976775,,cwc,0.026811509877578743
2019-08-14,Ranjit Sagar,1.599,-0.1644537850544633,0.0,0.0,0.0,34307.489618530235,14.353067242288414,,cwc,0.04775183574780306
2019-08-15,Ranjit Sagar,1.66,-0.13323080981105231,0.0,0.0,0.0,26920.472003875107,4.994812771417822,,cwc,-0.025247608100264607
2019-08-16,Ranjit Sagar,1.66,-0.1352589004818655,0.0,0.0,0.0,48921.64647945579,44.32293726609543,,cwc,0.017679495249181887
2019-08-17,Ranjit Sagar,1.69,-0.1530350205895345,0.0,0.0,0.0,78803.00200904989,57.30908806216819,,cwc,0.04150703069449002
2019-08-18,Ranjit Sagar,1.841,-0.15287561241529404,0.0,0.0,0.0,58050.84668098663,16.370511722926043,,cwc,-0.0063859755989557065
2019-08-19,Ranjit Sagar,1.959,-0.14594014541525252,0.0,0.0,0.0,39288.596371079635,9.02863769583237,,cwc,-0.02415769134202561
2019-08-20,Ranjit Sagar,2.039,-0.1338514963496346,0.0,0.0,0.0,24977.411410044246,0.0,,cwc,-0.03206095412970944
2019-08-21,Ranjit Sagar,2.04485,-0.12837827794019832,0.0,0.0,0.0,19628.773973325915,1.817336708597706,,cwc_level,0.007075650716795945
2019-08-22,Ranjit Sagar,2.078,-0.10985433086667273,0.0,0.0,0.0,17236.806959964328,0.4922481213298323,,cwc,-0.033310194837886
2019-08-23,Ranjit Sagar,2.078,-0.10769718221498728,0.0,0.0,0.0,16464.85701595859,0.8646023372192578,,cwc,-0.006012322838536033
2019-08-24,Ranjit Sagar,2.078,-0.10627430673210693,0.0,0.0,0.0,18171.649181695884,6.959039701004665,,cwc,-0.007900956693928318
2019-08-25,Ranjit Sagar,2.039,-0.11775637005586646,0.0,0.0,0.0,27830.0615006645,39.450261619333,,cwc,0.03527483928009856
2019-08-26,Ranjit Sagar,2.078,-0.11013862110393517,0.0,0.0,0.0,23826.531920767582,0.5352961796029801,,cwc,-0.01909512533148483
2019-08-27,Ranjit Sagar,2.078,-0.11711918490311207,0.0,0.0,0.0,19303.51462764704,1.2770790204553033,,cwc,0.010109937102457778
2019-08-28,Ranjit Sagar,2.039,-0.13335912194016164,0.0,0.0,0.0,17828.076777530852,0.0,,cwc,0.038044033601014604
2019-08-29,Ranjit Sagar,2.039,-0.13378647218462833,0.0,0.0,0.0,23111.632985219218,15.353549692922746,,cwc,-0.00456573656205661
2019-08-30,Ranjit Sagar,2.039,-0.1386144707634257,0.0,0.0,0.0,19187.779231824992,0.3351042814107818,,cwc,0.00836088284920633
2019-08-31,Ranjit Sagar,1.999,-0.15273548022646782,0.0,0.0,0.0,17138.636435569984,1.5036666653104112,,cwc,0.038760878211842265
2019-09-01,Ranjit Sagar,2.039,-0.12817752661019274,0.0,0.0,0.0,19685.10414645592,9.626307871853164,,cwc,-0.046252504442812814
2019-09-02,Ranjit Sagar,2.039,-0.1280962769560005,0.0,0.0,0.0,17418.643692641093,0.0,,cwc,-2.2378813829604383e-05
2019-09-03,Ranjit Sagar,2.039,-0.12764748354684763,0.0,0.0,0.0,18486.05390212467,5.580234221524692,,cwc,-0.005567445535086701
2019-09-04,Ranjit Sagar,2.039,-0.12949718036511967,0.0,0.0,0.0,22008.192372626472,16.271549956317887,,cwc,-0.002955945819494765
2019-09-05,Ranjit Sagar,2.039,-0.13570043541319754,0.0,0.0,0.0,24317.586339039648,14.482030565091854,,cwc,0.005661232030471641
2019-09-06,Ranjit Sagar,2.039,-0.14434257801631112,0.0,0.0,0.0,19762.94731372416,0.1858318307808105,,cwc,0.011311338833735807
2019-09-07,Ranjit Sagar,2.039,-0.1482405865906158,0.0,0.0,0.0,17848.62091242009,1.235499755165122,,cwc,0.00016807037559685156
2019-09-08,Ranjit Sagar,2.039,-0.149482851994028,0.0,0.0,0.0,16713.90778960512,0.0,,cwc,-0.004515473784032054
2019-09-09,Ranjit Sagar,2.039,-0.149922430745774,0.0,0.0,0.0,16065.01605863578,0.0,,cwc,-0.0072916351615246455
2019-09-10,Ranjit Sagar,2.039,-0.1496021828300973,0.0,0.0,0.0,16037.775687554424,0.0254017362615193,,cwc,-0.008879197802222905
2019-09-11,Ranjit Sagar,2.039,-0.14864309985442314,0.0,0.0,0.0,16028.367314838111,0.1199001866229369,,cwc,-0.008945843427962341
2019-09-12,Ranjit Sagar,2.039,-0.14802734190895167,0.0,0.0,0.0,16658.43894117631,2.71793894404158,,cwc,-0.008968861722573607
2019-09-13,Ranjit Sagar,2.039,-0.14845688375663246,0.0,0.0,0.0,16292.758891927635,0.1248253813985559,,cwc,-0.0074273438896304
2019-09-14,Ranjit Sagar,2.039,-0.14598720641203244,0.0,0.0,0.0,16371.837205324582,1.107104497955819,,cwc,-0.0083220077556172
2019-09-15,Ranjit Sagar,2.039,-0.14251455995404302,0.0,0.0,0.0,16956.64798604952,3.1322977041840883,,cwc,-0.008128536687876942
2019-09-16,Ranjit Sagar,2.039,-0.14067847938819417,0.0,0.0,0.0,16618.30888717624,0.9587472514725134,,cwc,-0.006697752932982137
2019-09-17,Ranjit Sagar,2.039,-0.1400341470721178,0.0,0.0,0.0,16246.906138604327,0.0473085589463415,,cwc,-0.0075255250983885524
2019-09-18,Ranjit Sagar,2.039,-0.1391842429846947,0.0,0.0,0.0,18658.892120993307,9.92553394615912,,cwc,-0.008434189980594198
2019-09-19,Ranjit Sagar,2.039,-0.1415753976303794,0.0,0.0,0.0,19698.88889287067,8.255012000145436,,cwc,-0.002533084059874735
2019-09-20,Ranjit Sagar,2.039,-0.14535446250424333,0.0,0.0,0.0,18715.74872347817,3.565640871735096,,cwc,1.1346609650075834e-05
2019-09-21,Ranjit Sagar,2.039,-0.14814836510433374,0.0,0.0,0.0,17235.626816161006,0.3371595164234422,,cwc,-0.0023939800866323857
2019-09-22,Ranjit Sagar,2.039,-0.14506051875122833,0.0,0.0,0.0,17061.1770016252,1.862660619004904,,cwc,-0.006015210149505457
2019-09-23,Ranjit Sagar,2.039,-0.14267777646883362,0.0,0.0,0.0,16367.989434713185,0.0,,cwc,-0.006442014799674212
2019-09-24,Ranjit Sagar,2.039,-0.13823725199205392,0.0,0.0,0.0,16078.26574045949,0.0,,cwc,-0.00813795054935973
2019-09-25,Ranjit Sagar,1.999,-0.14878776834232293,0.0,0.0,0.0,16038.983762540522,0.0,,cwc,0.031153218545313166
2019-09-26,Ranjit Sagar,1.999,-0.1456291080351662,0.0,0.0,0.0,20194.011593956824,17.294679821607684,,cwc,-0.008942887781244302
2019-09-27,Ranjit Sagar,1.999,-0.14789970582443493,0.0,0.0,0.0,19344.020022800065,3.662800144864188,,cwc,0.0012227017021735342
2019-09-28,Ranjit Sagar,1.999,-0.15070514955094297,0.0,0.0,0.0,20622.33972138576,10.331633585158333,,cwc,-0.0008568668897410703
2019-09-29,Ranjit Sagar,1.999,-0.15315972878786685,0.0,0.0,0.0,22319.474887976023,10.721239706822614,,cwc,0.002270638824211968
2019-09-30,Ranjit Sagar,1.999,-0.15884843805030505,0.0,0.0,0.0,19065.21353641597,1.324158841646469,,cwc,0.0064228082202824055
2020-06-01,Ranjit Sagar,1.318,-0.4499836860913556,0.0,0.0,0.0,18303.61246357521,2.5694923195054007,,cwc,
2020-06-02,Ranjit Sagar,1.318,-0.4506761482149998,0.0,0.0,0.0,17405.52163632062,1.3190094560439922,,cwc,-0.003402302581544614
2020-06-03,Ranjit Sagar,1.36,-0.4336177608298783,0.0,0.0,0.0,17215.927379419143,2.1124774026396267,,cwc,-0.04759954963718749
2020-06-04,Ranjit Sagar,1.36,-0.4338197616091856,0.0,0.0,0.0,16657.68186900636,0.7371762521731288,,cwc,-0.006063406309699149
2020-06-05,Ranjit Sagar,1.36,-0.4338215190033311,0.0,0.0,0.0,18716.401722280752,8.657623046301024,,cwc,-0.007429196123887483
2020-06-06,Ranjit Sagar,1.36,-0.43607585441580354,0.0,0.0,0.0,17640.18262558182,1.7485563814478031,,cwc,-0.0023923824757305923
2020-06-07,Ranjit Sagar,1.386,-0.42647987941689514,0.0,0.0,0.0,16581.86427043979,0.072811209875176,,cwc,-0.03102543379936651
2020-06-08,Ranjit Sagar,1.386,-0.4269574493340949,0.0,0.0,0.0,17022.395719398315,2.477613698007888,,cwc,-0.00761468960646261
2020-06-09,Ranjit Sagar,1.386,-0.4279414023248861,0.0,0.0,0.0,16655.998155668967,1.097577128123442,,cwc,-0.006536896136395631
2020-06-10,Ranjit Sagar,1.386,-0.4285970176475103,0.0,0.0,0.0,16556.581962596974,1.1203840267841128,,cwc,-0.007433315455764422
2020-06-11,Ranjit Sagar,1.386,-0.42911129452671015,0.0,0.0,0.0,16206.736350465124,0.0033969796448189,,cwc,-0.007676544682565956
2020-06-12,Ranjit Sagar,1.386,-0.4293045221096265,0.0,0.0,0.0,16124.317031421262,0.2566769456747886,,cwc,-0.00853246840192523
2020-06-13,Ranjit Sagar,1.36,-0.4404524263862078,0.0,0.0,0.0,16079.696110301475,0.1252469442280283,,cwc,0.017265886507620953
2020-06-14,Ranjit Sagar,1.36,-0.44000406984557267,0.0,0.0,0.0,16027.870273402306,0.0423362238680198,,cwc,-0.008843281946810277
2020-06-15,Ranjit Sagar,1.36,-0.4371783655909522,0.0,0.0,0.0,16063.866743956882,0.2227241597519522,,cwc,-0.008970077771995433
2020-06-16,Ranjit Sagar,1.318,-0.4535602615707409,0.0,0.0,0.0,16021.610060300054,0.0,,cwc,0.03311799031258955
2020-06-17,Ranjit Sagar,1.318,-0.4527824424321253,0.0,0.0,0.0,16070.900481687284,0.2798401769501605,,cwc,-0.008985393856281387
2020-06-18,Ranjit Sagar,1.318,-0.45242905345465223,0.0,0.0,0.0,16509.254777787097,2.0451991040453863,,cwc,-0.008864801116685417
2020-06-19,Ranjit Sagar,1.318,-0.4455550011783681,0.0,0.0,0.0,18735.103567252936,10.36481574319223,,cwc,-0.0077923342155614694
2020-06-20,Ranjit Sagar,1.294,-0.4523545087749632,0.0,0.0,0.0,17535.652820592222,0.9269227743702622,,cwc,0.02165337300083503
2020-06-21,Ranjit Sagar,1.294,-0.451843835817173,0.0,0.0,0.0,16766.818220429028,0.7123020810973345,,cwc,-0.00528117386403526
2020-06-22,Ranjit Sagar,1.294,-0.4495915149157702,0.0,0.0,0.0,16409.473212336816,0.085098962075188,,cwc,-0.007162185795366316
2020-06-23,Ranjit Sagar,1.294,-0.44900668679757966,0.0,0.0,0.0,23095.104360451736,23.592039143509297,,cwc,-0.00803645735348879
2020-06-24,Ranjit Sagar,1.294,-0.45161024579684117,0.0,0.0,0.0,22030.302936121203,5.865205466848307,,cwc,0.008320444320048637
2020-06-25,Ranjit Sagar,1.263,-0.4690969124261216,0.0,0.0,0.0,18024.915216449175,0.0,,cwc,0.03671532719441606
2020-06-26,Ranjit Sagar,1.263,-0.4706057463403327,0.0,0.0,0.0,18924.70792977952,5.041411276679809,,cwc,-0.0040841564509750405
2020-06-27,Ranjit Sagar,1.263,-0.47253607326827174,0.0,0.0,0.0,16969.78172663244,0.0,,cwc,-0.0018827456024779199
2020-06-28,Ranjit Sagar,1.233,-0.48582225881914654,0.0,0.0,0.0,20600.702621918892,11.052991057001655,,cwc,0.02333437975554964
2020-06-29,Ranjit Sagar,1.263,-0.4755812974185972,0.0,0.0,0.0,17947.556912927113,1.0830752314363754,,cwc,-0.02778229797422016
2020-06-30,Ranjit Sagar,1.263,-0.4729908970510641,0.0,0.0,0.0,16579.34093146734,0.0,,cwc,-0.0042734193846172275
2020-07-01,Ranjit Sagar,1.263,-0.47151286198840586,0.0,0.0,0.0,17075.312219387026,2.3557369506674424,,cwc,-0.007620863145885837
2020-07-02,Ranjit Sagar,1.263,-0.47070590721722577,0.0,0.0,0.0,16502.67212385318,0.6731928344260403,,cwc,-0.00640743192156723
2020-07-03,Ranjit Sagar,1.192,-0.4941221087435235,0.0,0.0,0.0,18150.262663905094,6.534704240835982,,cwc,0.063191560824299
2020-07-04,Ranjit Sagar,1.192,-0.49170455194509916,0.0,0.0,0.0,20429.35171078019,12.87774614165173,,cwc,-0.0037774844513325245
2020-07-05,Ranjit Sagar,1.192,-0.4945651729759247,0.0,0.0,0.0,17995.40764282402,0.0,,cwc,0.001798479076880355
2020-07-06,Ranjit Sagar,1.192,-0.4950324450105302,0.0,0.0,0.0,17848.43446655718,3.2515569997013354,,cwc,-0.004156348959014844
2020-07-07,Ranjit Sagar,1.1805714285714284,-0.49825322887162216,0.0,0.0,0.0,23088.37664120283,18.409154069413187,,cwc_level,0.006912641490650628
2020-07-08,Ranjit Sagar,1.192,-0.4993402032672994,0.0,0.0,0.0,20466.460561745025,2.9466787959179226,,cwc,-0.0031245869819145344
2020-07-09,Ranjit Sagar,1.172,-0.5121355323085248,0.0,0.0,0.0,17688.665567466793,0.3267010661303949,,cwc,0.02188926868417429
2020-07-10,Ranjit Sagar,1.192,-0.5038466532436694,0.0,0.0,0.0,17547.726535609527,2.348578494098982,,cwc,-0.02490681661937466
2020-07-11,Ranjit Sagar,1.192,-0.5046807744903213,0.0,0.0,0.0,19433.937953350905,8.347148181060371,,cwc,-0.00525163460812994
2020-07-12,Ranjit Sagar,1.172,-0.5149163896282921,0.0,0.0,0.0,17375.722708457048,0.0084672447736039,,cwc,0.019363124120250985
2020-07-13,Ranjit Sagar,1.192,-0.5066970394144074,0.0,0.0,0.0,16382.2820491249,0.0,,cwc,-0.025672454965382174
2020-07-14,Ranjit Sagar,1.172,-0.5114189045590285,0.0,0.0,0.0,17455.332297616394,4.4163928595534285,,cwc,0.011897017411542032
2020-07-15,Ranjit Sagar,1.172,-0.5090454113528412,0.0,0.0,0.0,16748.576799273276,0.7582694869909934,,cwc,-0.005477684091353741
2020-07-16,Ranjit Sagar,1.172,-0.5059646464095908,0.0,0.0,0.0,17802.154340264853,5.237774294828095,,cwc,-0.0072068148102819585
2020-07-17,Ranjit Sagar,1.172,-0.5037171480829945,0.0,0.0,0.0,17075.77566615579,1.3168908380848534,,cwc,-0.004629157763152536
2020-07-18,Ranjit Sagar,1.172,-0.5024252689231331,0.0,0.0,0.0,20033.07800237401,12.798031102587782,,cwc,-0.006406298064036031
2020-07-19,Ranjit Sagar,1.172,-0.5057086153341667,0.0,0.0,0.0,19729.314020937734,5.152906194991717,,cwc,0.0008289655125497397
2020-07-20,Ranjit Sagar,1.172,-0.5027283612066934,0.0,0.0,0.0,19700.17706361712,6.786238112054504,,cwc,8.578398394920583e-05
2020-07-21,Ranjit Sagar,1.111,-0.5275062471199979,0.0,0.0,0.0,19955.423666906554,6.045223877953504,,cwc,0.06101449821669691
2020-07-22,Ranjit Sagar,1.172,-0.501431137127126,0.0,0.0,0.0,18313.491278994436,2.3786380678622097,,cwc,-0.06036102168561075
2020-07-23,Ranjit Sagar,1.172,-0.5003615421400973,0.0,0.0,0.0,16887.3897355781,0.0,,cwc,-0.003378133313321152
2020-07-24,Ranjit Sagar,1.111,-0.5218675517867112,0.0,0.0,0.0,22584.617503189475,19.296785136948174,,cwc,0.05413280152508704
2020-07-25,Ranjit Sagar,1.1016249999999999,-0.5176051331700501,0.0,0.0,0.0,20893.941721539795,4.727152840408508,,cwc_level,0.016446499658746783
2020-07-26,Ranjit Sagar,1.111,-0.5067729192323392,0.0,0.0,0.0,20004.49544950908,6.089373042294409,,cwc,-0.0064398663640892195
2020-07-27,Ranjit Sagar,1.086,-0.5130318367550253,0.0,0.0,0.0,19338.242243319502,4.0510796894898204,,cwc,0.025759036137680935
2020-07-28,Ranjit Sagar,1.086,-0.511187717947294,0.0,0.0,0.0,21215.85341519096,10.546995797736637,,cwc,-0.0008710026637257506
2020-07-29,Ranjit Sagar,1.086,-0.5131232046671067,0.0,0.0,0.0,30500.215806576347,27.74505409840165,,cwc,0.003722714913424241
2020-07-30,Ranjit Sagar,1.061,-0.5362459366672244,0.0,0.0,0.0,27440.115821551666,11.297187865409326,,cwc,0.05143760889620075
2020-07-31,Ranjit Sagar,1.086,-0.5361510940191582,0.0,0.0,0.0,24226.35458875221,7.184879860755202,,cwc,-0.006049156894095242
2020-08-01,Ranjit Sagar,1.086,-0.5418561433037047,0.0,0.0,0.0,21105.04420992404,3.23679838840052,,cwc,0.01108813346450499
2020-08-02,Ranjit Sagar,1.192,-0.4978434783048189,0.0,0.0,0.0,19361.514243242942,3.3984620975959308,,cwc,-0.1025483881784035
2020-08-03,Ranjit Sagar,1.086,-0.5419136997321358,0.0,0.0,0.0,18565.2956438205,2.998482301071307,,cwc,0.1051859340421828
2020-08-04,Ranjit Sagar,1.086,-0.5396223991455774,0.0,0.0,0.0,17312.61786710993,1.728533562409068,,cwc,-0.002762074912075141
2020-08-05,Ranjit Sagar,1.061,-0.5441172487843422,0.0,0.0,0.0,18760.496178082303,7.30940550255239,,cwc,0.019173154272972504
2020-08-06,Ranjit Sagar,1.061,-0.5326897339455249,0.0,0.0,0.0,19946.562409610073,9.031672464236456,,cwc,-0.002284502058472082
2020-08-07,Ranjit Sagar,1.061,-0.5167172790238818,0.0,0.0,0.0,20464.852735806628,8.275092398300716,,cwc,0.0006172985789849594
2020-08-08,Ranjit Sagar,1.061,-0.5033911766661122,0.0,0.0,0.0,20760.530769367495,7.871410100273635,,cwc,0.00188533501655197
2020-08-09,Ranjit Sagar,1.037,-0.5016018234309486,0.0,0.0,0.0,23224.584277896094,13.520290659893377,,cwc,0.026608733662817796
2020-08-10,Ranjit Sagar,1.037,-0.501526604432027,0.0,0.0,0.0,29708.89907163739,23.68318553298482,,cwc,0.00863722671970768
2020-08-11,Ranjit Sagar,1.037,-0.5085442427932224,0.0,0.0,0.0,35249.35344929304,25.137326406276784,,cwc,0.024501592723715326
2020-08-12,Ranjit Sagar,1.061,-0.5077937277174871,0.0,0.0,0.0,33232.24264266726,14.767476095560257,,cwc,0.014056732915316505
2020-08-13,Ranjit Sagar,1.061,-0.5169017574238062,0.0,0.0,0.0,32284.492919042,14.847908853545066,,cwc,0.033121718943163625
2020-08-14,Ranjit Sagar,1.061,-0.5267104377145282,0.0,0.0,0.0,23296.649632179986,1.165441402727724,,cwc,0.03080297764604145
2020-08-15,Ranjit Sagar,1.061,-0.5293409658014492,0.0,0.0,0.0,22985.483418861266,7.921457082486324,,cwc,0.008813540053179914
2020-08-16,Ranjit Sagar,1.061,-0.5257295016681035,0.0,0.0,0.0,26158.77265650261,14.659475204911148,,cwc,0.008052248405073348
2020-08-17,Ranjit Sagar,1.061,-0.5227645226577785,0.0,0.0,0.0,24506.077750496348,10.84270943971767,,cwc,0.015815940252839944
2020-08-18,Ranjit Sagar,1.061,-0.5256683998388201,0.0,0.0,0.0,22887.05303892784,8.06945248931044,,cwc,0.011772497311551833
2020-08-19,Ranjit Sagar,1.061,-0.530648143390956,0.0,0.0,0.0,20776.409516578107,5.261667859128919,,cwc,0.0078114310445891455
2020-08-20,Ranjit Sagar,1.061,-0.529272800050909,0.0,0.0,0.0,26445.532688119885,19.16949457052557,,cwc,0.0026475822174372166
2020-08-21,Ranjit Sagar,1.061,-0.5315861047034505,0.0,0.0,0.0,28999.441448785026,17.01501208354354,,cwc,0.016517520333635405
2020-08-22,Ranjit Sagar,1.061,-0.5234893561226154,0.0,0.0,0.0,21723.94902173281,1.5651330302654711,,cwc,0.02276585105304174
2020-08-23,Ranjit Sagar,1.061,-0.510800591366271,0.0,0.0,0.0,18116.091068248894,0.0230851485456843,,cwc,0.004965809199190208
2020-08-24,Ranjit Sagar,1.061,-0.5046390841804433,0.0,0.0,0.0,22094.089976082243,12.40365893406042,,cwc,-0.0038610878416172056
2020-08-25,Ranjit Sagar,1.086,-0.4965017444033297,0.0,0.0,0.0,24229.216042830772,12.686284850631264,,cwc,-0.019128612993492444
2020-08-26,Ranjit Sagar,1.086,-0.49814891458677646,0.0,0.0,0.0,36756.72436122423,41.055468269556414,,cwc,0.011095134228078285
2020-08-27,Ranjit Sagar,1.141,-0.4929820290444754,0.0,0.0,0.0,33880.722452654765,13.910079187417145,,cwc,-0.013255370273481004
2020-08-28,Ranjit Sagar,1.172,-0.4974594548740044,0.0,0.0,0.0,24019.26984801577,1.3817559991204322,,cwc,0.003708273788061378
2020-08-29,Ranjit Sagar,1.233,-0.4792534093533568,0.0,0.0,0.0,19671.898037955616,0.1132637956150028,,cwc,-0.05041851499803718
2020-08-30,Ranjit Sagar,1.263,-0.4671807999194648,0.0,0.0,0.0,22651.10539874144,10.57521811462205,,cwc,-0.03005468855593829
2020-08-31,Ranjit Sagar,1.294,-0.4594231266439653,0.0,0.0,0.0,19226.580905455547,1.6722602227401706,,cwc,-0.023765832681921006
2020-09-01,Ranjit Sagar,1.316,-0.4526439709425076,0.0,0.0,0.0,16920.24632106323,0.51493312729775,,cwc_level,-0.023144190562327083
2020-09-02,Ranjit Sagar,1.318,-0.4488019113402137,0.0,0.0,0.0,16529.19690383795,0.4489284238926725,,cwc,-0.008786812356354812
2020-09-03,Ranjit Sagar,1.36,-0.42973884461044715,0.0,0.0,0.0,18976.312123981625,9.729749590758532,,cwc,-0.049743544297639275
2020-09-04,Ranjit Sagar,1.36,-0.43226945219751717,0.0,0.0,0.0,17412.7575105897,0.2760464737013461,,cwc,-0.0017564920428954078
2020-09-05,Ranjit Sagar,1.416,-0.4095374783953035,0.0,0.0,0.0,16729.35205556418,1.0984393334273883,,cwc,-0.06158184652415
2020-09-06,Ranjit Sagar,1.416,-0.41013480234932165,0.0,0.0,0.0,19783.753937054462,11.815306087500232,,cwc,-0.007253849598110262
2020-09-07,Ranjit Sagar,1.416,-0.41373865156411416,0.0,0.0,0.0,17626.170352892233,0.0,,cwc,0.00021897535142212377
2020-09-08,Ranjit Sagar,1.416,-0.41532946138504284,0.0,0.0,0.0,16551.80322423237,0.0,,cwc,-0.005059715883066751
2020-09-09,Ranjit Sagar,1.446,-0.40306741853086747,0.0,0.0,0.0,16302.530845996074,0.0194176931121327,,cwc,-0.03768823622698747
2020-09-10,Ranjit Sagar,1.446,-0.40336576248300615,0.0,0.0,0.0,16157.071607994967,0.5382820194904501,,cwc,-0.008298099931761005
2020-09-11,Ranjit Sagar,1.446,-0.4035324996668907,0.0,0.0,0.0,16331.000321968884,0.9380506974588046,,cwc,-0.008653976946328745
2020-09-12,Ranjit Sagar,1.477,-0.3905199537205625,0.0,0.0,0.0,16102.057097104556,0.0,,cwc,-0.03922844720805152
2020-09-13,Ranjit Sagar,1.477,-0.39057682557935147,0.0,0.0,0.0,16037.708512502995,0.0,,cwc,-0.008788574103323565
2020-09-14,Ranjit Sagar,1.477,-0.3906014414925512,0.0,0.0,0.0,16016.695313516639,0.0,,cwc,-0.008946007776800435
2020-09-15,Ranjit Sagar,1.477,-0.3906100545757929,0.0,0.0,0.0,15997.325075852796,0.0,,cwc,-0.008997418155574088
2020-09-16,Ranjit Sagar,1.477,-0.3906100545757929,0.0,0.0,0.0,16127.208412614658,0.5485399186047417,,cwc,-0.009044808905354085
2020-09-17,Ranjit Sagar,1.477,-0.390745621724042,0.0,0.0,0.0,16047.569657612252,0.0,,cwc,-0.008727039509858203
2020-09-18,Ranjit Sagar,1.477,-0.39074015545001783,0.0,0.0,0.0,16014.124650298068,0.0,,cwc,-0.008921881740324933
2020-09-19,Ranjit Sagar,1.477,-0.39054463036028064,0.0,0.0,0.0,16008.443343878762,0.0,,cwc,-0.009003707477340583
2020-09-20,Ranjit Sagar,1.477,-0.3904563939126579,0.0,0.0,0.0,15997.325075852796,0.0,,cwc,-0.009017607222692847
2020-09-21,Ranjit Sagar,1.477,-0.38982639713742984,0.0,0.0,0.0,15997.325075852796,0.0,,cwc,-0.009044808905354085
2020-09-22,Ranjit Sagar,1.446,-0.4027868090155215,0.0,0.0,0.0,16052.806751695025,0.2387227760596898,,cwc,0.021955191094646054
2020-09-23,Ranjit Sagar,1.446,-0.4027610774826012,0.0,0.0,0.0,16201.452121619262,0.781059958645862,,cwc,-0.00890906879401232
2020-09-24,Ranjit Sagar,1.446,-0.4029204104941516,0.0,0.0,0.0,16092.980375079058,0.0677379581888316,,cwc,-0.008545396666996607
2020-09-25,Ranjit Sagar,1.416,-0.41581863247744283,0.0,0.0,0.0,16600.90849833128,2.3928523720655,,cwc,0.021189219010535165
2020-09-26,Ranjit Sagar,1.416,-0.4164486292526709,0.0,0.0,0.0,16251.065271565412,0.0115692069662086,,cwc,-0.00756809646421952
2020-09-27,Ranjit Sagar,1.416,-0.41671347334727554,0.0,0.0,0.0,16077.459459956919,0.0,,cwc,-0.00842401434760065
2020-09-28,Ranjit Sagar,1.416,-0.4167971144840105,0.0,0.0,0.0,16048.79933321321,0.0,,cwc,-0.008848754080847288
2020-09-29,Ranjit Sagar,1.416,-0.4168508413011109,0.0,0.0,0.0,15997.568512870528,0.0,,cwc,-0.008918873246070769
2020-09-30,Ranjit Sagar,1.386,-0.42964973020343783,0.0,0.0,0.0,15997.325075852796,0.0,,cwc,0.020955786681700506
2021-06-01,Ranjit Sagar,0.842,-0.6571528793939423,0.0,0.0,0.0,17929.238853383245,1.4068632716984992,,cwc,
2021-06-02,Ranjit Sagar,0.842,-0.6589306599110657,0.0,0.0,0.0,16978.987341977045,1.1460132130986045,,cwc,-0.004318235901139333
2021-06-03,Ranjit Sagar,0.842,-0.6598782840160123,0.0,0.0,0.0,16608.595301599653,0.342448627605439,,cwc,-0.0066430980110665505
2021-06-04,Ranjit Sagar,0.866,-0.6502298954034187,0.0,0.0,0.0,16163.763540917107,0.1624362944224274,,cwc,-0.03154929011931973
2021-06-05,Ranjit Sagar,0.866,-0.6491656296700191,0.0,0.0,0.0,16692.832450457016,2.155070341532193,,cwc,-0.008637604626889117
2021-06-06,Ranjit Sagar,0.866,-0.6413099693039943,0.0,0.0,0.0,16225.993866847433,0.0,,cwc,-0.00734319757089863
2021-06-07,Ranjit Sagar,0.892,-0.6245216855977832,0.0,0.0,0.0,16071.093487631832,0.0,,cwc,-0.03448535343327641
2021-06-08,Ranjit Sagar,0.892,-0.6181666356627387,0.0,0.0,0.0,16042.834275091114,0.0,,cwc,-0.008864328913061548
2021-06-09,Ranjit Sagar,0.892,-0.6144959415849267,0.0,0.0,0.0,17183.408686813887,4.8768709257582765,,cwc,-0.008933467211400092
2021-06-10,Ranjit Sagar,0.892,-0.6131469994080697,0.0,0.0,0.0,24219.135053891165,29.105050358996618,,cwc,-0.006142965747800488
2021-06-11,Ranjit Sagar,0.892,-0.6166587302767415,0.0,0.0,0.0,21683.310331752942,2.571436060406829,,cwc,0.011070470327063653
2021-06-12,Ranjit Sagar,0.915,-0.6081530784276303,0.0,0.0,0.0,22159.70051014794,10.08655559134528,,cwc,-0.01813361642591782
2021-06-13,Ranjit Sagar,0.915,-0.6116883742536084,0.0,0.0,0.0,19559.630204015146,1.1441699466235709,,cwc,0.006031908134683017
2021-06-14,Ranjit Sagar,0.939,-0.603176852047018,0.0,0.0,0.0,18475.79488281982,3.464655375308704,,cwc,-0.024329360293008917
2021-06-15,Ranjit Sagar,0.939,-0.6046922398767332,0.0,0.0,0.0,20854.63761536215,8.46221532184393,,cwc,-0.0029810452852475633
2021-06-16,Ranjit Sagar,0.939,-0.6093606536737411,0.0,0.0,0.0,20431.457687653743,8.738502771888351,,cwc,0.0028389731708969856
2021-06-17,Ranjit Sagar,0.964,-0.6031842308177907,0.0,0.0,0.0,18772.6261027506,2.476077103178869,,cwc,-0.02319636849160156
2021-06-18,Ranjit Sagar,0.964,-0.6060526294885394,0.0,0.0,0.0,17904.6672272459,2.685703586119201,,cwc,-0.0022548252814095227
2021-06-19,Ranjit Sagar,0.964,-0.6077792110833047,0.0,0.0,0.0,17023.941462918414,0.7870670937182999,,cwc,-0.0043783522407613296
2021-06-20,Ranjit Sagar,0.964,-0.6073862118149409,0.0,0.0,0.0,16381.952535150538,0.2599629261772829,,cwc,-0.0065331143580996676
2021-06-21,Ranjit Sagar,0.964,-0.6067717164152031,0.0,0.0,0.0,16130.562567208253,0.0055217864242185,,cwc,-0.008103788769289744
2021-06-22,Ranjit Sagar,0.939,-0.6171949132440613,0.0,0.0,0.0,16024.488406178138,0.0,,cwc,0.016281166682746484
2021-06-23,Ranjit Sagar,0.9300216482343555,-0.6208692498983717,0.0,0.0,0.0,16250.474588276344,0.9901666053287376,,model,
2021-06-24,Ranjit Sagar,0.9215961887354644,-0.6246927159560507,0.0,0.0,0.0,17400.463776615445,5.413396796243726,,model,
2021-06-25,Ranjit Sagar,0.892,-0.6387836176487827,0.0,0.0,0.0,16970.684495463767,1.4549264150662178,,cwc,0.023984264662409327
2021-06-26,Ranjit Sagar,0.866,-0.6507791406608522,0.0,0.0,0.0,16362.734688028273,0.0,,cwc,0.0193365884476957
2021-06-27,Ranjit Sagar,0.842,-0.6608239456982337,0.0,0.0,0.0,16173.965355135007,0.0,,cwc,0.015849193315902954
2021-06-28,Ranjit Sagar,0.817,-0.6699151477667025,0.0,0.0,0.0,16031.088376685486,0.0,,cwc,0.0163873548822967
2021-06-29,Ranjit Sagar,0.788,-0.6815427197237797,0.0,0.0,0.0,15997.325075852796,0.0,,cwc,0.020037795560800098
2021-06-30,Ranjit Sagar,0.744,-0.6947196645189536,0.0,0.0,0.0,16105.186618586984,0.4509491741352591,,cwc,0.034955191094645954
2021-07-01,Ranjit Sagar,0.719,-0.7025716789210742,0.0,0.0,0.0,16548.69951270153,2.175371687035333,,cwc,0.01621908250740456
2021-07-02,Ranjit Sagar,0.744,-0.6915720054835748,0.0,0.0,0.0,17682.286795780026,5.980586450196376,,cwc,-0.03269582969171925
2021-07-03,Ranjit Sagar,0.695,-0.7129930694840525,0.0,0.0,0.0,16744.31848142754,0.0873669853263405,,cwc,0.04407757723380579
2021-07-04,Ranjit Sagar,0.67,-0.7223346744032825,0.0,0.0,0.0,21357.16014163273,18.63833053701392,,cwc,0.017782766893411184
2021-07-05,Ranjit Sagar,0.67,-0.7257263513304484,0.0,0.0,0.0,18800.74133114351,0.0,,cwc,0.0040684324947579675
2021-07-06,Ranjit Sagar,0.621,-0.7440373486019645,0.0,0.0,0.0,16868.834543448356,0.0,,cwc,0.04681396074883415
2021-07-07,Ranjit Sagar,0.603,-0.7387181148580092,0.0,0.0,0.0,17187.319853384637,1.816677081722503,,cwc,0.011087404845779414
2021-07-08,Ranjit Sagar,0.567,-0.7140042936455377,0.0,0.0,0.0,18012.735504139448,5.434460355728109,,cwc,0.029866603216686105
2021-07-09,Ranjit Sagar,0.545,-0.6893021363636829,0.0,0.0,0.0,18107.68324248648,3.622896008925906,,cwc,0.017886044962735936
2021-07-10,Ranjit Sagar,0.526,-0.6816739190566126,0.0,0.0,0.0,21285.447927114456,16.404366401405607,,cwc,0.015118341777481059
2021-07-11,Ranjit Sagar,0.507,-0.6851013614625117,0.0,0.0,0.0,29322.27541563559,29.731515447870343,,cwc_level,0.02289298314440047
2021-07-12,Ranjit Sagar,0.488,-0.704273905164516,0.0,0.0,0.0,55579.42963022104,65.44541018899506,,cwc,0.04255568874161064
2021-07-13,Ranjit Sagar,0.567,-0.7054701353126775,0.0,0.0,0.0,50671.386414812485,12.846847683961762,,cwc,0.008795800138719057
2021-07-14,Ranjit Sagar,0.583,-0.717022042641116,0.0,0.0,0.0,33182.03540580791,4.628899651544145,,cwc,0.059787901631403795
2021-07-15,Ranjit Sagar,0.583,-0.7131811595500108,0.0,0.0,0.0,25767.661861004024,2.5964068571016603,,cwc,0.0329988831452539
2021-07-16,Ranjit Sagar,0.583,-0.7013491023188582,0.0,0.0,0.0,18719.51986831849,0.814998577118982,,cwc,0.014859058144972792
2021-07-17,Ranjit Sagar,0.583,-0.6936560417575326,0.0,0.0,0.0,22143.32191790395,8.629952401027559,,cwc,-0.0023847536958873095
2021-07-18,Ranjit Sagar,0.5830000000000001,-0.6889050606765884,0.0,0.0,0.0,33064.05323589903,42.4434991767554,,cwc_level,0.00599183667142833
2021-07-19,Ranjit Sagar,0.567,-0.7082209237697562,0.0,0.0,0.0,36861.88497429163,23.34934067450138,,cwc,0.0487102308535442
2021-07-20,Ranjit Sagar,0.583,-0.7182504824082571,0.0,0.0,0.0,37103.64623323425,20.09526004847426,,cwc,0.026001913110804464
2021-07-21,Ranjit Sagar,0.6255934002947946,-0.7167400293722578,0.0,0.0,0.0,26090.039854326944,0.3807733083762289,,model,
2021-07-22,Ranjit Sagar,0.6412411805546543,-0.7141169291976179,0.0,0.0,0.0,26695.11255195724,11.079212839529594,,model,
2021-07-23,Ranjit Sagar,0.695,-0.6860777211609258,0.0,0.0,0.0,21097.78342516328,1.3342826799152665,,cwc,-0.03663068312018436
2021-07-24,Ranjit Sagar,0.719,-0.6670074247229847,0.0,0.0,0.0,20713.074233283598,7.541598232771922,,cwc,-0.020566152236840884
2021-07-25,Ranjit Sagar,0.719,-0.6582878362591722,0.0,0.0,0.0,21141.37666446349,8.156428874006894,,cwc,0.0024926276621584087
2021-07-26,Ranjit Sagar,0.744,-0.6422015305869048,0.0,0.0,0.0,22207.37476851492,12.729920723372256,,cwc,-0.0214594980836178
2021-07-27,Ranjit Sagar,0.744,-0.6432905126367554,0.0,0.0,0.0,31585.656076938307,30.205491942248145,,cwc,0.006148546809355837
2021-07-28,Ranjit Sagar,0.788,-0.6379575309985428,0.0,0.0,0.0,29558.905702051947,12.362441530325778,,cwc,-0.014906779482178112
2021-07-29,Ranjit Sagar,0.842,-0.6255517000319885,0.0,0.0,0.0,29067.083737041496,13.354994793634356,,cwc,-0.02986537738630679
2021-07-30,Ranjit Sagar,0.866,-0.6269107318080047,0.0,0.0,0.0,26334.880915297745,8.092109941855798,,cwc,-0.0010686569786652056
2021-07-31,Ranjit Sagar,0.892,-0.6192200612761217,0.0,0.0,0.0,21164.049566685786,2.7969020746509043,,cwc,-0.009753197587822893
2021-08-01,Ranjit Sagar,0.915,-0.609114716632226,0.0,0.0,0.0,18710.725197596144,1.6941286684509629,,cwc,-0.01940402711549405
2021-08-02,Ranjit Sagar,0.964,-0.5884523503497407,0.0,0.0,0.0,19372.94097280569,6.493712160040515,,cwc,-0.05140627052220759
2021-08-03,Ranjit Sagar,0.988,-0.5800287918872032,0.0,0.0,0.0,17955.401315281644,2.112479257682355,,cwc,-0.024786109600703488
2021-08-04,Ranjit Sagar,0.988,-0.5797402649262319,0.0,0.0,0.0,23076.012294718228,19.562318377980446,,cwc,-0.004254227461647386
2021-08-05,Ranjit Sagar,0.988,-0.5836284504902306,0.0,0.0,0.0,21444.820723146153,5.704576166701785,,cwc,0.00827373413891086
2021-08-06,Ranjit Sagar,0.988,-0.5867818618069801,0.0,0.0,0.0,18478.803712528283,1.2776239403497307,,cwc,0.004282900729797423
2021-08-07,Ranjit Sagar,0.988,-0.5868251911185779,0.0,0.0,0.0,17633.70223498952,1.2016008947650354,,cwc,-0.002973683956062012
2021-08-08,Ranjit Sagar,1.013,-0.5742080855101864,0.0,0.0,0.0,18231.83144544761,4.887819636110367,,cwc,-0.03004128856451549
2021-08-09,Ranjit Sagar,1.013,-0.574026794262052,0.0,0.0,0.0,19350.843464924845,6.551199002310965,,cwc,-0.0035779202651302633
2021-08-10,Ranjit Sagar,1.013,-0.5760844300466109,0.0,0.0,0.0,18423.619869606715,4.198184955309311,,cwc,-0.0008401728231022254
2021-08-11,Ranjit Sagar,1.013,-0.5775888437053698,0.0,0.0,0.0,18437.29103307305,4.789787651605924,,cwc,-0.0031086953966632525
2021-08-12,Ranjit Sagar,1.0099247521375525,-0.5811249712813097,0.0,0.0,0.0,19503.456698281127,7.544314800221811,,model,
2021-08-13,Ranjit Sagar,1.013,-0.5833771198910241,0.0,0.0,0.0,18405.521845648083,2.7120576558213765,,cwc,-0.003542040880892827
2021-08-14,Ranjit Sagar,1.013,-0.5858553950540263,0.0,0.0,0.0,17379.476470849742,1.4664377771713692,,cwc,-0.003152973579503282
2021-08-15,Ranjit Sagar,1.013,-0.5863384487452585,0.0,0.0,0.0,16982.280515689596,1.4188763018351556,,cwc,-0.0056632711021082915
2021-08-16,Ranjit Sagar,1.013,-0.586235197000236,0.0,0.0,0.0,16306.379856003236,0.0,,cwc,-0.006635041012793996
2021-08-17,Ranjit Sagar,0.988,-0.5943525707703041,0.0,0.0,0.0,16088.7719488902,0.0,,cwc,0.016711316961997014
2021-08-18,Ranjit Sagar,0.988,-0.5914091009520531,0.0,0.0,0.0,16031.15127178784,0.0084672447736039,,cwc,-0.008821077222063933
2021-08-19,Ranjit Sagar,0.9920833333333331,-0.5878872151671559,0.0,0.0,0.0,16916.675371448517,3.735563418140262,,cwc_level,-0.01304538389491361
2021-08-20,Ranjit Sagar,0.988,-0.5887212979891858,0.0,0.0,0.0,17081.203310357854,2.7689580198870933,,cwc,-0.002712215621023417
2021-08-21,Ranjit Sagar,0.988,-0.5856613631300296,0.0,0.0,0.0,18747.700702942573,8.900625079782891,,cwc,-0.006393018922461358
2021-08-22,Ranjit Sagar,0.939,-0.6064257459258068,0.0,0.0,0.0,18908.833347171134,5.417824350754954,,cwc,0.046684192844957284
2021-08-23,Ranjit Sagar,0.988,-0.5846377998118941,0.0,0.0,0.0,17736.378381597067,1.7676766937609414,,cwc,-0.05092158396808366
2021-08-24,Ranjit Sagar,0.988,-0.5830904322160729,0.0,0.0,0.0,17786.561936924412,3.1361515891051703,,cwc,-0.004790083615114349
2021-08-25,Ranjit Sagar,0.964,-0.589867281725743,0.0,0.0,0.0,20012.84681628257,10.071678682531315,,cwc,0.019332694244138193
2021-08-26,Ranjit Sagar,0.939,-0.5983370712314507,0.0,0.0,0.0,18881.88283653559,3.332530644522804,,cwc,0.02577946838740086
2021-08-27,Ranjit Sagar,0.939,-0.5990118920860016,0.0,0.0,0.0,19755.300440647574,8.076008158833789,,cwc,-0.0019875204283446024
2021-08-28,Ranjit Sagar,0.939,-0.6019394448891626,0.0,0.0,0.0,19218.870778451044,4.615337175210853,,cwc,0.0001493617229276767
2021-08-29,Ranjit Sagar,0.939,-0.6030188411445015,0.0,0.0,0.0,21103.469425882817,10.714338487088805,,cwc,-0.00116305397050942
2021-08-30,Ranjit Sagar,0.915,-0.616697752028636,0.0,0.0,0.0,22116.527370101838,9.67610266410058,,cwc,0.027447758993471405
2021-08-31,Ranjit Sagar,0.915,-0.622457538568742,0.0,0.0,0.0,18235.354636764805,3.877948826607111e-05,,cwc,0.005926281786021725
2021-09-01,Ranjit Sagar,0.892,-0.6341877746700733,0.0,0.0,0.0,16950.48871795442,0.2805938370912541,,cwc,0.019430699488588554
2021-09-02,Ranjit Sagar,0.892,-0.6348798235537098,0.0,0.0,0.0,18184.72947547042,5.302090759536765,,cwc,-0.006712822047682088
2021-09-03,Ranjit Sagar,0.866,-0.6418640588289457,0.0,0.0,0.0,17807.692548246112,3.0192418976860367,,cwc,0.022306841206976236
2021-09-04,Ranjit Sagar,0.866,-0.6356975491934056,0.0,0.0,0.0,16598.226627428478,0.0,,cwc,-0.004615608118939685
2021-09-05,Ranjit Sagar,0.866,-0.6301198125243842,0.0,0.0,0.0,16397.81750054204,0.6188952752112132,,cwc,-0.0075746578639867
2021-09-06,Ranjit Sagar,0.866,-0.6227072778282774,0.0,0.0,0.0,16287.454794397394,0.5519136543722413,,cwc,-0.008064973932931818
2021-09-07,Ranjit Sagar,0.842,-0.6240446438106501,0.0,0.0,0.0,22120.415227077574,21.839030341717624,,cwc,0.015665015369074053
2021-09-08,Ranjit Sagar,0.842,-0.6166197354289965,0.0,0.0,0.0,23715.664044161414,13.185390464899616,,cwc,0.005935793721823179
2021-09-09,Ranjit Sagar,0.866,-0.608991784187103,0.0,0.0,0.0,21942.110153107053,6.790121715297345,,cwc,-0.014161309533233912
2021-09-10,Ranjit Sagar,0.842,-0.6235655184012208,0.0,0.0,0.0,23499.57299682565,11.090935641813587,,cwc,0.029499556888199607
2021-09-11,Ranjit Sagar,0.866,-0.6195091655469462,0.0,0.0,0.0,24815.789092220242,11.97137417031481,,cwc,-0.014689992605257607
2021-09-12,Ranjit Sagar,0.892,-0.610980592690004,0.0,0.0,0.0,29234.025627647585,18.060956779988928,,cwc,-0.013469770493607536
2021-09-13,Ranjit Sagar,0.915,-0.6122696850616103,0.0,0.0,0.0,21214.17485036297,0.5323886130856402,,cwc,0.000339778968419302
2021-09-14,Ranjit Sagar,0.939,-0.6065668959346767,0.0,0.0,0.0,17789.02646174985,0.3169925383403295,,cwc,-0.02028139182223565
2021-09-15,Ranjit Sagar,0.964,-0.5956938134928244,0.0,0.0,0.0,17576.228861409014,1.938698875190788,,cwc,-0.02966127610969249
2021-09-16,Ranjit Sagar,0.98,-0.5873643057351478,0.0,0.0,0.0,22359.692760243077,15.670006965816858,,cwc_level,-0.021181901514837898
2021-09-17,Ranjit Sagar,0.988,-0.5890463841926589,0.0,0.0,0.0,18598.084887379882,0.0724487011746835,,cwc,-0.0014787957169349886
2021-09-18,Ranjit Sagar,0.988,-0.5897734590955328,0.0,0.0,0.0,16868.238218317234,0.4945083515787223,,cwc,-0.002681853550625779
2021-09-19,Ranjit Sagar,0.988,-0.5884681049688747,0.0,0.0,0.0,17987.87797262476,4.694779380833669,,cwc,-0.0069140541087034935
2021-09-20,Ranjit Sagar,0.988,-0.589746313944359,0.0,0.0,0.0,19016.759152985782,7.007446290869784,,cwc,-0.004174770865990607
2021-09-21,Ranjit Sagar,0.988,-0.5925832004688738,0.0,0.0,0.0,17478.26086408346,0.698396358610359,,cwc,-0.0016575353308437846
2021-09-22,Ranjit Sagar,0.988,-0.5893565025759161,0.0,0.0,0.0,17901.493451469774,4.912344653089425,,cwc,-0.005421587621340929
2021-09-23,Ranjit Sagar,1.013,-0.5783880641666483,0.0,0.0,0.0,18118.86384418573,4.116834104054905,,cwc,-0.02938611712296224
2021-09-24,Ranjit Sagar,1.0177999999999998,-0.5776373462807544,0.0,0.0,0.0,16763.25940567061,0.0,,cwc_level,-0.008654304035816907
2021-09-25,Ranjit Sagar,1.037,-0.5694813409873098,0.0,0.0,0.0,16298.812419004438,0.011043572848437,,cwc,-0.026370892704525417
2021-09-26,Ranjit Sagar,1.037,-0.568216835927433,0.0,0.0,0.0,20569.675668279237,16.101203176084148,,cwc,-0.008307197344306738
2021-09-27,Ranjit Sagar,1.037,-0.570627305104933,0.0,0.0,0.0,18191.70301913077,0.0,,cwc,0.002141792239752194
2021-09-28,Ranjit Sagar,1.037,-0.5717948312194023,0.0,0.0,0.0,16876.181074386986,0.5909625276736393,,cwc,-0.0036760974916383304
2021-09-29,Ranjit Sagar,1.037,-0.572249362753728,0.0,0.0,0.0,16729.610907746224,0.7412452961684517,,cwc,-0.00689462131128149
2021-09-30,Ranjit Sagar,1.037,-0.5718231447689878,0.0,0.0,0.0,17510.30162306524,4.45747747582703,,cwc,-0.0072532162966916225
2022-06-01,Ranjit Sagar,1.037,-0.5781456187572456,0.0,0.0,0.0,16201.818849753061,0.0047731931706946,,cwc,
2022-06-02,Ranjit Sagar,1.037,-0.5783590613623827,0.0,0.0,0.0,16155.30753728935,0.0993475287476548,,cwc,-0.008544499438912556
2022-06-03,Ranjit Sagar,1.037,-0.5784523111272117,0.0,0.0,0.0,16007.73067012972,0.0,,cwc,-0.008658292878577667
2022-06-04,Ranjit Sagar,1.037,-0.5781743294499297,0.0,0.0,0.0,16000.786954564603,0.0,,cwc,-0.009019350832859097
2022-06-05,Ranjit Sagar,1.037,-0.5780645336183486,0.0,0.0,0.0,15999.321301300717,0.0,,cwc,-0.009036339157556084
2022-06-06,Ranjit Sagar,1.037,-0.5780255628087501,0.0,0.0,0.0,15997.325075852796,0.0,,cwc,-0.009039924988989645
2022-06-07,Ranjit Sagar,0.9920833333333331,-0.5970096574083726,0.0,0.0,0.0,16065.967378079,0.2947624871725889,,cwc_level,0.03587185776131274
2022-06-08,Ranjit Sagar,0.9741578947368421,-0.604121766917279,0.0,0.0,0.0,16274.057639977278,1.0688051631673403,,cwc_level,0.009048568269153567
2022-06-09,Ranjit Sagar,1.037,-0.57735924815035,0.0,0.0,0.0,16105.979467297155,0.0,,cwc,-0.07120986704446797
2022-06-10,Ranjit Sagar,0.964,-0.6082345674305633,0.0,0.0,0.0,16036.65821405822,0.0,,cwc,0.06422102227167015
2022-06-11,Ranjit Sagar,0.964,-0.6064284192558551,0.0,0.0,0.0,16168.15524944464,0.623284058668624,,cwc,-0.00894857741129107
2022-06-12,Ranjit Sagar,0.964,-0.6042690119441655,0.0,0.0,0.0,16578.787801669416,2.1630876081384467,,cwc,-0.008626859980202517
2022-06-13,Ranjit Sagar,0.964,-0.6014952693949565,0.0,0.0,0.0,16228.785678652468,0.0,,cwc,-0.007622216419722938
2022-06-14,Ranjit Sagar,0.892,-0.6266212524370373,0.0,0.0,0.0,16362.767616889802,1.153523745511083,,cwc,0.06352147694521348
2022-06-15,Ranjit Sagar,0.8882857142857142,-0.6259394011767976,0.0,0.0,0.0,17767.08151090611,6.4212051871859,,cwc_level,-0.004436440406863973
2022-06-16,Ranjit Sagar,0.892,-0.6238028433340865,0.0,0.0,0.0,18237.026880165216,5.326175366141205,,cwc,-0.008429251804060844
2022-06-17,Ranjit Sagar,0.892,-0.6232071722574263,0.0,0.0,0.0,19236.23794547334,7.691499402812491,,cwc,-0.0035652092416018633
2022-06-18,Ranjit Sagar,0.892,-0.625461931500526,0.0,0.0,0.0,21585.127841560537,12.77214136449846,,cwc,-0.0011205638843772014
2022-06-19,Ranjit Sagar,0.892,-0.6308898149587155,0.0,0.0,0.0,18534.18843320295,0.1002350991287278,,cwc,0.004626172694576436
2022-06-20,Ranjit Sagar,0.892,-0.6333944539334395,0.0,0.0,0.0,18295.90469455276,3.635412279693153,,cwc,-0.0028381810528623763
2022-06-21,Ranjit Sagar,0.892,-0.6357820153765071,0.0,0.0,0.0,18807.72374919573,5.0647633891630806,,cwc,-0.0034211602207459
2022-06-22,Ranjit Sagar,0.892,-0.6387153996202971,0.0,0.0,0.0,17076.012124757883,0.468530665077832,,cwc,-0.0021689562379104688
2022-06-23,Ranjit Sagar,0.892,-0.6381718242296653,0.0,0.0,0.0,16384.814755318876,0.0,,cwc,-0.006405719550202749
2022-06-24,Ranjit Sagar,0.892,-0.6340364720490379,0.0,0.0,0.0,16134.559381308613,0.0,,cwc,-0.008096786131419842
2022-06-25,Ranjit Sagar,0.8404375000000001,-0.6464664119916829,0.0,0.0,0.0,16008.444561661105,0.0,,cwc_level,0.042853445190384365
2022-06-26,Ranjit Sagar,0.817,-0.6461892798664398,0.0,0.0,0.0,15997.325075852796,0.0,,cwc,0.01441989575670366
2022-06-27,Ranjit Sagar,0.7909999999999999,-0.6525695819530034,0.0,0.0,0.0,17596.79748041919,6.818074238972812,,cwc_level,0.01695519109464594
2022-06-28,Ranjit Sagar,0.7892857142857144,-0.6464399347291676,0.0,0.0,0.0,20346.787451819597,13.806714169495573,,cwc_level,-0.003417293120276277
2022-06-29,Ranjit Sagar,0.768,-0.6514806882725546,0.0,0.0,0.0,25301.135420720988,22.052456066201387,,cwc,0.022882193665685224
2022-06-30,Ranjit Sagar,0.768,-0.6561844537448388,0.0,0.0,0.0,25853.674047990673,11.872987784933295,,cwc,0.013717665964824377
2022-07-01,Ranjit Sagar,0.768,-0.6552708168670967,0.0,0.0,0.0,20511.623409778716,0.5849953646662103,,cwc,0.015069493458273464
2022-07-02,Ranjit Sagar,0.768,-0.6542881178987208,0.0,0.0,0.0,24170.139896195407,13.027185708221875,,cwc,0.0019997630037407177
2022-07-03,Ranjit Sagar,0.768,-0.6498801508374593,0.0,0.0,0.0,24217.580649783602,9.68534661686704,,cwc,0.010950599972394892
2022-07-04,Ranjit Sagar,0.7909999999999999,-0.641469578721472,0.0,0.0,0.0,20794.58082562834,4.090289709575935,,cwc_level,-0.011933332640013727
2022-07-05,Ranjit Sagar,0.768,-0.6453748684583557,0.0,0.0,0.0,26729.005629442898,21.860424428638183,,cwc,0.025692039697789992
2022-07-06,Ranjit Sagar,0.768,-0.6400486194898412,0.0,0.0,0.0,21453.121572818894,1.9232365103172384,,cwc,0.017211058299701043
2022-07-07,Ranjit Sagar,0.817,-0.618818273267496,0.0,0.0,0.0,28393.29777513145,22.532271013291943,,cwc,-0.04469679061438592
2022-07-08,Ranjit Sagar,0.817,-0.6176418126800064,0.0,0.0,0.0,22874.634601743775,2.50343193531135,,cwc,0.0212828747639916
2022-07-09,Ranjit Sagar,0.817,-0.6164211680142582,0.0,0.0,0.0,26453.920011755497,17.75708535664763,,cwc,0.007781048399860602
2022-07-10,Ranjit Sagar,0.817,-0.6031287052553992,0.0,0.0,0.0,31831.94537103897,19.99402933479986,,cwc,0.016538040554534894
2022-07-11,Ranjit Sagar,0.85425,-0.5890595442002822,0.0,0.0,0.0,21765.36680332762,0.4800220431501151,,cwc_level,-0.007554214118100866
2022-07-12,Ranjit Sagar,0.817,-0.6030889952461862,0.0,0.0,0.0,29520.433874440867,21.3297644303654,,cwc,0.042317140930790864
2022-07-13,Ranjit Sagar,0.866,-0.5885492692297335,0.0,0.0,0.0,24044.102310075745,5.327216402737119,,cwc,-0.02495950161893279
2022-07-14,Ranjit Sagar,0.866,-0.594948946935056,0.0,0.0,0.0,39189.0806992937,38.47741263139384,,cwc,0.01064223949637455
2022-07-15,Ranjit Sagar,0.891,-0.5972827502356259,0.0,0.0,0.0,30085.877691020698,4.786570494152842,,cwc_level,0.022695573261300228
2022-07-16,Ranjit Sagar,0.9210833333333334,-0.592305984809337,0.0,0.0,0.0,23549.47960390818,6.136797808657725,,cwc_level,-0.004659433938240087
2022-07-17,Ranjit Sagar,0.9338571428571428,-0.5916453761485617,0.0,0.0,0.0,23422.570988261985,6.3205265345424095,,cwc_level,-0.003341701844617573
2022-07-18,Ranjit Sagar,0.988,-0.5692316221636151,0.0,0.0,0.0,17912.7385888255,0.0296692956996755,,cwc,-0.045021240979224775
2022-07-19,Ranjit Sagar,0.988,-0.5623098865302307,0.0,0.0,0.0,26734.760622412072,20.454445033185657,,cwc,-0.004358605044901265
2022-07-20,Ranjit Sagar,0.988,-0.5688911197998257,0.0,0.0,0.0,22557.8881271502,7.550844566923406,,cwc,0.017225138324764355
2022-07-21,Ranjit Sagar,0.988,-0.5719284214968442,0.0,0.0,0.0,18961.29394850303,1.4275906888165222,,cwc,0.007006104220981135
2022-07-22,Ranjit Sagar,1.013,-0.5600608707632808,0.0,0.0,0.0,22766.544729411173,13.656258355971309,,cwc,-0.026793235143760197
2022-07-23,Ranjit Sagar,1.0343333333333333,-0.5466933188174725,0.0,0.0,0.0,24544.272347989925,13.56572122304809,,cwc_level,-0.013816734971843214
2022-07-24,Ranjit Sagar,1.061,-0.5262203645662749,0.0,0.0,0.0,20429.453266586937,1.7385125902334824,,cwc,-0.01480072338691496
2022-07-25,Ranjit Sagar,1.096125,-0.5032780896166844,0.0,0.0,0.0,19647.92886152926,5.298745826167775,,cwc_level,-0.03332627245916653
2022-07-26,Ranjit Sagar,1.061,-0.5021314762547505,0.0,0.0,0.0,20112.919503086363,6.861483705081001,,cwc,0.0350116690431701
2022-07-27,Ranjit Sagar,1.111,-0.45747300812066655,0.0,0.0,0.0,26853.97560635067,22.092372071539423,,cwc,-0.048975696224287546
2022-07-28,Ranjit Sagar,1.1506153846153846,-0.44047087871900586,0.0,0.0,0.0,33259.28551687935,27.29856410071289,,cwc_level,-0.02209857782625302
2022-07-29,Ranjit Sagar,1.2198571428571428,-0.4250129082144596,0.0,0.0,0.0,28053.044745613322,8.75304064367908,,cwc_level,-0.03605387686386585
2022-07-30,Ranjit Sagar,1.263,-0.4158108023245214,0.0,0.0,0.0,35103.27083499411,25.24769106691665,,cwc,-0.022692437120183317
2022-07-31,Ranjit Sagar,1.318,-0.4004976143687918,0.0,0.0,0.0,42462.3006230662,27.20097305963648,,cwc,-0.017300669236457233
2022-08-01,Ranjit Sagar,1.416,-0.3771961779900331,0.0,0.0,0.0,26951.09367921796,0.0027699529587337,,cwc,-0.04229624691799461
2022-08-02,Ranjit Sagar,1.4668333333333334,-0.3583019597684565,0.0,0.0,0.0,19767.662321693104,0.1239776230245942,,cwc_level,-0.03307891984209399
2022-08-03,Ranjit Sagar,1.477,-0.3465180265531554,0.0,0.0,0.0,19235.36446752372,3.854827825909039,,cwc,-0.009987060667876024
2022-08-04,Ranjit Sagar,1.4995,-0.33212190573626643,0.0,0.0,0.0,27294.034179077076,21.289918202229,,cwc_level,-0.02362270091416807
2022-08-05,Ranjit Sagar,1.507,-0.3366276467224412,0.0,0.0,0.0,24730.8092709533,9.502830890876352,,cwc,0.01109344333177309
2022-08-06,Ranjit Sagar,1.568,-0.30972460297248805,0.0,0.0,0.0,24275.80910283675,14.178286762567454,,cwc,-0.048677680046184335
2022-08-07,Ranjit Sagar,1.5958999999999999,-0.29476083584922236,0.0,0.0,0.0,26902.072220359834,15.081642481753962,,cwc_level,-0.01669087233071842
2022-08-08,Ranjit Sagar,1.629,-0.28771815066039047,0.0,0.0,0.0,23831.383264182332,6.23128353391196,,cwc,-0.015465521211210032
2022-08-09,Ranjit Sagar,1.69,-0.26830630496577057,0.0,0.0,0.0,19911.692397539307,1.6151213131382305,,cwc,-0.050878193719380516
2022-08-10,Ranjit Sagar,1.6905319864601795,-0.25650589716243866,0.0,0.0,0.0,25573.102718069316,18.559191935403387,,model,
2022-08-11,Ranjit Sagar,1.7049150409638854,-0.243568560884019,0.0,0.0,0.0,27208.508299470603,14.817353386520018,,model,
2022-08-12,Ranjit Sagar,1.76,-0.2227836375758498,0.0,0.0,0.0,20120.37036465184,0.0,,cwc,-0.036700761229898404
2022-08-13,Ranjit Sagar,1.8,-0.20314419923743252,0.0,0.0,0.0,17496.55590926637,0.0,,cwc,-0.038957467128588164
2022-08-14,Ranjit Sagar,1.8,-0.19720768962062202,0.0,0.0,0.0,30999.913025014404,36.663832614668365,,cwc,-0.005376827411191609
2022-08-15,Ranjit Sagar,1.8,-0.19626039444317545,0.0,0.0,0.0,32089.174442040494,14.51106132878292,,cwc,0.027660155891009897
2022-08-16,Ranjit Sagar,1.919,-0.15288838618596118,0.0,0.0,0.0,24606.872387043382,5.513362478225883,,cwc,-0.08867488376338417
2022-08-17,Ranjit Sagar,1.994,-0.12631343608078727,0.0,0.0,0.0,22587.01950460156,6.069544439147227,,cwc_level,-0.06298090099554954
2022-08-18,Ranjit Sagar,1.999,-0.1294342003364697,0.0,0.0,0.0,23184.170406648445,9.359310734624756,,cwc,0.002077376336661718
2022-08-19,Ranjit Sagar,1.999,-0.1292487646190966,0.0,0.0,0.0,31907.491742530237,23.0785583768491,,cwc,0.008538351130612298
2022-08-20,Ranjit Sagar,1.999,-0.1402237927097771,0.0,0.0,0.0,25003.346793419463,7.091256830843516,,cwc,0.029880615786944897
2022-08-21,Ranjit Sagar,1.999,-0.1470518657414371,0.0,0.0,0.0,19412.543940250365,0.6788332983291456,,cwc,0.012989103591526163
2022-08-22,Ranjit Sagar,1.999,-0.1491812931610726,0.0,0.0,0.0,17553.424103173926,0.2938452557580566,,cwc,-0.0006892179490218808
2022-08-23,Ranjit Sagar,1.999,-0.15018748254859485,0.0,0.0,0.0,23361.831514360165,16.675009351161584,,cwc,-0.0052376950786579
2022-08-24,Ranjit Sagar,1.999,-0.15555788406346333,0.0,0.0,0.0,21392.604560174885,5.256463889912502,,cwc,0.008973012452134999
2022-08-25,Ranjit Sagar,1.959,-0.17549445903991495,0.0,0.0,0.0,18461.548721690186,2.3739172417418795,,cwc,0.04415514994238956
2022-08-26,Ranjit Sagar,1.959,-0.17695201124306484,0.0,0.0,0.0,17372.39525949264,0.8779685524415987,,cwc,-0.0030158995946849565
2022-08-27,Ranjit Sagar,1.959,-0.1770489731448761,0.0,0.0,0.0,16589.420384325713,0.5813382576644924,,cwc,-0.005680595820647394
2022-08-28,Ranjit Sagar,1.959,-0.1770563085836044,0.0,0.0,0.0,18216.590373634215,5.75124566923148,,cwc,-0.007596203003009894
2022-08-29,Ranjit Sagar,1.959,-0.17652696908097962,0.0,0.0,0.0,18641.276583792027,6.374569782933767,,cwc,-0.0036152086987168985
2022-08-30,Ranjit Sagar,1.959,-0.17200470902473033,0.0,0.0,0.0,17065.10610196435,0.1961560464083401,,cwc,-0.0025761818024130356
2022-08-31,Ranjit Sagar,1.959,-0.1680783015256284,0.0,0.0,0.0,17279.49859899132,2.9193494964881133,,cwc,-0.006432401958868628
2022-09-01,Ranjit Sagar,1.959,-0.1664329052774442,0.0,0.0,0.0,16582.3924924585,0.1977539802749572,,cwc,-0.0059078745184932835
2022-09-02,Ranjit Sagar,1.959,-0.16570337331627058,0.0,0.0,0.0,18723.736697568464,8.484249128873898,,cwc,-0.007613397271388989
2022-09-03,Ranjit Sagar,1.959,-0.1682328252863146,0.0,0.0,0.0,22973.935590023764,18.41907704685181,,cwc,-0.002374436904564181
2022-09-04,Ranjit Sagar,1.959,-0.17532684886929628,0.0,0.0,0.0,20826.894367460347,4.638935143326952,,cwc,0.008023995769435466
2022-09-05,Ranjit Sagar,1.959,-0.17983410952473952,0.0,0.0,0.0,18855.909682131867,2.316799844567451,,cwc,0.002771097219026686
2022-09-06,Ranjit Sagar,1.959,-0.18181556424999212,0.0,0.0,0.0,17281.33797162105,0.1867759249899757,,cwc,-0.002051065712749267
2022-09-07,Ranjit Sagar,1.88,-0.2160837742879274,0.0,0.0,0.0,16300.334964247646,0.0,,cwc,0.07309662564560204
2022-09-08,Ranjit Sagar,1.88,-0.21609441823268372,0.0,0.0,0.0,16177.337255358796,0.2879542625246823,,cwc,-0.008303472322347627
2022-09-09,Ranjit Sagar,1.88,-0.216158524252191,0.0,0.0,0.0,16508.605894586282,1.7863792007351205,,cwc,-0.00860439550907377
2022-09-10,Ranjit Sagar,1.88,-0.21596225882995895,0.0,0.0,0.0,16957.529767216853,3.0503590265895704,,cwc,-0.0077939217573324004
2022-09-11,Ranjit Sagar,1.88,-0.21518457691742884,0.0,0.0,0.0,16739.893693993818,1.4408550995055518,,cwc,-0.006695595588741554
2022-09-12,Ranjit Sagar,1.88,-0.21494928911667197,0.0,0.0,0.0,16290.137279343053,0.0,,cwc,-0.007228058683318217
2022-09-13,Ranjit Sagar,1.88,-0.21457493761662,0.0,0.0,0.0,16115.918955810086,0.0,,cwc,-0.008328421728856394
2022-09-14,Ranjit Sagar,1.88,-0.21440441311354855,0.0,0.0,0.0,16696.642659095327,2.548401554147207,,cwc,-0.008754660018798655
2022-09-15,Ranjit Sagar,1.88,-0.2145918607759482,0.0,0.0,0.0,17702.606454624685,5.4366681381682245,,cwc,-0.007333875607620444
2022-09-16,Ranjit Sagar,1.841,-0.22874288379075586,0.0,0.0,0.0,16965.316778099103,1.0516299987157591,,cwc,0.03412729081422894
2022-09-17,Ranjit Sagar,1.841,-0.22417997164781875,0.0,0.0,0.0,16648.793654257897,1.034828341248113,,cwc,-0.00667654407834406
2022-09-18,Ranjit Sagar,1.841,-0.22113760995432596,0.0,0.0,0.0,16279.29401934598,0.0,,cwc,-0.007450941812734646
2022-09-19,Ranjit Sagar,1.841,-0.21834394695036366,0.0,0.0,0.0,16517.053959509,1.6350577105247082,,cwc,-0.008354950583599363
2022-09-20,Ranjit Sagar,1.841,-0.20544869367328272,0.0,0.0,0.0,20085.529828439034,14.135696702131014,,cwc,-0.007773252928285457
2022-09-21,Ranjit Sagar,1.841,-0.18303564783177867,0.0,0.0,0.0,21336.92348466633,11.195616741840848,,cwc,0.0009572928675198877
2022-09-22,Ranjit Sagar,1.841,-0.17608534943864698,0.0,0.0,0.0,19563.600770073936,3.480713410495916,,cwc,0.004018921984700441
2022-09-23,Ranjit Sagar,1.841,-0.17521805058032763,0.0,0.0,0.0,18955.829429503847,3.869852426803965,,cwc,-0.0003196460031875681
2022-09-24,Ranjit Sagar,1.841,-0.17568722505523582,0.0,0.0,0.0,28871.658638064913,29.892441081983808,,cwc,-0.0018066045023117372
2022-09-25,Ranjit Sagar,1.841,-0.1884781418755136,0.0,0.0,0.0,41558.88246946732,36.3338546333334,,cwc,0.02245322075319245
2022-09-26,Ranjit Sagar,1.9377333333333333,-0.17372238720133212,0.0,0.0,0.0,27995.82247641861,0.7331657844974476,,cwc_level,-0.043239861013327996
2022-09-27,Ranjit Sagar,1.959,-0.17712619918564956,0.0,0.0,0.0,20394.537107845823,0.0,,cwc,-0.0009562452484654926
2022-09-28,Ranjit Sagar,1.999,-0.1645729444106252,0.0,0.0,0.0,18506.325644024735,1.231832017270818,,cwc,-0.038286697479287035
2022-09-29,Ranjit Sagar,1.999,-0.1671661285059932,0.0,0.0,0.0,16617.015988145908,0.5831396834182537,,cwc,-0.0029063494714964833
2022-09-30,Ranjit Sagar,2.039,-0.15073971120454935,0.0,0.0,0.0,16157.72758172328,0.0,,cwc,-0.047528688273538844
2023-06-01,Ranjit Sagar,1.233,-0.48366810616233963,0.0,0.0,0.0,22381.149019153905,3.271498983506964,,cwc,
2023-06-02,Ranjit Sagar,1.233,-0.489897633516818,0.0,0.0,0.0,18291.902272240714,0.0642759841637802,,cwc,0.0065736986414153264
2023-06-03,Ranjit Sagar,1.233,-0.49212487389938553,0.0,0.0,0.0,17079.515504437863,0.0130226123718362,,cwc,-0.0034309524492974752
2023-06-04,Ranjit Sagar,1.233,-0.4931686087738627,0.0,0.0,0.0,16113.515622388817,0.0,,cwc,-0.006397148267150765
2023-06-05,Ranjit Sagar,1.233,-0.49264955119217735,0.0,0.0,0.0,16903.339674731138,2.5810794315214025,,cwc,-0.00876053995557502
2023-06-06,Ranjit Sagar,1.233,-0.49277710609363967,0.0,0.0,0.0,16412.801895982622,0.5904766229275143,,cwc,-0.006828175743827991
2023-06-07,Ranjit Sagar,1.233,-0.4928674352705767,0.0,0.0,0.0,16158.041551595314,0.0826332085186284,,cwc,-0.008028313477481896
2023-06-08,Ranjit Sagar,1.192,-0.5103830588642266,0.0,0.0,0.0,16079.540437154228,0.0001804731973217,,cwc,0.03234839609396456
2023-06-09,Ranjit Sagar,1.192,-0.50960664545961,0.0,0.0,0.0,16610.81110696278,2.416253856307494,,cwc,-0.008843662812925368
2023-06-10,Ranjit Sagar,1.192,-0.5084131317554139,0.0,0.0,0.0,16781.13266192434,2.079243855031,,cwc,-0.007543868984104529
2023-06-11,Ranjit Sagar,1.172,-0.516916003081437,0.0,0.0,0.0,16326.25987559598,0.1569486674107297,,cwc,0.012872835567144358
2023-06-12,Ranjit Sagar,1.192,-0.5083861158009746,0.0,0.0,0.0,16134.89830403926,0.0,,cwc,-0.028240045068222308
2023-06-13,Ranjit Sagar,1.192,-0.5083746786861636,0.0,0.0,0.0,16823.40180032872,3.051385580656193,,cwc,-0.008708225609550757
2023-06-14,Ranjit Sagar,1.192,-0.5069122621155647,0.0,0.0,0.0,17754.285351085546,5.345515830704354,,cwc,-0.007023749792504086
2023-06-15,Ranjit Sagar,1.233,-0.49027401955623773,0.0,0.0,0.0,16809.4455468168,0.398884584209082,,cwc,-0.04574627286146904
2023-06-16,Ranjit Sagar,1.233,-0.49080458562693224,0.0,0.0,0.0,16323.830269607792,0.0756627644993007,,cwc,-0.0070578948210537895
2023-06-17,Ranjit Sagar,1.233,-0.49082221164623857,0.0,0.0,0.0,16145.855904414813,0.0,,cwc,-0.008245989282818389
2023-06-18,Ranjit Sagar,1.233,-0.49034850138152547,0.0,0.0,0.0,18224.504843200368,8.091980645584407,,cwc,-0.008681417012434078
2023-06-19,Ranjit Sagar,1.233,-0.4896822620464966,0.0,0.0,0.0,16936.832791904944,0.0,,cwc,-0.0035958453510203103
2023-06-20,Ranjit Sagar,1.233,-0.4862677264732575,0.0,0.0,0.0,16301.124080115853,0.0608883010456172,,cwc,-0.006746232302406341
2023-06-21,Ranjit Sagar,1.233,-0.47583236488145725,0.0,0.0,0.0,16306.943241807181,0.4218228753792262,,cwc,-0.008301541690761916
2023-06-22,Ranjit Sagar,1.192,-0.48332339925268464,0.0,0.0,0.0,16599.705311398262,2.039386709301842,,cwc,0.032712695327927754
2023-06-23,Ranjit Sagar,1.192,-0.4761234384853361,0.0,0.0,0.0,18862.81131370721,9.311353270207997,,cwc,-0.007571040151946429
2023-06-24,Ranjit Sagar,1.192,-0.47451504916409826,0.0,0.0,0.0,20208.209961612203,10.712817272044768,,cwc,-0.002034180349712811
2023-06-25,Ranjit Sagar,1.192,-0.4758772184870703,0.0,0.0,0.0,26298.970913696096,24.9634759943729,,cwc,0.0012574390812660763
2023-06-26,Ranjit Sagar,1.233,-0.46807565616774643,0.0,0.0,0.0,25888.096571198796,9.8818303546203,,cwc,-0.02484105411958204
2023-06-27,Ranjit Sagar,1.233,-0.478150385034621,0.0,0.0,0.0,23497.799289885785,7.046086029199995,,cwc,0.015153710761770744
2023-06-28,Ranjit Sagar,1.233,-0.4854138614281567,0.0,0.0,0.0,20403.76702866175,2.272278197847532,,cwc,0.009305667886718494
2023-06-29,Ranjit Sagar,1.233,-0.48756792280001776,0.0,0.0,0.0,18903.151183085858,3.297484405649864,,cwc,0.0017358842192687352
2023-06-30,Ranjit Sagar,1.233,-0.4862553964230556,0.0,0.0,0.0,17015.326284439296,0.0553453249871797,,cwc,-0.0019354858117803797
2023-07-01,Ranjit Sagar,1.233,-0.4768529000365303,0.0,0.0,0.0,16235.762513123927,0.0591602536903055,,cwc,-0.006554192043087159
2023-07-02,Ranjit Sagar,1.233,-0.4687764007946896,0.0,0.0,0.0,16538.85265223816,1.5416574853566312,,cwc,-0.008461453702183208
2023-07-03,Ranjit Sagar,1.233,-0.4638070647150236,0.0,0.0,0.0,18340.01720298045,8.191318036219124,,cwc,-0.007719920779729161
2023-07-04,Ranjit Sagar,1.192,-0.4263452930327041,0.0,0.0,0.0,20160.64835426333,10.778940770129408,,cwc,0.03768676436362628
2023-07-05,Ranjit Sagar,1.233,-0.28090280853081545,0.0,0.0,0.0,26023.611996324602,25.119512500354247,,cwc,-0.039858923984180894
2023-07-06,Ranjit Sagar,1.233,-0.21046609518244339,0.0,0.0,0.0,23973.645063825203,6.010489287172092,,cwc,0.015485259486928138
2023-07-07,Ranjit Sagar,1.294,-0.1584618717637015,0.0,0.0,0.0,21299.843495921392,4.664114930159637,,cwc,-0.05053013947930851
2023-07-08,Ranjit Sagar,1.318,-0.13682661311661484,0.0,0.0,0.0,70989.27753655548,108.03242112997864,,cwc,-0.020071797008992087
2023-07-09,Ranjit Sagar,1.386,-0.15321075652741095,0.0,0.0,0.0,142747.16901906923,89.81705412145881,,cwc,0.05749715718698356
2023-07-10,Ranjit Sagar,1.721,-0.13040439488728878,0.0,0.0,0.0,93507.18363136642,9.18849630482006,,cwc,-0.03394174031175412
2023-07-11,Ranjit Sagar,1.88,-0.12679105471742413,0.0,0.0,0.0,48864.721819793835,1.7584227668130694,,cwc,0.021588915575512235
2023-07-12,Ranjit Sagar,1.919,-0.1264330969592812,0.0,0.0,0.0,32218.38893686304,3.5917740101217834,,cwc,0.032367760214222274
2023-07-13,Ranjit Sagar,1.959,-0.10383787921446405,0.0,0.0,0.0,27498.10786942874,6.99132450384177,,cwc,-0.009358750740220856
2023-07-14,Ranjit Sagar,1.959,-0.08669241949570326,0.0,0.0,0.0,27671.266773671745,12.197465279905504,,cwc,0.01909272503207715
2023-07-15,Ranjit Sagar,1.959,-0.07920842631741688,0.0,0.0,0.0,31980.233884931753,35.05632351399569,,cwc,0.019516371372692465
2023-07-16,Ranjit Sagar,1.959,-0.0744177285243575,0.0,0.0,0.0,33267.0236067378,18.00206345553667,,cwc,0.030058584933675192
2023-07-17,Ranjit Sagar,1.999,-0.05283158208766645,0.0,0.0,0.0,37516.89296934063,24.1034367214993,,cwc,-0.0067931868006905205
2023-07-18,Ranjit Sagar,1.999,-0.05788591115046595,0.0,0.0,0.0,43924.72410610837,26.228801334945544,,cwc,0.04360443965363059
2023-07-19,Ranjit Sagar,1.999,-0.07966540019811559,0.0,0.0,0.0,34841.484771566524,9.52680315804188,,cwc,0.05928168261285238
2023-07-20,Ranjit Sagar,2.078,-0.04757016456904438,0.0,0.0,0.0,36570.07606142269,17.914676292226346,,cwc,-0.04194114861740417
2023-07-21,Ranjit Sagar,2.078,-0.05754248360135501,0.0,0.0,0.0,37598.76282766037,21.34658672862664,,cwc,0.04128798056060612
2023-07-22,Ranjit Sagar,2.078,-0.06595803930716967,0.0,0.0,0.0,32674.472572898496,12.547503789062125,,cwc,0.04380474044691329
2023-07-23,Ranjit Sagar,2.078,-0.0722979714340989,0.0,0.0,0.0,23058.365648234038,1.8085301712813768,,cwc,0.03175709233042845
2023-07-24,Ranjit Sagar,2.078,-0.07029972811466942,0.0,0.0,0.0,33301.0591377399,28.680710217669027,,cwc,0.008230560285162003
2023-07-25,Ranjit Sagar,2.039,-0.09915553048976292,0.0,0.0,0.0,27015.85818563956,5.395160755045468,,cwc,0.07229008369713874
2023-07-26,Ranjit Sagar,2.039,-0.10871296352972866,0.0,0.0,0.0,29536.039152391753,18.28926596903178,,cwc,0.017912864748870216
2023-07-27,Ranjit Sagar,2.039,-0.12134108923485436,0.0,0.0,0.0,26600.34952668427,9.212164063203495,,cwc,0.024078677872483745
2023-07-28,Ranjit Sagar,2.039,-0.1308673143552086,0.0,0.0,0.0,24972.830275849716,10.569120749690835,,cwc,0.01689629142490645
2023-07-29,Ranjit Sagar,2.039,-0.1370834007783139,0.0,0.0,0.0,21595.718250424045,2.9493734751362566,,cwc,0.012914442625904687
2023-07-30,Ranjit Sagar,1.999,-0.15631147624374167,0.0,0.0,0.0,17859.13172099468,0.8280382021356463,,cwc,0.04465208292991951
2023-07-31,Ranjit Sagar,1.9704285714285714,-0.1655399429471814,0.0,0.0,0.0,17437.36240943636,1.7507738037508385,,cwc_level,0.024081670274618938
2023-08-01,Ranjit Sagar,1.999,-0.1522965308460768,0.0,0.0,0.0,17473.522553065723,3.169157407416388,,cwc,-0.03409307735176004
2023-08-02,Ranjit Sagar,1.999,-0.1495558960096412,0.0,0.0,0.0,19017.360557259646,7.839347629390543,,cwc,-0.005433180257203851
2023-08-03,Ranjit Sagar,1.999,-0.14927780300449084,0.0,0.0,0.0,19523.18511316291,7.774145896363875,,cwc,-0.0016560639498544028
2023-08-04,Ranjit Sagar,1.959,-0.1680021882478114,0.0,0.0,0.0,20695.709823474328,9.829550240301646,,cwc,0.03958147403895662
2023-08-05,Ranjit Sagar,1.959,-0.16994469590015196,0.0,0.0,0.0,18447.39841590929,1.0322695535117878,,cwc,0.0024501443217563867
2023-08-06,Ranjit Sagar,1.959,-0.16587787634478807,0.0,0.0,0.0,20099.253063735116,8.717092062008982,,cwc,-0.0030505193867709224
2023-08-07,Ranjit Sagar,1.959,-0.1609089955873467,0.0,0.0,0.0,19283.794187424246,3.911306687978216,,cwc,0.0009908677994010517
2023-08-08,Ranjit Sagar,1.959,-0.15537796102984844,0.0,0.0,0.0,17933.224395448437,2.370804498826128,,cwc,-0.0010042139457819843
2023-08-09,Ranjit Sagar,1.959,-0.12928421261854342,0.0,0.0,0.0,18834.64407981878,5.854570871479586,,cwc,-0.004308484971386584
2023-08-10,Ranjit Sagar,1.959,-0.10367792376066666,0.0,0.0,0.0,22343.711797736512,16.05200037905706,,cwc,-0.0021030936153301205
2023-08-11,Ranjit Sagar,1.959,-0.09824815598726287,0.0,0.0,0.0,24859.807675111308,14.694050256815986,,cwc,0.006482105651002268
2023-08-12,Ranjit Sagar,1.959,-0.1009365908216153,0.0,0.0,0.0,24582.933642309865,11.540958804763852,,cwc,0.012637924294843561
2023-08-13,Ranjit Sagar,1.959,-0.10777071455347358,0.0,0.0,0.0,42932.961839639654,49.79190119857978,,cwc,0.011960531056994128
2023-08-14,Ranjit Sagar,1.959,-0.1350744603930996,0.0,0.0,0.0,43367.35928334608,17.564924754717886,,cwc,0.05685526130471219
2023-08-15,Ranjit Sagar,1.959,-0.16307972935322257,0.0,0.0,0.0,27545.830197069896,1.206988399208659,,cwc,0.05791804746753337
2023-08-16,Ranjit Sagar,1.959,-0.1742357253269357,0.0,0.0,0.0,22284.088620293165,2.272352313163991,,cwc,0.01920948131186062
2023-08-17,Ranjit Sagar,1.959,-0.17728810649366977,0.0,0.0,0.0,18035.338553075668,0.7493609438886083,,cwc,0.006336233043121364
2023-08-18,Ranjit Sagar,1.959,-0.1737488805792357,0.0,0.0,0.0,16773.95752664296,0.6800325861911246,,cwc,-0.004058654970481523
2023-08-19,Ranjit Sagar,1.841,-0.21570361235463445,0.0,0.0,0.0,16536.24402840987,1.0399145761380266,,cwc,0.11085528105662878
2023-08-20,Ranjit Sagar,1.841,-0.2090532602640087,0.0,0.0,0.0,16857.562422155184,2.7484033846175264,,cwc,-0.007726302974994992
2023-08-21,Ranjit Sagar,1.841,-0.20667033504070387,0.0,0.0,0.0,19359.682109387817,11.313315392955651,,cwc,-0.006940173250522763
2023-08-22,Ranjit Sagar,1.76,-0.24345113346553865,0.0,0.0,0.0,21426.178275367016,12.6873110455622,,cwc,0.08018145158829681
2023-08-23,Ranjit Sagar,1.76,-0.24770022232137484,0.0,0.0,0.0,24808.906111913715,17.482110146065093,,cwc,0.004237290572951968
2023-08-24,Ranjit Sagar,1.76,-0.256405505811765,0.0,0.0,0.0,22907.772317731597,6.144258141185803,,cwc,0.012513389775094197
2023-08-25,Ranjit Sagar,1.76,-0.2634959334960772,0.0,0.0,0.0,19140.58071422823,0.96142412835727,,cwc,0.00786212232543182
2023-08-26,Ranjit Sagar,1.76,-0.26671002983306474,0.0,0.0,0.0,17228.461793179198,0.0,,cwc,-0.0013545965270962412
2023-08-27,Ranjit Sagar,1.76,-0.26750033876309126,0.0,0.0,0.0,17355.237446991396,2.68890546224391,,cwc,-0.006032739919515917
2023-08-28,Ranjit Sagar,1.76,-0.26812901158970914,0.0,0.0,0.0,16468.601828811185,0.179876068387654,,cwc,-0.005722573705128076
2023-08-29,Ranjit Sagar,1.76,-0.26804992507450054,0.0,0.0,0.0,16114.619119472321,0.0,,cwc,-0.007891794726380352
2023-08-30,Ranjit Sagar,1.76,-0.2679408874427555,0.0,0.0,0.0,16061.239131007695,0.0,,cwc,-0.008757840166595976
2023-08-31,Ranjit Sagar,1.751111561659005,-0.2686029620025425,0.0,0.0,0.0,16471.287490774157,1.912933017510739,,model,
2023-09-01,Ranjit Sagar,1.72,-0.28086521720329527,0.0,0.0,0.0,16752.92246502679,2.2210755372437005,,cwc,0.02322633760750681
2023-09-02,Ranjit Sagar,1.76,-0.26410905182111005,0.0,0.0,0.0,16544.37254923152,1.0512979070891544,,cwc,-0.047196182810720355
2023-09-03,Ranjit Sagar,1.76,-0.2643743013102305,0.0,0.0,0.0,16219.08522078492,0.0,,cwc,-0.007706415934731314
2023-09-04,Ranjit Sagar,1.721,-0.28032938045273165,0.0,0.0,0.0,19059.93483292547,11.608366751379146,,cwc,0.03049774404221428
2023-09-05,Ranjit Sagar,1.69,-0.2963059661890555,0.0,0.0,0.0,17439.512433899374,0.02666268708709,,cwc,0.02944809723185937
2023-09-06,Ranjit Sagar,1.69,-0.2976144500561902,0.0,0.0,0.0,16457.183244762684,0.0,,cwc,-0.005516388583057585
2023-09-07,Ranjit Sagar,1.66,-0.3107448294643787,0.0,0.0,0.0,16290.24395564301,0.0,,cwc,0.02208026884512182
2023-09-08,Ranjit Sagar,1.629,-0.3236816386582226,0.0,0.0,0.0,16873.589633244494,3.055055735341873,,cwc,0.022671839262770277
2023-09-09,Ranjit Sagar,1.599,-0.33707375155648217,0.0,0.0,0.0,16423.95779241414,0.2271839397544711,,cwc,0.02309903853219164
2023-09-10,Ranjit Sagar,1.5958999999999999,-0.33402487132158626,0.0,0.0,0.0,16185.8882855898,0.2741090116421891,,cwc_level,-0.004901019734083967
2023-09-11,Ranjit Sagar,1.568,-0.34052648198389174,0.0,0.0,0.0,16139.347429633859,0.1704183100824299,,cwc,0.01931652523237859
2023-09-12,Ranjit Sagar,1.538,-0.35087116627284387,0.0,0.0,0.0,16566.597265419154,2.157421423914532,,cwc,0.021302659512328015
2023-09-13,Ranjit Sagar,1.538,-0.3434488122194792,0.0,0.0,0.0,16304.99381119787,0.2972721709989696,,cwc,-0.007652041487600014
2023-09-14,Ranjit Sagar,1.507,-0.3471705524954365,0.0,0.0,0.0,20612.08731461029,18.27343487707784,,cwc,0.02270792589867132
2023-09-15,Ranjit Sagar,1.4995,-0.35039646911452393,0.0,0.0,0.0,21360.559728124732,8.852922801254328,,cwc_level,0.009745555536512018
2023-09-16,Ranjit Sagar,1.477,-0.36320678937197126,0.0,0.0,0.0,18490.41320283727,0.8613512482861772,,cwc,0.0265767498399343
2023-09-17,Ranjit Sagar,1.477,-0.3644058646020439,0.0,0.0,0.0,23677.760430905742,17.458006514439337,,cwc,-0.002945280460975752
2023-09-18,Ranjit Sagar,1.477,-0.37190608128192304,0.0,0.0,0.0,25410.063480386987,13.447334712609544,,cwc,0.009745956413486967
2023-09-19,Ranjit Sagar,1.477,-0.38157901403546435,0.0,0.0,0.0,20586.93029248068,1.4650136940146254,,cwc,0.013984166691827449
2023-09-20,Ranjit Sagar,1.477,-0.3863236063075542,0.0,0.0,0.0,18283.8549449221,1.506920924641336,,cwc,0.0021840069813710006
2023-09-21,Ranjit Sagar,1.507,-0.37589454795654276,0.0,0.0,0.0,17341.61060632483,1.4715004397892708,,cwc,-0.033450640843522006
2023-09-22,Ranjit Sagar,1.477,-0.39009280230295096,0.0,0.0,0.0,16491.9991207259,0.3493764559616269,,cwc,0.02424408719973381
2023-09-23,Ranjit Sagar,1.477,-0.3906079889875562,0.0,0.0,0.0,16142.679762949045,0.0,,cwc,-0.007834551484149799
2023-09-24,Ranjit Sagar,1.477,-0.39075895875251254,0.0,0.0,0.0,16041.260608986824,0.0,,cwc,-0.00868918768247351
2023-09-25,Ranjit Sagar,1.477,-0.39080423376696183,0.0,0.0,0.0,16013.625752394539,0.0356136138014795,,cwc,-0.00893731730440761
2023-09-26,Ranjit Sagar,1.477,-0.39054734294109267,0.0,0.0,0.0,16000.671760618678,0.0,,cwc,-0.009004928068750973
2023-09-27,Ranjit Sagar,1.477,-0.39026361379942587,0.0,0.0,0.0,15998.412241337852,0.0,,cwc,-0.00903662098824709
2023-09-28,Ranjit Sagar,1.446,-0.4027367552331477,0.0,0.0,0.0,15998.039582227242,0.0,,cwc,0.02195785092713587
2023-09-29,Ranjit Sagar,1.446,-0.40242260137528724,0.0,0.0,0.0,15997.88380255134,0.0024023363938594,,cwc,-0.009043060811531056
2023-09-30,Ranjit Sagar,1.446,-0.4023183729930811,0.0,0.0,0.0,16259.746129479468,1.1273312460272025,,cwc,-0.009043441938276775
2024-06-01,Ranjit Sagar,0.964,-0.6039871386581673,0.0,0.0,0.0,16379.750966890148,1.1995126555524331,,cwc,
2024-06-02,Ranjit Sagar,0.964,-0.6023442921726697,0.0,0.0,0.0,16174.265226132111,0.0,,cwc,-0.00810917507235731
2024-06-03,Ranjit Sagar,0.939,-0.6124704629886021,0.0,0.0,0.0,16162.30975425256,0.5014832046039434,,cwc,0.016388088539345036
2024-06-04,Ranjit Sagar,0.939,-0.6122427135839202,0.0,0.0,0.0,16921.55557326338,3.352137773480628,,cwc,-0.008641161425790966
2024-06-05,Ranjit Sagar,0.939,-0.6131964642925056,0.0,0.0,0.0,19806.62338605452,13.510908347996684,,cwc,-0.006783609171938987
2024-06-06,Ranjit Sagar,0.964,-0.6065014025356796,0.0,0.0,0.0,17953.719189131454,0.3879451445209548,,cwc,-0.02472507281391423
2024-06-07,Ranjit Sagar,0.964,-0.6080040134184439,0.0,0.0,0.0,16691.01019636398,0.0,,cwc,-0.004258342910350987
2024-06-08,Ranjit Sagar,0.964,-0.6085103090154066,0.0,0.0,0.0,16380.510498368321,0.0,,cwc,-0.007347655853200297
2024-06-09,Ranjit Sagar,0.964,-0.6088369435488019,0.0,0.0,0.0,16007.791980313315,0.0,,cwc,-0.008107316821216792
2024-06-10,Ranjit Sagar,0.964,-0.6087834468569122,0.0,0.0,0.0,16002.622623056644,0.0178276181176352,,cwc,-0.00901920083286345
2024-06-11,Ranjit Sagar,0.964,-0.6087825948656781,0.0,0.0,0.0,16514.107027713573,2.1986862591840177,,cwc,-0.009031848055913838
2024-06-12,Ranjit Sagar,0.9543333333333334,-0.613432691805917,0.0,0.0,0.0,16205.94163535446,0.0,,cwc_level,0.0018862038471161302
2024-06-13,Ranjit Sagar,0.939,-0.6196329117299857,0.0,0.0,0.0,16067.570500389718,0.0012710772812826,,cwc,0.0067989206008526315
2024-06-14,Ranjit Sagar,0.9210833333333334,-0.6268510652101645,0.0,0.0,0.0,16059.04576073211,0.0641045013981544,,cwc_level,0.009043718499171183
2024-06-15,Ranjit Sagar,0.915,-0.6269108805952278,0.0,0.0,0.0,16003.438893560278,0.0,,cwc,-0.002810471253740565
2024-06-16,Ranjit Sagar,0.892,-0.6351132558879641,0.0,0.0,0.0,16010.071677774302,0.0439992761441564,,cwc,0.013970149011538924
2024-06-17,Ranjit Sagar,0.892,-0.6343080837768141,0.0,0.0,0.0,16532.936578458473,2.2768694987149254,,cwc,-0.009013623380804137
2024-06-18,Ranjit Sagar,0.866,-0.6455112378619919,0.0,0.0,0.0,16475.207579466234,1.0690168260457604,,cwc,0.01826560509883557
2024-06-19,Ranjit Sagar,0.842,-0.6555754241333094,0.0,0.0,0.0,18488.20683101159,9.306372227258258,,cwc,0.0161243667416322
2024-06-20,Ranjit Sagar,0.842,-0.6573199689245045,0.0,0.0,0.0,17545.85286916459,1.3476639310868872,,cwc,-0.0029506785163289084
2024-06-21,Ranjit Sagar,0.842,-0.6586591115551703,0.0,0.0,0.0,16781.486005024195,0.8023245350636843,,cwc,-0.005256218674634772
2024-06-22,Ranjit Sagar,0.842,-0.658309249769689,0.0,0.0,0.0,16426.58663307041,0.1331802251052864,,cwc,-0.007126299952268544
2024-06-23,Ranjit Sagar,0.817,-0.6687554438018489,0.0,0.0,0.0,16642.60375113844,1.9418396256584785,,cwc,0.017005411923178726
2024-06-24,Ranjit Sagar,0.7909999999999999,-0.6784514181110043,0.0,0.0,0.0,16816.804123663693,1.930177801322428,,cwc_level,0.01853391412166394
2024-06-25,Ranjit Sagar,0.768,-0.687439128594344,0.0,0.0,0.0,16262.855361897111,0.0,,cwc,0.01596010849310958
2024-06-26,Ranjit Sagar,0.744,-0.6957190783693017,0.0,0.0,0.0,17116.679425337934,3.97389444536329,,cwc,0.015604830999084496
2024-06-27,Ranjit Sagar,0.719,-0.7046344661876977,0.0,0.0,0.0,16636.72573527494,0.6562017087716446,,cwc,0.018693776072899904
2024-06-28,Ranjit Sagar,0.719,-0.7023726674284501,0.0,0.0,0.0,17980.243304224834,6.515965855995118,,cwc,-0.00748046688820414
2024-06-29,Ranjit Sagar,0.719,-0.6997182267891078,0.0,0.0,0.0,17606.80900643472,2.5186304129595887,,cwc,-0.004193449658996151
2024-06-30,Ranjit Sagar,0.695,-0.7064493527206686,0.0,0.0,0.0,18139.681824849802,5.348394068753534,,cwc,0.018892915120161446
2024-07-01,Ranjit Sagar,0.695,-0.6917132617265178,0.0,0.0,0.0,18793.443897681143,5.735932833752631,,cwc,-0.003803371273416567
2024-07-02,Ranjit Sagar,0.695,-0.6854122477367371,0.0,0.0,0.0,18803.695932178194,5.3747786645907984,,cwc,-0.002203892973420163
2024-07-03,Ranjit Sagar,0.67,-0.6956361014480738,0.0,0.0,0.0,20523.393410477744,9.584465486318216,,cwc,0.02282118940347233
2024-07-04,Ranjit Sagar,0.719,-0.6761487091187325,0.0,0.0,0.0,20967.52305893178,8.66821064383955,,cwc,-0.04697144080037785
2024-07-05,Ranjit Sagar,0.719,-0.6802739733240455,0.0,0.0,0.0,32257.944942918035,36.16762249662144,,cwc,0.0031151559365829584
2024-07-06,Ranjit Sagar,0.744,-0.6858328017878971,0.0,0.0,0.0,24830.28049523365,0.3724385163531644,,cwc,0.005738026016872677
2024-07-07,Ranjit Sagar,0.744,-0.6945404034318279,0.0,0.0,0.0,19226.853476816654,0.6921736194558953,,cwc,0.012565683818625772
2024-07-08,Ranjit Sagar,0.744,-0.6954917265111785,0.0,0.0,0.0,19165.76013155979,3.016436292160612,,cwc,-0.00114352369590065
2024-07-09,Ranjit Sagar,0.744,-0.6977158867906458,0.0,0.0,0.0,17015.21538756379,0.9132372474366032,,cwc,-0.0012929931804018802
2024-07-10,Ranjit Sagar,0.719,-0.7090859979231441,0.0,0.0,0.0,16713.812660365704,0.8803433389380552,,cwc,0.01844553663932902
2024-07-11,Ranjit Sagar,0.7087142857142857,-0.7139981790042138,0.0,0.0,0.0,16487.755249893056,1.1654736807996184,,cwc_level,0.002993846383318788
2024-07-12,Ranjit Sagar,0.67,-0.7306444045908764,0.0,0.0,0.0,18315.41573190215,8.150456632793029,,cwc,0.030869351279537716
2024-07-13,Ranjit Sagar,0.695,-0.716840452630926,0.0,0.0,0.0,17034.850377084298,0.0740021381960537,,cwc,-0.0283734249938985
2024-07-14,Ranjit Sagar,0.67,-0.7260256994594438,0.0,0.0,0.0,16340.173696094022,0.0133336152901498,,cwc,0.018493575124526984
2024-07-15,Ranjit Sagar,0.67,-0.72550710881188,0.0,0.0,0.0,16211.707515667273,0.046869208470541,,cwc,-0.008206003855246724
2024-07-16,Ranjit Sagar,0.62,-0.7422406003688637,0.0,0.0,0.0,16363.309037142604,1.2975687518680703,,cwc,0.04147969392929107
2024-07-17,Ranjit Sagar,0.603,-0.7461886629652275,0.0,0.0,0.0,21322.256623248428,18.707274125913568,,cwc,0.00885059850440062
2024-07-18,Ranjit Sagar,0.567,-0.7507042245519152,0.0,0.0,0.0,18453.06999440491,0.0619849810071042,,cwc,0.039983038400225435
2024-07-19,Ranjit Sagar,0.526,-0.7607261571929508,0.0,0.0,0.0,16837.021823306444,0.0,,cwc,0.037963356558481154
2024-07-20,Ranjit Sagar,0.488,-0.7665268270920911,0.0,0.0,0.0,20616.515619809532,12.542958828564403,,cwc,0.031009572622642922
2024-07-21,Ranjit Sagar,0.45,-0.7785650750074935,0.0,0.0,0.0,19529.261254811125,4.29527633141293,,cwc,0.04025638971972062
2024-07-22,Ranjit Sagar,0.412,-0.7946928160865779,0.0,0.0,0.0,31710.459712682445,36.14347991592604,,cwc,0.037596339778524446
2024-07-23,Ranjit Sagar,0.374,-0.8133978772739556,0.0,0.0,0.0,25609.43592852341,4.314491561763875,,cwc,0.06739856204102912
2024-07-24,Ranjit Sagar,0.355,-0.8143392162174177,0.0,0.0,0.0,26811.465408673543,14.89482688007036,,cwc,0.033471946447894085
2024-07-25,Ranjit Sagar,0.336,-0.8245571723842698,0.0,0.0,0.0,24614.89895364689,5.666707122638811,,cwc,0.03641280237905803
2024-07-26,Ranjit Sagar,0.336,-0.8256073856069068,0.0,0.0,0.0,19609.608216090914,2.208391572472875,,cwc,0.012038736606017064
2024-07-27,Ranjit Sagar,0.316,-0.8022099100777622,0.0,0.0,0.0,29321.543730158584,22.401742844060617,,cwc,0.01979291468915073
2024-07-28,Ranjit Sagar,0.316,-0.7946351422390356,0.0,0.0,0.0,32473.520525084827,26.08182840069401,,cwc,0.023553898617815594
2024-07-29,Ranjit Sagar,0.336,-0.785955361649025,0.0,0.0,0.0,24787.86582512141,2.299245633664659,,cwc,0.011265447964419362
2024-07-30,Ranjit Sagar,0.298,-0.8019614639194629,0.0,0.0,0.0,23608.717150538465,8.82436073969977,,cwc,0.05046191312395676
2024-07-31,Ranjit Sagar,0.279,-0.8113259459146059,0.0,0.0,0.0,50200.8085477065,59.74095244273634,,cwc,0.02857703681215573
2024-08-01,Ranjit Sagar,0.298,-0.8311174543609741,0.0,0.0,0.0,36578.73055452549,1.4693114288844622,,cwc,0.0556365973294658
2024-08-02,Ranjit Sagar,0.316,-0.8422964067968883,0.0,0.0,0.0,32614.699776064135,14.932769160279353,,cwc,0.023309154431790602
2024-08-03,Ranjit Sagar,0.336,-0.8470483795137406,0.0,0.0,0.0,24984.75174551321,2.900499368599241,,cwc,0.011610853667404275
2024-08-04,Ranjit Sagar,0.374,-0.8351007375511589,0.0,0.0,0.0,22402.808834327767,6.777985696840236,,cwc,-0.02505639059794984
2024-08-05,Ranjit Sagar,0.392,-0.831486138826503,0.0,0.0,0.0,23473.12547360011,7.516896452937727,,cwc,-0.011373308984459263
2024-08-06,Ranjit Sagar,0.392,-0.8290737869038378,0.0,0.0,0.0,18511.246560334243,2.399971027761513,,cwc,0.009245301531178474
2024-08-07,Ranjit Sagar,0.412,-0.8096021340385977,0.0,0.0,0.0,19887.267710884724,7.39176375109244,,cwc,-0.02289431007799203
2024-08-08,Ranjit Sagar,0.45,-0.7913058030593046,0.0,0.0,0.0,20899.56121955829,9.845962110016956,,cwc,-0.037527770380897385
2024-08-09,Ranjit Sagar,0.469,-0.7798066868426672,0.0,0.0,0.0,18508.639039840917,1.422685053011248,,cwc,-0.01605111783765878
2024-08-10,Ranjit Sagar,0.488,-0.7584053805010595,0.0,0.0,0.0,25784.336716193906,24.29935035923579,,cwc,-0.021900689573865595
2024-08-11,Ranjit Sagar,0.488,-0.7524841944654732,0.0,0.0,0.0,28991.83620032044,18.778977090762297,,cwc,0.014899854437905868
2024-08-12,Ranjit Sagar,0.507,-0.7473040948775576,0.0,0.0,0.0,21884.58997806494,0.7110484760692861,,cwc_level,0.0037472442381302207
2024-08-13,Ranjit Sagar,0.507,-0.7494056818667421,0.0,0.0,0.0,24150.60671711882,11.856413316418717,,cwc,0.005358829434565893
2024-08-14,Ranjit Sagar,0.526,-0.7354485111808715,0.0,0.0,0.0,31246.71374243002,24.27152451779741,,cwc,-0.008097189425860685
2024-08-15,Ranjit Sagar,0.567,-0.7167303992044873,0.0,0.0,0.0,31457.270091443923,14.498610093510974,,cwc,-0.01273602750913716
2024-08-16,Ranjit Sagar,0.603,-0.7098091026415533,0.0,0.0,0.0,26188.79724311245,8.392357185964666,,cwc,-0.007220885494679807
2024-08-17,Ranjit Sagar,0.621,-0.7094143869850875,0.0,0.0,0.0,19871.11448510058,0.3309692557016548,,cwc,-0.0021106023277953634
2024-08-18,Ranjit Sagar,0.621,-0.7120461977910476,0.0,0.0,0.0,29756.649871042304,24.56520527326815,,cwc,0.0004327095319174301
2024-08-19,Ranjit Sagar,0.6456184186618198,-0.7134181128672009,0.0,0.0,0.0,32421.929638736863,18.569455324895696,,model,
2024-08-20,Ranjit Sagar,0.6767576456253271,-0.7150547474757537,0.0,0.0,0.0,23373.938721414153,3.152864196615393,,model,
2024-08-21,Ranjit Sagar,0.685760279274165,-0.7169384528671892,0.0,0.0,0.0,19209.74174968626,0.8053725032146796,,model,
2024-08-22,Ranjit Sagar,0.695,-0.7127362216209275,0.0,0.0,0.0,17349.645429957698,0.6563812810480069,,cwc,-0.010425109554874856
2024-08-23,Ranjit Sagar,0.6892637450027468,-0.7123033280844452,0.0,0.0,0.0,18379.85521168131,4.605395245619451,,model,
2024-08-24,Ranjit Sagar,0.6860479760642438,-0.713929567909394,0.0,0.0,0.0,18126.234355757166,3.9329009283960352,,model,
2024-08-25,Ranjit Sagar,0.6822117045417957,-0.7140424918102468,0.0,0.0,0.0,17889.522304854014,4.253007920490043,,model,
2024-08-26,Ranjit Sagar,0.6777962991042712,-0.7155753454795318,0.0,0.0,0.0,19459.196264390706,9.01790914905649,,model,
2024-08-27,Ranjit Sagar,0.6772212195906339,-0.7186994060812973,0.0,0.0,0.0,20108.99510916542,7.789576722372363,,model,
2024-08-28,Ranjit Sagar,0.6782359220401483,-0.7183895243571883,0.0,0.0,0.0,18136.193325882774,1.1973287758359128,,model,
2024-08-29,Ranjit Sagar,0.645,-0.7272298617822583,0.0,0.0,0.0,19586.061707235116,7.865915448576236,,cwc,0.02942401589046828
2024-08-30,Ranjit Sagar,0.6447353063764011,-0.726054102478252,0.0,0.0,0.0,18225.664157582178,2.0839929133920663,,model,
2024-08-31,Ranjit Sagar,0.6411422973755968,-0.7270176538621759,0.0,0.0,0.0,16701.170439609854,0.0,,model,
2024-09-01,Ranjit Sagar,0.6338194993250587,-0.7263509161313737,0.0,0.0,0.0,19991.140711116157,11.506302654603877,,model,
2024-09-02,Ranjit Sagar,0.6345458620863703,-0.7264827849487022,0.0,0.0,0.0,23251.16765747515,16.799918525852927,,model,
2024-09-03,Ranjit Sagar,0.643248127052474,-0.728586162502741,0.0,0.0,0.0,20820.715359228732,3.697863932834735,,model,
2024-09-04,Ranjit Sagar,0.6460041068610652,-0.7315378823836365,0.0,0.0,0.0,18771.09777777611,2.4665846778220155,,model,
2024-09-05,Ranjit Sagar,0.695,-0.7128857795899411,0.0,0.0,0.0,20333.03511172466,8.140114034856662,,cwc,-0.05125445758285241
2024-09-06,Ranjit Sagar,0.695,-0.7149684677013926,0.0,0.0,0.0,19567.911078573627,4.472594773422401,,cwc,0.001562833241000483
2024-09-07,Ranjit Sagar,0.695,-0.7176070644146454,0.0,0.0,0.0,17679.06015498126,1.2066967898230647,,cwc,-0.00030910050781851606
2024-09-08,Ranjit Sagar,0.695,-0.7183242967358462,0.0,0.0,0.0,16866.285573885612,0.9140583674855188,,cwc,-0.004930316986666794
2024-09-09,Ranjit Sagar,0.695,-0.7156774240077848,0.0,0.0,0.0,16614.87407149805,1.0765258462907774,,cwc,-0.006918831400819059
2024-09-10,Ranjit Sagar,0.695,-0.7147299718992729,0.0,0.0,0.0,18337.66613890708,7.003867255893613,,cwc,-0.007533928634430254
2024-09-11,Ranjit Sagar,0.695,-0.7163895910058564,0.0,0.0,0.0,17039.94062325,0.5170703057579634,,cwc,-0.003318987692241815
2024-09-12,Ranjit Sagar,0.67,-0.727732157238099,0.0,0.0,0.0,16991.898638978535,2.3152998813740653,,cwc,0.018506028796316798
2024-09-13,Ranjit Sagar,0.67,-0.7282784993865636,0.0,0.0,0.0,19402.18506240285,10.268760544313135,,cwc,-0.0066115095475614005
2024-09-14,Ranjit Sagar,0.646,-0.7412842140503627,0.0,0.0,0.0,17522.603140560368,0.2575366262574604,,cwc,0.023285438273756842
2024-09-15,Ranjit Sagar,0.646,-0.7418624539661203,0.0,0.0,0.0,16747.628507365684,0.6540869866181104,,cwc,-0.005313100892078593
2024-09-16,Ranjit Sagar,0.621,-0.7528959304897557,0.0,0.0,0.0,16391.2889798278,0.1490622436230378,,cwc,0.017790865121926736
2024-09-17,Ranjit Sagar,0.621,-0.7531583619406615,0.0,0.0,0.0,16468.462525047344,1.4262602011270686,,cwc,-0.008080946452059923
2024-09-18,Ranjit Sagar,0.603,-0.761261521678854,0.0,0.0,0.0,16751.379865014125,1.952039640920487,,cwc,0.01010786445643752
2024-09-19,Ranjit Sagar,0.603,-0.7620485745829351,0.0,0.0,0.0,16968.606610593488,2.877994311989756,,cwc,-0.007199956898188087
2024-09-20,Ranjit Sagar,0.583,-0.7715947834783018,0.0,0.0,0.0,16395.10762446451,0.0,,cwc,0.01333150474538558
2024-09-21,Ranjit Sagar,0.583,-0.7697099552248757,0.0,0.0,0.0,16139.860274900777,0.0,,cwc,-0.008071603849474585
2024-09-22,Ranjit Sagar,0.583,-0.7660942153484384,0.0,0.0,0.0,16062.259484176155,0.0,,cwc,-0.00869608577298342
2024-09-23,Ranjit Sagar,0.567,-0.7712458615522607,0.0,0.0,0.0,15997.325075852796,0.0,,cwc,0.007114058030114556
2024-09-24,Ranjit Sagar,0.567,-0.7703817966018939,0.0,0.0,0.0,15997.325075852796,0.0,,cwc,-0.009044808905354085
2024-09-25,Ranjit Sagar,0.567,-0.7700412259393886,0.0,0.0,0.0,18200.912245567943,9.481444791606588,,cwc,-0.009044808905354085
2024-09-26,Ranjit Sagar,0.567,-0.7723135563677909,0.0,0.0,0.0,19604.006021713634,9.344267701373836,,cwc,-0.0036535664234439436
2024-09-27,Ranjit Sagar,0.567,-0.7760678316554741,0.0,0.0,0.0,17666.355178413214,0.3355007445546881,,cwc,-0.00022079150261411495
2024-09-28,Ranjit Sagar,0.567,-0.777809900014565,0.0,0.0,0.0,16825.16309105105,0.4069466169410875,,cwc,-0.0049614006716449666
2024-09-29,Ranjit Sagar,0.545,-0.788059630493942,0.0,0.0,0.0,16323.61691440432,0.0,,cwc,0.014980559338305444
2024-09-30,Ranjit Sagar,0.545,-0.7884002011564473,0.0,0.0,0.0,16023.85193207573,0.0,,cwc,-0.008246511272441803
2025-06-01,Ranjit Sagar,1.013,-0.5828346632078101,0.0,0.0,0.0,17047.695130277963,1.9194901662000527,,cwc,
2025-06-02,Ranjit Sagar,1.013,-0.5836597577772147,0.0,0.0,0.0,17036.97772419492,2.3942754935963912,,cwc,-0.006474999216420585
2025-06-03,Ranjit Sagar,1.013,-0.584630052940365,0.0,0.0,0.0,17246.716584050224,2.7892802534325627,,cwc,-0.0065012201600551656
2025-06-04,Ranjit Sagar,0.988,-0.5965912285551453,0.0,0.0,0.0,17596.748014567136,4.071304227416517,,cwc,0.01901192180541811
2025-06-05,Ranjit Sagar,0.988,-0.5982606436783743,0.0,0.0,0.0,16754.006735353207,0.3515315811609404,,cwc,-0.005131699856505745
2025-06-06,Ranjit Sagar,0.988,-0.5990504384070001,0.0,0.0,0.0,16257.19361717193,0.0,,cwc,-0.007193530061455067
2025-06-07,Ranjit Sagar,0.988,-0.5993216790291199,0.0,0.0,0.0,16107.363322317116,0.0,,cwc,-0.008409020887105378
2025-06-08,Ranjit Sagar,0.988,-0.5988008964970163,0.0,0.0,0.0,16005.3914810625,0.0,,cwc,-0.00877559202247935
2025-06-09,Ranjit Sagar,0.964,-0.6071585198613024,0.0,0.0,0.0,15997.325075852796,0.0,,cwc,0.01497492616437246
2025-06-10,Ranjit Sagar,0.964,-0.6063485830857132,0.0,0.0,0.0,15997.325075852796,0.0,,cwc,-0.009044808905354196
2025-06-11,Ranjit Sagar,0.939,-0.6147422232478,0.0,0.0,0.0,15997.325075852796,0.0,,cwc,0.015955191094645826
2025-06-12,Ranjit Sagar,0.956,-0.6033557806260919,0.0,0.0,0.0,16606.31143674247,2.6203050367021565,,cwc,-0.0260448089053541
2025-06-13,Ranjit Sagar,0.915,-0.6184906116433038,0.0,0.0,0.0,17807.800910902606,6.379810333747207,,cwc,0.033445122232771296
2025-06-14,Ranjit Sagar,0.915,-0.6184938076903,0.0,0.0,0.0,16773.304303404228,0.0,,cwc,-0.004615343001514227
2025-06-15,Ranjit Sagar,0.915,-0.6185373763792049,0.0,0.0,0.0,18173.96232286403,6.8766444021749535,,cwc,-0.007146317103372879
2025-06-16,Ranjit Sagar,0.892,-0.6286142379701692,0.0,0.0,0.0,19957.890088003518,9.696429195320723,,cwc,0.019280498554714254
2025-06-17,Ranjit Sagar,0.892,-0.631078992355071,0.0,0.0,0.0,18864.143248110497,3.4788498985517027,,cwc,0.0006450125999299949
2025-06-18,Ranjit Sagar,0.892,-0.63249115268112,0.0,0.0,0.0,17804.738861920334,1.870433367630604,,cwc,-0.0020309216715734824
2025-06-19,Ranjit Sagar,0.866,-0.6444577590530316,0.0,0.0,0.0,16731.562282815936,0.1758015085415157,,cwc,0.021377165464326553
2025-06-20,Ranjit Sagar,0.866,-0.6405146314043654,0.0,0.0,0.0,17920.4800339772,5.12238061556467,,cwc,-0.0072484421101660645
2025-06-21,Ranjit Sagar,0.866,-0.6359148284254874,0.0,0.0,0.0,17596.473417784244,2.7066015864485395,,cwc,-0.004339665014506
2025-06-22,Ranjit Sagar,0.866,-0.6340442000582651,0.0,0.0,0.0,17511.189397868275,3.40048200797283,,cwc,-0.005132371678279735
2025-06-23,Ranjit Sagar,0.866,-0.6317196207986219,0.0,0.0,0.0,16966.945261191264,1.1749419941920087,,cwc,-0.005341025475832262
2025-06-24,Ranjit Sagar,0.866,-0.6275452708450905,0.0,0.0,0.0,20509.36968602056,14.369962278644763,,cwc,-0.006672559871434558
2025-06-25,Ranjit Sagar,0.866,-0.6229289308713719,0.0,0.0,0.0,22327.43088497641,11.676568980101283,,cwc,0.001994249098307588
2025-06-26,Ranjit Sagar,0.866,-0.6209658458559965,0.0,0.0,0.0,19388.67349954605,2.2219691626783846,,cwc,0.0064422731679840695
2025-06-27,Ranjit Sagar,0.866,-0.6201617254709203,0.0,0.0,0.0,19738.30794914988,6.078921492214247,,cwc,-0.000747618785510773
2025-06-28,Ranjit Sagar,0.842,-0.6289925618756891,0.0,0.0,0.0,20966.280703286735,8.82194290415249,,cwc,0.02410778830877147
2025-06-29,Ranjit Sagar,0.842,-0.6305223842571289,0.0,0.0,0.0,24932.16419898101,16.187778318586865,,cwc,0.0031121164196428186
2025-06-30,Ranjit Sagar,0.842,-0.6374540460182241,0.0,0.0,0.0,24208.211261618286,10.593200012423356,,cwc,0.012814949996704073
2025-07-01,Ranjit Sagar,0.842,-0.6411383722006087,0.0,0.0,0.0,20159.08019556975,2.5246324014610417,,cwc,0.011043744444024228
2025-07-02,Ranjit Sagar,0.842,-0.6427998981959083,0.0,0.0,0.0,21087.344349528663,7.850902961036524,,cwc,0.0011372393971078587
2025-07-03,Ranjit Sagar,0.817,-0.6556090550661401,0.0,0.0,0.0,19500.597917149662,3.541157135599368,,cwc,0.028408307775993347
2025-07-04,Ranjit Sagar,0.817,-0.6568720739443407,0.0,0.0,0.0,18291.120476636934,2.81414928070267,,cwc,-0.0004737872424519507
2025-07-05,Ranjit Sagar,0.817,-0.6535352112446884,0.0,0.0,0.0,20678.354770073813,10.778182394670482,,cwc,-0.0034328651713033675
2025-07-06,Ranjit Sagar,0.817,-0.6523386729483408,0.0,0.0,0.0,18567.215623855183,2.25369721446142,,cwc,0.0024076838725147764
2025-07-07,Ranjit Sagar,0.842,-0.639440618565237,0.0,0.0,0.0,19033.59059850936,5.924550996528936,,cwc,-0.027757377535874483
2025-07-08,Ranjit Sagar,0.842,-0.6398283253515991,0.0,0.0,0.0,18290.532584857563,3.0130018267527143,,cwc,-0.0016163559278296047
2025-07-09,Ranjit Sagar,0.842,-0.6407103861495462,0.0,0.0,0.0,21488.081298964822,13.643325851239595,,cwc,-0.0034343034929541494
2025-07-10,Ranjit Sagar,0.866,-0.6343678819181637,0.0,0.0,0.0,21824.72679677921,8.408248475593194,,cwc,-0.019611259003318393
2025-07-11,Ranjit Sagar,0.866,-0.6377490973213246,0.0,0.0,0.0,20706.139755389097,6.843242964750334,,cwc,0.005212369639153502
2025-07-12,Ranjit Sagar,0.8684756619381206,-0.6394475923454329,0.0,0.0,0.0,18662.13887330675,1.5805904787961027,,model,
2025-07-13,Ranjit Sagar,0.8659505213030584,-0.6404012176977947,0.0,0.0,0.0,17445.453219068157,1.4949412616504036,,model,
2025-07-14,Ranjit Sagar,0.8604486672997159,-0.6429414114031026,0.0,0.0,0.0,17755.038966282373,3.2302658705775307,,model,
2025-07-15,Ranjit Sagar,0.8557042382147583,-0.6463152614595478,0.0,0.0,0.0,18585.272809990012,6.185163143331256,,model,
2025-07-16,Ranjit Sagar,0.8529910389489027,-0.6343418382557617,0.0,0.0,0.0,18066.96751058429,3.4568685824778207,,model,
2025-07-17,Ranjit Sagar,0.8490097666123928,-0.6200363046895314,0.0,0.0,0.0,18780.607648838268,6.642544101758224,,model,
2025-07-18,Ranjit Sagar,0.8467744687864571,-0.6081295977507357,0.0,0.0,0.0,17260.558032519664,0.2511588688416177,,model,
2025-07-19,Ranjit Sagar,0.8408202547412155,-0.5990538616163967,0.0,0.0,0.0,16461.853700408934,0.1696765173625329,,model,
2025-07-20,Ranjit Sagar,0.8329119502089078,-0.5969736808345192,0.0,0.0,0.0,31165.674552142587,48.22240162832318,,model,
2025-07-21,Ranjit Sagar,0.8609776541985823,-0.5965150798246924,0.0,0.0,0.0,33400.00845591874,15.547234903807132,,model,
2025-07-22,Ranjit Sagar,0.894509824877826,-0.5982515420469962,0.0,0.0,0.0,31101.755444710187,14.49796031204919,,model,
2025-07-23,Ranjit Sagar,0.9224191459423631,-0.5960009130544521,0.0,0.0,0.0,28389.476407294238,8.851557946377477,,model,
2025-07-24,Ranjit Sagar,0.9436926714412536,-0.5878105390920071,0.0,0.0,0.0,21687.217907244136,2.222653874294568,,model,
2025-07-25,Ranjit Sagar,0.948568615193975,-0.5652741478069461,0.0,0.0,0.0,20133.624766577297,3.1066264517419744,,model,
2025-07-26,Ranjit Sagar,0.9496435759610085,-0.5459560194930133,0.0,0.0,0.0,18030.59213164632,2.37334891671613,,model,
2025-07-27,Ranjit Sagar,0.9455733085119288,-0.5143020307474553,0.0,0.0,0.0,21850.519877023205,14.001496468784095,,model,
2025-07-28,Ranjit Sagar,0.9508487828704516,-0.4632789666299777,0.0,0.0,0.0,27541.23408152804,24.76918327346323,,model,
2025-07-29,Ranjit Sagar,0.9700470194384231,-0.4392243629941489,0.0,0.0,0.0,41285.77782365411,44.64976621336435,,model,
2025-07-30,Ranjit Sagar,1.022872320610606,-0.4283651080601073,0.0,0.0,0.0,38202.444297309834,12.503164058544424,,model,
2025-07-31,Ranjit Sagar,1.0681540133784644,-0.4210446478486013,0.0,0.0,0.0,50021.10933070192,36.45813262295216,,model,
2025-08-01,Ranjit Sagar,1.1423509629980526,-0.40604355973539935,0.0,0.0,0.0,68578.11352964454,42.23371321907623,,model,
2025-08-06,Ranjit Sagar,1.5302499999999999,-0.3436810838977498,0.0,0.0,0.0,25227.371652918126,4.838622929585736,,press,
2025-08-07,Ranjit Sagar,1.5437871973343704,-0.3292257587100905,0.0,0.0,0.0,18479.66681936835,0.1007189918090634,,model,
2025-08-08,Ranjit Sagar,1.5408156250343965,-0.3212868250280215,0.0,0.0,0.0,18043.060311027595,2.302432591382758,,model,
2025-08-09,Ranjit Sagar,1.5367758619280887,-0.3147093607657468,0.0,0.0,0.0,19525.58416126994,7.310864223881087,,model,
2025-08-10,Ranjit Sagar,1.5363632054194767,-0.2976294371496266,0.0,0.0,0.0,22115.29103315681,12.087098271531309,,model,
2025-08-11,Ranjit Sagar,1.5422864624137627,-0.28370050960736215,0.0,0.0,0.0,33543.51988816051,43.35401327664651,,model,
2025-08-12,Ranjit Sagar,1.576169744653636,-0.2600805984645442,0.0,0.0,0.0,27300.335729431714,1.984175775378688,,model,
2025-08-13,Ranjit Sagar,1.5947786052044057,-0.24295604405640575,0.0,0.0,0.0,25995.94750982254,10.889550692800844,,model,
2025-08-14,Ranjit Sagar,1.6101961814351777,-0.23284738506709435,0.0,0.0,0.0,36058.0789531791,26.066560104689504,,model,
2025-08-15,Ranjit Sagar,1.6502315223913635,-0.22539947348270684,0.0,0.0,0.0,33039.19208064597,13.60569107703275,,model,
2025-08-16,Ranjit Sagar,1.6828809285504314,-0.22515550962935307,0.0,0.0,0.0,42323.86984219116,29.12420174112941,,model,
2025-08-17,Ranjit Sagar,1.7382460002691966,-0.22713725357283987,0.0,0.0,0.0,36100.838546963496,17.428059408549405,,model,
2025-08-18,Ranjit Sagar,1.7783859558018729,-0.2248959381994778,0.0,0.0,0.0,29379.09276165547,7.777745924848066,,model,
2025-08-19,Ranjit Sagar,1.8020806524728188,-0.21479565854681326,0.0,0.0,0.0,26829.900308355358,8.345049146425344,,model,
2025-08-20,Ranjit Sagar,1.8195385572266232,-0.18170858658786743,0.0,0.0,0.0,19927.986524305346,0.9174231404533174,,model,
2025-08-21,Ranjit Sagar,1.8201104084988846,-0.09999910068090224,0.0,0.0,0.0,17795.594133934967,1.2854287072958657,,model,
2025-08-22,Ranjit Sagar,1.8154652006953516,-0.006215875910802077,0.0,0.0,0.0,21841.596742235088,13.308292693907427,,model,
2025-08-23,Ranjit Sagar,1.8207188439305122,0.03698800695536249,0.08669988830336983,35437.24143777537,0.0,29371.064738512694,29.780942551449936,5.0,model,
2025-08-24,Ranjit Sagar,1.844393899436358,0.07164635778071697,0.1679390626380015,36067.59987509122,0.0,51394.10885172319,59.94230409606575,4.0,model,
2025-08-25,Ranjit Sagar,1.921949996108127,0.14663546663424148,0.34371353379066205,71214.74418886659,0.0,97977.97114099986,85.0533193246281,3.0,model,
2025-08-26,Ranjit Sagar,2.113477031074053,0.20476649573131223,0.47997266599419586,71369.96607410423,0.0,109545.50435969727,40.39642961776951,2.0,model,
2025-08-27,Ranjit Sagar,2.277,0.2121216069642684,0.49721304672424527,71526.75585717279,14007.293378142014,61086.76061130797,2.767294066858269,1.0,press,0.05630490993516757
2025-08-28,Ranjit Sagar,2.344,0.23289292880447524,0.5459010251176908,71685.12937542377,33205.25886986587,52899.51001113673,15.897032513907112,1.0,model,
2025-08-29,Ranjit Sagar,2.344,0.2476801671649611,0.5805623118346688,71845.10262618227,71845.10262618227,91539.35376745318,53.81680517472766,1.0,model,
2025-08-30,Ranjit Sagar,2.344,0.20413592430400554,0.47849460656858955,55693.81761026677,55693.81761026677,75388.0687515378,28.156611287102947,1.0,model,
2025-08-31,Ranjit Sagar,2.344,0.1566129414617394,0.3671007347863169,47054.17817201441,30060.5026478836,49754.75378915457,18.59412667242381,1.0,model,
2025-09-01,Ranjit Sagar,2.344,0.1282511090478224,0.3006205996080964,47212.5516902654,33907.753219664584,53602.00436093546,32.17191771467501,1.0,model,
2025-09-02,Ranjit Sagar,2.344,0.09620726955146357,0.22550983982863082,47372.52494102389,47372.52494102389,67066.77608229489,37.82883071426291,1.0,model,
2025-09-03,Ranjit Sagar,2.344,0.04618382260709979,0.11115159831468802,30126.50315281735,30126.50315281735,49820.75429408823,12.391615606784008,1.0,model,
2025-09-04,Ranjit Sagar,2.344,0.012533333060718166,0.038607289897216734,10163.291489813533,10163.291489813533,29857.54263108455,4.082715811350448,1.0,model,
2025-09-05,Ranjit Sagar,2.344,-0.0011735869152563146,0.014520888896017325,3047.4159780540526,2887.773279615116,22582.02442088607,2.652121075457276,1.0,model,
2025-09-06,Ranjit Sagar,2.344,-0.0065067145173014745,0.00784712005226984,3207.3892288127254,3207.3892288127254,22901.64037008359,8.026721567067286,1.0,model,
2025-09-07,Ranjit Sagar,2.344,-0.01278253702583083,0.0,0.0,0.0,19140.620746148634,2.047186516708915,,model,
2025-09-08,Ranjit Sagar,2.342645501414021,-0.015241703018104768,0.0,0.0,0.0,17581.10093851386,2.2256423981944566,,model,
2025-09-09,Ranjit Sagar,2.337475519803884,-0.012848109217938539,0.0,0.0,0.0,16725.301330733786,0.4404315089753376,,model,
2025-09-10,Ranjit Sagar,2.330211759801462,-0.008158092615829496,0.0,0.0,0.0,17472.494440527444,4.212393099081594,,model,
2025-09-11,Ranjit Sagar,2.3247760641892636,-0.004000992207495771,0.0,0.0,0.0,16888.939071422883,0.9719277215907384,,model,
2025-09-12,Ranjit Sagar,2.3179126562815404,-0.0037593203782008444,0.0,0.0,0.0,17338.18856377262,3.8483926193533073,,model,
2025-09-13,Ranjit Sagar,2.3121483711956503,-0.002042817964674638,0.0,0.0,0.0,21987.490717623903,18.88824199188768,,model,
2025-09-14,Ranjit Sagar,2.31775895506324,-0.0014702590621505976,0.0,0.0,0.0,24187.633303675248,14.519879034889833,,model,
2025-09-15,Ranjit Sagar,2.3287523539785835,-0.002318610230960915,0.0,0.0,0.0,23677.060245556575,9.401157077667962,,model,
2025-09-16,Ranjit Sagar,2.338496597335718,-0.00508264941293042,0.0,0.0,0.0,19925.790596039868,1.46093514349258,,model,
2025-09-17,Ranjit Sagar,2.339063076103585,-0.008638800870152993,3.724918515901621e-05,15.225029624278658,0.0,21338.7871804812,8.65205274593873,2.0,model,
