date,dam,hei,forced_release_bcm,peak_release_cusecs,release_day1_cusecs,inflow_day1_cusecs,rain_day1_mm,day_of_exhaustion,storage_basis
2015-06-01,Pong,-0.638728599073056,0.0,0.0,0.0,40618.83843871767,0.6982261726387717,,cwc
2015-06-02,Pong,-0.6360005887313815,0.0,0.0,0.0,41688.569441768974,3.3699512981135737,,cwc
2015-06-03,Pong,-0.6333841238340975,0.0,0.0,0.0,43252.9732596491,3.023569066422558,,cwc
2015-06-04,Pong,-0.6332205230984274,0.0,0.0,0.0,45244.70667830911,6.961556938965655,,cwc
2015-06-05,Pong,-0.6352253044661165,0.0,0.0,0.0,47101.22514243467,3.766187327249585,,cwc
2015-06-06,Pong,-0.6347906617716382,0.0,0.0,0.0,45992.210087759035,4.474225777828687,,cwc
2015-06-07,Pong,-0.6328892961104714,0.0,0.0,0.0,46781.228197083605,4.313475975721081,,cwc
2015-06-08,Pong,-0.6344742062719824,0.0,0.0,0.0,44089.77134391271,0.0,,cwc
2015-06-09,Pong,-0.6349277534203374,0.0,0.0,0.0,41053.771761332355,0.1854237625407301,,cwc
2015-06-10,Pong,-0.6344247065810987,0.0,0.0,0.0,47128.24048231362,13.9730948471258,,cwc
2015-06-11,Pong,-0.6363397620992689,0.0,0.0,0.0,50139.52055780132,0.0,,cwc
2015-06-12,Pong,-0.63983184778068,0.0,0.0,0.0,41725.879758354575,0.0924677268513855,,cwc
2015-06-13,Pong,-0.638289418868099,0.0,0.0,0.0,41669.045033949835,0.3085795663669741,,cwc
2015-06-14,Pong,-0.6381603447422968,0.0,0.0,0.0,41044.476887585515,2.0421291012457528,,cwc
2015-06-15,Pong,-0.6365415735543816,0.0,0.0,0.0,41454.59723404832,0.3777544293744614,,cwc
2015-06-16,Pong,-0.6320617943189701,0.0,0.0,0.0,40284.61475515223,0.0,,cwc
2015-06-17,Pong,-0.6297857318058762,0.0,0.0,0.0,40069.17016170506,0.0,,cwc
2015-06-18,Pong,-0.6274326457635981,0.0,0.0,0.0,39864.363132559796,0.0,,cwc
2015-06-19,Pong,-0.6252468712310422,0.0,0.0,0.0,46180.95191974125,15.411283920581775,,cwc
2015-06-20,Pong,-0.6222078575883981,0.0,0.0,0.0,56991.41596077231,13.603718439817555,,cwc
2015-06-21,Pong,-0.6171697858384251,0.0,0.0,0.0,53046.827207543975,0.35187029959919,,cwc
2015-06-22,Pong,-0.6168956903559584,0.0,0.0,0.0,48758.02949449014,7.642042858522722,,cwc
2015-06-23,Pong,-0.6180359443588573,0.0,0.0,0.0,48773.88314987756,0.4207116984912917,,cwc
2015-06-24,Pong,-0.6202396420886723,0.0,0.0,0.0,55533.29218954744,22.05009985122526,,cwc
2015-06-25,Pong,-0.6213644163224001,0.0,0.0,0.0,62852.42760648811,2.1000405136069507,,cwc
2015-06-26,Pong,-0.6220500120539735,0.0,0.0,0.0,45001.952341422555,0.0,,cwc
2015-06-27,Pong,-0.6204731347105645,0.0,0.0,0.0,43329.81211530022,0.0,,cwc
2015-06-28,Pong,-0.6205598669632554,0.0,0.0,0.0,42377.936394446006,4.097173118135938,,cwc
2015-06-29,Pong,-0.6202468967161603,0.0,0.0,0.0,49506.40494141443,11.194861300103153,,cwc
2015-06-30,Pong,-0.6234706774960307,0.0,0.0,0.0,49408.651885301806,2.6582813442138296,,cwc
2015-07-01,Pong,-0.6227316033971982,0.0,0.0,0.0,43857.018884645666,0.452745210433831,,cwc
2015-07-02,Pong,-0.6161305411739623,0.0,0.0,0.0,43536.62752351564,3.2408215620345926,,cwc
2015-07-03,Pong,-0.6139445298571987,0.0,0.0,0.0,42953.00868842202,0.6996744709080521,,cwc
2015-07-04,Pong,-0.6133677089427819,0.0,0.0,0.0,42247.76202152919,2.8321321525298275,,cwc
2015-07-05,Pong,-0.5996582680020155,0.0,0.0,0.0,51268.59004858093,20.07538665746564,,cwc
2015-07-06,Pong,-0.5675219375446842,0.0,0.0,0.0,61744.36358082065,10.25930768462851,,cwc
2015-07-07,Pong,-0.5492549213040632,0.0,0.0,0.0,56068.13170416254,5.915108590377887,,cwc
2015-07-08,Pong,-0.534765145720348,0.0,0.0,0.0,53780.99493976098,5.984585406303801,,cwc
2015-07-09,Pong,-0.5294054095342332,0.0,0.0,0.0,83995.51350957368,52.29611864840779,,cwc
2015-07-10,Pong,-0.5402807306822018,0.0,0.0,0.0,131287.9407618549,17.38586365131103,,cwc
2015-07-11,Pong,-0.5505940477057789,0.0,0.0,0.0,94716.98898790071,17.38324290624699,,cwc
2015-07-12,Pong,-0.541636973680103,0.0,0.0,0.0,88911.40458618206,7.098140785092009,,cwc
2015-07-13,Pong,-0.5220795495442973,0.0,0.0,0.0,59172.16126687718,0.4237434747435787,,cwc
2015-07-14,Pong,-0.5075079110876097,0.0,0.0,0.0,47679.71182926507,1.2872464530878227,,cwc
2015-07-15,Pong,-0.4890065569874657,0.0,0.0,0.0,53346.71664511107,16.429065836136033,,cwc
2015-07-16,Pong,-0.47755529437971495,0.0,0.0,0.0,89133.14537891511,50.86024848540298,,cwc
2015-07-17,Pong,-0.45020308039436563,0.0,0.0,0.0,108303.84087962701,4.017718552602636,,cwc
2015-07-18,Pong,-0.4439180309903616,0.0,0.0,0.0,69634.77625720356,12.144657682339393,,cwc
2015-07-19,Pong,-0.43383336426456454,0.0,0.0,0.0,72634.11689787798,5.247484868110099,,cwc
2015-07-20,Pong,-0.4297488299662858,0.0,0.0,0.0,60301.508581488546,10.0337948546317,,cwc
2015-07-21,Pong,-0.4124154801941467,0.0,0.0,0.0,66529.1352175208,11.035426502658693,,cwc
2015-07-22,Pong,-0.3857156688790859,0.0,0.0,0.0,62757.341805734264,15.505888051123458,,cwc
2015-07-23,Pong,-0.3627824147359703,0.0,0.0,0.0,68691.1279102444,12.640435761033885,,cwc
2015-07-24,Pong,-0.3408642908331191,0.0,0.0,0.0,59345.53384772519,2.463395855338696,,cwc
2015-07-25,Pong,-0.3216850349767477,0.0,0.0,0.0,76520.68260996092,40.09221369481165,,cwc
2015-07-26,Pong,-0.31289359860916055,0.0,0.0,0.0,105837.4404287776,13.703354976629628,,cwc
2015-07-27,Pong,-0.305106319691668,0.0,0.0,0.0,87780.09079484445,21.74833406490359,,cwc
2015-07-28,Pong,-0.28774835641651947,0.0,0.0,0.0,93562.58098291287,12.386713941966024,,cwc
2015-07-29,Pong,-0.2775412440584541,0.0,0.0,0.0,75158.1166138952,10.58232452921172,,cwc
2015-07-30,Pong,-0.2723017324936295,0.0,0.0,0.0,75330.80466400422,11.814227867539335,,cwc
2015-07-31,Pong,-0.2706708768743945,0.0,0.0,0.0,88656.80450626425,35.939689075281656,,cwc
2015-08-01,Pong,-0.2679470054203178,0.0,0.0,0.0,102712.38256550177,9.302458704210434,,cwc
2015-08-02,Pong,-0.2649858798991078,0.0,0.0,0.0,74321.47915099184,13.328260343000885,,cwc
2015-08-03,Pong,-0.24991099058721822,0.0,0.0,0.0,69165.93406222746,3.009724457989973,,cwc
2015-08-04,Pong,-0.22176142561425477,0.0,0.0,0.0,54739.238609962806,7.492217710397083,,cwc
2015-08-05,Pong,-0.19026920942605438,0.0,0.0,0.0,69499.77355231687,21.209749171466616,,cwc
2015-08-06,Pong,-0.16849630364363805,0.0,0.0,0.0,72593.40655432729,12.60741231784294,,cwc
2015-08-07,Pong,-0.13384056374172262,0.0,0.0,0.0,87297.20497767313,37.63723804936864,,cwc
2015-08-08,Pong,-0.11337643224932804,0.0,0.0,0.0,118462.13166297722,25.96196058898532,,cwc
2015-08-09,Pong,-0.07905749735583162,0.0,0.0,0.0,108507.27994842938,16.434807769624623,,cwc
2015-08-10,Pong,-0.08198285858427716,0.0,0.0,0.0,96707.50928867911,12.584795065129423,,cwc
2015-08-11,Pong,-0.08368456239110321,0.0,0.0,0.0,104374.72257277522,32.74868002150884,,cwc
2015-08-12,Pong,-0.10557933056912684,0.0,0.0,0.0,103106.10066824028,1.1964884774542095,,cwc
2015-08-13,Pong,-0.11571812668061335,0.0,0.0,0.0,61509.74443166963,9.452236645764522,,cwc
2015-08-14,Pong,-0.120914594677665,0.0,0.0,0.0,61301.9323377007,3.991518362303169,,cwc
2015-08-15,Pong,-0.12099092401941101,0.0,0.0,0.0,55078.960142128344,11.412480349336157,,cwc
2015-08-16,Pong,-0.11346507365420157,0.0,0.0,0.0,55524.36604504241,1.552527234175335,,cwc
2015-08-17,Pong,-0.10722538223207129,0.0,0.0,0.0,44270.9799133102,1.7888360499479723,,cwc
2015-08-18,Pong,-0.1026429631482599,0.0,0.0,0.0,45755.21213121675,4.715957975655941,,cwc
2015-08-19,Pong,-0.09844100588709497,0.0,0.0,0.0,48022.162654626176,7.7625957228673315,,cwc
2015-08-20,Pong,-0.09578078678022531,0.0,0.0,0.0,56761.58167657633,17.491500997712595,,cwc
2015-08-21,Pong,-0.09031140325766275,0.0,0.0,0.0,60816.57135201253,7.601996788862666,,cwc
2015-08-22,Pong,-0.08677697025683936,0.0,0.0,0.0,51637.99309703068,1.599517610350407,,cwc
2015-08-23,Pong,-0.08621276758217748,0.0,0.0,0.0,47407.09280350814,3.4154789764758933,,cwc
2015-08-24,Pong,-0.08582713025823724,0.0,0.0,0.0,45790.050521837526,2.4722230512603103,,cwc
2015-08-25,Pong,-0.08716449643158002,0.0,0.0,0.0,42858.47301783586,0.4076938316481412,,cwc
2015-08-26,Pong,-0.08609826931624143,0.0,0.0,0.0,40854.5897558236,0.0752623975803414,,cwc
2015-08-27,Pong,-0.08515889878884228,0.0,0.0,0.0,43538.425451077994,7.489034491069995,,cwc
2015-08-28,Pong,-0.08618547608647195,0.0,0.0,0.0,44805.239364695764,0.0,,cwc
2015-08-29,Pong,-0.08539978075057207,0.0,0.0,0.0,41141.03669924569,0.9137601819747576,,cwc
2015-08-30,Pong,-0.08360683615352198,0.0,0.0,0.0,41769.097439097255,1.2538577205150718,,cwc
2015-08-31,Pong,-0.08286814863926649,0.0,0.0,0.0,40839.7544637479,0.2770262042289199,,cwc
2015-09-01,Pong,-0.08335023469666758,0.0,0.0,0.0,40656.586615431406,0.8898491613959644,,cwc
2015-09-02,Pong,-0.08515346349817669,0.0,0.0,0.0,42319.12205352952,4.386028384461223,,cwc
2015-09-03,Pong,-0.08720100395829734,0.0,0.0,0.0,43274.28776256683,1.4980161605983833,,cwc
2015-09-04,Pong,-0.08964148030857623,0.0,0.0,0.0,41543.51643231708,0.4611728230741217,,cwc
2015-09-05,Pong,-0.09169881273937841,0.0,0.0,0.0,41412.71700607841,1.511266292491237,,cwc
2015-09-06,Pong,-0.09528473609585726,0.0,0.0,0.0,41473.04220076668,1.1147637153872287,,cwc
2015-09-07,Pong,-0.09865768231881399,0.0,0.0,0.0,40738.665394425996,0.0045893385340593,,cwc
2015-09-08,Pong,-0.10185575306091771,0.0,0.0,0.0,40104.13718095985,0.0,,cwc
2015-09-09,Pong,-0.10432380497152702,0.0,0.0,0.0,39938.41750798824,0.0,,cwc
2015-09-10,Pong,-0.10664711755826893,0.0,0.0,0.0,39827.427676715,0.0,,cwc
2015-09-11,Pong,-0.10984863264937389,0.0,0.0,0.0,39826.974127344176,0.0,,cwc
2015-09-12,Pong,-0.11296133698655705,0.0,0.0,0.0,39826.974127344176,0.0,,cwc
2015-09-13,Pong,-0.11612956887944338,0.0,0.0,0.0,41630.4355996506,4.5457254516309575,,cwc
2015-09-14,Pong,-0.12082669345644517,0.0,0.0,0.0,43312.67031552937,2.034202080544567,,cwc
2015-09-15,Pong,-0.12456227427107862,0.0,0.0,0.0,41886.74343879447,0.78602411493251,,cwc
2015-09-16,Pong,-0.12630600821789334,0.0,0.0,0.0,42702.454268868,3.809350365247923,,cwc
2015-09-17,Pong,-0.12910684358596156,0.0,0.0,0.0,42562.714802785995,0.0,,cwc
2015-09-18,Pong,-0.12771256120351548,0.0,0.0,0.0,40518.5974528381,0.3212380387148659,,cwc
2015-09-19,Pong,-0.11639650021729539,0.0,0.0,0.0,44620.632757205516,9.514973550444177,,cwc
2015-09-20,Pong,-0.11711681708633778,0.0,0.0,0.0,49993.515422821925,7.816459053864281,,cwc
2015-09-21,Pong,-0.12123587732093821,0.0,0.0,0.0,47257.90593234973,0.8319660814154229,,cwc
2015-09-22,Pong,-0.1252652818221013,0.0,0.0,0.0,60352.72202651874,34.429365358165526,,cwc
2015-09-23,Pong,-0.12874283916470156,0.0,0.0,0.0,82084.03681855618,8.694188911615996,,cwc
2015-09-24,Pong,-0.1359107794735395,0.0,0.0,0.0,56193.955759154276,0.0,,cwc
2015-09-25,Pong,-0.13903291255936942,0.0,0.0,0.0,48255.96275571995,1.1210569373660515,,cwc
2015-09-26,Pong,-0.14143614577198654,0.0,0.0,0.0,45447.60274276746,4.593657417772446,,cwc
2015-09-27,Pong,-0.14449628748403892,0.0,0.0,0.0,44460.58224398516,0.021504917535005,,cwc
2015-09-28,Pong,-0.14692871761329507,0.0,0.0,0.0,40543.11294787407,0.0,,cwc
2015-09-29,Pong,-0.1485142442862732,0.0,0.0,0.0,40305.227744939286,0.0,,cwc
2015-09-30,Pong,-0.14917691825173987,0.0,0.0,0.0,39829.201960373735,0.0,,cwc
2016-06-01,Pong,-0.9342422662172198,0.0,0.0,0.0,40096.69772958948,0.0,,cwc
2016-06-02,Pong,-0.934565036116196,0.0,0.0,0.0,39917.22324616352,0.0,,model
2016-06-03,Pong,-0.936646896688154,0.0,0.0,0.0,40100.68518590677,0.6637022750684223,,cwc
2016-06-04,Pong,-0.938663000739317,0.0,0.0,0.0,40336.35229913038,0.3557402489787863,,cwc
2016-06-05,Pong,-0.9418624268992096,0.0,0.0,0.0,42218.69088083688,5.280812334672401,,cwc
2016-06-06,Pong,-0.9457748561483926,0.0,0.0,0.0,44787.72413481683,3.953465766189412,,cwc
2016-06-07,Pong,-0.9502935662304096,0.0,0.0,0.0,43778.84105767726,1.7684499853983375,,cwc
2016-06-08,Pong,-0.953688203248502,0.0,0.0,0.0,44836.63024105555,5.91103327865312,,cwc
2016-06-09,Pong,-0.955665474479827,0.0,0.0,0.0,44653.052493716976,0.115525089519101,,cwc
2016-06-10,Pong,-0.9547147292638473,0.0,0.0,0.0,41839.04722384449,1.8955354015549155,,cwc
2016-06-11,Pong,-0.9477463285870252,0.0,0.0,0.0,41913.62609694031,0.3016552106026295,,cwc
2016-06-12,Pong,-0.9388432081336713,0.0,0.0,0.0,41060.43731474162,1.7589742372282808,,cwc
2016-06-13,Pong,-0.9365280019157444,0.0,0.0,0.0,42693.20206005825,3.309825079740724,,cwc
2016-06-14,Pong,-0.9342863027218408,0.0,0.0,0.0,44863.03509397709,6.341906433757263,,cwc
2016-06-15,Pong,-0.9347110320061046,0.0,0.0,0.0,57352.340094055064,26.354306991503872,,cwc
2016-06-16,Pong,-0.9389515687212144,0.0,0.0,0.0,66178.77202276673,3.032052112015115,,cwc
2016-06-17,Pong,-0.943090200006861,0.0,0.0,0.0,47937.28389909767,0.0005806730754035,,cwc
2016-06-18,Pong,-0.9409052350874393,0.0,0.0,0.0,45747.32477066015,2.07377480694565,,cwc
2016-06-19,Pong,-0.9393225796496315,0.0,0.0,0.0,45572.16578072176,5.450668770352157,,cwc
2016-06-20,Pong,-0.9395108173218252,0.0,0.0,0.0,46034.8949388024,1.8917596539540389,,cwc
2016-06-21,Pong,-0.9384652958092787,0.0,0.0,0.0,43787.65766482554,3.869396194676801,,cwc
2016-06-22,Pong,-0.934959395748084,0.0,0.0,0.0,46152.27014832011,6.102475870516765,,cwc
2016-06-23,Pong,-0.9310201557383629,0.0,0.0,0.0,44878.52246725896,0.0,,cwc
2016-06-24,Pong,-0.925620633065455,0.0,0.0,0.0,41301.30671540227,0.4284686182635538,,cwc
2016-06-25,Pong,-0.9211257516370459,0.0,0.0,0.0,42277.51084168063,3.1132650503466444,,cwc
2016-06-26,Pong,-0.9125706813714224,0.0,0.0,0.0,45764.227195071384,7.956928307034878,,cwc
2016-06-27,Pong,-0.9041497784406861,0.0,0.0,0.0,52644.569463888234,13.4822971493114,,cwc
2016-06-28,Pong,-0.8946632913253897,0.0,0.0,0.0,51963.87943840736,0.7760615241577947,,cwc
2016-06-29,Pong,-0.8817783642503499,0.0,0.0,0.0,48047.464619556675,8.245846469908932,,cwc
2016-06-30,Pong,-0.8730088075298995,0.0,0.0,0.0,58902.20395587543,16.567600428638954,,cwc
2016-07-01,Pong,-0.8677837414106763,0.0,0.0,0.0,63306.09277229651,8.897425688379235,,cwc
2016-07-02,Pong,-0.8592095327885088,0.0,0.0,0.0,67047.68128808329,20.394187151417395,,cwc
2016-07-03,Pong,-0.8623993743486043,0.0,0.0,0.0,76174.24813467966,14.68923380409256,,cwc
2016-07-04,Pong,-0.8569541987615461,0.0,0.0,0.0,66123.40787349505,4.170885148656155,,cwc
2016-07-05,Pong,-0.8599402671742081,0.0,0.0,0.0,65209.277581348244,16.985859126236154,,cwc
2016-07-06,Pong,-0.865157652472043,0.0,0.0,0.0,62288.91694143266,0.0,,cwc
2016-07-07,Pong,-0.8664210959521238,0.0,0.0,0.0,43852.05400048231,0.0,,cwc
2016-07-08,Pong,-0.8609383534044579,0.0,0.0,0.0,48063.914883124366,9.075328179092317,,cwc
2016-07-09,Pong,-0.8602190945532425,0.0,0.0,0.0,47883.53651618111,1.354090029595416,,cwc
2016-07-10,Pong,-0.8530688057077283,0.0,0.0,0.0,45314.75956112071,5.442344654394454,,cwc
2016-07-11,Pong,-0.8369996473697786,0.0,0.0,0.0,51703.091560328925,13.937144245486532,,cwc
2016-07-12,Pong,-0.8263953968328382,0.0,0.0,0.0,55990.34497621333,6.914182584425494,,cwc
2016-07-13,Pong,-0.8132069219441718,0.0,0.0,0.0,50384.904626222786,2.4933891982830345,,cwc
2016-07-14,Pong,-0.8039557136045071,0.0,0.0,0.0,62047.95849157427,29.173276798635182,,cwc
2016-07-15,Pong,-0.8033308667406194,0.0,0.0,0.0,83072.76300999214,14.465017532028613,,cwc
2016-07-16,Pong,-0.8076768507425266,0.0,0.0,0.0,73157.72052179312,12.71922063744514,,cwc
2016-07-17,Pong,-0.8035995559451797,0.0,0.0,0.0,71179.51007562305,10.411085739998722,,cwc
2016-07-18,Pong,-0.7996518531921699,0.0,0.0,0.0,61028.22597989642,4.412613528460439,,cwc
2016-07-19,Pong,-0.7956646499414115,0.0,0.0,0.0,51362.48511364979,1.8520859009597888,,cwc
2016-07-20,Pong,-0.7906985522718396,0.0,0.0,0.0,46463.133823311415,3.665156503974259,,cwc
2016-07-21,Pong,-0.7854336061429849,0.0,0.0,0.0,53082.27424256607,15.274126209737773,,cwc
2016-07-22,Pong,-0.7758164641122436,0.0,0.0,0.0,56238.62904857947,4.1958365344817565,,cwc
2016-07-23,Pong,-0.7600427029029894,0.0,0.0,0.0,50789.10230735916,8.286715598643413,,cwc
2016-07-24,Pong,-0.7532568610201719,0.0,0.0,0.0,53363.757202084205,6.244676253609917,,cwc
2016-07-25,Pong,-0.7453640049852494,0.0,0.0,0.0,51231.54301328454,6.297979336096383,,cwc
2016-07-26,Pong,-0.7359556947116024,0.0,0.0,0.0,66788.2656820224,29.02797527217561,,cwc
2016-07-27,Pong,-0.7275834116186345,0.0,0.0,0.0,78681.85499566997,9.852817456970024,,cwc
2016-07-28,Pong,-0.6920455869246417,0.0,0.0,0.0,60243.30800911648,3.9543420831635134,,cwc
2016-07-29,Pong,-0.6694555055993143,0.0,0.0,0.0,64790.46939083319,18.37872634818241,,cwc
2016-07-30,Pong,-0.6606711466081562,0.0,0.0,0.0,70583.88487780812,8.805414151010888,,cwc
2016-07-31,Pong,-0.6505263563486059,0.0,0.0,0.0,78003.1848588795,27.55919607402007,,cwc
2016-08-01,Pong,-0.633592565543944,0.0,0.0,0.0,102223.4892385616,30.606284166832182,,cwc
2016-08-02,Pong,-0.5948773320846482,0.0,0.0,0.0,93746.10781808558,5.039529960724501,,cwc
2016-08-03,Pong,-0.5643478675005864,0.0,0.0,0.0,62507.808754581594,2.025474416602327,,cwc
2016-08-04,Pong,-0.5392966195795473,0.0,0.0,0.0,51173.68254077149,1.6709026520073642,,cwc
2016-08-05,Pong,-0.5215259159801016,0.0,0.0,0.0,88442.81752453373,54.821128052178295,,cwc
2016-08-06,Pong,-0.510492207976787,0.0,0.0,0.0,153159.86544636462,38.036106402110256,,cwc
2016-08-07,Pong,-0.4520451926275077,0.0,0.0,0.0,117759.22834115953,8.467729854237936,,cwc
2016-08-08,Pong,-0.4148933188243581,0.0,0.0,0.0,85936.69226243961,8.811536366883601,,cwc
2016-08-09,Pong,-0.40766562953646324,0.0,0.0,0.0,85239.34718514374,17.55488909148918,,cwc
2016-08-10,Pong,-0.3992759043185712,0.0,0.0,0.0,97461.35783347771,19.328683000677376,,cwc
2016-08-11,Pong,-0.402530609959815,0.0,0.0,0.0,118081.55909664712,46.38347708876454,,cwc
2016-08-12,Pong,-0.37709700710865623,0.0,0.0,0.0,117903.95594077803,3.008571110067382,,cwc
2016-08-13,Pong,-0.3835265203905743,0.0,0.0,0.0,65300.04478744583,4.809307458983736,,cwc
2016-08-14,Pong,-0.3754175746818521,0.0,0.0,0.0,62855.218506560755,5.093037219384746,,cwc
2016-08-15,Pong,-0.3713982639598132,0.0,0.0,0.0,54691.69031860588,7.647929196571029,,cwc
2016-08-16,Pong,-0.36538706079749483,0.0,0.0,0.0,51786.73017116926,1.6732651105242942,,cwc
2016-08-17,Pong,-0.3624129317188858,0.0,0.0,0.0,48596.26029848645,10.828222428549807,,cwc
2016-08-18,Pong,-0.3561310879855667,0.0,0.0,0.0,51095.201885853836,2.2020128022344383,,cwc
2016-08-19,Pong,-0.3505000813244396,0.0,0.0,0.0,48208.99025107139,8.497090982294692,,cwc
2016-08-20,Pong,-0.34384086541436726,0.0,0.0,0.0,52513.534757743946,6.68043321300129,,cwc
2016-08-21,Pong,-0.3377144218687942,0.0,0.0,0.0,47369.009540114705,1.089040295972655,,cwc
2016-08-22,Pong,-0.32813322595557265,0.0,0.0,0.0,52318.7334845751,16.1519035252969,,cwc
2016-08-23,Pong,-0.3107775690978492,0.0,0.0,0.0,56335.22320294928,2.9356145292499822,,cwc
2016-08-24,Pong,-0.30120054004409696,0.0,0.0,0.0,56298.17122662793,18.06459412086576,,cwc
2016-08-25,Pong,-0.2962190098050934,0.0,0.0,0.0,61362.84781062844,2.3758400452123323,,model
2016-08-26,Pong,-0.2970157793493547,0.0,0.0,0.0,64650.88882425539,29.23476998305572,,cwc
2016-08-27,Pong,-0.300014581969531,0.0,0.0,0.0,92844.26700157225,18.74362633945396,,cwc
2016-08-28,Pong,-0.29504860700645424,0.0,0.0,0.0,70712.77551191018,2.762478320098369,,cwc
2016-08-29,Pong,-0.2909279274704319,0.0,0.0,0.0,58136.4130845446,5.952263147770777,,cwc
2016-08-30,Pong,-0.28923624485501587,0.0,0.0,0.0,52713.2779997327,3.365354171819559,,cwc
2016-08-31,Pong,-0.2848557292275049,0.0,0.0,0.0,48173.3155869318,3.9386994516306895,,cwc
2016-09-01,Pong,-0.2799827696854846,0.0,0.0,0.0,51216.90244394446,10.760593255263366,,cwc
2016-09-02,Pong,-0.2758201213087277,0.0,0.0,0.0,49818.68287303216,1.204028591807425,,cwc
2016-09-03,Pong,-0.27144286241509014,0.0,0.0,0.0,42950.16216150191,0.2872249722658384,,cwc
2016-09-04,Pong,-0.2676055900279881,0.0,0.0,0.0,42981.64910123763,2.773195919824547,,cwc
2016-09-05,Pong,-0.2636173724099524,0.0,0.0,0.0,43097.98156654065,2.194994367686164,,cwc
2016-09-06,Pong,-0.2601043518917328,0.0,0.0,0.0,41725.851171665236,0.0003815345857065,,cwc
2016-09-07,Pong,-0.25887109026530103,0.0,0.0,0.0,40364.97234528913,0.0073087359764806,,cwc
2016-09-08,Pong,-0.2589867658794311,0.0,0.0,0.0,40982.54913546193,2.149418555506823,,cwc
2016-09-09,Pong,-0.2593180416066993,0.0,0.0,0.0,43613.33034118832,5.64647776953449,,cwc
2016-09-10,Pong,-0.26058907612928767,0.0,0.0,0.0,45852.716585019836,4.885365987727874,,cwc
2016-09-11,Pong,-0.2586390158636792,0.0,0.0,0.0,45655.094988162164,3.629647951878047,,cwc
2016-09-12,Pong,-0.2604528660482576,0.0,0.0,0.0,43948.669263928205,0.7175421250078927,,cwc
2016-09-13,Pong,-0.26182730296800494,0.0,0.0,0.0,44857.489913178186,6.878573231494137,,cwc
2016-09-14,Pong,-0.26373962238411686,0.0,0.0,0.0,45393.058930540574,0.0188887700881593,,cwc
2016-09-15,Pong,-0.26490007047398206,0.0,0.0,0.0,40799.33535297793,0.0,,model
2016-09-16,Pong,-0.2680490805388741,0.0,0.0,0.0,41090.39817887406,1.0455482868442292,,cwc
2016-09-17,Pong,-0.2700948314504013,0.0,0.0,0.0,40489.790534317515,0.046258672231793,,cwc
2016-09-18,Pong,-0.2713948632010191,0.0,0.0,0.0,40044.987529418795,0.1585540590527215,,cwc
2016-09-19,Pong,-0.2731843902182151,0.0,0.0,0.0,42679.64100994206,6.56939764038148,,cwc
2016-09-20,Pong,-0.2767117972439925,0.0,0.0,0.0,45117.71746456704,2.898284221624325,,cwc
2016-09-21,Pong,-0.2803559786263734,0.0,0.0,0.0,44243.504017670835,3.8589481696965047,,cwc
2016-09-22,Pong,-0.2848348371214265,0.0,0.0,0.0,45515.470012646605,4.234613802329974,,cwc
2016-09-23,Pong,-0.28895215118496326,0.0,0.0,0.0,43605.83492322765,0.0,,cwc
2016-09-24,Pong,-0.2921415872869794,0.0,0.0,0.0,41687.133313979335,1.6531428076461656,,cwc
2016-09-25,Pong,-0.2958348457188636,0.0,0.0,0.0,41726.35487761774,0.7254904893386077,,cwc
2016-09-26,Pong,-0.3003242433316693,0.0,0.0,0.0,40590.91631389048,0.2452211593593958,,cwc
2016-09-27,Pong,-0.30385475800649137,0.0,0.0,0.0,41456.61202754867,2.7859462543747315,,cwc
2016-09-28,Pong,-0.3071960871010463,0.0,0.0,0.0,41624.55210981394,0.1616436175657908,,cwc
2016-09-29,Pong,-0.31081749175528406,0.0,0.0,0.0,40273.16014997704,0.0470834549241675,,cwc
2016-09-30,Pong,-0.3140600800165404,0.0,0.0,0.0,40152.22768213769,0.0,,cwc
2017-06-01,Pong,-0.880255709343896,0.0,0.0,0.0,43690.42317203883,0.0,,cwc
2017-06-02,Pong,-0.8778045335748422,0.0,0.0,0.0,42214.94359025151,0.0,,cwc
2017-06-03,Pong,-0.8695728771681881,0.0,0.0,0.0,40021.417320485496,0.0,,cwc
2017-06-04,Pong,-0.8672408341796979,0.0,0.0,0.0,39826.974127344176,0.0,,cwc
2017-06-05,Pong,-0.8638523217740133,0.0,0.0,0.0,41737.00964980313,4.697574863449262,,cwc
2017-06-06,Pong,-0.8626723458147632,0.0,0.0,0.0,54326.46883079918,27.607405815885578,,cwc
2017-06-07,Pong,-0.8667728757264924,0.0,0.0,0.0,63572.26835826679,0.7501924685795739,,cwc
2017-06-08,Pong,-0.8753602515784702,0.0,0.0,0.0,47165.438976359925,2.9004378288678017,,cwc
2017-06-09,Pong,-0.8784339261585543,0.0,0.0,0.0,47332.59598120799,1.2443646912866615,,cwc
2017-06-10,Pong,-0.8835380576442557,0.0,0.0,0.0,42151.921007415054,1.0575720135545716,,cwc
2017-06-11,Pong,-0.8877578901528733,0.0,0.0,0.0,41456.65873079896,0.2214207674509302,,cwc
2017-06-12,Pong,-0.891120022753186,0.0,0.0,0.0,40428.70623788024,0.5135020792249214,,cwc
2017-06-13,Pong,-0.8927989646393718,0.0,0.0,0.0,40963.04951113962,1.6087518239426617,,cwc
2017-06-14,Pong,-0.8902895536294029,0.0,0.0,0.0,40867.99382075603,0.0808687248076325,,cwc
2017-06-15,Pong,-0.8871061189691641,0.0,0.0,0.0,40471.40525018088,0.8971291996591564,,model
2017-06-16,Pong,-0.8911047435381942,0.0,0.0,0.0,42568.15090802706,4.937992520012012,,cwc
2017-06-17,Pong,-0.888796620088412,0.0,0.0,0.0,43863.20259833019,2.0745565885057,,cwc
2017-06-18,Pong,-0.8869732012208517,0.0,0.0,0.0,47278.17990492153,11.979135578572231,,cwc
2017-06-19,Pong,-0.8906532275417904,0.0,0.0,0.0,53611.363981280076,8.33999756909793,,cwc
2017-06-20,Pong,-0.8952117447974163,0.0,0.0,0.0,52489.53319331834,7.081916781329068,,cwc
2017-06-21,Pong,-0.897491936870008,0.0,0.0,0.0,58758.58334833188,16.076857498540022,,cwc
2017-06-22,Pong,-0.8904629214592052,0.0,0.0,0.0,57922.35970473926,0.7043952037053804,,cwc
2017-06-23,Pong,-0.8859948511525759,0.0,0.0,0.0,44405.625214834035,0.0,,cwc
2017-06-24,Pong,-0.8721238160420292,0.0,0.0,0.0,42253.94205599257,0.0,,cwc
2017-06-25,Pong,-0.8587841399810443,0.0,0.0,0.0,46064.576228655314,11.169919579586647,,cwc
2017-06-26,Pong,-0.851122854731745,0.0,0.0,0.0,55001.35127249787,11.215800963840094,,cwc
2017-06-27,Pong,-0.8499145741846152,0.0,0.0,0.0,62549.19777581856,23.672209837320946,,cwc
2017-06-28,Pong,-0.8476621752446297,0.0,0.0,0.0,79537.9812673653,19.78131556188928,,cwc
2017-06-29,Pong,-0.8468414754146152,0.0,0.0,0.0,76854.29832191562,9.709791780922563,,cwc
2017-06-30,Pong,-0.8471842146104295,0.0,0.0,0.0,64204.434350216325,3.815066344004103,,cwc
2017-07-01,Pong,-0.8455050201526912,0.0,0.0,0.0,50999.58779164603,1.02707985853823,,cwc
2017-07-02,Pong,-0.8385083768827207,0.0,0.0,0.0,51749.62129244357,10.814034973865416,,cwc
2017-07-03,Pong,-0.8328630002219627,0.0,0.0,0.0,56323.10394631369,8.212900595899344,,cwc
2017-07-04,Pong,-0.8313272683433743,0.0,0.0,0.0,50208.7915656527,2.8472778851129434,,cwc
2017-07-05,Pong,-0.8255632799053575,0.0,0.0,0.0,46726.453831076346,3.616781487397311,,cwc
2017-07-06,Pong,-0.814740085278742,0.0,0.0,0.0,48436.14052830623,7.600851346735095,,cwc
2017-07-07,Pong,-0.8032521465824364,0.0,0.0,0.0,47461.41694134538,0.6465055467610823,,cwc
2017-07-08,Pong,-0.7842378422581326,0.0,0.0,0.0,41913.371580733394,0.1665060241027458,,cwc
2017-07-09,Pong,-0.7701991313201484,0.0,0.0,0.0,51213.819518843615,20.92087558486864,,cwc
2017-07-10,Pong,-0.7631625149956334,0.0,0.0,0.0,65192.43147001227,13.184679484189784,,cwc
2017-07-11,Pong,-0.7537277199302843,0.0,0.0,0.0,70590.06038243226,22.725086944383342,,cwc
2017-07-12,Pong,-0.7403020151278363,0.0,0.0,0.0,81509.44455132181,15.238807069794444,,cwc
2017-07-13,Pong,-0.7128917687298564,0.0,0.0,0.0,66746.5893228574,1.7299020679457322,,cwc
2017-07-14,Pong,-0.6638756625428643,0.0,0.0,0.0,59578.34631519421,11.035119521648484,,cwc
2017-07-15,Pong,-0.6482858020276162,0.0,0.0,0.0,71965.17684773049,20.787696139010727,,cwc
2017-07-16,Pong,-0.6416964635804803,0.0,0.0,0.0,79934.57643887127,15.494865503013116,,cwc
2017-07-17,Pong,-0.6331209552451333,0.0,0.0,0.0,110874.93347034356,58.840875777277766,,cwc
2017-07-18,Pong,-0.6313297251469389,0.0,0.0,0.0,144272.16017162648,7.302702349202597,,cwc
2017-07-19,Pong,-0.6203979191036666,0.0,0.0,0.0,73388.16766072912,1.286117759231969,,cwc
2017-07-20,Pong,-0.6028875931762,0.0,0.0,0.0,65372.515848428746,6.370154603546164,,cwc
2017-07-21,Pong,-0.5884328339361808,0.0,0.0,0.0,65199.451972816096,15.448667235542596,,cwc
2017-07-22,Pong,-0.579317598031287,0.0,0.0,0.0,86615.96611762968,25.391494716174368,,cwc
2017-07-23,Pong,-0.5761611489964231,0.0,0.0,0.0,83259.17797978141,17.702519907273953,,cwc
2017-07-24,Pong,-0.5626826114783816,0.0,0.0,0.0,78023.65776690847,12.369126948455875,,cwc
2017-07-25,Pong,-0.5436661140874994,0.0,0.0,0.0,76084.61206327088,13.285978161489242,,cwc
2017-07-26,Pong,-0.5302154778073305,0.0,0.0,0.0,68613.41050829891,5.34830219131413,,cwc
2017-07-27,Pong,-0.5028327035202809,0.0,0.0,0.0,60004.99822383491,9.549370360636557,,cwc
2017-07-28,Pong,-0.47483618203098943,0.0,0.0,0.0,73930.77422664952,26.77103499888329,,cwc
2017-07-29,Pong,-0.4603252483204844,0.0,0.0,0.0,80710.91361217476,9.371368963286075,,cwc
2017-07-30,Pong,-0.43412869556295886,0.0,0.0,0.0,77337.61550417301,24.54136990438123,,cwc
2017-07-31,Pong,-0.40550341776735443,0.0,0.0,0.0,101518.88993722333,27.92574784677296,,cwc
2017-08-01,Pong,-0.36639027037160926,0.0,0.0,0.0,101460.73131742147,13.726526275185009,,cwc
2017-08-02,Pong,-0.3215453515190028,0.0,0.0,0.0,92382.61354864055,18.315108691232755,,cwc
2017-08-03,Pong,-0.2878193529948365,0.0,0.0,0.0,101573.61512202561,26.80108185249771,,cwc
2017-08-04,Pong,-0.2674750010563564,0.0,0.0,0.0,110782.66302637472,19.61068566976829,,cwc
2017-08-05,Pong,-0.24983909849456998,0.0,0.0,0.0,111185.3188192704,28.33052133515564,,cwc
2017-08-06,Pong,-0.23886598782596913,0.0,0.0,0.0,119199.87918655573,23.573505360440127,,cwc
2017-08-07,Pong,-0.23110505729417496,0.0,0.0,0.0,113796.61525752298,20.7540116206316,,cwc
2017-08-08,Pong,-0.2221133026132999,0.0,0.0,0.0,107340.93136570086,17.266892189583455,,cwc
2017-08-09,Pong,-0.21519650039967356,0.0,0.0,0.0,85344.76144989966,7.08977232171826,,cwc
2017-08-10,Pong,-0.20790839208039802,0.0,0.0,0.0,65231.88083205082,5.965531500137999,,cwc
2017-08-11,Pong,-0.20224089021775274,0.0,0.0,0.0,60176.1752267619,9.218830906787646,,cwc
2017-08-12,Pong,-0.1977662541956783,0.0,0.0,0.0,55238.12656073734,3.970212955822519,,cwc
2017-08-13,Pong,-0.19444876254468058,0.0,0.0,0.0,57625.21790980627,17.175561364375437,,cwc
2017-08-14,Pong,-0.1917737981640643,0.0,0.0,0.0,57756.35642352664,0.0847663484295341,,cwc
2017-08-15,Pong,-0.1863508732983868,0.0,0.0,0.0,43248.01398209899,0.0,,cwc
2017-08-16,Pong,-0.1799246865472195,0.0,0.0,0.0,42662.03547741019,0.6600735088213646,,cwc
2017-08-17,Pong,-0.17510141295401738,0.0,0.0,0.0,42283.60980262192,3.657701937208304,,cwc
2017-08-18,Pong,-0.1689563389868727,0.0,0.0,0.0,47480.32606140098,9.177999120777402,,cwc
2017-08-19,Pong,-0.1635943414524946,0.0,0.0,0.0,52037.729983612444,11.725625198235187,,cwc
2017-08-20,Pong,-0.15447982526304274,0.0,0.0,0.0,52226.29052332465,3.121570277891973,,cwc
2017-08-21,Pong,-0.15196501105059368,0.0,0.0,0.0,50925.379542189745,9.778543272979045,,cwc
2017-08-22,Pong,-0.15182838027612489,0.0,0.0,0.0,54981.03926570478,6.947874721832305,,cwc
2017-08-23,Pong,-0.15618795837616362,0.0,0.0,0.0,57655.29035565987,14.439354760209469,,cwc
2017-08-24,Pong,-0.15852463237716527,0.0,0.0,0.0,60861.52298593011,6.741700564296071,,cwc
2017-08-25,Pong,-0.15676874794491327,0.0,0.0,0.0,54128.4231243458,7.208106866515365,,cwc
2017-08-26,Pong,-0.15353934162115154,0.0,0.0,0.0,50067.54201274385,0.0,,cwc
2017-08-27,Pong,-0.1491710087499317,0.0,0.0,0.0,42170.51215201688,0.3158623745075876,,cwc
2017-08-28,Pong,-0.1405411457472778,0.0,0.0,0.0,45962.660681414374,8.406354509074466,,cwc
2017-08-29,Pong,-0.1351596380431901,0.0,0.0,0.0,47851.902412990035,3.341590503272526,,cwc
2017-08-30,Pong,-0.13254304884910112,0.0,0.0,0.0,45243.94567416217,3.6752429992055697,,cwc
2017-08-31,Pong,-0.12937119806177377,0.0,0.0,0.0,52432.40889724566,17.48834128436889,,cwc
2017-09-01,Pong,-0.12900681916479378,0.0,0.0,0.0,61803.69560091208,10.619924776167172,,cwc
2017-09-02,Pong,-0.13093878244756582,0.0,0.0,0.0,57723.56583164274,6.7688960543775964,,cwc
2017-09-03,Pong,-0.12705540945514424,0.0,0.0,0.0,51759.54372224769,1.88520909115848,,cwc
2017-09-04,Pong,-0.12222264813174226,0.0,0.0,0.0,44299.39495034334,0.004984225319094,,cwc
2017-09-05,Pong,-0.11951849241845156,0.0,0.0,0.0,42640.551386497675,2.341697146273752,,cwc
2017-09-06,Pong,-0.11845661676622876,0.0,0.0,0.0,44446.74211983657,5.004141801613233,,cwc
2017-09-07,Pong,-0.12009300418638791,0.0,0.0,0.0,47268.10594110341,7.528795516057306,,model
2017-09-08,Pong,-0.12081882490560619,0.0,0.0,0.0,46072.129508887105,0.3648209520266338,,cwc
2017-09-09,Pong,-0.1231763544945051,0.0,0.0,0.0,43665.64657658469,4.158859439734167,,cwc
2017-09-10,Pong,-0.12685596773841012,0.0,0.0,0.0,44421.80371637742,1.2948453618399838,,cwc
2017-09-11,Pong,-0.12976445397759626,0.0,0.0,0.0,41481.902210520115,0.320890062783976,,cwc
2017-09-12,Pong,-0.1320304720906237,0.0,0.0,0.0,40715.922942008765,0.0780220848681318,,cwc
2017-09-13,Pong,-0.13292960916108695,0.0,0.0,0.0,41034.34937523247,2.268378973958598,,cwc
2017-09-14,Pong,-0.13486936199672617,0.0,0.0,0.0,41247.82679845231,0.0,,cwc
2017-09-15,Pong,-0.13687543311477612,0.0,0.0,0.0,40077.956744635834,0.0,,cwc
2017-09-16,Pong,-0.13849198832073847,0.0,0.0,0.0,40835.335819064014,1.8943879535302748,,cwc
2017-09-17,Pong,-0.1406117374851945,0.0,0.0,0.0,41126.2977857305,0.501926854718156,,cwc
2017-09-18,Pong,-0.14098005780650294,0.0,0.0,0.0,40321.90123023171,0.0,,cwc
2017-09-19,Pong,-0.13238445287442843,0.0,0.0,0.0,40066.01989324792,0.0,,cwc
2017-09-20,Pong,-0.12386560813795217,0.0,0.0,0.0,39876.397302088655,0.0,,cwc
2017-09-21,Pong,-0.12311745290772828,0.0,0.0,0.0,39853.8432958004,0.0651939024564292,,cwc
2017-09-22,Pong,-0.12551483099129002,0.0,0.0,0.0,48766.46725268708,22.239136036867286,,cwc
2017-09-23,Pong,-0.13317987946722581,0.0,0.0,0.0,69559.96816706796,24.949747088700416,,cwc
2017-09-24,Pong,-0.14351374417559223,0.0,0.0,0.0,69241.70881581208,2.580587411211623,,cwc
2017-09-25,Pong,-0.15024139082593987,0.0,0.0,0.0,50681.86447868383,0.0,,cwc
2017-09-26,Pong,-0.15442568236717905,0.0,0.0,0.0,44831.96185897729,0.3636046015533579,,cwc
2017-09-27,Pong,-0.1581482683986405,0.0,0.0,0.0,40778.28004878314,0.2146862751394232,,cwc
2017-09-28,Pong,-0.16216375525670998,0.0,0.0,0.0,40280.02006174886,0.4018858034838869,,cwc
2017-09-29,Pong,-0.16692979360740082,0.0,0.0,0.0,40114.41677047059,0.0,,cwc
2017-09-30,Pong,-0.17087055211664573,0.0,0.0,0.0,40151.765350422225,0.6525483163095801,,cwc
2018-06-01,Pong,-0.9157069653458029,0.0,0.0,0.0,44133.10159297002,8.66594226540456,,cwc
2018-06-02,Pong,-0.9150118362543617,0.0,0.0,0.0,45417.170952883374,0.0,,cwc
2018-06-03,Pong,-0.917710535691359,0.0,0.0,0.0,40997.26875420785,0.0,,cwc
2018-06-04,Pong,-0.916592348758211,0.0,0.0,0.0,40782.47299549909,0.0,,cwc
2018-06-05,Pong,-0.9142375765086761,0.0,0.0,0.0,44673.31179464111,10.504109357785463,,cwc
2018-06-06,Pong,-0.9140924355491786,0.0,0.0,0.0,47476.51350227526,0.5026750072603505,,cwc
2018-06-07,Pong,-0.9143663110063275,0.0,0.0,0.0,41593.09429577205,0.4314896019116873,,cwc
2018-06-08,Pong,-0.9136724656174253,0.0,0.0,0.0,46435.35014580775,10.831511536907197,,cwc
2018-06-09,Pong,-0.9150832675438468,0.0,0.0,0.0,48989.18166505812,2.0889794601300453,,cwc
2018-06-10,Pong,-0.9141662567459982,0.0,0.0,0.0,43444.505630104584,0.859462978773963,,cwc
2018-06-11,Pong,-0.9095489600030185,0.0,0.0,0.0,42450.61057766048,1.0592403774117862,,cwc
2018-06-12,Pong,-0.9077050781428142,0.0,0.0,0.0,41058.47195684237,0.3382763569449566,,cwc
2018-06-13,Pong,-0.9062719536823177,0.0,0.0,0.0,40600.12977546169,0.6323253014298645,,cwc
2018-06-14,Pong,-0.9062409806843958,0.0,0.0,0.0,46163.2053610666,13.58443893259748,,cwc
2018-06-15,Pong,-0.9075970082027086,0.0,0.0,0.0,52215.41650002082,6.02999156257405,,cwc
2018-06-16,Pong,-0.9103087824765455,0.0,0.0,0.0,46747.54742574,1.1584099338100693,,cwc
2018-06-17,Pong,-0.9137262304426179,0.0,0.0,0.0,45462.07491236014,4.160022989033238,,cwc
2018-06-18,Pong,-0.9171769804103084,0.0,0.0,0.0,43988.825768638264,0.0556259480309984,,cwc
2018-06-19,Pong,-0.9210825283949646,0.0,0.0,0.0,47083.241766173014,11.610672349983124,,cwc
2018-06-20,Pong,-0.9265377794374631,0.0,0.0,0.0,48930.66438246058,0.0,,cwc
2018-06-21,Pong,-0.9326948295289198,0.0,0.0,0.0,41339.487514742665,0.0290383471839522,,cwc
2018-06-22,Pong,-0.9343347237004075,0.0,0.0,0.0,41343.55604242292,0.2280584919539752,,cwc
2018-06-23,Pong,-0.9292929687720992,0.0,0.0,0.0,39976.49965862346,0.0,,cwc
2018-06-24,Pong,-0.9140667207825871,0.0,0.0,0.0,39857.63996498403,0.0,,cwc
2018-06-25,Pong,-0.9030647844652808,0.0,0.0,0.0,40282.26705355119,1.0883439553919083,,cwc
2018-06-26,Pong,-0.8984749242195009,0.0,0.0,0.0,44287.76009078211,9.53158163531134,,cwc
2018-06-27,Pong,-0.8933051580529106,0.0,0.0,0.0,61102.6373352715,32.44007999140535,,cwc
2018-06-28,Pong,-0.8875287258294572,0.0,0.0,0.0,85369.74699712502,21.055606244339995,,cwc
2018-06-29,Pong,-0.8850370814884763,0.0,0.0,0.0,74730.43269802725,4.155717139342258,,cwc
2018-06-30,Pong,-0.8828906332679496,0.0,0.0,0.0,58908.20714200419,4.1183727187185015,,cwc
2018-07-01,Pong,-0.8848703375015045,0.0,0.0,0.0,64385.341126918676,17.063879176081414,,cwc
2018-07-02,Pong,-0.893550433538402,0.0,0.0,0.0,79604.20916785051,18.90468978067318,,cwc
2018-07-03,Pong,-0.9069929500375239,0.0,0.0,0.0,72029.08157113298,8.551458464957932,,cwc
2018-07-04,Pong,-0.9142916694406941,0.0,0.0,0.0,57316.57503737586,3.3160724830117783,,cwc
2018-07-05,Pong,-0.9168840078679472,0.0,0.0,0.0,47991.299624232684,0.0,,cwc
2018-07-06,Pong,-0.9153696773458492,0.0,0.0,0.0,41858.60926309032,0.0,,cwc
2018-07-07,Pong,-0.9136385084596492,0.0,0.0,0.0,40298.01473618741,0.0,,cwc
2018-07-08,Pong,-0.9118536523253724,0.0,0.0,0.0,41910.16065761997,4.4039471314440135,,cwc
2018-07-09,Pong,-0.9076060650853048,0.0,0.0,0.0,44289.784283016204,4.040935767565602,,cwc
2018-07-10,Pong,-0.9053963982000455,0.0,0.0,0.0,47923.3405637633,11.366992386996577,,cwc
2018-07-11,Pong,-0.894570813791681,0.0,0.0,0.0,50094.12313021416,2.13623377221946,,cwc
2018-07-12,Pong,-0.8748348576956818,0.0,0.0,0.0,52547.52784575297,16.911130916479987,,cwc
2018-07-13,Pong,-0.866908788281813,0.0,0.0,0.0,62981.406436597994,9.679265865352177,,cwc
2018-07-14,Pong,-0.8638432112465729,0.0,0.0,0.0,60690.22574313939,12.764649005561784,,cwc
2018-07-15,Pong,-0.8670879617374426,0.0,0.0,0.0,84633.06872470297,37.06991543535076,,cwc
2018-07-16,Pong,-0.8766752600225257,0.0,0.0,0.0,99307.51525379969,10.263588340443556,,cwc
2018-07-17,Pong,-0.8848120543001764,0.0,0.0,0.0,70213.36671993938,5.508286329876188,,cwc
2018-07-18,Pong,-0.879400927519986,0.0,0.0,0.0,59970.977346261345,3.959703216054796,,cwc
2018-07-19,Pong,-0.8731661772291651,0.0,0.0,0.0,51952.3272502114,5.1609900585231925,,cwc
2018-07-20,Pong,-0.8604838602007946,0.0,0.0,0.0,55715.50855780987,10.681754105158902,,cwc
2018-07-21,Pong,-0.8509179525288312,0.0,0.0,0.0,60576.54594451579,16.471593869658843,,cwc
2018-07-22,Pong,-0.830195000115266,0.0,0.0,0.0,62266.05749021098,7.500681345540609,,cwc
2018-07-23,Pong,-0.8035299942932369,0.0,0.0,0.0,66309.3704397416,22.172227780614406,,cwc
2018-07-24,Pong,-0.7795065892194099,0.0,0.0,0.0,72231.70347219016,4.918091961280004,,cwc
2018-07-25,Pong,-0.766427623467713,0.0,0.0,0.0,72828.11871712001,27.508260472482604,,cwc
2018-07-26,Pong,-0.7663264020745596,0.0,0.0,0.0,102733.92718621604,25.99947243999621,,cwc
2018-07-27,Pong,-0.7584230200480409,0.0,0.0,0.0,110601.55281606923,30.16134266787106,,cwc
2018-07-28,Pong,-0.7683683799442249,0.0,0.0,0.0,110044.82967549998,9.360133802295373,,cwc
2018-07-29,Pong,-0.7790295074417566,0.0,0.0,0.0,67100.9369648406,0.0436409821164213,,cwc
2018-07-30,Pong,-0.775895937036089,0.0,0.0,0.0,53038.50708201595,3.6362618183353312,,cwc
2018-07-31,Pong,-0.7663182168969989,0.0,0.0,0.0,50412.27413298459,5.411669577743131,,cwc
2018-08-01,Pong,-0.7496223564746249,0.0,0.0,0.0,47041.86377898957,1.918896530892124,,cwc
2018-08-02,Pong,-0.725106799932742,0.0,0.0,0.0,44965.88196346945,4.900385881901479,,model
2018-08-03,Pong,-0.6877309060002982,0.0,0.0,0.0,51688.94321671941,15.361833489144312,,cwc
2018-08-04,Pong,-0.6648910768923912,0.0,0.0,0.0,67977.76492053873,24.632838687249595,,cwc
2018-08-05,Pong,-0.6412383970392443,0.0,0.0,0.0,85508.8452471598,23.976423114421625,,cwc
2018-08-06,Pong,-0.6173320293818446,0.0,0.0,0.0,107295.32835517496,36.850445495333226,,cwc
2018-08-07,Pong,-0.617164690477829,0.0,0.0,0.0,125597.36214099804,17.86689146446196,,cwc
2018-08-08,Pong,-0.5808667657121267,0.0,0.0,0.0,102247.29529476137,14.572936736858264,,cwc
2018-08-09,Pong,-0.5088268534111093,0.0,0.0,0.0,84956.4149080281,6.033003601967801,,cwc
2018-08-10,Pong,-0.4834465335619289,0.0,0.0,0.0,59894.06525501675,3.258379147320253,,cwc
2018-08-11,Pong,-0.4654461451490114,0.0,0.0,0.0,60605.703513710076,13.618331710383618,,cwc
2018-08-12,Pong,-0.45477045894969115,0.0,0.0,0.0,129719.99093158633,98.76182061821518,,cwc
2018-08-13,Pong,-0.44550984263505133,0.0,0.0,0.0,238719.57412744657,18.462254531402014,,cwc
2018-08-14,Pong,-0.42873332027308475,0.0,0.0,0.0,112074.5758134258,2.381656690211059,,cwc
2018-08-15,Pong,-0.4249576597102912,0.0,0.0,0.0,80268.82602993966,0.2376461281086649,,cwc
2018-08-16,Pong,-0.4201957571893702,0.0,0.0,0.0,48695.259904559796,1.731212914074245,,cwc
2018-08-17,Pong,-0.4024267425750922,0.0,0.0,0.0,59277.70041482098,13.536760146143902,,cwc
2018-08-18,Pong,-0.3939144929722268,0.0,0.0,0.0,61943.11913334686,16.275034222831394,,cwc
2018-08-19,Pong,-0.36597002963108977,0.0,0.0,0.0,57625.71231634604,3.012887106778988,,cwc
2018-08-20,Pong,-0.33108265695935124,0.0,0.0,0.0,62925.823376338274,25.790966166900382,,cwc
2018-08-21,Pong,-0.3092729358851694,0.0,0.0,0.0,74663.72962776148,4.856259474922608,,cwc
2018-08-22,Pong,-0.30005691224966985,0.0,0.0,0.0,62670.16496386896,14.54937685154264,,cwc
2018-08-23,Pong,-0.29332777145355093,0.0,0.0,0.0,99818.12403968228,46.87180437206094,,cwc
2018-08-24,Pong,-0.2854211970269651,0.0,0.0,0.0,121384.85264769543,12.65738593826521,,cwc
2018-08-25,Pong,-0.282009243965834,0.0,0.0,0.0,82954.81971895712,7.812345240067068,,cwc
2018-08-26,Pong,-0.2768722818816593,0.0,0.0,0.0,63964.308339155046,0.3119832385135093,,cwc
2018-08-27,Pong,-0.27077010345220087,0.0,0.0,0.0,44849.87725698919,0.0,,cwc
2018-08-28,Pong,-0.25991524544610195,0.0,0.0,0.0,43000.24996732074,1.8699964513691736,,cwc
2018-08-29,Pong,-0.2520089192377995,0.0,0.0,0.0,47852.43901349396,12.193451878954894,,cwc
2018-08-30,Pong,-0.2441386975290587,0.0,0.0,0.0,55041.63119224954,11.239559467528018,,model
2018-08-31,Pong,-0.22850256490371668,0.0,0.0,0.0,53574.73036104162,5.742651421678431,,cwc
2018-09-01,Pong,-0.22276010233024143,0.0,0.0,0.0,54824.374381326954,11.6159565664739,,cwc
2018-09-02,Pong,-0.22049371331527898,0.0,0.0,0.0,62897.1424025792,14.526775747140604,,cwc
2018-09-03,Pong,-0.2169399777758976,0.0,0.0,0.0,65406.03261929851,10.028166326062555,,cwc
2018-09-04,Pong,-0.21421881771539505,0.0,0.0,0.0,58684.449742732926,5.5095985158197545,,cwc
2018-09-05,Pong,-0.21107468454978745,0.0,0.0,0.0,53638.63276747736,6.217122095926309,,cwc
2018-09-06,Pong,-0.20895116592802657,0.0,0.0,0.0,50844.99886088188,3.432030853364815,,model
2018-09-07,Pong,-0.20475603062143996,0.0,0.0,0.0,52748.40600684325,12.280158142115544,,cwc
2018-09-08,Pong,-0.20238127860611252,0.0,0.0,0.0,55099.45633010005,4.985593918379788,,cwc
2018-09-09,Pong,-0.1969723333236061,0.0,0.0,0.0,49998.19758999711,6.12590263807494,,cwc
2018-09-10,Pong,-0.19249814496559228,0.0,0.0,0.0,50944.0018142784,5.764523447154973,,cwc
2018-09-11,Pong,-0.1920089777828611,0.0,0.0,0.0,49519.29707550699,5.4441534442507065,,cwc
2018-09-12,Pong,-0.19147664821847965,0.0,0.0,0.0,50423.25735080483,6.822785292390967,,cwc
2018-09-13,Pong,-0.19093964993075777,0.0,0.0,0.0,56813.22973555244,17.09373844791412,,cwc
2018-09-14,Pong,-0.19329114539632275,0.0,0.0,0.0,57387.128519672005,0.3741180800094674,,cwc
2018-09-15,Pong,-0.19752084237737375,0.0,0.0,0.0,43873.63045893811,0.0,,cwc
2018-09-16,Pong,-0.1983589860223499,0.0,0.0,0.0,42283.69509121084,0.0,,cwc
2018-09-17,Pong,-0.19777969556297256,0.0,0.0,0.0,39876.39253420732,0.0,,cwc
2018-09-18,Pong,-0.1820109742776775,0.0,0.0,0.0,39826.974127344176,0.0,,cwc
2018-09-19,Pong,-0.11715415686851506,0.0,0.0,0.0,39826.974127344176,0.0,,cwc
2018-09-20,Pong,-0.04224529115511954,0.0,0.0,0.0,39826.974127344176,0.0,,cwc
2018-09-21,Pong,0.01057902474379621,0.06513505534755115,26622.948744033354,0.0,44571.25631880839,11.958228461558228,5.0,cwc
2018-09-22,Pong,0.023093369285457615,0.14218587469056132,32492.112231169504,0.0,85093.8873116865,79.40264052355444,4.0,cwc
2018-09-23,Pong,0.016409471628376245,0.10103311681591087,32878.55296285709,0.0,207192.9177350096,59.63733437739855,3.0,cwc
2018-09-24,Pong,0.01888483520747744,0.11627393037243738,33268.89713627939,0.0,232767.62828216603,37.41518393691197,2.0,cwc
2018-09-25,Pong,0.010677238023961215,0.06573975451352876,17201.468535385302,0.0,177190.1197702634,0.7081676990717947,2.0,cwc
2018-09-26,Pong,-0.010333680044119721,0.0,0.0,0.0,79661.45392141357,0.0,,cwc
2018-09-27,Pong,-0.01544579877213774,0.0,0.0,0.0,54441.75477848595,0.3984138927346444,,cwc
2018-09-28,Pong,-0.016383286714792267,0.0,0.0,0.0,47672.32285555365,6.925440285693427,,cwc
2018-09-29,Pong,-0.016972393843521498,0.0,0.0,0.0,47899.363461243025,2.248841378159677,,cwc
2018-09-30,Pong,-0.018816391924418724,0.0,0.0,0.0,42142.49242587253,0.1078379993304262,,cwc
2019-06-01,Pong,-0.6196324886841135,0.0,0.0,0.0,39853.66182401798,0.0672678312669334,,cwc
2019-06-02,Pong,-0.6209538759351113,0.0,0.0,0.0,40233.188663754736,0.9317791312574736,,cwc
2019-06-03,Pong,-0.6228278006429913,0.0,0.0,0.0,44661.864649562776,10.714997007733697,,cwc
2019-06-04,Pong,-0.6264985152264809,0.0,0.0,0.0,46789.30768554649,0.0027727050195774,,cwc
2019-06-05,Pong,-0.6304214776192145,0.0,0.0,0.0,41285.57427504162,0.1435811603618147,,cwc
2019-06-06,Pong,-0.6325588898208759,0.0,0.0,0.0,41347.26732590189,0.4593821933369786,,cwc
2019-06-07,Pong,-0.6337181932279052,0.0,0.0,0.0,40140.097556540946,0.0,,cwc
2019-06-08,Pong,-0.633045171708235,0.0,0.0,0.0,40230.94089972475,0.7094823814028253,,cwc
2019-06-09,Pong,-0.6328380980657432,0.0,0.0,0.0,40260.31270677997,0.0,,cwc
2019-06-10,Pong,-0.634317912963212,0.0,0.0,0.0,39899.944907578785,0.0,,cwc
2019-06-11,Pong,-0.6358104101211757,0.0,0.0,0.0,42472.17390314928,6.373939908274973,,cwc
2019-06-12,Pong,-0.6375925483808359,0.0,0.0,0.0,46738.624025907695,7.005599005398073,,cwc
2019-06-13,Pong,-0.639522021724042,0.0,0.0,0.0,45248.13827961152,0.0303382176460764,,cwc
2019-06-14,Pong,-0.6405121222329618,0.0,0.0,0.0,41441.05682136099,0.0,,cwc
2019-06-15,Pong,-0.6422708737093336,0.0,0.0,0.0,40640.03854650705,0.0021234156421568,,cwc
2019-06-16,Pong,-0.6434797091140767,0.0,0.0,0.0,40030.955492544665,0.4122399080148902,,cwc
2019-06-17,Pong,-0.6449172885784258,0.0,0.0,0.0,43611.899658847746,7.954329552132301,,cwc
2019-06-18,Pong,-0.6483250342260674,0.0,0.0,0.0,44849.19338081457,0.2775100439875694,,cwc
2019-06-19,Pong,-0.6521586090226213,0.0,0.0,0.0,41208.636922839585,0.561594227612246,,cwc
2019-06-20,Pong,-0.6524755602537424,0.0,0.0,0.0,42208.435001698264,2.492798060124534,,cwc
2019-06-21,Pong,-0.6512235092465904,0.0,0.0,0.0,41522.35568439298,0.0115222546582253,,cwc
2019-06-22,Pong,-0.6526320814044707,0.0,0.0,0.0,40194.26967078494,0.0,,cwc
2019-06-23,Pong,-0.6541614293961175,0.0,0.0,0.0,40650.13235403606,1.369700450357899,,cwc
2019-06-24,Pong,-0.6572429042854717,0.0,0.0,0.0,46403.052968201235,13.608431488358322,,cwc
2019-06-25,Pong,-0.6642100640579692,0.0,0.0,0.0,50672.86933674719,2.547448958288832,,cwc
2019-06-26,Pong,-0.6706432904719298,0.0,0.0,0.0,43699.85689976457,0.3741821904283172,,cwc
2019-06-27,Pong,-0.6727108902436213,0.0,0.0,0.0,43294.032696385504,2.370122654736849,,cwc
2019-06-28,Pong,-0.6761769073222347,0.0,0.0,0.0,41887.51867213042,0.0,,cwc
2019-06-29,Pong,-0.6792510306577557,0.0,0.0,0.0,40722.949304715235,1.0378582040953424,,cwc
2019-06-30,Pong,-0.6803874196698995,0.0,0.0,0.0,41431.63618868821,1.6982516596502373,,cwc
2019-07-01,Pong,-0.6787724222394539,0.0,0.0,0.0,41357.721254401346,0.982995603015026,,cwc
2019-07-02,Pong,-0.6761537310098814,0.0,0.0,0.0,40702.54633719338,0.0,,cwc
2019-07-03,Pong,-0.6726558962765573,0.0,0.0,0.0,41099.73291161725,2.370461975961894,,cwc
2019-07-04,Pong,-0.6659772229456263,0.0,0.0,0.0,45220.359111761914,8.93208600938252,,cwc
2019-07-05,Pong,-0.6592135668766799,0.0,0.0,0.0,51626.922912874936,11.564159102212784,,cwc
2019-07-06,Pong,-0.6585263252711522,0.0,0.0,0.0,53670.14788487345,6.690554405181986,,cwc
2019-07-07,Pong,-0.6605389090197863,0.0,0.0,0.0,54818.67224873922,11.430935025998687,,cwc
2019-07-08,Pong,-0.6587054211744806,0.0,0.0,0.0,62811.955039884895,14.890068513336386,,cwc
2019-07-09,Pong,-0.6581130866445403,0.0,0.0,0.0,64285.30501190583,8.378440648736126,,cwc
2019-07-10,Pong,-0.6579503514660066,0.0,0.0,0.0,55808.82793675569,3.8364511039485856,,cwc
2019-07-11,Pong,-0.6544532822976106,0.0,0.0,0.0,48605.322413661335,1.8952377771680669,,cwc
2019-07-12,Pong,-0.6472452607801674,0.0,0.0,0.0,52893.035680915265,14.358939386943078,,cwc
2019-07-13,Pong,-0.6455433924871042,0.0,0.0,0.0,59806.53127010355,8.757966385482074,,cwc
2019-07-14,Pong,-0.6425730314984051,0.0,0.0,0.0,54067.742120276285,6.444915638671147,,cwc
2019-07-15,Pong,-0.6366422899745054,0.0,0.0,0.0,59295.92846195163,16.84763634183844,,cwc
2019-07-16,Pong,-0.636506914121229,0.0,0.0,0.0,63474.99956263963,6.91808032285786,,cwc
2019-07-17,Pong,-0.6378125714954851,0.0,0.0,0.0,53906.04469463656,3.86292217652158,,cwc
2019-07-18,Pong,-0.6390585597948867,0.0,0.0,0.0,57063.31436646427,14.639818903742931,,cwc
2019-07-19,Pong,-0.6393190204630063,0.0,0.0,0.0,57548.35222370954,2.527111086408988,,cwc
2019-07-20,Pong,-0.6366412665330283,0.0,0.0,0.0,51053.18651675971,8.338247091411597,,cwc
2019-07-21,Pong,-0.628335098009653,0.0,0.0,0.0,50788.31489853179,1.9807285960422147,,cwc
2019-07-22,Pong,-0.6136507122491294,0.0,0.0,0.0,43821.92936686632,1.2779344398664418,,cwc
2019-07-23,Pong,-0.5924832887406525,0.0,0.0,0.0,45372.01123640064,5.309822590645077,,cwc
2019-07-24,Pong,-0.5824804214968469,0.0,0.0,0.0,52842.562911757894,16.969855561005538,,cwc
2019-07-25,Pong,-0.5762725361588311,0.0,0.0,0.0,66234.02966137255,18.364387372111565,,cwc
2019-07-26,Pong,-0.5563139921577116,0.0,0.0,0.0,82020.44393152416,31.72645491561205,,cwc
2019-07-27,Pong,-0.5392453084145272,0.0,0.0,0.0,91777.86792562199,8.069248311437539,,cwc
2019-07-28,Pong,-0.5331226684298702,0.0,0.0,0.0,65640.1994435168,4.890824933869504,,cwc
2019-07-29,Pong,-0.5246926384465873,0.0,0.0,0.0,60699.23836211758,6.66375541025731,,cwc
2019-07-30,Pong,-0.5216238990945943,0.0,0.0,0.0,86623.6536423899,43.20441482253173,,cwc
2019-07-31,Pong,-0.511943023399921,0.0,0.0,0.0,113121.82804583227,11.658933427570751,,cwc
2019-08-01,Pong,-0.5155288801874565,0.0,0.0,0.0,75713.41175709169,12.65617741489557,,cwc
2019-08-02,Pong,-0.5228958261340533,0.0,0.0,0.0,70914.38549125569,3.9469300315753135,,cwc
2019-08-03,Pong,-0.5114742340596091,0.0,0.0,0.0,53707.518101976966,4.10300313843026,,cwc
2019-08-04,Pong,-0.49730414924714694,0.0,0.0,0.0,53763.49999041524,6.215842451173042,,cwc
2019-08-05,Pong,-0.4778521867507076,0.0,0.0,0.0,50553.508616922714,6.244092038761639,,cwc
2019-08-06,Pong,-0.46722790052318086,0.0,0.0,0.0,55130.239377716025,14.085244537846076,,cwc
2019-08-07,Pong,-0.45474689666531193,0.0,0.0,0.0,58375.529843221164,7.836055843938392,,cwc
2019-08-08,Pong,-0.4420766090957807,0.0,0.0,0.0,71383.33124782838,33.323660346988326,,cwc
2019-08-09,Pong,-0.4125845299780432,0.0,0.0,0.0,89227.65446887992,8.94691036150652,,cwc
2019-08-10,Pong,-0.39601220408116933,0.0,0.0,0.0,62575.91698129816,4.344791990417484,,cwc
2019-08-11,Pong,-0.3866833313352117,0.0,0.0,0.0,62424.32877763924,10.87796320940526,,cwc
2019-08-12,Pong,-0.3713373694470143,0.0,0.0,0.0,70233.31229281073,19.275707108671767,,cwc
2019-08-13,Pong,-0.32415788309756266,0.0,0.0,0.0,91649.50746221901,28.33846996140647,,cwc
2019-08-14,Pong,-0.24648700707938848,0.0,0.0,0.0,84746.2112234849,6.516550513031715,,cwc
2019-08-15,Pong,-0.21233340960822875,0.0,0.0,0.0,66024.76592945863,10.479075868893853,,cwc
2019-08-16,Pong,-0.1864491475792272,0.0,0.0,0.0,80606.92176013101,23.635975900324592,,cwc
2019-08-17,Pong,-0.18373860895807287,0.0,0.0,0.0,158309.11189181215,86.71548717336933,,cwc
2019-08-18,Pong,-0.1931739873364852,0.0,0.0,0.0,234796.35787567694,13.70562452606927,,cwc
2019-08-19,Pong,-0.19472262077793895,0.0,0.0,0.0,120013.3419633924,15.318519195533208,,cwc
2019-08-20,Pong,-0.18797645206292116,0.0,0.0,0.0,100918.19134110423,0.0,,cwc
2019-08-21,Pong,-0.18995998099664538,0.0,0.0,0.0,53503.2364354751,3.4166349216941465,,cwc
2019-08-22,Pong,-0.17972603586083732,0.0,0.0,0.0,51182.387293944405,1.4847606243201965,,cwc
2019-08-23,Pong,-0.17696263021943456,0.0,0.0,0.0,41654.99465117255,0.0975279629295293,,cwc
2019-08-24,Pong,-0.17001675082557127,0.0,0.0,0.0,46660.26707136841,11.632773178787524,,cwc
2019-08-25,Pong,-0.163499693702119,0.0,0.0,0.0,57505.43515698429,18.98544215153313,,cwc
2019-08-26,Pong,-0.15898695778535085,0.0,0.0,0.0,58003.56761110657,0.3924306970157765,,cwc
2019-08-27,Pong,-0.15117438765346788,0.0,0.0,0.0,46050.43398527703,2.135961860815565,,cwc
2019-08-28,Pong,-0.14371519297120067,0.0,0.0,0.0,45045.76647635057,1.0243539714730432,,cwc
2019-08-29,Pong,-0.1378966572856702,0.0,0.0,0.0,49176.24117251342,13.145879394350382,,cwc
2019-08-30,Pong,-0.13635165969220556,0.0,0.0,0.0,51732.024650140665,0.4610799577438431,,cwc
2019-08-31,Pong,-0.12579887092886655,0.0,0.0,0.0,43400.29661749331,2.841895670384384,,cwc
2019-09-01,Pong,-0.13350258697758083,0.0,0.0,0.0,46800.97760207213,6.237890188310654,,cwc
2019-09-02,Pong,-0.1095098691518518,0.0,0.0,0.0,44920.98971041568,0.0064862006566172,,cwc
2019-09-03,Pong,-0.1039288422491018,0.0,0.0,0.0,42016.25387969973,1.763464484125658,,cwc
2019-09-04,Pong,-0.10165711078326381,0.0,0.0,0.0,52129.93609728545,22.329882669546127,,cwc
2019-09-05,Pong,-0.10173592325334808,0.0,0.0,0.0,61208.13433880651,4.394760209403065,,cwc
2019-09-06,Pong,-0.09975206607811418,0.0,0.0,0.0,47505.294154303105,0.3497938660796788,,cwc
2019-09-07,Pong,-0.09652556783580929,0.0,0.0,0.0,44660.37345397987,1.3788305919934345,,cwc
2019-09-08,Pong,-0.09641732705297941,0.0,0.0,0.0,41602.22645811526,0.0,,cwc
2019-09-09,Pong,-0.09396845957844162,0.0,0.0,0.0,40078.29582320805,0.0,,cwc
2019-09-10,Pong,-0.09185012101652547,0.0,0.0,0.0,40041.65473988255,0.1628492085537569,,cwc
2019-09-11,Pong,-0.0896854064814307,0.0,0.0,0.0,40093.11742625477,0.4305964270175061,,cwc
2019-09-12,Pong,-0.08982392868143693,0.0,0.0,0.0,41254.15878986353,2.862097814308617,,cwc
2019-09-13,Pong,-0.09272663175465451,0.0,0.0,0.0,41633.97574984299,0.2934093675057162,,cwc
2019-09-14,Pong,-0.09500641052113545,0.0,0.0,0.0,41730.65049219515,3.297250017008795,,cwc
2019-09-15,Pong,-0.09610375392675989,0.0,0.0,0.0,44263.125608162096,4.817341091240952,,cwc
2019-09-16,Pong,-0.09891260105551539,0.0,0.0,0.0,43423.126519733836,0.1962451751541629,,cwc
2019-09-17,Pong,-0.10259365583305495,0.0,0.0,0.0,40897.76561680717,4.1266882899048455e-05,,cwc
2019-09-18,Pong,-0.10343450113948995,0.0,0.0,0.0,43253.955211334585,6.380177940079031,,cwc
2019-09-19,Pong,-0.10526927191913275,0.0,0.0,0.0,45917.587073903196,3.72271309155994,,cwc
2019-09-20,Pong,-0.12200900012548932,0.0,0.0,0.0,45777.86658356128,5.39321391318794,,cwc
2019-09-21,Pong,-0.1258088412842577,0.0,0.0,0.0,44786.561113346776,0.2020665546628858,,cwc
2019-09-22,Pong,-0.12618506876323074,0.0,0.0,0.0,44503.99615578728,6.866398757627914,,cwc
2019-09-23,Pong,-0.12336972810120458,0.0,0.0,0.0,45585.09774241853,0.0,,cwc
2019-09-24,Pong,-0.1222622909958929,0.0,0.0,0.0,40723.99859483306,0.0,,cwc
2019-09-25,Pong,-0.11496439238285833,0.0,0.0,0.0,40944.326071782656,0.7027266994292581,,cwc
2019-09-26,Pong,-0.10967105674929621,0.0,0.0,0.0,48270.43776186077,17.951538844912683,,cwc
2019-09-27,Pong,-0.10774809458497746,0.0,0.0,0.0,56313.99421967868,4.938116923796574,,model
2019-09-28,Pong,-0.10773948839940331,0.0,0.0,0.0,53097.02202811675,12.793283728379205,,model
2019-09-29,Pong,-0.10856394996072742,0.0,0.0,0.0,63814.70669221245,15.189406167149482,,model
2019-09-30,Pong,-0.12481634523089388,0.0,0.0,0.0,60175.723843842185,2.966874880488487,,cwc
2020-06-01,Pong,-0.531014745589057,0.0,0.0,0.0,54710.22382401485,1.3946026724537457,,cwc
2020-06-02,Pong,-0.5361011897104755,0.0,0.0,0.0,49646.22824048395,4.902776816489035,,cwc
2020-06-03,Pong,-0.5421098617182982,0.0,0.0,0.0,49489.21447740164,4.840359813257364,,cwc
2020-06-04,Pong,-0.5487892609778673,0.0,0.0,0.0,49997.26416197448,7.055848934262409,,cwc
2020-06-05,Pong,-0.5559777274175136,0.0,0.0,0.0,52367.61368426673,9.681959496127757,,cwc
2020-06-06,Pong,-0.5639658352201958,0.0,0.0,0.0,49818.800594781125,1.3047324317357936,,cwc
2020-06-07,Pong,-0.5711736669701645,0.0,0.0,0.0,43312.72524264812,0.1500897558290598,,cwc
2020-06-08,Pong,-0.5757744755234111,0.0,0.0,0.0,42125.83619384842,1.372234292818099,,cwc
2020-06-09,Pong,-0.5799488100999307,0.0,0.0,0.0,41790.12422491684,1.5511354124615762,,cwc
2020-06-10,Pong,-0.5841180472415407,0.0,0.0,0.0,42368.82996159722,2.7357108844168505,,cwc
2020-06-11,Pong,-0.5887793690039737,0.0,0.0,0.0,41783.642996511386,0.0,,cwc
2020-06-12,Pong,-0.5932260596019232,0.0,0.0,0.0,40301.50481426485,0.0281534520762715,,cwc
2020-06-13,Pong,-0.5972868871601408,0.0,0.0,0.0,40408.58777481837,0.6506111164628042,,cwc
2020-06-14,Pong,-0.6008375434361679,0.0,0.0,0.0,40306.420569210495,0.2312583730762092,,cwc
2020-06-15,Pong,-0.6032878882077303,0.0,0.0,0.0,40276.207847142585,0.5844606258125707,,cwc
2020-06-16,Pong,-0.6043173197460421,0.0,0.0,0.0,40235.24445289478,0.0,,cwc
2020-06-17,Pong,-0.60596303225238,0.0,0.0,0.0,40141.07025230739,0.5693667068216626,,cwc
2020-06-18,Pong,-0.608385578226039,0.0,0.0,0.0,40902.5881790571,1.7147614550007773,,cwc
2020-06-19,Pong,-0.607507454322728,0.0,0.0,0.0,42523.08101583232,4.006612408357326,,cwc
2020-06-20,Pong,-0.6042162607764113,0.0,0.0,0.0,44392.89659478345,4.364089284913369,,cwc
2020-06-21,Pong,-0.6051428471187603,0.0,0.0,0.0,43847.374114926104,1.3117277901397937,,cwc
2020-06-22,Pong,-0.6070900262570766,0.0,0.0,0.0,42006.691957096285,0.762432383504653,,cwc
2020-06-23,Pong,-0.6096237986986212,0.0,0.0,0.0,50028.245023500574,19.073710662166683,,cwc
2020-06-24,Pong,-0.6146816613143599,0.0,0.0,0.0,58142.41422391467,4.920877731227908,,cwc
2020-06-25,Pong,-0.6177251256410852,0.0,0.0,0.0,46880.04966930346,0.2261838707520751,,cwc
2020-06-26,Pong,-0.6178942668416021,0.0,0.0,0.0,44604.0309239727,2.3313495049754374,,cwc
2020-06-27,Pong,-0.6202267265540998,0.0,0.0,0.0,42337.588372243925,0.0,,cwc
2020-06-28,Pong,-0.6212543338302438,0.0,0.0,0.0,43798.61514232564,6.3535689016213,,cwc
2020-06-29,Pong,-0.6223523491597884,0.0,0.0,0.0,45243.319439343526,2.0012460817152715,,cwc
2020-06-30,Pong,-0.618429639732258,0.0,0.0,0.0,41843.86658719913,0.0,,cwc
2020-07-01,Pong,-0.6112840637468677,0.0,0.0,0.0,42715.28710069081,4.179685907952766,,cwc
2020-07-02,Pong,-0.6104014649696589,0.0,0.0,0.0,43311.611841544436,1.1685558918252943,,cwc
2020-07-03,Pong,-0.6073541570282144,0.0,0.0,0.0,46275.350278102414,10.658697374504907,,cwc
2020-07-04,Pong,-0.6037034168685216,0.0,0.0,0.0,57841.38615401421,19.43681801426612,,cwc
2020-07-05,Pong,-0.6056844189126794,0.0,0.0,0.0,58358.914085143515,0.3940088550279703,,cwc
2020-07-06,Pong,-0.6086195870241708,0.0,0.0,0.0,47662.67599015184,4.48140212723582,,cwc
2020-07-07,Pong,-0.6051285530758616,0.0,0.0,0.0,52026.7627120198,8.588064391481,,cwc
2020-07-08,Pong,-0.6053919984833501,0.0,0.0,0.0,53574.371637045755,7.465073291431925,,cwc
2020-07-09,Pong,-0.6107047410589316,0.0,0.0,0.0,49925.41167241045,2.040111324314265,,cwc
2020-07-10,Pong,-0.6101629755821393,0.0,0.0,0.0,47408.16698428376,7.219631468567384,,cwc
2020-07-11,Pong,-0.6107748659274324,0.0,0.0,0.0,56239.68316980687,15.832767693386357,,cwc
2020-07-12,Pong,-0.6128819510848244,0.0,0.0,0.0,55553.31092827665,0.046251672897895,,cwc
2020-07-13,Pong,-0.6130549637307539,0.0,0.0,0.0,43347.60546038855,0.0,,cwc
2020-07-14,Pong,-0.6079555215230734,0.0,0.0,0.0,43535.11238742241,2.8469405019154346,,cwc
2020-07-15,Pong,-0.6020467754351474,0.0,0.0,0.0,43146.12452459319,2.027883393287338,,cwc
2020-07-16,Pong,-0.5947405533896897,0.0,0.0,0.0,49469.68036151557,14.72279751696474,,cwc
2020-07-17,Pong,-0.5863815319074379,0.0,0.0,0.0,55534.82024194973,8.92284395207169,,cwc
2020-07-18,Pong,-0.5862122653998408,0.0,0.0,0.0,57231.20113945388,13.711593344047976,,cwc
2020-07-19,Pong,-0.5886071731096545,0.0,0.0,0.0,60918.654759836725,7.233823434039837,,cwc
2020-07-20,Pong,-0.5912031264383761,0.0,0.0,0.0,63208.61931376338,18.176391644133496,,cwc
2020-07-21,Pong,-0.583303953105987,0.0,0.0,0.0,70505.81609820246,8.638234798976859,,cwc
2020-07-22,Pong,-0.5982458403322068,0.0,0.0,0.0,55331.34150055961,2.343438823817409,,cwc
2020-07-23,Pong,-0.593773906668151,0.0,0.0,0.0,46806.243358883075,0.0039892855770083,,cwc
2020-07-24,Pong,-0.5849936700132222,0.0,0.0,0.0,47886.85416698494,10.115092108871002,,cwc
2020-07-25,Pong,-0.571818504293537,0.0,0.0,0.0,52906.55043289984,5.902896219741403,,cwc
2020-07-26,Pong,-0.5572736148258659,0.0,0.0,0.0,53654.83443657247,13.6920556378998,,cwc
2020-07-27,Pong,-0.5498373272266902,0.0,0.0,0.0,60086.435039673255,11.171859038506357,,cwc
2020-07-28,Pong,-0.5467252472959145,0.0,0.0,0.0,63458.055790555736,15.830089338180112,,cwc
2020-07-29,Pong,-0.5480854993841752,0.0,0.0,0.0,80409.65751179375,25.78636809872665,,cwc
2020-07-30,Pong,-0.5575600712877969,0.0,0.0,0.0,85320.38069321259,11.20527005185027,,cwc
2020-07-31,Pong,-0.5634541969924469,0.0,0.0,0.0,70063.57473529849,8.256231022531916,,cwc
2020-08-01,Pong,-0.5655260601614419,0.0,0.0,0.0,61419.34958617866,4.899510093662642,,cwc
2020-08-02,Pong,-0.5594484382451614,0.0,0.0,0.0,51026.36441574546,2.242948384393402,,cwc
2020-08-03,Pong,-0.5512934605585887,0.0,0.0,0.0,46086.19696573386,2.282829884559035,,cwc
2020-08-04,Pong,-0.5450255993784755,0.0,0.0,0.0,45129.45663103613,4.276125621538777,,cwc
2020-08-05,Pong,-0.5356691153172212,0.0,0.0,0.0,48712.72716938578,9.620005974647729,,cwc
2020-08-06,Pong,-0.5231044466098496,0.0,0.0,0.0,58284.32198590029,19.120262002784592,,cwc
2020-08-07,Pong,-0.5152858396447179,0.0,0.0,0.0,64077.33996167569,8.678173163201459,,cwc
2020-08-08,Pong,-0.5036880559490711,0.0,0.0,0.0,57249.237214233945,6.751222094697415,,cwc
2020-08-09,Pong,-0.48215354179140174,0.0,0.0,0.0,65818.73085240014,20.79955087176775,,cwc
2020-08-10,Pong,-0.45763263753687283,0.0,0.0,0.0,77696.36732727909,14.578093872621576,,cwc
2020-08-11,Pong,-0.4455963229097097,0.0,0.0,0.0,74228.71542810857,14.039134878783392,,cwc
2020-08-12,Pong,-0.42828848512407663,0.0,0.0,0.0,79203.60666593819,20.73784446331933,,cwc
2020-08-13,Pong,-0.4202239757580967,0.0,0.0,0.0,104412.30310798973,37.37807390323619,,cwc
2020-08-14,Pong,-0.4171219469427708,0.0,0.0,0.0,106878.24674509297,2.448663800839721,,cwc
2020-08-15,Pong,-0.41800698152424465,0.0,0.0,0.0,75475.95322625535,18.9952021465917,,cwc
2020-08-16,Pong,-0.41579570470063154,0.0,0.0,0.0,88131.55906113141,13.134196722801471,,cwc
2020-08-17,Pong,-0.401732832624632,0.0,0.0,0.0,71381.72850301853,8.616294265560699,,cwc
2020-08-18,Pong,-0.3890435758122498,0.0,0.0,0.0,66526.36545416302,9.662121890724382,,model
2020-08-19,Pong,-0.4061247792022571,0.0,0.0,0.0,58308.66215395834,6.698243244943535,,cwc
2020-08-20,Pong,-0.40261644052615836,0.0,0.0,0.0,63698.19772246999,17.67978999382251,,model
2020-08-21,Pong,-0.3626546000435305,0.0,0.0,0.0,82190.64435914508,28.15839595896224,,cwc
2020-08-22,Pong,-0.3449916927749035,0.0,0.0,0.0,77533.51390108484,0.0805747434948887,,cwc
2020-08-23,Pong,-0.3162409479972041,0.0,0.0,0.0,49321.90067832908,0.431177994751366,,cwc
2020-08-24,Pong,-0.29788639155172475,0.0,0.0,0.0,54429.01051963809,12.461423451481007,,cwc
2020-08-25,Pong,-0.29106596925191824,0.0,0.0,0.0,59630.370704395384,8.574184611691964,,cwc
2020-08-26,Pong,-0.2830616166969086,0.0,0.0,0.0,77723.38808866208,38.043786184229816,,cwc
2020-08-27,Pong,-0.27796901315277267,0.0,0.0,0.0,94421.74597365182,13.394839746867484,,cwc
2020-08-28,Pong,-0.2780153941624191,0.0,0.0,0.0,67522.44392982611,2.178254148238994,,model
2020-08-29,Pong,-0.2784497567557769,0.0,0.0,0.0,53449.41276944731,0.1035712076176978,,model
2020-08-30,Pong,-0.27594873644419143,0.0,0.0,0.0,54375.18807077602,14.356043941014375,,model
2020-08-31,Pong,-0.27207007093560387,0.0,0.0,0.0,59434.62522574491,3.534211833550457,,model
2020-09-01,Pong,-0.27298569276402845,0.0,0.0,0.0,45483.27853725495,0.7848699438419907,,model
2020-09-02,Pong,-0.24564643623283583,0.0,0.0,0.0,44506.89233276709,3.417125795459824,,cwc
2020-09-03,Pong,-0.2458099489581402,0.0,0.0,0.0,51894.014540629105,16.7044120235441,,cwc
2020-09-04,Pong,-0.23435916008028407,0.0,0.0,0.0,55360.96715256607,0.3904502099264945,,cwc
2020-09-05,Pong,-0.2347500648167384,0.0,0.0,0.0,43295.76557410385,0.6499187756803039,,cwc
2020-09-06,Pong,-0.2326211140393285,0.0,0.0,0.0,45286.92453483222,5.182809910200457,,cwc
2020-09-07,Pong,-0.23213582015164833,0.0,0.0,0.0,43944.16789443781,0.004009325415385,,cwc
2020-09-08,Pong,-0.22995960232716603,0.0,0.0,0.0,40630.31457878769,0.0,,cwc
2020-09-09,Pong,-0.22923785944366343,0.0,0.0,0.0,40414.851742855004,0.1067024938158402,,cwc
2020-09-10,Pong,-0.2296310787870843,0.0,0.0,0.0,39890.16868638612,0.0,,cwc
2020-09-11,Pong,-0.23128844579398175,0.0,0.0,0.0,40483.45727426296,1.496901786835844,,cwc
2020-09-12,Pong,-0.2328322024429785,0.0,0.0,0.0,40661.609598098585,0.0,,cwc
2020-09-13,Pong,-0.2343289232384783,0.0,0.0,0.0,39981.967925785146,0.0007988269427667,,cwc
2020-09-14,Pong,-0.2357994722775417,0.0,0.0,0.0,39972.98862548294,0.0,,cwc
2020-09-15,Pong,-0.23770206487048137,0.0,0.0,0.0,39827.056528762805,0.0,,cwc
2020-09-16,Pong,-0.23944320529622373,0.0,0.0,0.0,39884.69804504643,0.1418583361401049,,cwc
2020-09-17,Pong,-0.24185140128683816,0.0,0.0,0.0,39903.28029113392,0.0,,cwc
2020-09-18,Pong,-0.24441489010103742,0.0,0.0,0.0,39841.29357214055,0.0,,cwc
2020-09-19,Pong,-0.24679458079028563,0.0,0.0,0.0,39840.45129373364,0.0,,cwc
2020-09-20,Pong,-0.2487005627570244,0.0,0.0,0.0,39826.974127344176,0.0,,cwc
2020-09-21,Pong,-0.2504912907822906,0.0,0.0,0.0,39844.9434115181,0.0451887166201557,,cwc
2020-09-22,Pong,-0.2520150991439348,0.0,0.0,0.0,40024.51070705726,0.4364113549714588,,cwc
2020-09-23,Pong,-0.2547514865200953,0.0,0.0,0.0,40425.06644148755,0.8940520744588099,,cwc
2020-09-24,Pong,-0.2576738331197898,0.0,0.0,0.0,40516.8534730163,0.3700133831831601,,cwc
2020-09-25,Pong,-0.2607772669246462,0.0,0.0,0.0,41619.0657537045,3.5610877716563154,,cwc
2020-09-26,Pong,-0.26399059931841523,0.0,0.0,0.0,42034.90722731186,0.0,,cwc
2020-09-27,Pong,-0.26737079667566527,0.0,0.0,0.0,40254.24525418872,0.0,,cwc
2020-09-28,Pong,-0.27004342150760574,0.0,0.0,0.0,40190.90730613532,0.0,,cwc
2020-09-29,Pong,-0.2722539769754381,0.0,0.0,0.0,39826.974127344176,0.0,,cwc
2020-09-30,Pong,-0.27421272311804,0.0,0.0,0.0,39826.974127344176,0.0,,cwc
2021-06-01,Pong,-0.8746778486165369,0.0,0.0,0.0,48427.318456589666,0.7946232925506654,,cwc
2021-06-02,Pong,-0.8765914624737623,0.0,0.0,0.0,43552.612356856705,3.3058577742395268,,model
2021-06-03,Pong,-0.8844634977765611,0.0,0.0,0.0,43953.75604847318,0.511521445020499,,cwc
2021-06-04,Pong,-0.8866924168634135,0.0,0.0,0.0,40776.53969765201,0.2107192108761,,model
2021-06-05,Pong,-0.8882299966593016,0.0,0.0,0.0,40959.21268601825,1.1151995779153543,,model
2021-06-06,Pong,-0.8878022464478614,0.0,0.0,0.0,40784.240053256195,0.5168513812111459,,model
2021-06-07,Pong,-0.8854942211482841,0.0,0.0,0.0,40274.20422490523,0.0,,model
2021-06-08,Pong,-0.8828348692019407,0.0,0.0,0.0,39990.749616247034,0.0,,model
2021-06-09,Pong,-0.8816642976730891,0.0,0.0,0.0,41730.55937695974,4.535498572814061,,model
2021-06-10,Pong,-0.8762787835071034,0.0,0.0,0.0,46676.46708748826,9.56084798601504,,cwc
2021-06-11,Pong,-0.8760048110881941,0.0,0.0,0.0,51408.32739677754,9.51861502740082,,model
2021-06-12,Pong,-0.8738809999897261,0.0,0.0,0.0,52292.468566288866,6.338390319651793,,model
2021-06-13,Pong,-0.8692935142608245,0.0,0.0,0.0,48545.83542137197,1.5211946557380345,,model
2021-06-14,Pong,-0.8664047049624286,0.0,0.0,0.0,45433.86489184261,3.41854374634782,,model
2021-06-15,Pong,-0.8662401548888257,0.0,0.0,0.0,46289.473164355746,4.393726012094899,,model
2021-06-16,Pong,-0.8673792190199243,0.0,0.0,0.0,50944.73785494066,12.725769738357531,,model
2021-06-17,Pong,-0.8956226991204446,0.0,0.0,0.0,57144.76904841011,10.748820003388774,,cwc
2021-06-18,Pong,-0.8978501722892903,0.0,0.0,0.0,52869.91605985045,2.64497598731706,,model
2021-06-19,Pong,-0.8998287259404602,0.0,0.0,0.0,46014.1032166438,0.7158566720158538,,model
2021-06-20,Pong,-0.9013349043940936,0.0,0.0,0.0,42733.45542591769,0.6566815089104066,,model
2021-06-21,Pong,-0.9022138723320774,0.0,0.0,0.0,40804.15083093482,0.0020515941837271,,model
2021-06-22,Pong,-0.9031862867182064,0.0,0.0,0.0,39994.38838276014,0.0,,model
2021-06-23,Pong,-0.9051438599752095,0.0,0.0,0.0,40620.81394853469,1.7211555960776073,,model
2021-06-24,Pong,-0.9258164003981013,0.0,0.0,0.0,41809.58332723712,2.429902233554717,,cwc
2021-06-25,Pong,-0.9281067453213814,0.0,0.0,0.0,43388.00797546932,4.603034500587992,,model
2021-06-26,Pong,-0.9304000217933692,0.0,0.0,0.0,43152.84263088119,0.0869504460731238,,model
2021-06-27,Pong,-0.9323299850596044,0.0,0.0,0.0,40673.612762419456,0.0,,model
2021-06-28,Pong,-0.9330218289105433,0.0,0.0,0.0,40335.792890548764,0.0,,model
2021-06-29,Pong,-0.9335511292193434,0.0,0.0,0.0,39836.166662300726,0.0,,model
2021-06-30,Pong,-0.9332096579034226,0.0,0.0,0.0,39828.78918915087,0.0042518555329321,,model
2021-07-01,Pong,-0.945994392358808,0.0,0.0,0.0,40743.09547815619,2.299976308384562,,cwc
2021-07-02,Pong,-0.9488052895185437,0.0,0.0,0.0,43858.92047438263,6.684733989645523,,cwc
2021-07-03,Pong,-0.9488937586662364,0.0,0.0,0.0,44267.97409660559,0.1434690835345134,,cwc
2021-07-04,Pong,-0.9498756833607703,0.0,0.0,0.0,46459.33945344481,12.121951016327005,,cwc
2021-07-05,Pong,-0.9514166731422754,0.0,0.0,0.0,49466.004633332195,0.0412073937451995,,cwc
2021-07-06,Pong,-0.9514749332873463,0.0,0.0,0.0,41516.955165813146,0.0,,cwc
2021-07-07,Pong,-0.9384134926134774,0.0,0.0,0.0,42536.78490892691,2.3164337002076567,,cwc
2021-07-08,Pong,-0.8964406918571559,0.0,0.0,0.0,43480.86970992578,4.302410623635168,,cwc
2021-07-09,Pong,-0.8448485395019015,0.0,0.0,0.0,47539.2676494411,8.49583018353149,,model
2021-07-10,Pong,-0.8170326019511838,0.0,0.0,0.0,50921.62789960642,9.313475994938226,,model
2021-07-11,Pong,-0.7977830229402976,0.0,0.0,0.0,74387.0990595189,46.62583323326245,,cwc
2021-07-12,Pong,-0.7990895422169246,0.0,0.0,0.0,148969.84998653177,60.412358566080535,,cwc
2021-07-13,Pong,-0.7952502594327706,0.0,0.0,0.0,175435.713689375,14.7437074464885,,model
2021-07-14,Pong,-0.7769518521706582,0.0,0.0,0.0,115600.99703087367,12.135556556470268,,model
2021-07-15,Pong,-0.7864237778712962,0.0,0.0,0.0,95465.36194868087,7.639151961189331,,cwc
2021-07-16,Pong,-0.7626312958944755,0.0,0.0,0.0,63660.17127920139,1.3025169112387949,,model
2021-07-17,Pong,-0.7497543840348153,0.0,0.0,0.0,55261.85742559368,8.600917471266055,,model
2021-07-18,Pong,-0.743332909655833,0.0,0.0,0.0,91649.38266378094,62.16247346106363,,model
2021-07-19,Pong,-0.7384775204551524,0.0,0.0,0.0,150705.73058092804,25.743742241122803,,model
2021-07-20,Pong,-0.7362391865899955,0.0,0.0,0.0,105475.65427840698,8.433278545054348,,model
2021-07-21,Pong,-0.7330728611318996,0.0,0.0,0.0,78005.76260323205,2.5662082679206577,,model
2021-07-22,Pong,-0.7667245764226436,0.0,0.0,0.0,61760.14589180668,8.39967487634539,,cwc
2021-07-23,Pong,-0.7477306785865586,0.0,0.0,0.0,57818.96922945218,2.530573398519922,,model
2021-07-24,Pong,-0.7194652552469315,0.0,0.0,0.0,51232.943414661306,10.051658102834056,,model
2021-07-25,Pong,-0.695603789421803,0.0,0.0,0.0,53568.3073269347,6.56778250522309,,model
2021-07-26,Pong,-0.6717412833101413,0.0,0.0,0.0,59491.1153317276,21.26983171273776,,model
2021-07-27,Pong,-0.6594665386656983,0.0,0.0,0.0,93399.63945504976,42.55382468407798,,model
2021-07-28,Pong,-0.6541817667452243,0.0,0.0,0.0,116732.1634104894,18.15206642390279,,model
2021-07-29,Pong,-0.6622932901978617,0.0,0.0,0.0,105649.25756435664,23.433407962462947,,cwc
2021-07-30,Pong,-0.6594142215135015,0.0,0.0,0.0,105651.87552732788,12.48009521199153,,model
2021-07-31,Pong,-0.656358845627412,0.0,0.0,0.0,76490.36139241022,4.587911441748197,,model
2021-08-01,Pong,-0.6530294940055019,0.0,0.0,0.0,58899.544652752455,3.237907491846785,,model
2021-08-02,Pong,-0.6518668210446945,0.0,0.0,0.0,52346.895756093974,7.230070838645303,,model
2021-08-03,Pong,-0.6511149629537227,0.0,0.0,0.0,52845.40303766833,6.273497145837211,,model
2021-08-04,Pong,-0.6497572264051997,0.0,0.0,0.0,53289.093992981085,10.8274774032343,,model
2021-08-05,Pong,-0.6446615153594031,0.0,0.0,0.0,53978.575504604625,5.484881486475778,,cwc
2021-08-06,Pong,-0.6424382373979606,0.0,0.0,0.0,48525.95805296693,2.612204060660249,,model
2021-08-07,Pong,-0.6409726024980372,0.0,0.0,0.0,47492.11008608967,5.1528360457249125,,model
2021-08-08,Pong,-0.6397973020055021,0.0,0.0,0.0,49016.85093046275,6.583789076467294,,model
2021-08-09,Pong,-0.6391613421596919,0.0,0.0,0.0,50995.25420479324,7.96894116008479,,model
2021-08-10,Pong,-0.639176314226949,0.0,0.0,0.0,51195.0540474854,6.072769182948358,,model
2021-08-11,Pong,-0.6392732558561345,0.0,0.0,0.0,49288.38562751331,4.523678635395624,,model
2021-08-12,Pong,-0.6225405488143066,0.0,0.0,0.0,48557.73623083256,5.195028590915235,,cwc
2021-08-13,Pong,-0.6245036062005141,0.0,0.0,0.0,47200.44302648944,2.832894944237313,,model
2021-08-14,Pong,-0.6265035539607733,0.0,0.0,0.0,45562.321613869666,3.871425727089502,,model
2021-08-15,Pong,-0.6259234337649556,0.0,0.0,0.0,45356.038757118506,3.01635732317869,,model
2021-08-16,Pong,-0.622657846744292,0.0,0.0,0.0,42821.41434881207,0.0,,model
2021-08-17,Pong,-0.6196796363311654,0.0,0.0,0.0,40659.81151946466,0.0,,model
2021-08-18,Pong,-0.615677556586006,0.0,0.0,0.0,40566.97398847186,0.8907533854033519,,model
2021-08-19,Pong,-0.6045489676242534,0.0,0.0,0.0,47059.91815055444,14.98553441778042,,cwc
2021-08-20,Pong,-0.6012478832203143,0.0,0.0,0.0,53818.10686484036,6.503241875413787,,model
2021-08-21,Pong,-0.595342482374258,0.0,0.0,0.0,53094.90100437832,11.72919420962286,,model
2021-08-22,Pong,-0.5892235380889378,0.0,0.0,0.0,55671.54879634784,4.624574437791284,,model
2021-08-23,Pong,-0.5805500699723218,0.0,0.0,0.0,48781.32711399898,3.0802900052493314,,model
2021-08-24,Pong,-0.5718357930026191,0.0,0.0,0.0,53907.43882486287,13.197428414368954,,model
2021-08-25,Pong,-0.5698780020293408,0.0,0.0,0.0,60461.40621135511,12.089129046319146,,model
2021-08-26,Pong,-0.5716653499913343,0.0,0.0,0.0,60998.805090347305,10.50416965467214,,cwc
2021-08-27,Pong,-0.5713257450522057,0.0,0.0,0.0,67427.46545111289,20.377611923753307,,model
2021-08-28,Pong,-0.5720183565266592,0.0,0.0,0.0,67530.16414313276,2.506706857330097,,model
2021-08-29,Pong,-0.5721959209964366,0.0,0.0,0.0,50526.935137729684,2.75247406229285,,model
2021-08-30,Pong,-0.5716485464465751,0.0,0.0,0.0,49735.84254799744,4.791662264168974,,model
2021-08-31,Pong,-0.5724033077675216,0.0,0.0,0.0,46454.64256929198,2.264691206016917,,model
2021-09-01,Pong,-0.5738005841222089,0.0,0.0,0.0,43856.98868936671,1.7029372253384067,,model
2021-09-02,Pong,-0.5352591922615489,0.0,0.0,0.0,45153.14503064982,6.916748756829306,,cwc
2021-09-03,Pong,-0.5319666596351614,0.0,0.0,0.0,46977.5111541633,3.5494805110372947,,model
2021-09-04,Pong,-0.5251523496307929,0.0,0.0,0.0,43700.58370708316,0.4805920514301535,,model
2021-09-05,Pong,-0.5185498817135312,0.0,0.0,0.0,42083.64403402052,1.3773950828942878,,model
2021-09-06,Pong,-0.5058606493031745,0.0,0.0,0.0,43449.788517809066,4.607210839383523,,model
2021-09-07,Pong,-0.4920737934725552,0.0,0.0,0.0,53885.91760330089,21.11096788245345,,model
2021-09-08,Pong,-0.47364018283638326,0.0,0.0,0.0,62748.74767436823,8.350931169604575,,model
2021-09-09,Pong,-0.46067894391523834,0.0,0.0,0.0,62215.63038204144,17.912413348600616,,cwc
2021-09-10,Pong,-0.4557979488251352,0.0,0.0,0.0,77533.4524914665,19.57839397342077,,model
2021-09-11,Pong,-0.4506568924392913,0.0,0.0,0.0,80295.7082537511,14.209359174507382,,model
2021-09-12,Pong,-0.444796388250029,0.0,0.0,0.0,91989.63260030923,28.32211670314185,,model
2021-09-13,Pong,-0.4403566131914775,0.0,0.0,0.0,87734.95396319141,3.058425415636305,,model
2021-09-14,Pong,-0.44108580996049973,0.0,0.0,0.0,57883.408466352594,4.677244830655586,,model
2021-09-15,Pong,-0.44183622920750915,0.0,0.0,0.0,58537.873193913394,8.254086674661522,,model
2021-09-16,Pong,-0.4698680764163661,0.0,0.0,0.0,60348.42023943891,13.466785712468573,,cwc
2021-09-17,Pong,-0.4642215095740445,0.0,0.0,0.0,56773.04351596032,0.6314367227668929,,model
2021-09-18,Pong,-0.46275179567291647,0.0,0.0,0.0,43764.91891491421,0.4281151514956606,,model
2021-09-19,Pong,-0.45822719498906234,0.0,0.0,0.0,43711.510878033914,2.819570632172371,,model
2021-09-20,Pong,-0.45475470295433507,0.0,0.0,0.0,53513.28378968158,20.309480416394667,,model
2021-09-21,Pong,-0.4555828601025685,0.0,0.0,0.0,59810.03006076192,2.991639062925582,,model
2021-09-22,Pong,-0.4570160118020862,0.0,0.0,0.0,49298.65075521931,6.698608902368685,,model
2021-09-23,Pong,-0.4489494742860911,0.0,0.0,0.0,56986.513881074825,13.436152445670134,,cwc
2021-09-24,Pong,-0.4505667621992037,0.0,0.0,0.0,54338.79962411696,0.3177104168955132,,model
2021-09-25,Pong,-0.4517418216619502,0.0,0.0,0.0,43515.87732864,0.0,,model
2021-09-26,Pong,-0.45293918184655657,0.0,0.0,0.0,41993.360903984976,0.6665172236816911,,model
2021-09-27,Pong,-0.4535141542363616,0.0,0.0,0.0,40462.15830262719,0.2153387401074294,,model
2021-09-28,Pong,-0.4540516941429099,0.0,0.0,0.0,41529.9676238687,3.0091979173023145,,model
2021-09-29,Pong,-0.4556594944572989,0.0,0.0,0.0,42642.8703396088,2.360084692130451,,model
2021-09-30,Pong,-0.4532386078249331,0.0,0.0,0.0,42586.74881712355,2.3086163040317165,,cwc
2022-06-02,Pong,-0.7745810427990075,0.0,0.0,0.0,40298.175320203714,0.0,,cwc
2022-06-03,Pong,-0.7768750405128065,0.0,0.0,0.0,39834.91437216282,0.0,,model
2022-06-04,Pong,-0.7791558596526407,0.0,0.0,0.0,39826.974127344176,0.0,,model
2022-06-05,Pong,-0.7814305616411459,0.0,0.0,0.0,39826.974127344176,0.0,,model
2022-06-06,Pong,-0.7835168492013136,0.0,0.0,0.0,39826.974127344176,0.0,,model
2022-06-07,Pong,-0.7851740378647364,0.0,0.0,0.0,39826.974127344176,0.0,,model
2022-06-08,Pong,-0.7863643007428155,0.0,0.0,0.0,39860.139046387645,0.083594032316305,,model
2022-06-09,Pong,-0.7920048025904671,0.0,0.0,0.0,39875.53333936184,0.009153810540986,,cwc
2022-06-10,Pong,-0.7961698194843367,0.0,0.0,0.0,40349.69308373774,1.2819632895101531,,cwc
2022-06-11,Pong,-0.797152464477563,0.0,0.0,0.0,41429.554243989296,2.1949824275755594,,cwc
2022-06-12,Pong,-0.7963907949613395,0.0,0.0,0.0,42604.60974783019,3.321641444020781,,cwc
2022-06-13,Pong,-0.7977842482244832,0.0,0.0,0.0,42189.44472243716,0.0,,cwc
2022-06-14,Pong,-0.7974246523147289,0.0,0.0,0.0,40429.77372932715,0.0008530177939778,,cwc
2022-06-15,Pong,-0.7982817200394949,0.0,0.0,0.0,46051.48095703103,13.337492997828798,,cwc
2022-06-16,Pong,-0.7977434564713235,0.0,0.0,0.0,51929.781493512266,5.32525029829901,,model
2022-06-17,Pong,-0.7971921200749145,0.0,0.0,0.0,50951.17738028103,10.085105402724,,model
2022-06-18,Pong,-0.7979743644598762,0.0,0.0,0.0,56582.63690504725,10.631944165847042,,model
2022-06-19,Pong,-0.799506900150511,0.0,0.0,0.0,52169.87064596373,0.7781714010608078,,model
2022-06-20,Pong,-0.8016086416150389,0.0,0.0,0.0,46954.58265135551,4.722733919100129,,model
2022-06-21,Pong,-0.8038345087494967,0.0,0.0,0.0,46987.481452950255,2.8178692667940024,,model
2022-06-22,Pong,-0.8061265753801112,0.0,0.0,0.0,43631.42041251416,1.3248005030715395,,model
2022-06-23,Pong,-0.8612025177292103,0.0,0.0,0.0,41743.253264995015,0.0,,cwc
2022-06-24,Pong,-0.8577904871302295,0.0,0.0,0.0,40310.8021165989,0.0451887166201557,,model
2022-06-25,Pong,-0.8524018256443179,0.0,0.0,0.0,39998.43009475375,0.0,,model
2022-06-26,Pong,-0.8463865680096986,0.0,0.0,0.0,39831.83385022864,0.0,,model
2022-06-27,Pong,-0.8420273485532969,0.0,0.0,0.0,44543.94333782576,11.62039747697135,,model
2022-06-28,Pong,-0.836336379605011,0.0,0.0,0.0,54186.64366041964,14.721709547245174,,model
2022-06-29,Pong,-0.8247052659255676,0.0,0.0,0.0,59160.990924282225,11.27329499755528,,model
2022-06-30,Pong,-0.865911064812939,0.0,0.0,0.0,60737.86946973004,10.985171066610109,,cwc
2022-07-01,Pong,-0.8372476462981379,0.0,0.0,0.0,56570.31900032504,2.3716316362180407,,cwc_level
2022-07-02,Pong,-0.8480910089274148,0.0,0.0,0.0,59921.771456575574,19.04967654794461,,cwc
2022-07-03,Pong,-0.8473223609531355,0.0,0.0,0.0,74870.61339046841,16.38869543057528,,cwc
2022-07-04,Pong,-0.8479357121566858,0.0,0.0,0.0,63463.69215386574,2.6208510158457816,,cwc
2022-07-05,Pong,-0.8491665587040835,0.0,0.0,0.0,66395.46677931846,24.27567575564601,,cwc
2022-07-06,Pong,-0.8410338851400364,0.0,0.0,0.0,70825.4867699953,0.7244873470841349,,cwc
2022-07-07,Pong,-0.8338366761379435,0.0,0.0,0.0,64717.2765857688,23.262699092124222,,cwc
2022-07-08,Pong,-0.8296729828269365,0.0,0.0,0.0,71446.88777713136,0.682453811728975,,cwc
2022-07-09,Pong,-0.8218116694254116,0.0,0.0,0.0,57627.64829317037,17.442579517292227,,cwc
2022-07-10,Pong,-0.8015616516192172,0.0,0.0,0.0,84818.30731487514,25.30844091359929,,cwc
2022-07-11,Pong,-0.7826841310935881,0.0,0.0,0.0,74509.4996517082,2.953670425093708,,cwc
2022-07-12,Pong,-0.7776285091531244,0.0,0.0,0.0,71353.43370154205,22.74555220046281,,cwc
2022-07-13,Pong,-0.7680512490961999,0.0,0.0,0.0,79499.81982291819,9.60095317857054,,cwc
2022-07-14,Pong,-0.7738495165022118,0.0,0.0,0.0,93219.99278102761,39.95919521411404,,cwc
2022-07-15,Pong,-0.7675719805053183,0.0,0.0,0.0,112991.92901304994,8.209421404285548,,model
2022-07-16,Pong,-0.7590811181265116,0.0,0.0,0.0,77708.85488996195,17.046823205921875,,model
2022-07-17,Pong,-0.756108184935267,0.0,0.0,0.0,76490.07875358163,1.1173071139591324,,model
2022-07-18,Pong,-0.7540999534680701,0.0,0.0,0.0,46801.081962825156,0.0815666666979653,,model
2022-07-19,Pong,-0.7475213808972483,0.0,0.0,0.0,61397.91361979087,21.72193572331229,,model
2022-07-20,Pong,-0.7387475726739516,0.0,0.0,0.0,66967.92373381856,8.748663270936946,,model
2022-07-21,Pong,-0.7193943012037091,0.0,0.0,0.0,53081.62045999176,1.303314585031517,,cwc
2022-07-22,Pong,-0.7114889884325047,0.0,0.0,0.0,50653.87261228317,8.613456445432705,,cwc
2022-07-23,Pong,-0.7025886340681349,0.0,0.0,0.0,62155.49586124255,19.91898179653792,,cwc
2022-07-24,Pong,-0.6931304937077661,0.0,0.0,0.0,67679.9792302016,6.066101365329424,,cwc
2022-07-25,Pong,-0.6854172207875792,0.0,0.0,0.0,53914.75030183879,5.283381324606,,cwc
2022-07-26,Pong,-0.6696493651893102,0.0,0.0,0.0,54501.16000318006,8.737874709423211,,cwc
2022-07-27,Pong,-0.6527686449863428,0.0,0.0,0.0,63242.685525688605,18.40302983199326,,cwc
2022-07-28,Pong,-0.6431709926491842,0.0,0.0,0.0,71243.2063303678,12.309250894847198,,cwc
2022-07-29,Pong,-0.6277062891976111,0.0,0.0,0.0,65019.37116426599,11.420191812265688,,cwc
2022-07-30,Pong,-0.619664062532929,0.0,0.0,0.0,71115.39918231357,18.32368839773418,,cwc
2022-07-31,Pong,-0.6083863413659552,0.0,0.0,0.0,83903.31536296279,21.749430777574755,,cwc
2022-08-01,Pong,-0.5746498419355168,0.0,0.0,0.0,73907.69257497299,0.0364791759233983,,cwc
2022-08-02,Pong,-0.5457473314299691,0.0,0.0,0.0,48033.69581597818,0.2198141111018286,,cwc
2022-08-03,Pong,-0.5249613762459637,0.0,0.0,0.0,54194.4405898809,14.19465125329927,,cwc
2022-08-04,Pong,-0.5145545469204436,0.0,0.0,0.0,73337.66010327746,25.58043669064541,,cwc
2022-08-05,Pong,-0.5127319335271098,0.0,0.0,0.0,91553.03908690807,26.897083927734457,,model
2022-08-06,Pong,-0.5003390862815137,0.0,0.0,0.0,90237.76554383963,14.68947098568813,,model
2022-08-07,Pong,-0.47709315873975966,0.0,0.0,0.0,75410.38001025126,5.818743732891796,,model
2022-08-08,Pong,-0.47022080950564143,0.0,0.0,0.0,60764.78671570312,3.848855308844564,,model
2022-08-09,Pong,-0.46788422526198753,0.0,0.0,0.0,50186.75011412276,1.4386648110780191,,model
2022-08-10,Pong,-0.4544085542921058,0.0,0.0,0.0,76787.57588743044,45.94124247716757,,model
2022-08-11,Pong,-0.40651601606967547,0.0,0.0,0.0,104100.20700769912,11.490938238634488,,cwc
2022-08-12,Pong,-0.3943127327092206,0.0,0.0,0.0,62894.807965954176,0.0,,model
2022-08-13,Pong,-0.3855726286521462,0.0,0.0,0.0,51480.19822823412,0.6749564959491049,,model
2022-08-14,Pong,-0.3764108467643515,0.0,0.0,0.0,79512.5870494836,47.25181128522453,,model
2022-08-15,Pong,-0.34465678409196526,0.0,0.0,0.0,126093.57829027122,16.232258358188652,,model
2022-08-16,Pong,-0.3018638087867541,0.0,0.0,0.0,76310.52344450138,7.202546561206009,,model
2022-08-17,Pong,-0.28443078820954487,0.0,0.0,0.0,67595.16004208902,7.30682150068145,,model
2022-08-18,Pong,-0.2206320072065041,0.0,0.0,0.0,68656.34550536583,16.355365012924057,,cwc
2022-08-19,Pong,-0.21537513952388376,0.0,0.0,0.0,125511.59898151693,59.707733341561664,,model
2022-08-20,Pong,-0.20776516917815838,0.0,0.0,0.0,153291.89180916268,18.074506066234346,,model
2022-08-21,Pong,-0.2063332021898027,0.0,0.0,0.0,89471.56893199492,1.8175976246255905,,model
2022-08-22,Pong,-0.2066692336483406,0.0,0.0,0.0,63071.53760312004,0.6057193723846532,,model
2022-08-23,Pong,-0.20778200118054907,0.0,0.0,0.0,58829.32144105651,13.077069085371797,,model
2022-08-24,Pong,-0.20769846501847372,0.0,0.0,0.0,64751.08957247467,6.7370303898376935,,model
2022-08-25,Pong,-0.19255933912952475,0.0,0.0,0.0,49203.6576770934,1.7190073006300877,,cwc
2022-08-26,Pong,-0.19273962067722009,0.0,0.0,0.0,44754.350375985116,1.7871017184133753,,model
2022-08-27,Pong,-0.1932631462915782,0.0,0.0,0.0,42799.6328875793,0.9361708659185978,,model
2022-08-28,Pong,-0.1937445510108956,0.0,0.0,0.0,45810.2253293727,8.695440487140639,,model
2022-08-29,Pong,-0.19287829620334063,0.0,0.0,0.0,49134.92787195653,5.319467398484316,,model
2022-08-30,Pong,-0.1858817069128022,0.0,0.0,0.0,45146.3072901308,0.6944917521885543,,model
2022-08-31,Pong,-0.17748993001152025,0.0,0.0,0.0,44282.50656985935,4.389696345928208,,model
2022-09-01,Pong,-0.12787124219373225,0.0,0.0,0.0,44388.507118764624,1.2947374724805174,,cwc
2022-09-02,Pong,-0.12722731389323322,0.0,0.0,0.0,47779.998430794425,12.035582786874285,,model
2022-09-03,Pong,-0.12879997821871325,0.0,0.0,0.0,63207.4678504082,24.9055914653721,,model
2022-09-04,Pong,-0.1308825130035714,0.0,0.0,0.0,66718.5673277884,2.772568029833894,,model
2022-09-05,Pong,-0.1327563378310338,0.0,0.0,0.0,50389.58674162477,2.391789846770213,,model
2022-09-06,Pong,-0.133770357233958,0.0,0.0,0.0,47220.496270138196,1.0520355639040262,,model
2022-09-07,Pong,-0.1344223726271682,0.0,0.0,0.0,41642.2663957395,0.0,,model
2022-09-08,Pong,-0.1307187993848323,0.0,0.0,0.0,40359.13723829236,0.0532048763046641,,cwc
2022-09-09,Pong,-0.13261481336678071,0.0,0.0,0.0,40884.37227958227,2.0961297757106823,,model
2022-09-10,Pong,-0.13390928476529457,0.0,0.0,0.0,43048.140330200484,4.595541614880559,,model
2022-09-11,Pong,-0.13431973056308194,0.0,0.0,0.0,43959.15192428921,2.486007190113366,,model
2022-09-12,Pong,-0.134716800962375,0.0,0.0,0.0,42129.21045641343,0.0177640477048184,,model
2022-09-13,Pong,-0.13538499856469854,0.0,0.0,0.0,40828.5315251782,0.442446763324457,,model
2022-09-14,Pong,-0.13680758970659318,0.0,0.0,0.0,42342.360800936774,4.286853300894912,,model
2022-09-15,Pong,-0.16843831382593324,0.0,0.0,0.0,44567.08083199223,4.110753940307082,,cwc
2022-09-16,Pong,-0.1674431154752649,0.0,0.0,0.0,44600.741075461345,3.409820730192848,,model
2022-09-17,Pong,-0.16546859592731541,0.0,0.0,0.0,43918.428120893026,1.9226258151718445,,model
2022-09-18,Pong,-0.1637697291727748,0.0,0.0,0.0,42019.93737876584,0.0468146379735535,,model
2022-09-19,Pong,-0.16344264123897212,0.0,0.0,0.0,43318.1092591307,5.827723232301349,,model
2022-09-20,Pong,-0.15791618346713104,0.0,0.0,0.0,48104.495009857215,8.3609604474384,,model
2022-09-21,Pong,-0.14013416051546584,0.0,0.0,0.0,50569.033913072315,7.757543832293848,,model
2022-09-22,Pong,-0.14092195076906058,0.0,0.0,0.0,49875.331953978355,4.245643085356824,,cwc
2022-09-23,Pong,-0.13858354066092007,0.0,0.0,0.0,46423.14253981971,1.9563599735438808,,model
2022-09-24,Pong,-0.138276607480782,0.0,0.0,0.0,59507.76612769316,28.490851997961723,,model
2022-09-25,Pong,-0.14004735667030882,0.0,0.0,0.0,90349.86088722807,29.79315263148153,,model
2022-09-26,Pong,-0.14225941624603336,0.0,0.0,0.0,81162.54253456483,0.0,,model
2022-09-27,Pong,-0.14450178068321537,0.0,0.0,0.0,51484.79315998054,0.0,,model
2022-09-28,Pong,-0.14674011745580834,0.0,0.0,0.0,46372.42151526806,1.2308978650639204,,model
2022-09-29,Pong,-0.13145937600354993,0.0,0.0,0.0,41143.77023846575,0.0246417172998618,,cwc
2022-09-30,Pong,-0.13366284073594198,0.0,0.0,0.0,40033.1779034926,0.0,,model
2023-06-01,Pong,-0.6177148474895453,0.0,0.0,0.0,71842.31618058743,5.842239047828077,,cwc
2023-06-02,Pong,-0.6181880213824357,0.0,0.0,0.0,51438.92070786423,0.1185757322908277,,model
2023-06-03,Pong,-0.6197290298301964,0.0,0.0,0.0,45587.40172444942,0.1472741808392988,,model
2023-06-04,Pong,-0.621455033671279,0.0,0.0,0.0,41078.052400431865,0.3317035523422362,,model
2023-06-05,Pong,-0.6235525214183136,0.0,0.0,0.0,43749.102742031646,5.990842836912997,,model
2023-06-06,Pong,-0.6249318295656691,0.0,0.0,0.0,44409.220641550986,1.3903594788749658,,model
2023-06-07,Pong,-0.626042847519275,0.0,0.0,0.0,41721.93090455528,0.7488375606233014,,model
2023-06-08,Pong,-0.6285159945366745,0.0,0.0,0.0,41256.37543100618,0.3646530528046172,,cwc
2023-06-09,Pong,-0.6298308735781655,0.0,0.0,0.0,40321.50693160156,0.0750072627414751,,model
2023-06-10,Pong,-0.6300450255737094,0.0,0.0,0.0,42128.86244256025,4.721684631797381,,model
2023-06-11,Pong,-0.6306644976096552,0.0,0.0,0.0,42804.03583989184,0.2169627005746457,,model
2023-06-12,Pong,-0.6324459461283651,0.0,0.0,0.0,40510.52452689196,0.0573549380554692,,model
2023-06-13,Pong,-0.6344654450605743,0.0,0.0,0.0,42291.00336051798,4.447254848853272,,model
2023-06-14,Pong,-0.6352518088676794,0.0,0.0,0.0,45061.06964121206,5.347871773765412,,model
2023-06-15,Pong,-0.6411295912143679,0.0,0.0,0.0,44041.0498452594,0.1916871133730545,,cwc
2023-06-16,Pong,-0.6428942687766439,0.0,0.0,0.0,41116.84453412734,0.1083730180698812,,model
2023-06-17,Pong,-0.6437383831412308,0.0,0.0,0.0,40517.77192482986,0.0222862576783212,,model
2023-06-18,Pong,-0.6431692216856659,0.0,0.0,0.0,43621.05356233325,8.112804823126906,,model
2023-06-19,Pong,-0.6376274871488432,0.0,0.0,0.0,45170.94652183242,0.0051034379479143,,model
2023-06-20,Pong,-0.6252240328099301,0.0,0.0,0.0,41159.049966512684,0.8820307838290021,,model
2023-06-21,Pong,-0.6099706977378623,0.0,0.0,0.0,43475.7197372397,4.878917524093934,,model
2023-06-22,Pong,-0.6080155380786751,0.0,0.0,0.0,47032.339617833786,7.998023405413099,,cwc
2023-06-23,Pong,-0.603428589834712,0.0,0.0,0.0,59546.21130963813,24.42768436143342,,model
2023-06-24,Pong,-0.6003450537694108,0.0,0.0,0.0,76814.26947294925,21.351215959975995,,model
2023-06-25,Pong,-0.5994042806660731,0.0,0.0,0.0,83986.21873319474,19.65959624557452,,model
2023-06-26,Pong,-0.5991215719139505,0.0,0.0,0.0,77157.45988714596,3.6206431630532414,,model
2023-06-27,Pong,-0.5998558122054719,0.0,0.0,0.0,57143.416425240626,4.421865322895845,,model
2023-06-28,Pong,-0.6007873971040119,0.0,0.0,0.0,53359.96130125688,3.973749607573934,,model
2023-06-29,Pong,-0.5991696795624631,0.0,0.0,0.0,47967.529589588536,3.67355052337252,,model
2023-06-30,Pong,-0.6016461223024535,0.0,0.0,0.0,46311.458834772166,3.3578345118208777,,cwc
2023-07-01,Pong,-0.5978609401433916,0.0,0.0,0.0,43752.22649342571,1.136427144076388,,model
2023-07-02,Pong,-0.591353176887337,0.0,0.0,0.0,43255.59325125028,3.5461763338500285,,model
2023-07-03,Pong,-0.5876215976652653,0.0,0.0,0.0,49671.11356991867,13.896247434000434,,model
2023-07-04,Pong,-0.5585594872687059,0.0,0.0,0.0,54558.40009813524,6.272882256333002,,model
2023-07-05,Pong,-0.4437181595533524,0.0,0.0,0.0,55125.708942748584,13.604757219422222,,model
2023-07-06,Pong,-0.32201650419161887,0.0,0.0,0.0,61977.29864521311,11.082126917186889,,cwc
2023-07-07,Pong,-0.25253465007585096,0.0,0.0,0.0,54990.81293119915,1.4784411783073703,,model
2023-07-08,Pong,-0.22272922193013464,0.0,0.0,0.0,118737.08911918305,105.54266487869444,,model
2023-07-09,Pong,-0.20084493882777335,0.0,0.0,0.0,334607.2436266518,83.83762305082367,,model
2023-07-10,Pong,-0.18524090081238448,0.0,0.0,0.0,353971.552879463,35.70203156836072,,model
2023-07-11,Pong,-0.16335571351612427,0.0,0.0,0.0,220456.55677753498,2.2691911246784287,,model
2023-07-12,Pong,-0.14210093478844707,0.0,0.0,0.0,120607.70676264202,11.24479762404754,,model
2023-07-13,Pong,-0.24433469372996375,0.0,0.0,0.0,100673.52156216123,8.379052529735358,,cwc
2023-07-14,Pong,-0.22843519684418442,0.0,0.0,0.0,84868.7903038771,19.75955866030986,,model
2023-07-15,Pong,-0.21148753187883665,0.0,0.0,0.0,100675.79703730282,36.52113749490637,,model
2023-07-16,Pong,-0.2004306143788813,0.0,0.0,0.0,99089.32423705468,9.481008469173956,,model
2023-07-17,Pong,-0.18460159453814884,0.0,0.0,0.0,73896.67104196636,9.212199945256808,,model
2023-07-18,Pong,-0.1684747007482521,0.0,0.0,0.0,85612.33581519546,25.50282365904234,,model
2023-07-19,Pong,-0.1611764066313377,0.0,0.0,0.0,88250.13331858526,7.341688988010937,,model
2023-07-20,Pong,-0.19170094830288845,0.0,0.0,0.0,73425.60349345538,16.29055091870077,,cwc
2023-07-21,Pong,-0.18608793798804854,0.0,0.0,0.0,85434.97478208004,24.77422529972328,,model
2023-07-22,Pong,-0.1807052311267508,0.0,0.0,0.0,86184.59802929248,10.388155606058834,,model
2023-07-23,Pong,-0.16975108780267897,0.0,0.0,0.0,63966.73180176091,1.4851474115399992,,model
2023-07-24,Pong,-0.1564794338296635,0.0,0.0,0.0,57796.099900949994,12.347943592916724,,model
2023-07-25,Pong,-0.14629208440349678,0.0,0.0,0.0,59725.58241716471,4.811102330846079,,model
2023-07-26,Pong,-0.14252048207749812,0.0,0.0,0.0,59146.005642583325,16.017213978631542,,model
2023-07-27,Pong,-0.1818917034002716,0.0,0.0,0.0,73166.96418756277,22.73917514553,,cwc
2023-07-28,Pong,-0.18197026696039864,0.0,0.0,0.0,78999.1622128829,15.182169498363018,,model
2023-07-29,Pong,-0.18127457939714411,0.0,0.0,0.0,71237.26696730257,6.653898945729114,,model
2023-07-30,Pong,-0.17899810657733117,0.0,0.0,0.0,55091.5342235897,0.3923217563723947,,model
2023-07-31,Pong,-0.17436736243347614,0.0,0.0,0.0,45373.68321437739,1.1850977134131178,,model
2023-08-01,Pong,-0.17109165252330097,0.0,0.0,0.0,45402.28861496554,4.747874175896121,,model
2023-08-02,Pong,-0.16854868193432282,0.0,0.0,0.0,47350.752530307815,6.205125933894911,,model
2023-08-03,Pong,-0.23378462437016612,0.0,0.0,0.0,51328.92309705684,12.234513731101758,,cwc
2023-08-04,Pong,-0.23252275561728603,0.0,0.0,0.0,57253.632255741344,12.087499142813751,,model
2023-08-05,Pong,-0.22954933917193254,0.0,0.0,0.0,53843.5819133575,1.270383317785867,,model
2023-08-06,Pong,-0.2177376617692849,0.0,0.0,0.0,51999.585716788846,11.56086733452756,,model
2023-08-07,Pong,-0.18875745610951736,0.0,0.0,0.0,55512.521907156675,4.3732853656006965,,model
2023-08-08,Pong,-0.1544314570389916,0.0,0.0,0.0,48775.59207424368,4.329327428584653,,model
2023-08-09,Pong,-0.07985350902356726,0.0,0.0,0.0,53082.83660700744,11.900747147052629,,model
2023-08-10,Pong,0.026003463792188045,0.16010332656850057,65439.76410611396,0.0,75325.01621722378,39.79288724613855,5.0,cwc
2023-08-11,Pong,0.08464883280315792,0.5211828635690434,146016.34707275967,0.0,118530.96939999245,33.70734731364373,4.0,model
2023-08-12,Pong,0.10798200910043747,0.6648452300313927,146402.78780444726,0.0,131984.07943778424,33.46311773302533,3.0,model
2023-08-13,Pong,0.11520145348489352,0.7092953491064886,146793.13197786958,0.0,233281.27833468054,99.41916813025806,2.0,model
2023-08-14,Pong,0.11690521391668972,0.7197854020850576,147187.41902173034,69382.83328132235,374722.5232870807,35.027291392333375,1.0,model
2023-08-15,Pong,0.08849009238361073,0.5538745719000451,147585.68876300362,147585.68876300362,193185.68876300377,1.7936650232091629,1.0,model
2023-08-16,Pong,0.02839762937460531,0.19568909145751423,58719.775370812786,58719.775370812786,104319.77537081305,2.769864692595995,1.0,model
2023-08-17,Pong,-0.0017655724983176586,0.008615775044133578,3521.565095264999,0.0,63768.30024152187,3.332335835970801,2.0,cwc_level
2023-08-18,Pong,0.007320222485230212,0.04507060984156208,14502.081430695604,3919.8348365382894,49887.64727811264,2.030269211251276,1.0,model
2023-08-19,Pong,0.030170818421611543,0.18576172902186183,59855.81704126559,0.0,43473.94258000426,1.064501113473037,4.0,model
2023-08-20,Pong,0.055855331122155745,0.34390127371911206,63067.75688002618,0.0,41958.274011969515,1.8085482629782788,3.0,model
2023-08-21,Pong,0.07003902200102574,0.4312302584603138,63454.19761171413,0.0,46947.81553619405,12.030526533628317,2.0,model
2023-08-22,Pong,0.07616893047318431,0.46897210492339436,63844.54178513606,18445.1506059029,68465.11847773571,37.353083521960286,1.0,model
2023-08-23,Pong,0.06916281086389933,0.42768416351898875,64238.82882899683,61425.15873150954,107025.15873150973,36.099182269559655,1.0,model
2023-08-24,Pong,0.001830172613601994,0.021306928843034534,8708.878367479594,0.0,110237.09857027045,11.797576793221848,3.0,cwc
2023-08-25,Pong,-0.0002207948174701753,0.023297704815034237,9501.43515261402,0.0,81294.37489886039,6.0684911841712985,2.0,model
2023-08-26,Pong,-0.002393745728263476,0.02523675486400201,9899.70489388731,9899.70489388731,61026.39732982977,0.1504645070130207,1.0,model
2023-08-27,Pong,-0.0078052718360146645,0.001990775971999703,813.6989579666321,813.6989579666321,46413.69895796657,2.1262321139058886,1.0,model
2023-08-28,Pong,-0.008419970025687158,0.0,0.0,0.0,43435.43881048319,0.3945461711978744,,model
2023-08-29,Pong,-0.008582816771819424,0.0,0.0,0.0,40438.57896965989,0.047301840379833,,model
2023-08-30,Pong,-0.00938483936437764,0.0,0.0,0.0,40131.59793814861,0.0,,model
2023-08-31,Pong,-0.07895835534832973,0.0,0.0,0.0,41881.17334842061,4.853002911011616,,cwc
2023-09-01,Pong,-0.0782479589925079,0.0,0.0,0.0,44866.762563257915,4.76363471780929,,model
2023-09-02,Pong,-0.07995879846752972,0.0,0.0,0.0,45190.18334105386,3.9482047179945807,,model
2023-09-03,Pong,-0.08172173195837139,0.0,0.0,0.0,43581.64699579177,0.0443413259410471,,model
2023-09-04,Pong,-0.0833969481747883,0.0,0.0,0.0,45491.04541747738,9.496926448444398,,model
2023-09-05,Pong,-0.08481048937543882,0.0,0.0,0.0,47387.76836495115,0.0651242673568555,,model
2023-09-06,Pong,-0.0846278013467352,0.0,0.0,0.0,41294.53775221721,0.3430223652192621,,cwc
2023-09-07,Pong,-0.08640013444818426,0.0,0.0,0.0,41163.439059603275,0.0,,model
2023-09-08,Pong,-0.08821874130066466,0.0,0.0,0.0,41384.186487417544,3.2774917844985243,,model
2023-09-09,Pong,-0.08981968884370337,0.0,0.0,0.0,42042.712268484924,0.0865405487129408,,model
2023-09-10,Pong,-0.09013838950417993,0.0,0.0,0.0,40858.32883976151,1.5008191009885852,,model
2023-09-11,Pong,-0.08513605016769124,0.0,0.0,0.0,41139.78419939881,0.2163602117956752,,model
2023-09-12,Pong,-0.0786031352986827,0.0,0.0,0.0,41023.332661403736,2.0917877110227607,,model
2023-09-13,Pong,-0.07340252877944502,0.0,0.0,0.0,41571.08945177576,0.6953687862850354,,model
2023-09-14,Pong,-0.061825835367337,0.0,0.0,0.0,44797.964693907015,10.13885563178247,,cwc
2023-09-15,Pong,-0.05200658205466598,0.0,0.0,0.0,58188.78081684274,23.01563813245182,,model
2023-09-16,Pong,-0.04961776506890719,0.0,0.0,0.0,62040.59465961156,1.4330455306974852,,model
2023-09-17,Pong,-0.049412327318837324,0.0,0.0,0.0,58687.73579348587,19.405704751895943,,model
2023-09-18,Pong,-0.05034398160336827,0.0,0.0,0.0,78807.59659106036,19.979905476659777,,model
2023-09-19,Pong,-0.05215534521183035,0.0,0.0,0.0,70310.92411436418,2.652955552756352,,model
2023-09-20,Pong,-0.05427253190934143,0.0,0.0,0.0,51611.6460364676,1.0025831608109776,,model
2023-09-21,Pong,-0.07828847725224594,0.0,0.0,0.0,46117.000273906066,2.411208375457873,,cwc
2023-09-22,Pong,-0.08057599474408916,0.0,0.0,0.0,43255.418635940616,0.8265742118160887,,model
2023-09-23,Pong,-0.0828699924578881,0.0,0.0,0.0,41041.56085529793,0.1630640917827422,,model
2023-09-24,Pong,-0.0851639901716871,0.0,0.0,0.0,40271.93297166227,0.0,,model
2023-09-25,Pong,-0.08744470763045414,0.0,0.0,0.0,39928.5060572526,0.0,,model
2023-09-26,Pong,-0.08923670810347403,0.0,0.0,0.0,39843.282116138915,0.0,,model
2023-09-27,Pong,-0.12683484148535532,0.0,0.0,0.0,39826.974127344176,0.0,,cwc
2023-09-28,Pong,-0.12849186016776618,0.0,0.0,0.0,39826.974127344176,0.0,,model
2023-09-29,Pong,-0.13024058515671916,0.0,0.0,0.0,39860.39493479895,0.0842390133607435,,model
2023-09-30,Pong,-0.13237172907697015,0.0,0.0,0.0,41090.28971026186,3.0659678594026114,,model
2024-06-01,Pong,-0.7515275216212722,0.0,0.0,0.0,40099.53413895469,0.125278665076793,,cwc
2024-06-02,Pong,-0.750585761660283,0.0,0.0,0.0,40113.48775704356,0.0330896200401634,,model
2024-06-03,Pong,-0.7522714784652345,0.0,0.0,0.0,40425.678976513016,1.378683483208253,,model
2024-06-04,Pong,-0.7540046650251294,0.0,0.0,0.0,40671.82697066808,0.1087575154545333,,model
2024-06-05,Pong,-0.7561888041824834,0.0,0.0,0.0,44966.07428325121,12.111940088274633,,model
2024-06-06,Pong,-0.7610926369438538,0.0,0.0,0.0,47970.013094572256,0.0429042276456865,,cwc
2024-06-07,Pong,-0.7633236636938623,0.0,0.0,0.0,41357.76092956995,0.0,,model
2024-06-08,Pong,-0.7655474159823321,0.0,0.0,0.0,41238.29955355824,0.0087252986596132,,model
2024-06-09,Pong,-0.7678084059560087,0.0,0.0,0.0,40103.44183473339,0.5592140678257745,,model
2024-06-10,Pong,-0.7700618448801662,0.0,0.0,0.0,40200.276153542065,0.0214513735095972,,model
2024-06-11,Pong,-0.772349142059059,0.0,0.0,0.0,39985.44551596101,0.2223310431296644,,model
2024-06-12,Pong,-0.7746075218695402,0.0,0.0,0.0,40003.75227120253,0.0,,model
2024-06-13,Pong,-0.7870279539510762,0.0,0.0,0.0,39910.04070434129,0.1450937236510573,,cwc
2024-06-14,Pong,-0.7883318709192485,0.0,0.0,0.0,39929.043515014295,0.0039941347138338,,model
2024-06-15,Pong,-0.7891203116619926,0.0,0.0,0.0,39843.83655102538,0.0,,model
2024-06-16,Pong,-0.7895479862850732,0.0,0.0,0.0,39916.60938554258,0.1889002137429335,,model
2024-06-17,Pong,-0.7912966075060193,0.0,0.0,0.0,41291.5191399087,3.4148837192380195,,model
2024-06-18,Pong,-0.7930328310425999,0.0,0.0,0.0,42318.59028116126,1.2530257229170791,,model
2024-06-19,Pong,-0.7940428250245245,0.0,0.0,0.0,43615.826790263265,6.2458374364072045,,model
2024-06-20,Pong,-0.8033989124585162,0.0,0.0,0.0,44523.723136570414,0.4508052035150321,,cwc
2024-06-21,Pong,-0.804764294562331,0.0,0.0,0.0,41199.45701372173,0.4192988222999608,,model
2024-06-22,Pong,-0.8052367078469239,0.0,0.0,0.0,41230.656762601364,0.7969869036031003,,model
2024-06-23,Pong,-0.804767469821925,0.0,0.0,0.0,43058.27061910157,5.799242545228215,,model
2024-06-24,Pong,-0.8046259759585169,0.0,0.0,0.0,44802.07956829458,2.113312013486922,,model
2024-06-25,Pong,-0.8039336092866183,0.0,0.0,0.0,42163.908427645976,0.5777525819473531,,model
2024-06-26,Pong,-0.8040234577531182,0.0,0.0,0.0,44411.13477222068,7.280830873614616,,model
2024-06-27,Pong,-0.8126939517752328,0.0,0.0,0.0,46780.874436996055,3.3178668544707133,,cwc
2024-06-28,Pong,-0.8083867170469091,0.0,0.0,0.0,45956.080448277346,5.324963204451019,,model
2024-06-29,Pong,-0.80014702117683,0.0,0.0,0.0,47342.39524572857,4.7687237632322095,,model
2024-06-30,Pong,-0.788019995187012,0.0,0.0,0.0,45373.88925952191,1.8027866489298072,,model
2024-07-01,Pong,-0.7606282029970994,0.0,0.0,0.0,47815.49451872083,9.835445862577432,,model
2024-07-02,Pong,-0.7209051482298029,0.0,0.0,0.0,56439.49533891928,14.882672132837634,,model
2024-07-03,Pong,-0.710811887124063,0.0,0.0,0.0,66335.84343813836,18.878017740093416,,model
2024-07-04,Pong,-0.718367061010497,0.0,0.0,0.0,76118.6157669045,18.79481652961392,,cwc
2024-07-05,Pong,-0.7176110397618165,0.0,0.0,0.0,114533.60183384856,58.52734657288989,,model
2024-07-06,Pong,-0.7179865840315997,0.0,0.0,0.0,145566.19505464062,1.6131510080095888,,model
2024-07-07,Pong,-0.719598986775681,0.0,0.0,0.0,71000.4863005777,6.2746721600167445,,model
2024-07-08,Pong,-0.7199628314075032,0.0,0.0,0.0,67452.83087261532,3.0386823440742234,,model
2024-07-09,Pong,-0.7200808676274003,0.0,0.0,0.0,47502.58700026472,1.873375635304514,,model
2024-07-10,Pong,-0.7214745186823448,0.0,0.0,0.0,44654.91327530736,0.8404524460452086,,model
2024-07-11,Pong,-0.767064903060305,0.0,0.0,0.0,41542.26153638661,1.202483547261404,,cwc
2024-07-12,Pong,-0.7684157721934991,0.0,0.0,0.0,44684.35633544845,7.7945773339749636,,model
2024-07-13,Pong,-0.7666733839270703,0.0,0.0,0.0,45302.952558637124,0.0904471035149177,,model
2024-07-14,Pong,-0.7643225495420989,0.0,0.0,0.0,42092.76738627414,2.406062865248225,,model
2024-07-15,Pong,-0.7654513087367965,0.0,0.0,0.0,42568.66998745143,0.6196945694459772,,model
2024-07-16,Pong,-0.7645113723004358,0.0,0.0,0.0,42200.431460941865,3.530265870478364,,model
2024-07-17,Pong,-0.759720335189963,0.0,0.0,0.0,49984.85726546236,15.241044731356212,,model
2024-07-18,Pong,-0.7560259715587769,0.0,0.0,0.0,51516.05983089427,0.0889783299895192,,cwc
2024-07-19,Pong,-0.7421489012958948,0.0,0.0,0.0,42759.388609766575,0.6237405190699437,,model
2024-07-20,Pong,-0.7355781206238526,0.0,0.0,0.0,47965.42405126256,10.965516505397558,,model
2024-07-21,Pong,-0.7291968012128134,0.0,0.0,0.0,57657.0221274587,15.081395035442394,,model
2024-07-22,Pong,-0.7256169797237353,0.0,0.0,0.0,75280.3378047426,29.84158974181793,,model
2024-07-23,Pong,-0.7165649233649881,0.0,0.0,0.0,80522.73997588758,6.690733686054866,,model
2024-07-24,Pong,-0.7013094549135489,0.0,0.0,0.0,62135.88693444128,7.55211761182582,,model
2024-07-25,Pong,-0.7101086787553648,0.0,0.0,0.0,61659.092753236626,6.714804016007792,,cwc
2024-07-26,Pong,-0.704377292361912,0.0,0.0,0.0,54608.90264694832,5.422738098847442,,model
2024-07-27,Pong,-0.681989778207711,0.0,0.0,0.0,68380.21257189695,26.81735577932018,,model
2024-07-28,Pong,-0.6453290902800901,0.0,0.0,0.0,83991.5875503622,20.529407772637,,model
2024-07-29,Pong,-0.6302817192970687,0.0,0.0,0.0,72231.389683385,3.2782383536869144,,model
2024-07-30,Pong,-0.6132015121961932,0.0,0.0,0.0,60023.48513974531,9.18655820286493,,model
2024-07-31,Pong,-0.6081605918226421,0.0,0.0,0.0,101939.94212776162,57.94691629994218,,model
2024-08-01,Pong,-0.6423878671930827,0.0,0.0,0.0,137859.507776503,3.4701913635731945,,cwc
2024-08-02,Pong,-0.6384401890152237,0.0,0.0,0.0,83467.89388581138,21.88382334803479,,model
2024-08-03,Pong,-0.6293385576785282,0.0,0.0,0.0,88583.68603880603,3.8342152143378354,,model
2024-08-04,Pong,-0.61616354186784,0.0,0.0,0.0,58285.87303442177,6.598775875530685,,model
2024-08-05,Pong,-0.6013927658691615,0.0,0.0,0.0,60150.3856615256,5.209947372655197,,model
2024-08-06,Pong,-0.588132597568425,0.0,0.0,0.0,55534.642968740285,14.150757188796105,,model
2024-08-07,Pong,-0.5663426695931134,0.0,0.0,0.0,68504.97190736211,17.30131495782464,,model
2024-08-08,Pong,-0.5375133964196989,0.0,0.0,0.0,78755.96466824476,27.41378058036696,,cwc
2024-08-09,Pong,-0.5330229564537556,0.0,0.0,0.0,82771.82082904472,5.605278867412983,,model
2024-08-10,Pong,-0.5242220425171069,0.0,0.0,0.0,78970.25761422823,27.66664885942914,,model
2024-08-11,Pong,-0.5101181766782239,0.0,0.0,0.0,100436.06945556184,15.8841178300284,,model
2024-08-12,Pong,-0.49959130887575137,0.0,0.0,0.0,71424.40261672565,1.7433053254461215,,model
2024-08-13,Pong,-0.4912332818539198,0.0,0.0,0.0,56900.545744689014,5.966940040014383,,model
2024-08-14,Pong,-0.4829375027401271,0.0,0.0,0.0,67748.19289211478,24.31883212412478,,model
2024-08-15,Pong,-0.4634746050102508,0.0,0.0,0.0,81093.48890043137,11.928846754651913,,model
2024-08-16,Pong,-0.4093339758930607,0.0,0.0,0.0,72091.69169443497,17.554717560091056,,cwc
2024-08-17,Pong,-0.40557799659898797,0.0,0.0,0.0,66633.6330987374,1.255426932214823,,model
2024-08-18,Pong,-0.4050140387174937,0.0,0.0,0.0,66476.98133685236,24.77135334493485,,model
2024-08-19,Pong,-0.405419414799792,0.0,0.0,0.0,94579.91461611219,22.153156879365767,,model
2024-08-20,Pong,-0.4050787204369998,0.0,0.0,0.0,75929.43594167322,3.7390387016435938,,model
2024-08-21,Pong,-0.40519871746355823,0.0,0.0,0.0,55052.21763361419,1.454023495904581,,model
2024-08-22,Pong,-0.4001719142711117,0.0,0.0,0.0,47019.24441396346,1.512685355466709,,cwc
2024-08-23,Pong,-0.3976825339269847,0.0,0.0,0.0,44579.83917020222,3.1012432945009163,,model
2024-08-24,Pong,-0.3963619057555214,0.0,0.0,0.0,46457.38418972092,6.084090925063108,,model
2024-08-25,Pong,-0.3955062310153453,0.0,0.0,0.0,45298.018034282744,1.58786394062263,,model
2024-08-26,Pong,-0.3948536062696324,0.0,0.0,0.0,46762.16268881169,9.864261103641564,,model
2024-08-27,Pong,-0.3955626630710226,0.0,0.0,0.0,51864.72164600624,7.128246723975254,,model
2024-08-28,Pong,-0.3957779331919096,0.0,0.0,0.0,48923.46477773516,3.288093870720721,,model
2024-08-29,Pong,-0.38551586913010905,0.0,0.0,0.0,47753.37285817684,5.136942723465702,,cwc
2024-08-30,Pong,-0.3795077303876597,0.0,0.0,0.0,47242.381559263566,3.5153473815554683,,model
2024-08-31,Pong,-0.37722676444940634,0.0,0.0,0.0,43815.60272925044,0.0,,model
2024-09-01,Pong,-0.37351393599088273,0.0,0.0,0.0,45058.25579074671,7.953717695776553,,model
2024-09-02,Pong,-0.3676881148711931,0.0,0.0,0.0,55994.239146426524,19.218007305476867,,model
2024-09-03,Pong,-0.3632640678697511,0.0,0.0,0.0,60719.95421705324,5.305586009492735,,model
2024-09-04,Pong,-0.3619562599514229,0.0,0.0,0.0,51340.230383393246,4.374478328550384,,model
2024-09-05,Pong,-0.3498145557154891,0.0,0.0,0.0,54943.625158323935,12.001429920311812,,cwc
2024-09-06,Pong,-0.3484631145208622,0.0,0.0,0.0,60261.13756396698,10.13645377923511,,model
2024-09-07,Pong,-0.34796856228520695,0.0,0.0,0.0,56733.46262184124,5.52207732858346,,model
2024-09-08,Pong,-0.34724660403513646,0.0,0.0,0.0,48891.20160127313,1.3245481290265677,,model
2024-09-09,Pong,-0.3400194661891012,0.0,0.0,0.0,46016.214772511106,4.511467559990698,,model
2024-09-10,Pong,-0.33053439898508413,0.0,0.0,0.0,49001.00817669655,7.230545341695206,,model
2024-09-11,Pong,-0.3290869044745373,0.0,0.0,0.0,46844.57964131498,0.8279560912888718,,model
2024-09-12,Pong,-0.3240986657304422,0.0,0.0,0.0,47416.86478219382,10.519163978174785,,cwc
2024-09-13,Pong,-0.32457921629940967,0.0,0.0,0.0,63787.66144335775,27.10859906799762,,model
2024-09-14,Pong,-0.3243091157052361,0.0,0.0,0.0,69469.91845863235,1.665861927778964,,model
2024-09-15,Pong,-0.32576062702998365,0.0,0.0,0.0,49242.73390930085,1.7813810454895695,,model
2024-09-16,Pong,-0.32763095387725116,0.0,0.0,0.0,46179.2441514516,0.2272429746189208,,model
2024-09-17,Pong,-0.32982569431258635,0.0,0.0,0.0,44390.65665537487,5.733646972594643,,model
2024-09-18,Pong,-0.33210587884543813,0.0,0.0,0.0,46279.729412546505,1.979298072202878,,model
2024-09-19,Pong,-0.3493865062806041,0.0,0.0,0.0,41947.157461485396,0.3244816549971129,,cwc
2024-09-20,Pong,-0.3516617605768736,0.0,0.0,0.0,40893.17522216847,0.0,,model
2024-09-21,Pong,-0.3492072235006836,0.0,0.0,0.0,40076.76288396502,0.0,,model
2024-09-22,Pong,-0.33871607056330955,0.0,0.0,0.0,39861.7360848265,0.0,,model
2024-09-23,Pong,-0.3335384220862963,0.0,0.0,0.0,39832.33346599172,0.0130224059794827,,model
2024-09-24,Pong,-0.33242672608416657,0.0,0.0,0.0,39874.14341338534,0.1006308953255154,,model
2024-09-25,Pong,-0.333595698327807,0.0,0.0,0.0,51777.03581873746,29.926003668867683,,model
2024-09-26,Pong,-0.34154105160857556,0.0,0.0,0.0,72001.81242428113,14.038694510179091,,cwc
2024-09-27,Pong,-0.3438179310873168,0.0,0.0,0.0,58629.96007254675,1.0371889842532442,,model
2024-09-28,Pong,-0.34611192880111585,0.0,0.0,0.0,48397.67052260711,0.3635421324677853,,model
2024-09-29,Pong,-0.3484059265149149,0.0,0.0,0.0,42658.18930578748,0.0,,model
2024-09-30,Pong,-0.350699924228714,0.0,0.0,0.0,40061.07492998312,0.0,,model
2025-06-05,Pong,-0.885658853829491,0.0,0.0,0.0,43996.460313326126,0.2724592853498476,,cwc
2025-06-06,Pong,-0.8879528515432901,0.0,0.0,0.0,41380.945524312214,0.0,,model
2025-06-07,Pong,-0.890246849257089,0.0,0.0,0.0,40312.72930403627,0.0,,model
2025-06-08,Pong,-0.8923449913966263,0.0,0.0,0.0,39857.57408771827,0.0,,model
2025-06-09,Pong,-0.893591728567318,0.0,0.0,0.0,39826.974127344176,0.0,,model
2025-06-10,Pong,-0.8946994277385112,0.0,0.0,0.0,39826.974127344176,0.0,,model
2025-06-11,Pong,-0.8957733504107327,0.0,0.0,0.0,39826.974127344176,0.0,,model
2025-06-12,Pong,-0.9015101565442699,0.0,0.0,0.0,40319.86010134273,1.242346649020335,,cwc
2025-06-13,Pong,-0.895662923678625,0.0,0.0,0.0,42462.48774377129,4.831365531045679,,model
2025-06-14,Pong,-0.8919882223413307,0.0,0.0,0.0,42812.38781714948,0.0,,model
2025-06-15,Pong,-0.8916161500605596,0.0,0.0,0.0,42897.389036321336,5.522534025071697,,model
2025-06-16,Pong,-0.8890779157639382,0.0,0.0,0.0,51389.990995437875,15.910613706143913,,model
2025-06-17,Pong,-0.886591028557114,0.0,0.0,0.0,60315.02190859172,12.796666465780437,,model
2025-06-18,Pong,-0.886348910454206,0.0,0.0,0.0,54847.6752556794,0.5177228039619408,,model
2025-06-19,Pong,-0.9027273824168087,0.0,0.0,0.0,46536.34919096411,3.0697287959992154,,cwc
2025-06-20,Pong,-0.897541431229082,0.0,0.0,0.0,51987.66646414411,11.664634539162554,,model
2025-06-21,Pong,-0.8872574119056105,0.0,0.0,0.0,51858.44746967855,1.0293294896396803,,model
2025-06-22,Pong,-0.8763940300845404,0.0,0.0,0.0,46209.30926997808,5.8482053062639885,,model
2025-06-23,Pong,-0.8672100520126286,0.0,0.0,0.0,50698.26063284552,9.21056104105467,,model
2025-06-24,Pong,-0.8545132753240446,0.0,0.0,0.0,58650.85449779972,17.45382865079932,,model
2025-06-25,Pong,-0.8283758851927366,0.0,0.0,0.0,71480.5443755107,18.70713503903054,,model
2025-06-26,Pong,-0.7865489203727347,0.0,0.0,0.0,72938.55571883633,13.260346750272353,,cwc
2025-06-27,Pong,-0.7433978496250229,0.0,0.0,0.0,68712.20395039019,8.750399723261513,,model
2025-06-28,Pong,-0.7235867648153298,0.0,0.0,0.0,77552.43826165075,25.785904373990544,,model
2025-06-29,Pong,-0.7063989232553896,0.0,0.0,0.0,111376.80028366529,36.13562787330503,,model
2025-06-30,Pong,-0.6991418751436701,0.0,0.0,0.0,152824.05624860234,49.43310134370414,,model
2025-07-01,Pong,-0.6917310294126429,0.0,0.0,0.0,154193.0671861046,8.995280357652017,,model
2025-07-02,Pong,-0.6864539802753443,0.0,0.0,0.0,95456.15481819092,12.001213196998997,,model
2025-07-03,Pong,-0.6918561260047763,0.0,0.0,0.0,88854.5566300151,8.971665997575238,,cwc
2025-07-04,Pong,-0.6893164131841747,0.0,0.0,0.0,63862.93298204076,3.762836793299869,,model
2025-07-05,Pong,-0.6844874514213419,0.0,0.0,0.0,64249.976800818185,15.988609572203796,,model
2025-07-06,Pong,-0.675746502592052,0.0,0.0,0.0,58880.10966081101,1.8710483252090253,,model
2025-07-07,Pong,-0.6660827907440724,0.0,0.0,0.0,49336.77175471161,6.693374420750023,,model
2025-07-08,Pong,-0.654552749878363,0.0,0.0,0.0,51991.387286157515,5.7643684891721705,,model
2025-07-09,Pong,-0.6514465314517022,0.0,0.0,0.0,57752.46250125138,19.16486297912608,,model
2025-07-10,Pong,-0.6543636860443219,0.0,0.0,0.0,67597.285977885,9.862331436909775,,cwc
2025-07-11,Pong,-0.6531864913616648,0.0,0.0,0.0,69919.49177137116,24.969228262961256,,model
2025-07-12,Pong,-0.6519605503829884,0.0,0.0,0.0,74616.25569638712,1.3656024976558352,,model
2025-07-13,Pong,-0.6502840537130709,0.0,0.0,0.0,53417.04324959281,6.66777231134114,,model
2025-07-14,Pong,-0.6486323048407087,0.0,0.0,0.0,55543.22755934049,4.425089415974413,,model
2025-07-15,Pong,-0.6495850126302805,0.0,0.0,0.0,48562.50310942015,4.46159421864195,,model
2025-07-16,Pong,-0.6413015611557176,0.0,0.0,0.0,48685.17700156175,4.548762320484918,,model
2025-07-17,Pong,-0.617304565312492,0.0,0.0,0.0,49819.03587463766,10.342719264253269,,model
2025-07-18,Pong,-0.5988316262280345,0.0,0.0,0.0,49756.75609348602,0.5492452310877785,,model
2025-07-19,Pong,-0.5844872929159672,0.0,0.0,0.0,43202.43583278458,1.6473872999669936,,model
2025-07-20,Pong,-0.5796936113965943,0.0,0.0,0.0,66445.95786207063,44.89133619074138,,model
2025-07-21,Pong,-0.577258962621178,0.0,0.0,0.0,105990.3295263246,21.933420346003864,,model
2025-07-22,Pong,-0.5764127504444014,0.0,0.0,0.0,92088.605737082,16.167202569369035,,model
2025-07-23,Pong,-0.5732528402573976,0.0,0.0,0.0,81698.64423074135,6.176403472711113,,model
2025-07-24,Pong,-0.5592226107388746,0.0,0.0,0.0,57663.67699067254,0.4918220954203866,,model
2025-07-25,Pong,-0.5340245172856976,0.0,0.0,0.0,51726.98534386545,6.133147563399418,,model
2025-07-26,Pong,-0.5094978844170541,0.0,0.0,0.0,47729.55957231443,1.0191020197559189,,model
2025-07-27,Pong,-0.48810506305297235,0.0,0.0,0.0,53552.16279210279,20.22945001622803,,model
2025-07-28,Pong,-0.4569263519689665,0.0,0.0,0.0,80908.17730223408,37.64277033471367,,model
2025-07-29,Pong,-0.42751273929861217,0.0,0.0,0.0,109012.9862343609,28.29192025810801,,model
2025-07-30,Pong,-0.4141928239168212,0.0,0.0,0.0,107323.20280360007,15.06693394928844,,model
2025-07-31,Pong,-0.3974082557295665,0.0,0.0,0.0,99436.71940083327,19.9974093568459,,model
2025-08-06,Pong,-0.2056003842302969,0.0,0.0,0.0,121176.06168257145,10.865390151961488,,press
2025-08-07,Pong,-0.1958620285025583,0.0,0.0,0.0,70208.89651650855,0.6138379107481564,,model
2025-08-08,Pong,-0.13055854979883133,0.0,0.0,0.0,61410.26414556038,10.19491557114017,,press
2025-08-09,Pong,-0.12243659477758585,0.0,0.0,0.0,62105.36045251691,7.347437937956011,,model
2025-08-10,Pong,-0.10165520213827078,0.0,0.0,0.0,55299.14515829096,5.991506416441843,,model
2025-08-11,Pong,-0.07797817229221839,0.0,0.0,0.0,70107.33897212913,36.29119337126352,,model
2025-08-12,Pong,-0.04983808872901111,0.0,0.0,0.0,82405.18315382226,1.8545054584357823,,model
2025-08-13,Pong,-0.017871505364197238,0.0,0.0,0.0,66039.53932131326,19.89269102719203,,model
2025-08-14,Pong,0.0044504430474465945,0.027401377843126795,11199.890349995423,0.0,97898.01087199282,31.823385319011287,5.0,model
2025-08-15,Pong,0.024171131831110512,0.1488216586841471,48059.32441079905,0.0,105185.10990080413,15.984522515914342,4.0,model
2025-08-16,Pong,0.036425800133205975,0.2242736514201482,48445.765142487,0.0,116416.73599406586,36.65048555139528,3.0,model
2025-08-17,Pong,0.04018873078045607,0.24744201541526678,48836.109315908936,0.0,126046.42403756635,18.63461967749212,2.0,model
2025-08-18,Pong,-0.09170138465287453,0.0,0.0,0.0,101774.94077406966,13.844489968630258,,press
2025-08-19,Pong,-0.0841276681639488,0.0,0.0,0.0,95228.6661010433,16.026103290966354,,model
2025-08-20,Pong,-0.06085907794719935,0.0,0.0,0.0,76439.83769611194,5.327616882981164,,model
2025-08-21,Pong,-0.009356734201831442,0.0,0.0,0.0,55069.71126122427,0.9968519523923056,,model
2025-08-22,Pong,0.05340204642854835,0.3287963998605701,134390.45463311722,0.0,50326.89976368482,7.485072045126715,5.0,model
2025-08-23,Pong,0.08572080166883381,0.5277829758750094,135959.7963233619,0.0,64659.85388726526,25.00112615550864,4.0,model
2025-08-24,Pong,0.11374253821208273,0.7003128077717928,137142.69728191826,0.0,104157.23941374957,49.90248986069832,3.0,model
2025-08-25,Pong,0.1455062733986045,0.8958821253152065,137935.25406705195,0.0,175209.70325120323,64.3624072202334,2.0,model
2025-08-26,Pong,0.17600879517656967,1.0836861519021381,139401.30030390903,139401.30030390903,203537.41298700517,15.877363045227993,1.0,press
2025-08-27,Pong,0.14373867878352206,0.8849990452701428,81332.69229166687,81332.69229166687,126932.69229166715,10.661151816880034,1.0,model
2025-08-28,Pong,0.1468251056392811,0.904002175421053,87530.58680448311,70518.90639987681,116118.9063998768,18.33327344879008,1.0,model
2025-08-29,Pong,0.1610149087257494,0.9913687930244377,104659.32146017996,79935.94062493814,125535.9406249383,29.07096343762204,1.0,model
2025-08-30,Pong,0.16954565864827922,1.0438926202974548,105045.7621918679,75694.22128070213,121294.22128070219,16.83336198196609,1.0,model
2025-08-31,Pong,0.16625318600323855,1.023620866221938,105436.10636528984,58191.011501064735,103791.01150106483,30.72069390260008,1.0,model
2025-09-01,Pong,0.15502622481413203,0.9544964661806095,105830.39340915061,89099.92849472706,134699.9284947273,35.422207098086304,1.0,model
2025-09-02,Pong,0.12470637193965924,0.7678171320324809,106228.6631504239,106228.6631504239,151828.66315042417,30.963475221066886,1.0,model
2025-09-03,Pong,0.0862116024663944,0.5308048363855882,101404.24450322054,101404.24450322054,147004.2445032207,23.22217927845065,1.0,model
2025-09-04,Pong,0.04867847486475692,0.29971336974230667,67408.45462518334,67408.45462518334,113008.45462518357,9.506296851748884,1.0,model
2025-09-05,Pong,0.015677684085160445,0.09652750091233209,12399.361655877816,11401.366991783423,75537.47967487983,2.8491730099448267,1.0,press
2025-09-06,Pong,0.004295592927830865,0.027122708246367644,6156.616807351364,0.0,58397.63139715122,5.834098626121834,2.0,press
2025-09-07,Pong,0.0062651732784457055,0.038574671875388766,6550.903851212136,3615.0634655798494,54953.54475152494,6.662163424686384,1.0,model
2025-09-08,Pong,0.008208416914572617,0.05053922294302282,6949.1735924854265,6949.1735924854265,52549.173592485706,6.852325854750695,1.0,model
2025-09-09,Pong,0.015454216345250592,0.095151610037707,23614.45669273697,2895.478879498841,48495.47887949877,2.08034342247266,1.0,model
2025-09-10,Pong,0.029214267727943336,0.17987224640094635,35954.389939257126,1293.5510689644084,46893.551068964436,6.63791106360583,1.0,model
2025-09-11,Pong,0.040122310748981704,0.2470330672814791,36340.83067094508,4956.604034074559,50556.60403407477,7.446059345296203,1.0,model
2025-09-12,Pong,0.04918860680696896,0.30285425211050665,36731.17484436701,8505.389083932809,54105.389083933,12.04842054920494,1.0,model
2025-09-13,Pong,0.05117215959395427,0.3150669866199758,37125.46188822778,25183.798382981277,70783.79838298121,29.98399313956592,1.0,model
2025-09-14,Pong,0.04619948227583723,0.28445021237232826,37523.73162950107,37523.73162950107,83123.73162950129,10.771126107651837,1.0,model
2025-09-15,Pong,0.03299683382044,0.20316150583244763,28744.50021407559,28744.50021407559,74344.50021407582,16.69272810693199,1.0,model
2025-09-16,Pong,0.02156590954100026,0.1366754275416291,27772.651930321343,27772.651930321343,73372.65193032155,5.156629306393083,1.0,model
2025-09-17,Pong,0.008778898558375454,0.07162159305187643,13497.155854302311,13497.155854302311,59097.15585430227,8.195913073529304,1.0,model
2025-09-18,Pong,0.0014552392389749823,0.04053883165324823,12669.664370913044,12669.664370913044,58269.664370913,5.265976337462085,1.0,model
2025-09-19,Pong,-0.005768658770215763,0.010515937642592732,4298.227235093966,4298.227235093966,49898.22723509414,4.097675851563113,1.0,model
2025-09-20,Pong,-0.00974578499660134,0.0,0.0,0.0,45577.679211324714,0.0084861005601853,,model
2025-09-21,Pong,-0.012025259007265558,0.0,0.0,0.0,41193.13196280673,0.2070086450774575,,model
2025-09-22,Pong,-0.01431925672106457,0.0,0.0,0.0,40666.590523267725,0.3819069818048813,,model
2025-09-23,Pong,-0.01660888471053454,0.0,0.0,0.0,40090.15623207463,0.0,,model
2025-09-24,Pong,-0.018897005270580965,0.0,0.0,0.0,39889.47593354249,0.0,,model
2025-09-25,Pong,-0.02118990009079261,0.0,0.0,0.0,39863.52416985719,0.0,,model
2025-09-26,Pong,-0.023038241690045907,0.0,0.0,0.0,39826.974127344176,0.0,,model
2025-09-27,Pong,-0.024703329341927226,0.0,0.0,0.0,39837.97088268355,0.0275474701663485,,model
2026-08-09,Pong,-0.4721992819796318,0.0,0.0,0.0,54952.211225000035,9.064258258895524,,bbmb
2026-08-10,Pong,-0.46061495665506913,0.0,0.0,0.0,67979.38999260591,26.029660243592517,,bbmb
2026-08-11,Pong,-0.4681924557282297,0.0,0.0,0.0,72895.16312136156,2.4369598429970063,,bbmb
2026-08-12,Pong,-0.45416321110306257,0.0,0.0,0.0,50436.902814776135,3.041867895068629,,bbmb
2026-08-13,Pong,-0.4462318129881769,0.0,0.0,0.0,53526.89651367804,8.799707591897516,,bbmb
2026-08-14,Pong,-0.4319709088009085,0.0,0.0,0.0,52298.22977270499,4.206053310417997,,bbmb
2026-08-15,Pong,-0.41558720383403763,0.0,0.0,0.0,48910.016934279134,4.650843658640801,,bbmb
2026-08-16,Pong,-0.40871555186034003,0.0,0.0,0.0,48087.80174214278,5.683442993398985,,bbmb
2026-08-17,Pong,-0.3925091768592588,0.0,0.0,0.0,52156.73359437902,11.897868259359685,,bbmb
2026-08-18,Pong,-0.38411627783946756,0.0,0.0,0.0,61991.91586866322,16.91484740508982,,bbmb
2026-08-19,Pong,-0.3776304795685856,0.0,0.0,0.0,59198.679469318166,1.422007102942361,,bbmb
2026-08-20,Pong,-0.35630157960327735,0.0,0.0,0.0,47253.12498232634,2.2341552858097264,,bbmb
2026-08-21,Pong,-0.35551945325816764,0.0,0.0,0.0,48303.1485938251,5.778545940453515,,bbmb
2026-08-22,Pong,-0.35551323611662317,0.0,0.0,0.0,47425.278379219046,3.1007262723000864,,bbmb
2026-08-23,Pong,-0.3464041429044388,0.0,0.0,0.0,44188.88162133033,1.2478774436300282,,bbmb
2026-08-24,Pong,-0.34154823423890146,0.0,0.0,0.0,42646.06091462119,1.9527787935674463,,bbmb
2026-08-25,Pong,-0.33146823560489996,0.0,0.0,0.0,43650.37287062568,4.123658629067449,,bbmb
2026-08-26,Pong,-0.32892172024343885,0.0,0.0,0.0,44303.85593461936,2.5657885819831225,,bbmb
2026-08-27,Pong,-0.3179857901337163,0.0,0.0,0.0,42944.52345933547,1.507512029194321,,bbmb
2026-08-28,Pong,-0.3141164125293424,0.0,0.0,0.0,42815.259477350155,2.682261327945032,,bbmb
2026-08-29,Pong,-0.2963237656662623,0.0,0.0,0.0,45423.20555768098,7.05367323517371,,bbmb
