date,dam,storage_bcm,hei,forced_release_bcm,peak_release_cusecs,release_day1_cusecs,inflow_day1_cusecs,rain_day1_mm,day_of_exhaustion,storage_basis,reanchor_gap_bcm
2015-06-01,Bhakra,2.66,-0.5695589565701296,0.0,0.0,0.0,36956.897237228644,0.1557898547105521,,cwc,
2015-06-02,Bhakra,2.656,-0.5690599897507093,0.0,0.0,0.0,36889.29941177922,1.7249462012957395,,cwc,0.00879758871660341
2015-06-03,Bhakra,2.648,-0.5682343602151819,0.0,0.0,0.0,37385.47985081556,1.6457118759302511,,cwc,0.012632205529926832
2015-06-04,Bhakra,2.63,-0.570169287129396,0.0,0.0,0.0,37358.75782795823,1.0118779933365376,,cwc,0.023846148458253058
2015-06-05,Bhakra,2.607,-0.5730170898603277,0.0,0.0,0.0,38436.22194210781,1.506115760383705,,cwc,0.02878077101060228
2015-06-06,Bhakra,2.588,-0.5736914309058172,0.0,0.0,0.0,39862.208839439845,1.6054770690497018,,cwc,0.027416868363487445
2015-06-07,Bhakra,2.575,-0.5743414838327991,0.0,0.0,0.0,42261.23505493217,4.042213490163181,,cwc,0.024905653034772435
2015-06-08,Bhakra,2.573,-0.5745240702356524,0.0,0.0,0.0,39816.36340239092,0.0003938008166904,,cwc,0.019775051906727015
2015-06-09,Bhakra,2.572,-0.5737392014323137,0.0,0.0,0.0,39509.12542997119,0.1025189248895553,,cwc,0.012793488709613499
2015-06-10,Bhakra,2.581,-0.5714925643491772,0.0,0.0,0.0,44485.3012989958,4.59009601236648,,cwc,0.002041807799627815
2015-06-11,Bhakra,2.586,-0.5722793921345471,0.0,0.0,0.0,43520.718520088936,1.1940231870141589,,cwc,0.018216397991133615
2015-06-12,Bhakra,2.601,-0.5713224188516189,0.0,0.0,0.0,42613.83781767803,0.6025389824232431,,cwc,0.005856473352602087
2015-06-13,Bhakra,2.608,-0.5704958989269995,0.0,0.0,0.0,42223.3799307425,1.090378702628739,,cwc,0.011637721203353824
2015-06-14,Bhakra,2.599,-0.5717231255280104,0.0,0.0,0.0,41550.46946283561,1.978839856760368,,cwc,0.026682436485610417
2015-06-15,Bhakra,2.601,-0.56797929665355,0.0,0.0,0.0,40438.35891330751,0.0318171392217633,,cwc,0.014036110190486006
2015-06-16,Bhakra,2.597,-0.5655031298307587,0.0,0.0,0.0,39826.16126961474,0.0030520554700194,,cwc,0.01731524771606363
2015-06-17,Bhakra,2.59,-0.5640188301941911,0.0,0.0,0.0,41857.02187021464,0.9314654334691036,,cwc,0.018817459931962155
2015-06-18,Bhakra,2.606786113813808,-0.5591812037718468,0.0,0.0,0.0,42777.46276083105,1.2710716952993597,,model,
2015-06-19,Bhakra,2.567,-0.5643156967131423,0.0,0.0,0.0,50264.81719585487,6.7228952962537925,,cwc,0.058824155801721734
2015-06-20,Bhakra,2.6,-0.5562563728737747,0.0,0.0,0.0,48377.636805014736,1.726285477036816,,cwc,0.004356420249499227
2015-06-21,Bhakra,2.636,-0.5378388521499388,0.0,0.0,0.0,46466.34144542686,1.2074065954120414,,cwc,-0.0032607091447696135
2015-06-22,Bhakra,2.654,-0.5269584678912044,0.0,0.0,0.0,47312.59065298046,2.3164933476491623,,cwc,0.010063162368142198
2015-06-23,Bhakra,2.67,-0.5235654938689805,0.0,0.0,0.0,45966.964632815216,2.3673278711984325,,cwc,0.014133574984782626
2015-06-24,Bhakra,2.674,-0.5230850731098715,0.0,0.0,0.0,57295.67640096557,13.69608049580211,,cwc,0.022841399270392415
2015-06-25,Bhakra,2.695,-0.5261003570789082,0.0,0.0,0.0,80554.34057858051,26.03175196676708,,cwc,0.033557948444919994
2015-06-26,Bhakra,2.723,-0.5325028679035182,0.0,0.0,0.0,66810.66052366399,1.1278169411699457,,cwc,0.08346202744400433
2015-06-27,Bhakra,2.737,-0.5363466379565957,0.0,0.0,0.0,49411.37529659154,0.2192779452529812,,cwc,0.06383707591579846
2015-06-28,Bhakra,2.732,-0.5382289288750232,0.0,0.0,0.0,45555.18127572938,1.8907412100842147,,cwc,0.040268410169214786
2015-06-29,Bhakra,2.726,-0.5403744121466257,0.0,0.0,0.0,41035.31447774287,2.5493299545711867,,cwc,0.031833940178882525
2015-06-30,Bhakra,2.723,-0.5406156665015897,0.0,0.0,0.0,52808.931265552936,10.810795470066903,,cwc,0.017775744601790322
2015-07-01,Bhakra,2.723,-0.5419524215601064,0.0,0.0,0.0,51302.10869102144,6.168309090208632,,cwc,0.04358078751750938
2015-07-02,Bhakra,2.731,-0.541078901368167,0.0,0.0,0.0,46662.721103950505,1.1910580256829213,,cwc,0.031894232255179844
2015-07-03,Bhakra,2.75,-0.5362993370015776,0.0,0.0,0.0,42545.17191296518,0.0279207788251964,,cwc,0.009543620038328982
2015-07-04,Bhakra,2.767,-0.5306520814582475,0.0,0.0,0.0,41647.282755466134,1.3829211726226498,,cwc,0.0014697248800703555
2015-07-05,Bhakra,2.797,-0.5181797891317562,0.0,0.0,0.0,49405.54269059174,7.897526121381438,,cwc,-0.013727028775280647
2015-07-06,Bhakra,2.84498,-0.4991918135819116,0.0,0.0,0.0,50256.22121410877,2.995785845346622,,cwc,-0.01272585974199103
2015-07-07,Bhakra,2.90317,-0.47643815500016196,0.0,0.0,0.0,51065.57163480097,3.234840327456284,,cwc,-0.020854610469230206
2015-07-08,Bhakra,2.9673,-0.4580196944584734,0.0,0.0,0.0,49974.639935105006,3.882853068536455,,cwc,-0.024814473522185576
2015-07-09,Bhakra,3.024,-0.44714559699673795,0.0,0.0,0.0,61139.79709391725,15.198585190047826,,cwc,-0.020053520340525655
2015-07-10,Bhakra,3.108,-0.4395735183920526,0.0,0.0,0.0,78137.98867120978,18.85471726339159,,cwc,-0.02003711987356649
2015-07-11,Bhakra,3.191,-0.4343901688104126,0.0,0.0,0.0,84402.94497161247,16.133013807810926,,cwc,0.022550239957991103
2015-07-12,Bhakra,3.275,-0.4257939999604957,0.0,0.0,0.0,71746.96477887731,4.842390637514495,,cwc,0.036877928836488216
2015-07-13,Bhakra,3.345,-0.41942916225091764,0.0,0.0,0.0,54484.92497789745,0.6546805776394963,,cwc,0.019914117191992098
2015-07-14,Bhakra,3.586,-0.37895780474677254,0.0,0.0,0.0,46084.663219785,0.1688099442704257,,cwc,-0.19331876725137453
2015-07-15,Bhakra,3.49851,-0.38744107785974335,0.0,0.0,0.0,57409.86705312636,10.907473255001497,,cwc,0.11461935775501786
2015-07-16,Bhakra,3.586,-0.37497471073837035,0.0,0.0,0.0,71955.15267299513,17.683831465416294,,cwc,-0.03265267549797324
2015-07-17,Bhakra,3.706,-0.36393738091813976,0.0,0.0,0.0,59340.470337182174,3.141015031435685,,cwc,-0.02957653539737981
2015-07-18,Bhakra,3.791,-0.3533454255260366,0.0,0.0,0.0,59020.2788579392,8.125765953552479,,cwc,-0.02543930871504596
2015-07-19,Bhakra,3.861,-0.3456195056135316,0.0,0.0,0.0,60246.37256995868,7.717151879989019,,cwc,-0.011222681358055375
2015-07-20,Bhakra,3.923,-0.34091494941029293,0.0,0.0,0.0,53389.14542903244,3.8872799983203015,,cwc,-0.00022295046567677446
2015-07-21,Bhakra,3.99,-0.3279258545775674,0.0,0.0,0.0,51008.13035724313,4.235093634770027,,cwc,-0.021999674698941263
2015-07-22,Bhakra,4.054,-0.31631056723674766,0.0,0.0,0.0,51565.23122911608,6.501811505103005,,cwc,-0.02482500794716369
2015-07-23,Bhakra,4.094537981422365,-0.31153495281042676,0.0,0.0,0.0,50079.11008642704,5.079371163968768,,model,
2015-07-24,Bhakra,4.179,-0.300099682220586,0.0,0.0,0.0,46882.665297762964,3.3007937651028647,,cwc,-0.04755994480069692
2015-07-25,Bhakra,4.237,-0.2935854296963764,0.0,0.0,0.0,59074.263854397694,14.847877447922931,,cwc,-0.028918269875704006
2015-07-26,Bhakra,4.287,-0.2940373795775157,0.0,0.0,0.0,54421.72813523139,3.6288600271852007,,cwc,0.008909397014106979
2015-07-27,Bhakra,4.355,-0.28532009765823374,0.0,0.0,0.0,47154.70763811404,2.2457927312635846,,cwc,-0.020473383101198728
2015-07-28,Bhakra,4.398,-0.27702726324075816,0.0,0.0,0.0,44670.84950866132,1.6898002075017706,,cwc,-0.013252697738446173
2015-07-29,Bhakra,4.438,-0.2695182348269454,0.0,0.0,0.0,39761.396936196754,0.066500985830205,,cwc,-0.01632964429657857
2015-07-30,Bhakra,4.449659009097598,-0.2658893580956987,0.0,0.0,0.0,37486.86758302293,0.217009470817681,,model,
2015-07-31,Bhakra,4.502,-0.25468981605853475,0.0,0.0,0.0,48822.043731568265,12.456442200093765,,cwc,-0.046246789697912405
2015-08-01,Bhakra,4.552,-0.24837261837879934,0.0,0.0,0.0,50692.74087081139,6.029067522664123,,cwc,-0.016173434025990474
2015-08-02,Bhakra,4.607,-0.24067199386518995,0.0,0.0,0.0,47439.51038323084,2.663835033731348,,cwc,-0.01659663215199103
2015-08-03,Bhakra,4.648,-0.22853138310604948,0.0,0.0,0.0,44235.10471981743,1.4647207869694168,,cwc,-0.010555906306938923
2015-08-04,Bhakra,4.688,-0.21475982007987118,0.0,0.0,0.0,44607.414699905305,4.081823020639527,,cwc,-0.017395726841064274
2015-08-05,Bhakra,4.745,-0.1962709725296737,0.0,0.0,0.0,44468.94878123879,3.778045761224459,,cwc,-0.0334848423484182
2015-08-06,Bhakra,4.795,-0.18249366995817667,0.0,0.0,0.0,47818.18834880862,7.257752674244227,,cwc,-0.02682360967891917
2015-08-07,Bhakra,4.844,-0.1708295305760485,0.0,0.0,0.0,61591.4806674429,16.88003783434764,,cwc,-0.01762944205671868
2015-08-08,Bhakra,4.907,-0.16484237406716246,0.0,0.0,0.0,62948.22648438354,8.881155355372638,,cwc,0.0020679581117475365
2015-08-09,Bhakra,5.009,-0.15087399255523018,0.0,0.0,0.0,68382.2911781758,12.77685091442842,,cwc,-0.033612660751000334
2015-08-10,Bhakra,5.11,-0.14160381215002216,0.0,0.0,0.0,59109.33778660686,2.6527132263944364,,cwc,-0.01931781095823748
2015-08-11,Bhakra,5.185,-0.13267866717300658,0.0,0.0,0.0,57487.18232461885,7.98993628464942,,cwc,-0.016004791961063525
2015-08-12,Bhakra,5.242,-0.12790767703062852,0.0,0.0,0.0,51084.54898780731,2.333190883032635,,cwc,-0.0019735178454425295
2015-08-13,Bhakra,5.277,-0.12523583957947396,0.0,0.0,0.0,56820.90636567791,12.050402700640054,,cwc,0.004361956005598522
2015-08-14,Bhakra,5.307,-0.1267449733434561,0.0,0.0,0.0,50702.04977518404,2.390676411558367,,cwc,0.023396387686825726
2015-08-15,Bhakra,5.374,-0.12144301432315328,0.0,0.0,0.0,51177.732333640386,8.635882863764028,,cwc,-0.028573857214196252
2015-08-16,Bhakra,5.424,-0.11716089615394178,0.0,0.0,0.0,46336.2892108696,0.9488994945386988,,cwc,-0.010410063899233712
2015-08-17,Bhakra,5.467,-0.11224913182937696,0.0,0.0,0.0,43581.35761889301,4.547754100395104,,cwc,-0.01525502024856884
2015-08-18,Bhakra,5.506,-0.10778498774274052,0.0,0.0,0.0,40716.60323572617,0.4997187965564163,,cwc,-0.017995168511159676
2015-08-19,Bhakra,5.508,-0.10900689457137105,0.0,0.0,0.0,36815.66178919109,0.8261688581901651,,cwc,0.011995993470980792
2015-08-20,Bhakra,5.52089,-0.10733942825087776,0.0,0.0,0.0,41643.30942713262,5.338866399405062,,cwc,-0.008437954476729459
2015-08-21,Bhakra,5.543,-0.10647321144455593,0.0,0.0,0.0,41266.09219821103,3.3606244818545656,,cwc,-0.00584674982321598
2015-08-22,Bhakra,5.584,-0.10239314989733887,0.0,0.0,0.0,39006.45434042854,1.364935148683907,,cwc,-0.02565964027085421
2015-08-23,Bhakra,5.61,-0.097933458759551,0.0,0.0,0.0,36788.14999297806,0.0929052820219834,,cwc,-0.016188014995502265
2015-08-24,Bhakra,5.643,-0.09245984165268821,0.0,0.0,0.0,35792.45517118929,0.6680149719235392,,cwc,-0.028615264164558063
2015-08-25,Bhakra,5.659,-0.09011169311051558,0.0,0.0,0.0,34811.58271269244,2.138034919154568e-06,,cwc,-0.014051306766377003
2015-08-26,Bhakra,5.683,-0.08610728055207384,0.0,0.0,0.0,34895.84270775911,0.6855540035122564,,cwc,-0.024451085336637313
2015-08-27,Bhakra,5.706,-0.082626422337025,0.0,0.0,0.0,39733.76321119576,5.823586667446753,,cwc,-0.023244936893239476
2015-08-28,Bhakra,5.732,-0.0805843801599678,0.0,0.0,0.0,37235.780134888606,0.0,,cwc,-0.014408598898222102
2015-08-29,Bhakra,5.756,-0.07776510970167891,0.0,0.0,0.0,35231.106173278684,0.0,,cwc,-0.018520103205910132
2015-08-30,Bhakra,5.777,-0.07447940697674227,0.0,0.0,0.0,35197.21798492012,0.0057884110575419,,cwc,-0.020424689497183124
2015-08-31,Bhakra,5.8,-0.07089157934915595,0.0,0.0,0.0,34357.23919688098,0.1740786336040277,,cwc,-0.022507599510103837
2015-09-01,Bhakra,5.823,-0.06698656355922183,0.0,0.0,0.0,34305.719387545214,0.0132778496762746,,cwc,-0.024562671071700848
2015-09-02,Bhakra,5.841,-0.06383897950239013,0.0,0.0,0.0,34604.03458056351,0.4763659662015109,,cwc,-0.0196887181773322
2015-09-03,Bhakra,5.857,-0.06087450487236196,0.0,0.0,0.0,35013.104433115834,0.7679213920652075,,cwc,-0.016958867521227994
2015-09-04,Bhakra,5.865,-0.05965789274324499,0.0,0.0,0.0,34930.95941426215,0.414443623634954,,cwc,-0.007958047223552533
2015-09-05,Bhakra,5.872,-0.058759155374701603,0.0,0.0,0.0,34898.54410688409,0.457610824499733,,cwc,-0.007159021217868045
2015-09-06,Bhakra,5.877,-0.05819672179915421,0.0,0.0,0.0,34962.27017050683,0.5217750858233507,,cwc,-0.005238327716201141
2015-09-07,Bhakra,5.877,-0.058463216813701036,0.0,0.0,0.0,35611.85650330428,1.2984081163015584,,cwc,-8.241708732814601e-05
2015-09-08,Bhakra,5.877,-0.059017591166617166,0.0,0.0,0.0,34840.73164516016,0.0,,cwc,0.0015068449492172675
2015-09-09,Bhakra,5.872,-0.05995128084827432,0.0,0.0,0.0,34358.009629861175,0.0,,cwc,0.004620229728717007
2015-09-10,Bhakra,5.865,-0.061067776302887365,0.0,0.0,0.0,34286.83143746009,0.0,,cwc,0.0054392138507886045
2015-09-11,Bhakra,5.856,-0.062278595004685675,0.0,0.0,0.0,34283.77183080405,0.2124317856694123,,cwc,0.00726507102588414
2015-09-12,Bhakra,5.843,-0.06339502006711548,0.0,0.0,0.0,34200.415172339795,0.0,,cwc,0.011257585467060238
2015-09-13,Bhakra,5.837,-0.06387467160569199,0.0,0.0,0.0,34507.223436706496,0.4264743754892152,,cwc,0.004053647104902858
2015-09-14,Bhakra,5.839,-0.06312563160708583,0.0,0.0,0.0,34376.5456661988,0.0062898606075506,,cwc,-0.0031957232983259587
2015-09-15,Bhakra,5.841,-0.058282407212282054,0.0,0.0,0.0,34882.68890409377,0.8069465373063176,,cwc,-0.003515436335995936
2015-09-16,Bhakra,5.838,-0.05203295731454848,0.0,0.0,0.0,36754.89449739171,2.5906314675396183,,cwc,0.0027228813323825207
2015-09-17,Bhakra,5.833,-0.049462452861906356,0.0,0.0,0.0,35431.626107840006,0.0204433940078828,,cwc,0.009303373753184907
2015-09-18,Bhakra,5.825,-0.042511687098613984,0.0,0.0,0.0,35596.81584932058,1.0281932344985527,,cwc,0.009065897671109546
2015-09-19,Bhakra,5.815,-0.03884277630509602,0.0,0.0,0.0,45889.96277955197,11.794709868981156,,cwc,0.0114700468529918
2015-09-20,Bhakra,5.801,-0.043659388689057554,0.0,0.0,0.0,52020.03971644222,9.48676011538394,,cwc,0.04065300841923669
2015-09-21,Bhakra,5.801,-0.049079310420335864,0.0,0.0,0.0,45343.09128278645,0.7282624873666621,,cwc,0.04165070474536492
2015-09-22,Bhakra,5.825,-0.048254362797875996,0.0,0.0,0.0,56398.20530580293,13.468672462291824,,cwc,0.0013150459886919208
2015-09-23,Bhakra,5.84,-0.05348449546053858,0.0,0.0,0.0,49025.23639925854,1.610600980815248,,cwc,0.03736221761065828
2015-09-24,Bhakra,5.862,-0.05541297719083603,0.0,0.0,0.0,39349.11487121296,0.0204433940078828,,cwc,0.01232369218581475
2015-09-25,Bhakra,5.886,-0.053386696091325556,0.0,0.0,0.0,38220.87764864694,0.3730489361077033,,cwc,-0.0133496701204594
2015-09-26,Bhakra,5.903,-0.05221588820390014,0.0,0.0,0.0,37633.784576924394,2.778391504306388,,cwc,-0.00910998771876681
2015-09-27,Bhakra,5.914,-0.051843259127945136,0.0,0.0,0.0,36951.22912626607,1.051627900793832,,cwc,-0.004546355271004998
2015-09-28,Bhakra,5.92,-0.05199926564843183,0.0,0.0,0.0,35123.14669681546,0.0,,cwc,-0.0012162787450673562
2015-09-29,Bhakra,5.915,-0.05320722844615907,0.0,0.0,0.0,34698.41236098369,0.0,,cwc,0.005311179487791584
2015-09-30,Bhakra,5.906,-0.05489037955784478,0.0,0.0,0.0,34253.275795155416,0.0,,cwc,0.008272034848391563
2016-06-01,Bhakra,1.75466,-0.7152762154084314,0.0,0.0,0.0,36226.76819766707,0.0148765511678355,,cwc,
2016-06-02,Bhakra,1.76481,-0.7116836335824066,0.0,0.0,0.0,36432.73180408955,0.4067931809056113,,cwc,-0.007138727136682732
2016-06-03,Bhakra,1.77725,-0.7081788775153347,0.0,0.0,0.0,37319.66845713743,0.2850215283377554,,cwc,-0.008924821613936595
2016-06-04,Bhakra,1.79604,-0.7037077746121418,0.0,0.0,0.0,37511.78880050764,0.7195906070746251,,cwc,-0.013104864088138823
2016-06-05,Bhakra,1.81406,-0.7003150177914997,0.0,0.0,0.0,38582.200841168225,2.264180305498283,,cwc,-0.011864827154246527
2016-06-06,Bhakra,1.83996,-0.6965893485187326,0.0,0.0,0.0,41224.85305818012,4.298566135509879,,cwc,-0.017125983231905506
2016-06-07,Bhakra,1.85493,-0.6955736023669824,0.0,0.0,0.0,40271.20945047874,2.021951420650821,,cwc,0.0002694650576262614
2016-06-08,Bhakra,1.85874,-0.6954403305621503,0.0,0.0,0.0,41023.008008810495,3.5804734022787925,,cwc,0.009096303927854876
2016-06-09,Bhakra,1.85722,-0.6956894457232079,0.0,0.0,0.0,38784.37661879319,0.5067846966876167,,cwc,0.016265635895848396
2016-06-10,Bhakra,1.85773,-0.6936912540504139,0.0,0.0,0.0,37481.55790176157,0.71516147970717,,cwc,0.008758655081534172
2016-06-11,Bhakra,1.859,-0.6861448830084813,0.0,0.0,0.0,37692.19401706728,0.5769459033767789,,cwc,0.004811210668161259
2016-06-12,Bhakra,1.859,-0.680511981000067,0.0,0.0,0.0,39053.241775978924,2.2014536350065503,,cwc,0.006596547836877686
2016-06-13,Bhakra,1.85823,-0.677791586940066,0.0,0.0,0.0,41010.035452828764,3.0561693158490555,,cwc,0.010696454000154842
2016-06-14,Bhakra,1.859,-0.6763601004245116,0.0,0.0,0.0,43663.33322879914,5.262753545769111,,cwc,0.013943897557620266
2016-06-15,Bhakra,1.859,-0.6762695141966367,0.0,0.0,0.0,56175.58323174103,15.082790399640068,,cwc,0.021205391011368313
2016-06-16,Bhakra,1.9108175558883589,-0.6729266909505225,0.0,0.0,0.0,52033.60549493836,2.024169135012947,,model,
2016-06-17,Bhakra,1.83564,-0.6881779909122663,0.0,0.0,0.0,46294.11142007306,1.658818648032077,,cwc,0.11686145033564865
2016-06-18,Bhakra,1.82878,-0.6894987933370263,0.0,0.0,0.0,44339.88542219117,1.7935221506325831,,cwc,0.03450178859990194
2016-06-19,Bhakra,1.83463,-0.689576027671311,0.0,0.0,0.0,43893.96645590651,3.905157045730265,,cwc,0.01701062706300882
2016-06-20,Bhakra,1.84173,-0.6905656549940983,0.0,0.0,0.0,43506.81036482295,2.0567162652123216,,cwc,0.014669652624800023
2016-06-21,Bhakra,1.84503,-0.6919825277525299,0.0,0.0,0.0,43931.3453340344,3.5331942740287854,,cwc,0.017522446000044933
2016-06-22,Bhakra,1.85316,-0.6915750620780347,0.0,0.0,0.0,45735.257512488424,4.566037541406396,,cwc,0.013731102873947965
2016-06-23,Bhakra,1.8794345102960712,-0.6831379028856704,0.0,0.0,0.0,41752.148992070404,0.6807423737081345,,model,
2016-06-24,Bhakra,1.86306,-0.6812987468430095,0.0,0.0,0.0,38472.35230719389,0.3561484421133682,,cwc,0.032904044690820644
2016-06-25,Bhakra,1.8656,-0.6760044098183229,0.0,0.0,0.0,38550.61743861959,1.1435866861163433,,cwc,0.00596526403115849
2016-06-26,Bhakra,1.86763,-0.6686628201375913,0.0,0.0,0.0,41645.74400701113,4.345076035821127,,cwc,0.0066667455877738035
2016-06-27,Bhakra,1.87067,-0.6602418740394989,0.0,0.0,0.0,56477.028540560495,16.998000402850444,,cwc,0.013229206560378737
2016-06-28,Bhakra,1.87829,-0.6525459191180115,0.0,0.0,0.0,53127.4827055298,3.3570097657438525,,cwc,0.04493506460923702
2016-06-29,Bhakra,1.88565,-0.6470449357504352,0.0,0.0,0.0,50913.58895003987,5.284214970186922,,cwc,0.03700014768055615
2016-06-30,Bhakra,1.89606,-0.6451823534420039,0.0,0.0,0.0,56412.629588942844,8.252876190863933,,cwc,0.028533689357931324
2016-07-01,Bhakra,1.90088,-0.6469551808858012,0.0,0.0,0.0,61842.983914407625,11.22843174228412,,cwc,0.04757750770905034
2016-07-02,Bhakra,1.90824,-0.6527995711848358,0.0,0.0,0.0,72956.43105862194,14.850288509158746,,cwc,0.05832327980539742
2016-07-03,Bhakra,1.92881,-0.66288352399553,0.0,0.0,0.0,64124.741893206796,7.206600464862474,,cwc,0.07230316781518153
2016-07-04,Bhakra,1.93795,-0.671184108445408,0.0,0.0,0.0,51400.810855526164,1.256697698600396,,cwc,0.06212577307718825
2016-07-05,Bhakra,1.94607,-0.6745247627772694,0.0,0.0,0.0,49928.89677461258,5.10884682989379,,cwc,0.03201571455714958
2016-07-06,Bhakra,1.97679,-0.6728043111745218,0.0,0.0,0.0,43954.835211086174,1.7241706610682663,,cwc,0.005814565561637286
2016-07-07,Bhakra,2.00344,-0.6666746742497985,0.0,0.0,0.0,38874.940213380294,0.8164669983134752,,cwc,-0.004731427367289154
2016-07-08,Bhakra,2.02401,-0.659696227983139,0.0,0.0,0.0,39255.556615446745,2.0782842071954746,,cwc,-0.01107977424263229
2016-07-09,Bhakra,2.0296,-0.6547215290007147,0.0,0.0,0.0,39576.55474955914,2.740130067949316,,cwc,0.004831432538898728
2016-07-10,Bhakra,2.03391,-0.6475375454483303,0.0,0.0,0.0,41752.853732378055,4.29262421954264,,cwc,0.006896778723984198
2016-07-11,Bhakra,2.0446,-0.6404301393775479,0.0,0.0,0.0,48668.161323202665,9.716109071456984,,cwc,0.005841258595152166
2016-07-12,Bhakra,2.05467,-0.6292092026765013,0.0,0.0,0.0,48234.44756098041,4.251344784350409,,cwc,0.02338008103681144
2016-07-13,Bhakra,2.05742,-0.6204749430016233,0.0,0.0,0.0,49636.351930649274,6.201199657594783,,cwc,0.029638967552390927
2016-07-14,Bhakra,2.06444,-0.6146592806494735,0.0,0.0,0.0,56105.38567872229,9.151120512201894,,cwc,0.0287988325004207
2016-07-15,Bhakra,2.0733,-0.6148470800241539,0.0,0.0,0.0,55478.99126203716,6.332897648914256,,cwc,0.042785812271785684
2016-07-16,Bhakra,2.09712,-0.6163289089688037,0.0,0.0,0.0,73120.79464558778,19.960012822940183,,cwc,0.026293291010055952
2016-07-17,Bhakra,2.12612,-0.6226999020574684,0.0,0.0,0.0,69347.91924951911,7.742621546563026,,cwc,0.06427529574763069
2016-07-18,Bhakra,2.16002,-0.6264603982143078,0.0,0.0,0.0,61573.75596653778,7.450000728247062,,cwc,0.050144671067206215
2016-07-19,Bhakra,2.22047,-0.6223281797717626,0.0,0.0,0.0,52005.858761136566,0.5707836950473563,,cwc,0.004574593291960749
2016-07-20,Bhakra,2.29192,-0.6133954458161003,0.0,0.0,0.0,41970.18604392213,0.9456913308409352,,cwc,-0.029833990033098612
2016-07-21,Bhakra,2.3089829785138334,-0.6096762034305775,0.0,0.0,0.0,45046.89516013962,5.11593737953594,,model,
2016-07-22,Bhakra,2.33162,-0.6023879402444928,0.0,0.0,0.0,45917.56547800089,6.391638664666558,,cwc,0.0019533583121713605
2016-07-23,Bhakra,2.35147,-0.5965618978317918,0.0,0.0,0.0,47386.41097139288,6.065026900474621,,cwc,0.006870540506252798
2016-07-24,Bhakra,2.36948,-0.5934520839370812,0.0,0.0,0.0,45544.582623990325,4.182227558674636,,cwc,0.012304181970575367
2016-07-25,Bhakra,2.37956,-0.5904019752427905,0.0,0.0,0.0,44465.17636486051,3.8289852549083214,,cwc,0.015728009776721397
2016-07-26,Bhakra,2.38719,-0.5857009128358885,0.0,0.0,0.0,54350.33561239365,11.57270392980836,,cwc,0.015537160819422358
2016-07-27,Bhakra,2.39604,-0.5807760869289089,0.0,0.0,0.0,52637.33271291264,5.594814044321373,,cwc,0.038501949698292126
2016-07-28,Bhakra,2.40338,-0.5765715476571274,0.0,0.0,0.0,47942.711287820355,3.884721185727586,,cwc,0.035820958694968486
2016-07-29,Bhakra,2.41223,-0.5730066965712387,0.0,0.0,0.0,49190.138173241074,5.95653697537194,,cwc,0.02282521272072735
2016-07-30,Bhakra,2.42231,-0.571422362838838,0.0,0.0,0.0,53315.47235183177,9.10893750564144,,cwc,0.024647136833458205
2016-07-31,Bhakra,2.45956,-0.5685959397055936,0.0,0.0,0.0,63271.6790036845,13.719654654093157,,cwc,0.007570078552014525
2016-08-01,Bhakra,2.50597,-0.5599869190612747,0.0,0.0,0.0,60342.0100355574,7.829565373658127,,cwc,0.02276869027286832
2016-08-02,Bhakra,2.54628,-0.548580494722992,0.0,0.0,0.0,53401.548411529475,4.458076602870001,,cwc,0.021701033818894988
2016-08-03,Bhakra,2.60704,-0.53390488870138,0.0,0.0,0.0,49103.81948945463,2.995042444269092,,cwc,-0.01572932986527187
2016-08-04,Bhakra,2.6662,-0.5203292685609958,0.0,0.0,0.0,45286.20452940107,3.2599326915556146,,cwc,-0.024644048347417513
2016-08-05,Bhakra,2.71429,-0.5039731659378874,0.0,0.0,0.0,66220.93990289928,19.85139462976271,,cwc,-0.022914131751006206
2016-08-06,Bhakra,2.76517,-0.49601598649619266,0.0,0.0,0.0,72906.76294461491,14.366806748078952,,cwc,0.02551427986633037
2016-08-07,Bhakra,2.86414,-0.4824294365425001,0.0,0.0,0.0,65931.04089517365,8.108308244697898,,cwc,-0.006218348977941712
2016-08-08,Bhakra,2.95266,-0.47210746035596296,0.0,0.0,0.0,59486.7148391073,4.733386513755439,,cwc,-0.012834979956650283
2016-08-09,Bhakra,3.06835,-0.4567625585753925,0.0,0.0,0.0,67272.92116163815,13.420526316556176,,cwc,-0.05577151049296525
2016-08-10,Bhakra,3.19973,-0.4420109222055783,0.0,0.0,0.0,65683.5646070189,7.785001867109449,,cwc,-0.052411968511663964
2016-08-11,Bhakra,3.29522,-0.4337398515029567,0.0,0.0,0.0,67045.76250890894,12.918150089755237,,cwc,-0.020410449391352614
2016-08-12,Bhakra,3.37942,-0.4258923642064597,0.0,0.0,0.0,56029.68698924873,3.153662258824093,,cwc,-0.005787729316391044
2016-08-13,Bhakra,3.47761,-0.4108854367166495,0.0,0.0,0.0,51268.44958038354,5.97806434602548,,cwc,-0.04672939029070999
2016-08-14,Bhakra,3.55648,-0.4005173597688235,0.0,0.0,0.0,51131.152261725016,4.876771687874539,,cwc,-0.039058117301792095
2016-08-15,Bhakra,3.61524,-0.3939699777398348,0.0,0.0,0.0,47711.7097532556,5.476820555117664,,cwc,-0.019284025564091145
2016-08-16,Bhakra,3.67518,-0.38377955163764654,0.0,0.0,0.0,52610.07435107684,8.739121028573264,,cwc,-0.02882994998472288
2016-08-17,Bhakra,3.71974,-0.3807024130131121,0.0,0.0,0.0,54103.79155775688,9.046528840360835,,cwc,-0.0014657309465109236
2016-08-18,Bhakra,3.538138,-0.4117227636789478,0.0,0.0,0.0,45428.75715069916,1.0155501260980662,,cwc_level,0.22835076104331753
2016-08-19,Bhakra,3.80294,-0.36911631222651814,0.0,0.0,0.0,43783.593599931686,3.7046359794991752,,cwc,-0.23927736599378413
2016-08-20,Bhakra,3.83607,-0.3616970507875472,0.0,0.0,0.0,49157.062297943725,7.7616784772949154,,cwc,-0.011630382905519987
2016-08-21,Bhakra,3.87747,-0.3561197467026255,0.0,0.0,0.0,42231.28038578405,0.9184401355715336,,cwc,-0.006753785794192169
2016-08-22,Bhakra,3.908,-0.34761251677783034,0.0,0.0,0.0,49352.75727286062,10.097380987214056,,cwc,-0.012828234454285603
2016-08-23,Bhakra,3.94767,-0.3413856175578911,0.0,0.0,0.0,45671.376308020706,2.722986322848553,,cwc,-0.0045450032541736185
2016-08-24,Bhakra,3.987,-0.33628001794011253,0.0,0.0,0.0,49131.71355770518,8.850707517255264,,cwc,-0.013211779896599829
2016-08-25,Bhakra,4.0226,-0.33238264893540154,0.0,0.0,0.0,46435.30990115477,2.3187742535993383,,cwc,-0.0010158034021694462
2016-08-26,Bhakra,4.06163,-0.32890931342444824,0.0,0.0,0.0,51412.08628503973,10.718135332110524,,cwc,-0.011042758649215223
2016-08-27,Bhakra,4.09002,-0.3286369676565185,0.0,0.0,0.0,48991.98984812102,2.913304749032956,,cwc,0.011773300747263349
2016-08-28,Bhakra,4.13593,-0.3207167378811638,0.0,0.0,0.0,42594.741296871165,2.524332652698534,,cwc,-0.011667648013172105
2016-08-29,Bhakra,4.17966,-0.3131237917522738,0.0,0.0,0.0,44503.494130655185,4.102520181601415,,cwc,-0.02513899987745738
2016-08-30,Bhakra,4.23431,-0.3068050981609346,0.0,0.0,0.0,39325.53839464265,1.160194101978749,,cwc,-0.031389091871823815
2016-08-31,Bhakra,4.29422,-0.2978815714894335,0.0,0.0,0.0,40501.50628675155,3.536795801518041,,cwc,-0.04931735175148688
2016-09-01,Bhakra,4.34888,-0.2911930530421816,0.0,0.0,0.0,50391.951225531084,12.32122568720007,,cwc,-0.041190257464302604
2016-09-02,Bhakra,4.40747,-0.2880139287844617,0.0,0.0,0.0,44052.47737346373,1.0034137511052947,,cwc,-0.020922536742487452
2016-09-03,Bhakra,4.44989,-0.2849851404245772,0.0,0.0,0.0,38253.59203898776,0.3502987056034037,,cwc,-0.020262538440602107
2016-09-04,Bhakra,4.48181,-0.281265219527382,0.0,0.0,0.0,37557.61736269684,0.5175484799711789,,cwc,-0.023949949491372635
2016-09-05,Bhakra,4.5076,-0.2778964331442768,0.0,0.0,0.0,35189.0937533578,0.4630645018349025,,cwc,-0.019522704114706357
2016-09-06,Bhakra,4.52641,-0.2740100627330999,0.0,0.0,0.0,34538.26746365812,0.0003214596200048,,cwc,-0.018337476056371038
2016-09-07,Bhakra,4.53384,-0.2707950018451255,0.0,0.0,0.0,34425.27524225145,0.168045355798019,,cwc,-0.00854977174114957
2016-09-08,Bhakra,4.54171,-0.26758134982945503,0.0,0.0,0.0,34677.73158894427,0.526464684407812,,cwc,-0.009266215746881912
2016-09-09,Bhakra,4.54914,-0.2648541711489763,0.0,0.0,0.0,35593.30866665806,1.4554228699742842,,cwc,-0.008208562222743687
2016-09-10,Bhakra,4.55571,-0.2633661729062741,0.0,0.0,0.0,37395.52522899391,2.928574324312156,,cwc,-0.005108533734344611
2016-09-11,Bhakra,4.5627,-0.2629781645290725,0.0,0.0,0.0,39686.93916280553,4.279502581988192,,cwc,-0.00111927476515028
2016-09-12,Bhakra,4.57013,-0.2634119354209113,0.0,0.0,0.0,39390.51673161088,2.4751965905253086,,cwc,0.004046842530043726
2016-09-13,Bhakra,4.585,-0.2625424304214636,0.0,0.0,0.0,38584.25146653002,1.905946324595995,,cwc,-0.004118377341270296
2016-09-14,Bhakra,4.59812,-0.2619639397333152,0.0,0.0,0.0,36696.37742686946,0.3811085474665381,,cwc,-0.004340966222041942
2016-09-15,Bhakra,4.60074,-0.2622994817281687,0.0,0.0,0.0,35526.34288278282,0.1043983190957137,,cwc,0.001540207319447262
2016-09-16,Bhakra,4.59943,-0.2621630157726586,0.0,0.0,0.0,35545.65731941573,1.030033958213435,,cwc,0.0026076294164383285
2016-09-17,Bhakra,4.59724,-0.2608126654192141,0.0,0.0,0.0,35526.400058148494,0.91287095889703,,cwc,0.0035348836447797183
2016-09-18,Bhakra,4.59506,-0.25816123203551755,0.0,0.0,0.0,34694.49563175196,0.0112971209592451,,cwc,0.003477769300289424
2016-09-19,Bhakra,4.59243,-0.2566141537850333,0.0,0.0,0.0,34771.20037909264,0.4454459398397385,,cwc,0.001892452274433687
2016-09-20,Bhakra,4.58675,-0.25648973813106846,0.0,0.0,0.0,36409.22853117508,2.2726830210847524,,cwc,0.0051301162335049
2016-09-21,Bhakra,4.58413,-0.2571145197234379,0.0,0.0,0.0,39878.788324053356,5.075604103189943,,cwc,0.006077675853310538
2016-09-22,Bhakra,4.58413,-0.2587307273776268,0.0,0.0,0.0,43168.01103601496,6.269135099150193,,cwc,0.011946215996386123
2016-09-23,Bhakra,4.58981,-0.2610655989392551,0.0,0.0,0.0,39708.3405729327,0.8732486502737987,,cwc,0.014313547847335073
2016-09-24,Bhakra,4.59243,-0.262650411849003,0.0,0.0,0.0,37409.57593233932,0.4518762227288966,,cwc,0.008909202696700369
2016-09-25,Bhakra,4.59068,-0.2640914734415439,0.0,0.0,0.0,35889.41440110147,0.1876759176512077,,cwc,0.007655101342052717
2016-09-26,Bhakra,4.58107,-0.26596435847794203,0.0,0.0,0.0,35763.91130901119,1.2619223295126651,,cwc,0.011795911314441021
2016-09-27,Bhakra,4.5745,-0.26732262631008236,0.0,0.0,0.0,34901.797881805745,0.0423253258808149,,cwc,0.008448858518443458
2016-09-28,Bhakra,4.56926,-0.26814373202283315,0.0,0.0,0.0,34602.51024713418,0.2822820747196637,,cwc,0.005009632889952265
2016-09-29,Bhakra,4.55745,-0.2700187601797899,0.0,0.0,0.0,34455.90762110148,0.0,,cwc,0.010847403081879925
2016-09-30,Bhakra,4.55352,-0.26929987129898225,0.0,0.0,0.0,35048.97401679955,0.9989726981479096,,cwc,0.002608728682115924
2017-06-01,Bhakra,1.38923,-0.7716193646293749,0.0,0.0,0.0,39505.92906825099,0.2459932054375982,,cwc,
2017-06-02,Bhakra,1.41076,-0.7601735103840496,0.0,0.0,0.0,37919.3643944596,0.0,,cwc,-0.010496012340791783
2017-06-03,Bhakra,1.43167,-0.7492518439271142,0.0,0.0,0.0,35407.68958364268,0.0,,cwc,-0.013757662673121285
2017-06-04,Bhakra,1.44745,-0.7399708668165081,0.0,0.0,0.0,37340.270932928965,1.1317382838083676,,cwc,-0.014772664843636818
2017-06-05,Bhakra,1.46549,-0.732564424308026,0.0,0.0,0.0,41813.68983253095,3.9389644423899153,,cwc,-0.012304458574689425
2017-06-06,Bhakra,1.49235,-0.7283355773577088,0.0,0.0,0.0,59847.10601848822,20.509444899710275,,cwc,-0.010179901289927296
2017-06-07,Bhakra,1.52126,-0.7317134791613913,0.0,0.0,0.0,57179.370669753596,3.1701292402999006,,cwc,0.03189021375333967
2017-06-08,Bhakra,1.55791,-0.7334412411522584,0.0,0.0,0.0,52587.29660556148,5.321039487745528,,cwc,0.017623397687129616
2017-06-09,Bhakra,1.59675,-0.7334740053688872,0.0,0.0,0.0,48823.55843510673,2.5404939146921537,,cwc,0.004198541578328108
2017-06-10,Bhakra,1.63331,-0.7325895706622091,0.0,0.0,0.0,41601.755912314344,1.0762838148116851,,cwc,-0.0027297281893552405
2017-06-11,Bhakra,1.66453,-0.7294421982157446,0.0,0.0,0.0,39430.42588530545,0.8530754491236857,,cwc,-0.01505841363640159
2017-06-12,Bhakra,1.69195,-0.7255822173150209,0.0,0.0,0.0,37800.353525822975,1.4696732864355917,,cwc,-0.016570736581797307
2017-06-13,Bhakra,1.71657,-0.7214959785724063,0.0,0.0,0.0,36628.6280181899,0.2260421159645531,,cwc,-0.017758831753982074
2017-06-14,Bhakra,1.71251,-0.7205050437095474,0.0,0.0,0.0,36132.00011858776,0.2879782803121716,,cwc,0.00805445327294696
2017-06-15,Bhakra,1.70033,-0.7192440075737362,0.0,0.0,0.0,36854.29693762415,1.0122647608248403,,cwc,0.014959415598543302
2017-06-16,Bhakra,1.6988,-0.7165469444250461,0.0,0.0,0.0,38050.464830951634,1.6894903295863113,,cwc,0.006076569332625015
2017-06-17,Bhakra,1.68764,-0.7144493557431268,0.0,0.0,0.0,38140.90345458457,1.130079797084157,,cwc,0.018633084448810955
2017-06-18,Bhakra,1.66682,-0.7155777269689808,0.0,0.0,0.0,40811.01808554978,3.40206642462347,,cwc,0.028514349373764514
2017-06-19,Bhakra,1.65057,-0.7190414846981565,0.0,0.0,0.0,44320.99478356673,5.328199255135057,,cwc,0.030476986533695793
2017-06-20,Bhakra,1.64042,-0.7230550352177458,0.0,0.0,0.0,44346.40417565323,2.7844354455535347,,cwc,0.03296440968851044
2017-06-21,Bhakra,1.63153,-0.7249435721963533,0.0,0.0,0.0,47952.41939914405,7.099235350501181,,cwc,0.031766575685816534
2017-06-22,Bhakra,1.63204,-0.725558833594509,0.0,0.0,0.0,43777.91542392554,0.9707593108522902,,cwc,0.031188964348485726
2017-06-23,Bhakra,1.63204,-0.7232192093847136,0.0,0.0,0.0,38634.20122627673,0.0,,cwc,0.021485725007919898
2017-06-24,Bhakra,1.63026,-0.7138828317652389,0.0,0.0,0.0,38251.12041833847,0.7351218315791767,,cwc,0.010681239638659967
2017-06-25,Bhakra,1.62874,-0.7053929399546509,0.0,0.0,0.0,43171.82493775725,5.285747443030974,,cwc,0.009484003501989191
2017-06-26,Bhakra,1.6262,-0.7017357450990861,0.0,0.0,0.0,46177.50455663573,4.540275359456676,,cwc,0.022542878846070646
2017-06-27,Bhakra,1.62925,-0.6984493630680993,0.0,0.0,0.0,49734.61650733575,7.307523503849685,,cwc,0.024306501099373268
2017-06-28,Bhakra,1.64042,-0.6963790338619911,0.0,0.0,0.0,63132.23738982513,16.365175850619814,,cwc,0.02488924421073535
2017-06-29,Bhakra,1.6587,-0.7000587241260924,0.0,0.0,0.0,60487.72626814873,5.6396556265052205,,cwc,0.050557535830367595
2017-06-30,Bhakra,1.6917,-0.7007049677997335,0.0,0.0,0.0,53521.25673902756,4.37618660573976,,cwc,0.02936753959014249
2017-07-01,Bhakra,1.72876,-0.6973331394221457,0.0,0.0,0.0,53298.01784007424,5.378923514673752,,cwc,0.00826354560138376
2017-07-02,Bhakra,1.76278,-0.6935868496455581,0.0,0.0,0.0,50440.12532679145,4.953846233205998,,cwc,0.010757374770389294
2017-07-03,Bhakra,1.80289,-0.6899697262669922,0.0,0.0,0.0,46292.049998085946,2.307255898533611,,cwc,-0.0023246751644154795
2017-07-04,Bhakra,1.8397,-0.6855774390432274,0.0,0.0,0.0,45354.144184214325,4.085962201340868,,cwc,-0.009173254824720312
2017-07-05,Bhakra,1.8826,-0.6787683157730342,0.0,0.0,0.0,46958.25439674583,5.447217212556466,,cwc,-0.01755791225296699
2017-07-06,Bhakra,1.92373,-0.6710232278492179,0.0,0.0,0.0,48930.95016416505,6.726540440996563,,cwc,-0.011863335434622035
2017-07-07,Bhakra,1.96663,-0.6610812286545316,0.0,0.0,0.0,43255.00549393153,1.0520223340575483,,cwc,-0.008806986211246981
2017-07-08,Bhakra,2.00471,-0.649775674646339,0.0,0.0,0.0,42429.327303762,3.531368353748222,,cwc,-0.017873613639328045
2017-07-09,Bhakra,2.04032,-0.6414045163975218,0.0,0.0,0.0,45155.510975911915,4.685615847645949,,cwc,-0.01742369770788965
2017-07-10,Bhakra,2.0733,-0.6362270396569445,0.0,0.0,0.0,49866.05452186189,8.011565293429218,,cwc,-0.008123883402933796
2017-07-11,Bhakra,2.12857,-0.6269621844372866,0.0,0.0,0.0,56708.64295534821,10.723724282555851,,cwc,-0.01888918275716911
2017-07-12,Bhakra,2.18536,-0.61921420539695,0.0,0.0,0.0,56474.41986103516,7.698437788198161,,cwc,-0.0036682732275470364
2017-07-13,Bhakra,2.24429,-0.6096927708219195,0.0,0.0,0.0,49187.32206994168,2.135532729259192,,cwc,-0.006381317722295776
2017-07-14,Bhakra,2.30047,-0.5998272337007574,0.0,0.0,0.0,44857.34017784634,2.4440010833613104,,cwc,-0.021459752976007884
2017-07-15,Bhakra,2.35635,-0.5897252393733341,0.0,0.0,0.0,50863.68697498219,8.21889428645904,,cwc,-0.03175338078587764
2017-07-16,Bhakra,2.40979,-0.5838032144138751,0.0,0.0,0.0,53223.02054190613,7.7019465932546,,cwc,-0.01461839959391975
2017-07-17,Bhakra,2.47666,-0.5732962898899828,0.0,0.0,0.0,56629.33678912894,9.803579837398956,,cwc,-0.022276111785290986
2017-07-18,Bhakra,2.54073,-0.5622831428014894,0.0,0.0,0.0,51342.346768570416,3.4487247372875216,,cwc,-0.011142301754430317
2017-07-19,Bhakra,2.61162,-0.5497303403579885,0.0,0.0,0.0,47737.00709773253,3.2695515589927617,,cwc,-0.030897322248288894
2017-07-20,Bhakra,2.68293,-0.534199585925102,0.0,0.0,0.0,44098.432348922186,2.2317202044983624,,cwc,-0.04013805812035809
2017-07-21,Bhakra,2.76866,-0.5153465606991923,0.0,0.0,0.0,52641.6499223627,10.964986745183344,,cwc,-0.06346010612144903
2017-07-22,Bhakra,2.84567,-0.5044811945333638,0.0,0.0,0.0,58481.26947212694,10.50009696801778,,cwc,-0.0338384789259667
2017-07-23,Bhakra,2.91712,-0.49873153197528536,0.0,0.0,0.0,54326.68397158501,6.011461841157897,,cwc,-0.013991408540204642
2017-07-24,Bhakra,2.98507,-0.4847545881380542,0.0,0.0,0.0,58131.56426099629,9.584233100766534,,cwc,-0.02065591582772175
2017-07-25,Bhakra,3.06417,-0.4688760403464788,0.0,0.0,0.0,57057.563813256216,6.47537385015614,,cwc,-0.022496988757907843
2017-07-26,Bhakra,3.14816,-0.4508061681268022,0.0,0.0,0.0,48828.30593221728,2.2065986251154808,,cwc,-0.030014611989257034
2017-07-27,Bhakra,3.2318,-0.42730784088264673,0.0,0.0,0.0,43915.86927814453,1.7319453404586516,,cwc,-0.04979811307902171
2017-07-28,Bhakra,3.30602,-0.4061069937833754,0.0,0.0,0.0,62138.57565704127,18.59982770667429,,cwc,-0.05239676046593411
2017-07-29,Bhakra,3.37982,-0.39242235861086144,0.0,0.0,0.0,66227.56367935073,10.098113207068156,,cwc,-0.007393532665608493
2017-07-30,Bhakra,3.45474,-0.3823808417126698,0.0,0.0,0.0,68733.97989954463,13.549079675047574,,cwc,0.0014904854358155362
2017-07-31,Bhakra,3.534,-0.37121324350293766,0.0,0.0,0.0,74468.66701486376,12.20518484877349,,cwc,0.0032826220671089423
2017-08-01,Bhakra,3.64363,-0.3597694733536247,0.0,0.0,0.0,67557.10802370176,7.517336605361778,,cwc,-0.013057032675177993
2017-08-02,Bhakra,3.64363,-0.3670027129371256,0.0,0.0,0.0,66815.15002663553,8.377764839117821,,cwc,0.07966331611542721
2017-08-03,Bhakra,3.88457,-0.3331753407777855,0.0,0.0,0.0,61170.94841820643,7.221841870845724,,cwc,-0.16309194017601936
2017-08-04,Bhakra,3.97488,-0.32250858398802645,0.0,0.0,0.0,64770.468219220464,11.26562290486076,,cwc,-0.02627090580534963
2017-08-05,Bhakra,4.07622,-0.3112678262974407,0.0,0.0,0.0,58795.022352757886,5.78005378847836,,cwc,-0.02849440868446962
2017-08-06,Bhakra,4.18621,-0.2976108043611576,0.0,0.0,0.0,49141.224873230436,2.629511381296305,,cwc,-0.05176378841510765
2017-08-07,Bhakra,4.3515,-0.27302841759428736,0.0,0.0,0.0,54459.39061652109,8.859338088071665,,cwc,-0.13068253325019974
2017-08-08,Bhakra,4.48705,-0.2551607395680285,0.0,0.0,0.0,51415.77368018806,4.710966577968285,,cwc,-0.08793123899549027
2017-08-09,Bhakra,4.56314,-0.2455334647350636,0.0,0.0,0.0,51968.36186189731,7.17132274563769,,cwc,-0.035917677761940325
2017-08-10,Bhakra,4.63485,-0.2386046839025846,0.0,0.0,0.0,48609.18917698224,3.666772410131847,,cwc,-0.030185729029811093
2017-08-11,Bhakra,4.71574,-0.2299918838401386,0.0,0.0,0.0,44168.432248330835,2.9218255634809296,,cwc,-0.04758419877399955
2017-08-12,Bhakra,4.77521,-0.2231412615979198,0.0,0.0,0.0,44546.66439044667,3.981317681912344,,cwc,-0.037028846079365074
2017-08-13,Bhakra,4.82986,-0.21742842899009027,0.0,0.0,0.0,44826.275516196176,4.805687498015649,,cwc,-0.03128347256992292
2017-08-14,Bhakra,4.88365,-0.20921979410019803,0.0,0.0,0.0,40298.73480033665,0.9593617336429532,,cwc,-0.02973938282740196
2017-08-15,Bhakra,4.92169,-0.19889901656397535,0.0,0.0,0.0,37474.904580463284,0.6830353277023165,,cwc,-0.025066353224299398
2017-08-16,Bhakra,4.94705,-0.18635223712272048,0.0,0.0,0.0,37302.7239386979,1.4808298554547032,,cwc,-0.019295067185024273
2017-08-17,Bhakra,4.97154,-0.17449661797797056,0.0,0.0,0.0,36754.23561361402,1.105163697369893,,cwc,-0.01884632013258436
2017-08-18,Bhakra,4.99777,-0.16393792887799494,0.0,0.0,0.0,43739.69011494092,8.350054852956882,,cwc,-0.021928238255752852
2017-08-19,Bhakra,5.05143,-0.15242925697154855,0.0,0.0,0.0,51027.25014125311,11.241604475103289,,cwc,-0.03226779609826291
2017-08-20,Bhakra,5.11809,-0.1431649346473771,0.0,0.0,0.0,59053.59207925214,13.00274964345672,,cwc,-0.027438229951168402
2017-08-21,Bhakra,5.1599,-0.14152152374615679,0.0,0.0,0.0,57477.31112544902,6.396400118725876,,cwc,0.017048821954551485
2017-08-22,Bhakra,5.19522,-0.14230990006466232,0.0,0.0,0.0,52915.63086490138,5.029819122964689,,cwc,0.019682331520064267
2017-08-23,Bhakra,5.22474,-0.14136506173221108,0.0,0.0,0.0,51108.159622474814,4.858718601833064,,cwc,0.014321836147995093
2017-08-24,Bhakra,5.25712,-0.13908840005099907,0.0,0.0,0.0,47368.039102777984,4.06117428159127,,cwc,0.0070397212069917
2017-08-25,Bhakra,5.30901,-0.13331357304620883,0.0,0.0,0.0,46148.53645824648,4.60300026466807,,cwc,-0.021620766193904295
2017-08-26,Bhakra,5.3552,-0.1252741394570817,0.0,0.0,0.0,41033.594044582715,1.0404705305611637,,cwc,-0.018904371541746734
2017-08-27,Bhakra,5.38805,-0.11354447526282982,0.0,0.0,0.0,43255.35200281567,5.672875760806766,,cwc,-0.01807846456790685
2017-08-28,Bhakra,5.41328,-0.10092251909033817,0.0,0.0,0.0,43669.7322986833,3.980200526253869,,cwc,-0.005022765879166613
2017-08-29,Bhakra,5.42899,-0.0929307466830778,0.0,0.0,0.0,40861.55594262238,2.5169628211720303,,cwc,0.005511046819261622
2017-08-30,Bhakra,5.44661,-0.08778667610819127,0.0,0.0,0.0,47737.54597554734,8.425655551558659,,cwc,-0.0032693687810656513
2017-08-31,Bhakra,5.46375,-0.08797501772174085,0.0,0.0,0.0,57470.477973697016,13.634740728681466,,cwc,0.014033260284925575
2017-09-01,Bhakra,5.47946,-0.09341461984679734,0.0,0.0,0.0,65078.57552664661,13.107681393761055,,cwc,0.03927561369808785
2017-09-02,Bhakra,5.51565,-0.0976421407474485,0.0,0.0,0.0,57595.62573238992,4.723876380078092,,cwc,0.03740939911928454
2017-09-03,Bhakra,5.55993,-0.0961203368717859,0.0,0.0,0.0,46756.495764614774,0.8648574518942272,,cwc,0.011011797144086621
2017-09-04,Bhakra,5.59326,-0.09390812307458257,0.0,0.0,0.0,40252.31628618864,0.0051429397747098,,cwc,-0.004556953170097522
2017-09-05,Bhakra,5.60754,-0.09227838862670451,0.0,0.0,0.0,37199.989401535335,1.1294892537638708,,cwc,-0.0014199196258752877
2017-09-06,Bhakra,5.61087,-0.09073188848056192,0.0,0.0,0.0,39523.171033248575,3.932531153943812,,cwc,0.0020623320611106166
2017-09-07,Bhakra,5.61706,-0.09071056775113882,0.0,0.0,0.0,43371.38331248503,6.745084538349075,,cwc,0.004886171429128616
2017-09-08,Bhakra,5.62516,-0.09253002239702372,0.0,0.0,0.0,38765.68579645763,0.0360841058074063,,cwc,0.012391113485589855
2017-09-09,Bhakra,5.63087,-0.09312571357739269,0.0,0.0,0.0,38564.9029824471,2.3171670704951195,,cwc,0.0035129265726823178
2017-09-10,Bhakra,5.62468,-0.09569870204146032,0.0,0.0,0.0,39776.30445617968,2.6206083098250548,,cwc,0.014921696249957428
2017-09-11,Bhakra,5.61087,-0.1000210643860517,0.0,0.0,0.0,37047.38679374538,0.5722408710611271,,cwc,0.02550548147143239
2017-09-12,Bhakra,5.6004,-0.09928736274561105,0.0,0.0,0.0,35428.28790119753,0.0,,cwc,0.015488978252705898
2017-09-13,Bhakra,5.58326,-0.09807752032520563,0.0,0.0,0.0,34915.177121318935,0.2600917951345184,,cwc,0.018197730496371634
2017-09-14,Bhakra,5.56469,-0.09842038075632921,0.0,0.0,0.0,34544.12170693146,0.0606354219110914,,cwc,0.018372366210164692
2017-09-15,Bhakra,5.54517,-0.09980768524356486,0.0,0.0,0.0,34416.16134990227,0.2793844683373599,,cwc,0.018414551107279742
2017-09-16,Bhakra,5.52517,-0.10232296664689156,0.0,0.0,0.0,43194.847699119426,10.290553136813935,,cwc,0.01858148642697266
2017-09-17,Bhakra,5.50279,-0.10836723111048857,0.0,0.0,0.0,45514.26643621541,5.79667874607968,,cwc,0.04243920577101079
2017-09-18,Bhakra,5.47946,-0.11094967721516881,0.0,0.0,0.0,41632.45278625048,0.9511791375855904,,cwc,0.049063838933077086
2017-09-19,Bhakra,5.45375,-0.10306524177105071,0.0,0.0,0.0,38990.532678708354,0.3384357214095942,,cwc,0.0419466885846953
2017-09-20,Bhakra,5.43566,-0.09491929300882218,0.0,0.0,0.0,36186.92708266679,0.3513088008962834,,cwc,0.0278630314562891
2017-09-21,Bhakra,5.42281,-0.09185832443355942,0.0,0.0,0.0,36953.58391655327,2.0379420832323847,,cwc,0.01576379856565069
2017-09-22,Bhakra,5.40424,-0.09237572544153223,0.0,0.0,0.0,48475.11644026524,13.314780700573104,,cwc,0.023359482427265377
2017-09-23,Bhakra,5.39043,-0.09966990305741992,0.0,0.0,0.0,72214.85132184453,26.887942308599023,,cwc,0.04678778214702284
2017-09-24,Bhakra,5.40424,-0.11232164049982782,0.0,0.0,0.0,67124.18870463806,4.587261325770644,,cwc,0.07724883696610796
2017-09-25,Bhakra,5.42757,-0.12134225671375826,0.0,0.0,0.0,49232.41562823011,0.075819861898629,,cwc,0.055274146296209636
2017-09-26,Bhakra,5.45137,-0.12326986606027202,0.0,0.0,0.0,43226.47794153428,0.0,,cwc,0.011030571820962898
2017-09-27,Bhakra,5.45137,-0.12625588695290718,0.0,0.0,0.0,35548.70898601636,0.040334767573479,,cwc,0.020136591548602034
2017-09-28,Bhakra,5.45661,-0.1256603651947812,0.0,0.0,0.0,34358.80690201737,0.0650159579086884,,cwc,-0.003887650222342387
2017-09-29,Bhakra,5.455051164437349,-0.12589641458220566,0.0,0.0,0.0,34621.85353610116,0.4828225633507874,,model,
2017-09-30,Bhakra,5.45661,-0.12570092569540542,0.0,0.0,0.0,34596.82479819026,0.1431210567298572,,cwc,-0.0024741076630139247
2018-06-01,Bhakra,0.34785,-0.9339079129305929,0.0,0.0,0.0,40625.75433718186,4.197755708435681,,cwc,
2018-06-02,Bhakra,0.3464,-0.9335679419082586,0.0,0.0,0.0,40791.92507848081,0.0520547326475919,,cwc,0.0152237247774622
2018-06-03,Bhakra,0.35113,-0.9328284125002523,0.0,0.0,0.0,38869.40669884784,0.0,,cwc,0.009450274049509932
2018-06-04,Bhakra,0.35297,-0.9299862923270078,0.0,0.0,0.0,39930.40089004689,0.4422098870039873,,cwc,0.007636687596031755
2018-06-05,Bhakra,0.3552,-0.928162805254511,0.0,0.0,0.0,44229.57997294932,4.717767820413881,,cwc,0.009842490038188711
2018-06-06,Bhakra,0.35954,-0.9289088203402794,0.0,0.0,0.0,42083.98827752015,0.5756474162358207,,cwc,0.018250756448352723
2018-06-07,Bhakra,0.38319,-0.9260796854090277,0.0,0.0,0.0,40741.458082784346,2.428173954874973,,cwc,-0.006308595724416832
2018-06-08,Bhakra,0.4209,-0.9211211773567922,0.0,0.0,0.0,45353.394731836,6.932340669144735,,cwc,-0.0236531972680184
2018-06-09,Bhakra,0.46032,-0.9181774329810646,0.0,0.0,0.0,43661.53479727096,2.0800827178890784,,cwc,-0.014079745844828295
2018-06-10,Bhakra,0.50498,-0.9125958600974396,0.0,0.0,0.0,40556.31184697529,0.9056059938327446,,cwc,-0.023459008987228913
2018-06-11,Bhakra,0.54891,-0.903623641275641,0.0,0.0,0.0,39620.41484558659,1.4757584638358263,,cwc,-0.030326171520899337
2018-06-12,Bhakra,0.58554,-0.8963269908269901,0.0,0.0,0.0,37952.47682486258,0.8001044734846313,,cwc,-0.025315914237649118
2018-06-13,Bhakra,0.60174,-0.8928981472552102,0.0,0.0,0.0,36735.87367390206,0.6238450281414769,,cwc,-0.008966650610643723
2018-06-14,Bhakra,0.60626,-0.8917335183948527,0.0,0.0,0.0,39618.17610111382,4.106520514920707,,cwc,-0.0002631621284212571
2018-06-15,Bhakra,0.612,-0.8911518852479574,0.0,0.0,0.0,45443.93980628335,8.299327187570803,,cwc,0.005568608504871064
2018-06-16,Bhakra,0.624,-0.8925984405702609,0.0,0.0,0.0,43225.79529692607,1.8785851513024805,,cwc,0.013561779520084527
2018-06-17,Bhakra,0.643,-0.8925700407148414,0.0,0.0,0.0,40060.83870152795,1.495359892284453,,cwc,0.0011349214069975577
2018-06-18,Bhakra,0.654,-0.8925419252085507,0.0,0.0,0.0,37853.547385691694,0.0,,cwc,0.0013916159979731058
2018-06-19,Bhakra,0.658,-0.8929416600058799,0.0,0.0,0.0,38752.88210606792,2.953928503491708,,cwc,0.002991311042745859
2018-06-20,Bhakra,0.626,-0.899318265552562,0.0,0.0,0.0,36856.18409980066,0.1000885806922852,,cwc,0.04119160137688149
2018-06-21,Bhakra,0.59,-0.9052549270166,0.0,0.0,0.0,35532.144743261924,0.209872334649692,,cwc,0.0405511864174567
2018-06-22,Bhakra,0.54803,-0.909695479012033,0.0,0.0,0.0,35636.34074109946,0.1686209561083479,,cwc,0.0432818241064048
2018-06-23,Bhakra,0.50659,-0.9094178644954607,0.0,0.0,0.0,35200.881268607576,0.0,,cwc,0.04300674748665834
2018-06-24,Bhakra,0.4661,-0.9036640285772404,0.0,0.0,0.0,35597.50194037959,0.5797102102878914,,cwc,0.04099136299018208
2018-06-25,Bhakra,0.42787,-0.9013000525629359,0.0,0.0,0.0,36455.843198300616,1.2087833678476392,,cwc,0.03970172542659861
2018-06-26,Bhakra,0.39265,-0.9012079666766712,0.0,0.0,0.0,41381.05533442799,6.661408333477525,,cwc,0.03879172215796378
2018-06-27,Bhakra,0.36493,-0.8980741095550878,0.0,0.0,0.0,53281.109937893496,15.171936315987976,,cwc,0.04334162572685324
2018-06-28,Bhakra,0.35139,-0.8949902430869904,0.0,0.0,0.0,66399.85408326982,16.41538091535442,,cwc,0.05827600831038732
2018-06-29,Bhakra,0.348,-0.898697920331411,0.0,0.0,0.0,57242.125458932795,2.6479641060552943,,cwc,0.0802220069247766
2018-06-30,Bhakra,0.353,-0.9017151163398077,0.0,0.0,0.0,51085.926070936286,3.389702470000177,,cwc,0.04942693201970133
2018-07-01,Bhakra,0.38,-0.9017398634799297,0.0,0.0,0.0,60690.00170900054,10.261268938451908,,cwc,0.012365325143506523
2018-07-02,Bhakra,0.405,-0.9073071336487671,0.0,0.0,0.0,66666.92354555478,11.89184413148416,,cwc,0.037862421737195506
2018-07-03,Bhakra,0.419,-0.9167921200007793,0.0,0.0,0.0,58345.6897263399,4.80447258309644,,cwc,0.06348541254016582
2018-07-04,Bhakra,0.438,-0.9211112634342205,0.0,0.0,0.0,47516.6485654876,2.040445455763172,,cwc,0.038126885369280994
2018-07-05,Bhakra,0.459,-0.9192141481516862,0.0,0.0,0.0,39987.08631296392,0.0283756138900527,,cwc,0.009632818083398331
2018-07-06,Bhakra,0.48163,-0.9123615063471272,0.0,0.0,0.0,36297.32518189909,0.0,,cwc,-0.01041882479231343
2018-07-07,Bhakra,0.48236,-0.909051579868527,0.0,0.0,0.0,36795.791987959674,1.516636222916998,,cwc,0.0024538958555068713
2018-07-08,Bhakra,0.47112,-0.9063856934735202,0.0,0.0,0.0,39583.160798745535,3.098085852026807,,cwc,0.015643432553482606
2018-07-09,Bhakra,0.46098,-0.9036741349807437,0.0,0.0,0.0,43763.29260564316,5.179329405731712,,cwc,0.021362940922376672
2018-07-10,Bhakra,0.46879,-0.9009132931098116,0.0,0.0,0.0,48184.30132931023,6.316564466778271,,cwc,0.013639949178303135
2018-07-11,Bhakra,0.49141,-0.8910920076597468,0.0,0.0,0.0,44426.04700754751,1.0739781926555756,,cwc,0.009646281008284796
2018-07-12,Bhakra,0.53032,-0.8762163334225608,0.0,0.0,0.0,48177.33563379551,7.072186989491932,,cwc,-0.01583857210929296
2018-07-13,Bhakra,0.566,-0.8657662721437221,0.0,0.0,0.0,50631.37792847297,6.361568604384886,,cwc,-0.003430761092019119
2018-07-14,Bhakra,0.613,-0.8578259371854862,0.0,0.0,0.0,47600.20008684243,4.136075770921009,,cwc,-0.008746761226118949
2018-07-15,Bhakra,0.641,-0.8542150219408471,0.0,0.0,0.0,63943.79305585946,18.750469853250344,,cwc,0.0028372331923385286
2018-07-16,Bhakra,0.673,-0.8563794329847954,0.0,0.0,0.0,66395.76501655154,9.805129262695864,,cwc,0.038823068076738965
2018-07-17,Bhakra,0.717,-0.8557382337043108,0.0,0.0,0.0,60199.621951256355,6.659108707826909,,cwc,0.0328220027141396
2018-07-18,Bhakra,0.75,-0.8557227208993132,0.0,0.0,0.0,51637.00657514498,1.8996530732561905,,cwc,0.028662670613866403
2018-07-19,Bhakra,0.79,-0.8485932757057613,0.0,0.0,0.0,45349.049922620594,2.738242955009281,,cwc,0.0007135852287323274
2018-07-20,Bhakra,0.82989,-0.8406206638771138,0.0,0.0,0.0,45353.67983597468,3.619657226606343,,cwc,-0.014560375748804866
2018-07-21,Bhakra,0.87045,-0.8313242612338811,0.0,0.0,0.0,50043.94225978207,8.759545280583561,,cwc,-0.015219048316014616
2018-07-22,Bhakra,0.90762,-0.8179705789169669,0.0,0.0,0.0,46750.876909422754,3.1305687067269306,,cwc,-0.0003539669677211643
2018-07-23,Bhakra,0.94657,-0.7992126240173905,0.0,0.0,0.0,53439.24567569398,11.08216194891397,,cwc,-0.010190700123804297
2018-07-24,Bhakra,0.98607,-0.7866273115048334,0.0,0.0,0.0,49342.9585098387,2.205262354482432,,cwc,0.005622899339367438
2018-07-25,Bhakra,1.05738,-0.7733669662878985,0.0,0.0,0.0,52444.11777330193,9.00331559936818,,cwc,-0.036208976668159476
2018-07-26,Bhakra,1.16618,-0.7587109246595382,0.0,0.0,0.0,68849.85538017098,16.943834811284503,,cwc,-0.06611175625131827
2018-07-27,Bhakra,1.285,-0.7503693549815175,0.0,0.0,0.0,78588.56171387418,17.625491349528932,,cwc,-0.035993879815662044
2018-07-28,Bhakra,1.405,-0.7462692787486187,0.0,0.0,0.0,69336.53186883031,6.440026767814152,,cwc,-0.013347399054342901
2018-07-29,Bhakra,1.543,-0.7355844000190379,0.0,0.0,0.0,53957.03649194941,2.382510688817414,,cwc,-0.053983189019914724
2018-07-30,Bhakra,1.611,-0.7295042951992108,0.0,0.0,0.0,45288.19049004442,0.8631536009785646,,cwc,-0.02161028631187234
2018-07-31,Bhakra,1.68,-0.7188681337080854,0.0,0.0,0.0,41521.71397155895,2.443764099839499,,cwc,-0.0438192729482616
2018-08-01,Bhakra,1.722,-0.7074921825231147,0.0,0.0,0.0,39979.23885150417,2.415998753601293,,cwc,-0.026034242291272047
2018-08-02,Bhakra,1.76,-0.6906214758452689,0.0,0.0,0.0,40134.94415435172,3.366073722306093,,cwc,-0.025808024199615476
2018-08-03,Bhakra,1.79629,-0.6765430152939619,0.0,0.0,0.0,41643.07907824574,4.163330490788668,,cwc,-0.023717079413356323
2018-08-04,Bhakra,1.84681,-0.6627898115407459,0.0,0.0,0.0,44165.25354383869,5.651300347090504,,cwc,-0.034257313389169264
2018-08-05,Bhakra,1.89022,-0.653217736412911,0.0,0.0,0.0,53318.12057902705,11.09453017905738,,cwc,-0.020976623020041663
2018-08-06,Bhakra,1.9415,-0.6489533296225928,0.0,0.0,0.0,67400.2731287243,16.8361225208154,,cwc,-0.006453442360090378
2018-08-07,Bhakra,2.00395,-0.6455600474551665,0.0,0.0,0.0,61145.834607996694,4.872309997976829,,cwc,0.016829607696686733
2018-08-08,Bhakra,2.13284,-0.6166445298658503,0.0,0.0,0.0,56009.57033281969,5.793512978662813,,cwc,-0.06491234863926332
2018-08-09,Bhakra,2.22922,-0.5926053824100284,0.0,0.0,0.0,50792.662209303104,3.423892663031989,,cwc,-0.04496860721038809
2018-08-10,Bhakra,2.358,-0.5693935749829645,0.0,0.0,0.0,43215.42411903986,1.7467291570196437,,cwc,-0.09013216704875804
2018-08-11,Bhakra,2.456,-0.5498896665283509,0.0,0.0,0.0,50514.12160388547,8.49531242582719,,cwc,-0.07789045246319715
2018-08-12,Bhakra,2.552,-0.5358433532010615,0.0,0.0,0.0,82083.16440230767,32.567400299178004,,cwc,-0.05803363768241576
2018-08-13,Bhakra,2.5539549999999998,-0.5463707585207035,0.0,0.0,0.0,77819.58539628064,6.669236822260461,,cwc_level,0.11324741042458797
2018-08-14,Bhakra,2.984,-0.4888913533291933,0.0,0.0,0.0,57253.263228526914,2.8735417952482423,,cwc,-0.3252737577080733
2018-08-15,Bhakra,3.082,-0.477046586021638,0.0,0.0,0.0,52816.53609227317,2.4685587850428306,,cwc,-0.04354581858557749
2018-08-16,Bhakra,3.17,-0.465780145460483,0.0,0.0,0.0,47037.623892711585,4.261246961704567,,cwc,-0.04440060669940893
2018-08-17,Bhakra,3.29766,-0.44728109924672177,0.0,0.0,0.0,54481.23408018401,8.869075762500845,,cwc,-0.09819915196673001
2018-08-18,Bhakra,3.37351,-0.4379149716247356,0.0,0.0,0.0,48388.331906852225,4.530962982371116,,cwc,-0.028177797311462083
2018-08-19,Bhakra,3.2122354545454552,-0.4637152458147639,0.0,0.0,0.0,47354.1434219464,5.134533161653167,,cwc_level,0.19404000268438804
2018-08-20,Bhakra,3.44843,-0.42546677648145037,0.0,0.0,0.0,45532.33766357992,3.1652041105802584,,cwc,-0.20595930848136046
2018-08-21,Bhakra,3.52296,-0.41355407781451875,0.0,0.0,0.0,41957.2816334689,1.859337388269192,,cwc,-0.04875194844397468
2018-08-22,Bhakra,3.59355,-0.40164089352695753,0.0,0.0,0.0,47324.94942161215,7.146996040279286,,cwc,-0.05355859310121147
2018-08-23,Bhakra,3.66374,-0.3932773926744248,0.0,0.0,0.0,48619.11878195435,6.051217421005248,,cwc,-0.040026188354110204
2018-08-24,Bhakra,3.749,-0.3821722806562636,0.0,0.0,0.0,48194.162454428064,5.839646511652234,,cwc,-0.05192990524529817
2018-08-25,Bhakra,3.836,-0.37064962064518014,0.0,0.0,0.0,45399.171939645516,3.271878249764081,,cwc,-0.054709593004150125
2018-08-26,Bhakra,3.906,-0.3610307058504994,0.0,0.0,0.0,43435.76650339255,3.4094192947946325,,cwc,-0.044547748447658186
2018-08-27,Bhakra,3.96,-0.3538607058379889,0.0,0.0,0.0,39929.407018479425,0.8919310541638247,,cwc,-0.03335136817399231
2018-08-28,Bhakra,4.004,-0.34452522646319456,0.0,0.0,0.0,42044.1093700681,5.128418227323285,,cwc,-0.031929941543682894
2018-08-29,Bhakra,4.043,-0.33564403570019974,0.0,0.0,0.0,41971.03526807932,3.2645124396860563,,cwc,-0.02175616248417267
2018-08-30,Bhakra,4.089,-0.3264004852153093,0.0,0.0,0.0,41277.58257679903,3.315514231158213,,cwc,-0.028934943795110968
2018-08-31,Bhakra,4.135,-0.31747197379885234,0.0,0.0,0.0,39618.97452283794,1.3153872979497123,,cwc,-0.03063152819159143
2018-09-01,Bhakra,4.18053,-0.3085542044174576,0.0,0.0,0.0,45713.28769665426,8.633640632216323,,cwc,-0.03421943809606365
2018-09-02,Bhakra,4.2177,-0.3026234043028592,0.0,0.0,0.0,48715.04062023429,6.584498313950246,,cwc,-0.01094924051808821
2018-09-03,Bhakra,4.25224,-0.2988322748803059,0.0,0.0,0.0,46703.395154307604,4.987962511897064,,cwc,-0.0009752252214783041
2018-09-04,Bhakra,4.29816,-0.2934165604686465,0.0,0.0,0.0,45207.850591864175,3.4024697685900387,,cwc,-0.01727686782472926
2018-09-05,Bhakra,4.33532,-0.2886902325308279,0.0,0.0,0.0,43713.99848191199,3.646485640375509,,cwc,-0.012175830578481595
2018-09-06,Bhakra,4.37555,-0.28298696970084697,0.0,0.0,0.0,45620.486112587496,5.315853133846503,,cwc,-0.01890065261935625
2018-09-07,Bhakra,4.406,-0.2797051838418948,0.0,0.0,0.0,44249.59304932572,4.0353497064229575,,cwc,-0.004456286604255233
2018-09-08,Bhakra,4.441,-0.2758554067123866,0.0,0.0,0.0,41722.753967100405,2.5287351168868404,,cwc,-0.012360280048393513
2018-09-09,Bhakra,4.472,-0.2708401699975505,0.0,0.0,0.0,42052.54100439906,3.650603016440677,,cwc,-0.014542382754503258
2018-09-10,Bhakra,4.498,-0.268240994889981,0.0,0.0,0.0,41791.15745596967,3.580454251920864,,cwc,-0.008735533853808874
2018-09-11,Bhakra,4.524,-0.2664950663719988,0.0,0.0,0.0,41529.970329089825,3.508818722732653,,cwc,-0.009375028451405143
2018-09-12,Bhakra,4.546,-0.26535803302023075,0.0,0.0,0.0,39745.44508612769,2.038384918015722,,cwc,-0.006014042488842186
2018-09-13,Bhakra,4.57,-0.2636241373080549,0.0,0.0,0.0,41820.8132717272,4.7271531545624725,,cwc,-0.01238001830868729
2018-09-14,Bhakra,4.59724,-0.262250166966441,0.0,0.0,0.0,38042.961871313826,0.1266425316571282,,cwc,-0.010542473257789453
2018-09-15,Bhakra,4.62173,-0.25981940721232694,0.0,0.0,0.0,35609.205997734025,5.770514471684444e-05,,cwc,-0.017035272108758548
2018-09-16,Bhakra,4.63379,-0.2582363949423287,0.0,0.0,0.0,35432.70540752334,0.3517226641304619,,cwc,-0.010559639712893976
2018-09-17,Bhakra,4.63379,-0.2547227308344665,0.0,0.0,0.0,34350.327149601675,0.0042051124946758,,cwc,0.0010685382593216275
2018-09-18,Bhakra,4.63529,-0.24123833706117545,0.0,0.0,0.0,34185.02259439639,0.0,,cwc,-0.003079581917543983
2018-09-19,Bhakra,4.63379,-0.21803226527603933,0.0,0.0,0.0,34221.78516224696,0.0,,cwc,-0.0004840119998767989
2018-09-20,Bhakra,4.62916,-0.1888794904577567,0.0,0.0,0.0,34710.22841489068,0.6841011249824955,,cwc,0.0027359303996190576
2018-09-21,Bhakra,4.622,-0.17238148098655112,0.0,0.0,0.0,44378.52102629436,11.479411108402411,,cwc,0.006460943716924739
2018-09-22,Bhakra,4.622,-0.1689067056329188,0.0,0.0,0.0,68068.59469458589,26.778974989785624,,cwc,0.02295515198719489
2018-09-23,Bhakra,4.695,-0.1666268703713495,0.0,0.0,0.0,93880.96021436132,24.20403914135425,,cwc,0.007914706896285928
2018-09-24,Bhakra,4.779,-0.17359454659504617,0.0,0.0,0.0,110337.41326205737,21.467784192521737,,cwc,0.06006660914973683
2018-09-25,Bhakra,4.937,-0.17617797685869027,0.0,0.0,0.0,79640.82587636464,0.6803567810315997,,cwc,0.026328564742700955
2018-09-26,Bhakra,5.016,-0.18064235499830497,0.0,0.0,0.0,53225.325580175726,0.0267739362831189,,cwc,0.030227044713064366
2018-09-27,Bhakra,5.074,-0.1783491169454964,0.0,0.0,0.0,44035.44915666791,1.0121492068311877,,cwc,-0.013400472335028724
2018-09-28,Bhakra,5.124,-0.1740631420280729,0.0,0.0,0.0,41807.49964650938,4.178918135929897,,cwc,-0.027884199259398557
2018-09-29,Bhakra,5.171,-0.16951267380804574,0.0,0.0,0.0,39179.9182772916,1.6088826127801013,,cwc,-0.030335046047670566
2018-09-30,Bhakra,5.213,-0.1645985800513808,0.0,0.0,0.0,35984.45416694294,0.1233024635258182,,cwc,-0.03176362236953789
2019-06-01,Bhakra,2.816,-0.5390191350895351,0.0,0.0,0.0,38107.42257484116,0.917422880122722,,cwc,
2019-06-02,Bhakra,2.811,-0.5380138402403111,0.0,0.0,0.0,39042.41744336622,0.6185046634836071,,cwc,0.012612435872140448
2019-06-03,Bhakra,2.794,-0.5401818208868197,0.0,0.0,0.0,42121.01798547026,3.742715686430164,,cwc,0.02689997145268741
2019-06-04,Bhakra,2.788,-0.5424191155500727,0.0,0.0,0.0,40803.78059569483,0.0715455779105578,,cwc,0.023432000253512886
2019-06-05,Bhakra,2.784,-0.5442273364597264,0.0,0.0,0.0,40944.043408248486,0.210726008407766,,cwc,0.018209279468005768
2019-06-06,Bhakra,2.778,-0.5466278757413298,0.0,0.0,0.0,42710.583771439626,3.066729253930781,,cwc,0.020552443035148915
2019-06-07,Bhakra,2.771,-0.5489681196733651,0.0,0.0,0.0,40471.20984638752,0.0091133117618183,,cwc,0.025874417487957935
2019-06-08,Bhakra,2.762,-0.5490239195224044,0.0,0.0,0.0,38877.25611928066,1.4701729377560944,,cwc,0.02239562000558548
2019-06-09,Bhakra,2.745,-0.5510177521235726,0.0,0.0,0.0,37834.97464181864,0.0,,cwc,0.02649589179610956
2019-06-10,Bhakra,2.726,-0.5540417626479672,0.0,0.0,0.0,37284.65949860532,0.0,,cwc,0.025945871421772626
2019-06-11,Bhakra,2.714,-0.5556140664730788,0.0,0.0,0.0,39613.446850230044,2.8392634547821785,,cwc,0.01759948385004151
2019-06-12,Bhakra,2.703,-0.5578534045078053,0.0,0.0,0.0,44007.754121947015,5.387373089575131,,cwc,0.022297038035310024
2019-06-13,Bhakra,2.691,-0.561053626260407,0.0,0.0,0.0,40749.430774036846,0.0420207027799012,,cwc,0.03404804274591999
2019-06-14,Bhakra,2.683,-0.5630493499274134,0.0,0.0,0.0,37901.77758352365,0.2444691305033584,,cwc,0.022076308523432342
2019-06-15,Bhakra,2.668,-0.5652659587615336,0.0,0.0,0.0,38186.37678969566,0.0,,cwc,0.022109309865318227
2019-06-16,Bhakra,2.647,-0.5677873701012103,0.0,0.0,0.0,38408.15538736219,0.8834894283337354,,cwc,0.02880560332342208
2019-06-17,Bhakra,2.635,-0.5696879945240948,0.0,0.0,0.0,40764.77995285131,3.490333612717362,,cwc,0.02034820141699889
2019-06-18,Bhakra,2.623,-0.5725309859308267,0.0,0.0,0.0,38938.17964392356,0.0,,cwc,0.02611386144896377
2019-06-19,Bhakra,2.609,-0.5743976787951988,0.0,0.0,0.0,38389.29311290692,1.9788733938229668,,cwc,0.023644945801649886
2019-06-20,Bhakra,2.588,-0.5736151409886862,0.0,0.0,0.0,40350.27022629395,3.620924774887444,,cwc,0.029302053437582742
2019-06-21,Bhakra,2.561,-0.5730243660434241,0.0,0.0,0.0,38473.96593228701,0.5856771985091979,,cwc,0.04009973208857698
2019-06-22,Bhakra,2.544,-0.572747903623839,0.0,0.0,0.0,38431.31696908184,0.2074777503182719,,cwc,0.025509211886850736
2019-06-23,Bhakra,2.529,-0.5733475547926825,0.0,0.0,0.0,39907.849332702644,2.052371343793828,,cwc,0.023404867976430488
2019-06-24,Bhakra,2.516,-0.5758291864689957,0.0,0.0,0.0,48965.066276274476,10.301348087064795,,cwc,0.025017315949475982
2019-06-25,Bhakra,2.516,-0.5801822852128794,0.0,0.0,0.0,52890.22109347882,7.478739859300318,,cwc,0.03417648143434926
2019-06-26,Bhakra,2.514,-0.5863515635360139,0.0,0.0,0.0,46126.32902635042,0.5099700175551667,,cwc,0.04577966922261467
2019-06-27,Bhakra,2.519,-0.5885453179936467,0.0,0.0,0.0,43035.61904745747,0.6400525744977027,,cwc,0.022231296298446335
2019-06-28,Bhakra,2.523,-0.5898451013476802,0.0,0.0,0.0,38903.14554735383,0.0023919056203442,,cwc,0.015669640845703547
2019-06-29,Bhakra,2.527,-0.5885422757490022,0.0,0.0,0.0,37882.04367148139,0.717329002242642,,cwc,0.005559232237721368
2019-06-30,Bhakra,2.531,-0.5840002674474006,0.0,0.0,0.0,38000.6605642398,0.5854382311020918,,cwc,0.0030610293586978976
2019-07-01,Bhakra,2.533,-0.5792603700806236,0.0,0.0,0.0,38497.340601875665,0.8199468246709116,,cwc,0.005351234547810169
2019-07-02,Bhakra,2.537,-0.5760529447315835,0.0,0.0,0.0,38091.422439965565,0.2552674174867803,,cwc,0.004566399781851693
2019-07-03,Bhakra,2.552,-0.5692905795465181,0.0,0.0,0.0,40585.21118462917,3.5863549600155284,,cwc,-0.0074267096665714405
2019-07-04,Bhakra,2.573,-0.5623856650716581,0.0,0.0,0.0,47811.0931769716,9.13096839103823,,cwc,-0.007325467108112438
2019-07-05,Bhakra,2.636,-0.5522283524523569,0.0,0.0,0.0,49251.00627611924,4.519543315695171,,cwc,-0.03164680093062655
2019-07-06,Bhakra,2.662,-0.5489522147649459,0.0,0.0,0.0,45028.53173073426,1.064001075947412,,cwc,0.008876055245464087
2019-07-07,Bhakra,2.685,-0.5456365196380063,0.0,0.0,0.0,49177.43725243238,6.915561703727524,,cwc,0.0015454522810225413
2019-07-08,Bhakra,2.727,-0.5350329121991755,0.0,0.0,0.0,49581.75016498014,4.860296951094779,,cwc,-0.007303936928798382
2019-07-09,Bhakra,2.776,-0.5233882505210974,0.0,0.0,0.0,47921.410761939376,3.398877931432687,,cwc,-0.013314754844209187
2019-07-10,Bhakra,2.841,-0.5122495976827729,0.0,0.0,0.0,46964.9790347809,2.899064525363509,,cwc,-0.03337690062500043
2019-07-11,Bhakra,2.891,-0.5023005330312107,0.0,0.0,0.0,44069.42173776381,2.058911106797729,,cwc,-0.020716883099652694
2019-07-12,Bhakra,2.944,-0.49152422756054964,0.0,0.0,0.0,59007.450791246876,15.607065364679034,,cwc,-0.030801082773270316
2019-07-13,Bhakra,3.008,-0.4868382242172694,0.0,0.0,0.0,59201.15375771446,7.088437770436553,,cwc,-0.005254066192321272
2019-07-14,Bhakra,3.087,-0.47876836114662585,0.0,0.0,0.0,49712.75889255279,2.3568619147086496,,cwc,-0.01978015725146154
2019-07-15,Bhakra,3.156,-0.4699374327508461,0.0,0.0,0.0,51858.6450964579,5.751824556165226,,cwc,-0.03299423209507646
2019-07-16,Bhakra,3.215,-0.4647726025234269,0.0,0.0,0.0,49843.04552896361,4.708940971043792,,cwc,-0.01774415938507179
2019-07-17,Bhakra,3.27,-0.45992638806789865,0.0,0.0,0.0,44779.03865901532,1.2965160468845185,,cwc,-0.018675475996522195
2019-07-18,Bhakra,3.316,-0.45515821866749884,0.0,0.0,0.0,47457.05577339626,5.986068551769371,,cwc,-0.022064951367028574
2019-07-19,Bhakra,3.356,-0.45253804739395725,0.0,0.0,0.0,43993.684716345866,1.7333780553449818,,cwc,-0.00951298018442337
2019-07-20,Bhakra,3.405,-0.4447602587034835,0.0,0.0,0.0,40893.00270613168,1.4357409783934694,,cwc,-0.026986379117764248
2019-07-21,Bhakra,3.445,-0.4354265422962717,0.0,0.0,0.0,39701.14322733293,0.8342588560867646,,cwc,-0.025572431898477355
2019-07-22,Bhakra,3.489,-0.42170376669285564,0.0,0.0,0.0,38117.04416856797,0.3165519557508716,,cwc,-0.03248840615303683
2019-07-23,Bhakra,3.537,-0.4082012553550498,0.0,0.0,0.0,37778.64907952156,0.6598765547421109,,cwc,-0.04036402417193807
2019-07-24,Bhakra,3.6,-0.3935072388491836,0.0,0.0,0.0,43768.00018841705,6.639155877906987,,cwc,-0.05619193332153305
2019-07-25,Bhakra,3.663,-0.38152565823589313,0.0,0.0,0.0,48307.333129537335,6.355370837786239,,cwc,-0.04153853336480351
2019-07-26,Bhakra,3.758,-0.36322770736909704,0.0,0.0,0.0,56655.11356728171,11.456467468011056,,cwc,-0.06243271239795467
2019-07-27,Bhakra,3.828,-0.35345173518830336,0.0,0.0,0.0,52875.28173408452,3.648739275437352,,cwc,-0.017009236919358184
2019-07-28,Bhakra,3.913,-0.340135315986684,0.0,0.0,0.0,49439.449362981075,4.557804531100654,,cwc,-0.0412568810487457
2019-07-29,Bhakra,3.987,-0.327390557975325,0.0,0.0,0.0,48522.91800052038,3.270158878578278,,cwc,-0.038662904506492346
2019-07-30,Bhakra,4.061,-0.316618766154814,0.0,0.0,0.0,56064.271591462355,10.47443779753995,,cwc,-0.04090526772461711
2019-07-31,Bhakra,4.163,-0.3048544936319532,0.0,0.0,0.0,52933.393507420216,3.300393799097391,,cwc,-0.05045477644868246
2019-08-01,Bhakra,4.276,-0.28863316263914207,0.0,0.0,0.0,52036.54826564656,6.147947510037184,,cwc,-0.06911470620519378
2019-08-02,Bhakra,4.378,-0.274189696756644,0.0,0.0,0.0,51641.3423977399,4.925417025141105,,cwc,-0.06030890584185933
2019-08-03,Bhakra,4.501,-0.2558874561525166,0.0,0.0,0.0,45701.6240647599,2.3436070939889904,,cwc,-0.0822758068537377
2019-08-04,Bhakra,4.572,-0.23871907639115608,0.0,0.0,0.0,44325.27317493959,2.745564013264791,,cwc,-0.04480777647465395
2019-08-05,Bhakra,4.626,-0.22639095716270863,0.0,0.0,0.0,48046.01969730703,7.112635528719671,,cwc,-0.031175122903782437
2019-08-06,Bhakra,4.681,-0.21652914880970817,0.0,0.0,0.0,47118.7965780644,3.5897148427092893,,cwc,-0.023072035450972805
2019-08-07,Bhakra,4.736,-0.20575091961256572,0.0,0.0,0.0,47964.634644628946,5.851232555322078,,cwc,-0.02534055685977865
2019-08-08,Bhakra,4.794,-0.19721207539724087,0.0,0.0,0.0,60392.29552140314,15.64099728041768,,cwc,-0.026271150130628307
2019-08-09,Bhakra,4.865,-0.18620028270657799,0.0,0.0,0.0,53641.09206124592,3.4596722113192366,,cwc,-0.008865938941139184
2019-08-10,Bhakra,4.986,-0.16771792390833756,0.0,0.0,0.0,50673.85771462771,5.252550465808573,,cwc,-0.0753832682297837
2019-08-11,Bhakra,5.044,-0.16010369515207612,0.0,0.0,0.0,52079.849054487364,5.9890542198299554,,cwc,-0.019642831220131995
2019-08-12,Bhakra,5.109,-0.14687555049546816,0.0,0.0,0.0,45997.99217103148,2.604530980099012,,cwc,-0.023202967190778523
2019-08-13,Bhakra,5.169,-0.11381360251604644,0.0,0.0,0.0,59408.249337240915,13.776348791723098,,cwc,-0.03308268951336846
2019-08-14,Bhakra,5.235,-0.07936785325712455,0.0,0.0,0.0,51240.4357412539,2.335366762283784,,cwc,-0.006273482271001107
2019-08-15,Bhakra,5.306,-0.057497204825622254,0.0,0.0,0.0,46353.13722983427,3.647477009128622,,cwc,-0.03125665527554311
2019-08-16,Bhakra,5.364,-0.0425341296938654,0.0,0.0,0.0,59191.05929185928,13.334896912087672,,cwc,-0.0302138002973793
2019-08-17,Bhakra,5.395,-0.0433113160618352,0.0,0.0,0.0,105649.88979149977,41.83746678075397,,cwc,0.028195145875232086
2019-08-18,Bhakra,5.509,-0.051230141439315174,0.0,0.0,0.0,120130.90815892023,17.242971157062186,,cwc,0.05886018445044794
2019-08-19,Bhakra,5.696,-0.05397522987027083,0.0,0.0,0.0,77903.11909820522,2.7725591411757904,,cwc,0.021289089862823296
2019-08-20,Bhakra,5.696,-0.06907940878934088,0.0,0.0,0.0,60742.63566971046,0.8135892264651545,,cwc,0.10497561380428433
2019-08-21,Bhakra,5.63,-0.08658896147656049,0.0,0.0,0.0,44541.565246481696,1.1783637721898013,,cwc,0.12899119469833398
2019-08-22,Bhakra,5.562,-0.09906652014483179,0.0,0.0,0.0,38892.759167238895,1.2114015881750486,,cwc,0.09135405198914803
2019-08-23,Bhakra,5.538,-0.10255053810117692,0.0,0.0,0.0,36708.52775960991,1.003332748140927,,cwc,0.0335338211741254
2019-08-24,Bhakra,5.505,-0.10685285707717643,0.0,0.0,0.0,39447.764364500035,3.955429953451211,,cwc,0.037189934026400806
2019-08-25,Bhakra,5.471,-0.11176420680038061,0.0,0.0,0.0,43139.66249888584,6.0920459458689455,,cwc,0.044891683317397124
2019-08-26,Bhakra,5.459,-0.11397333977930459,0.0,0.0,0.0,40567.5563660482,0.575741888959068,,cwc,0.03192419100964283
2019-08-27,Bhakra,5.447,-0.11457484065609524,0.0,0.0,0.0,39832.052521211655,1.3915918361593975,,cwc,0.025631339044485557
2019-08-28,Bhakra,5.442,-0.11419942350846475,0.0,0.0,0.0,39243.031592847765,0.9669685860095468,,cwc,0.016831873324052005
2019-08-29,Bhakra,5.439,-0.11384378108476297,0.0,0.0,0.0,40840.40583856354,4.156714892073263,,cwc,0.01339078912490077
2019-08-30,Bhakra,5.445,-0.11215758952852155,0.0,0.0,0.0,42420.00790701349,4.174779299676546,,cwc,0.008298885891557362
2019-08-31,Bhakra,5.459,-0.10830195129061095,0.0,0.0,0.0,43940.94536827461,5.108251128962391,,cwc,0.00416350168392654
2019-09-01,Bhakra,5.461,-0.10764447991780296,0.0,0.0,0.0,42831.54028521787,2.1109826521287154,,cwc,0.019884590082956066
2019-09-02,Bhakra,5.459,-0.1079086940315598,0.0,0.0,0.0,41374.70362183006,2.4883960996728183,,cwc,0.021170346736642642
2019-09-03,Bhakra,5.453,-0.10809281479749015,0.0,0.0,0.0,42681.05499081257,3.843349350474493,,cwc,0.021606085782138074
2019-09-04,Bhakra,5.439,-0.11182857512578712,0.0,0.0,0.0,46514.208309764115,7.015038026108782,,cwc,0.032802173095386244
2019-09-05,Bhakra,5.43,-0.11721435829078797,0.0,0.0,0.0,44797.40336117515,2.982398784274376,,cwc,0.03718027226787246
2019-09-06,Bhakra,5.43,-0.12076807612353331,0.0,0.0,0.0,42976.31827339561,2.789041782429643,,cwc,0.023979979264177054
2019-09-07,Bhakra,5.42,-0.12454881348076147,0.0,0.0,0.0,43358.33815862112,4.212487985853899,,cwc,0.029524557022051923
2019-09-08,Bhakra,5.42,-0.12553120230848924,0.0,0.0,0.0,38892.06466029648,0.0366281792875469,,cwc,0.020459197531157436
2019-09-09,Bhakra,5.42,-0.1256376478072029,0.0,0.0,0.0,36480.57440892189,0.3797012337396545,,cwc,0.009532122010424082
2019-09-10,Bhakra,5.43,-0.12357278241234727,0.0,0.0,0.0,35749.610653345495,0.1675592625916136,,cwc,-0.006367771066917882
2019-09-11,Bhakra,5.42,-0.12438331905644243,0.0,0.0,0.0,37437.87781001933,2.198747174801118,,cwc,0.011843870884005625
2019-09-12,Bhakra,5.418,-0.12528389134579396,0.0,0.0,0.0,40857.16871014467,4.817231682347102,,cwc,0.007974344023876867
2019-09-13,Bhakra,5.413,-0.12826126283166192,0.0,0.0,0.0,38621.053608668175,0.9419531465514211,,cwc,0.019339897523241056
2019-09-14,Bhakra,5.43,-0.12668039136858011,0.0,0.0,0.0,37650.39176844017,1.514607860167124,,cwc,-0.008130927001062993
2019-09-15,Bhakra,5.441,-0.1257230024468318,0.0,0.0,0.0,37773.32386054199,1.79265614297896,,cwc,-0.004505724522362975
2019-09-16,Bhakra,5.454,-0.12434716186730084,0.0,0.0,0.0,35962.48302936836,0.4141962376886747,,cwc,-0.006204961872063208
2019-09-17,Bhakra,5.466,-0.12242788963018135,0.0,0.0,0.0,35320.43104017298,0.4266581622812564,,cwc,-0.009635320766493649
2019-09-18,Bhakra,5.462,-0.12233903088755654,0.0,0.0,0.0,35697.47674652046,1.1361913127483434,,cwc,0.004793850537770261
2019-09-19,Bhakra,5.455,-0.12340269562840339,0.0,0.0,0.0,35591.831011715214,0.7810221009772973,,cwc,0.008716321342473243
2019-09-20,Bhakra,5.442,-0.12580560201690705,0.0,0.0,0.0,35962.67507916211,1.2909371206438047,,cwc,0.01445785107120745
2019-09-21,Bhakra,5.433,-0.12673711822741066,0.0,0.0,0.0,35944.14996172012,0.9790547421546776,,cwc,0.011365149097835925
2019-09-22,Bhakra,5.422,-0.1269334830428709,0.0,0.0,0.0,37181.60435080088,2.1654273037310774,,cwc,0.013319825998522994
2019-09-23,Bhakra,5.409,-0.1279215289449598,0.0,0.0,0.0,35850.52018306829,0.0702458870640637,,cwc,0.018347351645580545
2019-09-24,Bhakra,5.387,-0.12768315826164628,0.0,0.0,0.0,34787.56240959931,0.0,,cwc,0.02409075367173852
2019-09-25,Bhakra,5.367,-0.12453786456573634,0.0,0.0,0.0,37269.63881898655,2.787660701789013,,cwc,0.019490147177218198
2019-09-26,Bhakra,5.354,-0.12169545654090008,0.0,0.0,0.0,39940.28389769683,4.6870199583766725,,cwc,0.018562734622608268
2019-09-27,Bhakra,5.345,-0.12037648636842084,0.0,0.0,0.0,39979.5813388168,2.717301821538634,,cwc,0.02109666956302192
2019-09-28,Bhakra,5.358,-0.11816502665328432,0.0,0.0,0.0,45449.574268721764,8.546203228686897,,cwc,-0.0008071862785312689
2019-09-29,Bhakra,5.355,-0.12051749349726718,0.0,0.0,0.0,50970.19552054277,8.735213624882176,,cwc,0.028575564658098074
2019-09-30,Bhakra,5.361,-0.12339105362270492,0.0,0.0,0.0,49819.98072139342,5.411185928314211,,cwc,0.03308218160904186
2020-06-01,Bhakra,1.359,-0.7725967220056901,0.0,0.0,0.0,42886.754451893874,1.0834445555294516,,cwc,
2020-06-02,Bhakra,1.3783054323665997,-0.7707435445078812,0.0,0.0,0.0,40620.810502067354,0.7057688484771873,,model,
2020-06-03,Bhakra,1.36451,-0.7738290820850573,0.0,0.0,0.0,38848.193651495465,2.011105322026611,,cwc,0.027557061677969674
2020-06-04,Bhakra,1.359,-0.7750661065035647,0.0,0.0,0.0,39128.70687049871,2.3915287423166465,,cwc,0.01493478827313277
2020-06-05,Bhakra,1.3691110850549495,-0.7736043815335083,0.0,0.0,0.0,40370.16500789034,3.295796231087056,,model,
2020-06-06,Bhakra,1.382259491229664,-0.7714370298115542,0.0,0.0,0.0,39714.16092750014,1.5535766136095583,,model,
2020-06-07,Bhakra,1.3938029338635154,-0.7690945147128341,0.0,0.0,0.0,38403.678392045396,0.1138229144767146,,model,
2020-06-08,Bhakra,1.4021401819732544,-0.7667887453167366,0.0,0.0,0.0,37950.84751931643,0.4554027264186921,,model,
2020-06-09,Bhakra,1.4093695451435053,-0.7645771389049674,0.0,0.0,0.0,38717.51980607396,0.335078865142362,,model,
2020-06-10,Bhakra,1.37,-0.7700970714372907,0.0,0.0,0.0,40514.05089850903,1.107349237097658,,cwc,0.04847462998198715
2020-06-11,Bhakra,1.37,-0.7700591163264354,0.0,0.0,0.0,40960.01819179822,0.2366264100451751,,cwc,0.013500433876051599
2020-06-12,Bhakra,1.3845915265499276,-0.7678355846109958,0.0,0.0,0.0,40866.46335264689,0.504668201656243,,model,
2020-06-13,Bhakra,1.3989541641182197,-0.7645917520736797,0.0,0.0,0.0,40626.72367632694,0.4504899952848588,,model,
2020-06-14,Bhakra,1.4127302604571297,-0.7611625571036079,0.0,0.0,0.0,40755.42352367393,0.5162086459654343,,model,
2020-06-15,Bhakra,1.4268212306952746,-0.7577224939887013,0.0,0.0,0.0,40610.68490024533,0.5436127877075261,,model,
2020-06-16,Bhakra,1.4405580869568426,-0.7538925921963958,0.0,0.0,0.0,40657.08559043141,0.893300398679641,,model,
2020-06-17,Bhakra,1.482,-0.7468083539395042,0.0,0.0,0.0,43254.77926518052,4.290246690425961,,cwc,-0.027591533987683325
2020-06-18,Bhakra,1.482,-0.7477875363736564,0.0,0.0,0.0,43726.71343281184,1.105677641896916,,cwc,0.02020583287494193
2020-06-19,Bhakra,1.49393,-0.7453032059631877,0.0,0.0,0.0,43754.38381245663,1.1258700440696117,,cwc,0.009430455468577792
2020-06-20,Bhakra,1.51666,-0.7405922499272971,0.0,0.0,0.0,44746.91605857374,2.464791156477527,,cwc,-0.001301846857247213
2020-06-21,Bhakra,1.54218,-0.7361327839136435,0.0,0.0,0.0,41754.86777987018,0.3170903382079478,,cwc,-0.0016635417357286908
2020-06-22,Bhakra,1.56722,-0.7313255252560154,0.0,0.0,0.0,40761.773319203996,1.1178001807927451,,cwc,-0.008503813885506029
2020-06-23,Bhakra,1.57511,-0.7301273468227049,0.0,0.0,0.0,45175.63420423867,5.817600197521259,,cwc,0.006216505492607993
2020-06-24,Bhakra,1.5983,-0.7275995000312138,0.0,0.0,0.0,46457.97706940571,3.115924207200375,,cwc,0.0017153495953881048
2020-06-25,Bhakra,1.64655,-0.7214639390149522,0.0,0.0,0.0,45669.84435447568,1.7624067473937897,,cwc,-0.020207301709684877
2020-06-26,Bhakra,1.6726644720633201,-0.7194684003819889,0.0,0.0,0.0,43759.471392984524,1.089731022291348,,model,
2020-06-27,Bhakra,1.6941050723561784,-0.717476827117606,0.0,0.0,0.0,40587.429003662975,0.2667291470916196,,model,
2020-06-28,Bhakra,1.7077850313098784,-0.7152756642596578,0.0,0.0,0.0,42132.99677195245,2.8766435621693804,,model,
2020-06-29,Bhakra,1.7252463385694639,-0.7107602419095996,0.0,0.0,0.0,42357.71928339249,2.682091230107468,,model,
2020-06-30,Bhakra,1.7432574464300727,-0.7041181981034548,0.0,0.0,0.0,40076.61346344984,0.1209874845910818,,model,
2020-07-01,Bhakra,1.87612,-0.6798583411954809,0.0,0.0,0.0,40066.51760479895,1.8091749655219755,,cwc,-0.12043234342519904
2020-07-02,Bhakra,1.895,-0.6743816440274644,0.0,0.0,0.0,40600.13430864111,0.6930181021468689,,cwc,-0.006474490136158417
2020-07-03,Bhakra,1.91871,-0.6678266502241658,0.0,0.0,0.0,46492.25662735797,6.990080201187547,,cwc,-0.009998956557841776
2020-07-04,Bhakra,1.94547,-0.6645824163118047,0.0,0.0,0.0,51906.65107516635,8.666413695605153,,cwc,0.0013665658185131324
2020-07-05,Bhakra,1.98143,-0.6611269531807715,0.0,0.0,0.0,47536.87568304421,2.788620245056533,,cwc,0.005413290868476306
2020-07-06,Bhakra,2.02546,-0.6539262579453938,0.0,0.0,0.0,46293.32171362454,3.968479601964464,,cwc,-0.013347694745430516
2020-07-07,Bhakra,2.0456,-0.6486158314974089,0.0,0.0,0.0,47598.10190947701,6.0332175933455,,cwc,0.007499856523417225
2020-07-08,Bhakra,2.05826,-0.6478353118503993,0.0,0.0,0.0,43814.36385931181,1.704269071235312,,cwc,0.018172099842905798
2020-07-09,Bhakra,2.08847,-0.644522103163295,0.0,0.0,0.0,46006.191478462104,4.844813264519479,,cwc,-0.008635101141390322
2020-07-10,Bhakra,2.12358,-0.6408970032545723,0.0,0.0,0.0,47873.317622336406,5.364028336929695,,cwc,-0.008172629288318856
2020-07-11,Bhakra,2.17566,-0.6333184731484351,0.0,0.0,0.0,51581.79374467968,8.024544278145495,,cwc,-0.020574564124261396
2020-07-12,Bhakra,2.21796,-0.6273821876220793,0.0,0.0,0.0,44410.73124644328,0.4351787716495496,,cwc,-0.0017214971320846928
2020-07-13,Bhakra,2.26054,-0.6176879894588191,0.0,0.0,0.0,39901.94713241279,0.6513959672117084,,cwc,-0.01954604327587184
2020-07-14,Bhakra,2.29392,-0.6068018120057771,0.0,0.0,0.0,40885.052794900395,2.901581131957653,,cwc,-0.02137712422941762
2020-07-15,Bhakra,2.32126,-0.5966907821725705,0.0,0.0,0.0,45881.41674777007,6.872369852090648,,cwc,-0.012931881956885327
2020-07-16,Bhakra,2.36183,-0.5861777513402713,0.0,0.0,0.0,49406.14972419781,7.026602219631952,,cwc,-0.013937900093132338
2020-07-17,Bhakra,2.4168,-0.5766509794167104,0.0,0.0,0.0,51688.315783467835,7.627411805136233,,cwc,-0.019714374588414962
2020-07-18,Bhakra,2.45735,-0.5733356342453954,0.0,0.0,0.0,53974.678063464366,7.040783902109889,,cwc,0.00028911708307655104
2020-07-19,Bhakra,2.51527,-0.5700042214074663,0.0,0.0,0.0,55453.008767438245,7.134036761034817,,cwc,-0.011487124874419052
2020-07-20,Bhakra,2.56979,-0.5667656899306748,0.0,0.0,0.0,56065.311988496615,6.477480894546831,,cwc,-0.004470277125842248
2020-07-21,Bhakra,2.62259,-0.5631750100849107,0.0,0.0,0.0,51193.24447376142,5.052957387290861,,cwc,-0.0012522310387406144
2020-07-22,Bhakra,2.66757,-0.5582214884526492,0.0,0.0,0.0,43555.02312300543,1.264715192816814,,cwc,-0.005352112276554077
2020-07-23,Bhakra,2.71935,-0.547875535287853,0.0,0.0,0.0,38782.57434929025,0.7325827885101892,,cwc,-0.03083959784480239
2020-07-24,Bhakra,2.76195,-0.5341576217643292,0.0,0.0,0.0,41414.12593238541,4.21126732987498,,cwc,-0.03333575430695834
2020-07-25,Bhakra,2.78818,-0.5229929414644392,0.0,0.0,0.0,43626.02504470881,5.016256446277309,,cwc,-0.01052746455690734
2020-07-26,Bhakra,2.81135,-0.5149114198387315,0.0,0.0,0.0,45420.06743929764,5.145201357246912,,cwc,-0.002055886279475949
2020-07-27,Bhakra,2.83043,-0.5101658351818259,0.0,0.0,0.0,48731.622834613314,6.916860622421772,,cwc,0.006423373970803059
2020-07-28,Bhakra,2.85905,-0.5054054064419742,0.0,0.0,0.0,56296.39419269826,11.107575222098736,,cwc,0.004985344418712234
2020-07-29,Bhakra,2.89516,-0.5050734346502455,0.0,0.0,0.0,59118.37940079774,8.788116057054607,,cwc,0.016003129031070706
2020-07-30,Bhakra,2.95649,-0.5022101278892688,0.0,0.0,0.0,54731.26079185964,4.970708283932214,,cwc,-0.0023126709688923164
2020-07-31,Bhakra,2.99943,-0.50021581597517,0.0,0.0,0.0,49703.7066046331,3.713601794716784,,cwc,0.005343911927057743
2020-08-01,Bhakra,3.03724,-0.49650731943465143,0.0,0.0,0.0,49153.7273645207,4.810745207475017,,cwc,-0.0018263792013324398
2020-08-02,Bhakra,3.08694,-0.4896816928977877,0.0,0.0,0.0,42382.19163669824,0.2265174187469142,,cwc,-0.015061944960750306
2020-08-03,Bhakra,3.12823,-0.48173418787480154,0.0,0.0,0.0,41340.68916555935,2.2271627919063453,,cwc,-0.023219018678251047
2020-08-04,Bhakra,3.1738,-0.472012587990764,0.0,0.0,0.0,42257.731763662974,2.987808887640639,,cwc,-0.030047133154768257
2020-08-05,Bhakra,3.2182,-0.4594876769063099,0.0,0.0,0.0,43691.31304667729,4.899130275909519,,cwc,-0.026633519160021546
2020-08-06,Bhakra,3.24857,-0.4493183738738212,0.0,0.0,0.0,46217.71653299569,5.760095032809337,,cwc,-0.00909615425044219
2020-08-07,Bhakra,3.2848,-0.44044930463684584,0.0,0.0,0.0,45739.94970925262,4.267577855012644,,cwc,-0.008775117262626697
2020-08-08,Bhakra,3.31829,-0.43093561573622297,0.0,0.0,0.0,47465.922332764996,4.439053578088092,,cwc,-0.0072040098900707505
2020-08-09,Bhakra,3.37632,-0.41714758677732233,0.0,0.0,0.0,55998.43607431757,11.2187063096943,,cwc,-0.0275212874770987
2020-08-10,Bhakra,3.44448,-0.40803754092063316,0.0,0.0,0.0,57169.16728639826,7.615292318596879,,cwc,-0.016775848014956463
2020-08-11,Bhakra,3.56873,-0.3901002128115488,0.0,0.0,0.0,53989.98104030474,5.759390427236976,,cwc,-0.07000156566106952
2020-08-12,Bhakra,3.70453,-0.3703064830580981,0.0,0.0,0.0,56273.353514774215,8.557129905418902,,cwc_level,-0.0893296849855072
2020-08-13,Bhakra,3.64779,-0.3843596764783332,0.0,0.0,0.0,58851.48221693512,8.84213825790194,,cwc,0.10879675827190916
2020-08-14,Bhakra,3.7327,-0.3754542543109457,0.0,0.0,0.0,51333.33412009894,2.6191828764202896,,cwc,-0.02654565509210638
2020-08-15,Bhakra,3.78216,-0.36874165520644986,0.0,0.0,0.0,52052.47132690158,7.28090018947215,,cwc,-0.009489372373640226
2020-08-16,Bhakra,3.84,-0.3581267794032843,0.0,0.0,0.0,48878.81356031132,3.195962454344397,,cwc,-0.01610994886958217
2020-08-17,Bhakra,3.88973,-0.3480685136692869,0.0,0.0,0.0,43685.41529611766,1.877811171870129,,cwc,-0.015764542351263344
2020-08-18,Bhakra,4.00095,-0.3291981473853178,0.0,0.0,0.0,46819.10276603203,4.650410808430725,,cwc,-0.08996058354273462
2020-08-19,Bhakra,4.05502,-0.3216004044156031,0.0,0.0,0.0,48207.650880107176,5.882190947035786,,cwc,-0.025143780411450045
2020-08-20,Bhakra,4.05502,-0.3218179320600323,0.0,0.0,0.0,55436.818641654725,11.380508506974042,,cwc,0.03232340744826434
2020-08-21,Bhakra,4.12089,-0.314903233637352,0.0,0.0,0.0,54160.86474429415,6.772708048410144,,cwc,-0.015859887491664004
2020-08-22,Bhakra,4.19677,-0.30389713627014814,0.0,0.0,0.0,46270.053074562195,2.121965798193371,,cwc,-0.02899160509419385
2020-08-23,Bhakra,4.25391,-0.2923931306742719,0.0,0.0,0.0,44062.736197291975,2.616277292318793,,cwc,-0.02955707195989188
2020-08-24,Bhakra,4.28749,-0.28648634104005394,0.0,0.0,0.0,47653.823838218224,6.776758800545808,,cwc,-0.011397439453097569
2020-08-25,Bhakra,4.31671,-0.28473528832006606,0.0,0.0,0.0,46118.34753758295,3.3740658950564653,,cwc,0.0017484277511155
2020-08-26,Bhakra,4.34899,-0.2820258759673086,0.0,0.0,0.0,51167.693528710806,9.22121084447637,,cwc,-0.005068231016789326
2020-08-27,Bhakra,4.38781,-0.28137281949038073,0.0,0.0,0.0,52204.24582128815,6.778001543886339,,cwc,0.0007453754061188533
2020-08-28,Bhakra,4.72294,-0.23406399334814354,0.0,0.0,0.0,45376.16084808202,2.505160767063457,,cwc,-0.2930286211031783
2020-08-29,Bhakra,4.48768,-0.27498772695949136,0.0,0.0,0.0,40168.793326688625,0.2812858512192573,,cwc,0.26065595317844625
2020-08-30,Bhakra,4.51996,-0.26887485034967235,0.0,0.0,0.0,39822.58018116614,2.6664812941566893,,cwc,-0.0196242648560796
2020-08-31,Bhakra,4.5518,-0.2638869783589159,0.0,0.0,0.0,36963.30434954018,0.1012214744613633,,cwc,-0.02003130147146237
2020-09-01,Bhakra,4.58887,-0.2577783952007184,0.0,0.0,0.0,35673.66206981325,0.0825004671460237,,cwc,-0.03225673579909749
2020-09-02,Bhakra,4.62158,-0.2511779244460962,0.0,0.0,0.0,37342.91752524957,1.5625392631675776,,cwc,-0.03105194306318282
2020-09-03,Bhakra,4.64906,-0.24710003402900202,0.0,0.0,0.0,42538.27192836487,6.481113462188928,,cwc,-0.021737983486639578
2020-09-04,Bhakra,4.6918,-0.24315862586441825,0.0,0.0,0.0,39507.63165199451,0.2945376724059764,,cwc,-0.024287156453516978
2020-09-05,Bhakra,4.72836,-0.23914983435035012,0.0,0.0,0.0,37364.01320735412,1.0793608081796866,,cwc,-0.025521846841041196
2020-09-06,Bhakra,4.76356,-0.2346134444917708,0.0,0.0,0.0,39108.8032187683,2.811754435846798,,cwc,-0.029406371306684775
2020-09-07,Bhakra,4.79924,-0.23074636885030617,0.0,0.0,0.0,36493.23168754745,0.2461794913410497,,cwc,-0.025617610732641793
2020-09-08,Bhakra,4.82161,-0.22802757919206118,0.0,0.0,0.0,35103.811718910416,0.0213607173194154,,cwc,-0.01870680407855918
2020-09-09,Bhakra,4.83,-0.22699060328824713,0.0,0.0,0.0,34770.70959783802,0.0266311502968528,,cwc,-0.008126124996325146
2020-09-10,Bhakra,4.829448915500089,-0.22721128005162655,0.0,0.0,0.0,34526.23957574048,0.3317395144430793,,model,
2020-09-11,Bhakra,4.83017,-0.22659618449952704,0.0,0.0,0.0,34370.7578923499,0.0,,cwc,-0.0018702833775048333
2020-09-12,Bhakra,4.82827,-0.22632638547917294,0.0,0.0,0.0,34271.89859661589,0.0,,cwc,0.0003704034380414001
2020-09-13,Bhakra,4.82113,-0.22718277912834428,0.0,0.0,0.0,34314.6772494454,0.1314251070232831,,cwc,0.005368536702648363
2020-09-14,Bhakra,4.819463197908533,-0.22706805733270027,0.0,0.0,0.0,34434.112160379824,0.2005743993565842,,model,
2020-09-15,Bhakra,4.818088602349443,-0.22717129716478912,0.0,0.0,0.0,35797.54538102249,1.5858443049367423,,model,
2020-09-16,Bhakra,4.764,-0.23644784979439576,0.0,0.0,0.0,35834.26393625691,0.9294592302125532,,cwc,0.0560497491659655
2020-09-17,Bhakra,4.764,-0.23663623224531166,0.0,0.0,0.0,35009.87865310604,0.0669348647452065,,cwc,0.0020509815358273897
2020-09-18,Bhakra,4.74168,-0.2400621688608822,0.0,0.0,0.0,35288.03944987546,0.5798766911273929,,cwc,0.022354060661960773
2020-09-19,Bhakra,4.72122,-0.24331853037758672,0.0,0.0,0.0,34733.10748318504,0.0419305477576755,,cwc,0.021174602065066495
2020-09-20,Bhakra,4.70457,-0.24511838908737324,0.0,0.0,0.0,34287.25317398242,0.0,,cwc,0.01600691908591756
2020-09-21,Bhakra,4.68613,-0.24752729555068215,0.0,0.0,0.0,35354.6407793549,1.3423089654280205,,cwc,0.01670610283614593
2020-09-22,Bhakra,4.66868,-0.2506007855668265,0.0,0.0,0.0,35410.37346856129,0.814193892888887,,cwc,0.01832754724907204
2020-09-23,Bhakra,4.64775,-0.25432390553170914,0.0,0.0,0.0,35360.027462985345,0.7950944858784669,,cwc,0.021943901483571615
2020-09-24,Bhakra,4.629,-0.25782458034479105,0.0,0.0,0.0,36956.08404592977,2.4756669600201224,,cwc,0.019640726177514445
2020-09-25,Bhakra,4.633795599182657,-0.258150850944884,0.0,0.0,0.0,35691.224388481736,0.0159694598855058,,model,
2020-09-26,Bhakra,4.6354966236588515,-0.25850800393577084,0.0,0.0,0.0,34661.9299764344,0.0,,model,
2020-09-27,Bhakra,4.634679401597361,-0.2588611858145684,0.0,0.0,0.0,34486.09615966392,0.0,,model,
2020-09-28,Bhakra,4.633431988819679,-0.2592167929348383,0.0,0.0,0.0,34111.055847845106,0.0,,model,
2020-09-29,Bhakra,4.631267011586506,-0.25957414885834845,0.0,0.0,0.0,34165.26944669973,0.0,,model,
2020-09-30,Bhakra,4.495,-0.281481647751489,0.0,0.0,0.0,34086.642644185886,0.0,,cwc,0.13423467201852723
2021-06-01,Bhakra,0.5310229629629634,-0.9094021376695343,0.0,0.0,0.0,40913.96853062264,0.4305982136563107,,cwc_level,
2021-06-02,Bhakra,0.5455018255379778,-0.9083705052959602,0.0,0.0,0.0,39485.91305728125,1.8732889852362768,,model,
2021-06-03,Bhakra,0.513,-0.9141048472753408,0.0,0.0,0.0,37957.3278748422,0.1931561710946912,,cwc,0.043486842514227964
2021-06-04,Bhakra,0.5202452178496066,-0.912554643355713,0.0,0.0,0.0,36320.500622638916,0.1140671540462664,,model,
2021-06-05,Bhakra,0.5234858141716849,-0.9100274928256291,0.0,0.0,0.0,37292.12563827077,0.4119765941231968,,model,
2021-06-06,Bhakra,0.5291035644964517,-0.9057854240834016,0.0,0.0,0.0,37622.50077493778,0.6007276048234581,,model,
2021-06-07,Bhakra,0.5355296025514451,-0.8991948622731094,0.0,0.0,0.0,38170.85427749528,0.0127684342400945,,model,
2021-06-08,Bhakra,0.5432972288761118,-0.8923074012621537,0.0,0.0,0.0,38942.7878865473,0.0,,model,
2021-06-09,Bhakra,0.5529534490914725,-0.8856846397805406,0.0,0.0,0.0,41430.101408340895,2.4972131747204003,,model,
2021-06-10,Bhakra,0.55939,-0.8827662722818919,0.0,0.0,0.0,45796.29625684099,3.365126344852729,,cwc,0.00930506974336609
2021-06-11,Bhakra,0.5858138461953353,-0.8782705457202524,0.0,0.0,0.0,51775.577521051375,7.082271699054421,,model,
2021-06-12,Bhakra,0.6268664557116457,-0.8722741404789814,0.0,0.0,0.0,52531.48515051225,4.52123831564803,,model,
2021-06-13,Bhakra,0.6697684503488888,-0.8641719093901906,0.0,0.0,0.0,51857.55812983417,4.4762994041851485,,model,
2021-06-14,Bhakra,0.7110216316178564,-0.8522709610571139,0.0,0.0,0.0,46229.44646102831,1.0772284519593789,,model,
2021-06-15,Bhakra,0.7385052125103058,-0.8403344422126472,0.0,0.0,0.0,46442.110999815515,4.196765969855695,,model,
2021-06-16,Bhakra,0.7665090932627574,-0.8326022368815,0.0,0.0,0.0,50262.85036444752,7.438044407487023,,model,
2021-06-17,Bhakra,0.724,-0.8409971463963338,0.0,0.0,0.0,55624.29903422901,10.251825485381634,,cwc,0.07986070151063318
2021-06-18,Bhakra,0.7744687974520783,-0.8388030101014666,0.0,0.0,0.0,65295.86211255181,14.723384448986472,,model,
2021-06-19,Bhakra,0.8485998046188139,-0.8372506972470988,0.0,0.0,0.0,65386.42490586151,8.39931181023255,,model,
2021-06-20,Bhakra,0.9229523805009976,-0.8356339246559257,0.0,0.0,0.0,54682.210632929884,2.7230361596747583,,model,
2021-06-21,Bhakra,0.9711162875087125,-0.8336899965804838,0.0,0.0,0.0,46264.28260186974,0.2425524709875998,,model,
2021-06-22,Bhakra,0.9986850976514459,-0.8324135895439984,0.0,0.0,0.0,40582.244625443214,0.5472560511794824,,model,
2021-06-23,Bhakra,1.0123523726321744,-0.8314215441933916,0.0,0.0,0.0,38948.15725048133,1.0030967117356795,,model,
2021-06-24,Bhakra,0.764,-0.8718967448306905,0.0,0.0,0.0,39112.27223204894,1.3365680779716735,,cwc,0.2580217294020313
2021-06-25,Bhakra,0.7740708764704183,-0.8705236672441492,0.0,0.0,0.0,39945.212590345,2.8468177126315224,,model,
2021-06-26,Bhakra,0.7861796044523444,-0.8687750374054771,0.0,0.0,0.0,38245.69893370657,0.4109942347664541,,model,
2021-06-27,Bhakra,0.7941303438826126,-0.866450385511229,0.0,0.0,0.0,37521.71191251599,0.5731884553753785,,model,
2021-06-28,Bhakra,0.8003097943715414,-0.8633526038601549,0.0,0.0,0.0,37408.18757964312,0.0648478567465216,,model,
2021-06-29,Bhakra,0.8062114990038385,-0.861593233018747,0.0,0.0,0.0,38491.8228914943,0.7811725560624259,,model,
2021-06-30,Bhakra,0.8147643992904039,-0.8601762749541092,0.0,0.0,0.0,39447.98178991046,0.2737774086337045,,model,
2021-07-01,Bhakra,0.78,-0.8663581070378842,0.0,0.0,0.0,40914.53833696217,1.6110981621473992,,cwc,0.04565661455549308
2021-07-02,Bhakra,0.79778,-0.8647880873058701,0.0,0.0,0.0,42882.932594818616,3.200333127622574,,cwc,-0.003299743350729467
2021-07-03,Bhakra,0.81429,-0.8638790170877737,0.0,0.0,0.0,39475.32846480145,0.486319055389432,,cwc,0.0027860819045408824
2021-07-04,Bhakra,0.82761,-0.8609132728036132,0.0,0.0,0.0,38603.542923422654,1.5888573812714133,,cwc,-0.0023608790288702775
2021-07-05,Bhakra,0.8405,-0.857022633392596,0.0,0.0,0.0,37918.40189762452,0.4524214407816343,,cwc,-0.0040637682153708
2021-07-06,Bhakra,0.85146,-0.851433586875196,0.0,0.0,0.0,37644.51992128701,0.6004563431343919,,cwc,-0.003810017494340623
2021-07-07,Bhakra,0.87226,-0.8413136801837217,0.0,0.0,0.0,38449.22457741769,0.7236252911366424,,cwc,-0.014320090440014699
2021-07-08,Bhakra,0.88946,-0.8301606383128203,0.0,0.0,0.0,41581.79158032289,3.978630358841377,,cwc,-0.0087513197069361
2021-07-09,Bhakra,0.9055727421171649,-0.8224704546845867,0.0,0.0,0.0,43240.551950945555,3.8837864694195696,,model,
2021-07-10,Bhakra,0.9257437667930208,-0.8179221442505907,0.0,0.0,0.0,47668.4260897173,7.997949225109538,,model,
2021-07-11,Bhakra,0.95132,-0.8156681420461217,0.0,0.0,0.0,54908.200520906576,9.773626780324571,,cwc,0.005427920055563473
2021-07-12,Bhakra,1.00003680834118,-0.8132810479992539,0.0,0.0,0.0,59814.719670731814,10.109249289095922,,model,
2021-07-13,Bhakra,1.060757786448089,-0.8109393199150898,0.0,0.0,0.0,54575.22305679565,3.685748923495807,,model,
2021-07-14,Bhakra,1.1086599402683563,-0.8033185304939635,0.0,0.0,0.0,46575.989939913714,2.409047570782477,,model,
2021-07-15,Bhakra,1.3,-0.7656358841408809,0.0,0.0,0.0,42953.24224986846,1.6486590811785702,,cwc,-0.16300863403828392
2021-07-16,Bhakra,1.12718,-0.7874050755761858,0.0,0.0,0.0,41073.51653380413,1.7041012734997611,,cwc,0.19228809978720163
2021-07-17,Bhakra,1.15123,-0.7782959614525107,0.0,0.0,0.0,40958.01444673593,1.2609974197646274,,cwc,-0.0091807911820605
2021-07-18,Bhakra,1.17794,-0.7676788141279929,0.0,0.0,0.0,54398.544876202475,13.3260847773955,,cwc,-0.01212337576374134
2021-07-19,Bhakra,1.21891,-0.7621391366726121,0.0,0.0,0.0,64308.99821780679,12.8105535423338,,cwc,0.0064998973041960895
2021-07-20,Bhakra,1.21892,-0.7698778934748278,0.0,0.0,0.0,58166.22294739971,3.776792162683865,,cwc,0.07170657009506742
2021-07-21,Bhakra,1.36799,-0.7498685728241002,0.0,0.0,0.0,54435.32419833649,7.187120133852172,,cwc,-0.09238219366331246
2021-07-22,Bhakra,1.43549,-0.7405881839226566,0.0,0.0,0.0,57072.05219069527,7.550832404992361,,cwc,-0.019940119305688953
2021-07-23,Bhakra,1.49184,-0.729567930646872,0.0,0.0,0.0,51756.75065807909,4.126637901905302,,cwc,-0.0023391650793203045
2021-07-24,Bhakra,1.54032,-0.7177338461359879,0.0,0.0,0.0,44601.97702701589,1.0018644692568694,,cwc,-0.00747345182623671
2021-07-25,Bhakra,1.58462,-0.7042579387726075,0.0,0.0,0.0,48180.043811803844,5.537962751526703,,cwc,-0.02079814602593344
2021-07-26,Bhakra,1.63008,-0.6918648415973232,0.0,0.0,0.0,50473.681750572636,5.198351654812697,,cwc,-0.013204135329931033
2021-07-27,Bhakra,1.70731,-0.6773349882717443,0.0,0.0,0.0,62097.50814983453,14.136425419853971,,cwc,-0.03936257683859634
2021-07-28,Bhakra,1.77967,-0.6712879071154264,0.0,0.0,0.0,62070.968203581295,7.2971154659821345,,cwc,-0.006054007424457497
2021-07-29,Bhakra,1.90605,-0.656994548524838,0.0,0.0,0.0,60804.79857430822,8.772320540428518,,cwc,-0.060138939407940795
2021-07-30,Bhakra,1.969193280940563,-0.6537224024434576,0.0,0.0,0.0,61151.89026166558,8.217156572149019,,model,
2021-07-31,Bhakra,2.033185747915478,-0.6515937303926637,0.0,0.0,0.0,55900.228414617006,5.977499250304508,,model,
2021-08-01,Bhakra,2.084329627441912,-0.6479670994079512,0.0,0.0,0.0,47917.38951813566,1.7600542074782854,,model,
2021-08-02,Bhakra,2.115942888540159,-0.6447147181655961,0.0,0.0,0.0,46806.09342496651,4.950831858877568,,model,
2021-08-03,Bhakra,2.144837279792995,-0.6415081906728884,0.0,0.0,0.0,43326.86576432709,1.7889435647991965,,model,
2021-08-04,Bhakra,2.165219477733913,-0.6353076286457867,0.0,0.0,0.0,40415.5721607095,1.9904980862847543,,model,
2021-08-05,Bhakra,2.41476,-0.5926795992382153,0.0,0.0,0.0,44229.387032012455,5.653761600404553,,cwc,-0.23628102406169216
2021-08-06,Bhakra,2.4373502844037747,-0.5900127704665425,0.0,0.0,0.0,43276.54433341395,3.844544481757346,,model,
2021-08-07,Bhakra,2.4576093671624037,-0.5882639476547298,0.0,0.0,0.0,43159.8003370667,3.70732049446826,,model,
2021-08-08,Bhakra,2.47758282691448,-0.5869666098193776,0.0,0.0,0.0,50782.635098360675,10.465224113633129,,model,
2021-08-09,Bhakra,2.5162061277812975,-0.5850050276952378,0.0,0.0,0.0,46951.02247319429,2.5269136395113128,,model,
2021-08-10,Bhakra,2.545455098899367,-0.5831904585007825,0.0,0.0,0.0,41785.72327680888,1.4124131816024572,,model,
2021-08-11,Bhakra,2.562066775318117,-0.5816112428433562,0.0,0.0,0.0,39448.47310099827,0.8094781417605632,,model,
2021-08-12,Bhakra,2.72,-0.5574763360739329,0.0,0.0,0.0,38298.98890726843,1.814272626114401,,cwc,-0.1470398073871011
2021-08-13,Bhakra,2.7280811173764077,-0.5574754944405074,0.0,0.0,0.0,39990.159932985356,3.18270891290603,,model,
2021-08-14,Bhakra,2.740299812427675,-0.5570971620608408,0.0,0.0,0.0,39615.86389268063,2.3835471282877743,,model,
2021-08-15,Bhakra,2.751602763939937,-0.5515693679121779,0.0,0.0,0.0,39016.65199226702,1.8928445686125288,,model,
2021-08-16,Bhakra,2.7614396982700455,-0.5446559216109254,0.0,0.0,0.0,36343.36137495049,0.0025422071175865,,model,
2021-08-17,Bhakra,2.764736225149682,-0.5383001669314276,0.0,0.0,0.0,34998.09968825655,0.0650619914539133,,model,
2021-08-18,Bhakra,2.76474146768429,-0.5332314002506393,0.0,0.0,0.0,35959.1940074626,1.4618316394366837,,model,
2021-08-19,Bhakra,2.94,-0.5021204750309698,0.0,0.0,0.0,49069.76294837923,14.995876601799264,,cwc,-0.17290189992276694
2021-08-20,Bhakra,2.9744326297520214,-0.4970155607605234,0.0,0.0,0.0,52597.64389780857,7.655296753116132,,model,
2021-08-21,Bhakra,3.017496486762524,-0.49220651430925855,0.0,0.0,0.0,51177.75677507842,5.979758731615744,,model,
2021-08-22,Bhakra,3.0570864826611155,-0.48793751176758704,0.0,0.0,0.0,47901.07551398003,2.6370289178577093,,model,
2021-08-23,Bhakra,3.0886598303157453,-0.47842110738119636,0.0,0.0,0.0,43533.62632422732,2.564348444496668,,model,
2021-08-24,Bhakra,3.1095478835862993,-0.4701114313755459,0.0,0.0,0.0,47993.107552962196,6.350313927370102,,model,
2021-08-25,Bhakra,3.1413463945769102,-0.4635636819806277,0.0,0.0,0.0,47239.825828620975,4.86661147692345,,model,
2021-08-26,Bhakra,3.15,-0.4623356100078549,0.0,0.0,0.0,45864.86991566039,4.000778949290119,,cwc,0.02130194492183879
2021-08-27,Bhakra,3.1765916168320714,-0.4590139894261357,0.0,0.0,0.0,59224.79503639639,16.015210753843835,,model,
2021-08-28,Bhakra,3.235869299754899,-0.45591214740414765,0.0,0.0,0.0,56152.45537482103,4.985137489253791,,model,
2021-08-29,Bhakra,3.287630271594096,-0.4541195480652037,0.0,0.0,0.0,51666.57678496105,5.971881599365944,,model,
2021-08-30,Bhakra,3.328416202575041,-0.45196348469885456,0.0,0.0,0.0,46829.47875942272,2.135264466845784,,model,
2021-08-31,Bhakra,3.3573678078152818,-0.45100066028877905,0.0,0.0,0.0,43452.82821955206,3.868923036122745,,model,
2021-09-01,Bhakra,3.3780581824188105,-0.44985473824343297,0.0,0.0,0.0,42893.27033013563,2.864936183354627,,model,
2021-09-02,Bhakra,3.42501,-0.4420974138255441,0.0,0.0,0.0,39559.928472975575,2.067614045062093,,cwc,-0.027630443626225798
2021-09-03,Bhakra,3.436176101282282,-0.4369713261416827,0.0,0.0,0.0,40485.31065903839,3.1276822884507856,,model,
2021-09-04,Bhakra,3.449606219991271,-0.4310121659187245,0.0,0.0,0.0,37447.31517504349,0.1752792429878915,,model,
2021-09-05,Bhakra,3.455603653241631,-0.42235758457330397,0.0,0.0,0.0,37913.483151003165,2.197000563918624,,model,
2021-09-06,Bhakra,3.462741601662092,-0.41257426441353084,0.0,0.0,0.0,43452.646565351475,7.009128000503521,,model,
2021-09-07,Bhakra,3.483431531834896,-0.4043669526569585,0.0,0.0,0.0,48047.01522501502,8.16032123889547,,model,
2021-09-08,Bhakra,3.5153619320176688,-0.39427690738341226,0.0,0.0,0.0,50168.024263740714,6.858555253336028,,model,
2021-09-09,Bhakra,3.53562,-0.3849359354554191,0.0,0.0,0.0,57030.5870006095,11.867209510506312,,cwc,0.016861541046475637
2021-09-10,Bhakra,3.5895293872006246,-0.3772391355961368,0.0,0.0,0.0,59904.36463130404,7.889316753934432,,model,
2021-09-11,Bhakra,3.6504696884758516,-0.3728191547286614,0.0,0.0,0.0,55891.83521589366,6.401129058718077,,model,
2021-09-12,Bhakra,3.70159303340754,-0.36900863101311054,0.0,0.0,0.0,60685.28911048839,10.624936730081826,,model,
2021-09-13,Bhakra,3.76444392541646,-0.36756554454012913,0.0,0.0,0.0,65670.03736369996,12.3147740432637,,model,
2021-09-14,Bhakra,3.8394903806024043,-0.3670221870468884,0.0,0.0,0.0,54592.06803151042,2.964711174653932,,model,
2021-09-15,Bhakra,3.887433746925874,-0.3656064570594723,0.0,0.0,0.0,46249.26188473065,2.398953440777398,,model,
2021-09-16,Bhakra,3.81,-0.378666459993228,0.0,0.0,0.0,44697.57932735179,3.1554061848713486,,cwc,0.10496580774937803
2021-09-17,Bhakra,3.8337357522241664,-0.3757046122790993,0.0,0.0,0.0,38670.06605035721,0.5966659235716406,,model,
2021-09-18,Bhakra,3.8427247378643674,-0.37247906619778415,0.0,0.0,0.0,36379.34920533647,0.3107196035007609,,model,
2021-09-19,Bhakra,3.846109311689764,-0.3638056645448631,0.0,0.0,0.0,38600.41622944901,3.130829866251136,,model,
2021-09-20,Bhakra,3.854927893781379,-0.35837777895109785,0.0,0.0,0.0,44648.24394125594,7.68082150968365,,model,
2021-09-21,Bhakra,3.8785429432563934,-0.3551899281526122,0.0,0.0,0.0,42536.843754531765,2.433550063017107,,model,
2021-09-22,Bhakra,3.896992292667701,-0.3532031508500548,0.0,0.0,0.0,43208.22180872386,5.276005128713758,,model,
2021-09-23,Bhakra,4.01141,-0.3371938293748564,0.0,0.0,0.0,57078.503647055804,15.554170746395776,,cwc,-0.09432578079178633
2021-09-24,Bhakra,4.065436618896045,-0.33607693737404276,0.0,0.0,0.0,48815.39500556637,0.7491828503081412,,model,
2021-09-25,Bhakra,4.099246918259609,-0.33547856199562676,0.0,0.0,0.0,43112.24933112271,2.3081833432668684,,model,
2021-09-26,Bhakra,4.119104040883376,-0.33445072991116687,0.0,0.0,0.0,40054.307049409996,0.2008565448717854,,model,
2021-09-27,Bhakra,4.131479676701005,-0.33362478940578344,0.0,0.0,0.0,37201.60415490799,1.7958485091522856,,model,
2021-09-28,Bhakra,4.13687595937823,-0.33294780482278874,0.0,0.0,0.0,37839.572436199465,1.766976169332354,,model,
2021-09-29,Bhakra,4.143833079651298,-0.33237210451135746,0.0,0.0,0.0,36519.42516063652,0.8330478608919624,,model,
2021-09-30,Bhakra,4.21,-0.3220145054979612,0.0,0.0,0.0,37612.825209866554,2.284726492247045,,cwc,-0.062439640116549455
2022-06-02,Bhakra,1.355,-0.7824663349974912,0.0,0.0,0.0,35840.44201677263,0.0,,cwc,
2022-06-03,Bhakra,1.3570660966765355,-0.781862356509828,0.0,0.0,0.0,35735.80549121271,0.0,,model,
2022-06-04,Bhakra,1.3588761921884651,-0.7811000801007317,0.0,0.0,0.0,35322.87808060585,0.0,,model,
2022-06-05,Bhakra,1.359676029595517,-0.7803144683970371,0.0,0.0,0.0,35550.15037650269,0.0,,model,
2022-06-06,Bhakra,1.3610319058438909,-0.7793844580168947,0.0,0.0,0.0,35912.18283619269,0.0,,model,
2022-06-07,Bhakra,1.3632735218548373,-0.7783518233480633,0.0,0.0,0.0,36533.690719516955,0.0,,model,
2022-06-08,Bhakra,1.3670357038544907,-0.7771419677255162,0.0,0.0,0.0,36936.71843488881,0.2723652652228057,,model,
2022-06-09,Bhakra,1.448,-0.7639638695437426,0.0,0.0,0.0,36996.13027292447,0.0727074518016872,,cwc,-0.07621607639324868
2022-06-10,Bhakra,1.467,-0.7610307258572476,0.0,0.0,0.0,37363.770404547744,1.3226943872196617,,cwc,-0.014106424697685416
2022-06-11,Bhakra,1.477,-0.7582487475081127,0.0,0.0,0.0,37625.05262630795,1.3848435389386655,,cwc,-0.004206965342093527
2022-06-12,Bhakra,1.489,-0.7551254559967296,0.0,0.0,0.0,38076.258526204016,1.8683603402367683,,cwc,-0.005567718647848219
2022-06-13,Bhakra,1.499,-0.7524028031780146,0.0,0.0,0.0,37395.35026859656,0.4213299815371927,,cwc,-0.0024638093271551753
2022-06-14,Bhakra,1.501,-0.7500371135600633,0.0,0.0,0.0,36697.979668848464,0.5953786091219744,,cwc,0.003870297181020277
2022-06-15,Bhakra,1.495,-0.7485820605009157,0.0,0.0,0.0,40359.362815374945,4.349767978288106,,cwc,0.010164127325491545
2022-06-16,Bhakra,1.508121977794668,-0.7453760267447289,0.0,0.0,0.0,40672.16181448255,2.830076808773909,,model,
2022-06-17,Bhakra,1.5220092419712246,-0.7435322876610589,0.0,0.0,0.0,40920.807684082254,2.8688822876220192,,model,
2022-06-18,Bhakra,1.5365048370518457,-0.742681377246173,0.0,0.0,0.0,42600.94494291153,4.335518894380063,,model,
2022-06-19,Bhakra,1.5551110148630838,-0.7422761464981309,0.0,0.0,0.0,42854.963266937964,3.671030267545505,,model,
2022-06-20,Bhakra,1.5743386676940063,-0.742048967986403,0.0,0.0,0.0,43158.54328011807,3.3393857407873693,,model,
2022-06-21,Bhakra,1.5943090519612926,-0.7407257324728415,0.0,0.0,0.0,39690.13065311183,0.9732442086458972,,model,
2022-06-22,Bhakra,1.6057937027134728,-0.7390712619536414,0.0,0.0,0.0,37162.38128967771,0.5073266703033079,,model,
2022-06-23,Bhakra,1.379,-0.7740402721040354,0.0,0.0,0.0,36027.67745851112,0.4275551858765476,,cwc,0.23209402368779863
2022-06-24,Bhakra,1.381524182329553,-0.7694904031933657,0.0,0.0,0.0,35574.35510677862,0.5752342867687109,,model,
2022-06-25,Bhakra,1.3829392772791067,-0.762139610869624,0.0,0.0,0.0,38364.9245935224,3.306920963635436,,model,
2022-06-26,Bhakra,1.3911817112930824,-0.7553116458520487,0.0,0.0,0.0,39208.251444342335,2.0382022724495865,,model,
2022-06-27,Bhakra,1.4014874081571789,-0.7485350337534178,0.0,0.0,0.0,40829.44094904185,2.243234666989447,,model,
2022-06-28,Bhakra,1.4157594676181735,-0.7394486524385487,0.0,0.0,0.0,46579.957833412656,5.7929479086753615,,model,
2022-06-29,Bhakra,1.4441006010627353,-0.7307676576310633,0.0,0.0,0.0,53711.13020688268,9.051090815081182,,model,
2022-06-30,Bhakra,1.225,-0.7666485854487192,0.0,0.0,0.0,52380.00789756556,3.195545998747387,,cwc,0.2648886864473219
2022-07-01,Bhakra,1.24384,-0.7614556715593217,0.0,0.0,0.0,52249.26297424304,5.4271882914715,,cwc,0.02369139409447696
2022-07-02,Bhakra,1.26878,-0.7560681895966307,0.0,0.0,0.0,58129.95301634052,9.770446351621905,,cwc,0.017271516762371375
2022-07-03,Bhakra,1.29104,-0.752731958394218,0.0,0.0,0.0,57097.83587649282,6.390132271778411,,cwc,0.034339069210319595
2022-07-04,Bhakra,1.30351,-0.7506703427737189,0.0,0.0,0.0,51912.003945913086,3.386100448970422,,cwc,0.04160391665582641
2022-07-05,Bhakra,1.31901,-0.7468661646790056,0.0,0.0,0.0,57900.64699723711,10.532110797130294,,cwc,0.025886387071143657
2022-07-06,Bhakra,1.34619,-0.7453835516431396,0.0,0.0,0.0,55771.99300450185,4.786613824142522,,cwc,0.02885805471153402
2022-07-07,Bhakra,1.134,-0.7820249226950132,0.0,0.0,0.0,57525.591608878305,8.526929585958143,,cwc,0.26302014190797296
2022-07-08,Bhakra,1.141,-0.7832318612625995,0.0,0.0,0.0,57249.80490142842,6.974527873763174,,cwc,0.04812045337014892
2022-07-09,Bhakra,1.5712728947368422,-0.7153957767957394,0.0,0.0,0.0,55262.08457877236,6.387224239189354,,cwc_level,-0.3758271743809276
2022-07-10,Bhakra,1.601947692307692,-0.708434328610992,0.0,0.0,0.0,50565.98552224615,2.836000945265939,,cwc_level,0.018907814852264115
2022-07-11,Bhakra,1.697372,-0.690729728516205,0.0,0.0,0.0,49212.17092530276,5.0218473339239305,,cwc_level,-0.05733105638036595
2022-07-12,Bhakra,1.7362166666666667,-0.6813401475107919,0.0,0.0,0.0,51591.574830238926,7.14830456538924,,cwc_level,-0.004063625040813257
2022-07-13,Bhakra,1.8195520000000003,-0.6687287388393581,0.0,0.0,0.0,54093.58738473659,8.34946588672212,,cwc_level,-0.04273290030068
2022-07-14,Bhakra,1.8335651656920078,-0.6698017218590476,0.0,0.0,0.0,60448.13460491037,11.728032223569592,,cwc_level,0.03271063007113617
2022-07-15,Bhakra,1.8958358412870637,-0.6632251103776092,0.0,0.0,0.0,56638.819171364965,6.16788067020426,,model,
2022-07-16,Bhakra,1.9487867388971258,-0.6585700777816924,0.0,0.0,0.0,57240.95771334631,8.28583761715089,,model,
2022-07-17,Bhakra,2.003210813939032,-0.6554707039059499,0.0,0.0,0.0,49638.28598630006,2.035519365145232,,model,
2022-07-18,Bhakra,2.0390343782527114,-0.6517919785148123,0.0,0.0,0.0,45634.09919958423,3.405976759791192,,model,
2022-07-19,Bhakra,2.0650613970942024,-0.6465346398125466,0.0,0.0,0.0,51740.05987738456,8.068938198734708,,model,
2022-07-20,Bhakra,2.106027110012082,-0.6402131689738028,0.0,0.0,0.0,46847.7053781783,2.6892229536444248,,model,
2022-07-21,Bhakra,1.961,-0.6631399105705867,0.0,0.0,0.0,42886.98641096883,1.8293672407087715,,cwc,0.17402330805204813
2022-07-22,Bhakra,2.01567,-0.6517207768247315,0.0,0.0,0.0,44362.01978811612,3.836936443081764,,cwc,-0.035364000127999784
2022-07-23,Bhakra,2.07035,-0.6378649568472408,0.0,0.0,0.0,48381.18131897748,8.417191234174021,,cwc,-0.031765219538602896
2022-07-24,Bhakra,2.1302,-0.6254125384724152,0.0,0.0,0.0,51090.46985502203,6.66402618587796,,cwc,-0.02710203722358706
2022-07-25,Bhakra,2.20213,-0.6109634734792859,0.0,0.0,0.0,47753.639637901615,4.145912154412494,,cwc,-0.03255355814546501
2022-07-26,Bhakra,2.27148,-0.5961799922007863,0.0,0.0,0.0,49614.66916447248,6.166455574712296,,cwc,-0.038137365354319996
2022-07-27,Bhakra,2.3425,-0.5812163643315401,0.0,0.0,0.0,57289.4369272814,11.0602555506347,,cwc,-0.035254216025067286
2022-07-28,Bhakra,2.40453,-0.5744129191323234,0.0,0.0,0.0,55622.36955410936,6.040235310738099,,cwc,-0.007487316898812768
2022-07-29,Bhakra,2.488,-0.5652300728275667,0.0,0.0,0.0,58477.62202168366,9.92322774138434,,cwc,-0.033005923166797846
2022-07-30,Bhakra,2.588,-0.5517268907830297,0.0,0.0,0.0,57046.75340466805,6.783577222683065,,cwc,-0.042550332303262994
2022-07-31,Bhakra,2.668,-0.5404569699299181,0.0,0.0,0.0,58683.85079587696,9.43440841046855,,cwc,-0.026051060470546616
2022-08-01,Bhakra,2.792,-0.522729336482195,0.0,0.0,0.0,49257.2550108749,1.16919320533414,,cwc,-0.06604577802753253
2022-08-02,Bhakra,2.866,-0.5083789856453045,0.0,0.0,0.0,44884.89185166751,3.537450948413749,,cwc,-0.039108656752892657
2022-08-03,Bhakra,2.926,-0.4976348415017132,0.0,0.0,0.0,51983.369647794396,9.203743082701534,,cwc,-0.03580597353446757
2022-08-04,Bhakra,2.969,-0.4923140209254625,0.0,0.0,0.0,53041.29237412799,8.035235140347993,,cwc,-0.0014390113478421895
2022-08-05,Bhakra,3.02532,-0.4870934409100618,0.0,0.0,0.0,53135.45427126143,6.760689010853238,,cwc,-0.012170723476514489
2022-08-06,Bhakra,3.09668,-0.47161688193816786,0.0,0.0,0.0,55546.999625950324,8.301244432106742,,cwc,-0.026980349281665372
2022-08-07,Bhakra,3.16912,-0.4594422190020491,0.0,0.0,0.0,47715.49067908951,1.5448173903339717,,cwc,-0.022160321389901316
2022-08-08,Bhakra,3.24702,-0.44888674165670645,0.0,0.0,0.0,47954.63297196738,5.1709118014187885,,cwc,-0.04678069966403786
2022-08-09,Bhakra,3.33387,-0.4367871324577733,0.0,0.0,0.0,43312.99801290465,0.7822715582932146,,cwc,-0.05514561997837664
2022-08-10,Bhakra,3.41021,-0.419154652207586,0.0,0.0,0.0,63371.59264904031,21.33896981869218,,cwc,-0.05599173056058371
2022-08-11,Bhakra,3.48304,-0.41041130117175006,0.0,0.0,0.0,56935.052177714795,2.69278047421878,,cwc,-0.0034068634457375957
2022-08-12,Bhakra,3.536715654039182,-0.40410032279890473,0.0,0.0,0.0,42749.39362234189,0.0,,model,
2022-08-13,Bhakra,3.5556850227592833,-0.40009708709664243,0.0,0.0,0.0,43261.73300379174,1.0610032895158856,,model,
2022-08-14,Bhakra,3.5759078684810617,-0.39873109426832953,0.0,0.0,0.0,57002.63025800408,16.359620952246868,,model,
2022-08-15,Bhakra,3.6297488573988947,-0.3894047699942664,0.0,0.0,0.0,55864.09244893593,4.796873845071478,,model,
2022-08-16,Bhakra,3.6808043275553786,-0.3825712797944539,0.0,0.0,0.0,51063.75595681424,6.066527513133394,,model,
2022-08-17,Bhakra,3.7201154118398323,-0.37867297729400234,0.0,0.0,0.0,45188.22551541241,0.6030015808258465,,model,
2022-08-18,Bhakra,4.48532,-0.25748936989761856,0.0,0.0,0.0,38473.78504300669,0.6556902560844362,,cwc,-0.7402684329707752
2022-08-19,Bhakra,4.55498,-0.24502164279355992,0.0,0.0,0.0,58740.849620591594,16.92609048273936,,cwc,-0.06115123067243822
2022-08-20,Bhakra,4.63101,-0.23883030926656126,0.0,0.0,0.0,52394.07505368428,3.706288576075048,,cwc,-0.017936326096861244
2022-08-21,Bhakra,4.7088,-0.2316005754336785,0.0,0.0,0.0,44921.06478323349,1.429445395126563,,cwc,-0.03522418954536821
2022-08-22,Bhakra,4.76926,-0.22463769084893298,0.0,0.0,0.0,40957.04708034336,0.1570148503606361,,cwc,-0.03617747372468738
2022-08-23,Bhakra,4.81558,-0.21895950899449482,0.0,0.0,0.0,41744.263302196014,4.586629574463159,,cwc,-0.031735742498701036
2022-08-24,Bhakra,4.86049,-0.2123682189122776,0.0,0.0,0.0,43427.94275839134,3.494225854810997,,cwc,-0.028399758541257647
2022-08-25,Bhakra,4.64732,-0.2478303261980011,0.0,0.0,0.0,39005.570449946,1.033270115531875,,cwc,0.23379949044281378
2022-08-26,Bhakra,4.67872,-0.24332119725818102,0.0,0.0,0.0,37936.53003109409,0.63199811122622,,cwc,-0.0215901775003422
2022-08-27,Bhakra,4.71218,-0.23811376770313697,0.0,0.0,0.0,36481.15617698352,0.400870768976527,,cwc,-0.02626566564630739
2022-08-28,Bhakra,4.755,-0.22934313043530757,0.0,0.0,0.0,40169.46865304675,4.845846146440916,,cwc,-0.039186347727405035
2022-08-29,Bhakra,4.7964,-0.22244893530233625,0.0,0.0,0.0,40271.09509970257,2.628430116250516,,cwc,-0.02874261261912725
2022-08-30,Bhakra,4.83255,-0.21604669236754814,0.0,0.0,0.0,37651.58167167663,0.920016839722287,,cwc,-0.023243975839958075
2022-08-31,Bhakra,4.86348,-0.21021296544047074,0.0,0.0,0.0,37518.42673422618,1.360987831625502,,cwc,-0.024432813334202663
2022-09-01,Bhakra,4.89487,-0.20516239655713192,0.0,0.0,0.0,41309.25133341573,5.6379379235297575,,cwc,-0.025218586947937993
2022-09-02,Bhakra,4.910315951813904,-0.20430969524252218,0.0,0.0,0.0,40800.5309090588,2.579536965412373,,model,
2022-09-03,Bhakra,4.924517280678055,-0.2042479024256797,0.0,0.0,0.0,41795.499791632305,4.493882721202708,,model,
2022-09-04,Bhakra,4.941152876078893,-0.2043414782436345,0.0,0.0,0.0,39862.13471942736,1.1426353721125049,,model,
2022-09-05,Bhakra,4.953058347773456,-0.2033029535248728,0.0,0.0,0.0,37547.03552762513,0.6943394689538788,,model,
2022-09-06,Bhakra,4.959299754399836,-0.2010643356870616,0.0,0.0,0.0,37166.940934033984,0.52254181148004,,model,
2022-09-07,Bhakra,4.96461123088854,-0.19899125895417658,0.0,0.0,0.0,35153.28186613589,0.1243076078503171,,model,
2022-09-08,Bhakra,5.07805,-0.179750757797785,0.0,0.0,0.0,34757.712136881564,0.2459034058049714,,cwc,-0.11305386165534781
2022-09-09,Bhakra,5.08661,-0.17744491513877184,0.0,0.0,0.0,37640.04873835589,3.221705143585432,,cwc,-0.00914288377004091
2022-09-10,Bhakra,5.0947,-0.17376037483465703,0.0,0.0,0.0,40695.49497305708,4.732086451372581,,cwc,-0.0016210295268326291
2022-09-11,Bhakra,5.0947,-0.17226031611708803,0.0,0.0,0.0,40274.026057265386,2.7499573532586115,,cwc,0.013944350511725823
2022-09-12,Bhakra,5.1085,-0.1677831746794301,0.0,0.0,0.0,37773.39821748496,0.4295280590543862,,cwc,-0.0008868050308601383
2022-09-13,Bhakra,5.11659,-0.16336753289056236,0.0,0.0,0.0,37129.63722766843,1.0730428817904,,cwc,-0.0012947799521851877
2022-09-14,Bhakra,5.11421,-0.16129132997746826,0.0,0.0,0.0,43714.253796674784,7.961738015586328,,cwc,0.0076002101529519805
2022-09-15,Bhakra,5.10469,-0.1631612839801291,0.0,0.0,0.0,44514.65590954934,4.6873115519375785,,cwc,0.030849972027498396
2022-09-16,Bhakra,5.09755,-0.16554543962722787,0.0,0.0,0.0,46032.32526073858,5.70784584542005,,cwc,0.030428216263462815
2022-09-17,Bhakra,5.09993,-0.16555509217478215,0.0,0.0,0.0,45708.99323239461,3.596857378270147,,cwc,0.024621308984311696
2022-09-18,Bhakra,5.0985,-0.16389437311866392,0.0,0.0,0.0,43388.45395357052,1.1189175537759797,,cwc,0.027640252750672722
2022-09-19,Bhakra,5.09708,-0.1627197268446259,0.0,0.0,0.0,42844.489735456315,3.884121944814804,,cwc,0.021952878098614903
2022-09-20,Bhakra,5.09089,-0.15706348057414005,0.0,0.0,0.0,41362.94226645031,2.92951400853202,,cwc,0.02539202854492384
2022-09-21,Bhakra,5.079,-0.14826284314846744,0.0,0.0,0.0,45034.961527926534,6.697040796885456,,cwc,0.02746731073768416
2022-09-22,Bhakra,5.06853,-0.14704929805296504,0.0,0.0,0.0,50521.687049261534,9.14289849062007,,cwc,0.03503118326559562
2022-09-23,Bhakra,5.06948,-0.14990849627125427,0.0,0.0,0.0,46959.51541409967,3.361828246326253,,cwc,0.03703487175123232
2022-09-24,Bhakra,5.07948,-0.1516869340774067,0.0,0.0,0.0,59775.40286185427,14.98629575410778,,cwc,0.01926974973959883
2022-09-25,Bhakra,5.11088,-0.15645429935755345,0.0,0.0,0.0,68629.28629816552,13.441061460029635,,cwc,0.02922478656378047
2022-09-26,Bhakra,5.15607,-0.16263286000959346,0.0,0.0,0.0,52404.10752984978,0.4522818004939956,,cwc,0.037096481262199
2022-09-27,Bhakra,5.1221,-0.17464508047811456,0.0,0.0,0.0,42853.8487371134,0.0752522864224918,,cwc,0.07656035566547992
2022-09-28,Bhakra,5.25408,-0.1565714197081079,0.0,0.0,0.0,38344.25350940536,0.5707058955351622,,cwc,-0.112755073950491
2022-09-29,Bhakra,5.27596,-0.15444251272375606,0.0,0.0,0.0,34803.38904393265,0.0265241501345699,,cwc,-0.013688139354925077
2022-09-30,Bhakra,5.3007,-0.15042275755236867,0.0,0.0,0.0,34427.90859953103,0.100128452326371,,cwc,-0.02521113176625267
2023-06-01,Bhakra,1.42157,-0.7587053513776297,0.0,0.0,0.0,53856.205666431415,4.49635782162797,,cwc,
2023-06-02,Bhakra,1.44291,-0.7613956116920856,0.0,0.0,0.0,43240.70888448711,0.3004148535771888,,cwc,0.024803023456177797
2023-06-03,Bhakra,1.4712,-0.7594445704843893,0.0,0.0,0.0,39742.700681470036,0.4080546447336192,,cwc,-0.008118591374379314
2023-06-04,Bhakra,1.4879,-0.7580060523813382,0.0,0.0,0.0,36584.24611237988,0.4819924856646511,,cwc,-0.005086732702009655
2023-06-05,Bhakra,1.49672,-0.7566877028256547,0.0,0.0,0.0,38223.782760004666,2.774720871379218,,cwc,-0.004934130412472593
2023-06-06,Bhakra,1.50692,-0.7553661556258935,0.0,0.0,0.0,38284.386693558095,0.6976495530232051,,cwc,-0.002302880144362751
2023-06-07,Bhakra,1.51156,-0.7545577843068064,0.0,0.0,0.0,36644.973736794986,0.0272274421655314,,cwc,0.003405391957433057
2023-06-08,Bhakra,1.52316,-0.7516569252843713,0.0,0.0,0.0,36579.31144945734,0.5352250716046028,,cwc,-0.007565555691639414
2023-06-09,Bhakra,1.5270337965618956,-0.7488541710016375,0.0,0.0,0.0,36335.735242256465,0.0581518695331668,,model,
2023-06-10,Bhakra,1.530311665531776,-0.7455559603332498,0.0,0.0,0.0,37419.35941151321,0.5794006535659336,,model,
2023-06-11,Bhakra,1.5362407028947256,-0.7426834060763116,0.0,0.0,0.0,38445.977839726555,0.1008272890490967,,model,
2023-06-12,Bhakra,1.5446814397987516,-0.739933284612734,0.0,0.0,0.0,39289.26193893905,0.2915879558659804,,model,
2023-06-13,Bhakra,1.555185334957861,-0.7372549674740344,0.0,0.0,0.0,42131.79066472942,1.987901309970837,,model,
2023-06-14,Bhakra,1.5726436913850093,-0.7339692404370152,0.0,0.0,0.0,43393.22640165331,2.9936059002621054,,model,
2023-06-15,Bhakra,1.66441,-0.7189928325936824,0.0,0.0,0.0,42309.501931446976,0.8088959178255659,,cwc,-0.07122175436160316
2023-06-16,Bhakra,1.69293,-0.714284620206768,0.0,0.0,0.0,41997.78710570555,0.8525136534250887,,cwc,-0.010626859533532151
2023-06-17,Bhakra,1.71636,-0.7093649968285293,0.0,0.0,0.0,41814.97274688608,2.4786416014236408,,cwc,-0.006299493403376211
2023-06-18,Bhakra,1.72447,-0.7064603892563519,0.0,0.0,0.0,43361.442980971035,3.083358484665795,,cwc,0.008573237456961147
2023-06-19,Bhakra,1.73097,-0.7011857921911115,0.0,0.0,0.0,44015.212444102806,1.8976003967391524,,cwc,0.01396679371359233
2023-06-20,Bhakra,1.74414,-0.6929577827164961,0.0,0.0,0.0,42639.53668535415,1.2292724802937938,,cwc,0.00889629009451709
2023-06-21,Bhakra,1.72718,-0.6909489163057327,0.0,0.0,0.0,44946.53480988905,3.1063645830919624,,cwc,0.03566059542455857
2023-06-22,Bhakra,1.77619,-0.6809277164650382,0.0,0.0,0.0,45895.28842945524,2.653848547683663,,cwc,-0.02466515938032754
2023-06-23,Bhakra,1.802856038024054,-0.6762152736363197,0.0,0.0,0.0,54133.83264510018,9.174701111527993,,model,
2023-06-24,Bhakra,1.8496782968570273,-0.67221100834819,0.0,0.0,0.0,59580.75305725321,7.705263377040645,,model,
2023-06-25,Bhakra,1.909826857968925,-0.6675383971164822,0.0,0.0,0.0,54686.26417196997,3.4457139899035925,,model,
2023-06-26,Bhakra,1.9580006822661282,-0.6622187626963845,0.0,0.0,0.0,50428.50483615179,3.06240159783276,,model,
2023-06-27,Bhakra,1.9957575766934865,-0.6572840443472823,0.0,0.0,0.0,46993.87226878243,3.332090596360449,,model,
2023-06-28,Bhakra,2.0251113830735736,-0.6539885756607985,0.0,0.0,0.0,45190.84684888396,3.076835509493012,,model,
2023-06-29,Bhakra,2.050053951553334,-0.6499869357628532,0.0,0.0,0.0,46892.46071898169,5.167465203917916,,model,
2023-06-30,Bhakra,2.123,-0.6383118857070093,0.0,0.0,0.0,48539.78669173292,4.530784355946183,,cwc,-0.043840353084358075
2023-07-01,Bhakra,2.23148,-0.62042704622857,0.0,0.0,0.0,47559.787439066095,4.3214650121103935,,cwc,-0.07534399719721074
2023-07-02,Bhakra,2.26975,-0.6132527311167474,0.0,0.0,0.0,43386.24529481114,0.6392129096583019,,cwc,-0.0075316394034423695
2023-07-03,Bhakra,2.29277,-0.6076576532574173,0.0,0.0,0.0,45184.162585449376,4.626305864044122,,cwc,-0.0024925255518932765
2023-07-04,Bhakra,2.32701,-0.5831512285689027,0.0,0.0,0.0,46801.655573308424,3.933513488544024,,cwc,-0.009313785075698355
2023-07-05,Bhakra,2.36528,-0.5377605456779275,0.0,0.0,0.0,49735.198424070084,6.712114016557408,,cwc,-0.009386466286505524
2023-07-06,Bhakra,2.40896,-0.480836827517394,0.0,0.0,0.0,50183.37649734042,5.457475318662904,,cwc,-0.007619332086012953
2023-07-07,Bhakra,2.4461171694281014,-0.43911588503400156,0.0,0.0,0.0,48222.286432920955,5.0143410469585925,,model,
2023-07-08,Bhakra,2.4784763838619757,-0.4061272589485203,0.0,0.0,0.0,93582.63513627191,40.94283484799407,,model,
2023-07-09,Bhakra,2.6218131181710342,-0.38364861548863266,0.0,0.0,0.0,146724.40848917916,37.17634636383952,,model,
2023-07-10,Bhakra,2.895165215612413,-0.36993530299866756,0.0,0.0,0.0,176809.89308763682,33.22943238483813,,model,
2023-07-11,Bhakra,3.242123723948363,-0.35223752247808704,0.0,0.0,0.0,141217.79466855226,7.830702079836048,,model,
2023-07-12,Bhakra,3.5020034746774145,-0.34156417431033664,0.0,0.0,0.0,118985.25051451994,13.825563716946643,,model,
2023-07-13,Bhakra,3.487,-0.3666701112340268,0.0,0.0,0.0,92226.75458582102,4.875585773110975,,cwc,0.2204896265638765
2023-07-14,Bhakra,3.60767,-0.3587875688588985,0.0,0.0,0.0,69910.15507963228,8.268212307284307,,cwc,0.019349470111640343
2023-07-15,Bhakra,3.68869,-0.34950069527260946,0.0,0.0,0.0,80054.64107674714,15.229798450241953,,cwc,0.004400223499993139
2023-07-16,Bhakra,3.78177,-0.34430162458193164,0.0,0.0,0.0,62170.38272822198,5.632781129335874,,cwc,0.0171594748626962
2023-07-17,Bhakra,3.88875,-0.322790650629489,0.0,0.0,0.0,61197.78236236114,8.162442418057763,,cwc,-0.04049571426308285
2023-07-18,Bhakra,4.01272,-0.3009588894531816,0.0,0.0,0.0,62973.76721106522,9.55820704578426,,cwc,-0.05986525453378988
2023-07-19,Bhakra,4.08774,-0.2905465733000263,0.0,0.0,0.0,60438.93132234268,7.496959130695271,,cwc,-0.006570173433685156
2023-07-20,Bhakra,4.185,-0.27481732586633684,0.0,0.0,0.0,55246.501071345,4.296078742948828,,cwc,-0.03501184093101273
2023-07-21,Bhakra,4.27048,-0.2588404366350347,0.0,0.0,0.0,73211.06234218663,20.412386463058,,cwc,-0.03593551380507254
2023-07-22,Bhakra,4.33198,-0.25432430802457373,0.0,0.0,0.0,66110.78837563848,4.873350464813579,,cwc,0.031996142486683254
2023-07-23,Bhakra,4.43448,-0.24054129033916763,0.0,0.0,0.0,58820.33622444245,7.097767877085468,,cwc,-0.026375214166571403
2023-07-24,Bhakra,4.47722,-0.22967680173234523,0.0,0.0,0.0,60732.19112613562,7.474583828887097,,cwc,0.015548143884318577
2023-07-25,Bhakra,4.51798,-0.2248433617310439,0.0,0.0,0.0,60985.1519980759,10.023854741683795,,cwc,0.022205641333439274
2023-07-26,Bhakra,4.5518,-0.22451532664528015,0.0,0.0,0.0,59571.984265832645,6.5206120452869225,,cwc,0.0297645292167088
2023-07-27,Bhakra,4.59323,-0.22422555374008393,0.0,0.0,0.0,59307.16325648371,9.950576976772435,,cwc,0.01869710760124388
2023-07-28,Bhakra,4.61634,-0.22746199617923188,0.0,0.0,0.0,69012.09162609447,13.885306783019413,,cwc,0.03636920299582336
2023-07-29,Bhakra,4.68177,-0.22615739933373788,0.0,0.0,0.0,56378.14522255641,2.482594710139669,,cwc,0.01779304341621568
2023-07-30,Bhakra,4.73645,-0.2215608966727018,0.0,0.0,0.0,47996.92872060916,2.609007987675934,,cwc,-0.0023668608984541706
2023-07-31,Bhakra,4.78641,-0.214668636570907,0.0,0.0,0.0,43375.87511824262,1.3727673197426142,,cwc,-0.018152140234069414
2023-08-01,Bhakra,4.82589,-0.20545767217175803,0.0,0.0,0.0,41621.30024188129,2.6579006277880644,,cwc,-0.01897789697228891
2023-08-02,Bhakra,4.84587,-0.19755851432493912,0.0,0.0,0.0,45590.10232612212,5.510128501298947,,cwc,-0.0037705969576284915
2023-08-03,Bhakra,4.87252,-0.19168399851140136,0.0,0.0,0.0,45731.269849426295,4.286682863182757,,cwc,-0.0007306228332017994
2023-08-04,Bhakra,4.91819,-0.18331265231186375,0.0,0.0,0.0,45124.29646582044,3.4067075941622096,,cwc,-0.01940524582286063
2023-08-05,Bhakra,4.94102,-0.17938401886436117,0.0,0.0,0.0,50690.21996847894,8.450079926972778,,cwc,0.001949747940010127
2023-08-06,Bhakra,4.9591,-0.17506964682122497,0.0,0.0,0.0,53566.09969064729,7.504571218184376,,cwc,0.020317200270009828
2023-08-07,Bhakra,4.98147,-0.1696418428799914,0.0,0.0,0.0,49653.888143247364,3.564322947980075,,cwc,0.023063257270207416
2023-08-08,Bhakra,5.00953,-0.1603015608373444,0.0,0.0,0.0,48377.87338010406,4.518650772910321,,cwc,0.007801736169324336
2023-08-09,Bhakra,5.02429,-0.1413728416160195,0.0,0.0,0.0,45795.216988785745,2.993658250399764,,cwc,0.0179798696540594
2023-08-10,Bhakra,5.04283,-0.12140805162330638,0.0,0.0,0.0,54284.72309865813,10.695645231988117,,cwc,0.007881205684503456
2023-08-11,Bhakra,5.07995,-0.11298692980445187,0.0,0.0,0.0,58241.93762696501,8.95144053039322,,cwc,0.01007142372670522
2023-08-12,Bhakra,5.15465,-0.10418173734794166,0.0,0.0,0.0,61965.22547286646,11.26847910919163,,cwc,-0.01782695197984907
2023-08-13,Bhakra,5.23933,-0.09669139065903437,0.0,0.0,0.0,90537.61466309623,27.59071677662284,,cwc,-0.018697646987027028
2023-08-14,Bhakra,5.39348,-0.09028397072575893,0.0,0.0,0.0,89047.78568920268,10.596819778045786,,cwc,-0.01826313831630877
2023-08-15,Bhakra,5.5619,-0.0825799792619203,0.0,0.0,0.0,60552.73629675667,0.0415011015211661,,cwc,-0.03617811745088595
2023-08-16,Bhakra,5.54525,-0.09399887782280347,0.0,0.0,0.0,50127.55251242534,1.220041932408949,,cwc,0.07917659153634915
2023-08-17,Bhakra,5.48578,-0.10780815355707185,0.0,0.0,0.0,46424.062011156464,4.06093433929468,,cwc,0.09649059183175357
2023-08-18,Bhakra,5.42535,-0.11262618954119655,0.0,0.0,0.0,43844.52094544343,2.906643325835854,,cwc,0.08838972253817623
2023-08-19,Bhakra,5.29729,-0.12508837604444142,0.0,0.0,0.0,39823.130684840646,1.144283202370192,,cwc,0.14970868044806362
2023-08-20,Bhakra,5.36494,-0.10743951960347141,0.0,0.0,0.0,38285.56403025648,0.7928349972829509,,cwc,-0.055839954622634025
2023-08-21,Bhakra,5.3302,-0.10706626872335222,0.0,0.0,0.0,39276.475954802554,2.085539392768289,,cwc,0.04278827240060856
2023-08-22,Bhakra,5.29261,-0.11154404198202783,0.0,0.0,0.0,58857.13562305851,20.54004205026171,,cwc,0.04806261328299488
2023-08-23,Bhakra,5.31879,-0.11518615856432098,0.0,0.0,0.0,64458.24790067398,10.070053923661282,,cwc,0.03219817639306388
2023-08-24,Bhakra,5.37393,-0.11706794504045963,0.0,0.0,0.0,57106.360237156645,5.606126430690944,,cwc,0.01694172071935185
2023-08-25,Bhakra,5.36493,-0.12715017088625644,0.0,0.0,0.0,53435.302528909095,4.166679020342048,,cwc,0.06309477214816717
2023-08-26,Bhakra,5.3806,-0.13199878139974042,0.0,0.0,0.0,43240.36351566434,0.7292284240943351,,cwc,0.02944325213287069
2023-08-27,Bhakra,5.36399,-0.13783320161154328,0.0,0.0,0.0,38883.60802036074,1.0886519819583722,,cwc,0.03678056365470539
2023-08-28,Bhakra,5.35019,-0.14113031774461715,0.0,0.0,0.0,37129.58107020855,1.081304825891858,,cwc,0.02331143220196008
2023-08-29,Bhakra,5.3321,-0.1443002680700349,0.0,0.0,0.0,35115.54744931763,0.1190995115515014,,cwc,0.023310072759484157
2023-08-30,Bhakra,5.31355,-0.14668295127628908,0.0,0.0,0.0,34685.8324902873,0.086034904218411,,cwc,0.01884258735469846
2023-08-31,Bhakra,5.30594,-0.1462947066113657,0.0,0.0,0.0,35174.96633828289,0.6269999238366673,,cwc,0.006851257244379738
2023-09-01,Bhakra,5.30546,-0.14506598705537097,0.0,0.0,0.0,36129.66224289444,0.9725406047546707,,cwc,0.0009179601553848116
2023-09-02,Bhakra,5.31022,-0.14408256577953307,0.0,0.0,0.0,36452.87170799838,0.1566579897954483,,cwc,-0.001986304190956467
2023-09-03,Bhakra,5.30308,-0.1449567730185383,0.0,0.0,0.0,36631.244078832635,0.6358853472367344,,cwc,0.010704452182457302
2023-09-04,Bhakra,5.30546,-0.1442677273947793,0.0,0.0,0.0,38784.77643504041,3.841142312236919,,cwc,0.0016208536629402914
2023-09-05,Bhakra,5.3107,-0.14277398079008646,0.0,0.0,0.0,38499.48829268929,2.1544761571884234,,cwc,0.004029633262187637
2023-09-06,Bhakra,5.31641,-0.14005888429803365,0.0,0.0,0.0,36687.88376590397,0.7776763137981092,,cwc,0.002861654269675107
2023-09-07,Bhakra,5.32069,-0.13790949559971083,0.0,0.0,0.0,37145.49822890023,1.2756912196595716,,cwc,-0.00014057306376180634
2023-09-08,Bhakra,5.32117,-0.13746759342187495,0.0,0.0,0.0,37412.77121944072,1.8354809978713351,,cwc,0.004779015290693245
2023-09-09,Bhakra,5.33401,-0.13494424706608832,0.0,0.0,0.0,40446.09754487775,4.415477175722458,,cwc,-0.006927081146663738
2023-09-10,Bhakra,5.33163,-0.13484043208777732,0.0,0.0,0.0,43078.27028426827,5.2550011411928965,,cwc,0.015714180862819838
2023-09-11,Bhakra,5.34115,-0.13367477920426205,0.0,0.0,0.0,40410.85983276808,0.1557084197729795,,cwc,0.010253990318672024
2023-09-12,Bhakra,5.34543,-0.1327436035842132,0.0,0.0,0.0,38074.39195134168,0.2629742725444842,,cwc,0.008967969138089948
2023-09-13,Bhakra,5.35209,-0.12837351977620068,0.0,0.0,0.0,38589.07842786979,1.171345316238674,,cwc,0.000871623956433254
2023-09-14,Bhakra,5.3597,-0.12492713180860679,0.0,0.0,0.0,41683.19954461206,5.1398882925797205,,cwc,0.001180843303530743
2023-09-15,Bhakra,5.36113,-0.12497167519213549,0.0,0.0,0.0,42154.87832414936,2.9386717766013755,,cwc,0.014930844362718965
2023-09-16,Bhakra,5.36208,-0.12534578554681367,0.0,0.0,0.0,41032.25611053665,2.8616963657033705,,cwc,0.01656484213008902
2023-09-17,Bhakra,5.36208,-0.12627488786840482,0.0,0.0,0.0,46478.48643251121,8.160825549452918,,cwc,0.014768262075373961
2023-09-18,Bhakra,5.36256,-0.12957284580865192,0.0,0.0,0.0,44253.13841381767,2.9152526234648377,,cwc,0.027612875996543274
2023-09-19,Bhakra,5.38111,-0.1296170641434055,0.0,0.0,0.0,40985.30131739127,1.5969573064981124,,cwc,0.004098393953673174
2023-09-20,Bhakra,5.3892,-0.13060084898293065,0.0,0.0,0.0,40814.092667537196,2.6628650553862907,,cwc,0.006563383626718711
2023-09-21,Bhakra,5.39729,-0.1316757552205753,0.0,0.0,0.0,38666.75451312196,1.6424566782614365,,cwc,0.006144508730798748
2023-09-22,Bhakra,5.403,-0.13246741189566372,0.0,0.0,0.0,37885.667768870175,1.6712995549386631,,cwc,0.0032708837141832703
2023-09-23,Bhakra,5.40157,-0.13417428704976517,0.0,0.0,0.0,36558.531949925746,0.8250730520267014,,cwc,0.008499895986743056
2023-09-24,Bhakra,5.39676,-0.1359099125441992,0.0,0.0,0.0,35173.91495277658,0.1176264939539279,,cwc,0.008632957946494102
2023-09-25,Bhakra,5.39676,-0.1362931268399802,0.0,0.0,0.0,34770.710528289936,0.1214013486697059,,cwc,0.00043538786131680496
2023-09-26,Bhakra,5.38729,-0.13799404266205606,0.0,0.0,0.0,34317.316193718434,0.0,,cwc,0.008918917776509439
2023-09-27,Bhakra,5.37206,-0.14039835651717456,0.0,0.0,0.0,34124.441040498525,0.0050836137751353,,cwc,0.01356965428505763
2023-09-28,Bhakra,5.369927770651846,-0.13979638735325206,0.0,0.0,0.0,34105.62947742813,0.0,,model,
2023-09-29,Bhakra,5.35066,-0.14230617704400633,0.0,0.0,0.0,34198.24843278585,0.1295102934933728,,cwc,0.017089517393509723
2023-09-30,Bhakra,5.33401,-0.1447438018025941,0.0,0.0,0.0,34310.882235737234,0.1533101793497211,,cwc,0.014698346012896657
2024-06-01,Bhakra,1.79382,-0.7080642487062369,0.0,0.0,0.0,35991.95457491002,0.1155859756079633,,cwc,
2024-06-02,Bhakra,1.80534,-0.7053730248196579,0.0,0.0,0.0,36146.23754716251,0.1146160131090015,,cwc,-0.009083216403881877
2024-06-03,Bhakra,1.81109,-0.7043939885081166,0.0,0.0,0.0,37708.10290335957,1.9087470206068733,,cwc,-0.0029357514568744136
2024-06-04,Bhakra,1.81742,-0.7041053866185273,0.0,0.0,0.0,38505.60792869927,1.3430369861065428,,cwc,0.00030547012903725523
2024-06-05,Bhakra,1.82807,-0.703692326167002,0.0,0.0,0.0,40076.93167498713,3.1793957536721096,,cwc,-0.0020633735785144935
2024-06-06,Bhakra,1.85915,-0.7005902770783861,0.0,0.0,0.0,38135.20888767386,0.0954298550325342,,cwc,-0.018649011326706377
2024-06-07,Bhakra,1.88015,-0.6982954947680616,0.0,0.0,0.0,36288.64769477672,0.0,,cwc,-0.013319582814381725
2024-06-08,Bhakra,1.89569,-0.6962346701650035,0.0,0.0,0.0,35855.595696707365,0.0781502401956619,,cwc,-0.012377334272283491
2024-06-09,Bhakra,1.91151,-0.6939897122365726,0.0,0.0,0.0,35204.239833958396,0.0129898782051045,,cwc,-0.013716828700711003
2024-06-10,Bhakra,1.91813,-0.6929232073149107,0.0,0.0,0.0,35271.301925109576,0.0729283393216087,,cwc,-0.006110420025962293
2024-06-11,Bhakra,1.92101,-0.692377018735412,0.0,0.0,0.0,35394.31621375345,0.1037154816786307,,cwc,-0.002206347553718624
2024-06-12,Bhakra,1.91669,-0.6929122660136572,0.0,0.0,0.0,35183.78765786908,0.0,,cwc,0.0052946161966307415
2024-06-13,Bhakra,1.91612,-0.6921627268301523,0.0,0.0,0.0,35105.09483147001,0.0223360290517784,,cwc,0.0010295421801640448
2024-06-14,Bhakra,1.90605,-0.6919690138412165,0.0,0.0,0.0,35213.74665547233,0.0186673284476349,,cwc,0.010337014235485942
2024-06-15,Bhakra,1.90403,-0.6894464633122857,0.0,0.0,0.0,35484.74665713363,0.050836138289494,,cwc,0.0025528391310696286
2024-06-16,Bhakra,1.9164,-0.6856824178432692,0.0,0.0,0.0,35797.30589686582,0.0304852939779505,,cwc,-0.011174138892022567
2024-06-17,Bhakra,1.91583,-0.685073447242936,0.0,0.0,0.0,37325.09884017964,1.264534902367168,,cwc,0.0025305609004420138
2024-06-18,Bhakra,1.93022,-0.6827432262886822,0.0,0.0,0.0,39714.2466839843,2.023327334877332,,cwc,-0.008691578245784592
2024-06-19,Bhakra,1.94029,-0.6811486386734996,0.0,0.0,0.0,42461.823371097315,4.604627742350324,,cwc,0.0014736524435683407
2024-06-20,Bhakra,1.95122,-0.6806397618513503,0.0,0.0,0.0,40011.988518377126,0.1037550121545844,,cwc,0.00733580637577913
2024-06-21,Bhakra,1.95813,-0.6797518466248841,0.0,0.0,0.0,37580.72839424774,0.3194494424130591,,cwc,0.005362100334480813
2024-06-22,Bhakra,1.96589,-0.6759363050397006,0.0,0.0,0.0,37376.16872202897,0.6313557206890872,,cwc,-0.001436161230082167
2024-06-23,Bhakra,1.9541,-0.6742847247720105,0.0,0.0,0.0,39658.12180965623,3.659462491450653,,cwc,0.01761336807826197
2024-06-24,Bhakra,1.93568,-0.6747538151251401,0.0,0.0,0.0,39289.95880760524,1.2860141985264737,,cwc,0.029826338698540233
2024-06-25,Bhakra,1.92245,-0.6740030176061031,0.0,0.0,0.0,39448.27158887156,1.842504551760755,,cwc,0.023735600100946552
2024-06-26,Bhakra,1.91957,-0.6700008839817766,0.0,0.0,0.0,44123.34612098405,5.416854039266172,,cwc,0.013772924280140542
2024-06-27,Bhakra,1.919,-0.666930382437857,0.0,0.0,0.0,46400.0852438831,4.922429177844773,,cwc,0.022900847304025085
2024-06-28,Bhakra,1.93424,-0.6614243366649418,0.0,0.0,0.0,45992.7049450723,2.576552076507189,,cwc,0.012661061565704124
2024-06-29,Bhakra,1.9518,-0.6541458541321825,0.0,0.0,0.0,46609.05335944109,3.7688701587079554,,cwc,0.009344374888895057
2024-06-30,Bhakra,1.96273,-0.6479017123280195,0.0,0.0,0.0,50814.88987970067,6.223472729702441,,cwc,0.017482317847027584
2024-07-01,Bhakra,1.98518,-0.6387940908805052,0.0,0.0,0.0,52173.84517584086,5.433742448715601,,cwc,0.01625221462607107
2024-07-02,Bhakra,2.02805,-0.6293205586185885,0.0,0.0,0.0,54189.40495410423,6.287363738545885,,cwc,-0.0008429985788986905
2024-07-03,Bhakra,2.06028,-0.6239578711751772,0.0,0.0,0.0,57346.39796595414,7.675369716253281,,cwc,0.014728220685192195
2024-07-04,Bhakra,2.09193,-0.6226112720373562,0.0,0.0,0.0,58039.217185368856,7.424256224960966,,cwc,0.02303204258545266
2024-07-05,Bhakra,2.13336,-0.6226459080414247,0.0,0.0,0.0,64826.87248899983,12.049534303215149,,cwc,0.014947077145158971
2024-07-06,Bhakra,2.18026,-0.623272631745993,0.0,0.0,0.0,58771.07962006051,4.914965477622011,,cwc,0.026083588622637155
2024-07-07,Bhakra,2.21076,-0.6251633341469207,0.0,0.0,0.0,54669.33294453343,6.163027937988547,,cwc,0.027667633880581466
2024-07-08,Bhakra,2.22803,-0.6281270509397359,0.0,0.0,0.0,47838.400547752346,1.4266720816718257,,cwc,0.03086240077020097
2024-07-09,Bhakra,2.24673,-0.6276815087183799,0.0,0.0,0.0,41017.16048039143,0.2340966698200656,,cwc,0.012720008614939271
2024-07-10,Bhakra,2.26227,-0.6251209028599725,0.0,0.0,0.0,44061.57789256449,4.541095408319073,,cwc,-0.0008086705241838743
2024-07-11,Bhakra,2.27723,-0.6238909107852295,0.0,0.0,0.0,41490.93254579744,1.722144250052309,,cwc,0.007219726666881865
2024-07-12,Bhakra,2.29162,-0.621184541413,0.0,0.0,0.0,40064.84138593336,1.3721764765195634,,cwc,0.0015004486252028215
2024-07-13,Bhakra,2.30485,-0.6168579909945278,0.0,0.0,0.0,41329.41801003861,3.412643440101064,,cwc,-0.0008285911322438722
2024-07-14,Bhakra,2.31867,-0.6129666970233604,0.0,0.0,0.0,41184.74733163984,2.959336941597256,,cwc,0.0016752911117645652
2024-07-15,Bhakra,2.31665,-0.611569275144931,0.0,0.0,0.0,41078.477951218214,3.097944822473133,,cwc,0.017161343367836146
2024-07-16,Bhakra,2.30629,-0.6107848868322584,0.0,0.0,0.0,42499.67916885108,4.127851272463264,,cwc,0.025241347300455796
2024-07-17,Bhakra,2.30094,-0.6065554345465187,0.0,0.0,0.0,45672.71341000582,5.89571230465473,,cwc,0.023708423444820603
2024-07-18,Bhakra,2.29478,-0.6056227705324971,0.0,0.0,0.0,45587.9704039581,3.4601289409115528,,cwc,0.03228149142441916
2024-07-19,Bhakra,2.2991,-0.604524020958039,0.0,0.0,0.0,45568.23792127162,3.892429008907086,,cwc,0.021594161258165823
2024-07-20,Bhakra,2.29766,-0.6030660492648153,0.0,0.0,0.0,47310.02670816352,5.499067265543724,,cwc,0.02730588424857272
2024-07-21,Bhakra,2.31205,-0.5971963885881532,0.0,0.0,0.0,55454.62688977378,11.557352278181074,,cwc,0.015737302100093498
2024-07-22,Bhakra,2.32989,-0.5938078021531826,0.0,0.0,0.0,50565.08804569524,2.4814891406612154,,cwc,0.0322136817326939
2024-07-23,Bhakra,2.36039,-0.5880847274402528,0.0,0.0,0.0,46619.6618650665,3.309079211705757,,cwc,0.007591055567759408
2024-07-24,Bhakra,2.38205,-0.5800824583562825,0.0,0.0,0.0,49868.82275145717,5.987840217902352,,cwc,0.006778272357465642
2024-07-25,Bhakra,2.41714,-0.5728860305693235,0.0,0.0,0.0,56372.5371200197,10.860932091405449,,cwc,0.0012975899256630896
2024-07-26,Bhakra,2.4335,-0.5735800852583444,0.0,0.0,0.0,56790.16909666631,7.206509941028937,,cwc,0.03593941845502213
2024-07-27,Bhakra,2.4703,-0.5673012807195663,0.0,0.0,0.0,52669.675576706795,5.44466556295475,,cwc,0.01652118663612523
2024-07-28,Bhakra,2.50199,-0.5622078995780723,0.0,0.0,0.0,58140.309234951266,9.259526450219028,,cwc,0.01155008795459933
2024-07-29,Bhakra,2.56467,-0.5533676207038185,0.0,0.0,0.0,53848.4867772346,3.8576885453153342,,cwc,-0.006055593518483171
2024-07-30,Bhakra,2.60249,-0.5498412318974111,0.0,0.0,0.0,47918.57104668883,2.930860400716587,,cwc,0.008304138610629952
2024-07-31,Bhakra,2.63009,-0.5465370737633756,0.0,0.0,0.0,57734.621221291025,12.018972782158173,,cwc,0.004016151797111789
2024-08-01,Bhakra,2.66348,-0.5459778055416171,0.0,0.0,0.0,52684.664335354595,4.151381209139883,,cwc,0.02224186010817375
2024-08-02,Bhakra,2.72515,-0.5363867530905232,0.0,0.0,0.0,55028.243921404886,8.689938972529198,,cwc,-0.018393240915034692
2024-08-03,Bhakra,2.73401,-0.5357714053612302,0.0,0.0,0.0,47368.35819353646,0.9341866857824828,,cwc,0.04015050358924377
2024-08-04,Bhakra,2.75888,-0.5295751937252827,0.0,0.0,0.0,45049.908766522545,3.2404696202639944,,cwc,0.005400014485742677
2024-08-05,Bhakra,2.7783,-0.5241532322845079,0.0,0.0,0.0,45510.87513624703,2.9897350212856044,,cwc,0.005177752814018444
2024-08-06,Bhakra,2.7909,-0.5176127905420823,0.0,0.0,0.0,51896.89618912138,10.780567191539395,,cwc,0.013125541861506829
2024-08-07,Bhakra,2.83077,-0.508802585584958,0.0,0.0,0.0,52973.53565646732,6.7171243549271775,,cwc,0.0014794248028295875
2024-08-08,Bhakra,2.89107,-0.5004446641662562,0.0,0.0,0.0,52978.73156021603,7.838255753095673,,cwc,-0.016316495404989695
2024-08-09,Bhakra,2.949,-0.49435982291247244,0.0,0.0,0.0,50916.63862928921,4.513089265703687,,cwc,-0.01393378323394101
2024-08-10,Bhakra,3.00113,-0.4881294425924711,0.0,0.0,0.0,57012.83413553777,10.466509844332284,,cwc,-0.013178849371395795
2024-08-11,Bhakra,3.2105658948863662,-0.46019721136255426,0.0,0.0,0.0,58031.49796147782,7.207728547130281,,cwc_level,-0.15556994141128966
2024-08-12,Bhakra,3.15199,-0.4749977940394275,0.0,0.0,0.0,49606.172855063065,3.34145364800296,,cwc,0.11493408636712266
2024-08-13,Bhakra,3.20729,-0.46934510825505926,0.0,0.0,0.0,44792.79024864765,1.783241552156391,,cwc,-0.019555002887896134
2024-08-14,Bhakra,3.24196,-0.463310384635323,0.0,0.0,0.0,45471.90138790405,4.164867487246464,,cwc,-0.0107013070641222
2024-08-15,Bhakra,3.2675901896418926,-0.4573913317470285,0.0,0.0,0.0,42524.817765185464,2.06447918197451,,model,
2024-08-16,Bhakra,3.34205,-0.4431593817867573,0.0,0.0,0.0,44291.094699032845,5.005360270386392,,cwc,-0.0560398834382454
2024-08-17,Bhakra,3.38918,-0.43542990020756894,0.0,0.0,0.0,41394.93233738503,1.2565300649118385,,cwc,-0.02438874312712036
2024-08-18,Bhakra,3.43592,-0.4260488021074681,0.0,0.0,0.0,45986.41512266808,7.772296057893601,,cwc,-0.031084423137066164
2024-08-19,Bhakra,3.48265,-0.4197153614009335,0.0,0.0,0.0,50065.91068377181,7.163431683786083,,cwc,-0.019841013636785032
2024-08-20,Bhakra,3.52511,-0.4151398392866337,0.0,0.0,0.0,48325.17245696705,4.983190024444322,,cwc,-0.005590219558813558
2024-08-21,Bhakra,3.54964,-0.4139191781313721,0.0,0.0,0.0,44706.75354047508,2.1183886593798618,,cwc,0.00808093286428413
2024-08-22,Bhakra,3.57574,-0.40930386653363826,0.0,0.0,0.0,46175.02592035475,5.725866819203875,,cwc,-0.002341802370356305
2024-08-23,Bhakra,3.603090436928462,-0.40379026700874915,0.0,0.0,0.0,43011.23708157343,2.1605278527022627,,model,
2024-08-24,Bhakra,3.6227004254526816,-0.3996024614237731,0.0,0.0,0.0,44360.355106130584,5.114468798701551,,model,
2024-08-25,Bhakra,3.6456111331438414,-0.39438440767144567,0.0,0.0,0.0,41406.72610256334,1.198551717421126,,model,
2024-08-26,Bhakra,3.66129556434425,-0.39096507583571155,0.0,0.0,0.0,45789.399832392366,7.455196769430286,,model,
2024-08-27,Bhakra,3.6877025379161776,-0.3893920958565818,0.0,0.0,0.0,49033.62332798286,5.535301390338366,,model,
2024-08-28,Bhakra,3.7220467493567115,-0.3845542220882518,0.0,0.0,0.0,45658.14184459133,3.7647882590812536,,model,
2024-08-29,Bhakra,3.75,-0.37749635402052834,0.0,0.0,0.0,48281.16153679262,6.462142303880686,,cwc,-0.0018674096544728513
2024-08-30,Bhakra,3.782503256823248,-0.3695482556104478,0.0,0.0,0.0,43701.601817557734,1.8681641199876904,,model,
2024-08-31,Bhakra,3.803802274828036,-0.3648255424816614,0.0,0.0,0.0,39000.77590776193,0.4863071615889842,,model,
2024-09-01,Bhakra,3.813600367118035,-0.36006581743480554,0.0,0.0,0.0,47313.22039774678,8.990419178928613,,model,
2024-09-02,Bhakra,3.8437354828209633,-0.35509117227971954,0.0,0.0,0.0,52202.067937406784,9.25929653177067,,model,
2024-09-03,Bhakra,3.88583153336034,-0.3501230755677263,0.0,0.0,0.0,55231.876058599286,9.151352153104972,,model,
2024-09-04,Bhakra,3.935340238356731,-0.347457300299598,0.0,0.0,0.0,47020.020531091206,1.0811862841638409,,model,
2024-09-05,Bhakra,3.90761,-0.353255392740338,0.0,0.0,0.0,47114.253156801075,5.402910192974273,,cwc,0.05714801843594142
2024-09-06,Bhakra,4.1291,-0.31930640923677417,0.0,0.0,0.0,47661.441391638764,4.792372403295032,,cwc_level,-0.19184167268313512
2024-09-07,Bhakra,3.96582,-0.3482545548448122,0.0,0.0,0.0,47644.769005576956,5.892834268988396,,cwc,0.19426706467103116
2024-09-08,Bhakra,3.99135,-0.3432206024457087,0.0,0.0,0.0,41783.04104874926,0.727918923259613,,cwc,0.005416274419005607
2024-09-09,Bhakra,4.01752,-0.330728323491275,0.0,0.0,0.0,43592.33996267548,5.637810016001279,,cwc,-0.00956488585482873
2024-09-10,Bhakra,4.04587,-0.3214904643358036,0.0,0.0,0.0,43018.00451467978,2.7466020619466787,,cwc,-0.007318299377428339
2024-09-11,Bhakra,4.06724,-0.31693374850307077,0.0,0.0,0.0,40697.42222473978,2.82950457713899,,cwc,-0.0017434544394365759
2024-09-12,Bhakra,4.086,-0.3136330585488943,0.0,0.0,0.0,50026.256674991346,10.466063953147088,,cwc,-0.004810934321437976
2024-09-13,Bhakra,4.09908,-0.31491416426730473,0.0,0.0,0.0,62891.89489187994,16.905101709738588,,cwc,0.02369276391302133
2024-09-14,Bhakra,4.11434,-0.3174051417215303,0.0,0.0,0.0,55524.37481544914,1.7792382737449068,,cwc,0.05298951975233823
2024-09-15,Bhakra,4.13048,-0.319522299835836,0.0,0.0,0.0,45884.78005114455,1.6592362743834117,,cwc,0.034084325302003116
2024-09-16,Bhakra,4.14574,-0.32001795045041437,0.0,0.0,0.0,41433.14351805527,0.0342584716407467,,cwc,0.011380328482656132
2024-09-17,Bhakra,4.15534,-0.3190912721265998,0.0,0.0,0.0,41418.30358795346,3.640263104354122,,cwc,0.006149063403127819
2024-09-18,Bhakra,4.16188,-0.3196205048590986,0.0,0.0,0.0,50312.557777861606,10.004578535220135,,cwc,0.009172756393042825
2024-09-19,Bhakra,4.16406,-0.32447634200347747,0.0,0.0,0.0,43537.09817182855,0.0126641411876548,,cwc,0.03529322118996703
2024-09-20,Bhakra,4.17628,-0.324746321209153,0.0,0.0,0.0,38385.56029004275,0.0,,cwc,0.008676547407993063
2024-09-21,Bhakra,4.18194,-0.3221255307335271,0.0,0.0,0.0,39868.621740698756,1.2929760834084538,,cwc,0.0026329208044479913
2024-09-22,Bhakra,4.18412,-0.32114599813359845,0.0,0.0,0.0,37397.74893611312,0.0143753312426649,,cwc,0.009741342682168863
2024-09-23,Bhakra,4.185,-0.32022888903094776,0.0,0.0,0.0,37058.51801140823,2.100285161413932e-06,,cwc,0.004996165702308097
2024-09-24,Bhakra,4.18674,-0.31965857428732064,0.0,0.0,0.0,37854.99262743007,0.8485986835520171,,cwc,0.003306211617630339
2024-09-25,Bhakra,4.185,-0.32090240177350116,0.0,0.0,0.0,42744.67517291528,7.125955387002496,,cwc,0.008734846935841034
2024-09-26,Bhakra,4.569895714285715,-0.2622713237729087,0.0,0.0,0.0,41471.47785200511,1.966813211063698,,cwc_level,-0.36593788960859364
2024-09-27,Bhakra,4.585738565532839,-0.26253375793977785,0.0,0.0,0.0,39373.02928631669,1.6498873902640143,,model,
2024-09-28,Bhakra,4.596447403835558,-0.2627413619761224,0.0,0.0,0.0,37799.34554945425,0.5420898258924401,,model,
2024-09-29,Bhakra,4.603306105991242,-0.262941284376963,0.0,0.0,0.0,35399.39650968584,0.0,,model,
2024-09-30,Bhakra,4.604293151515665,-0.2630411567752738,0.0,0.0,0.0,34699.66325581559,0.0,,model,
2025-06-01,Bhakra,1.41856,-0.7663426089278158,0.0,0.0,0.0,36850.888250068885,0.3958984293835809,,cwc,
2025-06-02,Bhakra,1.41763,-0.7665828325372888,0.0,0.0,0.0,37699.92513684653,2.319829851195609,,cwc,0.005468229721010243
2025-06-03,Bhakra,1.40487,-0.7692949615617739,0.0,0.0,0.0,41330.72176796877,5.913163774243316,,cwc,0.019375462605469185
2025-06-04,Bhakra,1.38098,-0.7747658071623184,0.0,0.0,0.0,39990.64042590105,1.8529942342320305,,cwc,0.0393884808540339
2025-06-05,Bhakra,1.35941,-0.7788865968652324,0.0,0.0,0.0,37561.24360001855,0.5699473615877574,,cwc,0.03378987061348493
2025-06-06,Bhakra,1.3656861677488468,-0.7764044696644492,0.0,0.0,0.0,36619.400256805326,0.0152638664090725,,model,
2025-06-07,Bhakra,1.3696580446064501,-0.7732399642503103,0.0,0.0,0.0,36010.27704850588,0.0,,model,
2025-06-08,Bhakra,1.3721396555184018,-0.770444374503894,0.0,0.0,0.0,37166.57598292343,0.0137033887953966,,model,
2025-06-09,Bhakra,1.3774502391266437,-0.7674539563003612,0.0,0.0,0.0,38315.48305464914,0.3505437436119148,,model,
2025-06-10,Bhakra,1.3855717106806777,-0.7645293760263228,0.0,0.0,0.0,41315.47166852925,2.3019890250770327,,model,
2025-06-11,Bhakra,1.4010328810143557,-0.762027542002214,0.0,0.0,0.0,43052.811804511024,2.980852779738888,,model,
2025-06-12,Bhakra,1.239,-0.7867810060543949,0.0,0.0,0.0,42113.54970061839,1.3791847863188151,,cwc,0.18174458523902692
2025-06-13,Bhakra,1.26575,-0.780224855826793,0.0,0.0,0.0,42609.58443847357,2.529425357006008,,cwc,-0.009336271469572832
2025-06-14,Bhakra,1.27475,-0.7782053082025626,0.0,0.0,0.0,42441.96056780799,1.7720852647444632,,cwc,0.009627314989806068
2025-06-15,Bhakra,1.28695,-0.7765589709898301,0.0,0.0,0.0,41365.64539102807,1.8029334749654349,,cwc,0.006017210526985561
2025-06-16,Bhakra,1.30351,-0.7735737664938532,0.0,0.0,0.0,46258.74323286645,6.985719692412303,,cwc,-0.0009760758638270861
2025-06-17,Bhakra,1.30778,-0.774270663088374,0.0,0.0,0.0,47871.908478202386,5.521796312154297,,cwc,0.023285257657992053
2025-06-18,Bhakra,1.32684,-0.7712603693871026,0.0,0.0,0.0,44072.756976858174,1.2270317397987385,,cwc,0.012441988298160123
2025-06-19,Bhakra,1.34967,-0.7661807838803649,0.0,0.0,0.0,41646.98593257634,1.596261160287172,,cwc,-0.0006229228588634506
2025-06-20,Bhakra,1.34295,-0.7659594950450147,0.0,0.0,0.0,42197.35435220921,2.2195699555502384,,cwc,0.022992245025096114
2025-06-21,Bhakra,1.33854,-0.7633849982861453,0.0,0.0,0.0,42739.14258005353,1.6593826619932663,,cwc,0.022028762941612268
2025-06-22,Bhakra,1.35014,-0.7564566301820178,0.0,0.0,0.0,47745.65832609002,5.885420404693105,,cwc,0.0073442887707226845
2025-06-23,Bhakra,1.37658,-0.7468218920700275,0.0,0.0,0.0,47674.01022141856,3.216596834299996,,cwc,0.0047531077633802266
2025-06-24,Bhakra,1.41021,-0.732338285052188,0.0,0.0,0.0,44957.08529579837,2.990803042146589,,cwc,-0.0026121847373938856
2025-06-25,Bhakra,1.44824,-0.7136520527959452,0.0,0.0,0.0,50554.56218427354,7.6767096229365315,,cwc,-0.01365934681950809
2025-06-26,Bhakra,1.48489,-0.6948194447983717,0.0,0.0,0.0,55637.499623645956,8.244891308966517,,cwc,0.0014153032526096343
2025-06-27,Bhakra,1.50785,-0.6870444174655869,0.0,0.0,0.0,61468.83305522209,12.702605792473085,,cwc,0.027541093691332952
2025-06-28,Bhakra,1.54217,-0.6792913628930586,0.0,0.0,0.0,70803.64062137759,14.7763000659711,,cwc,0.030447891462968002
2025-06-29,Bhakra,1.583,-0.6749082586944645,0.0,0.0,0.0,76988.19950631735,14.27196357270817,,cwc,0.046776203376728054
2025-06-30,Bhakra,1.64579,-0.6759251437181105,0.0,0.0,0.0,83522.40385326796,14.31145414917282,,cwc,0.03994719390462809
2025-07-01,Bhakra,1.7029,-0.6819502424562801,0.0,0.0,0.0,66048.23282264953,2.9062419848650847,,cwc,0.0616136184694962
2025-07-02,Bhakra,1.76529,-0.6790385838325477,0.0,0.0,0.0,67180.39874045213,10.918308159859034,,cwc,0.013581738947247901
2025-07-03,Bhakra,1.82231,-0.6773133582238955,0.0,0.0,0.0,65274.424909412664,7.267726814487177,,cwc,0.021721668395247473
2025-07-04,Bhakra,1.87152,-0.6761035764090966,0.0,0.0,0.0,48734.758921557004,1.194314560558403,,cwc,0.024868559429770398
2025-07-05,Bhakra,1.91632,-0.6680399640341403,0.0,0.0,0.0,44839.625300918015,1.5592991842875046,,cwc,-0.01118698290766229
2025-07-06,Bhakra,1.96014,-0.6591725351129053,0.0,0.0,0.0,47960.38815613848,6.556127491379948,,cwc,-0.019736721570562832
2025-07-07,Bhakra,2.00992,-0.650488648683692,0.0,0.0,0.0,48266.79120117436,4.935695404664675,,cwc,-0.018061539485523248
2025-07-08,Bhakra,2.03283,-0.6482498398268639,0.0,0.0,0.0,48240.71051974733,5.925305637793021,,cwc,0.009558098711543117
2025-07-09,Bhakra,2.06229,-0.6450027158972791,0.0,0.0,0.0,50953.46886226507,7.798475104795117,,cwc,0.0029442903541525567
2025-07-10,Bhakra,2.09423,-0.6425990909120813,0.0,0.0,0.0,49505.41817665449,5.051993899620755,,cwc,0.007101258575939795
2025-07-11,Bhakra,2.12972849317981,-0.6401984828655818,0.0,0.0,0.0,49722.8224187608,5.753215581358904,,model,
2025-07-12,Bhakra,2.165758882261856,-0.6374819787453713,0.0,0.0,0.0,44602.70666181629,1.967566991479785,,model,
2025-07-13,Bhakra,2.1892625213425823,-0.6324646101146292,0.0,0.0,0.0,44466.59242254995,4.3052814677732565,,model,
2025-07-14,Bhakra,2.2124331466541185,-0.6292033785996941,0.0,0.0,0.0,44018.13428897769,3.5686102136591376,,model,
2025-07-15,Bhakra,2.2345065852628543,-0.6275919107437778,0.0,0.0,0.0,41107.92327994383,1.7088463886739262,,model,
2025-07-16,Bhakra,2.2494599727845013,-0.6187610973958654,0.0,0.0,0.0,41912.19709308009,3.319993977480204,,model,
2025-07-17,Bhakra,2.2663810769492927,-0.6082209257639007,0.0,0.0,0.0,47770.215686528856,8.352402825089802,,model,
2025-07-18,Bhakra,2.297634266150186,-0.6006064720895913,0.0,0.0,0.0,43299.0771949074,0.527393750063009,,model,
2025-07-19,Bhakra,2.317948477256716,-0.5946502545546927,0.0,0.0,0.0,39098.76633562313,0.6244798690112425,,model,
2025-07-20,Bhakra,2.327986310531218,-0.5908743765524386,0.0,0.0,0.0,57479.275023147406,18.62269469005184,,model,
2025-07-21,Bhakra,2.3829934468753646,-0.5865007702324218,0.0,0.0,0.0,61831.314252319404,9.265863552499596,,model,
2025-07-22,Bhakra,2.4486481759708725,-0.5826325746272808,0.0,0.0,0.0,54382.41401648138,4.414424160104957,,model,
2025-07-23,Bhakra,2.4960786079081463,-0.5798526056223152,0.0,0.0,0.0,50160.532157495945,3.264925389484252,,model,
2025-07-24,Bhakra,2.53317988693303,-0.5741959742975721,0.0,0.0,0.0,44609.371077041156,1.8599112379566425,,model,
2025-07-25,Bhakra,2.556699831009071,-0.5677599968593079,0.0,0.0,0.0,46131.19193318333,5.0166939002154605,,model,
2025-07-26,Bhakra,2.583943024776455,-0.5612651310331876,0.0,0.0,0.0,44844.41239813509,4.255880093666223,,model,
2025-07-27,Bhakra,2.608038015200878,-0.5537289972834957,0.0,0.0,0.0,42073.77917373912,2.225155383335605,,model,
2025-07-28,Bhakra,2.6253544421328083,-0.5458046254771457,0.0,0.0,0.0,49397.78338137345,9.192211349427405,,model,
2025-07-29,Bhakra,2.6605895986546337,-0.5383707480058887,0.0,0.0,0.0,51382.00453078956,6.859018782466423,,model,
2025-07-30,Bhakra,2.7006793021175812,-0.5294257249917752,0.0,0.0,0.0,51531.93481543701,6.419344424969125,,model,
2025-07-31,Bhakra,2.741135821348484,-0.5194207938278347,0.0,0.0,0.0,54183.0108910273,7.897583483785643,,model,
2025-08-01,Bhakra,3.301,-0.4194612671597047,0.0,0.0,0.0,55171.467944528886,8.250327162856609,,press,
2025-08-02,Bhakra,3.350360911981754,-0.40619424224035605,0.0,0.0,0.0,53922.66562618106,5.990068750646565,,model,
2025-08-03,Bhakra,3.396666534750213,-0.40079819187410326,0.0,0.0,0.0,57770.053704419355,10.136044468666771,,model,
2025-08-04,Bhakra,3.4523850831051264,-0.3933649009186769,0.0,0.0,0.0,60468.587938232035,9.9202267290016,,model,
2025-08-05,Bhakra,3.514705799325312,-0.38906619760274425,0.0,0.0,0.0,79844.88472054836,21.87835454191869,,model,
2025-08-06,Bhakra,3.8461975,-0.3487302901255114,0.0,0.0,0.0,68773.90352082519,4.759692768592236,,press,-0.22176541058359156
2025-08-07,Bhakra,3.9288377982226237,-0.3425918263535514,0.0,0.0,0.0,48734.342273499555,0.4046933721676231,,model,
2025-08-08,Bhakra,3.9624497959540124,-0.33884683158483475,0.0,0.0,0.0,53921.172352402864,6.992533084471422,,model,
2025-08-09,Bhakra,4.008751765315363,-0.3302675180483255,0.0,0.0,0.0,45940.48831346924,2.6928555393628,,model,
2025-08-10,Bhakra,4.035528388270308,-0.3186283940901604,0.0,0.0,0.0,47048.29556760398,5.536765811967097,,model,
2025-08-11,Bhakra,4.0650153453624,-0.30670927141970084,0.0,0.0,0.0,50624.5324671205,8.526443206030446,,model,
2025-08-12,Bhakra,4.103251836197938,-0.2942904653023694,0.0,0.0,0.0,44530.74212889601,1.2220130029736636,,model,
2025-08-13,Bhakra,4.126579408612274,-0.2854256190050616,0.0,0.0,0.0,56838.95458502316,13.81003491311786,,model,
2025-08-14,Bhakra,4.1800199526311905,-0.2794912686358394,0.0,0.0,0.0,64629.255256984616,12.513351464345057,,model,
2025-08-15,Bhakra,4.252520055766601,-0.2732125268037851,0.0,0.0,0.0,65342.13411415125,10.43777823777662,,model,
2025-08-16,Bhakra,4.3267642708808935,-0.268529216827331,0.0,0.0,0.0,66614.33198117731,9.888473722847635,,model,
2025-08-17,Bhakra,4.404121014185751,-0.26640079014307977,0.0,0.0,0.0,57565.923171891394,4.903603286030795,,model,
2025-08-18,Bhakra,4.459340141771682,-0.26254231994473687,0.0,0.0,0.0,50104.8581868938,2.933367366994076,,model,
2025-08-19,Bhakra,4.983,-0.17819598937701803,0.0,0.0,0.0,50981.68147807897,6.603944923785632,,press,-0.48669478977843283
2025-08-20,Bhakra,5.022110282871866,-0.16754391317251155,0.0,0.0,0.0,46919.69980470918,3.775531622796104,,model,
2025-08-21,Bhakra,5.051282620715198,-0.1531093325527671,0.0,0.0,0.0,40414.947455620546,0.8627837541441902,,model,
2025-08-22,Bhakra,5.064540590531399,-0.14303985291954147,0.0,0.0,0.0,44819.65143824782,6.6865017545464855,,model,
2025-08-23,Bhakra,5.088575001396877,-0.13486625200780147,0.0,0.0,0.0,50813.37294383896,9.248032480669377,,model,
2025-08-24,Bhakra,5.127273504724764,-0.12095673356920085,0.0,0.0,0.0,62116.224147552784,15.381206756650604,,model,
2025-08-25,Bhakra,5.193625287402634,-0.10335784701363993,0.0,0.0,0.0,71746.50923945793,15.111310618204367,,model,
2025-08-26,Bhakra,5.283538290083023,-0.08652512083562997,0.0,0.0,0.0,60632.92883336947,4.389469128374545,,model,
2025-08-27,Bhakra,5.346261078718385,-0.059855961922075436,0.0,0.0,0.0,55806.00714782437,5.385321445358984,,model,
2025-08-28,Bhakra,5.397174438797614,-0.030369285838537798,0.0,0.0,0.0,70409.69692140148,15.810783854041452,,model,
2025-08-29,Bhakra,5.483816829151658,-0.004059103129170618,0.0,0.0,0.0,79802.8562875027,15.94399143735138,,model,
2025-08-30,Bhakra,5.593440293506247,0.01906356780309414,0.11874696384547434,48535.98903230996,0.0,77852.20612243918,12.41387620046262,5.0,model,
2025-08-31,Bhakra,5.698291344869071,0.03151578839237725,0.19631184589611816,49879.09765385145,0.0,102895.83889363294,27.62091417052844,4.0,model,
2025-09-01,Bhakra,5.864413535741603,0.039478703664185835,0.24591284512421474,50891.47404437474,0.0,110069.25909876594,16.62321496559865,3.0,model,
2025-09-02,Bhakra,5.482,-0.046729026530244924,0.0,0.0,0.0,101981.88273971339,14.584646637039135,,press,0.5660860410659581
2025-09-03,Bhakra,5.793,-0.01982713666497384,0.0,0.0,0.0,93866.45344275408,11.062779771335864,,press,-0.14711387190335223
2025-09-04,Bhakra,5.848187500000001,-0.03161128165710634,0.0,0.0,0.0,66699.40548163195,3.696964017518938,,press,0.08884361723707634
2025-09-05,Bhakra,5.848187500000001,-0.04282581081031573,0.0,0.0,0.0,55269.599901573354,3.817346006301886,,press,0.07756488205064471
2025-09-06,Bhakra,5.848187500000001,-0.04954165830197388,0.0,0.0,0.0,46889.35201568695,2.704557085351915,,press,0.04960099922809569
2025-09-07,Bhakra,5.87728558968485,-0.04788037023914945,0.0,0.0,0.0,43357.84871379756,2.8288147857170487,,model,
2025-09-08,Bhakra,5.897743589752271,-0.04520789555525496,0.0,0.0,0.0,41306.89140922235,2.2924094866561373,,model,
2025-09-09,Bhakra,5.913183767833354,-0.04085816332868798,0.0,0.0,0.0,38147.12871975833,0.5225382611127156,,model,
2025-09-10,Bhakra,5.920893347788657,-0.036937845365536924,0.0,0.0,0.0,38171.00096329493,1.9442302168283383,,model,
2025-09-11,Bhakra,5.928661332991214,-0.030702203421653536,0.0,0.0,0.0,39225.60896241044,2.4488636950132894,,model,
2025-09-12,Bhakra,5.939009496334547,-0.025567739386017644,0.0,0.0,0.0,41800.097812389155,4.312585641323308,,model,
2025-09-13,Bhakra,5.955656341140527,-0.020459891507981935,0.0,0.0,0.0,46070.40830916274,6.42052892801199,,model,
2025-09-14,Bhakra,5.9827508231798125,-0.016223483652950958,0.0,0.0,0.0,44977.11631918764,3.404571651319402,,model,
2025-09-15,Bhakra,5.4868181818181805,-0.09809490915207902,0.0,0.0,0.0,50871.948834055336,9.584038958526856,,bbmb,0.5203523019541008
2025-09-16,Bhakra,5.52565999548663,-0.09747520049508378,0.0,0.0,0.0,48068.3414805228,3.4988337531290705,,model,
2025-09-17,Bhakra,5.557642571964606,-0.09741343570190396,0.0,0.0,0.0,48000.576540260205,6.149613489145976,,model,
2025-09-18,Bhakra,5.5894593563968895,-0.09760057902633976,0.0,0.0,0.0,45781.88359486066,3.119878259056786,,model,
2025-09-19,Bhakra,5.615847940925877,-0.09772737519382402,0.0,0.0,0.0,39236.656721286156,0.7383790665837778,,model,
2025-09-20,Bhakra,5.626223133445909,-0.09765477241672882,0.0,0.0,0.0,36573.739850617065,0.0213691806977673,,model,
2025-09-21,Bhakra,5.630083298670332,-0.09783911519572377,0.0,0.0,0.0,35153.21051767695,0.1576696708165827,,model,
2025-09-22,Bhakra,5.630468031567049,-0.09812893955223073,0.0,0.0,0.0,34519.48855170372,0.0331591473788861,,model,
2025-09-23,Bhakra,5.629302315799139,-0.09819344419222165,0.0,0.0,0.0,34673.1328735945,0.2020208773432691,,model,
2025-09-24,Bhakra,5.477139030303049,-0.12225930185793923,0.0,0.0,0.0,35180.80410739125,0.1407823709201481,,bbmb,0.1513734721688298
2025-09-25,Bhakra,5.4775912730015754,-0.12217389952547342,0.0,0.0,0.0,34526.61876175681,0.0572923546332941,,model,
2025-09-26,Bhakra,5.476443001831216,-0.12190759687442676,0.0,0.0,0.0,34258.06186086016,0.0,,model,
2025-09-27,Bhakra,5.4746376859145345,-0.12168141575081318,0.0,0.0,0.0,34831.7275777156,0.816289491491667,,model,
2025-09-28,Bhakra,5.474235886512031,-0.12160059939931635,0.0,0.0,0.0,35595.67054076005,1.3440811853573145,,model,
2025-09-29,Bhakra,5.475703131281106,-0.12167700098368212,0.0,0.0,0.0,35213.39187299215,0.4486344158186711,,model,
2025-09-30,Bhakra,5.476235102410036,-0.12144416722631357,0.0,0.0,0.0,35673.9654638999,1.1857593733251404,,model,
2026-06-24,Bhakra,1.3747745833333334,-0.7735584358058675,0.0,0.0,0.0,37268.66868109973,2.0188736726212264,,bbmb,
2026-06-25,Bhakra,1.3803349444403124,-0.7696798079156595,0.0,0.0,0.0,37949.27938350473,2.2615019122591646,,model,
2026-06-26,Bhakra,1.3875604710478342,-0.7647927086769845,0.0,0.0,0.0,37878.759314225186,1.460170688103411,,model,
2026-06-27,Bhakra,1.3946134649783863,-0.7563844338200422,0.0,0.0,0.0,37344.20616774249,0.4144671509778835,,model,
2026-06-28,Bhakra,1.4003586342529577,-0.7469727115143139,0.0,0.0,0.0,42517.56875405585,6.0850261150896605,,model,
2026-06-29,Bhakra,1.4187608259194606,-0.7371483508829815,0.0,0.0,0.0,44870.9730754876,4.424357050324048,,model,
2026-06-30,Bhakra,1.4429207990475672,-0.7296470626870395,0.0,0.0,0.0,47438.54882070788,6.144871248385279,,model,
2026-07-01,Bhakra,1.473362540205274,-0.7210030187520514,0.0,0.0,0.0,56403.48880226358,10.484765561248652,,model,
2026-07-02,Bhakra,1.5257376842891675,-0.7135166394468301,0.0,0.0,0.0,58958.27366057677,7.941342895601844,,model,
2026-07-03,Bhakra,1.5843633025315484,-0.7069956088089553,0.0,0.0,0.0,60008.85398492644,9.077402163467044,,model,
2026-07-04,Bhakra,1.645559244904118,-0.6986794237469305,0.0,0.0,0.0,54094.29384539817,3.95040625515938,,model,
2026-07-05,Bhakra,1.6922847690766403,-0.6853470210498044,0.0,0.0,0.0,57003.75867327541,8.53395003217449,,model,
2026-07-06,Bhakra,1.7461285187476812,-0.672991449452525,0.0,0.0,0.0,54056.335695907444,4.473776497850487,,model,
2026-07-07,Bhakra,1.7927611754399049,-0.6644549723917942,0.0,0.0,0.0,51598.55062573376,5.147997769899563,,model,
2026-07-08,Bhakra,1.833380675283227,-0.6579478382971573,0.0,0.0,0.0,56169.02748199745,8.947698003113189,,model,
2026-07-09,Bhakra,1.8851821920345804,-0.6548475442000629,0.0,0.0,0.0,68940.35584170894,17.582004194447492,,model,
2026-07-10,Bhakra,1.9682297284349777,-0.6529750721071076,0.0,0.0,0.0,66453.33641080942,8.295484934466167,,model,
2026-07-11,Bhakra,2.0451925839144316,-0.6518291713194946,0.0,0.0,0.0,56729.8925909599,5.121506803783291,,model,
2026-07-12,Bhakra,2.098366299525724,-0.6502223698674559,0.0,0.0,0.0,51563.16992065545,3.3949804423566774,,model,
2026-07-13,Bhakra,2.1388992378012173,-0.6486876289482364,0.0,0.0,0.0,42889.329301549624,0.7004508393862837,,model,
2026-07-14,Bhakra,2.158210969732018,-0.6448947033704809,0.0,0.0,0.0,39763.285113910366,1.6789256209282686,,model,
2026-07-15,Bhakra,2.1698745983990357,-0.6383850607915506,0.0,0.0,0.0,37913.429028652936,1.2380885352408,,model,
2026-07-26,Bhakra,2.3189995238095245,-0.5700177820429597,0.0,0.0,0.0,52791.8819275454,4.208034981437826,,bbmb,
2026-07-27,Bhakra,2.3625385988335967,-0.5596770828278367,0.0,0.0,0.0,67468.94621961354,16.957948795205972,,model,
2026-07-28,Bhakra,2.4419862204350906,-0.5504371594074411,0.0,0.0,0.0,64276.081432708226,7.960467112160934,,model,
2026-07-29,Bhakra,2.5136222571286977,-0.541742959770637,0.0,0.0,0.0,64328.69526562652,10.811324677484484,,model,
2026-07-30,Bhakra,2.5853870175392806,-0.5356372365321761,0.0,0.0,0.0,76371.56077711927,15.944134858922244,,model,
2026-07-31,Bhakra,2.6866155582086146,-0.5292859856287884,0.0,0.0,0.0,61323.4559575829,3.4030590264620075,,model,
2026-08-01,Bhakra,2.751027773619616,-0.5201859891289597,0.0,0.0,0.0,58520.87238813934,7.201763424111491,,model,
2026-08-02,Bhakra,2.8085832566052598,-0.5075122315093766,0.0,0.0,0.0,57131.455472657,6.867905747716535,,model,
2026-08-03,Bhakra,2.8627394261429124,-0.49863713533817283,0.0,0.0,0.0,50541.17481910658,4.833426891889203,,model,
2026-08-04,Bhakra,2.9007719761952853,-0.4916252922998038,0.0,0.0,0.0,51166.29012674999,6.206188458727729,,model,
2026-08-05,Bhakra,2.940333918072487,-0.48346262232203857,0.0,0.0,0.0,58164.617381096265,12.503034910415003,,model,
2026-08-06,Bhakra,2.99701779626992,-0.4708989727498456,0.0,0.0,0.0,67263.4404505295,13.979294114950925,,model,
2026-08-07,Bhakra,3.075962632482303,-0.4613860854107608,0.0,0.0,0.0,57592.01942901046,4.251991660231235,,model,
2026-08-08,Bhakra,2.7950144444444445,-0.5106564825532306,0.0,0.0,0.0,52848.16274101936,5.310792379466044,,bbmb,0.33623116208828696
2026-08-09,Bhakra,2.8800875,-0.4994292579179153,0.0,0.0,0.0,55778.17690654962,7.896873240437651,,bbmb,-0.04139628526955441
2026-08-10,Bhakra,2.8938499999999996,-0.4972036739123783,0.0,0.0,0.0,66983.10452203512,15.0952451992263,,bbmb,0.03708277129149984
2026-08-11,Bhakra,2.976898333333333,-0.4900679237503508,0.0,0.0,0.0,59215.840607129634,4.635232441420493,,bbmb,-0.004789360148143462
2026-08-12,Bhakra,3.040146,-0.48352001940377665,0.0,0.0,0.0,46982.44891735765,1.7403904548721283,,bbmb,-0.003991891431507799
2026-08-13,Bhakra,3.0870009553333357,-0.4739453507594901,0.0,0.0,0.0,46660.463640650356,3.748449818265281,,bbmb,-0.01752909704549266
2026-08-14,Bhakra,3.2122354545454552,-0.45104861560317455,0.0,0.0,0.0,55819.321260613775,12.120182807735745,,bbmb,-0.09669640222829523
2026-08-15,Bhakra,3.2122354545454552,-0.4529970404376769,0.0,0.0,0.0,51206.05416923035,4.142089867314933,,bbmb,0.050945934061989995
2026-08-16,Bhakra,3.2122354545454552,-0.45548031991111626,0.0,0.0,0.0,50035.34727116013,7.156827569368893,,bbmb,0.03965922761112628
2026-08-17,Bhakra,3.323322,-0.4397410543356363,0.0,0.0,0.0,52208.388363693906,6.78121030460259,,bbmb,-0.07429154071124255
2026-08-18,Bhakra,3.3589019999999996,-0.43612409178632633,0.0,0.0,0.0,53768.05699014142,8.211610902399878,,bbmb,0.006531513939768363
2026-08-19,Bhakra,3.4613750000000003,-0.42451273065778505,0.0,0.0,0.0,50858.61677053745,3.9456061778712055,,bbmb,-0.0565456389396064
2026-08-20,Bhakra,3.5069877777777783,-0.4222015684384541,0.0,0.0,0.0,44883.60568886493,2.897665462396528,,bbmb,-0.006803582009903053
2026-08-21,Bhakra,3.529358333333333,-0.4201982577234453,0.0,0.0,0.0,44702.72624966067,4.041204854111112,,bbmb,0.001820324215517033
2026-08-22,Bhakra,3.538138,-0.42075939625484493,0.0,0.0,0.0,46874.42665378883,6.661100159838664,,bbmb,0.014968677891755267
2026-08-23,Bhakra,3.6267333333333336,-0.4096824858790711,0.0,0.0,0.0,41446.41354644596,0.9844531370178422,,bbmb,-0.05953375967391272
2026-08-24,Bhakra,3.70453,-0.3984648356707509,0.0,0.0,0.0,38099.334364416856,0.910180737226418,,bbmb,-0.06201513713658935
2026-08-25,Bhakra,3.7424275000000002,-0.39219370318555447,0.0,0.0,0.0,40840.43067644311,3.992483930713237,,bbmb,-0.030304852545690597
2026-08-26,Bhakra,3.7424275000000002,-0.39023839281386835,0.0,0.0,0.0,39685.51000179627,2.390336304188044,,bbmb,0.014298946659306644
2026-08-27,Bhakra,3.8461975,-0.3709250964196229,0.0,0.0,0.0,38864.34961435597,2.0829997703472287,,bbmb,-0.09229665402033271
2026-08-28,Bhakra,3.8461975,-0.36450977648171845,0.0,0.0,0.0,38208.44955491802,1.5560857051840045,,bbmb,0.009464315056782358
2026-08-29,Bhakra,3.85689,-0.3571252985953701,0.0,0.0,0.0,38575.66719313676,2.3548691534095343,,bbmb,-0.0028328939889625815
2026-08-30,Bhakra,3.8705030230303117,-0.3508145983170122,0.0,0.0,0.0,45818.66579670834,8.86191172076796,,bbmb,-0.00485499132571432
2026-08-31,Bhakra,3.9192875000000003,-0.33968202051791013,0.0,0.0,0.0,46442.923755004624,5.180663722161089,,bbmb,-0.022305902005148592
2026-09-01,Bhakra,3.9192875000000003,-0.33853349112114167,0.0,0.0,0.0,55197.80310853083,13.373939563146186,,bbmb,0.028005869219422053
2026-09-02,Bhakra,3.9542550000000003,-0.33598927286808994,0.0,0.0,0.0,52638.99220392681,4.189934009520174,,bbmb,0.014457842949988642
2026-09-03,Bhakra,3.9542550000000003,-0.33970875564238456,0.0,0.0,0.0,49078.64514136759,5.359909493327155,,bbmb,0.04316501876510115
2026-09-04,Bhakra,4.07511,-0.32460250072658786,0.0,0.0,0.0,54222.39164050037,8.22594214963532,,bbmb,-0.08640063929182151
2026-09-05,Bhakra,4.07511,-0.3317495060161056,0.0,0.0,0.0,49367.088359480986,4.840397466129652,,bbmb,0.04703892510545771
2026-09-06,Bhakra,4.1291,-0.3273471797978918,0.0,0.0,0.0,47382.97616132033,4.443583850674063,,bbmb,-0.01882994116810721
2026-09-07,Bhakra,4.1291,-0.3294486606094083,0.0,0.0,0.0,43169.16069055566,2.344744917275312,,bbmb,0.030305778448248333
2026-09-08,Bhakra,4.1490963605640205,-0.32709154826494213,0.0,0.0,0.0,38141.669098185885,0.3252830952565182,,model,
2026-09-09,Bhakra,4.156792583142696,-0.32399120711180796,0.0,0.0,0.0,36026.06166025448,0.0490500430167348,,model,
2026-09-10,Bhakra,4.159312812299748,-0.3211881181910971,0.0,0.0,0.0,38507.865134151405,3.738583997838216,,model,
