date,dam,storage_bcm,hei,forced_release_bcm,peak_release_cusecs,release_day1_cusecs,inflow_day1_cusecs,rain_day1_mm,day_of_exhaustion,storage_basis,reanchor_gap_bcm
2015-06-01,Pong,2.25869,-0.6948768154311118,0.0,0.0,0.0,40618.83843871767,0.6982261726387717,,cwc,
2015-06-02,Pong,2.26234,-0.6925727880410311,0.0,0.0,0.0,41688.569441768974,3.3699512981135737,,cwc,-0.0158367880642607
2015-06-03,Pong,2.26599,-0.6903629698829272,0.0,0.0,0.0,43252.9732596491,3.023569066422558,,cwc,-0.013219610351880018
2015-06-04,Pong,2.26495,-0.6902247957087816,0.0,0.0,0.0,45244.70667830911,6.961556938965655,,cwc,-0.004702178227691256
2015-06-05,Pong,2.26286,-0.6919179972013553,0.0,0.0,0.0,47101.22514243467,3.766187327249585,,cwc,0.0012207480476544852
2015-06-06,Pong,2.26547,-0.6915509059709158,0.0,0.0,0.0,45992.210087759035,4.474225777828687,,cwc,0.0010628607218436947
2015-06-07,Pong,2.26703,-0.6899450474831512,0.0,0.0,0.0,46781.228197083605,4.313475975721081,,cwc,-0.0006004283905709507
2015-06-08,Pong,2.26964,-0.6912836334727841,0.0,0.0,0.0,44089.77134391271,0.0,,cwc,0.00027996402069785375
2015-06-09,Pong,2.27277,-0.6916666910574784,0.0,0.0,0.0,41053.771761332355,0.1854237625407301,,cwc,-0.00682488849817009
2015-06-10,Pong,2.27589,-0.6912418269437347,0.0,0.0,0.0,47128.24048231362,13.9730948471258,,cwc,-0.014242690833207394
2015-06-11,Pong,2.27798,-0.6928592476330863,0.0,0.0,0.0,50139.52055780132,0.0,,cwc,0.0016489557917465092
2015-06-12,Pong,2.28059,-0.6958085990103768,0.0,0.0,0.0,41725.879758354575,0.0924677268513855,,cwc,0.008496279985232835
2015-06-13,Pong,2.29414,-0.6945058919027279,0.0,0.0,0.0,41669.045033949835,0.3085795663669741,,cwc,-0.023028327843725105
2015-06-14,Pong,2.29935,-0.6943968782686313,0.0,0.0,0.0,41044.476887585515,2.0421291012457528,,cwc,-0.014827378290591664
2015-06-15,Pong,2.29675,-0.6930296938785084,0.0,0.0,0.0,41454.59723404832,0.3777544293744614,,cwc,-0.008545431444015428
2015-06-16,Pong,2.28632,-0.6892461546806447,0.0,0.0,0.0,40284.61475515223,0.0,,cwc,0.00028795896637223706
2015-06-17,Pong,2.26911,-0.6873238341191741,0.0,0.0,0.0,40069.17016170506,0.0,,cwc,0.0042055084447847335
2015-06-18,Pong,2.26234,-0.685336460900751,0.0,0.0,0.0,39864.363132559796,0.0,,cwc,-0.0067615930289637305
2015-06-19,Pong,2.254,-0.6834903959080284,0.0,0.0,0.0,46180.95191974125,15.411283920581775,,cwc,-0.005692668898026998
2015-06-20,Pong,2.24983,-0.6809237008466074,0.0,0.0,0.0,56991.41596077231,13.603718439817555,,cwc,0.005591342759978524
2015-06-21,Pong,2.26651,-0.6766686380531116,0.0,0.0,0.0,53046.827207543975,0.35187029959919,,cwc,0.011189959718800324
2015-06-22,Pong,2.28788,-0.6764371420468636,0.0,0.0,0.0,48758.02949449014,7.642042858522722,,cwc,-0.003150774662095124
2015-06-23,Pong,2.29414,-0.6774001796183107,0.0,0.0,0.0,48773.88314987756,0.4207116984912917,,cwc,0.0014663577333413613
2015-06-24,Pong,2.29622,-0.6792613822139857,0.0,0.0,0.0,55533.29218954744,22.05009985122526,,cwc,0.005685144898920136
2015-06-25,Pong,2.30404,-0.6802113458569298,0.0,0.0,0.0,62852.42760648811,2.1000405136069507,,cwc,0.016482549757737885
2015-06-26,Pong,2.33271,-0.6807903874096455,0.0,0.0,0.0,45001.952341422555,0.0,,cwc,0.013539367483385245
2015-06-27,Pong,2.34522,-0.6794585857905275,0.0,0.0,0.0,43329.81211530022,0.0,,cwc,-0.013973168776547862
2015-06-28,Pong,2.34418,-0.6795318382568948,0.0,0.0,0.0,42377.936394446006,4.097173118135938,,cwc,-0.004514186162507539
2015-06-29,Pong,2.3447,-0.6792675093390123,0.0,0.0,0.0,49506.40494141443,11.194861300103153,,cwc,-0.008403022023550921
2015-06-30,Pong,2.34261,-0.6819902553282663,0.0,0.0,0.0,49408.651885301806,2.6582813442138296,,cwc,0.011647314800675712
2015-07-01,Pong,2.34261,-0.6813660469295678,0.0,0.0,0.0,43857.018884645666,0.452745210433831,,cwc,0.009318154564088132
2015-07-02,Pong,2.33949,-0.6757909111122202,0.0,0.0,0.0,43536.62752351564,3.2408215620345926,,cwc,-0.0011443349731790065
2015-07-03,Pong,2.32229,-0.6739446461359085,0.0,0.0,0.0,42953.00868842202,0.6996744709080521,,cwc,0.01215180335767485
2015-07-04,Pong,2.29935,-0.6734574737943358,0.0,0.0,0.0,42247.76202152919,2.8321321525298275,,cwc,0.016463935787813355
2015-07-05,Pong,2.28162,-0.6618787319737188,0.0,0.0,0.0,51268.59004858093,20.07538665746564,,cwc,0.009528496539013442
2015-07-06,Pong,2.28371,-0.6347369779784117,0.0,0.0,0.0,61744.36358082065,10.25930768462851,,cwc,0.011778633790599624
2015-07-07,Pong,2.31551,-0.6193089918338982,0.0,0.0,0.0,56068.13170416254,5.915108590377887,,cwc,0.007698405135284858
2015-07-08,Pong,2.32437,-0.6070711937174461,0.0,0.0,0.0,53780.99493976098,5.984585406303801,,cwc,0.016751075034988627
2015-07-09,Pong,2.34418,-0.6025444590538098,0.0,0.0,0.0,83995.51350957368,52.29611864840779,,cwc,0.00020542215787777707
2015-07-10,Pong,2.36607,-0.6117295553923617,0.0,0.0,0.0,131287.9407618549,17.38586365131103,,cwc,0.07204752441131168
2015-07-11,Pong,2.49326,-0.6204399933778437,0.0,0.0,0.0,94716.98898790071,17.38324290624699,,cwc,0.082452020416389
2015-07-12,Pong,2.56207,-0.6128750132988195,0.0,0.0,0.0,88911.40458618206,7.098140785092009,,cwc,0.05135842412878766
2015-07-13,Pong,2.63504,-0.5963571723654648,0.0,0.0,0.0,59172.16126687718,0.4237434747435787,,cwc,0.03299462330392311
2015-07-14,Pong,2.69916,-0.5840502343712501,0.0,0.0,0.0,47679.71182926507,1.2872464530878227,,cwc,-0.030914682144213224
2015-07-15,Pong,2.75202,-0.5684243307780283,0.0,0.0,0.0,53346.71664511107,16.429065836136033,,cwc,-0.04777182789673118
2015-07-16,Pong,2.80551,-0.5587528048691228,0.0,0.0,0.0,89133.14537891511,50.86024848540298,,cwc,-0.034537072497775156
2015-07-17,Pong,3.02922,-0.5356516277075596,0.0,0.0,0.0,108303.84087962701,4.017718552602636,,cwc,-0.11720287109512562
2015-07-18,Pong,3.17935,-0.5303433905085947,0.0,0.0,0.0,69634.77625720356,12.144657682339393,,cwc,0.003279683708079073
2015-07-19,Pong,3.24375,-0.521826066361718,0.0,0.0,0.0,72634.11689787798,5.247484868110099,,cwc,-0.0055971041663887
2015-07-20,Pong,3.30141,-0.518376343772623,0.0,0.0,0.0,60301.508581488546,10.0337948546317,,cwc,0.008481009297855557
2015-07-21,Pong,3.36845,-0.5037369151653445,0.0,0.0,0.0,66529.1352175208,11.035426502658693,,cwc,-0.031071648621854298
2015-07-22,Pong,3.43667,-0.4811867453070689,0.0,0.0,0.0,62757.341805734264,15.505888051123458,,cwc,-0.017015289587329008
2015-07-23,Pong,3.51665,-0.4618177404018339,0.0,0.0,0.0,68691.1279102444,12.640435761033885,,cwc,-0.038003267111468286
2015-07-24,Pong,3.59075,-0.44330609583806774,0.0,0.0,0.0,59345.53384772519,2.463395855338696,,cwc,-0.017605811135656513
2015-07-25,Pong,3.67015,-0.427107648882282,0.0,0.0,0.0,76520.68260996092,40.09221369481165,,cwc,-0.045770513027642235
2015-07-26,Pong,3.72719,-0.4196825633246367,0.0,0.0,0.0,105837.4404287776,13.703354976629628,,cwc,0.01860978592520679
2015-07-27,Pong,3.81717,-0.4131055706915775,0.0,0.0,0.0,87780.09079484445,21.74833406490359,,cwc,0.05739544867949986
2015-07-28,Pong,3.88751,-0.39844535397208647,0.0,0.0,0.0,93562.58098291287,12.386713941966024,,cwc,0.032856778647694984
2015-07-29,Pong,3.99743,-0.3898246144949111,0.0,0.0,0.0,75158.1166138952,10.58232452921172,,cwc,0.007424077734198509
2015-07-30,Pong,4.04435,-0.3853994193365263,0.0,0.0,0.0,75330.80466400422,11.814227867539335,,cwc,0.025396165280035632
2015-07-31,Pong,4.10477,-0.38402202865783913,0.0,0.0,0.0,88656.80450626425,35.939689075281656,,cwc,0.012318659640440544
2015-08-01,Pong,4.16841,-0.38172149689614493,0.0,0.0,0.0,102712.38256550177,9.302458704210434,,cwc,0.04170172497450153
2015-08-02,Pong,4.26033,-0.37922058471039877,0.0,0.0,0.0,74321.47915099184,13.328260343000885,,cwc,0.04780975853278413
2015-08-03,Pong,4.3214,-0.3664886102943076,0.0,0.0,0.0,69165.93406222746,3.009724457989973,,cwc,0.009199268522806392
2015-08-04,Pong,4.37411,-0.3427140051449885,0.0,0.0,0.0,54739.238609962806,7.492217710397083,,cwc,0.004945837984660528
2015-08-05,Pong,4.43646,-0.31611625822170325,0.0,0.0,0.0,69499.77355231687,21.209749171466616,,cwc,-0.03999016231193053
2015-08-06,Pong,4.50395,-0.29772726221315216,0.0,0.0,0.0,72593.40655432729,12.60741231784294,,cwc,-0.009017398482747296
2015-08-07,Pong,4.63957,-0.2684576613110818,0.0,0.0,0.0,87297.20497767313,37.63723804936864,,cwc,-0.06957859163312641
2015-08-08,Pong,4.72689,-0.25117403201085226,0.0,0.0,0.0,118462.13166297722,25.96196058898532,,cwc,0.014695362016110103
2015-08-09,Pong,5.07753,-0.22218889042796366,0.0,0.0,0.0,108507.27994842938,16.434807769624623,,cwc,-0.1723772904768035
2015-08-10,Pong,5.17501,-0.2246595967494368,0.0,0.0,0.0,96707.50928867911,12.584795065129423,,cwc,0.05642741275881935
2015-08-11,Pong,5.26638,-0.2260968245050785,0.0,0.0,0.0,104374.72257277522,32.74868002150884,,cwc,0.03366838241959069
2015-08-12,Pong,5.25109,-0.24458874325296487,0.0,0.0,0.0,103106.10066824028,1.1964884774542095,,cwc,0.15908679894296718
2015-08-13,Pong,5.33261,-0.2531517840840242,0.0,0.0,0.0,61509.74443166963,9.452236645764522,,cwc,0.05917301961478394
2015-08-14,Pong,5.33916,-0.2575406254362666,0.0,0.0,0.0,61301.9323377007,3.991518362303169,,cwc,0.03237439166245437
2015-08-15,Pong,5.37118,-0.25760509179526936,0.0,0.0,0.0,55078.960142128344,11.412480349336157,,cwc,0.006395963675280392
2015-08-16,Pong,5.4134,-0.2512488969120602,0.0,0.0,0.0,55524.36604504241,1.552527234175335,,cwc,-0.01902900791903761
2015-08-17,Pong,5.43887,-0.24597896823084536,0.0,0.0,0.0,44270.9799133102,1.7888360499479723,,cwc,-0.0011892887291242715
2015-08-18,Pong,5.44906,-0.24210874130368124,0.0,0.0,0.0,45755.21213121675,4.715957975655941,,cwc,-0.013441548043639173
2015-08-19,Pong,5.47089,-0.2385598454385245,0.0,0.0,0.0,48022.162654626176,7.7625957228673315,,cwc,-0.021450261795392223
2015-08-20,Pong,5.49273,-0.23631307327926573,0.0,0.0,0.0,56761.58167657633,17.491500997712595,,cwc,-0.01591399608185018
2015-08-21,Pong,5.56042,-0.23169373249073105,0.0,0.0,0.0,60816.57135201253,7.601996788862666,,cwc,-0.04038234722044276
2015-08-22,Pong,5.63102,-0.22870861534586556,0.0,0.0,0.0,51637.99309703068,1.599517610350407,,cwc,-0.033371508643068815
2015-08-23,Pong,5.65431,-0.22823210013764975,0.0,0.0,0.0,47407.09280350814,3.4154789764758933,,cwc,-0.008517593744612029
2015-08-24,Pong,5.66305,-0.22790639794238227,0.0,0.0,0.0,45790.050521837526,2.4722230512603103,,cwc,-0.004318810938400475
2015-08-25,Pong,5.66619,-0.22903591282979946,0.0,0.0,0.0,42858.47301783586,0.4076938316481412,,cwc,-0.0026750270408539834
2015-08-26,Pong,5.67542,-0.22813539700687221,0.0,0.0,0.0,40854.5897558236,0.0752623975803414,,cwc,-0.015937352872025023
2015-08-27,Pong,5.68124,-0.22734202192632397,0.0,0.0,0.0,43538.425451077994,7.489034491069995,,cwc,-0.017430004656999287
2015-08-28,Pong,5.68197,-0.22820905024203128,0.0,0.0,0.0,44805.239364695764,0.0,,cwc,-0.005773797876718945
2015-08-29,Pong,5.69289,-0.22754546640346668,0.0,0.0,0.0,41141.03669924569,0.9137601819747576,,cwc,-0.012864441934900661
2015-08-30,Pong,5.69871,-0.22603117835353012,0.0,0.0,0.0,41769.097439097255,1.2538577205150718,,cwc,-0.016729190570124786
2015-08-31,Pong,5.70381,-0.2254072964570595,0.0,0.0,0.0,40839.7544637479,0.2770262042289199,,cwc,-0.014472592522884575
2015-09-01,Pong,5.69944,-0.22581445747975065,0.0,0.0,0.0,40656.586615431406,0.8898491613959644,,cwc,-0.007276300319802864
2015-09-02,Pong,5.68634,-0.22733743137973578,0.0,0.0,0.0,42319.12205352952,4.386028384461223,,cwc,0.001005565701775346
2015-09-03,Pong,5.6776,-0.2290667464158075,0.0,0.0,0.0,43274.28776256683,1.4980161605983833,,cwc,0.0007130842482352406
2015-09-04,Pong,5.67033,-0.23112792788201697,0.0,0.0,0.0,41543.51643231708,0.4611728230741217,,cwc,0.001579969313912244
2015-09-05,Pong,5.66159,-0.23286551303653674,0.0,0.0,0.0,41412.71700607841,1.511266292491237,,cwc,-0.0011844934976146249
2015-09-06,Pong,5.64339,-0.23589411798932688,0.0,0.0,0.0,41473.04220076668,1.1147637153872287,,cwc,0.00795549582477939
2015-09-07,Pong,5.62665,-0.23874284636995033,0.0,0.0,0.0,40738.665394425996,0.0045893385340593,,cwc,0.006643085970884144
2015-09-08,Pong,5.60919,-0.24144387813389168,0.0,0.0,0.0,40104.13718095985,0.0,,cwc,0.005566377635272346
2015-09-09,Pong,5.59026,-0.24352834941148035,0.0,0.0,0.0,39938.41750798824,0.0,,cwc,0.005483956425245573
2015-09-10,Pong,5.5677,-0.24549057651663395,0.0,0.0,0.0,39827.427676715,0.0,,cwc,0.008708510725935703
2015-09-11,Pong,5.54295,-0.24819451731443004,0.0,0.0,0.0,39826.974127344176,0.0,,cwc,0.010626965718938841
2015-09-12,Pong,5.51675,-0.2508234501819248,0.0,0.0,0.0,39826.974127344176,0.0,,cwc,0.012075856076140035
2015-09-13,Pong,5.49055,-0.2534992806022953,0.0,0.0,0.0,41630.4355996506,4.5457254516309575,,cwc,0.012075856076140035
2015-09-14,Pong,5.46435,-0.2574663856805669,0.0,0.0,0.0,43312.67031552937,2.034202080544567,,cwc,0.016488160811624297
2015-09-15,Pong,5.43815,-0.2606213885716092,0.0,0.0,0.0,41886.74343879447,0.78602411493251,,cwc,0.02060387512936579
2015-09-16,Pong,5.40758,-0.26209411421091483,0.0,0.0,0.0,42702.454268868,3.809350365247923,,cwc,0.02148523730300589
2015-09-17,Pong,5.37919,-0.264459648279666,0.0,0.0,0.0,42562.714802785995,0.0,,cwc,0.021300935472102545
2015-09-18,Pong,5.34425,-0.26328206300823664,0.0,0.0,0.0,40518.5974528381,0.3212380387148659,,cwc,0.027509052311639692
2015-09-19,Pong,5.31223,-0.25372472590368833,0.0,0.0,0.0,44620.632757205516,9.514973550444177,,cwc,0.019587964791024426
2015-09-20,Pong,5.27948,-0.25433309229088913,0.0,0.0,0.0,49993.515422821925,7.816459053864281,,cwc,0.030353904053666447
2015-09-21,Pong,5.25837,-0.25781197485116825,0.0,0.0,0.0,47257.90593234973,0.8319660814154229,,cwc,0.031859067392467466
2015-09-22,Pong,5.23799,-0.2612151358269791,0.0,0.0,0.0,60352.72202651874,34.429365358165526,,cwc,0.024436192110907307
2015-09-23,Pong,5.25546,-0.2641522168363604,0.0,0.0,0.0,82084.03681855618,8.694188911615996,,cwc,0.01862364894035906
2015-09-24,Pong,5.31296,-0.27020612746482614,0.0,0.0,0.0,56193.955759154276,0.0,,cwc,0.03176095228318143
2015-09-25,Pong,5.33261,-0.2728430236801149,0.0,0.0,0.0,48255.96275571995,1.1210569373660515,,cwc,0.006268913090972994
2015-09-26,Pong,5.33843,-0.27487275027683417,0.0,0.0,0.0,45447.60274276746,4.593657417772446,,cwc,0.0006780135280326505
2015-09-27,Pong,5.33334,-0.2774572897173152,0.0,0.0,0.0,44460.58224398516,0.021504917535005,,cwc,0.004717148597245924
2015-09-28,Pong,5.3297,-0.2795116754931492,0.0,0.0,0.0,40543.11294787407,0.0,,cwc,0.0008523283819696914
2015-09-29,Pong,5.32169,-0.2808507821770348,0.0,0.0,0.0,40305.227744939286,0.0,,cwc,-0.0043620561983344075
2015-09-30,Pong,5.31878,-0.2814104644274297,0.0,0.0,0.0,39829.201960373735,0.0,,cwc,-0.010044060318482373
2016-06-01,Pong,0.47649,-0.9444622267626094,0.0,0.0,0.0,40096.69772958948,0.0,,cwc,
2016-06-02,Pong,0.4630257552454504,-0.9447348322863401,0.0,0.0,0.0,39917.22324616352,0.0,,model,
2016-06-03,Pong,0.44076,-0.9464931334580198,0.0,0.0,0.0,40100.68518590677,0.6637022750684223,,cwc,0.008362412608700909
2016-06-04,Pong,0.41676,-0.9481958978809294,0.0,0.0,0.0,40336.35229913038,0.3557402489787863,,cwc,0.010545510858565255
2016-06-05,Pong,0.3865,-0.9508980744058207,0.0,0.0,0.0,42218.69088083688,5.280812334672401,,cwc,0.017382088254668193
2016-06-06,Pong,0.36334,-0.9542024402339717,0.0,0.0,0.0,44787.72413481683,3.953465766189412,,cwc,0.014887371797114357
2016-06-07,Pong,0.34255,-0.9580188597092774,0.0,0.0,0.0,43778.84105767726,1.7684499853983375,,cwc,0.018802705732003322
2016-06-08,Pong,0.3283,-0.9608859077367664,0.0,0.0,0.0,44836.63024105555,5.91103327865312,,cwc,0.00979439706715568
2016-06-09,Pong,0.32137,-0.9625558746738402,0.0,0.0,0.0,44653.052493716976,0.115525089519101,,cwc,0.005062358215555007
2016-06-10,Pong,0.32671,-0.9617528927403989,0.0,0.0,0.0,41839.04722384449,1.8955354015549155,,cwc,-0.007656778611790482
2016-06-11,Pong,0.33166,-0.955867509617327,0.0,0.0,0.0,41913.62609694031,0.3016552106026295,,cwc,-0.014151455090105958
2016-06-12,Pong,0.32711,-0.9483480977337467,0.0,0.0,0.0,41060.43731474162,1.7589742372282808,,cwc,-0.004468992242975145
2016-06-13,Pong,0.32454,-0.9463927171186883,0.0,0.0,0.0,42693.20206005825,3.309825079740724,,cwc,-0.008536383053239005
2016-06-14,Pong,0.33087,-0.944499419184962,0.0,0.0,0.0,44863.03509397709,6.341906433757263,,cwc,-0.01344170075571316
2016-06-15,Pong,0.32652,-0.9448581377313561,0.0,0.0,0.0,57352.340094055064,26.354306991503872,,cwc,0.0025469596829966745
2016-06-16,Pong,0.3281,-0.9484396170941725,0.0,0.0,0.0,66178.77202276673,3.032052112015115,,cwc,0.027172987877087773
2016-06-17,Pong,0.3574,-0.9519350290044228,0.0,0.0,0.0,47937.28389909767,0.0005806730754035,,cwc,0.021047520388324914
2016-06-18,Pong,0.37522,-0.9500896477960717,0.0,0.0,0.0,45747.32477066015,2.07377480694565,,cwc,-0.012101658369462698
2016-06-19,Pong,0.38709,-0.948752966104634,0.0,0.0,0.0,45572.16578072176,5.450668770352157,,cwc,-0.011509558818849297
2016-06-20,Pong,0.39638,-0.9489119481825072,0.0,0.0,0.0,46034.8949388024,1.8917596539540389,,cwc,-0.009358098520215574
2016-06-21,Pong,0.41201,-0.9480289199311015,0.0,0.0,0.0,43787.65766482554,3.869396194676801,,cwc,-0.014565996677843085
2016-06-22,Pong,0.42876,-0.9450679011825724,0.0,0.0,0.0,46152.27014832011,6.102475870516765,,cwc,-0.02118403243740058
2016-06-23,Pong,0.43713,-0.941740891478889,0.0,0.0,0.0,44878.52246725896,0.0,,cwc,-0.007018829360583512
2016-06-24,Pong,0.45304,-0.9371805538798362,0.0,0.0,0.0,41301.30671540227,0.4284686182635538,,cwc,-0.017675149288267078
2016-06-25,Pong,0.46421,-0.9333842596473649,0.0,0.0,0.0,42277.51084168063,3.1132650503466444,,cwc,-0.021687077867911686
2016-06-26,Pong,0.47621,-0.9261588045547117,0.0,0.0,0.0,45764.227195071384,7.956928307034878,,cwc,-0.020128720725095195
2016-06-27,Pong,0.48514,-0.9190466647269279,0.0,0.0,0.0,52644.569463888234,13.4822971493114,,cwc,-0.008528205760624297
2016-06-28,Pong,0.50831,-0.9110345520837345,0.0,0.0,0.0,51963.87943840736,0.7760615241577947,,cwc,-0.005934928620731306
2016-06-29,Pong,0.52841,-0.9001521795184368,0.0,0.0,0.0,48047.464619556675,8.245846469908932,,cwc,-0.0045302881911717385
2016-06-30,Pong,0.53818,-0.8927455731085858,0.0,0.0,0.0,58902.20395587543,16.567600428638954,,cwc,-0.003782092913196755
2016-07-01,Pong,0.55492,-0.8883325783080291,0.0,0.0,0.0,63306.09277229651,8.897425688379235,,cwc,0.015804846900347336
2016-07-02,Pong,0.6102,-0.8810909593112274,0.0,0.0,0.0,67047.68128808329,20.394187151417395,,cwc,-0.011960706416081046
2016-07-03,Pong,0.64731,-0.8837850408593083,0.0,0.0,0.0,76174.24813467966,14.68923380409256,,cwc,0.015363372548149012
2016-07-04,Pong,0.74961,-0.8791861456481261,0.0,0.0,0.0,66123.40787349505,4.170885148656155,,cwc,-0.027497792190151693
2016-07-05,Pong,0.77585,-0.8817081241415089,0.0,0.0,0.0,65209.277581348244,16.985859126236154,,cwc,0.023972067814616582
2016-07-06,Pong,0.7924,-0.8861146318615045,0.0,0.0,0.0,62288.91694143266,0.0,,cwc,0.03142557899640497
2016-07-07,Pong,0.81052,-0.8871817130009912,0.0,0.0,0.0,43852.05400048231,0.0,,cwc,0.022710696070604164
2016-07-08,Pong,0.81458,-0.8825510894254112,0.0,0.0,0.0,48063.914883124366,9.075328179092317,,cwc,-0.008336481937359808
2016-07-09,Pong,0.81333,-0.8819436166206192,0.0,0.0,0.0,47883.53651618111,1.354090029595416,,cwc,0.0072781538993657025
2016-07-10,Pong,0.8227,-0.8759046140936189,0.0,0.0,0.0,45314.75956112071,5.442344654394454,,cwc,-0.0037831554021435787
2016-07-11,Pong,0.82926,-0.8623328983341189,0.0,0.0,0.0,51703.091560328925,13.937144245486532,,cwc,-0.007257862282363692
2016-07-12,Pong,0.84206,-0.8533767432509993,0.0,0.0,0.0,55990.34497621333,6.914182584425494,,cwc,0.0021316745637459666
2016-07-13,Pong,0.8861,-0.8422379997819295,0.0,0.0,0.0,50384.904626222786,2.4933891982830345,,cwc,-0.018619236071380607
2016-07-14,Pong,0.91702,-0.8344245992678944,0.0,0.0,0.0,62047.95849157427,29.173276798635182,,cwc,-0.019213369353699994
2016-07-15,Pong,0.94701,-0.8338968650921802,0.0,0.0,0.0,83072.76300999214,14.465017532028613,,cwc,0.010251173019687143
2016-07-16,Pong,1.00982,-0.8375674032951627,0.0,0.0,0.0,73157.72052179312,12.71922063744514,,cwc,0.0288699456043926
2016-07-17,Pong,1.08404,-0.8341237950554831,0.0,0.0,0.0,71179.51007562305,10.411085739998722,,cwc,-0.00679795488031254
2016-07-18,Pong,1.1449,-0.8307896378743747,0.0,0.0,0.0,61028.22597989642,4.412613528460439,,cwc,0.001722203818138368
2016-07-19,Pong,1.1945,-0.8274221192989397,0.0,0.0,0.0,51362.48511364979,1.8520859009597888,,cwc,-0.011853679606384615
2016-07-20,Pong,1.22018,-0.8232278444907705,0.0,0.0,0.0,46463.133823311415,3.665156503974259,,cwc,-0.011581644839355532
2016-07-21,Pong,1.24093,-0.8187811677671273,0.0,0.0,0.0,53082.27424256607,15.274126209737773,,cwc,-0.01863827789535022
2016-07-22,Pong,1.26661,-0.810658706383962,0.0,0.0,0.0,56238.62904857947,4.1958365344817565,,cwc,-0.007374050813048205
2016-07-23,Pong,1.30882,-0.7973364776095617,0.0,0.0,0.0,50789.10230735916,8.286715598643413,,cwc,-0.016181790331580403
2016-07-24,Pong,1.32747,-0.7916052802882302,0.0,0.0,0.0,53363.757202084205,6.244676253609917,,cwc,-0.00595446919146414
2016-07-25,Pong,1.34811,-0.784939119162439,0.0,0.0,0.0,51231.54301328454,6.297979336096383,,cwc,-0.0016453814878023554
2016-07-26,Pong,1.35869,-0.7769930332427074,0.0,0.0,0.0,66788.2656820224,29.02797527217561,,cwc,0.003197995420008093
2016-07-27,Pong,1.3828,-0.7699219568362046,0.0,0.0,0.0,78681.85499566997,9.852817456970024,,cwc,0.027728692670226707
2016-07-28,Pong,1.54401,-0.7399073633326501,0.0,0.0,0.0,60243.30800911648,3.9543420831635134,,cwc,-0.08027274256620243
2016-07-29,Pong,1.60113,-0.7208281958813413,0.0,0.0,0.0,64790.46939083319,18.37872634818241,,cwc,-0.021294040718956575
2016-07-30,Pong,1.6608,-0.7134090877457363,0.0,0.0,0.0,70583.88487780812,8.805414151010888,,cwc,-0.012719066880784835
2016-07-31,Pong,1.77075,-0.7048409843674027,0.0,0.0,0.0,78003.1848588795,27.55919607402007,,cwc,-0.048825038225148276
2016-08-01,Pong,1.84947,-0.6905390159196247,0.0,0.0,0.0,102223.4892385616,30.606284166832182,,cwc,0.0005568396736317371
2016-08-02,Pong,1.96322,-0.6578408413779396,0.0,0.0,0.0,93746.10781808558,5.039529960724501,,cwc,0.02478364407471023
2016-08-03,Pong,2.09244,-0.632056216762841,0.0,0.0,0.0,62507.808754581594,2.025474416602327,,cwc,-0.011426909998915491
2016-08-04,Pong,2.18936,-0.6108983932443448,0.0,0.0,0.0,51173.68254077149,1.6709026520073642,,cwc,-0.055553768572224715
2016-08-05,Pong,2.21543,-0.5958895836336743,0.0,0.0,0.0,88442.81752453373,54.821128052178295,,cwc,-0.01243356459709588
2016-08-06,Pong,2.2613,-0.5865707166684606,0.0,0.0,0.0,153159.86544636462,38.036106402110256,,cwc,0.05894818965793425
2016-08-07,Pong,2.70698,-0.5372074418391721,0.0,0.0,0.0,117759.22834115953,8.467729854237936,,cwc,-0.18252666351640512
2016-08-08,Pong,2.93537,-0.5058296521264161,0.0,0.0,0.0,85936.69226243961,8.811536366883601,,cwc,-0.05184699655484648
2016-08-09,Pong,3.03036,-0.49972527860850535,0.0,0.0,0.0,85239.34718514374,17.55488909148918,,cwc,0.0036967648776125017
2016-08-10,Pong,3.13678,-0.4926394709039016,0.0,0.0,0.0,97461.35783347771,19.328683000677376,,cwc,-0.009439342535308537
2016-08-11,Pong,3.22138,-0.4953883354626311,0.0,0.0,0.0,118081.55909664712,46.38347708876454,,cwc,0.04228272983434245
2016-08-12,Pong,3.54017,-0.4739075819983534,0.0,0.0,0.0,117903.95594077803,3.008571110067382,,cwc,-0.14145839001089255
2016-08-13,Pong,3.67015,-0.47933783073316405,0.0,0.0,0.0,65300.04478744583,4.809307458983736,,cwc,0.04691709045114534
2016-08-14,Pong,3.75483,-0.4724891642409003,0.0,0.0,0.0,62855.218506560755,5.093037219384746,,cwc,-0.03648235217681872
2016-08-15,Pong,3.81541,-0.4690945282854005,0.0,0.0,0.0,54691.69031860588,7.647929196571029,,cwc,-0.018363804368747072
2016-08-16,Pong,3.85775,-0.46401757658850146,0.0,0.0,0.0,51786.73017116926,1.6732651105242942,,cwc,-0.020096492798795662
2016-08-17,Pong,3.88687,-0.46150568183719887,0.0,0.0,0.0,48596.26029848645,10.828222428549807,,cwc,-0.013983697256308325
2016-08-18,Pong,3.91644,-0.45620015208877013,0.0,0.0,0.0,51095.201885853836,2.2020128022344383,,cwc,-0.02223942282562419
2016-08-19,Pong,3.93829,-0.4514443073682544,0.0,0.0,0.0,48208.99025107139,8.497090982294692,,cwc,-0.008405573448215797
2016-08-20,Pong,3.9595,-0.44582005601594776,0.0,0.0,0.0,52513.534757743946,6.68043321300129,,cwc,-0.014826908253152915
2016-08-21,Pong,3.97557,-0.440645774409625,0.0,0.0,0.0,47369.009540114705,1.089040295972655,,cwc,0.0008444850715978447
2016-08-22,Pong,3.99228,-0.432553672456579,0.0,0.0,0.0,52318.7334845751,16.1519035252969,,cwc,-0.01238198451931316
2016-08-23,Pong,3.99999,-0.4178954036948501,0.0,0.0,0.0,56335.22320294928,2.9356145292499822,,cwc,0.008727889040420767
2016-08-24,Pong,4.02378,-0.4098068209947195,0.0,0.0,0.0,56298.17122662793,18.06459412086576,,cwc,0.0024745345643433225
2016-08-25,Pong,4.049953884105162,-0.4055995121220796,0.0,0.0,0.0,61362.84781062844,2.3758400452123323,,model,
2016-08-26,Pong,4.06621,-0.4062724490334673,0.0,0.0,0.0,64650.88882425539,29.23476998305572,,cwc,0.02230888208685311
2016-08-27,Pong,4.08806,-0.40880518260444476,0.0,0.0,0.0,92844.26700157225,18.74362633945396,,cwc,0.024759438718391813
2016-08-28,Pong,4.22048,-0.4046110114319257,0.0,0.0,0.0,70712.77551191018,2.762478320098369,,cwc,-0.01683333168657608
2016-08-29,Pong,4.29697,-0.40113076123943064,0.0,0.0,0.0,58136.4130845446,5.952263147770777,,cwc,-0.015049697551703822
2016-08-30,Pong,4.34454,-0.3997019971978509,0.0,0.0,0.0,52713.2779997327,3.365354171819559,,cwc,-0.016898718318455686
2016-08-31,Pong,4.39532,-0.396002294218621,0.0,0.0,0.0,48173.3155869318,3.9386994516306895,,cwc,-0.033376827997163794
2016-09-01,Pong,4.43774,-0.39188668216097783,0.0,0.0,0.0,51216.90244394446,10.760593255263366,,cwc,-0.036124189014032915
2016-09-02,Pong,4.48659,-0.38837098585704205,0.0,0.0,0.0,49818.68287303216,1.204028591807425,,cwc,-0.035107823838912644
2016-09-03,Pong,4.53667,-0.3846740334553786,0.0,0.0,0.0,42950.16216150191,0.2872249722658384,,cwc,-0.039758673648414344
2016-09-04,Pong,4.56511,-0.38143314373145715,0.0,0.0,0.0,42981.64910123763,2.773195919824547,,cwc,-0.034923028455339455
2016-09-05,Pong,4.58812,-0.3780647684400654,0.0,0.0,0.0,43097.98156654065,2.194994367686164,,cwc,-0.0294159932785778
2016-09-06,Pong,4.60301,-0.37509773588441686,0.0,0.0,0.0,41725.851171665236,0.0003815345857065,,cwc,-0.02101137711381451
2016-09-07,Pong,4.60099,-0.37405614578373914,0.0,0.0,0.0,40364.97234528913,0.0073087359764806,,cwc,-0.007458397783220327
2016-09-08,Pong,4.59151,-0.3741538432811601,0.0,0.0,0.0,40982.54913546193,2.149418555506823,,cwc,-0.0033278906402873787
2016-09-09,Pong,4.57999,-0.3744336326711176,0.0,0.0,0.0,43613.33034118832,5.64647776953449,,cwc,0.0002230576320485511
2016-09-10,Pong,4.56781,-0.3755071250655726,0.0,0.0,0.0,45852.716585019836,4.885365987727874,,cwc,0.007319462595667403
2016-09-11,Pong,4.59218,-0.37386014000996887,0.0,0.0,0.0,45655.094988162164,3.629647951878047,,cwc,-0.02375170978313612
2016-09-12,Pong,4.59218,-0.375392084534859,0.0,0.0,0.0,43948.669263928205,0.7175421250078927,,cwc,0.0001347940507194778
2016-09-13,Pong,4.59218,-0.37655290869327934,0.0,0.0,0.0,44857.489913178186,6.878573231494137,,cwc,-0.004040105396486915
2016-09-14,Pong,4.59218,-0.3781680185211258,0.0,0.0,0.0,45393.058930540574,0.0188887700881593,,cwc,-0.0018166070207419338
2016-09-15,Pong,4.59167370304009,-0.3791481116472301,0.0,0.0,0.0,40799.33535297793,0.0,,model,
2016-09-16,Pong,4.56172,-0.3818077076649997,0.0,0.0,0.0,41090.39817887406,1.0455482868442292,,cwc,0.01820851431230519
2016-09-17,Pong,4.54141,-0.3835355112812237,0.0,0.0,0.0,40489.790534317515,0.046258672231793,,cwc,0.0092769184642707
2016-09-18,Pong,4.52111,-0.38463349420146425,0.0,0.0,0.0,40044.987529418795,0.1585540590527215,,cwc,0.007797486488628991
2016-09-19,Pong,4.50138,-0.38614489582627576,0.0,0.0,0.0,42679.64100994206,6.56939764038148,,cwc,0.006139242334256778
2016-09-20,Pong,4.48209,-0.3891240789617643,0.0,0.0,0.0,45117.71746456704,2.898284221624325,,cwc,0.01214512111070043
2016-09-21,Pong,4.46795,-0.3922018875723705,0.0,0.0,0.0,44243.504017670835,3.8589481696965047,,cwc,0.012960059342764119
2016-09-22,Pong,4.44931,-0.39598464912985226,0.0,0.0,0.0,45515.470012646605,4.234613802329974,,cwc,0.01532123010199804
2016-09-23,Pong,4.43389,-0.399462056906148,0.0,0.0,0.0,43605.83492322765,0.0,,cwc,0.015213191000075454
2016-09-24,Pong,4.4191,-0.4021557960117877,0.0,0.0,0.0,41687.133313979335,1.6531428076461656,,cwc,0.009911124489380363
2016-09-25,Pong,4.39982,-0.4052750541963022,0.0,0.0,0.0,41726.35487761774,0.7254904893386077,,cwc,0.009706876052988811
2016-09-26,Pong,4.37603,-0.40906671689891466,0.0,0.0,0.0,40590.91631389048,0.2452211593593958,,cwc,0.014312834571445165
2016-09-27,Pong,4.35611,-0.4120485246976635,0.0,0.0,0.0,41456.61202754867,2.7859462543747315,,cwc,0.007664898347957028
2016-09-28,Pong,4.33811,-0.4148705498328041,0.0,0.0,0.0,41624.55210981394,0.1616436175657908,,cwc,0.007862888310879335
2016-09-29,Pong,4.31818,-0.4179291216374875,0.0,0.0,0.0,40273.16014997704,0.0470834549241675,,cwc,0.010203766409267345
2016-09-30,Pong,4.29633,-0.42066775207981333,0.0,0.0,0.0,40152.22768213769,0.0,,cwc,0.00881748388787873
2017-06-01,Pong,0.79709,-0.8988661731728899,0.0,0.0,0.0,43690.42317203883,0.0,,cwc,
2017-06-02,Pong,0.78616,-0.8967959551742529,0.0,0.0,0.0,42214.94359025151,0.0,,cwc,0.006258076030363546
2017-06-03,Pong,0.78459,-0.8898436494821035,0.0,0.0,0.0,40021.417320485496,0.0,,cwc,-0.0067117962323939295
2017-06-04,Pong,0.78147,-0.8878740488401098,0.0,0.0,0.0,39826.974127344176,0.0,,cwc,-0.010528423962522293
2017-06-05,Pong,0.78397,-0.8850121735476817,0.0,0.0,0.0,41737.00964980313,4.697574863449262,,cwc,-0.016624143923860246
2017-06-06,Pong,0.79022,-0.8840155875420435,0.0,0.0,0.0,54326.46883079918,27.607405815885578,,cwc,-0.015701097723482715
2017-06-07,Pong,0.79646,-0.8874788197322379,0.0,0.0,0.0,63572.26835826679,0.7501924685795739,,cwc,0.015109965240427181
2017-06-08,Pong,0.80021,-0.894731559529306,0.0,0.0,0.0,47165.438976359925,2.9004378288678017,,cwc,0.040220512263375974
2017-06-09,Pong,0.79646,-0.8973275285813743,0.0,0.0,0.0,47332.59598120799,1.2443646912866615,,cwc,0.007579964717611132
2017-06-10,Pong,0.78085,-0.9016383842133995,0.0,0.0,0.0,42151.921007415054,1.0575720135545716,,cwc,0.019848926957939494
2017-06-11,Pong,0.75898,-0.9052023771839837,0.0,0.0,0.0,41456.65873079896,0.2214207674509302,,cwc,0.01343401425762114
2017-06-12,Pong,0.73556,-0.9080419725776907,0.0,0.0,0.0,40428.70623788024,0.5135020792249214,,cwc,0.013283002573909575
2017-06-13,Pong,0.71682,-0.9094599760335546,0.0,0.0,0.0,40963.04951113962,1.6087518239426617,,cwc,0.006088039142748691
2017-06-14,Pong,0.71682,-0.9073405736208825,0.0,0.0,0.0,40867.99382075603,0.0808687248076325,,cwc,-0.011344649671966356
2017-06-15,Pong,0.7052427894004759,-0.9046519032226534,0.0,0.0,0.0,40471.40525018088,0.8971291996591564,,model,
2017-06-16,Pong,0.65122,-0.9080290680335614,0.0,0.0,0.0,42568.15090802706,4.937992520012012,,cwc,0.04147529490253843
2017-06-17,Pong,0.62582,-0.9060796693942871,0.0,0.0,0.0,43863.20259833019,2.0745565885057,,cwc,0.01798235215378463
2017-06-18,Pong,0.60265,-0.9045396433356356,0.0,0.0,0.0,47278.17990492153,11.979135578572231,,cwc,0.01892079394950197
2017-06-19,Pong,0.58702,-0.9076477259224697,0.0,0.0,0.0,53611.363981280076,8.33999756909793,,cwc,0.019735793916412447
2017-06-20,Pong,0.58674,-0.911497765804896,0.0,0.0,0.0,52489.53319331834,7.081916781329068,,cwc,0.019880407203090256
2017-06-21,Pong,0.58842,-0.9134235741164114,0.0,0.0,0.0,58758.58334833188,16.076857498540022,,cwc,0.01517576343101934
2017-06-22,Pong,0.64089,-0.9074869969031999,0.0,0.0,0.0,57922.35970473926,0.7043952037053804,,cwc,-0.020276531765905492
2017-06-23,Pong,0.65708,-0.9037133468513594,0.0,0.0,0.0,44405.625214834035,0.0,,cwc,0.013957583917071026
2017-06-24,Pong,0.65653,-0.8919981255652638,0.0,0.0,0.0,42253.94205599257,0.0,,cwc,-0.002372128141607144
2017-06-25,Pong,0.65401,-0.8807316803653346,0.0,0.0,0.0,46064.576228655314,11.169919579586647,,cwc,-0.00566638353979787
2017-06-26,Pong,0.6568,-0.8742610996684986,0.0,0.0,0.0,55001.35127249787,11.215800963840094,,cwc,-0.0016533791599286918
2017-06-27,Pong,0.67403,-0.8732406081282135,0.0,0.0,0.0,62549.19777581856,23.672209837320946,,cwc,0.0057711161184074156
2017-06-28,Pong,0.71432,-0.8713382733856222,0.0,0.0,0.0,79537.9812673653,19.78131556188928,,cwc,0.0011774927949878
2017-06-29,Pong,0.77617,-0.870645125394758,0.0,0.0,0.0,76854.29832191562,9.709791780922563,,cwc,0.02118183503402915
2017-06-30,Pong,0.83925,-0.8709345966195355,0.0,0.0,0.0,64204.434350216325,3.815066344004103,,cwc,0.01338600196768569
2017-07-01,Pong,0.89235,-0.8695163798463814,0.0,0.0,0.0,50999.58779164603,1.02707985853823,,cwc,-0.0075828458799925835
2017-07-02,Pong,0.9417,-0.8636071435482732,0.0,0.0,0.0,51749.62129244357,10.814034973865416,,cwc,-0.03613950055291504
2017-07-03,Pong,0.98695,-0.8588391621902091,0.0,0.0,0.0,56323.10394631369,8.212900595899344,,cwc,-0.030204486931521446
2017-07-04,Pong,1.03166,-0.8575421112743699,0.0,0.0,0.0,50208.7915656527,2.8472778851129434,,cwc,-0.018475116112571133
2017-07-05,Pong,1.06469,-0.8526739525894769,0.0,0.0,0.0,46726.453831076346,3.616781487397311,,cwc,-0.021754243260942552
2017-07-06,Pong,1.08615,-0.8435328813527043,0.0,0.0,0.0,48436.14052830623,7.600851346735095,,cwc,-0.01870404560369887
2017-07-07,Pong,1.10268,-0.8338303794935613,0.0,0.0,0.0,47461.41694134538,0.6465055467610823,,cwc,-0.009591167939706269
2017-07-08,Pong,1.13645,-0.8177712475697287,0.0,0.0,0.0,41913.371580733394,0.1665060241027458,,cwc,-0.029215902831233986
2017-07-09,Pong,1.16213,-0.8059144103618866,0.0,0.0,0.0,51213.819518843615,20.92087558486864,,cwc,-0.034699614936103185
2017-07-10,Pong,1.18499,-0.7999714135566687,0.0,0.0,0.0,65192.43147001227,13.184679484189784,,cwc,-0.009125366448072603
2017-07-11,Pong,1.22651,-0.7920029590686914,0.0,0.0,0.0,70590.06038243226,22.725086944383342,,cwc,0.006414363712372806
2017-07-12,Pong,1.28631,-0.7806638555750465,0.0,0.0,0.0,81509.44455132181,15.238807069794444,,cwc,0.0013400706134465423
2017-07-13,Pong,1.38323,-0.7575136653044892,0.0,0.0,0.0,66746.5893228574,1.7299020679457322,,cwc,-0.009064831106495363
2017-07-14,Pong,1.49535,-0.7161155630008802,0.0,0.0,0.0,59578.34631519421,11.035119521648484,,cwc,-0.060383271690933604
2017-07-15,Pong,1.55755,-0.7029486533722954,0.0,0.0,0.0,71965.17684773049,20.787696139010727,,cwc,-0.028000919738033758
2017-07-16,Pong,1.61425,-0.6973834192407432,0.0,0.0,0.0,79934.57643887127,15.494865503013116,,cwc,0.007804396929726787
2017-07-17,Pong,1.7031,-0.6901407025300804,0.0,0.0,0.0,110874.93347034356,58.840875777277766,,cwc,-0.004847864917881584
2017-07-18,Pong,1.77348,-0.6886278625143625,0.0,0.0,0.0,144272.16017162648,7.302702349202597,,cwc,0.08932005596586756
2017-07-19,Pong,1.99006,-0.6793950600715055,0.0,0.0,0.0,73388.16766072912,1.286117759231969,,cwc,0.024828894102375765
2017-07-20,Pong,2.08653,-0.664606160656497,0.0,0.0,0.0,65372.515848428746,6.370154603546164,,cwc,-0.02848414854565018
2017-07-21,Pong,2.14932,-0.6523979367002832,0.0,0.0,0.0,65199.451972816096,15.448667235542596,,cwc,-0.014415046251257557
2017-07-22,Pong,2.19709,-0.6446993760052997,0.0,0.0,0.0,86615.96611762968,25.391494716174368,,cwc,0.0001815399028499698
2017-07-23,Pong,2.28163,-0.6420334971702302,0.0,0.0,0.0,83259.17797978141,17.702519907273953,,cwc,0.01580865968045142
2017-07-24,Pong,2.38744,-0.6306497721361312,0.0,0.0,0.0,78023.65776690847,12.369126948455875,,cwc,-0.013673976089196849
2017-07-25,Pong,2.49795,-0.614588787988578,0.0,0.0,0.0,76084.61206327088,13.285978161489242,,cwc,-0.03118307181023816
2017-07-26,Pong,2.5777,-0.603228627827124,0.0,0.0,0.0,68613.41050829891,5.34830219131413,,cwc,-0.005167093610459528
2017-07-27,Pong,2.66579,-0.580101639996484,0.0,0.0,0.0,60004.99822383491,9.549370360636557,,cwc,-0.031785952630719816
2017-07-28,Pong,2.73674,-0.5564562925603296,0.0,0.0,0.0,73930.77422664952,26.77103499888329,,cwc,-0.035707083611891566
2017-07-29,Pong,2.78094,-0.5442006246789057,0.0,0.0,0.0,80710.91361217476,9.371368963286075,,cwc,0.02511337940938496
2017-07-30,Pong,2.89119,-0.5220754977477555,0.0,0.0,0.0,77337.61550417301,24.54136990438123,,cwc,-0.02434849737457645
2017-07-31,Pong,2.98561,-0.497899114292675,0.0,0.0,0.0,101518.88993722333,27.92574784677296,,cwc,-0.01677152603345977
2017-08-01,Pong,3.20278,-0.464864868954458,0.0,0.0,0.0,101460.73131742147,13.726526275185009,,cwc,-0.08036021134535476
2017-08-02,Pong,3.43549,-0.4269896748014404,0.0,0.0,0.0,92382.61354864055,18.315108691232755,,cwc,-0.09604250080232424
2017-08-03,Pong,3.59075,-0.3985053163771205,0.0,0.0,0.0,101573.61512202561,26.80108185249771,,cwc,-0.04080280173503548
2017-08-04,Pong,3.7019,-0.38132285068641786,0.0,0.0,0.0,110782.66302637472,19.61068566976829,,cwc,0.025793677953508176
2017-08-05,Pong,3.87272,-0.36642789155433025,0.0,0.0,0.0,111185.3188192704,28.33052133515564,,cwc,-0.0113456906459235
2017-08-06,Pong,4.05271,-0.35716020398415527,0.0,0.0,0.0,119199.87918655573,23.573505360440127,,cwc,-0.019530562829752185
2017-08-07,Pong,4.2449,-0.3506054647133382,0.0,0.0,0.0,113796.61525752298,20.7540116206316,,cwc,-0.012122335426826503
2017-08-08,Pong,4.44353,-0.3430111939904098,0.0,0.0,0.0,107340.93136570086,17.266892189583455,,cwc,-0.031781828821744185
2017-08-09,Pong,4.60775,-0.33716938998090396,0.0,0.0,0.0,85344.76144989966,7.08977232171826,,cwc,-0.013166147161269848
2017-08-10,Pong,4.72012,-0.3310139876596722,0.0,0.0,0.0,65231.88083205082,5.965531500137999,,cwc,-0.015131438573004807
2017-08-11,Pong,4.8088,-0.32622731976278513,0.0,0.0,0.0,60176.1752267619,9.218830906787646,,cwc,-0.04064912044317648
2017-08-12,Pong,4.8792,-0.32244812442836646,0.0,0.0,0.0,55238.12656073734,3.970212955822519,,cwc,-0.03473828614257091
2017-08-13,Pong,4.93132,-0.31964623195989,0.0,0.0,0.0,57625.21790980627,17.175561364375437,,cwc,-0.028539595251595884
2017-08-14,Pong,4.97261,-0.31738700621346283,0.0,0.0,0.0,57756.35642352664,0.0847663484295341,,cwc,-0.011869395931972448
2017-08-15,Pong,5.01999,-0.3128069035525607,0.0,0.0,0.0,43248.01398209899,0.0,,cwc,-0.017638555651224408
2017-08-16,Pong,5.03759,-0.307379464344476,0.0,0.0,0.0,42662.03547741019,0.6600735088213646,,cwc,-0.023354311474869327
2017-08-17,Pong,5.04707,-0.3033058161259101,0.0,0.0,0.0,42283.60980262192,3.657701937208304,,cwc,-0.016667952154658217
2017-08-18,Pong,5.05384,-0.2981157996079801,0.0,0.0,0.0,47480.32606140098,9.177999120777402,,cwc,-0.014883799156403477
2017-08-19,Pong,5.06196,-0.2935871550511672,0.0,0.0,0.0,52037.729983612444,11.725625198235187,,cwc,-0.003519640240518207
2017-08-20,Pong,5.09649,-0.28588920221461644,0.0,0.0,0.0,52226.29052332465,3.121570277891973,,cwc,-0.01877960725324801
2017-08-21,Pong,5.10732,-0.2837652363564479,0.0,0.0,0.0,50925.379542189745,9.778543272979045,,cwc,0.00538172035206852
2017-08-22,Pong,5.11026,-0.2836498405157889,0.0,0.0,0.0,54981.03926570478,6.947874721832305,,cwc,0.01008894335868682
2017-08-23,Pong,5.11476,-0.2873318600441755,0.0,0.0,0.0,57655.29035565987,14.439354760209469,,cwc,0.018451421259306322
2017-08-24,Pong,5.12898,-0.2893053719542122,0.0,0.0,0.0,60861.52298593011,6.741700564296071,,cwc,0.015274178578647657
2017-08-25,Pong,5.17162,-0.2878223842382484,0.0,0.0,0.0,54128.4231243458,7.208106866515365,,cwc,-0.005301531074792365
2017-08-26,Pong,5.21324,-0.2850948870180288,0.0,0.0,0.0,50067.54201274385,0.0,,cwc,-0.020754568541883067
2017-08-27,Pong,5.23435,-0.2814054733708271,0.0,0.0,0.0,42170.51215201688,0.3158623745075876,,cwc,-0.010179820962909147
2017-08-28,Pong,5.23945,-0.2741168497072688,0.0,0.0,0.0,45962.660681414374,8.406354509074466,,cwc,-0.01349050110263228
2017-08-29,Pong,5.24381,-0.2695717272197423,0.0,0.0,0.0,47851.902412990035,3.341590503272526,,cwc,-0.0034727232455198376
2017-08-30,Pong,5.25036,-0.26736180408284166,0.0,0.0,0.0,45243.94567416217,3.6752429992055697,,cwc,-0.0010405506254160812
2017-08-31,Pong,5.2722,-0.2646829172107464,0.0,0.0,0.0,52432.40889724566,17.48834128436889,,cwc,-0.02271111380648172
2017-09-01,Pong,5.2984,-0.264375169492131,0.0,0.0,0.0,61803.69560091208,10.619924776167172,,cwc,-0.009483995474809603
2017-09-02,Pong,5.32897,-0.266006870168678,0.0,0.0,0.0,57723.56583164274,6.7688960543775964,,cwc,0.009073565404707828
2017-09-03,Pong,5.37846,-0.2627270447208948,0.0,0.0,0.0,51759.54372224769,1.88520909115848,,cwc,-0.01982878031145141
2017-09-04,Pong,5.42213,-0.2586453833397993,0.0,0.0,0.0,44299.39495034334,0.004984225319094,,cwc,-0.02860021095741061
2017-09-05,Pong,5.44033,-0.2563615031303712,0.0,0.0,0.0,42640.551386497675,2.341697146273752,,cwc,-0.021382028508908135
2017-09-06,Pong,5.44251,-0.2554646624732058,0.0,0.0,0.0,44446.74211983657,5.004141801613233,,cwc,-0.009420514606103048
2017-09-07,Pong,5.439688467472681,-0.25684672520927165,0.0,0.0,0.0,47268.10594110341,7.528795516057306,,model,
2017-09-08,Pong,5.45125,-0.2574597400471629,0.0,0.0,0.0,46072.129508887105,0.3648209520266338,,cwc,-0.007480385324430294
2017-09-09,Pong,5.44906,-0.2594508662033838,0.0,0.0,0.0,43665.64657658469,4.158859439734167,,cwc,0.0033451005107743015
2017-09-10,Pong,5.43232,-0.262558599912948,0.0,0.0,0.0,44421.80371637742,1.2948453618399838,,cwc,0.012007458217823341
2017-09-11,Pong,5.42504,-0.26501505392867764,0.0,0.0,0.0,41481.902210520115,0.320890062783976,,cwc,0.004397453784632077
2017-09-12,Pong,5.41267,-0.2669288911744815,0.0,0.0,0.0,40715.922942008765,0.0780220848681318,,cwc,0.002294762654079463
2017-09-13,Pong,5.40613,-0.26768828581684667,0.0,0.0,0.0,41034.34937523247,2.268378973958598,,cwc,-0.005409263492657246
2017-09-14,Pong,5.39593,-0.2693265654065628,0.0,0.0,0.0,41247.82679845231,0.0,,cwc,-0.0009702091680754421
2017-09-15,Pong,5.38647,-0.2710208561985839,0.0,0.0,0.0,40077.956744635834,0.0,,cwc,-0.0011879205248996882
2017-09-16,Pong,5.37701,-0.27238616901108187,0.0,0.0,0.0,40835.335819064014,1.8943879535302748,,cwc,-0.004050095990036695
2017-09-17,Pong,5.36636,-0.2741764701915422,0.0,0.0,0.0,41126.2977857305,0.501926854718156,,cwc,-0.001007110867830896
2017-09-18,Pong,5.3454,-0.27448754676469667,0.0,0.0,0.0,40321.90123023171,0.0,,cwc,0.010014749564501102
2017-09-19,Pong,5.32679,-0.2672278568378403,0.0,0.0,0.0,40066.01989324792,0.0,,cwc,0.005696732622893386
2017-09-20,Pong,5.30786,-0.2600329971612307,0.0,0.0,0.0,39876.397302088655,0.0,,cwc,0.005390699601266924
2017-09-21,Pong,5.28603,-0.2594011190058825,0.0,0.0,0.0,39853.8432958004,0.0651939024564292,,cwc,0.007826773606852022
2017-09-22,Pong,5.25909,-0.26142590046822667,0.0,0.0,0.0,48766.46725268708,22.239136036867286,,cwc,0.012881593526614665
2017-09-23,Pong,5.23144,-0.26789965951710687,0.0,0.0,0.0,69559.96816706796,24.949747088700416,,cwc,0.035397001346204604
2017-09-24,Pong,5.23945,-0.27662745169946795,0.0,0.0,0.0,69241.70881581208,2.580587411211623,,cwc,0.05060987218967661
2017-09-25,Pong,5.26929,-0.28230949839716213,0.0,0.0,0.0,50681.86447868383,0.0,,cwc,0.0280012266437506
2017-09-26,Pong,5.26929,-0.28584347411998917,0.0,0.0,0.0,44831.96185897729,0.3636046015533579,,cwc,0.012433165359341025
2017-09-27,Pong,5.25764,-0.288987501856026,0.0,0.0,0.0,40778.28004878314,0.2146862751394232,,cwc,0.009770936666124719
2017-09-28,Pong,5.23508,-0.29237890824630497,0.0,0.0,0.0,40280.02006174886,0.4018858034838869,,cwc,0.010763297879868183
2017-09-29,Pong,5.20669,-0.29640421663110655,0.0,0.0,0.0,40114.41677047059,0.0,,cwc,0.015374267180264134
2017-09-30,Pong,5.18313,-0.2997325088315758,0.0,0.0,0.0,40151.765350422225,0.6525483163095801,,cwc,0.010139106217560645
2018-06-01,Pong,0.55799,-0.9288076523503578,0.0,0.0,0.0,44133.10159297002,8.66594226540456,,cwc,
2018-06-02,Pong,0.55409,-0.9282205590971339,0.0,0.0,0.0,45417.170952883374,0.0,,cwc,0.00031112222955598234
2018-06-03,Pong,0.54683,-0.9304998310358983,0.0,0.0,0.0,40997.26875420785,0.0,,cwc,0.00681269492430836
2018-06-04,Pong,0.54041,-0.9295554309059404,0.0,0.0,0.0,40782.47299549909,0.0,,cwc,-0.004840929708688324
2018-06-05,Pong,0.53483,-0.9275666335478626,0.0,0.0,0.0,44673.31179464111,10.504109357785463,,cwc,-0.00620644375923296
2018-06-06,Pong,0.53873,-0.9274440501613571,0.0,0.0,0.0,47476.51350227526,0.5026750072603505,,cwc,-0.006167212701579605
2018-06-07,Pong,0.54934,-0.9276753603382658,0.0,0.0,0.0,41593.09429577205,0.4314896019116873,,cwc,-0.0060189679544412344
2018-06-08,Pong,0.55492,-0.9270893512766101,0.0,0.0,0.0,46435.35014580775,10.831511536907197,,cwc,-0.015383197509284074
2018-06-09,Pong,0.56051,-0.9282808886512298,0.0,0.0,0.0,48989.18166505812,2.0889794601300453,,cwc,-0.0035462527612961647
2018-06-10,Pong,0.57307,-0.9275063981872579,0.0,0.0,0.0,43444.505630104584,0.859462978773963,,cwc,-0.004268111018846499
2018-06-11,Pong,0.58004,-0.9236067142302586,0.0,0.0,0.0,42450.61057766048,1.0592403774117862,,cwc,-0.012243579813954297
2018-06-12,Pong,0.58088,-0.9220494055041574,0.0,0.0,0.0,41058.47195684237,0.3382763569449566,,cwc,-0.008545219144105887
2018-06-13,Pong,0.57893,-0.9208390149275761,0.0,0.0,0.0,40600.12977546169,0.6323253014298645,,cwc,-0.009161191449813533
2018-06-14,Pong,0.57083,-0.9208128557028566,0.0,0.0,0.0,46163.2053610666,13.58443893259748,,cwc,-0.004132560222273041
2018-06-15,Pong,0.56023,-0.921958131619215,0.0,0.0,0.0,52215.41650002082,6.02999156257405,,cwc,0.011977924463507428
2018-06-16,Pong,0.55157,-0.9242484463248409,0.0,0.0,0.0,46747.54742574,1.1584099338100693,,cwc,0.02484511623257102
2018-06-17,Pong,0.54376,-0.927134760059698,0.0,0.0,0.0,45462.07491236014,4.160022989033238,,cwc,0.01061756146917292
2018-06-18,Pong,0.53259,-0.9300492000529861,0.0,0.0,0.0,43988.825768638264,0.0556259480309984,,cwc,0.010832555853462655
2018-06-19,Pong,0.51836,-0.9333477540916045,0.0,0.0,0.0,47083.241766173014,11.610672349983124,,cwc,0.010288140525931966
2018-06-20,Pong,0.50245,-0.9379551588472511,0.0,0.0,0.0,48930.66438246058,0.0,,cwc,0.019538863033255582
2018-06-21,Pong,0.4857,-0.9431552901796376,0.0,0.0,0.0,41339.487514742665,0.0290383471839522,,cwc,0.024898722028558362
2018-06-22,Pong,0.46839,-0.9445403146534168,0.0,0.0,0.0,41343.55604242292,0.2280584919539752,,cwc,0.006886334342064093
2018-06-23,Pong,0.45109,-0.9402821411152009,0.0,0.0,0.0,39976.49965862346,0.0,,cwc,0.006886288302392907
2018-06-24,Pong,0.43378,-0.9274223319421658,0.0,0.0,0.0,39857.63996498403,0.0,,cwc,0.0035516815844028327
2018-06-25,Pong,0.4162,-0.9181302987589482,0.0,0.0,0.0,40282.26705355119,1.0883439553919083,,cwc,0.003530882364593091
2018-06-26,Pong,0.39889,-0.9142537871631642,0.0,0.0,0.0,44287.76009078211,9.53158163531134,,cwc,0.004299764615459167
2018-06-27,Pong,0.38155,-0.9098874976861139,0.0,0.0,0.0,61102.6373352715,32.44007999140535,,cwc,0.014129505928214325
2018-06-28,Pong,0.37185,-0.9050088292087747,0.0,0.0,0.0,85369.74699712502,21.055606244339995,,cwc,0.04762837339598702
2018-06-29,Pong,0.41983,-0.9029044321981547,0.0,0.0,0.0,74730.43269802725,4.155717139342258,,cwc,0.0493196904558289
2018-06-30,Pong,0.47565,-0.9010915814857017,0.0,0.0,0.0,58908.20714200419,4.1183727187185015,,cwc,0.015449804270248557
2018-07-01,Pong,0.49017,-0.9027636032917371,0.0,0.0,0.0,64385.341126918676,17.063879176081414,,cwc,0.01803953414872539
2018-07-02,Pong,0.49184,-0.9100946528526668,0.0,0.0,0.0,79604.20916785051,18.90468978067318,,cwc,0.0442897562159113
2018-07-03,Pong,0.50524,-0.9214479551963011,0.0,0.0,0.0,72029.08157113298,8.551458464957932,,cwc,0.06979386659578934
2018-07-04,Pong,0.53399,-0.9276123194439442,0.0,0.0,0.0,57316.57503737586,3.3160724830117783,,cwc,0.035910744663248506
2018-07-05,Pong,0.5499,-0.9298017608289371,0.0,0.0,0.0,47991.299624232684,0.0,,cwc,0.012755485964031199
2018-07-06,Pong,0.55939,-0.9285227851054039,0.0,0.0,0.0,41858.60926309032,0.0,,cwc,-0.0036395048172722655
2018-07-07,Pong,0.5499,-0.9270606716853307,0.0,0.0,0.0,40298.01473618741,0.0,,cwc,0.00033640491673392336
2018-07-08,Pong,0.53092,-0.9255532150023755,0.0,0.0,0.0,41910.16065761997,4.4039471314440135,,cwc,0.006008292510696123
2018-07-09,Pong,0.50552,-0.9219657808957781,0.0,0.0,0.0,44289.784283016204,4.040935767565602,,cwc,0.016372529297929095
2018-07-10,Pong,0.479,-0.9200995368611358,0.0,0.0,0.0,47923.3405637633,11.366992386996577,,cwc,0.023314458267433724
2018-07-11,Pong,0.45584,-0.9109564472586256,0.0,0.0,0.0,50094.12313021416,2.13623377221946,,cwc,0.028844228207284828
2018-07-12,Pong,0.45695,-0.8942878215133487,0.0,0.0,0.0,52547.52784575297,16.911130916479987,,cwc,0.009885211749067147
2018-07-13,Pong,0.46253,-0.887593608978206,0.0,0.0,0.0,62981.406436597994,9.679265865352177,,cwc,0.011417651729438538
2018-07-14,Pong,0.48877,-0.8850044789636693,0.0,0.0,0.0,60690.22574313939,12.764649005561784,,cwc,0.016284923935025175
2018-07-15,Pong,0.49017,-0.8877449355853819,0.0,0.0,0.0,84633.06872470297,37.06991543535076,,cwc,0.03551937727997578
2018-07-16,Pong,0.50189,-0.8958421914895323,0.0,0.0,0.0,99307.51525379969,10.263588340443556,,cwc,0.08377735140958409
2018-07-17,Pong,0.54655,-0.9027143783712189,0.0,0.0,0.0,70213.36671993938,5.508286329876188,,cwc,0.0867394934321355
2018-07-18,Pong,0.59931,-0.8981442401564546,0.0,0.0,0.0,59970.977346261345,3.959703216054796,,cwc,0.007458461110628312
2018-07-19,Pong,0.62219,-0.8928784846639191,0.0,0.0,0.0,51952.3272502114,5.1609900585231925,,cwc,0.012279681740998805
2018-07-20,Pong,0.65066,-0.8821672328197933,0.0,0.0,0.0,55715.50855780987,10.681754105158902,,cwc,-0.012928551492309537
2018-07-21,Pong,0.66769,-0.8740880430342954,0.0,0.0,0.0,60576.54594451579,16.471593869658843,,cwc,0.0077183558683272535
2018-07-22,Pong,0.69214,-0.8565858183415217,0.0,0.0,0.0,62266.05749021098,7.500681345540609,,cwc,0.012191251064640474
2018-07-23,Pong,0.73806,-0.8340650445628889,0.0,0.0,0.0,66309.3704397416,22.172227780614406,,cwc,-0.00514523130373945
2018-07-24,Pong,0.77897,-0.8137753182200146,0.0,0.0,0.0,72231.70347219016,4.918091961280004,,cwc,0.009757039281583002
2018-07-25,Pong,0.87205,-0.8027290641551041,0.0,0.0,0.0,72828.11871712001,27.508260472482604,,cwc,-0.027923525548632422
2018-07-26,Pong,0.92109,-0.8026435744270318,0.0,0.0,0.0,102733.92718621604,25.99947243999621,,cwc,0.01757564940460532
2018-07-27,Pong,1.09776,-0.7959685232422206,0.0,0.0,0.0,110601.55281606923,30.16134266787106,,cwc,-0.03688753092503805
2018-07-28,Pong,1.19203,-0.8043681914014531,0.0,0.0,0.0,110044.82967549998,9.360133802295373,,cwc,0.06476120954249387
2018-07-29,Pong,1.28561,-0.8133723837200131,0.0,0.0,0.0,67100.9369648406,0.0436409821164213,,cwc,0.064089144321136
2018-07-30,Pong,1.34261,-0.8107258277546229,0.0,0.0,0.0,53038.50708201595,3.6362618183353312,,cwc,-0.004396333415434883
2018-07-31,Pong,1.36503,-0.8026366613765188,0.0,0.0,0.0,50412.27413298459,5.411669577743131,,cwc,-0.004221130477748192
2018-08-01,Pong,1.38196,-0.7885356445561408,0.0,0.0,0.0,47041.86377898957,1.918896530892124,,cwc,-0.005156407787763051
2018-08-02,Pong,1.3854876286616886,-0.767830256129752,0.0,0.0,0.0,44965.88196346945,4.900385881901479,,model,
2018-08-03,Pong,1.41834,-0.7362632631335851,0.0,0.0,0.0,51688.94321671941,15.361833489144312,,cwc,-0.03440378901947838
2018-08-04,Pong,1.43527,-0.7169731632958097,0.0,0.0,0.0,67977.76492053873,24.632838687249595,,cwc,-0.0020329404277392715
2018-08-05,Pong,1.53936,-0.6969965446598941,0.0,0.0,0.0,85508.8452471598,23.976423114421625,,cwc,-0.049341107581370114
2018-08-06,Pong,1.74922,-0.6768056659676294,0.0,0.0,0.0,107295.32835517496,36.850445495333226,,cwc,-0.11221999516720738
2018-08-07,Pong,1.86448,-0.6766643346052118,0.0,0.0,0.0,125597.36214099804,17.86689146446196,,cwc,0.03568228162837461
2018-08-08,Pong,2.07788,-0.6460077745527525,0.0,0.0,0.0,102247.29529476137,14.572936736858264,,cwc,-0.017680410077422604
2018-08-09,Pong,2.18754,-0.585164188813745,0.0,0.0,0.0,84956.4149080281,6.033003601967801,,cwc,0.02893188738964536
2018-08-10,Pong,2.27746,-0.563728437193525,0.0,0.0,0.0,59894.06525501675,3.258379147320253,,cwc,0.006368442274453656
2018-08-11,Pong,2.33844,-0.548525640011312,0.0,0.0,0.0,60605.703513710076,13.618331710383618,,cwc,-0.026008489500596976
2018-08-12,Pong,2.43331,-0.5395091516808297,0.0,0.0,0.0,129719.99093158633,98.76182061821518,,cwc,-0.05815741273960118
2018-08-13,Pong,2.66267,-0.5316878053640619,0.0,0.0,0.0,238719.57412744657,18.462254531402014,,cwc,-0.023554087294993753
2018-08-14,Pong,3.19846,-0.5175186629521787,0.0,0.0,0.0,112074.5758134258,2.381656690211059,,cwc,-0.06330837257298993
2018-08-15,Pong,3.35492,-0.5143298094425601,0.0,0.0,0.0,80268.82602993966,0.2376461281086649,,cwc,0.006175071585857506
2018-08-16,Pong,3.42667,-0.51030799410356,0.0,0.0,0.0,48695.259904559796,1.731212914074245,,cwc,0.013069901957736274
2018-08-17,Pong,3.47254,-0.4953006109787164,0.0,0.0,0.0,59277.70041482098,13.536760146143902,,cwc,-0.03829721281038578
2018-08-18,Pong,3.51665,-0.4881113214307271,0.0,0.0,0.0,61943.11913334686,16.275034222831394,,cwc,-0.0106464726457558
2018-08-19,Pong,3.59604,-0.4645099413496048,0.0,0.0,0.0,57625.71231634604,3.012887106778988,,cwc,-0.03940532439036293
2018-08-20,Pong,3.65485,-0.4350447076678636,0.0,0.0,0.0,62925.823376338274,25.790966166900382,,cwc,-0.029388186329022847
2018-08-21,Pong,3.74013,-0.4166246181406019,0.0,0.0,0.0,74663.72962776148,4.856259474922608,,cwc,-0.04289106422095301
2018-08-22,Pong,3.82305,-0.4088409339809625,0.0,0.0,0.0,62670.16496386896,14.54937685154264,,cwc,-0.011813389830276133
2018-08-23,Pong,3.90808,-0.40315762535521443,0.0,0.0,0.0,99818.12403968228,46.87180437206094,,cwc,-0.043266551840914325
2018-08-24,Pong,4.09577,-0.3964798779279868,0.0,0.0,0.0,121384.85264769543,12.65738593826521,,cwc,-0.05504126359898187
2018-08-25,Pong,4.29668,-0.3935982050888395,0.0,0.0,0.0,82954.81971895712,7.812345240067068,,cwc,-0.01549663278913016
2018-08-26,Pong,4.3966,-0.3892596213368143,0.0,0.0,0.0,63964.308339155046,0.3119832385135093,,cwc,-0.008528611567215627
2018-08-27,Pong,4.45959,-0.38410583360153644,0.0,0.0,0.0,44849.87725698919,0.0,,cwc,-0.018060332306506055
2018-08-28,Pong,4.50202,-0.37493802005646776,0.0,0.0,0.0,43000.24996732074,1.8699964513691736,,cwc,-0.04426523195921028
2018-08-29,Pong,4.50202,-0.3682604822698397,0.0,0.0,0.0,47852.43901349396,12.193451878954894,,cwc,-0.0063604848544933645
2018-08-30,Pong,4.507530762208254,-0.3616134376798922,0.0,0.0,0.0,55041.63119224954,11.239559467528018,,model,
2018-08-31,Pong,4.59489,-0.3484074474776658,0.0,0.0,0.0,53574.73036104162,5.742651421678431,,cwc,-0.064259573806698
2018-09-01,Pong,4.63009,-0.3435574691422903,0.0,0.0,0.0,54824.374381326954,11.6159565664739,,cwc,-0.01568921971632964
2018-09-02,Pong,4.65378,-0.34164331863952985,0.0,0.0,0.0,62897.1424025792,14.526775747140604,,cwc,-0.0011218712156590982
2018-09-03,Pong,4.70049,-0.33864189892540486,0.0,0.0,0.0,65406.03261929851,10.028166326062555,,cwc,-0.004391234389975018
2018-09-04,Pong,4.74246,-0.3363436571568844,0.0,0.0,0.0,58684.449742732926,5.5095985158197545,,cwc,0.006486955060717392
2018-09-05,Pong,4.78307,-0.3336881800786065,0.0,0.0,0.0,53638.63276747736,6.217122095926309,,cwc,-0.008597905232467618
2018-09-06,Pong,4.8027371223485575,-0.33189469528379417,0.0,0.0,0.0,50844.99886088188,3.432030853364815,,model,
2018-09-07,Pong,4.83181,-0.3283515611160776,0.0,0.0,0.0,52748.40600684325,12.280158142115544,,cwc,-0.01624059170197789
2018-09-08,Pong,4.85212,-0.3263458892150665,0.0,0.0,0.0,55099.45633010005,4.985593918379788,,cwc,-0.0028208846740040983
2018-09-09,Pong,4.88123,-0.32177759345314716,0.0,0.0,0.0,49998.19758999711,6.12590263807494,,cwc,-0.005868862446768652
2018-09-10,Pong,4.8907,-0.3179987762075654,0.0,0.0,0.0,50944.0018142784,5.764523447154973,,cwc,0.0012905226681789728
2018-09-11,Pong,4.91101,-0.31758563459658107,0.0,0.0,0.0,49519.29707550699,5.4441534442507065,,cwc,-0.007235495845818285
2018-09-12,Pong,4.93199,-0.3171360388314375,0.0,0.0,0.0,50423.25735080483,6.822785292390967,,cwc,-0.011391143619323252
2018-09-13,Pong,4.9611,-0.316682499948378,0.0,0.0,0.0,56813.22973555244,17.09373844791412,,cwc,-0.01730953651563283
2018-09-14,Pong,4.98818,-0.3186685297949464,0.0,0.0,0.0,57387.128519672005,0.3741180800094674,,cwc,0.00035401365762322
2018-09-15,Pong,5.0051,-0.3222408541176255,0.0,0.0,0.0,43873.63045893811,0.0,,cwc,0.01191810038847052
2018-09-16,Pong,5.00984,-0.32294873483396547,0.0,0.0,0.0,42283.69509121084,0.0,,cwc,-0.008963693501742753
2018-09-17,Pong,5.00781,-0.3224594767601128,0.0,0.0,0.0,39876.39253420732,0.0,,cwc,-0.006083590491427593
2018-09-18,Pong,4.99427,-0.3091415046128478,0.0,0.0,0.0,39826.974127344176,0.0,,cwc,-0.00046323805812953367
2018-09-19,Pong,4.98412,-0.2543646287845607,0.0,0.0,0.0,39826.974127344176,0.0,,cwc,-0.003974143923859863
2018-09-20,Pong,4.97329,-0.19109797772867915,0.0,0.0,0.0,39826.974127344176,0.0,,cwc,-0.0032941439238607373
2018-09-21,Pong,4.96246,-0.14648353150239324,0.0,0.0,0.0,44571.25631880839,11.958228461558228,,cwc,-0.003294143923859849
2018-09-22,Pong,4.95366,-0.1359141461329818,0.0,0.0,0.0,85093.8873116865,79.40264052355444,,cwc,0.006283100866958158
2018-09-23,Pong,4.9875,-0.14155924323512858,0.0,0.0,0.0,207192.9177350096,59.63733437739855,,cwc,0.06278477889543232
2018-09-24,Pong,5.39302,-0.13946859665672995,0.0,0.0,0.0,232767.62828216603,37.41518393691197,,cwc,-0.0101707191356466
2018-09-25,Pong,5.79478,-0.146400582371258,0.0,0.0,0.0,177190.1197702634,0.7081676990717947,,cwc,0.05615974227351472
2018-09-26,Pong,5.99582,-0.16414601756263994,0.0,0.0,0.0,79661.45392141357,0.0,,cwc,0.12090516906576454
2018-09-27,Pong,6.05914,-0.1684636190727095,0.0,0.0,0.0,54441.75477848595,0.3984138927346444,,cwc,0.020013920209967395
2018-09-28,Pong,6.08849,-0.16925540415678683,0.0,0.0,0.0,47672.32285555365,6.925440285693427,,cwc,-0.0077179789792172215
2018-09-29,Pong,6.10393,-0.16975295320913059,0.0,0.0,0.0,47899.363461243025,2.248841378159677,,cwc,-0.010369905579120875
2018-09-30,Pong,6.11165,-0.17131036009309275,0.0,0.0,0.0,42142.49242587253,0.1078379993304262,,cwc,-0.0020944335853947393
2019-06-01,Pong,2.3887,-0.6787485916087911,0.0,0.0,0.0,39853.66182401798,0.0672678312669334,,cwc,
2019-06-02,Pong,2.37691,-0.6798646109921098,0.0,0.0,0.0,40233.188663754736,0.9317791312574736,,cwc,-0.002268850457810778
2019-06-03,Pong,2.3656,-0.6814472933551301,0.0,0.0,0.0,44661.864649562776,10.714997007733697,,cwc,-0.0018203093728317299
2019-06-04,Pong,2.35384,-0.6845475114196768,0.0,0.0,0.0,46789.30768554649,0.0027727050195774,,cwc,0.009464780993206023
2019-06-05,Pong,2.34566,-0.6878607733472571,0.0,0.0,0.0,41285.57427504162,0.1435811603618147,,cwc,0.011089731099591216
2019-06-06,Pong,2.33589,-0.6896659924042707,0.0,0.0,0.0,41347.26732590189,0.4593821933369786,,cwc,-0.0007855684717696931
2019-06-07,Pong,2.326,-0.6906451187522926,0.0,0.0,0.0,40140.097556540946,0.0,,cwc,-0.0005146317622046759
2019-06-08,Pong,2.314,-0.6900766971478195,0.0,0.0,0.0,40230.94089972475,0.7094823814028253,,cwc,-0.0013580637992487432
2019-06-09,Pong,2.303,-0.6899018065556628,0.0,0.0,0.0,40260.31270677997,0.0,,cwc,-0.0021358086973393142
2019-06-10,Pong,2.291,-0.6911516310170778,0.0,0.0,0.0,39899.944907578785,0.0,,cwc,-0.0010639483524697013
2019-06-11,Pong,2.28,-0.6924121666825895,0.0,0.0,0.0,42472.17390314928,6.373939908274973,,cwc,-0.002945615397398349
2019-06-12,Pong,2.275,-0.6939173278986019,0.0,0.0,0.0,46738.624025907695,7.005599005398073,,cwc,-0.0026524628392841088
2019-06-13,Pong,2.27077,-0.6955469256179599,0.0,0.0,0.0,45248.13827961152,0.0303382176460764,,cwc,0.007015729697359863
2019-06-14,Pong,2.26565,-0.6963831463084151,0.0,0.0,0.0,41441.05682136099,0.0,,cwc,0.004259143719483216
2019-06-15,Pong,2.25539,-0.6978685554771423,0.0,0.0,0.0,40640.03854650705,0.0021234156421568,,cwc,8.483132381531533e-05
2019-06-16,Pong,2.24411,-0.6988895156399685,0.0,0.0,0.0,40030.955492544665,0.4122399080148902,,cwc,-0.0008549203989804965
2019-06-17,Pong,2.23161,-0.7001036688309147,0.0,0.0,0.0,43611.899658847746,7.954329552132301,,cwc,-0.0011250881040125726
2019-06-18,Pong,2.21899,-0.7029817881659666,0.0,0.0,0.0,44849.19338081457,0.2775100439875694,,cwc,0.007755962323240162
2019-06-19,Pong,2.20566,-0.7062195549728779,0.0,0.0,0.0,41208.636922839585,0.561594227612246,,cwc,0.01149309488606498
2019-06-20,Pong,2.191,-0.706487246156693,0.0,0.0,0.0,42208.435001698264,2.492798060124534,,cwc,0.003916198483793654
2019-06-21,Pong,2.178,-0.7054297868904331,0.0,0.0,0.0,41522.35568439298,0.0115222546582253,,cwc,0.004702280014015958
2019-06-22,Pong,2.164,-0.7066194410435289,0.0,0.0,0.0,40194.26967078494,0.0,,cwc,0.004023735133989792
2019-06-23,Pong,2.147,-0.7079111002458021,0.0,0.0,0.0,40650.13235403606,1.369700450357899,,cwc,0.003774472370711379
2019-06-24,Pong,2.125,-0.7105136572956996,0.0,0.0,0.0,46403.052968201235,13.608431488358322,,cwc,0.009889774863681478
2019-06-25,Pong,2.096,-0.7163979923737883,0.0,0.0,0.0,50672.86933674719,2.547448958288832,,cwc,0.03096472975378184
2019-06-26,Pong,2.079,-0.7218313771516698,0.0,0.0,0.0,43699.85689976457,0.3741821904283172,,cwc,0.029411158065050014
2019-06-27,Pong,2.072,-0.7235776339135771,0.0,0.0,0.0,43294.032696385504,2.370122654736849,,cwc,0.002351156357920825
2019-06-28,Pong,2.057,-0.7265049682281207,0.0,0.0,0.0,41887.51867213042,0.0,,cwc,0.009358276786142206
2019-06-29,Pong,2.04,-0.7291013162907822,0.0,0.0,0.0,40722.949304715235,1.0378582040953424,,cwc,0.007917133969927992
2019-06-30,Pong,2.022,-0.7300610895620812,0.0,0.0,0.0,41431.63618868821,1.6982516596502373,,cwc,0.006067927034514753
2019-07-01,Pong,2.007,-0.7286970924181504,0.0,0.0,0.0,41357.721254401346,0.982995603015026,,cwc,0.004801783034293905
2019-07-02,Pong,1.993,-0.7264853939407188,0.0,0.0,0.0,40702.54633719338,0.0,,cwc,0.0036209445636168347
2019-07-03,Pong,1.98,-0.7235311870198581,0.0,0.0,0.0,41099.73291161725,2.370461975961894,,cwc,0.0010180096331191546
2019-07-04,Pong,1.968,-0.7178905022875476,0.0,0.0,0.0,45220.359111761914,8.93208600938252,,cwc,0.0009897565931245023
2019-07-05,Pong,1.963,-0.7121780426968064,0.0,0.0,0.0,51626.922912874936,11.564159102212784,,cwc,0.004071179886746323
2019-07-06,Pong,1.957,-0.7115976110692022,0.0,0.0,0.0,53670.14788487345,6.690554405181986,,cwc,0.020745322213547635
2019-07-07,Pong,1.957,-0.7132974023093037,0.0,0.0,0.0,54818.67224873922,11.430935025998687,,cwc,0.019744226464093906
2019-07-08,Pong,1.973,-0.7117488721771299,0.0,0.0,0.0,62811.955039884895,14.890068513336386,,cwc,0.006554178086194629
2019-07-09,Pong,1.984,-0.7112485973210473,0.0,0.0,0.0,64285.30501190583,8.378440648736126,,cwc,0.031110348291667922
2019-07-10,Pong,2.01,-0.7111111541805492,0.0,0.0,0.0,55808.82793675569,3.8364511039485856,,cwc,0.019715010303249514
2019-07-11,Pong,2.023,-0.7081575938417541,0.0,0.0,0.0,48605.322413661335,1.8952377771680669,,cwc,0.011976668778781896
2019-07-12,Pong,2.031,-0.7020698313612472,0.0,0.0,0.0,52893.035680915265,14.358939386943078,,cwc,-0.000647251676246352
2019-07-13,Pong,2.039,-0.7006324646835528,0.0,0.0,0.0,59806.53127010355,8.757966385482074,,cwc,0.009842962749742501
2019-07-14,Pong,2.064,-0.6981237523917257,0.0,0.0,0.0,54067.742120276285,6.444915638671147,,cwc,0.009757351992509822
2019-07-15,Pong,2.092,-0.6931147571156421,0.0,0.0,0.0,59295.92846195163,16.84763634183844,,cwc,-0.007283029202518332
2019-07-16,Pong,2.113,-0.6930004211583547,0.0,0.0,0.0,63474.99956263963,6.91808032285786,,cwc,0.012508123648597103
2019-07-17,Pong,2.136,-0.6941031553769138,0.0,0.0,0.0,53906.04469463656,3.86292217652158,,cwc,0.02073253680664955
2019-07-18,Pong,2.153,-0.6951554941916487,0.0,0.0,0.0,57063.31436646427,14.639818903742931,,cwc,0.003321365830133427
2019-07-19,Pong,2.18,-0.695375474484325,0.0,0.0,0.0,57548.35222370954,2.527111086408988,,cwc,0.0010458645999298355
2019-07-20,Pong,2.208,-0.6931138927357827,0.0,0.0,0.0,51053.18651675971,8.338247091411597,,cwc,0.0012325463601317033
2019-07-21,Pong,2.222,-0.6860986554794833,0.0,0.0,0.0,50788.31489853179,1.9807285960422147,,cwc,-0.0006583672227788995
2019-07-22,Pong,2.236,-0.6736964931848958,0.0,0.0,0.0,43821.92936686632,1.2779344398664418,,cwc,-0.0013063956466456972
2019-07-23,Pong,2.249,-0.6558188763753359,0.0,0.0,0.0,45372.01123640064,5.309822590645077,,cwc,-0.01735018412928291
2019-07-24,Pong,2.261,-0.6473706385673644,0.0,0.0,0.0,52842.562911757894,16.969855561005538,,cwc,-0.012557791733681878
2019-07-25,Pong,2.28,-0.642127572720154,0.0,0.0,0.0,66234.02966137255,18.364387372111565,,cwc,-0.0012805226929937241
2019-07-26,Pong,2.353,-0.6252709533216777,0.0,0.0,0.0,82020.44393152416,31.72645491561205,,cwc,-0.02251728762435734
2019-07-27,Pong,2.382,-0.6108550567775369,0.0,0.0,0.0,91777.86792562199,8.069248311437539,,cwc,0.060105367480898675
2019-07-28,Pong,2.459,-0.6056839875888492,0.0,0.0,0.0,65640.1994435168,4.890824933869504,,cwc,0.035977642412409416
2019-07-29,Pong,2.498,-0.5985641392202522,0.0,0.0,0.0,60699.23836211758,6.66375541025731,,cwc,0.010029861886428737
2019-07-30,Pong,2.534,-0.5959723383711134,0.0,0.0,0.0,86623.6536423899,43.20441482253173,,cwc,0.0009414273331698197
2019-07-31,Pong,2.674,-0.5877960487069018,0.0,0.0,0.0,113121.82804583227,11.658933427570751,,cwc,-0.039632532209465055
2019-08-01,Pong,2.805,-0.590824597436786,0.0,0.0,0.0,75713.41175709169,12.65617741489557,,cwc,0.034197253287684415
2019-08-02,Pong,2.81,-0.5970465845689118,0.0,0.0,0.0,70914.38549125569,3.9469300315753135,,cwc,0.06867473679794234
2019-08-03,Pong,2.911,-0.5874001178470526,0.0,0.0,0.0,53707.518101976966,4.10300313843026,,cwc,-0.03906644350649824
2019-08-04,Pong,2.955,-0.5754323246796549,0.0,0.0,0.0,53763.49999041524,6.215842451173042,,cwc,-0.024164344476608868
2019-08-05,Pong,2.988,-0.5590035547083823,0.0,0.0,0.0,50553.508616922714,6.244092038761639,,cwc,-0.013027380557361745
2019-08-06,Pong,3.024,-0.5500304778492764,0.0,0.0,0.0,55130.239377716025,14.085244537846076,,cwc,-0.023880866953171598
2019-08-07,Pong,3.083,-0.5394892514085494,0.0,0.0,0.0,58375.529843221164,7.836055843938392,,cwc,-0.035683549395253866
2019-08-08,Pong,3.132,-0.5287881594242416,0.0,0.0,0.0,71383.33124782838,33.323660346988326,,cwc,-0.017743701104145693
2019-08-09,Pong,3.264,-0.503879691505461,0.0,0.0,0.0,89227.65446887992,8.94691036150652,,cwc,-0.0689191322862781
2019-08-10,Pong,3.377,-0.4898830096745898,0.0,0.0,0.0,62575.91698129816,4.344791990417484,,cwc,-0.006261647466785369
2019-08-11,Pong,3.426,-0.4820040152305759,0.0,0.0,0.0,62424.32877763924,10.87796320940526,,cwc,-0.007467136650289419
2019-08-12,Pong,3.476,-0.46904309789921356,0.0,0.0,0.0,70233.31229281073,19.275707108671767,,cwc,-0.008838008642354733
2019-08-13,Pong,3.551,-0.42919617095084955,0.0,0.0,0.0,91649.50746221901,28.33846996140647,,cwc,-0.014732740538542455
2019-08-14,Pong,3.679,-0.3635967767610144,0.0,0.0,0.0,84746.2112234849,6.516550513031715,,cwc,-0.01533640115836743
2019-08-15,Pong,3.803,-0.3347512761259073,0.0,0.0,0.0,66024.76592945863,10.479075868893853,,cwc,-0.028225836919733904
2019-08-16,Pong,3.877,-0.31288990420374513,0.0,0.0,0.0,80606.92176013101,23.635975900324592,,cwc,-0.024029267153427902
2019-08-17,Pong,3.96,-0.31060063310766184,0.0,0.0,0.0,158309.11189181215,86.71548717336933,,cwc,0.0026470787032768506
2019-08-18,Pong,4.164,-0.31856958025113025,0.0,0.0,0.0,234796.35787567694,13.70562452606927,,cwc,0.07175135691503076
2019-08-19,Pong,4.627,-0.3198775275898176,0.0,0.0,0.0,120013.3419633924,15.318519195533208,,cwc,-0.00011681751446968036
2019-08-20,Pong,4.848,-0.3141798374967634,0.0,0.0,0.0,100918.19134110423,0.0,,cwc,-0.038942137289804
2019-08-21,Pong,4.942,-0.3158550895742587,0.0,0.0,0.0,53503.2364354751,3.4166349216941465,,cwc,0.0413401341591344
2019-08-22,Pong,4.994,-0.3072116876262243,0.0,0.0,0.0,51182.387293944405,1.4847606243201965,,cwc,-0.03266413500627596
2019-08-23,Pong,5.02357,-0.3048777660166061,0.0,0.0,0.0,41654.99465117255,0.0975279629295293,,cwc,-0.015912267760853638
2019-08-24,Pong,5.05804,-0.2990114039551498,0.0,0.0,0.0,46660.26707136841,11.632773178787524,,cwc,-0.044121753613500125
2019-08-25,Pong,5.09201,-0.2935072173009529,0.0,0.0,0.0,57505.43515698429,18.98544215153313,,cwc,-0.03137597651143942
2019-08-26,Pong,5.13392,-0.2896958434958032,0.0,0.0,0.0,58003.56761110657,0.3924306970157765,,cwc,-0.012782453485804979
2019-08-27,Pong,5.21775,-0.28309749036795634,0.0,0.0,0.0,46050.43398527703,2.135961860815565,,cwc,-0.0534837348051056
2019-08-28,Pong,5.26184,-0.27679759164933915,0.0,0.0,0.0,45045.76647635057,1.0243539714730432,,cwc,-0.04298797922673803
2019-08-29,Pong,5.29797,-0.27188336336184793,0.0,0.0,0.0,49176.24117251342,13.145879394350382,,cwc,-0.037485974185484494
2019-08-30,Pong,5.325,-0.2705784867935404,0.0,0.0,0.0,51732.024650140665,0.4610799577438431,,cwc,-0.018280455802344164
2019-08-31,Pong,5.389,-0.26166579537846796,0.0,0.0,0.0,43400.29661749331,2.841895670384384,,cwc,-0.04899753844626353
2019-09-01,Pong,5.298,-0.2681722123485549,0.0,0.0,0.0,46800.97760207213,6.237890188310654,,cwc,0.08561825949689794
2019-09-02,Pong,5.444,-0.24790840389135138,0.0,0.0,0.0,44920.98971041568,0.0064862006566172,,cwc,-0.14306171756801866
2019-09-03,Pong,5.479,-0.24319477115606583,0.0,0.0,0.0,42016.25387969973,1.763464484125658,,cwc,-0.036661249969673015
2019-09-04,Pong,5.494,-0.24127610851749728,0.0,0.0,0.0,52129.93609728545,22.329882669546127,,cwc,-0.02376790561938158
2019-09-05,Pong,5.523,-0.2413426720810513,0.0,0.0,0.0,61208.13433880651,4.394760209403065,,cwc,-0.013024018030384887
2019-09-06,Pong,5.587,-0.2396671427768106,0.0,0.0,0.0,47505.294154303105,0.3497938660796788,,cwc,-0.0258135202150358
2019-09-07,Pong,5.625,-0.23694210166873494,0.0,0.0,0.0,44660.37345397987,1.3788305919934345,,cwc,-0.033338553915005065
2019-09-08,Pong,5.634,-0.23685068349316796,0.0,0.0,0.0,41602.22645811526,0.0,,cwc,-0.011298867329442075
2019-09-09,Pong,5.649,-0.2347824150376495,0.0,0.0,0.0,40078.29582320805,0.0,,cwc,-0.02478085498421745
2019-09-10,Pong,5.658,-0.23299330522616563,0.0,0.0,0.0,40041.65473988255,0.1628492085537569,,cwc,-0.02250926640869455
2019-09-11,Pong,5.661,-0.23116502712018774,0.0,0.0,0.0,40093.11742625477,0.4305964270175061,,cwc,-0.01659891158711968
2019-09-12,Pong,5.652,-0.23128202042408877,0.0,0.0,0.0,41254.15878986353,2.862097814308617,,cwc,-0.0044730042371350365
2019-09-13,Pong,5.635,-0.23373359008414374,0.0,0.0,0.0,41633.97574984299,0.2934093675057162,,cwc,0.006367571170441622
2019-09-14,Pong,5.617,-0.23565904932491508,0.0,0.0,0.0,41730.65049219515,3.297250017008795,,cwc,0.008296822056512276
2019-09-15,Pong,5.6,-0.23658584539465854,0.0,0.0,0.0,44263.125608162096,4.817341091240952,,cwc,0.007533344117023333
2019-09-16,Pong,5.579,-0.23895814604921922,0.0,0.0,0.0,43423.126519733836,0.1962451751541629,,cwc,0.01772923580545882
2019-09-17,Pong,5.553,-0.24206709725159387,0.0,0.0,0.0,40897.76561680717,4.1266882899048455e-05,,cwc,0.020674114577426295
2019-09-18,Pong,5.539,-0.24277725974154177,0.0,0.0,0.0,43253.955211334585,6.380177940079031,,cwc,0.0024956283486412545
2019-09-19,Pong,5.522,-0.2443268734164747,0.0,0.0,0.0,45917.587073903196,3.72271309155994,,cwc,0.011260224191287804
2019-09-20,Pong,5.43164,-0.25846494016085564,0.0,0.0,0.0,45777.86658356128,5.39321391318794,,cwc,0.09113700076859388
2019-09-21,Pong,5.42007,-0.2616742161573628,0.0,0.0,0.0,44786.561113346776,0.2020665546628858,,cwc,0.012005164033711324
2019-09-22,Pong,5.40923,-0.26199197097053656,0.0,0.0,0.0,44503.99615578728,6.866398757627914,,cwc,0.008849860312115432
2019-09-23,Pong,5.39767,-0.25961418599713537,0.0,0.0,0.0,45585.09774241853,0.0,,cwc,0.008878543796921434
2019-09-24,Pong,5.38611,-0.25867886497417186,0.0,0.0,0.0,40723.99859483306,0.0,,cwc,0.011523540501026552
2019-09-25,Pong,5.37455,-0.2525151939507899,0.0,0.0,0.0,40944.326071782656,0.7027266994292581,,cwc,-0.0003695057979431482
2019-09-26,Pong,5.36009,-0.24804453997330816,0.0,0.0,0.0,48270.43776186077,17.951538844912683,,cwc,0.0030695420191744205
2019-09-27,Pong,5.366623427724078,-0.2464204414759542,0.0,0.0,0.0,56313.99421967868,4.938116923796574,,model,
2019-09-28,Pong,5.392836023977095,-0.24641317284981154,0.0,0.0,0.0,53097.02202811675,12.793283728379205,,model,
2019-09-29,Pong,5.411178054735526,-0.24710949792979406,0.0,0.0,0.0,63814.70669221245,15.189406167149482,,model,
2019-09-30,Pong,5.36,-0.2608359722341034,0.0,0.0,0.0,60175.723843842185,2.966874880488487,,cwc,0.09574171069803672
2020-06-01,Pong,2.82817,-0.603903674703954,0.0,0.0,0.0,54710.22382401485,1.3946026724537457,,cwc,
2020-06-02,Pong,2.80882,-0.6081995919132233,0.0,0.0,0.0,49646.22824048395,4.902776816489035,,cwc,0.04163885082231111
2020-06-03,Pong,2.78732,-0.6132744058435613,0.0,0.0,0.0,49489.21447740164,4.840359813257364,,cwc,0.03139940306487743
2020-06-04,Pong,2.76421,-0.6189157036818559,0.0,0.0,0.0,49997.26416197448,7.055848934262409,,cwc,0.03262525703180552
2020-06-05,Pong,2.74003,-0.6249869503031045,0.0,0.0,0.0,52367.61368426673,9.681959496127757,,cwc,0.03493823896600512
2020-06-06,Pong,2.71531,-0.6317335593210901,0.0,0.0,0.0,49818.800594781125,1.3047324317357936,,cwc,0.041277478141648505
2020-06-07,Pong,2.69059,-0.6378211615274765,0.0,0.0,0.0,43312.72524264812,0.1500897558290598,,cwc,0.035041614366738916
2020-06-08,Pong,2.66963,-0.6417069198625024,0.0,0.0,0.0,42125.83619384842,1.372234292818099,,cwc,0.015364009512711885
2020-06-09,Pong,2.64813,-0.6452324861159499,0.0,0.0,0.0,41790.12422491684,1.5511354124615762,,cwc,0.013000195790639157
2020-06-10,Pong,2.62609,-0.6487537471695701,0.0,0.0,0.0,42368.82996159722,2.7357108844168505,,cwc,0.012718851097103023
2020-06-11,Pong,2.60251,-0.6526906138487608,0.0,0.0,0.0,41783.642996511386,0.0,,cwc,0.015674698400534037
2020-06-12,Pong,2.57892,-0.656446206991638,0.0,0.0,0.0,40301.50481426485,0.0281534520762715,,cwc,0.014252994282180964
2020-06-13,Pong,2.55431,-0.6598759073038392,0.0,0.0,0.0,40408.58777481837,0.6506111164628042,,cwc,0.011646831250372358
2020-06-14,Pong,2.53124,-0.6628747263287361,0.0,0.0,0.0,40306.420569210495,0.2312583730762092,,cwc,0.01036881780300769
2020-06-15,Pong,2.51073,-0.6649442424821669,0.0,0.0,0.0,40276.207847142585,0.5844606258125707,,cwc,0.007558858016210479
2020-06-16,Pong,2.49432,-0.6658136814370894,0.0,0.0,0.0,40235.24445289478,0.0,,cwc,0.00338494030923453
2020-06-17,Pong,2.47535,-0.6672036199695343,0.0,0.0,0.0,40141.07025230739,0.5693667068216626,,cwc,0.005844720270605119
2020-06-18,Pong,2.45587,-0.669249657769235,0.0,0.0,0.0,40902.5881790571,1.7147614550007773,,cwc,0.006124315974426864
2020-06-19,Pong,2.43895,-0.6685080104615964,0.0,0.0,0.0,42523.08101583232,4.006612408357326,,cwc,0.005427427111509342
2020-06-20,Pong,2.421,-0.665728328888939,0.0,0.0,0.0,44392.89659478345,4.364089284913369,,cwc,0.010422085257701053
2020-06-21,Pong,2.40921,-0.6665109066817844,0.0,0.0,0.0,43847.374114926104,1.3117277901397937,,cwc,0.008836730327848485
2020-06-22,Pong,2.39537,-0.668155458390236,0.0,0.0,0.0,42006.691957096285,0.762432383504653,,cwc,0.009552068369082178
2020-06-23,Pong,2.37896,-0.670295436020221,0.0,0.0,0.0,50028.245023500574,19.073710662166683,,cwc,0.007618700414607993
2020-06-24,Pong,2.36306,-0.6745672138151596,0.0,0.0,0.0,58142.41422391467,4.920877731227908,,cwc,0.026734035984194993
2020-06-25,Pong,2.37588,-0.6771376678425463,0.0,0.0,0.0,46880.04966930346,0.2261838707520751,,cwc,0.01786596392237305
2020-06-26,Pong,2.38716,-0.6772805213914601,0.0,0.0,0.0,44604.0309239727,2.3313495049754374,,cwc,-0.008148261781994126
2020-06-27,Pong,2.37742,-0.6792504739908907,0.0,0.0,0.0,42337.588372243925,0.0,,cwc,0.007303286414469312
2020-06-28,Pong,2.36871,-0.6801183722075187,0.0,0.0,0.0,43798.61514232564,6.3535689016213,,cwc,0.0007282634920180442
2020-06-29,Pong,2.35589,-0.6810457357718545,0.0,0.0,0.0,45243.319439343526,2.0012460817152715,,cwc,0.008412775859092392
2020-06-30,Pong,2.34922,-0.6777326874940347,0.0,0.0,0.0,41843.86658719913,0.0,,cwc,0.005797354062725635
2020-07-01,Pong,2.35281,-0.6716976653620667,0.0,0.0,0.0,42715.28710069081,4.179685907952766,,cwc,-0.01277966415357712
2020-07-02,Pong,2.34614,-0.670952238658188,0.0,0.0,0.0,43311.611841544436,1.1685558918252943,,cwc,-0.0003876680353789297
2020-07-03,Pong,2.34358,-0.6683785383844604,0.0,0.0,0.0,46275.350278102414,10.658697374504907,,cwc,-0.0030387145072006128
2020-07-04,Pong,2.3482,-0.6652951903510959,0.0,0.0,0.0,57841.38615401421,19.43681801426612,,cwc,-0.0029677045249143497
2020-07-05,Pong,2.35537,-0.6669683082641108,0.0,0.0,0.0,58358.914085143515,0.3940088550279703,,cwc,0.022779476008030652
2020-07-06,Pong,2.36409,-0.6694472972987408,0.0,0.0,0.0,47662.67599015184,4.48140212723582,,cwc,0.022495647188470524
2020-07-07,Pong,2.3646,-0.6664988341958956,0.0,0.0,0.0,52026.7627120198,8.588064391481,,cwc,0.004536492635896394
2020-07-08,Pong,2.35435,-0.6667213353445798,0.0,0.0,0.0,53574.371637045755,7.465073291431925,,cwc,0.025973560488272263
2020-07-09,Pong,2.34666,-0.6712083800685654,0.0,0.0,0.0,49925.41167241045,2.040111324314265,,cwc,0.02719990263831429
2020-07-10,Pong,2.36563,-0.6707508149052444,0.0,0.0,0.0,47408.16698428376,7.219631468567384,,cwc,-0.008387553577848816
2020-07-11,Pong,2.37229,-0.6712676062435118,0.0,0.0,0.0,56239.68316980687,15.832767693386357,,cwc,-0.0022361828739825285
2020-07-12,Pong,2.37588,-0.6730472116363874,0.0,0.0,0.0,55553.31092827665,0.046251672897895,,cwc,0.022440788655636812
2020-07-13,Pong,2.37486,-0.6731933349369345,0.0,0.0,0.0,43347.60546038855,0.0,,cwc,0.025371527114365744
2020-07-14,Pong,2.37229,-0.6688864397829305,0.0,0.0,0.0,43535.11238742241,2.8469405019154346,,cwc,-0.00294065339954086
2020-07-15,Pong,2.36614,-0.6638960214477645,0.0,0.0,0.0,43146.12452459319,2.027883393287338,,cwc,0.0010980964627611556
2020-07-16,Pong,2.36204,-0.6577253206063538,0.0,0.0,0.0,49469.68036151557,14.72279751696474,,cwc,-0.0019035917299516925
2020-07-17,Pong,2.36204,-0.6506654447124961,0.0,0.0,0.0,55534.82024194973,8.92284395207169,,cwc,0.0094674653415745
2020-07-18,Pong,2.36358,-0.6505224853315255,0.0,0.0,0.0,57231.20113945388,13.711593344047976,,cwc,0.022766288253377898
2020-07-19,Pong,2.37434,-0.6525451803616108,0.0,0.0,0.0,60918.654759836725,7.233823434039837,,cwc,0.017696612273147228
2020-07-20,Pong,2.39024,-0.6547376748259374,0.0,0.0,0.0,63208.61931376338,18.176391644133496,,cwc,0.02157824612612158
2020-07-21,Pong,2.46408,-0.6480661782268262,0.0,0.0,0.0,70505.81609820246,8.638234798976859,,cwc,-0.030759182596068246
2020-07-22,Pong,2.41331,-0.6606858215261177,0.0,0.0,0.0,55331.34150055961,2.343438823817409,,cwc,0.11170396060779808
2020-07-23,Pong,2.42921,-0.6569089085536084,0.0,0.0,0.0,46806.243358883075,0.0039892855770083,,cwc,0.007908462140653771
2020-07-24,Pong,2.44253,-0.6494932820674086,0.0,0.0,0.0,47886.85416698494,10.115092108871002,,cwc,-0.010368834496175872
2020-07-25,Pong,2.44408,-0.63836577927782,0.0,0.0,0.0,52906.55043289984,5.902896219741403,,cwc,0.004044961481182163
2020-07-26,Pong,2.45433,-0.6260814329880463,0.0,0.0,0.0,53654.83443657247,13.6920556378998,,cwc,0.007626027611451924
2020-07-27,Pong,2.45997,-0.6198008811707452,0.0,0.0,0.0,60086.435039673255,11.171859038506357,,cwc,0.01406676095596282
2020-07-28,Pong,2.47587,-0.6171724756654248,0.0,0.0,0.0,63458.055790555736,15.830089338180112,,cwc,0.019542157710246144
2020-07-29,Pong,2.49791,-0.6183213195759076,0.0,0.0,0.0,80409.65751179375,25.78636809872665,,cwc,0.021651082588220127
2020-07-30,Pong,2.52355,-0.6263233688503383,0.0,0.0,0.0,85320.38069321259,11.20527005185027,,cwc,0.05952445681728369
2020-07-31,Pong,2.58559,-0.6313014390785318,0.0,0.0,0.0,70063.57473529849,8.256231022531916,,cwc,0.03513891206390296
2020-08-01,Pong,2.62507,-0.6330512966274345,0.0,0.0,0.0,61419.34958617866,4.899510093662642,,cwc,0.020371983704086993
2020-08-02,Pong,2.67016,-0.6279182488718051,0.0,0.0,0.0,51026.36441574546,2.242948384393402,,cwc,-0.00638676615596756
2020-08-03,Pong,2.68844,-0.6210307046171785,0.0,0.0,0.0,46086.19696573386,2.282829884559035,,cwc,-0.005003989519200669
2020-08-04,Pong,2.69972,-0.6157369842761693,0.0,0.0,0.0,45129.45663103613,4.276125621538777,,cwc,-0.010090482393315447
2020-08-05,Pong,2.70671,-0.607834669822789,0.0,0.0,0.0,48712.72716938578,9.620005974647729,,cwc,-0.008141219899627128
2020-08-06,Pong,2.71316,-0.5972227815880444,0.0,0.0,0.0,58284.32198590029,19.120262002784592,,cwc,0.0011655221725850318
2020-08-07,Pong,2.72229,-0.5906193298618009,0.0,0.0,0.0,64077.33996167569,8.678173163201459,,cwc,0.021903151982570535
2020-08-08,Pong,2.75669,-0.5808240549353129,0.0,0.0,0.0,57249.237214233945,6.751222094697415,,cwc,0.010806208097027703
2020-08-09,Pong,2.77389,-0.5626364001110645,0.0,0.0,0.0,65818.73085240014,20.79955087176775,,cwc,0.011300738892641604
2020-08-10,Pong,2.82441,-0.5419264951048733,0.0,0.0,0.0,77696.36732727909,14.578093872621576,,cwc,-0.0010533475344840504
2020-08-11,Pong,2.90395,-0.5317608450144146,0.0,0.0,0.0,74228.71542810857,14.039134878783392,,cwc,-0.001013812596127206
2020-08-12,Pong,2.9765,-0.5171429633619945,0.0,0.0,0.0,79203.60666593819,20.73784446331933,,cwc,-0.0025076849331138185
2020-08-13,Pong,3.04529,-0.510331826988011,0.0,0.0,0.0,104412.30310798973,37.37807390323619,,cwc,0.013423762311125298
2020-08-14,Pong,3.15708,-0.5077119104700467,0.0,0.0,0.0,106878.24674509297,2.448663800839721,,cwc,0.03209874256141143
2020-08-15,Pong,3.27046,-0.5084593944094341,0.0,0.0,0.0,75475.95322625535,18.9952021465917,,cwc,0.0365418599606504
2020-08-16,Pong,3.31289,-0.506591790650451,0.0,0.0,0.0,88131.55906113141,13.134196722801471,,cwc,0.030663776563316425
2020-08-17,Pong,3.41401,-0.49471454738955545,0.0,0.0,0.0,71381.72850301853,8.616294265560699,,cwc,0.00293667231302841
2020-08-18,Pong,3.477086946477464,-0.4839974343314159,0.0,0.0,0.0,66526.36545416302,9.662121890724382,,model,
2020-08-19,Pong,3.41401,-0.4984239047391354,0.0,0.0,0.0,58308.66215395834,6.698243244943535,,cwc,0.11427488045483614
2020-08-20,Pong,3.4451027020425165,-0.4954608263812835,0.0,0.0,0.0,63698.19772246999,17.67978999382251,,model,
2020-08-21,Pong,3.7011,-0.46170979046200517,0.0,0.0,0.0,82190.64435914508,28.15839595896224,,cwc,-0.21171868999118093
2020-08-22,Pong,3.82078,-0.4467920236509027,0.0,0.0,0.0,77533.51390108484,0.0805747434948887,,cwc,-0.03015822431504267
2020-08-23,Pong,3.95648,-0.4225096730889967,0.0,0.0,0.0,49321.90067832908,0.431177994751366,,cwc,-0.057572245806162936
2020-08-24,Pong,4.02496,-0.4070077520965664,0.0,0.0,0.0,54429.01051963809,12.461423451481007,,cwc,-0.05937408881743833
2020-08-25,Pong,4.06935,-0.40124734879068047,0.0,0.0,0.0,59630.370704395384,8.574184611691964,,cwc,-0.02278915877126053
2020-08-26,Pong,4.13149,-0.3944870197534796,0.0,0.0,0.0,77723.38808866208,38.043786184229816,,cwc,-0.02781363813964255
2020-08-27,Pong,4.20759,-0.39018590040900153,0.0,0.0,0.0,94421.74597365182,13.394839746867484,,cwc,0.0024922957378947785
2020-08-28,Pong,4.327036089790131,-0.39022507295720366,0.0,0.0,0.0,67522.44392982611,2.178254148238994,,model,
2020-08-29,Pong,4.380671005007509,-0.3905919276193852,0.0,0.0,0.0,53449.41276944731,0.1035712076176978,,model,
2020-08-30,Pong,4.399875186336157,-0.3884796118363356,0.0,0.0,0.0,54375.18807077602,14.356043941014375,,model,
2020-08-31,Pong,4.421344346877709,-0.38520376224286873,0.0,0.0,0.0,59434.62522574491,3.534211833550457,,model,
2020-09-01,Pong,4.455191802636849,-0.38597707960879607,0.0,0.0,0.0,45483.27853725495,0.7848699438419907,,model,
2020-09-02,Pong,4.624,-0.3628868460748382,0.0,0.0,0.0,44506.89233276709,3.417125795459824,,cwc,-0.1690937652395439
2020-09-03,Pong,4.62437,-0.36302494591704654,0.0,0.0,0.0,51894.014540629105,16.7044120235441,,cwc,-0.0030443704873039934
2020-09-04,Pong,4.72243,-0.3533538201117022,0.0,0.0,0.0,55360.96715256607,0.3904502099264945,,cwc,-0.08266121794156867
2020-09-05,Pong,4.75659,-0.353683971066757,0.0,0.0,0.0,43295.76557410385,0.6499187756803039,,cwc,-0.010279056463627256
2020-09-06,Pong,4.77803,-0.3518858983731338,0.0,0.0,0.0,45286.92453483222,5.182809910200457,,cwc,-0.02707748359760931
2020-09-07,Pong,4.79277,-0.3514760280759532,0.0,0.0,0.0,43944.16789443781,0.004009325415385,,cwc,-0.015505962776990678
2020-09-08,Pong,4.8142,-0.3496380345032046,0.0,0.0,0.0,40630.31457878769,0.0,,cwc,-0.025481118337002506
2020-09-09,Pong,4.82023,-0.3490284637304027,0.0,0.0,0.0,40414.851742855004,0.1067024938158402,,cwc,-0.01818871082060891
2020-09-10,Pong,4.81889,-0.3493605695599558,0.0,0.0,0.0,39890.16868638612,0.0,,cwc,-0.011345856925975895
2020-09-11,Pong,4.80884,-0.35076035126934785,0.0,0.0,0.0,40483.45727426296,1.496901786835844,,cwc,-0.003919533661097319
2020-09-12,Pong,4.8008,-0.35206417975876797,0.0,0.0,0.0,40661.609598098585,0.0,,cwc,-0.004478008310544013
2020-09-13,Pong,4.79344,-0.35332828263090676,0.0,0.0,0.0,39981.967925785146,0.0007988269427667,,cwc,-0.004722145191665916
2020-09-14,Pong,4.78473,-0.3545702813186315,0.0,0.0,0.0,39972.98862548294,0.0,,cwc,-0.005034939886882306
2020-09-15,Pong,4.77334,-0.3561771760504189,0.0,0.0,0.0,39827.056528762805,0.0,,cwc,-0.0023769084234190885
2020-09-16,Pong,4.76262,-0.35764771124949923,0.0,0.0,0.0,39884.69804504643,0.1418583361401049,,cwc,-0.0034039423225644683
2020-09-17,Pong,4.74789,-0.35968162931729253,0.0,0.0,0.0,39903.28029113392,0.0,,cwc,0.0007470820015829105
2020-09-18,Pong,4.73181,-0.3618467048493947,0.0,0.0,0.0,39841.29357214055,0.0,,cwc,0.0021425448704421868
2020-09-19,Pong,4.71573,-0.3638565478636198,0.0,0.0,0.0,39840.45129373364,0.0,,cwc,0.0019908896796048126
2020-09-20,Pong,4.70234,-0.3654663051982166,0.0,0.0,0.0,39826.974127344176,0.0,,cwc,-0.0007011710181492603
2020-09-21,Pong,4.68693,-0.36697872117236807,0.0,0.0,0.0,39844.9434115181,0.0451887166201557,,cwc,0.0012858560761399573
2020-09-22,Pong,4.67219,-0.3682657017049666,0.0,0.0,0.0,40024.51070705726,0.4364113549714588,,cwc,0.0006598192873710218
2020-09-23,Pong,4.65478,-0.3705768041843932,0.0,0.0,0.0,40425.06644148755,0.8940520744588099,,cwc,0.003769144241417166
2020-09-24,Pong,4.63736,-0.3730449644058362,0.0,0.0,0.0,40516.8534730163,0.3700133831831601,,cwc,0.004759134105903229
2020-09-25,Pong,4.61994,-0.3756660675521326,0.0,0.0,0.0,41619.0657537045,3.5610877716563154,,cwc,0.004983698012640758
2020-09-26,Pong,4.60454,-0.3783799890265408,0.0,0.0,0.0,42034.90722731186,0.0,,cwc,0.005660343624574793
2020-09-27,Pong,4.58913,-0.38123484158190274,0.0,0.0,0.0,40254.24525418872,0.0,,cwc,0.006687731204728209
2020-09-28,Pong,4.57372,-0.38349209138852236,0.0,0.0,0.0,40190.90730613532,0.0,,cwc,0.002331207166396787
2020-09-29,Pong,4.561,-0.38535908590367246,0.0,0.0,0.0,39826.974127344176,0.0,,cwc,-0.0005137539084163478
2020-09-30,Pong,4.54894,-0.3870134068913268,0.0,0.0,0.0,39826.974127344176,0.0,,cwc,-0.002064143923860229
2021-06-01,Pong,0.80653,-0.894155214531141,0.0,0.0,0.0,48427.318456589666,0.7946232925506654,,cwc,
2021-06-02,Pong,0.813447248195371,-0.8957714176201583,0.0,0.0,0.0,43552.612356856705,3.3058577742395268,,model,
2021-06-03,Pong,0.773,-0.902419993938311,0.0,0.0,0.0,43953.75604847318,0.511521445020499,,cwc,0.03543815965539776
2021-06-04,Pong,0.7689723398061868,-0.9043024980285372,0.0,0.0,0.0,40776.53969765201,0.2107192108761,,model,
2021-06-05,Pong,0.7571713797855368,-0.9056011096613608,0.0,0.0,0.0,40959.21268601825,1.1151995779153543,,model,
2021-06-06,Pong,0.745817343031056,-0.9052398396954024,0.0,0.0,0.0,40784.240053256195,0.5168513812111459,,model,
2021-06-07,Pong,0.7340352225121192,-0.9032905239519871,0.0,0.0,0.0,40274.20422490523,0.0,,model,
2021-06-08,Pong,0.7210052608081852,-0.9010444841805693,0.0,0.0,0.0,39990.749616247034,0.0,,model,
2021-06-09,Pong,0.7072818059904349,-0.9000558409839795,0.0,0.0,0.0,41730.55937695974,4.535498572814061,,model,
2021-06-10,Pong,0.73138,-0.8955073347123781,0.0,0.0,0.0,46676.46708748826,9.56084798601504,,cwc,-0.033565072812848595
2021-06-11,Pong,0.7340136580518369,-0.8952759426433485,0.0,0.0,0.0,51408.32739677754,9.51861502740082,,model,
2021-06-12,Pong,0.748224169821334,-0.8934822108280855,0.0,0.0,0.0,52292.468566288866,6.338390319651793,,model,
2021-06-13,Pong,0.7645977997549703,-0.8896077047056098,0.0,0.0,0.0,48545.83542137197,1.5211946557380345,,model,
2021-06-14,Pong,0.7718050086581104,-0.8871678694723831,0.0,0.0,0.0,45433.86489184261,3.41854374634782,,model,
2021-06-15,Pong,0.7713985465652354,-0.8870288935048695,0.0,0.0,0.0,46289.473164355746,4.393726012094899,,model,
2021-06-16,Pong,0.7730853947484604,-0.8879909261324656,0.0,0.0,0.0,50944.73785494066,12.725769738357531,,model,
2021-06-17,Pong,0.624,-0.9118448502722328,0.0,0.0,0.0,57144.76904841011,10.748820003388774,,cwc,0.1621616996817271
2021-06-18,Pong,0.6522451496328489,-0.9137261331666886,0.0,0.0,0.0,52869.91605985045,2.64497598731706,,model,
2021-06-19,Pong,0.6700315484830714,-0.9153971832119908,0.0,0.0,0.0,46014.1032166438,0.7158566720158538,,model,
2021-06-20,Pong,0.6710446832862452,-0.916669273848345,0.0,0.0,0.0,42733.45542591769,0.6566815089104066,,model,
2021-06-21,Pong,0.6640314654310698,-0.9174116340121538,0.0,0.0,0.0,40804.15083093482,0.0020515941837271,,model,
2021-06-22,Pong,0.6522980581338944,-0.9182329173283946,0.0,0.0,0.0,39994.38838276014,0.0,,model,
2021-06-23,Pong,0.6385835058333111,-0.9198862477184314,0.0,0.0,0.0,40620.81394853469,1.7211555960776073,,model,
2021-06-24,Pong,0.512,-0.9373458953705227,0.0,0.0,0.0,41809.58332723712,2.429902233554717,,cwc,0.11440155100305838
2021-06-25,Pong,0.5027264592609779,-0.9392802785931064,0.0,0.0,0.0,43388.00797546932,4.603034500587992,,model,
2021-06-26,Pong,0.49731465366681216,-0.9412171377478429,0.0,0.0,0.0,43152.84263088119,0.0869504460731238,,model,
2021-06-27,Pong,0.49132749829141653,-0.9428471492471856,0.0,0.0,0.0,40673.612762419456,0.0,,model,
2021-06-28,Pong,0.47927471974804825,-0.9434314678466688,0.0,0.0,0.0,40335.792890548764,0.0,,model,
2021-06-29,Pong,0.4663954393673607,-0.9438785051582301,0.0,0.0,0.0,39836.166662300726,0.0,,model,
2021-06-30,Pong,0.4522937856747268,-0.9435901047615052,0.0,0.0,0.0,39828.78918915087,0.0042518555329321,,model,
2021-07-01,Pong,0.35,-0.9543878564819179,0.0,0.0,0.0,40743.09547815619,2.299976308384562,,cwc,0.08817408243669644
2021-07-02,Pong,0.3308,-0.956761888554962,0.0,0.0,0.0,43858.92047438263,6.684733989645523,,cwc,0.0073172161697915294
2021-07-03,Pong,0.33349,-0.9568366079709215,0.0,0.0,0.0,44267.97409660559,0.1434690835345134,,cwc,-0.00694968259023121
2021-07-04,Pong,0.32937,-0.9576659235188288,0.0,0.0,0.0,46459.33945344481,12.121951016327005,,cwc,0.000861097998717697
2021-07-05,Pong,0.31724,-0.9589674151628244,0.0,0.0,0.0,49466.004633332195,0.0412073937451995,,cwc,0.014232438892123278
2021-07-06,Pong,0.31332,-0.9590166206104515,0.0,0.0,0.0,41516.955165813146,0.0,,cwc,0.01337847239488893
2021-07-07,Pong,0.31332,-0.94798516790414,0.0,0.0,0.0,42536.78490892691,2.3164337002076567,,cwc,-0.009989477642700917
2021-07-08,Pong,0.31135,-0.912535711901853,0.0,0.0,0.0,43480.86970992578,4.302410623635168,,cwc,-0.005524387132575526
2021-07-09,Pong,0.30616538765447265,-0.8689619283557212,0.0,0.0,0.0,47539.2676494411,8.49583018353149,,model,
2021-07-10,Pong,0.31090995246186914,-0.8454690987947103,0.0,0.0,0.0,50921.62789960642,9.313475994938226,,model,
2021-07-11,Pong,0.32045,-0.8292112581952554,0.0,0.0,0.0,74387.0990595189,46.62583323326245,,cwc,0.003479717143556438
2021-07-12,Pong,0.33865,-0.830314720360714,0.0,0.0,0.0,148969.84998653177,60.412358566080535,,cwc,0.052229812586309765
2021-07-13,Pong,0.5915521471240967,-0.8270721326923961,0.0,0.0,0.0,175435.713689375,14.7437074464885,,model,
2021-07-14,Pong,0.909205029175397,-0.8116176342681404,0.0,0.0,0.0,115600.99703087367,12.135556556470268,,model,
2021-07-15,Pong,0.765,-0.8196174486081717,0.0,0.0,0.0,95465.36194868087,7.639151961189331,,cwc,0.3154677566751668
2021-07-16,Pong,0.8869993751135823,-0.799522755668352,0.0,0.0,0.0,63660.17127920139,1.3025169112387949,,model,
2021-07-17,Pong,0.9311849485136992,-0.7886471526066337,0.0,0.0,0.0,55261.85742559368,8.600917471266055,,model,
2021-07-18,Pong,0.9548234126157358,-0.7832236933814766,0.0,0.0,0.0,91649.38266378094,62.16247346106363,,model,
2021-07-19,Pong,1.0674867061285611,-0.7791229209111622,0.0,0.0,0.0,150705.73058092804,25.743742241122803,,model,
2021-07-20,Pong,1.3246358162649003,-0.7772324652722361,0.0,0.0,0.0,105475.65427840698,8.433278545054348,,model,
2021-07-21,Pong,1.4711261277961853,-0.7745582449916469,0.0,0.0,0.0,78005.76260323205,2.5662082679206577,,model,
2021-07-22,Pong,1.30923,-0.8029798651624439,0.0,0.0,0.0,61760.14589180668,8.39967487634539,,cwc,0.24117927411611273
2021-07-23,Pong,1.348767017751395,-0.7869379681834626,0.0,0.0,0.0,57818.96922945218,2.530573398519922,,model,
2021-07-24,Pong,1.3786616490599861,-0.7630655111872918,0.0,0.0,0.0,51232.943414661306,10.051658102834056,,model,
2021-07-25,Pong,1.3924430706677566,-0.7429125557572072,0.0,0.0,0.0,53568.3073269347,6.56778250522309,,model,
2021-07-26,Pong,1.4119381365132524,-0.7227587217202387,0.0,0.0,0.0,59491.1153317276,21.26983171273776,,model,
2021-07-27,Pong,1.445923799584255,-0.7123916980198497,0.0,0.0,0.0,93399.63945504976,42.55382468407798,,model,
2021-07-28,Pong,1.5628692285610295,-0.7079282767970296,0.0,0.0,0.0,116732.1634104894,18.15206642390279,,model,
2021-07-29,Pong,1.67045,-0.7147791204044217,0.0,0.0,0.0,105649.25756435664,23.433407962462947,,cwc,0.06644944006311393
2021-07-30,Pong,1.8173650450853163,-0.7123475119147639,0.0,0.0,0.0,105651.87552732788,12.48009521199153,,model,
2021-07-31,Pong,1.9642864952148174,-0.7097669976032888,0.0,0.0,0.0,76490.36139241022,4.587911441748197,,model,
2021-08-01,Pong,2.039862097990653,-0.7069550884213821,0.0,0.0,0.0,58899.544652752455,3.237907491846785,,model,
2021-08-02,Pong,2.072400438705012,-0.7059731162101762,0.0,0.0,0.0,52346.895756093974,7.230070838645303,,model,
2021-08-03,Pong,2.0889072288702386,-0.7053381106867039,0.0,0.0,0.0,52845.40303766833,6.273497145837211,,model,
2021-08-04,Pong,2.106633654759843,-0.7041913913548443,0.0,0.0,0.0,53289.093992981085,10.8274774032343,,model,
2021-08-05,Pong,2.14362,-0.6998876474715838,0.0,0.0,0.0,53978.575504604625,5.484881486475778,,cwc,-0.01817439590950265
2021-08-06,Pong,2.1641188179361,-0.698009907772187,0.0,0.0,0.0,48525.95805296693,2.612204060660249,,model,
2021-08-07,Pong,2.1712773953557907,-0.6967720594760516,0.0,0.0,0.0,47492.11008608967,5.1528360457249125,,model,
2021-08-08,Pong,2.175906585621904,-0.6957794222836594,0.0,0.0,0.0,49016.85093046275,6.583789076467294,,model,
2021-08-09,Pong,2.1842661695511603,-0.6952423022876849,0.0,0.0,0.0,50995.25420479324,7.96894116008479,,model,
2021-08-10,Pong,2.197466066550627,-0.6952549474204835,0.0,0.0,0.0,51195.0540474854,6.072769182948358,,model,
2021-08-11,Pong,2.211154788959229,-0.6953368225385762,0.0,0.0,0.0,49288.38562751331,4.523678635395624,,model,
2021-08-12,Pong,2.33,-0.6812046857406977,0.0,0.0,0.0,48557.73623083256,5.195028590915235,,cwc,-0.1098212969619432
2021-08-13,Pong,2.337236325132539,-0.6828626479254548,0.0,0.0,0.0,47200.44302648944,2.832894944237313,,model,
2021-08-14,Pong,2.341151929903192,-0.6845517670420413,0.0,0.0,0.0,45562.321613869666,3.871425727089502,,model,
2021-08-15,Pong,2.34105974688509,-0.6840618081880427,0.0,0.0,0.0,45356.038757118506,3.01635732317869,,model,
2021-08-16,Pong,2.3404628772741947,-0.6813037534162698,0.0,0.0,0.0,42821.41434881207,0.0,,model,
2021-08-17,Pong,2.3336648575687855,-0.678788411644854,0.0,0.0,0.0,40659.81151946466,0.0,,model,
2021-08-18,Pong,2.321578313241906,-0.6754083286556981,0.0,0.0,0.0,40566.97398847186,0.8907533854033519,,model,
2021-08-19,Pong,2.37,-0.6660093269770272,0.0,0.0,0.0,47059.91815055444,14.98553441778042,,cwc,-0.06073536511800981
2021-08-20,Pong,2.37357180004565,-0.6632212917678293,0.0,0.0,0.0,53818.10686484036,6.503241875413787,,model,
2021-08-21,Pong,2.393678019331875,-0.6582336987624564,0.0,0.0,0.0,53094.90100437832,11.72919420962286,,model,
2021-08-22,Pong,2.4120148608454968,-0.6530657508934966,0.0,0.0,0.0,55671.54879634784,4.624574437791284,,model,
2021-08-23,Pong,2.436655665836443,-0.6457402991522067,0.0,0.0,0.0,48781.32711399898,3.0802900052493314,,model,
2021-08-24,Pong,2.4444390229559443,-0.638380381003721,0.0,0.0,0.0,53907.43882486287,13.197428414368954,,model,
2021-08-25,Pong,2.4647637996309966,-0.6367268667345201,0.0,0.0,0.0,60461.40621135511,12.089129046319146,,model,
2021-08-26,Pong,2.48,-0.6382364279693616,0.0,0.0,0.0,60998.805090347305,10.50416965467214,,cwc,0.021123352640165294
2021-08-27,Pong,2.5176743399647163,-0.6379496038801689,0.0,0.0,0.0,67427.46545111289,20.377611923753307,,model,
2021-08-28,Pong,2.5710768831587205,-0.6385345708003624,0.0,0.0,0.0,67530.16414313276,2.506706857330097,,model,
2021-08-29,Pong,2.6247306864611804,-0.6386845384876626,0.0,0.0,0.0,50526.935137729684,2.75247406229285,,model,
2021-08-30,Pong,2.636784805483655,-0.6382222360043298,0.0,0.0,0.0,49735.84254799744,4.791662264168974,,model,
2021-08-31,Pong,2.6469034567218257,-0.6388596935424734,0.0,0.0,0.0,46454.64256929198,2.264691206016917,,model,
2021-09-01,Pong,2.648994404332041,-0.6400398074678245,0.0,0.0,0.0,43856.98868936671,1.7029372253384067,,model,
2021-09-02,Pong,2.88729,-0.607488456344905,0.0,0.0,0.0,45153.14503064982,6.916748756829306,,cwc,-0.24256000451616933
2021-09-03,Pong,2.8861967355595812,-0.6047076438098339,0.0,0.0,0.0,46977.5111541633,3.5494805110372947,,model,
2021-09-04,Pong,2.889566920663078,-0.5989524028363228,0.0,0.0,0.0,43700.58370708316,0.4805920514301535,,model,
2021-09-05,Pong,2.884919855210011,-0.5933760797956397,0.0,0.0,0.0,42083.64403402052,1.3773950828942878,,model,
2021-09-06,Pong,2.876316824694201,-0.5826589873470022,0.0,0.0,0.0,43449.788517809066,4.607210839383523,,model,
2021-09-07,Pong,2.8710561698641146,-0.5710148623334051,0.0,0.0,0.0,53885.91760330089,21.11096788245345,,model,
2021-09-08,Pong,2.8913282932447832,-0.5554461736246381,0.0,0.0,0.0,62748.74767436823,8.350931169604575,,model,
2021-09-09,Pong,2.91,-0.5444993494768343,0.0,0.0,0.0,62215.63038204144,17.912413348600616,,cwc,0.0232839999416794
2021-09-10,Pong,2.9506513949665805,-0.5403769507429846,0.0,0.0,0.0,77533.4524914665,19.57839397342077,,model,
2021-09-11,Pong,3.028778998917147,-0.5360349090190284,0.0,0.0,0.0,80295.7082537511,14.209359174507382,,model,
2021-09-12,Pong,3.1136646702662705,-0.5310852349047227,0.0,0.0,0.0,91989.63260030923,28.32211670314185,,model,
2021-09-13,Pong,3.227160410953181,-0.5273354824993041,0.0,0.0,0.0,87734.95396319141,3.058425415636305,,model,
2021-09-14,Pong,3.3302467589323497,-0.5279513486868034,0.0,0.0,0.0,57883.408466352594,4.677244830655586,,model,
2021-09-15,Pong,3.3602990457021154,-0.528585138989113,0.0,0.0,0.0,58537.873193913394,8.254086674661522,,model,
2021-09-16,Pong,3.2,-0.5522603218786785,0.0,0.0,0.0,60348.42023943891,13.466785712468573,,cwc,0.1919525298697553
2021-09-17,Pong,3.236083124293289,-0.5474913353151429,0.0,0.0,0.0,56773.04351596032,0.6314367227668929,,model,
2021-09-18,Pong,3.2634188193287903,-0.5462500419695674,0.0,0.0,0.0,43764.91891491421,0.4281151514956606,,model,
2021-09-19,Pong,3.2589291548219204,-0.5424286474002273,0.0,0.0,0.0,43711.510878033914,2.819570632172371,,model,
2021-09-20,Pong,3.2543088235180835,-0.5394958444567683,0.0,0.0,0.0,53513.28378968158,20.309480416394667,,model,
2021-09-21,Pong,3.273669270122906,-0.5401952907615246,0.0,0.0,0.0,59810.03006076192,2.991639062925582,,model,
2021-09-22,Pong,3.30843518217108,-0.5414057043436824,0.0,0.0,0.0,49298.65075521931,6.698608902368685,,model,
2021-09-23,Pong,3.37972,-0.5345928550314764,0.0,0.0,0.0,56986.513881074825,13.436152445670134,,cwc,-0.062235789339674774
2021-09-24,Pong,3.4075779664104897,-0.5359587866749653,0.0,0.0,0.0,54338.79962411696,0.3177104168955132,,model,
2021-09-25,Pong,3.4289580998683054,-0.5369512202980284,0.0,0.0,0.0,43515.87732864,0.0,,model,
2021-09-26,Pong,3.4238591363066324,-0.5379624887008572,0.0,0.0,0.0,41993.360903984976,0.6665172236816911,,model,
2021-09-27,Pong,3.415035221292702,-0.5384480998125211,0.0,0.0,0.0,40462.15830262719,0.2153387401074294,,model,
2021-09-28,Pong,3.4024651034390088,-0.5389020961368857,0.0,0.0,0.0,41529.9676238687,3.0091979173023145,,model,
2021-09-29,Pong,3.3925074617579742,-0.5402600147288874,0.0,0.0,0.0,42642.8703396088,2.360084692130451,,model,
2021-09-30,Pong,3.41,-0.538215378378342,0.0,0.0,0.0,42586.74881712355,2.3086163040317165,,cwc,-0.02472737935415603
2022-06-02,Pong,1.467,-0.8096152922515076,0.0,0.0,0.0,40298.175320203714,0.0,,cwc,
2022-06-03,Pong,1.4540286853916233,-0.8115527605538204,0.0,0.0,0.0,39834.91437216282,0.0,,model,
2022-06-04,Pong,1.439923967876562,-0.8134790984748023,0.0,0.0,0.0,39826.974127344176,0.0,,model,
2022-06-05,Pong,1.4257998239527019,-0.8154002699622134,0.0,0.0,0.0,39826.974127344176,0.0,,model,
2022-06-06,Pong,1.4116756800288417,-0.817162310086761,0.0,0.0,0.0,39826.974127344176,0.0,,model,
2022-06-07,Pong,1.3975515361049815,-0.8185619411705324,0.0,0.0,0.0,39826.974127344176,0.0,,model,
2022-06-08,Pong,1.3834273921811213,-0.8195672153187263,0.0,0.0,0.0,39860.139046387645,0.083594032316305,,model,
2022-06-09,Pong,1.343,-0.8243310794992464,0.0,0.0,0.0,39875.53333936184,0.009153810540986,,cwc,0.026384388737162867
2022-06-10,Pong,1.316,-0.827848776209199,0.0,0.0,0.0,40349.69308373774,1.2819632895101531,,cwc,0.012994659856773172
2022-06-11,Pong,1.296,-0.828678700108142,0.0,0.0,0.0,41429.554243989296,2.1949824275755594,,cwc,0.007154727492046931
2022-06-12,Pong,1.275,-0.8280354080352494,0.0,0.0,0.0,42604.60974783019,3.321641444020781,,cwc,0.010796689399306558
2022-06-13,Pong,1.246,-0.8292122930477565,0.0,0.0,0.0,42189.44472243716,0.0,,cwc,0.021671551459665928
2022-06-14,Pong,1.213,-0.8289085849522341,0.0,0.0,0.0,40429.77372932715,0.0008530177939778,,cwc,0.024655818861172296
2022-06-15,Pong,1.179,-0.8296324485985145,0.0,0.0,0.0,46051.48095703103,13.337492997828798,,cwc,0.02135065084121779
2022-06-16,Pong,1.180104582268753,-0.8291778410828449,0.0,0.0,0.0,51929.781493512266,5.32525029829901,,model,
2022-06-17,Pong,1.1955908708794476,-0.8287121924967419,0.0,0.0,0.0,50951.17738028103,10.085105402724,,model,
2022-06-18,Pong,1.208682930597937,-0.8293728617255772,0.0,0.0,0.0,56582.63690504725,10.631944165847042,,model,
2022-06-19,Pong,1.2355527814754674,-0.8306672131998211,0.0,0.0,0.0,52169.87064596373,0.7781714010608078,,model,
2022-06-20,Pong,1.2516264663353012,-0.8324423054079279,0.0,0.0,0.0,46954.58265135551,4.722733919100129,,model,
2022-06-21,Pong,1.2549405551245323,-0.8343222318752608,0.0,0.0,0.0,46987.481452950255,2.8178692667940024,,model,
2022-06-22,Pong,1.2583351333172228,-0.836258069220212,0.0,0.0,0.0,43631.42041251416,1.3248005030715395,,model,
2022-06-23,Pong,0.917,-0.8827741977584016,0.0,0.0,0.0,41743.253264995015,0.0,,cwc,0.33651885463901343
2022-06-24,Pong,0.9075641777527617,-0.8798924594322117,0.0,0.0,0.0,40310.8021165989,0.0451887166201557,,model,
2022-06-25,Pong,0.894623755555664,-0.8753412949920527,0.0,0.0,0.0,39998.43009475375,0.0,,model,
2022-06-26,Pong,0.8809190916088063,-0.870260918962375,0.0,0.0,0.0,39831.83385022864,0.0,,model,
2022-06-27,Pong,0.8668068373641133,-0.8665792023378118,0.0,0.0,0.0,44543.94333782576,11.62039747697135,,model,
2022-06-28,Pong,0.8642231149597239,-0.8617727145717494,0.0,0.0,0.0,54186.64366041964,14.721709547245174,,model,
2022-06-29,Pong,0.8852309873576483,-0.8519492897535966,0.0,0.0,0.0,59160.990924282225,11.27329499755528,,model,
2022-06-30,Pong,0.621,-0.8867509500758939,0.0,0.0,0.0,60737.86946973004,10.985171066610109,,cwc,0.2974089761264065
2022-07-01,Pong,0.7836389285714286,-0.8625423536704576,0.0,0.0,0.0,56570.31900032504,2.3716316362180407,,cwc_level,-0.12560298731507735
2022-07-02,Pong,0.682,-0.8717004584315627,0.0,0.0,0.0,59921.771456575574,19.04967654794461,,cwc,0.12847864276449317
2022-07-03,Pong,0.675,-0.8710512724812696,0.0,0.0,0.0,74870.61339046841,16.38869543057528,,cwc,0.042039295814596644
2022-07-04,Pong,0.6796,-0.8715692976335685,0.0,0.0,0.0,63463.69215386574,2.6208510158457816,,cwc,0.06701276692433333
2022-07-05,Pong,0.6863,-0.8726088480028864,0.0,0.0,0.0,66395.46677931846,24.27567575564601,,cwc,0.03700487237685979
2022-07-06,Pong,0.6913,-0.8657401414001652,0.0,0.0,0.0,70825.4867699953,0.7244873470841349,,cwc,0.04587768048055296
2022-07-07,Pong,0.7266,-0.8596615109713742,0.0,0.0,0.0,64717.2765857688,23.262699092124222,,cwc,0.02641605905603528
2022-07-08,Pong,0.736,-0.8561449321351781,0.0,0.0,0.0,71446.88777713136,0.682453811728975,,cwc,0.037371861392234695
2022-07-09,Pong,0.7647,-0.8495054113377585,0.0,0.0,0.0,57627.64829317037,17.442579517292227,,cwc,0.034536363564073747
2022-07-10,Pong,0.8023,-0.8324026185211961,0.0,0.0,0.0,84818.30731487514,25.30844091359929,,cwc,-0.008173449815467526
2022-07-11,Pong,0.8496,-0.8164590116794543,0.0,0.0,0.0,74509.4996517082,2.953670425093708,,cwc,0.048650551614391246
2022-07-12,Pong,0.8729,-0.8121891263176662,0.0,0.0,0.0,71353.43370154205,22.74555220046281,,cwc,0.047429274881920946
2022-07-13,Pong,0.9193,-0.8041003485165025,0.0,0.0,0.0,79499.81982291819,9.60095317857054,,cwc,0.016607721108105045
2022-07-14,Pong,0.9636,-0.8089974585876704,0.0,0.0,0.0,93219.99278102761,39.95919521411404,,cwc,0.03863847017726196
2022-07-15,Pong,1.0801059098172725,-0.8036955670742447,0.0,0.0,0.0,112991.92901304994,8.209421404285548,,model,
2022-07-16,Pong,1.2449853553079613,-0.7965243407825695,0.0,0.0,0.0,77708.85488996195,17.046823205921875,,model,
2022-07-17,Pong,1.323542094477317,-0.7940134560557529,0.0,0.0,0.0,76490.07875358163,1.1173071139591324,,model,
2022-07-18,Pong,1.3991170057559064,-0.7923173406725526,0.0,0.0,0.0,46801.081962825156,0.0815666666979653,,model,
2022-07-19,Pong,1.402055543514354,-0.7867611992022437,0.0,0.0,0.0,61397.91361979087,21.72193572331229,,model,
2022-07-20,Pong,1.4407063326472267,-0.7793510020512375,0.0,0.0,0.0,66967.92373381856,8.748663270936946,,model,
2022-07-21,Pong,1.5918,-0.7630055847066168,0.0,0.0,0.0,53081.62045999176,1.303314585031517,,cwc,-0.09881542768646101
2022-07-22,Pong,1.637,-0.7563289028503338,0.0,0.0,0.0,50653.87261228317,8.613456445432705,,cwc,-0.02689565034150654
2022-07-23,Pong,1.661,-0.7488118271546647,0.0,0.0,0.0,62155.49586124255,19.91898179653792,,cwc,-0.01163531885646929
2022-07-24,Pong,1.697,-0.7408236556596318,0.0,0.0,0.0,67679.9792302016,6.066101365329424,,cwc,0.004504271318550357
2022-07-25,Pong,1.751,-0.734309167131567,0.0,0.0,0.0,53914.75030183879,5.283381324606,,cwc,2.0337230836942055e-05
2022-07-26,Pong,1.806,-0.7209919261276521,0.0,0.0,0.0,54501.16000318006,8.737874709423211,,cwc,-0.0346573352441768
2022-07-27,Pong,1.838,-0.7067347801345559,0.0,0.0,0.0,63242.685525688605,18.40302983199326,,cwc,-0.010222639609202666
2022-07-28,Pong,1.871,-0.6986287793883441,0.0,0.0,0.0,71243.2063303678,12.309250894847198,,cwc,0.01016416296495759
2022-07-29,Pong,2.023,-0.6855675751151838,0.0,0.0,0.0,65019.37116426599,11.420191812265688,,cwc,-0.08926195848266016
2022-07-30,Pong,2.099,-0.678775258301131,0.0,0.0,0.0,71115.39918231357,18.32368839773418,,cwc,-0.028489041399571313
2022-07-31,Pong,2.163,-0.6692503023031806,0.0,0.0,0.0,83903.31536296279,21.749430777574755,,cwc,-0.0015746483256351418
2022-08-01,Pong,2.352,-0.6407570750064441,0.0,0.0,0.0,73907.69257497299,0.0364791759233983,,cwc,-0.09528804531953128
2022-08-02,Pong,2.49,-0.6163465459004555,0.0,0.0,0.0,48033.69581597818,0.2198141111018286,,cwc,-0.06874309159515768
2022-08-03,Pong,2.551,-0.5987911102258435,0.0,0.0,0.0,54194.4405898809,14.19465125329927,,cwc,-0.055045779331323264
2022-08-04,Pong,2.599,-0.5900016934690221,0.0,0.0,0.0,73337.66010327746,25.58043669064541,,cwc,-0.026973051825124994
2022-08-05,Pong,2.666862280899424,-0.5884623476990967,0.0,0.0,0.0,91553.03908690807,26.897083927734457,,model,
2022-08-06,Pong,2.7792898625731013,-0.5779955767126584,0.0,0.0,0.0,90237.76554383963,14.68947098568813,,model,
2022-08-07,Pong,2.8884995281606005,-0.5583624936022911,0.0,0.0,0.0,75410.38001025126,5.818743732891796,,model,
2022-08-08,Pong,2.961432874897198,-0.5525582337621722,0.0,0.0,0.0,60764.78671570312,3.848855308844564,,model,
2022-08-09,Pong,2.998534671229301,-0.5505847976595415,0.0,0.0,0.0,50186.75011412276,1.4386648110780191,,model,
2022-08-10,Pong,3.009756501892057,-0.5392034936593272,0.0,0.0,0.0,76787.57588743044,45.94124247716757,,model,
2022-08-11,Pong,3.184,-0.4987543362058973,0.0,0.0,0.0,104100.20700769912,11.490938238634488,,cwc,-0.097940737616808
2022-08-12,Pong,3.3271251758745795,-0.48844766739241036,0.0,0.0,0.0,62894.807965954176,0.0,,model,
2022-08-13,Pong,3.3694382301090458,-0.48106593616066723,0.0,0.0,0.0,51480.19822823412,0.6749564959491049,,model,
2022-08-14,Pong,3.383824579297223,-0.4733280635841032,0.0,0.0,0.0,79512.5870494836,47.25181128522453,,model,
2022-08-15,Pong,3.4667942854587843,-0.4465091659333649,0.0,0.0,0.0,126093.57829027122,16.232258358188652,,model,
2022-08-16,Pong,3.66372790567748,-0.4103670055829966,0.0,0.0,0.0,76310.52344450138,7.202546561206009,,model,
2022-08-17,Pong,3.7388635213278003,-0.3956433968458392,0.0,0.0,0.0,67595.16004208902,7.30682150068145,,model,
2022-08-18,Pong,4.14274,-0.34176011911803095,0.0,0.0,0.0,68656.34550536583,16.355365012924057,,cwc,-0.35006365799279227
2022-08-19,Pong,4.199149091083152,-0.33732026530158465,0.0,0.0,0.0,125511.59898151693,59.707733341561664,,model,
2022-08-20,Pong,4.394658854957034,-0.3308930242290701,0.0,0.0,0.0,153291.89180916268,18.074506066234346,,model,
2022-08-21,Pong,4.658135203911218,-0.32968361123218315,0.0,0.0,0.0,89471.56893199492,1.8175976246255905,,model,
2022-08-22,Pong,4.765470311605095,-0.32996741722535433,0.0,0.0,0.0,63071.53760312004,0.6057193723846532,,model,
2022-08-23,Pong,4.808215748248025,-0.33090724022889445,0.0,0.0,0.0,58829.32144105651,13.077069085371797,,model,
2022-08-24,Pong,4.840582282569918,-0.33083668712191255,0.0,0.0,0.0,64751.08957247467,6.7370303898376935,,model,
2022-08-25,Pong,4.972,-0.31805045967359175,0.0,0.0,0.0,49203.6576770934,1.7190073006300877,,cwc,-0.08456313001145155
2022-08-26,Pong,4.980816620747306,-0.31820272215495804,0.0,0.0,0.0,44754.350375985116,1.7871017184133753,,model,
2022-08-27,Pong,4.978747675057089,-0.31864488226574034,0.0,0.0,0.0,42799.6328875793,0.9361708659185978,,model,
2022-08-28,Pong,4.971896365361281,-0.31905146784280985,0.0,0.0,0.0,45810.2253293727,8.695440487140639,,model,
2022-08-29,Pong,4.972410697511179,-0.3183198449552769,0.0,0.0,0.0,49134.92787195653,5.319467398484316,,model,
2022-08-30,Pong,4.981059165597986,-0.3124106542472048,0.0,0.0,0.0,45146.3072901308,0.6944917521885543,,model,
2022-08-31,Pong,4.979949172108826,-0.30532311372852267,0.0,0.0,0.0,44282.50656985935,4.389696345928208,,model,
2022-09-01,Pong,5.27051,-0.26341608205580375,0.0,0.0,0.0,44388.507118764624,1.2947374724805174,,cwc,-0.29378417509877686
2022-09-02,Pong,5.267545991143162,-0.2628722320494701,0.0,0.0,0.0,47779.998430794425,12.035582786874285,,model,
2022-09-03,Pong,5.2728795219932785,-0.26420047543108605,0.0,0.0,0.0,63207.4678504082,24.9055914653721,,model,
2022-09-04,Pong,5.315957522255124,-0.26595934603058835,0.0,0.0,0.0,66718.5673277884,2.772568029833894,,model,
2022-09-05,Pong,5.367625692636317,-0.26754194403644377,0.0,0.0,0.0,50389.58674162477,2.391789846770213,,model,
2022-09-06,Pong,5.37934377843166,-0.2683983661851138,0.0,0.0,0.0,47220.496270138196,1.0520355639040262,,model,
2022-09-07,Pong,5.383308444977833,-0.2689490464012997,0.0,0.0,0.0,41642.2663957395,0.0,,model,
2022-09-08,Pong,5.40492,-0.26582107651747766,0.0,0.0,0.0,40359.13723829236,0.0532048763046641,,cwc,-0.031294449274147595
2022-09-09,Pong,5.392097833329628,-0.26742241507534553,0.0,0.0,0.0,40884.37227958227,2.0961297757106823,,model,
2022-09-10,Pong,5.380560693866942,-0.2685157018244058,0.0,0.0,0.0,43048.140330200484,4.595541614880559,,model,
2022-09-11,Pong,5.374317376403138,-0.2688623568006715,0.0,0.0,0.0,43959.15192428921,2.486007190113366,,model,
2022-09-12,Pong,5.370302917627143,-0.26919771516122676,0.0,0.0,0.0,42129.21045641343,0.0177640477048184,,model,
2022-09-13,Pong,5.361811368806057,-0.269762062573779,0.0,0.0,0.0,40828.5315251782,0.442446763324457,,model,
2022-09-14,Pong,5.350137610719201,-0.27096355690308566,0.0,0.0,0.0,42342.360800936774,4.286853300894912,,model,
2022-09-15,Pong,5.153,-0.29767828507904953,0.0,0.0,0.0,44567.08083199223,4.110753940307082,,cwc,0.18916755031855192
2022-09-16,Pong,5.150472885223023,-0.29683775884515856,0.0,0.0,0.0,44600.741075461345,3.409820730192848,,model,
2022-09-17,Pong,5.1480281227745746,-0.2951701159292841,0.0,0.0,0.0,43918.428120893026,1.9226258151718445,,model,
2022-09-18,Pong,5.1439140301370685,-0.2937352842958538,0.0,0.0,0.0,42019.93737876584,0.0468146379735535,,model,
2022-09-19,Pong,5.135155136476423,-0.29345903183928,0.0,0.0,0.0,43318.1092591307,5.827723232301349,,model,
2022-09-20,Pong,5.1295723183921975,-0.2887914871889062,0.0,0.0,0.0,48104.495009857215,8.3609604474384,,model,
2022-09-21,Pong,5.135699754637263,-0.2737731174614161,0.0,0.0,0.0,50569.033913072315,7.757543832293848,,model,
2022-09-22,Pong,5.056,-0.27443847062895826,0.0,0.0,0.0,49875.331953978355,4.245643085356824,,cwc,0.09185687149398802
2022-09-23,Pong,5.066459922607707,-0.27246349243474416,0.0,0.0,0.0,46423.14253981971,1.9563599735438808,,model,
2022-09-24,Pong,5.06847380301613,-0.272204262312644,0.0,0.0,0.0,59507.76612769316,28.490851997961723,,model,
2022-09-25,Pong,5.102500203517356,-0.2736998045293678,0.0,0.0,0.0,90349.86088722807,29.79315263148153,,model,
2022-09-26,Pong,5.211984118830759,-0.27556806938639605,0.0,0.0,0.0,81162.54253456483,0.0,,model,
2022-09-27,Pong,5.298990565733364,-0.2774619291723672,0.0,0.0,0.0,51484.79315998054,0.0,,model,
2022-09-28,Pong,5.313388156769185,-0.27935238726686035,0.0,0.0,0.0,46372.42151526806,1.2308978650639204,,model,
2022-09-29,Pong,5.42299,-0.2664465539168528,0.0,0.0,0.0,41143.77023846575,0.0246417172998618,,cwc,-0.10771205564070474
2022-09-30,Pong,5.412087497240083,-0.26830755972718723,0.0,0.0,0.0,40033.1779034926,0.0,,model,
2023-06-01,Pong,2.30051,-0.6771289871046818,0.0,0.0,0.0,71842.31618058743,5.842239047828077,,cwc,
2023-06-02,Pong,2.364713809025985,-0.6775286210770448,0.0,0.0,0.0,51438.92070786423,0.1185757322908277,,model,
2023-06-03,Pong,2.378999169642244,-0.6788301284862166,0.0,0.0,0.0,45587.40172444942,0.1472741808392988,,model,
2023-06-04,Pong,2.378968347009366,-0.6802878796041241,0.0,0.0,0.0,41078.052400431865,0.3317035523422362,,model,
2023-06-05,Pong,2.3679050605940097,-0.6820593792006253,0.0,0.0,0.0,43749.102742031646,5.990842836912997,,model,
2023-06-06,Pong,2.3633767006253414,-0.6832243175083436,0.0,0.0,0.0,44409.220641550986,1.3903594788749658,,model,
2023-06-07,Pong,2.360463368966816,-0.6841626628499555,0.0,0.0,0.0,41721.93090455528,0.7488375606233014,,model,
2023-06-08,Pong,2.3482,-0.6862514373610845,0.0,0.0,0.0,41256.37543100618,0.3646530528046172,,cwc,0.002775379953952939
2023-06-09,Pong,2.3375729943504546,-0.6873619600302833,0.0,0.0,0.0,40321.50693160156,0.0750072627414751,,model,
2023-06-10,Pong,2.3246587622919623,-0.6875428288693182,0.0,0.0,0.0,42128.86244256025,4.721684631797381,,model,
2023-06-11,Pong,2.3161663620286945,-0.6880660235641491,0.0,0.0,0.0,42804.03583989184,0.2169627005746457,,model,
2023-06-12,Pong,2.3093258244883432,-0.689570602237633,0.0,0.0,0.0,40510.52452689196,0.0573549380554692,,model,
2023-06-13,Pong,2.296874038256167,-0.6912762339146717,0.0,0.0,0.0,42291.00336051798,4.447254848853272,,model,
2023-06-14,Pong,2.2887783279977074,-0.6919403823317289,0.0,0.0,0.0,45061.06964121206,5.347871773765412,,model,
2023-06-15,Pong,2.25232,-0.6969046492602008,0.0,0.0,0.0,44041.0498452594,0.1916871133730545,,cwc,0.0351397941611431
2023-06-16,Pong,2.2485059106746825,-0.6983950634921532,0.0,0.0,0.0,41116.84453412734,0.1083730180698812,,model,
2023-06-17,Pong,2.237537532144985,-0.6991079869685266,0.0,0.0,0.0,40517.77192482986,0.0222862576783212,,model,
2023-06-18,Pong,2.2251034772193723,-0.6986272836651092,0.0,0.0,0.0,43621.05356233325,8.112804823126906,,model,
2023-06-19,Pong,2.220261835259026,-0.6939468365398392,0.0,0.0,0.0,45170.94652183242,0.0051034379479143,,model,
2023-06-20,Pong,2.219212123511609,-0.683471106997358,0.0,0.0,0.0,41159.049966512684,0.8820307838290021,,model,
2023-06-21,Pong,2.208347003760675,-0.6705884205722933,0.0,0.0,0.0,43475.7197372397,4.878917524093934,,model,
2023-06-22,Pong,2.13798,-0.6689371286626069,0.0,0.0,0.0,47032.339617833786,7.998023405413099,,cwc,0.06516979161791392
2023-06-23,Pong,2.1414843270819133,-0.6650630764900307,0.0,0.0,0.0,59546.21130963813,24.42768436143342,,model,
2023-06-24,Pong,2.1756047866251302,-0.6624587786088152,0.0,0.0,0.0,76814.26947294925,21.351215959975995,,model,
2023-06-25,Pong,2.2519728549898184,-0.6616642189384104,0.0,0.0,0.0,83986.21873319474,19.65959624557452,,model,
2023-06-26,Pong,2.34588763902854,-0.6614254483229346,0.0,0.0,0.0,77157.45988714596,3.6206431630532414,,model,
2023-06-27,Pong,2.423095348668069,-0.66204557417683,0.0,0.0,0.0,57143.416425240626,4.421865322895845,,model,
2023-06-28,Pong,2.4513371890061495,-0.6628323736583542,0.0,0.0,0.0,53359.96130125688,3.973749607573934,,model,
2023-06-29,Pong,2.47032252056021,-0.6614660791585851,0.0,0.0,0.0,47967.529589588536,3.67355052337252,,model,
2023-06-30,Pong,2.43895,-0.6635576371764343,0.0,0.0,0.0,46311.458834772166,3.3578345118208777,,cwc,0.0371648605574606
2023-07-01,Pong,2.4406906377868185,-0.6603607419016272,0.0,0.0,0.0,43752.22649342571,1.136427144076388,,model,
2023-07-02,Pong,2.436169920311921,-0.6548644046770006,0.0,0.0,0.0,43255.59325125028,3.5461763338500285,,model,
2023-07-03,Pong,2.4304341520916104,-0.6517127814574813,0.0,0.0,0.0,49671.11356991867,13.896247434000434,,model,
2023-07-04,Pong,2.4403944389949257,-0.6271674572172046,0.0,0.0,0.0,54558.40009813524,6.272882256333002,,model,
2023-07-05,Pong,2.4623118416022653,-0.5301745827668025,0.0,0.0,0.0,55125.708942748584,13.604757219422222,,model,
2023-07-06,Pong,2.48048,-0.4273876016883124,0.0,0.0,0.0,61977.29864521311,11.082126917186889,,cwc,0.005137208155609585
2023-07-07,Pong,2.5205482983675283,-0.3687045048720184,0.0,0.0,0.0,54990.81293119915,1.4784411783073703,,model,
2023-07-08,Pong,2.543523631637824,-0.3435313881239833,0.0,0.0,0.0,118737.08911918305,105.54266487869444,,model,
2023-07-09,Pong,2.7224590453494404,-0.3250483248782717,0.0,0.0,0.0,334607.2436266518,83.83762305082367,,model,
2023-07-10,Pong,3.429537100092871,-0.3118694411936696,0.0,0.0,0.0,353971.552879463,35.70203156836072,,model,
2023-07-11,Pong,4.183991400310674,-0.2933856142824111,0.0,0.0,0.0,220456.55677753498,2.2691911246784287,,model,
2023-07-12,Pong,4.611791176101456,-0.27543421886042097,0.0,0.0,0.0,120607.70676264202,11.24479762404754,,model,
2023-07-13,Pong,4.09662,-0.361778972468503,0.0,0.0,0.0,100673.52156216123,8.379052529735358,,cwc,0.6986831971946312
2023-07-14,Pong,4.231361531061237,-0.34835054965290035,0.0,0.0,0.0,84868.7903038771,19.75955866030986,,model,
2023-07-15,Pong,4.327435593121987,-0.33403686334403254,0.0,0.0,0.0,100675.79703730282,36.52113749490637,,model,
2023-07-16,Pong,4.462182691305061,-0.3246983940645778,0.0,0.0,0.0,99089.32423705468,9.481008469173956,,model,
2023-07-17,Pong,4.593048363931369,-0.3113294948657589,0.0,0.0,0.0,73896.67104196636,9.212199945256808,,model,
2023-07-18,Pong,4.662278307323082,-0.2977090168047995,0.0,0.0,0.0,85612.33581519546,25.50282365904234,,model,
2023-07-19,Pong,4.760171509648826,-0.2915450117461106,0.0,0.0,0.0,88250.13331858526,7.341688988010937,,model,
2023-07-20,Pong,4.64674,-0.3173254785597921,0.0,0.0,0.0,73425.60349345538,16.29055091870077,,cwc,0.21777828284047196
2023-07-21,Pong,4.714817441047225,-0.3125848332225535,0.0,0.0,0.0,85434.97478208004,24.77422529972328,,model,
2023-07-22,Pong,4.812276716206616,-0.30803869794888955,0.0,0.0,0.0,86184.59802929248,10.388155606058834,,model,
2023-07-23,Pong,4.91157000127101,-0.29878702984925853,0.0,0.0,0.0,63966.73180176091,1.4851474115399992,,model,
2023-07-24,Pong,4.956505598148851,-0.28757803485449085,0.0,0.0,0.0,57796.099900949994,12.347943592916724,,model,
2023-07-25,Pong,4.986344277917586,-0.2789739867863278,0.0,0.0,0.0,59725.58241716471,4.811102330846079,,model,
2023-07-26,Pong,5.020903582426055,-0.27578856078891023,0.0,0.0,0.0,59146.005642583325,16.017213978631542,,model,
2023-07-27,Pong,4.81219,-0.30904077062214985,0.0,0.0,0.0,73166.96418756277,22.73917514553,,cwc,0.24185490857106462
2023-07-28,Pong,4.87963466044631,-0.30910712396092926,0.0,0.0,0.0,78999.1622128829,15.182169498363018,,model,
2023-07-29,Pong,4.961348233958167,-0.3085195590326771,0.0,0.0,0.0,71237.26696730257,6.653898945729114,,model,
2023-07-30,Pong,5.024071744375075,-0.3065968919336938,0.0,0.0,0.0,55091.5342235897,0.3923217563723947,,model,
2023-07-31,Pong,5.047293499896249,-0.30268585054909636,0.0,0.0,0.0,45373.68321437739,1.1850977134131178,,model,
2023-08-01,Pong,5.046739798782997,-0.29991924617091414,0.0,0.0,0.0,45402.28861496554,4.747874175896121,,model,
2023-08-02,Pong,5.0462560829432945,-0.29777149995468116,0.0,0.0,0.0,47350.752530307815,6.205125933894911,,model,
2023-08-03,Pong,4.62463,-0.35286857781167524,0.0,0.0,0.0,51328.92309705684,12.234513731101758,,cwc,0.42590943127025316
2023-08-04,Pong,4.638646243151588,-0.35180282665783674,0.0,0.0,0.0,57253.632255741344,12.087499142813751,,model,
2023-08-05,Pong,4.667157734845303,-0.34929153378348266,0.0,0.0,0.0,53843.5819133575,1.270383317785867,,model,
2023-08-06,Pong,4.687326280762252,-0.3393156081637157,0.0,0.0,0.0,51999.585716788846,11.56086733452756,,model,
2023-08-07,Pong,4.702983350678591,-0.31483945915861433,0.0,0.0,0.0,55512.521907156675,4.3732853656006965,,model,
2023-08-08,Pong,4.727235084371356,-0.28584835130165587,0.0,0.0,0.0,48775.59207424368,4.329327428584653,,model,
2023-08-09,Pong,4.73500441028284,-0.22286118725076867,0.0,0.0,0.0,53082.83660700744,11.900747147052629,,model,
2023-08-10,Pong,4.59985,-0.1334563338040464,0.0,0.0,0.0,75325.01621722378,39.79288724613855,,cwc,0.15346173533688123
2023-08-11,Pong,4.672574497768101,-0.08392553311810105,0.0,0.0,0.0,118530.96939999245,33.70734731364373,,model,
2023-08-12,Pong,4.851005624015291,-0.06421876131256606,0.0,0.0,0.0,131984.07943778424,33.46311773302533,,model,
2023-08-13,Pong,5.062350800292519,-0.05812135128854741,0.0,0.0,0.0,233281.27833468054,99.41916813025806,,model,
2023-08-14,Pong,5.521527226223486,-0.05668238654525945,0.0,0.0,0.0,374722.5232870807,35.027291392333375,,model,
2023-08-15,Pong,6.326750343186973,-0.05739590644816681,0.0,0.0,0.0,193185.68876300377,1.7936650232091629,,model,
2023-08-16,Pong,6.687829880187514,-0.05861809543937467,0.0,0.0,0.0,104319.77537081305,2.769864692595995,,model,
2023-08-17,Pong,6.74078501052631,-0.07060845258516207,0.0,0.0,0.0,63768.30024152187,3.332335835970801,,cwc_level,0.0907072361235528
2023-08-18,Pong,6.785235129601406,-0.06293475715118345,0.0,0.0,0.0,49887.64727811264,2.030269211251276,,model,
2023-08-19,Pong,6.795725182579975,-0.04232003956079048,0.0,0.0,0.0,43473.94258000426,1.064501113473037,,model,
2023-08-20,Pong,6.790523622487781,-0.020627372249782158,0.0,0.0,0.0,41958.274011969515,1.8085482629782788,,model,
2023-08-21,Pong,6.7816138647418756,-0.008648087648794156,0.0,0.0,0.0,46947.81553619405,12.030526533628317,,model,
2023-08-22,Pong,6.784911397272638,-0.0034708796291672258,0.0,0.0,0.0,68465.11847773571,37.353083521960286,,model,
2023-08-23,Pong,6.840852636986342,-0.0031977965054362195,0.0,0.0,0.0,107025.15873150973,36.099182269559655,,model,
2023-08-24,Pong,5.89801,-0.153872651195892,0.0,0.0,0.0,110237.09857027045,11.797576793221848,,cwc,1.0931239282203062
2023-08-25,Pong,6.056149544697251,-0.155604860588637,0.0,0.0,0.0,81294.37489886039,6.0684911841712985,,model,
2023-08-26,Pong,6.143478529438454,-0.1574400949861342,0.0,0.0,0.0,61026.39732982977,0.1504645070130207,,model,
2023-08-27,Pong,6.1812203759015345,-0.15868815950518625,0.0,0.0,0.0,46413.69895796657,2.1262321139058886,,model,
2023-08-28,Pong,6.183211151873534,-0.1589342391734735,0.0,0.0,0.0,43435.43881048319,0.3945461711978744,,model,
2023-08-29,Pong,6.177915389400418,-0.15907177654191468,0.0,0.0,0.0,40438.57896965989,0.047301840379833,,model,
2023-08-30,Pong,6.165287582927307,-0.15974915008133592,0.0,0.0,0.0,40131.59793814861,0.0,,model,
2023-08-31,Pong,5.6976,-0.22210515691079097,0.0,0.0,0.0,41881.17334842061,4.853002911011616,,cwc,0.45430872416955204
2023-09-01,Pong,5.688501609656111,-0.22150516920670385,0.0,0.0,0.0,44866.762563257915,4.76363471780929,,model,
2023-09-02,Pong,5.6867076888742965,-0.22295011277977783,0.0,0.0,0.0,45190.18334105386,3.9482047179945807,,model,
2023-09-03,Pong,5.68570504145836,-0.2244390540010552,0.0,0.0,0.0,43581.64699579177,0.0443413259410471,,model,
2023-09-04,Pong,5.680766988355979,-0.2258539108247149,0.0,0.0,0.0,45491.04541747738,9.496926448444398,,model,
2023-09-05,Pong,5.680500422738803,-0.2270477617399968,0.0,0.0,0.0,47387.76836495115,0.0651242673568555,,model,
2023-09-06,Pong,5.6976,-0.22689346678900532,0.0,0.0,0.0,41294.53775221721,0.3430223652192621,,cwc,-0.012725666898401933
2023-09-07,Pong,5.687066361352291,-0.2283903467486242,0.0,0.0,0.0,41163.439059603275,0.0,,model,
2023-09-08,Pong,5.676211979849179,-0.22992630866779046,0.0,0.0,0.0,41384.186487417544,3.2774917844985243,,model,
2023-09-09,Pong,5.6658976736047,-0.23127843953507296,0.0,0.0,0.0,42042.712268484924,0.0865405487129408,,model,
2023-09-10,Pong,5.657194500432294,-0.23154760825476486,0.0,0.0,0.0,40858.32883976151,1.5008191009885852,,model,
2023-09-11,Pong,5.64559364372662,-0.22732272440088822,0.0,0.0,0.0,41139.78419939881,0.2163602117956752,,model,
2023-09-12,Pong,5.634681388820999,-0.22180514458628112,0.0,0.0,0.0,41023.332661403736,2.0917877110227607,,model,
2023-09-13,Pong,5.623484226430278,-0.217412807914272,0.0,0.0,0.0,41571.08945177576,0.6953687862850354,,model,
2023-09-14,Pong,5.60366,-0.20763534545359313,0.0,0.0,0.0,44797.964693907015,10.13885563178247,,cwc,0.009967192407788872
2023-09-15,Pong,5.601697760033446,-0.19934218459678718,0.0,0.0,0.0,58188.78081684274,23.01563813245182,,model,
2023-09-16,Pong,5.632497163328207,-0.1973246336802828,0.0,0.0,0.0,62040.59465961156,1.4330455306974852,,model,
2023-09-17,Pong,5.672720320176692,-0.19715112473279578,0.0,0.0,0.0,58687.73579348587,19.405704751895943,,model,
2023-09-18,Pong,5.704740454515639,-0.19793798281645245,0.0,0.0,0.0,78807.59659106036,19.979905476659777,,model,
2023-09-19,Pong,5.785985348261776,-0.1994678272248614,0.0,0.0,0.0,70310.92411436418,2.652955552756352,,model,
2023-09-20,Pong,5.846442490907892,-0.20125596419284159,0.0,0.0,0.0,51611.6460364676,1.0025831608109776,,model,
2023-09-21,Pong,5.72716,-0.22153939018409854,0.0,0.0,0.0,46117.000273906066,2.411208375457873,,cwc,0.1339904370892091
2023-09-22,Pong,5.7284248802271795,-0.22347138541006267,0.0,0.0,0.0,43255.418635940616,0.8265742118160887,,model,
2023-09-23,Pong,5.722688684797323,-0.22540885371237546,0.0,0.0,0.0,41041.56085529793,0.1630640917827422,,model,
2023-09-24,Pong,5.711536119060022,-0.22734632201468824,0.0,0.0,0.0,40271.93297166227,0.0,,model,
2023-09-25,Pong,5.698500600563446,-0.22927257405771,0.0,0.0,0.0,39928.5060572526,0.0,,model,
2023-09-26,Pong,5.684624862176392,-0.23078606471784494,0.0,0.0,0.0,39843.282116138915,0.0,,model,
2023-09-27,Pong,5.44774,-0.2625407570679469,0.0,0.0,0.0,39826.974127344176,0.0,,cwc,0.22280061697911435
2023-09-28,Pong,5.433615856076139,-0.26394024458888016,0.0,0.0,0.0,39826.974127344176,0.0,,model,
2023-09-29,Pong,5.419491712152279,-0.2654171855706337,0.0,0.0,0.0,39860.39493479895,0.0842390133607435,,model,
2023-09-30,Pong,5.40544933475865,-0.2672171105523875,0.0,0.0,0.0,41090.28971026186,3.0659678594026114,,model,
2024-06-01,Pong,1.59264,-0.7901447120195024,0.0,0.0,0.0,40099.53413895469,0.125278665076793,,cwc,
2024-06-02,Pong,1.5791826947352405,-0.7893493188672651,0.0,0.0,0.0,40113.48775704356,0.0330896200401634,,model,
2024-06-03,Pong,1.5657595280512693,-0.7907730442949861,0.0,0.0,0.0,40425.678976513016,1.378683483208253,,model,
2024-06-04,Pong,1.553100160770387,-0.7922368618051744,0.0,0.0,0.0,40671.82697066808,0.1087575154545333,,model,
2024-06-05,Pong,1.5410430131525903,-0.7940815455900616,0.0,0.0,0.0,44966.07428325121,12.111940088274633,,model,
2024-06-06,Pong,1.52251,-0.7982232326012769,0.0,0.0,0.0,47970.013094572256,0.0429042276456865,,cwc,0.016982065996298257
2024-06-07,Pong,1.5283084160798108,-0.8001075167850631,0.0,0.0,0.0,41357.76092956995,0.0,,model,
2024-06-08,Pong,1.517929457711725,-0.8019856570923483,0.0,0.0,0.0,41238.29955355824,0.0087252986596132,,model,
2024-06-09,Pong,1.5072582280624514,-0.8038952476640802,0.0,0.0,0.0,40103.44183473339,0.5592140678257745,,model,
2024-06-10,Pong,1.4938104832706234,-0.8057984607581868,0.0,0.0,0.0,40200.276153542065,0.0214513735095972,,model,
2024-06-11,Pong,1.4805996509551627,-0.8077302699118829,0.0,0.0,0.0,39985.44551596101,0.2223310431296644,,model,
2024-06-12,Pong,1.4668632192553615,-0.8096376559877584,0.0,0.0,0.0,40003.75227120253,0.0,,model,
2024-06-13,Pong,1.38724,-0.8201277246195852,0.0,0.0,0.0,39910.04070434129,0.1450937236510573,,cwc,0.0659315764152526
2024-06-14,Pong,1.3733190847320733,-0.8212289889231569,0.0,0.0,0.0,39929.043515014295,0.0039941347138338,,model,
2024-06-15,Pong,1.3594446612760358,-0.8218948914818777,0.0,0.0,0.0,39843.83655102538,0.0,,model,
2024-06-16,Pong,1.3453617725455926,-0.822256097607297,0.0,0.0,0.0,39916.60938554258,0.1889002137429335,,model,
2024-06-17,Pong,1.3314569280524595,-0.8237329509484993,0.0,0.0,0.0,41291.5191399087,3.4148837192380195,,model,
2024-06-18,Pong,1.3209159041416951,-0.8251993334333728,0.0,0.0,0.0,42318.59028116126,1.2530257229170791,,model,
2024-06-19,Pong,1.3128876873686581,-0.8260523557854592,0.0,0.0,0.0,43615.826790263265,6.2458374364072045,,model,
2024-06-20,Pong,1.25238,-0.8339543352547442,0.0,0.0,0.0,44523.723136570414,0.4508052035150321,,cwc,0.05565325771558305
2024-06-21,Pong,1.2497468073456932,-0.8351075118820676,0.0,0.0,0.0,41199.45701372173,0.4192988222999608,,model,
2024-06-22,Pong,1.2389805464883286,-0.8355065034586433,0.0,0.0,0.0,41230.656762601364,0.7969869036031003,,model,
2024-06-23,Pong,1.2282906181736,-0.835110193647955,0.0,0.0,0.0,43058.27061910157,5.799242545228215,,model,
2024-06-24,Pong,1.222072085226891,-0.834990690531768,0.0,0.0,0.0,44802.07956829458,2.113312013486922,,model,
2024-06-25,Pong,1.2201199126113866,-0.8344059303673126,0.0,0.0,0.0,42163.908427645976,0.5777525819473531,,model,
2024-06-26,Pong,1.211713254998199,-0.8344818147305828,0.0,0.0,0.0,44411.13477222068,7.280830873614616,,model,
2024-06-27,Pong,1.15,-0.8418047546063251,0.0,0.0,0.0,46780.874436996055,3.3178668544707133,,cwc,0.05880460640496099
2024-06-28,Pong,1.152889098519918,-0.8381669433275472,0.0,0.0,0.0,45956.080448277346,5.324963204451019,,model,
2024-06-29,Pong,1.1537602762369215,-0.8312078476523651,0.0,0.0,0.0,47342.39524572857,4.7687237632322095,,model,
2024-06-30,Pong,1.1580231778358014,-0.8209655844124051,0.0,0.0,0.0,45373.88925952191,1.8027866489298072,,model,
2024-07-01,Pong,1.157469980827562,-0.7978309802267682,0.0,0.0,0.0,47815.49451872083,9.835445862577432,,model,
2024-07-02,Pong,1.1628903555383616,-0.7642816183334562,0.0,0.0,0.0,56439.49533891928,14.882672132837634,,model,
2024-07-03,Pong,1.1894099997606518,-0.755757035531256,0.0,0.0,0.0,66335.84343813836,18.878017740093416,,model,
2024-07-04,Pong,1.14016,-0.7621379965214856,0.0,0.0,0.0,76118.6157669045,18.79481652961392,,cwc,0.09998180723272965
2024-07-05,Pong,1.2148260990193087,-0.7614994748715369,0.0,0.0,0.0,114533.60183384856,58.52734657288989,,model,
2024-07-06,Pong,1.3834773635326005,-0.7618166526587873,0.0,0.0,0.0,145566.19505464062,1.6131510080095888,,model,
2024-07-07,Pong,1.6280522117348457,-0.7631784583783084,0.0,0.0,0.0,71000.4863005777,6.2746721600167445,,model,
2024-07-08,Pong,1.6901964203628863,-0.7634857548663919,0.0,0.0,0.0,67452.83087261532,3.0386823440742234,,model,
2024-07-09,Pong,1.743661021976841,-0.7635854460880527,0.0,0.0,0.0,47502.58700026472,1.873375635304514,,model,
2024-07-10,Pong,1.7483158448049676,-0.7647624981518787,0.0,0.0,0.0,44654.91327530736,0.8404524460452086,,model,
2024-07-11,Pong,1.47272,-0.8032672987849516,0.0,0.0,0.0,41542.26153638661,1.202483547261404,,cwc,0.2732836187359118
2024-07-12,Pong,1.4627924363046907,-0.8044082180240569,0.0,0.0,0.0,44684.35633544845,7.7945773339749636,,model,
2024-07-13,Pong,1.4605522449065622,-0.8029366289216696,0.0,0.0,0.0,45302.952558637124,0.0904471035149177,,model,
2024-07-14,Pong,1.459825495900656,-0.800951157411619,0.0,0.0,0.0,42092.76738627414,2.406062865248225,,model,
2024-07-15,Pong,1.451244786355363,-0.8019044866793492,0.0,0.0,0.0,42568.66998745143,0.6196945694459772,,model,
2024-07-16,Pong,1.4438284084761734,-0.8011106336424942,0.0,0.0,0.0,42200.431460941865,3.530265870478364,,model,
2024-07-17,Pong,1.4355111072230968,-0.7970642117646917,0.0,0.0,0.0,49984.85726546236,15.241044731356212,,model,
2024-07-18,Pong,1.39637,-0.7939440201491619,0.0,0.0,0.0,51516.05983089427,0.0889783299895192,,cwc,0.04986899177949922
2024-07-19,Pong,1.4108440873082693,-0.7822237016843381,0.0,0.0,0.0,42759.388609766575,0.6237405190699437,,model,
2024-07-20,Pong,1.4038943169465168,-0.7766741411085131,0.0,0.0,0.0,47965.42405126256,10.965516505397558,,model,
2024-07-21,Pong,1.4096815055851888,-0.7712845960311786,0.0,0.0,0.0,57657.0221274587,15.081395035442394,,model,
2024-07-22,Pong,1.43917992107437,-0.7682611446034345,0.0,0.0,0.0,75280.3378047426,29.84158974181793,,model,
2024-07-23,Pong,1.5117951097310809,-0.7606159441918012,0.0,0.0,0.0,80522.73997588758,6.690733686054866,,model,
2024-07-24,Pong,1.5972362313396469,-0.7477314559537339,0.0,0.0,0.0,62135.88693444128,7.55211761182582,,model,
2024-07-25,Pong,1.51836,-0.7551631186689685,0.0,0.0,0.0,61659.092753236626,6.714804016007792,,cwc,0.11933252793741089
2024-07-26,Pong,1.5576497836137686,-0.7503224950716452,0.0,0.0,0.0,54608.90264694832,5.422738098847442,,model,
2024-07-27,Pong,1.5796907445220223,-0.7314144121296127,0.0,0.0,0.0,68380.21257189695,26.81735577932018,,model,
2024-07-28,Pong,1.6354242555228287,-0.7004514689786714,0.0,0.0,0.0,83991.5875503622,20.529407772637,,model,
2024-07-29,Pong,1.7293521747783405,-0.6877427360373185,0.0,0.0,0.0,72231.389683385,3.2782383536869144,,model,
2024-07-30,Pong,1.7945078815216908,-0.6733171070770867,0.0,0.0,0.0,60023.48513974531,9.18655820286493,,model,
2024-07-31,Pong,1.8297960275461782,-0.6690596383884786,0.0,0.0,0.0,101939.94212776162,57.94691629994218,,model,
2024-08-01,Pong,1.7213,-0.6979673660230192,0.0,0.0,0.0,137859.507776503,3.4701913635731945,,cwc,0.2463359521935944
2024-08-02,Pong,1.9470198555703615,-0.6946332295976314,0.0,0.0,0.0,83467.89388581138,21.88382334803479,,model,
2024-08-03,Pong,2.0396665187128247,-0.6869461590708776,0.0,0.0,0.0,88583.68603880603,3.8342152143378354,,model,
2024-08-04,Pong,2.144829353832915,-0.6758187828916722,0.0,0.0,0.0,58285.87303442177,6.598775875530685,,model,
2024-08-05,Pong,2.1758663005728685,-0.6633436569899078,0.0,0.0,0.0,60150.3856615256,5.209947372655197,,model,
2024-08-06,Pong,2.211464918310661,-0.6521443625828248,0.0,0.0,0.0,55534.642968740285,14.150757188796105,,model,
2024-08-07,Pong,2.2357707728517395,-0.6337409899430452,0.0,0.0,0.0,68504.97190736211,17.30131495782464,,model,
2024-08-08,Pong,2.40613,-0.6093923157415756,0.0,0.0,0.0,78755.96466824476,27.41378058036696,,cwc,-0.11432048300822606
2024-08-09,Pong,2.487248572346408,-0.6055997726866631,0.0,0.0,0.0,82771.82082904472,5.605278867412983,,model,
2024-08-10,Pong,2.578192240170271,-0.5981666825483989,0.0,0.0,0.0,78970.25761422823,27.66664885942914,,model,
2024-08-11,Pong,2.6598350963979054,-0.5862548167088923,0.0,0.0,0.0,100436.06945556184,15.8841178300284,,model,
2024-08-12,Pong,2.793995682941899,-0.5773640176609056,0.0,0.0,0.0,71424.40261672565,1.7433053254461215,,model,
2024-08-13,Pong,2.8571770348623864,-0.5703049816700392,0.0,0.0,0.0,56900.545744689014,5.966940040014383,,model,
2024-08-14,Pong,2.884824673732698,-0.5632985191181019,0.0,0.0,0.0,67748.19289211478,24.31883212412478,,model,
2024-08-15,Pong,2.939011900840644,-0.5468605134496727,0.0,0.0,0.0,81093.48890043137,11.928846754651913,,model,
2024-08-16,Pong,3.28499,-0.5011343332748388,0.0,0.0,0.0,72091.69169443497,17.554717560091056,,cwc,-0.25914059718935256
2024-08-17,Pong,3.349803925059823,-0.49796210220301357,0.0,0.0,0.0,66633.6330987374,1.255426932214823,,model,
2024-08-18,Pong,3.40126429743324,-0.4974857937426075,0.0,0.0,0.0,66476.98133685236,24.77135334493485,,model,
2024-08-19,Pong,3.452341409436862,-0.4978281669303592,0.0,0.0,0.0,94579.91461611219,22.153156879365767,,model,
2024-08-20,Pong,3.5721744707597103,-0.4975404227339653,0.0,0.0,0.0,75929.43594167322,3.7390387016435938,,model,
2024-08-21,Pong,3.646377727044897,-0.49764177001689,0.0,0.0,0.0,55052.21763361419,1.454023495904581,,model,
2024-08-22,Pong,3.69761,-0.4933962244399499,0.0,0.0,0.0,47019.24441396346,1.512685355466709,,cwc,-0.028106708441497208
2024-08-23,Pong,3.70108228867636,-0.4912937395594575,0.0,0.0,0.0,44579.83917020222,3.1012432945009163,,model,
2024-08-24,Pong,3.69858638813765,-0.49017836128076064,0.0,0.0,0.0,46457.38418972092,6.084090925063108,,model,
2024-08-25,Pong,3.7006840433293617,-0.48945567412366,0.0,0.0,0.0,45298.018034282744,1.58786394062263,,model,
2024-08-26,Pong,3.6999452216368414,-0.48890447925955094,0.0,0.0,0.0,46762.16268881169,9.864261103641564,,model,
2024-08-27,Pong,3.7027885404512375,-0.48950333560058795,0.0,0.0,0.0,51864.72164600624,7.128246723975254,,model,
2024-08-28,Pong,3.7181156552300267,-0.48968514878773495,0.0,0.0,0.0,48923.46477773516,3.288093870720721,,model,
2024-08-29,Pong,3.764,-0.4810179981116709,0.0,0.0,0.0,47753.37285817684,5.136942723465702,,cwc,-0.037753237118273386
2024-08-30,Pong,3.769268389375264,-0.47594363456746513,0.0,0.0,0.0,47242.381559263566,3.5153473815554683,,model,
2024-08-31,Pong,3.7732865999346186,-0.4740171726632366,0.0,0.0,0.0,43815.60272925044,0.0,,model,
2024-09-01,Pong,3.768920937208459,-0.4708813859939458,0.0,0.0,0.0,45058.25579074671,7.953717695776553,,model,
2024-09-02,Pong,3.7675955190741575,-0.4659610045626798,0.0,0.0,0.0,55994.239146426524,19.218007305476867,,model,
2024-09-03,Pong,3.793025810384391,-0.462224535785193,0.0,0.0,0.0,60719.95421705324,5.305586009492735,,model,
2024-09-04,Pong,3.830017920621651,-0.4611199852566407,0.0,0.0,0.0,51340.230383393246,4.374478328550384,,model,
2024-09-05,Pong,3.9178,-0.450865325039817,0.0,0.0,0.0,54943.625158323935,12.001429920311812,,cwc,-0.07373817209652289
2024-09-06,Pong,3.9406598848191305,-0.4497239226481411,0.0,0.0,0.0,60261.13756396698,10.13645377923511,,model,
2024-09-07,Pong,3.976529465453059,-0.4493062329204416,0.0,0.0,0.0,56733.46262184124,5.52207732858346,,model,
2024-09-08,Pong,4.003768322840937,-0.44869648025299524,0.0,0.0,0.0,48891.20160127313,1.3245481290265677,,model,
2024-09-09,Pong,4.011820496194082,-0.442592572472743,0.0,0.0,0.0,46016.214772511106,4.511467559990698,,model,
2024-09-10,Pong,4.012838797078204,-0.43458165906051616,0.0,0.0,0.0,49001.00817669655,7.230545341695206,,model,
2024-09-11,Pong,4.0211596205135205,-0.43335913180380337,0.0,0.0,0.0,46844.57964131498,0.8279560912888718,,model,
2024-09-12,Pong,4.0535,-0.42914615705107445,0.0,0.0,0.0,47416.86478219382,10.519163978174785,,cwc,-0.02929542137155039
2024-09-13,Pong,4.057945096945684,-0.42955202122845887,0.0,0.0,0.0,63787.66144335775,27.10859906799762,,model,
2024-09-14,Pong,4.102442584663724,-0.4293238992314319,0.0,0.0,0.0,69469.91845863235,1.665861927778964,,model,
2024-09-15,Pong,4.160842143438857,-0.43054981901558426,0.0,0.0,0.0,49242.73390930085,1.7813810454895695,,model,
2024-09-16,Pong,4.1697543671402935,-0.4321294626916647,0.0,0.0,0.0,46179.2441514516,0.2272429746189208,,model,
2024-09-17,Pong,4.171171531716137,-0.43398310012106917,0.0,0.0,0.0,44390.65665537487,5.733646972594643,,model,
2024-09-18,Pong,4.168212781863005,-0.43590890206465877,0.0,0.0,0.0,46279.729412546505,1.979298072202878,,model,
2024-09-19,Pong,4.07759,-0.4505038023552372,0.0,0.0,0.0,41947.157461485396,0.3244816549971129,,cwc,0.09228579122133151
2024-09-20,Pong,4.068653044773529,-0.45242544031163384,0.0,0.0,0.0,40893.17522216847,0.0,,model,
2024-09-21,Pong,4.057137442374903,-0.4503523834147749,0.0,0.0,0.0,40076.76288396502,0.0,,model,
2024-09-22,Pong,4.043624425514544,-0.441491748485363,0.0,0.0,0.0,39861.7360848265,0.0,,model,
2024-09-23,Pong,4.0295853293457755,-0.437118801753817,0.0,0.0,0.0,39832.33346599172,0.0130224059794827,,model,
2024-09-24,Pong,4.01547429744879,-0.43617988374488526,0.0,0.0,0.0,39874.14341338534,0.1006308953255154,,model,
2024-09-25,Pong,4.001465556746659,-0.4371671762145827,0.0,0.0,0.0,51777.03581873746,29.926003668867683,,model,
2024-09-26,Pong,3.98121,-0.4438776755492455,0.0,0.0,0.0,72001.81242428113,14.038694510179091,,cwc,0.035368141524760865
2024-09-27,Pong,4.045804028635413,-0.4458006861048847,0.0,0.0,0.0,58629.96007254675,1.0371889842532442,,model,
2024-09-28,Pong,4.077682810308382,-0.44773815440719755,0.0,0.0,0.0,48397.67052260711,0.3635421324677853,,model,
2024-09-29,Pong,4.084527522593495,-0.44967562270951045,0.0,0.0,0.0,42658.18930578748,0.0,,model,
2024-09-30,Pong,4.0773301604894,-0.4516130910118233,0.0,0.0,0.0,40061.07492998312,0.0,,model,
2025-06-05,Pong,0.769,-0.9034295696883644,0.0,0.0,0.0,43996.460313326126,0.2724592853498476,,cwc,
2025-06-06,Pong,0.7650768190162667,-0.9053670379906772,0.0,0.0,0.0,41380.945524312214,0.0,,model,
2025-06-07,Pong,0.7547545835107107,-0.90730450629299,0.0,0.0,0.0,40312.72930403627,0.0,,model,
2025-06-08,Pong,0.741818876323269,-0.9090765585773701,0.0,0.0,0.0,39857.57408771827,0.0,,model,
2025-06-09,Pong,0.7277695975141548,-0.9101295298750312,0.0,0.0,0.0,39826.974127344176,0.0,,model,
2025-06-10,Pong,0.7136454535902945,-0.911065072234021,0.0,0.0,0.0,39826.974127344176,0.0,,model,
2025-06-11,Pong,0.6995213096664342,-0.9119720875828369,0.0,0.0,0.0,39826.974127344176,0.0,,model,
2025-06-12,Pong,0.63591,-0.9168172885930137,0.0,0.0,0.0,40319.86010134273,1.242346649020335,,cwc,0.049487165742573946
2025-06-13,Pong,0.6229917388468685,-0.9118788231946906,0.0,0.0,0.0,42462.48774377129,4.831365531045679,,model,
2025-06-14,Pong,0.6153155780869197,-0.9087752379911622,0.0,0.0,0.0,42812.38781714948,0.0,,model,
2025-06-15,Pong,0.6084954742898837,-0.9084609925820119,0.0,0.0,0.0,42897.389036321336,5.522534025071697,,model,
2025-06-16,Pong,0.6018833323970154,-0.9063172465512439,0.0,0.0,0.0,51389.990995437875,15.910613706143913,,model,
2025-06-17,Pong,0.6160489827754014,-0.9042168673286901,0.0,0.0,0.0,60315.02190859172,12.796666465780437,,model,
2025-06-18,Pong,0.6520503955291768,-0.9040123788294302,0.0,0.0,0.0,54847.6752556794,0.5177228039619408,,model,
2025-06-19,Pong,0.56136,-0.9178453351907121,0.0,0.0,0.0,46536.34919096411,3.0697287959992154,,cwc,0.11331553166289876
2025-06-20,Pong,0.5636508490327071,-0.9134653761423125,0.0,0.0,0.0,51987.66646414411,11.664634539162554,,model,
2025-06-21,Pong,0.5792787575970042,-0.9047796824558084,0.0,0.0,0.0,51858.44746967855,1.0293294896396803,,model,
2025-06-22,Pong,0.5945905221294214,-0.8956046698532943,0.0,0.0,0.0,46209.30926997808,5.8482053062639885,,model,
2025-06-23,Pong,0.596081243289026,-0.8878480507876206,0.0,0.0,0.0,50698.26063284552,9.21056104105467,,model,
2025-06-24,Pong,0.60855452307818,-0.8771245865802665,0.0,0.0,0.0,58650.85449779972,17.45382865079932,,model,
2025-06-25,Pong,0.6404844245410124,-0.8550494273157312,0.0,0.0,0.0,71480.5443755107,18.70713503903054,,model,
2025-06-26,Pong,0.699,-0.819723141664599,0.0,0.0,0.0,72938.55571883633,13.260346750272353,,cwc,0.004803131515627501
2025-06-27,Pong,0.7658858418723282,-0.7832785404857703,0.0,0.0,0.0,68712.20395039019,8.750399723261513,,model,
2025-06-28,Pong,0.8224315948610892,-0.7665464624098746,0.0,0.0,0.0,77552.43826165075,25.785904373990544,,model,
2025-06-29,Pong,0.9006056489327017,-0.7520299273639828,0.0,0.0,0.0,111376.80028366529,36.13562787330503,,model,
2025-06-30,Pong,1.0615335599711646,-0.7459007579231245,0.0,0.0,0.0,152824.05624860234,49.43310134370414,,model,
2025-07-01,Pong,1.3238653138835441,-0.7396416938400059,0.0,0.0,0.0,154193.0671861046,8.995280357652017,,model,
2025-07-02,Pong,1.5895464564772055,-0.7351847951379007,0.0,0.0,0.0,95456.15481819092,12.001213196998997,,model,
2025-07-03,Pong,1.66912,-0.739747348122278,0.0,0.0,0.0,88854.5566300151,8.971665997575238,,cwc,0.042403305650486445
2025-07-04,Pong,1.7749455404845507,-0.7376023533573337,0.0,0.0,0.0,63862.93298204076,3.762836793299869,,model,
2025-07-05,Pong,1.819627185708408,-0.7335239010152541,0.0,0.0,0.0,64249.976800818185,15.988609572203796,,model,
2025-07-06,Pong,1.8652557628743422,-0.7261414563044262,0.0,0.0,0.0,58880.10966081101,1.8710483252090253,,model,
2025-07-07,Pong,1.897746554412689,-0.717979662909637,0.0,0.0,0.0,49336.77175471161,6.693374420750023,,model,
2025-07-08,Pong,1.9068888488070639,-0.70824160233211,0.0,0.0,0.0,51991.387286157515,5.7643684891721705,,model,
2025-07-09,Pong,1.9225258606435085,-0.7056181473454225,0.0,0.0,0.0,57752.46250125138,19.16486297912608,,model,
2025-07-10,Pong,1.90997,-0.7080819224931262,0.0,0.0,0.0,67597.285977885,9.862331436909775,,cwc,0.042287778217269034
2025-07-11,Pong,1.963788021941937,-0.7070876855025748,0.0,0.0,0.0,69919.49177137116,24.969228262961256,,model,
2025-07-12,Pong,2.0232874957899494,-0.7060522782864279,0.0,0.0,0.0,74616.25569638712,1.3656024976558352,,model,
2025-07-13,Pong,2.0942779574001213,-0.7046363400152783,0.0,0.0,0.0,53417.04324959281,6.66777231134114,,model,
2025-07-14,Pong,2.113402944253073,-0.7032413032790458,0.0,0.0,0.0,55543.22755934049,4.425089415974413,,model,
2025-07-15,Pong,2.1377298016435824,-0.7040459427660681,0.0,0.0,0.0,48562.50310942015,4.46159421864195,,model,
2025-07-16,Pong,2.1449777893047024,-0.697049891911626,0.0,0.0,0.0,48685.17700156175,4.548762320484918,,model,
2025-07-17,Pong,2.1525259079104133,-0.6767824703194806,0.0,0.0,0.0,49819.03587463766,10.342719264253269,,model,
2025-07-18,Pong,2.162848097907095,-0.6611805655262015,0.0,0.0,0.0,49756.75609348602,0.5492452310877785,,model,
2025-07-19,Pong,2.173017915714229,-0.649065605278959,0.0,0.0,0.0,43202.43583278458,1.6473872999669936,,model,
2025-07-20,Pong,2.167152093853836,-0.6450169499820071,0.0,0.0,0.0,66445.95786207063,44.89133619074138,,model,
2025-07-21,Pong,2.218153304582719,-0.6429606903784079,0.0,0.0,0.0,105990.3295263246,21.933420346003864,,model,
2025-07-22,Pong,2.3659028079894586,-0.6422459951284198,0.0,0.0,0.0,92088.605737082,16.167202569369035,,model,
2025-07-23,Pong,2.4796406939324633,-0.6395771930678735,0.0,0.0,0.0,81698.64423074135,6.176403472711113,,model,
2025-07-24,Pong,2.5679587541348616,-0.6277275191110083,0.0,0.0,0.0,57663.67699067254,0.4918220954203866,,model,
2025-07-25,Pong,2.597473451249641,-0.6064456725552867,0.0,0.0,0.0,51726.98534386545,6.133147563399418,,model,
2025-07-26,Pong,2.6124635837598786,-0.585730929266914,0.0,0.0,0.0,47729.55957231443,1.0191020197559189,,model,
2025-07-27,Pong,2.6176737121322926,-0.5676629455716257,0.0,0.0,0.0,53552.16279210279,20.22945001622803,,model,
2025-07-28,Pong,2.6371292791536747,-0.5413299792966977,0.0,0.0,0.0,80908.17730223408,37.64277033471367,,model,
2025-07-29,Pong,2.723513402299222,-0.5164877826970583,0.0,0.0,0.0,109012.9862343609,28.29192025810801,,model,
2025-07-30,Pong,2.878658063690432,-0.5052380270035485,0.0,0.0,0.0,107323.20280360007,15.06693394928844,,model,
2025-07-31,Pong,3.0296685422626695,-0.49106208923551997,0.0,0.0,0.0,99436.71940083327,19.9974093568459,,model,
2025-08-06,Pong,4.552863073913041,-0.32906468665376376,0.0,0.0,0.0,121176.06168257145,10.865390151961488,,press,
2025-08-07,Pong,4.7377656182545085,-0.32083985041018537,0.0,0.0,0.0,70208.89651650855,0.6138379107481564,,model,
2025-08-08,Pong,5.11,-0.2656857326627441,0.0,0.0,0.0,61410.26414556038,10.19491557114017,,press,-0.3120268573252609
2025-08-09,Pong,5.148681005627195,-0.2588260787442519,0.0,0.0,0.0,62105.36045251691,7.347437937956011,,model,
2025-08-10,Pong,5.189062616880792,-0.24127449651101965,0.0,0.0,0.0,55299.14515829096,5.991506416441843,,model,
2025-08-11,Pong,5.212792308237794,-0.22127731231868156,0.0,0.0,0.0,70107.33897212913,36.29119337126352,,model,
2025-08-12,Pong,5.27275136445348,-0.19751071499376152,0.0,0.0,0.0,82405.18315382226,1.8545054584357823,,model,
2025-08-13,Pong,5.362798025507066,-0.17051232627261487,0.0,0.0,0.0,66039.53932131326,19.89269102719203,,model,
2025-08-14,Pong,5.412804902572875,-0.15165961895155985,0.0,0.0,0.0,97898.01087199282,31.823385319011287,,model,
2025-08-15,Pong,5.540755937053137,-0.13500388769764782,0.0,0.0,0.0,105185.10990080413,15.984522515914342,,model,
2025-08-16,Pong,5.686535409815282,-0.12465382010697541,0.0,0.0,0.0,116416.73599406586,36.65048555139528,,model,
2025-08-17,Pong,5.859793904313949,-0.12147571805003182,0.0,0.0,0.0,126046.42403756635,18.63461967749212,,model,
2025-08-18,Pong,5.233,-0.23286768522740034,0.0,0.0,0.0,101774.94077406966,13.844489968630258,,press,0.823612158091108
2025-08-19,Pong,5.37043623637049,-0.22647106349594412,0.0,0.0,0.0,95228.6661010433,16.026103290966354,,model,
2025-08-20,Pong,5.4918565172115095,-0.20681883990684588,0.0,0.0,0.0,76439.83769611194,5.327616882981164,,model,
2025-08-21,Pong,5.567308509947511,-0.16332090706182115,0.0,0.0,0.0,55069.71126122427,0.9968519523923056,,model,
2025-08-22,Pong,5.59047687394263,-0.11031599453215746,0.0,0.0,0.0,50326.89976368482,7.485072045126715,,model,
2025-08-23,Pong,5.602041591310721,-0.08302016791838,0.0,0.0,0.0,64659.85388726526,25.00112615550864,,model,
2025-08-24,Pong,5.648672963733038,-0.05935352431113945,0.0,0.0,0.0,104157.23941374957,49.90248986069832,,model,
2025-08-25,Pong,5.791937673697563,-0.03252645743275611,0.0,0.0,0.0,175209.70325120323,64.3624072202334,,model,
2025-08-26,Pong,6.256662167953219,0.013127341543944876,0.09569831985535604,39115.21147567491,0.0,203537.41298700517,15.877363045227993,5.0,press,-0.147624563815425
2025-08-27,Pong,6.643067980294467,0.032656656456051106,0.2380670255646118,56621.669810820786,0.0,126932.69229166715,10.661151816880034,4.0,model,
2025-08-28,Pong,6.842054556308906,0.06255922245952804,0.45605673172995864,87530.58680448311,0.0,116118.9063998768,18.33327344879008,3.0,model,
2025-08-29,Pong,7.014584388205689,0.09821031292594348,0.7159531812301267,104659.32146017996,0.0,125535.9406249383,29.07096343762204,2.0,model,
2025-08-30,Pong,7.210153705749104,0.132242294382244,0.9640463260465584,105045.7621918679,43058.28065088366,121294.22128070219,16.83336198196609,1.0,model,
2025-08-31,Pong,7.29,0.14041438494128117,1.0236208662219388,105436.10636528984,58191.011501064735,103791.01150106483,30.72069390260008,1.0,model,
2025-09-01,Pong,7.29,0.13093229988760094,0.9544964661806095,105830.39340915061,89099.92849472706,134699.9284947273,35.422207098086304,1.0,model,
2025-09-02,Pong,7.29,0.10532470946947625,0.7678171320324818,106228.66315042427,106228.66315042427,151828.66315042417,30.963475221066886,1.0,model,
2025-09-03,Pong,7.29,0.07281273475796848,0.5308048363855882,101404.24450322054,101404.24450322054,147004.2445032207,23.22217927845065,1.0,model,
2025-09-04,Pong,7.29,0.04111294509496685,0.29971336974230667,67408.45462518334,67408.45462518334,113008.45462518357,9.506296851748884,1.0,model,
2025-09-05,Pong,6.5090918383532195,-0.08765852684971848,0.0,0.0,0.0,75537.47967487983,2.8491730099448267,,press,0.7809081616467806
2025-09-06,Pong,6.503187050741538,-0.09808161640628364,0.0,0.0,0.0,58397.63139715122,5.834098626121834,,press,0.0791490932796064
2025-09-07,Pong,6.534497422758755,-0.09641814504568891,0.0,0.0,0.0,54953.54475152494,6.662163424686384,,model,
2025-09-08,Pong,6.557381576612032,-0.09356367632989632,0.0,0.0,0.0,52549.173592485706,6.852325854750695,,model,
2025-09-09,Pong,6.574383254785181,-0.08511181552498101,0.0,0.0,0.0,48495.47887949877,2.08034342247266,,model,
2025-09-10,Pong,6.5814672626044155,-0.07251858587032063,0.0,0.0,0.0,46893.551068964436,6.63791106360583,,model,
2025-09-11,Pong,6.584632033016662,-0.06287172835416424,0.0,0.0,0.0,50556.60403407477,7.446059345296203,,model,
2025-09-12,Pong,6.596758739235398,-0.053551029993702946,0.0,0.0,0.0,54105.389083933,12.04842054920494,,model,
2025-09-13,Pong,6.617567816173525,-0.04902128905438932,0.0,0.0,0.0,70783.79838298121,29.98399313956592,,model,
2025-09-14,Pong,6.679181881441359,-0.04476926010786165,0.0,0.0,0.0,83123.73162950129,10.771126107651837,,model,
2025-09-15,Pong,6.2906146967204775,-0.1092213713919168,0.0,0.0,0.0,74344.50021407582,16.69272810693199,,bbmb,0.4803718289033547
2025-09-16,Pong,6.360940288013257,-0.10922886240642035,0.0,0.0,0.0,73372.65193032155,5.156629306393083,,model,
2025-09-17,Pong,6.42888817906102,-0.11070783847943243,0.0,0.0,0.0,59097.15585430227,8.195913073529304,,model,
2025-09-18,Pong,6.461909990508617,-0.11236352558258084,0.0,0.0,0.0,58269.664370913,5.265976337462085,,model,
2025-09-19,Pong,6.492907281528804,-0.1142126681096591,0.0,0.0,0.0,49898.22723509414,4.097675851563113,,model,
2025-09-20,Pong,6.503423219171396,-0.11612916036387903,0.0,0.0,0.0,45577.679211324714,0.0084861005601853,,model,
2025-09-21,Pong,6.5033686096756655,-0.1180543622134894,0.0,0.0,0.0,41193.13196280673,0.2070086450774575,,model,
2025-09-22,Pong,6.492586874103408,-0.11999183051580223,0.0,0.0,0.0,40666.590523267725,0.3819069818048813,,model,
2025-09-23,Pong,6.480516915121456,-0.12192560822926815,0.0,0.0,0.0,40090.15623207463,0.0,,model,
2025-09-24,Pong,5.95847039356257,-0.19362029009822423,0.0,0.0,0.0,39889.47593354249,0.0,,bbmb,0.5085662725364841
2025-09-25,Pong,5.944499165029307,-0.19555682691688586,0.0,0.0,0.0,39863.52416985719,0.0,,model,
2025-09-26,Pong,5.930464443545648,-0.19711790225661188,0.0,0.0,0.0,39826.974127344176,0.0,,model,
2025-09-27,Pong,5.916340299621788,-0.19852420468084142,0.0,0.0,0.0,39837.97088268355,0.0275474701663485,,model,
2025-09-28,Pong,5.902243060090621,-0.20016780805197695,0.0,0.0,0.0,39841.76444752084,0.0,,model,
2025-09-29,Pong,5.888155101802416,-0.2017412663563457,0.0,0.0,0.0,39829.74964589696,0.0,,model,
2025-09-30,Pong,5.874037748394373,-0.20293143339058906,0.0,0.0,0.0,40948.502829881036,2.8190330603226643,,model,
2026-06-24,Pong,1.7406325000000002,-0.7672690718037637,0.0,0.0,0.0,42304.633043071764,5.293358540102405,,bbmb,
2026-06-25,Pong,1.73257013578957,-0.7663383965633116,0.0,0.0,0.0,43773.331672219116,1.493296550625569,,model,
2026-06-26,Pong,1.7281010537289927,-0.7607133009856801,0.0,0.0,0.0,42074.61304466332,1.5768097116540656,,model,
2026-06-27,Pong,1.7194759282154692,-0.7494817800752447,0.0,0.0,0.0,42117.89128628874,1.2446000705273952,,model,
2026-06-28,Pong,1.7109566861895609,-0.7439678605271951,0.0,0.0,0.0,43678.45581180612,5.957972380880825,,model,
2026-06-29,Pong,1.7062554831690342,-0.7393944013216933,0.0,0.0,0.0,48373.10975139875,8.450327855964721,,model,
2026-06-30,Pong,1.7130401056719293,-0.7352057258609968,0.0,0.0,0.0,62360.9566912989,30.33745347743687,,model,
2026-07-01,Pong,1.7540470524328637,-0.7294348148695573,0.0,0.0,0.0,79066.2821207541,11.24949328173943,,model,
2026-07-02,Pong,1.8359248398699377,-0.7227713971400199,0.0,0.0,0.0,62029.688254839704,4.09765878113047,,model,
2026-07-03,Pong,1.8761213133752188,-0.7174423992151087,0.0,0.0,0.0,59227.42207930848,9.129298623420537,,model,
2026-07-04,Pong,1.9094618309833267,-0.7116006582165839,0.0,0.0,0.0,58080.89157272659,6.6431579814702,,model,
2026-07-05,Pong,1.9399972750918055,-0.7033308823143037,0.0,0.0,0.0,62795.439235110636,16.7250634460043,,model,
2026-07-06,Pong,1.9820672162193975,-0.6901262150078065,0.0,0.0,0.0,65454.81925408189,9.896270694486764,,model,
2026-07-07,Pong,2.030643531467726,-0.6808155024704329,0.0,0.0,0.0,61478.681916559806,11.907226474774822,,model,
2026-07-08,Pong,2.069491926340329,-0.6738317798212854,0.0,0.0,0.0,63006.48963680078,8.465039315644843,,model,
2026-07-09,Pong,2.1120782182195748,-0.6713161763609303,0.0,0.0,0.0,70241.24454987975,24.177695044865853,,model,
2026-07-10,Pong,2.1723648845471986,-0.6705040151839218,0.0,0.0,0.0,84945.61711756668,15.117790986461934,,model,
2026-07-11,Pong,2.2686269092115636,-0.6704433169161588,0.0,0.0,0.0,73342.89742286643,11.104966305495497,,model,
2026-07-12,Pong,2.336502003609018,-0.6717170094289553,0.0,0.0,0.0,66409.2238169019,6.575524019229031,,model,
2026-07-13,Pong,2.387413341721302,-0.6709644770354743,0.0,0.0,0.0,53095.680752369444,0.9070137071090876,,model,
2026-07-14,Pong,2.4057520909472903,-0.6676617235289841,0.0,0.0,0.0,48019.976358859574,5.107214235042765,,model,
2026-07-15,Pong,2.4116727459276825,-0.6648146282071156,0.0,0.0,0.0,45780.861111278,0.5034082674895775,,model,
2026-07-26,Pong,2.1391414285714285,-0.6346618710554279,0.0,0.0,0.0,71402.79036484465,8.361048064873021,,bbmb,
2026-07-27,Pong,2.20226990448498,-0.61824618405757,0.0,0.0,0.0,75396.799076188,25.236173339606964,,model,
2026-07-28,Pong,2.275170024440413,-0.61137513637706,0.0,0.0,0.0,107557.74542645254,35.78965758528742,,model,
2026-07-29,Pong,2.42675432925811,-0.6062592955000053,0.0,0.0,0.0,104747.08278884948,6.212387827627469,,model,
2026-07-30,Pong,2.5714621355998597,-0.6035445947554526,0.0,0.0,0.0,87086.49372761385,24.86510815419545,,model,
2026-07-31,Pong,2.6729619766244035,-0.5979846582073219,0.0,0.0,0.0,94513.41223127431,8.691391270818238,,model,
2026-08-01,Pong,2.792632334838787,-0.5895296129344549,0.0,0.0,0.0,66073.48902920645,5.570988148151879,,model,
2026-08-02,Pong,2.8427222724297057,-0.577933290587602,0.0,0.0,0.0,60843.543189001306,7.20439523318356,,model,
2026-08-03,Pong,2.8800167524234332,-0.5614553497718539,0.0,0.0,0.0,53688.92595358231,5.636314884857634,,model,
2026-08-04,Pong,2.899806920851223,-0.5532258012024999,0.0,0.0,0.0,62166.80395976914,19.784608708395417,,model,
2026-08-05,Pong,2.9403388582870957,-0.5477952444412162,0.0,0.0,0.0,70793.28706253956,14.440334873274024,,model,
2026-08-06,Pong,3.001976138326296,-0.5366177993086066,0.0,0.0,0.0,80153.27184249867,28.955614270782508,,model,
2026-08-07,Pong,3.0865133282348536,-0.5203017206312923,0.0,0.0,0.0,94698.90837638473,14.41146260435552,,model,
2026-08-08,Pong,3.0417334327272654,-0.5352043724184351,0.0,0.0,0.0,70121.38017145613,2.218560853568858,,bbmb,0.16490408405439227
2026-08-09,Pong,3.083675,-0.5339721267506876,0.0,0.0,0.0,61781.294242797194,10.55393541307063,,bbmb,0.01805184179785524
2026-08-10,Pong,3.161492857142857,-0.5176696134131619,0.0,0.0,0.0,78905.15387721099,27.66730732963396,,bbmb,-0.03822909835309973
2026-08-11,Pong,3.161492857142857,-0.5132445467763354,0.0,0.0,0.0,94216.61180829807,17.506362412028004,,bbmb,0.08148357501672443
2026-08-12,Pong,3.3085639999999996,-0.5011554742511027,0.0,0.0,0.0,68596.94061296634,0.1550811908814234,,bbmb,-0.02812692929952121
2026-08-13,Pong,3.3531899222654924,-0.49711942090102057,0.0,0.0,0.0,56650.10338426715,10.577753806468946,,bbmb,0.011637830260629034
2026-08-14,Pong,3.420284,-0.4758627423475385,0.0,0.0,0.0,78550.637483536,28.465995531189577,,bbmb,-0.0400591650187736
2026-08-15,Pong,3.504276,-0.45208269271315876,0.0,0.0,0.0,92090.41432876572,14.423791812869885,,bbmb,-0.003375776122536589
2026-08-16,Pong,3.5506384725333207,-0.4557758479510371,0.0,0.0,0.0,70125.05892106623,6.214537307547189,,bbmb,0.06737983826586946
2026-08-17,Pong,3.649894261073841,-0.44469362277048846,0.0,0.0,0.0,62382.91081484562,9.997566213163726,,bbmb,-0.039253379131095834
2026-08-18,Pong,3.7131452029629655,-0.4311505784172122,0.0,0.0,0.0,92564.42823732077,43.88863376321077,,bbmb,-0.02219028270639667
2026-08-19,Pong,3.796634731142878,-0.42709198754828087,0.0,0.0,0.0,115077.02310739909,7.680622699847311,,bbmb,0.031412493456198565
2026-08-20,Pong,3.968454,-0.4262594803982321,0.0,0.0,0.0,62136.06677110037,0.1942118245631006,,bbmb,-0.0018384831450299899
2026-08-21,Pong,3.9820839571200013,-0.42900680663550417,0.0,0.0,0.0,62577.21638339436,14.589862763427345,,bbmb,0.02682677946173495
2026-08-22,Pong,3.9919068076799964,-0.4313754939096967,0.0,0.0,0.0,76883.93511830758,20.13198851039156,,bbmb,0.03171319187510813
2026-08-23,Pong,4.058954,-0.4313380907024287,0.0,0.0,0.0,70532.6537256079,1.2478774436300282,,bbmb,0.009491318308982422
2026-08-24,Pong,4.0922125,-0.4342084740739723,0.0,0.0,0.0,47329.14913112801,0.7714742398113852,,bbmb,0.027741120890708793
2026-08-25,Pong,4.147480557419385,-0.42609758097307104,0.0,0.0,0.0,48378.89280974397,7.314979058466871,,bbmb,-0.051037563440560874
2026-08-26,Pong,4.150482714516137,-0.4234888914879248,0.0,0.0,0.0,51504.359533277406,6.785049191567459,,bbmb,0.0037966140952683247
2026-08-27,Pong,4.20018,-0.4118439168265475,0.0,0.0,0.0,49590.87929564696,4.284526090895541,,bbmb,-0.03525182383761827
2026-08-28,Pong,4.20018,-0.4041201740312148,0.0,0.0,0.0,48385.94549208056,6.94754052942315,,bbmb,0.009763987689966669
2026-08-29,Pong,4.2964657142857146,-0.380696964020727,0.0,0.0,0.0,48907.00896595211,3.977377036031039,,bbmb,-0.08946968817355927
2026-08-30,Pong,4.2964657142857146,-0.3755563795771165,0.0,0.0,0.0,54924.85427784663,17.63430466675655,,bbmb,0.008090847265008527
2026-08-31,Pong,4.349768798545466,-0.36612043269456934,0.0,0.0,0.0,65889.60092163754,13.48153318974551,,bbmb,-0.03048912381776603
2026-09-01,Pong,4.414588056263735,-0.36136756541636694,0.0,0.0,0.0,72605.12264505662,23.53141486990148,,bbmb,-0.015179216274446183
2026-09-02,Pong,4.4930468914285795,-0.35799212263282754,0.0,0.0,0.0,78824.19900369924,8.192590722248024,,bbmb,-0.012388762496902572
2026-09-03,Pong,4.531866850285724,-0.3645774421190013,0.0,0.0,0.0,64224.27994174548,9.250929380476022,,bbmb,0.04246555394575324
2026-09-04,Pong,4.590782845000018,-0.36371682734099003,0.0,0.0,0.0,61254.096202213026,4.695163785149124,,bbmb,-0.013350286855365212
2026-09-05,Pong,4.605854285714286,-0.3677825766056166,0.0,0.0,0.0,53557.72941451608,7.015048548985017,,bbmb,0.023227488241734484
2026-09-06,Pong,4.605854285714286,-0.3715635695436849,0.0,0.0,0.0,50594.00699779276,1.749468548339679,,bbmb,0.0194691861836489
2026-09-07,Pong,4.605854285714286,-0.37183608501305476,0.0,0.0,0.0,43335.027999223246,0.6230136175196884,,bbmb,0.01221821539509893
2026-09-08,Pong,4.6003128606058326,-0.3682223582707731,0.0,0.0,0.0,42707.62860499547,2.305990429265666,,model,
2026-09-09,Pong,4.593236455482169,-0.3675339879326703,0.0,0.0,0.0,42979.265925772226,2.582916063412912,,model,
2026-09-10,Pong,4.586824631584777,-0.3644762973940159,0.0,0.0,0.0,42291.59926428796,0.817070374994518,,model,
