date,dam,storage_bcm,hei,forced_release_bcm,peak_release_cusecs,release_day1_cusecs,inflow_day1_cusecs,rain_day1_mm,day_of_exhaustion,storage_basis,reanchor_gap_bcm
2015-06-01,Bhakra,2.66,-0.5695589565701296,0.0,0.0,0.0,36956.897237228644,0.1557898547105521,,cwc,
2015-06-02,Bhakra,2.656,-0.5690599897507093,0.0,0.0,0.0,36889.29941177922,1.7249462012957395,,cwc,
2015-06-03,Bhakra,2.648,-0.5682343602151819,0.0,0.0,0.0,37385.47985081556,1.6457118759302511,,cwc,
2015-06-04,Bhakra,2.63,-0.570169287129396,0.0,0.0,0.0,37358.75782795823,1.0118779933365376,,cwc,
2015-06-05,Bhakra,2.607,-0.5730170898603277,0.0,0.0,0.0,38436.22194210781,1.506115760383705,,cwc,
2015-06-06,Bhakra,2.588,-0.5736914309058172,0.0,0.0,0.0,39862.208839439845,1.6054770690497018,,cwc,
2015-06-07,Bhakra,2.575,-0.5743414838327991,0.0,0.0,0.0,42261.23505493217,4.042213490163181,,cwc,
2015-06-08,Bhakra,2.573,-0.5745240702356524,0.0,0.0,0.0,39816.36340239092,0.0003938008166904,,cwc,
2015-06-09,Bhakra,2.572,-0.5737392014323137,0.0,0.0,0.0,39509.12542997119,0.1025189248895553,,cwc,
2015-06-10,Bhakra,2.581,-0.5714925643491772,0.0,0.0,0.0,44485.3012989958,4.59009601236648,,cwc,
2015-06-11,Bhakra,2.586,-0.5722793921345471,0.0,0.0,0.0,43520.718520088936,1.1940231870141589,,cwc,
2015-06-12,Bhakra,2.601,-0.5713224188516189,0.0,0.0,0.0,42613.83781767803,0.6025389824232431,,cwc,
2015-06-13,Bhakra,2.608,-0.5704958989269995,0.0,0.0,0.0,42223.3799307425,1.090378702628739,,cwc,
2015-06-14,Bhakra,2.599,-0.5717231255280104,0.0,0.0,0.0,41550.46946283561,1.978839856760368,,cwc,
2015-06-15,Bhakra,2.601,-0.56797929665355,0.0,0.0,0.0,40438.35891330751,0.0318171392217633,,cwc,
2015-06-16,Bhakra,2.597,-0.5655031298307587,0.0,0.0,0.0,39826.16126961474,0.0030520554700194,,cwc,
2015-06-17,Bhakra,2.59,-0.5640188301941911,0.0,0.0,0.0,41857.02187021464,0.9314654334691036,,cwc,
2015-06-18,Bhakra,2.5785,-0.5637222398633235,0.0,0.0,0.0,42777.46276083105,1.2710716952993597,,interp,
2015-06-19,Bhakra,2.567,-0.5643156967131423,0.0,0.0,0.0,50264.81719585487,6.7228952962537925,,cwc,
2015-06-20,Bhakra,2.6,-0.5562563728737747,0.0,0.0,0.0,48377.636805014736,1.726285477036816,,cwc,
2015-06-21,Bhakra,2.636,-0.5378388521499388,0.0,0.0,0.0,46466.34144542686,1.2074065954120414,,cwc,
2015-06-22,Bhakra,2.654,-0.5269584678912044,0.0,0.0,0.0,47312.59065298046,2.3164933476491623,,cwc,
2015-06-23,Bhakra,2.67,-0.5235654938689805,0.0,0.0,0.0,45966.964632815216,2.3673278711984325,,cwc,
2015-06-24,Bhakra,2.674,-0.5230850731098715,0.0,0.0,0.0,57295.67640096557,13.69608049580211,,cwc,
2015-06-25,Bhakra,2.695,-0.5261003570789082,0.0,0.0,0.0,80554.34057858051,26.03175196676708,,cwc,
2015-06-26,Bhakra,2.723,-0.5325028679035182,0.0,0.0,0.0,66810.66052366399,1.1278169411699457,,cwc,
2015-06-27,Bhakra,2.737,-0.5363466379565957,0.0,0.0,0.0,49411.37529659154,0.2192779452529812,,cwc,
2015-06-28,Bhakra,2.732,-0.5382289288750232,0.0,0.0,0.0,45555.18127572938,1.8907412100842147,,cwc,
2015-06-29,Bhakra,2.726,-0.5403744121466257,0.0,0.0,0.0,41035.31447774287,2.5493299545711867,,cwc,
2015-06-30,Bhakra,2.723,-0.5406156665015897,0.0,0.0,0.0,52808.931265552936,10.810795470066903,,cwc,
2015-07-01,Bhakra,2.723,-0.5419524215601064,0.0,0.0,0.0,51302.10869102144,6.168309090208632,,cwc,
2015-07-02,Bhakra,2.731,-0.541078901368167,0.0,0.0,0.0,46662.721103950505,1.1910580256829213,,cwc,
2015-07-03,Bhakra,2.75,-0.5362993370015776,0.0,0.0,0.0,42545.17191296518,0.0279207788251964,,cwc,
2015-07-04,Bhakra,2.767,-0.5306520814582475,0.0,0.0,0.0,41647.282755466134,1.3829211726226498,,cwc,
2015-07-05,Bhakra,2.797,-0.5181797891317562,0.0,0.0,0.0,49405.54269059174,7.897526121381438,,cwc,
2015-07-06,Bhakra,2.84498,-0.4991918135819116,0.0,0.0,0.0,50256.22121410877,2.995785845346622,,cwc,
2015-07-07,Bhakra,2.90317,-0.47643815500016196,0.0,0.0,0.0,51065.57163480097,3.234840327456284,,cwc,
2015-07-08,Bhakra,2.9673,-0.4580196944584734,0.0,0.0,0.0,49974.639935105006,3.882853068536455,,cwc,
2015-07-09,Bhakra,3.024,-0.44714559699673795,0.0,0.0,0.0,61139.79709391725,15.198585190047826,,cwc,
2015-07-10,Bhakra,3.108,-0.4395735183920526,0.0,0.0,0.0,78137.98867120978,18.85471726339159,,cwc,
2015-07-11,Bhakra,3.191,-0.4343901688104126,0.0,0.0,0.0,84402.94497161247,16.133013807810926,,cwc,
2015-07-12,Bhakra,3.275,-0.4257939999604957,0.0,0.0,0.0,71746.96477887731,4.842390637514495,,cwc,
2015-07-13,Bhakra,3.345,-0.41942916225091764,0.0,0.0,0.0,54484.92497789745,0.6546805776394963,,cwc,
2015-07-14,Bhakra,3.586,-0.37895780474677254,0.0,0.0,0.0,46084.663219785,0.1688099442704257,,cwc,
2015-07-15,Bhakra,3.49851,-0.38744107785974335,0.0,0.0,0.0,57409.86705312636,10.907473255001497,,cwc,
2015-07-16,Bhakra,3.586,-0.37497471073837035,0.0,0.0,0.0,71955.15267299513,17.683831465416294,,cwc,
2015-07-17,Bhakra,3.706,-0.36393738091813976,0.0,0.0,0.0,59340.470337182174,3.141015031435685,,cwc,
2015-07-18,Bhakra,3.791,-0.3533454255260366,0.0,0.0,0.0,59020.2788579392,8.125765953552479,,cwc,
2015-07-19,Bhakra,3.861,-0.3456195056135316,0.0,0.0,0.0,60246.37256995868,7.717151879989019,,cwc,
2015-07-20,Bhakra,3.923,-0.34091494941029293,0.0,0.0,0.0,53389.14542903244,3.8872799983203015,,cwc,
2015-07-21,Bhakra,3.99,-0.3279258545775674,0.0,0.0,0.0,51008.13035724313,4.235093634770027,,cwc,
2015-07-22,Bhakra,4.054,-0.31631056723674766,0.0,0.0,0.0,51565.23122911608,6.501811505103005,,cwc,
2015-07-23,Bhakra,4.1165,-0.3080091832522897,0.0,0.0,0.0,50079.11008642704,5.079371163968768,,interp,
2015-07-24,Bhakra,4.179,-0.300099682220586,0.0,0.0,0.0,46882.665297762964,3.3007937651028647,,cwc,
2015-07-25,Bhakra,4.237,-0.2935854296963764,0.0,0.0,0.0,59074.263854397694,14.847877447922931,,cwc,
2015-07-26,Bhakra,4.287,-0.2940373795775157,0.0,0.0,0.0,54421.72813523139,3.6288600271852007,,cwc,
2015-07-27,Bhakra,4.355,-0.28532009765823374,0.0,0.0,0.0,47154.70763811404,2.2457927312635846,,cwc,
2015-07-28,Bhakra,4.398,-0.27702726324075816,0.0,0.0,0.0,44670.84950866132,1.6898002075017706,,cwc,
2015-07-29,Bhakra,4.438,-0.2695182348269454,0.0,0.0,0.0,39761.396936196754,0.066500985830205,,cwc,
2015-07-30,Bhakra,4.47,-0.26262382736806955,0.0,0.0,0.0,37486.86758302293,0.217009470817681,,interp,
2015-07-31,Bhakra,4.502,-0.25468981605853475,0.0,0.0,0.0,48822.043731568265,12.456442200093765,,cwc,
2015-08-01,Bhakra,4.552,-0.24837261837879934,0.0,0.0,0.0,50692.74087081139,6.029067522664123,,cwc,
2015-08-02,Bhakra,4.607,-0.24067199386518995,0.0,0.0,0.0,47439.51038323084,2.663835033731348,,cwc,
2015-08-03,Bhakra,4.648,-0.22853138310604948,0.0,0.0,0.0,44235.10471981743,1.4647207869694168,,cwc,
2015-08-04,Bhakra,4.688,-0.21475982007987118,0.0,0.0,0.0,44607.414699905305,4.081823020639527,,cwc,
2015-08-05,Bhakra,4.745,-0.1962709725296737,0.0,0.0,0.0,44468.94878123879,3.778045761224459,,cwc,
2015-08-06,Bhakra,4.795,-0.18249366995817667,0.0,0.0,0.0,47818.18834880862,7.257752674244227,,cwc,
2015-08-07,Bhakra,4.844,-0.1708295305760485,0.0,0.0,0.0,61591.4806674429,16.88003783434764,,cwc,
2015-08-08,Bhakra,4.907,-0.16484237406716246,0.0,0.0,0.0,62948.22648438354,8.881155355372638,,cwc,
2015-08-09,Bhakra,5.009,-0.15087399255523018,0.0,0.0,0.0,68382.2911781758,12.77685091442842,,cwc,
2015-08-10,Bhakra,5.11,-0.14160381215002216,0.0,0.0,0.0,59109.33778660686,2.6527132263944364,,cwc,
2015-08-11,Bhakra,5.185,-0.13267866717300658,0.0,0.0,0.0,57487.18232461885,7.98993628464942,,cwc,
2015-08-12,Bhakra,5.242,-0.12790767703062852,0.0,0.0,0.0,51084.54898780731,2.333190883032635,,cwc,
2015-08-13,Bhakra,5.277,-0.12523583957947396,0.0,0.0,0.0,56820.90636567791,12.050402700640054,,cwc,
2015-08-14,Bhakra,5.307,-0.1267449733434561,0.0,0.0,0.0,50702.04977518404,2.390676411558367,,cwc,
2015-08-15,Bhakra,5.374,-0.12144301432315328,0.0,0.0,0.0,51177.732333640386,8.635882863764028,,cwc,
2015-08-16,Bhakra,5.424,-0.11716089615394178,0.0,0.0,0.0,46336.2892108696,0.9488994945386988,,cwc,
2015-08-17,Bhakra,5.467,-0.11224913182937696,0.0,0.0,0.0,43581.35761889301,4.547754100395104,,cwc,
2015-08-18,Bhakra,5.506,-0.10778498774274052,0.0,0.0,0.0,40716.60323572617,0.4997187965564163,,cwc,
2015-08-19,Bhakra,5.508,-0.10900689457137105,0.0,0.0,0.0,36815.66178919109,0.8261688581901651,,cwc,
2015-08-20,Bhakra,5.52089,-0.10733942825087776,0.0,0.0,0.0,41643.30942713262,5.338866399405062,,cwc,
2015-08-21,Bhakra,5.543,-0.10647321144455593,0.0,0.0,0.0,41266.09219821103,3.3606244818545656,,cwc,
2015-08-22,Bhakra,5.584,-0.10239314989733887,0.0,0.0,0.0,39006.45434042854,1.364935148683907,,cwc,
2015-08-23,Bhakra,5.61,-0.097933458759551,0.0,0.0,0.0,36788.14999297806,0.0929052820219834,,cwc,
2015-08-24,Bhakra,5.643,-0.09245984165268821,0.0,0.0,0.0,35792.45517118929,0.6680149719235392,,cwc,
2015-08-25,Bhakra,5.659,-0.09011169311051558,0.0,0.0,0.0,34811.58271269244,2.138034919154568e-06,,cwc,
2015-08-26,Bhakra,5.683,-0.08610728055207384,0.0,0.0,0.0,34895.84270775911,0.6855540035122564,,cwc,
2015-08-27,Bhakra,5.706,-0.082626422337025,0.0,0.0,0.0,39733.76321119576,5.823586667446753,,cwc,
2015-08-28,Bhakra,5.732,-0.0805843801599678,0.0,0.0,0.0,37235.780134888606,0.0,,cwc,
2015-08-29,Bhakra,5.756,-0.07776510970167891,0.0,0.0,0.0,35231.106173278684,0.0,,cwc,
2015-08-30,Bhakra,5.777,-0.07447940697674227,0.0,0.0,0.0,35197.21798492012,0.0057884110575419,,cwc,
2015-08-31,Bhakra,5.8,-0.07089157934915595,0.0,0.0,0.0,34357.23919688098,0.1740786336040277,,cwc,
2015-09-01,Bhakra,5.823,-0.06698656355922183,0.0,0.0,0.0,34305.719387545214,0.0132778496762746,,cwc,
2015-09-02,Bhakra,5.841,-0.06383897950239013,0.0,0.0,0.0,34604.03458056351,0.4763659662015109,,cwc,
2015-09-03,Bhakra,5.857,-0.06087450487236196,0.0,0.0,0.0,35013.104433115834,0.7679213920652075,,cwc,
2015-09-04,Bhakra,5.865,-0.05965789274324499,0.0,0.0,0.0,34930.95941426215,0.414443623634954,,cwc,
2015-09-05,Bhakra,5.872,-0.058759155374701603,0.0,0.0,0.0,34898.54410688409,0.457610824499733,,cwc,
2015-09-06,Bhakra,5.877,-0.05819672179915421,0.0,0.0,0.0,34962.27017050683,0.5217750858233507,,cwc,
2015-09-07,Bhakra,5.877,-0.058463216813701036,0.0,0.0,0.0,35611.85650330428,1.2984081163015584,,cwc,
2015-09-08,Bhakra,5.877,-0.059017591166617166,0.0,0.0,0.0,34840.73164516016,0.0,,cwc,
2015-09-09,Bhakra,5.872,-0.05995128084827432,0.0,0.0,0.0,34358.009629861175,0.0,,cwc,
2015-09-10,Bhakra,5.865,-0.061067776302887365,0.0,0.0,0.0,34286.83143746009,0.0,,cwc,
2015-09-11,Bhakra,5.856,-0.062278595004685675,0.0,0.0,0.0,34283.77183080405,0.2124317856694123,,cwc,
2015-09-12,Bhakra,5.843,-0.06339502006711548,0.0,0.0,0.0,34200.415172339795,0.0,,cwc,
2015-09-13,Bhakra,5.837,-0.06387467160569199,0.0,0.0,0.0,34507.223436706496,0.4264743754892152,,cwc,
2015-09-14,Bhakra,5.839,-0.06312563160708583,0.0,0.0,0.0,34376.5456661988,0.0062898606075506,,cwc,
2015-09-15,Bhakra,5.841,-0.058282407212282054,0.0,0.0,0.0,34882.68890409377,0.8069465373063176,,cwc,
2015-09-16,Bhakra,5.838,-0.05203295731454848,0.0,0.0,0.0,36754.89449739171,2.5906314675396183,,cwc,
2015-09-17,Bhakra,5.833,-0.049462452861906356,0.0,0.0,0.0,35431.626107840006,0.0204433940078828,,cwc,
2015-09-18,Bhakra,5.825,-0.042511687098613984,0.0,0.0,0.0,35596.81584932058,1.0281932344985527,,cwc,
2015-09-19,Bhakra,5.815,-0.03884277630509602,0.0,0.0,0.0,45889.96277955197,11.794709868981156,,cwc,
2015-09-20,Bhakra,5.801,-0.043659388689057554,0.0,0.0,0.0,52020.03971644222,9.48676011538394,,cwc,
2015-09-21,Bhakra,5.801,-0.049079310420335864,0.0,0.0,0.0,45343.09128278645,0.7282624873666621,,cwc,
2015-09-22,Bhakra,5.825,-0.048254362797875996,0.0,0.0,0.0,56398.20530580293,13.468672462291824,,cwc,
2015-09-23,Bhakra,5.84,-0.05348449546053858,0.0,0.0,0.0,49025.23639925854,1.610600980815248,,cwc,
2015-09-24,Bhakra,5.862,-0.05541297719083603,0.0,0.0,0.0,39349.11487121296,0.0204433940078828,,cwc,
2015-09-25,Bhakra,5.886,-0.053386696091325556,0.0,0.0,0.0,38220.87764864694,0.3730489361077033,,cwc,
2015-09-26,Bhakra,5.903,-0.05221588820390014,0.0,0.0,0.0,37633.784576924394,2.778391504306388,,cwc,
2015-09-27,Bhakra,5.914,-0.051843259127945136,0.0,0.0,0.0,36951.22912626607,1.051627900793832,,cwc,
2015-09-28,Bhakra,5.92,-0.05199926564843183,0.0,0.0,0.0,35123.14669681546,0.0,,cwc,
2015-09-29,Bhakra,5.915,-0.05320722844615907,0.0,0.0,0.0,34698.41236098369,0.0,,cwc,
2015-09-30,Bhakra,5.906,-0.05489037955784478,0.0,0.0,0.0,34253.275795155416,0.0,,cwc,
2016-06-01,Bhakra,1.75466,-0.7152762154084314,0.0,0.0,0.0,36226.76819766707,0.0148765511678355,,cwc,
2016-06-02,Bhakra,1.76481,-0.7116836335824066,0.0,0.0,0.0,36432.73180408955,0.4067931809056113,,cwc,
2016-06-03,Bhakra,1.77725,-0.7081788775153347,0.0,0.0,0.0,37319.66845713743,0.2850215283377554,,cwc,
2016-06-04,Bhakra,1.79604,-0.7037077746121418,0.0,0.0,0.0,37511.78880050764,0.7195906070746251,,cwc,
2016-06-05,Bhakra,1.81406,-0.7003150177914997,0.0,0.0,0.0,38582.200841168225,2.264180305498283,,cwc,
2016-06-06,Bhakra,1.83996,-0.6965893485187326,0.0,0.0,0.0,41224.85305818012,4.298566135509879,,cwc,
2016-06-07,Bhakra,1.85493,-0.6955736023669824,0.0,0.0,0.0,40271.20945047874,2.021951420650821,,cwc,
2016-06-08,Bhakra,1.85874,-0.6954403305621503,0.0,0.0,0.0,41023.008008810495,3.5804734022787925,,cwc,
2016-06-09,Bhakra,1.85722,-0.6956894457232079,0.0,0.0,0.0,38784.37661879319,0.5067846966876167,,cwc,
2016-06-10,Bhakra,1.85773,-0.6936912540504139,0.0,0.0,0.0,37481.55790176157,0.71516147970717,,cwc,
2016-06-11,Bhakra,1.859,-0.6861448830084813,0.0,0.0,0.0,37692.19401706728,0.5769459033767789,,cwc,
2016-06-12,Bhakra,1.859,-0.680511981000067,0.0,0.0,0.0,39053.241775978924,2.2014536350065503,,cwc,
2016-06-13,Bhakra,1.85823,-0.677791586940066,0.0,0.0,0.0,41010.035452828764,3.0561693158490555,,cwc,
2016-06-14,Bhakra,1.859,-0.6763601004245116,0.0,0.0,0.0,43663.33322879914,5.262753545769111,,cwc,
2016-06-15,Bhakra,1.859,-0.6762695141966367,0.0,0.0,0.0,56175.58323174103,15.082790399640068,,cwc,
2016-06-16,Bhakra,1.8473199999999999,-0.683120551263311,0.0,0.0,0.0,52033.60549493836,2.024169135012947,,interp,
2016-06-17,Bhakra,1.83564,-0.6881779909122663,0.0,0.0,0.0,46294.11142007306,1.658818648032077,,cwc,
2016-06-18,Bhakra,1.82878,-0.6894987933370263,0.0,0.0,0.0,44339.88542219117,1.7935221506325831,,cwc,
2016-06-19,Bhakra,1.83463,-0.689576027671311,0.0,0.0,0.0,43893.96645590651,3.905157045730265,,cwc,
2016-06-20,Bhakra,1.84173,-0.6905656549940983,0.0,0.0,0.0,43506.81036482295,2.0567162652123216,,cwc,
2016-06-21,Bhakra,1.84503,-0.6919825277525299,0.0,0.0,0.0,43931.3453340344,3.5331942740287854,,cwc,
2016-06-22,Bhakra,1.85316,-0.6915750620780347,0.0,0.0,0.0,45735.257512488424,4.566037541406396,,cwc,
2016-06-23,Bhakra,1.85811,-0.6865613272388685,0.0,0.0,0.0,41752.148992070404,0.6807423737081345,,interp,
2016-06-24,Bhakra,1.86306,-0.6812987468430095,0.0,0.0,0.0,38472.35230719389,0.3561484421133682,,cwc,
2016-06-25,Bhakra,1.8656,-0.6760044098183229,0.0,0.0,0.0,38550.61743861959,1.1435866861163433,,cwc,
2016-06-26,Bhakra,1.86763,-0.6686628201375913,0.0,0.0,0.0,41645.74400701113,4.345076035821127,,cwc,
2016-06-27,Bhakra,1.87067,-0.6602418740394989,0.0,0.0,0.0,56477.028540560495,16.998000402850444,,cwc,
2016-06-28,Bhakra,1.87829,-0.6525459191180115,0.0,0.0,0.0,53127.4827055298,3.3570097657438525,,cwc,
2016-06-29,Bhakra,1.88565,-0.6470449357504352,0.0,0.0,0.0,50913.58895003987,5.284214970186922,,cwc,
2016-06-30,Bhakra,1.89606,-0.6451823534420039,0.0,0.0,0.0,56412.629588942844,8.252876190863933,,cwc,
2016-07-01,Bhakra,1.90088,-0.6469551808858012,0.0,0.0,0.0,61842.983914407625,11.22843174228412,,cwc,
2016-07-02,Bhakra,1.90824,-0.6527995711848358,0.0,0.0,0.0,72956.43105862194,14.850288509158746,,cwc,
2016-07-03,Bhakra,1.92881,-0.66288352399553,0.0,0.0,0.0,64124.741893206796,7.206600464862474,,cwc,
2016-07-04,Bhakra,1.93795,-0.671184108445408,0.0,0.0,0.0,51400.810855526164,1.256697698600396,,cwc,
2016-07-05,Bhakra,1.94607,-0.6745247627772694,0.0,0.0,0.0,49928.89677461258,5.10884682989379,,cwc,
2016-07-06,Bhakra,1.97679,-0.6728043111745218,0.0,0.0,0.0,43954.835211086174,1.7241706610682663,,cwc,
2016-07-07,Bhakra,2.00344,-0.6666746742497985,0.0,0.0,0.0,38874.940213380294,0.8164669983134752,,cwc,
2016-07-08,Bhakra,2.02401,-0.659696227983139,0.0,0.0,0.0,39255.556615446745,2.0782842071954746,,cwc,
2016-07-09,Bhakra,2.0296,-0.6547215290007147,0.0,0.0,0.0,39576.55474955914,2.740130067949316,,cwc,
2016-07-10,Bhakra,2.03391,-0.6475375454483303,0.0,0.0,0.0,41752.853732378055,4.29262421954264,,cwc,
2016-07-11,Bhakra,2.0446,-0.6404301393775479,0.0,0.0,0.0,48668.161323202665,9.716109071456984,,cwc,
2016-07-12,Bhakra,2.05467,-0.6292092026765013,0.0,0.0,0.0,48234.44756098041,4.251344784350409,,cwc,
2016-07-13,Bhakra,2.05742,-0.6204749430016233,0.0,0.0,0.0,49636.351930649274,6.201199657594783,,cwc,
2016-07-14,Bhakra,2.06444,-0.6146592806494735,0.0,0.0,0.0,56105.38567872229,9.151120512201894,,cwc,
2016-07-15,Bhakra,2.0733,-0.6148470800241539,0.0,0.0,0.0,55478.99126203716,6.332897648914256,,cwc,
2016-07-16,Bhakra,2.09712,-0.6163289089688037,0.0,0.0,0.0,73120.79464558778,19.960012822940183,,cwc,
2016-07-17,Bhakra,2.12612,-0.6226999020574684,0.0,0.0,0.0,69347.91924951911,7.742621546563026,,cwc,
2016-07-18,Bhakra,2.16002,-0.6264603982143078,0.0,0.0,0.0,61573.75596653778,7.450000728247062,,cwc,
2016-07-19,Bhakra,2.22047,-0.6223281797717626,0.0,0.0,0.0,52005.858761136566,0.5707836950473563,,cwc,
2016-07-20,Bhakra,2.29192,-0.6133954458161003,0.0,0.0,0.0,41970.18604392213,0.9456913308409352,,cwc,
2016-07-21,Bhakra,2.31177,-0.6092287766387703,0.0,0.0,0.0,45046.89516013962,5.11593737953594,,interp,
2016-07-22,Bhakra,2.33162,-0.6023879402444928,0.0,0.0,0.0,45917.56547800089,6.391638664666558,,cwc,
2016-07-23,Bhakra,2.35147,-0.5965618978317918,0.0,0.0,0.0,47386.41097139288,6.065026900474621,,cwc,
2016-07-24,Bhakra,2.36948,-0.5934520839370812,0.0,0.0,0.0,45544.582623990325,4.182227558674636,,cwc,
2016-07-25,Bhakra,2.37956,-0.5904019752427905,0.0,0.0,0.0,44465.17636486051,3.8289852549083214,,cwc,
2016-07-26,Bhakra,2.38719,-0.5857009128358885,0.0,0.0,0.0,54350.33561239365,11.57270392980836,,cwc,
2016-07-27,Bhakra,2.39604,-0.5807760869289089,0.0,0.0,0.0,52637.33271291264,5.594814044321373,,cwc,
2016-07-28,Bhakra,2.40338,-0.5765715476571274,0.0,0.0,0.0,47942.711287820355,3.884721185727586,,cwc,
2016-07-29,Bhakra,2.41223,-0.5730066965712387,0.0,0.0,0.0,49190.138173241074,5.95653697537194,,cwc,
2016-07-30,Bhakra,2.42231,-0.571422362838838,0.0,0.0,0.0,53315.47235183177,9.10893750564144,,cwc,
2016-07-31,Bhakra,2.45956,-0.5685959397055936,0.0,0.0,0.0,63271.6790036845,13.719654654093157,,cwc,
2016-08-01,Bhakra,2.50597,-0.5599869190612747,0.0,0.0,0.0,60342.0100355574,7.829565373658127,,cwc,
2016-08-02,Bhakra,2.54628,-0.548580494722992,0.0,0.0,0.0,53401.548411529475,4.458076602870001,,cwc,
2016-08-03,Bhakra,2.60704,-0.53390488870138,0.0,0.0,0.0,49103.81948945463,2.995042444269092,,cwc,
2016-08-04,Bhakra,2.6662,-0.5203292685609958,0.0,0.0,0.0,45286.20452940107,3.2599326915556146,,cwc,
2016-08-05,Bhakra,2.71429,-0.5039731659378874,0.0,0.0,0.0,66220.93990289928,19.85139462976271,,cwc,
2016-08-06,Bhakra,2.76517,-0.49601598649619266,0.0,0.0,0.0,72906.76294461491,14.366806748078952,,cwc,
2016-08-07,Bhakra,2.86414,-0.4824294365425001,0.0,0.0,0.0,65931.04089517365,8.108308244697898,,cwc,
2016-08-08,Bhakra,2.95266,-0.47210746035596296,0.0,0.0,0.0,59486.7148391073,4.733386513755439,,cwc,
2016-08-09,Bhakra,3.06835,-0.4567625585753925,0.0,0.0,0.0,67272.92116163815,13.420526316556176,,cwc,
2016-08-10,Bhakra,3.19973,-0.4420109222055783,0.0,0.0,0.0,65683.5646070189,7.785001867109449,,cwc,
2016-08-11,Bhakra,3.29522,-0.4337398515029567,0.0,0.0,0.0,67045.76250890894,12.918150089755237,,cwc,
2016-08-12,Bhakra,3.37942,-0.4258923642064597,0.0,0.0,0.0,56029.68698924873,3.153662258824093,,cwc,
2016-08-13,Bhakra,3.47761,-0.4108854367166495,0.0,0.0,0.0,51268.44958038354,5.97806434602548,,cwc,
2016-08-14,Bhakra,3.55648,-0.4005173597688235,0.0,0.0,0.0,51131.152261725016,4.876771687874539,,cwc,
2016-08-15,Bhakra,3.61524,-0.3939699777398348,0.0,0.0,0.0,47711.7097532556,5.476820555117664,,cwc,
2016-08-16,Bhakra,3.67518,-0.38377955163764654,0.0,0.0,0.0,52610.07435107684,8.739121028573264,,cwc,
2016-08-17,Bhakra,3.71974,-0.3807024130131121,0.0,0.0,0.0,54103.79155775688,9.046528840360835,,cwc,
2016-08-18,Bhakra,3.538138,-0.4117227636789478,0.0,0.0,0.0,45428.75715069916,1.0155501260980662,,cwc_level,
2016-08-19,Bhakra,3.80294,-0.36911631222651814,0.0,0.0,0.0,43783.593599931686,3.7046359794991752,,cwc,
2016-08-20,Bhakra,3.83607,-0.3616970507875472,0.0,0.0,0.0,49157.062297943725,7.7616784772949154,,cwc,
2016-08-21,Bhakra,3.87747,-0.3561197467026255,0.0,0.0,0.0,42231.28038578405,0.9184401355715336,,cwc,
2016-08-22,Bhakra,3.908,-0.34761251677783034,0.0,0.0,0.0,49352.75727286062,10.097380987214056,,cwc,
2016-08-23,Bhakra,3.94767,-0.3413856175578911,0.0,0.0,0.0,45671.376308020706,2.722986322848553,,cwc,
2016-08-24,Bhakra,3.987,-0.33628001794011253,0.0,0.0,0.0,49131.71355770518,8.850707517255264,,cwc,
2016-08-25,Bhakra,4.0226,-0.33238264893540154,0.0,0.0,0.0,46435.30990115477,2.3187742535993383,,cwc,
2016-08-26,Bhakra,4.06163,-0.32890931342444824,0.0,0.0,0.0,51412.08628503973,10.718135332110524,,cwc,
2016-08-27,Bhakra,4.09002,-0.3286369676565185,0.0,0.0,0.0,48991.98984812102,2.913304749032956,,cwc,
2016-08-28,Bhakra,4.13593,-0.3207167378811638,0.0,0.0,0.0,42594.741296871165,2.524332652698534,,cwc,
2016-08-29,Bhakra,4.17966,-0.3131237917522738,0.0,0.0,0.0,44503.494130655185,4.102520181601415,,cwc,
2016-08-30,Bhakra,4.23431,-0.3068050981609346,0.0,0.0,0.0,39325.53839464265,1.160194101978749,,cwc,
2016-08-31,Bhakra,4.29422,-0.2978815714894335,0.0,0.0,0.0,40501.50628675155,3.536795801518041,,cwc,
2016-09-01,Bhakra,4.34888,-0.2911930530421816,0.0,0.0,0.0,50391.951225531084,12.32122568720007,,cwc,
2016-09-02,Bhakra,4.40747,-0.2880139287844617,0.0,0.0,0.0,44052.47737346373,1.0034137511052947,,cwc,
2016-09-03,Bhakra,4.44989,-0.2849851404245772,0.0,0.0,0.0,38253.59203898776,0.3502987056034037,,cwc,
2016-09-04,Bhakra,4.48181,-0.281265219527382,0.0,0.0,0.0,37557.61736269684,0.5175484799711789,,cwc,
2016-09-05,Bhakra,4.5076,-0.2778964331442768,0.0,0.0,0.0,35189.0937533578,0.4630645018349025,,cwc,
2016-09-06,Bhakra,4.52641,-0.2740100627330999,0.0,0.0,0.0,34538.26746365812,0.0003214596200048,,cwc,
2016-09-07,Bhakra,4.53384,-0.2707950018451255,0.0,0.0,0.0,34425.27524225145,0.168045355798019,,cwc,
2016-09-08,Bhakra,4.54171,-0.26758134982945503,0.0,0.0,0.0,34677.73158894427,0.526464684407812,,cwc,
2016-09-09,Bhakra,4.54914,-0.2648541711489763,0.0,0.0,0.0,35593.30866665806,1.4554228699742842,,cwc,
2016-09-10,Bhakra,4.55571,-0.2633661729062741,0.0,0.0,0.0,37395.52522899391,2.928574324312156,,cwc,
2016-09-11,Bhakra,4.5627,-0.2629781645290725,0.0,0.0,0.0,39686.93916280553,4.279502581988192,,cwc,
2016-09-12,Bhakra,4.57013,-0.2634119354209113,0.0,0.0,0.0,39390.51673161088,2.4751965905253086,,cwc,
2016-09-13,Bhakra,4.585,-0.2625424304214636,0.0,0.0,0.0,38584.25146653002,1.905946324595995,,cwc,
2016-09-14,Bhakra,4.59812,-0.2619639397333152,0.0,0.0,0.0,36696.37742686946,0.3811085474665381,,cwc,
2016-09-15,Bhakra,4.60074,-0.2622994817281687,0.0,0.0,0.0,35526.34288278282,0.1043983190957137,,cwc,
2016-09-16,Bhakra,4.59943,-0.2621630157726586,0.0,0.0,0.0,35545.65731941573,1.030033958213435,,cwc,
2016-09-17,Bhakra,4.59724,-0.2608126654192141,0.0,0.0,0.0,35526.400058148494,0.91287095889703,,cwc,
2016-09-18,Bhakra,4.59506,-0.25816123203551755,0.0,0.0,0.0,34694.49563175196,0.0112971209592451,,cwc,
2016-09-19,Bhakra,4.59243,-0.2566141537850333,0.0,0.0,0.0,34771.20037909264,0.4454459398397385,,cwc,
2016-09-20,Bhakra,4.58675,-0.25648973813106846,0.0,0.0,0.0,36409.22853117508,2.2726830210847524,,cwc,
2016-09-21,Bhakra,4.58413,-0.2571145197234379,0.0,0.0,0.0,39878.788324053356,5.075604103189943,,cwc,
2016-09-22,Bhakra,4.58413,-0.2587307273776268,0.0,0.0,0.0,43168.01103601496,6.269135099150193,,cwc,
2016-09-23,Bhakra,4.58981,-0.2610655989392551,0.0,0.0,0.0,39708.3405729327,0.8732486502737987,,cwc,
2016-09-24,Bhakra,4.59243,-0.262650411849003,0.0,0.0,0.0,37409.57593233932,0.4518762227288966,,cwc,
2016-09-25,Bhakra,4.59068,-0.2640914734415439,0.0,0.0,0.0,35889.41440110147,0.1876759176512077,,cwc,
2016-09-26,Bhakra,4.58107,-0.26596435847794203,0.0,0.0,0.0,35763.91130901119,1.2619223295126651,,cwc,
2016-09-27,Bhakra,4.5745,-0.26732262631008236,0.0,0.0,0.0,34901.797881805745,0.0423253258808149,,cwc,
2016-09-28,Bhakra,4.56926,-0.26814373202283315,0.0,0.0,0.0,34602.51024713418,0.2822820747196637,,cwc,
2016-09-29,Bhakra,4.55745,-0.2700187601797899,0.0,0.0,0.0,34455.90762110148,0.0,,cwc,
2016-09-30,Bhakra,4.55352,-0.26929987129898225,0.0,0.0,0.0,35048.97401679955,0.9989726981479096,,cwc,
2017-06-01,Bhakra,1.38923,-0.7716193646293749,0.0,0.0,0.0,39505.92906825099,0.2459932054375982,,cwc,
2017-06-02,Bhakra,1.41076,-0.7601735103840496,0.0,0.0,0.0,37919.3643944596,0.0,,cwc,
2017-06-03,Bhakra,1.43167,-0.7492518439271142,0.0,0.0,0.0,35407.68958364268,0.0,,cwc,
2017-06-04,Bhakra,1.44745,-0.7399708668165081,0.0,0.0,0.0,37340.270932928965,1.1317382838083676,,cwc,
2017-06-05,Bhakra,1.46549,-0.732564424308026,0.0,0.0,0.0,41813.68983253095,3.9389644423899153,,cwc,
2017-06-06,Bhakra,1.49235,-0.7283355773577088,0.0,0.0,0.0,59847.10601848822,20.509444899710275,,cwc,
2017-06-07,Bhakra,1.52126,-0.7317134791613913,0.0,0.0,0.0,57179.370669753596,3.1701292402999006,,cwc,
2017-06-08,Bhakra,1.55791,-0.7334412411522584,0.0,0.0,0.0,52587.29660556148,5.321039487745528,,cwc,
2017-06-09,Bhakra,1.59675,-0.7334740053688872,0.0,0.0,0.0,48823.55843510673,2.5404939146921537,,cwc,
2017-06-10,Bhakra,1.63331,-0.7325895706622091,0.0,0.0,0.0,41601.755912314344,1.0762838148116851,,cwc,
2017-06-11,Bhakra,1.66453,-0.7294421982157446,0.0,0.0,0.0,39430.42588530545,0.8530754491236857,,cwc,
2017-06-12,Bhakra,1.69195,-0.7255822173150209,0.0,0.0,0.0,37800.353525822975,1.4696732864355917,,cwc,
2017-06-13,Bhakra,1.71657,-0.7214959785724063,0.0,0.0,0.0,36628.6280181899,0.2260421159645531,,cwc,
2017-06-14,Bhakra,1.71251,-0.7205050437095474,0.0,0.0,0.0,36132.00011858776,0.2879782803121716,,cwc,
2017-06-15,Bhakra,1.70033,-0.7192440075737362,0.0,0.0,0.0,36854.29693762415,1.0122647608248403,,cwc,
2017-06-16,Bhakra,1.6988,-0.7165469444250461,0.0,0.0,0.0,38050.464830951634,1.6894903295863113,,cwc,
2017-06-17,Bhakra,1.68764,-0.7144493557431268,0.0,0.0,0.0,38140.90345458457,1.130079797084157,,cwc,
2017-06-18,Bhakra,1.66682,-0.7155777269689808,0.0,0.0,0.0,40811.01808554978,3.40206642462347,,cwc,
2017-06-19,Bhakra,1.65057,-0.7190414846981565,0.0,0.0,0.0,44320.99478356673,5.328199255135057,,cwc,
2017-06-20,Bhakra,1.64042,-0.7230550352177458,0.0,0.0,0.0,44346.40417565323,2.7844354455535347,,cwc,
2017-06-21,Bhakra,1.63153,-0.7249435721963533,0.0,0.0,0.0,47952.41939914405,7.099235350501181,,cwc,
2017-06-22,Bhakra,1.63204,-0.725558833594509,0.0,0.0,0.0,43777.91542392554,0.9707593108522902,,cwc,
2017-06-23,Bhakra,1.63204,-0.7232192093847136,0.0,0.0,0.0,38634.20122627673,0.0,,cwc,
2017-06-24,Bhakra,1.63026,-0.7138828317652389,0.0,0.0,0.0,38251.12041833847,0.7351218315791767,,cwc,
2017-06-25,Bhakra,1.62874,-0.7053929399546509,0.0,0.0,0.0,43171.82493775725,5.285747443030974,,cwc,
2017-06-26,Bhakra,1.6262,-0.7017357450990861,0.0,0.0,0.0,46177.50455663573,4.540275359456676,,cwc,
2017-06-27,Bhakra,1.62925,-0.6984493630680993,0.0,0.0,0.0,49734.61650733575,7.307523503849685,,cwc,
2017-06-28,Bhakra,1.64042,-0.6963790338619911,0.0,0.0,0.0,63132.23738982513,16.365175850619814,,cwc,
2017-06-29,Bhakra,1.6587,-0.7000587241260924,0.0,0.0,0.0,60487.72626814873,5.6396556265052205,,cwc,
2017-06-30,Bhakra,1.6917,-0.7007049677997335,0.0,0.0,0.0,53521.25673902756,4.37618660573976,,cwc,
2017-07-01,Bhakra,1.72876,-0.6973331394221457,0.0,0.0,0.0,53298.01784007424,5.378923514673752,,cwc,
2017-07-02,Bhakra,1.76278,-0.6935868496455581,0.0,0.0,0.0,50440.12532679145,4.953846233205998,,cwc,
2017-07-03,Bhakra,1.80289,-0.6899697262669922,0.0,0.0,0.0,46292.049998085946,2.307255898533611,,cwc,
2017-07-04,Bhakra,1.8397,-0.6855774390432274,0.0,0.0,0.0,45354.144184214325,4.085962201340868,,cwc,
2017-07-05,Bhakra,1.8826,-0.6787683157730342,0.0,0.0,0.0,46958.25439674583,5.447217212556466,,cwc,
2017-07-06,Bhakra,1.92373,-0.6710232278492179,0.0,0.0,0.0,48930.95016416505,6.726540440996563,,cwc,
2017-07-07,Bhakra,1.96663,-0.6610812286545316,0.0,0.0,0.0,43255.00549393153,1.0520223340575483,,cwc,
2017-07-08,Bhakra,2.00471,-0.649775674646339,0.0,0.0,0.0,42429.327303762,3.531368353748222,,cwc,
2017-07-09,Bhakra,2.04032,-0.6414045163975218,0.0,0.0,0.0,45155.510975911915,4.685615847645949,,cwc,
2017-07-10,Bhakra,2.0733,-0.6362270396569445,0.0,0.0,0.0,49866.05452186189,8.011565293429218,,cwc,
2017-07-11,Bhakra,2.12857,-0.6269621844372866,0.0,0.0,0.0,56708.64295534821,10.723724282555851,,cwc,
2017-07-12,Bhakra,2.18536,-0.61921420539695,0.0,0.0,0.0,56474.41986103516,7.698437788198161,,cwc,
2017-07-13,Bhakra,2.24429,-0.6096927708219195,0.0,0.0,0.0,49187.32206994168,2.135532729259192,,cwc,
2017-07-14,Bhakra,2.30047,-0.5998272337007574,0.0,0.0,0.0,44857.34017784634,2.4440010833613104,,cwc,
2017-07-15,Bhakra,2.35635,-0.5897252393733341,0.0,0.0,0.0,50863.68697498219,8.21889428645904,,cwc,
2017-07-16,Bhakra,2.40979,-0.5838032144138751,0.0,0.0,0.0,53223.02054190613,7.7019465932546,,cwc,
2017-07-17,Bhakra,2.47666,-0.5732962898899828,0.0,0.0,0.0,56629.33678912894,9.803579837398956,,cwc,
2017-07-18,Bhakra,2.54073,-0.5622831428014894,0.0,0.0,0.0,51342.346768570416,3.4487247372875216,,cwc,
2017-07-19,Bhakra,2.61162,-0.5497303403579885,0.0,0.0,0.0,47737.00709773253,3.2695515589927617,,cwc,
2017-07-20,Bhakra,2.68293,-0.534199585925102,0.0,0.0,0.0,44098.432348922186,2.2317202044983624,,cwc,
2017-07-21,Bhakra,2.76866,-0.5153465606991923,0.0,0.0,0.0,52641.6499223627,10.964986745183344,,cwc,
2017-07-22,Bhakra,2.84567,-0.5044811945333638,0.0,0.0,0.0,58481.26947212694,10.50009696801778,,cwc,
2017-07-23,Bhakra,2.91712,-0.49873153197528536,0.0,0.0,0.0,54326.68397158501,6.011461841157897,,cwc,
2017-07-24,Bhakra,2.98507,-0.4847545881380542,0.0,0.0,0.0,58131.56426099629,9.584233100766534,,cwc,
2017-07-25,Bhakra,3.06417,-0.4688760403464788,0.0,0.0,0.0,57057.563813256216,6.47537385015614,,cwc,
2017-07-26,Bhakra,3.14816,-0.4508061681268022,0.0,0.0,0.0,48828.30593221728,2.2065986251154808,,cwc,
2017-07-27,Bhakra,3.2318,-0.42730784088264673,0.0,0.0,0.0,43915.86927814453,1.7319453404586516,,cwc,
2017-07-28,Bhakra,3.30602,-0.4061069937833754,0.0,0.0,0.0,62138.57565704127,18.59982770667429,,cwc,
2017-07-29,Bhakra,3.37982,-0.39242235861086144,0.0,0.0,0.0,66227.56367935073,10.098113207068156,,cwc,
2017-07-30,Bhakra,3.45474,-0.3823808417126698,0.0,0.0,0.0,68733.97989954463,13.549079675047574,,cwc,
2017-07-31,Bhakra,3.534,-0.37121324350293766,0.0,0.0,0.0,74468.66701486376,12.20518484877349,,cwc,
2017-08-01,Bhakra,3.64363,-0.3597694733536247,0.0,0.0,0.0,67557.10802370176,7.517336605361778,,cwc,
2017-08-02,Bhakra,3.64363,-0.3670027129371256,0.0,0.0,0.0,66815.15002663553,8.377764839117821,,cwc,
2017-08-03,Bhakra,3.88457,-0.3331753407777855,0.0,0.0,0.0,61170.94841820643,7.221841870845724,,cwc,
2017-08-04,Bhakra,3.97488,-0.32250858398802645,0.0,0.0,0.0,64770.468219220464,11.26562290486076,,cwc,
2017-08-05,Bhakra,4.07622,-0.3112678262974407,0.0,0.0,0.0,58795.022352757886,5.78005378847836,,cwc,
2017-08-06,Bhakra,4.18621,-0.2976108043611576,0.0,0.0,0.0,49141.224873230436,2.629511381296305,,cwc,
2017-08-07,Bhakra,4.3515,-0.27302841759428736,0.0,0.0,0.0,54459.39061652109,8.859338088071665,,cwc,
2017-08-08,Bhakra,4.48705,-0.2551607395680285,0.0,0.0,0.0,51415.77368018806,4.710966577968285,,cwc,
2017-08-09,Bhakra,4.56314,-0.2455334647350636,0.0,0.0,0.0,51968.36186189731,7.17132274563769,,cwc,
2017-08-10,Bhakra,4.63485,-0.2386046839025846,0.0,0.0,0.0,48609.18917698224,3.666772410131847,,cwc,
2017-08-11,Bhakra,4.71574,-0.2299918838401386,0.0,0.0,0.0,44168.432248330835,2.9218255634809296,,cwc,
2017-08-12,Bhakra,4.77521,-0.2231412615979198,0.0,0.0,0.0,44546.66439044667,3.981317681912344,,cwc,
2017-08-13,Bhakra,4.82986,-0.21742842899009027,0.0,0.0,0.0,44826.275516196176,4.805687498015649,,cwc,
2017-08-14,Bhakra,4.88365,-0.20921979410019803,0.0,0.0,0.0,40298.73480033665,0.9593617336429532,,cwc,
2017-08-15,Bhakra,4.92169,-0.19889901656397535,0.0,0.0,0.0,37474.904580463284,0.6830353277023165,,cwc,
2017-08-16,Bhakra,4.94705,-0.18635223712272048,0.0,0.0,0.0,37302.7239386979,1.4808298554547032,,cwc,
2017-08-17,Bhakra,4.97154,-0.17449661797797056,0.0,0.0,0.0,36754.23561361402,1.105163697369893,,cwc,
2017-08-18,Bhakra,4.99777,-0.16393792887799494,0.0,0.0,0.0,43739.69011494092,8.350054852956882,,cwc,
2017-08-19,Bhakra,5.05143,-0.15242925697154855,0.0,0.0,0.0,51027.25014125311,11.241604475103289,,cwc,
2017-08-20,Bhakra,5.11809,-0.1431649346473771,0.0,0.0,0.0,59053.59207925214,13.00274964345672,,cwc,
2017-08-21,Bhakra,5.1599,-0.14152152374615679,0.0,0.0,0.0,57477.31112544902,6.396400118725876,,cwc,
2017-08-22,Bhakra,5.19522,-0.14230990006466232,0.0,0.0,0.0,52915.63086490138,5.029819122964689,,cwc,
2017-08-23,Bhakra,5.22474,-0.14136506173221108,0.0,0.0,0.0,51108.159622474814,4.858718601833064,,cwc,
2017-08-24,Bhakra,5.25712,-0.13908840005099907,0.0,0.0,0.0,47368.039102777984,4.06117428159127,,cwc,
2017-08-25,Bhakra,5.30901,-0.13331357304620883,0.0,0.0,0.0,46148.53645824648,4.60300026466807,,cwc,
2017-08-26,Bhakra,5.3552,-0.1252741394570817,0.0,0.0,0.0,41033.594044582715,1.0404705305611637,,cwc,
2017-08-27,Bhakra,5.38805,-0.11354447526282982,0.0,0.0,0.0,43255.35200281567,5.672875760806766,,cwc,
2017-08-28,Bhakra,5.41328,-0.10092251909033817,0.0,0.0,0.0,43669.7322986833,3.980200526253869,,cwc,
2017-08-29,Bhakra,5.42899,-0.0929307466830778,0.0,0.0,0.0,40861.55594262238,2.5169628211720303,,cwc,
2017-08-30,Bhakra,5.44661,-0.08778667610819127,0.0,0.0,0.0,47737.54597554734,8.425655551558659,,cwc,
2017-08-31,Bhakra,5.46375,-0.08797501772174085,0.0,0.0,0.0,57470.477973697016,13.634740728681466,,cwc,
2017-09-01,Bhakra,5.47946,-0.09341461984679734,0.0,0.0,0.0,65078.57552664661,13.107681393761055,,cwc,
2017-09-02,Bhakra,5.51565,-0.0976421407474485,0.0,0.0,0.0,57595.62573238992,4.723876380078092,,cwc,
2017-09-03,Bhakra,5.55993,-0.0961203368717859,0.0,0.0,0.0,46756.495764614774,0.8648574518942272,,cwc,
2017-09-04,Bhakra,5.59326,-0.09390812307458257,0.0,0.0,0.0,40252.31628618864,0.0051429397747098,,cwc,
2017-09-05,Bhakra,5.60754,-0.09227838862670451,0.0,0.0,0.0,37199.989401535335,1.1294892537638708,,cwc,
2017-09-06,Bhakra,5.61087,-0.09073188848056192,0.0,0.0,0.0,39523.171033248575,3.932531153943812,,cwc,
2017-09-07,Bhakra,5.61706,-0.09071056775113882,0.0,0.0,0.0,43371.38331248503,6.745084538349075,,cwc,
2017-09-08,Bhakra,5.62516,-0.09253002239702372,0.0,0.0,0.0,38765.68579645763,0.0360841058074063,,cwc,
2017-09-09,Bhakra,5.63087,-0.09312571357739269,0.0,0.0,0.0,38564.9029824471,2.3171670704951195,,cwc,
2017-09-10,Bhakra,5.62468,-0.09569870204146032,0.0,0.0,0.0,39776.30445617968,2.6206083098250548,,cwc,
2017-09-11,Bhakra,5.61087,-0.1000210643860517,0.0,0.0,0.0,37047.38679374538,0.5722408710611271,,cwc,
2017-09-12,Bhakra,5.6004,-0.09928736274561105,0.0,0.0,0.0,35428.28790119753,0.0,,cwc,
2017-09-13,Bhakra,5.58326,-0.09807752032520563,0.0,0.0,0.0,34915.177121318935,0.2600917951345184,,cwc,
2017-09-14,Bhakra,5.56469,-0.09842038075632921,0.0,0.0,0.0,34544.12170693146,0.0606354219110914,,cwc,
2017-09-15,Bhakra,5.54517,-0.09980768524356486,0.0,0.0,0.0,34416.16134990227,0.2793844683373599,,cwc,
2017-09-16,Bhakra,5.52517,-0.10232296664689156,0.0,0.0,0.0,43194.847699119426,10.290553136813935,,cwc,
2017-09-17,Bhakra,5.50279,-0.10836723111048857,0.0,0.0,0.0,45514.26643621541,5.79667874607968,,cwc,
2017-09-18,Bhakra,5.47946,-0.11094967721516881,0.0,0.0,0.0,41632.45278625048,0.9511791375855904,,cwc,
2017-09-19,Bhakra,5.45375,-0.10306524177105071,0.0,0.0,0.0,38990.532678708354,0.3384357214095942,,cwc,
2017-09-20,Bhakra,5.43566,-0.09491929300882218,0.0,0.0,0.0,36186.92708266679,0.3513088008962834,,cwc,
2017-09-21,Bhakra,5.42281,-0.09185832443355942,0.0,0.0,0.0,36953.58391655327,2.0379420832323847,,cwc,
2017-09-22,Bhakra,5.40424,-0.09237572544153223,0.0,0.0,0.0,48475.11644026524,13.314780700573104,,cwc,
2017-09-23,Bhakra,5.39043,-0.09966990305741992,0.0,0.0,0.0,72214.85132184453,26.887942308599023,,cwc,
2017-09-24,Bhakra,5.40424,-0.11232164049982782,0.0,0.0,0.0,67124.18870463806,4.587261325770644,,cwc,
2017-09-25,Bhakra,5.42757,-0.12134225671375826,0.0,0.0,0.0,49232.41562823011,0.075819861898629,,cwc,
2017-09-26,Bhakra,5.45137,-0.12326986606027202,0.0,0.0,0.0,43226.47794153428,0.0,,cwc,
2017-09-27,Bhakra,5.45137,-0.12625588695290718,0.0,0.0,0.0,35548.70898601636,0.040334767573479,,cwc,
2017-09-28,Bhakra,5.45661,-0.1256603651947812,0.0,0.0,0.0,34358.80690201737,0.0650159579086884,,cwc,
2017-09-29,Bhakra,5.45661,-0.12564616003690926,0.0,0.0,0.0,34621.85353610116,0.4828225633507874,,interp,
2017-09-30,Bhakra,5.45661,-0.12570092569540542,0.0,0.0,0.0,34596.82479819026,0.1431210567298572,,cwc,
2018-06-01,Bhakra,0.34785,-0.9339079129305929,0.0,0.0,0.0,40625.75433718186,4.197755708435681,,cwc,
2018-06-02,Bhakra,0.3464,-0.9335679419082586,0.0,0.0,0.0,40791.92507848081,0.0520547326475919,,cwc,
2018-06-03,Bhakra,0.35113,-0.9328284125002523,0.0,0.0,0.0,38869.40669884784,0.0,,cwc,
2018-06-04,Bhakra,0.35297,-0.9299862923270078,0.0,0.0,0.0,39930.40089004689,0.4422098870039873,,cwc,
2018-06-05,Bhakra,0.3552,-0.928162805254511,0.0,0.0,0.0,44229.57997294932,4.717767820413881,,cwc,
2018-06-06,Bhakra,0.35954,-0.9289088203402794,0.0,0.0,0.0,42083.98827752015,0.5756474162358207,,cwc,
2018-06-07,Bhakra,0.38319,-0.9260796854090277,0.0,0.0,0.0,40741.458082784346,2.428173954874973,,cwc,
2018-06-08,Bhakra,0.4209,-0.9211211773567922,0.0,0.0,0.0,45353.394731836,6.932340669144735,,cwc,
2018-06-09,Bhakra,0.46032,-0.9181774329810646,0.0,0.0,0.0,43661.53479727096,2.0800827178890784,,cwc,
2018-06-10,Bhakra,0.50498,-0.9125958600974396,0.0,0.0,0.0,40556.31184697529,0.9056059938327446,,cwc,
2018-06-11,Bhakra,0.54891,-0.903623641275641,0.0,0.0,0.0,39620.41484558659,1.4757584638358263,,cwc,
2018-06-12,Bhakra,0.58554,-0.8963269908269901,0.0,0.0,0.0,37952.47682486258,0.8001044734846313,,cwc,
2018-06-13,Bhakra,0.60174,-0.8928981472552102,0.0,0.0,0.0,36735.87367390206,0.6238450281414769,,cwc,
2018-06-14,Bhakra,0.60626,-0.8917335183948527,0.0,0.0,0.0,39618.17610111382,4.106520514920707,,cwc,
2018-06-15,Bhakra,0.612,-0.8911518852479574,0.0,0.0,0.0,45443.93980628335,8.299327187570803,,cwc,
2018-06-16,Bhakra,0.624,-0.8925984405702609,0.0,0.0,0.0,43225.79529692607,1.8785851513024805,,cwc,
2018-06-17,Bhakra,0.643,-0.8925700407148414,0.0,0.0,0.0,40060.83870152795,1.495359892284453,,cwc,
2018-06-18,Bhakra,0.654,-0.8925419252085507,0.0,0.0,0.0,37853.547385691694,0.0,,cwc,
2018-06-19,Bhakra,0.658,-0.8929416600058799,0.0,0.0,0.0,38752.88210606792,2.953928503491708,,cwc,
2018-06-20,Bhakra,0.626,-0.899318265552562,0.0,0.0,0.0,36856.18409980066,0.1000885806922852,,cwc,
2018-06-21,Bhakra,0.59,-0.9052549270166,0.0,0.0,0.0,35532.144743261924,0.209872334649692,,cwc,
2018-06-22,Bhakra,0.54803,-0.909695479012033,0.0,0.0,0.0,35636.34074109946,0.1686209561083479,,cwc,
2018-06-23,Bhakra,0.50659,-0.9094178644954607,0.0,0.0,0.0,35200.881268607576,0.0,,cwc,
2018-06-24,Bhakra,0.4661,-0.9036640285772404,0.0,0.0,0.0,35597.50194037959,0.5797102102878914,,cwc,
2018-06-25,Bhakra,0.42787,-0.9013000525629359,0.0,0.0,0.0,36455.843198300616,1.2087833678476392,,cwc,
2018-06-26,Bhakra,0.39265,-0.9012079666766712,0.0,0.0,0.0,41381.05533442799,6.661408333477525,,cwc,
2018-06-27,Bhakra,0.36493,-0.8980741095550878,0.0,0.0,0.0,53281.109937893496,15.171936315987976,,cwc,
2018-06-28,Bhakra,0.35139,-0.8949902430869904,0.0,0.0,0.0,66399.85408326982,16.41538091535442,,cwc,
2018-06-29,Bhakra,0.348,-0.898697920331411,0.0,0.0,0.0,57242.125458932795,2.6479641060552943,,cwc,
2018-06-30,Bhakra,0.353,-0.9017151163398077,0.0,0.0,0.0,51085.926070936286,3.389702470000177,,cwc,
2018-07-01,Bhakra,0.38,-0.9017398634799297,0.0,0.0,0.0,60690.00170900054,10.261268938451908,,cwc,
2018-07-02,Bhakra,0.405,-0.9073071336487671,0.0,0.0,0.0,66666.92354555478,11.89184413148416,,cwc,
2018-07-03,Bhakra,0.419,-0.9167921200007793,0.0,0.0,0.0,58345.6897263399,4.80447258309644,,cwc,
2018-07-04,Bhakra,0.438,-0.9211112634342205,0.0,0.0,0.0,47516.6485654876,2.040445455763172,,cwc,
2018-07-05,Bhakra,0.459,-0.9192141481516862,0.0,0.0,0.0,39987.08631296392,0.0283756138900527,,cwc,
2018-07-06,Bhakra,0.48163,-0.9123615063471272,0.0,0.0,0.0,36297.32518189909,0.0,,cwc,
2018-07-07,Bhakra,0.48236,-0.909051579868527,0.0,0.0,0.0,36795.791987959674,1.516636222916998,,cwc,
2018-07-08,Bhakra,0.47112,-0.9063856934735202,0.0,0.0,0.0,39583.160798745535,3.098085852026807,,cwc,
2018-07-09,Bhakra,0.46098,-0.9036741349807437,0.0,0.0,0.0,43763.29260564316,5.179329405731712,,cwc,
2018-07-10,Bhakra,0.46879,-0.9009132931098116,0.0,0.0,0.0,48184.30132931023,6.316564466778271,,cwc,
2018-07-11,Bhakra,0.49141,-0.8910920076597468,0.0,0.0,0.0,44426.04700754751,1.0739781926555756,,cwc,
2018-07-12,Bhakra,0.53032,-0.8762163334225608,0.0,0.0,0.0,48177.33563379551,7.072186989491932,,cwc,
2018-07-13,Bhakra,0.566,-0.8657662721437221,0.0,0.0,0.0,50631.37792847297,6.361568604384886,,cwc,
2018-07-14,Bhakra,0.613,-0.8578259371854862,0.0,0.0,0.0,47600.20008684243,4.136075770921009,,cwc,
2018-07-15,Bhakra,0.641,-0.8542150219408471,0.0,0.0,0.0,63943.79305585946,18.750469853250344,,cwc,
2018-07-16,Bhakra,0.673,-0.8563794329847954,0.0,0.0,0.0,66395.76501655154,9.805129262695864,,cwc,
2018-07-17,Bhakra,0.717,-0.8557382337043108,0.0,0.0,0.0,60199.621951256355,6.659108707826909,,cwc,
2018-07-18,Bhakra,0.75,-0.8557227208993132,0.0,0.0,0.0,51637.00657514498,1.8996530732561905,,cwc,
2018-07-19,Bhakra,0.79,-0.8485932757057613,0.0,0.0,0.0,45349.049922620594,2.738242955009281,,cwc,
2018-07-20,Bhakra,0.82989,-0.8406206638771138,0.0,0.0,0.0,45353.67983597468,3.619657226606343,,cwc,
2018-07-21,Bhakra,0.87045,-0.8313242612338811,0.0,0.0,0.0,50043.94225978207,8.759545280583561,,cwc,
2018-07-22,Bhakra,0.90762,-0.8179705789169669,0.0,0.0,0.0,46750.876909422754,3.1305687067269306,,cwc,
2018-07-23,Bhakra,0.94657,-0.7992126240173905,0.0,0.0,0.0,53439.24567569398,11.08216194891397,,cwc,
2018-07-24,Bhakra,0.98607,-0.7866273115048334,0.0,0.0,0.0,49342.9585098387,2.205262354482432,,cwc,
2018-07-25,Bhakra,1.05738,-0.7733669662878985,0.0,0.0,0.0,52444.11777330193,9.00331559936818,,cwc,
2018-07-26,Bhakra,1.16618,-0.7587109246595382,0.0,0.0,0.0,68849.85538017098,16.943834811284503,,cwc,
2018-07-27,Bhakra,1.285,-0.7503693549815175,0.0,0.0,0.0,78588.56171387418,17.625491349528932,,cwc,
2018-07-28,Bhakra,1.405,-0.7462692787486187,0.0,0.0,0.0,69336.53186883031,6.440026767814152,,cwc,
2018-07-29,Bhakra,1.543,-0.7355844000190379,0.0,0.0,0.0,53957.03649194941,2.382510688817414,,cwc,
2018-07-30,Bhakra,1.611,-0.7295042951992108,0.0,0.0,0.0,45288.19049004442,0.8631536009785646,,cwc,
2018-07-31,Bhakra,1.68,-0.7188681337080854,0.0,0.0,0.0,41521.71397155895,2.443764099839499,,cwc,
2018-08-01,Bhakra,1.722,-0.7074921825231147,0.0,0.0,0.0,39979.23885150417,2.415998753601293,,cwc,
2018-08-02,Bhakra,1.76,-0.6906214758452689,0.0,0.0,0.0,40134.94415435172,3.366073722306093,,cwc,
2018-08-03,Bhakra,1.79629,-0.6765430152939619,0.0,0.0,0.0,41643.07907824574,4.163330490788668,,cwc,
2018-08-04,Bhakra,1.84681,-0.6627898115407459,0.0,0.0,0.0,44165.25354383869,5.651300347090504,,cwc,
2018-08-05,Bhakra,1.89022,-0.653217736412911,0.0,0.0,0.0,53318.12057902705,11.09453017905738,,cwc,
2018-08-06,Bhakra,1.9415,-0.6489533296225928,0.0,0.0,0.0,67400.2731287243,16.8361225208154,,cwc,
2018-08-07,Bhakra,2.00395,-0.6455600474551665,0.0,0.0,0.0,61145.834607996694,4.872309997976829,,cwc,
2018-08-08,Bhakra,2.13284,-0.6166445298658503,0.0,0.0,0.0,56009.57033281969,5.793512978662813,,cwc,
2018-08-09,Bhakra,2.22922,-0.5926053824100284,0.0,0.0,0.0,50792.662209303104,3.423892663031989,,cwc,
2018-08-10,Bhakra,2.358,-0.5693935749829645,0.0,0.0,0.0,43215.42411903986,1.7467291570196437,,cwc,
2018-08-11,Bhakra,2.456,-0.5498896665283509,0.0,0.0,0.0,50514.12160388547,8.49531242582719,,cwc,
2018-08-12,Bhakra,2.552,-0.5358433532010615,0.0,0.0,0.0,82083.16440230767,32.567400299178004,,cwc,
2018-08-13,Bhakra,2.5539549999999998,-0.5463707585207035,0.0,0.0,0.0,77819.58539628064,6.669236822260461,,cwc_level,
2018-08-14,Bhakra,2.984,-0.4888913533291933,0.0,0.0,0.0,57253.263228526914,2.8735417952482423,,cwc,
2018-08-15,Bhakra,3.082,-0.477046586021638,0.0,0.0,0.0,52816.53609227317,2.4685587850428306,,cwc,
2018-08-16,Bhakra,3.17,-0.465780145460483,0.0,0.0,0.0,47037.623892711585,4.261246961704567,,cwc,
2018-08-17,Bhakra,3.29766,-0.44728109924672177,0.0,0.0,0.0,54481.23408018401,8.869075762500845,,cwc,
2018-08-18,Bhakra,3.37351,-0.4379149716247356,0.0,0.0,0.0,48388.331906852225,4.530962982371116,,cwc,
2018-08-19,Bhakra,3.2122354545454552,-0.4637152458147639,0.0,0.0,0.0,47354.1434219464,5.134533161653167,,cwc_level,
2018-08-20,Bhakra,3.44843,-0.42546677648145037,0.0,0.0,0.0,45532.33766357992,3.1652041105802584,,cwc,
2018-08-21,Bhakra,3.52296,-0.41355407781451875,0.0,0.0,0.0,41957.2816334689,1.859337388269192,,cwc,
2018-08-22,Bhakra,3.59355,-0.40164089352695753,0.0,0.0,0.0,47324.94942161215,7.146996040279286,,cwc,
2018-08-23,Bhakra,3.66374,-0.3932773926744248,0.0,0.0,0.0,48619.11878195435,6.051217421005248,,cwc,
2018-08-24,Bhakra,3.749,-0.3821722806562636,0.0,0.0,0.0,48194.162454428064,5.839646511652234,,cwc,
2018-08-25,Bhakra,3.836,-0.37064962064518014,0.0,0.0,0.0,45399.171939645516,3.271878249764081,,cwc,
2018-08-26,Bhakra,3.906,-0.3610307058504994,0.0,0.0,0.0,43435.76650339255,3.4094192947946325,,cwc,
2018-08-27,Bhakra,3.96,-0.3538607058379889,0.0,0.0,0.0,39929.407018479425,0.8919310541638247,,cwc,
2018-08-28,Bhakra,4.004,-0.34452522646319456,0.0,0.0,0.0,42044.1093700681,5.128418227323285,,cwc,
2018-08-29,Bhakra,4.043,-0.33564403570019974,0.0,0.0,0.0,41971.03526807932,3.2645124396860563,,cwc,
2018-08-30,Bhakra,4.089,-0.3264004852153093,0.0,0.0,0.0,41277.58257679903,3.315514231158213,,cwc,
2018-08-31,Bhakra,4.135,-0.31747197379885234,0.0,0.0,0.0,39618.97452283794,1.3153872979497123,,cwc,
2018-09-01,Bhakra,4.18053,-0.3085542044174576,0.0,0.0,0.0,45713.28769665426,8.633640632216323,,cwc,
2018-09-02,Bhakra,4.2177,-0.3026234043028592,0.0,0.0,0.0,48715.04062023429,6.584498313950246,,cwc,
2018-09-03,Bhakra,4.25224,-0.2988322748803059,0.0,0.0,0.0,46703.395154307604,4.987962511897064,,cwc,
2018-09-04,Bhakra,4.29816,-0.2934165604686465,0.0,0.0,0.0,45207.850591864175,3.4024697685900387,,cwc,
2018-09-05,Bhakra,4.33532,-0.2886902325308279,0.0,0.0,0.0,43713.99848191199,3.646485640375509,,cwc,
2018-09-06,Bhakra,4.37555,-0.28298696970084697,0.0,0.0,0.0,45620.486112587496,5.315853133846503,,cwc,
2018-09-07,Bhakra,4.406,-0.2797051838418948,0.0,0.0,0.0,44249.59304932572,4.0353497064229575,,cwc,
2018-09-08,Bhakra,4.441,-0.2758554067123866,0.0,0.0,0.0,41722.753967100405,2.5287351168868404,,cwc,
2018-09-09,Bhakra,4.472,-0.2708401699975505,0.0,0.0,0.0,42052.54100439906,3.650603016440677,,cwc,
2018-09-10,Bhakra,4.498,-0.268240994889981,0.0,0.0,0.0,41791.15745596967,3.580454251920864,,cwc,
2018-09-11,Bhakra,4.524,-0.2664950663719988,0.0,0.0,0.0,41529.970329089825,3.508818722732653,,cwc,
2018-09-12,Bhakra,4.546,-0.26535803302023075,0.0,0.0,0.0,39745.44508612769,2.038384918015722,,cwc,
2018-09-13,Bhakra,4.57,-0.2636241373080549,0.0,0.0,0.0,41820.8132717272,4.7271531545624725,,cwc,
2018-09-14,Bhakra,4.59724,-0.262250166966441,0.0,0.0,0.0,38042.961871313826,0.1266425316571282,,cwc,
2018-09-15,Bhakra,4.62173,-0.25981940721232694,0.0,0.0,0.0,35609.205997734025,5.770514471684444e-05,,cwc,
2018-09-16,Bhakra,4.63379,-0.2582363949423287,0.0,0.0,0.0,35432.70540752334,0.3517226641304619,,cwc,
2018-09-17,Bhakra,4.63379,-0.2547227308344665,0.0,0.0,0.0,34350.327149601675,0.0042051124946758,,cwc,
2018-09-18,Bhakra,4.63529,-0.24123833706117545,0.0,0.0,0.0,34185.02259439639,0.0,,cwc,
2018-09-19,Bhakra,4.63379,-0.21803226527603933,0.0,0.0,0.0,34221.78516224696,0.0,,cwc,
2018-09-20,Bhakra,4.62916,-0.1888794904577567,0.0,0.0,0.0,34710.22841489068,0.6841011249824955,,cwc,
2018-09-21,Bhakra,4.622,-0.17238148098655112,0.0,0.0,0.0,44378.52102629436,11.479411108402411,,cwc,
2018-09-22,Bhakra,4.622,-0.1689067056329188,0.0,0.0,0.0,68068.59469458589,26.778974989785624,,cwc,
2018-09-23,Bhakra,4.695,-0.1666268703713495,0.0,0.0,0.0,93880.96021436132,24.20403914135425,,cwc,
2018-09-24,Bhakra,4.779,-0.17359454659504617,0.0,0.0,0.0,110337.41326205737,21.467784192521737,,cwc,
2018-09-25,Bhakra,4.937,-0.17617797685869027,0.0,0.0,0.0,79640.82587636464,0.6803567810315997,,cwc,
2018-09-26,Bhakra,5.016,-0.18064235499830497,0.0,0.0,0.0,53225.325580175726,0.0267739362831189,,cwc,
2018-09-27,Bhakra,5.074,-0.1783491169454964,0.0,0.0,0.0,44035.44915666791,1.0121492068311877,,cwc,
2018-09-28,Bhakra,5.124,-0.1740631420280729,0.0,0.0,0.0,41807.49964650938,4.178918135929897,,cwc,
2018-09-29,Bhakra,5.171,-0.16951267380804574,0.0,0.0,0.0,39179.9182772916,1.6088826127801013,,cwc,
2018-09-30,Bhakra,5.213,-0.1645985800513808,0.0,0.0,0.0,35984.45416694294,0.1233024635258182,,cwc,
2019-06-01,Bhakra,2.816,-0.5390191350895351,0.0,0.0,0.0,38107.42257484116,0.917422880122722,,cwc,
2019-06-02,Bhakra,2.811,-0.5380138402403111,0.0,0.0,0.0,39042.41744336622,0.6185046634836071,,cwc,
2019-06-03,Bhakra,2.794,-0.5401818208868197,0.0,0.0,0.0,42121.01798547026,3.742715686430164,,cwc,
2019-06-04,Bhakra,2.788,-0.5424191155500727,0.0,0.0,0.0,40803.78059569483,0.0715455779105578,,cwc,
2019-06-05,Bhakra,2.784,-0.5442273364597264,0.0,0.0,0.0,40944.043408248486,0.210726008407766,,cwc,
2019-06-06,Bhakra,2.778,-0.5466278757413298,0.0,0.0,0.0,42710.583771439626,3.066729253930781,,cwc,
2019-06-07,Bhakra,2.771,-0.5489681196733651,0.0,0.0,0.0,40471.20984638752,0.0091133117618183,,cwc,
2019-06-08,Bhakra,2.762,-0.5490239195224044,0.0,0.0,0.0,38877.25611928066,1.4701729377560944,,cwc,
2019-06-09,Bhakra,2.745,-0.5510177521235726,0.0,0.0,0.0,37834.97464181864,0.0,,cwc,
2019-06-10,Bhakra,2.726,-0.5540417626479672,0.0,0.0,0.0,37284.65949860532,0.0,,cwc,
2019-06-11,Bhakra,2.714,-0.5556140664730788,0.0,0.0,0.0,39613.446850230044,2.8392634547821785,,cwc,
2019-06-12,Bhakra,2.703,-0.5578534045078053,0.0,0.0,0.0,44007.754121947015,5.387373089575131,,cwc,
2019-06-13,Bhakra,2.691,-0.561053626260407,0.0,0.0,0.0,40749.430774036846,0.0420207027799012,,cwc,
2019-06-14,Bhakra,2.683,-0.5630493499274134,0.0,0.0,0.0,37901.77758352365,0.2444691305033584,,cwc,
2019-06-15,Bhakra,2.668,-0.5652659587615336,0.0,0.0,0.0,38186.37678969566,0.0,,cwc,
2019-06-16,Bhakra,2.647,-0.5677873701012103,0.0,0.0,0.0,38408.15538736219,0.8834894283337354,,cwc,
2019-06-17,Bhakra,2.635,-0.5696879945240948,0.0,0.0,0.0,40764.77995285131,3.490333612717362,,cwc,
2019-06-18,Bhakra,2.623,-0.5725309859308267,0.0,0.0,0.0,38938.17964392356,0.0,,cwc,
2019-06-19,Bhakra,2.609,-0.5743976787951988,0.0,0.0,0.0,38389.29311290692,1.9788733938229668,,cwc,
2019-06-20,Bhakra,2.588,-0.5736151409886862,0.0,0.0,0.0,40350.27022629395,3.620924774887444,,cwc,
2019-06-21,Bhakra,2.561,-0.5730243660434241,0.0,0.0,0.0,38473.96593228701,0.5856771985091979,,cwc,
2019-06-22,Bhakra,2.544,-0.572747903623839,0.0,0.0,0.0,38431.31696908184,0.2074777503182719,,cwc,
2019-06-23,Bhakra,2.529,-0.5733475547926825,0.0,0.0,0.0,39907.849332702644,2.052371343793828,,cwc,
2019-06-24,Bhakra,2.516,-0.5758291864689957,0.0,0.0,0.0,48965.066276274476,10.301348087064795,,cwc,
2019-06-25,Bhakra,2.516,-0.5801822852128794,0.0,0.0,0.0,52890.22109347882,7.478739859300318,,cwc,
2019-06-26,Bhakra,2.514,-0.5863515635360139,0.0,0.0,0.0,46126.32902635042,0.5099700175551667,,cwc,
2019-06-27,Bhakra,2.519,-0.5885453179936467,0.0,0.0,0.0,43035.61904745747,0.6400525744977027,,cwc,
2019-06-28,Bhakra,2.523,-0.5898451013476802,0.0,0.0,0.0,38903.14554735383,0.0023919056203442,,cwc,
2019-06-29,Bhakra,2.527,-0.5885422757490022,0.0,0.0,0.0,37882.04367148139,0.717329002242642,,cwc,
2019-06-30,Bhakra,2.531,-0.5840002674474006,0.0,0.0,0.0,38000.6605642398,0.5854382311020918,,cwc,
2019-07-01,Bhakra,2.533,-0.5792603700806236,0.0,0.0,0.0,38497.340601875665,0.8199468246709116,,cwc,
2019-07-02,Bhakra,2.537,-0.5760529447315835,0.0,0.0,0.0,38091.422439965565,0.2552674174867803,,cwc,
2019-07-03,Bhakra,2.552,-0.5692905795465181,0.0,0.0,0.0,40585.21118462917,3.5863549600155284,,cwc,
2019-07-04,Bhakra,2.573,-0.5623856650716581,0.0,0.0,0.0,47811.0931769716,9.13096839103823,,cwc,
2019-07-05,Bhakra,2.636,-0.5522283524523569,0.0,0.0,0.0,49251.00627611924,4.519543315695171,,cwc,
2019-07-06,Bhakra,2.662,-0.5489522147649459,0.0,0.0,0.0,45028.53173073426,1.064001075947412,,cwc,
2019-07-07,Bhakra,2.685,-0.5456365196380063,0.0,0.0,0.0,49177.43725243238,6.915561703727524,,cwc,
2019-07-08,Bhakra,2.727,-0.5350329121991755,0.0,0.0,0.0,49581.75016498014,4.860296951094779,,cwc,
2019-07-09,Bhakra,2.776,-0.5233882505210974,0.0,0.0,0.0,47921.410761939376,3.398877931432687,,cwc,
2019-07-10,Bhakra,2.841,-0.5122495976827729,0.0,0.0,0.0,46964.9790347809,2.899064525363509,,cwc,
2019-07-11,Bhakra,2.891,-0.5023005330312107,0.0,0.0,0.0,44069.42173776381,2.058911106797729,,cwc,
2019-07-12,Bhakra,2.944,-0.49152422756054964,0.0,0.0,0.0,59007.450791246876,15.607065364679034,,cwc,
2019-07-13,Bhakra,3.008,-0.4868382242172694,0.0,0.0,0.0,59201.15375771446,7.088437770436553,,cwc,
2019-07-14,Bhakra,3.087,-0.47876836114662585,0.0,0.0,0.0,49712.75889255279,2.3568619147086496,,cwc,
2019-07-15,Bhakra,3.156,-0.4699374327508461,0.0,0.0,0.0,51858.6450964579,5.751824556165226,,cwc,
2019-07-16,Bhakra,3.215,-0.4647726025234269,0.0,0.0,0.0,49843.04552896361,4.708940971043792,,cwc,
2019-07-17,Bhakra,3.27,-0.45992638806789865,0.0,0.0,0.0,44779.03865901532,1.2965160468845185,,cwc,
2019-07-18,Bhakra,3.316,-0.45515821866749884,0.0,0.0,0.0,47457.05577339626,5.986068551769371,,cwc,
2019-07-19,Bhakra,3.356,-0.45253804739395725,0.0,0.0,0.0,43993.684716345866,1.7333780553449818,,cwc,
2019-07-20,Bhakra,3.405,-0.4447602587034835,0.0,0.0,0.0,40893.00270613168,1.4357409783934694,,cwc,
2019-07-21,Bhakra,3.445,-0.4354265422962717,0.0,0.0,0.0,39701.14322733293,0.8342588560867646,,cwc,
2019-07-22,Bhakra,3.489,-0.42170376669285564,0.0,0.0,0.0,38117.04416856797,0.3165519557508716,,cwc,
2019-07-23,Bhakra,3.537,-0.4082012553550498,0.0,0.0,0.0,37778.64907952156,0.6598765547421109,,cwc,
2019-07-24,Bhakra,3.6,-0.3935072388491836,0.0,0.0,0.0,43768.00018841705,6.639155877906987,,cwc,
2019-07-25,Bhakra,3.663,-0.38152565823589313,0.0,0.0,0.0,48307.333129537335,6.355370837786239,,cwc,
2019-07-26,Bhakra,3.758,-0.36322770736909704,0.0,0.0,0.0,56655.11356728171,11.456467468011056,,cwc,
2019-07-27,Bhakra,3.828,-0.35345173518830336,0.0,0.0,0.0,52875.28173408452,3.648739275437352,,cwc,
2019-07-28,Bhakra,3.913,-0.340135315986684,0.0,0.0,0.0,49439.449362981075,4.557804531100654,,cwc,
2019-07-29,Bhakra,3.987,-0.327390557975325,0.0,0.0,0.0,48522.91800052038,3.270158878578278,,cwc,
2019-07-30,Bhakra,4.061,-0.316618766154814,0.0,0.0,0.0,56064.271591462355,10.47443779753995,,cwc,
2019-07-31,Bhakra,4.163,-0.3048544936319532,0.0,0.0,0.0,52933.393507420216,3.300393799097391,,cwc,
2019-08-01,Bhakra,4.276,-0.28863316263914207,0.0,0.0,0.0,52036.54826564656,6.147947510037184,,cwc,
2019-08-02,Bhakra,4.378,-0.274189696756644,0.0,0.0,0.0,51641.3423977399,4.925417025141105,,cwc,
2019-08-03,Bhakra,4.501,-0.2558874561525166,0.0,0.0,0.0,45701.6240647599,2.3436070939889904,,cwc,
2019-08-04,Bhakra,4.572,-0.23871907639115608,0.0,0.0,0.0,44325.27317493959,2.745564013264791,,cwc,
2019-08-05,Bhakra,4.626,-0.22639095716270863,0.0,0.0,0.0,48046.01969730703,7.112635528719671,,cwc,
2019-08-06,Bhakra,4.681,-0.21652914880970817,0.0,0.0,0.0,47118.7965780644,3.5897148427092893,,cwc,
2019-08-07,Bhakra,4.736,-0.20575091961256572,0.0,0.0,0.0,47964.634644628946,5.851232555322078,,cwc,
2019-08-08,Bhakra,4.794,-0.19721207539724087,0.0,0.0,0.0,60392.29552140314,15.64099728041768,,cwc,
2019-08-09,Bhakra,4.865,-0.18620028270657799,0.0,0.0,0.0,53641.09206124592,3.4596722113192366,,cwc,
2019-08-10,Bhakra,4.986,-0.16771792390833756,0.0,0.0,0.0,50673.85771462771,5.252550465808573,,cwc,
2019-08-11,Bhakra,5.044,-0.16010369515207612,0.0,0.0,0.0,52079.849054487364,5.9890542198299554,,cwc,
2019-08-12,Bhakra,5.109,-0.14687555049546816,0.0,0.0,0.0,45997.99217103148,2.604530980099012,,cwc,
2019-08-13,Bhakra,5.169,-0.11381360251604644,0.0,0.0,0.0,59408.249337240915,13.776348791723098,,cwc,
2019-08-14,Bhakra,5.235,-0.07936785325712455,0.0,0.0,0.0,51240.4357412539,2.335366762283784,,cwc,
2019-08-15,Bhakra,5.306,-0.057497204825622254,0.0,0.0,0.0,46353.13722983427,3.647477009128622,,cwc,
2019-08-16,Bhakra,5.364,-0.0425341296938654,0.0,0.0,0.0,59191.05929185928,13.334896912087672,,cwc,
2019-08-17,Bhakra,5.395,-0.0433113160618352,0.0,0.0,0.0,105649.88979149977,41.83746678075397,,cwc,
2019-08-18,Bhakra,5.509,-0.051230141439315174,0.0,0.0,0.0,120130.90815892023,17.242971157062186,,cwc,
2019-08-19,Bhakra,5.696,-0.05397522987027083,0.0,0.0,0.0,77903.11909820522,2.7725591411757904,,cwc,
2019-08-20,Bhakra,5.696,-0.06907940878934088,0.0,0.0,0.0,60742.63566971046,0.8135892264651545,,cwc,
2019-08-21,Bhakra,5.63,-0.08658896147656049,0.0,0.0,0.0,44541.565246481696,1.1783637721898013,,cwc,
2019-08-22,Bhakra,5.562,-0.09906652014483179,0.0,0.0,0.0,38892.759167238895,1.2114015881750486,,cwc,
2019-08-23,Bhakra,5.538,-0.10255053810117692,0.0,0.0,0.0,36708.52775960991,1.003332748140927,,cwc,
2019-08-24,Bhakra,5.505,-0.10685285707717643,0.0,0.0,0.0,39447.764364500035,3.955429953451211,,cwc,
2019-08-25,Bhakra,5.471,-0.11176420680038061,0.0,0.0,0.0,43139.66249888584,6.0920459458689455,,cwc,
2019-08-26,Bhakra,5.459,-0.11397333977930459,0.0,0.0,0.0,40567.5563660482,0.575741888959068,,cwc,
2019-08-27,Bhakra,5.447,-0.11457484065609524,0.0,0.0,0.0,39832.052521211655,1.3915918361593975,,cwc,
2019-08-28,Bhakra,5.442,-0.11419942350846475,0.0,0.0,0.0,39243.031592847765,0.9669685860095468,,cwc,
2019-08-29,Bhakra,5.439,-0.11384378108476297,0.0,0.0,0.0,40840.40583856354,4.156714892073263,,cwc,
2019-08-30,Bhakra,5.445,-0.11215758952852155,0.0,0.0,0.0,42420.00790701349,4.174779299676546,,cwc,
2019-08-31,Bhakra,5.459,-0.10830195129061095,0.0,0.0,0.0,43940.94536827461,5.108251128962391,,cwc,
2019-09-01,Bhakra,5.461,-0.10764447991780296,0.0,0.0,0.0,42831.54028521787,2.1109826521287154,,cwc,
2019-09-02,Bhakra,5.459,-0.1079086940315598,0.0,0.0,0.0,41374.70362183006,2.4883960996728183,,cwc,
2019-09-03,Bhakra,5.453,-0.10809281479749015,0.0,0.0,0.0,42681.05499081257,3.843349350474493,,cwc,
2019-09-04,Bhakra,5.439,-0.11182857512578712,0.0,0.0,0.0,46514.208309764115,7.015038026108782,,cwc,
2019-09-05,Bhakra,5.43,-0.11721435829078797,0.0,0.0,0.0,44797.40336117515,2.982398784274376,,cwc,
2019-09-06,Bhakra,5.43,-0.12076807612353331,0.0,0.0,0.0,42976.31827339561,2.789041782429643,,cwc,
2019-09-07,Bhakra,5.42,-0.12454881348076147,0.0,0.0,0.0,43358.33815862112,4.212487985853899,,cwc,
2019-09-08,Bhakra,5.42,-0.12553120230848924,0.0,0.0,0.0,38892.06466029648,0.0366281792875469,,cwc,
2019-09-09,Bhakra,5.42,-0.1256376478072029,0.0,0.0,0.0,36480.57440892189,0.3797012337396545,,cwc,
2019-09-10,Bhakra,5.43,-0.12357278241234727,0.0,0.0,0.0,35749.610653345495,0.1675592625916136,,cwc,
2019-09-11,Bhakra,5.42,-0.12438331905644243,0.0,0.0,0.0,37437.87781001933,2.198747174801118,,cwc,
2019-09-12,Bhakra,5.418,-0.12528389134579396,0.0,0.0,0.0,40857.16871014467,4.817231682347102,,cwc,
2019-09-13,Bhakra,5.413,-0.12826126283166192,0.0,0.0,0.0,38621.053608668175,0.9419531465514211,,cwc,
2019-09-14,Bhakra,5.43,-0.12668039136858011,0.0,0.0,0.0,37650.39176844017,1.514607860167124,,cwc,
2019-09-15,Bhakra,5.441,-0.1257230024468318,0.0,0.0,0.0,37773.32386054199,1.79265614297896,,cwc,
2019-09-16,Bhakra,5.454,-0.12434716186730084,0.0,0.0,0.0,35962.48302936836,0.4141962376886747,,cwc,
2019-09-17,Bhakra,5.466,-0.12242788963018135,0.0,0.0,0.0,35320.43104017298,0.4266581622812564,,cwc,
2019-09-18,Bhakra,5.462,-0.12233903088755654,0.0,0.0,0.0,35697.47674652046,1.1361913127483434,,cwc,
2019-09-19,Bhakra,5.455,-0.12340269562840339,0.0,0.0,0.0,35591.831011715214,0.7810221009772973,,cwc,
2019-09-20,Bhakra,5.442,-0.12580560201690705,0.0,0.0,0.0,35962.67507916211,1.2909371206438047,,cwc,
2019-09-21,Bhakra,5.433,-0.12673711822741066,0.0,0.0,0.0,35944.14996172012,0.9790547421546776,,cwc,
2019-09-22,Bhakra,5.422,-0.1269334830428709,0.0,0.0,0.0,37181.60435080088,2.1654273037310774,,cwc,
2019-09-23,Bhakra,5.409,-0.1279215289449598,0.0,0.0,0.0,35850.52018306829,0.0702458870640637,,cwc,
2019-09-24,Bhakra,5.387,-0.12768315826164628,0.0,0.0,0.0,34787.56240959931,0.0,,cwc,
2019-09-25,Bhakra,5.367,-0.12453786456573634,0.0,0.0,0.0,37269.63881898655,2.787660701789013,,cwc,
2019-09-26,Bhakra,5.354,-0.12169545654090008,0.0,0.0,0.0,39940.28389769683,4.6870199583766725,,cwc,
2019-09-27,Bhakra,5.345,-0.12037648636842084,0.0,0.0,0.0,39979.5813388168,2.717301821538634,,cwc,
2019-09-28,Bhakra,5.358,-0.11816502665328432,0.0,0.0,0.0,45449.574268721764,8.546203228686897,,cwc,
2019-09-29,Bhakra,5.355,-0.12051749349726718,0.0,0.0,0.0,50970.19552054277,8.735213624882176,,cwc,
2019-09-30,Bhakra,5.361,-0.12339105362270492,0.0,0.0,0.0,49819.98072139342,5.411185928314211,,cwc,
2020-06-01,Bhakra,1.359,-0.7725967220056901,0.0,0.0,0.0,42886.754451893874,1.0834445555294516,,cwc,
2020-06-02,Bhakra,1.361755,-0.7734005411954072,0.0,0.0,0.0,40620.810502067354,0.7057688484771873,,interp,
2020-06-03,Bhakra,1.36451,-0.7738290820850573,0.0,0.0,0.0,38848.193651495465,2.011105322026611,,cwc,
2020-06-04,Bhakra,1.359,-0.7750661065035647,0.0,0.0,0.0,39128.70687049871,2.3915287423166465,,cwc,
2020-06-05,Bhakra,1.3608333333333333,-0.7749332869311027,0.0,0.0,0.0,40370.16500789034,3.295796231087056,,interp,
2020-06-06,Bhakra,1.3626666666666667,-0.7745824503546586,0.0,0.0,0.0,39714.16092750014,1.5535766136095583,,interp,
2020-06-07,Bhakra,1.3645,-0.7737987904976334,0.0,0.0,0.0,38403.678392045396,0.1138229144767146,,interp,
2020-06-08,Bhakra,1.3663333333333334,-0.7725371557582071,0.0,0.0,0.0,37950.84751931643,0.4554027264186921,,interp,
2020-06-09,Bhakra,1.3681666666666668,-0.7711918248058887,0.0,0.0,0.0,38717.51980607396,0.335078865142362,,interp,
2020-06-10,Bhakra,1.37,-0.7700970714372907,0.0,0.0,0.0,40514.05089850903,1.107349237097658,,cwc,
2020-06-11,Bhakra,1.37,-0.7700591163264354,0.0,0.0,0.0,40960.01819179822,0.2366264100451751,,cwc,
2020-06-12,Bhakra,1.3886666666666667,-0.7671813640111019,0.0,0.0,0.0,40866.46335264689,0.504668201656243,,interp,
2020-06-13,Bhakra,1.4073333333333333,-0.7632465651712695,0.0,0.0,0.0,40626.72367632694,0.4504899952848588,,interp,
2020-06-14,Bhakra,1.4260000000000002,-0.7590322409143526,0.0,0.0,0.0,40755.42352367393,0.5162086459654343,,interp,
2020-06-15,Bhakra,1.4446666666666668,-0.7548575981833727,0.0,0.0,0.0,40610.68490024533,0.5436127877075261,,interp,
2020-06-16,Bhakra,1.4633333333333334,-0.7502362675252622,0.0,0.0,0.0,40657.08559043141,0.893300398679641,,interp,
2020-06-17,Bhakra,1.482,-0.7468083539395042,0.0,0.0,0.0,43254.77926518052,4.290246690425961,,cwc,
2020-06-18,Bhakra,1.482,-0.7477875363736564,0.0,0.0,0.0,43726.71343281184,1.105677641896916,,cwc,
2020-06-19,Bhakra,1.49393,-0.7453032059631877,0.0,0.0,0.0,43754.38381245663,1.1258700440696117,,cwc,
2020-06-20,Bhakra,1.51666,-0.7405922499272971,0.0,0.0,0.0,44746.91605857374,2.464791156477527,,cwc,
2020-06-21,Bhakra,1.54218,-0.7361327839136435,0.0,0.0,0.0,41754.86777987018,0.3170903382079478,,cwc,
2020-06-22,Bhakra,1.56722,-0.7313255252560154,0.0,0.0,0.0,40761.773319203996,1.1178001807927451,,cwc,
2020-06-23,Bhakra,1.57511,-0.7301273468227049,0.0,0.0,0.0,45175.63420423867,5.817600197521259,,cwc,
2020-06-24,Bhakra,1.5983,-0.7275995000312138,0.0,0.0,0.0,46457.97706940571,3.115924207200375,,cwc,
2020-06-25,Bhakra,1.64655,-0.7214639390149522,0.0,0.0,0.0,45669.84435447568,1.7624067473937897,,cwc,
2020-06-26,Bhakra,1.6848116666666666,-0.7175182968977464,0.0,0.0,0.0,43759.471392984524,1.089731022291348,,interp,
2020-06-27,Bhakra,1.7230733333333332,-0.7128262795213378,0.0,0.0,0.0,40587.429003662975,0.2667291470916196,,interp,
2020-06-28,Bhakra,1.7613349999999999,-0.7066787837507286,0.0,0.0,0.0,42132.99677195245,2.8766435621693804,,interp,
2020-06-29,Bhakra,1.7995966666666667,-0.6988240839232128,0.0,0.0,0.0,42357.71928339249,2.682091230107468,,interp,
2020-06-30,Bhakra,1.8378583333333334,-0.6889310273050504,0.0,0.0,0.0,40076.61346344984,0.1209874845910818,,interp,
2020-07-01,Bhakra,1.87612,-0.6798583411954809,0.0,0.0,0.0,40066.51760479895,1.8091749655219755,,cwc,
2020-07-02,Bhakra,1.895,-0.6743816440274644,0.0,0.0,0.0,40600.13430864111,0.6930181021468689,,cwc,
2020-07-03,Bhakra,1.91871,-0.6678266502241658,0.0,0.0,0.0,46492.25662735797,6.990080201187547,,cwc,
2020-07-04,Bhakra,1.94547,-0.6645824163118047,0.0,0.0,0.0,51906.65107516635,8.666413695605153,,cwc,
2020-07-05,Bhakra,1.98143,-0.6611269531807715,0.0,0.0,0.0,47536.87568304421,2.788620245056533,,cwc,
2020-07-06,Bhakra,2.02546,-0.6539262579453938,0.0,0.0,0.0,46293.32171362454,3.968479601964464,,cwc,
2020-07-07,Bhakra,2.0456,-0.6486158314974089,0.0,0.0,0.0,47598.10190947701,6.0332175933455,,cwc,
2020-07-08,Bhakra,2.05826,-0.6478353118503993,0.0,0.0,0.0,43814.36385931181,1.704269071235312,,cwc,
2020-07-09,Bhakra,2.08847,-0.644522103163295,0.0,0.0,0.0,46006.191478462104,4.844813264519479,,cwc,
2020-07-10,Bhakra,2.12358,-0.6408970032545723,0.0,0.0,0.0,47873.317622336406,5.364028336929695,,cwc,
2020-07-11,Bhakra,2.17566,-0.6333184731484351,0.0,0.0,0.0,51581.79374467968,8.024544278145495,,cwc,
2020-07-12,Bhakra,2.21796,-0.6273821876220793,0.0,0.0,0.0,44410.73124644328,0.4351787716495496,,cwc,
2020-07-13,Bhakra,2.26054,-0.6176879894588191,0.0,0.0,0.0,39901.94713241279,0.6513959672117084,,cwc,
2020-07-14,Bhakra,2.29392,-0.6068018120057771,0.0,0.0,0.0,40885.052794900395,2.901581131957653,,cwc,
2020-07-15,Bhakra,2.32126,-0.5966907821725705,0.0,0.0,0.0,45881.41674777007,6.872369852090648,,cwc,
2020-07-16,Bhakra,2.36183,-0.5861777513402713,0.0,0.0,0.0,49406.14972419781,7.026602219631952,,cwc,
2020-07-17,Bhakra,2.4168,-0.5766509794167104,0.0,0.0,0.0,51688.315783467835,7.627411805136233,,cwc,
2020-07-18,Bhakra,2.45735,-0.5733356342453954,0.0,0.0,0.0,53974.678063464366,7.040783902109889,,cwc,
2020-07-19,Bhakra,2.51527,-0.5700042214074663,0.0,0.0,0.0,55453.008767438245,7.134036761034817,,cwc,
2020-07-20,Bhakra,2.56979,-0.5667656899306748,0.0,0.0,0.0,56065.311988496615,6.477480894546831,,cwc,
2020-07-21,Bhakra,2.62259,-0.5631750100849107,0.0,0.0,0.0,51193.24447376142,5.052957387290861,,cwc,
2020-07-22,Bhakra,2.66757,-0.5582214884526492,0.0,0.0,0.0,43555.02312300543,1.264715192816814,,cwc,
2020-07-23,Bhakra,2.71935,-0.547875535287853,0.0,0.0,0.0,38782.57434929025,0.7325827885101892,,cwc,
2020-07-24,Bhakra,2.76195,-0.5341576217643292,0.0,0.0,0.0,41414.12593238541,4.21126732987498,,cwc,
2020-07-25,Bhakra,2.78818,-0.5229929414644392,0.0,0.0,0.0,43626.02504470881,5.016256446277309,,cwc,
2020-07-26,Bhakra,2.81135,-0.5149114198387315,0.0,0.0,0.0,45420.06743929764,5.145201357246912,,cwc,
2020-07-27,Bhakra,2.83043,-0.5101658351818259,0.0,0.0,0.0,48731.622834613314,6.916860622421772,,cwc,
2020-07-28,Bhakra,2.85905,-0.5054054064419742,0.0,0.0,0.0,56296.39419269826,11.107575222098736,,cwc,
2020-07-29,Bhakra,2.89516,-0.5050734346502455,0.0,0.0,0.0,59118.37940079774,8.788116057054607,,cwc,
2020-07-30,Bhakra,2.95649,-0.5022101278892688,0.0,0.0,0.0,54731.26079185964,4.970708283932214,,cwc,
2020-07-31,Bhakra,2.99943,-0.50021581597517,0.0,0.0,0.0,49703.7066046331,3.713601794716784,,cwc,
2020-08-01,Bhakra,3.03724,-0.49650731943465143,0.0,0.0,0.0,49153.7273645207,4.810745207475017,,cwc,
2020-08-02,Bhakra,3.08694,-0.4896816928977877,0.0,0.0,0.0,42382.19163669824,0.2265174187469142,,cwc,
2020-08-03,Bhakra,3.12823,-0.48173418787480154,0.0,0.0,0.0,41340.68916555935,2.2271627919063453,,cwc,
2020-08-04,Bhakra,3.1738,-0.472012587990764,0.0,0.0,0.0,42257.731763662974,2.987808887640639,,cwc,
2020-08-05,Bhakra,3.2182,-0.4594876769063099,0.0,0.0,0.0,43691.31304667729,4.899130275909519,,cwc,
2020-08-06,Bhakra,3.24857,-0.4493183738738212,0.0,0.0,0.0,46217.71653299569,5.760095032809337,,cwc,
2020-08-07,Bhakra,3.2848,-0.44044930463684584,0.0,0.0,0.0,45739.94970925262,4.267577855012644,,cwc,
2020-08-08,Bhakra,3.31829,-0.43093561573622297,0.0,0.0,0.0,47465.922332764996,4.439053578088092,,cwc,
2020-08-09,Bhakra,3.37632,-0.41714758677732233,0.0,0.0,0.0,55998.43607431757,11.2187063096943,,cwc,
2020-08-10,Bhakra,3.44448,-0.40803754092063316,0.0,0.0,0.0,57169.16728639826,7.615292318596879,,cwc,
2020-08-11,Bhakra,3.56873,-0.3901002128115488,0.0,0.0,0.0,53989.98104030474,5.759390427236976,,cwc,
2020-08-12,Bhakra,3.70453,-0.3703064830580981,0.0,0.0,0.0,56273.353514774215,8.557129905418902,,cwc_level,
2020-08-13,Bhakra,3.64779,-0.3843596764783332,0.0,0.0,0.0,58851.48221693512,8.84213825790194,,cwc,
2020-08-14,Bhakra,3.7327,-0.3754542543109457,0.0,0.0,0.0,51333.33412009894,2.6191828764202896,,cwc,
2020-08-15,Bhakra,3.78216,-0.36874165520644986,0.0,0.0,0.0,52052.47132690158,7.28090018947215,,cwc,
2020-08-16,Bhakra,3.84,-0.3581267794032843,0.0,0.0,0.0,48878.81356031132,3.195962454344397,,cwc,
2020-08-17,Bhakra,3.88973,-0.3480685136692869,0.0,0.0,0.0,43685.41529611766,1.877811171870129,,cwc,
2020-08-18,Bhakra,4.00095,-0.3291981473853178,0.0,0.0,0.0,46819.10276603203,4.650410808430725,,cwc,
2020-08-19,Bhakra,4.05502,-0.3216004044156031,0.0,0.0,0.0,48207.650880107176,5.882190947035786,,cwc,
2020-08-20,Bhakra,4.05502,-0.3218179320600323,0.0,0.0,0.0,55436.818641654725,11.380508506974042,,cwc,
2020-08-21,Bhakra,4.12089,-0.314903233637352,0.0,0.0,0.0,54160.86474429415,6.772708048410144,,cwc,
2020-08-22,Bhakra,4.19677,-0.30389713627014814,0.0,0.0,0.0,46270.053074562195,2.121965798193371,,cwc,
2020-08-23,Bhakra,4.25391,-0.2923931306742719,0.0,0.0,0.0,44062.736197291975,2.616277292318793,,cwc,
2020-08-24,Bhakra,4.28749,-0.28648634104005394,0.0,0.0,0.0,47653.823838218224,6.776758800545808,,cwc,
2020-08-25,Bhakra,4.31671,-0.28473528832006606,0.0,0.0,0.0,46118.34753758295,3.3740658950564653,,cwc,
2020-08-26,Bhakra,4.34899,-0.2820258759673086,0.0,0.0,0.0,51167.693528710806,9.22121084447637,,cwc,
2020-08-27,Bhakra,4.38781,-0.28137281949038073,0.0,0.0,0.0,52204.24582128815,6.778001543886339,,cwc,
2020-08-28,Bhakra,4.72294,-0.23406399334814354,0.0,0.0,0.0,45376.16084808202,2.505160767063457,,cwc,
2020-08-29,Bhakra,4.48768,-0.27498772695949136,0.0,0.0,0.0,40168.793326688625,0.2812858512192573,,cwc,
2020-08-30,Bhakra,4.51996,-0.26887485034967235,0.0,0.0,0.0,39822.58018116614,2.6664812941566893,,cwc,
2020-08-31,Bhakra,4.5518,-0.2638869783589159,0.0,0.0,0.0,36963.30434954018,0.1012214744613633,,cwc,
2020-09-01,Bhakra,4.58887,-0.2577783952007184,0.0,0.0,0.0,35673.66206981325,0.0825004671460237,,cwc,
2020-09-02,Bhakra,4.62158,-0.2511779244460962,0.0,0.0,0.0,37342.91752524957,1.5625392631675776,,cwc,
2020-09-03,Bhakra,4.64906,-0.24710003402900202,0.0,0.0,0.0,42538.27192836487,6.481113462188928,,cwc,
2020-09-04,Bhakra,4.6918,-0.24315862586441825,0.0,0.0,0.0,39507.63165199451,0.2945376724059764,,cwc,
2020-09-05,Bhakra,4.72836,-0.23914983435035012,0.0,0.0,0.0,37364.01320735412,1.0793608081796866,,cwc,
2020-09-06,Bhakra,4.76356,-0.2346134444917708,0.0,0.0,0.0,39108.8032187683,2.811754435846798,,cwc,
2020-09-07,Bhakra,4.79924,-0.23074636885030617,0.0,0.0,0.0,36493.23168754745,0.2461794913410497,,cwc,
2020-09-08,Bhakra,4.82161,-0.22802757919206118,0.0,0.0,0.0,35103.811718910416,0.0213607173194154,,cwc,
2020-09-09,Bhakra,4.83,-0.22699060328824713,0.0,0.0,0.0,34770.70959783802,0.0266311502968528,,cwc,
2020-09-10,Bhakra,4.830085,-0.2271091634197577,0.0,0.0,0.0,34526.23957574048,0.3317395144430793,,interp,
2020-09-11,Bhakra,4.83017,-0.22659618449952704,0.0,0.0,0.0,34370.7578923499,0.0,,cwc,
2020-09-12,Bhakra,4.82827,-0.22632638547917294,0.0,0.0,0.0,34271.89859661589,0.0,,cwc,
2020-09-13,Bhakra,4.82113,-0.22718277912834428,0.0,0.0,0.0,34314.6772494454,0.1314251070232831,,cwc,
2020-09-14,Bhakra,4.802086666666667,-0.22985767544826713,0.0,0.0,0.0,34434.112160379824,0.2005743993565842,,interp,
2020-09-15,Bhakra,4.7830433333333335,-0.23279744406093764,0.0,0.0,0.0,35797.54538102249,1.5858443049367423,,interp,
2020-09-16,Bhakra,4.764,-0.23644784979439576,0.0,0.0,0.0,35834.26393625691,0.9294592302125532,,cwc,
2020-09-17,Bhakra,4.764,-0.23663623224531166,0.0,0.0,0.0,35009.87865310604,0.0669348647452065,,cwc,
2020-09-18,Bhakra,4.74168,-0.2400621688608822,0.0,0.0,0.0,35288.03944987546,0.5798766911273929,,cwc,
2020-09-19,Bhakra,4.72122,-0.24331853037758672,0.0,0.0,0.0,34733.10748318504,0.0419305477576755,,cwc,
2020-09-20,Bhakra,4.70457,-0.24511838908737324,0.0,0.0,0.0,34287.25317398242,0.0,,cwc,
2020-09-21,Bhakra,4.68613,-0.24752729555068215,0.0,0.0,0.0,35354.6407793549,1.3423089654280205,,cwc,
2020-09-22,Bhakra,4.66868,-0.2506007855668265,0.0,0.0,0.0,35410.37346856129,0.814193892888887,,cwc,
2020-09-23,Bhakra,4.64775,-0.25432390553170914,0.0,0.0,0.0,35360.027462985345,0.7950944858784669,,cwc,
2020-09-24,Bhakra,4.629,-0.25782458034479105,0.0,0.0,0.0,36956.08404592977,2.4756669600201224,,cwc,
2020-09-25,Bhakra,4.6066666666666665,-0.262506113830739,0.0,0.0,0.0,35691.224388481736,0.0159694598855058,,interp,
2020-09-26,Bhakra,4.584333333333333,-0.2667217285023976,0.0,0.0,0.0,34661.9299764344,0.0,,interp,
2020-09-27,Bhakra,4.561999999999999,-0.27052909424246396,0.0,0.0,0.0,34486.09615966392,0.0,,interp,
2020-09-28,Bhakra,4.539666666666666,-0.2742698226591942,0.0,0.0,0.0,34111.055847845106,0.0,,interp,
2020-09-29,Bhakra,4.517333333333333,-0.2778649946206173,0.0,0.0,0.0,34165.26944669973,0.0,,interp,
2020-09-30,Bhakra,4.495,-0.281481647751489,0.0,0.0,0.0,34086.642644185886,0.0,,cwc,
2021-06-01,Bhakra,0.5310229629629634,-0.9094021376695343,0.0,0.0,0.0,40913.96853062264,0.4305982136563107,,cwc_level,
2021-06-02,Bhakra,0.5220114814814817,-0.9121416313284689,0.0,0.0,0.0,39485.91305728125,1.8732889852362768,,interp,
2021-06-03,Bhakra,0.513,-0.9141048472753408,0.0,0.0,0.0,37957.3278748422,0.1931561710946912,,cwc,
2021-06-04,Bhakra,0.5196271428571428,-0.9126538687518383,0.0,0.0,0.0,36320.500622638916,0.1140671540462664,,interp,
2021-06-05,Bhakra,0.5262542857142858,-0.9095830440308625,0.0,0.0,0.0,37292.12563827077,0.4119765941231968,,interp,
2021-06-06,Bhakra,0.5328814285714286,-0.9051789280045803,0.0,0.0,0.0,37622.50077493778,0.6007276048234581,,interp,
2021-06-07,Bhakra,0.5395085714285714,-0.898556080947515,0.0,0.0,0.0,38170.85427749528,0.0127684342400945,,interp,
2021-06-08,Bhakra,0.5461357142857143,-0.8918517124823169,0.0,0.0,0.0,38942.7878865473,0.0,,interp,
2021-06-09,Bhakra,0.5527628571428572,-0.8857152372999841,0.0,0.0,0.0,41430.101408340895,2.4972131747204003,,interp,
2021-06-10,Bhakra,0.55939,-0.8827662722818919,0.0,0.0,0.0,45796.29625684099,3.365126344852729,,cwc,
2021-06-11,Bhakra,0.5829057142857144,-0.8787374155082796,0.0,0.0,0.0,51775.577521051375,7.082271699054421,,interp,
2021-06-12,Bhakra,0.6064214285714286,-0.8755563731231005,0.0,0.0,0.0,52531.48515051225,4.52123831564803,,interp,
2021-06-13,Bhakra,0.6299371428571429,-0.870566404091065,0.0,0.0,0.0,51857.55812983417,4.4762994041851485,,interp,
2021-06-14,Bhakra,0.6534528571428572,-0.8615130182854008,0.0,0.0,0.0,46229.44646102831,1.0772284519593789,,interp,
2021-06-15,Bhakra,0.6769685714285715,-0.8502134984145631,0.0,0.0,0.0,46442.110999815515,4.196765969855695,,interp,
2021-06-16,Bhakra,0.7004842857142857,-0.843201820690855,0.0,0.0,0.0,50262.85036444752,7.438044407487023,,interp,
2021-06-17,Bhakra,0.724,-0.8409971463963338,0.0,0.0,0.0,55624.29903422901,10.251825485381634,,cwc,
2021-06-18,Bhakra,0.7297142857142856,-0.8459878731192532,0.0,0.0,0.0,65295.86211255181,14.723384448986472,,interp,
2021-06-19,Bhakra,0.7354285714285714,-0.8554191405269578,0.0,0.0,0.0,65386.42490586151,8.39931181023255,,interp,
2021-06-20,Bhakra,0.7411428571428571,-0.8648215187092473,0.0,0.0,0.0,54682.210632929884,2.7230361596747583,,interp,
2021-06-21,Bhakra,0.7468571428571429,-0.8696924278939483,0.0,0.0,0.0,46264.28260186974,0.2425524709875998,,interp,
2021-06-22,Bhakra,0.7525714285714286,-0.87192453336805,0.0,0.0,0.0,40582.244625443214,0.5472560511794824,,interp,
2021-06-23,Bhakra,0.7582857142857143,-0.8722092562413064,0.0,0.0,0.0,38948.15725048133,1.0030967117356795,,interp,
2021-06-24,Bhakra,0.764,-0.8718967448306905,0.0,0.0,0.0,39112.27223204894,1.3365680779716735,,cwc,
2021-06-25,Bhakra,0.7662857142857143,-0.8717734926069208,0.0,0.0,0.0,39945.212590345,2.8468177126315224,,interp,
2021-06-26,Bhakra,0.7685714285714286,-0.8716018436152884,0.0,0.0,0.0,38245.69893370657,0.4109942347664541,,interp,
2021-06-27,Bhakra,0.7708571428571429,-0.8701866515291243,0.0,0.0,0.0,37521.71191251599,0.5731884553753785,,interp,
2021-06-28,Bhakra,0.7731428571428571,-0.8677139680002551,0.0,0.0,0.0,37408.18757964312,0.0648478567465216,,interp,
2021-06-29,Bhakra,0.7754285714285715,-0.8665351061244247,0.0,0.0,0.0,38491.8228914943,0.7811725560624259,,interp,
2021-06-30,Bhakra,0.7777142857142857,-0.8661242784179266,0.0,0.0,0.0,39447.98178991046,0.2737774086337045,,interp,
2021-07-01,Bhakra,0.78,-0.8663581070378842,0.0,0.0,0.0,40914.53833696217,1.6110981621473992,,cwc,
2021-07-02,Bhakra,0.79778,-0.8647880873058701,0.0,0.0,0.0,42882.932594818616,3.200333127622574,,cwc,
2021-07-03,Bhakra,0.81429,-0.8638790170877737,0.0,0.0,0.0,39475.32846480145,0.486319055389432,,cwc,
2021-07-04,Bhakra,0.82761,-0.8609132728036132,0.0,0.0,0.0,38603.542923422654,1.5888573812714133,,cwc,
2021-07-05,Bhakra,0.8405,-0.857022633392596,0.0,0.0,0.0,37918.40189762452,0.4524214407816343,,cwc,
2021-07-06,Bhakra,0.85146,-0.851433586875196,0.0,0.0,0.0,37644.51992128701,0.6004563431343919,,cwc,
2021-07-07,Bhakra,0.87226,-0.8413136801837217,0.0,0.0,0.0,38449.22457741769,0.7236252911366424,,cwc,
2021-07-08,Bhakra,0.88946,-0.8301606383128203,0.0,0.0,0.0,41581.79158032289,3.978630358841377,,cwc,
2021-07-09,Bhakra,0.91008,-0.8217468621524249,0.0,0.0,0.0,43240.551950945555,3.8837864694195696,,interp,
2021-07-10,Bhakra,0.9307000000000001,-0.8171264734836974,0.0,0.0,0.0,47668.4260897173,7.997949225109538,,interp,
2021-07-11,Bhakra,0.95132,-0.8156681420461217,0.0,0.0,0.0,54908.200520906576,9.773626780324571,,cwc,
2021-07-12,Bhakra,1.0384900000000001,-0.8071077952044521,0.0,0.0,0.0,59814.719670731814,10.109249289095922,,interp,
2021-07-13,Bhakra,1.12566,-0.8005199566863354,0.0,0.0,0.0,54575.22305679565,3.685748923495807,,interp,
2021-07-14,Bhakra,1.21283,-0.7865951303122899,0.0,0.0,0.0,46575.989939913714,2.409047570782477,,interp,
2021-07-15,Bhakra,1.3,-0.7656358841408809,0.0,0.0,0.0,42953.24224986846,1.6486590811785702,,cwc,
2021-07-16,Bhakra,1.12718,-0.7874050755761858,0.0,0.0,0.0,41073.51653380413,1.7041012734997611,,cwc,
2021-07-17,Bhakra,1.15123,-0.7782959614525107,0.0,0.0,0.0,40958.01444673593,1.2609974197646274,,cwc,
2021-07-18,Bhakra,1.17794,-0.7676788141279929,0.0,0.0,0.0,54398.544876202475,13.3260847773955,,cwc,
2021-07-19,Bhakra,1.21891,-0.7621391366726121,0.0,0.0,0.0,64308.99821780679,12.8105535423338,,cwc,
2021-07-20,Bhakra,1.21892,-0.7698778934748278,0.0,0.0,0.0,58166.22294739971,3.776792162683865,,cwc,
2021-07-21,Bhakra,1.36799,-0.7498685728241002,0.0,0.0,0.0,54435.32419833649,7.187120133852172,,cwc,
2021-07-22,Bhakra,1.43549,-0.7405881839226566,0.0,0.0,0.0,57072.05219069527,7.550832404992361,,cwc,
2021-07-23,Bhakra,1.49184,-0.729567930646872,0.0,0.0,0.0,51756.75065807909,4.126637901905302,,cwc,
2021-07-24,Bhakra,1.54032,-0.7177338461359879,0.0,0.0,0.0,44601.97702701589,1.0018644692568694,,cwc,
2021-07-25,Bhakra,1.58462,-0.7042579387726075,0.0,0.0,0.0,48180.043811803844,5.537962751526703,,cwc,
2021-07-26,Bhakra,1.63008,-0.6918648415973232,0.0,0.0,0.0,50473.681750572636,5.198351654812697,,cwc,
2021-07-27,Bhakra,1.70731,-0.6773349882717443,0.0,0.0,0.0,62097.50814983453,14.136425419853971,,cwc,
2021-07-28,Bhakra,1.77967,-0.6712879071154264,0.0,0.0,0.0,62070.968203581295,7.2971154659821345,,cwc,
2021-07-29,Bhakra,1.90605,-0.656994548524838,0.0,0.0,0.0,60804.79857430822,8.772320540428518,,cwc,
2021-07-30,Bhakra,1.9787228571428572,-0.6521925298792748,0.0,0.0,0.0,61151.89026166558,8.217156572149019,,interp,
2021-07-31,Bhakra,2.0513957142857144,-0.6486703130912932,0.0,0.0,0.0,55900.228414617006,5.977499250304508,,interp,
2021-08-01,Bhakra,2.1240685714285714,-0.641587432689913,0.0,0.0,0.0,47917.38951813566,1.7600542074782854,,interp,
2021-08-02,Bhakra,2.1967414285714284,-0.6317433680241178,0.0,0.0,0.0,46806.09342496651,4.950831858877568,,interp,
2021-08-03,Bhakra,2.2694142857142854,-0.6215086713405252,0.0,0.0,0.0,43326.86576432709,1.7889435647991965,,interp,
2021-08-04,Bhakra,2.342087142857143,-0.6069133976097889,0.0,0.0,0.0,40415.5721607095,1.9904980862847543,,interp,
2021-08-05,Bhakra,2.41476,-0.5926795992382153,0.0,0.0,0.0,44229.387032012455,5.653761600404553,,cwc,
2021-08-06,Bhakra,2.4583657142857143,-0.5866389657014214,0.0,0.0,0.0,43276.54433341395,3.844544481757346,,interp,
2021-08-07,Bhakra,2.5019714285714283,-0.5811420883821299,0.0,0.0,0.0,43159.8003370667,3.70732049446826,,interp,
2021-08-08,Bhakra,2.5455771428571428,-0.5760508422896518,0.0,0.0,0.0,50782.635098360675,10.465224113633129,,interp,
2021-08-09,Bhakra,2.5891828571428572,-0.5732893864427799,0.0,0.0,0.0,46951.02247319429,2.5269136395113128,,interp,
2021-08-10,Bhakra,2.6327885714285717,-0.5691699941358436,0.0,0.0,0.0,41785.72327680888,1.4124131816024572,,interp,
2021-08-11,Bhakra,2.6763942857142857,-0.5632571715002563,0.0,0.0,0.0,39448.47310099827,0.8094781417605632,,interp,
2021-08-12,Bhakra,2.72,-0.5574763360739329,0.0,0.0,0.0,38298.98890726843,1.814272626114401,,cwc,
2021-08-13,Bhakra,2.751428571428572,-0.5537273078853358,0.0,0.0,0.0,39990.159932985356,3.18270891290603,,interp,
2021-08-14,Bhakra,2.782857142857143,-0.5502650332392856,0.0,0.0,0.0,39615.86389268063,2.3835471282877743,,interp,
2021-08-15,Bhakra,2.8142857142857145,-0.5415062838945544,0.0,0.0,0.0,39016.65199226702,1.8928445686125288,,interp,
2021-08-16,Bhakra,2.8457142857142856,-0.5311265288602045,0.0,0.0,0.0,36343.36137495049,0.0025422071175865,,interp,
2021-08-17,Bhakra,2.8771428571428572,-0.5202544722784858,0.0,0.0,0.0,34998.09968825655,0.0650619914539133,,interp,
2021-08-18,Bhakra,2.9085714285714284,-0.5101410228405995,0.0,0.0,0.0,35959.1940074626,1.4618316394366837,,interp,
2021-08-19,Bhakra,2.94,-0.5021204750309698,0.0,0.0,0.0,49069.76294837923,14.995876601799264,,cwc,
2021-08-20,Bhakra,2.9699999999999998,-0.49772717253641385,0.0,0.0,0.0,52597.64389780857,7.655296753116132,,interp,
2021-08-21,Bhakra,3.0,-0.4950153900136291,0.0,0.0,0.0,51177.75677507842,5.979758731615744,,interp,
2021-08-22,Bhakra,3.03,-0.49228595977868284,0.0,0.0,0.0,47901.07551398003,2.6370289178577093,,interp,
2021-08-23,Bhakra,3.06,-0.48302213970030783,0.0,0.0,0.0,43533.62632422732,2.564348444496668,,interp,
2021-08-24,Bhakra,3.09,-0.4732496371206574,0.0,0.0,0.0,47993.107552962196,6.350313927370102,,interp,
2021-08-25,Bhakra,3.12,-0.4669906196234131,0.0,0.0,0.0,47239.825828620975,4.86661147692345,,interp,
2021-08-26,Bhakra,3.15,-0.4623356100078549,0.0,0.0,0.0,45864.86991566039,4.000778949290119,,cwc,
2021-08-27,Bhakra,3.1892871428571428,-0.45697585713763494,0.0,0.0,0.0,59224.79503639639,16.015210753843835,,interp,
2021-08-28,Bhakra,3.2285742857142856,-0.4570832846718653,0.0,0.0,0.0,56152.45537482103,4.985137489253791,,interp,
2021-08-29,Bhakra,3.2678614285714285,-0.45729322650839965,0.0,0.0,0.0,51666.57678496105,5.971881599365944,,interp,
2021-08-30,Bhakra,3.3071485714285713,-0.4553777777067963,0.0,0.0,0.0,46829.47875942272,2.135264466845784,,interp,
2021-08-31,Bhakra,3.346435714285714,-0.4527556921605992,0.0,0.0,0.0,43452.82821955206,3.868923036122745,,interp,
2021-09-01,Bhakra,3.385722857142857,-0.44862425586680005,0.0,0.0,0.0,42893.27033013563,2.864936183354627,,interp,
2021-09-02,Bhakra,3.42501,-0.4420974138255441,0.0,0.0,0.0,39559.928472975575,2.067614045062093,,cwc,
2021-09-03,Bhakra,3.4408114285714286,-0.436227173422282,0.0,0.0,0.0,40485.31065903839,3.1276822884507856,,interp,
2021-09-04,Bhakra,3.456612857142857,-0.42988732450732847,0.0,0.0,0.0,37447.31517504349,0.1752792429878915,,interp,
2021-09-05,Bhakra,3.4724142857142857,-0.41965881551363876,0.0,0.0,0.0,37913.483151003165,2.197000563918624,,interp,
2021-09-06,Bhakra,3.4882157142857144,-0.4084846653408671,0.0,0.0,0.0,43452.646565351475,7.009128000503521,,interp,
2021-09-07,Bhakra,3.504017142857143,-0.4010621507590219,0.0,0.0,0.0,48047.01522501502,8.16032123889547,,interp,
2021-09-08,Bhakra,3.5198185714285715,-0.39356144111099245,0.0,0.0,0.0,50168.024263740714,6.858555253336028,,interp,
2021-09-09,Bhakra,3.53562,-0.3849359354554191,0.0,0.0,0.0,57030.5870006095,11.867209510506312,,cwc,
2021-09-10,Bhakra,3.574817142857143,-0.3796010306585034,0.0,0.0,0.0,59904.36463130404,7.889316753934432,,interp,
2021-09-11,Bhakra,3.614014285714286,-0.3786716836677472,0.0,0.0,0.0,55891.83521589366,6.401129058718077,,interp,
2021-09-12,Bhakra,3.6532114285714288,-0.3767757854257147,0.0,0.0,0.0,60685.28911048839,10.624936730081826,,interp,
2021-09-13,Bhakra,3.6924085714285715,-0.3791300579432257,0.0,0.0,0.0,65670.03736369996,12.3147740432637,,interp,
2021-09-14,Bhakra,3.731605714285714,-0.38434192798711797,0.0,0.0,0.0,54592.06803151042,2.964711174653932,,interp,
2021-09-15,Bhakra,3.7708028571428573,-0.38433031157593034,0.0,0.0,0.0,46249.26188473065,2.398953440777398,,interp,
2021-09-16,Bhakra,3.81,-0.378666459993228,0.0,0.0,0.0,44697.57932735179,3.1554061848713486,,cwc,
2021-09-17,Bhakra,3.838772857142857,-0.37489595841512585,0.0,0.0,0.0,38670.06605035721,0.5966659235716406,,interp,
2021-09-18,Bhakra,3.8675457142857144,-0.3684943212272677,0.0,0.0,0.0,36379.34920533647,0.3107196035007609,,interp,
2021-09-19,Bhakra,3.8963185714285715,-0.3557450994880631,0.0,0.0,0.0,38600.41622944901,3.130829866251136,,interp,
2021-09-20,Bhakra,3.9250914285714282,-0.34711376630218965,0.0,0.0,0.0,44648.24394125594,7.68082150968365,,interp,
2021-09-21,Bhakra,3.9538642857142854,-0.34309788409130343,0.0,0.0,0.0,42536.843754531765,2.433550063017107,,interp,
2021-09-22,Bhakra,3.9826371428571425,-0.3394537769233505,0.0,0.0,0.0,43208.22180872386,5.276005128713758,,interp,
2021-09-23,Bhakra,4.01141,-0.3371938293748564,0.0,0.0,0.0,57078.503647055804,15.554170746395776,,cwc,
2021-09-24,Bhakra,4.0397799999999995,-0.34019583589644525,0.0,0.0,0.0,48815.39500556637,0.7491828503081412,,interp,
2021-09-25,Bhakra,4.06815,-0.3404708429812759,0.0,0.0,0.0,43112.24933112271,2.3081833432668684,,interp,
2021-09-26,Bhakra,4.09652,-0.3380763585647832,0.0,0.0,0.0,40054.307049409996,0.2008565448717854,,interp,
2021-09-27,Bhakra,4.12489,-0.3346826922314385,0.0,0.0,0.0,37201.60415490799,1.7958485091522856,,interp,
2021-09-28,Bhakra,4.1532599999999995,-0.33031752056821023,0.0,0.0,0.0,37839.572436199465,1.766976169332354,,interp,
2021-09-29,Bhakra,4.18163,-0.32630420912707386,0.0,0.0,0.0,36519.42516063652,0.8330478608919624,,interp,
2021-09-30,Bhakra,4.21,-0.3220145054979612,0.0,0.0,0.0,37612.825209866554,2.284726492247045,,cwc,
2022-06-02,Bhakra,1.355,-0.7824663349974912,0.0,0.0,0.0,35840.44201677263,0.0,,cwc,
2022-06-03,Bhakra,1.3682857142857143,-0.7800611656912089,0.0,0.0,0.0,35735.80549121271,0.0,,interp,
2022-06-04,Bhakra,1.3815714285714285,-0.7774566001869474,0.0,0.0,0.0,35322.87808060585,0.0,,interp,
2022-06-05,Bhakra,1.3948571428571428,-0.7746665131455318,0.0,0.0,0.0,35550.15037650269,0.0,,interp,
2022-06-06,Bhakra,1.4081428571428571,-0.7718212935765405,0.0,0.0,0.0,35912.18283619269,0.0,,interp,
2022-06-07,Bhakra,1.4214285714285715,-0.7690156458599056,0.0,0.0,0.0,36533.690719516955,0.0,,interp,
2022-06-08,Bhakra,1.4347142857142856,-0.7662768879599368,0.0,0.0,0.0,36936.71843488881,0.2723652652228057,,interp,
2022-06-09,Bhakra,1.448,-0.7639638695437426,0.0,0.0,0.0,36996.13027292447,0.0727074518016872,,cwc,
2022-06-10,Bhakra,1.467,-0.7610307258572476,0.0,0.0,0.0,37363.770404547744,1.3226943872196617,,cwc,
2022-06-11,Bhakra,1.477,-0.7582487475081127,0.0,0.0,0.0,37625.05262630795,1.3848435389386655,,cwc,
2022-06-12,Bhakra,1.489,-0.7551254559967296,0.0,0.0,0.0,38076.258526204016,1.8683603402367683,,cwc,
2022-06-13,Bhakra,1.499,-0.7524028031780146,0.0,0.0,0.0,37395.35026859656,0.4213299815371927,,cwc,
2022-06-14,Bhakra,1.501,-0.7500371135600633,0.0,0.0,0.0,36697.979668848464,0.5953786091219744,,cwc,
2022-06-15,Bhakra,1.495,-0.7485820605009157,0.0,0.0,0.0,40359.362815374945,4.349767978288106,,cwc,
2022-06-16,Bhakra,1.4805000000000001,-0.749810442829922,0.0,0.0,0.0,40672.16181448255,2.830076808773909,,interp,
2022-06-17,Bhakra,1.4660000000000002,-0.752523978457531,0.0,0.0,0.0,40920.807684082254,2.8688822876220192,,interp,
2022-06-18,Bhakra,1.4515,-0.7563280038398229,0.0,0.0,0.0,42600.94494291153,4.335518894380063,,interp,
2022-06-19,Bhakra,1.437,-0.7612376194252595,0.0,0.0,0.0,42854.963266937964,3.671030267545505,,interp,
2022-06-20,Bhakra,1.4225,-0.7664250584815075,0.0,0.0,0.0,43158.54328011807,3.3393857407873693,,interp,
2022-06-21,Bhakra,1.408,-0.7706356782043058,0.0,0.0,0.0,39690.13065311183,0.9732442086458972,,interp,
2022-06-22,Bhakra,1.3935,-0.7731527682489492,0.0,0.0,0.0,37162.38128967771,0.5073266703033079,,interp,
2022-06-23,Bhakra,1.379,-0.7740402721040354,0.0,0.0,0.0,36027.67745851112,0.4275551858765476,,cwc,
2022-06-24,Bhakra,1.357,-0.7734275010147741,0.0,0.0,0.0,35574.35510677862,0.5752342867687109,,interp,
2022-06-25,Bhakra,1.335,-0.769835754276127,0.0,0.0,0.0,38364.9245935224,3.306920963635436,,interp,
2022-06-26,Bhakra,1.313,-0.7678628918454798,0.0,0.0,0.0,39208.251444342335,2.0382022724495865,,interp,
2022-06-27,Bhakra,1.2910000000000001,-0.7662726173394153,0.0,0.0,0.0,40829.44094904185,2.243234666989447,,interp,
2022-06-28,Bhakra,1.2690000000000001,-0.7630093311378863,0.0,0.0,0.0,46579.957833412656,5.7929479086753615,,interp,
2022-06-29,Bhakra,1.247,-0.7624100723144371,0.0,0.0,0.0,53711.13020688268,9.051090815081182,,interp,
2022-06-30,Bhakra,1.225,-0.7666485854487192,0.0,0.0,0.0,52380.00789756556,3.195545998747387,,cwc,
2022-07-01,Bhakra,1.24384,-0.7614556715593217,0.0,0.0,0.0,52249.26297424304,5.4271882914715,,cwc,
2022-07-02,Bhakra,1.26878,-0.7560681895966307,0.0,0.0,0.0,58129.95301634052,9.770446351621905,,cwc,
2022-07-03,Bhakra,1.29104,-0.752731958394218,0.0,0.0,0.0,57097.83587649282,6.390132271778411,,cwc,
2022-07-04,Bhakra,1.30351,-0.7506703427737189,0.0,0.0,0.0,51912.003945913086,3.386100448970422,,cwc,
2022-07-05,Bhakra,1.31901,-0.7468661646790056,0.0,0.0,0.0,57900.64699723711,10.532110797130294,,cwc,
2022-07-06,Bhakra,1.34619,-0.7453835516431396,0.0,0.0,0.0,55771.99300450185,4.786613824142522,,cwc,
2022-07-07,Bhakra,1.134,-0.7820249226950132,0.0,0.0,0.0,57525.591608878305,8.526929585958143,,cwc,
2022-07-08,Bhakra,1.141,-0.7832318612625995,0.0,0.0,0.0,57249.80490142842,6.974527873763174,,cwc,
2022-07-09,Bhakra,1.5712728947368422,-0.7153957767957394,0.0,0.0,0.0,55262.08457877236,6.387224239189354,,cwc_level,
2022-07-10,Bhakra,1.601947692307692,-0.708434328610992,0.0,0.0,0.0,50565.98552224615,2.836000945265939,,cwc_level,
2022-07-11,Bhakra,1.697372,-0.690729728516205,0.0,0.0,0.0,49212.17092530276,5.0218473339239305,,cwc_level,
2022-07-12,Bhakra,1.7362166666666667,-0.6813401475107919,0.0,0.0,0.0,51591.574830238926,7.14830456538924,,cwc_level,
2022-07-13,Bhakra,1.8195520000000003,-0.6687287388393581,0.0,0.0,0.0,54093.58738473659,8.34946588672212,,cwc_level,
2022-07-14,Bhakra,1.8335651656920078,-0.6698017218590476,0.0,0.0,0.0,60448.13460491037,11.728032223569592,,cwc_level,
2022-07-15,Bhakra,1.851770142021721,-0.6702993918457972,0.0,0.0,0.0,56638.819171364965,6.16788067020426,,interp,
2022-07-16,Bhakra,1.8699751183514342,-0.6712224490364189,0.0,0.0,0.0,57240.95771334631,8.28583761715089,,interp,
2022-07-17,Bhakra,1.8881800946811473,-0.6739376679865221,0.0,0.0,0.0,49638.28598630006,2.035519365145232,,interp,
2022-07-18,Bhakra,1.9063850710108605,-0.6730874203581018,0.0,0.0,0.0,45634.09919958423,3.405976759791192,,interp,
2022-07-19,Bhakra,1.9245900473405737,-0.6690858277646462,0.0,0.0,0.0,51740.05987738456,8.068938198734708,,interp,
2022-07-20,Bhakra,1.942795023670287,-0.6664183522041439,0.0,0.0,0.0,46847.7053781783,2.6892229536444248,,interp,
2022-07-21,Bhakra,1.961,-0.6631399105705867,0.0,0.0,0.0,42886.98641096883,1.8293672407087715,,cwc,
2022-07-22,Bhakra,2.01567,-0.6517207768247315,0.0,0.0,0.0,44362.01978811612,3.836936443081764,,cwc,
2022-07-23,Bhakra,2.07035,-0.6378649568472408,0.0,0.0,0.0,48381.18131897748,8.417191234174021,,cwc,
2022-07-24,Bhakra,2.1302,-0.6254125384724152,0.0,0.0,0.0,51090.46985502203,6.66402618587796,,cwc,
2022-07-25,Bhakra,2.20213,-0.6109634734792859,0.0,0.0,0.0,47753.639637901615,4.145912154412494,,cwc,
2022-07-26,Bhakra,2.27148,-0.5961799922007863,0.0,0.0,0.0,49614.66916447248,6.166455574712296,,cwc,
2022-07-27,Bhakra,2.3425,-0.5812163643315401,0.0,0.0,0.0,57289.4369272814,11.0602555506347,,cwc,
2022-07-28,Bhakra,2.40453,-0.5744129191323234,0.0,0.0,0.0,55622.36955410936,6.040235310738099,,cwc,
2022-07-29,Bhakra,2.488,-0.5652300728275667,0.0,0.0,0.0,58477.62202168366,9.92322774138434,,cwc,
2022-07-30,Bhakra,2.588,-0.5517268907830297,0.0,0.0,0.0,57046.75340466805,6.783577222683065,,cwc,
2022-07-31,Bhakra,2.668,-0.5404569699299181,0.0,0.0,0.0,58683.85079587696,9.43440841046855,,cwc,
2022-08-01,Bhakra,2.792,-0.522729336482195,0.0,0.0,0.0,49257.2550108749,1.16919320533414,,cwc,
2022-08-02,Bhakra,2.866,-0.5083789856453045,0.0,0.0,0.0,44884.89185166751,3.537450948413749,,cwc,
2022-08-03,Bhakra,2.926,-0.4976348415017132,0.0,0.0,0.0,51983.369647794396,9.203743082701534,,cwc,
2022-08-04,Bhakra,2.969,-0.4923140209254625,0.0,0.0,0.0,53041.29237412799,8.035235140347993,,cwc,
2022-08-05,Bhakra,3.02532,-0.4870934409100618,0.0,0.0,0.0,53135.45427126143,6.760689010853238,,cwc,
2022-08-06,Bhakra,3.09668,-0.47161688193816786,0.0,0.0,0.0,55546.999625950324,8.301244432106742,,cwc,
2022-08-07,Bhakra,3.16912,-0.4594422190020491,0.0,0.0,0.0,47715.49067908951,1.5448173903339717,,cwc,
2022-08-08,Bhakra,3.24702,-0.44888674165670645,0.0,0.0,0.0,47954.63297196738,5.1709118014187885,,cwc,
2022-08-09,Bhakra,3.33387,-0.4367871324577733,0.0,0.0,0.0,43312.99801290465,0.7822715582932146,,cwc,
2022-08-10,Bhakra,3.41021,-0.419154652207586,0.0,0.0,0.0,63371.59264904031,21.33896981869218,,cwc,
2022-08-11,Bhakra,3.48304,-0.41041130117175006,0.0,0.0,0.0,56935.052177714795,2.69278047421878,,cwc,
2022-08-12,Bhakra,3.626222857142857,-0.38973088900476843,0.0,0.0,0.0,42749.39362234189,0.0,,interp,
2022-08-13,Bhakra,3.769405714285714,-0.3657864928557642,0.0,0.0,0.0,43261.73300379174,1.0610032895158856,,interp,
2022-08-14,Bhakra,3.912588571428571,-0.34468057204204766,0.0,0.0,0.0,57002.63025800408,16.359620952246868,,interp,
2022-08-15,Bhakra,4.055771428571428,-0.3210113567381203,0.0,0.0,0.0,55864.09244893593,4.796873845071478,,interp,
2022-08-16,Bhakra,4.198954285714286,-0.29938778996319565,0.0,0.0,0.0,51063.75595681424,6.066527513133394,,interp,
2022-08-17,Bhakra,4.342137142857142,-0.2788139740804351,0.0,0.0,0.0,45188.22551541241,0.6030015808258465,,interp,
2022-08-18,Bhakra,4.48532,-0.25748936989761856,0.0,0.0,0.0,38473.78504300669,0.6556902560844362,,cwc,
2022-08-19,Bhakra,4.55498,-0.24502164279355992,0.0,0.0,0.0,58740.849620591594,16.92609048273936,,cwc,
2022-08-20,Bhakra,4.63101,-0.23883030926656126,0.0,0.0,0.0,52394.07505368428,3.706288576075048,,cwc,
2022-08-21,Bhakra,4.7088,-0.2316005754336785,0.0,0.0,0.0,44921.06478323349,1.429445395126563,,cwc,
2022-08-22,Bhakra,4.76926,-0.22463769084893298,0.0,0.0,0.0,40957.04708034336,0.1570148503606361,,cwc,
2022-08-23,Bhakra,4.81558,-0.21895950899449482,0.0,0.0,0.0,41744.263302196014,4.586629574463159,,cwc,
2022-08-24,Bhakra,4.86049,-0.2123682189122776,0.0,0.0,0.0,43427.94275839134,3.494225854810997,,cwc,
2022-08-25,Bhakra,4.64732,-0.2478303261980011,0.0,0.0,0.0,39005.570449946,1.033270115531875,,cwc,
2022-08-26,Bhakra,4.67872,-0.24332119725818102,0.0,0.0,0.0,37936.53003109409,0.63199811122622,,cwc,
2022-08-27,Bhakra,4.71218,-0.23811376770313697,0.0,0.0,0.0,36481.15617698352,0.400870768976527,,cwc,
2022-08-28,Bhakra,4.755,-0.22934313043530757,0.0,0.0,0.0,40169.46865304675,4.845846146440916,,cwc,
2022-08-29,Bhakra,4.7964,-0.22244893530233625,0.0,0.0,0.0,40271.09509970257,2.628430116250516,,cwc,
2022-08-30,Bhakra,4.83255,-0.21604669236754814,0.0,0.0,0.0,37651.58167167663,0.920016839722287,,cwc,
2022-08-31,Bhakra,4.86348,-0.21021296544047074,0.0,0.0,0.0,37518.42673422618,1.360987831625502,,cwc,
2022-09-01,Bhakra,4.89487,-0.20516239655713192,0.0,0.0,0.0,41309.25133341573,5.6379379235297575,,cwc,
2022-09-02,Bhakra,4.921038571428571,-0.20258829218991864,0.0,0.0,0.0,40800.5309090588,2.579536965412373,,interp,
2022-09-03,Bhakra,4.947207142857143,-0.20060528528342766,0.0,0.0,0.0,41795.499791632305,4.493882721202708,,interp,
2022-09-04,Bhakra,4.973375714285714,-0.1991684427312214,0.0,0.0,0.0,39862.13471942736,1.1426353721125049,,interp,
2022-09-05,Bhakra,4.999544285714286,-0.19584012836179196,0.0,0.0,0.0,37547.03552762513,0.6943394689538788,,interp,
2022-09-06,Bhakra,5.0257128571428575,-0.19040241519532586,0.0,0.0,0.0,37166.940934033984,0.52254181148004,,interp,
2022-09-07,Bhakra,5.051881428571429,-0.18498095269588652,0.0,0.0,0.0,35153.28186613589,0.1243076078503171,,interp,
2022-09-08,Bhakra,5.07805,-0.179750757797785,0.0,0.0,0.0,34757.712136881564,0.2459034058049714,,cwc,
2022-09-09,Bhakra,5.08661,-0.17744491513877184,0.0,0.0,0.0,37640.04873835589,3.221705143585432,,cwc,
2022-09-10,Bhakra,5.0947,-0.17376037483465703,0.0,0.0,0.0,40695.49497305708,4.732086451372581,,cwc,
2022-09-11,Bhakra,5.0947,-0.17226031611708803,0.0,0.0,0.0,40274.026057265386,2.7499573532586115,,cwc,
2022-09-12,Bhakra,5.1085,-0.1677831746794301,0.0,0.0,0.0,37773.39821748496,0.4295280590543862,,cwc,
2022-09-13,Bhakra,5.11659,-0.16336753289056236,0.0,0.0,0.0,37129.63722766843,1.0730428817904,,cwc,
2022-09-14,Bhakra,5.11421,-0.16129132997746826,0.0,0.0,0.0,43714.253796674784,7.961738015586328,,cwc,
2022-09-15,Bhakra,5.10469,-0.1631612839801291,0.0,0.0,0.0,44514.65590954934,4.6873115519375785,,cwc,
2022-09-16,Bhakra,5.09755,-0.16554543962722787,0.0,0.0,0.0,46032.32526073858,5.70784584542005,,cwc,
2022-09-17,Bhakra,5.09993,-0.16555509217478215,0.0,0.0,0.0,45708.99323239461,3.596857378270147,,cwc,
2022-09-18,Bhakra,5.0985,-0.16389437311866392,0.0,0.0,0.0,43388.45395357052,1.1189175537759797,,cwc,
2022-09-19,Bhakra,5.09708,-0.1627197268446259,0.0,0.0,0.0,42844.489735456315,3.884121944814804,,cwc,
2022-09-20,Bhakra,5.09089,-0.15706348057414005,0.0,0.0,0.0,41362.94226645031,2.92951400853202,,cwc,
2022-09-21,Bhakra,5.079,-0.14826284314846744,0.0,0.0,0.0,45034.961527926534,6.697040796885456,,cwc,
2022-09-22,Bhakra,5.06853,-0.14704929805296504,0.0,0.0,0.0,50521.687049261534,9.14289849062007,,cwc,
2022-09-23,Bhakra,5.06948,-0.14990849627125427,0.0,0.0,0.0,46959.51541409967,3.361828246326253,,cwc,
2022-09-24,Bhakra,5.07948,-0.1516869340774067,0.0,0.0,0.0,59775.40286185427,14.98629575410778,,cwc,
2022-09-25,Bhakra,5.11088,-0.15645429935755345,0.0,0.0,0.0,68629.28629816552,13.441061460029635,,cwc,
2022-09-26,Bhakra,5.15607,-0.16263286000959346,0.0,0.0,0.0,52404.10752984978,0.4522818004939956,,cwc,
2022-09-27,Bhakra,5.1221,-0.17464508047811456,0.0,0.0,0.0,42853.8487371134,0.0752522864224918,,cwc,
2022-09-28,Bhakra,5.25408,-0.1565714197081079,0.0,0.0,0.0,38344.25350940536,0.5707058955351622,,cwc,
2022-09-29,Bhakra,5.27596,-0.15444251272375606,0.0,0.0,0.0,34803.38904393265,0.0265241501345699,,cwc,
2022-09-30,Bhakra,5.3007,-0.15042275755236867,0.0,0.0,0.0,34427.90859953103,0.100128452326371,,cwc,
2023-06-01,Bhakra,1.42157,-0.7587053513776297,0.0,0.0,0.0,53856.205666431415,4.49635782162797,,cwc,
2023-06-02,Bhakra,1.44291,-0.7613956116920856,0.0,0.0,0.0,43240.70888448711,0.3004148535771888,,cwc,
2023-06-03,Bhakra,1.4712,-0.7594445704843893,0.0,0.0,0.0,39742.700681470036,0.4080546447336192,,cwc,
2023-06-04,Bhakra,1.4879,-0.7580060523813382,0.0,0.0,0.0,36584.24611237988,0.4819924856646511,,cwc,
2023-06-05,Bhakra,1.49672,-0.7566877028256547,0.0,0.0,0.0,38223.782760004666,2.774720871379218,,cwc,
2023-06-06,Bhakra,1.50692,-0.7553661556258935,0.0,0.0,0.0,38284.386693558095,0.6976495530232051,,cwc,
2023-06-07,Bhakra,1.51156,-0.7545577843068064,0.0,0.0,0.0,36644.973736794986,0.0272274421655314,,cwc,
2023-06-08,Bhakra,1.52316,-0.7516569252843713,0.0,0.0,0.0,36579.31144945734,0.5352250716046028,,cwc,
2023-06-09,Bhakra,1.5433385714285714,-0.7462366120248073,0.0,0.0,0.0,36335.735242256465,0.0581518695331668,,interp,
2023-06-10,Bhakra,1.5635171428571428,-0.7402251725141188,0.0,0.0,0.0,37419.35941151321,0.5794006535659336,,interp,
2023-06-11,Bhakra,1.5836957142857142,-0.7350650064309449,0.0,0.0,0.0,38445.977839726555,0.1008272890490967,,interp,
2023-06-12,Bhakra,1.6038742857142858,-0.7304304999096461,0.0,0.0,0.0,39289.26193893905,0.2915879558659804,,interp,
2023-06-13,Bhakra,1.6240528571428572,-0.7261990159272378,0.0,0.0,0.0,42131.79066472942,1.987901309970837,,interp,
2023-06-14,Bhakra,1.6442314285714286,-0.7224765871722183,0.0,0.0,0.0,43393.22640165331,2.9936059002621054,,interp,
2023-06-15,Bhakra,1.66441,-0.7189928325936824,0.0,0.0,0.0,42309.501931446976,0.8088959178255659,,cwc,
2023-06-16,Bhakra,1.69293,-0.714284620206768,0.0,0.0,0.0,41997.78710570555,0.8525136534250887,,cwc,
2023-06-17,Bhakra,1.71636,-0.7093649968285293,0.0,0.0,0.0,41814.97274688608,2.4786416014236408,,cwc,
2023-06-18,Bhakra,1.72447,-0.7064603892563519,0.0,0.0,0.0,43361.442980971035,3.083358484665795,,cwc,
2023-06-19,Bhakra,1.73097,-0.7011857921911115,0.0,0.0,0.0,44015.212444102806,1.8976003967391524,,cwc,
2023-06-20,Bhakra,1.74414,-0.6929577827164961,0.0,0.0,0.0,42639.53668535415,1.2292724802937938,,cwc,
2023-06-21,Bhakra,1.72718,-0.6909489163057327,0.0,0.0,0.0,44946.53480988905,3.1063645830919624,,cwc,
2023-06-22,Bhakra,1.77619,-0.6809277164650382,0.0,0.0,0.0,45895.28842945524,2.653848547683663,,cwc,
2023-06-23,Bhakra,1.8195412499999999,-0.6735366395095025,0.0,0.0,0.0,54133.83264510018,9.174701111527993,,interp,
2023-06-24,Bhakra,1.8628925,-0.6700896079399427,0.0,0.0,0.0,59580.75305725321,7.705263377040645,,interp,
2023-06-25,Bhakra,1.90624375,-0.6681136271644715,0.0,0.0,0.0,54686.26417196997,3.4457139899035925,,interp,
2023-06-26,Bhakra,1.949595,-0.6635682059884264,0.0,0.0,0.0,50428.50483615179,3.06240159783276,,interp,
2023-06-27,Bhakra,1.9929462500000001,-0.6577353730827914,0.0,0.0,0.0,46993.87226878243,3.332090596360449,,interp,
2023-06-28,Bhakra,2.0362975000000003,-0.652192763022104,0.0,0.0,0.0,45190.84684888396,3.076835509493012,,interp,
2023-06-29,Bhakra,2.07964875,-0.6452358042093669,0.0,0.0,0.0,46892.46071898169,5.167465203917916,,interp,
2023-06-30,Bhakra,2.123,-0.6383118857070093,0.0,0.0,0.0,48539.78669173292,4.530784355946183,,cwc,
2023-07-01,Bhakra,2.23148,-0.62042704622857,0.0,0.0,0.0,47559.787439066095,4.3214650121103935,,cwc,
2023-07-02,Bhakra,2.26975,-0.6132527311167474,0.0,0.0,0.0,43386.24529481114,0.6392129096583019,,cwc,
2023-07-03,Bhakra,2.29277,-0.6076576532574173,0.0,0.0,0.0,45184.162585449376,4.626305864044122,,cwc,
2023-07-04,Bhakra,2.32701,-0.5831512285689027,0.0,0.0,0.0,46801.655573308424,3.933513488544024,,cwc,
2023-07-05,Bhakra,2.36528,-0.5377605456779275,0.0,0.0,0.0,49735.198424070084,6.712114016557408,,cwc,
2023-07-06,Bhakra,2.40896,-0.480836827517394,0.0,0.0,0.0,50183.37649734042,5.457475318662904,,cwc,
2023-07-07,Bhakra,2.5629657142857143,-0.4203570882997564,0.0,0.0,0.0,48222.286432920955,5.0143410469585925,,interp,
2023-07-08,Bhakra,2.7169714285714286,-0.3678394046044116,0.0,0.0,0.0,93582.63513627191,40.94283484799407,,interp,
2023-07-09,Bhakra,2.870977142857143,-0.3436479693678896,0.0,0.0,0.0,146724.40848917916,37.17634636383952,,interp,
2023-07-10,Bhakra,3.024982857142857,-0.3490944551048733,0.0,0.0,0.0,176809.89308763682,33.22943238483813,,interp,
2023-07-11,Bhakra,3.1789885714285715,-0.3623732027670245,0.0,0.0,0.0,141217.79466855226,7.830702079836048,,interp,
2023-07-12,Bhakra,3.332994285714286,-0.36869681020102996,0.0,0.0,0.0,118985.25051451994,13.825563716946643,,interp,
2023-07-13,Bhakra,3.487,-0.3666701112340268,0.0,0.0,0.0,92226.75458582102,4.875585773110975,,cwc,
2023-07-14,Bhakra,3.60767,-0.3587875688588985,0.0,0.0,0.0,69910.15507963228,8.268212307284307,,cwc,
2023-07-15,Bhakra,3.68869,-0.34950069527260946,0.0,0.0,0.0,80054.64107674714,15.229798450241953,,cwc,
2023-07-16,Bhakra,3.78177,-0.34430162458193164,0.0,0.0,0.0,62170.38272822198,5.632781129335874,,cwc,
2023-07-17,Bhakra,3.88875,-0.322790650629489,0.0,0.0,0.0,61197.78236236114,8.162442418057763,,cwc,
2023-07-18,Bhakra,4.01272,-0.3009588894531816,0.0,0.0,0.0,62973.76721106522,9.55820704578426,,cwc,
2023-07-19,Bhakra,4.08774,-0.2905465733000263,0.0,0.0,0.0,60438.93132234268,7.496959130695271,,cwc,
2023-07-20,Bhakra,4.185,-0.27481732586633684,0.0,0.0,0.0,55246.501071345,4.296078742948828,,cwc,
2023-07-21,Bhakra,4.27048,-0.2588404366350347,0.0,0.0,0.0,73211.06234218663,20.412386463058,,cwc,
2023-07-22,Bhakra,4.33198,-0.25432430802457373,0.0,0.0,0.0,66110.78837563848,4.873350464813579,,cwc,
2023-07-23,Bhakra,4.43448,-0.24054129033916763,0.0,0.0,0.0,58820.33622444245,7.097767877085468,,cwc,
2023-07-24,Bhakra,4.47722,-0.22967680173234523,0.0,0.0,0.0,60732.19112613562,7.474583828887097,,cwc,
2023-07-25,Bhakra,4.51798,-0.2248433617310439,0.0,0.0,0.0,60985.1519980759,10.023854741683795,,cwc,
2023-07-26,Bhakra,4.5518,-0.22451532664528015,0.0,0.0,0.0,59571.984265832645,6.5206120452869225,,cwc,
2023-07-27,Bhakra,4.59323,-0.22422555374008393,0.0,0.0,0.0,59307.16325648371,9.950576976772435,,cwc,
2023-07-28,Bhakra,4.61634,-0.22746199617923188,0.0,0.0,0.0,69012.09162609447,13.885306783019413,,cwc,
2023-07-29,Bhakra,4.68177,-0.22615739933373788,0.0,0.0,0.0,56378.14522255641,2.482594710139669,,cwc,
2023-07-30,Bhakra,4.73645,-0.2215608966727018,0.0,0.0,0.0,47996.92872060916,2.609007987675934,,cwc,
2023-07-31,Bhakra,4.78641,-0.214668636570907,0.0,0.0,0.0,43375.87511824262,1.3727673197426142,,cwc,
2023-08-01,Bhakra,4.82589,-0.20545767217175803,0.0,0.0,0.0,41621.30024188129,2.6579006277880644,,cwc,
2023-08-02,Bhakra,4.84587,-0.19755851432493912,0.0,0.0,0.0,45590.10232612212,5.510128501298947,,cwc,
2023-08-03,Bhakra,4.87252,-0.19168399851140136,0.0,0.0,0.0,45731.269849426295,4.286682863182757,,cwc,
2023-08-04,Bhakra,4.91819,-0.18331265231186375,0.0,0.0,0.0,45124.29646582044,3.4067075941622096,,cwc,
2023-08-05,Bhakra,4.94102,-0.17938401886436117,0.0,0.0,0.0,50690.21996847894,8.450079926972778,,cwc,
2023-08-06,Bhakra,4.9591,-0.17506964682122497,0.0,0.0,0.0,53566.09969064729,7.504571218184376,,cwc,
2023-08-07,Bhakra,4.98147,-0.1696418428799914,0.0,0.0,0.0,49653.888143247364,3.564322947980075,,cwc,
2023-08-08,Bhakra,5.00953,-0.1603015608373444,0.0,0.0,0.0,48377.87338010406,4.518650772910321,,cwc,
2023-08-09,Bhakra,5.02429,-0.1413728416160195,0.0,0.0,0.0,45795.216988785745,2.993658250399764,,cwc,
2023-08-10,Bhakra,5.04283,-0.12140805162330638,0.0,0.0,0.0,54284.72309865813,10.695645231988117,,cwc,
2023-08-11,Bhakra,5.07995,-0.11298692980445187,0.0,0.0,0.0,58241.93762696501,8.95144053039322,,cwc,
2023-08-12,Bhakra,5.15465,-0.10418173734794166,0.0,0.0,0.0,61965.22547286646,11.26847910919163,,cwc,
2023-08-13,Bhakra,5.23933,-0.09669139065903437,0.0,0.0,0.0,90537.61466309623,27.59071677662284,,cwc,
2023-08-14,Bhakra,5.39348,-0.09028397072575893,0.0,0.0,0.0,89047.78568920268,10.596819778045786,,cwc,
2023-08-15,Bhakra,5.5619,-0.0825799792619203,0.0,0.0,0.0,60552.73629675667,0.0415011015211661,,cwc,
2023-08-16,Bhakra,5.54525,-0.09399887782280347,0.0,0.0,0.0,50127.55251242534,1.220041932408949,,cwc,
2023-08-17,Bhakra,5.48578,-0.10780815355707185,0.0,0.0,0.0,46424.062011156464,4.06093433929468,,cwc,
2023-08-18,Bhakra,5.42535,-0.11262618954119655,0.0,0.0,0.0,43844.52094544343,2.906643325835854,,cwc,
2023-08-19,Bhakra,5.29729,-0.12508837604444142,0.0,0.0,0.0,39823.130684840646,1.144283202370192,,cwc,
2023-08-20,Bhakra,5.36494,-0.10743951960347141,0.0,0.0,0.0,38285.56403025648,0.7928349972829509,,cwc,
2023-08-21,Bhakra,5.3302,-0.10706626872335222,0.0,0.0,0.0,39276.475954802554,2.085539392768289,,cwc,
2023-08-22,Bhakra,5.29261,-0.11154404198202783,0.0,0.0,0.0,58857.13562305851,20.54004205026171,,cwc,
2023-08-23,Bhakra,5.31879,-0.11518615856432098,0.0,0.0,0.0,64458.24790067398,10.070053923661282,,cwc,
2023-08-24,Bhakra,5.37393,-0.11706794504045963,0.0,0.0,0.0,57106.360237156645,5.606126430690944,,cwc,
2023-08-25,Bhakra,5.36493,-0.12715017088625644,0.0,0.0,0.0,53435.302528909095,4.166679020342048,,cwc,
2023-08-26,Bhakra,5.3806,-0.13199878139974042,0.0,0.0,0.0,43240.36351566434,0.7292284240943351,,cwc,
2023-08-27,Bhakra,5.36399,-0.13783320161154328,0.0,0.0,0.0,38883.60802036074,1.0886519819583722,,cwc,
2023-08-28,Bhakra,5.35019,-0.14113031774461715,0.0,0.0,0.0,37129.58107020855,1.081304825891858,,cwc,
2023-08-29,Bhakra,5.3321,-0.1443002680700349,0.0,0.0,0.0,35115.54744931763,0.1190995115515014,,cwc,
2023-08-30,Bhakra,5.31355,-0.14668295127628908,0.0,0.0,0.0,34685.8324902873,0.086034904218411,,cwc,
2023-08-31,Bhakra,5.30594,-0.1462947066113657,0.0,0.0,0.0,35174.96633828289,0.6269999238366673,,cwc,
2023-09-01,Bhakra,5.30546,-0.14506598705537097,0.0,0.0,0.0,36129.66224289444,0.9725406047546707,,cwc,
2023-09-02,Bhakra,5.31022,-0.14408256577953307,0.0,0.0,0.0,36452.87170799838,0.1566579897954483,,cwc,
2023-09-03,Bhakra,5.30308,-0.1449567730185383,0.0,0.0,0.0,36631.244078832635,0.6358853472367344,,cwc,
2023-09-04,Bhakra,5.30546,-0.1442677273947793,0.0,0.0,0.0,38784.77643504041,3.841142312236919,,cwc,
2023-09-05,Bhakra,5.3107,-0.14277398079008646,0.0,0.0,0.0,38499.48829268929,2.1544761571884234,,cwc,
2023-09-06,Bhakra,5.31641,-0.14005888429803365,0.0,0.0,0.0,36687.88376590397,0.7776763137981092,,cwc,
2023-09-07,Bhakra,5.32069,-0.13790949559971083,0.0,0.0,0.0,37145.49822890023,1.2756912196595716,,cwc,
2023-09-08,Bhakra,5.32117,-0.13746759342187495,0.0,0.0,0.0,37412.77121944072,1.8354809978713351,,cwc,
2023-09-09,Bhakra,5.33401,-0.13494424706608832,0.0,0.0,0.0,40446.09754487775,4.415477175722458,,cwc,
2023-09-10,Bhakra,5.33163,-0.13484043208777732,0.0,0.0,0.0,43078.27028426827,5.2550011411928965,,cwc,
2023-09-11,Bhakra,5.34115,-0.13367477920426205,0.0,0.0,0.0,40410.85983276808,0.1557084197729795,,cwc,
2023-09-12,Bhakra,5.34543,-0.1327436035842132,0.0,0.0,0.0,38074.39195134168,0.2629742725444842,,cwc,
2023-09-13,Bhakra,5.35209,-0.12837351977620068,0.0,0.0,0.0,38589.07842786979,1.171345316238674,,cwc,
2023-09-14,Bhakra,5.3597,-0.12492713180860679,0.0,0.0,0.0,41683.19954461206,5.1398882925797205,,cwc,
2023-09-15,Bhakra,5.36113,-0.12497167519213549,0.0,0.0,0.0,42154.87832414936,2.9386717766013755,,cwc,
2023-09-16,Bhakra,5.36208,-0.12534578554681367,0.0,0.0,0.0,41032.25611053665,2.8616963657033705,,cwc,
2023-09-17,Bhakra,5.36208,-0.12627488786840482,0.0,0.0,0.0,46478.48643251121,8.160825549452918,,cwc,
2023-09-18,Bhakra,5.36256,-0.12957284580865192,0.0,0.0,0.0,44253.13841381767,2.9152526234648377,,cwc,
2023-09-19,Bhakra,5.38111,-0.1296170641434055,0.0,0.0,0.0,40985.30131739127,1.5969573064981124,,cwc,
2023-09-20,Bhakra,5.3892,-0.13060084898293065,0.0,0.0,0.0,40814.092667537196,2.6628650553862907,,cwc,
2023-09-21,Bhakra,5.39729,-0.1316757552205753,0.0,0.0,0.0,38666.75451312196,1.6424566782614365,,cwc,
2023-09-22,Bhakra,5.403,-0.13246741189566372,0.0,0.0,0.0,37885.667768870175,1.6712995549386631,,cwc,
2023-09-23,Bhakra,5.40157,-0.13417428704976517,0.0,0.0,0.0,36558.531949925746,0.8250730520267014,,cwc,
2023-09-24,Bhakra,5.39676,-0.1359099125441992,0.0,0.0,0.0,35173.91495277658,0.1176264939539279,,cwc,
2023-09-25,Bhakra,5.39676,-0.1362931268399802,0.0,0.0,0.0,34770.710528289936,0.1214013486697059,,cwc,
2023-09-26,Bhakra,5.38729,-0.13799404266205606,0.0,0.0,0.0,34317.316193718434,0.0,,cwc,
2023-09-27,Bhakra,5.37206,-0.14039835651717456,0.0,0.0,0.0,34124.441040498525,0.0050836137751353,,cwc,
2023-09-28,Bhakra,5.36136,-0.14117185221949796,0.0,0.0,0.0,34105.62947742813,0.0,,interp,
2023-09-29,Bhakra,5.35066,-0.14230617704400633,0.0,0.0,0.0,34198.24843278585,0.1295102934933728,,cwc,
2023-09-30,Bhakra,5.33401,-0.1447438018025941,0.0,0.0,0.0,34310.882235737234,0.1533101793497211,,cwc,
2024-06-01,Bhakra,1.79382,-0.7080642487062369,0.0,0.0,0.0,35991.95457491002,0.1155859756079633,,cwc,
2024-06-02,Bhakra,1.80534,-0.7053730248196579,0.0,0.0,0.0,36146.23754716251,0.1146160131090015,,cwc,
2024-06-03,Bhakra,1.81109,-0.7043939885081166,0.0,0.0,0.0,37708.10290335957,1.9087470206068733,,cwc,
2024-06-04,Bhakra,1.81742,-0.7041053866185273,0.0,0.0,0.0,38505.60792869927,1.3430369861065428,,cwc,
2024-06-05,Bhakra,1.82807,-0.703692326167002,0.0,0.0,0.0,40076.93167498713,3.1793957536721096,,cwc,
2024-06-06,Bhakra,1.85915,-0.7005902770783861,0.0,0.0,0.0,38135.20888767386,0.0954298550325342,,cwc,
2024-06-07,Bhakra,1.88015,-0.6982954947680616,0.0,0.0,0.0,36288.64769477672,0.0,,cwc,
2024-06-08,Bhakra,1.89569,-0.6962346701650035,0.0,0.0,0.0,35855.595696707365,0.0781502401956619,,cwc,
2024-06-09,Bhakra,1.91151,-0.6939897122365726,0.0,0.0,0.0,35204.239833958396,0.0129898782051045,,cwc,
2024-06-10,Bhakra,1.91813,-0.6929232073149107,0.0,0.0,0.0,35271.301925109576,0.0729283393216087,,cwc,
2024-06-11,Bhakra,1.92101,-0.692377018735412,0.0,0.0,0.0,35394.31621375345,0.1037154816786307,,cwc,
2024-06-12,Bhakra,1.91669,-0.6929122660136572,0.0,0.0,0.0,35183.78765786908,0.0,,cwc,
2024-06-13,Bhakra,1.91612,-0.6921627268301523,0.0,0.0,0.0,35105.09483147001,0.0223360290517784,,cwc,
2024-06-14,Bhakra,1.90605,-0.6919690138412165,0.0,0.0,0.0,35213.74665547233,0.0186673284476349,,cwc,
2024-06-15,Bhakra,1.90403,-0.6894464633122857,0.0,0.0,0.0,35484.74665713363,0.050836138289494,,cwc,
2024-06-16,Bhakra,1.9164,-0.6856824178432692,0.0,0.0,0.0,35797.30589686582,0.0304852939779505,,cwc,
2024-06-17,Bhakra,1.91583,-0.685073447242936,0.0,0.0,0.0,37325.09884017964,1.264534902367168,,cwc,
2024-06-18,Bhakra,1.93022,-0.6827432262886822,0.0,0.0,0.0,39714.2466839843,2.023327334877332,,cwc,
2024-06-19,Bhakra,1.94029,-0.6811486386734996,0.0,0.0,0.0,42461.823371097315,4.604627742350324,,cwc,
2024-06-20,Bhakra,1.95122,-0.6806397618513503,0.0,0.0,0.0,40011.988518377126,0.1037550121545844,,cwc,
2024-06-21,Bhakra,1.95813,-0.6797518466248841,0.0,0.0,0.0,37580.72839424774,0.3194494424130591,,cwc,
2024-06-22,Bhakra,1.96589,-0.6759363050397006,0.0,0.0,0.0,37376.16872202897,0.6313557206890872,,cwc,
2024-06-23,Bhakra,1.9541,-0.6742847247720105,0.0,0.0,0.0,39658.12180965623,3.659462491450653,,cwc,
2024-06-24,Bhakra,1.93568,-0.6747538151251401,0.0,0.0,0.0,39289.95880760524,1.2860141985264737,,cwc,
2024-06-25,Bhakra,1.92245,-0.6740030176061031,0.0,0.0,0.0,39448.27158887156,1.842504551760755,,cwc,
2024-06-26,Bhakra,1.91957,-0.6700008839817766,0.0,0.0,0.0,44123.34612098405,5.416854039266172,,cwc,
2024-06-27,Bhakra,1.919,-0.666930382437857,0.0,0.0,0.0,46400.0852438831,4.922429177844773,,cwc,
2024-06-28,Bhakra,1.93424,-0.6614243366649418,0.0,0.0,0.0,45992.7049450723,2.576552076507189,,cwc,
2024-06-29,Bhakra,1.9518,-0.6541458541321825,0.0,0.0,0.0,46609.05335944109,3.7688701587079554,,cwc,
2024-06-30,Bhakra,1.96273,-0.6479017123280195,0.0,0.0,0.0,50814.88987970067,6.223472729702441,,cwc,
2024-07-01,Bhakra,1.98518,-0.6387940908805052,0.0,0.0,0.0,52173.84517584086,5.433742448715601,,cwc,
2024-07-02,Bhakra,2.02805,-0.6293205586185885,0.0,0.0,0.0,54189.40495410423,6.287363738545885,,cwc,
2024-07-03,Bhakra,2.06028,-0.6239578711751772,0.0,0.0,0.0,57346.39796595414,7.675369716253281,,cwc,
2024-07-04,Bhakra,2.09193,-0.6226112720373562,0.0,0.0,0.0,58039.217185368856,7.424256224960966,,cwc,
2024-07-05,Bhakra,2.13336,-0.6226459080414247,0.0,0.0,0.0,64826.87248899983,12.049534303215149,,cwc,
2024-07-06,Bhakra,2.18026,-0.623272631745993,0.0,0.0,0.0,58771.07962006051,4.914965477622011,,cwc,
2024-07-07,Bhakra,2.21076,-0.6251633341469207,0.0,0.0,0.0,54669.33294453343,6.163027937988547,,cwc,
2024-07-08,Bhakra,2.22803,-0.6281270509397359,0.0,0.0,0.0,47838.400547752346,1.4266720816718257,,cwc,
2024-07-09,Bhakra,2.24673,-0.6276815087183799,0.0,0.0,0.0,41017.16048039143,0.2340966698200656,,cwc,
2024-07-10,Bhakra,2.26227,-0.6251209028599725,0.0,0.0,0.0,44061.57789256449,4.541095408319073,,cwc,
2024-07-11,Bhakra,2.27723,-0.6238909107852295,0.0,0.0,0.0,41490.93254579744,1.722144250052309,,cwc,
2024-07-12,Bhakra,2.29162,-0.621184541413,0.0,0.0,0.0,40064.84138593336,1.3721764765195634,,cwc,
2024-07-13,Bhakra,2.30485,-0.6168579909945278,0.0,0.0,0.0,41329.41801003861,3.412643440101064,,cwc,
2024-07-14,Bhakra,2.31867,-0.6129666970233604,0.0,0.0,0.0,41184.74733163984,2.959336941597256,,cwc,
2024-07-15,Bhakra,2.31665,-0.611569275144931,0.0,0.0,0.0,41078.477951218214,3.097944822473133,,cwc,
2024-07-16,Bhakra,2.30629,-0.6107848868322584,0.0,0.0,0.0,42499.67916885108,4.127851272463264,,cwc,
2024-07-17,Bhakra,2.30094,-0.6065554345465187,0.0,0.0,0.0,45672.71341000582,5.89571230465473,,cwc,
2024-07-18,Bhakra,2.29478,-0.6056227705324971,0.0,0.0,0.0,45587.9704039581,3.4601289409115528,,cwc,
2024-07-19,Bhakra,2.2991,-0.604524020958039,0.0,0.0,0.0,45568.23792127162,3.892429008907086,,cwc,
2024-07-20,Bhakra,2.29766,-0.6030660492648153,0.0,0.0,0.0,47310.02670816352,5.499067265543724,,cwc,
2024-07-21,Bhakra,2.31205,-0.5971963885881532,0.0,0.0,0.0,55454.62688977378,11.557352278181074,,cwc,
2024-07-22,Bhakra,2.32989,-0.5938078021531826,0.0,0.0,0.0,50565.08804569524,2.4814891406612154,,cwc,
2024-07-23,Bhakra,2.36039,-0.5880847274402528,0.0,0.0,0.0,46619.6618650665,3.309079211705757,,cwc,
2024-07-24,Bhakra,2.38205,-0.5800824583562825,0.0,0.0,0.0,49868.82275145717,5.987840217902352,,cwc,
2024-07-25,Bhakra,2.41714,-0.5728860305693235,0.0,0.0,0.0,56372.5371200197,10.860932091405449,,cwc,
2024-07-26,Bhakra,2.4335,-0.5735800852583444,0.0,0.0,0.0,56790.16909666631,7.206509941028937,,cwc,
2024-07-27,Bhakra,2.4703,-0.5673012807195663,0.0,0.0,0.0,52669.675576706795,5.44466556295475,,cwc,
2024-07-28,Bhakra,2.50199,-0.5622078995780723,0.0,0.0,0.0,58140.309234951266,9.259526450219028,,cwc,
2024-07-29,Bhakra,2.56467,-0.5533676207038185,0.0,0.0,0.0,53848.4867772346,3.8576885453153342,,cwc,
2024-07-30,Bhakra,2.60249,-0.5498412318974111,0.0,0.0,0.0,47918.57104668883,2.930860400716587,,cwc,
2024-07-31,Bhakra,2.63009,-0.5465370737633756,0.0,0.0,0.0,57734.621221291025,12.018972782158173,,cwc,
2024-08-01,Bhakra,2.66348,-0.5459778055416171,0.0,0.0,0.0,52684.664335354595,4.151381209139883,,cwc,
2024-08-02,Bhakra,2.72515,-0.5363867530905232,0.0,0.0,0.0,55028.243921404886,8.689938972529198,,cwc,
2024-08-03,Bhakra,2.73401,-0.5357714053612302,0.0,0.0,0.0,47368.35819353646,0.9341866857824828,,cwc,
2024-08-04,Bhakra,2.75888,-0.5295751937252827,0.0,0.0,0.0,45049.908766522545,3.2404696202639944,,cwc,
2024-08-05,Bhakra,2.7783,-0.5241532322845079,0.0,0.0,0.0,45510.87513624703,2.9897350212856044,,cwc,
2024-08-06,Bhakra,2.7909,-0.5176127905420823,0.0,0.0,0.0,51896.89618912138,10.780567191539395,,cwc,
2024-08-07,Bhakra,2.83077,-0.508802585584958,0.0,0.0,0.0,52973.53565646732,6.7171243549271775,,cwc,
2024-08-08,Bhakra,2.89107,-0.5004446641662562,0.0,0.0,0.0,52978.73156021603,7.838255753095673,,cwc,
2024-08-09,Bhakra,2.949,-0.49435982291247244,0.0,0.0,0.0,50916.63862928921,4.513089265703687,,cwc,
2024-08-10,Bhakra,3.00113,-0.4881294425924711,0.0,0.0,0.0,57012.83413553777,10.466509844332284,,cwc,
2024-08-11,Bhakra,3.2105658948863662,-0.46019721136255426,0.0,0.0,0.0,58031.49796147782,7.207728547130281,,cwc_level,
2024-08-12,Bhakra,3.15199,-0.4749977940394275,0.0,0.0,0.0,49606.172855063065,3.34145364800296,,cwc,
2024-08-13,Bhakra,3.20729,-0.46934510825505926,0.0,0.0,0.0,44792.79024864765,1.783241552156391,,cwc,
2024-08-14,Bhakra,3.24196,-0.463310384635323,0.0,0.0,0.0,45471.90138790405,4.164867487246464,,cwc,
2024-08-15,Bhakra,3.292005,-0.45347179243765184,0.0,0.0,0.0,42524.817765185464,2.06447918197451,,interp,
2024-08-16,Bhakra,3.34205,-0.4431593817867573,0.0,0.0,0.0,44291.094699032845,5.005360270386392,,cwc,
2024-08-17,Bhakra,3.38918,-0.43542990020756894,0.0,0.0,0.0,41394.93233738503,1.2565300649118385,,cwc,
2024-08-18,Bhakra,3.43592,-0.4260488021074681,0.0,0.0,0.0,45986.41512266808,7.772296057893601,,cwc,
2024-08-19,Bhakra,3.48265,-0.4197153614009335,0.0,0.0,0.0,50065.91068377181,7.163431683786083,,cwc,
2024-08-20,Bhakra,3.52511,-0.4151398392866337,0.0,0.0,0.0,48325.17245696705,4.983190024444322,,cwc,
2024-08-21,Bhakra,3.54964,-0.4139191781313721,0.0,0.0,0.0,44706.75354047508,2.1183886593798618,,cwc,
2024-08-22,Bhakra,3.57574,-0.40930386653363826,0.0,0.0,0.0,46175.02592035475,5.725866819203875,,cwc,
2024-08-23,Bhakra,3.600634285714286,-0.4041845760815019,0.0,0.0,0.0,43011.23708157343,2.1605278527022627,,interp,
2024-08-24,Bhakra,3.6255285714285717,-0.3991484325305495,0.0,0.0,0.0,44360.355106130584,5.114468798701551,,interp,
2024-08-25,Bhakra,3.6504228571428574,-0.39361193632788877,0.0,0.0,0.0,41406.72610256334,1.198551717421126,,interp,
2024-08-26,Bhakra,3.6753171428571427,-0.3887140598599702,0.0,0.0,0.0,45789.399832392366,7.455196769430286,,interp,
2024-08-27,Bhakra,3.7002114285714285,-0.3873839259006899,0.0,0.0,0.0,49033.62332798286,5.535301390338366,,interp,
2024-08-28,Bhakra,3.7251057142857142,-0.3840631376559187,0.0,0.0,0.0,45658.14184459133,3.7647882590812536,,interp,
2024-08-29,Bhakra,3.75,-0.37749635402052834,0.0,0.0,0.0,48281.16153679262,6.462142303880686,,cwc,
2024-08-30,Bhakra,3.7725157142857144,-0.3711516498210007,0.0,0.0,0.0,43701.601817557734,1.8681641199876904,,interp,
2024-08-31,Bhakra,3.7950314285714284,-0.3662336089861738,0.0,0.0,0.0,39000.77590776193,0.4863071615889842,,interp,
2024-09-01,Bhakra,3.817547142857143,-0.359432204376673,0.0,0.0,0.0,47313.22039774678,8.990419178928613,,interp,
2024-09-02,Bhakra,3.8400628571428572,-0.3556807734481424,0.0,0.0,0.0,52202.067937406784,9.25929653177067,,interp,
2024-09-03,Bhakra,3.8625785714285716,-0.3538560924134107,0.0,0.0,0.0,55231.876058599286,9.151352153104972,,interp,
2024-09-04,Bhakra,3.8850942857142856,-0.3555237560135882,0.0,0.0,0.0,47020.020531091206,1.0811862841638409,,interp,
2024-09-05,Bhakra,3.90761,-0.353255392740338,0.0,0.0,0.0,47114.253156801075,5.402910192974273,,cwc,
2024-09-06,Bhakra,4.1291,-0.31930640923677417,0.0,0.0,0.0,47661.441391638764,4.792372403295032,,cwc_level,
2024-09-07,Bhakra,3.96582,-0.3482545548448122,0.0,0.0,0.0,47644.769005576956,5.892834268988396,,cwc,
2024-09-08,Bhakra,3.99135,-0.3432206024457087,0.0,0.0,0.0,41783.04104874926,0.727918923259613,,cwc,
2024-09-09,Bhakra,4.01752,-0.330728323491275,0.0,0.0,0.0,43592.33996267548,5.637810016001279,,cwc,
2024-09-10,Bhakra,4.04587,-0.3214904643358036,0.0,0.0,0.0,43018.00451467978,2.7466020619466787,,cwc,
2024-09-11,Bhakra,4.06724,-0.31693374850307077,0.0,0.0,0.0,40697.42222473978,2.82950457713899,,cwc,
2024-09-12,Bhakra,4.086,-0.3136330585488943,0.0,0.0,0.0,50026.256674991346,10.466063953147088,,cwc,
2024-09-13,Bhakra,4.09908,-0.31491416426730473,0.0,0.0,0.0,62891.89489187994,16.905101709738588,,cwc,
2024-09-14,Bhakra,4.11434,-0.3174051417215303,0.0,0.0,0.0,55524.37481544914,1.7792382737449068,,cwc,
2024-09-15,Bhakra,4.13048,-0.319522299835836,0.0,0.0,0.0,45884.78005114455,1.6592362743834117,,cwc,
2024-09-16,Bhakra,4.14574,-0.32001795045041437,0.0,0.0,0.0,41433.14351805527,0.0342584716407467,,cwc,
2024-09-17,Bhakra,4.15534,-0.3190912721265998,0.0,0.0,0.0,41418.30358795346,3.640263104354122,,cwc,
2024-09-18,Bhakra,4.16188,-0.3196205048590986,0.0,0.0,0.0,50312.557777861606,10.004578535220135,,cwc,
2024-09-19,Bhakra,4.16406,-0.32447634200347747,0.0,0.0,0.0,43537.09817182855,0.0126641411876548,,cwc,
2024-09-20,Bhakra,4.17628,-0.324746321209153,0.0,0.0,0.0,38385.56029004275,0.0,,cwc,
2024-09-21,Bhakra,4.18194,-0.3221255307335271,0.0,0.0,0.0,39868.621740698756,1.2929760834084538,,cwc,
2024-09-22,Bhakra,4.18412,-0.32114599813359845,0.0,0.0,0.0,37397.74893611312,0.0143753312426649,,cwc,
2024-09-23,Bhakra,4.185,-0.32022888903094776,0.0,0.0,0.0,37058.51801140823,2.100285161413932e-06,,cwc,
2024-09-24,Bhakra,4.18674,-0.31965857428732064,0.0,0.0,0.0,37854.99262743007,0.8485986835520171,,cwc,
2024-09-25,Bhakra,4.185,-0.32090240177350116,0.0,0.0,0.0,42744.67517291528,7.125955387002496,,cwc,
2024-09-26,Bhakra,4.569895714285715,-0.2622713237729087,0.0,0.0,0.0,41471.47785200511,1.966813211063698,,cwc_level,
2025-06-01,Bhakra,1.41856,-0.7663426089278158,0.0,0.0,0.0,36850.888250068885,0.3958984293835809,,cwc,
2025-06-02,Bhakra,1.41763,-0.7665828325372888,0.0,0.0,0.0,37699.92513684653,2.319829851195609,,cwc,
2025-06-03,Bhakra,1.40487,-0.7692949615617739,0.0,0.0,0.0,41330.72176796877,5.913163774243316,,cwc,
2025-06-04,Bhakra,1.38098,-0.7747658071623184,0.0,0.0,0.0,39990.64042590105,1.8529942342320305,,cwc,
2025-06-05,Bhakra,1.35941,-0.7788865968652324,0.0,0.0,0.0,37561.24360001855,0.5699473615877574,,cwc,
2025-06-06,Bhakra,1.3422085714285714,-0.7801735491828752,0.0,0.0,0.0,36619.400256805326,0.0152638664090725,,interp,
2025-06-07,Bhakra,1.3250071428571428,-0.7804081937814239,0.0,0.0,0.0,36010.27704850588,0.0,,interp,
2025-06-08,Bhakra,1.3078057142857142,-0.7807725076284224,0.0,0.0,0.0,37166.57598292343,0.0137033887953966,,interp,
2025-06-09,Bhakra,1.2906042857142859,-0.7813961546327352,0.0,0.0,0.0,38315.48305464914,0.3505437436119148,,interp,
2025-06-10,Bhakra,1.2734028571428573,-0.7825368978657545,0.0,0.0,0.0,41315.47166852925,2.3019890250770327,,interp,
2025-06-11,Bhakra,1.2562014285714287,-0.7852786982781695,0.0,0.0,0.0,43052.811804511024,2.980852779738888,,interp,
2025-06-12,Bhakra,1.239,-0.7867810060543949,0.0,0.0,0.0,42113.54970061839,1.3791847863188151,,cwc,
2025-06-13,Bhakra,1.26575,-0.780224855826793,0.0,0.0,0.0,42609.58443847357,2.529425357006008,,cwc,
2025-06-14,Bhakra,1.27475,-0.7782053082025626,0.0,0.0,0.0,42441.96056780799,1.7720852647444632,,cwc,
2025-06-15,Bhakra,1.28695,-0.7765589709898301,0.0,0.0,0.0,41365.64539102807,1.8029334749654349,,cwc,
2025-06-16,Bhakra,1.30351,-0.7735737664938532,0.0,0.0,0.0,46258.74323286645,6.985719692412303,,cwc,
2025-06-17,Bhakra,1.30778,-0.774270663088374,0.0,0.0,0.0,47871.908478202386,5.521796312154297,,cwc,
2025-06-18,Bhakra,1.32684,-0.7712603693871026,0.0,0.0,0.0,44072.756976858174,1.2270317397987385,,cwc,
2025-06-19,Bhakra,1.34967,-0.7661807838803649,0.0,0.0,0.0,41646.98593257634,1.596261160287172,,cwc,
2025-06-20,Bhakra,1.34295,-0.7659594950450147,0.0,0.0,0.0,42197.35435220921,2.2195699555502384,,cwc,
2025-06-21,Bhakra,1.33854,-0.7633849982861453,0.0,0.0,0.0,42739.14258005353,1.6593826619932663,,cwc,
2025-06-22,Bhakra,1.35014,-0.7564566301820178,0.0,0.0,0.0,47745.65832609002,5.885420404693105,,cwc,
2025-06-23,Bhakra,1.37658,-0.7468218920700275,0.0,0.0,0.0,47674.01022141856,3.216596834299996,,cwc,
2025-06-24,Bhakra,1.41021,-0.732338285052188,0.0,0.0,0.0,44957.08529579837,2.990803042146589,,cwc,
2025-06-25,Bhakra,1.44824,-0.7136520527959452,0.0,0.0,0.0,50554.56218427354,7.6767096229365315,,cwc,
2025-06-26,Bhakra,1.48489,-0.6948194447983717,0.0,0.0,0.0,55637.499623645956,8.244891308966517,,cwc,
2025-06-27,Bhakra,1.50785,-0.6870444174655869,0.0,0.0,0.0,61468.83305522209,12.702605792473085,,cwc,
2025-06-28,Bhakra,1.54217,-0.6792913628930586,0.0,0.0,0.0,70803.64062137759,14.7763000659711,,cwc,
2025-06-29,Bhakra,1.583,-0.6749082586944645,0.0,0.0,0.0,76988.19950631735,14.27196357270817,,cwc,
2025-06-30,Bhakra,1.64579,-0.6759251437181105,0.0,0.0,0.0,83522.40385326796,14.31145414917282,,cwc,
2025-07-01,Bhakra,1.7029,-0.6819502424562801,0.0,0.0,0.0,66048.23282264953,2.9062419848650847,,cwc,
2025-07-02,Bhakra,1.76529,-0.6790385838325477,0.0,0.0,0.0,67180.39874045213,10.918308159859034,,cwc,
2025-07-03,Bhakra,1.82231,-0.6773133582238955,0.0,0.0,0.0,65274.424909412664,7.267726814487177,,cwc,
2025-07-04,Bhakra,1.87152,-0.6761035764090966,0.0,0.0,0.0,48734.758921557004,1.194314560558403,,cwc,
2025-07-05,Bhakra,1.91632,-0.6680399640341403,0.0,0.0,0.0,44839.625300918015,1.5592991842875046,,cwc,
2025-07-06,Bhakra,1.96014,-0.6591725351129053,0.0,0.0,0.0,47960.38815613848,6.556127491379948,,cwc,
2025-07-07,Bhakra,2.00992,-0.650488648683692,0.0,0.0,0.0,48266.79120117436,4.935695404664675,,cwc,
2025-07-08,Bhakra,2.03283,-0.6482498398268639,0.0,0.0,0.0,48240.71051974733,5.925305637793021,,cwc,
2025-07-09,Bhakra,2.06229,-0.6450027158972791,0.0,0.0,0.0,50953.46886226507,7.798475104795117,,cwc,
2025-07-10,Bhakra,2.09423,-0.6425990909120813,0.0,0.0,0.0,49505.41817665449,5.051993899620755,,cwc,
2025-08-01,Bhakra,3.301,-0.4194612671597047,0.0,0.0,0.0,55171.467944528886,8.250327162856609,,press,
2025-08-02,Bhakra,3.4100395000000003,-0.39661347678550835,0.0,0.0,0.0,53922.66562618106,5.990068750646565,,interp,
2025-08-03,Bhakra,3.519079,-0.3811461666293148,0.0,0.0,0.0,57770.053704419355,10.136044468666771,,interp,
2025-08-04,Bhakra,3.6281185000000002,-0.3651527614268043,0.0,0.0,0.0,60468.587938232035,9.9202267290016,,interp,
2025-08-05,Bhakra,3.737158,-0.35335385201361463,0.0,0.0,0.0,79844.88472054836,21.87835454191869,,interp,
2025-08-06,Bhakra,3.8461975,-0.3487302901255114,0.0,0.0,0.0,68773.90352082519,4.759692768592236,,press,
2025-08-07,Bhakra,3.933643846153846,-0.34182026624258294,0.0,0.0,0.0,48734.342273499555,0.4046933721676231,,interp,
2025-08-08,Bhakra,4.0210901923076925,-0.32943273680980184,0.0,0.0,0.0,53921.172352402864,6.992533084471422,,interp,
2025-08-09,Bhakra,4.108536538461538,-0.31424812919840167,0.0,0.0,0.0,45940.48831346924,2.6928555393628,,interp,
2025-08-10,Bhakra,4.195982884615384,-0.29286912352585204,0.0,0.0,0.0,47048.29556760398,5.536765811967097,,interp,
2025-08-11,Bhakra,4.28342923076923,-0.27164523459086304,0.0,0.0,0.0,50624.5324671205,8.526443206030446,,interp,
2025-08-12,Bhakra,4.370875576923077,-0.2513263072151741,0.0,0.0,0.0,44530.74212889601,1.2220130029736636,,interp,
2025-08-13,Bhakra,4.458321923076923,-0.23216787065626585,0.0,0.0,0.0,56838.95458502316,13.81003491311786,,interp,
2025-08-14,Bhakra,4.545768269230769,-0.22077424879323573,0.0,0.0,0.0,64629.255256984616,12.513351464345057,,interp,
2025-08-15,Bhakra,4.633214615384615,-0.21209604588902925,0.0,0.0,0.0,65342.13411415125,10.43777823777662,,interp,
2025-08-16,Bhakra,4.720660961538461,-0.2052932735527175,0.0,0.0,0.0,66614.33198117731,9.888473722847635,,interp,
2025-08-17,Bhakra,4.808107307692307,-0.20154506795548055,0.0,0.0,0.0,57565.923171891394,4.903603286030795,,interp,
2025-08-18,Bhakra,4.895553653846154,-0.19251285902412807,0.0,0.0,0.0,50104.8581868938,2.933367366994076,,interp,
2025-08-19,Bhakra,4.983,-0.17819598937701803,0.0,0.0,0.0,50981.68147807897,6.603944923785632,,press,
2025-08-20,Bhakra,5.018642857142857,-0.1681005716616766,0.0,0.0,0.0,46919.69980470918,3.775531622796104,,interp,
2025-08-21,Bhakra,5.054285714285714,-0.15262721767549686,0.0,0.0,0.0,40414.947455620546,0.8627837541441902,,interp,
2025-08-22,Bhakra,5.089928571428572,-0.13896408138363317,0.0,0.0,0.0,44819.65143824782,6.6865017545464855,,interp,
2025-08-23,Bhakra,5.125571428571428,-0.12892686732734696,0.0,0.0,0.0,50813.37294383896,9.248032480669377,,interp,
2025-08-24,Bhakra,5.161214285714285,-0.11550790053187202,0.0,0.0,0.0,62116.224147552784,15.381206756650604,,interp,
2025-08-25,Bhakra,5.196857142857143,-0.10283900683792817,0.0,0.0,0.0,71746.50923945793,15.111310618204367,,interp,
2025-08-26,Bhakra,5.2325,-0.09471877793677343,0.0,0.0,0.0,60632.92883336947,4.389469128374545,,interp,
2025-08-27,Bhakra,5.268142857142857,-0.07239701531355523,0.0,0.0,0.0,55806.00714782437,5.385321445358984,,interp,
2025-08-28,Bhakra,5.3037857142857145,-0.04536185679886841,0.0,0.0,0.0,70409.69692140148,15.810783854041452,,interp,
2025-08-29,Bhakra,5.339428571428572,-0.027239109185212634,0.0,0.0,0.0,79802.8562875027,15.94399143735138,,interp,
2025-08-30,Bhakra,5.375071428571428,-0.015993241465619742,0.0,0.0,0.0,77852.20612243918,12.41387620046262,,interp,
2025-08-31,Bhakra,5.410714285714286,-0.014651663711457348,0.0,0.0,0.0,102895.83889363294,27.62091417052844,,interp,
2025-09-01,Bhakra,5.446357142857143,-0.027635824010314093,0.0,0.0,0.0,110069.25909876594,16.62321496559865,,interp,
2025-09-02,Bhakra,5.482,-0.046729026530244924,0.0,0.0,0.0,101981.88273971339,14.584646637039135,,press,
2025-09-03,Bhakra,5.793,-0.01982713666497384,0.0,0.0,0.0,93866.45344275408,11.062779771335864,,press,
2025-09-04,Bhakra,5.848187500000001,-0.03161128165710634,0.0,0.0,0.0,66699.40548163195,3.696964017518938,,press,
2025-09-05,Bhakra,5.848187500000001,-0.04282581081031573,0.0,0.0,0.0,55269.599901573354,3.817346006301886,,press,
2025-09-06,Bhakra,5.848187500000001,-0.04954165830197388,0.0,0.0,0.0,46889.35201568695,2.704557085351915,,press,
2025-09-07,Bhakra,5.808035353535354,-0.05899776246093397,0.0,0.0,0.0,43357.84871379756,2.8288147857170487,,interp,
2025-09-08,Bhakra,5.767883207070708,-0.0660556050883363,0.0,0.0,0.0,41306.89140922235,2.2924094866561373,,interp,
2025-09-09,Bhakra,5.727731060606061,-0.07063063197972239,0.0,0.0,0.0,38147.12871975833,0.5225382611127156,,interp,
2025-09-10,Bhakra,5.687578914141414,-0.07439400745371201,0.0,0.0,0.0,38171.00096329493,1.9442302168283383,,interp,
2025-09-11,Bhakra,5.647426767676767,-0.07585143529104625,0.0,0.0,0.0,39225.60896241044,2.4488636950132894,,interp,
2025-09-12,Bhakra,5.60727462121212,-0.07882426131930179,0.0,0.0,0.0,41800.097812389155,4.312585641323308,,interp,
2025-09-13,Bhakra,5.567122474747474,-0.08283489012622773,0.0,0.0,0.0,46070.40830916274,6.42052892801199,,interp,
2025-09-14,Bhakra,5.526970328282827,-0.08939421649883078,0.0,0.0,0.0,44977.11631918764,3.404571651319402,,interp,
2025-09-15,Bhakra,5.4868181818181805,-0.09809490915207902,0.0,0.0,0.0,50871.948834055336,9.584038958526856,,bbmb,
2025-09-16,Bhakra,5.485742720538721,-0.1038834963608582,0.0,0.0,0.0,48068.3414805228,3.4988337531290705,,interp,
2025-09-17,Bhakra,5.484667259259262,-0.10912884952520527,0.0,0.0,0.0,48000.576540260205,6.149613489145976,,interp,
2025-09-18,Bhakra,5.483591797979804,-0.11459649464956755,0.0,0.0,0.0,45781.88359486066,3.119878259056786,,interp,
2025-09-19,Bhakra,5.482516336700344,-0.11913235259397377,0.0,0.0,0.0,39236.656721286156,0.7383790665837778,,interp,
2025-09-20,Bhakra,5.481440875420885,-0.12089803104973953,0.0,0.0,0.0,36573.739850617065,0.0213691806977673,,interp,
2025-09-21,Bhakra,5.480365414141426,-0.12187473640762071,0.0,0.0,0.0,35153.21051767695,0.1576696708165827,,interp,
2025-09-22,Bhakra,5.479289952861968,-0.12239897947919835,0.0,0.0,0.0,34519.48855170372,0.0331591473788861,,interp,
2025-09-23,Bhakra,5.478214491582508,-0.12244899471664458,0.0,0.0,0.0,34673.1328735945,0.2020208773432691,,interp,
2025-09-24,Bhakra,5.477139030303049,-0.12225930185793923,0.0,0.0,0.0,35180.80410739125,0.1407823709201481,,bbmb,
2026-06-24,Bhakra,1.3747745833333334,-0.7735584358058675,0.0,0.0,0.0,37268.66868109973,2.0188736726212264,,bbmb,
2026-07-26,Bhakra,2.3189995238095245,-0.5700177820429597,0.0,0.0,0.0,52791.8819275454,4.208034981437826,,bbmb,
2026-07-27,Bhakra,2.3556160561660566,-0.5607884237601758,0.0,0.0,0.0,67468.94621961354,16.957948795205972,,interp,
2026-07-28,Bhakra,2.3922325885225892,-0.5584245782407212,0.0,0.0,0.0,64276.081432708226,7.960467112160934,,interp,
2026-07-29,Bhakra,2.4288491208791214,-0.5553523892536322,0.0,0.0,0.0,64328.69526562652,10.811324677484484,,interp,
2026-07-30,Bhakra,2.4654656532356536,-0.5548893418947748,0.0,0.0,0.0,76371.56077711927,15.944134858922244,,interp,
2026-07-31,Bhakra,2.502082185592186,-0.5589108648415719,0.0,0.0,0.0,61323.4559575829,3.4030590264620075,,interp,
2026-08-01,Bhakra,2.5386987179487184,-0.5542731709672801,0.0,0.0,0.0,58520.87238813934,7.201763424111491,,interp,
2026-08-02,Bhakra,2.5753152503052505,-0.5449609401785064,0.0,0.0,0.0,57131.455472657,6.867905747716535,,interp,
2026-08-03,Bhakra,2.6119317826617827,-0.5389016470545205,0.0,0.0,0.0,50541.17481910658,4.833426891889203,,interp,
2026-08-04,Bhakra,2.6485483150183153,-0.5321171306650261,0.0,0.0,0.0,51166.29012674999,6.206188458727729,,interp,
2026-08-05,Bhakra,2.6851648473748475,-0.5244273150010624,0.0,0.0,0.0,58164.617381096265,12.503034910415003,,interp,
2026-08-06,Bhakra,2.7217813797313797,-0.5150852653391119,0.0,0.0,0.0,67263.4404505295,13.979294114950925,,interp,
2026-08-07,Bhakra,2.7583979120879123,-0.5123677390300241,0.0,0.0,0.0,57592.01942901046,4.251991660231235,,interp,
2026-08-08,Bhakra,2.7950144444444445,-0.5106564825532306,0.0,0.0,0.0,52848.16274101936,5.310792379466044,,bbmb,
2026-08-09,Bhakra,2.8800875,-0.4994292579179153,0.0,0.0,0.0,55778.17690654962,7.896873240437651,,bbmb,
2026-08-10,Bhakra,2.8938499999999996,-0.4972036739123783,0.0,0.0,0.0,66983.10452203512,15.0952451992263,,bbmb,
2026-08-11,Bhakra,2.976898333333333,-0.4900679237503508,0.0,0.0,0.0,59215.840607129634,4.635232441420493,,bbmb,
2026-08-12,Bhakra,3.040146,-0.48352001940377665,0.0,0.0,0.0,46982.44891735765,1.7403904548721283,,bbmb,
2026-08-13,Bhakra,3.0870009553333357,-0.4739453507594901,0.0,0.0,0.0,46660.463640650356,3.748449818265281,,bbmb,
2026-08-14,Bhakra,3.2122354545454552,-0.45104861560317455,0.0,0.0,0.0,55819.321260613775,12.120182807735745,,bbmb,
2026-08-15,Bhakra,3.2122354545454552,-0.4529970404376769,0.0,0.0,0.0,51206.05416923035,4.142089867314933,,bbmb,
2026-08-16,Bhakra,3.2122354545454552,-0.45548031991111626,0.0,0.0,0.0,50035.34727116013,7.156827569368893,,bbmb,
2026-08-17,Bhakra,3.323322,-0.4397410543356363,0.0,0.0,0.0,52208.388363693906,6.78121030460259,,bbmb,
2026-08-18,Bhakra,3.3589019999999996,-0.43612409178632633,0.0,0.0,0.0,53768.05699014142,8.211610902399878,,bbmb,
2026-08-19,Bhakra,3.4613750000000003,-0.42451273065778505,0.0,0.0,0.0,50858.61677053745,3.9456061778712055,,bbmb,
2026-08-20,Bhakra,3.5069877777777783,-0.4222015684384541,0.0,0.0,0.0,44883.60568886493,2.897665462396528,,bbmb,
2026-08-21,Bhakra,3.529358333333333,-0.4201982577234453,0.0,0.0,0.0,44702.72624966067,4.041204854111112,,bbmb,
2026-08-22,Bhakra,3.538138,-0.42075939625484493,0.0,0.0,0.0,46874.42665378883,6.661100159838664,,bbmb,
2026-08-23,Bhakra,3.6267333333333336,-0.4096824858790711,0.0,0.0,0.0,41446.41354644596,0.9844531370178422,,bbmb,
2026-08-24,Bhakra,3.70453,-0.3984648356707509,0.0,0.0,0.0,38099.334364416856,0.910180737226418,,bbmb,
2026-08-25,Bhakra,3.7424275000000002,-0.39219370318555447,0.0,0.0,0.0,40840.43067644311,3.992483930713237,,bbmb,
2026-08-26,Bhakra,3.7424275000000002,-0.39023839281386835,0.0,0.0,0.0,39685.51000179627,2.390336304188044,,bbmb,
2026-08-27,Bhakra,3.8461975,-0.3709250964196229,0.0,0.0,0.0,38864.34961435597,2.0829997703472287,,bbmb,
2026-08-28,Bhakra,3.8461975,-0.36450977648171845,0.0,0.0,0.0,38208.44955491802,1.5560857051840045,,bbmb,
2026-08-29,Bhakra,3.85689,-0.3571252985953701,0.0,0.0,0.0,38575.66719313676,2.3548691534095343,,bbmb,
2026-08-30,Bhakra,3.8705030230303117,-0.3508145983170122,0.0,0.0,0.0,45818.66579670834,8.86191172076796,,bbmb,
2026-08-31,Bhakra,3.9192875000000003,-0.33968202051791013,0.0,0.0,0.0,46442.923755004624,5.180663722161089,,bbmb,
2026-09-01,Bhakra,3.9192875000000003,-0.33853349112114167,0.0,0.0,0.0,55197.80310853083,13.373939563146186,,bbmb,
2026-09-02,Bhakra,3.9542550000000003,-0.33598927286808994,0.0,0.0,0.0,52638.99220392681,4.189934009520174,,bbmb,
2026-09-03,Bhakra,3.9542550000000003,-0.33970875564238456,0.0,0.0,0.0,49078.64514136759,5.359909493327155,,bbmb,
2026-09-04,Bhakra,4.07511,-0.32460250072658786,0.0,0.0,0.0,54222.39164050037,8.22594214963532,,bbmb,
2026-09-05,Bhakra,4.07511,-0.3317495060161056,0.0,0.0,0.0,49367.088359480986,4.840397466129652,,bbmb,
2026-09-06,Bhakra,4.1291,-0.3273471797978918,0.0,0.0,0.0,47382.97616132033,4.443583850674063,,bbmb,
2026-09-07,Bhakra,4.1291,-0.3294486606094083,0.0,0.0,0.0,43169.16069055566,2.344744917275312,,bbmb,
2026-09-08,Bhakra,4.1291,-0.3303017522405434,0.0,0.0,0.0,38141.669098185885,0.3252830952565182,,interp,
2026-09-09,Bhakra,4.1291,-0.3284369581380876,0.0,0.0,0.0,36026.06166025448,0.0490500430167348,,interp,
2026-09-10,Bhakra,4.1291,-0.32603846532542813,0.0,0.0,0.0,38507.865134151405,3.738583997838216,,interp,
2015-06-01,Pong,2.25869,-0.638728599073056,0.0,0.0,0.0,40618.83843871767,0.6982261726387717,,cwc,
2015-06-02,Pong,2.26234,-0.6360005887313815,0.0,0.0,0.0,41688.569441768974,3.3699512981135737,,cwc,
2015-06-03,Pong,2.26599,-0.6333841238340975,0.0,0.0,0.0,43252.9732596491,3.023569066422558,,cwc,
2015-06-04,Pong,2.26495,-0.6332205230984274,0.0,0.0,0.0,45244.70667830911,6.961556938965655,,cwc,
2015-06-05,Pong,2.26286,-0.6352253044661165,0.0,0.0,0.0,47101.22514243467,3.766187327249585,,cwc,
2015-06-06,Pong,2.26547,-0.6347906617716382,0.0,0.0,0.0,45992.210087759035,4.474225777828687,,cwc,
2015-06-07,Pong,2.26703,-0.6328892961104714,0.0,0.0,0.0,46781.228197083605,4.313475975721081,,cwc,
2015-06-08,Pong,2.26964,-0.6344742062719824,0.0,0.0,0.0,44089.77134391271,0.0,,cwc,
2015-06-09,Pong,2.27277,-0.6349277534203374,0.0,0.0,0.0,41053.771761332355,0.1854237625407301,,cwc,
2015-06-10,Pong,2.27589,-0.6344247065810987,0.0,0.0,0.0,47128.24048231362,13.9730948471258,,cwc,
2015-06-11,Pong,2.27798,-0.6363397620992689,0.0,0.0,0.0,50139.52055780132,0.0,,cwc,
2015-06-12,Pong,2.28059,-0.63983184778068,0.0,0.0,0.0,41725.879758354575,0.0924677268513855,,cwc,
2015-06-13,Pong,2.29414,-0.638289418868099,0.0,0.0,0.0,41669.045033949835,0.3085795663669741,,cwc,
2015-06-14,Pong,2.29935,-0.6381603447422968,0.0,0.0,0.0,41044.476887585515,2.0421291012457528,,cwc,
2015-06-15,Pong,2.29675,-0.6365415735543816,0.0,0.0,0.0,41454.59723404832,0.3777544293744614,,cwc,
2015-06-16,Pong,2.28632,-0.6320617943189701,0.0,0.0,0.0,40284.61475515223,0.0,,cwc,
2015-06-17,Pong,2.26911,-0.6297857318058762,0.0,0.0,0.0,40069.17016170506,0.0,,cwc,
2015-06-18,Pong,2.26234,-0.6274326457635981,0.0,0.0,0.0,39864.363132559796,0.0,,cwc,
2015-06-19,Pong,2.254,-0.6252468712310422,0.0,0.0,0.0,46180.95191974125,15.411283920581775,,cwc,
2015-06-20,Pong,2.24983,-0.6222078575883981,0.0,0.0,0.0,56991.41596077231,13.603718439817555,,cwc,
2015-06-21,Pong,2.26651,-0.6171697858384251,0.0,0.0,0.0,53046.827207543975,0.35187029959919,,cwc,
2015-06-22,Pong,2.28788,-0.6168956903559584,0.0,0.0,0.0,48758.02949449014,7.642042858522722,,cwc,
2015-06-23,Pong,2.29414,-0.6180359443588573,0.0,0.0,0.0,48773.88314987756,0.4207116984912917,,cwc,
2015-06-24,Pong,2.29622,-0.6202396420886723,0.0,0.0,0.0,55533.29218954744,22.05009985122526,,cwc,
2015-06-25,Pong,2.30404,-0.6213644163224001,0.0,0.0,0.0,62852.42760648811,2.1000405136069507,,cwc,
2015-06-26,Pong,2.33271,-0.6220500120539735,0.0,0.0,0.0,45001.952341422555,0.0,,cwc,
2015-06-27,Pong,2.34522,-0.6204731347105645,0.0,0.0,0.0,43329.81211530022,0.0,,cwc,
2015-06-28,Pong,2.34418,-0.6205598669632554,0.0,0.0,0.0,42377.936394446006,4.097173118135938,,cwc,
2015-06-29,Pong,2.3447,-0.6202468967161603,0.0,0.0,0.0,49506.40494141443,11.194861300103153,,cwc,
2015-06-30,Pong,2.34261,-0.6234706774960307,0.0,0.0,0.0,49408.651885301806,2.6582813442138296,,cwc,
2015-07-01,Pong,2.34261,-0.6227316033971982,0.0,0.0,0.0,43857.018884645666,0.452745210433831,,cwc,
2015-07-02,Pong,2.33949,-0.6161305411739623,0.0,0.0,0.0,43536.62752351564,3.2408215620345926,,cwc,
2015-07-03,Pong,2.32229,-0.6139445298571987,0.0,0.0,0.0,42953.00868842202,0.6996744709080521,,cwc,
2015-07-04,Pong,2.29935,-0.6133677089427819,0.0,0.0,0.0,42247.76202152919,2.8321321525298275,,cwc,
2015-07-05,Pong,2.28162,-0.5996582680020155,0.0,0.0,0.0,51268.59004858093,20.07538665746564,,cwc,
2015-07-06,Pong,2.28371,-0.5675219375446842,0.0,0.0,0.0,61744.36358082065,10.25930768462851,,cwc,
2015-07-07,Pong,2.31551,-0.5492549213040632,0.0,0.0,0.0,56068.13170416254,5.915108590377887,,cwc,
2015-07-08,Pong,2.32437,-0.534765145720348,0.0,0.0,0.0,53780.99493976098,5.984585406303801,,cwc,
2015-07-09,Pong,2.34418,-0.5294054095342332,0.0,0.0,0.0,83995.51350957368,52.29611864840779,,cwc,
2015-07-10,Pong,2.36607,-0.5402807306822018,0.0,0.0,0.0,131287.9407618549,17.38586365131103,,cwc,
2015-07-11,Pong,2.49326,-0.5505940477057789,0.0,0.0,0.0,94716.98898790071,17.38324290624699,,cwc,
2015-07-12,Pong,2.56207,-0.541636973680103,0.0,0.0,0.0,88911.40458618206,7.098140785092009,,cwc,
2015-07-13,Pong,2.63504,-0.5220795495442973,0.0,0.0,0.0,59172.16126687718,0.4237434747435787,,cwc,
2015-07-14,Pong,2.69916,-0.5075079110876097,0.0,0.0,0.0,47679.71182926507,1.2872464530878227,,cwc,
2015-07-15,Pong,2.75202,-0.4890065569874657,0.0,0.0,0.0,53346.71664511107,16.429065836136033,,cwc,
2015-07-16,Pong,2.80551,-0.47755529437971495,0.0,0.0,0.0,89133.14537891511,50.86024848540298,,cwc,
2015-07-17,Pong,3.02922,-0.45020308039436563,0.0,0.0,0.0,108303.84087962701,4.017718552602636,,cwc,
2015-07-18,Pong,3.17935,-0.4439180309903616,0.0,0.0,0.0,69634.77625720356,12.144657682339393,,cwc,
2015-07-19,Pong,3.24375,-0.43383336426456454,0.0,0.0,0.0,72634.11689787798,5.247484868110099,,cwc,
2015-07-20,Pong,3.30141,-0.4297488299662858,0.0,0.0,0.0,60301.508581488546,10.0337948546317,,cwc,
2015-07-21,Pong,3.36845,-0.4124154801941467,0.0,0.0,0.0,66529.1352175208,11.035426502658693,,cwc,
2015-07-22,Pong,3.43667,-0.3857156688790859,0.0,0.0,0.0,62757.341805734264,15.505888051123458,,cwc,
2015-07-23,Pong,3.51665,-0.3627824147359703,0.0,0.0,0.0,68691.1279102444,12.640435761033885,,cwc,
2015-07-24,Pong,3.59075,-0.3408642908331191,0.0,0.0,0.0,59345.53384772519,2.463395855338696,,cwc,
2015-07-25,Pong,3.67015,-0.3216850349767477,0.0,0.0,0.0,76520.68260996092,40.09221369481165,,cwc,
2015-07-26,Pong,3.72719,-0.31289359860916055,0.0,0.0,0.0,105837.4404287776,13.703354976629628,,cwc,
2015-07-27,Pong,3.81717,-0.305106319691668,0.0,0.0,0.0,87780.09079484445,21.74833406490359,,cwc,
2015-07-28,Pong,3.88751,-0.28774835641651947,0.0,0.0,0.0,93562.58098291287,12.386713941966024,,cwc,
2015-07-29,Pong,3.99743,-0.2775412440584541,0.0,0.0,0.0,75158.1166138952,10.58232452921172,,cwc,
2015-07-30,Pong,4.04435,-0.2723017324936295,0.0,0.0,0.0,75330.80466400422,11.814227867539335,,cwc,
2015-07-31,Pong,4.10477,-0.2706708768743945,0.0,0.0,0.0,88656.80450626425,35.939689075281656,,cwc,
2015-08-01,Pong,4.16841,-0.2679470054203178,0.0,0.0,0.0,102712.38256550177,9.302458704210434,,cwc,
2015-08-02,Pong,4.26033,-0.2649858798991078,0.0,0.0,0.0,74321.47915099184,13.328260343000885,,cwc,
2015-08-03,Pong,4.3214,-0.24991099058721822,0.0,0.0,0.0,69165.93406222746,3.009724457989973,,cwc,
2015-08-04,Pong,4.37411,-0.22176142561425477,0.0,0.0,0.0,54739.238609962806,7.492217710397083,,cwc,
2015-08-05,Pong,4.43646,-0.19026920942605438,0.0,0.0,0.0,69499.77355231687,21.209749171466616,,cwc,
2015-08-06,Pong,4.50395,-0.16849630364363805,0.0,0.0,0.0,72593.40655432729,12.60741231784294,,cwc,
2015-08-07,Pong,4.63957,-0.13384056374172262,0.0,0.0,0.0,87297.20497767313,37.63723804936864,,cwc,
2015-08-08,Pong,4.72689,-0.11337643224932804,0.0,0.0,0.0,118462.13166297722,25.96196058898532,,cwc,
2015-08-09,Pong,5.07753,-0.07905749735583162,0.0,0.0,0.0,108507.27994842938,16.434807769624623,,cwc,
2015-08-10,Pong,5.17501,-0.08198285858427716,0.0,0.0,0.0,96707.50928867911,12.584795065129423,,cwc,
2015-08-11,Pong,5.26638,-0.08368456239110321,0.0,0.0,0.0,104374.72257277522,32.74868002150884,,cwc,
2015-08-12,Pong,5.25109,-0.10557933056912684,0.0,0.0,0.0,103106.10066824028,1.1964884774542095,,cwc,
2015-08-13,Pong,5.33261,-0.11571812668061335,0.0,0.0,0.0,61509.74443166963,9.452236645764522,,cwc,
2015-08-14,Pong,5.33916,-0.120914594677665,0.0,0.0,0.0,61301.9323377007,3.991518362303169,,cwc,
2015-08-15,Pong,5.37118,-0.12099092401941101,0.0,0.0,0.0,55078.960142128344,11.412480349336157,,cwc,
2015-08-16,Pong,5.4134,-0.11346507365420157,0.0,0.0,0.0,55524.36604504241,1.552527234175335,,cwc,
2015-08-17,Pong,5.43887,-0.10722538223207129,0.0,0.0,0.0,44270.9799133102,1.7888360499479723,,cwc,
2015-08-18,Pong,5.44906,-0.1026429631482599,0.0,0.0,0.0,45755.21213121675,4.715957975655941,,cwc,
2015-08-19,Pong,5.47089,-0.09844100588709497,0.0,0.0,0.0,48022.162654626176,7.7625957228673315,,cwc,
2015-08-20,Pong,5.49273,-0.09578078678022531,0.0,0.0,0.0,56761.58167657633,17.491500997712595,,cwc,
2015-08-21,Pong,5.56042,-0.09031140325766275,0.0,0.0,0.0,60816.57135201253,7.601996788862666,,cwc,
2015-08-22,Pong,5.63102,-0.08677697025683936,0.0,0.0,0.0,51637.99309703068,1.599517610350407,,cwc,
2015-08-23,Pong,5.65431,-0.08621276758217748,0.0,0.0,0.0,47407.09280350814,3.4154789764758933,,cwc,
2015-08-24,Pong,5.66305,-0.08582713025823724,0.0,0.0,0.0,45790.050521837526,2.4722230512603103,,cwc,
2015-08-25,Pong,5.66619,-0.08716449643158002,0.0,0.0,0.0,42858.47301783586,0.4076938316481412,,cwc,
2015-08-26,Pong,5.67542,-0.08609826931624143,0.0,0.0,0.0,40854.5897558236,0.0752623975803414,,cwc,
2015-08-27,Pong,5.68124,-0.08515889878884228,0.0,0.0,0.0,43538.425451077994,7.489034491069995,,cwc,
2015-08-28,Pong,5.68197,-0.08618547608647195,0.0,0.0,0.0,44805.239364695764,0.0,,cwc,
2015-08-29,Pong,5.69289,-0.08539978075057207,0.0,0.0,0.0,41141.03669924569,0.9137601819747576,,cwc,
2015-08-30,Pong,5.69871,-0.08360683615352198,0.0,0.0,0.0,41769.097439097255,1.2538577205150718,,cwc,
2015-08-31,Pong,5.70381,-0.08286814863926649,0.0,0.0,0.0,40839.7544637479,0.2770262042289199,,cwc,
2015-09-01,Pong,5.69944,-0.08335023469666758,0.0,0.0,0.0,40656.586615431406,0.8898491613959644,,cwc,
2015-09-02,Pong,5.68634,-0.08515346349817669,0.0,0.0,0.0,42319.12205352952,4.386028384461223,,cwc,
2015-09-03,Pong,5.6776,-0.08720100395829734,0.0,0.0,0.0,43274.28776256683,1.4980161605983833,,cwc,
2015-09-04,Pong,5.67033,-0.08964148030857623,0.0,0.0,0.0,41543.51643231708,0.4611728230741217,,cwc,
2015-09-05,Pong,5.66159,-0.09169881273937841,0.0,0.0,0.0,41412.71700607841,1.511266292491237,,cwc,
2015-09-06,Pong,5.64339,-0.09528473609585726,0.0,0.0,0.0,41473.04220076668,1.1147637153872287,,cwc,
2015-09-07,Pong,5.62665,-0.09865768231881399,0.0,0.0,0.0,40738.665394425996,0.0045893385340593,,cwc,
2015-09-08,Pong,5.60919,-0.10185575306091771,0.0,0.0,0.0,40104.13718095985,0.0,,cwc,
2015-09-09,Pong,5.59026,-0.10432380497152702,0.0,0.0,0.0,39938.41750798824,0.0,,cwc,
2015-09-10,Pong,5.5677,-0.10664711755826893,0.0,0.0,0.0,39827.427676715,0.0,,cwc,
2015-09-11,Pong,5.54295,-0.10984863264937389,0.0,0.0,0.0,39826.974127344176,0.0,,cwc,
2015-09-12,Pong,5.51675,-0.11296133698655705,0.0,0.0,0.0,39826.974127344176,0.0,,cwc,
2015-09-13,Pong,5.49055,-0.11612956887944338,0.0,0.0,0.0,41630.4355996506,4.5457254516309575,,cwc,
2015-09-14,Pong,5.46435,-0.12082669345644517,0.0,0.0,0.0,43312.67031552937,2.034202080544567,,cwc,
2015-09-15,Pong,5.43815,-0.12456227427107862,0.0,0.0,0.0,41886.74343879447,0.78602411493251,,cwc,
2015-09-16,Pong,5.40758,-0.12630600821789334,0.0,0.0,0.0,42702.454268868,3.809350365247923,,cwc,
2015-09-17,Pong,5.37919,-0.12910684358596156,0.0,0.0,0.0,42562.714802785995,0.0,,cwc,
2015-09-18,Pong,5.34425,-0.12771256120351548,0.0,0.0,0.0,40518.5974528381,0.3212380387148659,,cwc,
2015-09-19,Pong,5.31223,-0.11639650021729539,0.0,0.0,0.0,44620.632757205516,9.514973550444177,,cwc,
2015-09-20,Pong,5.27948,-0.11711681708633778,0.0,0.0,0.0,49993.515422821925,7.816459053864281,,cwc,
2015-09-21,Pong,5.25837,-0.12123587732093821,0.0,0.0,0.0,47257.90593234973,0.8319660814154229,,cwc,
2015-09-22,Pong,5.23799,-0.1252652818221013,0.0,0.0,0.0,60352.72202651874,34.429365358165526,,cwc,
2015-09-23,Pong,5.25546,-0.12874283916470156,0.0,0.0,0.0,82084.03681855618,8.694188911615996,,cwc,
2015-09-24,Pong,5.31296,-0.1359107794735395,0.0,0.0,0.0,56193.955759154276,0.0,,cwc,
2015-09-25,Pong,5.33261,-0.13903291255936942,0.0,0.0,0.0,48255.96275571995,1.1210569373660515,,cwc,
2015-09-26,Pong,5.33843,-0.14143614577198654,0.0,0.0,0.0,45447.60274276746,4.593657417772446,,cwc,
2015-09-27,Pong,5.33334,-0.14449628748403892,0.0,0.0,0.0,44460.58224398516,0.021504917535005,,cwc,
2015-09-28,Pong,5.3297,-0.14692871761329507,0.0,0.0,0.0,40543.11294787407,0.0,,cwc,
2015-09-29,Pong,5.32169,-0.1485142442862732,0.0,0.0,0.0,40305.227744939286,0.0,,cwc,
2015-09-30,Pong,5.31878,-0.14917691825173987,0.0,0.0,0.0,39829.201960373735,0.0,,cwc,
2016-06-01,Pong,0.47649,-0.9342422662172198,0.0,0.0,0.0,40096.69772958948,0.0,,cwc,
2016-06-02,Pong,0.458625,-0.9352797925309192,0.0,0.0,0.0,39917.22324616352,0.0,,interp,
2016-06-03,Pong,0.44076,-0.936646896688154,0.0,0.0,0.0,40100.68518590677,0.6637022750684223,,cwc,
2016-06-04,Pong,0.41676,-0.938663000739317,0.0,0.0,0.0,40336.35229913038,0.3557402489787863,,cwc,
2016-06-05,Pong,0.3865,-0.9418624268992096,0.0,0.0,0.0,42218.69088083688,5.280812334672401,,cwc,
2016-06-06,Pong,0.36334,-0.9457748561483926,0.0,0.0,0.0,44787.72413481683,3.953465766189412,,cwc,
2016-06-07,Pong,0.34255,-0.9502935662304096,0.0,0.0,0.0,43778.84105767726,1.7684499853983375,,cwc,
2016-06-08,Pong,0.3283,-0.953688203248502,0.0,0.0,0.0,44836.63024105555,5.91103327865312,,cwc,
2016-06-09,Pong,0.32137,-0.955665474479827,0.0,0.0,0.0,44653.052493716976,0.115525089519101,,cwc,
2016-06-10,Pong,0.32671,-0.9547147292638473,0.0,0.0,0.0,41839.04722384449,1.8955354015549155,,cwc,
2016-06-11,Pong,0.33166,-0.9477463285870252,0.0,0.0,0.0,41913.62609694031,0.3016552106026295,,cwc,
2016-06-12,Pong,0.32711,-0.9388432081336713,0.0,0.0,0.0,41060.43731474162,1.7589742372282808,,cwc,
2016-06-13,Pong,0.32454,-0.9365280019157444,0.0,0.0,0.0,42693.20206005825,3.309825079740724,,cwc,
2016-06-14,Pong,0.33087,-0.9342863027218408,0.0,0.0,0.0,44863.03509397709,6.341906433757263,,cwc,
2016-06-15,Pong,0.32652,-0.9347110320061046,0.0,0.0,0.0,57352.340094055064,26.354306991503872,,cwc,
2016-06-16,Pong,0.3281,-0.9389515687212144,0.0,0.0,0.0,66178.77202276673,3.032052112015115,,cwc,
2016-06-17,Pong,0.3574,-0.943090200006861,0.0,0.0,0.0,47937.28389909767,0.0005806730754035,,cwc,
2016-06-18,Pong,0.37522,-0.9409052350874393,0.0,0.0,0.0,45747.32477066015,2.07377480694565,,cwc,
2016-06-19,Pong,0.38709,-0.9393225796496315,0.0,0.0,0.0,45572.16578072176,5.450668770352157,,cwc,
2016-06-20,Pong,0.39638,-0.9395108173218252,0.0,0.0,0.0,46034.8949388024,1.8917596539540389,,cwc,
2016-06-21,Pong,0.41201,-0.9384652958092787,0.0,0.0,0.0,43787.65766482554,3.869396194676801,,cwc,
2016-06-22,Pong,0.42876,-0.934959395748084,0.0,0.0,0.0,46152.27014832011,6.102475870516765,,cwc,
2016-06-23,Pong,0.43713,-0.9310201557383629,0.0,0.0,0.0,44878.52246725896,0.0,,cwc,
2016-06-24,Pong,0.45304,-0.925620633065455,0.0,0.0,0.0,41301.30671540227,0.4284686182635538,,cwc,
2016-06-25,Pong,0.46421,-0.9211257516370459,0.0,0.0,0.0,42277.51084168063,3.1132650503466444,,cwc,
2016-06-26,Pong,0.47621,-0.9125706813714224,0.0,0.0,0.0,45764.227195071384,7.956928307034878,,cwc,
2016-06-27,Pong,0.48514,-0.9041497784406861,0.0,0.0,0.0,52644.569463888234,13.4822971493114,,cwc,
2016-06-28,Pong,0.50831,-0.8946632913253897,0.0,0.0,0.0,51963.87943840736,0.7760615241577947,,cwc,
2016-06-29,Pong,0.52841,-0.8817783642503499,0.0,0.0,0.0,48047.464619556675,8.245846469908932,,cwc,
2016-06-30,Pong,0.53818,-0.8730088075298995,0.0,0.0,0.0,58902.20395587543,16.567600428638954,,cwc,
2016-07-01,Pong,0.55492,-0.8677837414106763,0.0,0.0,0.0,63306.09277229651,8.897425688379235,,cwc,
2016-07-02,Pong,0.6102,-0.8592095327885088,0.0,0.0,0.0,67047.68128808329,20.394187151417395,,cwc,
2016-07-03,Pong,0.64731,-0.8623993743486043,0.0,0.0,0.0,76174.24813467966,14.68923380409256,,cwc,
2016-07-04,Pong,0.74961,-0.8569541987615461,0.0,0.0,0.0,66123.40787349505,4.170885148656155,,cwc,
2016-07-05,Pong,0.77585,-0.8599402671742081,0.0,0.0,0.0,65209.277581348244,16.985859126236154,,cwc,
2016-07-06,Pong,0.7924,-0.865157652472043,0.0,0.0,0.0,62288.91694143266,0.0,,cwc,
2016-07-07,Pong,0.81052,-0.8664210959521238,0.0,0.0,0.0,43852.05400048231,0.0,,cwc,
2016-07-08,Pong,0.81458,-0.8609383534044579,0.0,0.0,0.0,48063.914883124366,9.075328179092317,,cwc,
2016-07-09,Pong,0.81333,-0.8602190945532425,0.0,0.0,0.0,47883.53651618111,1.354090029595416,,cwc,
2016-07-10,Pong,0.8227,-0.8530688057077283,0.0,0.0,0.0,45314.75956112071,5.442344654394454,,cwc,
2016-07-11,Pong,0.82926,-0.8369996473697786,0.0,0.0,0.0,51703.091560328925,13.937144245486532,,cwc,
2016-07-12,Pong,0.84206,-0.8263953968328382,0.0,0.0,0.0,55990.34497621333,6.914182584425494,,cwc,
2016-07-13,Pong,0.8861,-0.8132069219441718,0.0,0.0,0.0,50384.904626222786,2.4933891982830345,,cwc,
2016-07-14,Pong,0.91702,-0.8039557136045071,0.0,0.0,0.0,62047.95849157427,29.173276798635182,,cwc,
2016-07-15,Pong,0.94701,-0.8033308667406194,0.0,0.0,0.0,83072.76300999214,14.465017532028613,,cwc,
2016-07-16,Pong,1.00982,-0.8076768507425266,0.0,0.0,0.0,73157.72052179312,12.71922063744514,,cwc,
2016-07-17,Pong,1.08404,-0.8035995559451797,0.0,0.0,0.0,71179.51007562305,10.411085739998722,,cwc,
2016-07-18,Pong,1.1449,-0.7996518531921699,0.0,0.0,0.0,61028.22597989642,4.412613528460439,,cwc,
2016-07-19,Pong,1.1945,-0.7956646499414115,0.0,0.0,0.0,51362.48511364979,1.8520859009597888,,cwc,
2016-07-20,Pong,1.22018,-0.7906985522718396,0.0,0.0,0.0,46463.133823311415,3.665156503974259,,cwc,
2016-07-21,Pong,1.24093,-0.7854336061429849,0.0,0.0,0.0,53082.27424256607,15.274126209737773,,cwc,
2016-07-22,Pong,1.26661,-0.7758164641122436,0.0,0.0,0.0,56238.62904857947,4.1958365344817565,,cwc,
2016-07-23,Pong,1.30882,-0.7600427029029894,0.0,0.0,0.0,50789.10230735916,8.286715598643413,,cwc,
2016-07-24,Pong,1.32747,-0.7532568610201719,0.0,0.0,0.0,53363.757202084205,6.244676253609917,,cwc,
2016-07-25,Pong,1.34811,-0.7453640049852494,0.0,0.0,0.0,51231.54301328454,6.297979336096383,,cwc,
2016-07-26,Pong,1.35869,-0.7359556947116024,0.0,0.0,0.0,66788.2656820224,29.02797527217561,,cwc,
2016-07-27,Pong,1.3828,-0.7275834116186345,0.0,0.0,0.0,78681.85499566997,9.852817456970024,,cwc,
2016-07-28,Pong,1.54401,-0.6920455869246417,0.0,0.0,0.0,60243.30800911648,3.9543420831635134,,cwc,
2016-07-29,Pong,1.60113,-0.6694555055993143,0.0,0.0,0.0,64790.46939083319,18.37872634818241,,cwc,
2016-07-30,Pong,1.6608,-0.6606711466081562,0.0,0.0,0.0,70583.88487780812,8.805414151010888,,cwc,
2016-07-31,Pong,1.77075,-0.6505263563486059,0.0,0.0,0.0,78003.1848588795,27.55919607402007,,cwc,
2016-08-01,Pong,1.84947,-0.633592565543944,0.0,0.0,0.0,102223.4892385616,30.606284166832182,,cwc,
2016-08-02,Pong,1.96322,-0.5948773320846482,0.0,0.0,0.0,93746.10781808558,5.039529960724501,,cwc,
2016-08-03,Pong,2.09244,-0.5643478675005864,0.0,0.0,0.0,62507.808754581594,2.025474416602327,,cwc,
2016-08-04,Pong,2.18936,-0.5392966195795473,0.0,0.0,0.0,51173.68254077149,1.6709026520073642,,cwc,
2016-08-05,Pong,2.21543,-0.5215259159801016,0.0,0.0,0.0,88442.81752453373,54.821128052178295,,cwc,
2016-08-06,Pong,2.2613,-0.510492207976787,0.0,0.0,0.0,153159.86544636462,38.036106402110256,,cwc,
2016-08-07,Pong,2.70698,-0.4520451926275077,0.0,0.0,0.0,117759.22834115953,8.467729854237936,,cwc,
2016-08-08,Pong,2.93537,-0.4148933188243581,0.0,0.0,0.0,85936.69226243961,8.811536366883601,,cwc,
2016-08-09,Pong,3.03036,-0.40766562953646324,0.0,0.0,0.0,85239.34718514374,17.55488909148918,,cwc,
2016-08-10,Pong,3.13678,-0.3992759043185712,0.0,0.0,0.0,97461.35783347771,19.328683000677376,,cwc,
2016-08-11,Pong,3.22138,-0.402530609959815,0.0,0.0,0.0,118081.55909664712,46.38347708876454,,cwc,
2016-08-12,Pong,3.54017,-0.37709700710865623,0.0,0.0,0.0,117903.95594077803,3.008571110067382,,cwc,
2016-08-13,Pong,3.67015,-0.3835265203905743,0.0,0.0,0.0,65300.04478744583,4.809307458983736,,cwc,
2016-08-14,Pong,3.75483,-0.3754175746818521,0.0,0.0,0.0,62855.218506560755,5.093037219384746,,cwc,
2016-08-15,Pong,3.81541,-0.3713982639598132,0.0,0.0,0.0,54691.69031860588,7.647929196571029,,cwc,
2016-08-16,Pong,3.85775,-0.36538706079749483,0.0,0.0,0.0,51786.73017116926,1.6732651105242942,,cwc,
2016-08-17,Pong,3.88687,-0.3624129317188858,0.0,0.0,0.0,48596.26029848645,10.828222428549807,,cwc,
2016-08-18,Pong,3.91644,-0.3561310879855667,0.0,0.0,0.0,51095.201885853836,2.2020128022344383,,cwc,
2016-08-19,Pong,3.93829,-0.3505000813244396,0.0,0.0,0.0,48208.99025107139,8.497090982294692,,cwc,
2016-08-20,Pong,3.9595,-0.34384086541436726,0.0,0.0,0.0,52513.534757743946,6.68043321300129,,cwc,
2016-08-21,Pong,3.97557,-0.3377144218687942,0.0,0.0,0.0,47369.009540114705,1.089040295972655,,cwc,
2016-08-22,Pong,3.99228,-0.32813322595557265,0.0,0.0,0.0,52318.7334845751,16.1519035252969,,cwc,
2016-08-23,Pong,3.99999,-0.3107775690978492,0.0,0.0,0.0,56335.22320294928,2.9356145292499822,,cwc,
2016-08-24,Pong,4.02378,-0.30120054004409696,0.0,0.0,0.0,56298.17122662793,18.06459412086576,,cwc,
2016-08-25,Pong,4.044995,-0.2970244157016602,0.0,0.0,0.0,61362.84781062844,2.3758400452123323,,interp,
2016-08-26,Pong,4.06621,-0.2970157793493547,0.0,0.0,0.0,64650.88882425539,29.23476998305572,,cwc,
2016-08-27,Pong,4.08806,-0.300014581969531,0.0,0.0,0.0,92844.26700157225,18.74362633945396,,cwc,
2016-08-28,Pong,4.22048,-0.29504860700645424,0.0,0.0,0.0,70712.77551191018,2.762478320098369,,cwc,
2016-08-29,Pong,4.29697,-0.2909279274704319,0.0,0.0,0.0,58136.4130845446,5.952263147770777,,cwc,
2016-08-30,Pong,4.34454,-0.28923624485501587,0.0,0.0,0.0,52713.2779997327,3.365354171819559,,cwc,
2016-08-31,Pong,4.39532,-0.2848557292275049,0.0,0.0,0.0,48173.3155869318,3.9386994516306895,,cwc,
2016-09-01,Pong,4.43774,-0.2799827696854846,0.0,0.0,0.0,51216.90244394446,10.760593255263366,,cwc,
2016-09-02,Pong,4.48659,-0.2758201213087277,0.0,0.0,0.0,49818.68287303216,1.204028591807425,,cwc,
2016-09-03,Pong,4.53667,-0.27144286241509014,0.0,0.0,0.0,42950.16216150191,0.2872249722658384,,cwc,
2016-09-04,Pong,4.56511,-0.2676055900279881,0.0,0.0,0.0,42981.64910123763,2.773195919824547,,cwc,
2016-09-05,Pong,4.58812,-0.2636173724099524,0.0,0.0,0.0,43097.98156654065,2.194994367686164,,cwc,
2016-09-06,Pong,4.60301,-0.2601043518917328,0.0,0.0,0.0,41725.851171665236,0.0003815345857065,,cwc,
2016-09-07,Pong,4.60099,-0.25887109026530103,0.0,0.0,0.0,40364.97234528913,0.0073087359764806,,cwc,
2016-09-08,Pong,4.59151,-0.2589867658794311,0.0,0.0,0.0,40982.54913546193,2.149418555506823,,cwc,
2016-09-09,Pong,4.57999,-0.2593180416066993,0.0,0.0,0.0,43613.33034118832,5.64647776953449,,cwc,
2016-09-10,Pong,4.56781,-0.26058907612928767,0.0,0.0,0.0,45852.716585019836,4.885365987727874,,cwc,
2016-09-11,Pong,4.59218,-0.2586390158636792,0.0,0.0,0.0,45655.094988162164,3.629647951878047,,cwc,
2016-09-12,Pong,4.59218,-0.2604528660482576,0.0,0.0,0.0,43948.669263928205,0.7175421250078927,,cwc,
2016-09-13,Pong,4.59218,-0.26182730296800494,0.0,0.0,0.0,44857.489913178186,6.878573231494137,,cwc,
2016-09-14,Pong,4.59218,-0.26373962238411686,0.0,0.0,0.0,45393.058930540574,0.0188887700881593,,cwc,
2016-09-15,Pong,4.57695,-0.2672914466377128,0.0,0.0,0.0,40799.33535297793,0.0,,interp,
2016-09-16,Pong,4.56172,-0.2680490805388741,0.0,0.0,0.0,41090.39817887406,1.0455482868442292,,cwc,
2016-09-17,Pong,4.54141,-0.2700948314504013,0.0,0.0,0.0,40489.790534317515,0.046258672231793,,cwc,
2016-09-18,Pong,4.52111,-0.2713948632010191,0.0,0.0,0.0,40044.987529418795,0.1585540590527215,,cwc,
2016-09-19,Pong,4.50138,-0.2731843902182151,0.0,0.0,0.0,42679.64100994206,6.56939764038148,,cwc,
2016-09-20,Pong,4.48209,-0.2767117972439925,0.0,0.0,0.0,45117.71746456704,2.898284221624325,,cwc,
2016-09-21,Pong,4.46795,-0.2803559786263734,0.0,0.0,0.0,44243.504017670835,3.8589481696965047,,cwc,
2016-09-22,Pong,4.44931,-0.2848348371214265,0.0,0.0,0.0,45515.470012646605,4.234613802329974,,cwc,
2016-09-23,Pong,4.43389,-0.28895215118496326,0.0,0.0,0.0,43605.83492322765,0.0,,cwc,
2016-09-24,Pong,4.4191,-0.2921415872869794,0.0,0.0,0.0,41687.133313979335,1.6531428076461656,,cwc,
2016-09-25,Pong,4.39982,-0.2958348457188636,0.0,0.0,0.0,41726.35487761774,0.7254904893386077,,cwc,
2016-09-26,Pong,4.37603,-0.3003242433316693,0.0,0.0,0.0,40590.91631389048,0.2452211593593958,,cwc,
2016-09-27,Pong,4.35611,-0.30385475800649137,0.0,0.0,0.0,41456.61202754867,2.7859462543747315,,cwc,
2016-09-28,Pong,4.33811,-0.3071960871010463,0.0,0.0,0.0,41624.55210981394,0.1616436175657908,,cwc,
2016-09-29,Pong,4.31818,-0.31081749175528406,0.0,0.0,0.0,40273.16014997704,0.0470834549241675,,cwc,
2016-09-30,Pong,4.29633,-0.3140600800165404,0.0,0.0,0.0,40152.22768213769,0.0,,cwc,
2017-06-01,Pong,0.79709,-0.880255709343896,0.0,0.0,0.0,43690.42317203883,0.0,,cwc,
2017-06-02,Pong,0.78616,-0.8778045335748422,0.0,0.0,0.0,42214.94359025151,0.0,,cwc,
2017-06-03,Pong,0.78459,-0.8695728771681881,0.0,0.0,0.0,40021.417320485496,0.0,,cwc,
2017-06-04,Pong,0.78147,-0.8672408341796979,0.0,0.0,0.0,39826.974127344176,0.0,,cwc,
2017-06-05,Pong,0.78397,-0.8638523217740133,0.0,0.0,0.0,41737.00964980313,4.697574863449262,,cwc,
2017-06-06,Pong,0.79022,-0.8626723458147632,0.0,0.0,0.0,54326.46883079918,27.607405815885578,,cwc,
2017-06-07,Pong,0.79646,-0.8667728757264924,0.0,0.0,0.0,63572.26835826679,0.7501924685795739,,cwc,
2017-06-08,Pong,0.80021,-0.8753602515784702,0.0,0.0,0.0,47165.438976359925,2.9004378288678017,,cwc,
2017-06-09,Pong,0.79646,-0.8784339261585543,0.0,0.0,0.0,47332.59598120799,1.2443646912866615,,cwc,
2017-06-10,Pong,0.78085,-0.8835380576442557,0.0,0.0,0.0,42151.921007415054,1.0575720135545716,,cwc,
2017-06-11,Pong,0.75898,-0.8877578901528733,0.0,0.0,0.0,41456.65873079896,0.2214207674509302,,cwc,
2017-06-12,Pong,0.73556,-0.891120022753186,0.0,0.0,0.0,40428.70623788024,0.5135020792249214,,cwc,
2017-06-13,Pong,0.71682,-0.8927989646393718,0.0,0.0,0.0,40963.04951113962,1.6087518239426617,,cwc,
2017-06-14,Pong,0.71682,-0.8902895536294029,0.0,0.0,0.0,40867.99382075603,0.0808687248076325,,cwc,
2017-06-15,Pong,0.6840200000000001,-0.8905530556916712,0.0,0.0,0.0,40471.40525018088,0.8971291996591564,,interp,
2017-06-16,Pong,0.65122,-0.8911047435381942,0.0,0.0,0.0,42568.15090802706,4.937992520012012,,cwc,
2017-06-17,Pong,0.62582,-0.888796620088412,0.0,0.0,0.0,43863.20259833019,2.0745565885057,,cwc,
2017-06-18,Pong,0.60265,-0.8869732012208517,0.0,0.0,0.0,47278.17990492153,11.979135578572231,,cwc,
2017-06-19,Pong,0.58702,-0.8906532275417904,0.0,0.0,0.0,53611.363981280076,8.33999756909793,,cwc,
2017-06-20,Pong,0.58674,-0.8952117447974163,0.0,0.0,0.0,52489.53319331834,7.081916781329068,,cwc,
2017-06-21,Pong,0.58842,-0.897491936870008,0.0,0.0,0.0,58758.58334833188,16.076857498540022,,cwc,
2017-06-22,Pong,0.64089,-0.8904629214592052,0.0,0.0,0.0,57922.35970473926,0.7043952037053804,,cwc,
2017-06-23,Pong,0.65708,-0.8859948511525759,0.0,0.0,0.0,44405.625214834035,0.0,,cwc,
2017-06-24,Pong,0.65653,-0.8721238160420292,0.0,0.0,0.0,42253.94205599257,0.0,,cwc,
2017-06-25,Pong,0.65401,-0.8587841399810443,0.0,0.0,0.0,46064.576228655314,11.169919579586647,,cwc,
2017-06-26,Pong,0.6568,-0.851122854731745,0.0,0.0,0.0,55001.35127249787,11.215800963840094,,cwc,
2017-06-27,Pong,0.67403,-0.8499145741846152,0.0,0.0,0.0,62549.19777581856,23.672209837320946,,cwc,
2017-06-28,Pong,0.71432,-0.8476621752446297,0.0,0.0,0.0,79537.9812673653,19.78131556188928,,cwc,
2017-06-29,Pong,0.77617,-0.8468414754146152,0.0,0.0,0.0,76854.29832191562,9.709791780922563,,cwc,
2017-06-30,Pong,0.83925,-0.8471842146104295,0.0,0.0,0.0,64204.434350216325,3.815066344004103,,cwc,
2017-07-01,Pong,0.89235,-0.8455050201526912,0.0,0.0,0.0,50999.58779164603,1.02707985853823,,cwc,
2017-07-02,Pong,0.9417,-0.8385083768827207,0.0,0.0,0.0,51749.62129244357,10.814034973865416,,cwc,
2017-07-03,Pong,0.98695,-0.8328630002219627,0.0,0.0,0.0,56323.10394631369,8.212900595899344,,cwc,
2017-07-04,Pong,1.03166,-0.8313272683433743,0.0,0.0,0.0,50208.7915656527,2.8472778851129434,,cwc,
2017-07-05,Pong,1.06469,-0.8255632799053575,0.0,0.0,0.0,46726.453831076346,3.616781487397311,,cwc,
2017-07-06,Pong,1.08615,-0.814740085278742,0.0,0.0,0.0,48436.14052830623,7.600851346735095,,cwc,
2017-07-07,Pong,1.10268,-0.8032521465824364,0.0,0.0,0.0,47461.41694134538,0.6465055467610823,,cwc,
2017-07-08,Pong,1.13645,-0.7842378422581326,0.0,0.0,0.0,41913.371580733394,0.1665060241027458,,cwc,
2017-07-09,Pong,1.16213,-0.7701991313201484,0.0,0.0,0.0,51213.819518843615,20.92087558486864,,cwc,
2017-07-10,Pong,1.18499,-0.7631625149956334,0.0,0.0,0.0,65192.43147001227,13.184679484189784,,cwc,
2017-07-11,Pong,1.22651,-0.7537277199302843,0.0,0.0,0.0,70590.06038243226,22.725086944383342,,cwc,
2017-07-12,Pong,1.28631,-0.7403020151278363,0.0,0.0,0.0,81509.44455132181,15.238807069794444,,cwc,
2017-07-13,Pong,1.38323,-0.7128917687298564,0.0,0.0,0.0,66746.5893228574,1.7299020679457322,,cwc,
2017-07-14,Pong,1.49535,-0.6638756625428643,0.0,0.0,0.0,59578.34631519421,11.035119521648484,,cwc,
2017-07-15,Pong,1.55755,-0.6482858020276162,0.0,0.0,0.0,71965.17684773049,20.787696139010727,,cwc,
2017-07-16,Pong,1.61425,-0.6416964635804803,0.0,0.0,0.0,79934.57643887127,15.494865503013116,,cwc,
2017-07-17,Pong,1.7031,-0.6331209552451333,0.0,0.0,0.0,110874.93347034356,58.840875777277766,,cwc,
2017-07-18,Pong,1.77348,-0.6313297251469389,0.0,0.0,0.0,144272.16017162648,7.302702349202597,,cwc,
2017-07-19,Pong,1.99006,-0.6203979191036666,0.0,0.0,0.0,73388.16766072912,1.286117759231969,,cwc,
2017-07-20,Pong,2.08653,-0.6028875931762,0.0,0.0,0.0,65372.515848428746,6.370154603546164,,cwc,
2017-07-21,Pong,2.14932,-0.5884328339361808,0.0,0.0,0.0,65199.451972816096,15.448667235542596,,cwc,
2017-07-22,Pong,2.19709,-0.579317598031287,0.0,0.0,0.0,86615.96611762968,25.391494716174368,,cwc,
2017-07-23,Pong,2.28163,-0.5761611489964231,0.0,0.0,0.0,83259.17797978141,17.702519907273953,,cwc,
2017-07-24,Pong,2.38744,-0.5626826114783816,0.0,0.0,0.0,78023.65776690847,12.369126948455875,,cwc,
2017-07-25,Pong,2.49795,-0.5436661140874994,0.0,0.0,0.0,76084.61206327088,13.285978161489242,,cwc,
2017-07-26,Pong,2.5777,-0.5302154778073305,0.0,0.0,0.0,68613.41050829891,5.34830219131413,,cwc,
2017-07-27,Pong,2.66579,-0.5028327035202809,0.0,0.0,0.0,60004.99822383491,9.549370360636557,,cwc,
2017-07-28,Pong,2.73674,-0.47483618203098943,0.0,0.0,0.0,73930.77422664952,26.77103499888329,,cwc,
2017-07-29,Pong,2.78094,-0.4603252483204844,0.0,0.0,0.0,80710.91361217476,9.371368963286075,,cwc,
2017-07-30,Pong,2.89119,-0.43412869556295886,0.0,0.0,0.0,77337.61550417301,24.54136990438123,,cwc,
2017-07-31,Pong,2.98561,-0.40550341776735443,0.0,0.0,0.0,101518.88993722333,27.92574784677296,,cwc,
2017-08-01,Pong,3.20278,-0.36639027037160926,0.0,0.0,0.0,101460.73131742147,13.726526275185009,,cwc,
2017-08-02,Pong,3.43549,-0.3215453515190028,0.0,0.0,0.0,92382.61354864055,18.315108691232755,,cwc,
2017-08-03,Pong,3.59075,-0.2878193529948365,0.0,0.0,0.0,101573.61512202561,26.80108185249771,,cwc,
2017-08-04,Pong,3.7019,-0.2674750010563564,0.0,0.0,0.0,110782.66302637472,19.61068566976829,,cwc,
2017-08-05,Pong,3.87272,-0.24983909849456998,0.0,0.0,0.0,111185.3188192704,28.33052133515564,,cwc,
2017-08-06,Pong,4.05271,-0.23886598782596913,0.0,0.0,0.0,119199.87918655573,23.573505360440127,,cwc,
2017-08-07,Pong,4.2449,-0.23110505729417496,0.0,0.0,0.0,113796.61525752298,20.7540116206316,,cwc,
2017-08-08,Pong,4.44353,-0.2221133026132999,0.0,0.0,0.0,107340.93136570086,17.266892189583455,,cwc,
2017-08-09,Pong,4.60775,-0.21519650039967356,0.0,0.0,0.0,85344.76144989966,7.08977232171826,,cwc,
2017-08-10,Pong,4.72012,-0.20790839208039802,0.0,0.0,0.0,65231.88083205082,5.965531500137999,,cwc,
2017-08-11,Pong,4.8088,-0.20224089021775274,0.0,0.0,0.0,60176.1752267619,9.218830906787646,,cwc,
2017-08-12,Pong,4.8792,-0.1977662541956783,0.0,0.0,0.0,55238.12656073734,3.970212955822519,,cwc,
2017-08-13,Pong,4.93132,-0.19444876254468058,0.0,0.0,0.0,57625.21790980627,17.175561364375437,,cwc,
2017-08-14,Pong,4.97261,-0.1917737981640643,0.0,0.0,0.0,57756.35642352664,0.0847663484295341,,cwc,
2017-08-15,Pong,5.01999,-0.1863508732983868,0.0,0.0,0.0,43248.01398209899,0.0,,cwc,
2017-08-16,Pong,5.03759,-0.1799246865472195,0.0,0.0,0.0,42662.03547741019,0.6600735088213646,,cwc,
2017-08-17,Pong,5.04707,-0.17510141295401738,0.0,0.0,0.0,42283.60980262192,3.657701937208304,,cwc,
2017-08-18,Pong,5.05384,-0.1689563389868727,0.0,0.0,0.0,47480.32606140098,9.177999120777402,,cwc,
2017-08-19,Pong,5.06196,-0.1635943414524946,0.0,0.0,0.0,52037.729983612444,11.725625198235187,,cwc,
2017-08-20,Pong,5.09649,-0.15447982526304274,0.0,0.0,0.0,52226.29052332465,3.121570277891973,,cwc,
2017-08-21,Pong,5.10732,-0.15196501105059368,0.0,0.0,0.0,50925.379542189745,9.778543272979045,,cwc,
2017-08-22,Pong,5.11026,-0.15182838027612489,0.0,0.0,0.0,54981.03926570478,6.947874721832305,,cwc,
2017-08-23,Pong,5.11476,-0.15618795837616362,0.0,0.0,0.0,57655.29035565987,14.439354760209469,,cwc,
2017-08-24,Pong,5.12898,-0.15852463237716527,0.0,0.0,0.0,60861.52298593011,6.741700564296071,,cwc,
2017-08-25,Pong,5.17162,-0.15676874794491327,0.0,0.0,0.0,54128.4231243458,7.208106866515365,,cwc,
2017-08-26,Pong,5.21324,-0.15353934162115154,0.0,0.0,0.0,50067.54201274385,0.0,,cwc,
2017-08-27,Pong,5.23435,-0.1491710087499317,0.0,0.0,0.0,42170.51215201688,0.3158623745075876,,cwc,
2017-08-28,Pong,5.23945,-0.1405411457472778,0.0,0.0,0.0,45962.660681414374,8.406354509074466,,cwc,
2017-08-29,Pong,5.24381,-0.1351596380431901,0.0,0.0,0.0,47851.902412990035,3.341590503272526,,cwc,
2017-08-30,Pong,5.25036,-0.13254304884910112,0.0,0.0,0.0,45243.94567416217,3.6752429992055697,,cwc,
2017-08-31,Pong,5.2722,-0.12937119806177377,0.0,0.0,0.0,52432.40889724566,17.48834128436889,,cwc,
2017-09-01,Pong,5.2984,-0.12900681916479378,0.0,0.0,0.0,61803.69560091208,10.619924776167172,,cwc,
2017-09-02,Pong,5.32897,-0.13093878244756582,0.0,0.0,0.0,57723.56583164274,6.7688960543775964,,cwc,
2017-09-03,Pong,5.37846,-0.12705540945514424,0.0,0.0,0.0,51759.54372224769,1.88520909115848,,cwc,
2017-09-04,Pong,5.42213,-0.12222264813174226,0.0,0.0,0.0,44299.39495034334,0.004984225319094,,cwc,
2017-09-05,Pong,5.44033,-0.11951849241845156,0.0,0.0,0.0,42640.551386497675,2.341697146273752,,cwc,
2017-09-06,Pong,5.44251,-0.11845661676622876,0.0,0.0,0.0,44446.74211983657,5.004141801613233,,cwc,
2017-09-07,Pong,5.44688,-0.1189249787637277,0.0,0.0,0.0,47268.10594110341,7.528795516057306,,interp,
2017-09-08,Pong,5.45125,-0.12081882490560619,0.0,0.0,0.0,46072.129508887105,0.3648209520266338,,cwc,
2017-09-09,Pong,5.44906,-0.1231763544945051,0.0,0.0,0.0,43665.64657658469,4.158859439734167,,cwc,
2017-09-10,Pong,5.43232,-0.12685596773841012,0.0,0.0,0.0,44421.80371637742,1.2948453618399838,,cwc,
2017-09-11,Pong,5.42504,-0.12976445397759626,0.0,0.0,0.0,41481.902210520115,0.320890062783976,,cwc,
2017-09-12,Pong,5.41267,-0.1320304720906237,0.0,0.0,0.0,40715.922942008765,0.0780220848681318,,cwc,
2017-09-13,Pong,5.40613,-0.13292960916108695,0.0,0.0,0.0,41034.34937523247,2.268378973958598,,cwc,
2017-09-14,Pong,5.39593,-0.13486936199672617,0.0,0.0,0.0,41247.82679845231,0.0,,cwc,
2017-09-15,Pong,5.38647,-0.13687543311477612,0.0,0.0,0.0,40077.956744635834,0.0,,cwc,
2017-09-16,Pong,5.37701,-0.13849198832073847,0.0,0.0,0.0,40835.335819064014,1.8943879535302748,,cwc,
2017-09-17,Pong,5.36636,-0.1406117374851945,0.0,0.0,0.0,41126.2977857305,0.501926854718156,,cwc,
2017-09-18,Pong,5.3454,-0.14098005780650294,0.0,0.0,0.0,40321.90123023171,0.0,,cwc,
2017-09-19,Pong,5.32679,-0.13238445287442843,0.0,0.0,0.0,40066.01989324792,0.0,,cwc,
2017-09-20,Pong,5.30786,-0.12386560813795217,0.0,0.0,0.0,39876.397302088655,0.0,,cwc,
2017-09-21,Pong,5.28603,-0.12311745290772828,0.0,0.0,0.0,39853.8432958004,0.0651939024564292,,cwc,
2017-09-22,Pong,5.25909,-0.12551483099129002,0.0,0.0,0.0,48766.46725268708,22.239136036867286,,cwc,
2017-09-23,Pong,5.23144,-0.13317987946722581,0.0,0.0,0.0,69559.96816706796,24.949747088700416,,cwc,
2017-09-24,Pong,5.23945,-0.14351374417559223,0.0,0.0,0.0,69241.70881581208,2.580587411211623,,cwc,
2017-09-25,Pong,5.26929,-0.15024139082593987,0.0,0.0,0.0,50681.86447868383,0.0,,cwc,
2017-09-26,Pong,5.26929,-0.15442568236717905,0.0,0.0,0.0,44831.96185897729,0.3636046015533579,,cwc,
2017-09-27,Pong,5.25764,-0.1581482683986405,0.0,0.0,0.0,40778.28004878314,0.2146862751394232,,cwc,
2017-09-28,Pong,5.23508,-0.16216375525670998,0.0,0.0,0.0,40280.02006174886,0.4018858034838869,,cwc,
2017-09-29,Pong,5.20669,-0.16692979360740082,0.0,0.0,0.0,40114.41677047059,0.0,,cwc,
2017-09-30,Pong,5.18313,-0.17087055211664573,0.0,0.0,0.0,40151.765350422225,0.6525483163095801,,cwc,
2018-06-01,Pong,0.55799,-0.9157069653458029,0.0,0.0,0.0,44133.10159297002,8.66594226540456,,cwc,
2018-06-02,Pong,0.55409,-0.9150118362543617,0.0,0.0,0.0,45417.170952883374,0.0,,cwc,
2018-06-03,Pong,0.54683,-0.917710535691359,0.0,0.0,0.0,40997.26875420785,0.0,,cwc,
2018-06-04,Pong,0.54041,-0.916592348758211,0.0,0.0,0.0,40782.47299549909,0.0,,cwc,
2018-06-05,Pong,0.53483,-0.9142375765086761,0.0,0.0,0.0,44673.31179464111,10.504109357785463,,cwc,
2018-06-06,Pong,0.53873,-0.9140924355491786,0.0,0.0,0.0,47476.51350227526,0.5026750072603505,,cwc,
2018-06-07,Pong,0.54934,-0.9143663110063275,0.0,0.0,0.0,41593.09429577205,0.4314896019116873,,cwc,
2018-06-08,Pong,0.55492,-0.9136724656174253,0.0,0.0,0.0,46435.35014580775,10.831511536907197,,cwc,
2018-06-09,Pong,0.56051,-0.9150832675438468,0.0,0.0,0.0,48989.18166505812,2.0889794601300453,,cwc,
2018-06-10,Pong,0.57307,-0.9141662567459982,0.0,0.0,0.0,43444.505630104584,0.859462978773963,,cwc,
2018-06-11,Pong,0.58004,-0.9095489600030185,0.0,0.0,0.0,42450.61057766048,1.0592403774117862,,cwc,
2018-06-12,Pong,0.58088,-0.9077050781428142,0.0,0.0,0.0,41058.47195684237,0.3382763569449566,,cwc,
2018-06-13,Pong,0.57893,-0.9062719536823177,0.0,0.0,0.0,40600.12977546169,0.6323253014298645,,cwc,
2018-06-14,Pong,0.57083,-0.9062409806843958,0.0,0.0,0.0,46163.2053610666,13.58443893259748,,cwc,
2018-06-15,Pong,0.56023,-0.9075970082027086,0.0,0.0,0.0,52215.41650002082,6.02999156257405,,cwc,
2018-06-16,Pong,0.55157,-0.9103087824765455,0.0,0.0,0.0,46747.54742574,1.1584099338100693,,cwc,
2018-06-17,Pong,0.54376,-0.9137262304426179,0.0,0.0,0.0,45462.07491236014,4.160022989033238,,cwc,
2018-06-18,Pong,0.53259,-0.9171769804103084,0.0,0.0,0.0,43988.825768638264,0.0556259480309984,,cwc,
2018-06-19,Pong,0.51836,-0.9210825283949646,0.0,0.0,0.0,47083.241766173014,11.610672349983124,,cwc,
2018-06-20,Pong,0.50245,-0.9265377794374631,0.0,0.0,0.0,48930.66438246058,0.0,,cwc,
2018-06-21,Pong,0.4857,-0.9326948295289198,0.0,0.0,0.0,41339.487514742665,0.0290383471839522,,cwc,
2018-06-22,Pong,0.46839,-0.9343347237004075,0.0,0.0,0.0,41343.55604242292,0.2280584919539752,,cwc,
2018-06-23,Pong,0.45109,-0.9292929687720992,0.0,0.0,0.0,39976.49965862346,0.0,,cwc,
2018-06-24,Pong,0.43378,-0.9140667207825871,0.0,0.0,0.0,39857.63996498403,0.0,,cwc,
2018-06-25,Pong,0.4162,-0.9030647844652808,0.0,0.0,0.0,40282.26705355119,1.0883439553919083,,cwc,
2018-06-26,Pong,0.39889,-0.8984749242195009,0.0,0.0,0.0,44287.76009078211,9.53158163531134,,cwc,
2018-06-27,Pong,0.38155,-0.8933051580529106,0.0,0.0,0.0,61102.6373352715,32.44007999140535,,cwc,
2018-06-28,Pong,0.37185,-0.8875287258294572,0.0,0.0,0.0,85369.74699712502,21.055606244339995,,cwc,
2018-06-29,Pong,0.41983,-0.8850370814884763,0.0,0.0,0.0,74730.43269802725,4.155717139342258,,cwc,
2018-06-30,Pong,0.47565,-0.8828906332679496,0.0,0.0,0.0,58908.20714200419,4.1183727187185015,,cwc,
2018-07-01,Pong,0.49017,-0.8848703375015045,0.0,0.0,0.0,64385.341126918676,17.063879176081414,,cwc,
2018-07-02,Pong,0.49184,-0.893550433538402,0.0,0.0,0.0,79604.20916785051,18.90468978067318,,cwc,
2018-07-03,Pong,0.50524,-0.9069929500375239,0.0,0.0,0.0,72029.08157113298,8.551458464957932,,cwc,
2018-07-04,Pong,0.53399,-0.9142916694406941,0.0,0.0,0.0,57316.57503737586,3.3160724830117783,,cwc,
2018-07-05,Pong,0.5499,-0.9168840078679472,0.0,0.0,0.0,47991.299624232684,0.0,,cwc,
2018-07-06,Pong,0.55939,-0.9153696773458492,0.0,0.0,0.0,41858.60926309032,0.0,,cwc,
2018-07-07,Pong,0.5499,-0.9136385084596492,0.0,0.0,0.0,40298.01473618741,0.0,,cwc,
2018-07-08,Pong,0.53092,-0.9118536523253724,0.0,0.0,0.0,41910.16065761997,4.4039471314440135,,cwc,
2018-07-09,Pong,0.50552,-0.9076060650853048,0.0,0.0,0.0,44289.784283016204,4.040935767565602,,cwc,
2018-07-10,Pong,0.479,-0.9053963982000455,0.0,0.0,0.0,47923.3405637633,11.366992386996577,,cwc,
2018-07-11,Pong,0.45584,-0.894570813791681,0.0,0.0,0.0,50094.12313021416,2.13623377221946,,cwc,
2018-07-12,Pong,0.45695,-0.8748348576956818,0.0,0.0,0.0,52547.52784575297,16.911130916479987,,cwc,
2018-07-13,Pong,0.46253,-0.866908788281813,0.0,0.0,0.0,62981.406436597994,9.679265865352177,,cwc,
2018-07-14,Pong,0.48877,-0.8638432112465729,0.0,0.0,0.0,60690.22574313939,12.764649005561784,,cwc,
2018-07-15,Pong,0.49017,-0.8670879617374426,0.0,0.0,0.0,84633.06872470297,37.06991543535076,,cwc,
2018-07-16,Pong,0.50189,-0.8766752600225257,0.0,0.0,0.0,99307.51525379969,10.263588340443556,,cwc,
2018-07-17,Pong,0.54655,-0.8848120543001764,0.0,0.0,0.0,70213.36671993938,5.508286329876188,,cwc,
2018-07-18,Pong,0.59931,-0.879400927519986,0.0,0.0,0.0,59970.977346261345,3.959703216054796,,cwc,
2018-07-19,Pong,0.62219,-0.8731661772291651,0.0,0.0,0.0,51952.3272502114,5.1609900585231925,,cwc,
2018-07-20,Pong,0.65066,-0.8604838602007946,0.0,0.0,0.0,55715.50855780987,10.681754105158902,,cwc,
2018-07-21,Pong,0.66769,-0.8509179525288312,0.0,0.0,0.0,60576.54594451579,16.471593869658843,,cwc,
2018-07-22,Pong,0.69214,-0.830195000115266,0.0,0.0,0.0,62266.05749021098,7.500681345540609,,cwc,
2018-07-23,Pong,0.73806,-0.8035299942932369,0.0,0.0,0.0,66309.3704397416,22.172227780614406,,cwc,
2018-07-24,Pong,0.77897,-0.7795065892194099,0.0,0.0,0.0,72231.70347219016,4.918091961280004,,cwc,
2018-07-25,Pong,0.87205,-0.766427623467713,0.0,0.0,0.0,72828.11871712001,27.508260472482604,,cwc,
2018-07-26,Pong,0.92109,-0.7663264020745596,0.0,0.0,0.0,102733.92718621604,25.99947243999621,,cwc,
2018-07-27,Pong,1.09776,-0.7584230200480409,0.0,0.0,0.0,110601.55281606923,30.16134266787106,,cwc,
2018-07-28,Pong,1.19203,-0.7683683799442249,0.0,0.0,0.0,110044.82967549998,9.360133802295373,,cwc,
2018-07-29,Pong,1.28561,-0.7790295074417566,0.0,0.0,0.0,67100.9369648406,0.0436409821164213,,cwc,
2018-07-30,Pong,1.34261,-0.775895937036089,0.0,0.0,0.0,53038.50708201595,3.6362618183353312,,cwc,
2018-07-31,Pong,1.36503,-0.7663182168969989,0.0,0.0,0.0,50412.27413298459,5.411669577743131,,cwc,
2018-08-01,Pong,1.38196,-0.7496223564746249,0.0,0.0,0.0,47041.86377898957,1.918896530892124,,cwc,
2018-08-02,Pong,1.40015,-0.7227253850653859,0.0,0.0,0.0,44965.88196346945,4.900385881901479,,interp,
2018-08-03,Pong,1.41834,-0.6877309060002982,0.0,0.0,0.0,51688.94321671941,15.361833489144312,,cwc,
2018-08-04,Pong,1.43527,-0.6648910768923912,0.0,0.0,0.0,67977.76492053873,24.632838687249595,,cwc,
2018-08-05,Pong,1.53936,-0.6412383970392443,0.0,0.0,0.0,85508.8452471598,23.976423114421625,,cwc,
2018-08-06,Pong,1.74922,-0.6173320293818446,0.0,0.0,0.0,107295.32835517496,36.850445495333226,,cwc,
2018-08-07,Pong,1.86448,-0.617164690477829,0.0,0.0,0.0,125597.36214099804,17.86689146446196,,cwc,
2018-08-08,Pong,2.07788,-0.5808667657121267,0.0,0.0,0.0,102247.29529476137,14.572936736858264,,cwc,
2018-08-09,Pong,2.18754,-0.5088268534111093,0.0,0.0,0.0,84956.4149080281,6.033003601967801,,cwc,
2018-08-10,Pong,2.27746,-0.4834465335619289,0.0,0.0,0.0,59894.06525501675,3.258379147320253,,cwc,
2018-08-11,Pong,2.33844,-0.4654461451490114,0.0,0.0,0.0,60605.703513710076,13.618331710383618,,cwc,
2018-08-12,Pong,2.43331,-0.45477045894969115,0.0,0.0,0.0,129719.99093158633,98.76182061821518,,cwc,
2018-08-13,Pong,2.66267,-0.44550984263505133,0.0,0.0,0.0,238719.57412744657,18.462254531402014,,cwc,
2018-08-14,Pong,3.19846,-0.42873332027308475,0.0,0.0,0.0,112074.5758134258,2.381656690211059,,cwc,
2018-08-15,Pong,3.35492,-0.4249576597102912,0.0,0.0,0.0,80268.82602993966,0.2376461281086649,,cwc,
2018-08-16,Pong,3.42667,-0.4201957571893702,0.0,0.0,0.0,48695.259904559796,1.731212914074245,,cwc,
2018-08-17,Pong,3.47254,-0.4024267425750922,0.0,0.0,0.0,59277.70041482098,13.536760146143902,,cwc,
2018-08-18,Pong,3.51665,-0.3939144929722268,0.0,0.0,0.0,61943.11913334686,16.275034222831394,,cwc,
2018-08-19,Pong,3.59604,-0.36597002963108977,0.0,0.0,0.0,57625.71231634604,3.012887106778988,,cwc,
2018-08-20,Pong,3.65485,-0.33108265695935124,0.0,0.0,0.0,62925.823376338274,25.790966166900382,,cwc,
2018-08-21,Pong,3.74013,-0.3092729358851694,0.0,0.0,0.0,74663.72962776148,4.856259474922608,,cwc,
2018-08-22,Pong,3.82305,-0.30005691224966985,0.0,0.0,0.0,62670.16496386896,14.54937685154264,,cwc,
2018-08-23,Pong,3.90808,-0.29332777145355093,0.0,0.0,0.0,99818.12403968228,46.87180437206094,,cwc,
2018-08-24,Pong,4.09577,-0.2854211970269651,0.0,0.0,0.0,121384.85264769543,12.65738593826521,,cwc,
2018-08-25,Pong,4.29668,-0.282009243965834,0.0,0.0,0.0,82954.81971895712,7.812345240067068,,cwc,
2018-08-26,Pong,4.3966,-0.2768722818816593,0.0,0.0,0.0,63964.308339155046,0.3119832385135093,,cwc,
2018-08-27,Pong,4.45959,-0.27077010345220087,0.0,0.0,0.0,44849.87725698919,0.0,,cwc,
2018-08-28,Pong,4.50202,-0.25991524544610195,0.0,0.0,0.0,43000.24996732074,1.8699964513691736,,cwc,
2018-08-29,Pong,4.50202,-0.2520089192377995,0.0,0.0,0.0,47852.43901349396,12.193451878954894,,cwc,
2018-08-30,Pong,4.548455000000001,-0.23749191536375958,0.0,0.0,0.0,55041.63119224954,11.239559467528018,,interp,
2018-08-31,Pong,4.59489,-0.22850256490371668,0.0,0.0,0.0,53574.73036104162,5.742651421678431,,cwc,
2018-09-01,Pong,4.63009,-0.22276010233024143,0.0,0.0,0.0,54824.374381326954,11.6159565664739,,cwc,
2018-09-02,Pong,4.65378,-0.22049371331527898,0.0,0.0,0.0,62897.1424025792,14.526775747140604,,cwc,
2018-09-03,Pong,4.70049,-0.2169399777758976,0.0,0.0,0.0,65406.03261929851,10.028166326062555,,cwc,
2018-09-04,Pong,4.74246,-0.21421881771539505,0.0,0.0,0.0,58684.449742732926,5.5095985158197545,,cwc,
2018-09-05,Pong,4.78307,-0.21107468454978745,0.0,0.0,0.0,53638.63276747736,6.217122095926309,,cwc,
2018-09-06,Pong,4.80744,-0.2081873397705729,0.0,0.0,0.0,50844.99886088188,3.432030853364815,,interp,
2018-09-07,Pong,4.83181,-0.20475603062143996,0.0,0.0,0.0,52748.40600684325,12.280158142115544,,cwc,
2018-09-08,Pong,4.85212,-0.20238127860611252,0.0,0.0,0.0,55099.45633010005,4.985593918379788,,cwc,
2018-09-09,Pong,4.88123,-0.1969723333236061,0.0,0.0,0.0,49998.19758999711,6.12590263807494,,cwc,
2018-09-10,Pong,4.8907,-0.19249814496559228,0.0,0.0,0.0,50944.0018142784,5.764523447154973,,cwc,
2018-09-11,Pong,4.91101,-0.1920089777828611,0.0,0.0,0.0,49519.29707550699,5.4441534442507065,,cwc,
2018-09-12,Pong,4.93199,-0.19147664821847965,0.0,0.0,0.0,50423.25735080483,6.822785292390967,,cwc,
2018-09-13,Pong,4.9611,-0.19093964993075777,0.0,0.0,0.0,56813.22973555244,17.09373844791412,,cwc,
2018-09-14,Pong,4.98818,-0.19329114539632275,0.0,0.0,0.0,57387.128519672005,0.3741180800094674,,cwc,
2018-09-15,Pong,5.0051,-0.19752084237737375,0.0,0.0,0.0,43873.63045893811,0.0,,cwc,
2018-09-16,Pong,5.00984,-0.1983589860223499,0.0,0.0,0.0,42283.69509121084,0.0,,cwc,
2018-09-17,Pong,5.00781,-0.19777969556297256,0.0,0.0,0.0,39876.39253420732,0.0,,cwc,
2018-09-18,Pong,4.99427,-0.1820109742776775,0.0,0.0,0.0,39826.974127344176,0.0,,cwc,
2018-09-19,Pong,4.98412,-0.11715415686851506,0.0,0.0,0.0,39826.974127344176,0.0,,cwc,
2018-09-20,Pong,4.97329,-0.04224529115511954,0.0,0.0,0.0,39826.974127344176,0.0,,cwc,
2018-09-21,Pong,4.96246,0.01057902474379621,0.06513505534755115,26622.948744033354,0.0,44571.25631880839,11.958228461558228,5.0,cwc,
2018-09-22,Pong,4.95366,0.023093369285457615,0.14218587469056132,32492.112231169504,0.0,85093.8873116865,79.40264052355444,4.0,cwc,
2018-09-23,Pong,4.9875,0.016409471628376245,0.10103311681591087,32878.55296285709,0.0,207192.9177350096,59.63733437739855,3.0,cwc,
2018-09-24,Pong,5.39302,0.01888483520747744,0.11627393037243738,33268.89713627939,0.0,232767.62828216603,37.41518393691197,2.0,cwc,
2018-09-25,Pong,5.79478,0.010677238023961215,0.06573975451352876,17201.468535385302,0.0,177190.1197702634,0.7081676990717947,2.0,cwc,
2018-09-26,Pong,5.99582,-0.010333680044119721,0.0,0.0,0.0,79661.45392141357,0.0,,cwc,
2018-09-27,Pong,6.05914,-0.01544579877213774,0.0,0.0,0.0,54441.75477848595,0.3984138927346444,,cwc,
2018-09-28,Pong,6.08849,-0.016383286714792267,0.0,0.0,0.0,47672.32285555365,6.925440285693427,,cwc,
2018-09-29,Pong,6.10393,-0.016972393843521498,0.0,0.0,0.0,47899.363461243025,2.248841378159677,,cwc,
2018-09-30,Pong,6.11165,-0.018816391924418724,0.0,0.0,0.0,42142.49242587253,0.1078379993304262,,cwc,
2019-06-01,Pong,2.3887,-0.6196324886841135,0.0,0.0,0.0,39853.66182401798,0.0672678312669334,,cwc,
2019-06-02,Pong,2.37691,-0.6209538759351113,0.0,0.0,0.0,40233.188663754736,0.9317791312574736,,cwc,
2019-06-03,Pong,2.3656,-0.6228278006429913,0.0,0.0,0.0,44661.864649562776,10.714997007733697,,cwc,
2019-06-04,Pong,2.35384,-0.6264985152264809,0.0,0.0,0.0,46789.30768554649,0.0027727050195774,,cwc,
2019-06-05,Pong,2.34566,-0.6304214776192145,0.0,0.0,0.0,41285.57427504162,0.1435811603618147,,cwc,
2019-06-06,Pong,2.33589,-0.6325588898208759,0.0,0.0,0.0,41347.26732590189,0.4593821933369786,,cwc,
2019-06-07,Pong,2.326,-0.6337181932279052,0.0,0.0,0.0,40140.097556540946,0.0,,cwc,
2019-06-08,Pong,2.314,-0.633045171708235,0.0,0.0,0.0,40230.94089972475,0.7094823814028253,,cwc,
2019-06-09,Pong,2.303,-0.6328380980657432,0.0,0.0,0.0,40260.31270677997,0.0,,cwc,
2019-06-10,Pong,2.291,-0.634317912963212,0.0,0.0,0.0,39899.944907578785,0.0,,cwc,
2019-06-11,Pong,2.28,-0.6358104101211757,0.0,0.0,0.0,42472.17390314928,6.373939908274973,,cwc,
2019-06-12,Pong,2.275,-0.6375925483808359,0.0,0.0,0.0,46738.624025907695,7.005599005398073,,cwc,
2019-06-13,Pong,2.27077,-0.639522021724042,0.0,0.0,0.0,45248.13827961152,0.0303382176460764,,cwc,
2019-06-14,Pong,2.26565,-0.6405121222329618,0.0,0.0,0.0,41441.05682136099,0.0,,cwc,
2019-06-15,Pong,2.25539,-0.6422708737093336,0.0,0.0,0.0,40640.03854650705,0.0021234156421568,,cwc,
2019-06-16,Pong,2.24411,-0.6434797091140767,0.0,0.0,0.0,40030.955492544665,0.4122399080148902,,cwc,
2019-06-17,Pong,2.23161,-0.6449172885784258,0.0,0.0,0.0,43611.899658847746,7.954329552132301,,cwc,
2019-06-18,Pong,2.21899,-0.6483250342260674,0.0,0.0,0.0,44849.19338081457,0.2775100439875694,,cwc,
2019-06-19,Pong,2.20566,-0.6521586090226213,0.0,0.0,0.0,41208.636922839585,0.561594227612246,,cwc,
2019-06-20,Pong,2.191,-0.6524755602537424,0.0,0.0,0.0,42208.435001698264,2.492798060124534,,cwc,
2019-06-21,Pong,2.178,-0.6512235092465904,0.0,0.0,0.0,41522.35568439298,0.0115222546582253,,cwc,
2019-06-22,Pong,2.164,-0.6526320814044707,0.0,0.0,0.0,40194.26967078494,0.0,,cwc,
2019-06-23,Pong,2.147,-0.6541614293961175,0.0,0.0,0.0,40650.13235403606,1.369700450357899,,cwc,
2019-06-24,Pong,2.125,-0.6572429042854717,0.0,0.0,0.0,46403.052968201235,13.608431488358322,,cwc,
2019-06-25,Pong,2.096,-0.6642100640579692,0.0,0.0,0.0,50672.86933674719,2.547448958288832,,cwc,
2019-06-26,Pong,2.079,-0.6706432904719298,0.0,0.0,0.0,43699.85689976457,0.3741821904283172,,cwc,
2019-06-27,Pong,2.072,-0.6727108902436213,0.0,0.0,0.0,43294.032696385504,2.370122654736849,,cwc,
2019-06-28,Pong,2.057,-0.6761769073222347,0.0,0.0,0.0,41887.51867213042,0.0,,cwc,
2019-06-29,Pong,2.04,-0.6792510306577557,0.0,0.0,0.0,40722.949304715235,1.0378582040953424,,cwc,
2019-06-30,Pong,2.022,-0.6803874196698995,0.0,0.0,0.0,41431.63618868821,1.6982516596502373,,cwc,
2019-07-01,Pong,2.007,-0.6787724222394539,0.0,0.0,0.0,41357.721254401346,0.982995603015026,,cwc,
2019-07-02,Pong,1.993,-0.6761537310098814,0.0,0.0,0.0,40702.54633719338,0.0,,cwc,
2019-07-03,Pong,1.98,-0.6726558962765573,0.0,0.0,0.0,41099.73291161725,2.370461975961894,,cwc,
2019-07-04,Pong,1.968,-0.6659772229456263,0.0,0.0,0.0,45220.359111761914,8.93208600938252,,cwc,
2019-07-05,Pong,1.963,-0.6592135668766799,0.0,0.0,0.0,51626.922912874936,11.564159102212784,,cwc,
2019-07-06,Pong,1.957,-0.6585263252711522,0.0,0.0,0.0,53670.14788487345,6.690554405181986,,cwc,
2019-07-07,Pong,1.957,-0.6605389090197863,0.0,0.0,0.0,54818.67224873922,11.430935025998687,,cwc,
2019-07-08,Pong,1.973,-0.6587054211744806,0.0,0.0,0.0,62811.955039884895,14.890068513336386,,cwc,
2019-07-09,Pong,1.984,-0.6581130866445403,0.0,0.0,0.0,64285.30501190583,8.378440648736126,,cwc,
2019-07-10,Pong,2.01,-0.6579503514660066,0.0,0.0,0.0,55808.82793675569,3.8364511039485856,,cwc,
2019-07-11,Pong,2.023,-0.6544532822976106,0.0,0.0,0.0,48605.322413661335,1.8952377771680669,,cwc,
2019-07-12,Pong,2.031,-0.6472452607801674,0.0,0.0,0.0,52893.035680915265,14.358939386943078,,cwc,
2019-07-13,Pong,2.039,-0.6455433924871042,0.0,0.0,0.0,59806.53127010355,8.757966385482074,,cwc,
2019-07-14,Pong,2.064,-0.6425730314984051,0.0,0.0,0.0,54067.742120276285,6.444915638671147,,cwc,
2019-07-15,Pong,2.092,-0.6366422899745054,0.0,0.0,0.0,59295.92846195163,16.84763634183844,,cwc,
2019-07-16,Pong,2.113,-0.636506914121229,0.0,0.0,0.0,63474.99956263963,6.91808032285786,,cwc,
2019-07-17,Pong,2.136,-0.6378125714954851,0.0,0.0,0.0,53906.04469463656,3.86292217652158,,cwc,
2019-07-18,Pong,2.153,-0.6390585597948867,0.0,0.0,0.0,57063.31436646427,14.639818903742931,,cwc,
2019-07-19,Pong,2.18,-0.6393190204630063,0.0,0.0,0.0,57548.35222370954,2.527111086408988,,cwc,
2019-07-20,Pong,2.208,-0.6366412665330283,0.0,0.0,0.0,51053.18651675971,8.338247091411597,,cwc,
2019-07-21,Pong,2.222,-0.628335098009653,0.0,0.0,0.0,50788.31489853179,1.9807285960422147,,cwc,
2019-07-22,Pong,2.236,-0.6136507122491294,0.0,0.0,0.0,43821.92936686632,1.2779344398664418,,cwc,
2019-07-23,Pong,2.249,-0.5924832887406525,0.0,0.0,0.0,45372.01123640064,5.309822590645077,,cwc,
2019-07-24,Pong,2.261,-0.5824804214968469,0.0,0.0,0.0,52842.562911757894,16.969855561005538,,cwc,
2019-07-25,Pong,2.28,-0.5762725361588311,0.0,0.0,0.0,66234.02966137255,18.364387372111565,,cwc,
2019-07-26,Pong,2.353,-0.5563139921577116,0.0,0.0,0.0,82020.44393152416,31.72645491561205,,cwc,
2019-07-27,Pong,2.382,-0.5392453084145272,0.0,0.0,0.0,91777.86792562199,8.069248311437539,,cwc,
2019-07-28,Pong,2.459,-0.5331226684298702,0.0,0.0,0.0,65640.1994435168,4.890824933869504,,cwc,
2019-07-29,Pong,2.498,-0.5246926384465873,0.0,0.0,0.0,60699.23836211758,6.66375541025731,,cwc,
2019-07-30,Pong,2.534,-0.5216238990945943,0.0,0.0,0.0,86623.6536423899,43.20441482253173,,cwc,
2019-07-31,Pong,2.674,-0.511943023399921,0.0,0.0,0.0,113121.82804583227,11.658933427570751,,cwc,
2019-08-01,Pong,2.805,-0.5155288801874565,0.0,0.0,0.0,75713.41175709169,12.65617741489557,,cwc,
2019-08-02,Pong,2.81,-0.5228958261340533,0.0,0.0,0.0,70914.38549125569,3.9469300315753135,,cwc,
2019-08-03,Pong,2.911,-0.5114742340596091,0.0,0.0,0.0,53707.518101976966,4.10300313843026,,cwc,
2019-08-04,Pong,2.955,-0.49730414924714694,0.0,0.0,0.0,53763.49999041524,6.215842451173042,,cwc,
2019-08-05,Pong,2.988,-0.4778521867507076,0.0,0.0,0.0,50553.508616922714,6.244092038761639,,cwc,
2019-08-06,Pong,3.024,-0.46722790052318086,0.0,0.0,0.0,55130.239377716025,14.085244537846076,,cwc,
2019-08-07,Pong,3.083,-0.45474689666531193,0.0,0.0,0.0,58375.529843221164,7.836055843938392,,cwc,
2019-08-08,Pong,3.132,-0.4420766090957807,0.0,0.0,0.0,71383.33124782838,33.323660346988326,,cwc,
2019-08-09,Pong,3.264,-0.4125845299780432,0.0,0.0,0.0,89227.65446887992,8.94691036150652,,cwc,
2019-08-10,Pong,3.377,-0.39601220408116933,0.0,0.0,0.0,62575.91698129816,4.344791990417484,,cwc,
2019-08-11,Pong,3.426,-0.3866833313352117,0.0,0.0,0.0,62424.32877763924,10.87796320940526,,cwc,
2019-08-12,Pong,3.476,-0.3713373694470143,0.0,0.0,0.0,70233.31229281073,19.275707108671767,,cwc,
2019-08-13,Pong,3.551,-0.32415788309756266,0.0,0.0,0.0,91649.50746221901,28.33846996140647,,cwc,
2019-08-14,Pong,3.679,-0.24648700707938848,0.0,0.0,0.0,84746.2112234849,6.516550513031715,,cwc,
2019-08-15,Pong,3.803,-0.21233340960822875,0.0,0.0,0.0,66024.76592945863,10.479075868893853,,cwc,
2019-08-16,Pong,3.877,-0.1864491475792272,0.0,0.0,0.0,80606.92176013101,23.635975900324592,,cwc,
2019-08-17,Pong,3.96,-0.18373860895807287,0.0,0.0,0.0,158309.11189181215,86.71548717336933,,cwc,
2019-08-18,Pong,4.164,-0.1931739873364852,0.0,0.0,0.0,234796.35787567694,13.70562452606927,,cwc,
2019-08-19,Pong,4.627,-0.19472262077793895,0.0,0.0,0.0,120013.3419633924,15.318519195533208,,cwc,
2019-08-20,Pong,4.848,-0.18797645206292116,0.0,0.0,0.0,100918.19134110423,0.0,,cwc,
2019-08-21,Pong,4.942,-0.18995998099664538,0.0,0.0,0.0,53503.2364354751,3.4166349216941465,,cwc,
2019-08-22,Pong,4.994,-0.17972603586083732,0.0,0.0,0.0,51182.387293944405,1.4847606243201965,,cwc,
2019-08-23,Pong,5.02357,-0.17696263021943456,0.0,0.0,0.0,41654.99465117255,0.0975279629295293,,cwc,
2019-08-24,Pong,5.05804,-0.17001675082557127,0.0,0.0,0.0,46660.26707136841,11.632773178787524,,cwc,
2019-08-25,Pong,5.09201,-0.163499693702119,0.0,0.0,0.0,57505.43515698429,18.98544215153313,,cwc,
2019-08-26,Pong,5.13392,-0.15898695778535085,0.0,0.0,0.0,58003.56761110657,0.3924306970157765,,cwc,
2019-08-27,Pong,5.21775,-0.15117438765346788,0.0,0.0,0.0,46050.43398527703,2.135961860815565,,cwc,
2019-08-28,Pong,5.26184,-0.14371519297120067,0.0,0.0,0.0,45045.76647635057,1.0243539714730432,,cwc,
2019-08-29,Pong,5.29797,-0.1378966572856702,0.0,0.0,0.0,49176.24117251342,13.145879394350382,,cwc,
2019-08-30,Pong,5.325,-0.13635165969220556,0.0,0.0,0.0,51732.024650140665,0.4610799577438431,,cwc,
2019-08-31,Pong,5.389,-0.12579887092886655,0.0,0.0,0.0,43400.29661749331,2.841895670384384,,cwc,
2019-09-01,Pong,5.298,-0.13350258697758083,0.0,0.0,0.0,46800.97760207213,6.237890188310654,,cwc,
2019-09-02,Pong,5.444,-0.1095098691518518,0.0,0.0,0.0,44920.98971041568,0.0064862006566172,,cwc,
2019-09-03,Pong,5.479,-0.1039288422491018,0.0,0.0,0.0,42016.25387969973,1.763464484125658,,cwc,
2019-09-04,Pong,5.494,-0.10165711078326381,0.0,0.0,0.0,52129.93609728545,22.329882669546127,,cwc,
2019-09-05,Pong,5.523,-0.10173592325334808,0.0,0.0,0.0,61208.13433880651,4.394760209403065,,cwc,
2019-09-06,Pong,5.587,-0.09975206607811418,0.0,0.0,0.0,47505.294154303105,0.3497938660796788,,cwc,
2019-09-07,Pong,5.625,-0.09652556783580929,0.0,0.0,0.0,44660.37345397987,1.3788305919934345,,cwc,
2019-09-08,Pong,5.634,-0.09641732705297941,0.0,0.0,0.0,41602.22645811526,0.0,,cwc,
2019-09-09,Pong,5.649,-0.09396845957844162,0.0,0.0,0.0,40078.29582320805,0.0,,cwc,
2019-09-10,Pong,5.658,-0.09185012101652547,0.0,0.0,0.0,40041.65473988255,0.1628492085537569,,cwc,
2019-09-11,Pong,5.661,-0.0896854064814307,0.0,0.0,0.0,40093.11742625477,0.4305964270175061,,cwc,
2019-09-12,Pong,5.652,-0.08982392868143693,0.0,0.0,0.0,41254.15878986353,2.862097814308617,,cwc,
2019-09-13,Pong,5.635,-0.09272663175465451,0.0,0.0,0.0,41633.97574984299,0.2934093675057162,,cwc,
2019-09-14,Pong,5.617,-0.09500641052113545,0.0,0.0,0.0,41730.65049219515,3.297250017008795,,cwc,
2019-09-15,Pong,5.6,-0.09610375392675989,0.0,0.0,0.0,44263.125608162096,4.817341091240952,,cwc,
2019-09-16,Pong,5.579,-0.09891260105551539,0.0,0.0,0.0,43423.126519733836,0.1962451751541629,,cwc,
2019-09-17,Pong,5.553,-0.10259365583305495,0.0,0.0,0.0,40897.76561680717,4.1266882899048455e-05,,cwc,
2019-09-18,Pong,5.539,-0.10343450113948995,0.0,0.0,0.0,43253.955211334585,6.380177940079031,,cwc,
2019-09-19,Pong,5.522,-0.10526927191913275,0.0,0.0,0.0,45917.587073903196,3.72271309155994,,cwc,
2019-09-20,Pong,5.43164,-0.12200900012548932,0.0,0.0,0.0,45777.86658356128,5.39321391318794,,cwc,
2019-09-21,Pong,5.42007,-0.1258088412842577,0.0,0.0,0.0,44786.561113346776,0.2020665546628858,,cwc,
2019-09-22,Pong,5.40923,-0.12618506876323074,0.0,0.0,0.0,44503.99615578728,6.866398757627914,,cwc,
2019-09-23,Pong,5.39767,-0.12336972810120458,0.0,0.0,0.0,45585.09774241853,0.0,,cwc,
2019-09-24,Pong,5.38611,-0.1222622909958929,0.0,0.0,0.0,40723.99859483306,0.0,,cwc,
2019-09-25,Pong,5.37455,-0.11496439238285833,0.0,0.0,0.0,40944.326071782656,0.7027266994292581,,cwc,
2019-09-26,Pong,5.36009,-0.10967105674929621,0.0,0.0,0.0,48270.43776186077,17.951538844912683,,cwc,
2019-09-27,Pong,5.3600674999999995,-0.10881288713395887,0.0,0.0,0.0,56313.99421967868,4.938116923796574,,interp,
2019-09-28,Pong,5.3600449999999995,-0.11306530031707351,0.0,0.0,0.0,53097.02202811675,12.793283728379205,,interp,
2019-09-29,Pong,5.3600225,-0.1168724694889921,0.0,0.0,0.0,63814.70669221245,15.189406167149482,,interp,
2019-09-30,Pong,5.36,-0.12481634523089388,0.0,0.0,0.0,60175.723843842185,2.966874880488487,,cwc,
2020-06-01,Pong,2.82817,-0.531014745589057,0.0,0.0,0.0,54710.22382401485,1.3946026724537457,,cwc,
2020-06-02,Pong,2.80882,-0.5361011897104755,0.0,0.0,0.0,49646.22824048395,4.902776816489035,,cwc,
2020-06-03,Pong,2.78732,-0.5421098617182982,0.0,0.0,0.0,49489.21447740164,4.840359813257364,,cwc,
2020-06-04,Pong,2.76421,-0.5487892609778673,0.0,0.0,0.0,49997.26416197448,7.055848934262409,,cwc,
2020-06-05,Pong,2.74003,-0.5559777274175136,0.0,0.0,0.0,52367.61368426673,9.681959496127757,,cwc,
2020-06-06,Pong,2.71531,-0.5639658352201958,0.0,0.0,0.0,49818.800594781125,1.3047324317357936,,cwc,
2020-06-07,Pong,2.69059,-0.5711736669701645,0.0,0.0,0.0,43312.72524264812,0.1500897558290598,,cwc,
2020-06-08,Pong,2.66963,-0.5757744755234111,0.0,0.0,0.0,42125.83619384842,1.372234292818099,,cwc,
2020-06-09,Pong,2.64813,-0.5799488100999307,0.0,0.0,0.0,41790.12422491684,1.5511354124615762,,cwc,
2020-06-10,Pong,2.62609,-0.5841180472415407,0.0,0.0,0.0,42368.82996159722,2.7357108844168505,,cwc,
2020-06-11,Pong,2.60251,-0.5887793690039737,0.0,0.0,0.0,41783.642996511386,0.0,,cwc,
2020-06-12,Pong,2.57892,-0.5932260596019232,0.0,0.0,0.0,40301.50481426485,0.0281534520762715,,cwc,
2020-06-13,Pong,2.55431,-0.5972868871601408,0.0,0.0,0.0,40408.58777481837,0.6506111164628042,,cwc,
2020-06-14,Pong,2.53124,-0.6008375434361679,0.0,0.0,0.0,40306.420569210495,0.2312583730762092,,cwc,
2020-06-15,Pong,2.51073,-0.6032878882077303,0.0,0.0,0.0,40276.207847142585,0.5844606258125707,,cwc,
2020-06-16,Pong,2.49432,-0.6043173197460421,0.0,0.0,0.0,40235.24445289478,0.0,,cwc,
2020-06-17,Pong,2.47535,-0.60596303225238,0.0,0.0,0.0,40141.07025230739,0.5693667068216626,,cwc,
2020-06-18,Pong,2.45587,-0.608385578226039,0.0,0.0,0.0,40902.5881790571,1.7147614550007773,,cwc,
2020-06-19,Pong,2.43895,-0.607507454322728,0.0,0.0,0.0,42523.08101583232,4.006612408357326,,cwc,
2020-06-20,Pong,2.421,-0.6042162607764113,0.0,0.0,0.0,44392.89659478345,4.364089284913369,,cwc,
2020-06-21,Pong,2.40921,-0.6051428471187603,0.0,0.0,0.0,43847.374114926104,1.3117277901397937,,cwc,
2020-06-22,Pong,2.39537,-0.6070900262570766,0.0,0.0,0.0,42006.691957096285,0.762432383504653,,cwc,
2020-06-23,Pong,2.37896,-0.6096237986986212,0.0,0.0,0.0,50028.245023500574,19.073710662166683,,cwc,
2020-06-24,Pong,2.36306,-0.6146816613143599,0.0,0.0,0.0,58142.41422391467,4.920877731227908,,cwc,
2020-06-25,Pong,2.37588,-0.6177251256410852,0.0,0.0,0.0,46880.04966930346,0.2261838707520751,,cwc,
2020-06-26,Pong,2.38716,-0.6178942668416021,0.0,0.0,0.0,44604.0309239727,2.3313495049754374,,cwc,
2020-06-27,Pong,2.37742,-0.6202267265540998,0.0,0.0,0.0,42337.588372243925,0.0,,cwc,
2020-06-28,Pong,2.36871,-0.6212543338302438,0.0,0.0,0.0,43798.61514232564,6.3535689016213,,cwc,
2020-06-29,Pong,2.35589,-0.6223523491597884,0.0,0.0,0.0,45243.319439343526,2.0012460817152715,,cwc,
2020-06-30,Pong,2.34922,-0.618429639732258,0.0,0.0,0.0,41843.86658719913,0.0,,cwc,
2020-07-01,Pong,2.35281,-0.6112840637468677,0.0,0.0,0.0,42715.28710069081,4.179685907952766,,cwc,
2020-07-02,Pong,2.34614,-0.6104014649696589,0.0,0.0,0.0,43311.611841544436,1.1685558918252943,,cwc,
2020-07-03,Pong,2.34358,-0.6073541570282144,0.0,0.0,0.0,46275.350278102414,10.658697374504907,,cwc,
2020-07-04,Pong,2.3482,-0.6037034168685216,0.0,0.0,0.0,57841.38615401421,19.43681801426612,,cwc,
2020-07-05,Pong,2.35537,-0.6056844189126794,0.0,0.0,0.0,58358.914085143515,0.3940088550279703,,cwc,
2020-07-06,Pong,2.36409,-0.6086195870241708,0.0,0.0,0.0,47662.67599015184,4.48140212723582,,cwc,
2020-07-07,Pong,2.3646,-0.6051285530758616,0.0,0.0,0.0,52026.7627120198,8.588064391481,,cwc,
2020-07-08,Pong,2.35435,-0.6053919984833501,0.0,0.0,0.0,53574.371637045755,7.465073291431925,,cwc,
2020-07-09,Pong,2.34666,-0.6107047410589316,0.0,0.0,0.0,49925.41167241045,2.040111324314265,,cwc,
2020-07-10,Pong,2.36563,-0.6101629755821393,0.0,0.0,0.0,47408.16698428376,7.219631468567384,,cwc,
2020-07-11,Pong,2.37229,-0.6107748659274324,0.0,0.0,0.0,56239.68316980687,15.832767693386357,,cwc,
2020-07-12,Pong,2.37588,-0.6128819510848244,0.0,0.0,0.0,55553.31092827665,0.046251672897895,,cwc,
2020-07-13,Pong,2.37486,-0.6130549637307539,0.0,0.0,0.0,43347.60546038855,0.0,,cwc,
2020-07-14,Pong,2.37229,-0.6079555215230734,0.0,0.0,0.0,43535.11238742241,2.8469405019154346,,cwc,
2020-07-15,Pong,2.36614,-0.6020467754351474,0.0,0.0,0.0,43146.12452459319,2.027883393287338,,cwc,
2020-07-16,Pong,2.36204,-0.5947405533896897,0.0,0.0,0.0,49469.68036151557,14.72279751696474,,cwc,
2020-07-17,Pong,2.36204,-0.5863815319074379,0.0,0.0,0.0,55534.82024194973,8.92284395207169,,cwc,
2020-07-18,Pong,2.36358,-0.5862122653998408,0.0,0.0,0.0,57231.20113945388,13.711593344047976,,cwc,
2020-07-19,Pong,2.37434,-0.5886071731096545,0.0,0.0,0.0,60918.654759836725,7.233823434039837,,cwc,
2020-07-20,Pong,2.39024,-0.5912031264383761,0.0,0.0,0.0,63208.61931376338,18.176391644133496,,cwc,
2020-07-21,Pong,2.46408,-0.583303953105987,0.0,0.0,0.0,70505.81609820246,8.638234798976859,,cwc,
2020-07-22,Pong,2.41331,-0.5982458403322068,0.0,0.0,0.0,55331.34150055961,2.343438823817409,,cwc,
2020-07-23,Pong,2.42921,-0.593773906668151,0.0,0.0,0.0,46806.243358883075,0.0039892855770083,,cwc,
2020-07-24,Pong,2.44253,-0.5849936700132222,0.0,0.0,0.0,47886.85416698494,10.115092108871002,,cwc,
2020-07-25,Pong,2.44408,-0.571818504293537,0.0,0.0,0.0,52906.55043289984,5.902896219741403,,cwc,
2020-07-26,Pong,2.45433,-0.5572736148258659,0.0,0.0,0.0,53654.83443657247,13.6920556378998,,cwc,
2020-07-27,Pong,2.45997,-0.5498373272266902,0.0,0.0,0.0,60086.435039673255,11.171859038506357,,cwc,
2020-07-28,Pong,2.47587,-0.5467252472959145,0.0,0.0,0.0,63458.055790555736,15.830089338180112,,cwc,
2020-07-29,Pong,2.49791,-0.5480854993841752,0.0,0.0,0.0,80409.65751179375,25.78636809872665,,cwc,
2020-07-30,Pong,2.52355,-0.5575600712877969,0.0,0.0,0.0,85320.38069321259,11.20527005185027,,cwc,
2020-07-31,Pong,2.58559,-0.5634541969924469,0.0,0.0,0.0,70063.57473529849,8.256231022531916,,cwc,
2020-08-01,Pong,2.62507,-0.5655260601614419,0.0,0.0,0.0,61419.34958617866,4.899510093662642,,cwc,
2020-08-02,Pong,2.67016,-0.5594484382451614,0.0,0.0,0.0,51026.36441574546,2.242948384393402,,cwc,
2020-08-03,Pong,2.68844,-0.5512934605585887,0.0,0.0,0.0,46086.19696573386,2.282829884559035,,cwc,
2020-08-04,Pong,2.69972,-0.5450255993784755,0.0,0.0,0.0,45129.45663103613,4.276125621538777,,cwc,
2020-08-05,Pong,2.70671,-0.5356691153172212,0.0,0.0,0.0,48712.72716938578,9.620005974647729,,cwc,
2020-08-06,Pong,2.71316,-0.5231044466098496,0.0,0.0,0.0,58284.32198590029,19.120262002784592,,cwc,
2020-08-07,Pong,2.72229,-0.5152858396447179,0.0,0.0,0.0,64077.33996167569,8.678173163201459,,cwc,
2020-08-08,Pong,2.75669,-0.5036880559490711,0.0,0.0,0.0,57249.237214233945,6.751222094697415,,cwc,
2020-08-09,Pong,2.77389,-0.48215354179140174,0.0,0.0,0.0,65818.73085240014,20.79955087176775,,cwc,
2020-08-10,Pong,2.82441,-0.45763263753687283,0.0,0.0,0.0,77696.36732727909,14.578093872621576,,cwc,
2020-08-11,Pong,2.90395,-0.4455963229097097,0.0,0.0,0.0,74228.71542810857,14.039134878783392,,cwc,
2020-08-12,Pong,2.9765,-0.42828848512407663,0.0,0.0,0.0,79203.60666593819,20.73784446331933,,cwc,
2020-08-13,Pong,3.04529,-0.4202239757580967,0.0,0.0,0.0,104412.30310798973,37.37807390323619,,cwc,
2020-08-14,Pong,3.15708,-0.4171219469427708,0.0,0.0,0.0,106878.24674509297,2.448663800839721,,cwc,
2020-08-15,Pong,3.27046,-0.41800698152424465,0.0,0.0,0.0,75475.95322625535,18.9952021465917,,cwc,
2020-08-16,Pong,3.31289,-0.41579570470063154,0.0,0.0,0.0,88131.55906113141,13.134196722801471,,cwc,
2020-08-17,Pong,3.41401,-0.401732832624632,0.0,0.0,0.0,71381.72850301853,8.616294265560699,,cwc,
2020-08-18,Pong,3.41401,-0.39928832917873736,0.0,0.0,0.0,66526.36545416302,9.662121890724382,,interp,
2020-08-19,Pong,3.41401,-0.4061247792022571,0.0,0.0,0.0,58308.66215395834,6.698243244943535,,cwc,
2020-08-20,Pong,3.557555,-0.3843523024788166,0.0,0.0,0.0,63698.19772246999,17.67978999382251,,interp,
2020-08-21,Pong,3.7011,-0.3626546000435305,0.0,0.0,0.0,82190.64435914508,28.15839595896224,,cwc,
2020-08-22,Pong,3.82078,-0.3449916927749035,0.0,0.0,0.0,77533.51390108484,0.0805747434948887,,cwc,
2020-08-23,Pong,3.95648,-0.3162409479972041,0.0,0.0,0.0,49321.90067832908,0.431177994751366,,cwc,
2020-08-24,Pong,4.02496,-0.29788639155172475,0.0,0.0,0.0,54429.01051963809,12.461423451481007,,cwc,
2020-08-25,Pong,4.06935,-0.29106596925191824,0.0,0.0,0.0,59630.370704395384,8.574184611691964,,cwc,
2020-08-26,Pong,4.13149,-0.2830616166969086,0.0,0.0,0.0,77723.38808866208,38.043786184229816,,cwc,
2020-08-27,Pong,4.20759,-0.27796901315277267,0.0,0.0,0.0,94421.74597365182,13.394839746867484,,cwc,
2020-08-28,Pong,4.2769916666666665,-0.2861434472927529,0.0,0.0,0.0,67522.44392982611,2.178254148238994,,interp,
2020-08-29,Pong,4.346393333333333,-0.2840170251777641,0.0,0.0,0.0,53449.41276944731,0.1035712076176978,,interp,
2020-08-30,Pong,4.415794999999999,-0.2733630918666631,0.0,0.0,0.0,54375.18807077602,14.356043941014375,,interp,
2020-08-31,Pong,4.485196666666666,-0.26169938394698006,0.0,0.0,0.0,59434.62522574491,3.534211833550457,,interp,
2020-09-01,Pong,4.554598333333333,-0.25684040598532387,0.0,0.0,0.0,45483.27853725495,0.7848699438419907,,interp,
2020-09-02,Pong,4.624,-0.24564643623283583,0.0,0.0,0.0,44506.89233276709,3.417125795459824,,cwc,
2020-09-03,Pong,4.62437,-0.2458099489581402,0.0,0.0,0.0,51894.014540629105,16.7044120235441,,cwc,
2020-09-04,Pong,4.72243,-0.23435916008028407,0.0,0.0,0.0,55360.96715256607,0.3904502099264945,,cwc,
2020-09-05,Pong,4.75659,-0.2347500648167384,0.0,0.0,0.0,43295.76557410385,0.6499187756803039,,cwc,
2020-09-06,Pong,4.77803,-0.2326211140393285,0.0,0.0,0.0,45286.92453483222,5.182809910200457,,cwc,
2020-09-07,Pong,4.79277,-0.23213582015164833,0.0,0.0,0.0,43944.16789443781,0.004009325415385,,cwc,
2020-09-08,Pong,4.8142,-0.22995960232716603,0.0,0.0,0.0,40630.31457878769,0.0,,cwc,
2020-09-09,Pong,4.82023,-0.22923785944366343,0.0,0.0,0.0,40414.851742855004,0.1067024938158402,,cwc,
2020-09-10,Pong,4.81889,-0.2296310787870843,0.0,0.0,0.0,39890.16868638612,0.0,,cwc,
2020-09-11,Pong,4.80884,-0.23128844579398175,0.0,0.0,0.0,40483.45727426296,1.496901786835844,,cwc,
2020-09-12,Pong,4.8008,-0.2328322024429785,0.0,0.0,0.0,40661.609598098585,0.0,,cwc,
2020-09-13,Pong,4.79344,-0.2343289232384783,0.0,0.0,0.0,39981.967925785146,0.0007988269427667,,cwc,
2020-09-14,Pong,4.78473,-0.2357994722775417,0.0,0.0,0.0,39972.98862548294,0.0,,cwc,
2020-09-15,Pong,4.77334,-0.23770206487048137,0.0,0.0,0.0,39827.056528762805,0.0,,cwc,
2020-09-16,Pong,4.76262,-0.23944320529622373,0.0,0.0,0.0,39884.69804504643,0.1418583361401049,,cwc,
2020-09-17,Pong,4.74789,-0.24185140128683816,0.0,0.0,0.0,39903.28029113392,0.0,,cwc,
2020-09-18,Pong,4.73181,-0.24441489010103742,0.0,0.0,0.0,39841.29357214055,0.0,,cwc,
2020-09-19,Pong,4.71573,-0.24679458079028563,0.0,0.0,0.0,39840.45129373364,0.0,,cwc,
2020-09-20,Pong,4.70234,-0.2487005627570244,0.0,0.0,0.0,39826.974127344176,0.0,,cwc,
2020-09-21,Pong,4.68693,-0.2504912907822906,0.0,0.0,0.0,39844.9434115181,0.0451887166201557,,cwc,
2020-09-22,Pong,4.67219,-0.2520150991439348,0.0,0.0,0.0,40024.51070705726,0.4364113549714588,,cwc,
2020-09-23,Pong,4.65478,-0.2547514865200953,0.0,0.0,0.0,40425.06644148755,0.8940520744588099,,cwc,
2020-09-24,Pong,4.63736,-0.2576738331197898,0.0,0.0,0.0,40516.8534730163,0.3700133831831601,,cwc,
2020-09-25,Pong,4.61994,-0.2607772669246462,0.0,0.0,0.0,41619.0657537045,3.5610877716563154,,cwc,
2020-09-26,Pong,4.60454,-0.26399059931841523,0.0,0.0,0.0,42034.90722731186,0.0,,cwc,
2020-09-27,Pong,4.58913,-0.26737079667566527,0.0,0.0,0.0,40254.24525418872,0.0,,cwc,
2020-09-28,Pong,4.57372,-0.27004342150760574,0.0,0.0,0.0,40190.90730613532,0.0,,cwc,
2020-09-29,Pong,4.561,-0.2722539769754381,0.0,0.0,0.0,39826.974127344176,0.0,,cwc,
2020-09-30,Pong,4.54894,-0.27421272311804,0.0,0.0,0.0,39826.974127344176,0.0,,cwc,
2021-06-01,Pong,0.80653,-0.8746778486165369,0.0,0.0,0.0,48427.318456589666,0.7946232925506654,,cwc,
2021-06-02,Pong,0.789765,-0.880437856528557,0.0,0.0,0.0,43552.612356856705,3.3058577742395268,,interp,
2021-06-03,Pong,0.773,-0.8844634977765611,0.0,0.0,0.0,43953.75604847318,0.511521445020499,,cwc,
2021-06-04,Pong,0.7670542857142857,-0.8870039409972288,0.0,0.0,0.0,40776.53969765201,0.2107192108761,,interp,
2021-06-05,Pong,0.7611085714285715,-0.8875905307435903,0.0,0.0,0.0,40959.21268601825,1.1151995779153543,,interp,
2021-06-06,Pong,0.7551628571428571,-0.8862843783121132,0.0,0.0,0.0,40784.240053256195,0.5168513812111459,,interp,
2021-06-07,Pong,0.7492171428571429,-0.8830284228138642,0.0,0.0,0.0,40274.20422490523,0.0,,interp,
2021-06-08,Pong,0.7432714285714286,-0.8792184703448279,0.0,0.0,0.0,39990.749616247034,0.0,,interp,
2021-06-09,Pong,0.7373257142857144,-0.8767846633876774,0.0,0.0,0.0,41730.55937695974,4.535498572814061,,interp,
2021-06-10,Pong,0.73138,-0.8762787835071034,0.0,0.0,0.0,46676.46708748826,9.56084798601504,,cwc,
2021-06-11,Pong,0.71604,-0.8789240344196603,0.0,0.0,0.0,51408.32739677754,9.51861502740082,,interp,
2021-06-12,Pong,0.7007,-0.8815997217407955,0.0,0.0,0.0,52292.468566288866,6.338390319651793,,interp,
2021-06-13,Pong,0.68536,-0.8821630610782629,0.0,0.0,0.0,48545.83542137197,1.5211946557380345,,interp,
2021-06-14,Pong,0.6700200000000001,-0.882936296428745,0.0,0.0,0.0,45433.86489184261,3.41854374634782,,interp,
2021-06-15,Pong,0.65468,-0.8851972032184073,0.0,0.0,0.0,46289.473164355746,4.393726012094899,,interp,
2021-06-16,Pong,0.63934,-0.8891017128884416,0.0,0.0,0.0,50944.73785494066,12.725769738357531,,interp,
2021-06-17,Pong,0.624,-0.8956226991204446,0.0,0.0,0.0,57144.76904841011,10.748820003388774,,cwc,
2021-06-18,Pong,0.608,-0.9050363262007487,0.0,0.0,0.0,52869.91605985045,2.64497598731706,,interp,
2021-06-19,Pong,0.592,-0.9125023573328707,0.0,0.0,0.0,46014.1032166438,0.7158566720158538,,interp,
2021-06-20,Pong,0.5760000000000001,-0.9167717540426635,0.0,0.0,0.0,42733.45542591769,0.6566815089104066,,interp,
2021-06-21,Pong,0.56,-0.919110326032105,0.0,0.0,0.0,40804.15083093482,0.0020515941837271,,interp,
2021-06-22,Pong,0.544,-0.9207757065872813,0.0,0.0,0.0,39994.38838276014,0.0,,interp,
2021-06-23,Pong,0.528,-0.9231044748579951,0.0,0.0,0.0,40620.81394853469,1.7211555960776073,,interp,
2021-06-24,Pong,0.512,-0.9258164003981013,0.0,0.0,0.0,41809.58332723712,2.429902233554717,,cwc,
2021-06-25,Pong,0.4888571428571429,-0.9303593547746598,0.0,0.0,0.0,43388.00797546932,4.603034500587992,,interp,
2021-06-26,Pong,0.4657142857142857,-0.935532451215576,0.0,0.0,0.0,43152.84263088119,0.0869504460731238,,interp,
2021-06-27,Pong,0.44257142857142856,-0.940248788002594,0.0,0.0,0.0,40673.612762419456,0.0,,interp,
2021-06-28,Pong,0.41942857142857143,-0.942741846503442,0.0,0.0,0.0,40335.792890548764,0.0,,interp,
2021-06-29,Pong,0.39628571428571424,-0.9449381237104343,0.0,0.0,0.0,39836.166662300726,0.0,,interp,
2021-06-30,Pong,0.3731428571428571,-0.9460650953781458,0.0,0.0,0.0,39828.78918915087,0.0042518555329321,,interp,
2021-07-01,Pong,0.35,-0.945994392358808,0.0,0.0,0.0,40743.09547815619,2.299976308384562,,cwc,
2021-07-02,Pong,0.3308,-0.9488052895185437,0.0,0.0,0.0,43858.92047438263,6.684733989645523,,cwc,
2021-07-03,Pong,0.33349,-0.9488937586662364,0.0,0.0,0.0,44267.97409660559,0.1434690835345134,,cwc,
2021-07-04,Pong,0.32937,-0.9498756833607703,0.0,0.0,0.0,46459.33945344481,12.121951016327005,,cwc,
2021-07-05,Pong,0.31724,-0.9514166731422754,0.0,0.0,0.0,49466.004633332195,0.0412073937451995,,cwc,
2021-07-06,Pong,0.31332,-0.9514749332873463,0.0,0.0,0.0,41516.955165813146,0.0,,cwc,
2021-07-07,Pong,0.31332,-0.9384134926134774,0.0,0.0,0.0,42536.78490892691,2.3164337002076567,,cwc,
2021-07-08,Pong,0.31135,-0.8964406918571559,0.0,0.0,0.0,43480.86970992578,4.302410623635168,,cwc,
2021-07-09,Pong,0.31438333333333335,-0.8435138073792995,0.0,0.0,0.0,47539.2676494411,8.49583018353149,,interp,
2021-07-10,Pong,0.3174166666666667,-0.8159758025026216,0.0,0.0,0.0,50921.62789960642,9.313475994938226,,interp,
2021-07-11,Pong,0.32045,-0.7977830229402976,0.0,0.0,0.0,74387.0990595189,46.62583323326245,,cwc,
2021-07-12,Pong,0.33865,-0.7990895422169246,0.0,0.0,0.0,148969.84998653177,60.412358566080535,,cwc,
2021-07-13,Pong,0.4807666666666667,-0.8132436783798926,0.0,0.0,0.0,175435.713689375,14.7437074464885,,interp,
2021-07-14,Pong,0.6228833333333333,-0.8234552947306816,0.0,0.0,0.0,115600.99703087367,12.135556556470268,,interp,
2021-07-15,Pong,0.765,-0.7864237778712962,0.0,0.0,0.0,95465.36194868087,7.639151961189331,,cwc,
2021-07-16,Pong,0.8427471428571428,-0.7698186001427197,0.0,0.0,0.0,63660.17127920139,1.3025169112387949,,interp,
2021-07-17,Pong,0.9204942857142857,-0.7514907268640202,0.0,0.0,0.0,55261.85742559368,8.600917471266055,,interp,
2021-07-18,Pong,0.9982414285714285,-0.7362810961174714,0.0,0.0,0.0,91649.38266378094,62.16247346106363,,interp,
2021-07-19,Pong,1.0759885714285713,-0.7370966750271826,0.0,0.0,0.0,150705.73058092804,25.743742241122803,,interp,
2021-07-20,Pong,1.1537357142857143,-0.7639962276780555,0.0,0.0,0.0,105475.65427840698,8.433278545054348,,interp,
2021-07-21,Pong,1.2314828571428569,-0.7719949450450599,0.0,0.0,0.0,78005.76260323205,2.5662082679206577,,interp,
2021-07-22,Pong,1.30923,-0.7667245764226436,0.0,0.0,0.0,61760.14589180668,8.39967487634539,,cwc,
2021-07-23,Pong,1.360832857142857,-0.7457709840289071,0.0,0.0,0.0,57818.96922945218,2.530573398519922,,interp,
2021-07-24,Pong,1.4124357142857142,-0.7139797809533261,0.0,0.0,0.0,51232.943414661306,10.051658102834056,,interp,
2021-07-25,Pong,1.4640385714285713,-0.6839754800567202,0.0,0.0,0.0,53568.3073269347,6.56778250522309,,interp,
2021-07-26,Pong,1.5156414285714286,-0.65489813046652,0.0,0.0,0.0,59491.1153317276,21.26983171273776,,interp,
2021-07-27,Pong,1.5672442857142856,-0.6397620582157989,0.0,0.0,0.0,93399.63945504976,42.55382468407798,,interp,
2021-07-28,Pong,1.6188471428571427,-0.6450900151947755,0.0,0.0,0.0,116732.1634104894,18.15206642390279,,interp,
2021-07-29,Pong,1.67045,-0.6622932901978617,0.0,0.0,0.0,105649.25756435664,23.433407962462947,,cwc,
2021-07-30,Pong,1.7380457142857142,-0.6722970103391637,0.0,0.0,0.0,105651.87552732788,12.48009521199153,,interp,
2021-07-31,Pong,1.8056414285714286,-0.6821254635652694,0.0,0.0,0.0,76490.36139241022,4.587911441748197,,interp,
2021-08-01,Pong,1.8732371428571428,-0.6800921795883362,0.0,0.0,0.0,58899.544652752455,3.237907491846785,,interp,
2021-08-02,Pong,1.940832857142857,-0.6732356015485366,0.0,0.0,0.0,52346.895756093974,7.230070838645303,,interp,
2021-08-03,Pong,2.0084285714285715,-0.6641860458580052,0.0,0.0,0.0,52845.40303766833,6.273497145837211,,interp,
2021-08-04,Pong,2.0760242857142854,-0.654728700994376,0.0,0.0,0.0,53289.093992981085,10.8274774032343,,interp,
2021-08-05,Pong,2.14362,-0.6446615153594031,0.0,0.0,0.0,53978.575504604625,5.484881486475778,,cwc,
2021-08-06,Pong,2.170245714285714,-0.6414431267353629,0.0,0.0,0.0,48525.95805296693,2.612204060660249,,interp,
2021-08-07,Pong,2.1968714285714284,-0.6368157025117391,0.0,0.0,0.0,47492.11008608967,5.1528360457249125,,interp,
2021-08-08,Pong,2.2234971428571426,-0.632067797825668,0.0,0.0,0.0,49016.85093046275,6.583789076467294,,interp,
2021-08-09,Pong,2.2501228571428573,-0.628465112243873,0.0,0.0,0.0,50995.25420479324,7.96894116008479,,interp,
2021-08-10,Pong,2.2767485714285716,-0.6262995065482183,0.0,0.0,0.0,51195.0540474854,6.072769182948358,,interp,
2021-08-11,Pong,2.303374285714286,-0.6242952638543386,0.0,0.0,0.0,49288.38562751331,4.523678635395624,,interp,
2021-08-12,Pong,2.33,-0.6225405488143066,0.0,0.0,0.0,48557.73623083256,5.195028590915235,,cwc,
2021-08-13,Pong,2.335714285714286,-0.6247508109135648,0.0,0.0,0.0,47200.44302648944,2.832894944237313,,interp,
2021-08-14,Pong,2.3414285714285716,-0.6264586227401496,0.0,0.0,0.0,45562.321613869666,3.871425727089502,,interp,
2021-08-15,Pong,2.3471428571428574,-0.6249354346975905,0.0,0.0,0.0,45356.038757118506,3.01635732317869,,interp,
2021-08-16,Pong,2.3528571428571428,-0.620644810268257,0.0,0.0,0.0,42821.41434881207,0.0,,interp,
2021-08-17,Pong,2.3585714285714285,-0.6156343917310934,0.0,0.0,0.0,40659.81151946466,0.0,,interp,
2021-08-18,Pong,2.3642857142857143,-0.6087411588202422,0.0,0.0,0.0,40566.97398847186,0.8907533854033519,,interp,
2021-08-19,Pong,2.37,-0.6045489676242534,0.0,0.0,0.0,47059.91815055444,14.98553441778042,,cwc,
2021-08-20,Pong,2.3857142857142857,-0.5992757400225498,0.0,0.0,0.0,53818.10686484036,6.503241875413787,,interp,
2021-08-21,Pong,2.4014285714285717,-0.5940836628035748,0.0,0.0,0.0,53094.90100437832,11.72919420962286,,interp,
2021-08-22,Pong,2.4171428571428573,-0.5883906655377992,0.0,0.0,0.0,55671.54879634784,4.624574437791284,,interp,
2021-08-23,Pong,2.432857142857143,-0.5811670137727605,0.0,0.0,0.0,48781.32711399898,3.0802900052493314,,interp,
2021-08-24,Pong,2.4485714285714284,-0.5711646210657206,0.0,0.0,0.0,53907.43882486287,13.197428414368954,,interp,
2021-08-25,Pong,2.4642857142857144,-0.569955651102799,0.0,0.0,0.0,60461.40621135511,12.089129046319146,,interp,
2021-08-26,Pong,2.48,-0.5716653499913343,0.0,0.0,0.0,60998.805090347305,10.50416965467214,,cwc,
2021-08-27,Pong,2.538184285714286,-0.5679945860868704,0.0,0.0,0.0,67427.46545111289,20.377611923753307,,interp,
2021-08-28,Pong,2.5963685714285716,-0.5679105624272843,0.0,0.0,0.0,67530.16414313276,2.506706857330097,,interp,
2021-08-29,Pong,2.6545528571428574,-0.567352300616109,0.0,0.0,0.0,50526.935137729684,2.75247406229285,,interp,
2021-08-30,Pong,2.7127371428571427,-0.5593126137888704,0.0,0.0,0.0,49735.84254799744,4.791662264168974,,interp,
2021-08-31,Pong,2.7709214285714285,-0.5522607104231002,0.0,0.0,0.0,46454.64256929198,2.264691206016917,,interp,
2021-09-01,Pong,2.8291057142857143,-0.5445474884662607,0.0,0.0,0.0,43856.98868936671,1.7029372253384067,,interp,
2021-09-02,Pong,2.88729,-0.5352591922615489,0.0,0.0,0.0,45153.14503064982,6.916748756829306,,cwc,
2021-09-03,Pong,2.8905342857142857,-0.5312621687865818,0.0,0.0,0.0,46977.5111541633,3.5494805110372947,,interp,
2021-09-04,Pong,2.8937785714285718,-0.5244683069532724,0.0,0.0,0.0,43700.58370708316,0.4805920514301535,,interp,
2021-09-05,Pong,2.8970228571428573,-0.516584151336262,0.0,0.0,0.0,42083.64403402052,1.3773950828942878,,interp,
2021-09-06,Pong,2.900267142857143,-0.5019707161924156,0.0,0.0,0.0,43449.788517809066,4.607210839383523,,interp,
2021-09-07,Pong,2.9035114285714285,-0.4868025154625968,0.0,0.0,0.0,53885.91760330089,21.11096788245345,,interp,
2021-09-08,Pong,2.9067557142857146,-0.47113451107401016,0.0,0.0,0.0,62748.74767436823,8.350931169604575,,interp,
2021-09-09,Pong,2.91,-0.46067894391523834,0.0,0.0,0.0,62215.63038204144,17.912413348600616,,cwc,
2021-09-10,Pong,2.9514285714285715,-0.4556717223411347,0.0,0.0,0.0,77533.4524914665,19.57839397342077,,interp,
2021-09-11,Pong,2.992857142857143,-0.4564912039643854,0.0,0.0,0.0,80295.7082537511,14.209359174507382,,interp,
2021-09-12,Pong,3.0342857142857143,-0.4576888612044802,0.0,0.0,0.0,91989.63260030923,28.32211670314185,,interp,
2021-09-13,Pong,3.075714285714286,-0.46495400238083834,0.0,0.0,0.0,87734.95396319141,3.058425415636305,,interp,
2021-09-14,Pong,3.1171428571428574,-0.47569745553293635,0.0,0.0,0.0,57883.408466352594,4.677244830655586,,interp,
2021-09-15,Pong,3.158571428571429,-0.47460017546878674,0.0,0.0,0.0,58537.873193913394,8.254086674661522,,interp,
2021-09-16,Pong,3.2,-0.4698680764163661,0.0,0.0,0.0,60348.42023943891,13.466785712468573,,cwc,
2021-09-17,Pong,3.2256742857142857,-0.4659120794260833,0.0,0.0,0.0,56773.04351596032,0.6314367227668929,,interp,
2021-09-18,Pong,3.2513485714285717,-0.4647122062462831,0.0,0.0,0.0,43764.91891491421,0.4281151514956606,,interp,
2021-09-19,Pong,3.2770228571428572,-0.4552884744561832,0.0,0.0,0.0,43711.510878033914,2.819570632172371,,interp,
2021-09-20,Pong,3.3026971428571428,-0.44689562883722295,0.0,0.0,0.0,53513.28378968158,20.309480416394667,,interp,
2021-09-21,Pong,3.3283714285714283,-0.446698312685235,0.0,0.0,0.0,59810.03006076192,2.991639062925582,,interp,
2021-09-22,Pong,3.3540457142857143,-0.4496080968898506,0.0,0.0,0.0,49298.65075521931,6.698608902368685,,interp,
2021-09-23,Pong,3.37972,-0.4489494742860911,0.0,0.0,0.0,56986.513881074825,13.436152445670134,,cwc,
2021-09-24,Pong,3.384045714285714,-0.4543887943779881,0.0,0.0,0.0,54338.79962411696,0.3177104168955132,,interp,
2021-09-25,Pong,3.3883714285714284,-0.45833377737039216,0.0,0.0,0.0,43515.87732864,0.0,,interp,
2021-09-26,Pong,3.3926971428571426,-0.4580004119016954,0.0,0.0,0.0,41993.360903984976,0.6665172236816911,,interp,
2021-09-27,Pong,3.3970228571428573,-0.45643966408691294,0.0,0.0,0.0,40462.15830262719,0.2153387401074294,,interp,
2021-09-28,Pong,3.4013485714285716,-0.45423303765605544,0.0,0.0,0.0,41529.9676238687,3.0091979173023145,,interp,
2021-09-29,Pong,3.405674285714286,-0.45352098155226217,0.0,0.0,0.0,42642.8703396088,2.360084692130451,,interp,
2021-09-30,Pong,3.41,-0.4532386078249331,0.0,0.0,0.0,42586.74881712355,2.3086163040317165,,cwc,
2022-06-02,Pong,1.467,-0.7745810427990075,0.0,0.0,0.0,40298.175320203714,0.0,,cwc,
2022-06-03,Pong,1.4492857142857143,-0.7776453785192884,0.0,0.0,0.0,39834.91437216282,0.0,,interp,
2022-06-04,Pong,1.4315714285714287,-0.7805124520361283,0.0,0.0,0.0,39826.974127344176,0.0,,interp,
2022-06-05,Pong,1.413857142857143,-0.7833702532272363,0.0,0.0,0.0,39826.974127344176,0.0,,interp,
2022-06-06,Pong,1.3961428571428571,-0.7860396399900069,0.0,0.0,0.0,39826.974127344176,0.0,,interp,
2022-06-07,Pong,1.3784285714285713,-0.7882799278560324,0.0,0.0,0.0,39826.974127344176,0.0,,interp,
2022-06-08,Pong,1.3607142857142858,-0.7900532899367144,0.0,0.0,0.0,39860.139046387645,0.083594032316305,,interp,
2022-06-09,Pong,1.343,-0.7920048025904671,0.0,0.0,0.0,39875.53333936184,0.009153810540986,,cwc,
2022-06-10,Pong,1.316,-0.7961698194843367,0.0,0.0,0.0,40349.69308373774,1.2819632895101531,,cwc,
2022-06-11,Pong,1.296,-0.797152464477563,0.0,0.0,0.0,41429.554243989296,2.1949824275755594,,cwc,
2022-06-12,Pong,1.275,-0.7963907949613395,0.0,0.0,0.0,42604.60974783019,3.321641444020781,,cwc,
2022-06-13,Pong,1.246,-0.7977842482244832,0.0,0.0,0.0,42189.44472243716,0.0,,cwc,
2022-06-14,Pong,1.213,-0.7974246523147289,0.0,0.0,0.0,40429.77372932715,0.0008530177939778,,cwc,
2022-06-15,Pong,1.179,-0.7982817200394949,0.0,0.0,0.0,46051.48095703103,13.337492997828798,,cwc,
2022-06-16,Pong,1.14625,-0.8032420080822953,0.0,0.0,0.0,51929.781493512266,5.32525029829901,,interp,
2022-06-17,Pong,1.1135000000000002,-0.8105250534644626,0.0,0.0,0.0,50951.17738028103,10.085105402724,,interp,
2022-06-18,Pong,1.08075,-0.8187528167252549,0.0,0.0,0.0,56582.63690504725,10.631944165847042,,interp,
2022-06-19,Pong,1.048,-0.8299686155111521,0.0,0.0,0.0,52169.87064596373,0.7781714010608078,,interp,
2022-06-20,Pong,1.01525,-0.8400001417507057,0.0,0.0,0.0,46954.58265135551,4.722733919100129,,interp,
2022-06-21,Pong,0.9825,-0.8480834213895052,0.0,0.0,0.0,46987.481452950255,2.8178692667940024,,interp,
2022-06-22,Pong,0.9497500000000001,-0.856245973352699,0.0,0.0,0.0,43631.42041251416,1.3248005030715395,,interp,
2022-06-23,Pong,0.917,-0.8612025177292103,0.0,0.0,0.0,41743.253264995015,0.0,,cwc,
2022-06-24,Pong,0.8747142857142858,-0.8631258602077796,0.0,0.0,0.0,40310.8021165989,0.0451887166201557,,interp,
2022-06-25,Pong,0.8324285714285714,-0.862503366025525,0.0,0.0,0.0,39998.43009475375,0.0,,interp,
2022-06-26,Pong,0.7901428571428571,-0.8611301500246326,0.0,0.0,0.0,39831.83385022864,0.0,,interp,
2022-06-27,Pong,0.7478571428571429,-0.8613467727058014,0.0,0.0,0.0,44543.94333782576,11.62039747697135,,interp,
2022-06-28,Pong,0.7055714285714285,-0.8621040727003977,0.0,0.0,0.0,54186.64366041964,14.721709547245174,,interp,
2022-06-29,Pong,0.6632857142857143,-0.8607528983881197,0.0,0.0,0.0,59160.990924282225,11.27329499755528,,interp,
2022-06-30,Pong,0.621,-0.865911064812939,0.0,0.0,0.0,60737.86946973004,10.985171066610109,,cwc,
2022-07-01,Pong,0.7836389285714286,-0.8372476462981379,0.0,0.0,0.0,56570.31900032504,2.3716316362180407,,cwc_level,
2022-07-02,Pong,0.682,-0.8480910089274148,0.0,0.0,0.0,59921.771456575574,19.04967654794461,,cwc,
2022-07-03,Pong,0.675,-0.8473223609531355,0.0,0.0,0.0,74870.61339046841,16.38869543057528,,cwc,
2022-07-04,Pong,0.6796,-0.8479357121566858,0.0,0.0,0.0,63463.69215386574,2.6208510158457816,,cwc,
2022-07-05,Pong,0.6863,-0.8491665587040835,0.0,0.0,0.0,66395.46677931846,24.27567575564601,,cwc,
2022-07-06,Pong,0.6913,-0.8410338851400364,0.0,0.0,0.0,70825.4867699953,0.7244873470841349,,cwc,
2022-07-07,Pong,0.7266,-0.8338366761379435,0.0,0.0,0.0,64717.2765857688,23.262699092124222,,cwc,
2022-07-08,Pong,0.736,-0.8296729828269365,0.0,0.0,0.0,71446.88777713136,0.682453811728975,,cwc,
2022-07-09,Pong,0.7647,-0.8218116694254116,0.0,0.0,0.0,57627.64829317037,17.442579517292227,,cwc,
2022-07-10,Pong,0.8023,-0.8015616516192172,0.0,0.0,0.0,84818.30731487514,25.30844091359929,,cwc,
2022-07-11,Pong,0.8496,-0.7826841310935881,0.0,0.0,0.0,74509.4996517082,2.953670425093708,,cwc,
2022-07-12,Pong,0.8729,-0.7776285091531244,0.0,0.0,0.0,71353.43370154205,22.74555220046281,,cwc,
2022-07-13,Pong,0.9193,-0.7680512490961999,0.0,0.0,0.0,79499.81982291819,9.60095317857054,,cwc,
2022-07-14,Pong,0.9636,-0.7738495165022118,0.0,0.0,0.0,93219.99278102761,39.95919521411404,,cwc,
2022-07-15,Pong,1.0533428571428571,-0.771918748846136,0.0,0.0,0.0,112991.92901304994,8.209421404285548,,interp,
2022-07-16,Pong,1.1430857142857143,-0.7756313278101639,0.0,0.0,0.0,77708.85488996195,17.046823205921875,,interp,
2022-07-17,Pong,1.2328285714285716,-0.7708415815649154,0.0,0.0,0.0,76490.07875358163,1.1173071139591324,,interp,
2022-07-18,Pong,1.3225714285714285,-0.7665322382146151,0.0,0.0,0.0,46801.081962825156,0.0815666666979653,,interp,
2022-07-19,Pong,1.4123142857142859,-0.7458551892129975,0.0,0.0,0.0,61397.91361979087,21.72193572331229,,interp,
2022-07-20,Pong,1.502057142857143,-0.7287831727697912,0.0,0.0,0.0,66967.92373381856,8.748663270936946,,interp,
2022-07-21,Pong,1.5918,-0.7193943012037091,0.0,0.0,0.0,53081.62045999176,1.303314585031517,,cwc,
2022-07-22,Pong,1.637,-0.7114889884325047,0.0,0.0,0.0,50653.87261228317,8.613456445432705,,cwc,
2022-07-23,Pong,1.661,-0.7025886340681349,0.0,0.0,0.0,62155.49586124255,19.91898179653792,,cwc,
2022-07-24,Pong,1.697,-0.6931304937077661,0.0,0.0,0.0,67679.9792302016,6.066101365329424,,cwc,
2022-07-25,Pong,1.751,-0.6854172207875792,0.0,0.0,0.0,53914.75030183879,5.283381324606,,cwc,
2022-07-26,Pong,1.806,-0.6696493651893102,0.0,0.0,0.0,54501.16000318006,8.737874709423211,,cwc,
2022-07-27,Pong,1.838,-0.6527686449863428,0.0,0.0,0.0,63242.685525688605,18.40302983199326,,cwc,
2022-07-28,Pong,1.871,-0.6431709926491842,0.0,0.0,0.0,71243.2063303678,12.309250894847198,,cwc,
2022-07-29,Pong,2.023,-0.6277062891976111,0.0,0.0,0.0,65019.37116426599,11.420191812265688,,cwc,
2022-07-30,Pong,2.099,-0.619664062532929,0.0,0.0,0.0,71115.39918231357,18.32368839773418,,cwc,
2022-07-31,Pong,2.163,-0.6083863413659552,0.0,0.0,0.0,83903.31536296279,21.749430777574755,,cwc,
2022-08-01,Pong,2.352,-0.5746498419355168,0.0,0.0,0.0,73907.69257497299,0.0364791759233983,,cwc,
2022-08-02,Pong,2.49,-0.5457473314299691,0.0,0.0,0.0,48033.69581597818,0.2198141111018286,,cwc,
2022-08-03,Pong,2.551,-0.5249613762459637,0.0,0.0,0.0,54194.4405898809,14.19465125329927,,cwc,
2022-08-04,Pong,2.599,-0.5145545469204436,0.0,0.0,0.0,73337.66010327746,25.58043669064541,,cwc,
2022-08-05,Pong,2.682571428571429,-0.5101805046377148,0.0,0.0,0.0,91553.03908690807,26.897083927734457,,interp,
2022-08-06,Pong,2.7661428571428575,-0.5024743803257307,0.0,0.0,0.0,90237.76554383963,14.68947098568813,,interp,
2022-08-07,Pong,2.8497142857142856,-0.48339253220838324,0.0,0.0,0.0,75410.38001025126,5.818743732891796,,interp,
2022-08-08,Pong,2.9332857142857143,-0.4747923801750395,0.0,0.0,0.0,60764.78671570312,3.848855308844564,,interp,
2022-08-09,Pong,3.016857142857143,-0.4649083487591709,0.0,0.0,0.0,50186.75011412276,1.4386648110780191,,interp,
2022-08-10,Pong,3.1004285714285715,-0.439681890407663,0.0,0.0,0.0,76787.57588743044,45.94124247716757,,interp,
2022-08-11,Pong,3.184,-0.40651601606967547,0.0,0.0,0.0,104100.20700769912,11.490938238634488,,cwc,
2022-08-12,Pong,3.3209628571428573,-0.3953135965604017,0.0,0.0,0.0,62894.807965954176,0.0,,interp,
2022-08-13,Pong,3.4579257142857145,-0.37120077804687274,0.0,0.0,0.0,51480.19822823412,0.6749564959491049,,interp,
2022-08-14,Pong,3.5948885714285717,-0.34213051671215905,0.0,0.0,0.0,79512.5870494836,47.25181128522453,,interp,
2022-08-15,Pong,3.731851428571429,-0.30160706131908166,0.0,0.0,0.0,126093.57829027122,16.232258358188652,,interp,
2022-08-16,Pong,3.8688142857142855,-0.26855434313192134,0.0,0.0,0.0,76310.52344450138,7.202546561206009,,interp,
2022-08-17,Pong,4.005777142857143,-0.24107954222459396,0.0,0.0,0.0,67595.16004208902,7.30682150068145,,interp,
2022-08-18,Pong,4.14274,-0.2206320072065041,0.0,0.0,0.0,68656.34550536583,16.355365012924057,,cwc,
2022-08-19,Pong,4.2612057142857145,-0.2052961037592967,0.0,0.0,0.0,125511.59898151693,59.707733341561664,,interp,
2022-08-20,Pong,4.379671428571428,-0.21019937843357586,0.0,0.0,0.0,153291.89180916268,18.074506066234346,,interp,
2022-08-21,Pong,4.498137142857143,-0.23231956909804946,0.0,0.0,0.0,89471.56893199492,1.8175976246255905,,interp,
2022-08-22,Pong,4.6166028571428575,-0.2308478034814148,0.0,0.0,0.0,63071.53760312004,0.6057193723846532,,interp,
2022-08-23,Pong,4.735068571428572,-0.21966232874583297,0.0,0.0,0.0,58829.32144105651,13.077069085371797,,interp,
2022-08-24,Pong,4.853534285714286,-0.20559484261399624,0.0,0.0,0.0,64751.08957247467,6.7370303898376935,,interp,
2022-08-25,Pong,4.972,-0.19255933912952475,0.0,0.0,0.0,49203.6576770934,1.7190073006300877,,cwc,
2022-08-26,Pong,5.014644285714286,-0.18724544088722825,0.0,0.0,0.0,44754.350375985116,1.7871017184133753,,interp,
2022-08-27,Pong,5.057288571428572,-0.18050678826470096,0.0,0.0,0.0,42799.6328875793,0.9361708659185978,,interp,
2022-08-28,Pong,5.099932857142857,-0.1729492786734624,0.0,0.0,0.0,45810.2253293727,8.695440487140639,,interp,
2022-08-29,Pong,5.142577142857143,-0.16524041324963518,0.0,0.0,0.0,49134.92787195653,5.319467398484316,,interp,
2022-08-30,Pong,5.185221428571428,-0.15272233335856436,0.0,0.0,0.0,45146.3072901308,0.6944917521885543,,interp,
2022-08-31,Pong,5.227865714285715,-0.13722412813123955,0.0,0.0,0.0,44282.50656985935,4.389696345928208,,interp,
2022-09-01,Pong,5.27051,-0.12787124219373225,0.0,0.0,0.0,44388.507118764624,1.2947374724805174,,cwc,
2022-09-02,Pong,5.289711428571429,-0.12362727533090315,0.0,0.0,0.0,47779.998430794425,12.035582786874285,,interp,
2022-09-03,Pong,5.3089128571428565,-0.1229475606209257,0.0,0.0,0.0,63207.4678504082,24.9055914653721,,interp,
2022-09-04,Pong,5.328114285714285,-0.1289080508533096,0.0,0.0,0.0,66718.5673277884,2.772568029833894,,interp,
2022-09-05,Pong,5.347315714285714,-0.13605501873904136,0.0,0.0,0.0,50389.58674162477,2.391789846770213,,interp,
2022-09-06,Pong,5.366517142857143,-0.1358536178437545,0.0,0.0,0.0,47220.496270138196,1.0520355639040262,,interp,
2022-09-07,Pong,5.385718571428571,-0.13403092769445127,0.0,0.0,0.0,41642.2663957395,0.0,,interp,
2022-09-08,Pong,5.40492,-0.1307187993848323,0.0,0.0,0.0,40359.13723829236,0.0532048763046641,,cwc,
2022-09-09,Pong,5.368931428571428,-0.13637742580111564,0.0,0.0,0.0,40884.37227958227,2.0961297757106823,,interp,
2022-09-10,Pong,5.332942857142857,-0.14164321959135995,0.0,0.0,0.0,43048.140330200484,4.595541614880559,,interp,
2022-09-11,Pong,5.2969542857142855,-0.1468847932054162,0.0,0.0,0.0,43959.15192428921,2.486007190113366,,interp,
2022-09-12,Pong,5.260965714285714,-0.15247499543069223,0.0,0.0,0.0,42129.21045641343,0.0177640477048184,,interp,
2022-09-13,Pong,5.224977142857142,-0.15760917039333505,0.0,0.0,0.0,40828.5315251782,0.442446763324457,,interp,
2022-09-14,Pong,5.188988571428571,-0.1629808947724742,0.0,0.0,0.0,42342.360800936774,4.286853300894912,,interp,
2022-09-15,Pong,5.153,-0.16843831382593324,0.0,0.0,0.0,44567.08083199223,4.110753940307082,,cwc,
2022-09-16,Pong,5.139142857142857,-0.16928330194272725,0.0,0.0,0.0,44600.741075461345,3.409820730192848,,interp,
2022-09-17,Pong,5.125285714285714,-0.16916234426073437,0.0,0.0,0.0,43918.428120893026,1.9226258151718445,,interp,
2022-09-18,Pong,5.111428571428571,-0.16904591216912,0.0,0.0,0.0,42019.93737876584,0.0468146379735535,,interp,
2022-09-19,Pong,5.097571428571428,-0.16954686535867244,0.0,0.0,0.0,43318.1092591307,5.827723232301349,,interp,
2022-09-20,Pong,5.083714285714286,-0.16536429661930127,0.0,0.0,0.0,48104.495009857215,8.3609604474384,,interp,
2022-09-21,Pong,5.069857142857143,-0.1508281042835542,0.0,0.0,0.0,50569.033913072315,7.757543832293848,,interp,
2022-09-22,Pong,5.056,-0.14092195076906058,0.0,0.0,0.0,49875.331953978355,4.245643085356824,,cwc,
2022-09-23,Pong,5.108427142857143,-0.1317673606626358,0.0,0.0,0.0,46423.14253981971,1.9563599735438808,,interp,
2022-09-24,Pong,5.160854285714286,-0.12327246866347559,0.0,0.0,0.0,59507.76612769316,28.490851997961723,,interp,
2022-09-25,Pong,5.213281428571428,-0.12205462887201866,0.0,0.0,0.0,90349.86088722807,29.79315263148153,,interp,
2022-09-26,Pong,5.265708571428572,-0.1335336646465834,0.0,0.0,0.0,81162.54253456483,0.0,,interp,
2022-09-27,Pong,5.318135714285715,-0.14139228765863346,0.0,0.0,0.0,51484.79315998054,0.0,,interp,
2022-09-28,Pong,5.370562857142858,-0.13745398778654203,0.0,0.0,0.0,46372.42151526806,1.2308978650639204,,interp,
2022-09-29,Pong,5.42299,-0.13145937600354993,0.0,0.0,0.0,41143.77023846575,0.0246417172998618,,cwc,
2023-06-01,Pong,2.30051,-0.6177148474895453,0.0,0.0,0.0,71842.31618058743,5.842239047828077,,cwc,
2023-06-02,Pong,2.3073228571428572,-0.6275092739215176,0.0,0.0,0.0,51438.92070786423,0.1185757322908277,,interp,
2023-06-03,Pong,2.3141357142857144,-0.6302639421830517,0.0,0.0,0.0,45587.40172444942,0.1472741808392988,,interp,
2023-06-04,Pong,2.3209485714285716,-0.6308784177188337,0.0,0.0,0.0,41078.052400431865,0.3317035523422362,,interp,
2023-06-05,Pong,2.3277614285714283,-0.6300725201226471,0.0,0.0,0.0,43749.102742031646,5.990842836912997,,interp,
2023-06-06,Pong,2.3345742857142855,-0.6296098245163035,0.0,0.0,0.0,44409.220641550986,1.3903594788749658,,interp,
2023-06-07,Pong,2.3413871428571427,-0.6291411463839287,0.0,0.0,0.0,41721.93090455528,0.7488375606233014,,interp,
2023-06-08,Pong,2.3482,-0.6285159945366745,0.0,0.0,0.0,41256.37543100618,0.3646530528046172,,cwc,
2023-06-09,Pong,2.334502857142857,-0.6303295153205071,0.0,0.0,0.0,40321.50693160156,0.0750072627414751,,interp,
2023-06-10,Pong,2.320805714285714,-0.6306708251524407,0.0,0.0,0.0,42128.86244256025,4.721684631797381,,interp,
2023-06-11,Pong,2.3071085714285715,-0.632135634624455,0.0,0.0,0.0,42804.03583989184,0.2169627005746457,,interp,
2023-06-12,Pong,2.2934114285714284,-0.6350307107729833,0.0,0.0,0.0,40510.52452689196,0.0573549380554692,,interp,
2023-06-13,Pong,2.279714285714286,-0.6372524764950199,0.0,0.0,0.0,42291.00336051798,4.447254848853272,,interp,
2023-06-14,Pong,2.2660171428571427,-0.6389486068440583,0.0,0.0,0.0,45061.06964121206,5.347871773765412,,interp,
2023-06-15,Pong,2.25232,-0.6411295912143679,0.0,0.0,0.0,44041.0498452594,0.1916871133730545,,cwc,
2023-06-16,Pong,2.2359857142857145,-0.6449277585263545,0.0,0.0,0.0,41116.84453412734,0.1083730180698812,,interp,
2023-06-17,Pong,2.219651428571429,-0.6466433861578876,0.0,0.0,0.0,40517.77192482986,0.0222862576783212,,interp,
2023-06-18,Pong,2.203317142857143,-0.6467076875557698,0.0,0.0,0.0,43621.05356233325,8.112804823126906,,interp,
2023-06-19,Pong,2.186982857142857,-0.6430325509974983,0.0,0.0,0.0,45170.94652183242,0.0051034379479143,,interp,
2023-06-20,Pong,2.1706485714285715,-0.6331115676618121,0.0,0.0,0.0,41159.049966512684,0.8820307838290021,,interp,
2023-06-21,Pong,2.154314285714286,-0.6187465168131245,0.0,0.0,0.0,43475.7197372397,4.878917524093934,,interp,
2023-06-22,Pong,2.13798,-0.6080155380786751,0.0,0.0,0.0,47032.339617833786,7.998023405413099,,cwc,
2023-06-23,Pong,2.17560125,-0.5978874297050895,0.0,0.0,0.0,59546.21130963813,24.42768436143342,,interp,
2023-06-24,Pong,2.2132225,-0.5942353065914232,0.0,0.0,0.0,76814.26947294925,21.351215959975995,,interp,
2023-06-25,Pong,2.25084375,-0.5995876662418109,0.0,0.0,0.0,83986.21873319474,19.65959624557452,,interp,
2023-06-26,Pong,2.2884650000000004,-0.6084479709765687,0.0,0.0,0.0,77157.45988714596,3.6206431630532414,,interp,
2023-06-27,Pong,2.3260862500000004,-0.6156117158384212,0.0,0.0,0.0,57143.416425240626,4.421865322895845,,interp,
2023-06-28,Pong,2.3637075000000003,-0.6150199273957365,0.0,0.0,0.0,53359.96130125688,3.973749607573934,,interp,
2023-06-29,Pong,2.4013287500000002,-0.6103754243343016,0.0,0.0,0.0,47967.529589588536,3.67355052337252,,interp,
2023-06-30,Pong,2.43895,-0.6016461223024535,0.0,0.0,0.0,46311.458834772166,3.3578345118208777,,cwc,
2023-07-01,Pong,2.4458716666666667,-0.5970194542119561,0.0,0.0,0.0,43752.22649342571,1.136427144076388,,interp,
2023-07-02,Pong,2.4527933333333336,-0.588653255980822,0.0,0.0,0.0,43255.59325125028,3.5461763338500285,,interp,
2023-07-03,Pong,2.459715,-0.5828658971766524,0.0,0.0,0.0,49671.11356991867,13.896247434000434,,interp,
2023-07-04,Pong,2.4666366666666666,-0.5542973096380837,0.0,0.0,0.0,54558.40009813524,6.272882256333002,,interp,
2023-07-05,Pong,2.4735583333333335,-0.4418915407891705,0.0,0.0,0.0,55125.708942748584,13.604757219422222,,interp,
2023-07-06,Pong,2.48048,-0.32201650419161887,0.0,0.0,0.0,61977.29864521311,11.082126917186889,,cwc,
2023-07-07,Pong,2.711357142857143,-0.22154409550550588,0.0,0.0,0.0,54990.81293119915,1.4784411783073703,,interp,
2023-07-08,Pong,2.9422342857142856,-0.15797192875546165,0.0,0.0,0.0,118737.08911918305,105.54266487869444,,interp,
2023-07-09,Pong,3.1731114285714286,-0.12765143822326008,0.0,0.0,0.0,334607.2436266518,83.83762305082367,,interp,
2023-07-10,Pong,3.403988571428571,-0.18939041009682495,0.0,0.0,0.0,353971.552879463,35.70203156836072,,interp,
2023-07-11,Pong,3.634865714285714,-0.2525429290472206,0.0,0.0,0.0,220456.55677753498,2.2691911246784287,,interp,
2023-07-12,Pong,3.865742857142857,-0.2632716866089115,0.0,0.0,0.0,120607.70676264202,11.24479762404754,,interp,
2023-07-13,Pong,4.09662,-0.24433469372996375,0.0,0.0,0.0,100673.52156216123,8.379052529735358,,cwc,
2023-07-14,Pong,4.175208571428572,-0.23755537869129598,0.0,0.0,0.0,84868.7903038771,19.75955866030986,,interp,
2023-07-15,Pong,4.253797142857143,-0.22344765048608756,0.0,0.0,0.0,100675.79703730282,36.52113749490637,,interp,
2023-07-16,Pong,4.3323857142857145,-0.2215118190271428,0.0,0.0,0.0,99089.32423705468,9.481008469173956,,interp,
2023-07-17,Pong,4.4109742857142855,-0.21417347665883807,0.0,0.0,0.0,73896.67104196636,9.212199945256808,,interp,
2023-07-18,Pong,4.489562857142857,-0.196526584811956,0.0,0.0,0.0,85612.33581519546,25.50282365904234,,interp,
2023-07-19,Pong,4.568151428571429,-0.19236368632557135,0.0,0.0,0.0,88250.13331858526,7.341688988010937,,interp,
2023-07-20,Pong,4.64674,-0.19170094830288845,0.0,0.0,0.0,73425.60349345538,16.29055091870077,,cwc,
2023-07-21,Pong,4.670375714285715,-0.19330601932011132,0.0,0.0,0.0,85434.97478208004,24.77422529972328,,interp,
2023-07-22,Pong,4.694011428571429,-0.19991349613165366,0.0,0.0,0.0,86184.59802929248,10.388155606058834,,interp,
2023-07-23,Pong,4.717647142857143,-0.20124741042958605,0.0,0.0,0.0,63966.73180176091,1.4851474115399992,,interp,
2023-07-24,Pong,4.741282857142857,-0.19143521440559239,0.0,0.0,0.0,57796.099900949994,12.347943592916724,,interp,
2023-07-25,Pong,4.764918571428572,-0.1822553305443144,0.0,0.0,0.0,59725.58241716471,4.811102330846079,,interp,
2023-07-26,Pong,4.7885542857142855,-0.1802579023652631,0.0,0.0,0.0,59146.005642583325,16.017213978631542,,interp,
2023-07-27,Pong,4.81219,-0.1818917034002716,0.0,0.0,0.0,73166.96418756277,22.73917514553,,cwc,
2023-07-28,Pong,4.785395714285714,-0.19727625139447302,0.0,0.0,0.0,78999.1622128829,15.182169498363018,,interp,
2023-07-29,Pong,4.758601428571429,-0.21420405891423655,0.0,0.0,0.0,71237.26696730257,6.653898945729114,,interp,
2023-07-30,Pong,4.731807142857143,-0.22646677663059278,0.0,0.0,0.0,55091.5342235897,0.3923217563723947,,interp,
2023-07-31,Pong,4.705012857142857,-0.22995947592273902,0.0,0.0,0.0,45373.68321437739,1.1850977134131178,,interp,
2023-08-01,Pong,4.678218571428571,-0.23094567678096306,0.0,0.0,0.0,45402.28861496554,4.747874175896121,,interp,
2023-08-02,Pong,4.651424285714286,-0.2326759837418604,0.0,0.0,0.0,47350.752530307815,6.205125933894911,,interp,
2023-08-03,Pong,4.62463,-0.23378462437016612,0.0,0.0,0.0,51328.92309705684,12.234513731101758,,cwc,
2023-08-04,Pong,4.62109,-0.23537418377248961,0.0,0.0,0.0,57253.632255741344,12.087499142813751,,interp,
2023-08-05,Pong,4.61755,-0.23760646680638173,0.0,0.0,0.0,53843.5819133575,1.270383317785867,,interp,
2023-08-06,Pong,4.6140099999999995,-0.22964545464929997,0.0,0.0,0.0,51999.585716788846,11.56086733452756,,interp,
2023-08-07,Pong,4.61047,-0.20378317491390105,0.0,0.0,0.0,55512.521907156675,4.3732853656006965,,interp,
2023-08-08,Pong,4.60693,-0.1739710192237173,0.0,0.0,0.0,48775.59207424368,4.329327428584653,,interp,
2023-08-09,Pong,4.60339,-0.10122989529656379,0.0,0.0,0.0,53082.83660700744,11.900747147052629,,interp,
2023-08-10,Pong,4.59985,0.026003463792188045,0.16010332656850057,65439.76410611396,0.0,75325.01621722378,39.79288724613855,5.0,cwc,
2023-08-11,Pong,4.905697858646616,0.12251197408600908,0.754306224447558,162294.68212064166,0.0,118530.96939999245,33.70734731364373,4.0,interp,
2023-08-12,Pong,5.211545717293231,0.16653976340901966,1.025385323309333,215557.2062207121,0.0,131984.07943778424,33.46311773302533,3.0,interp,
2023-08-13,Pong,5.517393575939847,0.18910802740844856,1.164338124753817,254976.27610956875,0.0,233281.27833468054,99.41916813025806,2.0,interp,
2023-08-14,Pong,5.823241434586463,0.16590865851031925,1.0214996104480347,192703.86005766844,192703.86005766844,374722.5232870807,35.027291392333375,1.0,interp,
2023-08-15,Pong,6.129089293233079,0.08395692578186949,0.5259638651331242,136177.61807509846,136177.61807509846,193185.68876300377,1.7936650232091629,1.0,interp,
2023-08-16,Pong,6.434937151879694,0.02839762937460531,0.19568909145751423,58719.775370812786,58719.775370812786,104319.77537081305,2.769864692595995,1.0,interp,
2023-08-17,Pong,6.74078501052631,0.005600027631615751,0.05396577504413358,18168.300241521916,18168.300241521916,63768.30024152187,3.332335835970801,1.0,cwc_level,
2023-08-18,Pong,6.620388580451123,0.007466378230707574,0.0459704907664662,14502.081430695604,4287.647278112523,49887.64727811264,2.030269211251276,1.0,interp,
2023-08-19,Pong,6.499992150375936,0.030170818421611543,0.18576172902186183,59855.81704126559,0.0,43473.94258000426,1.064501113473037,4.0,interp,
2023-08-20,Pong,6.379595720300749,0.05670015166660831,0.34910283381130647,63067.75688002618,0.0,41958.274011969515,1.8085482629782788,3.0,interp,
2023-08-21,Pong,6.2591992902255615,0.0723309365435139,0.4453415762984134,63454.19761171413,1347.8155361937943,46947.81553619405,12.030526533628317,1.0,interp,
2023-08-22,Pong,6.138802860150374,0.0749697499400856,0.4615887503811056,63844.54178513606,15427.318372714044,68465.11847773571,37.353083521960286,1.0,interp,
2023-08-23,Pong,6.018406430075188,0.046652892084491755,0.2890905935941763,64238.82882899683,4777.175726462382,107025.15873150973,36.099182269559655,1.0,interp,
2023-08-24,Pong,5.89801,0.001830172613601994,0.021306928843034534,8708.878367479594,0.0,110237.09857027045,11.797576793221848,3.0,cwc,
2023-08-25,Pong,5.8693800000000005,-0.030555299397176335,0.0,0.0,0.0,81294.37489886039,6.0684911841712985,,interp,
2023-08-26,Pong,5.84075,-0.051561933066001674,0.0,0.0,0.0,61026.39732982977,0.1504645070130207,,interp,
2023-08-27,Pong,5.81212,-0.0638195645110187,0.0,0.0,0.0,46413.69895796657,2.1262321139058886,,interp,
2023-08-28,Pong,5.7834900000000005,-0.06908425457985308,0.0,0.0,0.0,43435.43881048319,0.3945461711978744,,interp,
2023-08-29,Pong,5.754860000000001,-0.0730369726150683,0.0,0.0,0.0,40438.57896965989,0.047301840379833,,interp,
2023-08-30,Pong,5.72623,-0.07643801965571632,0.0,0.0,0.0,40131.59793814861,0.0,,interp,
2023-08-31,Pong,5.6976,-0.07895835534832973,0.0,0.0,0.0,41881.17334842061,4.853002911011616,,cwc,
2023-09-01,Pong,5.6976,-0.07677022789881138,0.0,0.0,0.0,44866.762563257915,4.76363471780929,,interp,
2023-09-02,Pong,5.6976,-0.07818970457022519,0.0,0.0,0.0,45190.18334105386,3.9482047179945807,,interp,
2023-09-03,Pong,5.6976,-0.07978979131493455,0.0,0.0,0.0,43581.64699579177,0.0443413259410471,,interp,
2023-09-04,Pong,5.6976,-0.08066298493879319,0.0,0.0,0.0,45491.04541747738,9.496926448444398,,interp,
2023-09-05,Pong,5.6976,-0.08203323141519893,0.0,0.0,0.0,47387.76836495115,0.0651242673568555,,interp,
2023-09-06,Pong,5.6976,-0.0846278013467352,0.0,0.0,0.0,41294.53775221721,0.3430223652192621,,cwc,
2023-09-07,Pong,5.6858575,-0.08659647379401679,0.0,0.0,0.0,41163.439059603275,0.0,,interp,
2023-09-08,Pong,5.6741150000000005,-0.08855932597650981,0.0,0.0,0.0,41384.186487417544,3.2774917844985243,,interp,
2023-09-09,Pong,5.6623725,-0.090392236123986,0.0,0.0,0.0,42042.712268484924,0.0865405487129408,,interp,
2023-09-10,Pong,5.65063,-0.09120457440466632,0.0,0.0,0.0,40858.32883976151,1.5008191009885852,,interp,
2023-09-11,Pong,5.6388875,-0.08622524031331741,0.0,0.0,0.0,41139.78419939881,0.2163602117956752,,interp,
2023-09-12,Pong,5.627145,-0.07982717116371427,0.0,0.0,0.0,41023.332661403736,2.0917877110227607,,interp,
2023-09-13,Pong,5.6154025,-0.0747151366128505,0.0,0.0,0.0,41571.08945177576,0.6953687862850354,,interp,
2023-09-14,Pong,5.60366,-0.061825835367337,0.0,0.0,0.0,44797.964693907015,10.13885563178247,,cwc,
2023-09-15,Pong,5.621302857142857,-0.04882238567503117,0.0,0.0,0.0,58188.78081684274,23.01563813245182,,interp,
2023-09-16,Pong,5.638945714285714,-0.048570412306602986,0.0,0.0,0.0,62040.59465961156,1.4330455306974852,,interp,
2023-09-17,Pong,5.656588571428571,-0.05203239370638336,0.0,0.0,0.0,58687.73579348587,19.405704751895943,,interp,
2023-09-18,Pong,5.674231428571428,-0.05529915879099384,0.0,0.0,0.0,78807.59659106036,19.979905476659777,,interp,
2023-09-19,Pong,5.691874285714285,-0.06744055920362678,0.0,0.0,0.0,70310.92411436418,2.652955552756352,,interp,
2023-09-20,Pong,5.709517142857142,-0.07651150349465079,0.0,0.0,0.0,51611.6460364676,1.0025831608109776,,interp,
2023-09-21,Pong,5.72716,-0.07828847725224594,0.0,0.0,0.0,46117.000273906066,2.411208375457873,,cwc,
2023-09-22,Pong,5.68059,-0.08834518107301234,0.0,0.0,0.0,43255.418635940616,0.8265742118160887,,interp,
2023-09-23,Pong,5.63402,-0.09727127308113369,0.0,0.0,0.0,41041.56085529793,0.1630640917827422,,interp,
2023-09-24,Pong,5.58745,-0.10531765576532401,0.0,0.0,0.0,40271.93297166227,0.0,,interp,
2023-09-25,Pong,5.54088,-0.11304493510543329,0.0,0.0,0.0,39928.5060572526,0.0,,interp,
2023-09-26,Pong,5.49431,-0.12014703166631184,0.0,0.0,0.0,39843.282116138915,0.0,,interp,
2023-09-27,Pong,5.44774,-0.12683484148535532,0.0,0.0,0.0,39826.974127344176,0.0,,cwc,
2024-06-01,Pong,1.59264,-0.7515275216212722,0.0,0.0,0.0,40099.53413895469,0.125278665076793,,cwc,
2024-06-02,Pong,1.578614,-0.7506781272174116,0.0,0.0,0.0,40113.48775704356,0.0330896200401634,,interp,
2024-06-03,Pong,1.564588,-0.7524617542572222,0.0,0.0,0.0,40425.678976513016,1.378683483208253,,interp,
2024-06-04,Pong,1.550562,-0.754416904877393,0.0,0.0,0.0,40671.82697066808,0.1087575154545333,,interp,
2024-06-05,Pong,1.5365360000000001,-0.7569208186623584,0.0,0.0,0.0,44966.07428325121,12.111940088274633,,interp,
2024-06-06,Pong,1.52251,-0.7610926369438538,0.0,0.0,0.0,47970.013094572256,0.0429042276456865,,cwc,
2024-06-07,Pong,1.5031857142857143,-0.767404011557123,0.0,0.0,0.0,41357.76092956995,0.0,,interp,
2024-06-08,Pong,1.4838614285714287,-0.771080634942913,0.0,0.0,0.0,41238.29955355824,0.0087252986596132,,interp,
2024-06-09,Pong,1.464537142857143,-0.774747026258966,0.0,0.0,0.0,40103.44183473339,0.5592140678257745,,interp,
2024-06-10,Pong,1.445212857142857,-0.7779549139280411,0.0,0.0,0.0,40200.276153542065,0.0214513735095972,,interp,
2024-06-11,Pong,1.4258885714285714,-0.7812351384090007,0.0,0.0,0.0,39985.44551596101,0.2223310431296644,,interp,
2024-06-12,Pong,1.4065642857142857,-0.7844010793717452,0.0,0.0,0.0,40003.75227120253,0.0,,interp,
2024-06-13,Pong,1.38724,-0.7870279539510762,0.0,0.0,0.0,39910.04070434129,0.1450937236510573,,cwc,
2024-06-14,Pong,1.3679742857142858,-0.7891999558661037,0.0,0.0,0.0,39929.043515014295,0.0039941347138338,,interp,
2024-06-15,Pong,1.3487085714285714,-0.7908640326052221,0.0,0.0,0.0,39843.83655102538,0.0,,interp,
2024-06-16,Pong,1.3294428571428571,-0.7921334849699415,0.0,0.0,0.0,39916.60938554258,0.1889002137429335,,interp,
2024-06-17,Pong,1.310177142857143,-0.7947528013009383,0.0,0.0,0.0,41291.5191399087,3.4148837192380195,,interp,
2024-06-18,Pong,1.2909114285714287,-0.7979060607925215,0.0,0.0,0.0,42318.59028116126,1.2530257229170791,,interp,
2024-06-19,Pong,1.2716457142857143,-0.8007412127268054,0.0,0.0,0.0,43615.826790263265,6.2458374364072045,,interp,
2024-06-20,Pong,1.25238,-0.8033989124585162,0.0,0.0,0.0,44523.723136570414,0.4508052035150321,,cwc,
2024-06-21,Pong,1.2377542857142858,-0.806712081086841,0.0,0.0,0.0,41199.45701372173,0.4192988222999608,,interp,
2024-06-22,Pong,1.2231285714285713,-0.8078113342980782,0.0,0.0,0.0,41230.656762601364,0.7969869036031003,,interp,
2024-06-23,Pong,1.208502857142857,-0.8079813338840888,0.0,0.0,0.0,43058.27061910157,5.799242545228215,,interp,
2024-06-24,Pong,1.1938771428571429,-0.8092053071863468,0.0,0.0,0.0,44802.07956829458,2.113312013486922,,interp,
2024-06-25,Pong,1.1792514285714286,-0.8105713361081155,0.0,0.0,0.0,42163.908427645976,0.5777525819473531,,interp,
2024-06-26,Pong,1.1646257142857142,-0.811671263618391,0.0,0.0,0.0,44411.13477222068,7.280830873614616,,interp,
2024-06-27,Pong,1.15,-0.8126939517752328,0.0,0.0,0.0,46780.874436996055,3.3178668544707133,,cwc,
2024-06-28,Pong,1.1485942857142857,-0.8090842666336612,0.0,0.0,0.0,45956.080448277346,5.324963204451019,,interp,
2024-06-29,Pong,1.1471885714285714,-0.8012143761887431,0.0,0.0,0.0,47342.39524572857,4.7687237632322095,,interp,
2024-06-30,Pong,1.1457828571428572,-0.7900080284325772,0.0,0.0,0.0,45373.88925952191,1.8027866489298072,,interp,
2024-07-01,Pong,1.1443771428571428,-0.7627546993379178,0.0,0.0,0.0,47815.49451872083,9.835445862577432,,interp,
2024-07-02,Pong,1.1429714285714285,-0.72414031583853,0.0,0.0,0.0,56439.49533891928,14.882672132837634,,interp,
2024-07-03,Pong,1.1415657142857143,-0.7185826010228672,0.0,0.0,0.0,66335.84343813836,18.878017740093416,,interp,
2024-07-04,Pong,1.14016,-0.718367061010497,0.0,0.0,0.0,76118.6157669045,18.79481652961392,,cwc,
2024-07-05,Pong,1.1876685714285715,-0.7220218774410007,0.0,0.0,0.0,114533.60183384856,58.52734657288989,,interp,
2024-07-06,Pong,1.235177142857143,-0.7420730255900629,0.0,0.0,0.0,145566.19505464062,1.6131510080095888,,interp,
2024-07-07,Pong,1.2826857142857144,-0.7756922947908073,0.0,0.0,0.0,71000.4863005777,6.2746721600167445,,interp,
2024-07-08,Pong,1.3301942857142857,-0.7784332122177355,0.0,0.0,0.0,67452.83087261532,3.0386823440742234,,interp,
2024-07-09,Pong,1.3777028571428571,-0.7795186075712015,0.0,0.0,0.0,47502.58700026472,1.873375635304514,,interp,
2024-07-10,Pong,1.4252114285714286,-0.7739520915641929,0.0,0.0,0.0,44654.91327530736,0.8404524460452086,,interp,
2024-07-11,Pong,1.47272,-0.767064903060305,0.0,0.0,0.0,41542.26153638661,1.202483547261404,,cwc,
2024-07-12,Pong,1.4618128571428572,-0.7685748722685087,0.0,0.0,0.0,44684.35633544845,7.7945773339749636,,interp,
2024-07-13,Pong,1.4509057142857142,-0.7682401421893488,0.0,0.0,0.0,45302.952558637124,0.0904471035149177,,interp,
2024-07-14,Pong,1.4399985714285715,-0.7675427744035711,0.0,0.0,0.0,42092.76738627414,2.406062865248225,,interp,
2024-07-15,Pong,1.4290914285714285,-0.7690493853624151,0.0,0.0,0.0,42568.66998745143,0.6196945694459772,,interp,
2024-07-16,Pong,1.4181842857142857,-0.7686764076686163,0.0,0.0,0.0,42200.431460941865,3.530265870478364,,interp,
2024-07-17,Pong,1.4072771428571427,-0.7643060042440404,0.0,0.0,0.0,49984.85726546236,15.241044731356212,,interp,
2024-07-18,Pong,1.39637,-0.7560259715587769,0.0,0.0,0.0,51516.05983089427,0.0889783299895192,,cwc,
2024-07-19,Pong,1.4137971428571428,-0.7416692755773836,0.0,0.0,0.0,42759.388609766575,0.6237405190699437,,interp,
2024-07-20,Pong,1.4312242857142856,-0.7311392756071612,0.0,0.0,0.0,47965.42405126256,10.965516505397558,,interp,
2024-07-21,Pong,1.4486514285714285,-0.7228674325289998,0.0,0.0,0.0,57657.0221274587,15.081395035442394,,interp,
2024-07-22,Pong,1.4660785714285713,-0.7212481880469118,0.0,0.0,0.0,75280.3378047426,29.84158974181793,,interp,
2024-07-23,Pong,1.4835057142857142,-0.721159595355465,0.0,0.0,0.0,80522.73997588758,6.690733686054866,,interp,
2024-07-24,Pong,1.500932857142857,-0.7169507370634254,0.0,0.0,0.0,62135.88693444128,7.55211761182582,,interp,
2024-07-25,Pong,1.51836,-0.7101086787553648,0.0,0.0,0.0,61659.092753236626,6.714804016007792,,cwc,
2024-07-26,Pong,1.5473514285714285,-0.7060499178357371,0.0,0.0,0.0,54608.90264694832,5.422738098847442,,interp,
2024-07-27,Pong,1.576342857142857,-0.6825335312333997,0.0,0.0,0.0,68380.21257189695,26.81735577932018,,interp,
2024-07-28,Pong,1.6053342857142856,-0.6502162057273118,0.0,0.0,0.0,83991.5875503622,20.529407772637,,interp,
2024-07-29,Pong,1.6343257142857144,-0.6457156092585151,0.0,0.0,0.0,72231.389683385,3.2782383536869144,,interp,
2024-07-30,Pong,1.663317142857143,-0.6345090870970456,0.0,0.0,0.0,60023.48513974531,9.18655820286493,,interp,
2024-07-31,Pong,1.6923085714285715,-0.6304908591797328,0.0,0.0,0.0,101939.94212776162,57.94691629994218,,interp,
2024-08-01,Pong,1.7213,-0.6423878671930827,0.0,0.0,0.0,137859.507776503,3.4701913635731945,,cwc,
2024-08-02,Pong,1.819132857142857,-0.6592111811262363,0.0,0.0,0.0,83467.89388581138,21.88382334803479,,interp,
2024-08-03,Pong,1.9169657142857144,-0.6492672249559539,0.0,0.0,0.0,88583.68603880603,3.8342152143378354,,interp,
2024-08-04,Pong,2.0147985714285714,-0.6372827204295329,0.0,0.0,0.0,58285.87303442177,6.598775875530685,,interp,
2024-08-05,Pong,2.1126314285714285,-0.6116631689877972,0.0,0.0,0.0,60150.3856615256,5.209947372655197,,interp,
2024-08-06,Pong,2.210464285714286,-0.5882951170740892,0.0,0.0,0.0,55534.642968740285,14.150757188796105,,interp,
2024-08-07,Pong,2.308297142857143,-0.5545631714600285,0.0,0.0,0.0,68504.97190736211,17.30131495782464,,interp,
2024-08-08,Pong,2.40613,-0.5375133964196989,0.0,0.0,0.0,78755.96466824476,27.41378058036696,,cwc,
2024-08-09,Pong,2.5159875,-0.5283552728978693,0.0,0.0,0.0,82771.82082904472,5.605278867412983,,interp,
2024-08-10,Pong,2.625845,-0.5164824355933244,0.0,0.0,0.0,78970.25761422823,27.66664885942914,,interp,
2024-08-11,Pong,2.7357025,-0.4977960386886032,0.0,0.0,0.0,100436.06945556184,15.8841178300284,,interp,
2024-08-12,Pong,2.84556,-0.4912163994948677,0.0,0.0,0.0,71424.40261672565,1.7433053254461215,,interp,
2024-08-13,Pong,2.9554175000000003,-0.4752773836668785,0.0,0.0,0.0,56900.545744689014,5.966940040014383,,interp,
2024-08-14,Pong,3.065275,-0.4536293451524542,0.0,0.0,0.0,67748.19289211478,24.31883212412478,,interp,
2024-08-15,Pong,3.1751325,-0.4251246619926519,0.0,0.0,0.0,81093.48890043137,11.928846754651913,,interp,
2024-08-16,Pong,3.28499,-0.4093339758930607,0.0,0.0,0.0,72091.69169443497,17.554717560091056,,cwc,
2024-08-17,Pong,3.3537600000000003,-0.40493546371931,0.0,0.0,0.0,66633.6330987374,1.255426932214823,,interp,
2024-08-18,Pong,3.42253,-0.401560132177497,0.0,0.0,0.0,66476.98133685236,24.77135334493485,,interp,
2024-08-19,Pong,3.4913,-0.3990918866914376,0.0,0.0,0.0,94579.91461611219,22.153156879365767,,interp,
2024-08-20,Pong,3.56007,-0.4070446893763713,0.0,0.0,0.0,75929.43594167322,3.7390387016435938,,interp,
2024-08-21,Pong,3.6288400000000003,-0.408047138292679,0.0,0.0,0.0,55052.21763361419,1.454023495904581,,interp,
2024-08-22,Pong,3.69761,-0.4001719142711117,0.0,0.0,0.0,47019.24441396346,1.512685355466709,,cwc,
2024-08-23,Pong,3.7070942857142857,-0.3967060848384797,0.0,0.0,0.0,44579.83917020222,3.1012432945009163,,interp,
2024-08-24,Pong,3.7165785714285713,-0.3934396736147189,0.0,0.0,0.0,46457.38418972092,6.084090925063108,,interp,
2024-08-25,Pong,3.726062857142857,-0.39138428626733573,0.0,0.0,0.0,45298.018034282744,1.58786394062263,,interp,
2024-08-26,Pong,3.735547142857143,-0.38907125752506494,0.0,0.0,0.0,46762.16268881169,9.864261103641564,,interp,
2024-08-27,Pong,3.7450314285714286,-0.38870170998994563,0.0,0.0,0.0,51864.72164600624,7.128246723975254,,interp,
2024-08-28,Pong,3.754515714285714,-0.3898659534849602,0.0,0.0,0.0,48923.46477773516,3.288093870720721,,interp,
2024-08-29,Pong,3.764,-0.38551586913010905,0.0,0.0,0.0,47753.37285817684,5.136942723465702,,cwc,
2024-08-30,Pong,3.7859714285714285,-0.3767948768557181,0.0,0.0,0.0,47242.381559263566,3.5153473815554683,,interp,
2024-08-31,Pong,3.807942857142857,-0.37159800739106,0.0,0.0,0.0,43815.60272925044,0.0,,interp,
2024-09-01,Pong,3.8299142857142856,-0.36360759385902847,0.0,0.0,0.0,45058.25579074671,7.953717695776553,,interp,
2024-09-02,Pong,3.8518857142857144,-0.35399797434633407,0.0,0.0,0.0,55994.239146426524,19.218007305476867,,interp,
2024-09-03,Pong,3.873857142857143,-0.35013570462908966,0.0,0.0,0.0,60719.95421705324,5.305586009492735,,interp,
2024-09-04,Pong,3.8958285714285714,-0.3512675071810932,0.0,0.0,0.0,51340.230383393246,4.374478328550384,,interp,
2024-09-05,Pong,3.9178,-0.3498145557154891,0.0,0.0,0.0,54943.625158323935,12.001429920311812,,cwc,
2024-09-06,Pong,3.9371857142857145,-0.3490273780474849,0.0,0.0,0.0,60261.13756396698,10.13645377923511,,interp,
2024-09-07,Pong,3.9565714285714284,-0.3512100819996183,0.0,0.0,0.0,56733.46262184124,5.52207732858346,,interp,
2024-09-08,Pong,3.9759571428571427,-0.3517636058190888,0.0,0.0,0.0,48891.20160127313,1.3245481290265677,,interp,
2024-09-09,Pong,3.995342857142857,-0.34269571095948054,0.0,0.0,0.0,46016.214772511106,4.511467559990698,,interp,
2024-09-10,Pong,4.014728571428571,-0.3302274679553022,0.0,0.0,0.0,49001.00817669655,7.230545341695206,,interp,
2024-09-11,Pong,4.034114285714286,-0.3269828497074811,0.0,0.0,0.0,46844.57964131498,0.8279560912888718,,interp,
2024-09-12,Pong,4.0535,-0.3240986657304422,0.0,0.0,0.0,47416.86478219382,10.519163978174785,,cwc,
2024-09-13,Pong,4.056941428571428,-0.3247422288662856,0.0,0.0,0.0,63787.66144335775,27.10859906799762,,interp,
2024-09-14,Pong,4.060382857142857,-0.33114032043495295,0.0,0.0,0.0,69469.91845863235,1.665861927778964,,interp,
2024-09-15,Pong,4.0638242857142854,-0.3415179532805231,0.0,0.0,0.0,49242.73390930085,1.7813810454895695,,interp,
2024-09-16,Pong,4.067265714285714,-0.3442768289551429,0.0,0.0,0.0,46179.2441514516,0.2272429746189208,,interp,
2024-09-17,Pong,4.070707142857143,-0.34614279498807676,0.0,0.0,0.0,44390.65665537487,5.733646972594643,,interp,
2024-09-18,Pong,4.074148571428571,-0.34738348326876667,0.0,0.0,0.0,46279.729412546505,1.979298072202878,,interp,
2024-09-19,Pong,4.07759,-0.3493865062806041,0.0,0.0,0.0,41947.157461485396,0.3244816549971129,,cwc,
2024-09-20,Pong,4.063821428571428,-0.3524464960327939,0.0,0.0,0.0,40893.17522216847,0.0,,interp,
2024-09-21,Pong,4.050052857142857,-0.350357878890004,0.0,0.0,0.0,40076.76288396502,0.0,,interp,
2024-09-22,Pong,4.036284285714285,-0.3399082322979626,0.0,0.0,0.0,39861.7360848265,0.0,,interp,
2024-09-23,Pong,4.022515714285714,-0.3346866460687652,0.0,0.0,0.0,39832.33346599172,0.0130224059794827,,interp,
2024-09-24,Pong,4.008747142857143,-0.33351932874644485,0.0,0.0,0.0,39874.14341338534,0.1006308953255154,,interp,
2024-09-25,Pong,3.9949785714285713,-0.33464929347448363,0.0,0.0,0.0,51777.03581873746,29.926003668867683,,interp,
2024-09-26,Pong,3.98121,-0.34154105160857556,0.0,0.0,0.0,72001.81242428113,14.038694510179091,,cwc,
2025-06-05,Pong,0.769,-0.885658853829491,0.0,0.0,0.0,43996.460313326126,0.2724592853498476,,cwc,
2025-06-06,Pong,0.7499871428571429,-0.8904036678757773,0.0,0.0,0.0,41380.945524312214,0.0,,interp,
2025-06-07,Pong,0.7309742857142857,-0.8941091682105444,0.0,0.0,0.0,40312.72930403627,0.0,,interp,
2025-06-08,Pong,0.7119614285714286,-0.8971943413644419,0.0,0.0,0.0,39857.57408771827,0.0,,interp,
2025-06-09,Pong,0.6929485714285715,-0.8992472468531039,0.0,0.0,0.0,39826.974127344176,0.0,,interp,
2025-06-10,Pong,0.6739357142857143,-0.9011489549927877,0.0,0.0,0.0,39826.974127344176,0.0,,interp,
2025-06-11,Pong,0.6549228571428571,-0.9030168866334999,0.0,0.0,0.0,39826.974127344176,0.0,,interp,
2025-06-12,Pong,0.63591,-0.9015101565442699,0.0,0.0,0.0,40319.86010134273,1.242346649020335,,cwc,
2025-06-13,Pong,0.6252599999999999,-0.895294520048102,0.0,0.0,0.0,42462.48774377129,4.831365531045679,,interp,
2025-06-14,Pong,0.61461,-0.8921028200491299,0.0,0.0,0.0,42812.38781714948,0.0,,interp,
2025-06-15,Pong,0.6039599999999999,-0.8923527871061799,0.0,0.0,0.0,42897.389036321336,5.522534025071697,,interp,
2025-06-16,Pong,0.59331,-0.8904703686463512,0.0,0.0,0.0,51389.990995437875,15.910613706143913,,interp,
2025-06-17,Pong,0.58266,-0.8920139590062617,0.0,0.0,0.0,60315.02190859172,12.796666465780437,,interp,
2025-06-18,Pong,0.5720099999999999,-0.8993488122780126,0.0,0.0,0.0,54847.6752556794,0.5177228039619408,,interp,
2025-06-19,Pong,0.56136,-0.9027273824168087,0.0,0.0,0.0,46536.34919096411,3.0697287959992154,,cwc,
2025-06-20,Pong,0.5810228571428571,-0.8947199259326472,0.0,0.0,0.0,51987.66646414411,11.664634539162554,,interp,
2025-06-21,Pong,0.6006857142857143,-0.8837805633285908,0.0,0.0,0.0,51858.44746967855,1.0293294896396803,,interp,
2025-06-22,Pong,0.6203485714285714,-0.8722104911371392,0.0,0.0,0.0,46209.30926997808,5.8482053062639885,,interp,
2025-06-23,Pong,0.6400114285714286,-0.8600750535909294,0.0,0.0,0.0,50698.26063284552,9.21056104105467,,interp,
2025-06-24,Pong,0.6596742857142857,-0.8462105690326517,0.0,0.0,0.0,58650.85449779972,17.45382865079932,,interp,
2025-06-25,Pong,0.6793371428571429,-0.8220655525118643,0.0,0.0,0.0,71480.5443755107,18.70713503903054,,interp,
2025-06-26,Pong,0.699,-0.7865489203727347,0.0,0.0,0.0,72938.55571883633,13.260346750272353,,cwc,
2025-06-27,Pong,0.8375885714285713,-0.7317521245062567,0.0,0.0,0.0,68712.20395039019,8.750399723261513,,interp,
2025-06-28,Pong,0.9761771428571429,-0.6986159108286392,0.0,0.0,0.0,77552.43826165075,25.785904373990544,,interp,
2025-06-29,Pong,1.1147657142857144,-0.671615739017447,0.0,0.0,0.0,111376.80028366529,36.13562787330503,,interp,
2025-06-30,Pong,1.2533542857142856,-0.6679869740971991,0.0,0.0,0.0,152824.05624860234,49.43310134370414,,interp,
2025-07-01,Pong,1.391942857142857,-0.6806740953117314,0.0,0.0,0.0,154193.0671861046,8.995280357652017,,interp,
2025-07-02,Pong,1.5305314285714284,-0.6960390099823083,0.0,0.0,0.0,95456.15481819092,12.001213196998997,,interp,
2025-07-03,Pong,1.66912,-0.6918561260047763,0.0,0.0,0.0,88854.5566300151,8.971665997575238,,cwc,
2025-07-04,Pong,1.7035271428571428,-0.700915958031894,0.0,0.0,0.0,63862.93298204076,3.762836793299869,,interp,
2025-07-05,Pong,1.7379342857142857,-0.6977557476685603,0.0,0.0,0.0,64249.976800818185,15.988609572203796,,interp,
2025-07-06,Pong,1.7723414285714285,-0.6908373478580769,0.0,0.0,0.0,58880.10966081101,1.8710483252090253,,interp,
2025-07-07,Pong,1.8067485714285714,-0.6808623884351748,0.0,0.0,0.0,49336.77175471161,6.693374420750023,,interp,
2025-07-08,Pong,1.8411557142857142,-0.665228912704634,0.0,0.0,0.0,51991.387286157515,5.7643684891721705,,interp,
2025-07-09,Pong,1.875562857142857,-0.6590741103863541,0.0,0.0,0.0,57752.46250125138,19.16486297912608,,interp,
2025-07-10,Pong,1.90997,-0.6543636860443219,0.0,0.0,0.0,67597.285977885,9.862331436909775,,cwc,
2025-08-06,Pong,4.552863073913041,-0.2056003842302969,0.0,0.0,0.0,121176.06168257145,10.865390151961488,,press,
2025-08-07,Pong,4.83143153695652,-0.18064911333250602,0.0,0.0,0.0,70208.89651650855,0.6138379107481564,,interp,
2025-08-08,Pong,5.11,-0.13055854979883133,0.0,0.0,0.0,61410.26414556038,10.19491557114017,,press,
2025-08-09,Pong,5.1223,-0.12672131227428804,0.0,0.0,0.0,62105.36045251691,7.347437937956011,,interp,
2025-08-10,Pong,5.1346,-0.11050084398995046,0.0,0.0,0.0,55299.14515829096,5.991506416441843,,interp,
2025-08-11,Pong,5.1469000000000005,-0.08868018759801559,0.0,0.0,0.0,70107.33897212913,36.29119337126352,,interp,
2025-08-12,Pong,5.1592,-0.06828073359720666,0.0,0.0,0.0,82405.18315382226,1.8545054584357823,,interp,
2025-08-13,Pong,5.1715,-0.048941511131139974,0.0,0.0,0.0,66039.53932131326,19.89269102719203,,interp,
2025-08-14,Pong,5.1838,-0.03274379157540136,0.0,0.0,0.0,97898.01087199282,31.823385319011287,,interp,
2025-08-15,Pong,5.1960999999999995,-0.031806769265712236,0.0,0.0,0.0,105185.10990080413,15.984522515914342,,interp,
2025-08-16,Pong,5.2084,-0.04123140464432888,0.0,0.0,0.0,116416.73599406586,36.65048555139528,,interp,
2025-08-17,Pong,5.2207,-0.06361083139494575,0.0,0.0,0.0,126046.42403756635,18.63461967749212,,interp,
2025-08-18,Pong,5.233,-0.09170138465287453,0.0,0.0,0.0,101774.94077406966,13.844489968630258,,press,
2025-08-19,Pong,5.360957770994152,-0.08566712981350832,0.0,0.0,0.0,95228.6661010433,16.026103290966354,,interp,
2025-08-20,Pong,5.4889155419883044,-0.06133674161833871,0.0,0.0,0.0,76439.83769611194,5.327616882981164,,interp,
2025-08-21,Pong,5.616873312982457,-0.001306579412981961,0.0,0.0,0.0,55069.71126122427,0.9968519523923056,,interp,
2025-08-22,Pong,5.744831083976609,0.07847175733223183,0.4831506098945493,156368.07129676087,0.0,50326.89976368482,7.485072045126715,4.0,interp,
2025-08-23,Pong,5.872788854970762,0.12969469539305672,0.7985302395350491,156754.5120284488,0.0,64659.85388726526,25.00112615550864,3.0,interp,
2025-08-24,Pong,6.000746625964914,0.17092520220946394,1.0523864700036691,157144.85620187112,0.0,104157.23941374957,49.90248986069832,2.0,interp,
2025-08-25,Pong,6.128704396959066,0.2002028339413206,1.2326488485767095,157539.1432457315,118044.31215080836,175209.70325120323,64.3624072202334,1.0,interp,
2025-08-26,Pong,6.256662167953219,0.18337439530650307,1.1290361519021381,157937.41298700517,157937.41298700517,203537.41298700517,15.877363045227993,1.0,press,
2025-08-27,Pong,6.2819051349932185,0.14373867878352206,0.8849990452701428,81332.69229166687,81332.69229166687,126932.69229166715,10.661151816880034,1.0,interp,
2025-08-28,Pong,6.307148102033219,0.1468251056392811,0.904002175421053,87530.58680448311,70518.90639987681,116118.9063998768,18.33327344879008,1.0,interp,
2025-08-29,Pong,6.3323910690732195,0.1610149087257494,0.9913687930244377,104659.32146017996,79935.94062493814,125535.9406249383,29.07096343762204,1.0,interp,
2025-08-30,Pong,6.357634036113219,0.16954565864827922,1.0438926202974548,105045.7621918679,75694.22128070213,121294.22128070219,16.83336198196609,1.0,interp,
2025-08-31,Pong,6.382877003153219,0.16625318600323855,1.023620866221938,105436.10636528984,58191.011501064735,103791.01150106483,30.72069390260008,1.0,interp,
2025-09-01,Pong,6.408119970193219,0.15502622481413203,0.9544964661806095,105830.39340915061,89099.92849472706,134699.9284947273,35.422207098086304,1.0,interp,
2025-09-02,Pong,6.43336293723322,0.12470637193965924,0.7678171320324809,106228.6631504239,106228.6631504239,151828.66315042417,30.963475221066886,1.0,interp,
2025-09-03,Pong,6.458605904273219,0.0862116024663944,0.5308048363855882,101404.24450322054,101404.24450322054,147004.2445032207,23.22217927845065,1.0,interp,
2025-09-04,Pong,6.483848871313219,0.04867847486475692,0.29971336974230667,67408.45462518334,67408.45462518334,113008.45462518357,9.506296851748884,1.0,interp,
2025-09-05,Pong,6.5090918383532195,0.023043284215093857,0.1418775009123321,29937.479674879574,29937.479674879574,75537.47967487983,2.8491730099448267,1.0,press,
2025-09-06,Pong,6.503187050741538,0.011661193057764275,0.07247270824636765,12797.631397151106,12797.631397151106,58397.63139715122,5.834098626121834,1.0,press,
2025-09-07,Pong,6.479567900294753,0.00854544418680734,0.05261429985817134,9353.544751524892,9353.544751524892,54953.54475152494,6.662163424686384,1.0,interp,
2025-09-08,Pong,6.455948749847969,0.008208416914572617,0.05053922294302282,6949.1735924854265,6949.1735924854265,52549.173592485706,6.852325854750695,1.0,interp,
2025-09-09,Pong,6.432329599401184,0.015454216345250592,0.095151610037707,23614.45669273697,2895.478879498841,48495.47887949877,2.08034342247266,1.0,interp,
2025-09-10,Pong,6.4087104489544,0.029214267727943336,0.17987224640094635,35954.389939257126,1293.5510689644084,46893.551068964436,6.63791106360583,1.0,interp,
2025-09-11,Pong,6.385091298507615,0.040122310748981704,0.2470330672814791,36340.83067094508,4956.604034074559,50556.60403407477,7.446059345296203,1.0,interp,
2025-09-12,Pong,6.361472148060831,0.04918860680696896,0.30285425211050665,36731.17484436701,8505.389083932809,54105.389083933,12.04842054920494,1.0,interp,
2025-09-13,Pong,6.337852997614046,0.05117215959395427,0.3150669866199758,37125.46188822778,25183.798382981277,70783.79838298121,29.98399313956592,1.0,interp,
2025-09-14,Pong,6.314233847167262,0.04619948227583723,0.28445021237232826,37523.73162950107,37523.73162950107,83123.73162950129,10.771126107651837,1.0,interp,
2025-09-15,Pong,6.2906146967204775,0.03299683382044,0.20316150583244763,28744.50021407559,28744.50021407559,74344.50021407582,16.69272810693199,1.0,bbmb,
2025-09-16,Pong,6.253709774147377,0.02156590954100026,0.1366754275416291,27772.651930321343,27772.651930321343,73372.65193032155,5.156629306393083,1.0,interp,
2025-09-17,Pong,6.216804851574276,0.008778898558375454,0.07162159305187643,13497.155854302311,13497.155854302311,59097.15585430227,8.195913073529304,1.0,interp,
2025-09-18,Pong,6.179899929001175,0.0014552392389749823,0.04053883165324823,12669.664370913044,12669.664370913044,58269.664370913,5.265976337462085,1.0,interp,
2025-09-19,Pong,6.142995006428074,-0.008043304469732731,0.0,0.0,0.0,49898.22723509414,4.097675851563113,,interp,
2025-09-20,Pong,6.106090083854974,-0.018014408700519867,0.0,0.0,0.0,45577.679211324714,0.0084861005601853,,interp,
2025-09-21,Pong,6.069185161281872,-0.026278991218146978,0.0,0.0,0.0,41193.13196280673,0.2070086450774575,,interp,
2025-09-22,Pong,6.032280238708772,-0.032815832362324826,0.0,0.0,0.0,40666.590523267725,0.3819069818048813,,interp,
2025-09-23,Pong,5.995375316135671,-0.039139074707999,0.0,0.0,0.0,40090.15623207463,0.0,,interp,
2025-09-24,Pong,5.95847039356257,-0.04523175488323126,0.0,0.0,0.0,39889.47593354249,0.0,,bbmb,
2026-06-24,Pong,1.7406325000000002,-0.7244423474824487,0.0,0.0,0.0,42304.633043071764,5.293358540102405,,bbmb,
2026-07-26,Pong,2.1391414285714285,-0.5674330095816256,0.0,0.0,0.0,71402.79036484465,8.361048064873021,,bbmb,
2026-07-27,Pong,2.208571582737262,-0.5469730393905153,0.0,0.0,0.0,75396.799076188,25.236173339606964,,interp,
2026-07-28,Pong,2.2780017369030956,-0.53940117455353,0.0,0.0,0.0,107557.74542645254,35.78965758528742,,interp,
2026-07-29,Pong,2.347431891068929,-0.5466871369797336,0.0,0.0,0.0,104747.08278884948,6.212387827627469,,interp,
2026-07-30,Pong,2.416862045234763,-0.5556992343888818,0.0,0.0,0.0,87086.49372761385,24.86510815419545,,interp,
2026-07-31,Pong,2.4862921994005966,-0.5543248230559013,0.0,0.0,0.0,94513.41223127431,8.691391270818238,,interp,
2026-08-01,Pong,2.55572235356643,-0.5524737468839586,0.0,0.0,0.0,66073.48902920645,5.570988148151879,,interp,
2026-08-02,Pong,2.6251525077322637,-0.5356023149392659,0.0,0.0,0.0,60843.543189001306,7.20439523318356,,interp,
2026-08-03,Pong,2.6945826618980973,-0.5108727611437632,0.0,0.0,0.0,53688.92595358231,5.636314884857634,,interp,
2026-08-04,Pong,2.7640128160639312,-0.4930664602165854,0.0,0.0,0.0,62166.80395976914,19.784608708395417,,interp,
2026-08-05,Pong,2.8334429702297648,-0.4819430274539219,0.0,0.0,0.0,70793.28706253956,14.440334873274024,,interp,
2026-08-06,Pong,2.9028731243955983,-0.4674430357138932,0.0,0.0,0.0,80153.27184249867,28.955614270782508,,interp,
2026-08-07,Pong,2.972303278561432,-0.45057813757926635,0.0,0.0,0.0,94698.90837638473,14.41146260435552,,interp,
2026-08-08,Pong,3.0417334327272654,-0.4496735219961656,0.0,0.0,0.0,70121.38017145613,2.218560853568858,,bbmb,
2026-08-09,Pong,3.083675,-0.4482145207101694,0.0,0.0,0.0,61781.294242797194,10.55393541307063,,bbmb,
2026-08-10,Pong,3.161492857142857,-0.4289120483647799,0.0,0.0,0.0,78905.15387721099,27.66730732963396,,bbmb,
2026-08-11,Pong,3.161492857142857,-0.42367268897181815,0.0,0.0,0.0,94216.61180829807,17.506362412028004,,bbmb,
2026-08-12,Pong,3.3085639999999996,-0.4093590071935259,0.0,0.0,0.0,68596.94061296634,0.1550811908814234,,bbmb,
2026-08-13,Pong,3.3531899222654924,-0.40458024660848463,0.0,0.0,0.0,56650.10338426715,10.577753806468946,,bbmb,
2026-08-14,Pong,3.420284,-0.3794119525277823,0.0,0.0,0.0,78550.637483536,28.465995531189577,,bbmb,
2026-08-15,Pong,3.504276,-0.35125594118546816,0.0,0.0,0.0,92090.41432876572,14.423791812869885,,bbmb,
2026-08-16,Pong,3.5506384725333207,-0.35562870416811115,0.0,0.0,0.0,70125.05892106623,6.214537307547189,,bbmb,
2026-08-17,Pong,3.649894261073841,-0.3425071479611598,0.0,0.0,0.0,62382.91081484562,9.997566213163726,,bbmb,
2026-08-18,Pong,3.7131452029629655,-0.32647193708973155,0.0,0.0,0.0,92564.42823732077,43.88863376321077,,bbmb,
2026-08-19,Pong,3.796634731142878,-0.3216664916724001,0.0,0.0,0.0,115077.02310739909,7.680622699847311,,bbmb,
2026-08-20,Pong,3.968454,-0.3206807880628734,0.0,0.0,0.0,62136.06677110037,0.1942118245631006,,bbmb,
2026-08-21,Pong,3.9820839571200013,-0.3239336723035286,0.0,0.0,0.0,62577.21638339436,14.589862763427345,,bbmb,
2026-08-22,Pong,3.9919068076799964,-0.3267382411241984,0.0,0.0,0.0,76883.93511830758,20.13198851039156,,bbmb,
2026-08-23,Pong,4.058954,-0.3266939550464033,0.0,0.0,0.0,70532.6537256079,1.2478774436300282,,bbmb,
2026-08-24,Pong,4.0922125,-0.3300925411725285,0.0,0.0,0.0,47329.14913112801,0.7714742398113852,,bbmb,
2026-08-25,Pong,4.147480557419385,-0.32048909619842264,0.0,0.0,0.0,48378.89280974397,7.314979058466871,,bbmb,
2026-08-26,Pong,4.150482714516137,-0.31740036039418085,0.0,0.0,0.0,51504.359533277406,6.785049191567459,,bbmb,
2026-08-27,Pong,4.20018,-0.30361249856513417,0.0,0.0,0.0,49590.87929564696,4.284526090895541,,bbmb,
2026-08-28,Pong,4.20018,-0.29446744659534774,0.0,0.0,0.0,48385.94549208056,6.94754052942315,,bbmb,
2026-08-29,Pong,4.2964657142857146,-0.26673393985887606,0.0,0.0,0.0,48907.00896595211,3.977377036031039,,bbmb,
2026-08-30,Pong,4.2964657142857146,-0.2606473943669286,0.0,0.0,0.0,54924.85427784663,17.63430466675655,,bbmb,
2026-08-31,Pong,4.349768798545466,-0.24947506161172822,0.0,0.0,0.0,65889.60092163754,13.48153318974551,,bbmb,
2026-09-01,Pong,4.414588056263735,-0.24384758029646178,0.0,0.0,0.0,72605.12264505662,23.53141486990148,,bbmb,
2026-09-02,Pong,4.4930468914285795,-0.23985099463916082,0.0,0.0,0.0,78824.19900369924,8.192590722248024,,bbmb,
2026-09-03,Pong,4.531866850285724,-0.247648132702212,0.0,0.0,0.0,64224.27994174548,9.250929380476022,,bbmb,
2026-09-04,Pong,4.590782845000018,-0.246629149149881,0.0,0.0,0.0,61254.096202213026,4.695163785149124,,bbmb,
2026-09-05,Pong,4.605854285714286,-0.25144307023793155,0.0,0.0,0.0,53557.72941451608,7.015048548985017,,bbmb,
2026-09-06,Pong,4.605854285714286,-0.25591983465542684,0.0,0.0,0.0,50594.00699779276,1.749468548339679,,bbmb,
2026-09-07,Pong,4.605854285714286,-0.25624249792840165,0.0,0.0,0.0,43335.027999223246,0.6230136175196884,,bbmb,
2026-09-08,Pong,4.605854285714286,-0.25106375940969355,0.0,0.0,0.0,42707.62860499547,2.305990429265666,,interp,
2026-09-09,Pong,4.605854285714286,-0.24909938960484818,0.0,0.0,0.0,42979.265925772226,2.582916063412912,,interp,
2026-09-10,Pong,4.605854285714286,-0.24443764071347532,0.0,0.0,0.0,42291.59926428796,0.817070374994518,,interp,
2015-06-01,Ranjit Sagar,1.841,-0.2289680807955069,0.0,0.0,0.0,16267.756727490701,0.7217558705804149,,cwc,
2015-06-02,Ranjit Sagar,1.841,-0.22871689356048638,0.0,0.0,0.0,16829.593224044245,3.0073169398695114,,cwc,
2015-06-03,Ranjit Sagar,1.841,-0.22923385419627862,0.0,0.0,0.0,16832.217913035394,1.9144726050051248,,cwc,
2015-06-04,Ranjit Sagar,1.841,-0.23005354700675879,0.0,0.0,0.0,18847.446432409826,9.571722559914184,,cwc,
2015-06-05,Ranjit Sagar,1.88,-0.21635456776732287,0.0,0.0,0.0,17503.218586128984,0.6557080355196326,,cwc,
2015-06-06,Ranjit Sagar,1.88,-0.21566711331134636,0.0,0.0,0.0,16508.41264345429,0.0,,cwc,
2015-06-07,Ranjit Sagar,1.841,-0.23181426747285624,0.0,0.0,0.0,16334.306768450577,0.201078250310904,,cwc,
2015-06-08,Ranjit Sagar,1.841,-0.23182250418884687,0.0,0.0,0.0,16046.891683783535,0.0360246178444013,,cwc,
2015-06-09,Ranjit Sagar,1.841,-0.2316490306303675,0.0,0.0,0.0,16031.431748008725,0.0810560720589546,,cwc,
2015-06-10,Ranjit Sagar,1.841,-0.23142089309663297,0.0,0.0,0.0,18161.850708787424,9.081425439268502,,cwc,
2015-06-11,Ranjit Sagar,1.841,-0.23342054664320344,0.0,0.0,0.0,16978.895007064504,0.0,,cwc,
2015-06-12,Ranjit Sagar,1.88,-0.21772457733988462,0.0,0.0,0.0,16326.415386425959,0.0008255367234674,,cwc,
2015-06-13,Ranjit Sagar,1.88,-0.21803074985706344,0.0,0.0,0.0,16213.092160125005,0.000146140808395,,cwc,
2015-06-14,Ranjit Sagar,1.88,-0.21824441083185914,0.0,0.0,0.0,16250.004348412038,0.9183499385624236,,cwc,
2015-06-15,Ranjit Sagar,1.88,-0.21735316279262112,0.0,0.0,0.0,16246.034979455542,0.5333549454850905,,cwc,
2015-06-16,Ranjit Sagar,1.88,-0.2119907140212096,0.0,0.0,0.0,16076.144238939207,0.0019119020667307,,cwc,
2015-06-17,Ranjit Sagar,1.88,-0.2066179352432484,0.0,0.0,0.0,16033.079510665782,0.0,,cwc,
2015-06-18,Ranjit Sagar,1.88,-0.2018422162488509,0.0,0.0,0.0,16008.389171969824,0.0,,cwc,
2015-06-19,Ranjit Sagar,1.88,-0.19663632416067062,0.0,0.0,0.0,17103.885769639608,4.626278806560229,,cwc,
2015-06-20,Ranjit Sagar,1.88,-0.18891431441453874,0.0,0.0,0.0,21383.656804809496,19.19964847403208,,cwc,
2015-06-21,Ranjit Sagar,1.88,-0.19043246489665963,0.0,0.0,0.0,21223.662973218066,7.131543644211269,,cwc,
2015-06-22,Ranjit Sagar,1.919,-0.17805516330045645,0.0,0.0,0.0,20608.570892174183,6.562183919119398,,cwc,
2015-06-23,Ranjit Sagar,1.919,-0.18233330396842365,0.0,0.0,0.0,20996.01813641995,7.132343733465786,,cwc,
2015-06-24,Ranjit Sagar,1.919,-0.1873932962696115,0.0,0.0,0.0,24502.141211971757,15.060297481960848,,cwc,
2015-06-25,Ranjit Sagar,1.959,-0.17613432318761357,0.0,0.0,0.0,19929.156559940424,0.6736727347150652,,cwc,
2015-06-26,Ranjit Sagar,1.959,-0.17900455207192142,0.0,0.0,0.0,17141.383528926668,0.0,,cwc,
2015-06-27,Ranjit Sagar,1.959,-0.17881659881310413,0.0,0.0,0.0,16509.796282921034,0.0,,cwc,
2015-06-28,Ranjit Sagar,1.959,-0.17817839529548116,0.0,0.0,0.0,16148.171939492573,0.3869600459068761,,cwc,
2015-06-29,Ranjit Sagar,1.919,-0.19484256972249303,0.0,0.0,0.0,18939.685917853993,9.41765456269846,,cwc,
2015-06-30,Ranjit Sagar,1.919,-0.19711354746317075,0.0,0.0,0.0,17179.265383656126,0.4811655129937313,,cwc,
2015-07-01,Ranjit Sagar,1.959,-0.17355449759295752,0.0,0.0,0.0,17321.456627208576,3.275109477546323,,cwc,
2015-07-02,Ranjit Sagar,1.959,-0.16685077893114916,0.0,0.0,0.0,17121.24237050659,1.6505667087764078,,cwc,
2015-07-03,Ranjit Sagar,1.959,-0.16246717390882837,0.0,0.0,0.0,16532.045286380566,0.6513572472962609,,cwc,
2015-07-04,Ranjit Sagar,1.959,-0.15256466377349082,0.0,0.0,0.0,16763.921579068974,1.7659801710506569,,cwc,
2015-07-05,Ranjit Sagar,1.919,-0.14956819513522038,0.0,0.0,0.0,23401.191750685688,26.62259301819121,,cwc,
2015-07-06,Ranjit Sagar,1.919,-0.1397593054598407,0.0,0.0,0.0,23744.114031704947,9.166907522780532,,cwc,
2015-07-07,Ranjit Sagar,1.959,-0.11675778982352321,0.0,0.0,0.0,21321.059617521158,5.538023304653199,,cwc,
2015-07-08,Ranjit Sagar,1.959,-0.11213152759395531,0.0,0.0,0.0,26019.381084966983,17.326487221775608,,cwc,
2015-07-09,Ranjit Sagar,1.959,-0.11899810859863769,0.0,0.0,0.0,35984.1425011897,30.62858443376441,,cwc,
2015-07-10,Ranjit Sagar,1.959,-0.13827594252751602,0.0,0.0,0.0,32798.83223676051,11.239951959630876,,cwc,
2015-07-11,Ranjit Sagar,1.999,-0.13622962432589214,0.0,0.0,0.0,29431.881440663776,13.429057603643676,,cwc,
2015-07-12,Ranjit Sagar,2.039,-0.11673870586770609,0.0,0.0,0.0,25753.360384131945,7.01312925176151,,cwc,
2015-07-13,Ranjit Sagar,2.039,-0.11466631813777747,0.0,0.0,0.0,19440.68953209071,0.2529311934887873,,cwc,
2015-07-14,Ranjit Sagar,1.999,-0.12500281120790557,0.0,0.0,0.0,17514.55434091294,0.7252005727948966,,cwc,
2015-07-15,Ranjit Sagar,1.999,-0.11647487917538231,0.0,0.0,0.0,18409.973409392045,5.353335432452689,,interp,
2015-07-16,Ranjit Sagar,1.999,-0.11055126379032994,0.0,0.0,0.0,31756.237570330086,41.92365051182142,,interp,
2015-07-17,Ranjit Sagar,1.999,-0.11979758688660527,0.0,0.0,0.0,27738.86083098738,6.865678845715197,,cwc,
2015-07-18,Ranjit Sagar,1.999,-0.11778585931340409,0.0,0.0,0.0,25886.94878303163,11.614327963774134,,cwc,
2015-07-19,Ranjit Sagar,1.999,-0.11556154862046715,0.0,0.0,0.0,25684.942833760644,8.83165954685843,,cwc,
2015-07-20,Ranjit Sagar,1.959,-0.13590896588249185,0.0,0.0,0.0,24085.23428078612,8.399126451256612,,cwc,
2015-07-21,Ranjit Sagar,1.959,-0.13260897546048464,0.0,0.0,0.0,22897.577400567097,6.188413807705977,,cwc,
2015-07-22,Ranjit Sagar,1.9723333333333335,-0.12576636472913405,0.0,0.0,0.0,29666.244369240558,27.698690922819694,,interp,
2015-07-23,Ranjit Sagar,1.9856666666666667,-0.12060553831159172,0.0,0.0,0.0,28018.002644715943,10.583763887490106,,interp,
2015-07-24,Ranjit Sagar,1.999,-0.11635619889060861,0.0,0.0,0.0,22539.99761586836,4.316191618475535,,cwc,
2015-07-25,Ranjit Sagar,1.999,-0.11131627965055792,0.0,0.0,0.0,27246.868738899622,17.101994130144174,,cwc,
2015-07-26,Ranjit Sagar,1.959,-0.12919944755168922,0.0,0.0,0.0,24003.509414755295,6.70211366697782,,cwc,
2015-07-27,Ranjit Sagar,1.959,-0.12379754172290183,0.0,0.0,0.0,29160.902846938745,19.08514920660083,,cwc,
2015-07-28,Ranjit Sagar,1.959,-0.12475525774835419,0.0,0.0,0.0,26639.389285857906,11.427264640160228,,cwc,
2015-07-29,Ranjit Sagar,1.9456666666666667,-0.13040444796818282,0.0,0.0,0.0,27368.612338259387,14.973222538865311,,interp,
2015-07-30,Ranjit Sagar,1.9323333333333335,-0.14266427820181593,0.0,0.0,0.0,26462.856340941413,9.878037547542082,,interp,
2015-07-31,Ranjit Sagar,1.919,-0.14826776982385895,0.0,0.0,0.0,29178.934014136412,18.486982196933777,,cwc,
2015-08-01,Ranjit Sagar,1.959,-0.12561259010858158,0.0,0.0,0.0,28243.340187676287,11.458962271437322,,cwc,
2015-08-02,Ranjit Sagar,1.999,-0.11172725303891701,0.0,0.0,0.0,26676.84223033035,12.015298250833984,,cwc,
2015-08-03,Ranjit Sagar,1.999,-0.10726493635324509,0.0,0.0,0.0,21072.58409489378,1.5635045173132005,,cwc,
2015-08-04,Ranjit Sagar,2.039,-0.0766283343161066,0.0,0.0,0.0,26544.091915958186,18.754882749401943,,cwc,
2015-08-05,Ranjit Sagar,2.039,-0.07144732766387495,0.0,0.0,0.0,34534.88604122607,26.92567622869315,,cwc,
2015-08-06,Ranjit Sagar,2.039,-0.08036627871559353,0.0,0.0,0.0,25197.135494645045,3.298834788784348,,cwc,
2015-08-07,Ranjit Sagar,1.999,-0.08931687524091284,0.0,0.0,0.0,30952.071062010935,22.13609360828244,,cwc,
2015-08-08,Ranjit Sagar,1.999,-0.09652254687881537,0.0,0.0,0.0,34075.32796394391,20.2803025734764,,cwc,
2015-08-09,Ranjit Sagar,1.999,-0.10785371616945436,0.0,0.0,0.0,31507.87879551145,12.49119289963688,,cwc,
2015-08-10,Ranjit Sagar,2.039,-0.10155777594998251,0.0,0.0,0.0,25989.87245958381,6.4647509570145285,,cwc,
2015-08-11,Ranjit Sagar,2.039,-0.10492240515730297,0.0,0.0,0.0,32971.185954380664,25.908717994813777,,cwc,
2015-08-12,Ranjit Sagar,2.078,-0.10201316277665719,0.0,0.0,0.0,24048.505647906823,0.5798265117215667,,cwc,
2015-08-13,Ranjit Sagar,2.078,-0.10813582860466486,0.0,0.0,0.0,23219.231218605128,9.2487309490429,,cwc,
2015-08-14,Ranjit Sagar,2.04485,-0.12529174922471017,0.0,0.0,0.0,21190.47160508856,4.743583850342841,,cwc_level,
2015-08-15,Ranjit Sagar,2.078,-0.1137319639343146,0.0,0.0,0.0,22766.309272946128,11.90105881595952,,cwc,
2015-08-16,Ranjit Sagar,2.078,-0.11638341174115081,0.0,0.0,0.0,19817.806767576345,1.963708853719938,,cwc,
2015-08-17,Ranjit Sagar,2.078,-0.11561951960071343,0.0,0.0,0.0,18182.539756536495,3.2630186724932506,,cwc,
2015-08-18,Ranjit Sagar,1.999,-0.14939332278587786,0.0,0.0,0.0,20332.143613140735,8.932202717710418,,cwc,
2015-08-19,Ranjit Sagar,1.999,-0.1499961877324277,0.0,0.0,0.0,18716.04840964425,3.1558280341982097,,cwc,
2015-08-20,Ranjit Sagar,1.959,-0.1682022710090092,0.0,0.0,0.0,20226.02652119077,8.79938153388638,,cwc,
2015-08-21,Ranjit Sagar,1.959,-0.171999257830205,0.0,0.0,0.0,20549.67183523916,8.24560740913665,,cwc,
2015-08-22,Ranjit Sagar,1.919,-0.193520102784238,0.0,0.0,0.0,18114.773745252976,0.8904518994239679,,cwc,
2015-08-23,Ranjit Sagar,1.919,-0.19321064949490457,0.0,0.0,0.0,19754.554485642155,7.911938199414094,,cwc,
2015-08-24,Ranjit Sagar,1.88,-0.2126626648355796,0.0,0.0,0.0,17622.659241599205,0.5108487759398249,,cwc,
2015-08-25,Ranjit Sagar,1.88,-0.21373586556420704,0.0,0.0,0.0,16588.23282008249,0.3564102624285439,,cwc,
2015-08-26,Ranjit Sagar,1.841,-0.22942132359181192,0.0,0.0,0.0,16280.496255823135,0.0084672447736039,,cwc,
2015-08-27,Ranjit Sagar,1.8,-0.24611986038290112,0.0,0.0,0.0,18411.252842952337,8.605235770100858,,cwc,
2015-08-28,Ranjit Sagar,1.8,-0.24747360715944708,0.0,0.0,0.0,17058.735846180214,0.0,,cwc,
2015-08-29,Ranjit Sagar,1.76,-0.2640380699384212,0.0,0.0,0.0,16594.453710615544,1.036657641073219,,cwc,
2015-08-30,Ranjit Sagar,1.76,-0.2637464644267255,0.0,0.0,0.0,17501.054166374997,4.242813566319421,,cwc,
2015-08-31,Ranjit Sagar,1.76,-0.2649636661823598,0.0,0.0,0.0,17040.182489533876,1.720696348732011,,cwc,
2015-09-01,Ranjit Sagar,1.721,-0.28146196752241764,0.0,0.0,0.0,17114.263485727322,2.3476276635932978,,cwc,
2015-09-02,Ranjit Sagar,1.69,-0.29521171487816944,0.0,0.0,0.0,17538.14031346456,4.078133251729878,,cwc,
2015-09-03,Ranjit Sagar,1.66,-0.3094051306788503,0.0,0.0,0.0,16873.833319660615,0.9274970202691956,,cwc,
2015-09-04,Ranjit Sagar,1.629,-0.32343557643877796,0.0,0.0,0.0,16334.885020117677,0.0508034725230387,,cwc,
2015-09-05,Ranjit Sagar,1.599,-0.3365726375039351,0.0,0.0,0.0,17174.239931373773,3.788519778178563,,cwc,
2015-09-06,Ranjit Sagar,1.568,-0.3510260952070642,0.0,0.0,0.0,16611.762018270572,0.5958329777777038,,cwc,
2015-09-07,Ranjit Sagar,1.538,-0.3644660552743002,0.0,0.0,0.0,16201.837151788619,0.0094857135658594,,cwc,
2015-09-08,Ranjit Sagar,1.487,-0.38643719616327366,0.0,0.0,0.0,16102.402057419726,0.0,,cwc,
2015-09-09,Ranjit Sagar,1.45,-0.40046912355261366,0.0,0.0,0.0,16010.647684315025,0.0,,cwc,
2015-09-10,Ranjit Sagar,1.426,-0.4092810038544615,0.0,0.0,0.0,15997.5319971462,0.0,,cwc,
2015-09-11,Ranjit Sagar,1.386,-0.425779789099321,0.0,0.0,0.0,15997.325075852796,0.0,,cwc,
2015-09-12,Ranjit Sagar,1.36,-0.43574138394248224,0.0,0.0,0.0,15997.325075852796,0.0,,cwc,
2015-09-13,Ranjit Sagar,1.318,-0.4532535741799985,0.0,0.0,0.0,17781.95869602965,7.678799992804084,,cwc,
2015-09-14,Ranjit Sagar,1.316,-0.45570766940071605,0.0,0.0,0.0,17377.84543079558,2.154306673215844,,cwc_level,
2015-09-15,Ranjit Sagar,1.294,-0.4659389342239447,0.0,0.0,0.0,16539.860390995833,0.1093693173507739,,cwc,
2015-09-16,Ranjit Sagar,1.263,-0.47868194599525404,0.0,0.0,0.0,17080.48054695663,2.900287206809331,,cwc,
2015-09-17,Ranjit Sagar,1.263,-0.4753505636754436,0.0,0.0,0.0,16386.205805488455,0.0,,cwc,
2015-09-18,Ranjit Sagar,1.233,-0.4646696416412185,0.0,0.0,0.0,16248.223429121996,0.4710866681441641,,cwc,
2015-09-19,Ranjit Sagar,1.2198571428571428,-0.4475249057675778,0.0,0.0,0.0,16567.69887748187,1.771281881021837,,cwc_level,
2015-09-20,Ranjit Sagar,1.192,-0.45059063952791156,0.0,0.0,0.0,17001.885939361942,3.158789664232025,,cwc,
2015-09-21,Ranjit Sagar,1.172,-0.4533787115828707,0.0,0.0,0.0,20272.190760786983,14.266841572742496,,cwc,
2015-09-22,Ranjit Sagar,1.172,-0.4555374331392796,0.0,0.0,0.0,38881.35472837936,64.4974991973288,,cwc_level,
2015-09-23,Ranjit Sagar,1.233,-0.4527709145938713,0.0,0.0,0.0,38046.08621234887,8.032809376506604,,cwc,
2015-09-24,Ranjit Sagar,1.294,-0.449625867472038,0.0,0.0,0.0,25016.67686245703,0.9031454853768316,,cwc,
2015-09-25,Ranjit Sagar,1.36,-0.43085042403004203,0.0,0.0,0.0,22505.39844183632,2.963315979932687,,cwc,
2015-09-26,Ranjit Sagar,1.36,-0.437643296532539,0.0,0.0,0.0,18203.9761342538,1.4044327531274947,,cwc,
2015-09-27,Ranjit Sagar,1.36,-0.43994651262342777,0.0,0.0,0.0,16599.075062523123,0.0,,cwc,
2015-09-28,Ranjit Sagar,1.36,-0.4405745957300497,0.0,0.0,0.0,16126.464868960913,0.0,,interp,
2015-09-29,Ranjit Sagar,1.36,-0.44070938679650684,0.0,0.0,0.0,16028.456322130744,0.0,,cwc,
2015-09-30,Ranjit Sagar,1.36,-0.44074188037408624,0.0,0.0,0.0,15997.325075852796,0.0,,cwc,
2016-06-01,Ranjit Sagar,0.842,-0.6605523458296682,0.0,0.0,0.0,16099.52898454423,0.0,,cwc,
2016-06-02,Ranjit Sagar,0.842,-0.6594465992590072,0.0,0.0,0.0,16052.282115607266,0.017608208916682,,cwc,
2016-06-03,Ranjit Sagar,0.842,-0.6580006279791227,0.0,0.0,0.0,16221.441347512477,0.8987779240388564,,cwc,
2016-06-04,Ranjit Sagar,0.842,-0.6544321583561609,0.0,0.0,0.0,16161.687223558525,0.3141962466202991,,cwc,
2016-06-05,Ranjit Sagar,0.842,-0.6527267056757863,0.0,0.0,0.0,16581.537993676,2.212053271348416,,cwc,
2016-06-06,Ranjit Sagar,0.866,-0.6422444680703984,0.0,0.0,0.0,17158.91583501161,3.694596388537476,,cwc,
2016-06-07,Ranjit Sagar,0.866,-0.6428868886144028,0.0,0.0,0.0,17437.629355840923,3.665971231221068,,cwc,
2016-06-08,Ranjit Sagar,0.892,-0.6329810888986689,0.0,0.0,0.0,19640.298701596974,10.78706518018308,,cwc,
2016-06-09,Ranjit Sagar,0.892,-0.6364191928476194,0.0,0.0,0.0,17795.636802622597,0.4690878596971631,,cwc,
2016-06-10,Ranjit Sagar,0.892,-0.6375903619325137,0.0,0.0,0.0,16814.66586420786,0.5759251595802425,,cwc,
2016-06-11,Ranjit Sagar,0.892,-0.6358103524491387,0.0,0.0,0.0,16543.42952481535,0.4807797836681143,,cwc,
2016-06-12,Ranjit Sagar,0.892,-0.6337948407876386,0.0,0.0,0.0,16301.018033382918,0.6867791337918571,,cwc,
2016-06-13,Ranjit Sagar,0.892,-0.6330822472761499,0.0,0.0,0.0,16346.341287936895,0.8112480604518818,,cwc,
2016-06-14,Ranjit Sagar,0.892,-0.6326403958238559,0.0,0.0,0.0,16673.57035346393,2.296193321486398,,cwc,
2016-06-15,Ranjit Sagar,0.892,-0.6317149725664012,0.0,0.0,0.0,18520.04636497427,8.83264156328961,,interp,
2016-06-16,Ranjit Sagar,0.892,-0.6323277145847312,0.0,0.0,0.0,18474.438499033142,4.628309041688008,,cwc,
2016-06-17,Ranjit Sagar,0.8752857142857142,-0.6401831674349387,0.0,0.0,0.0,16983.73522720441,0.0,,cwc_level,
2016-06-18,Ranjit Sagar,0.866,-0.6420756921884827,0.0,0.0,0.0,16769.667600529734,1.12953896711186,,cwc,
2016-06-19,Ranjit Sagar,0.866,-0.6415492850314933,0.0,0.0,0.0,17560.1941568533,4.184560987750076,,cwc,
2016-06-20,Ranjit Sagar,0.866,-0.642707926073162,0.0,0.0,0.0,17932.994273499484,4.272959715332193,,cwc,
2016-06-21,Ranjit Sagar,0.866,-0.6440289191290608,0.0,0.0,0.0,17780.04107088445,3.6610853719329897,,cwc,
2016-06-22,Ranjit Sagar,0.866,-0.6439450520261544,0.0,0.0,0.0,18965.949212883384,7.748018605537939,,cwc,
2016-06-23,Ranjit Sagar,0.866,-0.643126600815174,0.0,0.0,0.0,17274.00452085413,0.0,,cwc,
2016-06-24,Ranjit Sagar,0.842,-0.653143540636868,0.0,0.0,0.0,16450.13049803335,0.0677379581888316,,cwc,
2016-06-25,Ranjit Sagar,0.817,-0.6622951683408084,0.0,0.0,0.0,16667.385398817343,1.496570068380502,,cwc,
2016-06-26,Ranjit Sagar,0.817,-0.6591699158807919,0.0,0.0,0.0,17860.39194726354,5.769758626077688,,cwc,
2016-06-27,Ranjit Sagar,0.788,-0.6658511728751041,0.0,0.0,0.0,19750.085898148838,9.948888877221394,,cwc,
2016-06-28,Ranjit Sagar,0.788,-0.6607718580327858,0.0,0.0,0.0,17486.666279407153,0.0,,cwc,
2016-06-29,Ranjit Sagar,0.788,-0.6540562266995192,0.0,0.0,0.0,17900.5597187537,4.287742121307388,,cwc,
2016-06-30,Ranjit Sagar,0.778,-0.6552771099259381,0.0,0.0,0.0,19661.607988676322,8.488187974455133,,interp,
2016-07-01,Ranjit Sagar,0.768,-0.6541099230262013,0.0,0.0,0.0,23312.556966079672,16.166015980298447,,cwc,
2016-07-02,Ranjit Sagar,0.744,-0.668201276678191,0.0,0.0,0.0,24616.444516036252,13.062449207871229,,cwc,
2016-07-03,Ranjit Sagar,0.768,-0.6659647068646651,0.0,0.0,0.0,23920.73690265704,10.577924722156796,,cwc,
2016-07-04,Ranjit Sagar,0.788,-0.6618903375711472,0.0,0.0,0.0,20818.209137044087,2.8785661284719204,,cwc,
2016-07-05,Ranjit Sagar,0.788,-0.6653252286254002,0.0,0.0,0.0,24867.204895812203,15.212920618174032,,cwc,
2016-07-06,Ranjit Sagar,0.817,-0.6582321860650249,0.0,0.0,0.0,19621.629466745817,0.0,,cwc,
2016-07-07,Ranjit Sagar,0.817,-0.656651879113114,0.0,0.0,0.0,16949.613875461073,0.0,,cwc,
2016-07-08,Ranjit Sagar,0.817,-0.6535872330123161,0.0,0.0,0.0,19649.59212030776,8.667705451869066,,cwc,
2016-07-09,Ranjit Sagar,0.842,-0.644003705242004,0.0,0.0,0.0,17527.32991370795,0.9060680427346371,,cwc,
2016-07-10,Ranjit Sagar,0.817,-0.6462731095443158,0.0,0.0,0.0,19809.56085085601,9.47576237143417,,cwc,
2016-07-11,Ranjit Sagar,0.817,-0.6411728164145045,0.0,0.0,0.0,21135.680198601927,11.440271089176465,,cwc,
2016-07-12,Ranjit Sagar,0.817,-0.6380525269895706,0.0,0.0,0.0,19885.771098702855,4.611732534679371,,cwc,
2016-07-13,Ranjit Sagar,0.817,-0.6361222367655741,0.0,0.0,0.0,18612.955049769396,2.500103486279804,,cwc,
2016-07-14,Ranjit Sagar,0.817,-0.6333164682695875,0.0,0.0,0.0,25571.437258436035,23.51139197825655,,cwc_level,
2016-07-15,Ranjit Sagar,0.866,-0.6198163903512112,0.0,0.0,0.0,24696.018216960416,8.521156039142607,,cwc,
2016-07-16,Ranjit Sagar,0.8703333333333333,-0.6260355207852758,0.0,0.0,0.0,24125.147834437623,10.76352668237976,,cwc_level,
2016-07-17,Ranjit Sagar,0.915,-0.6115748067209663,0.0,0.0,0.0,21735.131644008485,5.007476105693487,,cwc,
2016-07-18,Ranjit Sagar,0.915,-0.6157035538455339,0.0,0.0,0.0,21301.088415018632,7.273484882615824,,cwc,
2016-07-19,Ranjit Sagar,0.939,-0.6085603975471292,0.0,0.0,0.0,18477.514738486727,0.6556659597170909,,cwc,
2016-07-20,Ranjit Sagar,0.939,-0.607631742362665,0.0,0.0,0.0,16966.44898081456,0.8980327111397135,,cwc,
2016-07-21,Ranjit Sagar,0.939,-0.6040609502477043,0.0,0.0,0.0,19722.768795081516,9.673376872911064,,cwc,
2016-07-22,Ranjit Sagar,0.939,-0.5880613500961468,0.0,0.0,0.0,17779.48707885549,1.2676952125490928,,cwc,
2016-07-23,Ranjit Sagar,0.939,-0.5670230218076284,0.0,0.0,0.0,18335.129873602844,5.371941189092352,,cwc,
2016-07-24,Ranjit Sagar,0.939,-0.558564001515693,0.0,0.0,0.0,19367.234966559943,7.582698071934907,,cwc,
2016-07-25,Ranjit Sagar,0.915,-0.555396739525583,0.0,0.0,0.0,20387.531453700256,8.853483465772785,,cwc,
2016-07-26,Ranjit Sagar,0.915,-0.5452426875898789,0.0,0.0,0.0,35051.56696911809,44.59326321683957,,cwc,
2016-07-27,Ranjit Sagar,0.915,-0.546727581752919,0.0,0.0,0.0,37935.75881058554,20.869061926237784,,cwc,
2016-07-28,Ranjit Sagar,0.964,-0.5288725069104842,0.0,0.0,0.0,26439.495831306718,1.631618600120604,,cwc,
2016-07-29,Ranjit Sagar,0.964,-0.5294748019337584,0.0,0.0,0.0,32211.335432613196,18.88518723176536,,cwc,
2016-07-30,Ranjit Sagar,0.964,-0.540894932255059,0.0,0.0,0.0,30115.86286802877,11.56752605565182,,cwc,
2016-07-31,Ranjit Sagar,0.988,-0.5422969406751703,0.0,0.0,0.0,33628.92873319739,18.56039511574263,,cwc,
2016-08-01,Ranjit Sagar,0.988,-0.5435718750782167,0.0,0.0,0.0,35014.24486741852,23.25416398403493,,cwc,
2016-08-02,Ranjit Sagar,1.013,-0.5260951478054761,0.0,0.0,0.0,25862.452732382913,4.625535900160552,,cwc,
2016-08-03,Ranjit Sagar,1.037,-0.5089117229404111,0.0,0.0,0.0,21270.007452027912,2.492541600206202,,cwc,
2016-08-04,Ranjit Sagar,1.037,-0.5011753469589177,0.0,0.0,0.0,18963.00564831831,2.1866607350492298,,cwc,
2016-08-05,Ranjit Sagar,1.037,-0.4929885920942314,0.0,0.0,0.0,32407.44744839599,33.29922164709185,,cwc,
2016-08-06,Ranjit Sagar,1.061,-0.48319396721609487,0.0,0.0,0.0,41539.87566445278,33.890975405788154,,cwc,
2016-08-07,Ranjit Sagar,1.111,-0.4667374106260898,0.0,0.0,0.0,32515.812737279462,10.316753213789818,,cwc,
2016-08-08,Ranjit Sagar,1.192,-0.44003206120185895,0.0,0.0,0.0,28682.026808476043,9.305471309805124,,cwc,
2016-08-09,Ranjit Sagar,1.263,-0.4166819018386691,0.0,0.0,0.0,26806.52122572921,8.81122013997927,,cwc,
2016-08-10,Ranjit Sagar,1.294,-0.4079109635514402,0.0,0.0,0.0,31981.79156070331,18.043617921511206,,cwc,
2016-08-11,Ranjit Sagar,1.36,-0.3918517726200618,0.0,0.0,0.0,36869.74341621058,25.413507293610905,,cwc,
2016-08-12,Ranjit Sagar,1.477,-0.3618058040411001,0.0,0.0,0.0,24994.009054133876,2.840141825446839,,cwc,
2016-08-13,Ranjit Sagar,1.507,-0.35545616498892474,0.0,0.0,0.0,22033.049023065443,5.359356036760255,,cwc,
2016-08-14,Ranjit Sagar,1.538,-0.3458304178246931,0.0,0.0,0.0,22538.956026799857,8.073222169088245,,cwc,
2016-08-15,Ranjit Sagar,1.568,-0.3373377274089108,0.0,0.0,0.0,20391.200577955475,4.513844386285598,,cwc,
2016-08-16,Ranjit Sagar,1.599,-0.3270362323917964,0.0,0.0,0.0,17834.05504940533,0.8290983763820245,,cwc,
2016-08-17,Ranjit Sagar,1.599,-0.32834763015088264,0.0,0.0,0.0,18815.394995310682,6.852150473109007,,cwc,
2016-08-18,Ranjit Sagar,1.629,-0.31628642211824015,0.0,0.0,0.0,18584.453837688263,4.1855800586529535,,cwc,
2016-08-19,Ranjit Sagar,1.629,-0.31745795707945357,0.0,0.0,0.0,18413.543392896303,4.380495201025614,,cwc,
2016-08-20,Ranjit Sagar,1.629,-0.31273363762461825,0.0,0.0,0.0,17590.021725190334,1.9949606860679727,,cwc,
2016-08-21,Ranjit Sagar,1.66,-0.2968976962915913,0.0,0.0,0.0,16577.63917747744,0.1186921658028301,,cwc,
2016-08-22,Ranjit Sagar,1.66,-0.28926978899725214,0.0,0.0,0.0,18108.885697189467,6.038888624981946,,cwc,
2016-08-23,Ranjit Sagar,1.66,-0.28120607858370156,0.0,0.0,0.0,17462.036852003857,2.178768048546035,,cwc,
2016-08-24,Ranjit Sagar,1.69,-0.2661855343308594,0.0,0.0,0.0,22939.790220745555,21.42248947175067,,cwc,
2016-08-25,Ranjit Sagar,1.721,-0.25547096162668764,0.0,0.0,0.0,20091.25104375722,1.608192572377849,,cwc,
2016-08-26,Ranjit Sagar,1.721,-0.25745052616100417,0.0,0.0,0.0,23885.73752353534,17.232797981310835,,cwc,
2016-08-27,Ranjit Sagar,1.76,-0.24420214855219574,0.0,0.0,0.0,25834.515606206984,12.691646302440072,,cwc,
2016-08-28,Ranjit Sagar,1.8,-0.23384057857168558,0.0,0.0,0.0,19590.79013662546,0.0125863019250808,,cwc,
2016-08-29,Ranjit Sagar,1.8,-0.23609121879212738,0.0,0.0,0.0,20534.370289148334,6.3233450495753845,,cwc,
2016-08-30,Ranjit Sagar,1.8,-0.24008828846323926,0.0,0.0,0.0,18194.68207130918,1.8135192817825472,,cwc,
2016-08-31,Ranjit Sagar,1.8,-0.24120151201308992,0.0,0.0,0.0,20638.013209683995,9.792967904622904,,cwc,
2016-09-01,Ranjit Sagar,1.841,-0.22664557896094215,0.0,0.0,0.0,19412.28188680641,4.504434977743212,,cwc,
2016-09-02,Ranjit Sagar,1.841,-0.22904007889246675,0.0,0.0,0.0,17434.510643718117,1.076150837466764,,cwc,
2016-09-03,Ranjit Sagar,1.841,-0.23010377538009433,0.0,0.0,0.0,16704.882445974217,0.2179199240575994,,cwc,
2016-09-04,Ranjit Sagar,1.841,-0.22978871164082412,0.0,0.0,0.0,17128.131722762886,2.9934114137788,,cwc,
2016-09-05,Ranjit Sagar,1.841,-0.22932273014492505,0.0,0.0,0.0,17825.554408530475,4.443281984007356,,cwc,
2016-09-06,Ranjit Sagar,1.841,-0.23023147249932094,0.0,0.0,0.0,17118.17416971381,1.6705047086380396,,cwc,
2016-09-07,Ranjit Sagar,1.841,-0.23063570550322435,0.0,0.0,0.0,16415.410877297556,0.0,,cwc,
2016-09-08,Ranjit Sagar,1.841,-0.23072965921533456,0.0,0.0,0.0,17006.73676892491,3.05826730930131,,cwc,
2016-09-09,Ranjit Sagar,1.841,-0.23038056216772002,0.0,0.0,0.0,17574.576398617937,4.1198053907956105,,cwc,
2016-09-10,Ranjit Sagar,1.841,-0.23146625249601505,0.0,0.0,0.0,16954.91214179996,1.248835825962215,,cwc,
2016-09-11,Ranjit Sagar,1.8,-0.24979142899629944,0.0,0.0,0.0,16730.889107998297,1.337428634546905,,cwc,
2016-09-12,Ranjit Sagar,1.8,-0.25042444502088784,0.0,0.0,0.0,16325.396284620476,0.1410255857074686,,cwc,
2016-09-13,Ranjit Sagar,1.8,-0.250756383272464,0.0,0.0,0.0,17341.197513902604,4.487474118135901,,cwc,
2016-09-14,Ranjit Sagar,1.8,-0.2520957524693684,0.0,0.0,0.0,16534.404909062432,0.0,,cwc,
2016-09-15,Ranjit Sagar,1.8,-0.2522808751716985,0.0,0.0,0.0,16156.157441491549,0.0,,cwc,
2016-09-16,Ranjit Sagar,1.76,-0.2691704331515511,0.0,0.0,0.0,16124.413021725484,0.1013195029750131,,cwc,
2016-09-17,Ranjit Sagar,1.76,-0.2686324749718708,0.0,0.0,0.0,16007.37493305823,0.0,,cwc,
2016-09-18,Ranjit Sagar,1.721,-0.28456465502200307,0.0,0.0,0.0,16057.982939451542,0.2258056858076711,,cwc,
2016-09-19,Ranjit Sagar,1.721,-0.2843584912466677,0.0,0.0,0.0,16357.043692871366,1.440924605640839,,cwc,
2016-09-20,Ranjit Sagar,1.721,-0.2845659471729786,0.0,0.0,0.0,16324.096704995232,0.7667418840429514,,cwc,
2016-09-21,Ranjit Sagar,1.721,-0.28439563138963375,0.0,0.0,0.0,16639.8166745842,2.1246195269425696,,cwc,
2016-09-22,Ranjit Sagar,1.721,-0.2846783298306147,0.0,0.0,0.0,16683.818366616182,1.654053987769038,,cwc,
2016-09-23,Ranjit Sagar,1.69,-0.29814049927592107,0.0,0.0,0.0,16255.50305701559,0.0,,cwc,
2016-09-24,Ranjit Sagar,1.66,-0.310937057823411,0.0,0.0,0.0,16158.285599274946,0.2195056655715383,,cwc,
2016-09-25,Ranjit Sagar,1.66,-0.3109340228846328,0.0,0.0,0.0,16487.271799623588,1.696076329963794,,cwc,
2016-09-26,Ranjit Sagar,1.66,-0.31137485106000135,0.0,0.0,0.0,16368.970696880871,0.7454888953058695,,cwc,
2016-09-27,Ranjit Sagar,1.66,-0.3117462267821651,0.0,0.0,0.0,16456.837768854333,1.2891513031707016,,cwc,
2016-09-28,Ranjit Sagar,1.629,-0.32433282704425903,0.0,0.0,0.0,16257.49227197873,0.2912735407897947,,cwc,
2016-09-29,Ranjit Sagar,1.599,-0.3368688012804834,0.0,0.0,0.0,16161.193294689903,0.3039504248271902,,cwc,
2016-09-30,Ranjit Sagar,1.599,-0.3368354036619305,0.0,0.0,0.0,16064.925861872418,0.0,,cwc,
2017-06-01,Ranjit Sagar,1.36,-0.43968487261218836,0.0,0.0,0.0,16575.36171706311,0.0,,cwc,
2017-06-02,Ranjit Sagar,1.386,-0.42487675231701755,0.0,0.0,0.0,16254.917824314085,0.0,,cwc,
2017-06-03,Ranjit Sagar,1.3834,-0.42345824292561435,0.0,0.0,0.0,16053.411007753475,0.0,,interp,
2017-06-04,Ranjit Sagar,1.3808,-0.42341197659828445,0.0,0.0,0.0,15997.325075852796,0.0,,cwc_level,
2017-06-05,Ranjit Sagar,1.386,-0.42048379444093,0.0,0.0,0.0,16118.301227632406,0.4978484161324337,,cwc,
2017-06-06,Ranjit Sagar,1.386,-0.4199022848691016,0.0,0.0,0.0,20135.535441405136,17.43561775562234,,cwc,
2017-06-07,Ranjit Sagar,1.386,-0.4237531282059123,0.0,0.0,0.0,18676.66442610156,1.6184812674976712,,cwc,
2017-06-08,Ranjit Sagar,1.386,-0.4264252490977832,0.0,0.0,0.0,17160.447443308818,0.6490954412467529,,cwc,
2017-06-09,Ranjit Sagar,1.416,-0.4142082399773217,0.0,0.0,0.0,16677.32000994168,0.1145685994284655,,cwc,
2017-06-10,Ranjit Sagar,1.416,-0.414524473372109,0.0,0.0,0.0,16675.43032950942,1.8045526683762143,,cwc,
2017-06-11,Ranjit Sagar,1.416,-0.41435099352551624,0.0,0.0,0.0,16446.14322218404,0.5728741386006106,,cwc,
2017-06-12,Ranjit Sagar,1.416,-0.41421323626688694,0.0,0.0,0.0,16116.575332617082,0.0,,cwc,
2017-06-13,Ranjit Sagar,1.416,-0.4134385373681769,0.0,0.0,0.0,16603.207089901873,2.2222079979897407,,cwc,
2017-06-14,Ranjit Sagar,1.416,-0.41243526146832676,0.0,0.0,0.0,16374.345070651503,0.5664671087612849,,cwc,
2017-06-15,Ranjit Sagar,1.416,-0.40942100393788927,0.0,0.0,0.0,16841.636830327807,2.781508225816773,,cwc,
2017-06-16,Ranjit Sagar,1.386,-0.4172013864139741,0.0,0.0,0.0,16578.124846383074,0.8752172926277114,,cwc,
2017-06-17,Ranjit Sagar,1.36,-0.41828427327914836,0.0,0.0,0.0,16858.794072553475,2.530006884987158,,cwc,
2017-06-18,Ranjit Sagar,1.36,-0.41406741081014414,0.0,0.0,0.0,17564.419472461293,4.374447503305377,,cwc,
2017-06-19,Ranjit Sagar,1.36,-0.4139027604156422,0.0,0.0,0.0,19262.226323368173,9.375654172719525,,cwc,
2017-06-20,Ranjit Sagar,1.318,-0.43442410178497154,0.0,0.0,0.0,21649.493059193475,12.932971732222724,,cwc,
2017-06-21,Ranjit Sagar,1.318,-0.438487139357518,0.0,0.0,0.0,26167.73806340252,20.657107746360897,,cwc,
2017-06-22,Ranjit Sagar,1.36,-0.42696425602577615,0.0,0.0,0.0,20898.859643113534,0.0001245098441287,,cwc,
2017-06-23,Ranjit Sagar,1.36,-0.42757158243569243,0.0,0.0,0.0,17722.16670631006,0.0,,cwc,
2017-06-24,Ranjit Sagar,1.36,-0.42218772836353186,0.0,0.0,0.0,16768.11810716797,0.0,,cwc,
2017-06-25,Ranjit Sagar,1.318,-0.4302683849066056,0.0,0.0,0.0,17756.80309612409,4.5244651693041655,,cwc,
2017-06-26,Ranjit Sagar,1.318,-0.4244948559357455,0.0,0.0,0.0,20040.659135604812,9.798133858801355,,cwc,
2017-06-27,Ranjit Sagar,1.318,-0.42582351961564463,0.0,0.0,0.0,20316.99610432612,10.03151055871337,,cwc,
2017-06-28,Ranjit Sagar,1.294,-0.43320268376032217,0.0,0.0,0.0,22880.296390105977,14.32323328037127,,cwc,
2017-06-29,Ranjit Sagar,1.318,-0.42557788387149564,0.0,0.0,0.0,26193.104433458797,16.9760494811589,,cwc,
2017-06-30,Ranjit Sagar,1.36,-0.41559552405388606,0.0,0.0,0.0,23288.270102045062,5.479344346774795,,cwc,
2017-07-01,Ranjit Sagar,1.416,-0.39645555645989833,0.0,0.0,0.0,18767.701236818568,0.0,,cwc,
2017-07-02,Ranjit Sagar,1.416,-0.39715391370246245,0.0,0.0,0.0,23056.84170487235,13.493168176461896,,cwc,
2017-07-03,Ranjit Sagar,1.446,-0.39085110558546177,0.0,0.0,0.0,20375.78796740935,3.6513216070098498,,cwc,
2017-07-04,Ranjit Sagar,1.446,-0.3951293524569059,0.0,0.0,0.0,18590.0902443544,3.037408479311576,,cwc,
2017-07-05,Ranjit Sagar,1.446,-0.39439578763236055,0.0,0.0,0.0,18736.636297009823,4.959382812673386,,cwc,
2017-07-06,Ranjit Sagar,1.446,-0.3920744864971342,0.0,0.0,0.0,18098.623439671268,3.3676990766875528,,interp,
2017-07-07,Ranjit Sagar,1.446,-0.3833958368291367,0.0,0.0,0.0,16833.36015268704,0.0679181587085566,,cwc,
2017-07-08,Ranjit Sagar,1.446,-0.37101141637911605,0.0,0.0,0.0,16276.911607384518,0.0304820835138232,,cwc,
2017-07-09,Ranjit Sagar,1.446,-0.3639411309958269,0.0,0.0,0.0,19292.899504367837,11.219534367797229,,cwc,
2017-07-10,Ranjit Sagar,1.446,-0.360951513779478,0.0,0.0,0.0,20960.61416308056,10.93898954129615,,cwc,
2017-07-11,Ranjit Sagar,1.446,-0.3502157396950884,0.0,0.0,0.0,26413.410554582595,23.880727258750493,,cwc,
2017-07-12,Ranjit Sagar,1.446,-0.3462300032267096,0.0,0.0,0.0,28698.549268822317,16.690420340321275,,cwc,
2017-07-13,Ranjit Sagar,1.477,-0.32627012672673156,0.0,0.0,0.0,23050.76699418492,2.8785496509122304,,cwc,
2017-07-14,Ranjit Sagar,1.538,-0.295079288354022,0.0,0.0,0.0,22157.1735170266,6.091341322493544,,cwc,
2017-07-15,Ranjit Sagar,1.599,-0.2706519086203914,0.0,0.0,0.0,31246.278343609418,25.46971500858747,,cwc,
2017-07-16,Ranjit Sagar,1.629,-0.26929313778386,0.0,0.0,0.0,30232.040352823406,13.494483662524276,,cwc,
2017-07-17,Ranjit Sagar,1.6290000000000002,-0.2819178763460394,0.0,0.0,0.0,35150.81294188515,26.79955669000644,,cwc_level,
2017-07-18,Ranjit Sagar,1.69,-0.2698580708056857,0.0,0.0,0.0,28001.084251980647,6.273806053145587,,cwc,
2017-07-19,Ranjit Sagar,1.721,-0.2603379667833726,0.0,0.0,0.0,20627.598061578945,0.6614430737867261,,cwc,
2017-07-20,Ranjit Sagar,1.8,-0.22534121816317437,0.0,0.0,0.0,20286.044065147635,4.122750061896473,,cwc,
2017-07-21,Ranjit Sagar,1.8,-0.22241880239048153,0.0,0.0,0.0,18136.6087428787,2.301464750576087,,cwc,
2017-07-22,Ranjit Sagar,1.8,-0.21672111210259548,0.0,0.0,0.0,21772.188327999163,12.275150419290116,,cwc,
2017-07-23,Ranjit Sagar,1.841,-0.19870940973465806,0.0,0.0,0.0,24451.275137155146,18.58824504482279,,cwc,
2017-07-24,Ranjit Sagar,1.841,-0.2015740773567774,0.0,0.0,0.0,21867.036088032597,5.300127086535735,,cwc,
2017-07-25,Ranjit Sagar,1.841,-0.19907995889535518,0.0,0.0,0.0,23085.93413339214,10.906942029795587,,cwc,
2017-07-26,Ranjit Sagar,1.841,-0.18965454514757277,0.0,0.0,0.0,23595.41669144301,9.885890616334295,,cwc,
2017-07-27,Ranjit Sagar,1.8475000000000001,-0.17721896591176933,0.0,0.0,0.0,22270.61166614787,6.871279677239901,,interp,
2017-07-28,Ranjit Sagar,1.854,-0.16950949425598358,0.0,0.0,0.0,21706.71206062791,7.173983637527651,,cwc_level,
2017-07-29,Ranjit Sagar,1.88,-0.15193414392866622,0.0,0.0,0.0,24256.58571146852,15.148843143996189,,cwc,
2017-07-30,Ranjit Sagar,1.919,-0.1344904099077646,0.0,0.0,0.0,32116.17636931956,27.211594765321323,,cwc,
2017-07-31,Ranjit Sagar,1.919,-0.14155813793987607,0.0,0.0,0.0,32852.84500585978,17.94287478651587,,cwc,
2017-08-01,Ranjit Sagar,1.919,-0.14906380286437718,0.0,0.0,0.0,27000.079996775796,7.163264595272025,,cwc,
2017-08-02,Ranjit Sagar,1.959,-0.13344971160513172,0.0,0.0,0.0,27918.096456617757,13.070968998872502,,cwc,
2017-08-03,Ranjit Sagar,1.959,-0.12892193571051672,0.0,0.0,0.0,25028.322577893257,7.287185243698435,,cwc,
2017-08-04,Ranjit Sagar,1.959,-0.11988486174967335,0.0,0.0,0.0,25344.771113753202,11.209389707943592,,cwc,
2017-08-05,Ranjit Sagar,1.959,-0.116981844675502,0.0,0.0,0.0,25661.863875095583,13.021836903228776,,cwc,
2017-08-06,Ranjit Sagar,1.959,-0.11983341187464326,0.0,0.0,0.0,25610.149448947162,13.13632983405387,,cwc,
2017-08-07,Ranjit Sagar,1.959,-0.12472820450123176,0.0,0.0,0.0,32256.04004323074,24.64740351865412,,cwc,
2017-08-08,Ranjit Sagar,1.999,-0.12243561577961826,0.0,0.0,0.0,33686.50662733176,19.415181608260667,,cwc,
2017-08-09,Ranjit Sagar,1.999,-0.13572551763640864,0.0,0.0,0.0,28126.075796634446,7.912629670830759,,cwc,
2017-08-10,Ranjit Sagar,1.959,-0.16357352650297544,0.0,0.0,0.0,22929.851970967844,3.883162386205996,,cwc,
2017-08-11,Ranjit Sagar,1.959,-0.17027197100218983,0.0,0.0,0.0,20920.57673675454,4.669992577919835,,cwc,
2017-08-12,Ranjit Sagar,1.959,-0.17504710198441223,0.0,0.0,0.0,18103.126555831815,1.084782537511935,,cwc,
2017-08-13,Ranjit Sagar,1.959,-0.1764525193837565,0.0,0.0,0.0,20953.799473043222,10.88363678806572,,cwc,
2017-08-14,Ranjit Sagar,1.959,-0.18031980148451185,0.0,0.0,0.0,17795.010063055037,0.1400010984867115,,cwc,
2017-08-15,Ranjit Sagar,1.959,-0.1795291607958892,0.0,0.0,0.0,16512.247603620766,0.0,,cwc,
2017-08-16,Ranjit Sagar,1.919,-0.19567173477237984,0.0,0.0,0.0,16345.64871432203,0.1644684830796342,,cwc,
2017-08-17,Ranjit Sagar,1.919,-0.1887142167362119,0.0,0.0,0.0,16756.63292719384,2.5459094680905965,,cwc,
2017-08-18,Ranjit Sagar,1.919,-0.1847840024522401,0.0,0.0,0.0,17248.657704311445,3.2080558079303843,,cwc,
2017-08-19,Ranjit Sagar,1.88,-0.19506881318081026,0.0,0.0,0.0,18552.502214688444,8.207153241645267,,cwc,
2017-08-20,Ranjit Sagar,1.88,-0.1925479071916719,0.0,0.0,0.0,17395.8526911641,0.8525715117946926,,cwc,
2017-08-21,Ranjit Sagar,1.88,-0.19002662843863738,0.0,0.0,0.0,23011.46465711951,21.53283799056313,,cwc,
2017-08-22,Ranjit Sagar,1.88,-0.1955351475793779,0.0,0.0,0.0,20522.06837364496,2.050170302945069,,cwc,
2017-08-23,Ranjit Sagar,1.841,-0.21653122756664717,0.0,0.0,0.0,23335.69788556656,14.693616776098306,,cwc,
2017-08-24,Ranjit Sagar,1.841,-0.2205724721560531,0.0,0.0,0.0,20967.716267363394,3.12155508751056,,cwc,
2017-08-25,Ranjit Sagar,1.841,-0.22189013091979676,0.0,0.0,0.0,19811.423879172176,5.577132093264964,,cwc,
2017-08-26,Ranjit Sagar,1.8,-0.24070595313900853,0.0,0.0,0.0,17733.89663377062,0.0,,cwc,
2017-08-27,Ranjit Sagar,1.8,-0.23736592350811353,0.0,0.0,0.0,16346.921806540697,0.0,,cwc,
2017-08-28,Ranjit Sagar,1.76,-0.24580419484527452,0.0,0.0,0.0,19463.887209292265,9.673567580639428,,cwc,
2017-08-29,Ranjit Sagar,1.76,-0.24150573320781485,0.0,0.0,0.0,19705.301890732182,7.889543473092985,,cwc,
2017-08-30,Ranjit Sagar,1.721,-0.25837429024699254,0.0,0.0,0.0,18542.594356421425,3.1451737354491582,,cwc,
2017-08-31,Ranjit Sagar,1.721,-0.259653750473351,0.0,0.0,0.0,20933.89161003923,11.921630869822538,,cwc,
2017-09-01,Ranjit Sagar,1.76,-0.24718174522285197,0.0,0.0,0.0,24611.817620807855,16.67188816096641,,cwc,
2017-09-02,Ranjit Sagar,1.7600000000000002,-0.2547089793875896,0.0,0.0,0.0,23582.13080758887,8.090501338011071,,cwc_level,
2017-09-03,Ranjit Sagar,1.8,-0.24369722786794557,0.0,0.0,0.0,19484.627037337745,1.3141909737686126,,cwc,
2017-09-04,Ranjit Sagar,1.841,-0.2291136455179741,0.0,0.0,0.0,17316.776998751593,0.1064300943271815,,cwc,
2017-09-05,Ranjit Sagar,1.841,-0.2273646435344059,0.0,0.0,0.0,16942.34525840607,1.394743347771655,,cwc,
2017-09-06,Ranjit Sagar,1.841,-0.22513062262619438,0.0,0.0,0.0,17400.171565469103,3.216417849077941,,cwc,
2017-09-07,Ranjit Sagar,1.841,-0.22534323197550798,0.0,0.0,0.0,17782.819004702524,4.542842581350848,,cwc,
2017-09-08,Ranjit Sagar,1.88,-0.21000087836069106,0.0,0.0,0.0,16698.658304809698,0.1794273496066321,,cwc,
2017-09-09,Ranjit Sagar,1.88,-0.21052696041571067,0.0,0.0,0.0,18992.450025461323,9.897329767776192,,cwc,
2017-09-10,Ranjit Sagar,1.88,-0.21362848833657258,0.0,0.0,0.0,19082.702223215518,5.30863132904511,,cwc,
2017-09-11,Ranjit Sagar,1.88,-0.2168423020069514,0.0,0.0,0.0,17196.476112165863,0.1496179325877346,,cwc,
2017-09-12,Ranjit Sagar,1.88,-0.21781255480780146,0.0,0.0,0.0,16541.278300024365,0.0648528647174208,,cwc,
2017-09-13,Ranjit Sagar,1.88,-0.21826967002883615,0.0,0.0,0.0,16194.632856174172,0.1440247123002186,,cwc,
2017-09-14,Ranjit Sagar,1.88,-0.21843866522422198,0.0,0.0,0.0,16020.957295663136,0.0,,cwc,
2017-09-15,Ranjit Sagar,1.841,-0.2350771735098211,0.0,0.0,0.0,16003.631455475062,0.0,,cwc,
2017-09-16,Ranjit Sagar,1.841,-0.2350837558622805,0.0,0.0,0.0,16266.902296499178,1.1392195971227377,,cwc,
2017-09-17,Ranjit Sagar,1.8,-0.25285659760104773,0.0,0.0,0.0,16103.32817007446,0.0,,cwc,
2017-09-18,Ranjit Sagar,1.8,-0.24945375062040542,0.0,0.0,0.0,16032.722982307836,0.0,,cwc,
2017-09-19,Ranjit Sagar,1.8,-0.24404745273063805,0.0,0.0,0.0,16020.68613238529,0.0,,cwc,
2017-09-20,Ranjit Sagar,1.76,-0.2584005255974767,0.0,0.0,0.0,15997.325075852796,0.0,,cwc,
2017-09-21,Ranjit Sagar,1.76,-0.25722369151385266,0.0,0.0,0.0,15997.325075852796,0.0,,cwc,
2017-09-22,Ranjit Sagar,1.721,-0.2730735512905604,0.0,0.0,0.0,19363.506805121047,14.483777480287962,,cwc,
2017-09-23,Ranjit Sagar,1.721,-0.27634070406649136,0.0,0.0,0.0,21212.355500367677,11.744241977687231,,cwc,
2017-09-24,Ranjit Sagar,1.721,-0.28169911047136353,0.0,0.0,0.0,18618.765399422315,0.9268491631599244,,cwc,
2017-09-25,Ranjit Sagar,1.721,-0.2844005892101321,0.0,0.0,0.0,17124.81901203375,0.0,,cwc,
2017-09-26,Ranjit Sagar,1.721,-0.28543613359675757,0.0,0.0,0.0,16752.637408945913,0.9706018995524142,,cwc,
2017-09-27,Ranjit Sagar,1.69,-0.29939505729434446,0.0,0.0,0.0,16233.333236307599,0.191077681461021,,cwc,
2017-09-28,Ranjit Sagar,1.69,-0.2996239661270933,0.0,0.0,0.0,16078.606560600927,0.0728183112632581,,cwc,
2017-09-29,Ranjit Sagar,1.69,-0.2996973143515547,0.0,0.0,0.0,16030.549321159684,0.0,,cwc,
2017-09-30,Ranjit Sagar,1.66,-0.3125306273319673,0.0,0.0,0.0,16132.691036804787,0.5424057922340898,,cwc,
2018-06-01,Ranjit Sagar,0.583,-0.7686835573075986,0.0,0.0,0.0,16701.68964836966,2.0429284538481505,,cwc,
2018-06-02,Ranjit Sagar,0.583,-0.7683612813303939,0.0,0.0,0.0,16270.650640172737,0.0,,cwc,
2018-06-03,Ranjit Sagar,0.583,-0.7680959913319231,0.0,0.0,0.0,16112.446403994869,0.0,,cwc,
2018-06-04,Ranjit Sagar,0.583,-0.7650059466592714,0.0,0.0,0.0,16041.769566964704,0.0,,cwc,
2018-06-05,Ranjit Sagar,0.603,-0.7543947057109052,0.0,0.0,0.0,18254.49087917026,8.95000216528612,,cwc,
2018-06-06,Ranjit Sagar,0.621,-0.7476546406023871,0.0,0.0,0.0,17010.45382773146,0.0831745994887146,,cwc,
2018-06-07,Ranjit Sagar,0.6335,-0.7420149342467753,0.0,0.0,0.0,16524.818044709686,0.7227406374912595,,interp,
2018-06-08,Ranjit Sagar,0.646,-0.7360674588864583,0.0,0.0,0.0,19072.937334214974,10.004469951586737,,cwc,
2018-06-09,Ranjit Sagar,0.67,-0.7277721698453724,0.0,0.0,0.0,18033.430438355124,2.2739707098233715,,cwc,
2018-06-10,Ranjit Sagar,0.67,-0.7281912416349268,0.0,0.0,0.0,17354.74862938027,1.7985812244407429,,cwc_level,
2018-06-11,Ranjit Sagar,0.695,-0.7161741157820677,0.0,0.0,0.0,17304.526781604713,2.4716877754134714,,cwc,
2018-06-12,Ranjit Sagar,0.719,-0.705759866051799,0.0,0.0,0.0,17113.75642726032,2.174290449711677,,cwc,
2018-06-13,Ranjit Sagar,0.719,-0.7053680748564297,0.0,0.0,0.0,17210.807020690194,2.4716486845811407,,cwc,
2018-06-14,Ranjit Sagar,0.719,-0.7050880653726411,0.0,0.0,0.0,17631.928724458478,4.284652494714636,,cwc,
2018-06-15,Ranjit Sagar,0.744,-0.6954669778275571,0.0,0.0,0.0,18649.678191177623,6.844587506958571,,cwc,
2018-06-16,Ranjit Sagar,0.744,-0.6979895468334115,0.0,0.0,0.0,17472.517248319607,1.207706914109163,,cwc,
2018-06-17,Ranjit Sagar,0.768,-0.6889786142173262,0.0,0.0,0.0,17489.12131783829,3.056217798167783,,cwc,
2018-06-18,Ranjit Sagar,0.768,-0.6903494956053076,0.0,0.0,0.0,17479.076778881128,2.755353326612904,,cwc,
2018-06-19,Ranjit Sagar,0.768,-0.6918285255587246,0.0,0.0,0.0,16631.276691139105,0.4235071599220879,,cwc,
2018-06-20,Ranjit Sagar,0.768,-0.6924595813259353,0.0,0.0,0.0,16232.870845710366,0.0,,cwc,
2018-06-21,Ranjit Sagar,0.768,-0.6925762896949449,0.0,0.0,0.0,16296.02631464177,0.8255086464391408,,cwc,
2018-06-22,Ranjit Sagar,0.744,-0.6997626059216244,0.0,0.0,0.0,16175.715737832967,0.3140690427946913,,cwc,
2018-06-23,Ranjit Sagar,0.719,-0.7022573930247901,0.0,0.0,0.0,16062.056888726109,0.0263039809306206,,cwc,
2018-06-24,Ranjit Sagar,0.719,-0.6803828442601156,0.0,0.0,0.0,16026.67867615728,0.0,,cwc,
2018-06-25,Ranjit Sagar,0.719,-0.6656921113933552,0.0,0.0,0.0,16121.055611778149,0.4897018611082598,,cwc,
2018-06-26,Ranjit Sagar,0.719,-0.657290982155083,0.0,0.0,0.0,19220.634458331097,13.23043387393493,,cwc,
2018-06-27,Ranjit Sagar,0.695,-0.6613762045401357,0.0,0.0,0.0,24003.889719635674,21.654592084567085,,cwc,
2018-06-28,Ranjit Sagar,0.695,-0.6592695199011527,0.0,0.0,0.0,37019.489573640494,42.70219103183189,,cwc,
2018-06-29,Ranjit Sagar,0.768,-0.6436510757782289,0.0,0.0,0.0,30101.48535945644,3.049981167582512,,cwc,
2018-06-30,Ranjit Sagar,0.842,-0.6243966627652424,0.0,0.0,0.0,24169.957666054604,4.767975380868633,,cwc,
2018-07-01,Ranjit Sagar,0.866,-0.6217443718113704,0.0,0.0,0.0,25116.319451863896,8.529129066731727,,cwc,
2018-07-02,Ranjit Sagar,0.866,-0.6310246169745553,0.0,0.0,0.0,26022.249137459577,12.2695412485703,,cwc,
2018-07-03,Ranjit Sagar,0.866,-0.6414355038941612,0.0,0.0,0.0,22145.488628901996,4.582839147130895,,cwc,
2018-07-04,Ranjit Sagar,0.892,-0.6355938729875434,0.0,0.0,0.0,18302.276481528992,1.8335034705120168,,cwc,
2018-07-05,Ranjit Sagar,0.892,-0.635551971660973,0.0,0.0,0.0,16901.41857006068,0.0,,cwc,
2018-07-06,Ranjit Sagar,0.915,-0.6218339610541163,0.0,0.0,0.0,16225.159437581333,0.0,,cwc,
2018-07-07,Ranjit Sagar,0.915,-0.6187705755583386,0.0,0.0,0.0,16047.850846773443,0.0,,cwc,
2018-07-08,Ranjit Sagar,0.915,-0.611883323605778,0.0,0.0,0.0,17115.103535223123,4.261466516729184,,cwc,
2018-07-09,Ranjit Sagar,0.915,-0.6077505581164697,0.0,0.0,0.0,18342.42104590181,7.330611042038021,,cwc,
2018-07-10,Ranjit Sagar,0.915,-0.5999254836887774,0.0,0.0,0.0,20643.390437280712,12.80866026512834,,cwc,
2018-07-11,Ranjit Sagar,0.915,-0.5913701943708256,0.0,0.0,0.0,19160.108908145092,2.8227360514247044,,cwc,
2018-07-12,Ranjit Sagar,0.915,-0.5852553175364138,0.0,0.0,0.0,22646.34669382525,15.10721597132666,,cwc,
2018-07-13,Ranjit Sagar,0.915,-0.5858554129000912,0.0,0.0,0.0,21074.59799046807,4.456650005844548,,cwc,
2018-07-14,Ranjit Sagar,0.939,-0.5766259538904218,0.0,0.0,0.0,25839.420062295034,18.91184851472545,,cwc,
2018-07-15,Ranjit Sagar,0.9338571428571428,-0.5863623985620058,0.0,0.0,0.0,28839.98922932025,17.253185078190263,,cwc_level,
2018-07-16,Ranjit Sagar,0.939,-0.5942325003274945,0.0,0.0,0.0,25018.61236859975,8.283165758168616,,cwc,
2018-07-17,Ranjit Sagar,0.964,-0.5868984928133445,0.0,0.0,0.0,22071.41103119301,4.338531009414616,,cwc,
2018-07-18,Ranjit Sagar,0.964,-0.5875770954051037,0.0,0.0,0.0,20107.471475352006,4.295920803135583,,cwc,
2018-07-19,Ranjit Sagar,0.964,-0.5854349133663114,0.0,0.0,0.0,18613.250733699886,2.498778349910584,,cwc,
2018-07-20,Ranjit Sagar,0.964,-0.5823305025918264,0.0,0.0,0.0,19197.787203684016,6.028879382209261,,cwc,
2018-07-21,Ranjit Sagar,0.964,-0.566494686478088,0.0,0.0,0.0,21826.76881361943,13.564451156249811,,cwc,
2018-07-22,Ranjit Sagar,0.988,-0.5472996676338444,0.0,0.0,0.0,21421.259647975905,8.153789235016545,,cwc,
2018-07-23,Ranjit Sagar,0.988,-0.5423514611314582,0.0,0.0,0.0,22159.84002291838,10.20153736951802,,cwc,
2018-07-24,Ranjit Sagar,0.988,-0.5421684075083969,0.0,0.0,0.0,21587.50545010615,7.074175923797976,,cwc,
2018-07-25,Ranjit Sagar,1.013,-0.5354840720356934,0.0,0.0,0.0,34369.66817753584,36.7628706901141,,cwc,
2018-07-26,Ranjit Sagar,1.013,-0.552035578035971,0.0,0.0,0.0,30407.384363832418,8.486561877993758,,cwc_level,
2018-07-27,Ranjit Sagar,1.061,-0.5450012666500328,0.0,0.0,0.0,26162.006796657006,9.387689120864342,,cwc,
2018-07-28,Ranjit Sagar,1.061,-0.5538533823441312,0.0,0.0,0.0,22335.21890841258,3.2331346482670456,,cwc,
2018-07-29,Ranjit Sagar,1.086,-0.5477404752495947,0.0,0.0,0.0,17773.228115011752,0.103789064981603,,cwc,
2018-07-30,Ranjit Sagar,1.086,-0.5472518520536287,0.0,0.0,0.0,18512.103453962918,3.733203242562367,,cwc,
2018-07-31,Ranjit Sagar,1.111,-0.5309824670783154,0.0,0.0,0.0,17527.514715543133,2.6417050363886485,,cwc,
2018-08-01,Ranjit Sagar,1.111,-0.5206775691024889,0.0,0.0,0.0,17681.02642197889,3.713612854905792,,interp,
2018-08-02,Ranjit Sagar,1.111,-0.504429947698693,0.0,0.0,0.0,17973.470999249737,4.585918891706184,,interp,
2018-08-03,Ranjit Sagar,1.111,-0.48208749229816333,0.0,0.0,0.0,18241.36521113696,4.949433162532005,,cwc,
2018-08-04,Ranjit Sagar,1.111,-0.46918096028252915,0.0,0.0,0.0,23881.0111936125,21.49819675864622,,cwc,
2018-08-05,Ranjit Sagar,1.141,-0.45619557202141675,0.0,0.0,0.0,27400.367773068218,18.62521856365196,,cwc,
2018-08-06,Ranjit Sagar,1.141,-0.46446729567637607,0.0,0.0,0.0,33247.44726673344,25.37110444400694,,cwc,
2018-08-07,Ranjit Sagar,1.172,-0.46406422666692587,0.0,0.0,0.0,39379.19278622773,26.008386578339696,,cwc,
2018-08-08,Ranjit Sagar,1.1903333333333332,-0.4532614806548958,0.0,0.0,0.0,30606.77575392094,6.378319733318379,,cwc_level,
2018-08-09,Ranjit Sagar,1.233,-0.42666220770224184,0.0,0.0,0.0,24059.934785342044,3.647737661707937,,cwc,
2018-08-10,Ranjit Sagar,1.263,-0.4077003847761795,0.0,0.0,0.0,19475.445821444784,1.2500481957618566,,cwc,
2018-08-11,Ranjit Sagar,1.294,-0.39110238914250484,0.0,0.0,0.0,20962.84551121854,7.958291931404788,,cwc,
2018-08-12,Ranjit Sagar,1.294,-0.3943946727868458,0.0,0.0,0.0,42235.553928061,55.62715188681928,,cwc,
2018-08-13,Ranjit Sagar,1.36,-0.38862982610677566,0.0,0.0,0.0,38651.50144005915,16.15266645785389,,cwc,
2018-08-14,Ranjit Sagar,1.416,-0.3825861474634047,0.0,0.0,0.0,29964.724018183755,8.054732726409904,,cwc,
2018-08-15,Ranjit Sagar,1.477,-0.3677090293731452,0.0,0.0,0.0,22706.77942147055,0.3231446440663441,,cwc,
2018-08-16,Ranjit Sagar,1.487,-0.36189787421124525,0.0,0.0,0.0,17808.59471509028,0.2482465682749122,,cwc_level,
2018-08-17,Ranjit Sagar,1.507,-0.3487784569566144,0.0,0.0,0.0,20782.221135043987,7.04970656379364,,cwc,
2018-08-18,Ranjit Sagar,1.538,-0.333167212719785,0.0,0.0,0.0,21552.65593902866,11.784995202688464,,cwc,
2018-08-19,Ranjit Sagar,1.568,-0.3097860527339474,0.0,0.0,0.0,19285.29282548335,3.5904773707533906,,cwc,
2018-08-20,Ranjit Sagar,1.599,-0.28714183831160206,0.0,0.0,0.0,24186.94941094092,20.576379734403183,,cwc,
2018-08-21,Ranjit Sagar,1.599,-0.28758685489814373,0.0,0.0,0.0,22203.27366314754,4.797586641874443,,cwc_level,
2018-08-22,Ranjit Sagar,1.629,-0.27821480521510694,0.0,0.0,0.0,23068.174046370692,10.676061250532769,,cwc,
2018-08-23,Ranjit Sagar,1.66,-0.2715483263269564,0.0,0.0,0.0,31691.49634881422,26.691002360098167,,cwc,
2018-08-24,Ranjit Sagar,1.69,-0.27470944992728685,0.0,0.0,0.0,28309.35040921316,10.5309125372372,,cwc,
2018-08-25,Ranjit Sagar,1.7003333333333333,-0.28088216538023436,0.0,0.0,0.0,23760.590666061144,5.0261416893522135,,cwc_level,
2018-08-26,Ranjit Sagar,1.721,-0.27769074998984417,0.0,0.0,0.0,18920.35212917949,0.1966053239690821,,cwc,
2018-08-27,Ranjit Sagar,1.721,-0.27880796581958595,0.0,0.0,0.0,16784.381373732587,0.0,,cwc,
2018-08-28,Ranjit Sagar,1.721,-0.27602430194107175,0.0,0.0,0.0,16400.86950214431,0.47900520655823,,cwc,
2018-08-29,Ranjit Sagar,1.76,-0.2549948403394598,0.0,0.0,0.0,18171.842740518336,6.85585183143411,,cwc,
2018-08-30,Ranjit Sagar,1.76,-0.25333945277665865,0.0,0.0,0.0,18371.021144865535,5.424603024844031,,cwc,
2018-08-31,Ranjit Sagar,1.76,-0.2531223024295233,0.0,0.0,0.0,17849.976881752897,3.2785705032585484,,cwc,
2018-09-01,Ranjit Sagar,1.8,-0.23308538122863456,0.0,0.0,0.0,19451.336883489203,8.669955751828992,,cwc,
2018-09-02,Ranjit Sagar,1.8,-0.2338143472480286,0.0,0.0,0.0,20607.998120308283,8.992837854015285,,cwc,
2018-09-03,Ranjit Sagar,1.8,-0.23510518273007563,0.0,0.0,0.0,19757.826240707185,4.794372050452751,,cwc,
2018-09-04,Ranjit Sagar,1.8,-0.23686287639064305,0.0,0.0,0.0,18579.06720933766,3.048903902886119,,cwc,
2018-09-05,Ranjit Sagar,1.8,-0.23781451828903136,0.0,0.0,0.0,20697.44394957263,10.235302669623014,,cwc,
2018-09-06,Ranjit Sagar,1.8,-0.24092613196741375,0.0,0.0,0.0,18752.93361833419,2.106991484780356,,cwc,
2018-09-07,Ranjit Sagar,1.8,-0.24221964085519368,0.0,0.0,0.0,19371.282427869053,6.741701233894498,,cwc,
2018-09-08,Ranjit Sagar,1.8,-0.24405494982251283,0.0,0.0,0.0,18073.825945737466,2.017147084361704,,cwc,
2018-09-09,Ranjit Sagar,1.8,-0.24264936146531937,0.0,0.0,0.0,17667.324012247078,2.9950653280275503,,cwc,
2018-09-10,Ranjit Sagar,1.8,-0.2427786937398607,0.0,0.0,0.0,17716.28831945202,2.9754387791310504,,cwc,
2018-09-11,Ranjit Sagar,1.8,-0.24402587344454657,0.0,0.0,0.0,17513.656605828884,3.153907786482616,,cwc,
2018-09-12,Ranjit Sagar,1.8,-0.24533285899277063,0.0,0.0,0.0,17612.920938797943,3.241594952382018,,cwc,
2018-09-13,Ranjit Sagar,1.8,-0.24701221009836552,0.0,0.0,0.0,19420.48336461657,9.501583012992404,,interp,
2018-09-14,Ranjit Sagar,1.8,-0.25058456163085335,0.0,0.0,0.0,17543.41414480953,0.2266214746323948,,cwc,
2018-09-15,Ranjit Sagar,1.8,-0.2521983089462757,0.0,0.0,0.0,16521.398084771845,0.0242739040829753,,cwc,
2018-09-16,Ranjit Sagar,1.8,-0.252745315860825,0.0,0.0,0.0,16261.467957654515,0.0,,cwc,
2018-09-17,Ranjit Sagar,1.8,-0.2493872486234699,0.0,0.0,0.0,16003.97859541672,0.0,,cwc,
2018-09-18,Ranjit Sagar,1.76,-0.23524493425570336,0.0,0.0,0.0,15997.906854610146,0.0,,cwc,
2018-09-19,Ranjit Sagar,1.76,-0.12713097261032758,0.0,0.0,0.0,15997.325075852796,0.0,,cwc,
2018-09-20,Ranjit Sagar,1.76,-0.040152649109067025,0.0,0.0,0.0,15997.325075852796,0.0,,cwc,
2018-09-21,Ranjit Sagar,1.76,-0.0034754311204787756,0.0,0.0,0.0,19478.744292604,14.9796134928176,,cwc,
2018-09-22,Ranjit Sagar,1.721,-0.009220276676155948,0.0,0.0,0.0,45902.74260911337,93.12332492727874,,cwc,
2018-09-23,Ranjit Sagar,1.76,-0.019157660031858235,0.0,0.0,0.0,119579.0640184759,102.486125588405,,cwc,
2018-09-24,Ranjit Sagar,2.118,0.031088040426137133,0.07287036675886593,18543.300198021643,0.0,99328.98048207174,15.295253733025238,2.0,cwc,
2018-09-25,Ranjit Sagar,2.197,-0.02086589604386518,0.0,0.0,0.0,51136.807738329226,0.0,,cwc,
2018-09-26,Ranjit Sagar,2.237,-0.03996114180260675,0.0,0.0,0.0,29915.406288980277,0.0,,cwc,
2018-09-27,Ranjit Sagar,2.277,-0.03718954632777095,0.0,0.0,0.0,20441.34751788066,2.338686534361808,,cwc,
2018-09-28,Ranjit Sagar,2.277,-0.04178559349969518,0.0,0.0,0.0,21391.179093560087,5.899138964958558,,cwc,
2018-09-29,Ranjit Sagar,2.277,-0.04736822342142683,0.0,0.0,0.0,17263.242740608333,1.0966693320483176,,cwc,
2018-09-30,Ranjit Sagar,2.277,-0.04865331155117924,0.0,0.0,0.0,16492.769783851276,0.3976244979398222,,cwc,
2019-06-01,Ranjit Sagar,1.507,-0.375040068904461,0.0,0.0,0.0,15997.354013245887,0.0001245098441287,,cwc,
2019-06-02,Ranjit Sagar,1.507,-0.37382071791004445,0.0,0.0,0.0,16197.614181445562,0.8617396337777433,,cwc,
2019-06-03,Ranjit Sagar,1.477,-0.38638472115768285,0.0,0.0,0.0,17617.67326813673,6.517584747289945,,cwc,
2019-06-04,Ranjit Sagar,1.507,-0.37505775200308056,0.0,0.0,0.0,16767.836242004003,0.2350419808313597,,cwc,
2019-06-05,Ranjit Sagar,1.507,-0.375750076775411,0.0,0.0,0.0,16269.35216347622,0.0,,cwc,
2019-06-06,Ranjit Sagar,1.477,-0.38880143320999366,0.0,0.0,0.0,17165.582288932084,3.768255779678088,,cwc,
2019-06-07,Ranjit Sagar,1.446,-0.40017819700918167,0.0,0.0,0.0,16422.4085429097,0.0,,cwc,
2019-06-08,Ranjit Sagar,1.416,-0.40997888802644317,0.0,0.0,0.0,16207.708916989632,0.2564195637526598,,cwc,
2019-06-09,Ranjit Sagar,1.416,-0.40872358848427726,0.0,0.0,0.0,16104.537996709665,0.0,,cwc,
2019-06-10,Ranjit Sagar,1.386,-0.42097272624166554,0.0,0.0,0.0,16027.226191220967,0.0856305912818128,,cwc,
2019-06-11,Ranjit Sagar,1.36,-0.4318886340484665,0.0,0.0,0.0,18936.574262830687,11.628723575661104,,cwc,
2019-06-12,Ranjit Sagar,1.36,-0.43483997179606504,0.0,0.0,0.0,19294.66003268034,6.897822343724105,,cwc,
2019-06-13,Ranjit Sagar,1.36,-0.4373751100779926,0.0,0.0,0.0,17410.3785554524,0.1995136113027962,,cwc,
2019-06-14,Ranjit Sagar,1.318,-0.4563719386809489,0.0,0.0,0.0,16630.996743926884,0.0,,cwc,
2019-06-15,Ranjit Sagar,1.294,-0.46698662378681455,0.0,0.0,0.0,16196.079387522142,0.0,,cwc,
2019-06-16,Ranjit Sagar,1.294,-0.4666211560532894,0.0,0.0,0.0,16108.974807356191,0.3320877484971525,,cwc,
2019-06-17,Ranjit Sagar,1.294,-0.4663900498530911,0.0,0.0,0.0,16865.81039276241,3.1230749317591853,,cwc,
2019-06-18,Ranjit Sagar,1.294,-0.46716725542982906,0.0,0.0,0.0,16376.86612215365,0.2608480895939809,,cwc,
2019-06-19,Ranjit Sagar,1.263,-0.48071165116255926,0.0,0.0,0.0,16270.974389517438,0.5584204303455661,,cwc,
2019-06-20,Ranjit Sagar,1.2537692307692307,-0.4844077549374817,0.0,0.0,0.0,16546.22445822774,1.6543010500452815,,cwc_level,
2019-06-21,Ranjit Sagar,1.233,-0.49273999263697404,0.0,0.0,0.0,16330.391609404422,0.5407035221246524,,cwc,
2019-06-22,Ranjit Sagar,1.2289,-0.4943352300634715,0.0,0.0,0.0,16121.190070210698,0.0,,cwc_level,
2019-06-23,Ranjit Sagar,1.192,-0.5097066272421454,0.0,0.0,0.0,16071.106670384226,0.0861941605313079,,cwc,
2019-06-24,Ranjit Sagar,1.192,-0.5095712563764593,0.0,0.0,0.0,16502.768573589427,1.977432770212648,,cwc,
2019-06-25,Ranjit Sagar,1.192,-0.5095206648724859,0.0,0.0,0.0,17052.428161552463,3.400701112518187,,cwc,
2019-06-26,Ranjit Sagar,1.192,-0.5103595116451012,0.0,0.0,0.0,16477.848111594336,0.2545687874918065,,cwc,
2019-06-27,Ranjit Sagar,1.192,-0.5102921117362967,0.0,0.0,0.0,16476.562302541883,1.1369048441801923,,cwc,
2019-06-28,Ranjit Sagar,1.192,-0.5105459963175797,0.0,0.0,0.0,16200.801953959526,0.0,,cwc,
2019-06-29,Ranjit Sagar,1.172,-0.519056499720541,0.0,0.0,0.0,16551.23896949818,1.9284524512350527,,cwc,
2019-06-30,Ranjit Sagar,1.141,-0.5288964423890627,0.0,0.0,0.0,16248.751022464228,0.103551423901351,,cwc,
2019-07-01,Ranjit Sagar,1.141,-0.5265724151074506,0.0,0.0,0.0,16542.422200273053,1.903080128097192,,cwc,
2019-07-02,Ranjit Sagar,1.141,-0.5223725803197989,0.0,0.0,0.0,16233.322129717533,0.0,,cwc,
2019-07-03,Ranjit Sagar,1.111,-0.5273567341456403,0.0,0.0,0.0,16221.802745679151,0.6382730731646126,,cwc,
2019-07-04,Ranjit Sagar,1.086,-0.5303408885720277,0.0,0.0,0.0,19794.61904800103,14.553842235316685,,cwc,
2019-07-05,Ranjit Sagar,1.111,-0.5155278714563633,0.0,0.0,0.0,18475.340738040206,2.1722684209308936,,cwc,
2019-07-06,Ranjit Sagar,1.086,-0.5248427384026211,0.0,0.0,0.0,20566.173994966706,11.382979595820068,,cwc,
2019-07-07,Ranjit Sagar,1.111,-0.5173262008974595,0.0,0.0,0.0,23720.17184729656,15.10614172216552,,cwc,
2019-07-08,Ranjit Sagar,1.111,-0.5221268150030253,0.0,0.0,0.0,23581.126702507667,9.806706780265442,,cwc,
2019-07-09,Ranjit Sagar,1.111,-0.5266021951850895,0.0,0.0,0.0,23768.21885643718,9.435878032980998,,cwc,
2019-07-10,Ranjit Sagar,1.141,-0.5177247879564786,0.0,0.0,0.0,19769.374712887944,2.020367870416296,,cwc,
2019-07-11,Ranjit Sagar,1.141,-0.516662899665789,0.0,0.0,0.0,17549.20764731783,0.5484133407289219,,cwc,
2019-07-12,Ranjit Sagar,1.172,-0.5007616016515446,0.0,0.0,0.0,19120.8291113166,6.4331011077101286,,cwc,
2019-07-13,Ranjit Sagar,1.172,-0.5010445640239212,0.0,0.0,0.0,19293.382076822912,6.302048393337724,,cwc,
2019-07-14,Ranjit Sagar,1.172,-0.49923122668029096,0.0,0.0,0.0,20011.39333234569,8.20363838027517,,cwc,
2019-07-15,Ranjit Sagar,1.172,-0.5006041860012042,0.0,0.0,0.0,20786.74209314509,9.433304054425795,,cwc,
2019-07-16,Ranjit Sagar,1.192,-0.4940873234545312,0.0,0.0,0.0,20113.0534916864,5.642864622473828,,cwc,
2019-07-17,Ranjit Sagar,1.192,-0.49677733029809107,0.0,0.0,0.0,18849.73026785053,2.9909020877303507,,cwc,
2019-07-18,Ranjit Sagar,1.233,-0.4815074276729299,0.0,0.0,0.0,21030.693128264676,10.38773885203969,,cwc,
2019-07-19,Ranjit Sagar,1.233,-0.4856206359798145,0.0,0.0,0.0,18695.99693918071,1.767516552356613,,cwc,
2019-07-20,Ranjit Sagar,1.233,-0.48338147830737443,0.0,0.0,0.0,18855.686173292517,5.358229341654432,,cwc,
2019-07-21,Ranjit Sagar,1.233,-0.48079396665939506,0.0,0.0,0.0,17535.828335988273,1.1282220707673334,,cwc,
2019-07-22,Ranjit Sagar,1.233,-0.4719087269844323,0.0,0.0,0.0,16721.30702905192,0.8822587209479293,,cwc,
2019-07-23,Ranjit Sagar,1.263,-0.45055109329269083,0.0,0.0,0.0,17089.935897661875,2.425759770636864,,cwc,
2019-07-24,Ranjit Sagar,1.263,-0.4474580347421705,0.0,0.0,0.0,20841.275303361443,15.763053662092744,,cwc,
2019-07-25,Ranjit Sagar,1.2542000000000002,-0.4540269034135281,0.0,0.0,0.0,21334.713364542797,8.64902075017973,,cwc_level,
2019-07-26,Ranjit Sagar,1.294,-0.4216902008579373,0.0,0.0,0.0,26048.543929833162,21.7675917602082,,cwc,
2019-07-27,Ranjit Sagar,1.294,-0.4160582486060761,0.0,0.0,0.0,24921.459854883444,8.304574110896183,,cwc,
2019-07-28,Ranjit Sagar,1.318,-0.4072468237919552,0.0,0.0,0.0,20053.314345390652,1.331900428651898,,cwc,
2019-07-29,Ranjit Sagar,1.36,-0.3834382566669861,0.0,0.0,0.0,18144.67834862381,0.8814910316929913,,cwc,
2019-07-30,Ranjit Sagar,1.36,-0.38070612450616925,0.0,0.0,0.0,36048.02596009977,46.157327032912136,,cwc,
2019-07-31,Ranjit Sagar,1.399,-0.3748161388230069,0.0,0.0,0.0,31444.369986535447,7.615940924732002,,interp,
2019-08-01,Ranjit Sagar,1.4380000000000002,-0.36939766577048977,0.0,0.0,0.0,23553.82571753243,5.145629704218287,,interp,
2019-08-02,Ranjit Sagar,1.477,-0.3519882840018367,0.0,0.0,0.0,25696.827526926347,11.774460770407618,,cwc,
2019-08-03,Ranjit Sagar,1.477,-0.35519766218067694,0.0,0.0,0.0,20762.262668309348,2.503583075473729,,cwc,
2019-08-04,Ranjit Sagar,1.477,-0.35030355477516417,0.0,0.0,0.0,25750.41892135371,14.05539355625758,,cwc,
2019-08-05,Ranjit Sagar,1.477,-0.3527740431536529,0.0,0.0,0.0,20695.019036491245,4.2624286618310325,,cwc,
2019-08-06,Ranjit Sagar,1.507,-0.34195314393408316,0.0,0.0,0.0,24292.65059012282,16.611242109419223,,cwc,
2019-08-07,Ranjit Sagar,1.507,-0.3459521781401233,0.0,0.0,0.0,22622.00628754617,6.10712555663316,,cwc,
2019-08-08,Ranjit Sagar,1.538,-0.3243444410525178,0.0,0.0,0.0,25451.178888122493,16.80807963905025,,cwc,
2019-08-09,Ranjit Sagar,1.538,-0.3099813535504424,0.0,0.0,0.0,23383.508661945154,5.936353270169026,,cwc,
2019-08-10,Ranjit Sagar,1.568,-0.2857806945622078,0.0,0.0,0.0,18800.202325123897,1.0083645766212488,,cwc,
2019-08-11,Ranjit Sagar,1.568,-0.27730507458810627,0.0,0.0,0.0,20461.280577448513,7.327844882638431,,cwc,
2019-08-12,Ranjit Sagar,1.599,-0.23437400153639043,0.0,0.0,0.0,30653.04206287504,32.629889043047775,,cwc,
2019-08-13,Ranjit Sagar,1.599,-0.1841169560912259,0.0,0.0,0.0,39212.07712243909,30.10652537976775,,cwc,
2019-08-14,Ranjit Sagar,1.599,-0.1644537850544633,0.0,0.0,0.0,34307.489618530235,14.353067242288414,,cwc,
2019-08-15,Ranjit Sagar,1.66,-0.13323080981105231,0.0,0.0,0.0,26920.472003875107,4.994812771417822,,cwc,
2019-08-16,Ranjit Sagar,1.66,-0.1352589004818655,0.0,0.0,0.0,48921.64647945579,44.32293726609543,,cwc,
2019-08-17,Ranjit Sagar,1.69,-0.1530350205895345,0.0,0.0,0.0,78803.00200904989,57.30908806216819,,cwc,
2019-08-18,Ranjit Sagar,1.841,-0.15287561241529404,0.0,0.0,0.0,58050.84668098663,16.370511722926043,,cwc,
2019-08-19,Ranjit Sagar,1.959,-0.14594014541525252,0.0,0.0,0.0,39288.596371079635,9.02863769583237,,cwc,
2019-08-20,Ranjit Sagar,2.039,-0.1338514963496346,0.0,0.0,0.0,24977.411410044246,0.0,,cwc,
2019-08-21,Ranjit Sagar,2.04485,-0.12837827794019832,0.0,0.0,0.0,19628.773973325915,1.817336708597706,,cwc_level,
2019-08-22,Ranjit Sagar,2.078,-0.10985433086667273,0.0,0.0,0.0,17236.806959964328,0.4922481213298323,,cwc,
2019-08-23,Ranjit Sagar,2.078,-0.10769718221498728,0.0,0.0,0.0,16464.85701595859,0.8646023372192578,,cwc,
2019-08-24,Ranjit Sagar,2.078,-0.10627430673210693,0.0,0.0,0.0,18171.649181695884,6.959039701004665,,cwc,
2019-08-25,Ranjit Sagar,2.039,-0.11775637005586646,0.0,0.0,0.0,27830.0615006645,39.450261619333,,cwc,
2019-08-26,Ranjit Sagar,2.078,-0.11013862110393517,0.0,0.0,0.0,23826.531920767582,0.5352961796029801,,cwc,
2019-08-27,Ranjit Sagar,2.078,-0.11711918490311207,0.0,0.0,0.0,19303.51462764704,1.2770790204553033,,cwc,
2019-08-28,Ranjit Sagar,2.039,-0.13335912194016164,0.0,0.0,0.0,17828.076777530852,0.0,,cwc,
2019-08-29,Ranjit Sagar,2.039,-0.13378647218462833,0.0,0.0,0.0,23111.632985219218,15.353549692922746,,cwc,
2019-08-30,Ranjit Sagar,2.039,-0.1386144707634257,0.0,0.0,0.0,19187.779231824992,0.3351042814107818,,cwc,
2019-08-31,Ranjit Sagar,1.999,-0.15273548022646782,0.0,0.0,0.0,17138.636435569984,1.5036666653104112,,cwc,
2019-09-01,Ranjit Sagar,2.039,-0.12817752661019274,0.0,0.0,0.0,19685.10414645592,9.626307871853164,,cwc,
2019-09-02,Ranjit Sagar,2.039,-0.1280962769560005,0.0,0.0,0.0,17418.643692641093,0.0,,cwc,
2019-09-03,Ranjit Sagar,2.039,-0.12764748354684763,0.0,0.0,0.0,18486.05390212467,5.580234221524692,,cwc,
2019-09-04,Ranjit Sagar,2.039,-0.12949718036511967,0.0,0.0,0.0,22008.192372626472,16.271549956317887,,cwc,
2019-09-05,Ranjit Sagar,2.039,-0.13570043541319754,0.0,0.0,0.0,24317.586339039648,14.482030565091854,,cwc,
2019-09-06,Ranjit Sagar,2.039,-0.14434257801631112,0.0,0.0,0.0,19762.94731372416,0.1858318307808105,,cwc,
2019-09-07,Ranjit Sagar,2.039,-0.1482405865906158,0.0,0.0,0.0,17848.62091242009,1.235499755165122,,cwc,
2019-09-08,Ranjit Sagar,2.039,-0.149482851994028,0.0,0.0,0.0,16713.90778960512,0.0,,cwc,
2019-09-09,Ranjit Sagar,2.039,-0.149922430745774,0.0,0.0,0.0,16065.01605863578,0.0,,cwc,
2019-09-10,Ranjit Sagar,2.039,-0.1496021828300973,0.0,0.0,0.0,16037.775687554424,0.0254017362615193,,cwc,
2019-09-11,Ranjit Sagar,2.039,-0.14864309985442314,0.0,0.0,0.0,16028.367314838111,0.1199001866229369,,cwc,
2019-09-12,Ranjit Sagar,2.039,-0.14802734190895167,0.0,0.0,0.0,16658.43894117631,2.71793894404158,,cwc,
2019-09-13,Ranjit Sagar,2.039,-0.14845688375663246,0.0,0.0,0.0,16292.758891927635,0.1248253813985559,,cwc,
2019-09-14,Ranjit Sagar,2.039,-0.14598720641203244,0.0,0.0,0.0,16371.837205324582,1.107104497955819,,cwc,
2019-09-15,Ranjit Sagar,2.039,-0.14251455995404302,0.0,0.0,0.0,16956.64798604952,3.1322977041840883,,cwc,
2019-09-16,Ranjit Sagar,2.039,-0.14067847938819417,0.0,0.0,0.0,16618.30888717624,0.9587472514725134,,cwc,
2019-09-17,Ranjit Sagar,2.039,-0.1400341470721178,0.0,0.0,0.0,16246.906138604327,0.0473085589463415,,cwc,
2019-09-18,Ranjit Sagar,2.039,-0.1391842429846947,0.0,0.0,0.0,18658.892120993307,9.92553394615912,,cwc,
2019-09-19,Ranjit Sagar,2.039,-0.1415753976303794,0.0,0.0,0.0,19698.88889287067,8.255012000145436,,cwc,
2019-09-20,Ranjit Sagar,2.039,-0.14535446250424333,0.0,0.0,0.0,18715.74872347817,3.565640871735096,,cwc,
2019-09-21,Ranjit Sagar,2.039,-0.14814836510433374,0.0,0.0,0.0,17235.626816161006,0.3371595164234422,,cwc,
2019-09-22,Ranjit Sagar,2.039,-0.14506051875122833,0.0,0.0,0.0,17061.1770016252,1.862660619004904,,cwc,
2019-09-23,Ranjit Sagar,2.039,-0.14267777646883362,0.0,0.0,0.0,16367.989434713185,0.0,,cwc,
2019-09-24,Ranjit Sagar,2.039,-0.13823725199205392,0.0,0.0,0.0,16078.26574045949,0.0,,cwc,
2019-09-25,Ranjit Sagar,1.999,-0.14878776834232293,0.0,0.0,0.0,16038.983762540522,0.0,,cwc,
2019-09-26,Ranjit Sagar,1.999,-0.1456291080351662,0.0,0.0,0.0,20194.011593956824,17.294679821607684,,cwc,
2019-09-27,Ranjit Sagar,1.999,-0.14789970582443493,0.0,0.0,0.0,19344.020022800065,3.662800144864188,,cwc,
2019-09-28,Ranjit Sagar,1.999,-0.15070514955094297,0.0,0.0,0.0,20622.33972138576,10.331633585158333,,cwc,
2019-09-29,Ranjit Sagar,1.999,-0.15315972878786685,0.0,0.0,0.0,22319.474887976023,10.721239706822614,,cwc,
2019-09-30,Ranjit Sagar,1.999,-0.15884843805030505,0.0,0.0,0.0,19065.21353641597,1.324158841646469,,cwc,
2020-06-01,Ranjit Sagar,1.318,-0.4499836860913556,0.0,0.0,0.0,18303.61246357521,2.5694923195054007,,cwc,
2020-06-02,Ranjit Sagar,1.318,-0.4506761482149998,0.0,0.0,0.0,17405.52163632062,1.3190094560439922,,cwc,
2020-06-03,Ranjit Sagar,1.36,-0.4336177608298783,0.0,0.0,0.0,17215.927379419143,2.1124774026396267,,cwc,
2020-06-04,Ranjit Sagar,1.36,-0.4338197616091856,0.0,0.0,0.0,16657.68186900636,0.7371762521731288,,cwc,
2020-06-05,Ranjit Sagar,1.36,-0.4338215190033311,0.0,0.0,0.0,18716.401722280752,8.657623046301024,,cwc,
2020-06-06,Ranjit Sagar,1.36,-0.43607585441580354,0.0,0.0,0.0,17640.18262558182,1.7485563814478031,,cwc,
2020-06-07,Ranjit Sagar,1.386,-0.42647987941689514,0.0,0.0,0.0,16581.86427043979,0.072811209875176,,cwc,
2020-06-08,Ranjit Sagar,1.386,-0.4269574493340949,0.0,0.0,0.0,17022.395719398315,2.477613698007888,,cwc,
2020-06-09,Ranjit Sagar,1.386,-0.4279414023248861,0.0,0.0,0.0,16655.998155668967,1.097577128123442,,cwc,
2020-06-10,Ranjit Sagar,1.386,-0.4285970176475103,0.0,0.0,0.0,16556.581962596974,1.1203840267841128,,cwc,
2020-06-11,Ranjit Sagar,1.386,-0.42911129452671015,0.0,0.0,0.0,16206.736350465124,0.0033969796448189,,cwc,
2020-06-12,Ranjit Sagar,1.386,-0.4293045221096265,0.0,0.0,0.0,16124.317031421262,0.2566769456747886,,cwc,
2020-06-13,Ranjit Sagar,1.36,-0.4404524263862078,0.0,0.0,0.0,16079.696110301475,0.1252469442280283,,cwc,
2020-06-14,Ranjit Sagar,1.36,-0.44000406984557267,0.0,0.0,0.0,16027.870273402306,0.0423362238680198,,cwc,
2020-06-15,Ranjit Sagar,1.36,-0.4371783655909522,0.0,0.0,0.0,16063.866743956882,0.2227241597519522,,cwc,
2020-06-16,Ranjit Sagar,1.318,-0.4535602615707409,0.0,0.0,0.0,16021.610060300054,0.0,,cwc,
2020-06-17,Ranjit Sagar,1.318,-0.4527824424321253,0.0,0.0,0.0,16070.900481687284,0.2798401769501605,,cwc,
2020-06-18,Ranjit Sagar,1.318,-0.45242905345465223,0.0,0.0,0.0,16509.254777787097,2.0451991040453863,,cwc,
2020-06-19,Ranjit Sagar,1.318,-0.4455550011783681,0.0,0.0,0.0,18735.103567252936,10.36481574319223,,cwc,
2020-06-20,Ranjit Sagar,1.294,-0.4523545087749632,0.0,0.0,0.0,17535.652820592222,0.9269227743702622,,cwc,
2020-06-21,Ranjit Sagar,1.294,-0.451843835817173,0.0,0.0,0.0,16766.818220429028,0.7123020810973345,,cwc,
2020-06-22,Ranjit Sagar,1.294,-0.4495915149157702,0.0,0.0,0.0,16409.473212336816,0.085098962075188,,cwc,
2020-06-23,Ranjit Sagar,1.294,-0.44900668679757966,0.0,0.0,0.0,23095.104360451736,23.592039143509297,,cwc,
2020-06-24,Ranjit Sagar,1.294,-0.45161024579684117,0.0,0.0,0.0,22030.302936121203,5.865205466848307,,cwc,
2020-06-25,Ranjit Sagar,1.263,-0.4690969124261216,0.0,0.0,0.0,18024.915216449175,0.0,,cwc,
2020-06-26,Ranjit Sagar,1.263,-0.4706057463403327,0.0,0.0,0.0,18924.70792977952,5.041411276679809,,cwc,
2020-06-27,Ranjit Sagar,1.263,-0.47253607326827174,0.0,0.0,0.0,16969.78172663244,0.0,,cwc,
2020-06-28,Ranjit Sagar,1.233,-0.48582225881914654,0.0,0.0,0.0,20600.702621918892,11.052991057001655,,cwc,
2020-06-29,Ranjit Sagar,1.263,-0.4755812974185972,0.0,0.0,0.0,17947.556912927113,1.0830752314363754,,cwc,
2020-06-30,Ranjit Sagar,1.263,-0.4729908970510641,0.0,0.0,0.0,16579.34093146734,0.0,,cwc,
2020-07-01,Ranjit Sagar,1.263,-0.47151286198840586,0.0,0.0,0.0,17075.312219387026,2.3557369506674424,,cwc,
2020-07-02,Ranjit Sagar,1.263,-0.47070590721722577,0.0,0.0,0.0,16502.67212385318,0.6731928344260403,,cwc,
2020-07-03,Ranjit Sagar,1.192,-0.4941221087435235,0.0,0.0,0.0,18150.262663905094,6.534704240835982,,cwc,
2020-07-04,Ranjit Sagar,1.192,-0.49170455194509916,0.0,0.0,0.0,20429.35171078019,12.87774614165173,,cwc,
2020-07-05,Ranjit Sagar,1.192,-0.4945651729759247,0.0,0.0,0.0,17995.40764282402,0.0,,cwc,
2020-07-06,Ranjit Sagar,1.192,-0.4950324450105302,0.0,0.0,0.0,17848.43446655718,3.2515569997013354,,cwc,
2020-07-07,Ranjit Sagar,1.1805714285714284,-0.49825322887162216,0.0,0.0,0.0,23088.37664120283,18.409154069413187,,cwc_level,
2020-07-08,Ranjit Sagar,1.192,-0.4993402032672994,0.0,0.0,0.0,20466.460561745025,2.9466787959179226,,cwc,
2020-07-09,Ranjit Sagar,1.172,-0.5121355323085248,0.0,0.0,0.0,17688.665567466793,0.3267010661303949,,cwc,
2020-07-10,Ranjit Sagar,1.192,-0.5038466532436694,0.0,0.0,0.0,17547.726535609527,2.348578494098982,,cwc,
2020-07-11,Ranjit Sagar,1.192,-0.5046807744903213,0.0,0.0,0.0,19433.937953350905,8.347148181060371,,cwc,
2020-07-12,Ranjit Sagar,1.172,-0.5149163896282921,0.0,0.0,0.0,17375.722708457048,0.0084672447736039,,cwc,
2020-07-13,Ranjit Sagar,1.192,-0.5066970394144074,0.0,0.0,0.0,16382.2820491249,0.0,,cwc,
2020-07-14,Ranjit Sagar,1.172,-0.5114189045590285,0.0,0.0,0.0,17455.332297616394,4.4163928595534285,,cwc,
2020-07-15,Ranjit Sagar,1.172,-0.5090454113528412,0.0,0.0,0.0,16748.576799273276,0.7582694869909934,,cwc,
2020-07-16,Ranjit Sagar,1.172,-0.5059646464095908,0.0,0.0,0.0,17802.154340264853,5.237774294828095,,cwc,
2020-07-17,Ranjit Sagar,1.172,-0.5037171480829945,0.0,0.0,0.0,17075.77566615579,1.3168908380848534,,cwc,
2020-07-18,Ranjit Sagar,1.172,-0.5024252689231331,0.0,0.0,0.0,20033.07800237401,12.798031102587782,,cwc,
2020-07-19,Ranjit Sagar,1.172,-0.5057086153341667,0.0,0.0,0.0,19729.314020937734,5.152906194991717,,cwc,
2020-07-20,Ranjit Sagar,1.172,-0.5027283612066934,0.0,0.0,0.0,19700.17706361712,6.786238112054504,,cwc,
2020-07-21,Ranjit Sagar,1.111,-0.5275062471199979,0.0,0.0,0.0,19955.423666906554,6.045223877953504,,cwc,
2020-07-22,Ranjit Sagar,1.172,-0.501431137127126,0.0,0.0,0.0,18313.491278994436,2.3786380678622097,,cwc,
2020-07-23,Ranjit Sagar,1.172,-0.5003615421400973,0.0,0.0,0.0,16887.3897355781,0.0,,cwc,
2020-07-24,Ranjit Sagar,1.111,-0.5218675517867112,0.0,0.0,0.0,22584.617503189475,19.296785136948174,,cwc,
2020-07-25,Ranjit Sagar,1.1016249999999999,-0.5176051331700501,0.0,0.0,0.0,20893.941721539795,4.727152840408508,,cwc_level,
2020-07-26,Ranjit Sagar,1.111,-0.5067729192323392,0.0,0.0,0.0,20004.49544950908,6.089373042294409,,cwc,
2020-07-27,Ranjit Sagar,1.086,-0.5130318367550253,0.0,0.0,0.0,19338.242243319502,4.0510796894898204,,cwc,
2020-07-28,Ranjit Sagar,1.086,-0.511187717947294,0.0,0.0,0.0,21215.85341519096,10.546995797736637,,cwc,
2020-07-29,Ranjit Sagar,1.086,-0.5131232046671067,0.0,0.0,0.0,30500.215806576347,27.74505409840165,,cwc,
2020-07-30,Ranjit Sagar,1.061,-0.5362459366672244,0.0,0.0,0.0,27440.115821551666,11.297187865409326,,cwc,
2020-07-31,Ranjit Sagar,1.086,-0.5361510940191582,0.0,0.0,0.0,24226.35458875221,7.184879860755202,,cwc,
2020-08-01,Ranjit Sagar,1.086,-0.5418561433037047,0.0,0.0,0.0,21105.04420992404,3.23679838840052,,cwc,
2020-08-02,Ranjit Sagar,1.192,-0.4978434783048189,0.0,0.0,0.0,19361.514243242942,3.3984620975959308,,cwc,
2020-08-03,Ranjit Sagar,1.086,-0.5419136997321358,0.0,0.0,0.0,18565.2956438205,2.998482301071307,,cwc,
2020-08-04,Ranjit Sagar,1.086,-0.5396223991455774,0.0,0.0,0.0,17312.61786710993,1.728533562409068,,cwc,
2020-08-05,Ranjit Sagar,1.061,-0.5441172487843422,0.0,0.0,0.0,18760.496178082303,7.30940550255239,,cwc,
2020-08-06,Ranjit Sagar,1.061,-0.5326897339455249,0.0,0.0,0.0,19946.562409610073,9.031672464236456,,cwc,
2020-08-07,Ranjit Sagar,1.061,-0.5167172790238818,0.0,0.0,0.0,20464.852735806628,8.275092398300716,,cwc,
2020-08-08,Ranjit Sagar,1.061,-0.5033911766661122,0.0,0.0,0.0,20760.530769367495,7.871410100273635,,cwc,
2020-08-09,Ranjit Sagar,1.037,-0.5016018234309486,0.0,0.0,0.0,23224.584277896094,13.520290659893377,,cwc,
2020-08-10,Ranjit Sagar,1.037,-0.501526604432027,0.0,0.0,0.0,29708.89907163739,23.68318553298482,,cwc,
2020-08-11,Ranjit Sagar,1.037,-0.5085442427932224,0.0,0.0,0.0,35249.35344929304,25.137326406276784,,cwc,
2020-08-12,Ranjit Sagar,1.061,-0.5077937277174871,0.0,0.0,0.0,33232.24264266726,14.767476095560257,,cwc,
2020-08-13,Ranjit Sagar,1.061,-0.5169017574238062,0.0,0.0,0.0,32284.492919042,14.847908853545066,,cwc,
2020-08-14,Ranjit Sagar,1.061,-0.5267104377145282,0.0,0.0,0.0,23296.649632179986,1.165441402727724,,cwc,
2020-08-15,Ranjit Sagar,1.061,-0.5293409658014492,0.0,0.0,0.0,22985.483418861266,7.921457082486324,,cwc,
2020-08-16,Ranjit Sagar,1.061,-0.5257295016681035,0.0,0.0,0.0,26158.77265650261,14.659475204911148,,cwc,
2020-08-17,Ranjit Sagar,1.061,-0.5227645226577785,0.0,0.0,0.0,24506.077750496348,10.84270943971767,,cwc,
2020-08-18,Ranjit Sagar,1.061,-0.5256683998388201,0.0,0.0,0.0,22887.05303892784,8.06945248931044,,cwc,
2020-08-19,Ranjit Sagar,1.061,-0.530648143390956,0.0,0.0,0.0,20776.409516578107,5.261667859128919,,cwc,
2020-08-20,Ranjit Sagar,1.061,-0.529272800050909,0.0,0.0,0.0,26445.532688119885,19.16949457052557,,cwc,
2020-08-21,Ranjit Sagar,1.061,-0.5315861047034505,0.0,0.0,0.0,28999.441448785026,17.01501208354354,,cwc,
2020-08-22,Ranjit Sagar,1.061,-0.5234893561226154,0.0,0.0,0.0,21723.94902173281,1.5651330302654711,,cwc,
2020-08-23,Ranjit Sagar,1.061,-0.510800591366271,0.0,0.0,0.0,18116.091068248894,0.0230851485456843,,cwc,
2020-08-24,Ranjit Sagar,1.061,-0.5046390841804433,0.0,0.0,0.0,22094.089976082243,12.40365893406042,,cwc,
2020-08-25,Ranjit Sagar,1.086,-0.4965017444033297,0.0,0.0,0.0,24229.216042830772,12.686284850631264,,cwc,
2020-08-26,Ranjit Sagar,1.086,-0.49814891458677646,0.0,0.0,0.0,36756.72436122423,41.055468269556414,,cwc,
2020-08-27,Ranjit Sagar,1.141,-0.4929820290444754,0.0,0.0,0.0,33880.722452654765,13.910079187417145,,cwc,
2020-08-28,Ranjit Sagar,1.172,-0.4974594548740044,0.0,0.0,0.0,24019.26984801577,1.3817559991204322,,cwc,
2020-08-29,Ranjit Sagar,1.233,-0.4792534093533568,0.0,0.0,0.0,19671.898037955616,0.1132637956150028,,cwc,
2020-08-30,Ranjit Sagar,1.263,-0.4671807999194648,0.0,0.0,0.0,22651.10539874144,10.57521811462205,,cwc,
2020-08-31,Ranjit Sagar,1.294,-0.4594231266439653,0.0,0.0,0.0,19226.580905455547,1.6722602227401706,,cwc,
2020-09-01,Ranjit Sagar,1.316,-0.4526439709425076,0.0,0.0,0.0,16920.24632106323,0.51493312729775,,cwc_level,
2020-09-02,Ranjit Sagar,1.318,-0.4488019113402137,0.0,0.0,0.0,16529.19690383795,0.4489284238926725,,cwc,
2020-09-03,Ranjit Sagar,1.36,-0.42973884461044715,0.0,0.0,0.0,18976.312123981625,9.729749590758532,,cwc,
2020-09-04,Ranjit Sagar,1.36,-0.43226945219751717,0.0,0.0,0.0,17412.7575105897,0.2760464737013461,,cwc,
2020-09-05,Ranjit Sagar,1.416,-0.4095374783953035,0.0,0.0,0.0,16729.35205556418,1.0984393334273883,,cwc,
2020-09-06,Ranjit Sagar,1.416,-0.41013480234932165,0.0,0.0,0.0,19783.753937054462,11.815306087500232,,cwc,
2020-09-07,Ranjit Sagar,1.416,-0.41373865156411416,0.0,0.0,0.0,17626.170352892233,0.0,,cwc,
2020-09-08,Ranjit Sagar,1.416,-0.41532946138504284,0.0,0.0,0.0,16551.80322423237,0.0,,cwc,
2020-09-09,Ranjit Sagar,1.446,-0.40306741853086747,0.0,0.0,0.0,16302.530845996074,0.0194176931121327,,cwc,
2020-09-10,Ranjit Sagar,1.446,-0.40336576248300615,0.0,0.0,0.0,16157.071607994967,0.5382820194904501,,cwc,
2020-09-11,Ranjit Sagar,1.446,-0.4035324996668907,0.0,0.0,0.0,16331.000321968884,0.9380506974588046,,cwc,
2020-09-12,Ranjit Sagar,1.477,-0.3905199537205625,0.0,0.0,0.0,16102.057097104556,0.0,,cwc,
2020-09-13,Ranjit Sagar,1.477,-0.39057682557935147,0.0,0.0,0.0,16037.708512502995,0.0,,cwc,
2020-09-14,Ranjit Sagar,1.477,-0.3906014414925512,0.0,0.0,0.0,16016.695313516639,0.0,,cwc,
2020-09-15,Ranjit Sagar,1.477,-0.3906100545757929,0.0,0.0,0.0,15997.325075852796,0.0,,cwc,
2020-09-16,Ranjit Sagar,1.477,-0.3906100545757929,0.0,0.0,0.0,16127.208412614658,0.5485399186047417,,cwc,
2020-09-17,Ranjit Sagar,1.477,-0.390745621724042,0.0,0.0,0.0,16047.569657612252,0.0,,cwc,
2020-09-18,Ranjit Sagar,1.477,-0.39074015545001783,0.0,0.0,0.0,16014.124650298068,0.0,,cwc,
2020-09-19,Ranjit Sagar,1.477,-0.39054463036028064,0.0,0.0,0.0,16008.443343878762,0.0,,cwc,
2020-09-20,Ranjit Sagar,1.477,-0.3904563939126579,0.0,0.0,0.0,15997.325075852796,0.0,,cwc,
2020-09-21,Ranjit Sagar,1.477,-0.38982639713742984,0.0,0.0,0.0,15997.325075852796,0.0,,cwc,
2020-09-22,Ranjit Sagar,1.446,-0.4027868090155215,0.0,0.0,0.0,16052.806751695025,0.2387227760596898,,cwc,
2020-09-23,Ranjit Sagar,1.446,-0.4027610774826012,0.0,0.0,0.0,16201.452121619262,0.781059958645862,,cwc,
2020-09-24,Ranjit Sagar,1.446,-0.4029204104941516,0.0,0.0,0.0,16092.980375079058,0.0677379581888316,,cwc,
2020-09-25,Ranjit Sagar,1.416,-0.41581863247744283,0.0,0.0,0.0,16600.90849833128,2.3928523720655,,cwc,
2020-09-26,Ranjit Sagar,1.416,-0.4164486292526709,0.0,0.0,0.0,16251.065271565412,0.0115692069662086,,cwc,
2020-09-27,Ranjit Sagar,1.416,-0.41671347334727554,0.0,0.0,0.0,16077.459459956919,0.0,,cwc,
2020-09-28,Ranjit Sagar,1.416,-0.4167971144840105,0.0,0.0,0.0,16048.79933321321,0.0,,cwc,
2020-09-29,Ranjit Sagar,1.416,-0.4168508413011109,0.0,0.0,0.0,15997.568512870528,0.0,,cwc,
2020-09-30,Ranjit Sagar,1.386,-0.42964973020343783,0.0,0.0,0.0,15997.325075852796,0.0,,cwc,
2021-06-01,Ranjit Sagar,0.842,-0.6571528793939423,0.0,0.0,0.0,17929.238853383245,1.4068632716984992,,cwc,
2021-06-02,Ranjit Sagar,0.842,-0.6589306599110657,0.0,0.0,0.0,16978.987341977045,1.1460132130986045,,cwc,
2021-06-03,Ranjit Sagar,0.842,-0.6598782840160123,0.0,0.0,0.0,16608.595301599653,0.342448627605439,,cwc,
2021-06-04,Ranjit Sagar,0.866,-0.6502298954034187,0.0,0.0,0.0,16163.763540917107,0.1624362944224274,,cwc,
2021-06-05,Ranjit Sagar,0.866,-0.6491656296700191,0.0,0.0,0.0,16692.832450457016,2.155070341532193,,cwc,
2021-06-06,Ranjit Sagar,0.866,-0.6413099693039943,0.0,0.0,0.0,16225.993866847433,0.0,,cwc,
2021-06-07,Ranjit Sagar,0.892,-0.6245216855977832,0.0,0.0,0.0,16071.093487631832,0.0,,cwc,
2021-06-08,Ranjit Sagar,0.892,-0.6181666356627387,0.0,0.0,0.0,16042.834275091114,0.0,,cwc,
2021-06-09,Ranjit Sagar,0.892,-0.6144959415849267,0.0,0.0,0.0,17183.408686813887,4.8768709257582765,,cwc,
2021-06-10,Ranjit Sagar,0.892,-0.6131469994080697,0.0,0.0,0.0,24219.135053891165,29.105050358996618,,cwc,
2021-06-11,Ranjit Sagar,0.892,-0.6166587302767415,0.0,0.0,0.0,21683.310331752942,2.571436060406829,,cwc,
2021-06-12,Ranjit Sagar,0.915,-0.6081530784276303,0.0,0.0,0.0,22159.70051014794,10.08655559134528,,cwc,
2021-06-13,Ranjit Sagar,0.915,-0.6116883742536084,0.0,0.0,0.0,19559.630204015146,1.1441699466235709,,cwc,
2021-06-14,Ranjit Sagar,0.939,-0.603176852047018,0.0,0.0,0.0,18475.79488281982,3.464655375308704,,cwc,
2021-06-15,Ranjit Sagar,0.939,-0.6046922398767332,0.0,0.0,0.0,20854.63761536215,8.46221532184393,,cwc,
2021-06-16,Ranjit Sagar,0.939,-0.6093606536737411,0.0,0.0,0.0,20431.457687653743,8.738502771888351,,cwc,
2021-06-17,Ranjit Sagar,0.964,-0.6031842308177907,0.0,0.0,0.0,18772.6261027506,2.476077103178869,,cwc,
2021-06-18,Ranjit Sagar,0.964,-0.6060526294885394,0.0,0.0,0.0,17904.6672272459,2.685703586119201,,cwc,
2021-06-19,Ranjit Sagar,0.964,-0.6077792110833047,0.0,0.0,0.0,17023.941462918414,0.7870670937182999,,cwc,
2021-06-20,Ranjit Sagar,0.964,-0.6073862118149409,0.0,0.0,0.0,16381.952535150538,0.2599629261772829,,cwc,
2021-06-21,Ranjit Sagar,0.964,-0.6067717164152031,0.0,0.0,0.0,16130.562567208253,0.0055217864242185,,cwc,
2021-06-22,Ranjit Sagar,0.939,-0.6171949132440613,0.0,0.0,0.0,16024.488406178138,0.0,,cwc,
2021-06-23,Ranjit Sagar,0.9233333333333333,-0.6237226265626302,0.0,0.0,0.0,16250.474588276344,0.9901666053287376,,interp,
2021-06-24,Ranjit Sagar,0.9076666666666666,-0.6306353448249917,0.0,0.0,0.0,17400.463776615445,5.413396796243726,,interp,
2021-06-25,Ranjit Sagar,0.892,-0.6387836176487827,0.0,0.0,0.0,16970.684495463767,1.4549264150662178,,cwc,
2021-06-26,Ranjit Sagar,0.866,-0.6507791406608522,0.0,0.0,0.0,16362.734688028273,0.0,,cwc,
2021-06-27,Ranjit Sagar,0.842,-0.6608239456982337,0.0,0.0,0.0,16173.965355135007,0.0,,cwc,
2021-06-28,Ranjit Sagar,0.817,-0.6699151477667025,0.0,0.0,0.0,16031.088376685486,0.0,,cwc,
2021-06-29,Ranjit Sagar,0.788,-0.6815427197237797,0.0,0.0,0.0,15997.325075852796,0.0,,cwc,
2021-06-30,Ranjit Sagar,0.744,-0.6947196645189536,0.0,0.0,0.0,16105.186618586984,0.4509491741352591,,cwc,
2021-07-01,Ranjit Sagar,0.719,-0.7025716789210742,0.0,0.0,0.0,16548.69951270153,2.175371687035333,,cwc,
2021-07-02,Ranjit Sagar,0.744,-0.6915720054835748,0.0,0.0,0.0,17682.286795780026,5.980586450196376,,cwc,
2021-07-03,Ranjit Sagar,0.695,-0.7129930694840525,0.0,0.0,0.0,16744.31848142754,0.0873669853263405,,cwc,
2021-07-04,Ranjit Sagar,0.67,-0.7223346744032825,0.0,0.0,0.0,21357.16014163273,18.63833053701392,,cwc,
2021-07-05,Ranjit Sagar,0.67,-0.7257263513304484,0.0,0.0,0.0,18800.74133114351,0.0,,cwc,
2021-07-06,Ranjit Sagar,0.621,-0.7440373486019645,0.0,0.0,0.0,16868.834543448356,0.0,,cwc,
2021-07-07,Ranjit Sagar,0.603,-0.7387181148580092,0.0,0.0,0.0,17187.319853384637,1.816677081722503,,cwc,
2021-07-08,Ranjit Sagar,0.567,-0.7140042936455377,0.0,0.0,0.0,18012.735504139448,5.434460355728109,,cwc,
2021-07-09,Ranjit Sagar,0.545,-0.6893021363636829,0.0,0.0,0.0,18107.68324248648,3.622896008925906,,cwc,
2021-07-10,Ranjit Sagar,0.526,-0.6816739190566126,0.0,0.0,0.0,21285.447927114456,16.404366401405607,,cwc,
2021-07-11,Ranjit Sagar,0.507,-0.6851013614625117,0.0,0.0,0.0,29322.27541563559,29.731515447870343,,cwc_level,
2021-07-12,Ranjit Sagar,0.488,-0.704273905164516,0.0,0.0,0.0,55579.42963022104,65.44541018899506,,cwc,
2021-07-13,Ranjit Sagar,0.567,-0.7054701353126775,0.0,0.0,0.0,50671.386414812485,12.846847683961762,,cwc,
2021-07-14,Ranjit Sagar,0.583,-0.717022042641116,0.0,0.0,0.0,33182.03540580791,4.628899651544145,,cwc,
2021-07-15,Ranjit Sagar,0.583,-0.7131811595500108,0.0,0.0,0.0,25767.661861004024,2.5964068571016603,,cwc,
2021-07-16,Ranjit Sagar,0.583,-0.7013491023188582,0.0,0.0,0.0,18719.51986831849,0.814998577118982,,cwc,
2021-07-17,Ranjit Sagar,0.583,-0.6936560417575326,0.0,0.0,0.0,22143.32191790395,8.629952401027559,,cwc,
2021-07-18,Ranjit Sagar,0.5830000000000001,-0.6889050606765884,0.0,0.0,0.0,33064.05323589903,42.4434991767554,,cwc_level,
2021-07-19,Ranjit Sagar,0.567,-0.7082209237697562,0.0,0.0,0.0,36861.88497429163,23.34934067450138,,cwc,
2021-07-20,Ranjit Sagar,0.583,-0.7182504824082571,0.0,0.0,0.0,37103.64623323425,20.09526004847426,,cwc,
2021-07-21,Ranjit Sagar,0.6203333333333333,-0.7189840852431884,0.0,0.0,0.0,26090.039854326944,0.3807733083762289,,interp,
2021-07-22,Ranjit Sagar,0.6576666666666666,-0.7071094692522202,0.0,0.0,0.0,26695.11255195724,11.079212839529594,,interp,
2021-07-23,Ranjit Sagar,0.695,-0.6860777211609258,0.0,0.0,0.0,21097.78342516328,1.3342826799152665,,cwc,
2021-07-24,Ranjit Sagar,0.719,-0.6670074247229847,0.0,0.0,0.0,20713.074233283598,7.541598232771922,,cwc,
2021-07-25,Ranjit Sagar,0.719,-0.6582878362591722,0.0,0.0,0.0,21141.37666446349,8.156428874006894,,cwc,
2021-07-26,Ranjit Sagar,0.744,-0.6422015305869048,0.0,0.0,0.0,22207.37476851492,12.729920723372256,,cwc,
2021-07-27,Ranjit Sagar,0.744,-0.6432905126367554,0.0,0.0,0.0,31585.656076938307,30.205491942248145,,cwc,
2021-07-28,Ranjit Sagar,0.788,-0.6379575309985428,0.0,0.0,0.0,29558.905702051947,12.362441530325778,,cwc,
2021-07-29,Ranjit Sagar,0.842,-0.6255517000319885,0.0,0.0,0.0,29067.083737041496,13.354994793634356,,cwc,
2021-07-30,Ranjit Sagar,0.866,-0.6269107318080047,0.0,0.0,0.0,26334.880915297745,8.092109941855798,,cwc,
2021-07-31,Ranjit Sagar,0.892,-0.6192200612761217,0.0,0.0,0.0,21164.049566685786,2.7969020746509043,,cwc,
2021-08-01,Ranjit Sagar,0.915,-0.609114716632226,0.0,0.0,0.0,18710.725197596144,1.6941286684509629,,cwc,
2021-08-02,Ranjit Sagar,0.964,-0.5884523503497407,0.0,0.0,0.0,19372.94097280569,6.493712160040515,,cwc,
2021-08-03,Ranjit Sagar,0.988,-0.5800287918872032,0.0,0.0,0.0,17955.401315281644,2.112479257682355,,cwc,
2021-08-04,Ranjit Sagar,0.988,-0.5797402649262319,0.0,0.0,0.0,23076.012294718228,19.562318377980446,,cwc,
2021-08-05,Ranjit Sagar,0.988,-0.5836284504902306,0.0,0.0,0.0,21444.820723146153,5.704576166701785,,cwc,
2021-08-06,Ranjit Sagar,0.988,-0.5867818618069801,0.0,0.0,0.0,18478.803712528283,1.2776239403497307,,cwc,
2021-08-07,Ranjit Sagar,0.988,-0.5868251911185779,0.0,0.0,0.0,17633.70223498952,1.2016008947650354,,cwc,
2021-08-08,Ranjit Sagar,1.013,-0.5742080855101864,0.0,0.0,0.0,18231.83144544761,4.887819636110367,,cwc,
2021-08-09,Ranjit Sagar,1.013,-0.574026794262052,0.0,0.0,0.0,19350.843464924845,6.551199002310965,,cwc,
2021-08-10,Ranjit Sagar,1.013,-0.5760844300466109,0.0,0.0,0.0,18423.619869606715,4.198184955309311,,cwc,
2021-08-11,Ranjit Sagar,1.013,-0.5775888437053698,0.0,0.0,0.0,18437.29103307305,4.789787651605924,,cwc,
2021-08-12,Ranjit Sagar,1.013,-0.5798130054696854,0.0,0.0,0.0,19503.456698281127,7.544314800221811,,interp,
2021-08-13,Ranjit Sagar,1.013,-0.5833771198910241,0.0,0.0,0.0,18405.521845648083,2.7120576558213765,,cwc,
2021-08-14,Ranjit Sagar,1.013,-0.5858553950540263,0.0,0.0,0.0,17379.476470849742,1.4664377771713692,,cwc,
2021-08-15,Ranjit Sagar,1.013,-0.5863384487452585,0.0,0.0,0.0,16982.280515689596,1.4188763018351556,,cwc,
2021-08-16,Ranjit Sagar,1.013,-0.586235197000236,0.0,0.0,0.0,16306.379856003236,0.0,,cwc,
2021-08-17,Ranjit Sagar,0.988,-0.5943525707703041,0.0,0.0,0.0,16088.7719488902,0.0,,cwc,
2021-08-18,Ranjit Sagar,0.988,-0.5914091009520531,0.0,0.0,0.0,16031.15127178784,0.0084672447736039,,cwc,
2021-08-19,Ranjit Sagar,0.9920833333333331,-0.5878872151671559,0.0,0.0,0.0,16916.675371448517,3.735563418140262,,cwc_level,
2021-08-20,Ranjit Sagar,0.988,-0.5887212979891858,0.0,0.0,0.0,17081.203310357854,2.7689580198870933,,cwc,
2021-08-21,Ranjit Sagar,0.988,-0.5856613631300296,0.0,0.0,0.0,18747.700702942573,8.900625079782891,,cwc,
2021-08-22,Ranjit Sagar,0.939,-0.6064257459258068,0.0,0.0,0.0,18908.833347171134,5.417824350754954,,cwc,
2021-08-23,Ranjit Sagar,0.988,-0.5846377998118941,0.0,0.0,0.0,17736.378381597067,1.7676766937609414,,cwc,
2021-08-24,Ranjit Sagar,0.988,-0.5830904322160729,0.0,0.0,0.0,17786.561936924412,3.1361515891051703,,cwc,
2021-08-25,Ranjit Sagar,0.964,-0.589867281725743,0.0,0.0,0.0,20012.84681628257,10.071678682531315,,cwc,
2021-08-26,Ranjit Sagar,0.939,-0.5983370712314507,0.0,0.0,0.0,18881.88283653559,3.332530644522804,,cwc,
2021-08-27,Ranjit Sagar,0.939,-0.5990118920860016,0.0,0.0,0.0,19755.300440647574,8.076008158833789,,cwc,
2021-08-28,Ranjit Sagar,0.939,-0.6019394448891626,0.0,0.0,0.0,19218.870778451044,4.615337175210853,,cwc,
2021-08-29,Ranjit Sagar,0.939,-0.6030188411445015,0.0,0.0,0.0,21103.469425882817,10.714338487088805,,cwc,
2021-08-30,Ranjit Sagar,0.915,-0.616697752028636,0.0,0.0,0.0,22116.527370101838,9.67610266410058,,cwc,
2021-08-31,Ranjit Sagar,0.915,-0.622457538568742,0.0,0.0,0.0,18235.354636764805,3.877948826607111e-05,,cwc,
2021-09-01,Ranjit Sagar,0.892,-0.6341877746700733,0.0,0.0,0.0,16950.48871795442,0.2805938370912541,,cwc,
2021-09-02,Ranjit Sagar,0.892,-0.6348798235537098,0.0,0.0,0.0,18184.72947547042,5.302090759536765,,cwc,
2021-09-03,Ranjit Sagar,0.866,-0.6418640588289457,0.0,0.0,0.0,17807.692548246112,3.0192418976860367,,cwc,
2021-09-04,Ranjit Sagar,0.866,-0.6356975491934056,0.0,0.0,0.0,16598.226627428478,0.0,,cwc,
2021-09-05,Ranjit Sagar,0.866,-0.6301198125243842,0.0,0.0,0.0,16397.81750054204,0.6188952752112132,,cwc,
2021-09-06,Ranjit Sagar,0.866,-0.6227072778282774,0.0,0.0,0.0,16287.454794397394,0.5519136543722413,,cwc,
2021-09-07,Ranjit Sagar,0.842,-0.6240446438106501,0.0,0.0,0.0,22120.415227077574,21.839030341717624,,cwc,
2021-09-08,Ranjit Sagar,0.842,-0.6166197354289965,0.0,0.0,0.0,23715.664044161414,13.185390464899616,,cwc,
2021-09-09,Ranjit Sagar,0.866,-0.608991784187103,0.0,0.0,0.0,21942.110153107053,6.790121715297345,,cwc,
2021-09-10,Ranjit Sagar,0.842,-0.6235655184012208,0.0,0.0,0.0,23499.57299682565,11.090935641813587,,cwc,
2021-09-11,Ranjit Sagar,0.866,-0.6195091655469462,0.0,0.0,0.0,24815.789092220242,11.97137417031481,,cwc,
2021-09-12,Ranjit Sagar,0.892,-0.610980592690004,0.0,0.0,0.0,29234.025627647585,18.060956779988928,,cwc,
2021-09-13,Ranjit Sagar,0.915,-0.6122696850616103,0.0,0.0,0.0,21214.17485036297,0.5323886130856402,,cwc,
2021-09-14,Ranjit Sagar,0.939,-0.6065668959346767,0.0,0.0,0.0,17789.02646174985,0.3169925383403295,,cwc,
2021-09-15,Ranjit Sagar,0.964,-0.5956938134928244,0.0,0.0,0.0,17576.228861409014,1.938698875190788,,cwc,
2021-09-16,Ranjit Sagar,0.98,-0.5873643057351478,0.0,0.0,0.0,22359.692760243077,15.670006965816858,,cwc_level,
2021-09-17,Ranjit Sagar,0.988,-0.5890463841926589,0.0,0.0,0.0,18598.084887379882,0.0724487011746835,,cwc,
2021-09-18,Ranjit Sagar,0.988,-0.5897734590955328,0.0,0.0,0.0,16868.238218317234,0.4945083515787223,,cwc,
2021-09-19,Ranjit Sagar,0.988,-0.5884681049688747,0.0,0.0,0.0,17987.87797262476,4.694779380833669,,cwc,
2021-09-20,Ranjit Sagar,0.988,-0.589746313944359,0.0,0.0,0.0,19016.759152985782,7.007446290869784,,cwc,
2021-09-21,Ranjit Sagar,0.988,-0.5925832004688738,0.0,0.0,0.0,17478.26086408346,0.698396358610359,,cwc,
2021-09-22,Ranjit Sagar,0.988,-0.5893565025759161,0.0,0.0,0.0,17901.493451469774,4.912344653089425,,cwc,
2021-09-23,Ranjit Sagar,1.013,-0.5783880641666483,0.0,0.0,0.0,18118.86384418573,4.116834104054905,,cwc,
2021-09-24,Ranjit Sagar,1.0177999999999998,-0.5776373462807544,0.0,0.0,0.0,16763.25940567061,0.0,,cwc_level,
2021-09-25,Ranjit Sagar,1.037,-0.5694813409873098,0.0,0.0,0.0,16298.812419004438,0.011043572848437,,cwc,
2021-09-26,Ranjit Sagar,1.037,-0.568216835927433,0.0,0.0,0.0,20569.675668279237,16.101203176084148,,cwc,
2021-09-27,Ranjit Sagar,1.037,-0.570627305104933,0.0,0.0,0.0,18191.70301913077,0.0,,cwc,
2021-09-28,Ranjit Sagar,1.037,-0.5717948312194023,0.0,0.0,0.0,16876.181074386986,0.5909625276736393,,cwc,
2021-09-29,Ranjit Sagar,1.037,-0.572249362753728,0.0,0.0,0.0,16729.610907746224,0.7412452961684517,,cwc,
2021-09-30,Ranjit Sagar,1.037,-0.5718231447689878,0.0,0.0,0.0,17510.30162306524,4.45747747582703,,cwc,
2022-06-01,Ranjit Sagar,1.037,-0.5781456187572456,0.0,0.0,0.0,16201.818849753061,0.0047731931706946,,cwc,
2022-06-02,Ranjit Sagar,1.037,-0.5783590613623827,0.0,0.0,0.0,16155.30753728935,0.0993475287476548,,cwc,
2022-06-03,Ranjit Sagar,1.037,-0.5784523111272117,0.0,0.0,0.0,16007.73067012972,0.0,,cwc,
2022-06-04,Ranjit Sagar,1.037,-0.5781743294499297,0.0,0.0,0.0,16000.786954564603,0.0,,cwc,
2022-06-05,Ranjit Sagar,1.037,-0.5780645336183486,0.0,0.0,0.0,15999.321301300717,0.0,,cwc,
2022-06-06,Ranjit Sagar,1.037,-0.5780255628087501,0.0,0.0,0.0,15997.325075852796,0.0,,cwc,
2022-06-07,Ranjit Sagar,0.9920833333333331,-0.5970096574083726,0.0,0.0,0.0,16065.967378079,0.2947624871725889,,cwc_level,
2022-06-08,Ranjit Sagar,0.9741578947368421,-0.604121766917279,0.0,0.0,0.0,16274.057639977278,1.0688051631673403,,cwc_level,
2022-06-09,Ranjit Sagar,1.037,-0.57735924815035,0.0,0.0,0.0,16105.979467297155,0.0,,cwc,
2022-06-10,Ranjit Sagar,0.964,-0.6082345674305633,0.0,0.0,0.0,16036.65821405822,0.0,,cwc,
2022-06-11,Ranjit Sagar,0.964,-0.6064284192558551,0.0,0.0,0.0,16168.15524944464,0.623284058668624,,cwc,
2022-06-12,Ranjit Sagar,0.964,-0.6042690119441655,0.0,0.0,0.0,16578.787801669416,2.1630876081384467,,cwc,
2022-06-13,Ranjit Sagar,0.964,-0.6014952693949565,0.0,0.0,0.0,16228.785678652468,0.0,,cwc,
2022-06-14,Ranjit Sagar,0.892,-0.6266212524370373,0.0,0.0,0.0,16362.767616889802,1.153523745511083,,cwc,
2022-06-15,Ranjit Sagar,0.8882857142857142,-0.6259394011767976,0.0,0.0,0.0,17767.08151090611,6.4212051871859,,cwc_level,
2022-06-16,Ranjit Sagar,0.892,-0.6238028433340865,0.0,0.0,0.0,18237.026880165216,5.326175366141205,,cwc,
2022-06-17,Ranjit Sagar,0.892,-0.6232071722574263,0.0,0.0,0.0,19236.23794547334,7.691499402812491,,cwc,
2022-06-18,Ranjit Sagar,0.892,-0.625461931500526,0.0,0.0,0.0,21585.127841560537,12.77214136449846,,cwc,
2022-06-19,Ranjit Sagar,0.892,-0.6308898149587155,0.0,0.0,0.0,18534.18843320295,0.1002350991287278,,cwc,
2022-06-20,Ranjit Sagar,0.892,-0.6333944539334395,0.0,0.0,0.0,18295.90469455276,3.635412279693153,,cwc,
2022-06-21,Ranjit Sagar,0.892,-0.6357820153765071,0.0,0.0,0.0,18807.72374919573,5.0647633891630806,,cwc,
2022-06-22,Ranjit Sagar,0.892,-0.6387153996202971,0.0,0.0,0.0,17076.012124757883,0.468530665077832,,cwc,
2022-06-23,Ranjit Sagar,0.892,-0.6381718242296653,0.0,0.0,0.0,16384.814755318876,0.0,,cwc,
2022-06-24,Ranjit Sagar,0.892,-0.6340364720490379,0.0,0.0,0.0,16134.559381308613,0.0,,cwc,
2022-06-25,Ranjit Sagar,0.8404375000000001,-0.6464664119916829,0.0,0.0,0.0,16008.444561661105,0.0,,cwc_level,
2022-06-26,Ranjit Sagar,0.817,-0.6461892798664398,0.0,0.0,0.0,15997.325075852796,0.0,,cwc,
2022-06-27,Ranjit Sagar,0.7909999999999999,-0.6525695819530034,0.0,0.0,0.0,17596.79748041919,6.818074238972812,,cwc_level,
2022-06-28,Ranjit Sagar,0.7892857142857144,-0.6464399347291676,0.0,0.0,0.0,20346.787451819597,13.806714169495573,,cwc_level,
2022-06-29,Ranjit Sagar,0.768,-0.6514806882725546,0.0,0.0,0.0,25301.135420720988,22.052456066201387,,cwc,
2022-06-30,Ranjit Sagar,0.768,-0.6561844537448388,0.0,0.0,0.0,25853.674047990673,11.872987784933295,,cwc,
2022-07-01,Ranjit Sagar,0.768,-0.6552708168670967,0.0,0.0,0.0,20511.623409778716,0.5849953646662103,,cwc,
2022-07-02,Ranjit Sagar,0.768,-0.6542881178987208,0.0,0.0,0.0,24170.139896195407,13.027185708221875,,cwc,
2022-07-03,Ranjit Sagar,0.768,-0.6498801508374593,0.0,0.0,0.0,24217.580649783602,9.68534661686704,,cwc,
2022-07-04,Ranjit Sagar,0.7909999999999999,-0.641469578721472,0.0,0.0,0.0,20794.58082562834,4.090289709575935,,cwc_level,
2022-07-05,Ranjit Sagar,0.768,-0.6453748684583557,0.0,0.0,0.0,26729.005629442898,21.860424428638183,,cwc,
2022-07-06,Ranjit Sagar,0.768,-0.6400486194898412,0.0,0.0,0.0,21453.121572818894,1.9232365103172384,,cwc,
2022-07-07,Ranjit Sagar,0.817,-0.618818273267496,0.0,0.0,0.0,28393.29777513145,22.532271013291943,,cwc,
2022-07-08,Ranjit Sagar,0.817,-0.6176418126800064,0.0,0.0,0.0,22874.634601743775,2.50343193531135,,cwc,
2022-07-09,Ranjit Sagar,0.817,-0.6164211680142582,0.0,0.0,0.0,26453.920011755497,17.75708535664763,,cwc,
2022-07-10,Ranjit Sagar,0.817,-0.6031287052553992,0.0,0.0,0.0,31831.94537103897,19.99402933479986,,cwc,
2022-07-11,Ranjit Sagar,0.85425,-0.5890595442002822,0.0,0.0,0.0,21765.36680332762,0.4800220431501151,,cwc_level,
2022-07-12,Ranjit Sagar,0.817,-0.6030889952461862,0.0,0.0,0.0,29520.433874440867,21.3297644303654,,cwc,
2022-07-13,Ranjit Sagar,0.866,-0.5885492692297335,0.0,0.0,0.0,24044.102310075745,5.327216402737119,,cwc,
2022-07-14,Ranjit Sagar,0.866,-0.594948946935056,0.0,0.0,0.0,39189.0806992937,38.47741263139384,,cwc,
2022-07-15,Ranjit Sagar,0.891,-0.5972827502356259,0.0,0.0,0.0,30085.877691020698,4.786570494152842,,cwc_level,
2022-07-16,Ranjit Sagar,0.9210833333333334,-0.592305984809337,0.0,0.0,0.0,23549.47960390818,6.136797808657725,,cwc_level,
2022-07-17,Ranjit Sagar,0.9338571428571428,-0.5916453761485617,0.0,0.0,0.0,23422.570988261985,6.3205265345424095,,cwc_level,
2022-07-18,Ranjit Sagar,0.988,-0.5692316221636151,0.0,0.0,0.0,17912.7385888255,0.0296692956996755,,cwc,
2022-07-19,Ranjit Sagar,0.988,-0.5623098865302307,0.0,0.0,0.0,26734.760622412072,20.454445033185657,,cwc,
2022-07-20,Ranjit Sagar,0.988,-0.5688911197998257,0.0,0.0,0.0,22557.8881271502,7.550844566923406,,cwc,
2022-07-21,Ranjit Sagar,0.988,-0.5719284214968442,0.0,0.0,0.0,18961.29394850303,1.4275906888165222,,cwc,
2022-07-22,Ranjit Sagar,1.013,-0.5600608707632808,0.0,0.0,0.0,22766.544729411173,13.656258355971309,,cwc,
2022-07-23,Ranjit Sagar,1.0343333333333333,-0.5466933188174725,0.0,0.0,0.0,24544.272347989925,13.56572122304809,,cwc_level,
2022-07-24,Ranjit Sagar,1.061,-0.5262203645662749,0.0,0.0,0.0,20429.453266586937,1.7385125902334824,,cwc,
2022-07-25,Ranjit Sagar,1.096125,-0.5032780896166844,0.0,0.0,0.0,19647.92886152926,5.298745826167775,,cwc_level,
2022-07-26,Ranjit Sagar,1.061,-0.5021314762547505,0.0,0.0,0.0,20112.919503086363,6.861483705081001,,cwc,
2022-07-27,Ranjit Sagar,1.111,-0.45747300812066655,0.0,0.0,0.0,26853.97560635067,22.092372071539423,,cwc,
2022-07-28,Ranjit Sagar,1.1506153846153846,-0.44047087871900586,0.0,0.0,0.0,33259.28551687935,27.29856410071289,,cwc_level,
2022-07-29,Ranjit Sagar,1.2198571428571428,-0.4250129082144596,0.0,0.0,0.0,28053.044745613322,8.75304064367908,,cwc_level,
2022-07-30,Ranjit Sagar,1.263,-0.4158108023245214,0.0,0.0,0.0,35103.27083499411,25.24769106691665,,cwc,
2022-07-31,Ranjit Sagar,1.318,-0.4004976143687918,0.0,0.0,0.0,42462.3006230662,27.20097305963648,,cwc,
2022-08-01,Ranjit Sagar,1.416,-0.3771961779900331,0.0,0.0,0.0,26951.09367921796,0.0027699529587337,,cwc,
2022-08-02,Ranjit Sagar,1.4668333333333334,-0.3583019597684565,0.0,0.0,0.0,19767.662321693104,0.1239776230245942,,cwc_level,
2022-08-03,Ranjit Sagar,1.477,-0.3465180265531554,0.0,0.0,0.0,19235.36446752372,3.854827825909039,,cwc,
2022-08-04,Ranjit Sagar,1.4995,-0.33212190573626643,0.0,0.0,0.0,27294.034179077076,21.289918202229,,cwc_level,
2022-08-05,Ranjit Sagar,1.507,-0.3366276467224412,0.0,0.0,0.0,24730.8092709533,9.502830890876352,,cwc,
2022-08-06,Ranjit Sagar,1.568,-0.30972460297248805,0.0,0.0,0.0,24275.80910283675,14.178286762567454,,cwc,
2022-08-07,Ranjit Sagar,1.5958999999999999,-0.29476083584922236,0.0,0.0,0.0,26902.072220359834,15.081642481753962,,cwc_level,
2022-08-08,Ranjit Sagar,1.629,-0.28771815066039047,0.0,0.0,0.0,23831.383264182332,6.23128353391196,,cwc,
2022-08-09,Ranjit Sagar,1.69,-0.26830630496577057,0.0,0.0,0.0,19911.692397539307,1.6151213131382305,,cwc,
2022-08-10,Ranjit Sagar,1.7133333333333334,-0.24677836010051296,0.0,0.0,0.0,25573.102718069316,18.559191935403387,,interp,
2022-08-11,Ranjit Sagar,1.7366666666666666,-0.23002264548180856,0.0,0.0,0.0,27208.508299470603,14.817353386520018,,interp,
2022-08-12,Ranjit Sagar,1.76,-0.2227836375758498,0.0,0.0,0.0,20120.37036465184,0.0,,cwc,
2022-08-13,Ranjit Sagar,1.8,-0.20314419923743252,0.0,0.0,0.0,17496.55590926637,0.0,,cwc,
2022-08-14,Ranjit Sagar,1.8,-0.19720768962062202,0.0,0.0,0.0,30999.913025014404,36.663832614668365,,cwc,
2022-08-15,Ranjit Sagar,1.8,-0.19626039444317545,0.0,0.0,0.0,32089.174442040494,14.51106132878292,,cwc,
2022-08-16,Ranjit Sagar,1.919,-0.15288838618596118,0.0,0.0,0.0,24606.872387043382,5.513362478225883,,cwc,
2022-08-17,Ranjit Sagar,1.994,-0.12631343608078727,0.0,0.0,0.0,22587.01950460156,6.069544439147227,,cwc_level,
2022-08-18,Ranjit Sagar,1.999,-0.1294342003364697,0.0,0.0,0.0,23184.170406648445,9.359310734624756,,cwc,
2022-08-19,Ranjit Sagar,1.999,-0.1292487646190966,0.0,0.0,0.0,31907.491742530237,23.0785583768491,,cwc,
2022-08-20,Ranjit Sagar,1.999,-0.1402237927097771,0.0,0.0,0.0,25003.346793419463,7.091256830843516,,cwc,
2022-08-21,Ranjit Sagar,1.999,-0.1470518657414371,0.0,0.0,0.0,19412.543940250365,0.6788332983291456,,cwc,
2022-08-22,Ranjit Sagar,1.999,-0.1491812931610726,0.0,0.0,0.0,17553.424103173926,0.2938452557580566,,cwc,
2022-08-23,Ranjit Sagar,1.999,-0.15018748254859485,0.0,0.0,0.0,23361.831514360165,16.675009351161584,,cwc,
2022-08-24,Ranjit Sagar,1.999,-0.15555788406346333,0.0,0.0,0.0,21392.604560174885,5.256463889912502,,cwc,
2022-08-25,Ranjit Sagar,1.959,-0.17549445903991495,0.0,0.0,0.0,18461.548721690186,2.3739172417418795,,cwc,
2022-08-26,Ranjit Sagar,1.959,-0.17695201124306484,0.0,0.0,0.0,17372.39525949264,0.8779685524415987,,cwc,
2022-08-27,Ranjit Sagar,1.959,-0.1770489731448761,0.0,0.0,0.0,16589.420384325713,0.5813382576644924,,cwc,
2022-08-28,Ranjit Sagar,1.959,-0.1770563085836044,0.0,0.0,0.0,18216.590373634215,5.75124566923148,,cwc,
2022-08-29,Ranjit Sagar,1.959,-0.17652696908097962,0.0,0.0,0.0,18641.276583792027,6.374569782933767,,cwc,
2022-08-30,Ranjit Sagar,1.959,-0.17200470902473033,0.0,0.0,0.0,17065.10610196435,0.1961560464083401,,cwc,
2022-08-31,Ranjit Sagar,1.959,-0.1680783015256284,0.0,0.0,0.0,17279.49859899132,2.9193494964881133,,cwc,
2022-09-01,Ranjit Sagar,1.959,-0.1664329052774442,0.0,0.0,0.0,16582.3924924585,0.1977539802749572,,cwc,
2022-09-02,Ranjit Sagar,1.959,-0.16570337331627058,0.0,0.0,0.0,18723.736697568464,8.484249128873898,,cwc,
2022-09-03,Ranjit Sagar,1.959,-0.1682328252863146,0.0,0.0,0.0,22973.935590023764,18.41907704685181,,cwc,
2022-09-04,Ranjit Sagar,1.959,-0.17532684886929628,0.0,0.0,0.0,20826.894367460347,4.638935143326952,,cwc,
2022-09-05,Ranjit Sagar,1.959,-0.17983410952473952,0.0,0.0,0.0,18855.909682131867,2.316799844567451,,cwc,
2022-09-06,Ranjit Sagar,1.959,-0.18181556424999212,0.0,0.0,0.0,17281.33797162105,0.1867759249899757,,cwc,
2022-09-07,Ranjit Sagar,1.88,-0.2160837742879274,0.0,0.0,0.0,16300.334964247646,0.0,,cwc,
2022-09-08,Ranjit Sagar,1.88,-0.21609441823268372,0.0,0.0,0.0,16177.337255358796,0.2879542625246823,,cwc,
2022-09-09,Ranjit Sagar,1.88,-0.216158524252191,0.0,0.0,0.0,16508.605894586282,1.7863792007351205,,cwc,
2022-09-10,Ranjit Sagar,1.88,-0.21596225882995895,0.0,0.0,0.0,16957.529767216853,3.0503590265895704,,cwc,
2022-09-11,Ranjit Sagar,1.88,-0.21518457691742884,0.0,0.0,0.0,16739.893693993818,1.4408550995055518,,cwc,
2022-09-12,Ranjit Sagar,1.88,-0.21494928911667197,0.0,0.0,0.0,16290.137279343053,0.0,,cwc,
2022-09-13,Ranjit Sagar,1.88,-0.21457493761662,0.0,0.0,0.0,16115.918955810086,0.0,,cwc,
2022-09-14,Ranjit Sagar,1.88,-0.21440441311354855,0.0,0.0,0.0,16696.642659095327,2.548401554147207,,cwc,
2022-09-15,Ranjit Sagar,1.88,-0.2145918607759482,0.0,0.0,0.0,17702.606454624685,5.4366681381682245,,cwc,
2022-09-16,Ranjit Sagar,1.841,-0.22874288379075586,0.0,0.0,0.0,16965.316778099103,1.0516299987157591,,cwc,
2022-09-17,Ranjit Sagar,1.841,-0.22417997164781875,0.0,0.0,0.0,16648.793654257897,1.034828341248113,,cwc,
2022-09-18,Ranjit Sagar,1.841,-0.22113760995432596,0.0,0.0,0.0,16279.29401934598,0.0,,cwc,
2022-09-19,Ranjit Sagar,1.841,-0.21834394695036366,0.0,0.0,0.0,16517.053959509,1.6350577105247082,,cwc,
2022-09-20,Ranjit Sagar,1.841,-0.20544869367328272,0.0,0.0,0.0,20085.529828439034,14.135696702131014,,cwc,
2022-09-21,Ranjit Sagar,1.841,-0.18303564783177867,0.0,0.0,0.0,21336.92348466633,11.195616741840848,,cwc,
2022-09-22,Ranjit Sagar,1.841,-0.17608534943864698,0.0,0.0,0.0,19563.600770073936,3.480713410495916,,cwc,
2022-09-23,Ranjit Sagar,1.841,-0.17521805058032763,0.0,0.0,0.0,18955.829429503847,3.869852426803965,,cwc,
2022-09-24,Ranjit Sagar,1.841,-0.17568722505523582,0.0,0.0,0.0,28871.658638064913,29.892441081983808,,cwc,
2022-09-25,Ranjit Sagar,1.841,-0.1884781418755136,0.0,0.0,0.0,41558.88246946732,36.3338546333334,,cwc,
2022-09-26,Ranjit Sagar,1.9377333333333333,-0.17372238720133212,0.0,0.0,0.0,27995.82247641861,0.7331657844974476,,cwc_level,
2022-09-27,Ranjit Sagar,1.959,-0.17712619918564956,0.0,0.0,0.0,20394.537107845823,0.0,,cwc,
2022-09-28,Ranjit Sagar,1.999,-0.1645729444106252,0.0,0.0,0.0,18506.325644024735,1.231832017270818,,cwc,
2022-09-29,Ranjit Sagar,1.999,-0.1671661285059932,0.0,0.0,0.0,16617.015988145908,0.5831396834182537,,cwc,
2022-09-30,Ranjit Sagar,2.039,-0.15073971120454935,0.0,0.0,0.0,16157.72758172328,0.0,,cwc,
2023-06-01,Ranjit Sagar,1.233,-0.48366810616233963,0.0,0.0,0.0,22381.149019153905,3.271498983506964,,cwc,
2023-06-02,Ranjit Sagar,1.233,-0.489897633516818,0.0,0.0,0.0,18291.902272240714,0.0642759841637802,,cwc,
2023-06-03,Ranjit Sagar,1.233,-0.49212487389938553,0.0,0.0,0.0,17079.515504437863,0.0130226123718362,,cwc,
2023-06-04,Ranjit Sagar,1.233,-0.4931686087738627,0.0,0.0,0.0,16113.515622388817,0.0,,cwc,
2023-06-05,Ranjit Sagar,1.233,-0.49264955119217735,0.0,0.0,0.0,16903.339674731138,2.5810794315214025,,cwc,
2023-06-06,Ranjit Sagar,1.233,-0.49277710609363967,0.0,0.0,0.0,16412.801895982622,0.5904766229275143,,cwc,
2023-06-07,Ranjit Sagar,1.233,-0.4928674352705767,0.0,0.0,0.0,16158.041551595314,0.0826332085186284,,cwc,
2023-06-08,Ranjit Sagar,1.192,-0.5103830588642266,0.0,0.0,0.0,16079.540437154228,0.0001804731973217,,cwc,
2023-06-09,Ranjit Sagar,1.192,-0.50960664545961,0.0,0.0,0.0,16610.81110696278,2.416253856307494,,cwc,
2023-06-10,Ranjit Sagar,1.192,-0.5084131317554139,0.0,0.0,0.0,16781.13266192434,2.079243855031,,cwc,
2023-06-11,Ranjit Sagar,1.172,-0.516916003081437,0.0,0.0,0.0,16326.25987559598,0.1569486674107297,,cwc,
2023-06-12,Ranjit Sagar,1.192,-0.5083861158009746,0.0,0.0,0.0,16134.89830403926,0.0,,cwc,
2023-06-13,Ranjit Sagar,1.192,-0.5083746786861636,0.0,0.0,0.0,16823.40180032872,3.051385580656193,,cwc,
2023-06-14,Ranjit Sagar,1.192,-0.5069122621155647,0.0,0.0,0.0,17754.285351085546,5.345515830704354,,cwc,
2023-06-15,Ranjit Sagar,1.233,-0.49027401955623773,0.0,0.0,0.0,16809.4455468168,0.398884584209082,,cwc,
2023-06-16,Ranjit Sagar,1.233,-0.49080458562693224,0.0,0.0,0.0,16323.830269607792,0.0756627644993007,,cwc,
2023-06-17,Ranjit Sagar,1.233,-0.49082221164623857,0.0,0.0,0.0,16145.855904414813,0.0,,cwc,
2023-06-18,Ranjit Sagar,1.233,-0.49034850138152547,0.0,0.0,0.0,18224.504843200368,8.091980645584407,,cwc,
2023-06-19,Ranjit Sagar,1.233,-0.4896822620464966,0.0,0.0,0.0,16936.832791904944,0.0,,cwc,
2023-06-20,Ranjit Sagar,1.233,-0.4862677264732575,0.0,0.0,0.0,16301.124080115853,0.0608883010456172,,cwc,
2023-06-21,Ranjit Sagar,1.233,-0.47583236488145725,0.0,0.0,0.0,16306.943241807181,0.4218228753792262,,cwc,
2023-06-22,Ranjit Sagar,1.192,-0.48332339925268464,0.0,0.0,0.0,16599.705311398262,2.039386709301842,,cwc,
2023-06-23,Ranjit Sagar,1.192,-0.4761234384853361,0.0,0.0,0.0,18862.81131370721,9.311353270207997,,cwc,
2023-06-24,Ranjit Sagar,1.192,-0.47451504916409826,0.0,0.0,0.0,20208.209961612203,10.712817272044768,,cwc,
2023-06-25,Ranjit Sagar,1.192,-0.4758772184870703,0.0,0.0,0.0,26298.970913696096,24.9634759943729,,cwc,
2023-06-26,Ranjit Sagar,1.233,-0.46807565616774643,0.0,0.0,0.0,25888.096571198796,9.8818303546203,,cwc,
2023-06-27,Ranjit Sagar,1.233,-0.478150385034621,0.0,0.0,0.0,23497.799289885785,7.046086029199995,,cwc,
2023-06-28,Ranjit Sagar,1.233,-0.4854138614281567,0.0,0.0,0.0,20403.76702866175,2.272278197847532,,cwc,
2023-06-29,Ranjit Sagar,1.233,-0.48756792280001776,0.0,0.0,0.0,18903.151183085858,3.297484405649864,,cwc,
2023-06-30,Ranjit Sagar,1.233,-0.4862553964230556,0.0,0.0,0.0,17015.326284439296,0.0553453249871797,,cwc,
2023-07-01,Ranjit Sagar,1.233,-0.4768529000365303,0.0,0.0,0.0,16235.762513123927,0.0591602536903055,,cwc,
2023-07-02,Ranjit Sagar,1.233,-0.4687764007946896,0.0,0.0,0.0,16538.85265223816,1.5416574853566312,,cwc,
2023-07-03,Ranjit Sagar,1.233,-0.4638070647150236,0.0,0.0,0.0,18340.01720298045,8.191318036219124,,cwc,
2023-07-04,Ranjit Sagar,1.192,-0.4263452930327041,0.0,0.0,0.0,20160.64835426333,10.778940770129408,,cwc,
2023-07-05,Ranjit Sagar,1.233,-0.28090280853081545,0.0,0.0,0.0,26023.611996324602,25.119512500354247,,cwc,
2023-07-06,Ranjit Sagar,1.233,-0.21046609518244339,0.0,0.0,0.0,23973.645063825203,6.010489287172092,,cwc,
2023-07-07,Ranjit Sagar,1.294,-0.1584618717637015,0.0,0.0,0.0,21299.843495921392,4.664114930159637,,cwc,
2023-07-08,Ranjit Sagar,1.318,-0.13682661311661484,0.0,0.0,0.0,70989.27753655548,108.03242112997864,,cwc,
2023-07-09,Ranjit Sagar,1.386,-0.15321075652741095,0.0,0.0,0.0,142747.16901906923,89.81705412145881,,cwc,
2023-07-10,Ranjit Sagar,1.721,-0.13040439488728878,0.0,0.0,0.0,93507.18363136642,9.18849630482006,,cwc,
2023-07-11,Ranjit Sagar,1.88,-0.12679105471742413,0.0,0.0,0.0,48864.721819793835,1.7584227668130694,,cwc,
2023-07-12,Ranjit Sagar,1.919,-0.1264330969592812,0.0,0.0,0.0,32218.38893686304,3.5917740101217834,,cwc,
2023-07-13,Ranjit Sagar,1.959,-0.10383787921446405,0.0,0.0,0.0,27498.10786942874,6.99132450384177,,cwc,
2023-07-14,Ranjit Sagar,1.959,-0.08669241949570326,0.0,0.0,0.0,27671.266773671745,12.197465279905504,,cwc,
2023-07-15,Ranjit Sagar,1.959,-0.07920842631741688,0.0,0.0,0.0,31980.233884931753,35.05632351399569,,cwc,
2023-07-16,Ranjit Sagar,1.959,-0.0744177285243575,0.0,0.0,0.0,33267.0236067378,18.00206345553667,,cwc,
2023-07-17,Ranjit Sagar,1.999,-0.05283158208766645,0.0,0.0,0.0,37516.89296934063,24.1034367214993,,cwc,
2023-07-18,Ranjit Sagar,1.999,-0.05788591115046595,0.0,0.0,0.0,43924.72410610837,26.228801334945544,,cwc,
2023-07-19,Ranjit Sagar,1.999,-0.07966540019811559,0.0,0.0,0.0,34841.484771566524,9.52680315804188,,cwc,
2023-07-20,Ranjit Sagar,2.078,-0.04757016456904438,0.0,0.0,0.0,36570.07606142269,17.914676292226346,,cwc,
2023-07-21,Ranjit Sagar,2.078,-0.05754248360135501,0.0,0.0,0.0,37598.76282766037,21.34658672862664,,cwc,
2023-07-22,Ranjit Sagar,2.078,-0.06595803930716967,0.0,0.0,0.0,32674.472572898496,12.547503789062125,,cwc,
2023-07-23,Ranjit Sagar,2.078,-0.0722979714340989,0.0,0.0,0.0,23058.365648234038,1.8085301712813768,,cwc,
2023-07-24,Ranjit Sagar,2.078,-0.07029972811466942,0.0,0.0,0.0,33301.0591377399,28.680710217669027,,cwc,
2023-07-25,Ranjit Sagar,2.039,-0.09915553048976292,0.0,0.0,0.0,27015.85818563956,5.395160755045468,,cwc,
2023-07-26,Ranjit Sagar,2.039,-0.10871296352972866,0.0,0.0,0.0,29536.039152391753,18.28926596903178,,cwc,
2023-07-27,Ranjit Sagar,2.039,-0.12134108923485436,0.0,0.0,0.0,26600.34952668427,9.212164063203495,,cwc,
2023-07-28,Ranjit Sagar,2.039,-0.1308673143552086,0.0,0.0,0.0,24972.830275849716,10.569120749690835,,cwc,
2023-07-29,Ranjit Sagar,2.039,-0.1370834007783139,0.0,0.0,0.0,21595.718250424045,2.9493734751362566,,cwc,
2023-07-30,Ranjit Sagar,1.999,-0.15631147624374167,0.0,0.0,0.0,17859.13172099468,0.8280382021356463,,cwc,
2023-07-31,Ranjit Sagar,1.9704285714285714,-0.1655399429471814,0.0,0.0,0.0,17437.36240943636,1.7507738037508385,,cwc_level,
2023-08-01,Ranjit Sagar,1.999,-0.1522965308460768,0.0,0.0,0.0,17473.522553065723,3.169157407416388,,cwc,
2023-08-02,Ranjit Sagar,1.999,-0.1495558960096412,0.0,0.0,0.0,19017.360557259646,7.839347629390543,,cwc,
2023-08-03,Ranjit Sagar,1.999,-0.14927780300449084,0.0,0.0,0.0,19523.18511316291,7.774145896363875,,cwc,
2023-08-04,Ranjit Sagar,1.959,-0.1680021882478114,0.0,0.0,0.0,20695.709823474328,9.829550240301646,,cwc,
2023-08-05,Ranjit Sagar,1.959,-0.16994469590015196,0.0,0.0,0.0,18447.39841590929,1.0322695535117878,,cwc,
2023-08-06,Ranjit Sagar,1.959,-0.16587787634478807,0.0,0.0,0.0,20099.253063735116,8.717092062008982,,cwc,
2023-08-07,Ranjit Sagar,1.959,-0.1609089955873467,0.0,0.0,0.0,19283.794187424246,3.911306687978216,,cwc,
2023-08-08,Ranjit Sagar,1.959,-0.15537796102984844,0.0,0.0,0.0,17933.224395448437,2.370804498826128,,cwc,
2023-08-09,Ranjit Sagar,1.959,-0.12928421261854342,0.0,0.0,0.0,18834.64407981878,5.854570871479586,,cwc,
2023-08-10,Ranjit Sagar,1.959,-0.10367792376066666,0.0,0.0,0.0,22343.711797736512,16.05200037905706,,cwc,
2023-08-11,Ranjit Sagar,1.959,-0.09824815598726287,0.0,0.0,0.0,24859.807675111308,14.694050256815986,,cwc,
2023-08-12,Ranjit Sagar,1.959,-0.1009365908216153,0.0,0.0,0.0,24582.933642309865,11.540958804763852,,cwc,
2023-08-13,Ranjit Sagar,1.959,-0.10777071455347358,0.0,0.0,0.0,42932.961839639654,49.79190119857978,,cwc,
2023-08-14,Ranjit Sagar,1.959,-0.1350744603930996,0.0,0.0,0.0,43367.35928334608,17.564924754717886,,cwc,
2023-08-15,Ranjit Sagar,1.959,-0.16307972935322257,0.0,0.0,0.0,27545.830197069896,1.206988399208659,,cwc,
2023-08-16,Ranjit Sagar,1.959,-0.1742357253269357,0.0,0.0,0.0,22284.088620293165,2.272352313163991,,cwc,
2023-08-17,Ranjit Sagar,1.959,-0.17728810649366977,0.0,0.0,0.0,18035.338553075668,0.7493609438886083,,cwc,
2023-08-18,Ranjit Sagar,1.959,-0.1737488805792357,0.0,0.0,0.0,16773.95752664296,0.6800325861911246,,cwc,
2023-08-19,Ranjit Sagar,1.841,-0.21570361235463445,0.0,0.0,0.0,16536.24402840987,1.0399145761380266,,cwc,
2023-08-20,Ranjit Sagar,1.841,-0.2090532602640087,0.0,0.0,0.0,16857.562422155184,2.7484033846175264,,cwc,
2023-08-21,Ranjit Sagar,1.841,-0.20667033504070387,0.0,0.0,0.0,19359.682109387817,11.313315392955651,,cwc,
2023-08-22,Ranjit Sagar,1.76,-0.24345113346553865,0.0,0.0,0.0,21426.178275367016,12.6873110455622,,cwc,
2023-08-23,Ranjit Sagar,1.76,-0.24770022232137484,0.0,0.0,0.0,24808.906111913715,17.482110146065093,,cwc,
2023-08-24,Ranjit Sagar,1.76,-0.256405505811765,0.0,0.0,0.0,22907.772317731597,6.144258141185803,,cwc,
2023-08-25,Ranjit Sagar,1.76,-0.2634959334960772,0.0,0.0,0.0,19140.58071422823,0.96142412835727,,cwc,
2023-08-26,Ranjit Sagar,1.76,-0.26671002983306474,0.0,0.0,0.0,17228.461793179198,0.0,,cwc,
2023-08-27,Ranjit Sagar,1.76,-0.26750033876309126,0.0,0.0,0.0,17355.237446991396,2.68890546224391,,cwc,
2023-08-28,Ranjit Sagar,1.76,-0.26812901158970914,0.0,0.0,0.0,16468.601828811185,0.179876068387654,,cwc,
2023-08-29,Ranjit Sagar,1.76,-0.26804992507450054,0.0,0.0,0.0,16114.619119472321,0.0,,cwc,
2023-08-30,Ranjit Sagar,1.76,-0.2679408874427555,0.0,0.0,0.0,16061.239131007695,0.0,,cwc,
2023-08-31,Ranjit Sagar,1.74,-0.27334338933146957,0.0,0.0,0.0,16471.287490774157,1.912933017510739,,interp,
2023-09-01,Ranjit Sagar,1.72,-0.28086521720329527,0.0,0.0,0.0,16752.92246502679,2.2210755372437005,,cwc,
2023-09-02,Ranjit Sagar,1.76,-0.26410905182111005,0.0,0.0,0.0,16544.37254923152,1.0512979070891544,,cwc,
2023-09-03,Ranjit Sagar,1.76,-0.2643743013102305,0.0,0.0,0.0,16219.08522078492,0.0,,cwc,
2023-09-04,Ranjit Sagar,1.721,-0.28032938045273165,0.0,0.0,0.0,19059.93483292547,11.608366751379146,,cwc,
2023-09-05,Ranjit Sagar,1.69,-0.2963059661890555,0.0,0.0,0.0,17439.512433899374,0.02666268708709,,cwc,
2023-09-06,Ranjit Sagar,1.69,-0.2976144500561902,0.0,0.0,0.0,16457.183244762684,0.0,,cwc,
2023-09-07,Ranjit Sagar,1.66,-0.3107448294643787,0.0,0.0,0.0,16290.24395564301,0.0,,cwc,
2023-09-08,Ranjit Sagar,1.629,-0.3236816386582226,0.0,0.0,0.0,16873.589633244494,3.055055735341873,,cwc,
2023-09-09,Ranjit Sagar,1.599,-0.33707375155648217,0.0,0.0,0.0,16423.95779241414,0.2271839397544711,,cwc,
2023-09-10,Ranjit Sagar,1.5958999999999999,-0.33402487132158626,0.0,0.0,0.0,16185.8882855898,0.2741090116421891,,cwc_level,
2023-09-11,Ranjit Sagar,1.568,-0.34052648198389174,0.0,0.0,0.0,16139.347429633859,0.1704183100824299,,cwc,
2023-09-12,Ranjit Sagar,1.538,-0.35087116627284387,0.0,0.0,0.0,16566.597265419154,2.157421423914532,,cwc,
2023-09-13,Ranjit Sagar,1.538,-0.3434488122194792,0.0,0.0,0.0,16304.99381119787,0.2972721709989696,,cwc,
2023-09-14,Ranjit Sagar,1.507,-0.3471705524954365,0.0,0.0,0.0,20612.08731461029,18.27343487707784,,cwc,
2023-09-15,Ranjit Sagar,1.4995,-0.35039646911452393,0.0,0.0,0.0,21360.559728124732,8.852922801254328,,cwc_level,
2023-09-16,Ranjit Sagar,1.477,-0.36320678937197126,0.0,0.0,0.0,18490.41320283727,0.8613512482861772,,cwc,
2023-09-17,Ranjit Sagar,1.477,-0.3644058646020439,0.0,0.0,0.0,23677.760430905742,17.458006514439337,,cwc,
2023-09-18,Ranjit Sagar,1.477,-0.37190608128192304,0.0,0.0,0.0,25410.063480386987,13.447334712609544,,cwc,
2023-09-19,Ranjit Sagar,1.477,-0.38157901403546435,0.0,0.0,0.0,20586.93029248068,1.4650136940146254,,cwc,
2023-09-20,Ranjit Sagar,1.477,-0.3863236063075542,0.0,0.0,0.0,18283.8549449221,1.506920924641336,,cwc,
2023-09-21,Ranjit Sagar,1.507,-0.37589454795654276,0.0,0.0,0.0,17341.61060632483,1.4715004397892708,,cwc,
2023-09-22,Ranjit Sagar,1.477,-0.39009280230295096,0.0,0.0,0.0,16491.9991207259,0.3493764559616269,,cwc,
2023-09-23,Ranjit Sagar,1.477,-0.3906079889875562,0.0,0.0,0.0,16142.679762949045,0.0,,cwc,
2023-09-24,Ranjit Sagar,1.477,-0.39075895875251254,0.0,0.0,0.0,16041.260608986824,0.0,,cwc,
2023-09-25,Ranjit Sagar,1.477,-0.39080423376696183,0.0,0.0,0.0,16013.625752394539,0.0356136138014795,,cwc,
2023-09-26,Ranjit Sagar,1.477,-0.39054734294109267,0.0,0.0,0.0,16000.671760618678,0.0,,cwc,
2023-09-27,Ranjit Sagar,1.477,-0.39026361379942587,0.0,0.0,0.0,15998.412241337852,0.0,,cwc,
2023-09-28,Ranjit Sagar,1.446,-0.4027367552331477,0.0,0.0,0.0,15998.039582227242,0.0,,cwc,
2023-09-29,Ranjit Sagar,1.446,-0.40242260137528724,0.0,0.0,0.0,15997.88380255134,0.0024023363938594,,cwc,
2023-09-30,Ranjit Sagar,1.446,-0.4023183729930811,0.0,0.0,0.0,16259.746129479468,1.1273312460272025,,cwc,
2024-06-01,Ranjit Sagar,0.964,-0.6039871386581673,0.0,0.0,0.0,16379.750966890148,1.1995126555524331,,cwc,
2024-06-02,Ranjit Sagar,0.964,-0.6023442921726697,0.0,0.0,0.0,16174.265226132111,0.0,,cwc,
2024-06-03,Ranjit Sagar,0.939,-0.6124704629886021,0.0,0.0,0.0,16162.30975425256,0.5014832046039434,,cwc,
2024-06-04,Ranjit Sagar,0.939,-0.6122427135839202,0.0,0.0,0.0,16921.55557326338,3.352137773480628,,cwc,
2024-06-05,Ranjit Sagar,0.939,-0.6131964642925056,0.0,0.0,0.0,19806.62338605452,13.510908347996684,,cwc,
2024-06-06,Ranjit Sagar,0.964,-0.6065014025356796,0.0,0.0,0.0,17953.719189131454,0.3879451445209548,,cwc,
2024-06-07,Ranjit Sagar,0.964,-0.6080040134184439,0.0,0.0,0.0,16691.01019636398,0.0,,cwc,
2024-06-08,Ranjit Sagar,0.964,-0.6085103090154066,0.0,0.0,0.0,16380.510498368321,0.0,,cwc,
2024-06-09,Ranjit Sagar,0.964,-0.6088369435488019,0.0,0.0,0.0,16007.791980313315,0.0,,cwc,
2024-06-10,Ranjit Sagar,0.964,-0.6087834468569122,0.0,0.0,0.0,16002.622623056644,0.0178276181176352,,cwc,
2024-06-11,Ranjit Sagar,0.964,-0.6087825948656781,0.0,0.0,0.0,16514.107027713573,2.1986862591840177,,cwc,
2024-06-12,Ranjit Sagar,0.9543333333333334,-0.613432691805917,0.0,0.0,0.0,16205.94163535446,0.0,,cwc_level,
2024-06-13,Ranjit Sagar,0.939,-0.6196329117299857,0.0,0.0,0.0,16067.570500389718,0.0012710772812826,,cwc,
2024-06-14,Ranjit Sagar,0.9210833333333334,-0.6268510652101645,0.0,0.0,0.0,16059.04576073211,0.0641045013981544,,cwc_level,
2024-06-15,Ranjit Sagar,0.915,-0.6269108805952278,0.0,0.0,0.0,16003.438893560278,0.0,,cwc,
2024-06-16,Ranjit Sagar,0.892,-0.6351132558879641,0.0,0.0,0.0,16010.071677774302,0.0439992761441564,,cwc,
2024-06-17,Ranjit Sagar,0.892,-0.6343080837768141,0.0,0.0,0.0,16532.936578458473,2.2768694987149254,,cwc,
2024-06-18,Ranjit Sagar,0.866,-0.6455112378619919,0.0,0.0,0.0,16475.207579466234,1.0690168260457604,,cwc,
2024-06-19,Ranjit Sagar,0.842,-0.6555754241333094,0.0,0.0,0.0,18488.20683101159,9.306372227258258,,cwc,
2024-06-20,Ranjit Sagar,0.842,-0.6573199689245045,0.0,0.0,0.0,17545.85286916459,1.3476639310868872,,cwc,
2024-06-21,Ranjit Sagar,0.842,-0.6586591115551703,0.0,0.0,0.0,16781.486005024195,0.8023245350636843,,cwc,
2024-06-22,Ranjit Sagar,0.842,-0.658309249769689,0.0,0.0,0.0,16426.58663307041,0.1331802251052864,,cwc,
2024-06-23,Ranjit Sagar,0.817,-0.6687554438018489,0.0,0.0,0.0,16642.60375113844,1.9418396256584785,,cwc,
2024-06-24,Ranjit Sagar,0.7909999999999999,-0.6784514181110043,0.0,0.0,0.0,16816.804123663693,1.930177801322428,,cwc_level,
2024-06-25,Ranjit Sagar,0.768,-0.687439128594344,0.0,0.0,0.0,16262.855361897111,0.0,,cwc,
2024-06-26,Ranjit Sagar,0.744,-0.6957190783693017,0.0,0.0,0.0,17116.679425337934,3.97389444536329,,cwc,
2024-06-27,Ranjit Sagar,0.719,-0.7046344661876977,0.0,0.0,0.0,16636.72573527494,0.6562017087716446,,cwc,
2024-06-28,Ranjit Sagar,0.719,-0.7023726674284501,0.0,0.0,0.0,17980.243304224834,6.515965855995118,,cwc,
2024-06-29,Ranjit Sagar,0.719,-0.6997182267891078,0.0,0.0,0.0,17606.80900643472,2.5186304129595887,,cwc,
2024-06-30,Ranjit Sagar,0.695,-0.7064493527206686,0.0,0.0,0.0,18139.681824849802,5.348394068753534,,cwc,
2024-07-01,Ranjit Sagar,0.695,-0.6917132617265178,0.0,0.0,0.0,18793.443897681143,5.735932833752631,,cwc,
2024-07-02,Ranjit Sagar,0.695,-0.6854122477367371,0.0,0.0,0.0,18803.695932178194,5.3747786645907984,,cwc,
2024-07-03,Ranjit Sagar,0.67,-0.6956361014480738,0.0,0.0,0.0,20523.393410477744,9.584465486318216,,cwc,
2024-07-04,Ranjit Sagar,0.719,-0.6761487091187325,0.0,0.0,0.0,20967.52305893178,8.66821064383955,,cwc,
2024-07-05,Ranjit Sagar,0.719,-0.6802739733240455,0.0,0.0,0.0,32257.944942918035,36.16762249662144,,cwc,
2024-07-06,Ranjit Sagar,0.744,-0.6858328017878971,0.0,0.0,0.0,24830.28049523365,0.3724385163531644,,cwc,
2024-07-07,Ranjit Sagar,0.744,-0.6945404034318279,0.0,0.0,0.0,19226.853476816654,0.6921736194558953,,cwc,
2024-07-08,Ranjit Sagar,0.744,-0.6954917265111785,0.0,0.0,0.0,19165.76013155979,3.016436292160612,,cwc,
2024-07-09,Ranjit Sagar,0.744,-0.6977158867906458,0.0,0.0,0.0,17015.21538756379,0.9132372474366032,,cwc,
2024-07-10,Ranjit Sagar,0.719,-0.7090859979231441,0.0,0.0,0.0,16713.812660365704,0.8803433389380552,,cwc,
2024-07-11,Ranjit Sagar,0.7087142857142857,-0.7139981790042138,0.0,0.0,0.0,16487.755249893056,1.1654736807996184,,cwc_level,
2024-07-12,Ranjit Sagar,0.67,-0.7306444045908764,0.0,0.0,0.0,18315.41573190215,8.150456632793029,,cwc,
2024-07-13,Ranjit Sagar,0.695,-0.716840452630926,0.0,0.0,0.0,17034.850377084298,0.0740021381960537,,cwc,
2024-07-14,Ranjit Sagar,0.67,-0.7260256994594438,0.0,0.0,0.0,16340.173696094022,0.0133336152901498,,cwc,
2024-07-15,Ranjit Sagar,0.67,-0.72550710881188,0.0,0.0,0.0,16211.707515667273,0.046869208470541,,cwc,
2024-07-16,Ranjit Sagar,0.62,-0.7422406003688637,0.0,0.0,0.0,16363.309037142604,1.2975687518680703,,cwc,
2024-07-17,Ranjit Sagar,0.603,-0.7461886629652275,0.0,0.0,0.0,21322.256623248428,18.707274125913568,,cwc,
2024-07-18,Ranjit Sagar,0.567,-0.7507042245519152,0.0,0.0,0.0,18453.06999440491,0.0619849810071042,,cwc,
2024-07-19,Ranjit Sagar,0.526,-0.7607261571929508,0.0,0.0,0.0,16837.021823306444,0.0,,cwc,
2024-07-20,Ranjit Sagar,0.488,-0.7665268270920911,0.0,0.0,0.0,20616.515619809532,12.542958828564403,,cwc,
2024-07-21,Ranjit Sagar,0.45,-0.7785650750074935,0.0,0.0,0.0,19529.261254811125,4.29527633141293,,cwc,
2024-07-22,Ranjit Sagar,0.412,-0.7946928160865779,0.0,0.0,0.0,31710.459712682445,36.14347991592604,,cwc,
2024-07-23,Ranjit Sagar,0.374,-0.8133978772739556,0.0,0.0,0.0,25609.43592852341,4.314491561763875,,cwc,
2024-07-24,Ranjit Sagar,0.355,-0.8143392162174177,0.0,0.0,0.0,26811.465408673543,14.89482688007036,,cwc,
2024-07-25,Ranjit Sagar,0.336,-0.8245571723842698,0.0,0.0,0.0,24614.89895364689,5.666707122638811,,cwc,
2024-07-26,Ranjit Sagar,0.336,-0.8256073856069068,0.0,0.0,0.0,19609.608216090914,2.208391572472875,,cwc,
2024-07-27,Ranjit Sagar,0.316,-0.8022099100777622,0.0,0.0,0.0,29321.543730158584,22.401742844060617,,cwc,
2024-07-28,Ranjit Sagar,0.316,-0.7946351422390356,0.0,0.0,0.0,32473.520525084827,26.08182840069401,,cwc,
2024-07-29,Ranjit Sagar,0.336,-0.785955361649025,0.0,0.0,0.0,24787.86582512141,2.299245633664659,,cwc,
2024-07-30,Ranjit Sagar,0.298,-0.8019614639194629,0.0,0.0,0.0,23608.717150538465,8.82436073969977,,cwc,
2024-07-31,Ranjit Sagar,0.279,-0.8113259459146059,0.0,0.0,0.0,50200.8085477065,59.74095244273634,,cwc,
2024-08-01,Ranjit Sagar,0.298,-0.8311174543609741,0.0,0.0,0.0,36578.73055452549,1.4693114288844622,,cwc,
2024-08-02,Ranjit Sagar,0.316,-0.8422964067968883,0.0,0.0,0.0,32614.699776064135,14.932769160279353,,cwc,
2024-08-03,Ranjit Sagar,0.336,-0.8470483795137406,0.0,0.0,0.0,24984.75174551321,2.900499368599241,,cwc,
2024-08-04,Ranjit Sagar,0.374,-0.8351007375511589,0.0,0.0,0.0,22402.808834327767,6.777985696840236,,cwc,
2024-08-05,Ranjit Sagar,0.392,-0.831486138826503,0.0,0.0,0.0,23473.12547360011,7.516896452937727,,cwc,
2024-08-06,Ranjit Sagar,0.392,-0.8290737869038378,0.0,0.0,0.0,18511.246560334243,2.399971027761513,,cwc,
2024-08-07,Ranjit Sagar,0.412,-0.8096021340385977,0.0,0.0,0.0,19887.267710884724,7.39176375109244,,cwc,
2024-08-08,Ranjit Sagar,0.45,-0.7913058030593046,0.0,0.0,0.0,20899.56121955829,9.845962110016956,,cwc,
2024-08-09,Ranjit Sagar,0.469,-0.7798066868426672,0.0,0.0,0.0,18508.639039840917,1.422685053011248,,cwc,
2024-08-10,Ranjit Sagar,0.488,-0.7584053805010595,0.0,0.0,0.0,25784.336716193906,24.29935035923579,,cwc,
2024-08-11,Ranjit Sagar,0.488,-0.7524841944654732,0.0,0.0,0.0,28991.83620032044,18.778977090762297,,cwc,
2024-08-12,Ranjit Sagar,0.507,-0.7473040948775576,0.0,0.0,0.0,21884.58997806494,0.7110484760692861,,cwc_level,
2024-08-13,Ranjit Sagar,0.507,-0.7494056818667421,0.0,0.0,0.0,24150.60671711882,11.856413316418717,,cwc,
2024-08-14,Ranjit Sagar,0.526,-0.7354485111808715,0.0,0.0,0.0,31246.71374243002,24.27152451779741,,cwc,
2024-08-15,Ranjit Sagar,0.567,-0.7167303992044873,0.0,0.0,0.0,31457.270091443923,14.498610093510974,,cwc,
2024-08-16,Ranjit Sagar,0.603,-0.7098091026415533,0.0,0.0,0.0,26188.79724311245,8.392357185964666,,cwc,
2024-08-17,Ranjit Sagar,0.621,-0.7094143869850875,0.0,0.0,0.0,19871.11448510058,0.3309692557016548,,cwc,
2024-08-18,Ranjit Sagar,0.621,-0.7120461977910476,0.0,0.0,0.0,29756.649871042304,24.56520527326815,,cwc,
2024-08-19,Ranjit Sagar,0.6395,-0.716028359736578,0.0,0.0,0.0,32421.929638736863,18.569455324895696,,interp,
2024-08-20,Ranjit Sagar,0.6579999999999999,-0.7230571560189821,0.0,0.0,0.0,23373.938721414153,3.152864196615393,,interp,
2024-08-21,Ranjit Sagar,0.6765,-0.7208890839568501,0.0,0.0,0.0,19209.74174968626,0.8053725032146796,,interp,
2024-08-22,Ranjit Sagar,0.695,-0.7127362216209275,0.0,0.0,0.0,17349.645429957698,0.6563812810480069,,cwc,
2024-08-23,Ranjit Sagar,0.6878571428571428,-0.7129034143240374,0.0,0.0,0.0,18379.85521168131,4.605395245619451,,interp,
2024-08-24,Ranjit Sagar,0.6807142857142857,-0.7162050330757584,0.0,0.0,0.0,18126.234355757166,3.9329009283960352,,interp,
2024-08-25,Ranjit Sagar,0.6735714285714286,-0.7177286163709836,0.0,0.0,0.0,17889.522304854014,4.253007920490043,,interp,
2024-08-26,Ranjit Sagar,0.6664285714285714,-0.7204250586517588,0.0,0.0,0.0,19459.196264390706,9.01790914905649,,interp,
2024-08-27,Ranjit Sagar,0.6592857142857143,-0.7263510721670139,0.0,0.0,0.0,20108.99510916542,7.789576722372363,,interp,
2024-08-28,Ranjit Sagar,0.6521428571428571,-0.7295213779823125,0.0,0.0,0.0,18136.193325882774,1.1973287758359128,,interp,
2024-08-29,Ranjit Sagar,0.645,-0.7272298617822583,0.0,0.0,0.0,19586.061707235116,7.865915448576236,,cwc,
2024-08-30,Ranjit Sagar,0.6521428571428571,-0.7228938845744738,0.0,0.0,0.0,18225.664157582178,2.0839929133920663,,interp,
2024-08-31,Ranjit Sagar,0.6592857142857143,-0.7192772882861872,0.0,0.0,0.0,16701.170439609854,0.0,,interp,
2024-09-01,Ranjit Sagar,0.6664285714285714,-0.7124391959506942,0.0,0.0,0.0,19991.140711116157,11.506302654603877,,interp,
2024-09-02,Ranjit Sagar,0.6735714285714286,-0.7098336524892065,0.0,0.0,0.0,23251.16765747515,16.799918525852927,,interp,
2024-09-03,Ranjit Sagar,0.6807142857142857,-0.7126023064183504,0.0,0.0,0.0,20820.715359228732,3.697863932834735,,interp,
2024-09-04,Ranjit Sagar,0.6878571428571428,-0.713682491600327,0.0,0.0,0.0,18771.09777777611,2.4665846778220155,,interp,
2024-09-05,Ranjit Sagar,0.695,-0.7128857795899411,0.0,0.0,0.0,20333.03511172466,8.140114034856662,,cwc,
2024-09-06,Ranjit Sagar,0.695,-0.7149684677013926,0.0,0.0,0.0,19567.911078573627,4.472594773422401,,cwc,
2024-09-07,Ranjit Sagar,0.695,-0.7176070644146454,0.0,0.0,0.0,17679.06015498126,1.2066967898230647,,cwc,
2024-09-08,Ranjit Sagar,0.695,-0.7183242967358462,0.0,0.0,0.0,16866.285573885612,0.9140583674855188,,cwc,
2024-09-09,Ranjit Sagar,0.695,-0.7156774240077848,0.0,0.0,0.0,16614.87407149805,1.0765258462907774,,cwc,
2024-09-10,Ranjit Sagar,0.695,-0.7147299718992729,0.0,0.0,0.0,18337.66613890708,7.003867255893613,,cwc,
2024-09-11,Ranjit Sagar,0.695,-0.7163895910058564,0.0,0.0,0.0,17039.94062325,0.5170703057579634,,cwc,
2024-09-12,Ranjit Sagar,0.67,-0.727732157238099,0.0,0.0,0.0,16991.898638978535,2.3152998813740653,,cwc,
2024-09-13,Ranjit Sagar,0.67,-0.7282784993865636,0.0,0.0,0.0,19402.18506240285,10.268760544313135,,cwc,
2024-09-14,Ranjit Sagar,0.646,-0.7412842140503627,0.0,0.0,0.0,17522.603140560368,0.2575366262574604,,cwc,
2024-09-15,Ranjit Sagar,0.646,-0.7418624539661203,0.0,0.0,0.0,16747.628507365684,0.6540869866181104,,cwc,
2024-09-16,Ranjit Sagar,0.621,-0.7528959304897557,0.0,0.0,0.0,16391.2889798278,0.1490622436230378,,cwc,
2024-09-17,Ranjit Sagar,0.621,-0.7531583619406615,0.0,0.0,0.0,16468.462525047344,1.4262602011270686,,cwc,
2024-09-18,Ranjit Sagar,0.603,-0.761261521678854,0.0,0.0,0.0,16751.379865014125,1.952039640920487,,cwc,
2024-09-19,Ranjit Sagar,0.603,-0.7620485745829351,0.0,0.0,0.0,16968.606610593488,2.877994311989756,,cwc,
2024-09-20,Ranjit Sagar,0.583,-0.7715947834783018,0.0,0.0,0.0,16395.10762446451,0.0,,cwc,
2024-09-21,Ranjit Sagar,0.583,-0.7697099552248757,0.0,0.0,0.0,16139.860274900777,0.0,,cwc,
2024-09-22,Ranjit Sagar,0.583,-0.7660942153484384,0.0,0.0,0.0,16062.259484176155,0.0,,cwc,
2024-09-23,Ranjit Sagar,0.567,-0.7712458615522607,0.0,0.0,0.0,15997.325075852796,0.0,,cwc,
2024-09-24,Ranjit Sagar,0.567,-0.7703817966018939,0.0,0.0,0.0,15997.325075852796,0.0,,cwc,
2024-09-25,Ranjit Sagar,0.567,-0.7700412259393886,0.0,0.0,0.0,18200.912245567943,9.481444791606588,,cwc,
2024-09-26,Ranjit Sagar,0.567,-0.7723135563677909,0.0,0.0,0.0,19604.006021713634,9.344267701373836,,cwc,
2024-09-27,Ranjit Sagar,0.567,-0.7760678316554741,0.0,0.0,0.0,17666.355178413214,0.3355007445546881,,cwc,
2024-09-28,Ranjit Sagar,0.567,-0.777809900014565,0.0,0.0,0.0,16825.16309105105,0.4069466169410875,,cwc,
2024-09-29,Ranjit Sagar,0.545,-0.788059630493942,0.0,0.0,0.0,16323.61691440432,0.0,,cwc,
2024-09-30,Ranjit Sagar,0.545,-0.7884002011564473,0.0,0.0,0.0,16023.85193207573,0.0,,cwc,
2025-06-01,Ranjit Sagar,1.013,-0.5828346632078101,0.0,0.0,0.0,17047.695130277963,1.9194901662000527,,cwc,
2025-06-02,Ranjit Sagar,1.013,-0.5836597577772147,0.0,0.0,0.0,17036.97772419492,2.3942754935963912,,cwc,
2025-06-03,Ranjit Sagar,1.013,-0.584630052940365,0.0,0.0,0.0,17246.716584050224,2.7892802534325627,,cwc,
2025-06-04,Ranjit Sagar,0.988,-0.5965912285551453,0.0,0.0,0.0,17596.748014567136,4.071304227416517,,cwc,
2025-06-05,Ranjit Sagar,0.988,-0.5982606436783743,0.0,0.0,0.0,16754.006735353207,0.3515315811609404,,cwc,
2025-06-06,Ranjit Sagar,0.988,-0.5990504384070001,0.0,0.0,0.0,16257.19361717193,0.0,,cwc,
2025-06-07,Ranjit Sagar,0.988,-0.5993216790291199,0.0,0.0,0.0,16107.363322317116,0.0,,cwc,
2025-06-08,Ranjit Sagar,0.988,-0.5988008964970163,0.0,0.0,0.0,16005.3914810625,0.0,,cwc,
2025-06-09,Ranjit Sagar,0.964,-0.6071585198613024,0.0,0.0,0.0,15997.325075852796,0.0,,cwc,
2025-06-10,Ranjit Sagar,0.964,-0.6063485830857132,0.0,0.0,0.0,15997.325075852796,0.0,,cwc,
2025-06-11,Ranjit Sagar,0.939,-0.6147422232478,0.0,0.0,0.0,15997.325075852796,0.0,,cwc,
2025-06-12,Ranjit Sagar,0.956,-0.6033557806260919,0.0,0.0,0.0,16606.31143674247,2.6203050367021565,,cwc,
2025-06-13,Ranjit Sagar,0.915,-0.6184906116433038,0.0,0.0,0.0,17807.800910902606,6.379810333747207,,cwc,
2025-06-14,Ranjit Sagar,0.915,-0.6184938076903,0.0,0.0,0.0,16773.304303404228,0.0,,cwc,
2025-06-15,Ranjit Sagar,0.915,-0.6185373763792049,0.0,0.0,0.0,18173.96232286403,6.8766444021749535,,cwc,
2025-06-16,Ranjit Sagar,0.892,-0.6286142379701692,0.0,0.0,0.0,19957.890088003518,9.696429195320723,,cwc,
2025-06-17,Ranjit Sagar,0.892,-0.631078992355071,0.0,0.0,0.0,18864.143248110497,3.4788498985517027,,cwc,
2025-06-18,Ranjit Sagar,0.892,-0.63249115268112,0.0,0.0,0.0,17804.738861920334,1.870433367630604,,cwc,
2025-06-19,Ranjit Sagar,0.866,-0.6444577590530316,0.0,0.0,0.0,16731.562282815936,0.1758015085415157,,cwc,
2025-06-20,Ranjit Sagar,0.866,-0.6405146314043654,0.0,0.0,0.0,17920.4800339772,5.12238061556467,,cwc,
2025-06-21,Ranjit Sagar,0.866,-0.6359148284254874,0.0,0.0,0.0,17596.473417784244,2.7066015864485395,,cwc,
2025-06-22,Ranjit Sagar,0.866,-0.6340442000582651,0.0,0.0,0.0,17511.189397868275,3.40048200797283,,cwc,
2025-06-23,Ranjit Sagar,0.866,-0.6317196207986219,0.0,0.0,0.0,16966.945261191264,1.1749419941920087,,cwc,
2025-06-24,Ranjit Sagar,0.866,-0.6275452708450905,0.0,0.0,0.0,20509.36968602056,14.369962278644763,,cwc,
2025-06-25,Ranjit Sagar,0.866,-0.6229289308713719,0.0,0.0,0.0,22327.43088497641,11.676568980101283,,cwc,
2025-06-26,Ranjit Sagar,0.866,-0.6209658458559965,0.0,0.0,0.0,19388.67349954605,2.2219691626783846,,cwc,
2025-06-27,Ranjit Sagar,0.866,-0.6201617254709203,0.0,0.0,0.0,19738.30794914988,6.078921492214247,,cwc,
2025-06-28,Ranjit Sagar,0.842,-0.6289925618756891,0.0,0.0,0.0,20966.280703286735,8.82194290415249,,cwc,
2025-06-29,Ranjit Sagar,0.842,-0.6305223842571289,0.0,0.0,0.0,24932.16419898101,16.187778318586865,,cwc,
2025-06-30,Ranjit Sagar,0.842,-0.6374540460182241,0.0,0.0,0.0,24208.211261618286,10.593200012423356,,cwc,
2025-07-01,Ranjit Sagar,0.842,-0.6411383722006087,0.0,0.0,0.0,20159.08019556975,2.5246324014610417,,cwc,
2025-07-02,Ranjit Sagar,0.842,-0.6427998981959083,0.0,0.0,0.0,21087.344349528663,7.850902961036524,,cwc,
2025-07-03,Ranjit Sagar,0.817,-0.6556090550661401,0.0,0.0,0.0,19500.597917149662,3.541157135599368,,cwc,
2025-07-04,Ranjit Sagar,0.817,-0.6568720739443407,0.0,0.0,0.0,18291.120476636934,2.81414928070267,,cwc,
2025-07-05,Ranjit Sagar,0.817,-0.6535352112446884,0.0,0.0,0.0,20678.354770073813,10.778182394670482,,cwc,
2025-07-06,Ranjit Sagar,0.817,-0.6523386729483408,0.0,0.0,0.0,18567.215623855183,2.25369721446142,,cwc,
2025-07-07,Ranjit Sagar,0.842,-0.639440618565237,0.0,0.0,0.0,19033.59059850936,5.924550996528936,,cwc,
2025-07-08,Ranjit Sagar,0.842,-0.6398283253515991,0.0,0.0,0.0,18290.532584857563,3.0130018267527143,,cwc,
2025-07-09,Ranjit Sagar,0.842,-0.6407103861495462,0.0,0.0,0.0,21488.081298964822,13.643325851239595,,cwc,
2025-07-10,Ranjit Sagar,0.866,-0.6343678819181637,0.0,0.0,0.0,21824.72679677921,8.408248475593194,,cwc,
2025-07-11,Ranjit Sagar,0.866,-0.6377490973213246,0.0,0.0,0.0,20706.139755389097,6.843242964750334,,cwc,
2025-08-06,Ranjit Sagar,1.5302499999999999,-0.3436810838977498,0.0,0.0,0.0,25227.371652918126,4.838622929585736,,press,
2025-08-27,Ranjit Sagar,2.277,0.2121216069642684,0.49721304672424527,71526.75585717279,14007.293378142014,61086.76061130797,2.767294066858269,1.0,press,
