date,dam,storage_bcm,hei,forced_release_bcm,peak_release_cusecs,release_day1_cusecs,inflow_day1_cusecs,rain_day1_mm,day_of_exhaustion,storage_basis,reanchor_gap_bcm
2015-06-01,Bhakra,2.66,-0.4055272265703001,0.0,0.0,0.0,36956.897237228644,0.1557898547105521,,cwc,
2015-06-02,Bhakra,2.656,-0.40483811433642336,0.0,0.0,0.0,36889.29941177922,1.7249462012957395,,cwc,0.00879758871660341
2015-06-03,Bhakra,2.648,-0.4036978553223212,0.0,0.0,0.0,37385.47985081556,1.6457118759302511,,cwc,0.012632205529926832
2015-06-04,Bhakra,2.63,-0.40637014084581824,0.0,0.0,0.0,37358.75782795823,1.0118779933365376,,cwc,0.023846148458253058
2015-06-05,Bhakra,2.607,-0.4103031793268792,0.0,0.0,0.0,38436.22194210781,1.506115760383705,,cwc,0.02878077101060228
2015-06-06,Bhakra,2.588,-0.41123449709424476,0.0,0.0,0.0,39862.208839439845,1.6054770690497018,,cwc,0.027416868363487445
2015-06-07,Bhakra,2.575,-0.41213227106881695,0.0,0.0,0.0,42261.23505493217,4.042213490163181,,cwc,0.024905653034772435
2015-06-08,Bhakra,2.573,-0.4123844371829725,0.0,0.0,0.0,39816.36340239092,0.0003938008166904,,cwc,0.019775051906727015
2015-06-09,Bhakra,2.572,-0.4113004719305389,0.0,0.0,0.0,39509.12542997119,0.1025189248895553,,cwc,0.012793488709613499
2015-06-10,Bhakra,2.581,-0.40819769026487784,0.0,0.0,0.0,44485.3012989958,4.59009601236648,,cwc,0.002041807799627815
2015-06-11,Bhakra,2.586,-0.4092843610248345,0.0,0.0,0.0,43520.718520088936,1.1940231870141589,,cwc,0.018216397991133615
2015-06-12,Bhakra,2.601,-0.4079627060147375,0.0,0.0,0.0,42613.83781767803,0.6025389824232431,,cwc,0.005856473352602087
2015-06-13,Bhakra,2.608,-0.4068212173036046,0.0,0.0,0.0,42223.3799307425,1.090378702628739,,cwc,0.011637721203353824
2015-06-14,Bhakra,2.599,-0.40851611329985155,0.0,0.0,0.0,41550.46946283561,1.978839856760368,,cwc,0.026682436485610417
2015-06-15,Bhakra,2.601,-0.4033455925787967,0.0,0.0,0.0,40438.35891330751,0.0318171392217633,,cwc,0.014036110190486006
2015-06-16,Bhakra,2.597,-0.3999258123764025,0.0,0.0,0.0,39826.16126961474,0.0030520554700194,,cwc,0.01731524771606363
2015-06-17,Bhakra,2.59,-0.39787587839585076,0.0,0.0,0.0,41857.02187021464,0.9314654334691036,,cwc,0.018817459931962155
2015-06-18,Bhakra,2.606786113813808,-0.39119473764497725,0.0,0.0,0.0,42777.46276083105,1.2710716952993597,,model,
2015-06-19,Bhakra,2.567,-0.39828587429552864,0.0,0.0,0.0,50264.81719585487,6.7228952962537925,,cwc,0.058824155801721734
2015-06-20,Bhakra,2.6,-0.387155317235773,0.0,0.0,0.0,48377.636805014736,1.726285477036816,,cwc,0.004356420249499227
2015-06-21,Bhakra,2.636,-0.36171927949839694,0.0,0.0,0.0,46466.34144542686,1.2074065954120414,,cwc,-0.0032607091447696135
2015-06-22,Bhakra,2.654,-0.34669261718308614,0.0,0.0,0.0,47312.59065298046,2.3164933476491623,,cwc,0.010063162368142198
2015-06-23,Bhakra,2.67,-0.3420066544758729,0.0,0.0,0.0,45966.964632815216,2.3673278711984325,,cwc,0.014133574984782626
2015-06-24,Bhakra,2.674,-0.3413431558029652,0.0,0.0,0.0,57295.67640096557,13.69608049580211,,cwc,0.022841399270392415
2015-06-25,Bhakra,2.695,-0.3455074989833186,0.0,0.0,0.0,80554.34057858051,26.03175196676708,,cwc,0.033557948444919994
2015-06-26,Bhakra,2.723,-0.3543498675838855,0.0,0.0,0.0,66810.66052366399,1.1278169411699457,,cwc,0.08346202744400433
2015-06-27,Bhakra,2.737,-0.35965841489543204,0.0,0.0,0.0,49411.37529659154,0.2192779452529812,,cwc,0.06383707591579846
2015-06-28,Bhakra,2.732,-0.36225800598870456,0.0,0.0,0.0,45555.18127572938,1.8907412100842147,,cwc,0.040268410169214786
2015-06-29,Bhakra,2.726,-0.36522108632289757,0.0,0.0,0.0,41035.31447774287,2.5493299545711867,,cwc,0.031833940178882525
2015-06-30,Bhakra,2.723,-0.3655542774711083,0.0,0.0,0.0,52808.931265552936,10.810795470066903,,cwc,0.017775744601790322
2015-07-01,Bhakra,2.723,-0.36740044084042944,0.0,0.0,0.0,51302.10869102144,6.168309090208632,,cwc,0.04358078751750938
2015-07-02,Bhakra,2.731,-0.36619404108121684,0.0,0.0,0.0,46662.721103950505,1.1910580256829213,,cwc,0.031894232255179844
2015-07-03,Bhakra,2.75,-0.3595930885741052,0.0,0.0,0.0,42545.17191296518,0.0279207788251964,,cwc,0.009543620038328982
2015-07-04,Bhakra,2.767,-0.35179378663403194,0.0,0.0,0.0,41647.282755466134,1.3829211726226498,,cwc,0.0014697248800703555
2015-07-05,Bhakra,2.797,-0.33456857467172696,0.0,0.0,0.0,49405.54269059174,7.897526121381438,,cwc,-0.013727028775280647
2015-07-06,Bhakra,2.84498,-0.308344694167705,0.0,0.0,0.0,50256.22121410877,2.995785845346622,,cwc,-0.01272585974199103
2015-07-07,Bhakra,2.90317,-0.2769201106405791,0.0,0.0,0.0,51065.57163480097,3.234840327456284,,cwc,-0.020854610469230206
2015-07-08,Bhakra,2.9673,-0.251482774941185,0.0,0.0,0.0,49974.639935105006,3.882853068536455,,cwc,-0.024814473522185576
2015-07-09,Bhakra,3.024,-0.23646479518462404,0.0,0.0,0.0,61139.79709391725,15.198585190047826,,cwc,-0.020053520340525655
2015-07-10,Bhakra,3.108,-0.22600716193272352,0.0,0.0,0.0,78137.98867120978,18.85471726339159,,cwc,-0.02003711987356649
2015-07-11,Bhakra,3.191,-0.21884855043763918,0.0,0.0,0.0,84402.94497161247,16.133013807810926,,cwc,0.022550239957991103
2015-07-12,Bhakra,3.275,-0.20697656839717032,0.0,0.0,0.0,71746.96477887731,4.842390637514495,,cwc,0.036877928836488216
2015-07-13,Bhakra,3.345,-0.1981862293172975,0.0,0.0,0.0,54484.92497789745,0.6546805776394963,,cwc,0.019914117191992098
2015-07-14,Bhakra,3.586,-0.1422921167386167,0.0,0.0,0.0,46084.663219785,0.1688099442704257,,cwc,-0.19331876725137453
2015-07-15,Bhakra,3.49851,-0.15400818092953303,0.0,0.0,0.0,57409.86705312636,10.907473255001497,,cwc,0.11461935775501786
2015-07-16,Bhakra,3.586,-0.1367911521392874,0.0,0.0,0.0,71955.15267299513,17.683831465416294,,cwc,-0.03265267549797324
2015-07-17,Bhakra,3.706,-0.12154773571875313,0.0,0.0,0.0,59340.470337182174,3.141015031435685,,cwc,-0.02957653539737981
2015-07-18,Bhakra,3.791,-0.1069194162448154,0.0,0.0,0.0,59020.2788579392,8.125765953552479,,cwc,-0.02543930871504596
2015-07-19,Bhakra,3.861,-0.09624931610500169,0.0,0.0,0.0,60246.37256995868,7.717151879989019,,cwc,-0.011222681358055375
2015-07-20,Bhakra,3.923,-0.08975195574268575,0.0,0.0,0.0,53389.14542903244,3.8872799983203015,,cwc,-0.00022295046567677446
2015-07-21,Bhakra,3.99,-0.07181299906693878,0.0,0.0,0.0,51008.13035724313,4.235093634770027,,cwc,-0.021999674698941263
2015-07-22,Bhakra,4.054,-0.05577137807127518,0.0,0.0,0.0,51565.23122911608,6.501811505103005,,cwc,-0.02482500794716369
2015-07-23,Bhakra,4.094537981422365,-0.04917588074085297,0.0,0.0,0.0,50079.11008642704,5.079371163968768,,model,
2015-07-24,Bhakra,4.179,-0.0333828769689687,0.0,0.0,0.0,46882.665297762964,3.3007937651028647,,cwc,-0.04755994480069692
2015-07-25,Bhakra,4.237,-0.02438618433475613,0.0,0.0,0.0,59074.263854397694,14.847877447922931,,cwc,-0.028918269875704006
2015-07-26,Bhakra,4.287,-0.025010362496650892,0.0,0.0,0.0,54421.72813523139,3.6288600271852007,,cwc,0.008909397014106979
2015-07-27,Bhakra,4.355,-0.010807114547137592,0.0,0.0,0.0,47154.70763811404,2.2457927312635846,,cwc,-0.020473383101198728
2015-07-28,Bhakra,4.398,-0.0012647990488117425,0.0,0.0,0.0,44670.84950866132,1.6898002075017706,,cwc,-0.013252697738446173
2015-07-29,Bhakra,4.438,0.007375614421822384,0.0,0.0,0.0,39761.396936196754,0.066500985830205,,cwc,-0.01632964429657857
2015-07-30,Bhakra,4.449659009097598,0.011551253887276769,0.0,0.0,0.0,37486.86758302293,0.217009470817681,,model,
2015-07-31,Bhakra,4.502,-0.14239395588346104,0.0,0.0,0.0,48822.043731568265,12.456442200093765,,cwc,-0.046246789697912405
2015-08-01,Bhakra,4.552,-0.13512494624324722,0.0,0.0,0.0,50692.74087081139,6.029067522664123,,cwc,-0.016173434025990474
2015-08-02,Bhakra,4.607,-0.12626406889494834,0.0,0.0,0.0,47439.51038323084,2.663835033731348,,cwc,-0.01659663215199103
2015-08-03,Bhakra,4.648,-0.11229423272386113,0.0,0.0,0.0,44235.10471981743,1.4647207869694168,,cwc,-0.010555906306938923
2015-08-04,Bhakra,4.688,-0.09644770876289249,0.0,0.0,0.0,44607.414699905305,4.081823020639527,,cwc,-0.017395726841064274
2015-08-05,Bhakra,4.745,-0.07517314717841812,0.0,0.0,0.0,44468.94878123879,3.778045761224459,,cwc,-0.0334848423484182
2015-08-06,Bhakra,4.795,-0.05932001889503197,0.0,0.0,0.0,47818.18834880862,7.257752674244227,,cwc,-0.02682360967891917
2015-08-07,Bhakra,4.844,-0.04589844402719613,0.0,0.0,0.0,61591.4806674429,16.88003783434764,,cwc,-0.01762944205671868
2015-08-08,Bhakra,4.907,-0.039009202849866906,0.0,0.0,0.0,62948.22648438354,8.881155355372638,,cwc,0.0020679581117475365
2015-08-09,Bhakra,5.009,-0.0229362057685609,0.0,0.0,0.0,68382.2911781758,12.77685091442842,,cwc,-0.033612660751000334
2015-08-10,Bhakra,5.11,-0.012269287595628084,0.0,0.0,0.0,59109.33778660686,2.6527132263944364,,cwc,-0.01931781095823748
2015-08-11,Bhakra,5.185,-0.001999391327169099,0.0,0.0,0.0,57487.18232461885,7.98993628464942,,cwc,-0.016004791961063525
2015-08-12,Bhakra,5.242,0.003490443738394957,0.018895056520400466,7723.062774324447,0.0,51084.54898780731,2.333190883032635,5.0,cwc,-0.0019735178454425295
2015-08-13,Bhakra,5.277,0.006564846847835118,0.03553793200364197,7283.289189945712,0.0,56820.90636567791,12.050402700640054,4.0,cwc,0.004361956005598522
2015-08-14,Bhakra,5.307,0.004828331950739513,0.026137537787797704,6305.777499233397,0.0,50702.04977518404,2.390676411558367,4.0,cwc,0.023396387686825726
2015-08-15,Bhakra,5.374,0.010929136957084383,0.05916344052526501,10999.476332810125,90.7034509341272,51177.732333640386,8.635882863764028,1.0,cwc,-0.028573857214196252
2015-08-16,Bhakra,5.424,0.01585644172584017,0.08583675460128326,15685.988754950944,15685.988754950944,46336.2892108696,0.9488994945386988,1.0,cwc,-0.010410063899233712
2015-08-17,Bhakra,5.467,0.021508261414853843,0.11643213457899737,30506.643610011295,30506.643610011295,43581.35761889301,4.547754100395104,1.0,cwc,-0.01525502024856884
2015-08-18,Bhakra,5.506,0.026492923707966295,0.13771331979863533,43582.5373997386,43582.5373997386,40716.60323572617,0.4997187965564163,1.0,cwc,-0.017995168511159676
2015-08-19,Bhakra,5.508,0.024998475300237345,0.12819418164759977,40499.065090274955,40499.065090274955,36815.66178919109,0.8261688581901651,1.0,cwc,0.011995993470980792
2015-08-20,Bhakra,5.52089,0.02610628604473639,0.13829165670838073,50595.301316642195,50595.301316642195,41643.30942713262,5.338866399405062,1.0,cwc,-0.008437954476729459
2015-08-21,Bhakra,5.543,0.026817698243251486,0.14497233647333108,59255.205398046186,59255.205398046186,41266.09219821103,3.3606244818545656,1.0,cwc,-0.00584674982321598
2015-08-22,Bhakra,5.584,0.025397548537414532,0.14936615167116507,61051.10955715868,61051.10955715868,39006.45434042854,1.364935148683907,1.0,cwc,-0.02565964027085421
2015-08-23,Bhakra,5.61,0.026250516067108296,0.14893019038089683,60872.9171072826,60872.9171072826,36788.14999297806,0.0929052820219834,1.0,cwc,-0.016188014995502265
2015-08-24,Bhakra,5.643,0.003706729024232812,0.013558693233623131,5541.90662875351,5541.90662875351,35792.45517118929,0.6680149719235392,1.0,cwc,-0.028615264164558063
2015-08-25,Bhakra,5.659,-0.0026513747012047047,0.0,0.0,0.0,34811.58271269244,2.138034919154568e-06,,cwc,-0.014051306766377003
2015-08-26,Bhakra,5.683,-0.01459771002480861,0.0,0.0,0.0,34895.84270775911,0.6855540035122564,,cwc,-0.024451085336637313
2015-08-27,Bhakra,5.706,-0.022890422842518177,0.0,0.0,0.0,39733.76321119576,5.823586667446753,,cwc,-0.023244936893239476
2015-08-28,Bhakra,5.732,-0.020715410375683085,0.0,0.0,0.0,37235.780134888606,0.0,,cwc,-0.014408598898222102
2015-08-29,Bhakra,5.756,-0.017712559375320746,0.0,0.0,0.0,35231.106173278684,0.0,,cwc,-0.018520103205910132
2015-08-30,Bhakra,5.777,-0.014212903751483381,0.0,0.0,0.0,35197.21798492012,0.0057884110575419,,cwc,-0.020424689497183124
2015-08-31,Bhakra,5.8,-0.010391449960503675,0.0,0.0,0.0,34357.23919688098,0.1740786336040277,,cwc,-0.022507599510103837
2015-09-01,Bhakra,5.823,-0.0062321538785125195,0.0,0.0,0.0,34305.719387545214,0.0132778496762746,,cwc,-0.024562671071700848
2015-09-02,Bhakra,5.841,-0.0028796107033826858,0.0,0.0,0.0,34604.03458056351,0.4763659662015109,,cwc,-0.0196887181773322
2015-09-03,Bhakra,5.857,0.000277899631305708,0.00885445277644692,3619.1209352011833,3619.1209352011833,35013.104433115834,0.7679213920652075,1.0,cwc,-0.016958867521227994
2015-09-04,Bhakra,5.865,0.0015737330758164468,0.01665347878213108,6806.852464633574,6806.852464633574,34930.95941426215,0.414443623634954,1.0,cwc,-0.007958047223552533
2015-09-05,Bhakra,5.872,0.00253099292233415,0.02357417228379788,9635.579137005503,9635.579137005503,34898.54410688409,0.457610824499733,1.0,cwc,-0.007159021217868045
2015-09-06,Bhakra,5.877,0.003130050107502156,0.029402997920153773,11742.97804330678,11742.97804330678,34962.27017050683,0.5217750858233507,1.0,cwc,-0.005238327716201141
2015-09-07,Bhakra,5.877,0.002846201915970646,0.030319344949216287,12392.564376104414,12392.564376104414,35611.85650330428,1.2984081163015584,1.0,cwc,-8.241708732814601e-05
2015-09-08,Bhakra,5.877,0.002255728740424448,0.028432729728716133,11621.43951796031,11621.43951796031,34840.73164516016,0.0,1.0,cwc,0.0015068449492172675
2015-09-09,Bhakra,5.872,0.0012612406144807422,0.022251713850788057,9095.044659982774,9095.044659982774,34358.009629861175,0.0,1.0,cwc,0.004620229728717007
2015-09-10,Bhakra,5.865,7.204307476700193e-05,0.015077571025883252,6162.724487831479,6162.724487831479,34286.83143746009,0.0,1.0,cwc,0.0054392138507886045
2015-09-11,Bhakra,5.856,-0.0012176196957070426,0.0060700854670594495,2481.0537643536554,2481.0537643536554,34283.77183080405,0.2124317856694123,1.0,cwc,0.00726507102588414
2015-09-12,Bhakra,5.843,-0.0024067422595570012,0.0,0.0,0.0,34200.415172339795,0.0,,cwc,0.011257585467060238
2015-09-13,Bhakra,5.837,-0.0029176269454178933,0.0,0.0,0.0,34507.223436706496,0.4264743754892152,,cwc,0.004053647104902858
2015-09-14,Bhakra,5.839,-0.0021198122119953063,0.0,0.0,0.0,34376.5456661988,0.0062898606075506,,cwc,-0.0031957232983259587
2015-09-15,Bhakra,5.841,0.003038785174841679,0.017771385474695478,7263.779574282106,0.0,34882.68890409377,0.8069465373063176,5.0,cwc,-0.003515436335995936
2015-09-16,Bhakra,5.838,0.009695176306791944,0.05669920888767788,15680.974211765051,0.0,36754.89449739171,2.5906314675396183,4.0,cwc,0.0027228813323825207
2015-09-17,Bhakra,5.833,0.01243306257249526,0.07271088112318402,16011.706442783254,0.0,35431.626107840006,0.0204433940078828,3.0,cwc,0.009303373753184907
2015-09-18,Bhakra,5.825,0.01983643668448264,0.11600720106273332,20059.13980112571,0.0,35596.81584932058,1.0281932344985527,2.0,cwc,0.009065897671109546
2015-09-19,Bhakra,5.815,0.02374425347948509,0.13886084639555651,20389.872032144274,0.0,45889.96277955197,11.794709868981156,2.0,cwc,0.0114700468529918
2015-09-20,Bhakra,5.801,0.018614000979937772,0.10885816785586044,20723.94499276908,0.0,52020.03971644222,9.48676011538394,2.0,cwc,0.04065300841923669
2015-09-21,Bhakra,5.801,0.01284115384325951,0.0750974753917264,13350.976086224417,0.0,45343.09128278645,0.7282624873666621,2.0,cwc,0.04165070474536492
2015-09-22,Bhakra,5.825,0.013719819026327346,0.0802360741320296,13688.42352119906,11924.715614744317,56398.20530580293,13.468672462291824,1.0,cwc,0.0013150459886919208
2015-09-23,Bhakra,5.84,0.00814911932565509,0.04765757777630508,10682.765236236097,10682.765236236097,49025.23639925854,1.610600980815248,1.0,cwc,0.03736221761065828
2015-09-24,Bhakra,5.862,0.006095061944966998,0.03861990229897039,9998.804215977158,9998.804215977158,39349.11487121296,0.0204433940078828,1.0,cwc,0.01232369218581475
2015-09-25,Bhakra,5.886,0.008253287030747973,0.054446427739375025,18680.196638269066,18680.196638269066,38220.87764864694,0.3730489361077033,1.0,cwc,-0.0133496701204594
2015-09-26,Bhakra,5.903,0.00950033362950578,0.06521593604219245,25041.591231654,25041.591231654,37633.784576924394,2.778391504306388,1.0,cwc,-0.00910998771876681
2015-09-27,Bhakra,5.914,0.009897226942882567,0.07059622125493181,28855.11603488872,28855.11603488872,36951.22912626607,1.051627900793832,1.0,cwc,-0.004546355271004998
2015-09-28,Bhakra,5.92,0.009731061850516498,0.07212367948779086,29479.44101665274,29479.44101665274,35123.14669681546,0.0,1.0,cwc,-0.0012162787450673562
2015-09-29,Bhakra,5.915,0.00844444095010197,0.0660845348483905,27011.03383814246,27011.03383814246,34698.41236098369,0.0,1.0,cwc,0.005311179487791584
2015-09-30,Bhakra,5.906,0.006651689217246227,0.05599547461200505,22887.286155492286,22887.286155492286,34253.275795155416,0.0,1.0,cwc,0.008272034848391563
2016-06-01,Bhakra,1.75466,-0.6067741669362278,0.0,0.0,0.0,36226.76819766707,0.0148765511678355,,cwc,
2016-06-02,Bhakra,1.76481,-0.6018125302278128,0.0,0.0,0.0,36432.73180408955,0.4067931809056113,,cwc,-0.007138727136682732
2016-06-03,Bhakra,1.77725,-0.5969721877670076,0.0,0.0,0.0,37319.66845713743,0.2850215283377554,,cwc,-0.008924821613936595
2016-06-04,Bhakra,1.79604,-0.5907972446854388,0.0,0.0,0.0,37511.78880050764,0.7195906070746251,,cwc,-0.013104864088138823
2016-06-05,Bhakra,1.81406,-0.5861115819506111,0.0,0.0,0.0,38582.200841168225,2.264180305498283,,cwc,-0.011864827154246527
2016-06-06,Bhakra,1.83996,-0.5809661410609237,0.0,0.0,0.0,41224.85305818012,4.298566135509879,,cwc,-0.017125983231905506
2016-06-07,Bhakra,1.85493,-0.579563316118581,0.0,0.0,0.0,40271.20945047874,2.021951420650821,,cwc,0.0002694650576262614
2016-06-08,Bhakra,1.85874,-0.5793792573243562,0.0,0.0,0.0,41023.008008810495,3.5804734022787925,,cwc,0.009096303927854876
2016-06-09,Bhakra,1.85722,-0.5797233048610811,0.0,0.0,0.0,38784.37661879319,0.5067846966876167,,cwc,0.016265635895848396
2016-06-10,Bhakra,1.85773,-0.5769636457539831,0.0,0.0,0.0,37481.55790176157,0.71516147970717,,cwc,0.008758655081534172
2016-06-11,Bhakra,1.859,-0.5665415166584846,0.0,0.0,0.0,37692.19401706728,0.5769459033767789,,cwc,0.004811210668161259
2016-06-12,Bhakra,1.859,-0.5587620380736426,0.0,0.0,0.0,39053.241775978924,2.2014536350065503,,cwc,0.006596547836877686
2016-06-13,Bhakra,1.85823,-0.555004960939956,0.0,0.0,0.0,41010.035452828764,3.0561693158490555,,cwc,0.010696454000154842
2016-06-14,Bhakra,1.859,-0.5530279660134312,0.0,0.0,0.0,43663.33322879914,5.262753545769111,,cwc,0.013943897557620266
2016-06-15,Bhakra,1.859,-0.5529028593421664,0.0,0.0,0.0,56175.58323174103,15.082790399640068,,cwc,0.021205391011368313
2016-06-16,Bhakra,1.9108175558883589,-0.5482861587822754,0.0,0.0,0.0,52033.60549493836,2.024169135012947,,model,
2016-06-17,Bhakra,1.83564,-0.5693493978136229,0.0,0.0,0.0,46294.11142007306,1.658818648032077,,cwc,0.11686145033564865
2016-06-18,Bhakra,1.82878,-0.5711735293470458,0.0,0.0,0.0,44339.88542219117,1.7935221506325831,,cwc,0.03450178859990194
2016-06-19,Bhakra,1.83463,-0.571280196008153,0.0,0.0,0.0,43893.96645590651,3.905157045730265,,cwc,0.01701062706300882
2016-06-20,Bhakra,1.84173,-0.572646948803266,0.0,0.0,0.0,43506.81036482295,2.0567162652123216,,cwc,0.014669652624800023
2016-06-21,Bhakra,1.84503,-0.5746037609873232,0.0,0.0,0.0,43931.3453340344,3.5331942740287854,,cwc,0.017522446000044933
2016-06-22,Bhakra,1.85316,-0.5740410189967723,0.0,0.0,0.0,45735.257512488424,4.566037541406396,,cwc,0.013731102873947965
2016-06-23,Bhakra,1.8794345102960712,-0.5623886417397465,0.0,0.0,0.0,41752.148992070404,0.6807423737081345,,model,
2016-06-24,Bhakra,1.86306,-0.5598486232862581,0.0,0.0,0.0,38472.35230719389,0.3561484421133682,,cwc,0.032904044690820644
2016-06-25,Bhakra,1.8656,-0.5525367294448666,0.0,0.0,0.0,38550.61743861959,1.1435866861163433,,cwc,0.00596526403115849
2016-06-26,Bhakra,1.86763,-0.5423974194382957,0.0,0.0,0.0,41645.74400701113,4.345076035821127,,cwc,0.0066667455877738035
2016-06-27,Bhakra,1.87067,-0.530767433733527,0.0,0.0,0.0,56477.028540560495,16.998000402850444,,cwc,0.013229206560378737
2016-06-28,Bhakra,1.87829,-0.5201387175917963,0.0,0.0,0.0,53127.4827055298,3.3570097657438525,,cwc,0.04493506460923702
2016-06-29,Bhakra,1.88565,-0.5125414289757851,0.0,0.0,0.0,50913.58895003987,5.284214970186922,,cwc,0.03700014768055615
2016-06-30,Bhakra,1.89606,-0.5099690570155944,0.0,0.0,0.0,56412.629588942844,8.252876190863933,,cwc,0.028533689357931324
2016-07-01,Bhakra,1.90088,-0.5124174704822301,0.0,0.0,0.0,61842.983914407625,11.22843174228412,,cwc,0.04757750770905034
2016-07-02,Bhakra,1.90824,-0.5204890309505078,0.0,0.0,0.0,72956.43105862194,14.850288509158746,,cwc,0.05832327980539742
2016-07-03,Bhakra,1.92881,-0.5344157590959947,0.0,0.0,0.0,64124.741893206796,7.206600464862474,,cwc,0.07230316781518153
2016-07-04,Bhakra,1.93795,-0.5458795159433605,0.0,0.0,0.0,51400.810855526164,1.256697698600396,,cwc,0.06212577307718825
2016-07-05,Bhakra,1.94607,-0.5504932210628983,0.0,0.0,0.0,49928.89677461258,5.10884682989379,,cwc,0.03201571455714958
2016-07-06,Bhakra,1.97679,-0.5481171427324322,0.0,0.0,0.0,43954.835211086174,1.7241706610682663,,cwc,0.005814565561637286
2016-07-07,Bhakra,2.00344,-0.5396516343466108,0.0,0.0,0.0,38874.940213380294,0.8164669983134752,,cwc,-0.004731427367289154
2016-07-08,Bhakra,2.02401,-0.5300138538196542,0.0,0.0,0.0,39255.556615446745,2.0782842071954746,,cwc,-0.01107977424263229
2016-07-09,Bhakra,2.0296,-0.5231434051340572,0.0,0.0,0.0,39576.55474955914,2.740130067949316,,cwc,0.004831432538898728
2016-07-10,Bhakra,2.03391,-0.5132217615272364,0.0,0.0,0.0,41752.853732378055,4.29262421954264,,cwc,0.006896778723984198
2016-07-11,Bhakra,2.0446,-0.5034058774165534,0.0,0.0,0.0,48668.161323202665,9.716109071456984,,cwc,0.005841258595152166
2016-07-12,Bhakra,2.05467,-0.4879088855219199,0.0,0.0,0.0,48234.44756098041,4.251344784350409,,cwc,0.02338008103681144
2016-07-13,Bhakra,2.05742,-0.47584618924322286,0.0,0.0,0.0,49636.351930649274,6.201199657594783,,cwc,0.029638967552390927
2016-07-14,Bhakra,2.06444,-0.46781430431825205,0.0,0.0,0.0,56105.38567872229,9.151120512201894,,cwc,0.0287988325004207
2016-07-15,Bhakra,2.0733,-0.4680736699545422,0.0,0.0,0.0,55478.99126203716,6.332897648914256,,cwc,0.042785812271785684
2016-07-16,Bhakra,2.09712,-0.4701201917161637,0.0,0.0,0.0,73120.79464558778,19.960012822940183,,cwc,0.026293291010055952
2016-07-17,Bhakra,2.12612,-0.4789190318563629,0.0,0.0,0.0,69347.91924951911,7.742621546563026,,cwc,0.06427529574763069
2016-07-18,Bhakra,2.16002,-0.4841125713990026,0.0,0.0,0.0,61573.75596653778,7.450000728247062,,cwc,0.050144671067206215
2016-07-19,Bhakra,2.22047,-0.47840565428351733,0.0,0.0,0.0,52005.858761136566,0.5707836950473563,,cwc,0.004574593291960749
2016-07-20,Bhakra,2.29192,-0.46606884948763044,0.0,0.0,0.0,41970.18604392213,0.9456913308409352,,cwc,-0.029833990033098612
2016-07-21,Bhakra,2.3089829785138334,-0.46093228463228736,0.0,0.0,0.0,45046.89516013962,5.11593737953594,,model,
2016-07-22,Bhakra,2.33162,-0.45086662268891564,0.0,0.0,0.0,45917.56547800089,6.391638664666558,,cwc,0.0019533583121713605
2016-07-23,Bhakra,2.35147,-0.4428204020878317,0.0,0.0,0.0,47386.41097139288,6.065026900474621,,cwc,0.006870540506252798
2016-07-24,Bhakra,2.36948,-0.4385255056808629,0.0,0.0,0.0,45544.582623990325,4.182227558674636,,cwc,0.012304181970575367
2016-07-25,Bhakra,2.37956,-0.4343130668290543,0.0,0.0,0.0,44465.17636486051,3.8289852549083214,,cwc,0.015728009776721397
2016-07-26,Bhakra,2.38719,-0.42782053167295353,0.0,0.0,0.0,54350.33561239365,11.57270392980836,,cwc,0.015537160819422358
2016-07-27,Bhakra,2.39604,-0.35077944771582326,0.0,0.0,0.0,52637.33271291264,5.594814044321373,,cwc,0.038501949698292126
2016-07-28,Bhakra,2.40338,-0.34594141065434614,0.0,0.0,0.0,47942.711287820355,3.884721185727586,,cwc,0.035820958694968486
2016-07-29,Bhakra,2.41223,-0.3418394435760676,0.0,0.0,0.0,49190.138173241074,5.95653697537194,,cwc,0.02282521272072735
2016-07-30,Bhakra,2.42231,-0.34001639833385844,0.0,0.0,0.0,53315.47235183177,9.10893750564144,,cwc,0.024647136833458205
2016-07-31,Bhakra,2.45956,-0.5035963045502199,0.0,0.0,0.0,63271.6790036845,13.719654654093157,,cwc,0.007570078552014525
2016-08-01,Bhakra,2.50597,-0.4936901630569598,0.0,0.0,0.0,60342.0100355574,7.829565373658127,,cwc,0.02276869027286832
2016-08-02,Bhakra,2.54628,-0.4805651331498982,0.0,0.0,0.0,53401.548411529475,4.458076602870001,,cwc,0.021701033818894988
2016-08-03,Bhakra,2.60704,-0.46367835406598856,0.0,0.0,0.0,49103.81948945463,2.995042444269092,,cwc,-0.01572932986527187
2016-08-04,Bhakra,2.6662,-0.4480572956987813,0.0,0.0,0.0,45286.20452940107,3.2599326915556146,,cwc,-0.024644048347417513
2016-08-05,Bhakra,2.71429,-0.4292368196473366,0.0,0.0,0.0,66220.93990289928,19.85139462976271,,cwc,-0.022914131751006206
2016-08-06,Bhakra,2.76517,-0.4200807322486258,0.0,0.0,0.0,72906.76294461491,14.366806748078952,,cwc,0.02551427986633037
2016-08-07,Bhakra,2.86414,-0.40444709727350897,0.0,0.0,0.0,65931.04089517365,8.108308244697898,,cwc,-0.006218348977941712
2016-08-08,Bhakra,2.95266,-0.39256990928449254,0.0,0.0,0.0,59486.7148391073,4.733386513755439,,cwc,-0.012834979956650283
2016-08-09,Bhakra,3.06835,-0.37491299167228737,0.0,0.0,0.0,67272.92116163815,13.420526316556176,,cwc,-0.05577151049296525
2016-08-10,Bhakra,3.19973,-0.35793872675018673,0.0,0.0,0.0,65683.5646070189,7.785001867109449,,cwc,-0.052411968511663964
2016-08-11,Bhakra,3.29522,-0.3484214541048949,0.0,0.0,0.0,67045.76250890894,12.918150089755237,,cwc,-0.020410449391352614
2016-08-12,Bhakra,3.37942,-0.33939158616318416,0.0,0.0,0.0,56029.68698924873,3.153662258824093,,cwc,-0.005787729316391044
2016-08-13,Bhakra,3.47761,-0.3221235654166829,0.0,0.0,0.0,51268.44958038354,5.97806434602548,,cwc,-0.04672939029070999
2016-08-14,Bhakra,3.55648,-0.3101933306662354,0.0,0.0,0.0,51131.152261725016,4.876771687874539,,cwc,-0.039058117301792095
2016-08-15,Bhakra,3.61524,-0.30265945480866124,0.0,0.0,0.0,47711.7097532556,5.476820555117664,,cwc,-0.019284025564091145
2016-08-16,Bhakra,3.67518,-0.29093363755074764,0.0,0.0,0.0,52610.07435107684,8.739121028573264,,cwc,-0.02882994998472288
2016-08-17,Bhakra,3.71974,-0.28739286655385965,0.0,0.0,0.0,54103.79155775688,9.046528840360835,,cwc,-0.0014657309465109236
2016-08-18,Bhakra,3.538138,-0.32124281731372667,0.0,0.0,0.0,45428.75715069916,1.0155501260980662,,cwc_level,0.22835076104331753
2016-08-19,Bhakra,3.80294,-0.2714492490562667,0.0,0.0,0.0,43783.593599931686,3.7046359794991752,,cwc,-0.23927736599378413
2016-08-20,Bhakra,3.83607,-0.25524407874635674,0.0,0.0,0.0,49157.062297943725,7.7616784772949154,,cwc,-0.011630382905519987
2016-08-21,Bhakra,3.87747,-0.24680425208799056,0.0,0.0,0.0,42231.28038578405,0.9184401355715336,,cwc,-0.006753785794192169
2016-08-22,Bhakra,3.908,-0.23896197885089987,0.0,0.0,0.0,49352.75727286062,10.097380987214056,,cwc,-0.012828234454285603
2016-08-23,Bhakra,3.94767,-0.23305435354503393,0.0,0.0,0.0,45671.376308020706,2.722986322848553,,cwc,-0.0045450032541736185
2016-08-24,Bhakra,3.987,-0.2559901220248086,0.0,0.0,0.0,49131.71355770518,8.850707517255264,,cwc,-0.013211779896599829
2016-08-25,Bhakra,4.0226,-0.2606981257387209,0.0,0.0,0.0,46435.30990115477,2.3187742535993383,,cwc,-0.0010158034021694462
2016-08-26,Bhakra,4.06163,-0.2732101198974434,0.0,0.0,0.0,51412.08628503973,10.718135332110524,,cwc,-0.011042758649215223
2016-08-27,Bhakra,4.09002,-0.2849202717136641,0.0,0.0,0.0,48991.98984812102,2.913304749032956,,cwc,0.011773300747263349
2016-08-28,Bhakra,4.13593,-0.2764843056522674,0.0,0.0,0.0,42594.741296871165,2.524332652698534,,cwc,-0.011667648013172105
2016-08-29,Bhakra,4.17966,-0.268396934746862,0.0,0.0,0.0,44503.494130655185,4.102520181601415,,cwc,-0.02513899987745738
2016-08-30,Bhakra,4.23431,-0.2616667910261875,0.0,0.0,0.0,39325.53839464265,1.160194101978749,,cwc,-0.031389091871823815
2016-08-31,Bhakra,4.29422,-0.25216219705809395,0.0,0.0,0.0,40501.50628675155,3.536795801518041,,cwc,-0.04931735175148688
2016-09-01,Bhakra,4.34888,-0.24503814684459924,0.0,0.0,0.0,50391.951225531084,12.32122568720007,,cwc,-0.041190257464302604
2016-09-02,Bhakra,4.40747,-0.24165200968649048,0.0,0.0,0.0,44052.47737346373,1.0034137511052947,,cwc,-0.020922536742487452
2016-09-03,Bhakra,4.44989,-0.23842599774796752,0.0,0.0,0.0,38253.59203898776,0.3502987056034037,,cwc,-0.020262538440602107
2016-09-04,Bhakra,4.48181,-0.23446384925860586,0.0,0.0,0.0,37557.61736269684,0.5175484799711789,,cwc,-0.023949949491372635
2016-09-05,Bhakra,4.5076,-0.2308756998737986,0.0,0.0,0.0,35189.0937533578,0.4630645018349025,,cwc,-0.019522704114706357
2016-09-06,Bhakra,4.52641,-0.22673626328917806,0.0,0.0,0.0,34538.26746365812,0.0003214596200048,,cwc,-0.018337476056371038
2016-09-07,Bhakra,4.53384,-0.22331184943938398,0.0,0.0,0.0,34425.27524225145,0.168045355798019,,cwc,-0.00854977174114957
2016-09-08,Bhakra,4.54171,-0.21988893620248595,0.0,0.0,0.0,34677.73158894427,0.526464684407812,,cwc,-0.009266215746881912
2016-09-09,Bhakra,4.54914,-0.21698417365841532,0.0,0.0,0.0,35593.30866665806,1.4554228699742842,,cwc,-0.008208562222743687
2016-09-10,Bhakra,4.55571,-0.21539928243292164,0.0,0.0,0.0,37395.52522899391,2.928574324312156,,cwc,-0.005108533734344611
2016-09-11,Bhakra,4.5627,-0.21498600837466197,0.0,0.0,0.0,39686.93916280553,4.279502581988192,,cwc,-0.00111927476515028
2016-09-12,Bhakra,4.57013,-0.2154480248345076,0.0,0.0,0.0,39390.51673161088,2.4751965905253086,,cwc,0.004046842530043726
2016-09-13,Bhakra,4.585,-0.21452190086164252,0.0,0.0,0.0,38584.25146653002,1.905946324595995,,cwc,-0.004118377341270296
2016-09-14,Bhakra,4.59812,-0.21390574098365026,0.0,0.0,0.0,36696.37742686946,0.3811085474665381,,cwc,-0.004340966222041942
2016-09-15,Bhakra,4.60074,-0.21426313224135912,0.0,0.0,0.0,35526.34288278282,0.1043983190957137,,cwc,0.001540207319447262
2016-09-16,Bhakra,4.59943,-0.21411778012382315,0.0,0.0,0.0,35545.65731941573,1.030033958213435,,cwc,0.0026076294164383285
2016-09-17,Bhakra,4.59724,-0.2126794999127995,0.0,0.0,0.0,35526.400058148494,0.91287095889703,,cwc,0.0035348836447797183
2016-09-18,Bhakra,4.59506,-0.20985541492115972,0.0,0.0,0.0,34694.49563175196,0.0112971209592451,,cwc,0.003477769300289424
2016-09-19,Bhakra,4.59243,-0.20820759661467303,0.0,0.0,0.0,34771.20037909264,0.4454459398397385,,cwc,0.001892452274433687
2016-09-20,Bhakra,4.58675,-0.2080750794700796,0.0,0.0,0.0,36409.22853117508,2.2726830210847524,,cwc,0.0051301162335049
2016-09-21,Bhakra,4.58413,-0.2087405445460316,0.0,0.0,0.0,39878.788324053356,5.075604103189943,,cwc,0.006077675853310538
2016-09-22,Bhakra,4.58413,-0.2104619937092027,0.0,0.0,0.0,43168.01103601496,6.269135099150193,,cwc,0.011946215996386123
2016-09-23,Bhakra,4.58981,-0.2129489035350902,0.0,0.0,0.0,39708.3405729327,0.8732486502737987,,cwc,0.014313547847335073
2016-09-24,Bhakra,4.59243,-0.21463691364331944,0.0,0.0,0.0,37409.57593233932,0.4518762227288966,,cwc,0.008909202696700369
2016-09-25,Bhakra,4.59068,-0.21617181187630824,0.0,0.0,0.0,35889.41440110147,0.1876759176512077,,cwc,0.007655101342052717
2016-09-26,Bhakra,4.58107,-0.21816665231049817,0.0,0.0,0.0,35763.91130901119,1.2619223295126651,,cwc,0.011795911314441021
2016-09-27,Bhakra,4.5745,-0.21961336555736344,0.0,0.0,0.0,34901.797881805745,0.0423253258808149,,cwc,0.008448858518443458
2016-09-28,Bhakra,4.56926,-0.22048793865966645,0.0,0.0,0.0,34602.51024713418,0.2822820747196637,,cwc,0.005009632889952265
2016-09-29,Bhakra,4.55745,-0.22248506176655788,0.0,0.0,0.0,34455.90762110148,0.0,,cwc,0.010847403081879925
2016-09-30,Bhakra,4.55352,-0.22171936148103338,0.0,0.0,0.0,35048.97401679955,0.9989726981479096,,cwc,0.002608728682115924
2017-06-01,Bhakra,1.38923,-0.684588466228518,0.0,0.0,0.0,39505.92906825099,0.2459932054375982,,cwc,
2017-06-02,Bhakra,1.41076,-0.668780845599982,0.0,0.0,0.0,37919.3643944596,0.0,,cwc,-0.010496012340791783
2017-06-03,Bhakra,1.43167,-0.6536971693376221,0.0,0.0,0.0,35407.68958364268,0.0,,cwc,-0.013757662673121285
2017-06-04,Bhakra,1.44745,-0.6408794134862835,0.0,0.0,0.0,37340.270932928965,1.1317382838083676,,cwc,-0.014772664843636818
2017-06-05,Bhakra,1.46549,-0.6306505366482822,0.0,0.0,0.0,41813.68983253095,3.9389644423899153,,cwc,-0.012304458574689425
2017-06-06,Bhakra,1.49235,-0.6248101680000393,0.0,0.0,0.0,59847.10601848822,20.509444899710275,,cwc,-0.010179901289927296
2017-06-07,Bhakra,1.52126,-0.6294753147936799,0.0,0.0,0.0,57179.370669753596,3.1701292402999006,,cwc,0.03189021375333967
2017-06-08,Bhakra,1.55791,-0.6318614893423544,0.0,0.0,0.0,52587.29660556148,5.321039487745528,,cwc,0.017623397687129616
2017-06-09,Bhakra,1.59675,-0.6319067392901135,0.0,0.0,0.0,48823.55843510673,2.5404939146921537,,cwc,0.004198541578328108
2017-06-10,Bhakra,1.63331,-0.6306852657317211,0.0,0.0,0.0,41601.755912314344,1.0762838148116851,,cwc,-0.0027297281893552405
2017-06-11,Bhakra,1.66453,-0.6263384980249126,0.0,0.0,0.0,39430.42588530545,0.8530754491236857,,cwc,-0.01505841363640159
2017-06-12,Bhakra,1.69195,-0.6210075622638742,0.0,0.0,0.0,37800.353525822975,1.4696732864355917,,cwc,-0.016570736581797307
2017-06-13,Bhakra,1.71657,-0.6153641467130202,0.0,0.0,0.0,36628.6280181899,0.2260421159645531,,cwc,-0.017758831753982074
2017-06-14,Bhakra,1.71251,-0.6139955881027213,0.0,0.0,0.0,36132.00011858776,0.2879782803121716,,cwc,0.00805445327294696
2017-06-15,Bhakra,1.70033,-0.6122539984924991,0.0,0.0,0.0,36854.29693762415,1.0122647608248403,,cwc,0.014959415598543302
2017-06-16,Bhakra,1.6988,-0.6085291431735427,0.0,0.0,0.0,38050.464830951634,1.6894903295863113,,cwc,0.006076569332625015
2017-06-17,Bhakra,1.68764,-0.6056322090166157,0.0,0.0,0.0,38140.90345458457,1.130079797084157,,cwc,0.018633084448810955
2017-06-18,Bhakra,1.66682,-0.6071905780019399,0.0,0.0,0.0,40811.01808554978,3.40206642462347,,cwc,0.028514349373764514
2017-06-19,Bhakra,1.65057,-0.6119742985489959,0.0,0.0,0.0,44320.99478356673,5.328199255135057,,cwc,0.030476986533695793
2017-06-20,Bhakra,1.64042,-0.6175173259742353,0.0,0.0,0.0,44346.40417565323,2.7844354455535347,,cwc,0.03296440968851044
2017-06-21,Bhakra,1.63153,-0.6201255433655217,0.0,0.0,0.0,47952.41939914405,7.099235350501181,,cwc,0.031766575685816534
2017-06-22,Bhakra,1.63204,-0.620975267515504,0.0,0.0,0.0,43777.91542392554,0.9707593108522902,,cwc,0.031188964348485726
2017-06-23,Bhakra,1.63204,-0.6177440633494289,0.0,0.0,0.0,38634.20122627673,0.0,,cwc,0.021485725007919898
2017-06-24,Bhakra,1.63026,-0.6048497950589089,0.0,0.0,0.0,38251.12041833847,0.7351218315791767,,cwc,0.010681239638659967
2017-06-25,Bhakra,1.62874,-0.5931245899285095,0.0,0.0,0.0,43171.82493775725,5.285747443030974,,cwc,0.009484003501989191
2017-06-26,Bhakra,1.6262,-0.5880737175687628,0.0,0.0,0.0,46177.50455663573,4.540275359456676,,cwc,0.022542878846070646
2017-06-27,Bhakra,1.62925,-0.583534966744857,0.0,0.0,0.0,49734.61650733575,7.307523503849685,,cwc,0.024306501099373268
2017-06-28,Bhakra,1.64042,-0.5806756800577402,0.0,0.0,0.0,63132.23738982513,16.365175850619814,,cwc,0.02488924421073535
2017-06-29,Bhakra,1.6587,-0.5857576203374872,0.0,0.0,0.0,60487.72626814873,5.6396556265052205,,cwc,0.050557535830367595
2017-06-30,Bhakra,1.6917,-0.5866501334350291,0.0,0.0,0.0,53521.25673902756,4.37618660573976,,cwc,0.02936753959014249
2017-07-01,Bhakra,1.72876,-0.581993374518218,0.0,0.0,0.0,53298.01784007424,5.378923514673752,,cwc,0.00826354560138376
2017-07-02,Bhakra,1.76278,-0.5768194550987,0.0,0.0,0.0,50440.12532679145,4.953846233205998,,cwc,0.010757374770389294
2017-07-03,Bhakra,1.80289,-0.571823924585254,0.0,0.0,0.0,46292.049998085946,2.307255898533611,,cwc,-0.0023246751644154795
2017-07-04,Bhakra,1.8397,-0.565757832126214,0.0,0.0,0.0,45354.144184214325,4.085962201340868,,cwc,-0.009173254824720312
2017-07-05,Bhakra,1.8826,-0.5563538999110094,0.0,0.0,0.0,46958.25439674583,5.447217212556466,,cwc,-0.01755791225296699
2017-07-06,Bhakra,1.92373,-0.5456573272472127,0.0,0.0,0.0,48930.95016416505,6.726540440996563,,cwc,-0.011863335434622035
2017-07-07,Bhakra,1.96663,-0.5319266481567466,0.0,0.0,0.0,43255.00549393153,1.0520223340575483,,cwc,-0.008806986211246981
2017-07-08,Bhakra,2.00471,-0.5163127931375875,0.0,0.0,0.0,42429.327303762,3.531368353748222,,cwc,-0.017873613639328045
2017-07-09,Bhakra,2.04032,-0.5047515683497752,0.0,0.0,0.0,45155.510975911915,4.685615847645949,,cwc,-0.01742369770788965
2017-07-10,Bhakra,2.0733,-0.4976010677078906,0.0,0.0,0.0,49866.05452186189,8.011565293429218,,cwc,-0.008123883402933796
2017-07-11,Bhakra,2.12857,-0.4848055774498802,0.0,0.0,0.0,56708.64295534821,10.723724282555851,,cwc,-0.01888918275716911
2017-07-12,Bhakra,2.18536,-0.47410501192786936,0.0,0.0,0.0,56474.41986103516,7.698437788198161,,cwc,-0.0036682732275470364
2017-07-13,Bhakra,2.24429,-0.4609551654965309,0.0,0.0,0.0,49187.32206994168,2.135532729259192,,cwc,-0.006381317722295776
2017-07-14,Bhakra,2.30047,-0.44733008651461365,0.0,0.0,0.0,44857.34017784634,2.4440010833613104,,cwc,-0.021459752976007884
2017-07-15,Bhakra,2.35635,-0.43337844162233735,0.0,0.0,0.0,50863.68697498219,8.21889428645904,,cwc,-0.03175338078587764
2017-07-16,Bhakra,2.40979,-0.42519966161121814,0.0,0.0,0.0,53223.02054190613,7.7019465932546,,cwc,-0.01461839959391975
2017-07-17,Bhakra,2.47666,-0.41068877642200785,0.0,0.0,0.0,56629.33678912894,9.803579837398956,,cwc,-0.022276111785290986
2017-07-18,Bhakra,2.54073,-0.39547875824688794,0.0,0.0,0.0,51342.346768570416,3.4487247372875216,,cwc,-0.011142301754430317
2017-07-19,Bhakra,2.61162,-0.37814235551112313,0.0,0.0,0.0,47737.00709773253,3.2695515589927617,,cwc,-0.030897322248288894
2017-07-20,Bhakra,2.68293,-0.356693167981036,0.0,0.0,0.0,44098.432348922186,2.2317202044983624,,cwc,-0.04013805812035809
2017-07-21,Bhakra,2.76866,-0.33065566443750444,0.0,0.0,0.0,52641.6499223627,10.964986745183344,,cwc,-0.06346010612144903
2017-07-22,Bhakra,2.84567,-0.31564974328402695,0.0,0.0,0.0,58481.26947212694,10.50009696801778,,cwc,-0.0338384789259667
2017-07-23,Bhakra,2.91712,-0.3077090092407533,0.0,0.0,0.0,54326.68397158501,6.011461841157897,,cwc,-0.013991408540204642
2017-07-24,Bhakra,2.98507,-0.2884057557666368,0.0,0.0,0.0,58131.56426099629,9.584233100766534,,cwc,-0.02065591582772175
2017-07-25,Bhakra,3.06417,-0.2664762383849334,0.0,0.0,0.0,57057.563813256216,6.47537385015614,,cwc,-0.022496988757907843
2017-07-26,Bhakra,3.14816,-0.24152033044372986,0.0,0.0,0.0,48828.30593221728,2.2065986251154808,,cwc,-0.030014611989257034
2017-07-27,Bhakra,3.2318,-0.17418814623486129,0.0,0.0,0.0,43915.86927814453,1.7319453404586516,,cwc,-0.04979811307902171
2017-07-28,Bhakra,3.30602,-0.14979296822109392,0.0,0.0,0.0,62138.57565704127,18.59982770667429,,cwc,-0.05239676046593411
2017-07-29,Bhakra,3.37982,-0.1340464695305575,0.0,0.0,0.0,66227.56367935073,10.098113207068156,,cwc,-0.007393532665608493
2017-07-30,Bhakra,3.45474,-0.12249199762136398,0.0,0.0,0.0,68733.97989954463,13.549079675047574,,cwc,0.0014904854358155362
2017-07-31,Bhakra,3.534,-0.27647396419493103,0.0,0.0,0.0,74468.66701486376,12.20518484877349,,cwc,0.0032826220671089423
2017-08-01,Bhakra,3.64363,-0.26330596158475605,0.0,0.0,0.0,67557.10802370176,7.517336605361778,,cwc,-0.013057032675177993
2017-08-02,Bhakra,3.64363,-0.27162903313135467,0.0,0.0,0.0,66815.15002663553,8.377764839117821,,cwc,0.07966331611542721
2017-08-03,Bhakra,3.88457,-0.23270489195430613,0.0,0.0,0.0,61170.94841820643,7.221841870845724,,cwc,-0.16309194017601936
2017-08-04,Bhakra,3.97488,-0.22043097528025607,0.0,0.0,0.0,64770.468219220464,11.26562290486076,,cwc,-0.02627090580534963
2017-08-05,Bhakra,4.07622,-0.20749657300908989,0.0,0.0,0.0,58795.022352757886,5.78005378847836,,cwc,-0.02849440868446962
2017-08-06,Bhakra,4.18621,-0.19178184804015208,0.0,0.0,0.0,49141.224873230436,2.629511381296305,,cwc,-0.05176378841510765
2017-08-07,Bhakra,4.3515,-0.16349563389158214,0.0,0.0,0.0,54459.39061652109,8.859338088071665,,cwc,-0.13068253325019974
2017-08-08,Bhakra,4.48705,-0.14293583342218277,0.0,0.0,0.0,51415.77368018806,4.710966577968285,,cwc,-0.08793123899549027
2017-08-09,Bhakra,4.56314,-0.1318580174161557,0.0,0.0,0.0,51968.36186189731,7.17132274563769,,cwc,-0.035917677761940325
2017-08-10,Bhakra,4.63485,-0.12388527741028521,0.0,0.0,0.0,48609.18917698224,3.666772410131847,,cwc,-0.030185729029811093
2017-08-11,Bhakra,4.71574,-0.11397478705409671,0.0,0.0,0.0,44168.432248330835,2.9218255634809296,,cwc,-0.04758419877399955
2017-08-12,Bhakra,4.77521,-0.1060919817906341,0.0,0.0,0.0,44546.66439044667,3.981317681912344,,cwc,-0.037028846079365074
2017-08-13,Bhakra,4.82986,-0.09951839688724379,0.0,0.0,0.0,44826.275516196176,4.805687498015649,,cwc,-0.03128347256992292
2017-08-14,Bhakra,4.88365,-0.09007296725647095,0.0,0.0,0.0,40298.73480033665,0.9593617336429532,,cwc,-0.02973938282740196
2017-08-15,Bhakra,4.92169,-0.07819715851837122,0.0,0.0,0.0,37474.904580463284,0.6830353277023165,,cwc,-0.025066353224299398
2017-08-16,Bhakra,4.94705,-0.06375995624359004,0.0,0.0,0.0,37302.7239386979,1.4808298554547032,,cwc,-0.019295067185024273
2017-08-17,Bhakra,4.97154,-0.05011805136378253,0.0,0.0,0.0,36754.23561361402,1.105163697369893,,cwc,-0.01884632013258436
2017-08-18,Bhakra,4.99777,-0.0377517544537688,0.0,0.0,0.0,43739.69011494092,8.350054852956882,,cwc,-0.021928238255752852
2017-08-19,Bhakra,5.05143,-0.02449016158096296,0.0,0.0,0.0,51027.25014125311,11.241604475103289,,cwc,-0.03226779609826291
2017-08-20,Bhakra,5.11809,-0.013521066943388059,0.0,0.0,0.0,59053.59207925214,13.00274964345672,,cwc,-0.027438229951168402
2017-08-21,Bhakra,5.1599,-0.011596564377573337,0.0,0.0,0.0,57477.31112544902,6.396400118725876,,cwc,0.017048821954551485
2017-08-22,Bhakra,5.19522,-0.017634832401134205,0.0,0.0,0.0,52915.63086490138,5.029819122964689,,cwc,0.019682331520064267
2017-08-23,Bhakra,5.22474,-0.020009193444035026,0.0,0.0,0.0,51108.159622474814,4.858718601833064,,cwc,0.014321836147995093
2017-08-24,Bhakra,5.25712,-0.04595810991314364,0.0,0.0,0.0,47368.039102777984,4.06117428159127,,cwc,0.0070397212069917
2017-08-25,Bhakra,5.30901,-0.048666402454578435,0.0,0.0,0.0,46148.53645824648,4.60300026466807,,cwc,-0.021620766193904295
2017-08-26,Bhakra,5.3552,-0.05631497099144041,0.0,0.0,0.0,41033.594044582715,1.0404705305611637,,cwc,-0.018904371541746734
2017-08-27,Bhakra,5.38805,-0.05582174586778683,0.0,0.0,0.0,43255.35200281567,5.672875760806766,,cwc,-0.01807846456790685
2017-08-28,Bhakra,5.41328,-0.042377894247357335,0.0,0.0,0.0,43669.7322986833,3.980200526253869,,cwc,-0.005022765879166613
2017-08-29,Bhakra,5.42899,-0.03386572696051423,0.0,0.0,0.0,40861.55594262238,2.5169628211720303,,cwc,0.005511046819261622
2017-08-30,Bhakra,5.44661,-0.028386693394820892,0.0,0.0,0.0,47737.54597554734,8.425655551558659,,cwc,-0.0032693687810656513
2017-08-31,Bhakra,5.46375,-0.028587299122800773,0.0,0.0,0.0,57470.477973697016,13.634740728681466,,cwc,0.014033260284925575
2017-09-01,Bhakra,5.47946,-0.03438110816824895,0.0,0.0,0.0,65078.57552664661,13.107681393761055,,cwc,0.03927561369808785
2017-09-02,Bhakra,5.51565,-0.03888390970977887,0.0,0.0,0.0,57595.62573238992,4.723876380078092,,cwc,0.03740939911928454
2017-09-03,Bhakra,5.55993,-0.03726301155261439,0.0,0.0,0.0,46756.495764614774,0.8648574518942272,,cwc,0.011011797144086621
2017-09-04,Bhakra,5.59326,-0.034906746514467187,0.0,0.0,0.0,40252.31628618864,0.0051429397747098,,cwc,-0.004556953170097522
2017-09-05,Bhakra,5.60754,-0.033170889742461754,0.0,0.0,0.0,37199.989401535335,1.1294892537638708,,cwc,-0.0014199196258752877
2017-09-06,Bhakra,5.61087,-0.03152368718434915,0.0,0.0,0.0,39523.171033248575,3.932531153943812,,cwc,0.0020623320611106166
2017-09-07,Bhakra,5.61706,-0.031500978127299156,0.0,0.0,0.0,43371.38331248503,6.745084538349075,,cwc,0.004886171429128616
2017-09-08,Bhakra,5.62516,-0.033438908980100504,0.0,0.0,0.0,38765.68579645763,0.0360841058074063,,cwc,0.012391113485589855
2017-09-09,Bhakra,5.63087,-0.03407338938321996,0.0,0.0,0.0,38564.9029824471,2.3171670704951195,,cwc,0.0035129265726823178
2017-09-10,Bhakra,5.62468,-0.036813921410053435,0.0,0.0,0.0,39776.30445617968,2.6206083098250548,,cwc,0.014921696249957428
2017-09-11,Bhakra,5.61087,-0.0414177401221689,0.0,0.0,0.0,37047.38679374538,0.5722408710611271,,cwc,0.02550548147143239
2017-09-12,Bhakra,5.6004,-0.04063626252448503,0.0,0.0,0.0,35428.28790119753,0.0,,cwc,0.015488978252705898
2017-09-13,Bhakra,5.58326,-0.039347639607264034,0.0,0.0,0.0,34915.177121318935,0.2600917951345184,,cwc,0.018197730496371634
2017-09-14,Bhakra,5.56469,-0.03971282585094533,0.0,0.0,0.0,34544.12170693146,0.0606354219110914,,cwc,0.018372366210164692
2017-09-15,Bhakra,5.54517,-0.04119046651328571,0.0,0.0,0.0,34416.16134990227,0.2793844683373599,,cwc,0.018414551107279742
2017-09-16,Bhakra,5.52517,-0.04386953380743832,0.0,0.0,0.0,43194.847699119426,10.290553136813935,,cwc,0.01858148642697266
2017-09-17,Bhakra,5.50279,-0.05030737858306253,0.0,0.0,0.0,45514.26643621541,5.79667874607968,,cwc,0.04243920577101079
2017-09-18,Bhakra,5.47946,-0.05305798409734422,0.0,0.0,0.0,41632.45278625048,0.9511791375855904,,cwc,0.049063838933077086
2017-09-19,Bhakra,5.45375,-0.044660143162625274,0.0,0.0,0.0,38990.532678708354,0.3384357214095942,,cwc,0.0419466885846953
2017-09-20,Bhakra,5.43566,-0.035983760122594244,0.0,0.0,0.0,36186.92708266679,0.3513088008962834,,cwc,0.0278630314562891
2017-09-21,Bhakra,5.42281,-0.032723472511208336,0.0,0.0,0.0,36953.58391655327,2.0379420832323847,,cwc,0.01576379856565069
2017-09-22,Bhakra,5.40424,-0.033274564773325924,0.0,0.0,0.0,48475.11644026524,13.314780700573104,,cwc,0.023359482427265377
2017-09-23,Bhakra,5.39043,-0.04104371245700816,0.0,0.0,0.0,72214.85132184453,26.887942308599023,,cwc,0.04678778214702284
2017-09-24,Bhakra,5.40424,-0.05451928459431715,0.0,0.0,0.0,67124.18870463806,4.587261325770644,,cwc,0.07724883696610796
2017-09-25,Bhakra,5.42757,-0.06412729021940573,0.0,0.0,0.0,49232.41562823011,0.075819861898629,,cwc,0.055274146296209636
2017-09-26,Bhakra,5.45137,-0.06618041840988084,0.0,0.0,0.0,43226.47794153428,0.0,,cwc,0.011030571820962898
2017-09-27,Bhakra,5.45137,-0.06936087802069606,0.0,0.0,0.0,35548.70898601636,0.040334767573479,,cwc,0.020136591548602034
2017-09-28,Bhakra,5.45661,-0.06872657807197402,0.0,0.0,0.0,34358.80690201737,0.0650159579086884,,cwc,-0.003887650222342387
2017-09-29,Bhakra,5.455051164437349,-0.06897799812891767,0.0,0.0,0.0,34621.85353610116,0.4828225633507874,,model,
2017-09-30,Bhakra,5.45661,-0.06876977972349228,0.0,0.0,0.0,34596.82479819026,0.1431210567298572,,cwc,-0.0024741076630139247
2018-06-01,Bhakra,0.34785,-0.9087216544481106,0.0,0.0,0.0,40625.75433718186,4.197755708435681,,cwc,
2018-06-02,Bhakra,0.3464,-0.9082521278552874,0.0,0.0,0.0,40791.92507848081,0.0520547326475919,,cwc,0.0152237247774622
2018-06-03,Bhakra,0.35113,-0.9072307798567153,0.0,0.0,0.0,38869.40669884784,0.0,,cwc,0.009450274049509932
2018-06-04,Bhakra,0.35297,-0.9033055894326187,0.0,0.0,0.0,39930.40089004689,0.4422098870039873,,cwc,0.007636687596031755
2018-06-05,Bhakra,0.3552,-0.900787211053404,0.0,0.0,0.0,44229.57997294932,4.717767820413881,,cwc,0.009842490038188711
2018-06-06,Bhakra,0.35954,-0.9018175162806273,0.0,0.0,0.0,42083.98827752015,0.5756474162358207,,cwc,0.018250756448352723
2018-06-07,Bhakra,0.38319,-0.8979102594921325,0.0,0.0,0.0,40741.458082784346,2.428173954874973,,cwc,-0.006308595724416832
2018-06-08,Bhakra,0.4209,-0.8910621717484597,0.0,0.0,0.0,45353.394731836,6.932340669144735,,cwc,-0.0236531972680184
2018-06-09,Bhakra,0.46032,-0.8869966303461745,0.0,0.0,0.0,43661.53479727096,2.0800827178890784,,cwc,-0.014079745844828295
2018-06-10,Bhakra,0.50498,-0.8792880413004158,0.0,0.0,0.0,40556.31184697529,0.9056059938327446,,cwc,-0.023459008987228913
2018-06-11,Bhakra,0.54891,-0.8668967048137458,0.0,0.0,0.0,39620.41484558659,1.4757584638358263,,cwc,-0.030326171520899337
2018-06-12,Bhakra,0.58554,-0.8568194594042632,0.0,0.0,0.0,37952.47682486258,0.8001044734846313,,cwc,-0.025315914237649118
2018-06-13,Bhakra,0.60174,-0.8520839580414508,0.0,0.0,0.0,36735.87367390206,0.6238450281414769,,cwc,-0.008966650610643723
2018-06-14,Bhakra,0.60626,-0.8504755144248377,0.0,0.0,0.0,39618.17610111382,4.106520514920707,,cwc,-0.0002631621284212571
2018-06-15,Bhakra,0.612,-0.8496722335220727,0.0,0.0,0.0,45443.93980628335,8.299327187570803,,cwc,0.005568608504871064
2018-06-16,Bhakra,0.624,-0.8516700396502173,0.0,0.0,0.0,43225.79529692607,1.8785851513024805,,cwc,0.013561779520084527
2018-06-17,Bhakra,0.643,-0.8516308172269056,0.0,0.0,0.0,40060.83870152795,1.495359892284453,,cwc,0.0011349214069975577
2018-06-18,Bhakra,0.654,-0.8515919875119977,0.0,0.0,0.0,37853.547385691694,0.0,,cwc,0.0013916159979731058
2018-06-19,Bhakra,0.658,-0.8521440525560539,0.0,0.0,0.0,38752.88210606792,2.953928503491708,,cwc,0.002991311042745859
2018-06-20,Bhakra,0.626,-0.8609506439400859,0.0,0.0,0.0,36856.18409980066,0.1000885806922852,,cwc,0.04119160137688149
2018-06-21,Bhakra,0.59,-0.8691496381096904,0.0,0.0,0.0,35532.144743261924,0.209872334649692,,cwc,0.0405511864174567
2018-06-22,Bhakra,0.54803,-0.8752823879962933,0.0,0.0,0.0,35636.34074109946,0.1686209561083479,,cwc,0.0432818241064048
2018-06-23,Bhakra,0.50659,-0.8748989806188368,0.0,0.0,0.0,35200.881268607576,0.0,,cwc,0.04300674748665834
2018-06-24,Bhakra,0.4661,-0.8669524828385405,0.0,0.0,0.0,35597.50194037959,0.5797102102878914,,cwc,0.04099136299018208
2018-06-25,Bhakra,0.42787,-0.863687646924319,0.0,0.0,0.0,36455.843198300616,1.2087833678476392,,cwc,0.03970172542659861
2018-06-26,Bhakra,0.39265,-0.863560469107433,0.0,0.0,0.0,41381.05533442799,6.661408333477525,,cwc,0.03879172215796378
2018-06-27,Bhakra,0.36493,-0.8592323671221872,0.0,0.0,0.0,53281.109937893496,15.171936315987976,,cwc,0.04334162572685324
2018-06-28,Bhakra,0.35139,-0.8549733061423869,0.0,0.0,0.0,66399.85408326982,16.41538091535442,,cwc,0.05827600831038732
2018-06-29,Bhakra,0.348,-0.860093898632615,0.0,0.0,0.0,57242.125458932795,2.6479641060552943,,cwc,0.0802220069247766
2018-06-30,Bhakra,0.353,-0.8642608824889878,0.0,0.0,0.0,51085.926070936286,3.389702470000177,,cwc,0.04942693201970133
2018-07-01,Bhakra,0.38,-0.8642950602265603,0.0,0.0,0.0,60690.00170900054,10.261268938451908,,cwc,0.012365325143506523
2018-07-02,Bhakra,0.405,-0.8719838961036633,0.0,0.0,0.0,66666.92354555478,11.89184413148416,,cwc,0.037862421737195506
2018-07-03,Bhakra,0.419,-0.8850834046860557,0.0,0.0,0.0,58345.6897263399,4.80447258309644,,cwc,0.06348541254016582
2018-07-04,Bhakra,0.438,-0.8910484798453828,0.0,0.0,0.0,47516.6485654876,2.040445455763172,,cwc,0.038126885369280994
2018-07-05,Bhakra,0.459,-0.8884284151449133,0.0,0.0,0.0,39987.08631296392,0.0283756138900527,,cwc,0.009632818083398331
2018-07-06,Bhakra,0.48163,-0.8789643804273684,0.0,0.0,0.0,36297.32518189909,0.0,,cwc,-0.01041882479231343
2018-07-07,Bhakra,0.48236,-0.8743931128783843,0.0,0.0,0.0,36795.791987959674,1.516636222916998,,cwc,0.0024538958555068713
2018-07-08,Bhakra,0.47112,-0.8707113150966017,0.0,0.0,0.0,39583.160798745535,3.098085852026807,,cwc,0.015643432553482606
2018-07-09,Bhakra,0.46098,-0.8669664405728498,0.0,0.0,0.0,43763.29260564316,5.179329405731712,,cwc,0.021362940922376672
2018-07-10,Bhakra,0.46879,-0.8631535018462454,0.0,0.0,0.0,48184.30132931023,6.316564466778271,,cwc,0.013639949178303135
2018-07-11,Bhakra,0.49141,-0.84958953788588,0.0,0.0,0.0,44426.04700754751,1.0739781926555756,,cwc,0.009646281008284796
2018-07-12,Bhakra,0.53032,-0.829045067381971,0.0,0.0,0.0,48177.33563379551,7.072186989491932,,cwc,-0.01583857210929296
2018-07-13,Bhakra,0.566,-0.8146127147851081,0.0,0.0,0.0,50631.37792847297,6.361568604384886,,cwc,-0.003430761092019119
2018-07-14,Bhakra,0.613,-0.8036464906839617,0.0,0.0,0.0,47600.20008684243,4.136075770921009,,cwc,-0.008746761226118949
2018-07-15,Bhakra,0.641,-0.7986595340894057,0.0,0.0,0.0,63943.79305585946,18.750469853250344,,cwc,0.0028372331923385286
2018-07-16,Bhakra,0.673,-0.8016487551587654,0.0,0.0,0.0,66395.76501655154,9.805129262695864,,cwc,0.038823068076738965
2018-07-17,Bhakra,0.717,-0.8007632087630184,0.0,0.0,0.0,60199.621951256355,6.659108707826909,,cwc,0.0328220027141396
2018-07-18,Bhakra,0.75,-0.8007417843650636,0.0,0.0,0.0,51637.00657514498,1.8996530732561905,,cwc,0.028662670613866403
2018-07-19,Bhakra,0.79,-0.7908954625007399,0.0,0.0,0.0,45349.049922620594,2.738242955009281,,cwc,0.0007135852287323274
2018-07-20,Bhakra,0.82989,-0.7798846615151069,0.0,0.0,0.0,45353.67983597468,3.619657226606343,,cwc,-0.014560375748804866
2018-07-21,Bhakra,0.87045,-0.7670456017957888,0.0,0.0,0.0,50043.94225978207,8.759545280583561,,cwc,-0.015219048316014616
2018-07-22,Bhakra,0.90762,-0.7486031212665627,0.0,0.0,0.0,46750.876909422754,3.1305687067269306,,cwc,-0.0003539669677211643
2018-07-23,Bhakra,0.94657,-0.7226969172852566,0.0,0.0,0.0,53439.24567569398,11.08216194891397,,cwc,-0.010190700123804297
2018-07-24,Bhakra,0.98607,-0.7053156155994238,0.0,0.0,0.0,49342.9585098387,2.205262354482432,,cwc,0.005622899339367438
2018-07-25,Bhakra,1.05738,-0.6870020409111613,0.0,0.0,0.0,52444.11777330193,9.00331559936818,,cwc,-0.036208976668159476
2018-07-26,Bhakra,1.16618,-0.6667609002316202,0.0,0.0,0.0,68849.85538017098,16.943834811284503,,cwc,-0.06611175625131827
2018-07-27,Bhakra,1.285,-0.545925327722766,0.0,0.0,0.0,78588.56171387418,17.625491349528932,,cwc,-0.035993879815662044
2018-07-28,Bhakra,1.405,-0.5412074931427023,0.0,0.0,0.0,69336.53186883031,6.440026767814152,,cwc,-0.013347399054342901
2018-07-29,Bhakra,1.543,-0.5289127240967714,0.0,0.0,0.0,53957.03649194941,2.382510688817414,,cwc,-0.053983189019914724
2018-07-30,Bhakra,1.611,-0.5219165300896392,0.0,0.0,0.0,45288.19049004442,0.8631536009785646,,cwc,-0.02161028631187234
2018-07-31,Bhakra,1.68,-0.6765100049342089,0.0,0.0,0.0,41521.71397155895,2.443764099839499,,cwc,-0.0438192729482616
2018-08-01,Bhakra,1.722,-0.6634200395694371,0.0,0.0,0.0,39979.23885150417,2.415998753601293,,cwc,-0.026034242291272047
2018-08-02,Bhakra,1.76,-0.6440074240877542,0.0,0.0,0.0,40134.94415435172,3.366073722306093,,cwc,-0.025808024199615476
2018-08-03,Bhakra,1.79629,-0.6278077623619385,0.0,0.0,0.0,41643.07907824574,4.163330490788668,,cwc,-0.023717079413356323
2018-08-04,Bhakra,1.84681,-0.6119823638649677,0.0,0.0,0.0,44165.25354383869,5.651300347090504,,cwc,-0.034257313389169264
2018-08-05,Bhakra,1.89022,-0.6009680645017733,0.0,0.0,0.0,53318.12057902705,11.09453017905738,,cwc,-0.020976623020041663
2018-08-06,Bhakra,1.9415,-0.5960611396847688,0.0,0.0,0.0,67400.2731287243,16.8361225208154,,cwc,-0.006453442360090378
2018-08-07,Bhakra,2.00395,-0.5921565918080876,0.0,0.0,0.0,61145.834607996694,4.872309997976829,,cwc,0.016829607696686733
2018-08-08,Bhakra,2.13284,-0.5588843741627919,0.0,0.0,0.0,56009.57033281969,5.793512978662813,,cwc,-0.06491234863926332
2018-08-09,Bhakra,2.22922,-0.5312232491738695,0.0,0.0,0.0,50792.662209303104,3.423892663031989,,cwc,-0.04496860721038809
2018-08-10,Bhakra,2.358,-0.504514119507821,0.0,0.0,0.0,43215.42411903986,1.7467291570196437,,cwc,-0.09013216704875804
2018-08-11,Bhakra,2.456,-0.48207155782683636,0.0,0.0,0.0,50514.12160388547,8.49531242582719,,cwc,-0.07789045246319715
2018-08-12,Bhakra,2.552,-0.4659088869461924,0.0,0.0,0.0,82083.16440230767,32.567400299178004,,cwc,-0.05803363768241576
2018-08-13,Bhakra,2.5539549999999998,-0.47802245606884197,0.0,0.0,0.0,77819.58539628064,6.669236822260461,,cwc_level,0.11324741042458797
2018-08-14,Bhakra,2.984,-0.41188263084362514,0.0,0.0,0.0,57253.263228526914,2.8735417952482423,,cwc,-0.3252737577080733
2018-08-15,Bhakra,3.082,-0.39825321284695486,0.0,0.0,0.0,52816.53609227317,2.4685587850428306,,cwc,-0.04354581858557749
2018-08-16,Bhakra,3.17,-0.38528925806798053,0.0,0.0,0.0,47037.623892711585,4.261246961704567,,cwc,-0.04440060669940893
2018-08-17,Bhakra,3.29766,-0.3640029611876486,0.0,0.0,0.0,54481.23408018401,8.869075762500845,,cwc,-0.09819915196673001
2018-08-18,Bhakra,3.37351,-0.3512093682334597,0.0,0.0,0.0,48388.331906852225,4.530962982371116,,cwc,-0.028177797311462083
2018-08-19,Bhakra,3.2122354545454552,-0.3792640250132363,0.0,0.0,0.0,47354.1434219464,5.134533161653167,,cwc_level,0.19404000268438804
2018-08-20,Bhakra,3.44843,-0.32578112578932883,0.0,0.0,0.0,45532.33766357992,3.1652041105802584,,cwc,-0.20595930848136046
2018-08-21,Bhakra,3.52296,-0.3097544295401273,0.0,0.0,0.0,41957.2816334689,1.859337388269192,,cwc,-0.04875194844397468
2018-08-22,Bhakra,3.59355,-0.2972074442260629,0.0,0.0,0.0,47324.94942161215,7.146996040279286,,cwc,-0.05355859310121147
2018-08-23,Bhakra,3.66374,-0.28832513055088205,0.0,0.0,0.0,48619.11878195435,6.051217421005248,,cwc,-0.040026188354110204
2018-08-24,Bhakra,3.749,-0.3048707204083086,0.0,0.0,0.0,48194.162454428064,5.839646511652234,,cwc,-0.05192990524529817
2018-08-25,Bhakra,3.836,-0.30145690215965665,0.0,0.0,0.0,45399.171939645516,3.271878249764081,,cwc,-0.054709593004150125
2018-08-26,Bhakra,3.906,-0.307423139473487,0.0,0.0,0.0,43435.76650339255,3.4094192947946325,,cwc,-0.044547748447658186
2018-08-27,Bhakra,3.96,-0.3117864871235461,0.0,0.0,0.0,39929.407018479425,0.8919310541638247,,cwc,-0.03335136817399231
2018-08-28,Bhakra,4.004,-0.30184311560449095,0.0,0.0,0.0,42044.1093700681,5.128418227323285,,cwc,-0.031929941543682894
2018-08-29,Bhakra,4.043,-0.2923836143038411,0.0,0.0,0.0,41971.03526807932,3.2645124396860563,,cwc,-0.02175616248417267
2018-08-30,Bhakra,4.089,-0.282538157746509,0.0,0.0,0.0,41277.58257679903,3.315514231158213,,cwc,-0.028934943795110968
2018-08-31,Bhakra,4.135,-0.2730282544451681,0.0,0.0,0.0,39618.97452283794,1.3153872979497123,,cwc,-0.03063152819159143
2018-09-01,Bhakra,4.18053,-0.26352979266077636,0.0,0.0,0.0,45713.28769665426,8.633640632216323,,cwc,-0.03421943809606365
2018-09-02,Bhakra,4.2177,-0.25721280061600466,0.0,0.0,0.0,48715.04062023429,6.584498313950246,,cwc,-0.01094924051808821
2018-09-03,Bhakra,4.25224,-0.2531748067635359,0.0,0.0,0.0,46703.395154307604,4.987962511897064,,cwc,-0.0009752252214783041
2018-09-04,Bhakra,4.29816,-0.24740644091168412,0.0,0.0,0.0,45207.850591864175,3.4024697685900387,,cwc,-0.01727686782472926
2018-09-05,Bhakra,4.33532,-0.24237235184995817,0.0,0.0,0.0,43713.99848191199,3.646485640375509,,cwc,-0.012175830578481595
2018-09-06,Bhakra,4.37555,-0.23629771348243817,0.0,0.0,0.0,45620.486112587496,5.315853133846503,,cwc,-0.01890065261935625
2018-09-07,Bhakra,4.406,-0.23280222977651846,0.0,0.0,0.0,44249.59304932572,4.0353497064229575,,cwc,-0.004456286604255233
2018-09-08,Bhakra,4.441,-0.2287017692937268,0.0,0.0,0.0,41722.753967100405,2.5287351168868404,,cwc,-0.012360280048393513
2018-09-09,Bhakra,4.472,-0.22335995877607254,0.0,0.0,0.0,42052.54100439906,3.650603016440677,,cwc,-0.014542382754503258
2018-09-10,Bhakra,4.498,-0.2205915349276493,0.0,0.0,0.0,41791.15745596967,3.580454251920864,,cwc,-0.008735533853808874
2018-09-11,Bhakra,4.524,-0.21873191795426897,0.0,0.0,0.0,41529.970329089825,3.508818722732653,,cwc,-0.009375028451405143
2018-09-12,Bhakra,4.546,-0.2175208451649367,0.0,0.0,0.0,39745.44508612769,2.038384918015722,,cwc,-0.006014042488842186
2018-09-13,Bhakra,4.57,-0.21567404452950156,0.0,0.0,0.0,41820.8132717272,4.7271531545624725,,cwc,-0.01238001830868729
2018-09-14,Bhakra,4.59724,-0.2142106062833932,0.0,0.0,0.0,38042.961871313826,0.1266425316571282,,cwc,-0.010542473257789453
2018-09-15,Bhakra,4.62173,-0.21162156437795215,0.0,0.0,0.0,35609.205997734025,5.770514471684444e-05,,cwc,-0.017035272108758548
2018-09-16,Bhakra,4.63379,-0.20993547216052258,0.0,0.0,0.0,35432.70540752334,0.3517226641304619,,cwc,-0.010559639712893976
2018-09-17,Bhakra,4.63379,-0.20619301114540062,0.0,0.0,0.0,34350.327149601675,0.0042051124946758,,cwc,0.0010685382593216275
2018-09-18,Bhakra,4.63529,-0.1918305631538083,0.0,0.0,0.0,34185.02259439639,0.0,,cwc,-0.003079581917543983
2018-09-19,Bhakra,4.63379,-0.1671133971686868,0.0,0.0,0.0,34221.78516224696,0.0,,cwc,-0.0004840119998767989
2018-09-20,Bhakra,4.62916,-0.13606230068057276,0.0,0.0,0.0,34710.22841489068,0.6841011249824955,,cwc,0.0027359303996190576
2018-09-21,Bhakra,4.622,-0.1184900014004728,0.0,0.0,0.0,44378.52102629436,11.479411108402411,,cwc,0.006460943716924739
2018-09-22,Bhakra,4.622,-0.11478896143248686,0.0,0.0,0.0,68068.59469458589,26.778974989785624,,cwc,0.02295515198719489
2018-09-23,Bhakra,4.695,-0.11236067166846765,0.0,0.0,0.0,93880.96021436132,24.20403914135425,,cwc,0.007914706896285928
2018-09-24,Bhakra,4.779,-0.11978205738795879,0.0,0.0,0.0,110337.41326205737,21.467784192521737,,cwc,0.06006660914973683
2018-09-25,Bhakra,4.937,-0.12253371114602297,0.0,0.0,0.0,79640.82587636464,0.6803567810315997,,cwc,0.026328564742700955
2018-09-26,Bhakra,5.016,-0.12728879320036204,0.0,0.0,0.0,53225.325580175726,0.0267739362831189,,cwc,0.030227044713064366
2018-09-27,Bhakra,5.074,-0.12484622790454268,0.0,0.0,0.0,44035.44915666791,1.0121492068311877,,cwc,-0.013400472335028724
2018-09-28,Bhakra,5.124,-0.12028116603526592,0.0,0.0,0.0,41807.49964650938,4.178918135929897,,cwc,-0.027884199259398557
2018-09-29,Bhakra,5.171,-0.11543438803053384,0.0,0.0,0.0,39179.9182772916,1.6088826127801013,,cwc,-0.030335046047670566
2018-09-30,Bhakra,5.213,-0.11020030652916851,0.0,0.0,0.0,35984.45416694294,0.1233024635258182,,cwc,-0.03176362236953789
2019-06-01,Bhakra,2.816,-0.36334934262375024,0.0,0.0,0.0,38107.42257484116,0.917422880122722,,cwc,
2019-06-02,Bhakra,2.811,-0.36196095174826387,0.0,0.0,0.0,39042.41744336622,0.6185046634836071,,cwc,0.012612435872140448
2019-06-03,Bhakra,2.794,-0.3649551027181675,0.0,0.0,0.0,42121.01798547026,3.742715686430164,,cwc,0.02689997145268741
2019-06-04,Bhakra,2.788,-0.36804498177069844,0.0,0.0,0.0,40803.78059569483,0.0715455779105578,,cwc,0.023432000253512886
2019-06-05,Bhakra,2.784,-0.37054227638407927,0.0,0.0,0.0,40944.043408248486,0.210726008407766,,cwc,0.018209279468005768
2019-06-06,Bhakra,2.778,-0.3738576090324033,0.0,0.0,0.0,42710.583771439626,3.066729253930781,,cwc,0.020552443035148915
2019-06-07,Bhakra,2.771,-0.3770896690834,0.0,0.0,0.0,40471.20984638752,0.0091133117618183,,cwc,0.025874417487957935
2019-06-08,Bhakra,2.762,-0.377166733042615,0.0,0.0,0.0,38877.25611928066,1.4701729377560944,,cwc,0.02239562000558548
2019-06-09,Bhakra,2.745,-0.3799203719305947,0.0,0.0,0.0,37834.97464181864,0.0,,cwc,0.02649589179610956
2019-06-10,Bhakra,2.726,-0.38409676716696195,0.0,0.0,0.0,37284.65949860532,0.0,,cwc,0.025945871421772626
2019-06-11,Bhakra,2.714,-0.38626824182035535,0.0,0.0,0.0,39613.446850230044,2.8392634547821785,,cwc,0.01759948385004151
2019-06-12,Bhakra,2.703,-0.3893609429288345,0.0,0.0,0.0,44007.754121947015,5.387373089575131,,cwc,0.022297038035310024
2019-06-13,Bhakra,2.691,-0.3937806996641588,0.0,0.0,0.0,40749.430774036846,0.0420207027799012,,cwc,0.03404804274591999
2019-06-14,Bhakra,2.683,-0.39653695026208274,0.0,0.0,0.0,37901.77758352365,0.2444691305033584,,cwc,0.022076308523432342
2019-06-15,Bhakra,2.668,-0.3995982605654134,0.0,0.0,0.0,38186.37678969566,0.0,,cwc,0.022109309865318227
2019-06-16,Bhakra,2.647,-0.4030805269871071,0.0,0.0,0.0,38408.15538736219,0.8834894283337354,,cwc,0.02880560332342208
2019-06-17,Bhakra,2.635,-0.405705438085076,0.0,0.0,0.0,40764.77995285131,3.490333612717362,,cwc,0.02034820141699889
2019-06-18,Bhakra,2.623,-0.40963183175081413,0.0,0.0,0.0,38938.17964392356,0.0,,cwc,0.02611386144896377
2019-06-19,Bhakra,2.609,-0.41220988071050974,0.0,0.0,0.0,38389.29311290692,1.9788733938229668,,cwc,0.023644945801649886
2019-06-20,Bhakra,2.588,-0.4111291347471502,0.0,0.0,0.0,40350.27022629395,3.620924774887444,,cwc,0.029302053437582742
2019-06-21,Bhakra,2.561,-0.410313228305273,0.0,0.0,0.0,38473.96593228701,0.5856771985091979,,cwc,0.04009973208857698
2019-06-22,Bhakra,2.544,-0.4099314120639354,0.0,0.0,0.0,38431.31696908184,0.2074777503182719,,cwc,0.025509211886850736
2019-06-23,Bhakra,2.529,-0.41075957726535833,0.0,0.0,0.0,39907.849332702644,2.052371343793828,,cwc,0.023404867976430488
2019-06-24,Bhakra,2.516,-0.41418690485822357,0.0,0.0,0.0,48965.066276274476,10.301348087064795,,cwc,0.025017315949475982
2019-06-25,Bhakra,2.516,-0.42019887495909863,0.0,0.0,0.0,52890.22109347882,7.478739859300318,,cwc,0.03417648143434926
2019-06-26,Bhakra,2.514,-0.42871913121902716,0.0,0.0,0.0,46126.32902635042,0.5099700175551667,,cwc,0.04577966922261467
2019-06-27,Bhakra,2.519,-0.4317488778395192,0.0,0.0,0.0,43035.61904745747,0.6400525744977027,,cwc,0.022231296298446335
2019-06-28,Bhakra,2.523,-0.43354398039101644,0.0,0.0,0.0,38903.14554735383,0.0023919056203442,,cwc,0.015669640845703547
2019-06-29,Bhakra,2.527,-0.4317446762615357,0.0,0.0,0.0,37882.04367148139,0.717329002242642,,cwc,0.005559232237721368
2019-06-30,Bhakra,2.531,-0.4254718072746969,0.0,0.0,0.0,38000.6605642398,0.5854382311020918,,cwc,0.0030610293586978976
2019-07-01,Bhakra,2.533,-0.4189256379992311,0.0,0.0,0.0,38497.340601875665,0.8199468246709116,,cwc,0.005351234547810169
2019-07-02,Bhakra,2.537,-0.41449593253336925,0.0,0.0,0.0,38091.422439965565,0.2552674174867803,,cwc,0.004566399781851693
2019-07-03,Bhakra,2.552,-0.4051565768936803,0.0,0.0,0.0,40585.21118462917,3.5863549600155284,,cwc,-0.0074267096665714405
2019-07-04,Bhakra,2.573,-0.3956203495268453,0.0,0.0,0.0,47811.0931769716,9.13096839103823,,cwc,-0.007325467108112438
2019-07-05,Bhakra,2.636,-0.3815923057434877,0.0,0.0,0.0,49251.00627611924,4.519543315695171,,cwc,-0.03164680093062655
2019-07-06,Bhakra,2.662,-0.3770677031599283,0.0,0.0,0.0,45028.53173073426,1.064001075947412,,cwc,0.008876055245464087
2019-07-07,Bhakra,2.685,-0.3724884686560507,0.0,0.0,0.0,49177.43725243238,6.915561703727524,,cwc,0.0015454522810225413
2019-07-08,Bhakra,2.727,-0.3578440567935268,0.0,0.0,0.0,49581.75016498014,4.860296951094779,,cwc,-0.007303936928798382
2019-07-09,Bhakra,2.776,-0.34176186753885496,0.0,0.0,0.0,47921.410761939376,3.398877931432687,,cwc,-0.013314754844209187
2019-07-10,Bhakra,2.841,-0.32637851609934887,0.0,0.0,0.0,46964.9790347809,2.899064525363509,,cwc,-0.03337690062500043
2019-07-11,Bhakra,2.891,-0.3126380790598936,0.0,0.0,0.0,44069.42173776381,2.058911106797729,,cwc,-0.020716883099652694
2019-07-12,Bhakra,2.944,-0.2977551576976019,0.0,0.0,0.0,59007.450791246876,15.607065364679034,,cwc,-0.030801082773270316
2019-07-13,Bhakra,3.008,-0.2912834202870998,0.0,0.0,0.0,59201.15375771446,7.088437770436553,,cwc,-0.005254066192321272
2019-07-14,Bhakra,3.087,-0.2801383077240016,0.0,0.0,0.0,49712.75889255279,2.3568619147086496,,cwc,-0.01978015725146154
2019-07-15,Bhakra,3.156,-0.267942104375067,0.0,0.0,0.0,51858.6450964579,5.751824556165226,,cwc,-0.03299423209507646
2019-07-16,Bhakra,3.215,-0.26080906955775013,0.0,0.0,0.0,49843.04552896361,4.708940971043792,,cwc,-0.01774415938507179
2019-07-17,Bhakra,3.27,-0.2541160680608277,0.0,0.0,0.0,44779.03865901532,1.2965160468845185,,cwc,-0.018675475996522195
2019-07-18,Bhakra,3.316,-0.24753085289395635,0.0,0.0,0.0,47457.05577339626,5.986068551769371,,cwc,-0.022064951367028574
2019-07-19,Bhakra,3.356,-0.24391219127323466,0.0,0.0,0.0,43993.684716345866,1.7333780553449818,,cwc,-0.00951298018442337
2019-07-20,Bhakra,3.405,-0.23317045629105615,0.0,0.0,0.0,40893.00270613168,1.4357409783934694,,cwc,-0.026986379117764248
2019-07-21,Bhakra,3.445,-0.22027986334297558,0.0,0.0,0.0,39701.14322733293,0.8342588560867646,,cwc,-0.025572431898477355
2019-07-22,Bhakra,3.489,-0.2013276360945876,0.0,0.0,0.0,38117.04416856797,0.3165519557508716,,cwc,-0.03248840615303683
2019-07-23,Bhakra,3.537,-0.1826796110380291,0.0,0.0,0.0,37778.64907952156,0.6598765547421109,,cwc,-0.04036402417193807
2019-07-24,Bhakra,3.6,-0.16238602408019692,0.0,0.0,0.0,43768.00018841705,6.639155877906987,,cwc,-0.05619193332153305
2019-07-25,Bhakra,3.663,-0.14583852340391731,0.0,0.0,0.0,48307.333129537335,6.355370837786239,,cwc,-0.04153853336480351
2019-07-26,Bhakra,3.758,-0.12056762099835501,0.0,0.0,0.0,56655.11356728171,11.456467468011056,,cwc,-0.06243271239795467
2019-07-27,Bhakra,3.828,-0.0892041435966344,0.0,0.0,0.0,52875.28173408452,3.648739275437352,,cwc,-0.017009236919358184
2019-07-28,Bhakra,3.913,-0.07388133996485798,0.0,0.0,0.0,49439.449362981075,4.557804531100654,,cwc,-0.0412568810487457
2019-07-29,Bhakra,3.987,-0.05921632969551941,0.0,0.0,0.0,48522.91800052038,3.270158878578278,,cwc,-0.038662904506492346
2019-07-30,Bhakra,4.061,-0.046821552366190934,0.0,0.0,0.0,56064.271591462355,10.47443779753995,,cwc,-0.04090526772461711
2019-07-31,Bhakra,4.163,-0.20011694372807623,0.0,0.0,0.0,52933.393507420216,3.300393799097391,,cwc,-0.05045477644868246
2019-08-01,Bhakra,4.276,-0.18145154534390173,0.0,0.0,0.0,52036.54826564656,6.147947510037184,,cwc,-0.06911470620519378
2019-08-02,Bhakra,4.378,-0.16483188294600515,0.0,0.0,0.0,51641.3423977399,4.925417025141105,,cwc,-0.06030890584185933
2019-08-03,Bhakra,4.501,-0.14377204436984597,0.0,0.0,0.0,45701.6240647599,2.3436070939889904,,cwc,-0.0822758068537377
2019-08-04,Bhakra,4.572,-0.12401690541123593,0.0,0.0,0.0,44325.27317493959,2.745564013264791,,cwc,-0.04480777647465395
2019-08-05,Bhakra,4.626,-0.10983130887612108,0.0,0.0,0.0,48046.01969730703,7.112635528719671,,cwc,-0.031175122903782437
2019-08-06,Bhakra,4.681,-0.098483622192537,0.0,0.0,0.0,47118.7965780644,3.5897148427092893,,cwc,-0.023072035450972805
2019-08-07,Bhakra,4.736,-0.08608143756725799,0.0,0.0,0.0,47964.634644628946,5.851232555322078,,cwc,-0.02534055685977865
2019-08-08,Bhakra,4.794,-0.07625604598317186,0.0,0.0,0.0,60392.29552140314,15.64099728041768,,cwc,-0.026271150130628307
2019-08-09,Bhakra,4.865,-0.06358510686071317,0.0,0.0,0.0,53641.09206124592,3.4596722113192366,,cwc,-0.008865938941139184
2019-08-10,Bhakra,4.986,-0.04231801168823346,0.0,0.0,0.0,50673.85771462771,5.252550465808573,,cwc,-0.0753832682297837
2019-08-11,Bhakra,5.044,-0.03355654734311642,0.0,0.0,0.0,52079.849054487364,5.9890542198299554,,cwc,-0.019642831220131995
2019-08-12,Bhakra,5.109,-0.018335318579058853,0.0,0.0,0.0,45997.99217103148,2.604530980099012,,cwc,-0.023202967190778523
2019-08-13,Bhakra,5.169,0.019708071982803523,0.10668704667173312,43606.68398972399,0.0,59408.249337240915,13.776348791723098,5.0,cwc,-0.03308268951336846
2019-08-14,Bhakra,5.235,0.05934376111608697,0.3212496188055578,83791.84265424288,0.0,51240.4357412539,2.335366762283784,4.0,cwc,-0.006273482271001107
2019-08-15,Bhakra,5.306,0.08450965940613012,0.45748188788538524,84122.57488526145,0.0,46353.13722983427,3.647477009128622,3.0,cwc,-0.03125665527554311
2019-08-16,Bhakra,5.364,0.10172722056127514,0.5506868828810987,84456.64784588625,4016.6847237954216,59191.05929185928,13.334896912087672,1.0,cwc,-0.0302138002973793
2019-08-17,Bhakra,5.395,0.10083293554956219,0.545845788995015,84794.0952808609,63146.286848043856,105649.88979149977,41.83746678075397,1.0,cwc,0.028195145875232086
2019-08-18,Bhakra,5.509,0.09119742227551929,0.49027162125304624,124223.04602853987,124223.04602853987,120130.90815892023,17.242971157062186,1.0,cwc,0.05886018445044794
2019-08-19,Bhakra,5.696,0.08771827958591079,0.4714593867101664,158428.62128400945,158428.62128400945,77903.11909820522,2.7725591411757904,1.0,cwc,0.021289089862823296
2019-08-20,Bhakra,5.696,0.06842650560436792,0.3681432934899336,141268.1378555149,141268.1378555149,60742.63566971046,0.8135892264651545,1.0,cwc,0.10497561380428433
2019-08-21,Bhakra,5.63,0.04861158074793963,0.23998602873333397,98090.58590892676,98090.58590892676,44541.565246481696,1.1783637721898013,1.0,cwc,0.12899119469833398
2019-08-22,Bhakra,5.562,0.028983832444579433,0.12708798784079267,51945.253876182716,51945.253876182716,38892.759167238895,1.2114015881750486,1.0,cwc,0.09135405198914803
2019-08-23,Bhakra,5.538,0.02133278946908322,0.0767353885718558,31364.40593934041,31364.40593934041,36708.52775960991,1.003332748140927,1.0,cwc,0.0335338211741254
2019-08-24,Bhakra,5.505,-0.011623506724729933,0.0,0.0,0.0,39447.764364500035,3.955429953451211,,cwc,0.037189934026400806
2019-08-25,Bhakra,5.471,-0.025713820591349214,0.0,0.0,0.0,43139.66249888584,6.0920459458689455,,cwc,0.044891683317397124
2019-08-26,Bhakra,5.459,-0.044278304726401235,0.0,0.0,0.0,40567.5563660482,0.575741888959068,,cwc,0.03192419100964283
2019-08-27,Bhakra,5.447,-0.05691920487276066,0.0,0.0,0.0,39832.052521211655,1.3915918361593975,,cwc,0.025631339044485557
2019-08-28,Bhakra,5.442,-0.05651934193871648,0.0,0.0,0.0,39243.031592847765,0.9669685860095468,,cwc,0.016831873324052005
2019-08-29,Bhakra,5.439,-0.05614054138602585,0.0,0.0,0.0,40840.40583856354,4.156714892073263,,cwc,0.01339078912490077
2019-08-30,Bhakra,5.445,-0.05434455122602709,0.0,0.0,0.0,42420.00790701349,4.174779299676546,,cwc,0.008298885891557362
2019-08-31,Bhakra,5.459,-0.05023784798097125,0.0,0.0,0.0,43940.94536827461,5.108251128962391,,cwc,0.00416350168392654
2019-09-01,Bhakra,5.461,-0.04953756448608995,0.0,0.0,0.0,42831.54028521787,2.1109826521287154,,cwc,0.019884590082956066
2019-09-02,Bhakra,5.459,-0.04981898325294574,0.0,0.0,0.0,41374.70362183006,2.4883960996728183,,cwc,0.021170346736642642
2019-09-03,Bhakra,5.453,-0.050015093287205104,0.0,0.0,0.0,42681.05499081257,3.843349350474493,,cwc,0.021606085782138074
2019-09-04,Bhakra,5.439,-0.05399411261327182,0.0,0.0,0.0,46514.208309764115,7.015038026108782,,cwc,0.032802173095386244
2019-09-05,Bhakra,5.43,-0.05973059820556693,0.0,0.0,0.0,44797.40336117515,2.982398784274376,,cwc,0.03718027226787246
2019-09-06,Bhakra,5.43,-0.06351572109709029,0.0,0.0,0.0,42976.31827339561,2.789041782429643,,cwc,0.023979979264177054
2019-09-07,Bhakra,5.42,-0.06754264619109149,0.0,0.0,0.0,43358.33815862112,4.212487985853899,,cwc,0.029524557022051923
2019-09-08,Bhakra,5.42,-0.06858900457271251,0.0,0.0,0.0,38892.06466029648,0.0366281792875469,,cwc,0.020459197531157436
2019-09-09,Bhakra,5.42,-0.06870238141151723,0.0,0.0,0.0,36480.57440892189,0.3797012337396545,,cwc,0.009532122010424082
2019-09-10,Bhakra,5.43,-0.06650305956272977,0.0,0.0,0.0,35749.610653345495,0.1675592625916136,,cwc,-0.006367771066917882
2019-09-11,Bhakra,5.42,-0.06736637537742769,0.0,0.0,0.0,37437.87781001933,2.198747174801118,,cwc,0.011843870884005625
2019-09-12,Bhakra,5.418,-0.06832558962806018,0.0,0.0,0.0,40857.16871014467,4.817231682347102,,cwc,0.007974344023876867
2019-09-13,Bhakra,5.413,-0.07149683661449341,0.0,0.0,0.0,38621.053608668175,0.9419531465514211,,cwc,0.019339897523241056
2019-09-14,Bhakra,5.43,-0.06981302460546727,0.0,0.0,0.0,37650.39176844017,1.514607860167124,,cwc,-0.008130927001062993
2019-09-15,Bhakra,5.441,-0.06879329403192284,0.0,0.0,0.0,37773.32386054199,1.79265614297896,,cwc,-0.004505724522362975
2019-09-16,Bhakra,5.454,-0.06732786376487032,0.0,0.0,0.0,35962.48302936836,0.4141962376886747,,cwc,-0.006204961872063208
2019-09-17,Bhakra,5.466,-0.06528361556574584,0.0,0.0,0.0,35320.43104017298,0.4266581622812564,,cwc,-0.009635320766493649
2019-09-18,Bhakra,5.462,-0.06518897066802155,0.0,0.0,0.0,35697.47674652046,1.1361913127483434,,cwc,0.004793850537770261
2019-09-19,Bhakra,5.455,-0.06632189735184196,0.0,0.0,0.0,35591.831011715214,0.7810221009772973,,cwc,0.008716321342473243
2019-09-20,Bhakra,5.442,-0.06888127218276,0.0,0.0,0.0,35962.67507916211,1.2909371206438047,,cwc,0.01445785107120745
2019-09-21,Bhakra,5.433,-0.06987344530908791,0.0,0.0,0.0,35944.14996172012,0.9790547421546776,,cwc,0.011365149097835925
2019-09-22,Bhakra,5.422,-0.0700825966804319,0.0,0.0,0.0,37181.60435080088,2.1654273037310774,,cwc,0.013319825998522994
2019-09-23,Bhakra,5.409,-0.07113498050432808,0.0,0.0,0.0,35850.52018306829,0.0702458870640637,,cwc,0.018347351645580545
2019-09-24,Bhakra,5.387,-0.07088108799722913,0.0,0.0,0.0,34787.56240959931,0.0,,cwc,0.02409075367173852
2019-09-25,Bhakra,5.367,-0.06753098432291585,0.0,0.0,0.0,37269.63881898655,2.787660701789013,,cwc,0.019490147177218198
2019-09-26,Bhakra,5.354,-0.0645034891226157,0.0,0.0,0.0,39940.28389769683,4.6870199583766725,,cwc,0.018562734622608268
2019-09-27,Bhakra,5.345,-0.06309863245473817,0.0,0.0,0.0,39979.5813388168,2.717301821538634,,cwc,0.02109666956302192
2019-09-28,Bhakra,5.358,-0.060743170601713546,0.0,0.0,0.0,45449.574268721764,8.546203228686897,,cwc,-0.0008071862785312689
2019-09-29,Bhakra,5.355,-0.06324882145014635,0.0,0.0,0.0,50970.19552054277,8.735213624882176,,cwc,0.028575564658098074
2019-09-30,Bhakra,5.361,-0.06630949726147281,0.0,0.0,0.0,49819.98072139342,5.411185928314211,,cwc,0.03308218160904186
2020-06-01,Bhakra,1.359,-0.6859382732671323,0.0,0.0,0.0,42886.754451893874,1.0834445555294516,,cwc,
2020-06-02,Bhakra,1.3783054323665997,-0.6833788900865656,0.0,0.0,0.0,40620.810502067354,0.7057688484771873,,model,
2020-06-03,Bhakra,1.36451,-0.6876402589988085,0.0,0.0,0.0,38848.193651495465,2.011105322026611,,cwc,0.027557061677969674
2020-06-04,Bhakra,1.359,-0.6893486865479349,0.0,0.0,0.0,39128.70687049871,2.3915287423166465,,cwc,0.01493478827313277
2020-06-05,Bhakra,1.3691110850549495,-0.6873299299488503,0.0,0.0,0.0,40370.16500789034,3.295796231087056,,model,
2020-06-06,Bhakra,1.382259491229664,-0.6843366475729852,0.0,0.0,0.0,39714.16092750014,1.5535766136095583,,model,
2020-06-07,Bhakra,1.3938029338635154,-0.6811014508630229,0.0,0.0,0.0,38403.678392045396,0.1138229144767146,,model,
2020-06-08,Bhakra,1.4021401819732544,-0.6779170028446247,0.0,0.0,0.0,37950.84751931643,0.4554027264186921,,model,
2020-06-09,Bhakra,1.4093695451435053,-0.6748626012781219,0.0,0.0,0.0,38717.51980607396,0.335078865142362,,model,
2020-06-10,Bhakra,1.37,-0.6824860601738806,0.0,0.0,0.0,40514.05089850903,1.107349237097658,,cwc,0.04847462998198715
2020-06-11,Bhakra,1.37,-0.6824336411948815,0.0,0.0,0.0,40960.01819179822,0.2366264100451751,,cwc,0.013500433876051599
2020-06-12,Bhakra,1.3845915265499276,-0.6793627698505654,0.0,0.0,0.0,40866.46335264689,0.504668201656243,,model,
2020-06-13,Bhakra,1.3989541641182197,-0.6748827832079487,0.0,0.0,0.0,40626.72367632694,0.4504899952848588,,model,
2020-06-14,Bhakra,1.4127302604571297,-0.6701467965365895,0.0,0.0,0.0,40755.42352367393,0.5162086459654343,,model,
2020-06-15,Bhakra,1.4268212306952746,-0.6653958001065177,0.0,0.0,0.0,40610.68490024533,0.5436127877075261,,model,
2020-06-16,Bhakra,1.4405580869568426,-0.6601064059486248,0.0,0.0,0.0,40657.08559043141,0.893300398679641,,model,
2020-06-17,Bhakra,1.482,-0.6503225184023684,0.0,0.0,0.0,43254.77926518052,4.290246690425961,,cwc,-0.027591533987683325
2020-06-18,Bhakra,1.482,-0.6516748459887106,0.0,0.0,0.0,43726.71343281184,1.105677641896916,,cwc,0.02020583287494193
2020-06-19,Bhakra,1.49393,-0.648243791232735,0.0,0.0,0.0,43754.38381245663,1.1258700440696117,,cwc,0.009430455468577792
2020-06-20,Bhakra,1.51666,-0.6417375922005846,0.0,0.0,0.0,44746.91605857374,2.464791156477527,,cwc,-0.001301846857247213
2020-06-21,Bhakra,1.54218,-0.635578720574338,0.0,0.0,0.0,41754.86777987018,0.3170903382079478,,cwc,-0.0016635417357286908
2020-06-22,Bhakra,1.56722,-0.6289395200835521,0.0,0.0,0.0,40761.773319203996,1.1178001807927451,,cwc,-0.008503813885506029
2020-06-23,Bhakra,1.57511,-0.627284741880623,0.0,0.0,0.0,45175.63420423867,5.817600197521259,,cwc,0.006216505492607993
2020-06-24,Bhakra,1.5983,-0.6237935875962434,0.0,0.0,0.0,46457.97706940571,3.115924207200375,,cwc,0.0017153495953881048
2020-06-25,Bhakra,1.64655,-0.6153198975763035,0.0,0.0,0.0,45669.84435447568,1.7624067473937897,,cwc,-0.020207301709684877
2020-06-26,Bhakra,1.6726644720633201,-0.6125639025248765,0.0,0.0,0.0,43759.471392984524,1.089731022291348,,model,
2020-06-27,Bhakra,1.6941050723561784,-0.6098133839578452,0.0,0.0,0.0,40587.429003662975,0.2667291470916196,,model,
2020-06-28,Bhakra,1.7077850313098784,-0.6067734057566307,0.0,0.0,0.0,42132.99677195245,2.8766435621693804,,model,
2020-06-29,Bhakra,1.7252463385694639,-0.6005372540498687,0.0,0.0,0.0,42357.71928339249,2.682091230107468,,model,
2020-06-30,Bhakra,1.7432574464300727,-0.5913640716525358,0.0,0.0,0.0,40076.61346344984,0.1209874845910818,,model,
2020-07-01,Bhakra,1.87612,-0.5578593103403388,0.0,0.0,0.0,40066.51760479895,1.8091749655219755,,cwc,-0.12043234342519904
2020-07-02,Bhakra,1.895,-0.5502955628669037,0.0,0.0,0.0,40600.13430864111,0.6930181021468689,,cwc,-0.006474490136158417
2020-07-03,Bhakra,1.91871,-0.5412426033372758,0.0,0.0,0.0,46492.25662735797,6.990080201187547,,cwc,-0.009998956557841776
2020-07-04,Bhakra,1.94547,-0.5367620623643048,0.0,0.0,0.0,51906.65107516635,8.666413695605153,,cwc,0.0013665658185131324
2020-07-05,Bhakra,1.98143,-0.5319897973065374,0.0,0.0,0.0,47536.87568304421,2.788620245056533,,cwc,0.005413290868476306
2020-07-06,Bhakra,2.02546,-0.5220450735574079,0.0,0.0,0.0,46293.32171362454,3.968479601964464,,cwc,-0.013347694745430516
2020-07-07,Bhakra,2.0456,-0.5147109589630537,0.0,0.0,0.0,47598.10190947701,6.0332175933455,,cwc,0.007499856523417225
2020-07-08,Bhakra,2.05826,-0.5136330002359377,0.0,0.0,0.0,43814.36385931181,1.704269071235312,,cwc,0.018172099842905798
2020-07-09,Bhakra,2.08847,-0.509057199700097,0.0,0.0,0.0,46006.191478462104,4.844813264519479,,cwc,-0.008635101141390322
2020-07-10,Bhakra,2.12358,-0.5040506529741473,0.0,0.0,0.0,47873.317622336406,5.364028336929695,,cwc,-0.008172629288318856
2020-07-11,Bhakra,2.17566,-0.4935841096937552,0.0,0.0,0.0,51581.79374467968,8.024544278145495,,cwc,-0.020574564124261396
2020-07-12,Bhakra,2.21796,-0.48538563472351653,0.0,0.0,0.0,44410.73124644328,0.4351787716495496,,cwc,-0.0017214971320846928
2020-07-13,Bhakra,2.26054,-0.4719971882538913,0.0,0.0,0.0,39901.94713241279,0.6513959672117084,,cwc,-0.01954604327587184
2020-07-14,Bhakra,2.29392,-0.4569625250837837,0.0,0.0,0.0,40885.052794900395,2.901581131957653,,cwc,-0.02137712422941762
2020-07-15,Bhakra,2.32126,-0.4429984014507733,0.0,0.0,0.0,45881.41674777007,6.872369852090648,,cwc,-0.012931881956885327
2020-07-16,Bhakra,2.36183,-0.42847908297168613,0.0,0.0,0.0,49406.14972419781,7.026602219631952,,cwc,-0.013937900093132338
2020-07-17,Bhakra,2.4168,-0.41532186524425035,0.0,0.0,0.0,51688.315783467835,7.627411805136233,,cwc,-0.019714374588414962
2020-07-18,Bhakra,2.45735,-0.4107431140564828,0.0,0.0,0.0,53974.678063464366,7.040783902109889,,cwc,0.00028911708307655104
2020-07-19,Bhakra,2.51527,-0.40614217216343657,0.0,0.0,0.0,55453.008767438245,7.134036761034817,,cwc,-0.011487124874419052
2020-07-20,Bhakra,2.56979,-0.40166950670034085,0.0,0.0,0.0,56065.311988496615,6.477480894546831,,cwc,-0.004470277125842248
2020-07-21,Bhakra,2.62259,-0.39671049677554193,0.0,0.0,0.0,51193.24447376142,5.052957387290861,,cwc,-0.0012522310387406144
2020-07-22,Bhakra,2.66757,-0.38986929566816136,0.0,0.0,0.0,43555.02312300543,1.264715192816814,,cwc,-0.005352112276554077
2020-07-23,Bhakra,2.71935,-0.3755807245257764,0.0,0.0,0.0,38782.57434929025,0.7325827885101892,,cwc,-0.03083959784480239
2020-07-24,Bhakra,2.76195,-0.3566352121902953,0.0,0.0,0.0,41414.12593238541,4.21126732987498,,cwc,-0.03333575430695834
2020-07-25,Bhakra,2.78818,-0.3412159147890871,0.0,0.0,0.0,43626.02504470881,5.016256446277309,,cwc,-0.01052746455690734
2020-07-26,Bhakra,2.81135,-0.3300547008488804,0.0,0.0,0.0,45420.06743929764,5.145201357246912,,cwc,-0.002055886279475949
2020-07-27,Bhakra,2.83043,-0.2695303517291721,0.0,0.0,0.0,48731.622834613314,6.916860622421772,,cwc,0.006423373970803059
2020-07-28,Bhakra,2.85905,-0.2640526693522953,0.0,0.0,0.0,56296.39419269826,11.107575222098736,,cwc,0.004985344418712234
2020-07-29,Bhakra,2.89516,-0.2636706793819488,0.0,0.0,0.0,59118.37940079774,8.788116057054607,,cwc,0.016003129031070706
2020-07-30,Bhakra,2.95649,-0.2603759582882596,0.0,0.0,0.0,54731.26079185964,4.970708283932214,,cwc,-0.0023126709688923164
2020-07-31,Bhakra,2.99943,-0.42491334989297647,0.0,0.0,0.0,49703.7066046331,3.713601794716784,,cwc,0.005343911927057743
2020-08-01,Bhakra,3.03724,-0.4206460943042835,0.0,0.0,0.0,49153.7273645207,4.810745207475017,,cwc,-0.0018263792013324398
2020-08-02,Bhakra,3.08694,-0.4127920508482554,0.0,0.0,0.0,42382.19163669824,0.2265174187469142,,cwc,-0.015061944960750306
2020-08-03,Bhakra,3.12823,-0.40364709551259237,0.0,0.0,0.0,41340.68916555935,2.2271627919063453,,cwc,-0.023219018678251047
2020-08-04,Bhakra,3.1738,-0.3924607425032418,0.0,0.0,0.0,42257.731763662974,2.987808887640639,,cwc,-0.030047133154768257
2020-08-05,Bhakra,3.2182,-0.37804870348984004,0.0,0.0,0.0,43691.31304667729,4.899130275909519,,cwc,-0.026633519160021546
2020-08-06,Bhakra,3.24857,-0.3663471919138222,0.0,0.0,0.0,46217.71653299569,5.760095032809337,,cwc,-0.00909615425044219
2020-08-07,Bhakra,3.2848,-0.3561418203152564,0.0,0.0,0.0,45739.94970925262,4.267577855012644,,cwc,-0.008775117262626697
2020-08-08,Bhakra,3.31829,-0.3451947042301508,0.0,0.0,0.0,47465.922332764996,4.439053578088092,,cwc,-0.0072040098900707505
2020-08-09,Bhakra,3.37632,-0.32932923341493414,0.0,0.0,0.0,55998.43607431757,11.2187063096943,,cwc,-0.0275212874770987
2020-08-10,Bhakra,3.44448,-0.31884657725752275,0.0,0.0,0.0,57169.16728639826,7.615292318596879,,cwc,-0.016775848014956463
2020-08-11,Bhakra,3.56873,-0.29820663252967716,0.0,0.0,0.0,53989.98104030474,5.759390427236976,,cwc,-0.07000156566106952
2020-08-12,Bhakra,3.70453,-0.27543058218457434,0.0,0.0,0.0,56273.353514774215,8.557129905418902,,cwc_level,-0.0893296849855072
2020-08-13,Bhakra,3.64779,-0.29160116978153505,0.0,0.0,0.0,58851.48221693512,8.84213825790194,,cwc,0.10879675827190916
2020-08-14,Bhakra,3.7327,-0.28135396795776296,0.0,0.0,0.0,51333.33412009894,2.6191828764202896,,cwc,-0.02654565509210638
2020-08-15,Bhakra,3.78216,-0.27362998177351,0.0,0.0,0.0,52052.47132690158,7.28090018947215,,cwc,-0.009489372373640226
2020-08-16,Bhakra,3.84,-0.2614157629925465,0.0,0.0,0.0,48878.81356031132,3.195962454344397,,cwc,-0.01610994886958217
2020-08-17,Bhakra,3.88973,-0.24984201870102357,0.0,0.0,0.0,43685.41529611766,1.877811171870129,,cwc,-0.015764542351263344
2020-08-18,Bhakra,4.00095,-0.22682625948045687,0.0,0.0,0.0,46819.10276603203,4.650410808430725,,cwc,-0.08996058354273462
2020-08-19,Bhakra,4.05502,-0.21729518240130855,0.0,0.0,0.0,48207.650880107176,5.882190947035786,,cwc,-0.025143780411450045
2020-08-20,Bhakra,4.05502,-0.21113293912475523,0.0,0.0,0.0,55436.818641654725,11.380508506974042,,cwc,0.03232340744826434
2020-08-21,Bhakra,4.12089,-0.20162941046996058,0.0,0.0,0.0,54160.86474429415,6.772708048410144,,cwc,-0.015859887491664004
2020-08-22,Bhakra,4.19677,-0.19183447225292666,0.0,0.0,0.0,46270.053074562195,2.121965798193371,,cwc,-0.02899160509419385
2020-08-23,Bhakra,4.25391,-0.18087165577789432,0.0,0.0,0.0,44062.736197291975,2.616277292318793,,cwc,-0.02955707195989188
2020-08-24,Bhakra,4.28749,-0.20295406368870622,0.0,0.0,0.0,47653.823838218224,6.776758800545808,,cwc,-0.011397439453097569
2020-08-25,Bhakra,4.31671,-0.20994814392419725,0.0,0.0,0.0,46118.34753758295,3.3740658950564653,,cwc,0.0017484277511155
2020-08-26,Bhakra,4.34899,-0.22327380511264516,0.0,0.0,0.0,51167.693528710806,9.22121084447637,,cwc,-0.005068231016789326
2020-08-27,Bhakra,4.38781,-0.23457845573617161,0.0,0.0,0.0,52204.24582128815,6.778001543886339,,cwc,0.0007453754061188533
2020-08-28,Bhakra,4.72294,-0.18418905251679887,0.0,0.0,0.0,45376.16084808202,2.505160767063457,,cwc,-0.2930286211031783
2020-08-29,Bhakra,4.48768,-0.22777758942076876,0.0,0.0,0.0,40168.793326688625,0.2812858512192573,,cwc,0.26065595317844625
2020-08-30,Bhakra,4.51996,-0.2212666647278511,0.0,0.0,0.0,39822.58018116614,2.6664812941566893,,cwc,-0.0196242648560796
2020-08-31,Bhakra,4.5518,-0.21595400082464655,0.0,0.0,0.0,36963.30434954018,0.1012214744613633,,cwc,-0.02003130147146237
2020-09-01,Bhakra,4.58887,-0.20944764915715772,0.0,0.0,0.0,35673.66206981325,0.0825004671460237,,cwc,-0.03225673579909749
2020-09-02,Bhakra,4.62158,-0.20241737997879405,0.0,0.0,0.0,37342.91752524957,1.5625392631675776,,cwc,-0.03105194306318282
2020-09-03,Bhakra,4.64906,-0.1980739523085835,0.0,0.0,0.0,42538.27192836487,6.481113462188928,,cwc,-0.021737983486639578
2020-09-04,Bhakra,4.6918,-0.19387589411411002,0.0,0.0,0.0,39507.63165199451,0.2945376724059764,,cwc,-0.024287156453516978
2020-09-05,Bhakra,4.72836,-0.18960606481381306,0.0,0.0,0.0,37364.01320735412,1.0793608081796866,,cwc,-0.025521846841041196
2020-09-06,Bhakra,4.76356,-0.1847742819017415,0.0,0.0,0.0,39108.8032187683,2.811754435846798,,cwc,-0.029406371306684775
2020-09-07,Bhakra,4.79924,-0.18065539649140144,0.0,0.0,0.0,36493.23168754745,0.2461794913410497,,cwc,-0.025617610732641793
2020-09-08,Bhakra,4.82161,-0.17775956923189443,0.0,0.0,0.0,35103.811718910416,0.0213607173194154,,cwc,-0.01870680407855918
2020-09-09,Bhakra,4.83,-0.17665506926419372,0.0,0.0,0.0,34770.70959783802,0.0266311502968528,,cwc,-0.008126124996325146
2020-09-10,Bhakra,4.829448915500089,-0.17689011568825083,0.0,0.0,0.0,34526.23957574048,0.3317395144430793,,model,
2020-09-11,Bhakra,4.83017,-0.1762349673719515,0.0,0.0,0.0,34370.7578923499,0.0,,cwc,-0.0018702833775048333
2020-09-12,Bhakra,4.82827,-0.17594760002988427,0.0,0.0,0.0,34271.89859661589,0.0,,cwc,0.0003704034380414001
2020-09-13,Bhakra,4.82113,-0.17685975888947766,0.0,0.0,0.0,34314.6772494454,0.1314251070232831,,cwc,0.005368536702648363
2020-09-14,Bhakra,4.819463197908533,-0.17673756683167058,0.0,0.0,0.0,34434.112160379824,0.2005743993565842,,model,
2020-09-15,Bhakra,4.818088602349443,-0.1768475292626086,0.0,0.0,0.0,35797.54538102249,1.5858443049367423,,model,
2020-09-16,Bhakra,4.764,-0.1867281369431626,0.0,0.0,0.0,35834.26393625691,0.9294592302125532,,cwc,0.0560497491659655
2020-09-17,Bhakra,4.764,-0.1869287861676882,0.0,0.0,0.0,35009.87865310604,0.0669348647452065,,cwc,0.0020509815358273897
2020-09-18,Bhakra,4.74168,-0.19057780719828762,0.0,0.0,0.0,35288.03944987546,0.5798766911273929,,cwc,0.022354060661960773
2020-09-19,Bhakra,4.72122,-0.19404621102213093,0.0,0.0,0.0,34733.10748318504,0.0419305477576755,,cwc,0.021174602065066495
2020-09-20,Bhakra,4.70457,-0.19596326992341617,0.0,0.0,0.0,34287.25317398242,0.0,,cwc,0.01600691908591756
2020-09-21,Bhakra,4.68613,-0.1985290355319832,0.0,0.0,0.0,35354.6407793549,1.3423089654280205,,cwc,0.01670610283614593
2020-09-22,Bhakra,4.66868,-0.20180265993451182,0.0,0.0,0.0,35410.37346856129,0.814193892888887,,cwc,0.01832754724907204
2020-09-23,Bhakra,4.64775,-0.20576821580310423,0.0,0.0,0.0,35360.027462985345,0.7950944858784669,,cwc,0.021943901483571615
2020-09-24,Bhakra,4.629,-0.20949684170825644,0.0,0.0,0.0,36956.08404592977,2.4756669600201224,,cwc,0.019640726177514445
2020-09-25,Bhakra,4.633795599182657,-0.20984435785201536,0.0,0.0,0.0,35691.224388481736,0.0159694598855058,,model,
2020-09-26,Bhakra,4.6354966236588515,-0.2102247673344805,0.0,0.0,0.0,34661.9299764344,0.0,,model,
2020-09-27,Bhakra,4.634679401597361,-0.21060094712061597,0.0,0.0,0.0,34486.09615966392,0.0,,model,
2020-09-28,Bhakra,4.633431988819679,-0.21097971007104482,0.0,0.0,0.0,34111.055847845106,0.0,,model,
2020-09-29,Bhakra,4.631267011586506,-0.2113603357003607,0.0,0.0,0.0,34165.26944669973,0.0,,model,
2020-09-30,Bhakra,4.495,-0.23469437049411043,0.0,0.0,0.0,34086.642644185886,0.0,,cwc,0.13423467201852723
2021-06-01,Bhakra,0.5310229629629634,-0.874877260641227,0.0,0.0,0.0,40913.96853062264,0.4305982136563107,,cwc_level,
2021-06-02,Bhakra,0.5455018255379778,-0.873452495583063,0.0,0.0,0.0,39485.91305728125,1.8732889852362768,,model,
2021-06-03,Bhakra,0.513,-0.881372070707948,0.0,0.0,0.0,37957.3278748422,0.1931561710946912,,cwc,0.043486842514227964
2021-06-04,Bhakra,0.5202452178496066,-0.8792311177538814,0.0,0.0,0.0,36320.500622638916,0.1140671540462664,,model,
2021-06-05,Bhakra,0.5234858141716849,-0.8757409250610042,0.0,0.0,0.0,37292.12563827077,0.4119765941231968,,model,
2021-06-06,Bhakra,0.5291035644964517,-0.8698822960832071,0.0,0.0,0.0,37622.50077493778,0.6007276048234581,,model,
2021-06-07,Bhakra,0.5355296025514451,-0.8607802143518617,0.0,0.0,0.0,38170.85427749528,0.0127684342400945,,model,
2021-06-08,Bhakra,0.5432972288761118,-0.8512680915848355,0.0,0.0,0.0,38942.7878865473,0.0,,model,
2021-06-09,Bhakra,0.5529534490914725,-0.8421215395869907,0.0,0.0,0.0,41430.101408340895,2.4972131747204003,,model,
2021-06-10,Bhakra,0.55939,-0.8380910456383078,0.0,0.0,0.0,45796.29625684099,3.365126344852729,,cwc,0.00930506974336609
2021-06-11,Bhakra,0.5858138461953353,-0.8318820953570256,0.0,0.0,0.0,51775.577521051375,7.082271699054421,,model,
2021-06-12,Bhakra,0.6268664557116457,-0.8236005903546629,0.0,0.0,0.0,52531.48515051225,4.52123831564803,,model,
2021-06-13,Bhakra,0.6697684503488888,-0.8124107750249207,0.0,0.0,0.0,51857.55812983417,4.4762994041851485,,model,
2021-06-14,Bhakra,0.7110216316178564,-0.7959746338390479,0.0,0.0,0.0,46229.44646102831,1.0772284519593789,,model,
2021-06-15,Bhakra,0.7385052125103058,-0.7794893669926901,0.0,0.0,0.0,46442.110999815515,4.196765969855695,,model,
2021-06-16,Bhakra,0.7665090932627574,-0.7688105861977453,0.0,0.0,0.0,50262.85036444752,7.438044407487023,,model,
2021-06-17,Bhakra,0.724,-0.7804046133430395,0.0,0.0,0.0,55624.29903422901,10.251825485381634,,cwc,0.07986070151063318
2021-06-18,Bhakra,0.7744687974520783,-0.7773743393754386,0.0,0.0,0.0,65295.86211255181,14.723384448986472,,model,
2021-06-19,Bhakra,0.8485998046188139,-0.7752304738174207,0.0,0.0,0.0,65386.42490586151,8.39931181023255,,model,
2021-06-20,Bhakra,0.9229523805009976,-0.7729975843173363,0.0,0.0,0.0,54682.210632929884,2.7230361596747583,,model,
2021-06-21,Bhakra,0.9711162875087125,-0.7703128674856249,0.0,0.0,0.0,46264.28260186974,0.2425524709875998,,model,
2021-06-22,Bhakra,0.9986850976514459,-0.7685500494584252,0.0,0.0,0.0,40582.244625443214,0.5472560511794824,,model,
2021-06-23,Bhakra,1.0123523726321744,-0.7671799571776243,0.0,0.0,0.0,38948.15725048133,1.0030967117356795,,model,
2021-06-24,Bhakra,0.764,-0.8230793774240088,0.0,0.0,0.0,39112.27223204894,1.3365680779716735,,cwc,0.2580217294020313
2021-06-25,Bhakra,0.7740708764704183,-0.8211830498003669,0.0,0.0,0.0,39945.212590345,2.8468177126315224,,model,
2021-06-26,Bhakra,0.7861796044523444,-0.8187680551204584,0.0,0.0,0.0,38245.69893370657,0.4109942347664541,,model,
2021-06-27,Bhakra,0.7941303438826126,-0.815557528894101,0.0,0.0,0.0,37521.71191251599,0.5731884553753785,,model,
2021-06-28,Bhakra,0.8003097943715414,-0.8112792499574093,0.0,0.0,0.0,37408.18757964312,0.0648478567465216,,model,
2021-06-29,Bhakra,0.8062114990038385,-0.8088494211119788,0.0,0.0,0.0,38491.8228914943,0.7811725560624259,,model,
2021-06-30,Bhakra,0.8147643992904039,-0.8068924911133737,0.0,0.0,0.0,39447.98178991046,0.2737774086337045,,model,
2021-07-01,Bhakra,0.78,-0.8154300850993826,0.0,0.0,0.0,40914.53833696217,1.6110981621473992,,cwc,0.04565661455549308
2021-07-02,Bhakra,0.79778,-0.8132617649573428,0.0,0.0,0.0,42882.932594818616,3.200333127622574,,cwc,-0.003299743350729467
2021-07-03,Bhakra,0.81429,-0.8120062678293553,0.0,0.0,0.0,39475.32846480145,0.486319055389432,,cwc,0.0027860819045408824
2021-07-04,Bhakra,0.82761,-0.807910342831498,0.0,0.0,0.0,38603.542923422654,1.5888573812714133,,cwc,-0.0023608790288702775
2021-07-05,Bhakra,0.8405,-0.8025370652679723,0.0,0.0,0.0,37918.40189762452,0.4524214407816343,,cwc,-0.0040637682153708
2021-07-06,Bhakra,0.85146,-0.7948181545489772,0.0,0.0,0.0,37644.51992128701,0.6004563431343919,,cwc,-0.003810017494340623
2021-07-07,Bhakra,0.87226,-0.7808417712798692,0.0,0.0,0.0,38449.22457741769,0.7236252911366424,,cwc,-0.014320090440014699
2021-07-08,Bhakra,0.88946,-0.7654385474600834,0.0,0.0,0.0,41581.79158032289,3.978630358841377,,cwc,-0.0087513197069361
2021-07-09,Bhakra,0.9055727421171649,-0.7548178019260798,0.0,0.0,0.0,43240.551950945555,3.8837864694195696,,model,
2021-07-10,Bhakra,0.9257437667930208,-0.7485362292011097,0.0,0.0,0.0,47668.4260897173,7.997949225109538,,model,
2021-07-11,Bhakra,0.95132,-0.7454232757263891,0.0,0.0,0.0,54908.200520906576,9.773626780324571,,cwc,0.005427920055563473
2021-07-12,Bhakra,1.00003680834118,-0.7421265119996507,0.0,0.0,0.0,59814.719670731814,10.109249289095922,,model,
2021-07-13,Bhakra,1.060757786448089,-0.738892402218393,0.0,0.0,0.0,54575.22305679565,3.685748923495807,,model,
2021-07-14,Bhakra,1.1086599402683563,-0.7283674955161845,0.0,0.0,0.0,46575.989939913714,2.409047570782477,,model,
2021-07-15,Bhakra,1.3,-0.6763248113214156,0.0,0.0,0.0,42953.24224986846,1.6486590811785702,,cwc,-0.16300863403828392
2021-07-16,Bhakra,1.12718,-0.7063897686608664,0.0,0.0,0.0,41073.51653380413,1.7041012734997611,,cwc,0.19228809978720163
2021-07-17,Bhakra,1.15123,-0.6938093690469272,0.0,0.0,0.0,40958.01444673593,1.2609974197646274,,cwc,-0.0091807911820605
2021-07-18,Bhakra,1.17794,-0.6791462575424453,0.0,0.0,0.0,54398.544876202475,13.3260847773955,,cwc,-0.01212337576374134
2021-07-19,Bhakra,1.21891,-0.671495529362425,0.0,0.0,0.0,64308.99821780679,12.8105535423338,,cwc,0.0064998973041960895
2021-07-20,Bhakra,1.21892,-0.682183358251727,0.0,0.0,0.0,58166.22294739971,3.776792162683865,,cwc,0.07170657009506742
2021-07-21,Bhakra,1.36799,-0.6545489202183564,0.0,0.0,0.0,54435.32419833649,7.187120133852172,,cwc,-0.09238219366331246
2021-07-22,Bhakra,1.43549,-0.6417319767299126,0.0,0.0,0.0,57072.05219069527,7.550832404992361,,cwc,-0.019940119305688953
2021-07-23,Bhakra,1.49184,-0.626512144353912,0.0,0.0,0.0,51756.75065807909,4.126637901905302,,cwc,-0.0023391650793203045
2021-07-24,Bhakra,1.54032,-0.6101683473402035,0.0,0.0,0.0,44601.97702701589,1.0018644692568694,,cwc,-0.00747345182623671
2021-07-25,Bhakra,1.58462,-0.5915570644547329,0.0,0.0,0.0,48180.043811803844,5.537962751526703,,cwc,-0.02079814602593344
2021-07-26,Bhakra,1.63008,-0.5744412271951864,0.0,0.0,0.0,50473.681750572636,5.198351654812697,,cwc,-0.013204135329931033
2021-07-27,Bhakra,1.70731,-0.4618868754540871,0.0,0.0,0.0,62097.50814983453,14.136425419853971,,cwc,-0.03936257683859634
2021-07-28,Bhakra,1.77967,-0.4549286807847266,0.0,0.0,0.0,62070.968203581295,7.2971154659821345,,cwc,-0.006054007424457497
2021-07-29,Bhakra,1.90605,-0.43848174233932824,0.0,0.0,0.0,60804.79857430822,8.772320540428518,,cwc,-0.060138939407940795
2021-07-30,Bhakra,1.969193280940563,-0.4347165821186752,0.0,0.0,0.0,61151.89026166558,8.217156572149019,,model,
2021-07-31,Bhakra,2.033185747915478,-0.5990993695494512,0.0,0.0,0.0,55900.228414617006,5.977499250304508,,model,
2021-08-01,Bhakra,2.084329627441912,-0.5949263141970851,0.0,0.0,0.0,47917.38951813566,1.7600542074782854,,model,
2021-08-02,Bhakra,2.115942888540159,-0.591183896783084,0.0,0.0,0.0,46806.09342496651,4.950831858877568,,model,
2021-08-03,Bhakra,2.144837279792995,-0.5874942419016367,0.0,0.0,0.0,43326.86576432709,1.7889435647991965,,model,
2021-08-04,Bhakra,2.165219477733913,-0.5803594414038891,0.0,0.0,0.0,40415.5721607095,1.9904980862847543,,model,
2021-08-05,Bhakra,2.41476,-0.5313086482490461,0.0,0.0,0.0,44229.387032012455,5.653761600404553,,cwc,-0.23628102406169216
2021-08-06,Bhakra,2.4373502844037747,-0.5282400084766556,0.0,0.0,0.0,43276.54433341395,3.844544481757346,,model,
2021-08-07,Bhakra,2.4576093671624037,-0.5262276905910096,0.0,0.0,0.0,43159.8003370667,3.70732049446826,,model,
2021-08-08,Bhakra,2.47758282691448,-0.5247348829079385,0.0,0.0,0.0,50782.635098360675,10.465224113633129,,model,
2021-08-09,Bhakra,2.5162061277812975,-0.522477749271582,0.0,0.0,0.0,46951.02247319429,2.5269136395113128,,model,
2021-08-10,Bhakra,2.545455098899367,-0.5203897789980472,0.0,0.0,0.0,41785.72327680888,1.4124131816024572,,model,
2021-08-11,Bhakra,2.562066775318117,-0.5185726229709954,0.0,0.0,0.0,39448.47310099827,0.8094781417605632,,model,
2021-08-12,Bhakra,2.72,-0.49080131061593407,0.0,0.0,0.0,38298.98890726843,1.814272626114401,,cwc,-0.1470398073871011
2021-08-13,Bhakra,2.7280811173764077,-0.4908003421736289,0.0,0.0,0.0,39990.159932985356,3.18270891290603,,model,
2021-08-14,Bhakra,2.740299812427675,-0.4903650064671299,0.0,0.0,0.0,39615.86389268063,2.3835471282877743,,model,
2021-08-15,Bhakra,2.751602763939937,-0.4840043397612827,0.0,0.0,0.0,39016.65199226702,1.8928445686125288,,model,
2021-08-16,Bhakra,2.7614396982700455,-0.4760492447399392,0.0,0.0,0.0,36343.36137495049,0.0025422071175865,,model,
2021-08-17,Bhakra,2.764736225149682,-0.4687358687181146,0.0,0.0,0.0,34998.09968825655,0.0650619914539133,,model,
2021-08-18,Bhakra,2.76474146768429,-0.4602610609283706,0.0,0.0,0.0,35959.1940074626,1.4618316394366837,,model,
2021-08-19,Bhakra,2.94,-0.4230346155099964,0.0,0.0,0.0,49069.76294837923,14.995876601799264,,cwc,-0.17290189992276694
2021-08-20,Bhakra,2.9744326297520214,-0.4049227546366198,0.0,0.0,0.0,52597.64389780857,7.655296753116132,,model,
2021-08-21,Bhakra,3.017496486762524,-0.39596044497610244,0.0,0.0,0.0,51177.75677507842,5.979758731615744,,model,
2021-08-22,Bhakra,3.0570864826611155,-0.39023979115492835,0.0,0.0,0.0,47901.07551398003,2.6370289178577093,,model,
2021-08-23,Bhakra,3.0886598303157453,-0.37901309137780154,0.0,0.0,0.0,43533.62632422732,2.564348444496668,,model,
2021-08-24,Bhakra,3.1095478835862993,-0.3985361457782047,0.0,0.0,0.0,47993.107552962196,6.350313927370102,,model,
2021-08-25,Bhakra,3.1413463945769102,-0.40042118606103677,0.0,0.0,0.0,47239.825828620975,4.86661147692345,,model,
2021-08-26,Bhakra,3.15,-0.4153246470766832,0.0,0.0,0.0,45864.86991566039,4.000778949290119,,cwc,0.02130194492183879
2021-08-27,Bhakra,3.1765916168320714,-0.42378696649780806,0.0,0.0,0.0,59224.79503639639,16.015210753843835,,model,
2021-08-28,Bhakra,3.235869299754899,-0.42048314391090164,0.0,0.0,0.0,56152.45537482103,4.985137489253791,,model,
2021-08-29,Bhakra,3.287630271594096,-0.41857381708403746,0.0,0.0,0.0,51666.57678496105,5.971881599365944,,model,
2021-08-30,Bhakra,3.328416202575041,-0.4162773587866609,0.0,0.0,0.0,46829.47875942272,2.135264466845784,,model,
2021-08-31,Bhakra,3.3573678078152818,-0.4152518387857443,0.0,0.0,0.0,43452.82821955206,3.868923036122745,,model,
2021-09-01,Bhakra,3.3780581824188105,-0.4140312985037406,0.0,0.0,0.0,42893.27033013563,2.864936183354627,,model,
2021-09-02,Bhakra,3.42501,-0.405768845598626,0.0,0.0,0.0,39559.928472975575,2.067614045062093,,cwc,-0.027630443626225798
2021-09-03,Bhakra,3.436176101282282,-0.40030896590380216,0.0,0.0,0.0,40485.31065903839,3.1276822884507856,,model,
2021-09-04,Bhakra,3.449606219991271,-0.3939617670445305,0.0,0.0,0.0,37447.31517504349,0.1752792429878915,,model,
2021-09-05,Bhakra,3.455603653241631,-0.38474363113479365,0.0,0.0,0.0,37913.483151003165,2.197000563918624,,model,
2021-09-06,Bhakra,3.462741601662092,-0.3743232570829652,0.0,0.0,0.0,43452.646565351475,7.009128000503521,,model,
2021-09-07,Bhakra,3.483431531834896,-0.365581515315676,0.0,0.0,0.0,48047.01522501502,8.16032123889547,,model,
2021-09-08,Bhakra,3.5153619320176688,-0.35483444333672187,0.0,0.0,0.0,50168.024263740714,6.858555253336028,,model,
2021-09-09,Bhakra,3.53562,-0.3448852216095681,0.0,0.0,0.0,57030.5870006095,11.867209510506312,,cwc,0.016861541046475637
2021-09-10,Bhakra,3.5895293872006246,-0.3366872344001174,0.0,0.0,0.0,59904.36463130404,7.889316753934432,,model,
2021-09-11,Bhakra,3.6504696884758516,-0.331979440605287,0.0,0.0,0.0,55891.83521589366,6.401129058718077,,model,
2021-09-12,Bhakra,3.70159303340754,-0.3279207895746615,0.0,0.0,0.0,60685.28911048839,10.624936730081826,,model,
2021-09-13,Bhakra,3.76444392541646,-0.3263837346084517,0.0,0.0,0.0,65670.03736369996,12.3147740432637,,model,
2021-09-14,Bhakra,3.8394903806024043,-0.3258049956700377,0.0,0.0,0.0,54592.06803151042,2.964711174653932,,model,
2021-09-15,Bhakra,3.887433746925874,-0.3242970785433014,0.0,0.0,0.0,46249.26188473065,2.398953440777398,,model,
2021-09-16,Bhakra,3.81,-0.33820750092192114,0.0,0.0,0.0,44697.57932735179,3.1554061848713486,,cwc,0.10496580774937803
2021-09-17,Bhakra,3.8337357522241664,-0.3350527885582516,0.0,0.0,0.0,38670.06605035721,0.5966659235716406,,model,
2021-09-18,Bhakra,3.8427247378643674,-0.33161720675781986,0.0,0.0,0.0,36379.34920533647,0.3107196035007609,,model,
2021-09-19,Bhakra,3.846109311689764,-0.3223790250312516,0.0,0.0,0.0,38600.41622944901,3.130829866251136,,model,
2021-09-20,Bhakra,3.854927893781379,-0.3165976954545983,0.0,0.0,0.0,44648.24394125594,7.68082150968365,,model,
2021-09-21,Bhakra,3.8785429432563934,-0.3132022635154262,0.0,0.0,0.0,42536.843754531765,2.433550063017107,,model,
2021-09-22,Bhakra,3.896992292667701,-0.3110861145688287,0.0,0.0,0.0,43208.22180872386,5.276005128713758,,model,
2021-09-23,Bhakra,4.01141,-0.29403432485295333,0.0,0.0,0.0,57078.503647055804,15.554170746395776,,cwc,-0.09432578079178633
2021-09-24,Bhakra,4.065436618896045,-0.2928447049454062,0.0,0.0,0.0,48815.39500556637,0.7491828503081412,,model,
2021-09-25,Bhakra,4.099246918259609,-0.29220736555911714,0.0,0.0,0.0,43112.24933112271,2.3081833432668684,,model,
2021-09-26,Bhakra,4.119104040883376,-0.29111260482271795,0.0,0.0,0.0,40054.307049409996,0.2008565448717854,,model,
2021-09-27,Bhakra,4.131479676701005,-0.29023288210383563,0.0,0.0,0.0,37201.60415490799,1.7958485091522856,,model,
2021-09-28,Bhakra,4.13687595937823,-0.28951181477015764,0.0,0.0,0.0,37839.572436199465,1.766976169332354,,model,
2021-09-29,Bhakra,4.143833079651298,-0.2888986269679701,0.0,0.0,0.0,36519.42516063652,0.8330478608919624,,model,
2021-09-30,Bhakra,4.21,-0.2778665791318764,0.0,0.0,0.0,37612.825209866554,2.284726492247045,,cwc,-0.062439640116549455
2022-06-02,Bhakra,1.355,-0.6995689813454378,0.0,0.0,0.0,35840.44201677263,0.0,,cwc,
2022-06-03,Bhakra,1.3570660966765355,-0.6987348397780073,0.0,0.0,0.0,35735.80549121271,0.0,,model,
2022-06-04,Bhakra,1.3588761921884651,-0.6976820763904256,0.0,0.0,0.0,35322.87808060585,0.0,,model,
2022-06-05,Bhakra,1.359676029595517,-0.6965970851344504,0.0,0.0,0.0,35550.15037650269,0.0,,model,
2022-06-06,Bhakra,1.3610319058438909,-0.6953126680036019,0.0,0.0,0.0,35912.18283619269,0.0,,model,
2022-06-07,Bhakra,1.3632735218548373,-0.6938865186972337,0.0,0.0,0.0,36533.690719516955,0.0,,model,
2022-06-08,Bhakra,1.3670357038544907,-0.6922156133819458,0.0,0.0,0.0,36936.71843488881,0.2723652652228057,,model,
2022-06-09,Bhakra,1.448,-0.6740156282870665,0.0,0.0,0.0,36996.13027292447,0.0727074518016872,,cwc,-0.07621607639324868
2022-06-10,Bhakra,1.467,-0.6699647272663729,0.0,0.0,0.0,37363.770404547744,1.3226943872196617,,cwc,-0.014106424697685416
2022-06-11,Bhakra,1.477,-0.6661225974089281,0.0,0.0,0.0,37625.05262630795,1.3848435389386655,,cwc,-0.004206965342093527
2022-06-12,Bhakra,1.489,-0.6618090873583843,0.0,0.0,0.0,38076.258526204016,1.8683603402367683,,cwc,-0.005567718647848219
2022-06-13,Bhakra,1.499,-0.658048890702111,0.0,0.0,0.0,37395.35026859656,0.4213299815371927,,cwc,-0.0024638093271551753
2022-06-14,Bhakra,1.501,-0.6547816881671222,0.0,0.0,0.0,36697.979668848464,0.5953786091219744,,cwc,0.003870297181020277
2022-06-15,Bhakra,1.495,-0.6527721459992416,0.0,0.0,0.0,40359.362815374945,4.349767978288106,,cwc,0.010164127325491545
2022-06-16,Bhakra,1.508121977794668,-0.6483443624320363,0.0,0.0,0.0,40672.16181448255,2.830076808773909,,model,
2022-06-17,Bhakra,1.5220092419712246,-0.6457980144401804,0.0,0.0,0.0,40920.807684082254,2.8688822876220192,,model,
2022-06-18,Bhakra,1.5365048370518457,-0.6446228405528417,0.0,0.0,0.0,42600.94494291153,4.335518894380063,,model,
2022-06-19,Bhakra,1.5551110148630838,-0.64406318517066,0.0,0.0,0.0,42854.963266937964,3.671030267545505,,model,
2022-06-20,Bhakra,1.5743386676940063,-0.6437494338637343,0.0,0.0,0.0,43158.54328011807,3.3393857407873693,,model,
2022-06-21,Bhakra,1.5943090519612926,-0.6419219420442284,0.0,0.0,0.0,39690.13065311183,0.9732442086458972,,model,
2022-06-22,Bhakra,1.6057937027134728,-0.639636988754762,0.0,0.0,0.0,37162.38128967771,0.5073266703033079,,model,
2022-06-23,Bhakra,1.379,-0.6879319289457592,0.0,0.0,0.0,36027.67745851112,0.4275551858765476,,cwc,0.23209402368779863
2022-06-24,Bhakra,1.381524182329553,-0.6816482038425139,0.0,0.0,0.0,35574.35510677862,0.5752342867687109,,model,
2022-06-25,Bhakra,1.3829392772791067,-0.6714961842656159,0.0,0.0,0.0,38364.9245935224,3.306920963635436,,model,
2022-06-26,Bhakra,1.3911817112930824,-0.6620662301224527,0.0,0.0,0.0,39208.251444342335,2.0382022724495865,,model,
2022-06-27,Bhakra,1.4014874081571789,-0.6527071983799634,0.0,0.0,0.0,40829.44094904185,2.243234666989447,,model,
2022-06-28,Bhakra,1.4157594676181735,-0.640158194554379,0.0,0.0,0.0,46579.957833412656,5.7929479086753615,,model,
2022-06-29,Bhakra,1.4441006010627353,-0.6281690612268191,0.0,0.0,0.0,53711.13020688268,9.051090815081182,,model,
2022-06-30,Bhakra,1.225,-0.6777234310959833,0.0,0.0,0.0,52380.00789756556,3.195545998747387,,cwc,0.2648886864473219
2022-07-01,Bhakra,1.24384,-0.6705516105432466,0.0,0.0,0.0,52249.26297424304,5.4271882914715,,cwc,0.02369139409447696
2022-07-02,Bhakra,1.26878,-0.6631110762516205,0.0,0.0,0.0,58129.95301634052,9.770446351621905,,cwc,0.017271516762371375
2022-07-03,Bhakra,1.29104,-0.6585034798200683,0.0,0.0,0.0,57097.83587649282,6.390132271778411,,cwc,0.034339069210319595
2022-07-04,Bhakra,1.30351,-0.6556562272767272,0.0,0.0,0.0,51912.003945913086,3.386100448970422,,cwc,0.04160391665582641
2022-07-05,Bhakra,1.31901,-0.6504023595587124,0.0,0.0,0.0,57900.64699723711,10.532110797130294,,cwc,0.025886387071143657
2022-07-06,Bhakra,1.34619,-0.6483547549057473,0.0,0.0,0.0,55771.99300450185,4.786613824142522,,cwc,0.02885805471153402
2022-07-07,Bhakra,1.134,-0.6989593564044954,0.0,0.0,0.0,57525.591608878305,8.526929585958143,,cwc,0.26302014190797296
2022-07-08,Bhakra,1.141,-0.7006262330385523,0.0,0.0,0.0,57249.80490142842,6.974527873763174,,cwc,0.04812045337014892
2022-07-09,Bhakra,1.5712728947368422,-0.6069392905706789,0.0,0.0,0.0,55262.08457877236,6.387224239189354,,cwc_level,-0.3758271743809276
2022-07-10,Bhakra,1.601947692307692,-0.5973249857253553,0.0,0.0,0.0,50565.98552224615,2.836000945265939,,cwc_level,0.018907814852264115
2022-07-11,Bhakra,1.697372,-0.5728735471800287,0.0,0.0,0.0,49212.17092530276,5.0218473339239305,,cwc_level,-0.05733105638036595
2022-07-12,Bhakra,1.7362166666666667,-0.559905800849072,0.0,0.0,0.0,51591.574830238926,7.14830456538924,,cwc_level,-0.004063625040813257
2022-07-13,Bhakra,1.8195520000000003,-0.5424884583251731,0.0,0.0,0.0,54093.58738473659,8.34946588672212,,cwc_level,-0.04273290030068
2022-07-14,Bhakra,1.8335651656920078,-0.5439703318623134,0.0,0.0,0.0,60448.13460491037,11.728032223569592,,cwc_level,0.03271063007113617
2022-07-15,Bhakra,1.8958358412870637,-0.5348875166270667,0.0,0.0,0.0,56638.819171364965,6.16788067020426,,model,
2022-07-16,Bhakra,1.9487867388971258,-0.5284585522428857,0.0,0.0,0.0,57240.95771334631,8.28583761715089,,model,
2022-07-17,Bhakra,2.003210813939032,-0.5241780743192966,0.0,0.0,0.0,49638.28598630006,2.035519365145232,,model,
2022-07-18,Bhakra,2.0390343782527114,-0.5190974666046371,0.0,0.0,0.0,45634.09919958423,3.405976759791192,,model,
2022-07-19,Bhakra,2.0650613970942024,-0.5118366703425251,0.0,0.0,0.0,51740.05987738456,8.068938198734708,,model,
2022-07-20,Bhakra,2.106027110012082,-0.5031062243057841,0.0,0.0,0.0,46847.7053781783,2.6892229536444248,,model,
2022-07-21,Bhakra,1.961,-0.534769849024617,0.0,0.0,0.0,42886.98641096883,1.8293672407087715,,cwc,0.17402330805204813
2022-07-22,Bhakra,2.01567,-0.5189991314973764,0.0,0.0,0.0,44362.01978811612,3.836936443081764,,cwc,-0.035364000127999784
2022-07-23,Bhakra,2.07035,-0.49986315955444155,0.0,0.0,0.0,48381.18131897748,8.417191234174021,,cwc,-0.031765219538602896
2022-07-24,Bhakra,2.1302,-0.48266539507500555,0.0,0.0,0.0,51090.46985502203,6.66402618587796,,cwc,-0.02710203722358706
2022-07-25,Bhakra,2.20213,-0.4627101053296608,0.0,0.0,0.0,47753.639637901615,4.145912154412494,,cwc,-0.03255355814546501
2022-07-26,Bhakra,2.27148,-0.4422929605180334,0.0,0.0,0.0,49614.66916447248,6.166455574712296,,cwc,-0.038137365354319996
2022-07-27,Bhakra,2.3425,-0.35128606169979926,0.0,0.0,0.0,57289.4369272814,11.0602555506347,,cwc,-0.035254216025067286
2022-07-28,Bhakra,2.40453,-0.34345754164281034,0.0,0.0,0.0,55622.36955410936,6.040235310738099,,cwc,-0.007487316898812768
2022-07-29,Bhakra,2.488,-0.3328911161962862,0.0,0.0,0.0,58477.62202168366,9.92322774138434,,cwc,-0.033005923166797846
2022-07-30,Bhakra,2.588,-0.31735341017037433,0.0,0.0,0.0,57046.75340466805,6.783577222683065,,cwc,-0.042550332303262994
2022-07-31,Bhakra,2.668,-0.4712176371513491,0.0,0.0,0.0,58683.85079587696,9.43440841046855,,cwc,-0.026051060470546616
2022-08-01,Bhakra,2.792,-0.45081898177239094,0.0,0.0,0.0,49257.2550108749,1.16919320533414,,cwc,-0.06604577802753253
2022-08-02,Bhakra,2.866,-0.43430646406087026,0.0,0.0,0.0,44884.89185166751,3.537450948413749,,cwc,-0.039108656752892657
2022-08-03,Bhakra,2.926,-0.42194350008300674,0.0,0.0,0.0,51983.369647794396,9.203743082701534,,cwc,-0.03580597353446757
2022-08-04,Bhakra,2.969,-0.41582099165071806,0.0,0.0,0.0,53041.29237412799,8.035235140347993,,cwc,-0.0014390113478421895
2022-08-05,Bhakra,3.02532,-0.4098138270211881,0.0,0.0,0.0,53135.45427126143,6.760689010853238,,cwc,-0.012170723476514489
2022-08-06,Bhakra,3.09668,-0.3920054154331013,0.0,0.0,0.0,55546.999625950324,8.301244432106742,,cwc,-0.026980349281665372
2022-08-07,Bhakra,3.16912,-0.3779963964446837,0.0,0.0,0.0,47715.49067908951,1.5448173903339717,,cwc,-0.022160321389901316
2022-08-08,Bhakra,3.24702,-0.36585052568517173,0.0,0.0,0.0,47954.63297196738,5.1709118014187885,,cwc,-0.04678069966403786
2022-08-09,Bhakra,3.33387,-0.35192786877797977,0.0,0.0,0.0,43312.99801290465,0.7822715582932146,,cwc,-0.05514561997837664
2022-08-10,Bhakra,3.41021,-0.33163870332560785,0.0,0.0,0.0,63371.59264904031,21.33896981869218,,cwc,-0.05599173056058371
2022-08-11,Bhakra,3.48304,-0.3215779918852898,0.0,0.0,0.0,56935.052177714795,2.69278047421878,,cwc,-0.0034068634457375957
2022-08-12,Bhakra,3.536715654039182,-0.3143161386147245,0.0,0.0,0.0,42749.39362234189,0.0,,model,
2022-08-13,Bhakra,3.5556850227592833,-0.309709735524769,0.0,0.0,0.0,43261.73300379174,1.0610032895158856,,model,
2022-08-14,Bhakra,3.5759078684810617,-0.3081379286032725,0.0,0.0,0.0,57002.63025800408,16.359620952246868,,model,
2022-08-15,Bhakra,3.6297488573988947,-0.29740640736666546,0.0,0.0,0.0,55864.09244893593,4.796873845071478,,model,
2022-08-16,Bhakra,3.6808043275553786,-0.2895433154298584,0.0,0.0,0.0,51063.75595681424,6.066527513133394,,model,
2022-08-17,Bhakra,3.7201154118398323,-0.285057655823677,0.0,0.0,0.0,45188.22551541241,0.6030015808258465,,model,
2022-08-18,Bhakra,4.48532,-0.14478412174145314,0.0,0.0,0.0,38473.78504300669,0.6556902560844362,,cwc,-0.7402684329707752
2022-08-19,Bhakra,4.55498,-0.13001806717208733,0.0,0.0,0.0,58740.849620591594,16.92609048273936,,cwc,-0.06115123067243822
2022-08-20,Bhakra,4.63101,-0.1193385682180109,0.0,0.0,0.0,52394.07505368428,3.706288576075048,,cwc,-0.017936326096861244
2022-08-21,Bhakra,4.7088,-0.11032657791951678,0.0,0.0,0.0,44921.06478323349,1.429445395126563,,cwc,-0.03522418954536821
2022-08-22,Bhakra,4.76926,-0.10638857212211084,0.0,0.0,0.0,40957.04708034336,0.1570148503606361,,cwc,-0.03617747372468738
2022-08-23,Bhakra,4.81558,-0.10265630624552531,0.0,0.0,0.0,41744.263302196014,4.586629574463159,,cwc,-0.031735742498701036
2022-08-24,Bhakra,4.86049,-0.12400964155211795,0.0,0.0,0.0,43427.94275839134,3.494225854810997,,cwc,-0.028399758541257647
2022-08-25,Bhakra,4.64732,-0.17064006615508637,0.0,0.0,0.0,39005.570449946,1.033270115531875,,cwc,0.23379949044281378
2022-08-26,Bhakra,4.67872,-0.1820488198194829,0.0,0.0,0.0,37936.53003109409,0.63199811122622,,cwc,-0.0215901775003422
2022-08-27,Bhakra,4.71218,-0.18850253331016506,0.0,0.0,0.0,36481.15617698352,0.400870768976527,,cwc,-0.02626566564630739
2022-08-28,Bhakra,4.755,-0.17916078434241917,0.0,0.0,0.0,40169.46865304675,4.845846146440916,,cwc,-0.039186347727405035
2022-08-29,Bhakra,4.7964,-0.17181766453251593,0.0,0.0,0.0,40271.09509970257,2.628430116250516,,cwc,-0.02874261261912725
2022-08-30,Bhakra,4.83255,-0.16499853104187545,0.0,0.0,0.0,37651.58167167663,0.920016839722287,,cwc,-0.023243975839958075
2022-08-31,Bhakra,4.86348,-0.1587849332342188,0.0,0.0,0.0,37518.42673422618,1.360987831625502,,cwc,-0.024432813334202663
2022-09-01,Bhakra,4.89487,-0.15340548984696117,0.0,0.0,0.0,41309.25133341573,5.6379379235297575,,cwc,-0.025218586947937993
2022-09-02,Bhakra,4.910315951813904,-0.1524972637532007,0.0,0.0,0.0,40800.5309090588,2.579536965412373,,model,
2022-09-03,Bhakra,4.924517280678055,-0.15243144721498061,0.0,0.0,0.0,41795.499791632305,4.493882721202708,,model,
2022-09-04,Bhakra,4.941152876078893,-0.15253111634666294,0.0,0.0,0.0,39862.13471942736,1.1426353721125049,,model,
2022-09-05,Bhakra,4.953058347773456,-0.15142496671087122,0.0,0.0,0.0,37547.03552762513,0.6943394689538788,,model,
2022-09-06,Bhakra,4.959299754399836,-0.14904057829792688,0.0,0.0,0.0,37166.940934033984,0.52254181148004,,model,
2022-09-07,Bhakra,4.96461123088854,-0.14683251041892323,0.0,0.0,0.0,35153.28186613589,0.1243076078503171,,model,
2022-09-08,Bhakra,5.07805,-0.12633913846339628,0.0,0.0,0.0,34757.712136881564,0.2459034058049714,,cwc,-0.11305386165534781
2022-09-09,Bhakra,5.08661,-0.1238831477956906,0.0,0.0,0.0,37640.04873835589,3.221705143585432,,cwc,-0.00914288377004091
2022-09-10,Bhakra,5.0947,-0.11995868375374066,0.0,0.0,0.0,40695.49497305708,4.732086451372581,,cwc,-0.0016210295268326291
2022-09-11,Bhakra,5.0947,-0.11836094671953354,0.0,0.0,0.0,40274.026057265386,2.7499573532586115,,cwc,0.013944350511725823
2022-09-12,Bhakra,5.1085,-0.11359227026803959,0.0,0.0,0.0,37773.39821748496,0.4295280590543862,,cwc,-0.0008868050308601383
2022-09-13,Bhakra,5.11659,-0.10888909809668612,0.0,0.0,0.0,37129.63722766843,1.0730428817904,,cwc,-0.0012947799521851877
2022-09-14,Bhakra,5.11421,-0.10667770047209504,0.0,0.0,0.0,43714.253796674784,7.961738015586328,,cwc,0.0076002101529519805
2022-09-15,Bhakra,5.10469,-0.10866941901439119,0.0,0.0,0.0,44514.65590954934,4.6873115519375785,,cwc,0.030849972027498396
2022-09-16,Bhakra,5.09755,-0.11120882212446215,0.0,0.0,0.0,46032.32526073858,5.70784584542005,,cwc,0.030428216263462815
2022-09-17,Bhakra,5.09993,-0.11121910321047651,0.0,0.0,0.0,45708.99323239461,3.596857378270147,,cwc,0.024621308984311696
2022-09-18,Bhakra,5.0985,-0.10945024422629372,0.0,0.0,0.0,43388.45395357052,1.1189175537759797,,cwc,0.027640252750672722
2022-09-19,Bhakra,5.09708,-0.10819910929927867,0.0,0.0,0.0,42844.489735456315,3.884121944814804,,cwc,0.021952878098614903
2022-09-20,Bhakra,5.09089,-0.10217454903699975,0.0,0.0,0.0,41362.94226645031,2.92951400853202,,cwc,0.02539202854492384
2022-09-21,Bhakra,5.079,-0.09280084641126919,0.0,0.0,0.0,45034.961527926534,6.697040796885456,,cwc,0.02746731073768416
2022-09-22,Bhakra,5.06853,-0.09150827971434225,0.0,0.0,0.0,50521.687049261534,9.14289849062007,,cwc,0.03503118326559562
2022-09-23,Bhakra,5.06948,-0.09455365842385242,0.0,0.0,0.0,46959.51541409967,3.361828246326253,,cwc,0.03703487175123232
2022-09-24,Bhakra,5.07948,-0.09644790157089983,0.0,0.0,0.0,59775.40286185427,14.98629575410778,,cwc,0.01926974973959883
2022-09-25,Bhakra,5.11088,-0.10152570017602908,0.0,0.0,0.0,68629.28629816552,13.441061460029635,,cwc,0.02922478656378047
2022-09-26,Bhakra,5.15607,-0.10810658601485645,0.0,0.0,0.0,52404.10752984978,0.4522818004939956,,cwc,0.037096481262199
2022-09-27,Bhakra,5.1221,-0.12090099818074852,0.0,0.0,0.0,42853.8487371134,0.0752522864224918,,cwc,0.07656035566547992
2022-09-28,Bhakra,5.25408,-0.10165044697383673,0.0,0.0,0.0,38344.25350940536,0.5707058955351622,,cwc,-0.112755073950491
2022-09-29,Bhakra,5.27596,-0.09938291338235601,0.0,0.0,0.0,34803.38904393265,0.0265241501345699,,cwc,-0.013688139354925077
2022-09-30,Bhakra,5.3007,-0.0951014065116252,0.0,0.0,0.0,34427.90859953103,0.100128452326371,,cwc,-0.02521113176625267
2023-06-01,Bhakra,1.42157,-0.6667532030930603,0.0,0.0,0.0,53856.205666431415,4.49635782162797,,cwc,
2023-06-02,Bhakra,1.44291,-0.6704686631654521,0.0,0.0,0.0,43240.70888448711,0.3004148535771888,,cwc,0.024803023456177797
2023-06-03,Bhakra,1.4712,-0.6677741225413217,0.0,0.0,0.0,39742.700681470036,0.4080546447336192,,cwc,-0.008118591374379314
2023-06-04,Bhakra,1.4879,-0.665787416442072,0.0,0.0,0.0,36584.24611237988,0.4819924856646511,,cwc,-0.005086732702009655
2023-06-05,Bhakra,1.49672,-0.6639666725128404,0.0,0.0,0.0,38223.782760004666,2.774720871379218,,cwc,-0.004934130412472593
2023-06-06,Bhakra,1.50692,-0.6621415123868444,0.0,0.0,0.0,38284.386693558095,0.6976495530232051,,cwc,-0.002302880144362751
2023-06-07,Bhakra,1.51156,-0.6610250883205205,0.0,0.0,0.0,36644.973736794986,0.0272274421655314,,cwc,0.003405391957433057
2023-06-08,Bhakra,1.52316,-0.6570187749479517,0.0,0.0,0.0,36579.31144945734,0.5352250716046028,,cwc,-0.007565555691639414
2023-06-09,Bhakra,1.5270337965618956,-0.653147951899986,0.0,0.0,0.0,36335.735242256465,0.0581518695331668,,model,
2023-06-10,Bhakra,1.530311665531776,-0.6485928648019514,0.0,0.0,0.0,37419.35941151321,0.5794006535659336,,model,
2023-06-11,Bhakra,1.5362407028947256,-0.6446256425260684,0.0,0.0,0.0,38445.977839726555,0.1008272890490967,,model,
2023-06-12,Bhakra,1.5446814397987516,-0.6408275095211525,0.0,0.0,0.0,39289.26193893905,0.2915879558659804,,model,
2023-06-13,Bhakra,1.555185334957861,-0.6371285439093229,0.0,0.0,0.0,42131.79066472942,1.987901309970837,,model,
2023-06-14,Bhakra,1.5726436913850093,-0.6325906976833555,0.0,0.0,0.0,43393.22640165331,2.9936059002621054,,model,
2023-06-15,Bhakra,1.66441,-0.6119071061845096,0.0,0.0,0.0,42309.501931446976,0.8088959178255659,,cwc,-0.07122175436160316
2023-06-16,Bhakra,1.69293,-0.6054046963463522,0.0,0.0,0.0,41997.78710570555,0.8525136534250887,,cwc,-0.010626859533532151
2023-06-17,Bhakra,1.71636,-0.5986103113811378,0.0,0.0,0.0,41814.97274688608,2.4786416014236408,,cwc,-0.006299493403376211
2023-06-18,Bhakra,1.72447,-0.5945988209679599,0.0,0.0,0.0,43361.442980971035,3.083358484665795,,cwc,0.008573237456961147
2023-06-19,Bhakra,1.73097,-0.5873141895556946,0.0,0.0,0.0,44015.212444102806,1.8976003967391524,,cwc,0.01396679371359233
2023-06-20,Bhakra,1.74414,-0.5759506644299187,0.0,0.0,0.0,42639.53668535415,1.2292724802937938,,cwc,0.00889629009451709
2023-06-21,Bhakra,1.72718,-0.5731762626741279,0.0,0.0,0.0,44946.53480988905,3.1063645830919624,,cwc,0.03566059542455857
2023-06-22,Bhakra,1.77619,-0.5593362012921526,0.0,0.0,0.0,45895.28842945524,2.653848547683663,,cwc,-0.02466515938032754
2023-06-23,Bhakra,1.802856038024054,-0.5528279488827291,0.0,0.0,0.0,54133.83264510018,9.174701111527993,,model,
2023-06-24,Bhakra,1.8496782968570273,-0.5472977450889299,0.0,0.0,0.0,59580.75305725321,7.705263377040645,,model,
2023-06-25,Bhakra,1.909826857968925,-0.5408445032327669,0.0,0.0,0.0,54686.26417196997,3.4457139899035925,,model,
2023-06-26,Bhakra,1.9580006822661282,-0.5334976717081777,0.0,0.0,0.0,50428.50483615179,3.06240159783276,,model,
2023-06-27,Bhakra,1.9957575766934865,-0.526682439406653,0.0,0.0,0.0,46993.87226878243,3.332090596360449,,model,
2023-06-28,Bhakra,2.0251113830735736,-0.5221311392002547,0.0,0.0,0.0,45190.84684888396,3.076835509493012,,model,
2023-06-29,Bhakra,2.050053951553334,-0.5166045612758007,0.0,0.0,0.0,46892.46071898169,5.167465203917916,,model,
2023-06-30,Bhakra,2.123,-0.5004804032928064,0.0,0.0,0.0,48539.78669173292,4.530784355946183,,cwc,-0.043840353084358075
2023-07-01,Bhakra,2.23148,-0.47578004005055213,0.0,0.0,0.0,47559.787439066095,4.3214650121103935,,cwc,-0.07534399719721074
2023-07-02,Bhakra,2.26975,-0.46587174931693687,0.0,0.0,0.0,43386.24529481114,0.6392129096583019,,cwc,-0.0075316394034423695
2023-07-03,Bhakra,2.29277,-0.45814450884263724,0.0,0.0,0.0,45184.162585449376,4.626305864044122,,cwc,-0.0024925255518932765
2023-07-04,Bhakra,2.32701,-0.4242992181256034,0.0,0.0,0.0,46801.655573308424,3.933513488544024,,cwc,-0.009313785075698355
2023-07-05,Bhakra,2.36528,-0.36161113213116847,0.0,0.0,0.0,49735.198424070084,6.712114016557408,,cwc,-0.009386466286505524
2023-07-06,Bhakra,2.40896,-0.2829950216897016,0.0,0.0,0.0,50183.37649734042,5.457475318662904,,cwc,-0.007619332086012953
2023-07-07,Bhakra,2.4461171694281014,-0.22537513444434376,0.0,0.0,0.0,48222.286432920955,5.0143410469585925,,model,
2023-07-08,Bhakra,2.4784763838619757,-0.17981525966008313,0.0,0.0,0.0,93582.63513627191,40.94283484799407,,model,
2023-07-09,Bhakra,2.6218131181710342,-0.1487704935428531,0.0,0.0,0.0,146724.40848917916,37.17634636383952,,model,
2023-07-10,Bhakra,2.895165215612413,-0.12983133559485904,0.0,0.0,0.0,176809.89308763682,33.22943238483813,,model,
2023-07-11,Bhakra,3.242123723948363,-0.10538931541530866,0.0,0.0,0.0,141217.79466855226,7.830702079836048,,model,
2023-07-12,Bhakra,3.5020034746774145,-0.09064858614724307,0.0,0.0,0.0,118985.25051451994,13.825563716946643,,model,
2023-07-13,Bhakra,3.487,-0.12532185018742942,0.0,0.0,0.0,92226.75458582102,4.875585773110975,,cwc,0.2204896265638765
2023-07-14,Bhakra,3.60767,-0.11443544216722594,0.0,0.0,0.0,69910.15507963228,8.268212307284307,,cwc,0.019349470111640343
2023-07-15,Bhakra,3.68869,-0.10160954282142685,0.0,0.0,0.0,80054.64107674714,15.229798450241953,,cwc,0.004400223499993139
2023-07-16,Bhakra,3.78177,-0.09442921924420301,0.0,0.0,0.0,62170.38272822198,5.632781129335874,,cwc,0.0171594748626962
2023-07-17,Bhakra,3.88875,-0.06472088046036668,0.0,0.0,0.0,61197.78236236114,8.162442418057763,,cwc,-0.04049571426308285
2023-07-18,Bhakra,4.01272,-0.034569509410991406,0.0,0.0,0.0,62973.76721106522,9.55820704578426,,cwc,-0.05986525453378988
2023-07-19,Bhakra,4.08774,-0.020189285787168748,0.0,0.0,0.0,60438.93132234268,7.496959130695271,,cwc,-0.006570173433685156
2023-07-20,Bhakra,4.185,0.001534036113919464,0.006918877178589078,2827.984278342437,0.0,55246.501071345,4.296078742948828,5.0,cwc,-0.03501184093101273
2023-07-21,Bhakra,4.27048,0.023599370721488634,0.10643892020037082,24646.086493398416,0.0,73211.06234218663,20.412386463058,4.0,cwc,-0.03593551380507254
2023-07-22,Bhakra,4.33198,0.029836497829148722,0.13456988531493153,24976.818724416982,0.0,66110.78837563848,4.873350464813579,3.0,cwc,0.031996142486683254
2023-07-23,Bhakra,4.43448,0.04887192410816919,0.22042430247732625,25310.891685041788,0.0,58820.33622444245,7.097767877085468,2.0,cwc,-0.026375214166571403
2023-07-24,Bhakra,4.47722,0.06387663328396921,0.28809920200922345,32673.02612141725,12238.183851675572,60732.19112613562,7.474583828887097,1.0,cwc,0.015548143884318577
2023-07-25,Bhakra,4.51798,0.07055199225969333,0.3182066997773294,33003.75835243581,29151.16573713298,60985.1519980759,10.023854741683795,1.0,cwc,0.022205641333439274
2023-07-26,Bhakra,4.5518,0.07100503438983587,0.32025003032655075,41561.40111276877,41561.40111276877,59571.984265832645,6.5206120452869225,1.0,cwc,0.0297645292167088
2023-07-27,Bhakra,4.59323,0.059492542234237604,0.3048389394337869,58230.45327785589,58230.45327785589,59307.16325648371,9.950576976772435,1.0,cwc,0.01869710760124388
2023-07-28,Bhakra,4.61634,0.05576846512238305,0.2709465917579079,77381.23752632775,77381.23752632775,69012.09162609447,13.885306783019413,1.0,cwc,0.03636920299582336
2023-07-29,Bhakra,4.68177,0.057269625530408416,0.25481306892574285,91490.79394208365,91490.79394208365,56378.14522255641,2.482594710139669,1.0,cwc,0.01779304341621568
2023-07-30,Bhakra,4.73645,0.06255868309172555,0.2580138597659314,105459.18364767083,105459.18364767083,47996.92872060916,2.609007987675934,1.0,cwc,-0.0023668608984541706
2023-07-31,Bhakra,4.78641,-0.09634278663772058,0.0,0.0,0.0,43375.87511824262,1.3727673197426142,,cwc,-0.018152140234069414
2023-08-01,Bhakra,4.82589,-0.08574400654447442,0.0,0.0,0.0,41621.30024188129,2.6579006277880644,,cwc,-0.01897789697228891
2023-08-02,Bhakra,4.84587,-0.07665468285237452,0.0,0.0,0.0,45590.10232612212,5.510128501298947,,cwc,-0.0037705969576284915
2023-08-03,Bhakra,4.87252,-0.06989505394014724,0.0,0.0,0.0,45731.269849426295,4.286682863182757,,cwc,-0.0007306228332017994
2023-08-04,Bhakra,4.91819,-0.06026239729221483,0.0,0.0,0.0,45124.29646582044,3.4067075941622096,,cwc,-0.01940524582286063
2023-08-05,Bhakra,4.94102,-0.05574183677621735,0.0,0.0,0.0,50690.21996847894,8.450079926972778,,cwc,0.001949747940010127
2023-08-06,Bhakra,4.9591,-0.050777418443444904,0.0,0.0,0.0,53566.09969064729,7.504571218184376,,cwc,0.020317200270009828
2023-08-07,Bhakra,4.98147,-0.04453180746619429,0.0,0.0,0.0,49653.888143247364,3.564322947980075,,cwc,0.023063257270207416
2023-08-08,Bhakra,5.00953,-0.03378422544448352,0.0,0.0,0.0,48377.87338010406,4.518650772910321,,cwc,0.007801736169324336
2023-08-09,Bhakra,5.02429,-0.01200351673908891,0.0,0.0,0.0,45795.216988785745,2.993658250399764,,cwc,0.0179798696540594
2023-08-10,Bhakra,5.04283,0.01096936748573322,0.05938122318261119,24271.158636669512,0.0,54284.72309865813,10.695645231988117,5.0,cwc,0.007881205684503456
2023-08-11,Bhakra,5.07995,0.020659299443859403,0.11183639099225484,24213.670792079352,0.0,58241.93762696501,8.95144053039322,4.0,cwc,0.01007142372670522
2023-08-12,Bhakra,5.15465,0.030791169949610567,0.16668393480385735,29796.596143049475,0.0,61965.22547286646,11.26847910919163,3.0,cwc,-0.01782695197984907
2023-08-13,Bhakra,5.23933,0.039410086920480356,0.2133413043290613,38117.27424682417,0.0,90537.61466309623,27.59071677662284,2.0,cwc,-0.018697646987027028
2023-08-14,Bhakra,5.39348,0.04678291259811983,0.25325312309343406,45922.90620157278,45922.90620157278,89047.78568920268,10.596819778045786,1.0,cwc,-0.01826313831630877
2023-08-15,Bhakra,5.5619,0.05564766419492495,0.30124128592168464,86266.93284191709,86266.93284191709,60552.73629675667,0.0415011015211661,1.0,cwc,-0.03617811745088595
2023-08-16,Bhakra,5.54525,0.04250828057456621,0.23011296678594384,69036.31849146607,69036.31849146607,50127.55251242534,1.220041932408949,1.0,cwc,0.07917659153634915
2023-08-17,Bhakra,5.48578,0.02661836173305665,0.14409498823718447,41025.38319937594,41025.38319937594,46424.062011156464,4.06093433929468,1.0,cwc,0.09649059183175357
2023-08-18,Bhakra,5.42535,0.02095409626331529,0.08300563201455446,13746.012157047757,13746.012157047757,43844.52094544343,2.906643325835854,1.0,cwc,0.08838972253817623
2023-08-19,Bhakra,5.29729,0.006670347737807078,0.0,0.0,0.0,39823.130684840646,1.144283202370192,,cwc,0.14970868044806362
2023-08-20,Bhakra,5.36494,0.025995572875286976,0.0434959314957446,17778.2907929736,0.0,38285.56403025648,0.7928349972829509,4.0,cwc,-0.055839954622634025
2023-08-21,Bhakra,5.3302,0.026167685259435677,0.003184514415079498,1301.621125443387,0.0,39276.475954802554,2.085539392768289,3.0,cwc,0.04278827240060856
2023-08-22,Bhakra,5.29261,0.015532399885151642,0.0,0.0,0.0,58857.13562305851,20.54004205026171,,cwc,0.04806261328299488
2023-08-23,Bhakra,5.31879,0.007874383789558683,0.0,0.0,0.0,64458.24790067398,10.070053923661282,,cwc,0.03219817639306388
2023-08-24,Bhakra,5.37393,-0.02250376371431707,0.0,0.0,0.0,57106.360237156645,5.606126430690944,,cwc,0.01694172071935185
2023-08-25,Bhakra,5.36493,-0.04210166217319322,0.0,0.0,0.0,53435.302528909095,4.166679020342048,,cwc,0.06309477214816717
2023-08-26,Bhakra,5.3806,-0.06347749692974541,0.0,0.0,0.0,43240.36351566434,0.7292284240943351,,cwc,0.02944325213287069
2023-08-27,Bhakra,5.36399,-0.0816920649069996,0.0,0.0,0.0,38883.60802036074,1.0886519819583722,,cwc,0.03678056365470539
2023-08-28,Bhakra,5.35019,-0.0852038771382109,0.0,0.0,0.0,37129.58107020855,1.081304825891858,,cwc,0.02331143220196008
2023-08-29,Bhakra,5.3321,-0.08858024299122558,0.0,0.0,0.0,35115.54744931763,0.1190995115515014,,cwc,0.023310072759484157
2023-08-30,Bhakra,5.31355,-0.09111807778050982,0.0,0.0,0.0,34685.8324902873,0.086034904218411,,cwc,0.01884258735469846
2023-08-31,Bhakra,5.30594,-0.09070455204833934,0.0,0.0,0.0,35174.96633828289,0.6269999238366673,,cwc,0.006851257244379738
2023-09-01,Bhakra,5.30546,-0.08939582278576164,0.0,0.0,0.0,36129.66224289444,0.9725406047546707,,cwc,0.0009179601553848116
2023-09-02,Bhakra,5.31022,-0.0883483647267999,0.0,0.0,0.0,36452.87170799838,0.1566579897954483,,cwc,-0.001986304190956467
2023-09-03,Bhakra,5.30308,-0.08927949713179949,0.0,0.0,0.0,36631.244078832635,0.6358853472367344,,cwc,0.010704452182457302
2023-09-04,Bhakra,5.30546,-0.0885455833866614,0.0,0.0,0.0,38784.77643504041,3.841142312236919,,cwc,0.0016208536629402914
2023-09-05,Bhakra,5.3107,-0.08695456948694773,0.0,0.0,0.0,38499.48829268929,2.1544761571884234,,cwc,0.004029633262187637
2023-09-06,Bhakra,5.31641,-0.08406267587905691,0.0,0.0,0.0,36687.88376590397,0.7776763137981092,,cwc,0.002861654269675107
2023-09-07,Bhakra,5.32069,-0.08177332687958437,0.0,0.0,0.0,37145.49822890023,1.2756912196595716,,cwc,-0.00014057306376180634
2023-09-08,Bhakra,5.32117,-0.08130264965424924,0.0,0.0,0.0,37412.77121944072,1.8354809978713351,,cwc,0.004779015290693245
2023-09-09,Bhakra,5.33401,-0.07861499224754076,0.0,0.0,0.0,40446.09754487775,4.415477175722458,,cwc,-0.006927081146663738
2023-09-10,Bhakra,5.33163,-0.0785044172189701,0.0,0.0,0.0,43078.27028426827,5.2550011411928965,,cwc,0.015714180862819838
2023-09-11,Bhakra,5.34115,-0.07726286129905187,0.0,0.0,0.0,40410.85983276808,0.1557084197729795,,cwc,0.010253990318672024
2023-09-12,Bhakra,5.34543,-0.07627105094117873,0.0,0.0,0.0,38074.39195134168,0.2629742725444842,,cwc,0.008967969138089948
2023-09-13,Bhakra,5.35209,-0.07161640331914025,0.0,0.0,0.0,38589.07842786979,1.171345316238674,,cwc,0.000871623956433254
2023-09-14,Bhakra,5.3597,-0.06794559921955518,0.0,0.0,0.0,41683.19954461206,5.1398882925797205,,cwc,0.001180843303530743
2023-09-15,Bhakra,5.36113,-0.06799304310469056,0.0,0.0,0.0,42154.87832414936,2.9386717766013755,,cwc,0.014930844362718965
2023-09-16,Bhakra,5.36208,-0.06839151415222287,0.0,0.0,0.0,41032.25611053665,2.8616963657033705,,cwc,0.01656484213008902
2023-09-17,Bhakra,5.36208,-0.06938111620605432,0.0,0.0,0.0,46478.48643251121,8.160825549452918,,cwc,0.014768262075373961
2023-09-18,Bhakra,5.36256,-0.0728938250598315,0.0,0.0,0.0,44253.13841381767,2.9152526234648377,,cwc,0.027612875996543274
2023-09-19,Bhakra,5.38111,-0.07294092273020891,0.0,0.0,0.0,40985.30131739127,1.5969573064981124,,cwc,0.004098393953673174
2023-09-20,Bhakra,5.3892,-0.07398876802679044,0.0,0.0,0.0,40814.092667537196,2.6628650553862907,,cwc,0.006563383626718711
2023-09-21,Bhakra,5.39729,-0.0751336682124101,0.0,0.0,0.0,38666.75451312196,1.6424566782614365,,cwc,0.006144508730798748
2023-09-22,Bhakra,5.403,-0.07597687466383217,0.0,0.0,0.0,37885.667768870175,1.6712995549386631,,cwc,0.0032708837141832703
2023-09-23,Bhakra,5.40157,-0.07779489526164948,0.0,0.0,0.0,36558.531949925746,0.8250730520267014,,cwc,0.008499895986743056
2023-09-24,Bhakra,5.39676,-0.07964353831641298,0.0,0.0,0.0,35173.91495277658,0.1176264939539279,,cwc,0.008632957946494102
2023-09-25,Bhakra,5.39676,-0.08005170612027016,0.0,0.0,0.0,34770.710528289936,0.1214013486697059,,cwc,0.00043538786131680496
2023-09-26,Bhakra,5.38729,-0.08186337933623843,0.0,0.0,0.0,34317.316193718434,0.0,,cwc,0.008918917776509439
2023-09-27,Bhakra,5.37206,-0.08442425328283008,0.0,0.0,0.0,34124.441040498525,0.0050836137751353,,cwc,0.01356965428505763
2023-09-28,Bhakra,5.369927770651846,-0.08378308609691597,0.0,0.0,0.0,34105.62947742813,0.0,,model,
2023-09-29,Bhakra,5.35066,-0.0864563040783347,0.0,0.0,0.0,34198.24843278585,0.1295102934933728,,cwc,0.017089517393509723
2023-09-30,Bhakra,5.33401,-0.08905265801213783,0.0,0.0,0.0,34310.882235737234,0.1533101793497211,,cwc,0.014698346012896657
2024-06-01,Bhakra,1.79382,-0.5968138764091586,0.0,0.0,0.0,35991.95457491002,0.1155859756079633,,cwc,
2024-06-02,Bhakra,1.80534,-0.5930970855682418,0.0,0.0,0.0,36146.23754716251,0.1146160131090015,,cwc,-0.009083216403881877
2024-06-03,Bhakra,1.81109,-0.591744959788663,0.0,0.0,0.0,37708.10290335957,1.9087470206068733,,cwc,-0.0029357514568744136
2024-06-04,Bhakra,1.81742,-0.5913463779890414,0.0,0.0,0.0,38505.60792869927,1.3430369861065428,,cwc,0.00030547012903725523
2024-06-05,Bhakra,1.82807,-0.5907759091734848,0.0,0.0,0.0,40076.93167498713,3.1793957536721096,,cwc,-0.0020633735785144935
2024-06-06,Bhakra,1.85915,-0.5864917365715174,0.0,0.0,0.0,38135.20888767386,0.0954298550325342,,cwc,-0.018649011326706377
2024-06-07,Bhakra,1.88015,-0.5833224625785778,0.0,0.0,0.0,36288.64769477672,0.0,,cwc,-0.013319582814381725
2024-06-08,Bhakra,1.89569,-0.5804763024922391,0.0,0.0,0.0,35855.595696707365,0.0781502401956619,,cwc,-0.012377334272283491
2024-06-09,Bhakra,1.91151,-0.5773758398706612,0.0,0.0,0.0,35204.239833958396,0.0129898782051045,,cwc,-0.013716828700711003
2024-06-10,Bhakra,1.91813,-0.5759029130939654,0.0,0.0,0.0,35271.301925109576,0.0729283393216087,,cwc,-0.006110420025962293
2024-06-11,Bhakra,1.92101,-0.5751485839131723,0.0,0.0,0.0,35394.31621375345,0.1037154816786307,,cwc,-0.002206347553718624
2024-06-12,Bhakra,1.91669,-0.5758878023005121,0.0,0.0,0.0,35183.78765786908,0.0,,cwc,0.0052946161966307415
2024-06-13,Bhakra,1.91612,-0.5748526300184689,0.0,0.0,0.0,35105.09483147001,0.0223360290517784,,cwc,0.0010295421801640448
2024-06-14,Bhakra,1.90605,-0.574585097218008,0.0,0.0,0.0,35213.74665547233,0.0186673284476349,,cwc,0.010337014235485942
2024-06-15,Bhakra,1.90403,-0.5711012574867851,0.0,0.0,0.0,35484.74665713363,0.050836138289494,,cwc,0.0025528391310696286
2024-06-16,Bhakra,1.9164,-0.5659028160662092,0.0,0.0,0.0,35797.30589686582,0.0304852939779505,,cwc,-0.011174138892022567
2024-06-17,Bhakra,1.91583,-0.5650617800004275,0.0,0.0,0.0,37325.09884017964,1.264534902367168,,cwc,0.0025305609004420138
2024-06-18,Bhakra,1.93022,-0.5618435624662881,0.0,0.0,0.0,39714.2466839843,2.023327334877332,,cwc,-0.008691578245784592
2024-06-19,Bhakra,1.94029,-0.5596413121545596,0.0,0.0,0.0,42461.823371097315,4.604627742350324,,cwc,0.0014736524435683407
2024-06-20,Bhakra,1.95122,-0.558938513431216,0.0,0.0,0.0,40011.988518377126,0.1037550121545844,,cwc,0.00733580637577913
2024-06-21,Bhakra,1.95813,-0.5577122330025609,0.0,0.0,0.0,37580.72839424774,0.3194494424130591,,cwc,0.005362100334480813
2024-06-22,Bhakra,1.96589,-0.5524426714147382,0.0,0.0,0.0,37376.16872202897,0.6313557206890872,,cwc,-0.001436161230082167
2024-06-23,Bhakra,1.9541,-0.550161709788839,0.0,0.0,0.0,39658.12180965623,3.659462491450653,,cwc,0.01761336807826197
2024-06-24,Bhakra,1.93568,-0.5508095602842104,0.0,0.0,0.0,39289.95880760524,1.2860141985264737,,cwc,0.029826338698540233
2024-06-25,Bhakra,1.92245,-0.549772650142302,0.0,0.0,0.0,39448.27158887156,1.842504551760755,,cwc,0.023735600100946552
2024-06-26,Bhakra,1.91957,-0.5442453903430694,0.0,0.0,0.0,44123.34612098405,5.416854039266172,,cwc,0.013772924280140542
2024-06-27,Bhakra,1.919,-0.5400047873696878,0.0,0.0,0.0,46400.0852438831,4.922429177844773,,cwc,0.022900847304025085
2024-06-28,Bhakra,1.93424,-0.5324005071756477,0.0,0.0,0.0,45992.7049450723,2.576552076507189,,cwc,0.012661061565704124
2024-06-29,Bhakra,1.9518,-0.5223483530800915,0.0,0.0,0.0,46609.05335944109,3.7688701587079554,,cwc,0.009344374888895057
2024-06-30,Bhakra,1.96273,-0.5137247044929792,0.0,0.0,0.0,50814.88987970067,6.223472729702441,,cwc,0.017482317847027584
2024-07-01,Bhakra,1.98518,-0.5011463663816562,0.0,0.0,0.0,52173.84517584086,5.433742448715601,,cwc,0.01625221462607107
2024-07-02,Bhakra,2.02805,-0.4880626767942458,0.0,0.0,0.0,54189.40495410423,6.287363738545885,,cwc,-0.0008429985788986905
2024-07-03,Bhakra,2.06028,-0.48065638567451735,0.0,0.0,0.0,57346.39796595414,7.675369716253281,,cwc,0.014728220685192195
2024-07-04,Bhakra,2.09193,-0.47879662686113916,0.0,0.0,0.0,58039.217185368856,7.424256224960966,,cwc,0.02303204258545266
2024-07-05,Bhakra,2.13336,-0.47884446189386526,0.0,0.0,0.0,64826.87248899983,12.049534303215149,,cwc,0.014947077145158971
2024-07-06,Bhakra,2.18026,-0.4797100163862066,0.0,0.0,0.0,58771.07962006051,4.914965477622011,,cwc,0.026083588622637155
2024-07-07,Bhakra,2.21076,-0.4823212243952142,0.0,0.0,0.0,54669.33294453343,6.163027937988547,,cwc,0.027667633880581466
2024-07-08,Bhakra,2.22803,-0.486414349268823,0.0,0.0,0.0,47838.400547752346,1.4266720816718257,,cwc,0.03086240077020097
2024-07-09,Bhakra,2.24673,-0.4857990205866441,0.0,0.0,0.0,41017.16048039143,0.2340966698200656,,cwc,0.012720008614939271
2024-07-10,Bhakra,2.26227,-0.4822626234666612,0.0,0.0,0.0,44061.57789256449,4.541095408319073,,cwc,-0.0008086705241838743
2024-07-11,Bhakra,2.27723,-0.4805639081347248,0.0,0.0,0.0,41490.93254579744,1.722144250052309,,cwc,0.007219726666881865
2024-07-12,Bhakra,2.29162,-0.47682620019262284,0.0,0.0,0.0,40064.84138593336,1.3721764765195634,,cwc,0.0015004486252028215
2024-07-13,Bhakra,2.30485,-0.4708508954071915,0.0,0.0,0.0,41329.41801003861,3.412643440101064,,cwc,-0.0008285911322438722
2024-07-14,Bhakra,2.31867,-0.4654767138448632,0.0,0.0,0.0,41184.74733163984,2.959336941597256,,cwc,0.0016752911117645652
2024-07-15,Bhakra,2.31665,-0.4635467648485924,0.0,0.0,0.0,41078.477951218214,3.097944822473133,,cwc,0.017161343367836146
2024-07-16,Bhakra,2.30629,-0.4624634631913789,0.0,0.0,0.0,42499.67916885108,4.127851272463264,,cwc,0.025241347300455796
2024-07-17,Bhakra,2.30094,-0.4566222585275352,0.0,0.0,0.0,45672.71341000582,5.89571230465473,,cwc,0.023708423444820603
2024-07-18,Bhakra,2.29478,-0.4553341765205882,0.0,0.0,0.0,45587.9704039581,3.4601289409115528,,cwc,0.03228149142441916
2024-07-19,Bhakra,2.2991,-0.4538167173544545,0.0,0.0,0.0,45568.23792127162,3.892429008907086,,cwc,0.021594161258165823
2024-07-20,Bhakra,2.29766,-0.45180314432446106,0.0,0.0,0.0,47310.02670816352,5.499067265543724,,cwc,0.02730588424857272
2024-07-21,Bhakra,2.31205,-0.44369668348665964,0.0,0.0,0.0,55454.62688977378,11.557352278181074,,cwc,0.015737302100093498
2024-07-22,Bhakra,2.32989,-0.4390167803808783,0.0,0.0,0.0,50565.08804569524,2.4814891406612154,,cwc,0.0322136817326939
2024-07-23,Bhakra,2.36039,-0.43111276623289874,0.0,0.0,0.0,46619.6618650665,3.309079211705757,,cwc,0.007591055567759408
2024-07-24,Bhakra,2.38205,-0.4200610062562653,0.0,0.0,0.0,49868.82275145717,5.987840217902352,,cwc,0.006778272357465642
2024-07-25,Bhakra,2.41714,-0.4101221761874337,0.0,0.0,0.0,56372.5371200197,10.860932091405449,,cwc,0.0012975899256630896
2024-07-26,Bhakra,2.4335,-0.4110807200395868,0.0,0.0,0.0,56790.16909666631,7.206509941028937,,cwc,0.03593941845502213
2024-07-27,Bhakra,2.4703,-0.3352743929112335,0.0,0.0,0.0,52669.675576706795,5.44466556295475,,cwc,0.01652118663612523
2024-07-28,Bhakra,2.50199,-0.3294135922056343,0.0,0.0,0.0,58140.309234951266,9.259526450219028,,cwc,0.01155008795459933
2024-07-29,Bhakra,2.56467,-0.31924134881276633,0.0,0.0,0.0,53848.4867772346,3.8576885453153342,,cwc,-0.006055593518483171
2024-07-30,Bhakra,2.60249,-0.315183639124316,0.0,0.0,0.0,47918.57104668883,2.930860400716587,,cwc,0.008304138610629952
2024-07-31,Bhakra,2.63009,-0.4782138300234953,0.0,0.0,0.0,57734.621221291025,12.018972782158173,,cwc,0.004016151797111789
2024-08-01,Bhakra,2.66348,-0.47757029687770375,0.0,0.0,0.0,52684.664335354595,4.151381209139883,,cwc,0.02224186010817375
2024-08-02,Bhakra,2.72515,-0.4665341608785975,0.0,0.0,0.0,55028.243921404886,8.689938972529198,,cwc,-0.018393240915034692
2024-08-03,Bhakra,2.73401,-0.4658260987277702,0.0,0.0,0.0,47368.35819353646,0.9341866857824828,,cwc,0.04015050358924377
2024-08-04,Bhakra,2.75888,-0.45869630409446477,0.0,0.0,0.0,45049.908766522545,3.2404696202639944,,cwc,0.005400014485742677
2024-08-05,Bhakra,2.7783,-0.4524574159070192,0.0,0.0,0.0,45510.87513624703,2.9897350212856044,,cwc,0.005177752814018444
2024-08-06,Bhakra,2.7909,-0.4449315260287496,0.0,0.0,0.0,51896.89618912138,10.780567191539395,,cwc,0.013125541861506829
2024-08-07,Bhakra,2.83077,-0.4347938877890865,0.0,0.0,0.0,52973.53565646732,6.7171243549271775,,cwc,0.0014794248028295875
2024-08-08,Bhakra,2.89107,-0.42517667863326375,0.0,0.0,0.0,52978.73156021603,7.838255753095673,,cwc,-0.016316495404989695
2024-08-09,Bhakra,2.949,-0.41817503455383115,0.0,0.0,0.0,50916.63862928921,4.513089265703687,,cwc,-0.01393378323394101
2024-08-10,Bhakra,3.00113,-0.4110059230420025,0.0,0.0,0.0,57012.83413553777,10.466509844332284,,cwc,-0.013178849371395795
2024-08-11,Bhakra,3.2105658948863662,-0.37886514347857886,0.0,0.0,0.0,58031.49796147782,7.207728547130281,,cwc_level,-0.15556994141128966
2024-08-12,Bhakra,3.15199,-0.3958957294461655,0.0,0.0,0.0,49606.172855063065,3.34145364800296,,cwc,0.11493408636712266
2024-08-13,Bhakra,3.20729,-0.3893913536860907,0.0,0.0,0.0,44792.79024864765,1.783241552156391,,cwc,-0.019555002887896134
2024-08-14,Bhakra,3.24196,-0.38244737846293025,0.0,0.0,0.0,45471.90138790405,4.164867487246464,,cwc,-0.0107013070641222
2024-08-15,Bhakra,3.2675901896418926,-0.3756365020764009,0.0,0.0,0.0,42524.817765185464,2.06447918197451,,model,
2024-08-16,Bhakra,3.34205,-0.3592602246975702,0.0,0.0,0.0,44291.094699032845,5.005360270386392,,cwc,-0.0560398834382454
2024-08-17,Bhakra,3.38918,-0.3503661423905989,0.0,0.0,0.0,41394.93233738503,1.2565300649118385,,cwc,-0.02438874312712036
2024-08-18,Bhakra,3.43592,-0.3376332629353737,0.0,0.0,0.0,45986.41512266808,7.772296057893601,,cwc,-0.031084423137066164
2024-08-19,Bhakra,3.48265,-0.3291171840260233,0.0,0.0,0.0,50065.91068377181,7.163431683786083,,cwc,-0.019841013636785032
2024-08-20,Bhakra,3.52511,-0.3143582813785327,0.0,0.0,0.0,48325.17245696705,4.983190024444322,,cwc,-0.005590219558813558
2024-08-21,Bhakra,3.54964,-0.31015459315810295,0.0,0.0,0.0,44706.75354047508,2.1183886593798618,,cwc,0.00808093286428413
2024-08-22,Bhakra,3.57574,-0.30546853692932724,0.0,0.0,0.0,46175.02592035475,5.725866819203875,,cwc,-0.002341802370356305
2024-08-23,Bhakra,3.603090436928462,-0.29952256466675237,0.0,0.0,0.0,43011.23708157343,2.1605278527022627,,model,
2024-08-24,Bhakra,3.6227004254526816,-0.3234358905573192,0.0,0.0,0.0,44360.355106130584,5.114468798701551,,model,
2024-08-25,Bhakra,3.6456111331438414,-0.32673721138137835,0.0,0.0,0.0,41406.72610256334,1.198551717421126,,model,
2024-08-26,Bhakra,3.66129556434425,-0.3393067257363908,0.0,0.0,0.0,45789.399832392366,7.455196769430286,,model,
2024-08-27,Bhakra,3.6877025379161776,-0.3496315508164963,0.0,0.0,0.0,49033.62332798286,5.535301390338366,,model,
2024-08-28,Bhakra,3.7220467493567115,-0.3444786524692857,0.0,0.0,0.0,45658.14184459133,3.7647882590812536,,model,
2024-08-29,Bhakra,3.75,-0.3369612019439991,0.0,0.0,0.0,48281.16153679262,6.462142303880686,,cwc,-0.0018674096544728513
2024-08-30,Bhakra,3.782503256823248,-0.3284955525446952,0.0,0.0,0.0,43701.601817557734,1.8681641199876904,,model,
2024-08-31,Bhakra,3.803802274828036,-0.32346531367509496,0.0,0.0,0.0,39000.77590776193,0.4863071615889842,,model,
2024-09-01,Bhakra,3.813600367118035,-0.31839565280719956,0.0,0.0,0.0,47313.22039774678,8.990419178928613,,model,
2024-09-02,Bhakra,3.8437354828209633,-0.31309707702264566,0.0,0.0,0.0,52202.067937406784,9.25929653177067,,model,
2024-09-03,Bhakra,3.88583153336034,-0.3078054760917579,0.0,0.0,0.0,55231.876058599286,9.151352153104972,,model,
2024-09-04,Bhakra,3.935340238356731,-0.3049661153248243,0.0,0.0,0.0,47020.020531091206,1.0811862841638409,,model,
2024-09-05,Bhakra,3.90761,-0.3111417582592155,0.0,0.0,0.0,47114.253156801075,5.402910192974273,,cwc,0.05714801843594142
2024-09-06,Bhakra,4.1291,-0.274982141584186,0.0,0.0,0.0,47661.441391638764,4.792372403295032,,cwc_level,-0.19184167268313512
2024-09-07,Bhakra,3.96582,-0.30581528415912373,0.0,0.0,0.0,47644.769005576956,5.892834268988396,,cwc,0.19426706467103116
2024-09-08,Bhakra,3.99135,-0.300453539260552,0.0,0.0,0.0,41783.04104874926,0.727918923259613,,cwc,0.005416274419005607
2024-09-09,Bhakra,4.01752,-0.2871478089625465,0.0,0.0,0.0,43592.33996267548,5.637810016001279,,cwc,-0.00956488585482873
2024-09-10,Bhakra,4.04587,-0.27730841433311104,0.0,0.0,0.0,43018.00451467978,2.7466020619466787,,cwc,-0.007318299377428339
2024-09-11,Bhakra,4.06724,-0.27245498189407036,0.0,0.0,0.0,40697.42222473978,2.82950457713899,,cwc,-0.0017434544394365759
2024-09-12,Bhakra,4.086,-0.26893936312764644,0.0,0.0,0.0,50026.256674991346,10.466063953147088,,cwc,-0.004810934321437976
2024-09-13,Bhakra,4.09908,-0.2703038897472151,0.0,0.0,0.0,62891.89489187994,16.905101709738588,,cwc,0.02369276391302133
2024-09-14,Bhakra,4.11434,-0.27295707050832635,0.0,0.0,0.0,55524.37481544914,1.7792382737449068,,cwc,0.05298951975233823
2024-09-15,Bhakra,4.13048,-0.27521209018647624,0.0,0.0,0.0,45884.78005114455,1.6592362743834117,,cwc,0.034084325302003116
2024-09-16,Bhakra,4.14574,-0.275740015749432,0.0,0.0,0.0,41433.14351805527,0.0342584716407467,,cwc,0.011380328482656132
2024-09-17,Bhakra,4.15534,-0.2747529955352134,0.0,0.0,0.0,41418.30358795346,3.640263104354122,,cwc,0.006149063403127819
2024-09-18,Bhakra,4.16188,-0.2753166899603211,0.0,0.0,0.0,50312.557777861606,10.004578535220135,,cwc,0.009172756393042825
2024-09-19,Bhakra,4.16406,-0.28048872139268133,0.0,0.0,0.0,43537.09817182855,0.0126641411876548,,cwc,0.03529322118996703
2024-09-20,Bhakra,4.17628,-0.2807762806530766,0.0,0.0,0.0,38385.56029004275,0.0,,cwc,0.008676547407993063
2024-09-21,Bhakra,4.18194,-0.277984833923184,0.0,0.0,0.0,39868.621740698756,1.2929760834084538,,cwc,0.0026329208044479913
2024-09-22,Bhakra,4.18412,-0.2769415177564305,0.0,0.0,0.0,37397.74893611312,0.0143753312426649,,cwc,0.009741342682168863
2024-09-23,Bhakra,4.185,-0.2759646898759272,0.0,0.0,0.0,37058.51801140823,2.100285161413932e-06,,cwc,0.004996165702308097
2024-09-24,Bhakra,4.18674,-0.2753572383299477,0.0,0.0,0.0,37854.99262743007,0.8485986835520171,,cwc,0.003306211617630339
2024-09-25,Bhakra,4.185,-0.27668205929566025,0.0,0.0,0.0,42744.67517291528,7.125955387002496,,cwc,0.008734846935841034
2024-09-26,Bhakra,4.569895714285715,-0.21423314074342675,0.0,0.0,0.0,41471.47785200511,1.966813211063698,,cwc_level,-0.36593788960859364
2024-09-27,Bhakra,4.585738565532839,-0.21451266365978805,0.0,0.0,0.0,39373.02928631669,1.6498873902640143,,model,
2024-09-28,Bhakra,4.596447403835558,-0.21473378610881866,0.0,0.0,0.0,37799.34554945425,0.5420898258924401,,model,
2024-09-29,Bhakra,4.603306105991242,-0.21494672672244233,0.0,0.0,0.0,35399.39650968584,0.0,,model,
2024-09-30,Bhakra,4.604293151515665,-0.21505310244467726,0.0,0.0,0.0,34699.66325581559,0.0,,model,
2025-06-01,Bhakra,1.41856,-0.6773008535705308,0.0,0.0,0.0,36850.888250068885,0.3958984293835809,,cwc,
2025-06-02,Bhakra,1.41763,-0.6776326211785375,0.0,0.0,0.0,37699.92513684653,2.319829851195609,,cwc,0.005468229721010243
2025-06-03,Bhakra,1.40487,-0.6813782836512369,0.0,0.0,0.0,41330.72176796877,5.913163774243316,,cwc,0.019375462605469185
2025-06-04,Bhakra,1.38098,-0.6889339496519659,0.0,0.0,0.0,39990.64042590105,1.8529942342320305,,cwc,0.0393884808540339
2025-06-05,Bhakra,1.35941,-0.6946250827834441,0.0,0.0,0.0,37561.24360001855,0.5699473615877574,,cwc,0.03378987061348493
2025-06-06,Bhakra,1.3656861677488468,-0.6911970708324991,0.0,0.0,0.0,36619.400256805326,0.0152638664090725,,model,
2025-06-07,Bhakra,1.3696580446064501,-0.6868266411562617,0.0,0.0,0.0,36010.27704850588,0.0,,model,
2025-06-08,Bhakra,1.3721396555184018,-0.6829657128937493,0.0,0.0,0.0,37166.57598292343,0.0137033887953966,,model,
2025-06-09,Bhakra,1.3774502391266437,-0.6788357112819062,0.0,0.0,0.0,38315.48305464914,0.3505437436119148,,model,
2025-06-10,Bhakra,1.3855717106806777,-0.67479663700411,0.0,0.0,0.0,41315.47166852925,2.3019890250770327,,model,
2025-06-11,Bhakra,1.4010328810143557,-0.6713414083876154,0.0,0.0,0.0,43052.811804511024,2.980852779738888,,model,
2025-06-12,Bhakra,1.239,-0.7055278798026952,0.0,0.0,0.0,42113.54970061839,1.3791847863188151,,cwc,0.18174458523902692
2025-06-13,Bhakra,1.26575,-0.696473323160586,0.0,0.0,0.0,42609.58443847357,2.529425357006008,,cwc,-0.009336271469572832
2025-06-14,Bhakra,1.27475,-0.6936841698129331,0.0,0.0,0.0,42441.96056780799,1.7720852647444632,,cwc,0.009627314989806068
2025-06-15,Bhakra,1.28695,-0.6914104492563268,0.0,0.0,0.0,41365.64539102807,1.8029334749654349,,cwc,0.006017210526985561
2025-06-16,Bhakra,1.30351,-0.6872876481827175,0.0,0.0,0.0,46258.74323286645,6.985719692412303,,cwc,-0.0009760758638270861
2025-06-17,Bhakra,1.30778,-0.6882501169288141,0.0,0.0,0.0,47871.908478202386,5.521796312154297,,cwc,0.023285257657992053
2025-06-18,Bhakra,1.32684,-0.6840926656988541,0.0,0.0,0.0,44072.756976858174,1.2270317397987385,,cwc,0.012441988298160123
2025-06-19,Bhakra,1.34967,-0.6770773605132656,0.0,0.0,0.0,41646.98593257634,1.596261160287172,,cwc,-0.0006229228588634506
2025-06-20,Bhakra,1.34295,-0.6767717433104277,0.0,0.0,0.0,42197.35435220921,2.2195699555502384,,cwc,0.022992245025096114
2025-06-21,Bhakra,1.33854,-0.673216161769607,0.0,0.0,0.0,42739.14258005353,1.6593826619932663,,cwc,0.022028762941612268
2025-06-22,Bhakra,1.35014,-0.6636475431049382,0.0,0.0,0.0,47745.65832609002,5.885420404693105,,cwc,0.0073442887707226845
2025-06-23,Bhakra,1.37658,-0.6503412156203082,0.0,0.0,0.0,47674.01022141856,3.216596834299996,,cwc,0.0047531077633802266
2025-06-24,Bhakra,1.41021,-0.6303382206350874,0.0,0.0,0.0,44957.08529579837,2.990803042146589,,cwc,-0.0026121847373938856
2025-06-25,Bhakra,1.44824,-0.6045310712382618,0.0,0.0,0.0,50554.56218427354,7.6767096229365315,,cwc,-0.01365934681950809
2025-06-26,Bhakra,1.48489,-0.5785217654852057,0.0,0.0,0.0,55637.499623645956,8.244891308966517,,cwc,0.0014153032526096343
2025-06-27,Bhakra,1.50785,-0.5677838441541392,0.0,0.0,0.0,61468.83305522209,12.702605792473085,,cwc,0.027541093691332952
2025-06-28,Bhakra,1.54217,-0.5570762689248878,0.0,0.0,0.0,70803.64062137759,14.7763000659711,,cwc,0.030447891462968002
2025-06-29,Bhakra,1.583,-0.5510228589424029,0.0,0.0,0.0,76988.19950631735,14.27196357270817,,cwc,0.046776203376728054
2025-06-30,Bhakra,1.64579,-0.5524272567559783,0.0,0.0,0.0,83522.40385326796,14.31145414917282,,cwc,0.03994719390462809
2025-07-01,Bhakra,1.7029,-0.5607483897235203,0.0,0.0,0.0,66048.23282264953,2.9062419848650847,,cwc,0.0616136184694962
2025-07-02,Bhakra,1.76529,-0.5567271612562291,0.0,0.0,0.0,67180.39874045213,10.918308159859034,,cwc,0.013581738947247901
2025-07-03,Bhakra,1.82231,-0.5543444896499269,0.0,0.0,0.0,65274.424909412664,7.267726814487177,,cwc,0.021721668395247473
2025-07-04,Bhakra,1.87152,-0.5526736862689163,0.0,0.0,0.0,48734.758921557004,1.194314560558403,,cwc,0.024868559429770398
2025-07-05,Bhakra,1.91632,-0.5415372064058308,0.0,0.0,0.0,44839.625300918015,1.5592991842875046,,cwc,-0.01118698290766229
2025-07-06,Bhakra,1.96014,-0.529290592974191,0.0,0.0,0.0,47960.38815613848,6.556127491379948,,cwc,-0.019736721570562832
2025-07-07,Bhakra,2.00992,-0.5172974660906856,0.0,0.0,0.0,48266.79120117436,4.935695404664675,,cwc,-0.018061539485523248
2025-07-08,Bhakra,2.03283,-0.5142054958183049,0.0,0.0,0.0,48240.71051974733,5.925305637793021,,cwc,0.009558098711543117
2025-07-09,Bhakra,2.06229,-0.509720963505334,0.0,0.0,0.0,50953.46886226507,7.798475104795117,,cwc,0.0029442903541525567
2025-07-10,Bhakra,2.09423,-0.5064013692588151,0.0,0.0,0.0,49505.41817665449,5.051993899620755,,cwc,0.007101258575939795
2025-07-11,Bhakra,2.12972849317981,-0.5030859416407868,0.0,0.0,0.0,49722.8224187608,5.753215581358904,,model,
2025-07-12,Bhakra,2.165758882261856,-0.49933423681843314,0.0,0.0,0.0,44602.70666181629,1.967566991479785,,model,
2025-07-13,Bhakra,2.1892625213425823,-0.49240485800857425,0.0,0.0,0.0,44466.59242254995,4.3052814677732565,,model,
2025-07-14,Bhakra,2.2124331466541185,-0.4879008420159739,0.0,0.0,0.0,44018.13428897769,3.5686102136591376,,model,
2025-07-15,Bhakra,2.2345065852628543,-0.4856752787705037,0.0,0.0,0.0,41107.92327994383,1.7088463886739262,,model,
2025-07-16,Bhakra,2.2494599727845013,-0.4734792343116792,0.0,0.0,0.0,41912.19709308009,3.319993977480204,,model,
2025-07-17,Bhakra,2.2663810769492927,-0.4589224322638282,0.0,0.0,0.0,47770.215686528856,8.352402825089802,,model,
2025-07-18,Bhakra,2.297634266150186,-0.4484062757238995,0.0,0.0,0.0,43299.0771949074,0.527393750063009,,model,
2025-07-19,Bhakra,2.317948477256716,-0.44018027308969976,0.0,0.0,0.0,39098.76633562313,0.6244798690112425,,model,
2025-07-20,Bhakra,2.327986310531218,-0.43496549001454005,0.0,0.0,0.0,57479.275023147406,18.62269469005184,,model,
2025-07-21,Bhakra,2.3829934468753646,-0.42892519734580975,0.0,0.0,0.0,61831.314252319404,9.265863552499596,,model,
2025-07-22,Bhakra,2.4486481759708725,-0.42358291643497153,0.0,0.0,0.0,54382.41401648138,4.414424160104957,,model,
2025-07-23,Bhakra,2.4960786079081463,-0.4197435616391044,0.0,0.0,0.0,50160.532157495945,3.264925389484252,,model,
2025-07-24,Bhakra,2.53317988693303,-0.4119313110110175,0.0,0.0,0.0,44609.371077041156,1.8599112379566425,,model,
2025-07-25,Bhakra,2.556699831009071,-0.4030427223974198,0.0,0.0,0.0,46131.19193318333,5.0166939002154605,,model,
2025-07-26,Bhakra,2.583943024776455,-0.39407280431074804,0.0,0.0,0.0,44844.41239813509,4.255880093666223,,model,
2025-07-27,Bhakra,2.608038015200878,-0.31965717398946564,0.0,0.0,0.0,42073.77917373912,2.225155383335605,,model,
2025-07-28,Bhakra,2.6253544421328083,-0.310538837351406,0.0,0.0,0.0,49397.78338137345,9.192211349427405,,model,
2025-07-29,Bhakra,2.6605895986546337,-0.3019848978132976,0.0,0.0,0.0,51382.00453078956,6.859018782466423,,model,
2025-07-30,Bhakra,2.7006793021175812,-0.2916921284845643,0.0,0.0,0.0,51531.93481543701,6.419344424969125,,model,
2025-07-31,Bhakra,2.741135821348484,-0.44701194110833953,0.0,0.0,0.0,54183.0108910273,7.897583483785643,,model,
2025-08-01,Bhakra,3.301,-0.33199151594217907,0.0,0.0,0.0,55171.467944528886,8.250327162856609,,press,
2025-08-02,Bhakra,3.350360911981754,-0.3167255488275102,0.0,0.0,0.0,53922.66562618106,5.990068750646565,,model,
2025-08-03,Bhakra,3.396666534750213,-0.3105164757353074,0.0,0.0,0.0,57770.053704419355,10.136044468666771,,model,
2025-08-04,Bhakra,3.4523850831051264,-0.3019632110833499,0.0,0.0,0.0,60468.587938232035,9.9202267290016,,model,
2025-08-05,Bhakra,3.514705799325312,-0.2970168222843782,0.0,0.0,0.0,79844.88472054836,21.87835454191869,,model,
2025-08-06,Bhakra,3.8461975,-0.2506035049934968,0.0,0.0,0.0,68773.90352082519,4.759692768592236,,press,-0.22176541058359156
2025-08-07,Bhakra,3.9288377982226237,-0.24354015909289028,0.0,0.0,0.0,48734.342273499555,0.4046933721676231,,model,
2025-08-08,Bhakra,3.9624497959540124,-0.23923090608919256,0.0,0.0,0.0,53921.172352402864,6.992533084471422,,model,
2025-08-09,Bhakra,4.008751765315363,-0.22935894767266965,0.0,0.0,0.0,45940.48831346924,2.6928555393628,,model,
2025-08-10,Bhakra,4.035528388270308,-0.21596615730187835,0.0,0.0,0.0,47048.29556760398,5.536765811967097,,model,
2025-08-11,Bhakra,4.0650153453624,-0.20225118082229301,0.0,0.0,0.0,50624.5324671205,8.526443206030446,,model,
2025-08-12,Bhakra,4.103251836197938,-0.1879612336078171,0.0,0.0,0.0,44530.74212889601,1.2220130029736636,,model,
2025-08-13,Bhakra,4.126579408612274,-0.17776072121909553,0.0,0.0,0.0,56838.95458502316,13.81003491311786,,model,
2025-08-14,Bhakra,4.1800199526311905,-0.17093224248070513,0.0,0.0,0.0,64629.255256984616,12.513351464345057,,model,
2025-08-15,Bhakra,4.252520055766601,-0.16370748282944017,0.0,0.0,0.0,65342.13411415125,10.43777823777662,,model,
2025-08-16,Bhakra,4.3267642708808935,-0.1583185386974306,0.0,0.0,0.0,66614.33198117731,9.888473722847635,,model,
2025-08-17,Bhakra,4.404121014185751,-0.1558694220367409,0.0,0.0,0.0,57565.923171891394,4.903603286030795,,model,
2025-08-18,Bhakra,4.459340141771682,-0.1505652107277365,0.0,0.0,0.0,50104.8581868938,2.933367366994076,,model,
2025-08-19,Bhakra,4.983,-0.05385660765033027,0.0,0.0,0.0,50981.68147807897,6.603944923785632,,press,-0.48669478977843283
2025-08-20,Bhakra,5.022110282871866,-0.04048717251111872,0.0,0.0,0.0,46919.69980470918,3.775531622796104,,model,
2025-08-21,Bhakra,5.051282620715198,-0.02429723671998178,0.0,0.0,0.0,40414.947455620546,0.8627837541441902,,model,
2025-08-22,Bhakra,5.064540590531399,-0.01842176042475006,0.0,0.0,0.0,44819.65143824782,6.6865017545464855,,model,
2025-08-23,Bhakra,5.088575001396877,-0.013087205088951092,0.0,0.0,0.0,50813.37294383896,9.248032480669377,,model,
2025-08-24,Bhakra,5.127273504724764,-0.02664577587544034,0.0,0.0,0.0,62116.224147552784,15.381206756650604,,model,
2025-08-25,Bhakra,5.193625287402634,-0.016760069516916703,0.0,0.0,0.0,71746.50923945793,15.111310618204367,,model,
2025-08-26,Bhakra,5.283538290083023,-0.015042758533645088,0.0,0.0,0.0,60632.92883336947,4.389469128374545,,model,
2025-08-27,Bhakra,5.346261078718385,0.0013627663592166673,0.007969713187391925,3257.4972810022955,0.0,55806.00714782437,5.385321445358984,5.0,model,
2025-08-28,Bhakra,5.397174438797614,0.03276950653715316,0.19164221851174723,73730.19359408866,0.0,70409.69692140148,15.810783854041452,4.0,model,
2025-08-29,Bhakra,5.483816829151658,0.060792911754008486,0.35552834660839583,74060.92582510723,0.0,79802.8562875027,15.94399143735138,3.0,model,
2025-08-30,Bhakra,5.593440293506247,0.08542124612890278,0.4995594638454737,74394.99878573204,0.0,77852.20612243918,12.41387620046262,2.0,model,
2025-08-31,Bhakra,5.698291344869071,0.09868430960808237,0.5771243458961175,74732.44622070632,6632.141717889392,102895.83889363294,27.62091417052844,1.0,model,
2025-09-01,Bhakra,5.864413535741603,0.10716574068875406,0.6267253451242141,81705.44393351955,81705.44393351955,110069.25909876594,16.62321496559865,1.0,model,
2025-09-02,Bhakra,5.482,0.01534447959185708,0.08973739374310341,19261.266627914712,0.0,101981.88273971339,14.584646637039135,3.0,press,0.5660860410659581
2025-09-03,Bhakra,5.793,0.04399812176231991,0.2573092657138778,36313.4575585515,36313.4575585515,93866.45344275408,11.062779771335864,1.0,press,-0.14711387190335223
2025-09-04,Bhakra,5.848187500000001,0.03144663651052295,0.18390582655788457,31703.448598496412,31703.448598496412,66699.40548163195,3.696964017518938,1.0,press,0.08884361723707634
2025-09-05,Bhakra,5.848187500000001,0.019501858389893045,0.11405052446254338,20273.643018437637,20273.643018437637,55269.599901573354,3.817346006301886,1.0,press,0.07756488205064471
2025-09-06,Bhakra,5.848187500000001,0.012348699564951366,0.07221751043700486,11893.395132551312,11893.395132551312,46889.35201568695,2.704557085351915,1.0,press,0.04960099922809569
2025-09-07,Bhakra,5.87728558968485,0.014118164607468118,0.08256567378033708,20255.286963213035,20255.286963213035,43357.84871379756,2.8288147857170487,1.0,model,
2025-09-08,Bhakra,5.897743589752271,0.01696466103152748,0.09921251858631663,26566.22148929965,26566.22148929965,41306.89140922235,2.2924094866561373,1.0,model,
2025-09-09,Bhakra,5.913183767833354,0.02159763185185186,0.1263070006256024,29717.39332592212,29717.39332592212,38147.12871975833,0.5225382611127156,1.0,model,
2025-09-10,Bhakra,5.920893347788657,0.02577322652840214,0.1507266612180702,32892.43740608139,32892.43740608139,38171.00096329493,1.9442302168283383,1.0,model,
2025-09-11,Bhakra,5.928661332991214,0.03241491058323958,0.18956847488651896,37122.08948535609,37122.08948535609,39225.60896241044,2.4488636950132894,1.0,model,
2025-09-12,Bhakra,5.939009496334547,0.03788371206711402,0.2215510513644956,43926.230414609694,43926.230414609694,41800.097812389155,4.312585641323308,1.0,model,
2025-09-13,Bhakra,5.955656341140527,0.043324164246919206,0.2533678357967801,55000.681840636724,55000.681840636724,46070.40830916274,6.42052892801199,1.0,model,
2025-09-14,Bhakra,5.9827508231798125,0.04783643142867218,0.27975642032576875,64981.841276688814,64981.841276688814,44977.11631918764,3.404571651319402,1.0,model,
2025-09-15,Bhakra,5.4868181818181805,-0.039366160730705195,0.0,0.0,0.0,50871.948834055336,9.584038958526856,,bbmb,0.5203523019541008
2025-09-16,Bhakra,5.52565999548663,-0.03870609892105503,0.0,0.0,0.0,48068.3414805228,3.4988337531290705,,model,
2025-09-17,Bhakra,5.557642571964606,-0.03864031223129568,0.0,0.0,0.0,48000.576540260205,6.149613489145976,,model,
2025-09-18,Bhakra,5.5894593563968895,-0.03883964164197386,0.0,0.0,0.0,45781.88359486066,3.119878259056786,,model,
2025-09-19,Bhakra,5.615847940925877,-0.03897469431038771,0.0,0.0,0.0,39236.656721286156,0.7383790665837778,,model,
2025-09-20,Bhakra,5.626223133445909,-0.03889736390698902,0.0,0.0,0.0,36573.739850617065,0.0213691806977673,,model,
2025-09-21,Bhakra,5.630083298670332,-0.03909371041098872,0.0,0.0,0.0,35153.21051767695,0.1576696708165827,,model,
2025-09-22,Bhakra,5.630468031567049,-0.039402407065581575,0.0,0.0,0.0,34519.48855170372,0.0331591473788861,,model,
2025-09-23,Bhakra,5.629302315799139,-0.03947111201091779,0.0,0.0,0.0,34673.1328735945,0.2020208773432691,,model,
2025-09-24,Bhakra,5.477139030303049,-0.06510404997669861,0.0,0.0,0.0,35180.80410739125,0.1407823709201481,,bbmb,0.1513734721688298
2025-09-25,Bhakra,5.4775912730015754,-0.06501308655787362,0.0,0.0,0.0,34526.61876175681,0.0572923546332941,,model,
2025-09-26,Bhakra,5.476443001831216,-0.06472944325584719,0.0,0.0,0.0,34258.06186086016,0.0,,model,
2025-09-27,Bhakra,5.4746376859145345,-0.06448853404782523,0.0,0.0,0.0,34831.7275777156,0.816289491491667,,model,
2025-09-28,Bhakra,5.474235886512031,-0.06440245523221377,0.0,0.0,0.0,35595.67054076005,1.3440811853573145,,model,
2025-09-29,Bhakra,5.475703131281106,-0.06448383180726618,0.0,0.0,0.0,35213.39187299215,0.4486344158186711,,model,
2025-09-30,Bhakra,5.476235102410036,-0.06423583677040243,0.0,0.0,0.0,35673.9654638999,1.1857593733251404,,model,
2026-06-24,Bhakra,1.3747745833333334,-0.687266475302611,0.0,0.0,0.0,37268.66868109973,2.0188736726212264,,bbmb,
2026-06-25,Bhakra,1.3803349444403124,-0.6819097865895155,0.0,0.0,0.0,37949.27938350473,2.2615019122591646,,model,
2026-06-26,Bhakra,1.3875604710478342,-0.6751603200068413,0.0,0.0,0.0,37878.759314225186,1.460170688103411,,model,
2026-06-27,Bhakra,1.3946134649783863,-0.6635478342779332,0.0,0.0,0.0,37344.20616774249,0.4144671509778835,,model,
2026-06-28,Bhakra,1.4003586342529577,-0.6505495090781478,0.0,0.0,0.0,42517.56875405585,6.0850261150896605,,model,
2026-06-29,Bhakra,1.4187608259194606,-0.6369812980517443,0.0,0.0,0.0,44870.9730754876,4.424357050324048,,model,
2026-06-30,Bhakra,1.4429207990475672,-0.6266214318953851,0.0,0.0,0.0,47438.54882070788,6.144871248385279,,model,
2026-07-01,Bhakra,1.473362540205274,-0.6146833306150461,0.0,0.0,0.0,56403.48880226358,10.484765561248652,,model,
2026-07-02,Bhakra,1.5257376842891675,-0.6043440548037544,0.0,0.0,0.0,58958.27366057677,7.941342895601844,,model,
2026-07-03,Bhakra,1.5843633025315484,-0.5953380010640185,0.0,0.0,0.0,60008.85398492644,9.077402163467044,,model,
2026-07-04,Bhakra,1.645559244904118,-0.5838526985501515,0.0,0.0,0.0,54094.29384539817,3.95040625515938,,model,
2026-07-05,Bhakra,1.6922847690766403,-0.5654396068414993,0.0,0.0,0.0,57003.75867327541,8.53395003217449,,model,
2026-07-06,Bhakra,1.7461285187476812,-0.5483755953424644,0.0,0.0,0.0,54056.335695907444,4.473776497850487,,model,
2026-07-07,Bhakra,1.7927611754399049,-0.536586052335192,0.0,0.0,0.0,51598.55062573376,5.147997769899563,,model,
2026-07-08,Bhakra,1.833380675283227,-0.5275991908094091,0.0,0.0,0.0,56169.02748199745,8.947698003113189,,model,
2026-07-09,Bhakra,1.8851821920345804,-0.5233174419881034,0.0,0.0,0.0,68940.35584170894,17.582004194447492,,model,
2026-07-10,Bhakra,1.9682297284349777,-0.5207314114613697,0.0,0.0,0.0,66453.33641080942,8.295484934466167,,model,
2026-07-11,Bhakra,2.0451925839144316,-0.5191488327791427,0.0,0.0,0.0,56729.8925909599,5.121506803783291,,model,
2026-07-12,Bhakra,2.098366299525724,-0.5169297142026866,0.0,0.0,0.0,51563.16992065545,3.3949804423566774,,model,
2026-07-13,Bhakra,2.1388992378012173,-0.5148101168625387,0.0,0.0,0.0,42889.329301549624,0.7004508393862837,,model,
2026-07-14,Bhakra,2.158210969732018,-0.5095717897512254,0.0,0.0,0.0,39763.285113910366,1.6789256209282686,,model,
2026-07-15,Bhakra,2.1698745983990357,-0.5005814638122834,0.0,0.0,0.0,37913.429028652936,1.2380885352408,,model,
2026-07-26,Bhakra,2.3189995238095245,-0.4061609004625017,0.0,0.0,0.0,52791.8819275454,4.208034981437826,,bbmb,
2026-07-27,Bhakra,2.3625385988335967,-0.32650145738134495,0.0,0.0,0.0,67468.94621961354,16.957948795205972,,model,
2026-07-28,Bhakra,2.4419862204350906,-0.31586935501210167,0.0,0.0,0.0,64276.081432708226,7.960467112160934,,model,
2026-07-29,Bhakra,2.5136222571286977,-0.30586520061044303,0.0,0.0,0.0,64328.69526562652,10.811324677484484,,model,
2026-07-30,Bhakra,2.5853870175392806,-0.2988395282584091,0.0,0.0,0.0,76371.56077711927,15.944134858922244,,model,
2026-07-31,Bhakra,2.6866155582086146,-0.45836352102386546,0.0,0.0,0.0,61323.4559575829,3.4030590264620075,,model,
2026-08-01,Bhakra,2.751027773619616,-0.4478924283595724,0.0,0.0,0.0,58520.87238813934,7.201763424111491,,model,
2026-08-02,Bhakra,2.8085832566052598,-0.43330911610863415,0.0,0.0,0.0,57131.455472657,6.867905747716535,,model,
2026-08-03,Bhakra,2.8627394261429124,-0.42309680949786377,0.0,0.0,0.0,50541.17481910658,4.833426891889203,,model,
2026-08-04,Bhakra,2.9007719761952853,-0.41502849230635463,0.0,0.0,0.0,51166.29012674999,6.206188458727729,,model,
2026-08-05,Bhakra,2.940333918072487,-0.40563595311946243,0.0,0.0,0.0,58164.617381096265,12.503034910415003,,model,
2026-08-06,Bhakra,2.99701779626992,-0.39117933889168593,0.0,0.0,0.0,67263.4404505295,13.979294114950925,,model,
2026-08-07,Bhakra,3.075962632482303,-0.38023314513936834,0.0,0.0,0.0,57592.01942901046,4.251991660231235,,model,
2026-08-08,Bhakra,2.7950144444444445,-0.4369271113507878,0.0,0.0,0.0,52848.16274101936,5.310792379466044,,bbmb,0.33623116208828696
2026-08-09,Bhakra,2.8800875,-0.42400828115987144,0.0,0.0,0.0,55778.17690654962,7.896873240437651,,bbmb,-0.04139628526955441
2026-08-10,Bhakra,2.8938499999999996,-0.4214473684875879,0.0,0.0,0.0,66983.10452203512,15.0952451992263,,bbmb,0.03708277129149984
2026-08-11,Bhakra,2.976898333333333,-0.4132364750902947,0.0,0.0,0.0,59215.840607129634,4.635232441420493,,bbmb,-0.004789360148143462
2026-08-12,Bhakra,3.040146,-0.4057019982175623,0.0,0.0,0.0,46982.44891735765,1.7403904548721283,,bbmb,-0.003991891431507799
2026-08-13,Bhakra,3.0870009553333357,-0.3946847145728803,0.0,0.0,0.0,46660.463640650356,3.748449818265281,,bbmb,-0.01752909704549266
2026-08-14,Bhakra,3.2122354545454552,-0.3683381291059439,0.0,0.0,0.0,55819.321260613775,12.120182807735745,,bbmb,-0.09669640222829523
2026-08-15,Bhakra,3.2122354545454552,-0.37058012304427873,0.0,0.0,0.0,51206.05416923035,4.142089867314933,,bbmb,0.050945934061989995
2026-08-16,Bhakra,3.2122354545454552,-0.3734375581518868,0.0,0.0,0.0,50035.34727116013,7.156827569368893,,bbmb,0.03965922761112628
2026-08-17,Bhakra,3.323322,-0.355326857965148,0.0,0.0,0.0,52208.388363693906,6.78121030460259,,bbmb,-0.07429154071124255
2026-08-18,Bhakra,3.3589019999999996,-0.3491604194781699,0.0,0.0,0.0,53768.05699014142,8.211610902399878,,bbmb,0.006531513939768363
2026-08-19,Bhakra,3.4613750000000003,-0.3345847646000454,0.0,0.0,0.0,50858.61677053745,3.9456061778712055,,bbmb,-0.0565456389396064
2026-08-20,Bhakra,3.5069877777777783,-0.3221694098719756,0.0,0.0,0.0,44883.60568886493,2.897665462396528,,bbmb,-0.006803582009903053
2026-08-21,Bhakra,3.529358333333333,-0.31703669950294816,0.0,0.0,0.0,44702.72624966067,4.041204854111112,,bbmb,0.001820324215517033
2026-08-22,Bhakra,3.538138,-0.31781820760014695,0.0,0.0,0.0,46874.42665378883,6.661100159838664,,bbmb,0.014968677891755267
2026-08-23,Bhakra,3.6267333333333336,-0.3057984631982607,0.0,0.0,0.0,41446.41354644596,0.9844531370178422,,bbmb,-0.05953375967391272
2026-08-24,Bhakra,3.70453,-0.32222418679173787,0.0,0.0,0.0,38099.334364416856,0.910180737226418,,bbmb,-0.06201513713658935
2026-08-25,Bhakra,3.7424275000000002,-0.3244038562619305,0.0,0.0,0.0,40840.43067644311,3.992483930713237,,bbmb,-0.030304852545690597
2026-08-26,Bhakra,3.7424275000000002,-0.3385327237839806,0.0,0.0,0.0,39685.51000179627,2.390336304188044,,bbmb,0.014298946659306644
2026-08-27,Bhakra,3.8461975,-0.32996204817267427,0.0,0.0,0.0,38864.34961435597,2.0829997703472287,,bbmb,-0.09229665402033271
2026-08-28,Bhakra,3.8461975,-0.3231289861524831,0.0,0.0,0.0,38208.44955491802,1.5560857051840045,,bbmb,0.009464315056782358
2026-08-29,Bhakra,3.85689,-0.31526365817624025,0.0,0.0,0.0,38575.66719313676,2.3548691534095343,,bbmb,-0.0028328939889625815
2026-08-30,Bhakra,3.8705030230303117,-0.3085420282637431,0.0,0.0,0.0,45818.66579670834,8.86191172076796,,bbmb,-0.00485499132571432
2026-08-31,Bhakra,3.9192875000000003,-0.2966845378685384,0.0,0.0,0.0,46442.923755004624,5.180663722161089,,bbmb,-0.022305902005148592
2026-09-01,Bhakra,3.9192875000000003,-0.2954612204539597,0.0,0.0,0.0,55197.80310853083,13.373939563146186,,bbmb,0.028005869219422053
2026-09-02,Bhakra,3.9542550000000003,-0.2927513320486616,0.0,0.0,0.0,52638.99220392681,4.189934009520174,,bbmb,0.014457842949988642
2026-09-03,Bhakra,3.9542550000000003,-0.29671301388616794,0.0,0.0,0.0,49078.64514136759,5.359909493327155,,bbmb,0.04316501876510115
2026-09-04,Bhakra,4.07511,-0.28062309510868383,0.0,0.0,0.0,54222.39164050037,8.22594214963532,,bbmb,-0.08640063929182151
2026-09-05,Bhakra,4.07511,-0.28823548714440533,0.0,0.0,0.0,49367.088359480986,4.840397466129652,,bbmb,0.04703892510545771
2026-09-06,Bhakra,4.1291,-0.2835464976047824,0.0,0.0,0.0,47382.97616132033,4.443583850674063,,bbmb,-0.01882994116810721
2026-09-07,Bhakra,4.1291,-0.2857848191317403,0.0,0.0,0.0,43169.16069055566,2.344744917275312,,bbmb,0.030305778448248333
2026-09-08,Bhakra,4.1490963605640205,-0.2832742202848874,0.0,0.0,0.0,38141.669098185885,0.3252830952565182,,model,
2026-09-09,Bhakra,4.156792583142696,-0.2799719962979046,0.0,0.0,0.0,36026.06166025448,0.0490500430167348,,model,
2026-09-10,Bhakra,4.159312812299748,-0.27698638051744134,0.0,0.0,0.0,38507.865134151405,3.738583997838216,,model,
