issue_date,year,catchment,primary_model,n_models,three_day_mm,three_day_percentile,models_with_heavy_day,level,in_event_window
2024-06-01,2024,Bhakra,ecmwf_ifs025,2,1.791952691505558,13.039691427149434,0.0,quiet,False
2024-06-02,2024,Bhakra,ecmwf_ifs025,2,2.5900479639438414,17.319895483389324,0.0,quiet,False
2024-06-03,2024,Bhakra,ecmwf_ifs025,2,4.49084234019889,28.157272614159513,0.0,quiet,False
2024-06-04,2024,Bhakra,ecmwf_ifs025,2,2.816233819442131,18.68856538509394,0.0,quiet,False
2024-06-05,2024,Bhakra,ecmwf_ifs025,2,2.519884749436168,16.93417942018166,0.0,quiet,False
2024-06-06,2024,Bhakra,ecmwf_ifs025,2,3.878013158439697,24.68582804529053,0.0,quiet,False
2024-06-07,2024,Bhakra,ecmwf_ifs025,2,2.826880004589623,18.71345029239766,0.0,quiet,False
2024-06-08,2024,Bhakra,ecmwf_ifs025,2,1.7588988240532943,12.853054622371532,0.0,quiet,False
2024-06-09,2024,Bhakra,ecmwf_ifs025,2,0.7029039715396934,6.694040064700759,0.0,quiet,False
2024-06-10,2024,Bhakra,ecmwf_ifs025,2,0.9946624115375248,8.261789224835137,0.0,quiet,False
2024-06-11,2024,Bhakra,ecmwf_ifs025,2,1.1555802922211253,9.132760980465347,0.0,quiet,False
2024-06-12,2024,Bhakra,ecmwf_ifs025,2,1.4439109834042756,10.887146945377628,0.0,quiet,False
2024-06-13,2024,Bhakra,ecmwf_ifs025,2,1.1874520062647709,9.282070424287669,0.0,quiet,False
2024-06-14,2024,Bhakra,ecmwf_ifs025,2,0.26731206397583596,3.906930446684086,0.0,quiet,False
2024-06-15,2024,Bhakra,ecmwf_ifs025,2,0.4694924948404615,5.487122060470324,0.0,quiet,False
2024-06-16,2024,Bhakra,ecmwf_ifs025,2,1.2935781485607931,9.929078014184398,0.0,quiet,False
2024-06-17,2024,Bhakra,ecmwf_ifs025,2,1.8767021082638928,13.412965036705238,0.0,quiet,False
2024-06-18,2024,Bhakra,ecmwf_ifs025,2,3.31976702783665,21.649869354236657,0.0,quiet,False
2024-06-19,2024,Bhakra,ecmwf_ifs025,2,2.6985254678732966,17.942018165982333,0.0,quiet,False
2024-06-20,2024,Bhakra,ecmwf_ifs025,2,2.828311939880628,18.71345029239766,0.0,quiet,False
2024-06-21,2024,Bhakra,ecmwf_ifs025,2,3.5833975591710403,22.943884534030108,0.0,quiet,False
2024-06-22,2024,Bhakra,ecmwf_ifs025,2,3.1287545720079653,20.51760607191738,0.0,quiet,False
2024-06-23,2024,Bhakra,ecmwf_ifs025,2,3.0440681499686555,19.907925842976233,0.0,quiet,False
2024-06-24,2024,Bhakra,ecmwf_ifs025,2,6.177810165536493,36.48127410725395,0.0,quiet,False
2024-06-25,2024,Bhakra,ecmwf_ifs025,2,8.302113333279255,45.16610675625233,0.0,quiet,False
2024-06-26,2024,Bhakra,ecmwf_ifs025,2,10.843748592187003,54.74679606818464,0.0,quiet,False
2024-06-27,2024,Bhakra,ecmwf_ifs025,2,7.1136466303298445,40.32599228567874,0.0,quiet,False
2024-06-28,2024,Bhakra,ecmwf_ifs025,2,7.463490917430034,41.83152917755381,0.0,quiet,False
2024-06-29,2024,Bhakra,ecmwf_ifs025,2,8.937414826221879,47.65459748662436,0.0,quiet,False
2024-06-30,2024,Bhakra,ecmwf_ifs025,2,8.642536119488827,46.69652855543113,0.0,quiet,False
2024-07-01,2024,Bhakra,ecmwf_ifs025,2,11.854878457533419,58.13114346149061,0.0,quiet,False
2024-07-02,2024,Bhakra,ecmwf_ifs025,2,20.192845295892948,80.83862137613538,0.0,watch,False
2024-07-03,2024,Bhakra,ecmwf_ifs025,2,28.416365456629052,91.45203434117208,0.0,alert,False
2024-07-04,2024,Bhakra,ecmwf_ifs025,2,20.831503391541126,81.87134502923976,0.0,watch,False
2024-07-05,2024,Bhakra,ecmwf_ifs025,2,10.427789482354516,53.29102899091701,0.0,quiet,False
2024-07-06,2024,Bhakra,ecmwf_ifs025,2,8.506642117526201,46.03707851188255,0.0,quiet,False
2024-07-07,2024,Bhakra,ecmwf_ifs025,2,5.557550017414866,33.29600597237775,0.0,quiet,False
2024-07-08,2024,Bhakra,ecmwf_ifs025,2,3.22615217861233,21.065074032599227,0.0,quiet,False
2024-07-09,2024,Bhakra,ecmwf_ifs025,2,3.631998340066448,23.242503421674755,0.0,quiet,False
2024-07-10,2024,Bhakra,ecmwf_ifs025,2,2.583519818377715,17.270125668781883,0.0,quiet,False
2024-07-11,2024,Bhakra,ecmwf_ifs025,2,2.11494794929851,14.694537762846831,0.0,quiet,False
2024-07-12,2024,Bhakra,ecmwf_ifs025,2,2.9530017358191163,19.38534278959811,0.0,quiet,False
2024-07-13,2024,Bhakra,ecmwf_ifs025,2,5.873069014287721,35.00062212268259,0.0,quiet,False
2024-07-14,2024,Bhakra,ecmwf_ifs025,2,4.462294107045688,27.945750902077886,0.0,quiet,False
2024-07-15,2024,Bhakra,ecmwf_ifs025,2,6.211283130888388,36.717680726639294,0.0,quiet,False
2024-07-16,2024,Bhakra,ecmwf_ifs025,2,3.847539652340109,24.52407614781635,0.0,quiet,False
2024-07-17,2024,Bhakra,ecmwf_ifs025,2,3.410317656955116,22.160009953962923,0.0,quiet,False
2024-07-18,2024,Bhakra,ecmwf_ifs025,2,3.896324184976471,24.72315540624611,0.0,quiet,False
2024-07-19,2024,Bhakra,ecmwf_ifs025,2,7.356616330021376,41.39604329973871,0.0,quiet,False
2024-07-20,2024,Bhakra,ecmwf_ifs025,2,8.541154284194029,46.223715316660446,0.0,quiet,False
2024-07-21,2024,Bhakra,ecmwf_ifs025,2,9.418346950877439,49.433868358840364,0.0,quiet,False
2024-07-22,2024,Bhakra,ecmwf_ifs025,2,9.069522453139893,48.17718054000249,0.0,quiet,False
2024-07-23,2024,Bhakra,ecmwf_ifs025,2,5.737764159867086,34.32872962548215,0.0,quiet,False
2024-07-24,2024,Bhakra,ecmwf_ifs025,2,9.162883848474667,48.51312678860271,0.0,quiet,False
2024-07-25,2024,Bhakra,ecmwf_ifs025,2,11.615001989133276,57.322383974119695,0.0,quiet,False
2024-07-26,2024,Bhakra,ecmwf_ifs025,2,15.076493758732912,68.42105263157895,0.0,quiet,False
2024-07-27,2024,Bhakra,ecmwf_ifs025,2,15.34096114670962,69.2795819335573,0.0,quiet,False
2024-07-28,2024,Bhakra,ecmwf_ifs025,2,19.90842453153865,80.3035958691054,0.0,watch,False
2024-07-29,2024,Bhakra,ecmwf_ifs025,2,24.972443713389843,88.32897847455519,0.0,watch,False
2024-07-30,2024,Bhakra,ecmwf_ifs025,2,31.229685728588933,93.24374766703994,0.0,alert,False
2024-07-31,2024,Bhakra,ecmwf_ifs025,2,32.63890541658711,94.02762224710713,0.0,alert,False
2024-08-01,2024,Bhakra,ecmwf_ifs025,2,26.639993130318977,90.03359462486003,0.0,alert,False
2024-08-02,2024,Bhakra,ecmwf_ifs025,2,25.718186224872724,89.00087097175563,0.0,watch,False
2024-08-03,2024,Bhakra,ecmwf_ifs025,2,20.842891015487382,81.87134502923976,0.0,watch,False
2024-08-04,2024,Bhakra,ecmwf_ifs025,2,26.913974440423587,90.1953465223342,0.0,alert,False
2024-08-05,2024,Bhakra,ecmwf_ifs025,2,29.62650027014097,92.4101032723653,0.0,alert,False
2024-08-06,2024,Bhakra,ecmwf_ifs025,2,24.804957473615627,88.1050143088217,0.0,watch,False
2024-08-07,2024,Bhakra,ecmwf_ifs025,2,19.708768066052045,79.98009207415703,0.0,watch,False
2024-08-08,2024,Bhakra,ecmwf_ifs025,2,23.161807445766982,85.72850566131642,0.0,watch,False
2024-08-09,2024,Bhakra,ecmwf_ifs025,2,25.795074231410297,89.06308324001493,0.0,watch,False
2024-08-10,2024,Bhakra,ecmwf_ifs025,2,26.826380995895715,90.10824934677119,0.0,alert,False
2024-08-11,2024,Bhakra,ecmwf_ifs025,2,21.753437287881916,83.451536643026,0.0,watch,False
2024-08-12,2024,Bhakra,ecmwf_ifs025,2,19.11925463921813,78.68607689436357,0.0,watch,False
2024-08-13,2024,Bhakra,ecmwf_ifs025,2,19.975152629927642,80.41557795197212,0.0,watch,False
2024-08-14,2024,Bhakra,ecmwf_ifs025,2,12.706824188528149,61.0675625233296,0.0,quiet,False
2024-08-15,2024,Bhakra,ecmwf_ifs025,2,13.791656384593775,64.5638919995023,0.0,quiet,False
2024-08-16,2024,Bhakra,ecmwf_ifs025,2,13.589018819890658,63.829787234042556,0.0,quiet,False
2024-08-17,2024,Bhakra,ecmwf_ifs025,2,15.156935635498101,68.59524698270499,0.0,quiet,False
2024-08-18,2024,Bhakra,ecmwf_ifs025,2,12.21606100609038,59.46248600223964,0.0,quiet,False
2024-08-19,2024,Bhakra,ecmwf_ifs025,2,7.103610196333224,40.23889511011571,0.0,quiet,False
2024-08-20,2024,Bhakra,ecmwf_ifs025,2,4.917939994667443,30.5337812616648,0.0,quiet,False
2024-08-21,2024,Bhakra,ecmwf_ifs025,2,6.543361494315943,38.123677989299495,0.0,quiet,False
2024-08-22,2024,Bhakra,ecmwf_ifs025,2,9.127045043067874,48.40114470573597,0.0,quiet,False
2024-08-23,2024,Bhakra,ecmwf_ifs025,2,12.727664172198978,61.15465969889262,0.0,quiet,False
2024-08-24,2024,Bhakra,ecmwf_ifs025,2,15.684516193842704,70.2127659574468,0.0,quiet,False
2024-08-25,2024,Bhakra,ecmwf_ifs025,2,15.960434021930432,70.95931317655841,0.0,quiet,False
2024-08-26,2024,Bhakra,ecmwf_ifs025,2,13.46662977709792,63.49384098544233,0.0,quiet,False
2024-08-27,2024,Bhakra,ecmwf_ifs025,2,13.877001768890477,64.83762597984322,0.0,quiet,False
2024-08-28,2024,Bhakra,ecmwf_ifs025,2,10.786163329713991,54.63481398531791,0.0,quiet,False
2024-08-29,2024,Bhakra,ecmwf_ifs025,2,4.6985748187179395,29.351748164738083,0.0,quiet,False
2024-08-30,2024,Bhakra,ecmwf_ifs025,2,6.472609803785563,37.862386462610424,0.0,quiet,False
2024-08-31,2024,Bhakra,ecmwf_ifs025,2,9.11685372101449,48.35137489112853,0.0,quiet,False
2024-09-01,2024,Bhakra,ecmwf_ifs025,2,14.35552620968862,66.48002986188877,0.0,quiet,False
2024-09-02,2024,Bhakra,ecmwf_ifs025,2,11.981979694731997,58.62884160756501,0.0,quiet,False
2024-09-03,2024,Bhakra,ecmwf_ifs025,2,11.934984780384285,58.454647256438975,0.0,quiet,False
2024-09-04,2024,Bhakra,ecmwf_ifs025,2,12.520913920660663,60.40811247978102,0.0,quiet,False
2024-09-05,2024,Bhakra,ecmwf_ifs025,2,10.038046636587007,51.86014682095309,0.0,quiet,False
2024-09-06,2024,Bhakra,ecmwf_ifs025,2,8.717841013501927,46.945377628468336,0.0,quiet,False
2024-09-07,2024,Bhakra,ecmwf_ifs025,2,10.251056457032458,52.64402140102028,0.0,quiet,False
2024-09-08,2024,Bhakra,ecmwf_ifs025,2,11.372375688098632,56.45141221848948,0.0,quiet,False
2024-09-09,2024,Bhakra,ecmwf_ifs025,2,11.255521613857242,56.06569615528182,0.0,quiet,False
2024-09-10,2024,Bhakra,ecmwf_ifs025,2,17.50300985033389,75.00311061341296,0.0,watch,False
2024-09-11,2024,Bhakra,ecmwf_ifs025,2,37.551754856491485,95.95620256314545,0.0,alert,False
2024-09-12,2024,Bhakra,ecmwf_ifs025,2,22.700539622024714,85.1063829787234,0.0,watch,False
2024-09-13,2024,Bhakra,ecmwf_ifs025,2,3.930074844899427,24.897349757372154,0.0,quiet,False
2024-09-14,2024,Bhakra,ecmwf_ifs025,2,4.872843504139763,30.30981709593132,0.0,quiet,False
2024-09-15,2024,Bhakra,ecmwf_ifs025,2,7.296124638946796,41.04765459748663,0.0,quiet,False
2024-09-16,2024,Bhakra,ecmwf_ifs025,2,7.473284381777425,41.843971631205676,0.0,quiet,False
2024-09-17,2024,Bhakra,ecmwf_ifs025,2,5.715867530905514,34.204305088963544,0.0,quiet,False
2024-09-18,2024,Bhakra,ecmwf_ifs025,2,4.975910522889554,30.782630334702006,0.0,quiet,False
2024-09-19,2024,Bhakra,ecmwf_ifs025,2,0.4233706137806549,5.225830533781261,0.0,quiet,False
2024-09-20,2024,Bhakra,ecmwf_ifs025,2,0.9903473295677283,8.261789224835137,0.0,quiet,False
2024-09-21,2024,Bhakra,ecmwf_ifs025,2,2.0655983817084063,14.44568868980963,0.0,quiet,False
2024-09-22,2024,Bhakra,ecmwf_ifs025,2,3.1313715369838104,20.51760607191738,0.0,quiet,False
2024-09-23,2024,Bhakra,ecmwf_ifs025,2,4.877129815584118,30.30981709593132,0.0,quiet,False
2024-09-24,2024,Bhakra,ecmwf_ifs025,2,5.830439697238743,34.72688814234167,0.0,quiet,False
2024-09-25,2024,Bhakra,ecmwf_ifs025,2,3.886706581048091,24.710712952594253,0.0,quiet,False
2024-09-26,2024,Bhakra,ecmwf_ifs025,2,1.9953971312618752,13.985317904690806,0.0,quiet,False
2024-09-27,2024,Bhakra,ecmwf_ifs025,2,0.428885568728504,5.263157894736842,0.0,quiet,False
2025-06-01,2025,Bhakra,ecmwf_aifs025_single,3,7.8880984658424005,43.44904815229563,0.0,quiet,False
2025-06-02,2025,Bhakra,ecmwf_aifs025_single,3,8.302353182110561,45.16610675625233,0.0,quiet,False
2025-06-03,2025,Bhakra,ecmwf_aifs025_single,3,5.6302240269831225,33.66927958193356,0.0,quiet,False
2025-06-04,2025,Bhakra,ecmwf_aifs025_single,3,1.7601113278043896,12.865497076023392,0.0,quiet,False
2025-06-05,2025,Bhakra,ecmwf_aifs025_single,3,0.5386450495424026,5.798183401766829,0.0,quiet,False
2025-06-06,2025,Bhakra,ecmwf_aifs025_single,3,0.4060482926389417,5.11384845091452,0.0,quiet,False
2025-06-07,2025,Bhakra,ecmwf_aifs025_single,3,0.5079013326241885,5.661316411596367,0.0,quiet,False
2025-06-08,2025,Bhakra,ecmwf_aifs025_single,3,0.42794986677717384,5.263157894736842,0.0,quiet,False
2025-06-09,2025,Bhakra,ecmwf_aifs025_single,3,0.9638976640328498,8.112479781012816,0.0,quiet,False
2025-06-10,2025,Bhakra,ecmwf_aifs025_single,3,2.166354097084688,15.092696279706358,0.0,quiet,False
2025-06-11,2025,Bhakra,ecmwf_aifs025_single,3,2.457635381877296,16.635560532537017,0.0,quiet,False
2025-06-12,2025,Bhakra,ecmwf_aifs025_single,3,3.615142169753323,23.142963792459874,0.0,quiet,False
2025-06-13,2025,Bhakra,ecmwf_aifs025_single,3,9.181053968529508,48.562896603210156,0.0,quiet,False
2025-06-14,2025,Bhakra,ecmwf_aifs025_single,3,21.711678519887688,83.37688192111484,0.0,watch,False
2025-06-15,2025,Bhakra,ecmwf_aifs025_single,3,23.611204411749714,86.40039815851685,0.0,watch,False
2025-06-16,2025,Bhakra,ecmwf_aifs025_single,3,15.032349859060531,68.3090705487122,0.0,quiet,False
2025-06-17,2025,Bhakra,ecmwf_aifs025_single,3,7.152232706505673,40.48774418315292,0.0,quiet,False
2025-06-18,2025,Bhakra,ecmwf_aifs025_single,3,6.823515584312802,39.1812865497076,0.0,quiet,False
2025-06-19,2025,Bhakra,ecmwf_aifs025_single,3,8.579734013930423,46.397909667786486,0.0,quiet,False
2025-06-20,2025,Bhakra,ecmwf_aifs025_single,3,7.687007029642382,42.615403757621,0.0,quiet,False
2025-06-21,2025,Bhakra,ecmwf_aifs025_single,3,8.551929696045928,46.261042677616025,0.0,quiet,False
2025-06-22,2025,Bhakra,ecmwf_aifs025_single,3,12.031801650904928,58.84036331964664,0.0,quiet,False
2025-06-23,2025,Bhakra,ecmwf_aifs025_single,3,17.439836794420053,74.77914644767948,0.0,quiet,False
2025-06-24,2025,Bhakra,ecmwf_aifs025_single,3,18.262524861254615,76.60818713450293,0.0,watch,False
2025-06-25,2025,Bhakra,ecmwf_aifs025_single,3,12.932517110058953,61.87632201070051,0.0,quiet,False
2025-06-26,2025,Bhakra,ecmwf_aifs025_single,3,14.459813596340148,66.75376384222969,0.0,quiet,False
2025-06-27,2025,Bhakra,ecmwf_aifs025_single,3,18.99690155958219,78.46211272863009,0.0,watch,False
2025-06-28,2025,Bhakra,ecmwf_aifs025_single,3,17.596512295770328,75.2395172327983,0.0,watch,False
2025-06-29,2025,Bhakra,ecmwf_aifs025_single,3,15.215451204478525,68.83165360209034,0.0,quiet,False
2025-06-30,2025,Bhakra,ecmwf_aifs025_single,3,11.050445397777558,55.393803658081374,0.0,quiet,False
2025-07-01,2025,Bhakra,ecmwf_aifs025_single,3,10.471366251001417,53.390568620131894,0.0,quiet,False
2025-07-02,2025,Bhakra,ecmwf_aifs025_single,3,8.937009830227122,47.65459748662436,0.0,quiet,False
2025-07-03,2025,Bhakra,ecmwf_aifs025_single,3,8.923664944950758,47.55505785740948,0.0,quiet,False
2025-07-04,2025,Bhakra,ecmwf_aifs025_single,3,14.187313180328122,65.93256190120692,0.0,quiet,False
2025-07-05,2025,Bhakra,ecmwf_aifs025_single,3,18.07686428599239,76.22247107129526,0.0,watch,False
2025-07-06,2025,Bhakra,ecmwf_aifs025_single,3,17.938971966864848,75.9611795446062,0.0,watch,False
2025-07-07,2025,Bhakra,ecmwf_aifs025_single,3,18.93189795375655,78.35013064576334,0.0,watch,False
2025-07-08,2025,Bhakra,ecmwf_aifs025_single,3,19.532608522076522,79.5197212890382,0.0,watch,False
2025-07-09,2025,Bhakra,ecmwf_aifs025_single,3,14.539056570530864,66.99017046161502,0.0,quiet,False
2025-07-10,2025,Bhakra,ecmwf_aifs025_single,3,13.312746088041155,63.17033719049397,0.0,quiet,False
2025-07-11,2025,Bhakra,ecmwf_aifs025_single,3,12.905596348518824,61.7518974741819,0.0,quiet,False
2025-07-12,2025,Bhakra,ecmwf_aifs025_single,3,13.156260898360053,62.68508149807141,0.0,quiet,False
2025-07-13,2025,Bhakra,ecmwf_aifs025_single,3,13.622982413531131,63.941769316909294,0.0,quiet,False
2025-07-14,2025,Bhakra,ecmwf_aifs025_single,3,18.770273914266873,77.8648749533408,0.0,watch,False
2025-07-15,2025,Bhakra,ecmwf_aifs025_single,3,20.75135194880524,81.7966903073286,0.0,watch,False
2025-07-16,2025,Bhakra,ecmwf_aifs025_single,3,18.243458088288648,76.5833022271992,0.0,watch,False
2025-07-17,2025,Bhakra,ecmwf_aifs025_single,3,15.071751093654548,68.42105263157895,0.0,quiet,False
2025-07-18,2025,Bhakra,ecmwf_aifs025_single,3,21.879165753355174,83.60084608684832,0.0,watch,False
2025-07-19,2025,Bhakra,ecmwf_aifs025_single,3,31.12265819004906,93.20642030608435,0.0,alert,False
2025-07-20,2025,Bhakra,ecmwf_aifs025_single,3,25.013999810654866,88.3538633818589,0.0,watch,False
2025-07-21,2025,Bhakra,ecmwf_aifs025_single,3,12.888930420005817,61.727012566878194,0.0,quiet,False
2025-07-22,2025,Bhakra,ecmwf_aifs025_single,3,10.483978306899614,53.41545352743561,0.0,quiet,False
2025-07-23,2025,Bhakra,ecmwf_aifs025_single,3,10.272860637585438,52.668906308324004,0.0,quiet,False
2025-07-24,2025,Bhakra,ecmwf_aifs025_single,3,11.233056561292624,55.99104143337066,0.0,quiet,False
2025-07-25,2025,Bhakra,ecmwf_aifs025_single,3,12.737444470110546,61.19198705984821,0.0,quiet,False
2025-07-26,2025,Bhakra,ecmwf_aifs025_single,3,16.69364156249418,72.91277839990046,0.0,quiet,False
2025-07-27,2025,Bhakra,ecmwf_aifs025_single,3,20.100334571865908,80.67686947866119,0.0,watch,False
2025-07-28,2025,Bhakra,ecmwf_aifs025_single,3,22.914754229571958,85.40500186636805,0.0,watch,False
2025-07-29,2025,Bhakra,ecmwf_aifs025_single,3,20.30759818630795,80.9879308199577,0.0,watch,False
2025-07-30,2025,Bhakra,ecmwf_aifs025_single,3,19.905367007217524,80.29115341545354,0.0,watch,False
2025-07-31,2025,Bhakra,ecmwf_aifs025_single,3,150.90847460824523,99.96267263904441,0.3333333333333333,alert,False
2025-08-01,2025,Bhakra,ecmwf_aifs025_single,3,15.076231582855957,68.42105263157895,0.0,quiet,False
2025-08-02,2025,Bhakra,ecmwf_aifs025_single,3,15.801675995673877,70.51138484509146,0.0,quiet,False
2025-08-03,2025,Bhakra,ecmwf_aifs025_single,3,18.856866903753094,78.17593629463731,0.0,watch,False
2025-08-04,2025,Bhakra,ecmwf_aifs025_single,3,21.36995111533726,82.7672016921737,0.0,watch,False
2025-08-05,2025,Bhakra,ecmwf_aifs025_single,3,12.836623924011661,61.527933308448425,0.0,quiet,True
2025-08-06,2025,Bhakra,ecmwf_aifs025_single,3,8.297480172422869,45.15366430260047,0.0,quiet,True
2025-08-07,2025,Bhakra,ecmwf_aifs025_single,3,11.021150136300953,55.244494214259056,0.0,quiet,True
2025-08-08,2025,Bhakra,ecmwf_aifs025_single,3,13.759248103355905,64.38969764837627,0.0,quiet,True
2025-08-09,2025,Bhakra,ecmwf_aifs025_single,3,18.688905795044484,77.59114097299987,0.0,watch,True
2025-08-10,2025,Bhakra,ecmwf_aifs025_single,3,27.47384838034015,90.82991165857908,0.0,alert,True
2025-08-11,2025,Bhakra,ecmwf_aifs025_single,3,31.993343116812888,93.67923354485505,0.0,alert,True
2025-08-12,2025,Bhakra,ecmwf_aifs025_single,3,26.525781709577082,89.88428518103771,0.0,watch,True
2025-08-13,2025,Bhakra,ecmwf_aifs025_single,3,27.312284051723772,90.59350503919373,0.0,alert,True
2025-08-14,2025,Bhakra,ecmwf_aifs025_single,3,17.398867500201952,74.6796068184646,0.0,quiet,True
2025-08-15,2025,Bhakra,ecmwf_aifs025_single,3,18.036932547285748,76.16025880303596,0.0,watch,True
2025-08-16,2025,Bhakra,ecmwf_aifs025_single,3,17.3841470639644,74.62983700385716,0.0,quiet,True
2025-08-17,2025,Bhakra,ecmwf_aifs025_single,3,14.073987458581728,65.50951847704367,0.0,quiet,True
2025-08-18,2025,Bhakra,ecmwf_aifs025_single,3,8.974068972482739,47.80390693044668,0.0,quiet,True
2025-08-19,2025,Bhakra,ecmwf_aifs025_single,3,9.123012224329214,48.38870225208411,0.0,quiet,True
2025-08-20,2025,Bhakra,ecmwf_aifs025_single,3,11.591397244139227,57.21040189125296,0.0,quiet,True
2025-08-21,2025,Bhakra,ecmwf_aifs025_single,3,18.61040887101036,77.37961926091825,0.0,watch,True
2025-08-22,2025,Bhakra,ecmwf_aifs025_single,3,27.55262934538478,91.00410600970511,0.0,alert,True
2025-08-23,2025,Bhakra,ecmwf_aifs025_single,3,30.323793962048004,92.78337688192111,0.0,alert,True
2025-08-24,2025,Bhakra,ecmwf_aifs025_single,3,24.00285960856949,86.96030857285056,0.0,watch,True
2025-08-25,2025,Bhakra,ecmwf_aifs025_single,3,14.71199077247115,67.40077143212642,0.0,quiet,True
2025-08-26,2025,Bhakra,ecmwf_aifs025_single,3,13.208245620170768,62.82194848824189,0.0,quiet,True
2025-08-27,2025,Bhakra,ecmwf_aifs025_single,3,18.5649286091551,77.2676371780515,0.0,watch,False
2025-08-28,2025,Bhakra,ecmwf_aifs025_single,3,26.55058475161377,89.93405499564514,0.0,watch,False
2025-08-29,2025,Bhakra,ecmwf_aifs025_single,3,47.51564873983199,97.92211024013936,0.0,alert,False
2025-08-30,2025,Bhakra,ecmwf_aifs025_single,3,71.2508453437921,99.34054995645141,0.6666666666666666,alert,False
2025-08-31,2025,Bhakra,ecmwf_aifs025_single,3,67.15642609210289,99.27833768819211,0.6666666666666666,alert,False
2025-09-01,2025,Bhakra,ecmwf_aifs025_single,3,54.26924399000923,98.5317904690805,0.0,alert,False
2025-09-02,2025,Bhakra,ecmwf_aifs025_single,3,26.228840615752915,89.62299365434863,0.0,watch,False
2025-09-03,2025,Bhakra,ecmwf_aifs025_single,3,16.783209265941327,73.13674256563394,0.0,quiet,False
2025-09-04,2025,Bhakra,ecmwf_aifs025_single,3,10.88906536820975,54.908547965658826,0.0,quiet,False
2025-09-05,2025,Bhakra,ecmwf_aifs025_single,3,11.536965781667666,57.03620754012692,0.0,quiet,False
2025-09-06,2025,Bhakra,ecmwf_aifs025_single,3,8.224549281499607,44.79283314669653,0.0,quiet,False
2025-09-07,2025,Bhakra,ecmwf_aifs025_single,3,6.831742879382295,39.21861391066318,0.0,quiet,False
2025-09-08,2025,Bhakra,ecmwf_aifs025_single,3,5.218387331311353,31.914893617021278,0.0,quiet,False
2025-09-09,2025,Bhakra,ecmwf_aifs025_single,3,6.3402781184433525,37.22782132636556,0.0,quiet,False
2025-09-10,2025,Bhakra,ecmwf_aifs025_single,3,8.28372785737956,45.12877939529675,0.0,quiet,False
2025-09-11,2025,Bhakra,ecmwf_aifs025_single,3,9.178788957288548,48.562896603210156,0.0,quiet,False
2025-09-12,2025,Bhakra,ecmwf_aifs025_single,3,11.033279773524896,55.269379121562764,0.0,quiet,False
2025-09-13,2025,Bhakra,ecmwf_aifs025_single,3,10.519357424365683,53.49010824934677,0.0,quiet,False
2025-09-14,2025,Bhakra,ecmwf_aifs025_single,3,10.28204220036762,52.68134876197587,0.0,quiet,False
2025-09-15,2025,Bhakra,ecmwf_aifs025_single,3,9.168048806021261,48.53801169590643,0.0,quiet,False
2025-09-16,2025,Bhakra,ecmwf_aifs025_single,3,5.059393038953518,31.043921861391066,0.0,quiet,False
2025-09-17,2025,Bhakra,ecmwf_aifs025_single,3,3.637086169936225,23.304715689934056,0.0,quiet,False
2025-09-18,2025,Bhakra,ecmwf_aifs025_single,3,2.556924821320561,17.145701132263284,0.0,quiet,False
2025-09-19,2025,Bhakra,ecmwf_aifs025_single,3,1.029035003117131,8.386213761353739,0.0,quiet,False
2025-09-20,2025,Bhakra,ecmwf_aifs025_single,3,0.9995385498063724,8.324001493094437,0.0,quiet,False
2025-09-21,2025,Bhakra,ecmwf_aifs025_single,3,1.3763951346759096,10.451661067562522,0.0,quiet,False
2025-09-22,2025,Bhakra,ecmwf_aifs025_single,3,1.5566192179424372,11.596366803533657,0.0,quiet,False
2025-09-23,2025,Bhakra,ecmwf_aifs025_single,3,0.829981736616398,7.440587283812368,0.0,quiet,False
2025-09-24,2025,Bhakra,ecmwf_aifs025_single,3,0.43948941322684165,5.325370162996143,0.0,quiet,False
2025-09-25,2025,Bhakra,ecmwf_aifs025_single,3,0.0944261182649478,2.214756750031106,0.0,quiet,False
2025-09-26,2025,Bhakra,ecmwf_aifs025_single,3,0.4203761346395381,5.213388080129402,0.0,quiet,False
2025-09-27,2025,Bhakra,ecmwf_aifs025_single,3,1.1758772729811664,9.232300609680228,0.0,quiet,False
2026-06-01,2026,Bhakra,ecmwf_aifs025_single,3,5.193335792206632,31.740699265895234,0.0,quiet,False
2026-06-02,2026,Bhakra,ecmwf_aifs025_single,3,7.510863047058718,41.993281075027994,0.0,quiet,False
2026-06-03,2026,Bhakra,ecmwf_aifs025_single,3,7.269688799722175,40.948114968271746,0.0,quiet,False
2026-06-04,2026,Bhakra,ecmwf_aifs025_single,3,4.241139844588703,26.689063083240015,0.0,quiet,False
2026-06-05,2026,Bhakra,ecmwf_aifs025_single,3,0.9016983266011269,7.851188254323753,0.0,quiet,False
2026-06-06,2026,Bhakra,ecmwf_aifs025_single,3,1.1587600214063274,9.145203434117208,0.0,quiet,False
2026-06-07,2026,Bhakra,ecmwf_aifs025_single,3,2.2514097538058957,15.553067064825182,0.0,quiet,False
2026-06-08,2026,Bhakra,ecmwf_aifs025_single,3,4.090294058292613,25.706109244743065,0.0,quiet,False
2026-06-09,2026,Bhakra,ecmwf_aifs025_single,3,7.84060403042767,43.21264153291029,0.0,quiet,False
2026-06-10,2026,Bhakra,ecmwf_aifs025_single,3,7.694657353794054,42.640288664924725,0.0,quiet,False
2026-06-11,2026,Bhakra,ecmwf_aifs025_single,3,6.438374489378489,37.713077018788105,0.0,quiet,False
2026-06-12,2026,Bhakra,ecmwf_aifs025_single,3,4.715956089936542,29.41396043299739,0.0,quiet,False
2026-06-13,2026,Bhakra,ecmwf_aifs025_single,3,4.634599246803796,28.92870474057484,0.0,quiet,False
2026-06-14,2026,Bhakra,ecmwf_aifs025_single,3,4.196234007312266,26.440214010202812,0.0,quiet,False
2026-06-15,2026,Bhakra,ecmwf_aifs025_single,3,4.22485489652257,26.626850814980713,0.0,quiet,False
2026-06-16,2026,Bhakra,ecmwf_aifs025_single,3,4.209057125989869,26.50242627846211,0.0,quiet,False
2026-06-17,2026,Bhakra,ecmwf_aifs025_single,3,3.8236580240323983,24.337439343038447,0.0,quiet,False
2026-06-18,2026,Bhakra,ecmwf_aifs025_single,3,4.598228912538189,28.617643399278336,0.0,quiet,False
2026-06-19,2026,Bhakra,ecmwf_aifs025_single,3,4.476059584643203,28.07017543859649,0.0,quiet,False
2026-06-20,2026,Bhakra,ecmwf_aifs025_single,3,4.79579168959569,29.961428393679235,0.0,quiet,False
2026-06-21,2026,Bhakra,ecmwf_aifs025_single,3,5.324588912781954,32.375264402140104,0.0,quiet,False
2026-06-22,2026,Bhakra,ecmwf_aifs025_single,3,4.921464189953477,30.558666168968518,0.0,quiet,False
2026-06-23,2026,Bhakra,ecmwf_aifs025_single,3,6.276144642458104,36.954087346024636,0.0,quiet,False
2026-06-24,2026,Bhakra,ecmwf_aifs025_single,3,6.390940180169794,37.51399776035834,0.0,quiet,False
2026-06-25,2026,Bhakra,ecmwf_aifs025_single,3,6.656008585665118,38.571606320766456,0.0,quiet,False
2026-06-26,2026,Bhakra,ecmwf_aifs025_single,3,6.010449756054129,35.6849570735349,0.0,quiet,False
2026-06-27,2026,Bhakra,ecmwf_aifs025_single,3,7.90279455271324,43.536145327858655,0.0,quiet,False
2026-06-28,2026,Bhakra,ecmwf_aifs025_single,3,16.020356377222587,71.07129525942516,0.0,quiet,False
2026-06-29,2026,Bhakra,ecmwf_aifs025_single,3,21.37205623123896,82.7672016921737,0.0,watch,False
2026-06-30,2026,Bhakra,ecmwf_aifs025_single,3,23.474837536002475,86.23864626104267,0.0,watch,False
2026-07-01,2026,Bhakra,ecmwf_aifs025_single,3,12.999308824225261,62.174940898345156,0.0,quiet,False
2026-07-02,2026,Bhakra,ecmwf_aifs025_single,3,9.73284485804685,50.81498071419684,0.0,quiet,False
2026-07-03,2026,Bhakra,ecmwf_aifs025_single,3,10.306393771841124,52.768445937538885,0.0,quiet,False
2026-07-04,2026,Bhakra,ecmwf_aifs025_single,3,12.12715207081991,59.16386711459501,0.0,quiet,False
2026-07-05,2026,Bhakra,ecmwf_aifs025_single,3,19.73109749889346,79.99253452780889,0.0,watch,False
2026-07-06,2026,Bhakra,ecmwf_aifs025_single,3,35.136260686423924,95.18477043673013,0.0,alert,False
2026-07-07,2026,Bhakra,ecmwf_aifs025_single,3,34.249194885258916,94.86126664178175,0.0,alert,False
2026-07-08,2026,Bhakra,ecmwf_aifs025_single,3,24.178693178454864,87.30869727510266,0.0,watch,False
2026-07-09,2026,Bhakra,ecmwf_aifs025_single,3,10.112040635688881,52.121438347642155,0.0,quiet,False
2026-07-10,2026,Bhakra,ecmwf_aifs025_single,3,6.841130431673948,39.2434988179669,0.0,quiet,False
2026-07-11,2026,Bhakra,ecmwf_aifs025_single,3,3.7084430196677154,23.67798929948986,0.0,quiet,False
2026-07-12,2026,Bhakra,ecmwf_aifs025_single,3,3.5025777606710755,22.60793828542989,0.0,quiet,False
2026-07-13,2026,Bhakra,ecmwf_aifs025_single,3,3.705074962318262,23.65310439218614,0.0,quiet,False
2026-07-14,2026,Bhakra,ecmwf_aifs025_single,3,4.9226446238069475,30.558666168968518,0.0,quiet,False
2026-07-15,2026,Bhakra,ecmwf_aifs025_single,3,6.261844239589234,36.929202438720914,0.0,quiet,False
2026-07-16,2026,Bhakra,ecmwf_aifs025_single,3,13.911038926885809,64.98693542366554,0.0,quiet,False
2026-07-17,2026,Bhakra,ecmwf_aifs025_single,3,25.58410728129909,88.90133134254074,0.0,watch,False
2026-07-18,2026,Bhakra,ecmwf_aifs025_single,3,30.331611366407053,92.78337688192111,0.0,alert,False
2026-07-19,2026,Bhakra,ecmwf_aifs025_single,3,31.233755651679008,93.24374766703994,0.0,alert,False
2026-07-20,2026,Bhakra,ecmwf_aifs025_single,3,20.113664536216774,80.71419683961678,0.0,watch,False
2026-07-21,2026,Bhakra,ecmwf_aifs025_single,3,15.173824527820067,68.68234415826801,0.0,quiet,False
2026-07-22,2026,Bhakra,ecmwf_aifs025_single,3,14.623457383387487,67.1892497200448,0.0,quiet,False
2026-07-23,2026,Bhakra,ecmwf_aifs025_single,3,14.35148344237242,66.46758740823691,0.0,quiet,False
2026-07-24,2026,Bhakra,ecmwf_aifs025_single,3,13.886377691865583,64.89983824810253,0.0,quiet,False
2026-07-25,2026,Bhakra,ecmwf_aifs025_single,3,14.395296807057813,66.55468458379993,0.0,quiet,False
2026-07-26,2026,Bhakra,ecmwf_aifs025_single,3,13.697937935082884,64.21550329725022,0.0,quiet,False
2026-07-27,2026,Bhakra,ecmwf_aifs025_single,3,13.73759160270188,64.3150429264651,0.0,quiet,False
2026-07-28,2026,Bhakra,ecmwf_aifs025_single,3,17.07112092521229,73.78375015553067,0.0,quiet,False
2026-07-29,2026,Bhakra,ecmwf_aifs025_single,3,19.33104953766675,79.00958068931193,0.0,watch,False
2026-07-30,2026,Bhakra,ecmwf_aifs025_single,3,19.5212337967347,79.49483638173447,0.0,watch,False
2026-07-31,2026,Bhakra,ecmwf_aifs025_single,3,15.803277739947141,70.51138484509146,0.0,quiet,False
2026-08-01,2026,Bhakra,ecmwf_aifs025_single,3,15.080859049384118,68.42105263157895,0.0,quiet,False
2026-08-02,2026,Bhakra,ecmwf_aifs025_single,3,15.724886947012134,70.39940276222471,0.0,quiet,False
2026-08-03,2026,Bhakra,ecmwf_aifs025_single,3,23.30859497322406,86.00223964165733,0.0,watch,False
2026-08-04,2026,Bhakra,ecmwf_aifs025_single,3,27.10897955580903,90.3570984198084,0.0,alert,False
2026-08-05,2026,Bhakra,ecmwf_aifs025_single,3,25.287460790358033,88.65248226950354,0.0,watch,False
2026-08-06,2026,Bhakra,ecmwf_aifs025_single,3,15.433593101315543,69.57820082120195,0.0,quiet,False
2026-08-07,2026,Bhakra,ecmwf_aifs025_single,3,15.07112418964994,68.42105263157895,0.0,quiet,False
2026-08-08,2026,Bhakra,ecmwf_aifs025_single,3,22.231418547215014,84.28518103770062,0.0,watch,False
2026-08-09,2026,Bhakra,ecmwf_aifs025_single,3,23.841116481152035,86.68657459250964,0.0,watch,False
2026-08-10,2026,Bhakra,ecmwf_aifs025_single,3,15.758927206417312,70.42428766952843,0.0,quiet,False
2026-08-11,2026,Bhakra,ecmwf_aifs025_single,3,10.783473021635311,54.63481398531791,0.0,quiet,False
2026-08-12,2026,Bhakra,ecmwf_aifs025_single,3,12.99086203939164,62.112728630085854,0.0,quiet,False
2026-08-13,2026,Bhakra,ecmwf_aifs025_single,3,12.204760699058566,59.46248600223964,0.0,quiet,False
2026-08-14,2026,Bhakra,ecmwf_aifs025_single,3,12.38799266856212,60.0348388702252,0.0,quiet,False
2026-08-15,2026,Bhakra,ecmwf_aifs025_single,3,12.09742189386526,59.051885031728254,0.0,quiet,False
2026-08-16,2026,Bhakra,ecmwf_aifs025_single,3,14.731190906060785,67.43809879308199,0.0,quiet,False
2026-08-17,2026,Bhakra,ecmwf_aifs025_single,3,16.611661448547835,72.78835386338186,0.0,quiet,False
2026-08-18,2026,Bhakra,ecmwf_aifs025_single,3,14.202118693788648,65.98233171581435,0.0,quiet,False
2026-08-19,2026,Bhakra,ecmwf_aifs025_single,3,9.473324106218522,49.632947617270126,0.0,quiet,False
2026-08-20,2026,Bhakra,ecmwf_aifs025_single,3,7.240670588468656,40.885902700012444,0.0,quiet,False
2026-08-21,2026,Bhakra,ecmwf_aifs025_single,3,8.372743746651388,45.439840736593254,0.0,quiet,False
2026-08-22,2026,Bhakra,ecmwf_aifs025_single,3,8.207024561341683,44.743063332089086,0.0,quiet,False
2026-08-23,2026,Bhakra,ecmwf_aifs025_single,3,6.833200739975435,39.231056364315045,0.0,quiet,False
2026-08-24,2026,Bhakra,ecmwf_aifs025_single,3,5.890932036542918,35.162374020156776,0.0,quiet,False
2026-08-25,2026,Bhakra,ecmwf_aifs025_single,3,5.710629820261466,34.19186263531168,0.0,quiet,False
2026-08-26,2026,Bhakra,ecmwf_aifs025_single,3,5.391856260560665,32.611671021525446,0.0,quiet,False
2026-08-27,2026,Bhakra,ecmwf_aifs025_single,3,7.9808762177643136,43.80987930819958,0.0,quiet,False
2026-08-28,2026,Bhakra,ecmwf_aifs025_single,3,11.040345437280749,55.28182157521463,0.0,quiet,False
2026-08-29,2026,Bhakra,ecmwf_aifs025_single,3,17.38285383428,74.62983700385716,0.0,quiet,False
2026-08-30,2026,Bhakra,ecmwf_aifs025_single,3,18.08062423888822,76.23491352494712,0.0,watch,False
2026-08-31,2026,Bhakra,ecmwf_aifs025_single,3,13.82680604819173,64.61366181410975,0.0,quiet,False
2026-09-01,2026,Bhakra,ecmwf_aifs025_single,3,10.621469717372293,53.88826676620629,0.0,quiet,False
2026-09-02,2026,Bhakra,ecmwf_aifs025_single,3,20.61791302521106,81.49807141968395,0.0,watch,False
2026-09-03,2026,Bhakra,ecmwf_aifs025_single,3,22.607477343890512,84.93218862759736,0.0,watch,False
2026-09-04,2026,Bhakra,ecmwf_aifs025_single,3,14.56498766403558,67.06482518352618,0.0,quiet,False
2026-09-05,2026,Bhakra,ecmwf_aifs025_single,3,5.78150795437877,34.56513624486749,0.0,quiet,False
2026-09-06,2026,Bhakra,ecmwf_aifs025_single,3,4.558273344601147,28.493218862759733,0.0,quiet,False
2026-09-07,2026,Bhakra,ecmwf_aifs025_single,3,2.550326224454273,17.108373771307704,0.0,quiet,False
2026-09-08,2026,Bhakra,ecmwf_aifs025_single,3,2.906814457321012,19.161378623864625,0.0,quiet,False
2026-09-09,2026,Bhakra,ecmwf_aifs025_single,3,6.905839640342043,39.542117705611545,0.0,quiet,False
2026-09-10,2026,Bhakra,ecmwf_aifs025_single,3,9.432067879187244,49.52096553440338,0.0,quiet,False
2026-09-11,2026,Bhakra,ecmwf_aifs025_single,3,8.695713296512606,46.8956078138609,0.0,quiet,False
2026-09-12,2026,Bhakra,ecmwf_aifs025_single,3,5.489936549967617,33.02227199203683,0.0,quiet,False
2026-09-13,2026,Bhakra,ecmwf_aifs025_single,3,3.1479644173966683,20.554933432872964,0.0,quiet,False
2024-06-01,2024,Pong,ecmwf_ifs025,2,2.3996844570688336,14.047530172950108,0.0,quiet,False
2024-06-02,2024,Pong,ecmwf_ifs025,2,4.505426030253316,20.64203060843598,0.0,quiet,False
2024-06-03,2024,Pong,ecmwf_ifs025,2,8.420947168483954,31.69092945128779,0.0,quiet,False
2024-06-04,2024,Pong,ecmwf_ifs025,2,3.797139273941816,18.55169839492348,0.0,quiet,False
2024-06-05,2024,Pong,ecmwf_ifs025,2,2.357111715997869,13.935548090083364,0.0,quiet,False
2024-06-06,2024,Pong,ecmwf_ifs025,2,3.835138710346591,18.71345029239766,0.0,quiet,False
2024-06-07,2024,Pong,ecmwf_ifs025,2,2.3874489411397892,13.972875451038943,0.0,quiet,False
2024-06-08,2024,Pong,ecmwf_ifs025,2,1.194353532593014,9.779768570362075,0.0,quiet,False
2024-06-09,2024,Pong,ecmwf_ifs025,2,0.7394415758316054,7.776533532412591,0.0,quiet,False
2024-06-10,2024,Pong,ecmwf_ifs025,2,0.9809134876931143,8.883911907428145,0.0,quiet,False
2024-06-11,2024,Pong,ecmwf_ifs025,2,1.7355129372821758,11.770561154659699,0.0,quiet,False
2024-06-12,2024,Pong,ecmwf_ifs025,2,2.6159483296250388,14.831404753017294,0.0,quiet,False
2024-06-13,2024,Pong,ecmwf_ifs025,2,2.1032967020880076,12.778399900460371,0.0,quiet,False
2024-06-14,2024,Pong,ecmwf_ifs025,2,0.938855755039781,8.722160009953962,0.0,quiet,False
2024-06-15,2024,Pong,ecmwf_ifs025,2,1.599756735993181,11.260420554933432,0.0,quiet,False
2024-06-16,2024,Pong,ecmwf_ifs025,2,2.771704989944232,15.353987806395422,0.0,quiet,False
2024-06-17,2024,Pong,ecmwf_ifs025,2,3.1877641027679147,16.84708224461864,0.0,quiet,False
2024-06-18,2024,Pong,ecmwf_ifs025,2,4.492735553802701,20.617145701132262,0.0,quiet,False
2024-06-19,2024,Pong,ecmwf_ifs025,2,4.771993665676574,21.17705611546597,0.0,quiet,False
2024-06-20,2024,Pong,ecmwf_ifs025,2,6.104845005080495,24.959562025631456,0.0,quiet,False
2024-06-21,2024,Pong,ecmwf_ifs025,2,4.704009372135413,21.04018912529551,0.0,quiet,False
2024-06-22,2024,Pong,ecmwf_ifs025,2,3.963115332363894,19.049396540997883,0.0,quiet,False
2024-06-23,2024,Pong,ecmwf_ifs025,2,4.377888728000189,20.30608435983576,0.0,quiet,False
2024-06-24,2024,Pong,ecmwf_ifs025,2,11.364010675898498,38.39741196964041,0.0,quiet,False
2024-06-25,2024,Pong,ecmwf_ifs025,2,19.492781669472294,53.85093940525072,0.0,quiet,False
2024-06-26,2024,Pong,ecmwf_ifs025,2,18.156238583365344,51.52420057235286,0.0,quiet,False
2024-06-27,2024,Pong,ecmwf_ifs025,2,12.65844904841793,41.234291402264525,0.0,quiet,False
2024-06-28,2024,Pong,ecmwf_ifs025,2,16.221103818038667,47.96565882792086,0.5,watch,False
2024-06-29,2024,Pong,ecmwf_ifs025,2,18.924581485082943,52.91775538136121,0.0,quiet,False
2024-06-30,2024,Pong,ecmwf_ifs025,2,20.514006756543214,55.742192360333455,0.0,quiet,False
2024-07-01,2024,Pong,ecmwf_ifs025,2,27.52798823709452,66.29339305711086,0.0,quiet,False
2024-07-02,2024,Pong,ecmwf_ifs025,2,76.42114859181487,96.24237899713823,1.0,alert,False
2024-07-03,2024,Pong,ecmwf_ifs025,2,86.05202171638133,97.6608187134503,1.0,alert,False
2024-07-04,2024,Pong,ecmwf_ifs025,2,54.28026624778082,89.80963045912654,0.0,watch,False
2024-07-05,2024,Pong,ecmwf_ifs025,2,19.185227300975022,53.35324125917631,0.0,quiet,False
2024-07-06,2024,Pong,ecmwf_ifs025,2,7.141527831418886,28.057732984944632,0.0,quiet,False
2024-07-07,2024,Pong,ecmwf_ifs025,2,9.744821607739336,34.80154286425283,0.0,quiet,False
2024-07-08,2024,Pong,ecmwf_ifs025,2,10.000411162001214,35.373895732238395,0.0,quiet,False
2024-07-09,2024,Pong,ecmwf_ifs025,2,9.001136077742409,33.12181162125171,0.0,quiet,False
2024-07-10,2024,Pong,ecmwf_ifs025,2,8.064227915972836,30.60843598357596,0.0,quiet,False
2024-07-11,2024,Pong,ecmwf_ifs025,2,6.158729012842358,25.15864128406122,0.0,quiet,False
2024-07-12,2024,Pong,ecmwf_ifs025,2,7.199824255962277,28.25681224337439,0.0,quiet,False
2024-07-13,2024,Pong,ecmwf_ifs025,2,8.289762746648986,31.20567375886525,0.0,quiet,False
2024-07-14,2024,Pong,ecmwf_ifs025,2,9.425762857226866,34.0301107378375,0.0,quiet,False
2024-07-15,2024,Pong,ecmwf_ifs025,2,14.176804434143719,44.30757745427398,0.0,quiet,False
2024-07-16,2024,Pong,ecmwf_ifs025,2,11.87391302052356,39.542117705611545,0.0,quiet,False
2024-07-17,2024,Pong,ecmwf_ifs025,2,10.596366519334593,36.543486375513254,0.0,quiet,False
2024-07-18,2024,Pong,ecmwf_ifs025,2,9.935102383899274,35.23702874206794,0.0,quiet,False
2024-07-19,2024,Pong,ecmwf_ifs025,2,19.198955926281513,53.390568620131894,0.0,quiet,False
2024-07-20,2024,Pong,ecmwf_ifs025,2,30.454080635473776,70.22520841109868,0.0,quiet,False
2024-07-21,2024,Pong,ecmwf_ifs025,2,27.007576535402848,65.64638546721413,0.0,quiet,False
2024-07-22,2024,Pong,ecmwf_ifs025,2,23.82425697419758,61.241756874455646,0.0,quiet,False
2024-07-23,2024,Pong,ecmwf_ifs025,2,13.029766099182638,41.85641408485753,0.0,quiet,False
2024-07-24,2024,Pong,ecmwf_ifs025,2,17.75179153400192,50.72788353863382,0.0,quiet,False
2024-07-25,2024,Pong,ecmwf_ifs025,2,22.978325129329548,59.98506905561777,0.0,quiet,False
2024-07-26,2024,Pong,ecmwf_ifs025,2,24.51976653694785,62.19982580564888,0.5,watch,False
2024-07-27,2024,Pong,ecmwf_ifs025,2,23.288318950020482,60.42055493343287,0.0,quiet,False
2024-07-28,2024,Pong,ecmwf_ifs025,2,34.74378188967481,75.60034838870226,0.0,watch,False
2024-07-29,2024,Pong,ecmwf_ifs025,2,50.31613138441527,87.95570486499938,0.5,watch,False
2024-07-30,2024,Pong,ecmwf_ifs025,2,67.39411403762007,94.45066567127037,1.0,alert,False
2024-07-31,2024,Pong,ecmwf_ifs025,2,65.10212654172001,93.77877317406993,0.5,alert,False
2024-08-01,2024,Pong,ecmwf_ifs025,2,32.333886995124516,72.77591140973,0.0,quiet,False
2024-08-02,2024,Pong,ecmwf_ifs025,2,41.90100573076471,82.03309692671394,0.0,watch,False
2024-08-03,2024,Pong,ecmwf_ifs025,2,41.24171051957158,81.44830160507652,0.5,watch,False
2024-08-04,2024,Pong,ecmwf_ifs025,2,77.563801355195,96.51611297747917,0.5,alert,False
2024-08-05,2024,Pong,ecmwf_ifs025,2,80.02578404154384,96.86450167973123,0.5,alert,False
2024-08-06,2024,Pong,ecmwf_ifs025,2,60.62851764703465,92.45987308697275,1.0,alert,False
2024-08-07,2024,Pong,ecmwf_ifs025,2,33.700338237794796,74.46808510638297,0.5,watch,False
2024-08-08,2024,Pong,ecmwf_ifs025,2,42.950278046910086,82.7049894239144,0.0,watch,False
2024-08-09,2024,Pong,ecmwf_ifs025,2,54.220092155078575,89.79718800547468,0.0,watch,False
2024-08-10,2024,Pong,ecmwf_ifs025,2,39.733902034596355,80.34092323006097,0.0,watch,False
2024-08-11,2024,Pong,ecmwf_ifs025,2,24.735277116017386,62.42378997138236,0.0,quiet,False
2024-08-12,2024,Pong,ecmwf_ifs025,2,33.22834654462818,73.84596242378997,0.0,quiet,False
2024-08-13,2024,Pong,ecmwf_ifs025,2,42.950098753821,82.7049894239144,0.0,watch,False
2024-08-14,2024,Pong,ecmwf_ifs025,2,26.168090090469278,64.47679482393927,0.0,quiet,False
2024-08-15,2024,Pong,ecmwf_ifs025,2,31.964395308007422,72.22844344904816,0.0,quiet,False
2024-08-16,2024,Pong,ecmwf_ifs025,2,31.479299043288673,71.64364812741073,0.0,quiet,False
2024-08-17,2024,Pong,ecmwf_ifs025,2,34.05766226625849,74.79158890133134,0.0,quiet,False
2024-08-18,2024,Pong,ecmwf_ifs025,2,27.209853765151205,65.99477416946623,0.0,quiet,False
2024-08-19,2024,Pong,ecmwf_ifs025,2,15.894625350331335,47.41819086723902,0.0,quiet,False
2024-08-20,2024,Pong,ecmwf_ifs025,2,14.540884954493313,44.91725768321513,0.0,quiet,False
2024-08-21,2024,Pong,ecmwf_ifs025,2,12.417326439472136,40.78636307079756,0.0,quiet,False
2024-08-22,2024,Pong,ecmwf_ifs025,2,12.318724149762044,40.62461117332338,0.0,quiet,False
2024-08-23,2024,Pong,ecmwf_ifs025,2,18.612893901622492,52.37028742067936,0.0,quiet,False
2024-08-24,2024,Pong,ecmwf_ifs025,2,22.029593618219003,58.44220480278711,0.0,quiet,False
2024-08-25,2024,Pong,ecmwf_ifs025,2,24.186254531364995,61.78922483513749,0.0,quiet,False
2024-08-26,2024,Pong,ecmwf_ifs025,2,22.703807538170445,59.5371407241508,0.0,quiet,False
2024-08-27,2024,Pong,ecmwf_ifs025,2,25.757954806350483,63.89199950230186,0.0,quiet,False
2024-08-28,2024,Pong,ecmwf_ifs025,2,17.725428190481683,50.65322881672266,0.0,quiet,False
2024-08-29,2024,Pong,ecmwf_ifs025,2,5.972948426490676,24.59873086972751,0.0,quiet,False
2024-08-30,2024,Pong,ecmwf_ifs025,2,12.7977670454008,41.42092820704243,0.0,quiet,False
2024-08-31,2024,Pong,ecmwf_ifs025,2,18.7659724800397,52.668906308324004,0.0,quiet,False
2024-09-01,2024,Pong,ecmwf_ifs025,2,26.891378811591338,65.54684583799926,0.0,quiet,False
2024-09-02,2024,Pong,ecmwf_ifs025,2,16.854584857415023,49.06059474928456,0.0,quiet,False
2024-09-03,2024,Pong,ecmwf_ifs025,2,15.41912501658118,46.44767948239393,0.0,quiet,False
2024-09-04,2024,Pong,ecmwf_ifs025,2,18.117191428864945,51.461988304093566,0.0,quiet,False
2024-09-05,2024,Pong,ecmwf_ifs025,2,13.508619575203483,42.926465098917504,0.0,quiet,False
2024-09-06,2024,Pong,ecmwf_ifs025,2,10.642429481119155,36.66791091203186,0.0,quiet,False
2024-09-07,2024,Pong,ecmwf_ifs025,2,13.105548267208665,41.96839616772428,0.0,quiet,False
2024-09-08,2024,Pong,ecmwf_ifs025,2,16.353674313088067,48.127410725395045,0.0,quiet,False
2024-09-09,2024,Pong,ecmwf_ifs025,2,10.590329289639035,36.53104392186139,0.0,quiet,False
2024-09-10,2024,Pong,ecmwf_ifs025,2,14.714256334048446,45.265646385467214,0.0,quiet,False
2024-09-11,2024,Pong,ecmwf_ifs025,2,18.483427814604884,52.1089958939903,0.0,quiet,False
2024-09-12,2024,Pong,ecmwf_ifs025,2,9.730476078110513,34.78910041060097,0.0,quiet,False
2024-09-13,2024,Pong,ecmwf_ifs025,2,6.191578695044607,25.28306582057982,0.0,quiet,False
2024-09-14,2024,Pong,ecmwf_ifs025,2,8.582555561902458,31.989548338932437,0.0,quiet,False
2024-09-15,2024,Pong,ecmwf_ifs025,2,9.101367066724437,33.33333333333333,0.0,quiet,False
2024-09-16,2024,Pong,ecmwf_ifs025,2,5.631765395678529,23.71531666044544,0.0,quiet,False
2024-09-17,2024,Pong,ecmwf_ifs025,2,4.48842043529115,20.617145701132262,0.0,quiet,False
2024-09-18,2024,Pong,ecmwf_ifs025,2,5.478342427288625,23.391812865497073,0.0,quiet,False
2024-09-19,2024,Pong,ecmwf_ifs025,2,1.1137320130373372,9.518477043673013,0.0,quiet,False
2024-09-20,2024,Pong,ecmwf_ifs025,2,1.690104782808688,11.571481896229937,0.0,quiet,False
2024-09-21,2024,Pong,ecmwf_ifs025,2,2.585403118340258,14.744307577454274,0.0,quiet,False
2024-09-22,2024,Pong,ecmwf_ifs025,2,5.1515585798426935,22.458628841607563,0.0,quiet,False
2024-09-23,2024,Pong,ecmwf_ifs025,2,16.63968637238333,48.58778151051387,0.0,quiet,False
2024-09-24,2024,Pong,ecmwf_ifs025,2,18.829038954285203,52.75600348388703,0.0,quiet,False
2024-09-25,2024,Pong,ecmwf_ifs025,2,11.13775171408549,37.7752892870474,0.0,quiet,False
2024-09-26,2024,Pong,ecmwf_ifs025,2,4.461643898597735,20.530048525569242,0.0,quiet,False
2024-09-27,2024,Pong,ecmwf_ifs025,2,0.8603750467371201,8.361328854050019,0.0,quiet,False
2025-06-01,2025,Pong,ecmwf_aifs025_single,3,11.070888268163385,37.62597984322508,0.0,quiet,False
2025-06-02,2025,Pong,ecmwf_aifs025_single,3,10.735323546995268,36.86699017046162,0.0,quiet,False
2025-06-03,2025,Pong,ecmwf_aifs025_single,3,7.534941855319399,29.289535896478785,0.0,quiet,False
2025-06-04,2025,Pong,ecmwf_aifs025_single,3,3.1913407839458503,16.859524698270498,0.0,quiet,False
2025-06-05,2025,Pong,ecmwf_aifs025_single,3,1.9645070664619264,12.355356476297127,0.0,quiet,False
2025-06-06,2025,Pong,ecmwf_aifs025_single,3,2.203414642051404,13.288540500186638,0.0,quiet,False
2025-06-07,2025,Pong,ecmwf_aifs025_single,3,2.2450154490059613,13.400522583053379,0.0,quiet,False
2025-06-08,2025,Pong,ecmwf_aifs025_single,3,2.170007260156538,13.052133880801295,0.0,quiet,False
2025-06-09,2025,Pong,ecmwf_aifs025_single,3,3.4814409471215537,17.71805400024885,0.0,quiet,False
2025-06-10,2025,Pong,ecmwf_aifs025_single,3,6.397386526965054,25.967400771432125,0.0,quiet,False
2025-06-11,2025,Pong,ecmwf_aifs025_single,3,7.155377447113083,28.095060345900215,0.0,quiet,False
2025-06-12,2025,Pong,ecmwf_aifs025_single,3,8.964020927084078,33.02227199203683,0.0,quiet,False
2025-06-13,2025,Pong,ecmwf_aifs025_single,3,19.899865194709832,54.63481398531791,0.0,quiet,False
2025-06-14,2025,Pong,ecmwf_aifs025_single,3,37.43756405432775,78.22570610924474,0.0,watch,False
2025-06-15,2025,Pong,ecmwf_aifs025_single,3,40.316131963702574,80.78885156152793,0.0,watch,False
2025-06-16,2025,Pong,ecmwf_aifs025_single,3,21.430663246573936,57.34726888142342,0.0,quiet,False
2025-06-17,2025,Pong,ecmwf_aifs025_single,3,15.3124073076141,46.27348513126789,0.0,quiet,False
2025-06-18,2025,Pong,ecmwf_aifs025_single,3,22.803585451147853,59.636680353365676,0.0,quiet,False
2025-06-19,2025,Pong,ecmwf_aifs025_single,3,33.979090683175514,74.72937663307204,0.0,quiet,False
2025-06-20,2025,Pong,ecmwf_aifs025_single,3,27.298004560531005,66.05698643772551,0.0,quiet,False
2025-06-21,2025,Pong,ecmwf_aifs025_single,3,26.70217251073459,65.29799676496205,0.0,quiet,False
2025-06-22,2025,Pong,ecmwf_aifs025_single,3,37.514974305674656,78.31280328480776,0.3333333333333333,watch,False
2025-06-23,2025,Pong,ecmwf_aifs025_single,3,50.97969165343043,88.27920865994774,0.0,watch,False
2025-06-24,2025,Pong,ecmwf_aifs025_single,3,49.301441494144754,87.34602463605823,0.0,watch,False
2025-06-25,2025,Pong,ecmwf_aifs025_single,3,34.53048734121569,75.27684459375389,0.3333333333333333,watch,False
2025-06-26,2025,Pong,ecmwf_aifs025_single,3,39.55757353997415,80.17917133258679,0.0,watch,False
2025-06-27,2025,Pong,ecmwf_aifs025_single,3,53.55894425107572,89.51101157148189,0.0,watch,False
2025-06-28,2025,Pong,ecmwf_aifs025_single,3,46.247990353326394,85.47965658827921,0.0,watch,False
2025-06-29,2025,Pong,ecmwf_aifs025_single,3,40.52825259009256,80.95060345900211,0.0,watch,False
2025-06-30,2025,Pong,ecmwf_aifs025_single,3,29.31066712119944,68.74455642652731,0.0,quiet,False
2025-07-01,2025,Pong,ecmwf_aifs025_single,3,24.75093727586989,62.461117332337935,0.0,quiet,False
2025-07-02,2025,Pong,ecmwf_aifs025_single,3,28.57606758801702,67.77404504168221,0.0,quiet,False
2025-07-03,2025,Pong,ecmwf_aifs025_single,3,41.001823765107936,81.3612044295135,0.0,watch,False
2025-07-04,2025,Pong,ecmwf_aifs025_single,3,63.888428596642726,93.4428269254697,0.3333333333333333,alert,False
2025-07-05,2025,Pong,ecmwf_aifs025_single,3,62.27341114506255,92.94512877939529,0.3333333333333333,alert,False
2025-07-06,2025,Pong,ecmwf_aifs025_single,3,47.63022432277829,86.42528306582058,0.3333333333333333,watch,False
2025-07-07,2025,Pong,ecmwf_aifs025_single,3,46.51229557115784,85.67873584670897,0.3333333333333333,watch,False
2025-07-08,2025,Pong,ecmwf_aifs025_single,3,41.97355572490949,82.03309692671394,0.0,watch,False
2025-07-09,2025,Pong,ecmwf_aifs025_single,3,26.713274838025033,65.3477665795695,0.0,quiet,False
2025-07-10,2025,Pong,ecmwf_aifs025_single,3,22.814766282868042,59.67400771432126,0.0,quiet,False
2025-07-11,2025,Pong,ecmwf_aifs025_single,3,22.347500554905906,58.98967276346896,0.0,quiet,False
2025-07-12,2025,Pong,ecmwf_aifs025_single,3,22.82634316379011,59.67400771432126,0.0,quiet,False
2025-07-13,2025,Pong,ecmwf_aifs025_single,3,27.511178419245184,66.26850814980713,0.0,quiet,False
2025-07-14,2025,Pong,ecmwf_aifs025_single,3,36.1439536740271,77.09344282692547,0.0,watch,False
2025-07-15,2025,Pong,ecmwf_aifs025_single,3,33.5409880163054,74.28144830160508,0.0,quiet,False
2025-07-16,2025,Pong,ecmwf_aifs025_single,3,23.3165668398198,60.42055493343287,0.0,quiet,False
2025-07-17,2025,Pong,ecmwf_aifs025_single,3,20.061925300241313,54.95831778026626,0.0,quiet,False
2025-07-18,2025,Pong,ecmwf_aifs025_single,3,46.459519168067146,85.62896603210153,0.3333333333333333,watch,False
2025-07-19,2025,Pong,ecmwf_aifs025_single,3,74.29249261243692,95.89399029488615,0.6666666666666666,alert,False
2025-07-20,2025,Pong,ecmwf_aifs025_single,3,57.60138003102779,91.11608809257186,0.3333333333333333,alert,False
2025-07-21,2025,Pong,ecmwf_aifs025_single,3,25.78693115360961,63.92932686325743,0.0,quiet,False
2025-07-22,2025,Pong,ecmwf_aifs025_single,3,19.44422307929042,53.78872713699141,0.0,quiet,False
2025-07-23,2025,Pong,ecmwf_aifs025_single,3,19.49527726120585,53.85093940525072,0.0,quiet,False
2025-07-24,2025,Pong,ecmwf_aifs025_single,3,24.96804820579687,62.82194848824189,0.0,quiet,False
2025-07-25,2025,Pong,ecmwf_aifs025_single,3,34.40508304083602,75.10265024262785,0.0,watch,False
2025-07-26,2025,Pong,ecmwf_aifs025_single,3,53.0789848862474,89.27460495209655,0.6666666666666666,alert,False
2025-07-27,2025,Pong,ecmwf_aifs025_single,3,67.31513384433316,94.43822321761851,0.6666666666666666,alert,False
2025-07-28,2025,Pong,ecmwf_aifs025_single,3,70.51520436339733,95.18477043673013,0.3333333333333333,alert,False
2025-07-29,2025,Pong,ecmwf_aifs025_single,3,53.24843042836389,89.34925967400773,0.0,watch,False
2025-07-30,2025,Pong,ecmwf_aifs025_single,3,49.58136288265684,87.49533407988055,0.0,watch,False
2025-07-31,2025,Pong,ecmwf_aifs025_single,3,360.1150744563845,100.0,0.3333333333333333,alert,False
2025-08-01,2025,Pong,ecmwf_aifs025_single,3,40.59486634851817,81.07502799552073,0.0,watch,False
2025-08-02,2025,Pong,ecmwf_aifs025_single,3,39.10791315999248,79.73124300111982,0.0,watch,False
2025-08-03,2025,Pong,ecmwf_aifs025_single,3,46.92309509983795,85.97735473435361,0.0,watch,False
2025-08-04,2025,Pong,ecmwf_aifs025_single,3,45.06899547253969,84.43449048152296,0.0,watch,False
2025-08-05,2025,Pong,ecmwf_aifs025_single,3,26.370622199301668,64.80029861888764,0.0,quiet,False
2025-08-06,2025,Pong,ecmwf_aifs025_single,3,19.41963672526096,53.738957322383975,0.0,quiet,False
2025-08-07,2025,Pong,ecmwf_aifs025_single,3,22.34059342632092,58.98967276346896,0.0,quiet,False
2025-08-08,2025,Pong,ecmwf_aifs025_single,3,22.726746993040557,59.56202563145452,0.0,quiet,False
2025-08-09,2025,Pong,ecmwf_aifs025_single,3,31.78340722424072,72.0293641906184,0.0,quiet,False
2025-08-10,2025,Pong,ecmwf_aifs025_single,3,52.92409117336992,89.23727759114098,0.0,watch,False
2025-08-11,2025,Pong,ecmwf_aifs025_single,3,70.49675158407581,95.18477043673013,0.6666666666666666,alert,False
2025-08-12,2025,Pong,ecmwf_aifs025_single,3,58.18171670987978,91.37737961926092,0.6666666666666666,alert,True
2025-08-13,2025,Pong,ecmwf_aifs025_single,3,70.82668813305011,95.29675251959686,0.6666666666666666,alert,True
2025-08-14,2025,Pong,ecmwf_aifs025_single,3,46.647690414488864,85.76583302227199,0.0,watch,True
2025-08-15,2025,Pong,ecmwf_aifs025_single,3,49.78689562643211,87.64464352370287,0.0,watch,True
2025-08-16,2025,Pong,ecmwf_aifs025_single,3,48.539241809702354,86.91053875824312,0.0,watch,True
2025-08-17,2025,Pong,ecmwf_aifs025_single,3,29.24427434255106,68.64501679731244,0.0,quiet,True
2025-08-18,2025,Pong,ecmwf_aifs025_single,3,18.259909798366216,51.77304964539007,0.0,quiet,True
2025-08-19,2025,Pong,ecmwf_aifs025_single,3,21.746750275179796,58.044046285927585,0.0,quiet,True
2025-08-20,2025,Pong,ecmwf_aifs025_single,3,28.39747056762163,67.58740823690432,0.0,quiet,True
2025-08-21,2025,Pong,ecmwf_aifs025_single,3,46.826489686816004,85.8902575587906,0.0,watch,True
2025-08-22,2025,Pong,ecmwf_aifs025_single,3,73.69023659633653,95.84422048027871,0.3333333333333333,alert,True
2025-08-23,2025,Pong,ecmwf_aifs025_single,3,86.8182827841604,97.73547343536146,0.3333333333333333,alert,True
2025-08-24,2025,Pong,ecmwf_aifs025_single,3,64.62437627071989,93.61702127659575,0.6666666666666666,alert,True
2025-08-25,2025,Pong,ecmwf_aifs025_single,3,41.74610309392953,81.87134502923976,0.0,watch,True
2025-08-26,2025,Pong,ecmwf_aifs025_single,3,28.02004722731461,67.05238272987432,0.0,quiet,True
2025-08-27,2025,Pong,ecmwf_aifs025_single,3,36.166944487483605,77.10588528057734,0.0,watch,True
2025-08-28,2025,Pong,ecmwf_aifs025_single,3,46.893633471132816,85.90270001244245,0.0,watch,True
2025-08-29,2025,Pong,ecmwf_aifs025_single,3,67.95372782017044,94.61241756874456,0.6666666666666666,alert,True
2025-08-30,2025,Pong,ecmwf_aifs025_single,3,112.31869648329335,99.20368296628095,0.6666666666666666,alert,True
2025-08-31,2025,Pong,ecmwf_aifs025_single,3,109.16426226991018,99.11658579071792,1.0,alert,True
2025-09-01,2025,Pong,ecmwf_aifs025_single,3,88.93431654766466,97.95943760109493,1.0,alert,True
2025-09-02,2025,Pong,ecmwf_aifs025_single,3,41.759651612211584,81.88378748289162,0.0,watch,True
2025-09-03,2025,Pong,ecmwf_aifs025_single,3,27.759098246174666,66.74132138857783,0.0,quiet,False
2025-09-04,2025,Pong,ecmwf_aifs025_single,3,18.58683288741653,52.332960059723774,0.0,quiet,False
2025-09-05,2025,Pong,ecmwf_aifs025_single,3,22.17299498945807,58.67861142217245,0.0,quiet,False
2025-09-06,2025,Pong,ecmwf_aifs025_single,3,19.218174706746797,53.44033843473933,0.0,quiet,False
2025-09-07,2025,Pong,ecmwf_aifs025_single,3,17.324240724821877,49.85691178300361,0.0,quiet,False
2025-09-08,2025,Pong,ecmwf_aifs025_single,3,17.550524749977026,50.255070299863135,0.0,quiet,False
2025-09-09,2025,Pong,ecmwf_aifs025_single,3,22.423555523258855,59.2260793828543,0.0,quiet,False
2025-09-10,2025,Pong,ecmwf_aifs025_single,3,25.153289504993115,63.13300982953839,0.0,quiet,False
2025-09-11,2025,Pong,ecmwf_aifs025_single,3,27.50653348093671,66.25606569615529,0.0,quiet,False
2025-09-12,2025,Pong,ecmwf_aifs025_single,3,36.56488520908641,77.45427398282942,0.0,watch,False
2025-09-13,2025,Pong,ecmwf_aifs025_single,3,37.64015170141448,78.4869976359338,0.0,watch,False
2025-09-14,2025,Pong,ecmwf_aifs025_single,3,37.814837454547025,78.62386462610426,0.0,watch,False
2025-09-15,2025,Pong,ecmwf_aifs025_single,3,28.524034095237916,67.71183277342291,0.0,quiet,False
2025-09-16,2025,Pong,ecmwf_aifs025_single,3,15.878932391084636,47.3933059599353,0.0,quiet,False
2025-09-17,2025,Pong,ecmwf_aifs025_single,3,10.291792884694619,35.996018414831404,0.0,quiet,False
2025-09-18,2025,Pong,ecmwf_aifs025_single,3,6.561115793887228,26.36555928829165,0.0,quiet,False
2025-09-19,2025,Pong,ecmwf_aifs025_single,3,5.0850448474703525,22.259549583177805,0.0,quiet,False
2025-09-20,2025,Pong,ecmwf_aifs025_single,3,5.1520576028636444,22.458628841607563,0.0,quiet,False
2025-09-21,2025,Pong,ecmwf_aifs025_single,3,5.260337554382429,22.719920368296627,0.0,quiet,False
2025-09-22,2025,Pong,ecmwf_aifs025_single,3,4.27353547918463,20.044792833146698,0.0,quiet,False
2025-09-23,2025,Pong,ecmwf_aifs025_single,3,2.5425307684055523,14.545228319024512,0.0,quiet,False
2025-09-24,2025,Pong,ecmwf_aifs025_single,3,1.494039470877503,10.83737713077019,0.0,quiet,False
2025-09-25,2025,Pong,ecmwf_aifs025_single,3,0.505163627766986,6.4949608062709965,0.0,quiet,False
2025-09-26,2025,Pong,ecmwf_aifs025_single,3,1.3602514605556297,10.339678984695782,0.0,quiet,False
2025-09-27,2025,Pong,ecmwf_aifs025_single,3,3.4978200685216225,17.78026626850815,0.0,quiet,False
2026-06-01,2026,Pong,ecmwf_aifs025_single,3,6.722063865766078,26.813487619758618,0.0,quiet,False
2026-06-02,2026,Pong,ecmwf_aifs025_single,3,9.26593090334283,33.5946248600224,0.0,quiet,False
2026-06-03,2026,Pong,ecmwf_aifs025_single,3,10.026441261329923,35.448550454149554,0.0,quiet,False
2026-06-04,2026,Pong,ecmwf_aifs025_single,3,4.251907200812585,19.982580564887396,0.0,quiet,False
2026-06-05,2026,Pong,ecmwf_aifs025_single,3,1.5705575684363793,11.210650740325992,0.0,quiet,False
2026-06-06,2026,Pong,ecmwf_aifs025_single,3,1.5635359022843496,11.185765833022272,0.0,quiet,False
2026-06-07,2026,Pong,ecmwf_aifs025_single,3,1.943912170657748,12.342914022645266,0.0,quiet,False
2026-06-08,2026,Pong,ecmwf_aifs025_single,3,5.272127407717881,22.75724772925221,0.0,quiet,False
2026-06-09,2026,Pong,ecmwf_aifs025_single,3,10.42688640329821,36.269752395172326,0.0,quiet,False
2026-06-10,2026,Pong,ecmwf_aifs025_single,3,11.003643093901665,37.48911285305462,0.0,quiet,False
2026-06-11,2026,Pong,ecmwf_aifs025_single,3,9.735168239333943,34.78910041060097,0.0,quiet,False
2026-06-12,2026,Pong,ecmwf_aifs025_single,3,6.362923470939978,25.84297623491352,0.0,quiet,False
2026-06-13,2026,Pong,ecmwf_aifs025_single,3,5.1323598324525115,22.446186387955706,0.0,quiet,False
2026-06-14,2026,Pong,ecmwf_aifs025_single,3,5.154349138808751,22.471071295259428,0.0,quiet,False
2026-06-15,2026,Pong,ecmwf_aifs025_single,3,5.244925622809019,22.682593007341048,0.0,quiet,False
2026-06-16,2026,Pong,ecmwf_aifs025_single,3,5.856754691695594,24.374766703994027,0.0,quiet,False
2026-06-17,2026,Pong,ecmwf_aifs025_single,3,4.8879417533208365,21.475675003110613,0.0,quiet,False
2026-06-18,2026,Pong,ecmwf_aifs025_single,3,5.114082144553888,22.346646758740825,0.0,quiet,False
2026-06-19,2026,Pong,ecmwf_aifs025_single,3,4.753568772806229,21.164613661814112,0.0,quiet,False
2026-06-20,2026,Pong,ecmwf_aifs025_single,3,4.686427085656135,20.99041931068807,0.0,quiet,False
2026-06-21,2026,Pong,ecmwf_aifs025_single,3,4.8478449522113625,21.338808012940152,0.0,quiet,False
2026-06-22,2026,Pong,ecmwf_aifs025_single,3,4.759087305710519,21.164613661814112,0.0,quiet,False
2026-06-23,2026,Pong,ecmwf_aifs025_single,3,6.915522802765063,27.423167848699766,0.0,quiet,False
2026-06-24,2026,Pong,ecmwf_aifs025_single,3,7.796319171762866,29.799676496205052,0.0,quiet,False
2026-06-25,2026,Pong,ecmwf_aifs025_single,3,10.30640366191707,36.00846086848327,0.0,quiet,False
2026-06-26,2026,Pong,ecmwf_aifs025_single,3,12.4219432860124,40.78636307079756,0.0,quiet,False
2026-06-27,2026,Pong,ecmwf_aifs025_single,3,21.083597787767747,56.8246858280453,0.0,quiet,False
2026-06-28,2026,Pong,ecmwf_aifs025_single,3,35.186387400808954,76.06071917382108,0.0,watch,False
2026-06-29,2026,Pong,ecmwf_aifs025_single,3,42.22115170823394,82.20729127783999,0.0,watch,False
2026-06-30,2026,Pong,ecmwf_aifs025_single,3,37.93710461349548,78.73584670897101,0.0,watch,False
2026-07-01,2026,Pong,ecmwf_aifs025_single,3,19.876622684583115,54.62237153166605,0.0,quiet,False
2026-07-02,2026,Pong,ecmwf_aifs025_single,3,15.475304211998035,46.59698892621625,0.0,quiet,False
2026-07-03,2026,Pong,ecmwf_aifs025_single,3,19.23678606413649,53.477665795694904,0.0,quiet,False
2026-07-04,2026,Pong,ecmwf_aifs025_single,3,18.689684674851527,52.55692422545726,0.0,quiet,False
2026-07-05,2026,Pong,ecmwf_aifs025_single,3,22.707409597998797,59.5371407241508,0.0,quiet,False
2026-07-06,2026,Pong,ecmwf_aifs025_single,3,40.84486338242046,81.28654970760235,0.0,watch,False
2026-07-07,2026,Pong,ecmwf_aifs025_single,3,31.849847724431115,72.0915764588777,0.0,quiet,False
2026-07-08,2026,Pong,ecmwf_aifs025_single,3,23.231361324447303,60.28368794326241,0.0,quiet,False
2026-07-09,2026,Pong,ecmwf_aifs025_single,3,14.60598142746219,45.054124673385594,0.0,quiet,False
2026-07-10,2026,Pong,ecmwf_aifs025_single,3,12.297255256060756,40.56239890506408,0.0,quiet,False
2026-07-11,2026,Pong,ecmwf_aifs025_single,3,6.278578343879172,25.53191489361702,0.0,quiet,False
2026-07-12,2026,Pong,ecmwf_aifs025_single,3,6.67690621272442,26.676620629588154,0.0,quiet,False
2026-07-13,2026,Pong,ecmwf_aifs025_single,3,7.4866284209940455,29.140226452656464,0.0,quiet,False
2026-07-14,2026,Pong,ecmwf_aifs025_single,3,9.831739863040347,35.00062212268259,0.0,quiet,False
2026-07-15,2026,Pong,ecmwf_aifs025_single,3,16.82328024446217,48.985940027373395,0.0,quiet,False
2026-07-16,2026,Pong,ecmwf_aifs025_single,3,39.71178181664061,80.31603832275724,0.3333333333333333,watch,False
2026-07-17,2026,Pong,ecmwf_aifs025_single,3,78.71556314022702,96.6280950603459,0.6666666666666666,alert,False
2026-07-18,2026,Pong,ecmwf_aifs025_single,3,78.72846570182818,96.6280950603459,0.6666666666666666,alert,False
2026-07-19,2026,Pong,ecmwf_aifs025_single,3,75.30255965797703,96.03085728505661,1.0,alert,False
2026-07-20,2026,Pong,ecmwf_aifs025_single,3,48.518658389653126,86.91053875824312,0.6666666666666666,alert,False
2026-07-21,2026,Pong,ecmwf_aifs025_single,3,32.61558275533536,73.07453029737464,0.0,quiet,False
2026-07-22,2026,Pong,ecmwf_aifs025_single,3,29.67118012630955,69.10538758243125,0.0,quiet,False
2026-07-23,2026,Pong,ecmwf_aifs025_single,3,26.979145803463062,65.60905810625856,0.0,quiet,False
2026-07-24,2026,Pong,ecmwf_aifs025_single,3,26.790721929111797,65.42242130148065,0.0,quiet,False
2026-07-25,2026,Pong,ecmwf_aifs025_single,3,28.75121321461414,68.02289411471942,0.0,quiet,False
2026-07-26,2026,Pong,ecmwf_aifs025_single,3,31.163273514463512,71.32014433246236,0.0,quiet,False
2026-07-27,2026,Pong,ecmwf_aifs025_single,3,31.333910606582002,71.58143585915143,0.0,quiet,False
2026-07-28,2026,Pong,ecmwf_aifs025_single,3,33.16417790661258,73.75886524822694,0.0,quiet,False
2026-07-29,2026,Pong,ecmwf_aifs025_single,3,33.778665185646545,74.51785492099042,0.0,quiet,False
2026-07-30,2026,Pong,ecmwf_aifs025_single,3,31.790322198869035,72.05424909792211,0.0,quiet,False
2026-07-31,2026,Pong,ecmwf_aifs025_single,3,25.951541743846917,64.15329102899092,0.0,quiet,False
2026-08-01,2026,Pong,ecmwf_aifs025_single,3,26.873318312437796,65.52196093069553,0.0,quiet,False
2026-08-02,2026,Pong,ecmwf_aifs025_single,3,28.924676979496233,68.19708846584547,0.0,quiet,False
2026-08-03,2026,Pong,ecmwf_aifs025_single,3,33.03152142039488,73.65932561901207,0.0,quiet,False
2026-08-04,2026,Pong,ecmwf_aifs025_single,3,34.98649480360949,75.82431255443574,0.0,watch,False
2026-08-05,2026,Pong,ecmwf_aifs025_single,3,37.31550391359907,78.07639666542242,0.0,watch,False
2026-08-06,2026,Pong,ecmwf_aifs025_single,3,32.202301273838124,72.57683215130024,0.0,quiet,False
2026-08-07,2026,Pong,ecmwf_aifs025_single,3,27.56383466788175,66.43026004728132,0.0,quiet,False
2026-08-08,2026,Pong,ecmwf_aifs025_single,3,36.49025074854553,77.41694662187383,0.0,watch,False
2026-08-09,2026,Pong,ecmwf_aifs025_single,3,38.09445292802971,78.83538633818588,0.3333333333333333,watch,False
2026-08-10,2026,Pong,ecmwf_aifs025_single,3,28.123561521448988,67.20169217369664,0.0,quiet,False
2026-08-11,2026,Pong,ecmwf_aifs025_single,3,20.418405842383834,55.58044046285927,0.0,quiet,False
2026-08-12,2026,Pong,ecmwf_aifs025_single,3,29.621173537832988,69.08050267512753,0.0,quiet,False
2026-08-13,2026,Pong,ecmwf_aifs025_single,3,27.94533362439465,66.94040064700759,0.0,quiet,False
2026-08-14,2026,Pong,ecmwf_aifs025_single,3,23.734154083238593,61.0675625233296,0.0,quiet,False
2026-08-15,2026,Pong,ecmwf_aifs025_single,3,24.00916329134037,61.55281821575215,0.0,quiet,False
2026-08-16,2026,Pong,ecmwf_aifs025_single,3,26.103429930836754,64.29015801916138,0.0,quiet,False
2026-08-17,2026,Pong,ecmwf_aifs025_single,3,29.2453803266843,68.64501679731244,0.0,quiet,False
2026-08-18,2026,Pong,ecmwf_aifs025_single,3,24.316519110945027,61.95097673261167,0.0,quiet,False
2026-08-19,2026,Pong,ecmwf_aifs025_single,3,17.916402791519555,51.02650242627846,0.0,quiet,False
2026-08-20,2026,Pong,ecmwf_aifs025_single,3,14.00031590223595,43.9591887520219,0.0,quiet,False
2026-08-21,2026,Pong,ecmwf_aifs025_single,3,14.020227004365257,43.97163120567376,0.0,quiet,False
2026-08-22,2026,Pong,ecmwf_aifs025_single,3,10.128475923682782,35.72228443449048,0.0,quiet,False
2026-08-23,2026,Pong,ecmwf_aifs025_single,3,9.186223044533184,33.48264277715566,0.0,quiet,False
2026-08-24,2026,Pong,ecmwf_aifs025_single,3,11.015028465371852,37.51399776035834,0.0,quiet,False
2026-08-25,2026,Pong,ecmwf_aifs025_single,3,12.200183098786741,40.35087719298245,0.0,quiet,False
2026-08-26,2026,Pong,ecmwf_aifs025_single,3,12.737583464119048,41.32138857782755,0.0,quiet,False
2026-08-27,2026,Pong,ecmwf_aifs025_single,3,16.817251161452727,48.96105512006968,0.0,quiet,False
2026-08-28,2026,Pong,ecmwf_aifs025_single,3,20.88241695091464,56.40164240388204,0.0,quiet,False
2026-08-29,2026,Pong,ecmwf_aifs025_single,3,28.86746520078134,68.15976110488988,0.0,quiet,False
2026-08-30,2026,Pong,ecmwf_aifs025_single,3,29.564778972193245,69.01829040686823,0.0,quiet,False
2026-08-31,2026,Pong,ecmwf_aifs025_single,3,25.06588159792664,62.99614283936792,0.0,quiet,False
2026-09-01,2026,Pong,ecmwf_aifs025_single,3,18.112029582956396,51.461988304093566,0.0,quiet,False
2026-09-02,2026,Pong,ecmwf_aifs025_single,3,17.426435967083865,50.03110613412966,0.0,quiet,False
2026-09-03,2026,Pong,ecmwf_aifs025_single,3,16.302812733204384,48.06519845713575,0.0,quiet,False
2026-09-04,2026,Pong,ecmwf_aifs025_single,3,11.629046023056956,38.9324374766704,0.0,quiet,False
2026-09-05,2026,Pong,ecmwf_aifs025_single,3,5.853346069832571,24.374766703994027,0.0,quiet,False
2026-09-06,2026,Pong,ecmwf_aifs025_single,3,7.272464787580841,28.48077640910788,0.0,quiet,False
2026-09-07,2026,Pong,ecmwf_aifs025_single,3,5.084763761135056,22.259549583177805,0.0,quiet,False
2026-09-08,2026,Pong,ecmwf_aifs025_single,3,5.223384310861116,22.657708100037325,0.0,quiet,False
2026-09-09,2026,Pong,ecmwf_aifs025_single,3,10.998865733447028,37.476670399402764,0.0,quiet,False
2026-09-10,2026,Pong,ecmwf_aifs025_single,3,13.933318149650733,43.8347642155033,0.0,quiet,False
2026-09-11,2026,Pong,ecmwf_aifs025_single,3,12.996543304622925,41.79420181659823,0.0,quiet,False
2026-09-12,2026,Pong,ecmwf_aifs025_single,3,10.020465700068344,35.39878063954212,0.0,quiet,False
2026-09-13,2026,Pong,ecmwf_aifs025_single,3,8.230781135208076,31.118576583302225,0.0,quiet,False
2024-06-01,2024,Ranjit Sagar,ecmwf_ifs025,2,2.9832741050386042,19.696404130894614,0.0,quiet,False
2024-06-02,2024,Ranjit Sagar,ecmwf_ifs025,2,4.970108480692121,25.41993281075028,0.0,quiet,False
2024-06-03,2024,Ranjit Sagar,ecmwf_ifs025,2,11.362199446608093,41.632449919124056,0.0,quiet,False
2024-06-04,2024,Ranjit Sagar,ecmwf_ifs025,2,7.81872051349982,33.407988055244495,0.0,quiet,False
2024-06-05,2024,Ranjit Sagar,ecmwf_ifs025,2,2.7758316915388113,19.036954087346025,0.0,quiet,False
2024-06-06,2024,Ranjit Sagar,ecmwf_ifs025,2,3.986019432863908,22.670150553689187,0.0,quiet,False
2024-06-07,2024,Ranjit Sagar,ecmwf_ifs025,2,2.542206430886851,18.066442702500936,0.0,quiet,False
2024-06-08,2024,Ranjit Sagar,ecmwf_ifs025,2,1.5559502718201896,13.935548090083364,0.0,quiet,False
2024-06-09,2024,Ranjit Sagar,ecmwf_ifs025,2,1.3073803086487403,12.82816971506781,0.0,quiet,False
2024-06-10,2024,Ranjit Sagar,ecmwf_ifs025,2,2.080131956268289,16.06320766455145,0.0,quiet,False
2024-06-11,2024,Ranjit Sagar,ecmwf_ifs025,2,3.480642616929857,21.28903819833271,0.0,quiet,False
2024-06-12,2024,Ranjit Sagar,ecmwf_ifs025,2,3.214341085940284,20.4180664427025,0.0,quiet,False
2024-06-13,2024,Ranjit Sagar,ecmwf_ifs025,2,2.6171890924436028,18.302849321886274,0.0,quiet,False
2024-06-14,2024,Ranjit Sagar,ecmwf_ifs025,2,1.7669111739542784,14.682095309194972,0.0,quiet,False
2024-06-15,2024,Ranjit Sagar,ecmwf_ifs025,2,2.558991726736354,18.116212517108373,0.0,quiet,False
2024-06-16,2024,Ranjit Sagar,ecmwf_ifs025,2,3.51259727434782,21.36369292024387,0.0,quiet,False
2024-06-17,2024,Ranjit Sagar,ecmwf_ifs025,2,4.276162768789018,23.379370411845215,0.0,quiet,False
2024-06-18,2024,Ranjit Sagar,ecmwf_ifs025,2,5.876879851132458,27.970635809381612,0.0,quiet,False
2024-06-19,2024,Ranjit Sagar,ecmwf_ifs025,2,9.562234252939623,37.80017419435113,0.0,quiet,False
2024-06-20,2024,Ranjit Sagar,ecmwf_ifs025,2,11.2468296609777,41.371158392434985,0.0,quiet,False
2024-06-21,2024,Ranjit Sagar,ecmwf_ifs025,2,7.611566028905365,32.83563518725893,0.0,quiet,False
2024-06-22,2024,Ranjit Sagar,ecmwf_ifs025,2,4.777715231854755,24.897349757372154,0.0,quiet,False
2024-06-23,2024,Ranjit Sagar,ecmwf_ifs025,2,4.169503123796341,23.167848699763592,0.0,quiet,False
2024-06-24,2024,Ranjit Sagar,ecmwf_ifs025,2,6.228086077496153,28.903819833271122,0.0,quiet,False
2024-06-25,2024,Ranjit Sagar,ecmwf_ifs025,2,7.838705676222299,33.407988055244495,0.0,quiet,False
2024-06-26,2024,Ranjit Sagar,ecmwf_ifs025,2,10.22319442155185,39.293268632574346,0.0,quiet,False
2024-06-27,2024,Ranjit Sagar,ecmwf_ifs025,2,8.499742001663225,35.1872589274605,0.0,quiet,False
2024-06-28,2024,Ranjit Sagar,ecmwf_ifs025,2,8.805101040479189,35.884036331964666,0.0,quiet,False
2024-06-29,2024,Ranjit Sagar,ecmwf_ifs025,2,10.377595840384492,39.542117705611545,0.0,quiet,False
2024-06-30,2024,Ranjit Sagar,ecmwf_ifs025,2,10.43644927667553,39.66654224213015,0.0,quiet,False
2024-07-01,2024,Ranjit Sagar,ecmwf_ifs025,2,19.655278466473302,57.732984944631085,0.0,quiet,False
2024-07-02,2024,Ranjit Sagar,ecmwf_ifs025,2,51.117319357296765,87.71929824561403,1.0,alert,False
2024-07-03,2024,Ranjit Sagar,ecmwf_ifs025,2,65.21516498920283,93.3184023889511,0.5,alert,False
2024-07-04,2024,Ranjit Sagar,ecmwf_ifs025,2,34.782998459028775,75.53813612044296,0.0,watch,False
2024-07-05,2024,Ranjit Sagar,ecmwf_ifs025,2,12.38890156970802,43.822321761851434,0.0,quiet,False
2024-07-06,2024,Ranjit Sagar,ecmwf_ifs025,2,4.765847265214754,24.884907303720293,0.0,quiet,False
2024-07-07,2024,Ranjit Sagar,ecmwf_ifs025,2,7.951958589670459,33.656837128281694,0.0,quiet,False
2024-07-08,2024,Ranjit Sagar,ecmwf_ifs025,2,5.067169891430133,25.718551698394926,0.0,quiet,False
2024-07-09,2024,Ranjit Sagar,ecmwf_ifs025,2,6.164588124597461,28.71718302849322,0.0,quiet,False
2024-07-10,2024,Ranjit Sagar,ecmwf_ifs025,2,5.304650701203752,26.46509891750653,0.0,quiet,False
2024-07-11,2024,Ranjit Sagar,ecmwf_ifs025,2,4.1374682392224775,23.130521338808013,0.0,quiet,False
2024-07-12,2024,Ranjit Sagar,ecmwf_ifs025,2,3.788023500889863,22.160009953962923,0.0,quiet,False
2024-07-13,2024,Ranjit Sagar,ecmwf_ifs025,2,4.274413491739537,23.379370411845215,0.0,quiet,False
2024-07-14,2024,Ranjit Sagar,ecmwf_ifs025,2,6.848219052065383,30.77018788105014,0.0,quiet,False
2024-07-15,2024,Ranjit Sagar,ecmwf_ifs025,2,6.5986501903273505,30.123180291153417,0.0,quiet,False
2024-07-16,2024,Ranjit Sagar,ecmwf_ifs025,2,8.703007871121072,35.69739952718676,0.0,quiet,False
2024-07-17,2024,Ranjit Sagar,ecmwf_ifs025,2,7.525718729171934,32.62411347517731,0.0,quiet,False
2024-07-18,2024,Ranjit Sagar,ecmwf_ifs025,2,5.531088008528414,27.161876322010702,0.0,quiet,False
2024-07-19,2024,Ranjit Sagar,ecmwf_ifs025,2,12.994627340689838,45.477168097548834,0.0,quiet,False
2024-07-20,2024,Ranjit Sagar,ecmwf_ifs025,2,10.974346654953328,40.749035709841976,0.0,quiet,False
2024-07-21,2024,Ranjit Sagar,ecmwf_ifs025,2,17.742882622982137,54.385964912280706,0.0,quiet,False
2024-07-22,2024,Ranjit Sagar,ecmwf_ifs025,2,15.83752208835688,50.74032599228568,0.0,quiet,False
2024-07-23,2024,Ranjit Sagar,ecmwf_ifs025,2,9.824285182944667,38.34764215503297,0.0,quiet,False
2024-07-24,2024,Ranjit Sagar,ecmwf_ifs025,2,12.842791982692336,45.016797312430015,0.0,quiet,False
2024-07-25,2024,Ranjit Sagar,ecmwf_ifs025,2,19.574930667801176,57.633445315416196,0.0,quiet,False
2024-07-26,2024,Ranjit Sagar,ecmwf_ifs025,2,23.05829529806733,62.44867487868607,0.0,quiet,False
2024-07-27,2024,Ranjit Sagar,ecmwf_ifs025,2,26.05489825764107,66.40537513997761,0.0,quiet,False
2024-07-28,2024,Ranjit Sagar,ecmwf_ifs025,2,31.570063620796233,72.76346895607814,0.0,quiet,False
2024-07-29,2024,Ranjit Sagar,ecmwf_ifs025,2,39.412425457638534,79.79345526937912,0.5,watch,False
2024-07-30,2024,Ranjit Sagar,ecmwf_ifs025,2,58.152423196665254,90.96677864874954,0.0,alert,False
2024-07-31,2024,Ranjit Sagar,ecmwf_ifs025,2,48.91747354071578,86.59947741694663,0.0,watch,False
2024-08-01,2024,Ranjit Sagar,ecmwf_ifs025,2,41.55167674468174,81.57272614159513,0.5,watch,False
2024-08-02,2024,Ranjit Sagar,ecmwf_ifs025,2,52.10189278844452,88.2916511135996,0.0,watch,False
2024-08-03,2024,Ranjit Sagar,ecmwf_ifs025,2,32.5282378877562,73.60955580440462,0.0,quiet,False
2024-08-04,2024,Ranjit Sagar,ecmwf_ifs025,2,52.35333195833941,88.42851810377006,0.0,watch,False
2024-08-05,2024,Ranjit Sagar,ecmwf_ifs025,2,53.82121582543214,89.11285305462238,0.0,watch,False
2024-08-06,2024,Ranjit Sagar,ecmwf_ifs025,2,36.982318009630134,77.60358342665174,0.0,watch,False
2024-08-07,2024,Ranjit Sagar,ecmwf_ifs025,2,30.14386513956044,71.15839243498819,0.0,quiet,False
2024-08-08,2024,Ranjit Sagar,ecmwf_ifs025,2,41.159008640887535,81.16212517108374,0.0,watch,False
2024-08-09,2024,Ranjit Sagar,ecmwf_ifs025,2,52.595590713785796,88.57782754759238,0.0,watch,False
2024-08-10,2024,Ranjit Sagar,ecmwf_ifs025,2,34.04787656926934,74.94089834515366,0.0,quiet,False
2024-08-11,2024,Ranjit Sagar,ecmwf_ifs025,2,21.30997983821672,60.0348388702252,0.0,quiet,False
2024-08-12,2024,Ranjit Sagar,ecmwf_ifs025,2,31.30315592747511,72.41508025382606,0.0,quiet,False
2024-08-13,2024,Ranjit Sagar,ecmwf_ifs025,2,45.476169557461944,84.53403011073783,0.0,watch,False
2024-08-14,2024,Ranjit Sagar,ecmwf_ifs025,2,25.259277383162186,65.50951847704367,0.0,quiet,False
2024-08-15,2024,Ranjit Sagar,ecmwf_ifs025,2,27.061169020984185,67.48786860768944,0.0,quiet,False
2024-08-16,2024,Ranjit Sagar,ecmwf_ifs025,2,21.83343568120737,60.74405872838123,0.0,quiet,False
2024-08-17,2024,Ranjit Sagar,ecmwf_ifs025,2,22.78934327931448,62.05051636182656,0.0,quiet,False
2024-08-18,2024,Ranjit Sagar,ecmwf_ifs025,2,18.754420217128228,56.227448052756,0.0,quiet,False
2024-08-19,2024,Ranjit Sagar,ecmwf_ifs025,2,10.412452367822954,39.62921488117457,0.0,quiet,False
2024-08-20,2024,Ranjit Sagar,ecmwf_ifs025,2,9.66180899723534,37.97436854547717,0.0,quiet,False
2024-08-21,2024,Ranjit Sagar,ecmwf_ifs025,2,10.213121354144644,39.28082617892248,0.0,quiet,False
2024-08-22,2024,Ranjit Sagar,ecmwf_ifs025,2,7.048310670384327,31.25544357347269,0.0,quiet,False
2024-08-23,2024,Ranjit Sagar,ecmwf_ifs025,2,10.140580371127545,39.094189374144584,0.0,quiet,False
2024-08-24,2024,Ranjit Sagar,ecmwf_ifs025,2,15.473611838640148,50.16797312430011,0.0,quiet,False
2024-08-25,2024,Ranjit Sagar,ecmwf_ifs025,2,22.127687012837207,61.16710215254449,0.0,quiet,False
2024-08-26,2024,Ranjit Sagar,ecmwf_ifs025,2,21.397828933496605,60.13437849944009,0.0,quiet,False
2024-08-27,2024,Ranjit Sagar,ecmwf_ifs025,2,29.17134518417008,69.95147443075774,0.0,quiet,False
2024-08-28,2024,Ranjit Sagar,ecmwf_ifs025,2,18.11298873051529,55.04541495582929,0.0,quiet,False
2024-08-29,2024,Ranjit Sagar,ecmwf_ifs025,2,7.394052734181168,32.36282194848824,0.0,quiet,False
2024-08-30,2024,Ranjit Sagar,ecmwf_ifs025,2,10.657671603124975,40.052258305337816,0.0,quiet,False
2024-08-31,2024,Ranjit Sagar,ecmwf_ifs025,2,14.893784926787326,49.110364563892,0.0,quiet,False
2024-09-01,2024,Ranjit Sagar,ecmwf_ifs025,2,21.91118852403607,60.868483264899844,0.0,quiet,False
2024-09-02,2024,Ranjit Sagar,ecmwf_ifs025,2,18.018197124076515,54.883663058355104,0.0,quiet,False
2024-09-03,2024,Ranjit Sagar,ecmwf_ifs025,2,10.633667172077612,40.03981585168595,0.0,quiet,False
2024-09-04,2024,Ranjit Sagar,ecmwf_ifs025,2,8.373929151568342,34.85131267886027,0.0,quiet,False
2024-09-05,2024,Ranjit Sagar,ecmwf_ifs025,2,8.329836533933726,34.77665795694911,0.0,quiet,False
2024-09-06,2024,Ranjit Sagar,ecmwf_ifs025,2,4.49952262109511,24.101032723653105,0.0,quiet,False
2024-09-07,2024,Ranjit Sagar,ecmwf_ifs025,2,5.930544684569778,28.08261789224835,0.0,quiet,False
2024-09-08,2024,Ranjit Sagar,ecmwf_ifs025,2,9.787159268307626,38.26054497946995,0.0,quiet,False
2024-09-09,2024,Ranjit Sagar,ecmwf_ifs025,2,7.569387932098312,32.760980465347764,0.0,quiet,False
2024-09-10,2024,Ranjit Sagar,ecmwf_ifs025,2,3.223105809234264,20.442951350006222,0.0,quiet,False
2024-09-11,2024,Ranjit Sagar,ecmwf_ifs025,2,3.7198812615080232,21.96093069553316,0.0,quiet,False
2024-09-12,2024,Ranjit Sagar,ecmwf_ifs025,2,5.019960079151322,25.556799800920743,0.0,quiet,False
2024-09-13,2024,Ranjit Sagar,ecmwf_ifs025,2,3.4020187672287747,20.99041931068807,0.0,quiet,False
2024-09-14,2024,Ranjit Sagar,ecmwf_ifs025,2,3.9940700222846814,22.682593007341048,0.0,quiet,False
2024-09-15,2024,Ranjit Sagar,ecmwf_ifs025,2,9.92770690422419,38.571606320766456,0.0,quiet,False
2024-09-16,2024,Ranjit Sagar,ecmwf_ifs025,2,8.546796062799828,35.28679855667537,0.0,quiet,False
2024-09-17,2024,Ranjit Sagar,ecmwf_ifs025,2,12.447956034137817,43.89697648376259,0.0,quiet,False
2024-09-18,2024,Ranjit Sagar,ecmwf_ifs025,2,5.540754791120301,27.21164613661814,0.0,quiet,False
2024-09-19,2024,Ranjit Sagar,ecmwf_ifs025,2,1.6020658276902489,14.134627348513126,0.0,quiet,False
2024-09-20,2024,Ranjit Sagar,ecmwf_ifs025,2,1.987221819024911,15.752146323254944,0.0,quiet,False
2024-09-21,2024,Ranjit Sagar,ecmwf_ifs025,2,2.7919498995938015,19.099166355605327,0.0,quiet,False
2024-09-22,2024,Ranjit Sagar,ecmwf_ifs025,2,6.179950747602605,28.74206793579694,0.0,quiet,False
2024-09-23,2024,Ranjit Sagar,ecmwf_ifs025,2,10.744765070206672,40.189125295508276,0.0,quiet,False
2024-09-24,2024,Ranjit Sagar,ecmwf_ifs025,2,10.511523916120767,39.84073659325619,0.0,quiet,False
2024-09-25,2024,Ranjit Sagar,ecmwf_ifs025,2,6.829738544042521,30.73286052009456,0.0,quiet,False
2024-09-26,2024,Ranjit Sagar,ecmwf_ifs025,2,4.2354494432281395,23.279830782630334,0.0,quiet,False
2024-09-27,2024,Ranjit Sagar,ecmwf_ifs025,2,1.9492365331858232,15.453527435610305,0.0,quiet,False
2025-06-01,2025,Ranjit Sagar,ecmwf_aifs025_single,3,12.656773211436382,44.48177180540002,0.0,quiet,False
2025-06-02,2025,Ranjit Sagar,ecmwf_aifs025_single,3,11.849870871386578,42.615403757621,0.0,quiet,False
2025-06-03,2025,Ranjit Sagar,ecmwf_aifs025_single,3,8.458431934492756,35.07527684459376,0.0,quiet,False
2025-06-04,2025,Ranjit Sagar,ecmwf_aifs025_single,3,4.177128615723429,23.167848699763592,0.0,quiet,False
2025-06-05,2025,Ranjit Sagar,ecmwf_aifs025_single,3,3.1231224213470394,20.094562647754138,0.0,quiet,False
2025-06-06,2025,Ranjit Sagar,ecmwf_aifs025_single,3,2.910419807506604,19.49732487246485,0.0,quiet,False
2025-06-07,2025,Ranjit Sagar,ecmwf_aifs025_single,3,2.647952222700689,18.48948612666418,0.0,quiet,False
2025-06-08,2025,Ranjit Sagar,ecmwf_aifs025_single,3,2.4096696303826484,17.481647380863507,0.0,quiet,False
2025-06-09,2025,Ranjit Sagar,ecmwf_aifs025_single,3,3.201491695813374,20.3558541744432,0.0,quiet,False
2025-06-10,2025,Ranjit Sagar,ecmwf_aifs025_single,3,4.9850391024684,25.444817718054004,0.0,quiet,False
2025-06-11,2025,Ranjit Sagar,ecmwf_aifs025_single,3,6.426640305904505,29.60059723777529,0.0,quiet,False
2025-06-12,2025,Ranjit Sagar,ecmwf_aifs025_single,3,8.7136855619022,35.72228443449048,0.0,quiet,False
2025-06-13,2025,Ranjit Sagar,ecmwf_aifs025_single,3,22.398683558380714,61.51549085479656,0.0,quiet,False
2025-06-14,2025,Ranjit Sagar,ecmwf_aifs025_single,3,33.12997331418697,74.13213885778276,0.0,quiet,False
2025-06-15,2025,Ranjit Sagar,ecmwf_aifs025_single,3,38.78267517724621,79.38285429886773,0.0,watch,False
2025-06-16,2025,Ranjit Sagar,ecmwf_aifs025_single,3,19.05984010949324,56.70026129152669,0.0,quiet,False
2025-06-17,2025,Ranjit Sagar,ecmwf_aifs025_single,3,12.627475585947332,44.38223217618514,0.0,quiet,False
2025-06-18,2025,Ranjit Sagar,ecmwf_aifs025_single,3,17.032316254930777,53.191489361702125,0.0,quiet,False
2025-06-19,2025,Ranjit Sagar,ecmwf_aifs025_single,3,25.743707072790393,66.08187134502924,0.0,quiet,False
2025-06-20,2025,Ranjit Sagar,ecmwf_aifs025_single,3,25.531225853107497,65.88279208659948,0.0,quiet,False
2025-06-21,2025,Ranjit Sagar,ecmwf_aifs025_single,3,22.626253265251,61.76433992783377,0.0,quiet,False
2025-06-22,2025,Ranjit Sagar,ecmwf_aifs025_single,3,31.520772260446854,72.6514868732114,0.0,quiet,False
2025-06-23,2025,Ranjit Sagar,ecmwf_aifs025_single,3,46.5277277161092,85.24324996889386,0.0,watch,False
2025-06-24,2025,Ranjit Sagar,ecmwf_aifs025_single,3,47.729968323361746,85.8902575587906,0.3333333333333333,watch,False
2025-06-25,2025,Ranjit Sagar,ecmwf_aifs025_single,3,29.995578804842623,71.03396789846957,0.0,quiet,False
2025-06-26,2025,Ranjit Sagar,ecmwf_aifs025_single,3,26.1682731370774,66.54224213014807,0.0,quiet,False
2025-06-27,2025,Ranjit Sagar,ecmwf_aifs025_single,3,30.952295635775045,72.0915764588777,0.0,quiet,False
2025-06-28,2025,Ranjit Sagar,ecmwf_aifs025_single,3,28.082437343569268,68.60768943635685,0.0,quiet,False
2025-06-29,2025,Ranjit Sagar,ecmwf_aifs025_single,3,28.072322968813236,68.58280452905313,0.0,quiet,False
2025-06-30,2025,Ranjit Sagar,ecmwf_aifs025_single,3,23.204291476849903,62.64775413711584,0.0,quiet,False
2025-07-01,2025,Ranjit Sagar,ecmwf_aifs025_single,3,25.549714602464228,65.88279208659948,0.0,quiet,False
2025-07-02,2025,Ranjit Sagar,ecmwf_aifs025_single,3,30.046943356866436,71.0588528057733,0.0,quiet,False
2025-07-03,2025,Ranjit Sagar,ecmwf_aifs025_single,3,36.13691326521072,76.80726639293269,0.0,watch,False
2025-07-04,2025,Ranjit Sagar,ecmwf_aifs025_single,3,51.308490673772894,87.86860768943636,0.0,watch,False
2025-07-05,2025,Ranjit Sagar,ecmwf_aifs025_single,3,47.283970188520875,85.67873584670897,0.0,watch,False
2025-07-06,2025,Ranjit Sagar,ecmwf_aifs025_single,3,37.49630484765901,78.15105138733358,0.3333333333333333,watch,False
2025-07-07,2025,Ranjit Sagar,ecmwf_aifs025_single,3,40.20312018626277,80.47779022023143,0.3333333333333333,watch,False
2025-07-08,2025,Ranjit Sagar,ecmwf_aifs025_single,3,35.99970582896744,76.69528431006594,0.0,watch,False
2025-07-09,2025,Ranjit Sagar,ecmwf_aifs025_single,3,21.778276807563266,60.65696155281821,0.0,quiet,False
2025-07-10,2025,Ranjit Sagar,ecmwf_aifs025_single,3,19.746785664048712,57.869851934801545,0.0,quiet,False
2025-07-11,2025,Ranjit Sagar,ecmwf_aifs025_single,3,20.013398913064428,58.16847082244618,0.0,quiet,False
2025-07-12,2025,Ranjit Sagar,ecmwf_aifs025_single,3,24.68557883073163,64.73808635062835,0.0,quiet,False
2025-07-13,2025,Ranjit Sagar,ecmwf_aifs025_single,3,27.443440531081333,67.9357969391564,0.0,quiet,False
2025-07-14,2025,Ranjit Sagar,ecmwf_aifs025_single,3,31.587515457894547,72.76346895607814,0.0,quiet,False
2025-07-15,2025,Ranjit Sagar,ecmwf_aifs025_single,3,31.15971157057386,72.31554062461117,0.0,quiet,False
2025-07-16,2025,Ranjit Sagar,ecmwf_aifs025_single,3,22.529656634101176,61.68968520592261,0.0,quiet,False
2025-07-17,2025,Ranjit Sagar,ecmwf_aifs025_single,3,18.847294253589727,56.41408485753391,0.0,quiet,False
2025-07-18,2025,Ranjit Sagar,ecmwf_aifs025_single,3,38.3467769768486,79.00958068931193,0.0,watch,False
2025-07-19,2025,Ranjit Sagar,ecmwf_aifs025_single,3,70.58366126075435,94.57509020778897,0.3333333333333333,alert,False
2025-07-20,2025,Ranjit Sagar,ecmwf_aifs025_single,3,58.45444847929411,91.11608809257186,0.0,alert,False
2025-07-21,2025,Ranjit Sagar,ecmwf_aifs025_single,3,29.660394249303653,70.51138484509146,0.0,quiet,False
2025-07-22,2025,Ranjit Sagar,ecmwf_aifs025_single,3,18.326885503565634,55.44357347268881,0.0,quiet,False
2025-07-23,2025,Ranjit Sagar,ecmwf_aifs025_single,3,18.01761892187244,54.883663058355104,0.0,quiet,False
2025-07-24,2025,Ranjit Sagar,ecmwf_aifs025_single,3,20.657655005394982,59.17630956824686,0.0,quiet,False
2025-07-25,2025,Ranjit Sagar,ecmwf_aifs025_single,3,24.639782241809648,64.6883165360209,0.0,quiet,False
2025-07-26,2025,Ranjit Sagar,ecmwf_aifs025_single,3,36.42232398999073,77.13077018788105,0.0,watch,False
2025-07-27,2025,Ranjit Sagar,ecmwf_aifs025_single,3,53.18604004338998,88.81423416697773,0.3333333333333333,watch,False
2025-07-28,2025,Ranjit Sagar,ecmwf_aifs025_single,3,53.10478100920527,88.78934925967401,0.0,watch,False
2025-07-29,2025,Ranjit Sagar,ecmwf_aifs025_single,3,57.599416332338905,90.74281448301605,0.0,alert,False
2025-07-30,2025,Ranjit Sagar,ecmwf_aifs025_single,3,54.1267155278524,89.27460495209655,0.0,watch,False
2025-07-31,2025,Ranjit Sagar,ecmwf_aifs025_single,3,357.81857027096294,100.0,0.3333333333333333,alert,False
2025-08-01,2025,Ranjit Sagar,ecmwf_aifs025_single,3,36.223113043773424,76.94413338310315,0.0,watch,False
2025-08-02,2025,Ranjit Sagar,ecmwf_aifs025_single,3,28.630385754832826,69.2795819335573,0.0,quiet,False
2025-08-03,2025,Ranjit Sagar,ecmwf_aifs025_single,3,32.70609414278477,73.75886524822694,0.0,quiet,False
2025-08-04,2025,Ranjit Sagar,ecmwf_aifs025_single,3,29.8795129069644,70.88465845464725,0.0,quiet,False
2025-08-05,2025,Ranjit Sagar,ecmwf_aifs025_single,3,19.10358610209071,56.78735846708971,0.0,quiet,False
2025-08-06,2025,Ranjit Sagar,ecmwf_aifs025_single,3,16.531871970806403,52.258305337812615,0.0,quiet,False
2025-08-07,2025,Ranjit Sagar,ecmwf_aifs025_single,3,20.431090065266183,58.72838123677989,0.0,quiet,False
2025-08-08,2025,Ranjit Sagar,ecmwf_aifs025_single,3,19.195899713466225,56.96155281821576,0.0,quiet,False
2025-08-09,2025,Ranjit Sagar,ecmwf_aifs025_single,3,27.050814266798874,67.48786860768944,0.0,quiet,False
2025-08-10,2025,Ranjit Sagar,ecmwf_aifs025_single,3,43.924730876581634,83.56351872589275,0.0,watch,False
2025-08-11,2025,Ranjit Sagar,ecmwf_aifs025_single,3,64.65385205410573,93.18153539878064,0.6666666666666666,alert,False
2025-08-12,2025,Ranjit Sagar,ecmwf_aifs025_single,3,61.055825342979,92.08659947741694,0.6666666666666666,alert,False
2025-08-13,2025,Ranjit Sagar,ecmwf_aifs025_single,3,60.343812743086986,91.71332586786114,0.3333333333333333,alert,True
2025-08-14,2025,Ranjit Sagar,ecmwf_aifs025_single,3,45.52455153767755,84.59624237899713,0.0,watch,True
2025-08-15,2025,Ranjit Sagar,ecmwf_aifs025_single,3,48.42920468395419,86.26353116834639,0.0,watch,True
2025-08-16,2025,Ranjit Sagar,ecmwf_aifs025_single,3,55.28842388876471,89.7598606445191,0.3333333333333333,watch,True
2025-08-17,2025,Ranjit Sagar,ecmwf_aifs025_single,3,30.10791389546422,71.1210650740326,0.0,quiet,True
2025-08-18,2025,Ranjit Sagar,ecmwf_aifs025_single,3,16.960765454514593,53.07950727883539,0.0,quiet,True
2025-08-19,2025,Ranjit Sagar,ecmwf_aifs025_single,3,19.031921274981812,56.65049147691925,0.0,quiet,True
2025-08-20,2025,Ranjit Sagar,ecmwf_aifs025_single,3,30.16645503841784,71.19571979594376,0.0,quiet,True
2025-08-21,2025,Ranjit Sagar,ecmwf_aifs025_single,3,51.19959292413169,87.80639542117706,0.0,watch,True
2025-08-22,2025,Ranjit Sagar,ecmwf_aifs025_single,3,92.84142786215196,97.77280079631704,0.3333333333333333,alert,True
2025-08-23,2025,Ranjit Sagar,ecmwf_aifs025_single,3,137.43012696544304,99.55207166853303,0.6666666666666666,alert,True
2025-08-24,2025,Ranjit Sagar,ecmwf_aifs025_single,3,105.57323027782644,98.5940027373398,1.0,alert,True
2025-08-25,2025,Ranjit Sagar,ecmwf_aifs025_single,3,65.22525041141947,93.3184023889511,1.0,alert,True
2025-08-26,2025,Ranjit Sagar,ecmwf_aifs025_single,3,23.408448287715466,62.971257932064205,0.0,quiet,True
2025-08-27,2025,Ranjit Sagar,ecmwf_aifs025_single,3,29.838603385879388,70.79756127908423,0.0,quiet,True
2025-08-28,2025,Ranjit Sagar,ecmwf_aifs025_single,3,38.57193171400472,79.18377504043798,0.0,watch,True
2025-08-29,2025,Ranjit Sagar,ecmwf_aifs025_single,3,53.97548426106589,89.17506532288168,0.3333333333333333,watch,True
2025-08-30,2025,Ranjit Sagar,ecmwf_aifs025_single,3,101.6164991360263,98.37003857160632,0.6666666666666666,alert,True
2025-08-31,2025,Ranjit Sagar,ecmwf_aifs025_single,3,110.79642188035308,98.7184272738584,0.6666666666666666,alert,True
2025-09-01,2025,Ranjit Sagar,ecmwf_aifs025_single,3,92.63330738679528,97.77280079631704,0.6666666666666666,alert,True
2025-09-02,2025,Ranjit Sagar,ecmwf_aifs025_single,3,42.03276456623401,82.13263655592883,0.0,watch,True
2025-09-03,2025,Ranjit Sagar,ecmwf_aifs025_single,3,23.20492164404399,62.64775413711584,0.0,quiet,True
2025-09-04,2025,Ranjit Sagar,ecmwf_aifs025_single,3,18.228925528545652,55.256936667910914,0.0,quiet,False
2025-09-05,2025,Ranjit Sagar,ecmwf_aifs025_single,3,21.082721302826876,59.810874704491724,0.0,quiet,False
2025-09-06,2025,Ranjit Sagar,ecmwf_aifs025_single,3,17.590502258240544,54.22421301480652,0.0,quiet,False
2025-09-07,2025,Ranjit Sagar,ecmwf_aifs025_single,3,15.165095362157006,49.59562025631455,0.0,quiet,False
2025-09-08,2025,Ranjit Sagar,ecmwf_aifs025_single,3,13.308964284389013,46.11173323379371,0.0,quiet,False
2025-09-09,2025,Ranjit Sagar,ecmwf_aifs025_single,3,15.945314391785242,50.989175065322875,0.0,quiet,False
2025-09-10,2025,Ranjit Sagar,ecmwf_aifs025_single,3,18.673883831423442,56.09058106258554,0.0,quiet,False
2025-09-11,2025,Ranjit Sagar,ecmwf_aifs025_single,3,21.008654349827793,59.68645016797313,0.0,quiet,False
2025-09-12,2025,Ranjit Sagar,ecmwf_aifs025_single,3,24.708338129991,64.76297125793207,0.0,quiet,False
2025-09-13,2025,Ranjit Sagar,ecmwf_aifs025_single,3,25.308327515498164,65.54684583799926,0.0,quiet,False
2025-09-14,2025,Ranjit Sagar,ecmwf_aifs025_single,3,25.49837612642349,65.83302227199204,0.0,quiet,False
2025-09-15,2025,Ranjit Sagar,ecmwf_aifs025_single,3,19.841989207735978,57.98183401766829,0.0,quiet,False
2025-09-16,2025,Ranjit Sagar,ecmwf_aifs025_single,3,13.248261524419515,45.949981336319524,0.0,quiet,False
2025-09-17,2025,Ranjit Sagar,ecmwf_aifs025_single,3,9.08329523334481,36.543486375513254,0.0,quiet,False
2025-09-18,2025,Ranjit Sagar,ecmwf_aifs025_single,3,4.655985221979536,24.561403508771928,0.0,quiet,False
2025-09-19,2025,Ranjit Sagar,ecmwf_aifs025_single,3,3.6916011746705406,21.89871842727386,0.0,quiet,False
2025-09-20,2025,Ranjit Sagar,ecmwf_aifs025_single,3,4.4510833830258445,23.96416573348264,0.0,quiet,False
2025-09-21,2025,Ranjit Sagar,ecmwf_aifs025_single,3,5.387045802543393,26.689063083240015,0.0,quiet,False
2025-09-22,2025,Ranjit Sagar,ecmwf_aifs025_single,3,4.058875283736324,22.90655717307453,0.0,quiet,False
2025-09-23,2025,Ranjit Sagar,ecmwf_aifs025_single,3,2.851577129536221,19.31068806768695,0.0,quiet,False
2025-09-24,2025,Ranjit Sagar,ecmwf_aifs025_single,3,1.6867759959429047,14.458131143461491,0.0,quiet,False
2025-09-25,2025,Ranjit Sagar,ecmwf_aifs025_single,3,0.5802374539715032,9.058106258554186,0.0,quiet,False
2025-09-26,2025,Ranjit Sagar,ecmwf_aifs025_single,3,1.9331625809498902,15.416200074654721,0.0,quiet,False
2025-09-27,2025,Ranjit Sagar,ecmwf_aifs025_single,3,3.3075002035163603,20.716685330347147,0.0,quiet,False
2026-06-01,2026,Ranjit Sagar,ecmwf_aifs025_single,3,11.929747806553888,42.72738584048774,0.0,quiet,False
2026-06-02,2026,Ranjit Sagar,ecmwf_aifs025_single,3,14.263436524038372,48.04031354983203,0.0,quiet,False
2026-06-03,2026,Ranjit Sagar,ecmwf_aifs025_single,3,13.533451473501593,46.52233420430509,0.0,quiet,False
2026-06-04,2026,Ranjit Sagar,ecmwf_aifs025_single,3,6.882394626707848,30.869727510265026,0.0,quiet,False
2026-06-05,2026,Ranjit Sagar,ecmwf_aifs025_single,3,3.2329332331141107,20.46783625730994,0.0,quiet,False
2026-06-06,2026,Ranjit Sagar,ecmwf_aifs025_single,3,2.5760845983708913,18.203309692671397,0.0,quiet,False
2026-06-07,2026,Ranjit Sagar,ecmwf_aifs025_single,3,2.9072251903489232,19.49732487246485,0.0,quiet,False
2026-06-08,2026,Ranjit Sagar,ecmwf_aifs025_single,3,5.790730067118688,27.78399900460371,0.0,quiet,False
2026-06-09,2026,Ranjit Sagar,ecmwf_aifs025_single,3,11.626899498012156,42.1799178798059,0.0,quiet,False
2026-06-10,2026,Ranjit Sagar,ecmwf_aifs025_single,3,13.49213714902777,46.44767948239393,0.0,quiet,False
2026-06-11,2026,Ranjit Sagar,ecmwf_aifs025_single,3,13.028895928781067,45.58915018041558,0.0,quiet,False
2026-06-12,2026,Ranjit Sagar,ecmwf_aifs025_single,3,10.89875078350203,40.537513997760364,0.0,quiet,False
2026-06-13,2026,Ranjit Sagar,ecmwf_aifs025_single,3,9.62106279263567,37.862386462610424,0.0,quiet,False
2026-06-14,2026,Ranjit Sagar,ecmwf_aifs025_single,3,10.1193066981477,39.06930446684086,0.0,quiet,False
2026-06-15,2026,Ranjit Sagar,ecmwf_aifs025_single,3,9.848080919830663,38.42229687694413,0.0,quiet,False
2026-06-16,2026,Ranjit Sagar,ecmwf_aifs025_single,3,10.099112956326106,39.03197710588528,0.0,quiet,False
2026-06-17,2026,Ranjit Sagar,ecmwf_aifs025_single,3,8.651540870543746,35.52320517606072,0.0,quiet,False
2026-06-18,2026,Ranjit Sagar,ecmwf_aifs025_single,3,10.018852489904006,38.83289784745551,0.0,quiet,False
2026-06-19,2026,Ranjit Sagar,ecmwf_aifs025_single,3,8.97556585458605,36.24486748786861,0.0,quiet,False
2026-06-20,2026,Ranjit Sagar,ecmwf_aifs025_single,3,8.451243794189299,35.07527684459376,0.0,quiet,False
2026-06-21,2026,Ranjit Sagar,ecmwf_aifs025_single,3,9.956547142874811,38.683588403633195,0.0,quiet,False
2026-06-22,2026,Ranjit Sagar,ecmwf_aifs025_single,3,10.383563961236677,39.542117705611545,0.0,quiet,False
2026-06-23,2026,Ranjit Sagar,ecmwf_aifs025_single,3,13.253684221426951,45.97486624362324,0.0,quiet,False
2026-06-24,2026,Ranjit Sagar,ecmwf_aifs025_single,3,13.58039516117201,46.62187383351997,0.0,quiet,False
2026-06-25,2026,Ranjit Sagar,ecmwf_aifs025_single,3,14.892135984022456,49.110364563892,0.0,quiet,False
2026-06-26,2026,Ranjit Sagar,ecmwf_aifs025_single,3,14.982262305116905,49.27211646136618,0.0,quiet,False
2026-06-27,2026,Ranjit Sagar,ecmwf_aifs025_single,3,20.990286861702934,59.68645016797313,0.0,quiet,False
2026-06-28,2026,Ranjit Sagar,ecmwf_aifs025_single,3,31.674060523895694,72.78835386338186,0.0,quiet,False
2026-06-29,2026,Ranjit Sagar,ecmwf_aifs025_single,3,36.45703372675994,77.16809754883663,0.3333333333333333,watch,False
2026-06-30,2026,Ranjit Sagar,ecmwf_aifs025_single,3,33.170816847069894,74.16946621873834,0.0,quiet,False
2026-07-01,2026,Ranjit Sagar,ecmwf_aifs025_single,3,20.42983695103439,58.72838123677989,0.0,quiet,False
2026-07-02,2026,Ranjit Sagar,ecmwf_aifs025_single,3,18.065726205341825,54.95831778026626,0.0,quiet,False
2026-07-03,2026,Ranjit Sagar,ecmwf_aifs025_single,3,20.387682441989206,58.70349632947617,0.0,quiet,False
2026-07-04,2026,Ranjit Sagar,ecmwf_aifs025_single,3,20.073836468923552,58.28045290531293,0.0,quiet,False
2026-07-05,2026,Ranjit Sagar,ecmwf_aifs025_single,3,19.72961851972987,57.844967027497816,0.0,quiet,False
2026-07-06,2026,Ranjit Sagar,ecmwf_aifs025_single,3,24.237546510320072,64.02886649247232,0.0,quiet,False
2026-07-07,2026,Ranjit Sagar,ecmwf_aifs025_single,3,21.59357155822193,60.358342665173566,0.0,quiet,False
2026-07-08,2026,Ranjit Sagar,ecmwf_aifs025_single,3,21.036113798294142,59.736219982580565,0.0,quiet,False
2026-07-09,2026,Ranjit Sagar,ecmwf_aifs025_single,3,17.653879381390805,54.27398282941396,0.0,quiet,False
2026-07-10,2026,Ranjit Sagar,ecmwf_aifs025_single,3,15.273740262497268,49.75737215378872,0.0,quiet,False
2026-07-11,2026,Ranjit Sagar,ecmwf_aifs025_single,3,8.753648681573555,35.77205424909792,0.0,quiet,False
2026-07-12,2026,Ranjit Sagar,ecmwf_aifs025_single,3,8.060039454846551,33.98034092323006,0.0,quiet,False
2026-07-13,2026,Ranjit Sagar,ecmwf_aifs025_single,3,9.28649364755684,37.19049396540998,0.0,quiet,False
2026-07-14,2026,Ranjit Sagar,ecmwf_aifs025_single,3,11.545688387255819,42.030608435983574,0.0,quiet,False
2026-07-15,2026,Ranjit Sagar,ecmwf_aifs025_single,3,20.055770084332003,58.255567998009205,0.0,quiet,False
2026-07-16,2026,Ranjit Sagar,ecmwf_aifs025_single,3,41.92058394668705,82.05798183401767,0.0,watch,False
2026-07-17,2026,Ranjit Sagar,ecmwf_aifs025_single,3,77.77332937519185,95.98108747044918,0.6666666666666666,alert,False
2026-07-18,2026,Ranjit Sagar,ecmwf_aifs025_single,3,80.41350349026959,96.37924598730869,0.6666666666666666,alert,False
2026-07-19,2026,Ranjit Sagar,ecmwf_aifs025_single,3,91.32817049004149,97.69814607440588,0.6666666666666666,alert,False
2026-07-20,2026,Ranjit Sagar,ecmwf_aifs025_single,3,73.90331205256963,95.23454025133756,1.0,alert,False
2026-07-21,2026,Ranjit Sagar,ecmwf_aifs025_single,3,50.054818720858684,87.14694537762847,0.0,watch,False
2026-07-22,2026,Ranjit Sagar,ecmwf_aifs025_single,3,37.20360625236776,77.8648749533408,0.0,watch,False
2026-07-23,2026,Ranjit Sagar,ecmwf_aifs025_single,3,25.732113184437022,66.06942889137738,0.0,quiet,False
2026-07-24,2026,Ranjit Sagar,ecmwf_aifs025_single,3,24.293511294366922,64.12840612168719,0.0,quiet,False
2026-07-25,2026,Ranjit Sagar,ecmwf_aifs025_single,3,24.804131008155323,64.8500684334951,0.0,quiet,False
2026-07-26,2026,Ranjit Sagar,ecmwf_aifs025_single,3,26.05843626371002,66.40537513997761,0.0,quiet,False
2026-07-27,2026,Ranjit Sagar,ecmwf_aifs025_single,3,27.988947882264853,68.47082244618639,0.0,quiet,False
2026-07-28,2026,Ranjit Sagar,ecmwf_aifs025_single,3,33.71823518091669,74.62983700385716,0.0,quiet,False
2026-07-29,2026,Ranjit Sagar,ecmwf_aifs025_single,3,35.3371493441883,75.97362199825805,0.0,watch,False
2026-07-30,2026,Ranjit Sagar,ecmwf_aifs025_single,3,34.92478229502594,75.61279084235412,0.0,watch,False
2026-07-31,2026,Ranjit Sagar,ecmwf_aifs025_single,3,24.503749202834328,64.47679482393927,0.0,quiet,False
2026-08-01,2026,Ranjit Sagar,ecmwf_aifs025_single,3,22.74112414095241,61.98830409356725,0.0,quiet,False
2026-08-02,2026,Ranjit Sagar,ecmwf_aifs025_single,3,22.977648308771855,62.29936543486375,0.0,quiet,False
2026-08-03,2026,Ranjit Sagar,ecmwf_aifs025_single,3,24.787211233297633,64.82518352619137,0.0,quiet,False
2026-08-04,2026,Ranjit Sagar,ecmwf_aifs025_single,3,25.646841742514265,65.9698892621625,0.0,quiet,False
2026-08-05,2026,Ranjit Sagar,ecmwf_aifs025_single,3,30.416634003369595,71.58143585915143,0.0,quiet,False
2026-08-06,2026,Ranjit Sagar,ecmwf_aifs025_single,3,32.178575235899196,73.29849446310813,0.0,quiet,False
2026-08-07,2026,Ranjit Sagar,ecmwf_aifs025_single,3,26.6688797308924,67.10215254448177,0.0,quiet,False
2026-08-08,2026,Ranjit Sagar,ecmwf_aifs025_single,3,24.082190103553152,63.904441955953715,0.0,quiet,False
2026-08-09,2026,Ranjit Sagar,ecmwf_aifs025_single,3,26.897918523843337,67.31367425656339,0.0,quiet,False
2026-08-10,2026,Ranjit Sagar,ecmwf_aifs025_single,3,25.867607314967668,66.20629588154785,0.0,quiet,False
2026-08-11,2026,Ranjit Sagar,ecmwf_aifs025_single,3,21.119189205204613,59.86064451909917,0.0,quiet,False
2026-08-12,2026,Ranjit Sagar,ecmwf_aifs025_single,3,24.400342151992056,64.30260047281324,0.0,quiet,False
2026-08-13,2026,Ranjit Sagar,ecmwf_aifs025_single,3,24.03801559035996,63.89199950230186,0.0,quiet,False
2026-08-14,2026,Ranjit Sagar,ecmwf_aifs025_single,3,20.9453750871237,59.58691053875824,0.0,quiet,False
2026-08-15,2026,Ranjit Sagar,ecmwf_aifs025_single,3,22.49937014922711,61.65235784496703,0.0,quiet,False
2026-08-16,2026,Ranjit Sagar,ecmwf_aifs025_single,3,24.34741377450502,64.20306084359837,0.0,quiet,False
2026-08-17,2026,Ranjit Sagar,ecmwf_aifs025_single,3,27.31984567850628,67.76160258803036,0.0,quiet,False
2026-08-18,2026,Ranjit Sagar,ecmwf_aifs025_single,3,24.621772395932666,64.67587408236905,0.0,quiet,False
2026-08-19,2026,Ranjit Sagar,ecmwf_aifs025_single,3,19.66790121272738,57.75786985193481,0.0,quiet,False
2026-08-20,2026,Ranjit Sagar,ecmwf_aifs025_single,3,14.218491553999144,47.8910041060097,0.0,quiet,False
2026-08-21,2026,Ranjit Sagar,ecmwf_aifs025_single,3,12.01193303434407,42.914022645265646,0.0,quiet,False
2026-08-22,2026,Ranjit Sagar,ecmwf_aifs025_single,3,7.270808231783703,31.902451163369417,0.0,quiet,False
2026-08-23,2026,Ranjit Sagar,ecmwf_aifs025_single,3,7.21184892383713,31.778026626850814,0.0,quiet,False
2026-08-24,2026,Ranjit Sagar,ecmwf_aifs025_single,3,8.754003792451858,35.77205424909792,0.0,quiet,False
2026-08-25,2026,Ranjit Sagar,ecmwf_aifs025_single,3,10.973923772408014,40.749035709841976,0.0,quiet,False
2026-08-26,2026,Ranjit Sagar,ecmwf_aifs025_single,3,12.760109369548026,44.80527560034839,0.0,quiet,False
2026-08-27,2026,Ranjit Sagar,ecmwf_aifs025_single,3,16.943341002232494,53.07950727883539,0.0,quiet,False
2026-08-28,2026,Ranjit Sagar,ecmwf_aifs025_single,3,19.56831683196797,57.62100286176434,0.0,quiet,False
2026-08-29,2026,Ranjit Sagar,ecmwf_aifs025_single,3,23.128404008883955,62.535772054249094,0.0,quiet,False
2026-08-30,2026,Ranjit Sagar,ecmwf_aifs025_single,3,22.35127383982011,61.47816349384099,0.0,quiet,False
2026-08-31,2026,Ranjit Sagar,ecmwf_aifs025_single,3,21.51779150086915,60.28368794326241,0.0,quiet,False
2026-09-01,2026,Ranjit Sagar,ecmwf_aifs025_single,3,14.78094770449367,48.93617021276596,0.0,quiet,False
2026-09-02,2026,Ranjit Sagar,ecmwf_aifs025_single,3,13.522082431173356,46.49744929700137,0.0,quiet,False
2026-09-03,2026,Ranjit Sagar,ecmwf_aifs025_single,3,12.033865956502442,42.926465098917504,0.0,quiet,False
2026-09-04,2026,Ranjit Sagar,ecmwf_aifs025_single,3,8.41077522042332,34.950852308075156,0.0,quiet,False
2026-09-05,2026,Ranjit Sagar,ecmwf_aifs025_single,3,5.333623160765843,26.539753639417697,0.0,quiet,False
2026-09-06,2026,Ranjit Sagar,ecmwf_aifs025_single,3,6.296319359885675,29.090456638049023,0.0,quiet,False
2026-09-07,2026,Ranjit Sagar,ecmwf_aifs025_single,3,4.782622895835004,24.909792211024016,0.0,quiet,False
2026-09-08,2026,Ranjit Sagar,ecmwf_aifs025_single,3,5.134784642295905,25.954958317780267,0.0,quiet,False
2026-09-09,2026,Ranjit Sagar,ecmwf_aifs025_single,3,9.07993928452565,36.51860146820953,0.0,quiet,False
2026-09-10,2026,Ranjit Sagar,ecmwf_aifs025_single,3,10.848568438596596,40.437974368545476,0.0,quiet,False
2026-09-11,2026,Ranjit Sagar,ecmwf_aifs025_single,3,10.46289658003342,39.74119696404131,0.0,quiet,False
2026-09-12,2026,Ranjit Sagar,ecmwf_aifs025_single,3,8.254459280763117,34.54025133756377,0.0,quiet,False
2026-09-13,2026,Ranjit Sagar,ecmwf_aifs025_single,3,8.10222728879676,34.054995645141226,0.0,quiet,False
