year,window_start,window_end,district,flooded_ha,flooded_fraction,antecedent_fraction,week_of_season,flood_event,punjab_mm,upstream_mm,punjab_mm_lag1,upstream_mm_lag1,punjab_mm_lag2,upstream_mm_lag2,district_mm,district_max1d,district_max3d,district_p90,district_mm_lag1,district_mm_lag2,api_start,district_first3d,district_first5d,bhakra_delta,pong_delta,ranjit_sagar_delta,bhakra_storage,pong_storage,ranjit_sagar_storage,core_season,prior_mean_annual_flooded_ha,prior_seasons_with_fraction_gt2pct,score,chosen_variant,chosen_C
2015,2015-07-25,2015-08-04,Amritsar,0.0,0.0,0.000975,4,0,60.969,86.411,78.373,91.986,102.005,102.546,38.258,21.682,24.316,11.219,81.679,36.955,54.406,24.316,26.723,0.411,0.6512,0.0,4.4471,3.9999,1.969,True,25957.786,8,0.35203779712575894,nested_district_rain,0.01
2015,2015-08-04,2015-08-14,Amritsar,60.46,0.000227,0.0,5,0,85.141,93.815,60.969,86.411,78.373,91.986,42.571,14.384,29.597,13.694,38.258,81.679,41.118,3.05,18.263,0.589,0.9585,0.039,4.9802,4.8784,2.0348,True,25957.786,8,0.28727383865232,nested_district_rain,0.01
2015,2015-08-14,2015-08-24,Amritsar,111.69,0.000419,0.000227,6,0,42.57,48.941,85.141,93.815,60.969,86.411,37.92,11.268,18.405,8.539,42.571,38.258,43.107,10.843,11.984,0.303,0.3152,-0.159,5.4844,5.4821,2.0066,True,25957.786,8,0.14127793379525647,nested_district_rain,0.01
2015,2015-08-24,2015-09-03,Amritsar,30.26,0.000113,0.000419,7,0,8.06,11.591,42.57,48.941,85.141,93.815,0.287,0.286,0.286,0.029,37.92,42.571,41.019,0.286,0.286,0.198,0.0233,-0.19,5.742,5.6849,1.7892,True,25957.786,8,0.04807050515047818,nested_district_rain,0.01
2015,2015-09-03,2015-09-13,Amritsar,17.27,6.5e-05,0.000113,8,0,2.674,5.816,8.06,11.591,42.57,48.941,0.0,0.0,0.0,0.0,0.287,37.92,14.414,0.0,0.0,-0.014,-0.1608,-0.3,5.8661,5.6106,1.5103,True,25957.786,8,0.01609064512390069,nested_district_rain,0.01
2015,2015-09-13,2015-09-23,Amritsar,0.0,0.0,6.5e-05,9,0,32.271,23.052,2.674,5.816,8.06,11.591,45.485,38.321,38.555,10.069,0.0,0.287,5.026,0.0,6.93,-0.012,-0.2526,-0.146,5.8255,5.3612,1.2458,True,25957.786,8,0.0220059286857427,nested_district_rain,0.01
2015,2015-09-23,2015-09-30,Amritsar,58.3,0.000219,0.0,10,0,49.573,51.049,30.469,20.978,1.802,2.074,72.713,72.713,72.713,29.085,45.485,0.0,44.356,72.713,72.713,0.075,0.0662,0.127,5.8914,5.3177,1.3278,True,25957.786,8,0.052494102609227,nested_district_rain,0.01
2015,2015-07-25,2015-08-04,Barnala,0.0,0.0,0.00037,4,0,60.969,86.411,78.373,91.986,102.005,102.546,5.685,3.418,5.631,2.328,5.097,82.637,26.89,0.012,0.012,0.411,0.6512,0.0,4.4471,3.9999,1.969,True,16211.903,9,0.31656548722580896,nested_district_rain,0.01
2015,2015-08-04,2015-08-14,Barnala,0.0,0.0,0.0,5,0,85.141,93.815,60.969,86.411,78.373,91.986,21.906,9.154,9.278,6.691,5.685,5.097,14.699,9.278,12.605,0.589,0.9585,0.039,4.9802,4.8784,2.0348,True,16211.903,9,0.3405703007016161,nested_district_rain,0.01
2015,2015-08-14,2015-08-24,Barnala,0.0,0.0,0.0,6,0,42.57,48.941,85.141,93.815,60.969,86.411,40.273,25.03,25.053,8.67,21.906,5.685,19.073,11.948,14.344,0.303,0.3152,-0.159,5.4844,5.4821,2.0066,True,16211.903,9,0.17175162427061083,nested_district_rain,0.01
2015,2015-08-24,2015-09-03,Barnala,0.0,0.0,0.0,7,0,8.06,11.591,42.57,48.941,85.141,93.815,0.056,0.054,0.054,0.007,40.273,21.906,36.401,0.054,0.054,0.198,0.0233,-0.19,5.742,5.6849,1.7892,True,16211.903,9,0.052958008134246864,nested_district_rain,0.01
2015,2015-09-03,2015-09-13,Barnala,0.0,0.0,0.0,8,0,2.674,5.816,8.06,11.591,42.57,48.941,0.0,0.0,0.0,0.0,0.056,40.273,12.715,0.0,0.0,-0.014,-0.1608,-0.3,5.8661,5.6106,1.5103,True,16211.903,9,0.018528492928400603,nested_district_rain,0.01
2015,2015-09-13,2015-09-23,Barnala,0.0,0.0,0.0,9,0,32.271,23.052,2.674,5.816,8.06,11.591,66.029,61.494,66.017,9.8,0.0,0.056,4.434,0.0,0.012,-0.012,-0.2526,-0.146,5.8255,5.3612,1.2458,True,16211.903,9,0.029969616229292863,nested_district_rain,0.01
2015,2015-09-23,2015-09-30,Barnala,0.0,0.0,0.0,10,0,49.573,51.049,30.469,20.978,1.802,2.074,12.879,12.875,12.875,5.152,66.029,0.0,61.331,12.875,12.875,0.075,0.0662,0.127,5.8914,5.3177,1.3278,True,16211.903,9,0.041981954956673825,nested_district_rain,0.01
2015,2015-07-25,2015-08-04,Bathinda,0.0,0.0,2.4e-05,4,0,60.969,86.411,78.373,91.986,102.005,102.546,25.114,11.77,15.725,6.055,32.39,66.216,41.835,6.488,6.488,0.411,0.6512,0.0,4.4471,3.9999,1.969,True,12504.237000000001,5,0.1724274227016972,nested_district_rain,0.01
2015,2015-08-04,2015-08-14,Bathinda,0.0,0.0,0.0,5,0,85.141,93.815,60.969,86.411,78.373,91.986,29.937,13.83,22.738,7.246,25.114,32.39,33.791,22.738,23.087,0.589,0.9585,0.039,4.9802,4.8784,2.0348,True,12504.237000000001,5,0.1825806618112077,nested_district_rain,0.01
2015,2015-08-14,2015-08-24,Bathinda,0.0,0.0,0.0,6,0,42.57,48.941,85.141,93.815,60.969,86.411,8.447,4.46,4.477,2.155,29.937,25.114,28.249,3.67,3.783,0.303,0.3152,-0.159,5.4844,5.4821,2.0066,True,12504.237000000001,5,0.067746462956067,nested_district_rain,0.01
2015,2015-08-24,2015-09-03,Bathinda,0.0,0.0,0.0,7,0,8.06,11.591,42.57,48.941,85.141,93.815,0.096,0.096,0.096,0.01,8.447,29.937,15.587,0.096,0.096,0.198,0.0233,-0.19,5.742,5.6849,1.7892,True,12504.237000000001,5,0.023404215133422578,nested_district_rain,0.01
2015,2015-09-03,2015-09-13,Bathinda,0.0,0.0,0.0,8,0,2.674,5.816,8.06,11.591,42.57,48.941,0.0,0.0,0.0,0.0,0.096,8.447,5.472,0.0,0.0,-0.014,-0.1608,-0.3,5.8661,5.6106,1.5103,True,12504.237000000001,5,0.008464851377028626,nested_district_rain,0.01
2015,2015-09-13,2015-09-23,Bathinda,0.0,0.0,0.0,9,0,32.271,23.052,2.674,5.816,8.06,11.591,52.176,41.732,52.176,13.178,0.0,0.096,1.908,0.0,0.0,-0.012,-0.2526,-0.146,5.8255,5.3612,1.2458,True,12504.237000000001,5,0.011502817577726239,nested_district_rain,0.01
2015,2015-09-23,2015-09-30,Bathinda,0.0,0.0,0.0,10,0,49.573,51.049,30.469,20.978,1.802,2.074,6.797,6.517,6.52,2.773,52.176,0.0,48.585,6.52,6.797,0.075,0.0662,0.127,5.8914,5.3177,1.3278,True,12504.237000000001,5,0.01771667373923831,nested_district_rain,0.01
2015,2015-07-25,2015-08-04,Faridkot,0.0,0.0,9.2e-05,4,0,60.969,86.411,78.373,91.986,102.005,102.546,34.535,10.165,16.444,8.369,22.228,53.17,28.841,15.616,15.616,0.411,0.6512,0.0,4.4471,3.9999,1.969,True,11372.440999999999,6,0.21108584697964974,nested_district_rain,0.01
2015,2015-08-04,2015-08-14,Faridkot,0.0,0.0,0.0,5,0,85.141,93.815,60.969,86.411,78.373,91.986,18.24,7.811,9.296,6.289,34.535,22.228,33.418,7.653,7.692,0.589,0.9585,0.039,4.9802,4.8784,2.0348,True,11372.440999999999,6,0.2061019319713227,nested_district_rain,0.01
2015,2015-08-14,2015-08-24,Faridkot,52.41,0.00036,0.0,6,0,42.57,48.941,85.141,93.815,60.969,86.411,25.359,13.707,13.993,11.584,18.24,34.535,24.253,13.993,14.003,0.303,0.3152,-0.159,5.4844,5.4821,2.0066,True,11372.440999999999,6,0.08801518141515054,nested_district_rain,0.01
2015,2015-08-24,2015-09-03,Faridkot,0.0,0.0,0.00036,7,0,8.06,11.591,42.57,48.941,85.141,93.815,1.377,1.377,1.377,0.138,25.359,18.24,25.347,1.377,1.377,0.198,0.0233,-0.19,5.742,5.6849,1.7892,True,11372.440999999999,6,0.031754275245460345,nested_district_rain,0.01
2015,2015-09-03,2015-09-13,Faridkot,2.22,1.5e-05,0.0,8,0,2.674,5.816,8.06,11.591,42.57,48.941,0.0,0.0,0.0,0.0,1.377,25.359,9.372,0.0,0.0,-0.014,-0.1608,-0.3,5.8661,5.6106,1.5103,True,11372.440999999999,6,0.010103646662920638,nested_district_rain,0.01
2015,2015-09-13,2015-09-23,Faridkot,0.0,0.0,1.5e-05,9,0,32.271,23.052,2.674,5.816,8.06,11.591,32.405,19.547,32.405,9.958,0.0,1.377,3.268,0.0,0.0,-0.012,-0.2526,-0.146,5.8255,5.3612,1.2458,True,11372.440999999999,6,0.012118208930605676,nested_district_rain,0.01
2015,2015-09-23,2015-09-30,Faridkot,0.0,0.0,0.0,10,0,49.573,51.049,30.469,20.978,1.802,2.074,15.706,15.536,15.559,6.274,32.405,0.0,30.836,15.559,15.659,0.075,0.0662,0.127,5.8914,5.3177,1.3278,True,11372.440999999999,6,0.022737456053319297,nested_district_rain,0.01
2015,2015-07-25,2015-08-04,Fatehgarh Sahib,0.0,0.0,6e-06,4,0,60.969,86.411,78.373,91.986,102.005,102.546,17.468,7.992,9.954,6.114,70.283,166.267,83.32,9.954,10.209,0.411,0.6512,0.0,4.4471,3.9999,1.969,True,17640.565,8,0.24432402865517241,nested_district_rain,0.01
2015,2015-08-04,2015-08-14,Fatehgarh Sahib,0.0,0.0,0.0,5,0,85.141,93.815,60.969,86.411,78.373,91.986,88.541,36.711,43.974,18.479,17.468,70.283,39.837,7.716,28.114,0.589,0.9585,0.039,4.9802,4.8784,2.0348,True,17640.565,8,0.3500262122164159,nested_district_rain,0.01
2015,2015-08-14,2015-08-24,Fatehgarh Sahib,3.71,3.2e-05,0.0,6,0,42.57,48.941,85.141,93.815,60.969,86.411,67.326,42.447,59.471,18.111,88.541,17.468,78.002,3.482,5.694,0.303,0.3152,-0.159,5.4844,5.4821,2.0066,True,17640.565,8,0.16377051377729648,nested_district_rain,0.01
2015,2015-08-24,2015-09-03,Fatehgarh Sahib,0.0,0.0,3.2e-05,7,0,8.06,11.591,42.57,48.941,85.141,93.815,3.495,3.495,3.495,0.349,67.326,88.541,83.281,0.0,0.0,0.198,0.0233,-0.19,5.742,5.6849,1.7892,True,17640.565,8,0.042927906621657484,nested_district_rain,0.01
2015,2015-09-03,2015-09-13,Fatehgarh Sahib,0.0,0.0,0.0,8,0,2.674,5.816,8.06,11.591,42.57,48.941,0.031,0.031,0.031,0.003,3.495,67.326,32.533,0.031,0.031,-0.014,-0.1608,-0.3,5.8661,5.6106,1.5103,True,17640.565,8,0.015129171289627178,nested_district_rain,0.01
2015,2015-09-13,2015-09-23,Fatehgarh Sahib,0.0,0.0,0.0,9,0,32.271,23.052,2.674,5.816,8.06,11.591,39.574,32.619,37.515,7.577,0.031,3.495,11.356,0.0,2.059,-0.012,-0.2526,-0.146,5.8255,5.3612,1.2458,True,17640.565,8,0.020455575053868514,nested_district_rain,0.01
2015,2015-09-23,2015-09-30,Fatehgarh Sahib,0.0,0.0,0.0,10,0,49.573,51.049,30.469,20.978,1.802,2.074,53.153,53.153,53.153,21.261,39.574,0.0,38.414,53.153,53.153,0.075,0.0662,0.127,5.8914,5.3177,1.3278,True,17640.565,8,0.04481504019950122,nested_district_rain,0.01
2015,2015-07-25,2015-08-04,Firozpur,0.0,0.0,0.000572,4,0,60.969,86.411,78.373,91.986,102.005,102.546,25.815,9.203,16.646,6.291,14.495,32.715,18.173,7.997,8.016,0.411,0.6512,0.0,4.4471,3.9999,1.969,True,75166.843,9,0.39691538534811815,nested_district_rain,0.01
2015,2015-08-04,2015-08-14,Firozpur,298.67,0.000572,0.0,5,0,85.141,93.815,60.969,86.411,78.373,91.986,6.688,2.476,4.289,1.373,25.815,14.495,25.784,4.289,4.406,0.589,0.9585,0.039,4.9802,4.8784,2.0348,True,75166.843,9,0.3547600329896338,nested_district_rain,0.01
2015,2015-08-14,2015-08-24,Firozpur,2761.24,0.005288,0.000572,6,0,42.57,48.941,85.141,93.815,60.969,86.411,7.346,3.928,4.381,2.886,6.688,25.815,12.679,4.381,4.406,0.303,0.3152,-0.159,5.4844,5.4821,2.0066,True,75166.843,9,0.1832324410654923,nested_district_rain,0.01
2015,2015-08-24,2015-09-03,Firozpur,19.98,3.8e-05,0.005288,7,0,8.06,11.591,42.57,48.941,85.141,93.815,2.314,2.314,2.314,0.231,7.346,6.688,9.114,2.314,2.314,0.198,0.0233,-0.19,5.742,5.6849,1.7892,True,75166.843,9,0.18984328845293102,nested_district_rain,0.01
2015,2015-09-03,2015-09-13,Firozpur,13.98,2.7e-05,3.8e-05,8,0,2.674,5.816,8.06,11.591,42.57,48.941,0.0,0.0,0.0,0.0,2.314,7.346,4.074,0.0,0.0,-0.014,-0.1608,-0.3,5.8661,5.6106,1.5103,True,75166.843,9,0.022770185328632446,nested_district_rain,0.01
2015,2015-09-13,2015-09-23,Firozpur,0.0,0.0,2.7e-05,9,0,32.271,23.052,2.674,5.816,8.06,11.591,22.435,11.733,22.177,8.436,0.0,2.314,1.421,0.0,0.258,-0.012,-0.2526,-0.146,5.8255,5.3612,1.2458,True,75166.843,9,0.024909249832213095,nested_district_rain,0.01
2015,2015-09-23,2015-09-30,Firozpur,216.95,0.000416,0.0,10,0,49.573,51.049,30.469,20.978,1.802,2.074,14.118,12.762,13.613,5.615,22.435,0.0,21.201,13.613,13.972,0.075,0.0662,0.127,5.8914,5.3177,1.3278,True,75166.843,9,0.04801604365746692,nested_district_rain,0.01
2015,2015-07-25,2015-08-04,Gurdaspur,0.0,0.0,0.000355,4,0,60.969,86.411,78.373,91.986,102.005,102.546,62.399,16.981,32.164,13.643,101.997,93.768,84.634,26.9,45.673,0.411,0.6512,0.0,4.4471,3.9999,1.969,True,21916.792999999998,5,0.19778828855319158,nested_district_rain,0.01
2015,2015-08-04,2015-08-14,Gurdaspur,104.02,0.000287,0.0,5,0,85.141,93.815,60.969,86.411,78.373,91.986,166.858,74.142,107.408,26.258,62.399,101.997,65.18,33.915,67.181,0.589,0.9585,0.039,4.9802,4.8784,2.0348,True,21916.792999999998,5,0.28431751694544444,nested_district_rain,0.01
2015,2015-08-14,2015-08-24,Gurdaspur,260.33,0.000717,0.000287,6,0,42.57,48.941,85.141,93.815,60.969,86.411,39.792,12.484,18.193,7.718,166.858,62.399,126.924,18.193,18.975,0.303,0.3152,-0.159,5.4844,5.4821,2.0066,True,21916.792999999998,5,0.07888942143140486,nested_district_rain,0.01
2015,2015-08-24,2015-09-03,Gurdaspur,90.37,0.000249,0.000717,7,0,8.06,11.591,42.57,48.941,85.141,93.815,15.643,8.478,8.514,5.512,39.792,166.858,69.162,5.216,13.694,0.198,0.0233,-0.19,5.742,5.6849,1.7892,True,21916.792999999998,5,0.025818388705263113,nested_district_rain,0.01
2015,2015-09-03,2015-09-13,Gurdaspur,43.06,0.000119,0.000249,8,0,2.674,5.816,8.06,11.591,42.57,48.941,2.992,2.933,2.95,0.315,15.643,39.792,32.727,2.95,2.992,-0.014,-0.1608,-0.3,5.8661,5.6106,1.5103,True,21916.792999999998,5,0.009264918629652839,nested_district_rain,0.01
2015,2015-09-13,2015-09-23,Gurdaspur,0.0,0.0,0.000119,9,0,32.271,23.052,2.674,5.816,8.06,11.591,39.468,37.779,37.793,5.054,2.992,15.643,12.578,0.257,1.675,-0.012,-0.2526,-0.146,5.8255,5.3612,1.2458,True,21916.792999999998,5,0.011595775873700361,nested_district_rain,0.01
2015,2015-09-23,2015-09-30,Gurdaspur,116.33,0.00032,0.0,10,0,49.573,51.049,30.469,20.978,1.802,2.074,143.476,142.278,143.373,57.568,39.211,0.257,43.127,143.373,143.476,0.075,0.0662,0.127,5.8914,5.3177,1.3278,True,21916.792999999998,5,0.046388372705229164,nested_district_rain,0.01
2015,2015-07-25,2015-08-04,Hoshiarpur,0.0,0.0,9e-06,4,0,60.969,86.411,78.373,91.986,102.005,102.546,64.022,24.099,43.383,17.46,114.127,149.352,98.436,23.028,47.783,0.411,0.6512,0.0,4.4471,3.9999,1.969,True,6717.378,2,0.0988354875973304,nested_district_rain,0.01
2015,2015-08-04,2015-08-14,Hoshiarpur,2.17,6e-06,0.0,5,0,85.141,93.815,60.969,86.411,78.373,91.986,140.682,50.505,109.158,32.096,64.022,114.127,71.033,2.148,60.801,0.589,0.9585,0.039,4.9802,4.8784,2.0348,True,6717.378,2,0.1398514213306875,nested_district_rain,0.01
2015,2015-08-14,2015-08-24,Hoshiarpur,39.81,0.000118,6e-06,6,0,42.57,48.941,85.141,93.815,60.969,86.411,65.221,19.479,40.344,17.392,140.682,64.022,115.113,19.117,20.782,0.303,0.3152,-0.159,5.4844,5.4821,2.0066,True,6717.378,2,0.04387358428375881,nested_district_rain,0.01
2015,2015-08-24,2015-09-03,Hoshiarpur,6.51,1.9e-05,0.000118,7,0,8.06,11.591,42.57,48.941,85.141,93.815,2.972,1.509,1.509,1.233,65.221,140.682,86.364,1.367,2.876,0.198,0.0233,-0.19,5.742,5.6849,1.7892,True,6717.378,2,0.011543732207208073,nested_district_rain,0.01
2015,2015-09-03,2015-09-13,Hoshiarpur,2.9,9e-06,1.9e-05,8,0,2.674,5.816,8.06,11.591,42.57,48.941,0.884,0.773,0.83,0.129,2.972,65.221,31.664,0.109,0.884,-0.014,-0.1608,-0.3,5.8661,5.6106,1.5103,True,6717.378,2,0.004360750337884365,nested_district_rain,0.01
2015,2015-09-13,2015-09-23,Hoshiarpur,0.0,0.0,9e-06,9,0,32.271,23.052,2.674,5.816,8.06,11.591,8.626,3.12,6.354,2.332,0.884,2.972,11.497,0.0,2.259,-0.012,-0.2526,-0.146,5.8255,5.3612,1.2458,True,6717.378,2,0.004726717643018512,nested_district_rain,0.01
2015,2015-09-23,2015-09-30,Hoshiarpur,2.9,9e-06,0.0,10,0,49.573,51.049,30.469,20.978,1.802,2.074,105.85,103.839,105.75,42.682,8.626,0.0,11.239,105.75,105.85,0.075,0.0662,0.127,5.8914,5.3177,1.3278,True,6717.378,2,0.018291229773948786,nested_district_rain,0.01
2015,2015-07-25,2015-08-04,Jalandhar,0.0,0.0,0.000323,4,0,60.969,86.411,78.373,91.986,102.005,102.546,22.974,8.179,14.457,6.468,52.871,87.142,54.523,14.457,14.714,0.411,0.6512,0.0,4.4471,3.9999,1.969,True,23392.328,7,0.24515631614653446,nested_district_rain,0.01
2015,2015-08-04,2015-08-14,Jalandhar,104.86,0.000401,0.0,5,0,85.141,93.815,60.969,86.411,78.373,91.986,33.379,11.442,29.518,11.427,22.974,52.871,33.02,0.1,18.193,0.589,0.9585,0.039,4.9802,4.8784,2.0348,True,23392.328,7,0.24860761888260144,nested_district_rain,0.01
2015,2015-08-14,2015-08-24,Jalandhar,77.03,0.000295,0.000401,6,0,42.57,48.941,85.141,93.815,60.969,86.411,51.662,27.201,31.941,12.729,33.379,22.974,32.43,13.298,19.65,0.303,0.3152,-0.159,5.4844,5.4821,2.0066,True,23392.328,7,0.13578225144010306,nested_district_rain,0.01
2015,2015-08-24,2015-09-03,Jalandhar,11.02,4.2e-05,0.000295,7,0,8.06,11.591,42.57,48.941,85.141,93.815,2.266,1.411,1.411,0.846,51.662,33.379,49.355,1.411,1.483,0.198,0.0233,-0.19,5.742,5.6849,1.7892,True,23392.328,7,0.039063037901654614,nested_district_rain,0.01
2015,2015-09-03,2015-09-13,Jalandhar,14.7,5.6e-05,4.2e-05,8,0,2.674,5.816,8.06,11.591,42.57,48.941,0.015,0.015,0.015,0.001,2.266,51.662,18.581,0.015,0.015,-0.014,-0.1608,-0.3,5.8661,5.6106,1.5103,True,23392.328,7,0.012593352934633142,nested_district_rain,0.01
2015,2015-09-13,2015-09-23,Jalandhar,0.0,0.0,5.6e-05,9,0,32.271,23.052,2.674,5.816,8.06,11.591,20.252,7.9,16.31,5.649,0.015,2.266,6.485,0.0,3.942,-0.012,-0.2526,-0.146,5.8255,5.3612,1.2458,True,23392.328,7,0.014456533853129222,nested_district_rain,0.01
2015,2015-09-23,2015-09-30,Jalandhar,7.35,2.8e-05,0.0,10,0,49.573,51.049,30.469,20.978,1.802,2.074,63.729,63.261,63.28,25.574,20.252,0.0,19.082,63.28,63.28,0.075,0.0662,0.127,5.8914,5.3177,1.3278,True,23392.328,7,0.03941645090931436,nested_district_rain,0.01
2015,2015-07-25,2015-08-04,Kapurthala,0.0,0.0,0.000105,4,0,60.969,86.411,78.373,91.986,102.005,102.546,34.576,18.862,24.783,7.473,61.834,69.659,54.045,24.783,25.597,0.411,0.6512,0.0,4.4471,3.9999,1.969,True,33251.15699999999,9,0.3455654717686219,nested_district_rain,0.01
2015,2015-08-04,2015-08-14,Kapurthala,388.7,0.002333,0.0,5,0,85.141,93.815,60.969,86.411,78.373,91.986,31.464,11.861,26.621,10.816,34.576,61.834,38.386,0.047,15.968,0.589,0.9585,0.039,4.9802,4.8784,2.0348,True,33251.15699999999,9,0.3338898621294082,nested_district_rain,0.01
2015,2015-08-14,2015-08-24,Kapurthala,1606.24,0.009639,0.002333,6,0,42.57,48.941,85.141,93.815,60.969,86.411,37.511,17.444,18.462,10.474,31.464,34.576,33.203,12.82,18.992,0.303,0.3152,-0.159,5.4844,5.4821,2.0066,True,33251.15699999999,9,0.25789071900824195,nested_district_rain,0.01
2015,2015-08-24,2015-09-03,Kapurthala,32.11,0.000193,0.009639,7,0,8.06,11.591,42.57,48.941,85.141,93.815,0.334,0.289,0.289,0.069,37.511,31.464,37.631,0.045,0.045,0.198,0.0233,-0.19,5.742,5.6849,1.7892,True,33251.15699999999,9,0.35551611440999764,nested_district_rain,0.01
2015,2015-09-03,2015-09-13,Kapurthala,20.41,0.000123,0.000193,8,0,2.674,5.816,8.06,11.591,42.57,48.941,0.0,0.0,0.0,0.0,0.334,37.511,13.427,0.0,0.0,-0.014,-0.1608,-0.3,5.8661,5.6106,1.5103,True,33251.15699999999,9,0.02043313533243804,nested_district_rain,0.01
2015,2015-09-13,2015-09-23,Kapurthala,0.0,0.0,0.000123,9,0,32.271,23.052,2.674,5.816,8.06,11.591,26.966,11.042,17.071,10.01,0.0,0.334,4.682,0.0,9.895,-0.012,-0.2526,-0.146,5.8255,5.3612,1.2458,True,33251.15699999999,9,0.023392377145063734,nested_district_rain,0.01
2015,2015-09-23,2015-09-30,Kapurthala,52.58,0.000316,0.0,10,0,49.573,51.049,30.469,20.978,1.802,2.074,59.141,59.139,59.141,23.657,26.966,0.0,23.627,59.141,59.141,0.075,0.0662,0.127,5.8914,5.3177,1.3278,True,33251.15699999999,9,0.05819847559790669,nested_district_rain,0.01
2015,2015-07-25,2015-08-04,Ludhiana,0.0,0.0,0.000149,4,0,60.969,86.411,78.373,91.986,102.005,102.546,10.48,4.871,5.511,3.105,59.236,170.179,80.377,5.511,5.579,0.411,0.6512,0.0,4.4471,3.9999,1.969,True,43330.862,8,0.2590706637650686,nested_district_rain,0.01
2015,2015-08-04,2015-08-14,Ludhiana,52.19,0.000145,0.0,5,0,85.141,93.815,60.969,86.411,78.373,91.986,57.435,11.759,33.666,11.194,10.48,59.236,34.74,0.638,22.44,0.589,0.9585,0.039,4.9802,4.8784,2.0348,True,43330.862,8,0.3217245143303026,nested_district_rain,0.01
2015,2015-08-14,2015-08-24,Ludhiana,27.2,7.6e-05,0.000145,6,0,42.57,48.941,85.141,93.815,60.969,86.411,57.072,31.57,44.053,10.84,57.435,10.48,51.326,9.938,12.29,0.303,0.3152,-0.159,5.4844,5.4821,2.0066,True,43330.862,8,0.16921427988802454,nested_district_rain,0.01
2015,2015-08-24,2015-09-03,Ludhiana,0.0,0.0,7.6e-05,7,0,8.06,11.591,42.57,48.941,85.141,93.815,3.675,2.416,2.508,1.193,57.072,57.435,62.031,2.508,2.618,0.198,0.0233,-0.19,5.742,5.6849,1.7892,True,43330.862,8,0.04720553656030075,nested_district_rain,0.01
2015,2015-09-03,2015-09-13,Ludhiana,0.0,0.0,0.0,8,0,2.674,5.816,8.06,11.591,42.57,48.941,0.26,0.26,0.26,0.026,3.675,57.072,23.726,0.26,0.26,-0.014,-0.1608,-0.3,5.8661,5.6106,1.5103,True,43330.862,8,0.016197146536385935,nested_district_rain,0.01
2015,2015-09-13,2015-09-23,Ludhiana,0.0,0.0,0.0,9,0,32.271,23.052,2.674,5.816,8.06,11.591,41.184,24.632,35.097,11.069,0.26,3.675,8.374,0.0,6.087,-0.012,-0.2526,-0.146,5.8255,5.3612,1.2458,True,43330.862,8,0.021041456041522334,nested_district_rain,0.01
2015,2015-09-23,2015-09-30,Ludhiana,0.0,0.0,0.0,10,0,49.573,51.049,30.469,20.978,1.802,2.074,40.33,39.47,39.535,16.265,41.184,0.0,37.332,39.535,39.535,0.075,0.0662,0.127,5.8914,5.3177,1.3278,True,43330.862,8,0.04366158649856839,nested_district_rain,0.01
2015,2015-07-25,2015-08-04,Mansa,0.0,0.0,5.4e-05,4,0,60.969,86.411,78.373,91.986,102.005,102.546,3.41,1.873,2.756,0.755,16.046,56.06,26.977,0.265,0.265,0.411,0.6512,0.0,4.4471,3.9999,1.969,True,10605.395999999999,5,0.1592560038539291,nested_district_rain,0.01
2015,2015-08-04,2015-08-14,Mansa,3.76,1.7e-05,0.0,5,0,85.141,93.815,60.969,86.411,78.373,91.986,10.437,5.648,6.009,3.859,3.41,16.046,12.437,6.009,6.777,0.589,0.9585,0.039,4.9802,4.8784,2.0348,True,10605.395999999999,5,0.1712914460315745,nested_district_rain,0.01
2015,2015-08-14,2015-08-24,Mansa,17.28,7.8e-05,1.7e-05,6,0,42.57,48.941,85.141,93.815,60.969,86.411,5.672,3.137,3.897,0.998,10.437,3.41,10.413,0.941,1.016,0.303,0.3152,-0.159,5.4844,5.4821,2.0066,True,10605.395999999999,5,0.06858633786513375,nested_district_rain,0.01
2015,2015-08-24,2015-09-03,Mansa,3.01,1.4e-05,7.8e-05,7,0,8.06,11.591,42.57,48.941,85.141,93.815,0.006,0.006,0.006,0.001,5.672,10.437,8.15,0.006,0.006,0.198,0.0233,-0.19,5.742,5.6849,1.7892,True,10605.395999999999,5,0.024208660662021,nested_district_rain,0.01
2015,2015-09-03,2015-09-13,Mansa,16.53,7.5e-05,1.4e-05,8,0,2.674,5.816,8.06,11.591,42.57,48.941,0.0,0.0,0.0,0.0,0.006,5.672,2.844,0.0,0.0,-0.014,-0.1608,-0.3,5.8661,5.6106,1.5103,True,10605.395999999999,5,0.008433217942491852,nested_district_rain,0.01
2015,2015-09-13,2015-09-23,Mansa,0.0,0.0,7.5e-05,9,0,32.271,23.052,2.674,5.816,8.06,11.591,20.886,17.72,20.866,4.033,0.0,0.006,0.992,0.0,0.0,-0.012,-0.2526,-0.146,5.8255,5.3612,1.2458,True,10605.395999999999,5,0.009670759428691523,nested_district_rain,0.01
2015,2015-09-23,2015-09-30,Mansa,8.27,3.7e-05,0.0,10,0,49.573,51.049,30.469,20.978,1.802,2.074,4.479,4.475,4.479,1.792,20.886,0.0,19.333,4.479,4.479,0.075,0.0662,0.127,5.8914,5.3177,1.3278,True,10605.395999999999,5,0.017002422734093105,nested_district_rain,0.01
2015,2015-07-25,2015-08-04,Moga,0.0,0.0,0.000235,4,0,60.969,86.411,78.373,91.986,102.005,102.546,12.683,8.354,9.425,2.583,9.998,28.965,15.917,2.526,2.526,0.411,0.6512,0.0,4.4471,3.9999,1.969,True,45469.761,9,0.3521490005512578,nested_district_rain,0.01
2015,2015-08-04,2015-08-14,Moga,54.3,0.000231,0.0,5,0,85.141,93.815,60.969,86.411,78.373,91.986,8.28,2.495,4.295,1.961,12.683,9.998,15.598,1.975,3.775,0.589,0.9585,0.039,4.9802,4.8784,2.0348,True,45469.761,9,0.33826616960745826,nested_district_rain,0.01
2015,2015-08-14,2015-08-24,Moga,73.37,0.000312,0.000231,6,0,42.57,48.941,85.141,93.815,60.969,86.411,19.364,13.117,13.171,3.37,8.28,12.683,10.744,3.057,5.026,0.303,0.3152,-0.159,5.4844,5.4821,2.0066,True,45469.761,9,0.17319145205482742,nested_district_rain,0.01
2015,2015-08-24,2015-09-03,Moga,0.0,0.0,0.000312,7,0,8.06,11.591,42.57,48.941,85.141,93.815,1.561,1.515,1.515,0.192,19.364,8.28,18.91,1.515,1.516,0.198,0.0233,-0.19,5.742,5.6849,1.7892,True,45469.761,9,0.0629614833936356,nested_district_rain,0.01
2015,2015-09-03,2015-09-13,Moga,0.0,0.0,0.0,8,0,2.674,5.816,8.06,11.591,42.57,48.941,0.0,0.0,0.0,0.0,1.561,19.364,7.226,0.0,0.0,-0.014,-0.1608,-0.3,5.8661,5.6106,1.5103,True,45469.761,9,0.02053446690594439,nested_district_rain,0.01
2015,2015-09-13,2015-09-23,Moga,0.0,0.0,0.0,9,0,32.271,23.052,2.674,5.816,8.06,11.591,31.635,18.415,31.225,9.839,0.0,1.561,2.519,0.0,0.41,-0.012,-0.2526,-0.146,5.8255,5.3612,1.2458,True,45469.761,9,0.024147340406417698,nested_district_rain,0.01
2015,2015-09-23,2015-09-30,Moga,0.0,0.0,0.0,10,0,49.573,51.049,30.469,20.978,1.802,2.074,22.955,22.881,22.881,9.183,31.635,0.0,29.758,22.881,22.904,0.075,0.0662,0.127,5.8914,5.3177,1.3278,True,45469.761,9,0.047589821967323365,nested_district_rain,0.01
2015,2015-07-25,2015-08-04,Muktsar,0.0,0.0,0.0001,4,0,60.969,86.411,78.373,91.986,102.005,102.546,44.786,14.731,24.529,10.139,16.211,48.083,24.239,15.684,15.684,0.411,0.6512,0.0,4.4471,3.9999,1.969,True,13323.563,7,0.2594571680628391,nested_district_rain,0.01
2015,2015-08-04,2015-08-14,Muktsar,0.0,0.0,0.0,5,0,85.141,93.815,60.969,86.411,78.373,91.986,22.817,10.914,15.066,5.255,44.786,16.211,40.453,15.066,15.197,0.589,0.9585,0.039,4.9802,4.8784,2.0348,True,13323.563,7,0.24968313206804418,nested_district_rain,0.01
2015,2015-08-14,2015-08-24,Muktsar,10.41,4e-05,0.0,6,0,42.57,48.941,85.141,93.815,60.969,86.411,7.904,3.674,4.202,3.398,22.817,44.786,27.638,4.202,4.202,0.303,0.3152,-0.159,5.4844,5.4821,2.0066,True,13323.563,7,0.09622052871927582,nested_district_rain,0.01
2015,2015-08-24,2015-09-03,Muktsar,0.0,0.0,4e-05,7,0,8.06,11.591,42.57,48.941,85.141,93.815,0.86,0.86,0.86,0.086,7.904,22.817,14.917,0.86,0.86,0.198,0.0233,-0.19,5.742,5.6849,1.7892,True,13323.563,7,0.03595820529924005,nested_district_rain,0.01
2015,2015-09-03,2015-09-13,Muktsar,0.0,0.0,0.0,8,0,2.674,5.816,8.06,11.591,42.57,48.941,0.0,0.0,0.0,0.0,0.86,7.904,5.534,0.0,0.0,-0.014,-0.1608,-0.3,5.8661,5.6106,1.5103,True,13323.563,7,0.012755342666823688,nested_district_rain,0.01
2015,2015-09-13,2015-09-23,Muktsar,0.0,0.0,0.0,9,0,32.271,23.052,2.674,5.816,8.06,11.591,36.786,27.268,36.786,10.021,0.0,0.86,1.93,0.0,0.0,-0.012,-0.2526,-0.146,5.8255,5.3612,1.2458,True,13323.563,7,0.015578879921422562,nested_district_rain,0.01
2015,2015-09-23,2015-09-30,Muktsar,1.49,6e-06,0.0,10,0,49.573,51.049,30.469,20.978,1.802,2.074,8.956,8.5,8.695,3.557,36.786,0.0,34.463,8.695,8.956,0.075,0.0662,0.127,5.8914,5.3177,1.3278,True,13323.563,7,0.026695338330308686,nested_district_rain,0.01
2015,2015-07-25,2015-08-04,Nawanshahr,0.0,0.0,7.9e-05,4,0,60.969,86.411,78.373,91.986,102.005,102.546,,,,,,,,,,0.411,0.6512,0.0,4.4471,3.9999,1.969,True,9598.251999999999,9,0.3371035194047182,nested_district_rain,0.01
2015,2015-08-04,2015-08-14,Nawanshahr,0.0,0.0,0.0,5,0,85.141,93.815,60.969,86.411,78.373,91.986,,,,,,,,,,0.589,0.9585,0.039,4.9802,4.8784,2.0348,True,9598.251999999999,9,0.33323499184283784,nested_district_rain,0.01
2015,2015-08-14,2015-08-24,Nawanshahr,8.82,6.8e-05,0.0,6,0,42.57,48.941,85.141,93.815,60.969,86.411,,,,,,,,,,0.303,0.3152,-0.159,5.4844,5.4821,2.0066,True,9598.251999999999,9,0.15312223286564916,nested_district_rain,0.01
2015,2015-08-24,2015-09-03,Nawanshahr,0.0,0.0,6.8e-05,7,0,8.06,11.591,42.57,48.941,85.141,93.815,,,,,,,,,,0.198,0.0233,-0.19,5.742,5.6849,1.7892,True,9598.251999999999,9,0.059769537389240394,nested_district_rain,0.01
2015,2015-09-03,2015-09-13,Nawanshahr,0.0,0.0,0.0,8,0,2.674,5.816,8.06,11.591,42.57,48.941,,,,,,,,,,-0.014,-0.1608,-0.3,5.8661,5.6106,1.5103,True,9598.251999999999,9,0.021198536121316846,nested_district_rain,0.01
2015,2015-09-13,2015-09-23,Nawanshahr,0.0,0.0,0.0,9,0,32.271,23.052,2.674,5.816,8.06,11.591,,,,,,,,,,-0.012,-0.2526,-0.146,5.8255,5.3612,1.2458,True,9598.251999999999,9,0.020873886317035944,nested_district_rain,0.01
2015,2015-09-23,2015-09-30,Nawanshahr,0.0,0.0,0.0,10,0,49.573,51.049,30.469,20.978,1.802,2.074,,,,,,,,,,0.075,0.0662,0.127,5.8914,5.3177,1.3278,True,9598.251999999999,9,0.04040354490994481,nested_district_rain,0.01
2015,2015-07-25,2015-08-04,Patiala,0.0,0.0,5.4e-05,4,0,60.969,86.411,78.373,91.986,102.005,102.546,9.629,2.307,5.613,1.903,54.526,164.834,75.138,2.918,4.015,0.411,0.6512,0.0,4.4471,3.9999,1.969,True,57408.812,8,0.2603793812505452,nested_district_rain,0.01
2015,2015-08-04,2015-08-14,Patiala,0.0,0.0,0.0,5,0,85.141,93.815,60.969,86.411,78.373,91.986,72.061,18.801,38.986,15.817,9.629,54.526,33.16,5.737,33.424,0.589,0.9585,0.039,4.9802,4.8784,2.0348,True,57408.812,8,0.349287133460343,nested_district_rain,0.01
2015,2015-08-14,2015-08-24,Patiala,0.74,2e-06,0.0,6,0,42.57,48.941,85.141,93.815,60.969,86.411,54.177,33.144,37.626,9.658,72.061,9.629,60.142,2.927,7.48,0.303,0.3152,-0.159,5.4844,5.4821,2.0066,True,57408.812,8,0.17085644956214277,nested_district_rain,0.01
2015,2015-08-24,2015-09-03,Patiala,0.74,2e-06,2e-06,7,0,8.06,11.591,42.57,48.941,85.141,93.815,3.107,2.256,2.256,0.991,54.177,72.061,64.998,0.0,0.851,0.198,0.0233,-0.19,5.742,5.6849,1.7892,True,57408.812,8,0.047450858228926425,nested_district_rain,0.01
2015,2015-09-03,2015-09-13,Patiala,0.0,0.0,2e-06,8,0,2.674,5.816,8.06,11.591,42.57,48.941,0.191,0.191,0.191,0.019,3.107,54.177,25.423,0.191,0.191,-0.014,-0.1608,-0.3,5.8661,5.6106,1.5103,True,57408.812,8,0.017029172269137034,nested_district_rain,0.01
2015,2015-09-13,2015-09-23,Patiala,0.0,0.0,0.0,9,0,32.271,23.052,2.674,5.816,8.06,11.591,46.74,39.727,45.701,8.771,0.191,3.107,8.938,0.0,0.868,-0.012,-0.2526,-0.146,5.8255,5.3612,1.2458,True,57408.812,8,0.02382159217915607,nested_district_rain,0.01
2015,2015-09-23,2015-09-30,Patiala,0.0,0.0,0.0,10,0,49.573,51.049,30.469,20.978,1.802,2.074,36.274,36.274,36.274,14.51,46.74,0.0,44.33,36.274,36.274,0.075,0.0662,0.127,5.8914,5.3177,1.3278,True,57408.812,8,0.04464384916600919,nested_district_rain,0.01
2015,2015-07-25,2015-08-04,Rupnagar,0.0,0.0,0.0,4,0,60.969,86.411,78.373,91.986,102.005,102.546,56.651,35.555,38.773,17.663,121.224,111.764,93.25,37.862,39.701,0.411,0.6512,0.0,4.4471,3.9999,1.969,True,2571.287,2,0.1052476035629081,nested_district_rain,0.01
2015,2015-08-04,2015-08-14,Rupnagar,0.0,0.0,0.0,5,0,85.141,93.815,60.969,86.411,78.373,91.986,93.758,29.61,67.677,21.678,56.651,121.224,63.77,0.829,51.236,0.589,0.9585,0.039,4.9802,4.8784,2.0348,True,2571.287,2,0.11326896484766914,nested_district_rain,0.01
2015,2015-08-14,2015-08-24,Rupnagar,0.0,0.0,0.0,6,0,42.57,48.941,85.141,93.815,60.969,86.411,114.11,60.05,75.159,24.126,93.758,56.651,82.691,38.386,38.386,0.303,0.3152,-0.159,5.4844,5.4821,2.0066,True,2571.287,2,0.06003689554298829,nested_district_rain,0.01
2015,2015-08-24,2015-09-03,Rupnagar,0.0,0.0,0.0,7,0,8.06,11.591,42.57,48.941,85.141,93.815,14.213,11.665,11.669,3.287,114.11,93.758,107.674,11.669,14.025,0.198,0.0233,-0.19,5.742,5.6849,1.7892,True,2571.287,2,0.012671796559789665,nested_district_rain,0.01
2015,2015-09-03,2015-09-13,Rupnagar,0.0,0.0,0.0,8,0,2.674,5.816,8.06,11.591,42.57,48.941,0.328,0.251,0.284,0.055,14.213,114.11,44.122,0.282,0.328,-0.014,-0.1608,-0.3,5.8661,5.6106,1.5103,True,2571.287,2,0.003942493402352473,nested_district_rain,0.01
2015,2015-09-13,2015-09-23,Rupnagar,0.0,0.0,0.0,9,0,32.271,23.052,2.674,5.816,8.06,11.591,24.063,15.366,19.265,4.848,0.328,14.213,15.53,0.0,4.779,-0.012,-0.2526,-0.146,5.8255,5.3612,1.2458,True,2571.287,2,0.00509316063916384,nested_district_rain,0.01
2015,2015-09-23,2015-09-30,Rupnagar,0.0,0.0,0.0,10,0,49.573,51.049,30.469,20.978,1.802,2.074,74.342,73.947,74.287,29.783,24.063,0.0,25.25,74.287,74.341,0.075,0.0662,0.127,5.8914,5.3177,1.3278,True,2571.287,2,0.014796833060928239,nested_district_rain,0.01
2015,2015-07-25,2015-08-04,Sahibzada Ajit Singh Nagar,0.0,0.0,0.0,4,0,60.969,86.411,78.373,91.986,102.005,102.546,54.869,32.472,33.685,14.436,103.501,180.201,103.043,33.374,34.943,0.411,0.6512,0.0,4.4471,3.9999,1.969,True,1064.493,0,0.06653094682846405,nested_district_rain,0.01
2015,2015-08-04,2015-08-14,Sahibzada Ajit Singh Nagar,0.0,0.0,0.0,5,0,85.141,93.815,60.969,86.411,78.373,91.986,83.022,27.582,41.935,25.551,54.869,103.501,68.233,1.497,37.363,0.589,0.9585,0.039,4.9802,4.8784,2.0348,True,1064.493,0,0.08014285188618783,nested_district_rain,0.01
2015,2015-08-14,2015-08-24,Sahibzada Ajit Singh Nagar,0.0,0.0,0.0,6,0,42.57,48.941,85.141,93.815,60.969,86.411,75.795,35.32,56.48,17.852,83.022,54.869,82.155,16.86,16.901,0.303,0.3152,-0.159,5.4844,5.4821,2.0066,True,1064.493,0,0.03296759768238236,nested_district_rain,0.01
2015,2015-08-24,2015-09-03,Sahibzada Ajit Singh Nagar,0.0,0.0,0.0,7,0,8.06,11.591,42.57,48.941,85.141,93.815,7.231,6.449,6.449,0.955,75.795,83.022,86.813,0.435,6.884,0.198,0.0233,-0.19,5.742,5.6849,1.7892,True,1064.493,0,0.008332087170500923,nested_district_rain,0.01
2015,2015-09-03,2015-09-13,Sahibzada Ajit Singh Nagar,0.0,0.0,0.0,8,0,2.674,5.816,8.06,11.591,42.57,48.941,0.313,0.186,0.313,0.133,7.231,75.795,34.577,0.313,0.313,-0.014,-0.1608,-0.3,5.8661,5.6106,1.5103,True,1064.493,0,0.002764437459666385,nested_district_rain,0.01
2015,2015-09-13,2015-09-23,Sahibzada Ajit Singh Nagar,0.0,0.0,0.0,9,0,32.271,23.052,2.674,5.816,8.06,11.591,39.628,30.498,32.019,6.792,0.313,7.231,12.183,0.0,7.174,-0.012,-0.2526,-0.146,5.8255,5.3612,1.2458,True,1064.493,0,0.0037860165013164013,nested_district_rain,0.01
2015,2015-09-23,2015-09-30,Sahibzada Ajit Singh Nagar,0.0,0.0,0.0,10,0,49.573,51.049,30.469,20.978,1.802,2.074,78.794,78.659,78.794,31.545,39.628,0.0,37.378,78.794,78.794,0.075,0.0662,0.127,5.8914,5.3177,1.3278,True,1064.493,0,0.010166723478995974,nested_district_rain,0.01
2015,2015-07-25,2015-08-04,Sangrur,0.0,0.0,0.003833,4,0,60.969,86.411,78.373,91.986,102.005,102.546,5.246,4.331,5.203,0.893,18.705,124.758,46.763,0.043,0.043,0.411,0.6512,0.0,4.4471,3.9999,1.969,True,65373.416999999994,10,0.5830894071267982,nested_district_rain,0.01
2015,2015-08-04,2015-08-14,Sangrur,34.63,9.6e-05,0.0,5,0,85.141,93.815,60.969,86.411,78.373,91.986,30.985,10.756,13.675,6.8,5.246,18.705,21.408,5.008,17.146,0.589,0.9585,0.039,4.9802,4.8784,2.0348,True,65373.416999999994,10,0.4283343603939419,nested_district_rain,0.01
2015,2015-08-14,2015-08-24,Sangrur,0.0,0.0,9.6e-05,6,0,42.57,48.941,85.141,93.815,60.969,86.411,33.146,18.905,19.95,6.025,30.985,5.246,28.381,4.811,10.049,0.303,0.3152,-0.159,5.4844,5.4821,2.0066,True,65373.416999999994,10,0.22358481276006148,nested_district_rain,0.01
2015,2015-08-24,2015-09-03,Sangrur,0.0,0.0,0.0,7,0,8.06,11.591,42.57,48.941,85.141,93.815,0.149,0.124,0.124,0.029,33.146,30.985,35.332,0.124,0.131,0.198,0.0233,-0.19,5.742,5.6849,1.7892,True,65373.416999999994,10,0.07272064400496343,nested_district_rain,0.01
2015,2015-09-03,2015-09-13,Sangrur,0.0,0.0,0.0,8,0,2.674,5.816,8.06,11.591,42.57,48.941,0.004,0.004,0.004,0.0,0.149,33.146,12.39,0.004,0.004,-0.014,-0.1608,-0.3,5.8661,5.6106,1.5103,True,65373.416999999994,10,0.026277854495022967,nested_district_rain,0.01
2015,2015-09-13,2015-09-23,Sangrur,0.0,0.0,0.0,9,0,32.271,23.052,2.674,5.816,8.06,11.591,45.424,41.917,44.401,5.406,0.004,0.149,4.322,0.0,0.76,-0.012,-0.2526,-0.146,5.8255,5.3612,1.2458,True,65373.416999999994,10,0.03647020118809958,nested_district_rain,0.01
2015,2015-09-23,2015-09-30,Sangrur,0.0,0.0,0.0,10,0,49.573,51.049,30.469,20.978,1.802,2.074,24.007,23.966,23.966,9.611,45.424,0.0,42.101,23.966,23.966,0.075,0.0662,0.127,5.8914,5.3177,1.3278,True,65373.416999999994,10,0.06187520937953831,nested_district_rain,0.01
2015,2015-07-25,2015-08-04,Tarn Taran,0.0,0.0,0.001148,4,0,60.969,86.411,78.373,91.986,102.005,102.546,42.153,28.981,29.622,12.495,57.969,30.389,40.701,29.622,29.85,0.411,0.6512,0.0,4.4471,3.9999,1.969,True,34489.432,9,0.4312820406913016,nested_district_rain,0.01
2015,2015-08-04,2015-08-14,Tarn Taran,856.13,0.003566,0.0,5,0,85.141,93.815,60.969,86.411,78.373,91.986,10.536,4.28,5.497,2.995,42.153,57.969,38.266,1.244,5.586,0.589,0.9585,0.039,4.9802,4.8784,2.0348,True,34489.432,9,0.3158293186047928,nested_district_rain,0.01
2015,2015-08-14,2015-08-24,Tarn Taran,2880.83,0.012,0.003566,6,0,42.57,48.941,85.141,93.815,60.969,86.411,17.21,7.082,8.803,4.6,10.536,42.153,20.689,5.201,5.969,0.303,0.3152,-0.159,5.4844,5.4821,2.0066,True,34489.432,9,0.292480864888602,nested_district_rain,0.01
2015,2015-08-24,2015-09-03,Tarn Taran,415.03,0.001729,0.012,7,0,8.06,11.591,42.57,48.941,85.141,93.815,0.872,0.872,0.872,0.087,17.21,10.536,19.306,0.872,0.872,0.198,0.0233,-0.19,5.742,5.6849,1.7892,True,34489.432,9,0.49797890196489275,nested_district_rain,0.01
2015,2015-09-03,2015-09-13,Tarn Taran,360.93,0.001503,0.001729,8,0,2.674,5.816,8.06,11.591,42.57,48.941,0.0,0.0,0.0,0.0,0.872,17.21,7.07,0.0,0.0,-0.014,-0.1608,-0.3,5.8661,5.6106,1.5103,True,34489.432,9,0.02967287557156991,nested_district_rain,0.01
2015,2015-09-13,2015-09-23,Tarn Taran,0.0,0.0,0.001503,9,0,32.271,23.052,2.674,5.816,8.06,11.591,34.376,25.07,27.279,8.894,0.0,0.872,2.465,0.0,7.097,-0.012,-0.2526,-0.146,5.8255,5.3612,1.2458,True,34489.432,9,0.034622564249142666,nested_district_rain,0.01
2015,2015-09-23,2015-09-30,Tarn Taran,587.89,0.002449,0.0,10,0,49.573,51.049,30.469,20.978,1.802,2.074,53.486,53.423,53.423,21.407,34.376,0.0,31.994,53.423,53.423,0.075,0.0662,0.127,5.8914,5.3177,1.3278,True,34489.432,9,0.056707017280104965,nested_district_rain,0.01
2016,2016-07-25,2016-08-04,Amritsar,104.41,0.000391,4.1e-05,4,0,66.902,96.476,65.272,71.381,33.174,43.162,44.42,31.391,37.86,7.661,95.062,21.795,63.464,6.478,37.909,0.2275,0.7443,0.122,2.452,1.6571,0.9663,True,25618.769,8,0.1757821882892954,nested_district_rain,0.01
2016,2016-08-04,2016-08-14,Amritsar,5.08,1.9e-05,0.000391,5,0,100.237,122.051,66.902,96.476,65.272,71.381,41.877,24.508,30.602,10.186,44.42,95.062,46.39,2.633,30.602,0.8114,1.4808,0.47,3.0383,2.8907,1.2339,True,25618.769,8,0.42234953299344274,nested_district_rain,0.01
2016,2016-08-14,2016-08-24,Amritsar,10.82,4.1e-05,1.9e-05,6,0,34.098,51.722,100.237,122.051,66.902,96.476,20.648,8.128,15.751,6.962,41.877,44.42,42.389,14.96,17.007,0.3912,0.2452,0.122,3.6984,3.9097,1.6171,True,25618.769,8,0.16990069895320228,nested_district_rain,0.01
2016,2016-08-24,2016-09-03,Amritsar,12.25,4.6e-05,4.1e-05,7,0,74.166,67.051,34.098,51.722,100.237,122.051,63.927,25.611,31.447,20.747,20.648,41.877,25.66,28.994,51.654,0.4205,0.4628,0.151,4.1762,4.2622,1.7774,True,25618.769,8,0.23812548153153057,nested_district_rain,0.01
2016,2016-09-03,2016-09-13,Amritsar,0.0,0.0,4.6e-05,8,0,6.8,14.184,74.166,67.051,34.098,51.722,0.089,0.053,0.053,0.035,63.927,20.648,46.501,0.036,0.036,0.1202,0.0555,-0.041,4.5279,4.5818,1.8328,True,25618.769,8,0.032480642886170884,nested_district_rain,0.01
2016,2016-09-13,2016-09-23,Amritsar,14.42,5.4e-05,0.0,9,0,11.01,12.184,6.8,14.184,74.166,67.051,10.029,8.764,9.352,1.486,0.089,63.927,16.284,0.677,0.677,-0.0009,-0.1429,-0.079,4.5923,4.5233,1.7525,True,25618.769,8,0.026343860077807386,nested_district_rain,0.01
2016,2016-09-23,2016-09-30,Amritsar,13.68,5.1e-05,5.4e-05,10,0,5.155,5.938,6.446,7.845,9.579,11.885,0.495,0.495,0.495,0.198,9.352,0.73,15.263,0.495,0.495,-0.0324,-0.1157,-0.091,4.5793,4.3773,1.6511,True,25618.769,8,0.011326335139546806,nested_district_rain,0.01
2016,2016-07-25,2016-08-04,Barnala,20.8,0.00014,0.000379,4,0,66.902,96.476,65.272,71.381,33.174,43.162,19.251,9.274,11.168,7.037,23.049,26.594,24.318,11.168,12.438,0.2275,0.7443,0.122,2.452,1.6571,0.9663,True,15776.945000000002,8,0.16344390310785162,nested_district_rain,0.01
2016,2016-08-04,2016-08-14,Barnala,7.44,5e-05,0.00014,5,0,100.237,122.051,66.902,96.476,65.272,71.381,53.438,22.403,28.445,11.395,19.251,23.049,21.203,0.0,24.019,0.8114,1.4808,0.47,3.0383,2.8907,1.2339,True,15776.945000000002,8,0.4383801699474494,nested_district_rain,0.01
2016,2016-08-14,2016-08-24,Barnala,0.0,0.0,5e-05,6,0,34.098,51.722,100.237,122.051,66.902,96.476,27.113,18.06,23.014,6.13,53.438,19.251,43.479,1.323,4.099,0.3912,0.2452,0.122,3.6984,3.9097,1.6171,True,15776.945000000002,8,0.1795898837458122,nested_district_rain,0.01
2016,2016-08-24,2016-09-03,Barnala,0.0,0.0,0.0,7,0,74.166,67.051,34.098,51.722,100.237,122.051,25.474,10.646,18.938,8.002,27.113,53.438,36.444,4.494,5.947,0.4205,0.4628,0.151,4.1762,4.2622,1.7774,True,15776.945000000002,8,0.19759362557153712,nested_district_rain,0.01
2016,2016-09-03,2016-09-13,Barnala,0.0,0.0,0.0,8,0,6.8,14.184,74.166,67.051,34.098,51.722,0.0,0.0,0.0,0.0,25.474,27.113,29.192,0.0,0.0,0.1202,0.0555,-0.041,4.5279,4.5818,1.8328,True,15776.945000000002,8,0.03164985484842077,nested_district_rain,0.01
2016,2016-09-13,2016-09-23,Barnala,0.0,0.0,0.0,9,0,11.01,12.184,6.8,14.184,74.166,67.051,0.671,0.645,0.645,0.087,0.0,25.474,10.179,0.645,0.645,-0.0009,-0.1429,-0.079,4.5923,4.5233,1.7525,True,15776.945000000002,8,0.02551527471264202,nested_district_rain,0.01
2016,2016-09-23,2016-09-30,Barnala,0.0,0.0,0.0,10,0,5.155,5.938,6.446,7.845,9.579,11.885,0.001,0.001,0.001,0.0,0.026,0.645,3.848,0.001,0.001,-0.0324,-0.1157,-0.091,4.5793,4.3773,1.6511,True,15776.945000000002,8,0.010702273848069314,nested_district_rain,0.01
2016,2016-07-25,2016-08-04,Bathinda,26.89,8e-05,9e-06,4,0,66.902,96.476,65.272,71.381,33.174,43.162,4.01,2.048,2.048,1.271,36.622,27.785,30.131,0.777,1.962,0.2275,0.7443,0.122,2.452,1.6571,0.9663,True,12193.434000000001,5,0.08113068699215208,nested_district_rain,0.01
2016,2016-08-04,2016-08-14,Bathinda,0.0,0.0,8e-05,5,0,100.237,122.051,66.902,96.476,65.272,71.381,32.723,20.363,26.015,7.094,4.01,36.622,13.608,0.003,20.398,0.8114,1.4808,0.47,3.0383,2.8907,1.2339,True,12193.434000000001,5,0.27253182353763694,nested_district_rain,0.01
2016,2016-08-14,2016-08-24,Bathinda,0.0,0.0,0.0,6,0,34.098,51.722,100.237,122.051,66.902,96.476,21.75,15.928,17.093,5.695,32.723,4.01,25.046,0.023,4.657,0.3912,0.2452,0.122,3.6984,3.9097,1.6171,True,12193.434000000001,5,0.10404790978285715,nested_district_rain,0.01
2016,2016-08-24,2016-09-03,Bathinda,7.46,2.2e-05,0.0,7,0,74.166,67.051,34.098,51.722,100.237,122.051,84.004,39.444,69.282,22.661,21.75,32.723,25.423,9.497,53.974,0.4205,0.4628,0.151,4.1762,4.2622,1.7774,True,12193.434000000001,5,0.15099191920042193,nested_district_rain,0.01
2016,2016-09-03,2016-09-13,Bathinda,0.0,0.0,2.2e-05,8,0,6.8,14.184,74.166,67.051,34.098,51.722,0.0,0.0,0.0,0.0,84.004,21.75,59.357,0.0,0.0,0.1202,0.0555,-0.041,4.5279,4.5818,1.8328,True,12193.434000000001,5,0.017022090001892035,nested_district_rain,0.01
2016,2016-09-13,2016-09-23,Bathinda,0.0,0.0,0.0,9,0,11.01,12.184,6.8,14.184,74.166,67.051,0.534,0.443,0.519,0.113,0.0,84.004,20.696,0.519,0.519,-0.0009,-0.1429,-0.079,4.5923,4.5233,1.7525,True,12193.434000000001,5,0.012773558205816332,nested_district_rain,0.01
2016,2016-09-23,2016-09-30,Bathinda,0.0,0.0,0.0,10,0,5.155,5.938,6.446,7.845,9.579,11.885,0.0,0.0,0.0,0.0,0.015,0.519,7.473,0.0,0.0,-0.0324,-0.1157,-0.091,4.5793,4.3773,1.6511,True,12193.434000000001,5,0.005836378476667042,nested_district_rain,0.01
2016,2016-07-25,2016-08-04,Faridkot,0.0,0.0,0.0,4,0,66.902,96.476,65.272,71.381,33.174,43.162,8.772,4.374,5.111,3.372,47.779,30.815,40.666,5.111,5.511,0.2275,0.7443,0.122,2.452,1.6571,0.9663,True,11097.956999999999,6,0.09936551975257703,nested_district_rain,0.01
2016,2016-08-04,2016-08-14,Faridkot,0.0,0.0,0.0,5,0,100.237,122.051,66.902,96.476,65.272,71.381,47.633,29.874,30.156,17.494,8.772,47.779,20.063,0.054,29.928,0.8114,1.4808,0.47,3.0383,2.8907,1.2339,True,11097.956999999999,6,0.3274673341213174,nested_district_rain,0.01
2016,2016-08-14,2016-08-24,Faridkot,7.41,5.1e-05,0.0,6,0,34.098,51.722,100.237,122.051,66.902,96.476,15.145,13.209,13.209,3.063,47.633,8.772,38.646,0.0,1.936,0.3912,0.2452,0.122,3.6984,3.9097,1.6171,True,11097.956999999999,6,0.12074095224143382,nested_district_rain,0.01
2016,2016-08-24,2016-09-03,Faridkot,0.0,0.0,5.1e-05,7,0,74.166,67.051,34.098,51.722,100.237,122.051,122.308,48.867,68.841,40.784,15.145,47.633,25.318,60.481,111.892,0.4205,0.4628,0.151,4.1762,4.2622,1.7774,True,11097.956999999999,6,0.206699014697871,nested_district_rain,0.01
2016,2016-09-03,2016-09-13,Faridkot,0.0,0.0,0.0,8,0,6.8,14.184,74.166,67.051,34.098,51.722,0.163,0.163,0.163,0.016,122.308,15.145,73.697,0.163,0.163,0.1202,0.0555,-0.041,4.5279,4.5818,1.8328,True,11097.956999999999,6,0.020219292561621156,nested_district_rain,0.01
2016,2016-09-13,2016-09-23,Faridkot,0.0,0.0,0.0,9,0,11.01,12.184,6.8,14.184,74.166,67.051,0.18,0.18,0.18,0.018,0.163,122.308,25.76,0.18,0.18,-0.0009,-0.1429,-0.079,4.5923,4.5233,1.7525,True,11097.956999999999,6,0.014649027177204618,nested_district_rain,0.01
2016,2016-09-23,2016-09-30,Faridkot,0.0,0.0,0.0,10,0,5.155,5.938,6.446,7.845,9.579,11.885,0.0,0.0,0.0,0.0,0.0,0.18,9.068,0.0,0.0,-0.0324,-0.1157,-0.091,4.5793,4.3773,1.6511,True,11097.956999999999,6,0.0071536529461949565,nested_district_rain,0.01
2016,2016-07-25,2016-08-04,Fatehgarh Sahib,18.53,0.000162,0.000168,4,0,66.902,96.476,65.272,71.381,33.174,43.162,28.098,10.627,15.067,6.136,80.499,9.708,72.998,1.354,13.863,0.2275,0.7443,0.122,2.452,1.6571,0.9663,True,18009.376,9,0.19998715721502822,nested_district_rain,0.01
2016,2016-08-04,2016-08-14,Fatehgarh Sahib,0.0,0.0,0.000162,5,0,100.237,122.051,66.902,96.476,65.272,71.381,83.639,43.37,55.097,20.913,28.098,80.499,45.411,8.354,27.083,0.8114,1.4808,0.47,3.0383,2.8907,1.2339,True,18009.376,9,0.5188910474252707,nested_district_rain,0.01
2016,2016-08-14,2016-08-24,Fatehgarh Sahib,0.0,0.0,0.0,6,0,34.098,51.722,100.237,122.051,66.902,96.476,44.567,14.547,29.845,11.846,83.639,28.098,72.894,14.148,14.154,0.3912,0.2452,0.122,3.6984,3.9097,1.6171,True,18009.376,9,0.21744721130571124,nested_district_rain,0.01
2016,2016-08-24,2016-09-03,Fatehgarh Sahib,3.71,3.2e-05,0.0,7,0,74.166,67.051,34.098,51.722,100.237,122.051,22.222,5.587,11.283,5.252,44.567,83.639,58.909,2.474,6.222,0.4205,0.4628,0.151,4.1762,4.2622,1.7774,True,18009.376,9,0.22333189621578495,nested_district_rain,0.01
2016,2016-09-03,2016-09-13,Fatehgarh Sahib,0.0,0.0,3.2e-05,8,0,6.8,14.184,74.166,67.051,34.098,51.722,0.972,0.488,0.488,0.484,22.222,44.567,37.37,0.484,0.484,0.1202,0.0555,-0.041,4.5279,4.5818,1.8328,True,18009.376,9,0.039008875263645146,nested_district_rain,0.01
2016,2016-09-13,2016-09-23,Fatehgarh Sahib,0.0,0.0,0.0,9,0,11.01,12.184,6.8,14.184,74.166,67.051,14.879,10.017,10.017,2.865,0.972,22.222,13.657,2.07,2.07,-0.0009,-0.1429,-0.079,4.5923,4.5233,1.7525,True,18009.376,9,0.03434029208365972,nested_district_rain,0.01
2016,2016-09-23,2016-09-30,Fatehgarh Sahib,0.0,0.0,0.0,10,0,5.155,5.938,6.446,7.845,9.579,11.885,7.243,4.873,4.873,3.371,12.809,2.558,17.566,2.37,7.243,-0.0324,-0.1157,-0.091,4.5793,4.3773,1.6511,True,18009.376,9,0.01384405583061036,nested_district_rain,0.01
2016,2016-07-25,2016-08-04,Firozpur,64.14,0.000123,5.3e-05,4,0,66.902,96.476,65.272,71.381,33.174,43.162,7.629,2.561,4.864,1.797,40.1,17.217,28.356,3.736,5.451,0.2275,0.7443,0.122,2.452,1.6571,0.9663,True,74404.886,9,0.19824524316492698,nested_district_rain,0.01
2016,2016-08-04,2016-08-14,Firozpur,6.75,1.3e-05,0.000123,5,0,100.237,122.051,66.902,96.476,65.272,71.381,37.384,18.162,22.11,10.625,7.629,40.1,14.326,2.362,22.955,0.8114,1.4808,0.47,3.0383,2.8907,1.2339,True,74404.886,9,0.5071416536722335,nested_district_rain,0.01
2016,2016-08-14,2016-08-24,Firozpur,21.59,4.1e-05,1.3e-05,6,0,34.098,51.722,100.237,122.051,66.902,96.476,4.913,3.752,3.752,0.811,37.384,7.629,29.442,0.971,1.161,0.3912,0.2452,0.122,3.6984,3.9097,1.6171,True,74404.886,9,0.22194841311526928,nested_district_rain,0.01
2016,2016-08-24,2016-09-03,Firozpur,16.27,3.1e-05,4.1e-05,7,0,74.166,67.051,34.098,51.722,100.237,122.051,77.38,27.88,43.472,17.726,4.913,37.384,13.829,25.131,55.008,0.4205,0.4628,0.151,4.1762,4.2622,1.7774,True,74404.886,9,0.3176118656107381,nested_district_rain,0.01
2016,2016-09-03,2016-09-13,Firozpur,0.0,0.0,3.1e-05,8,0,6.8,14.184,74.166,67.051,34.098,51.722,0.547,0.436,0.5,0.101,77.38,4.913,50.537,0.5,0.5,0.1202,0.0555,-0.041,4.5279,4.5818,1.8328,True,74404.886,9,0.04607807571539301,nested_district_rain,0.01
2016,2016-09-13,2016-09-23,Firozpur,37.01,7.1e-05,0.0,9,0,11.01,12.184,6.8,14.184,74.166,67.051,0.375,0.26,0.26,0.102,0.547,77.38,17.859,0.26,0.26,-0.0009,-0.1429,-0.079,4.5923,4.5233,1.7525,True,74404.886,9,0.03405712925038422,nested_district_rain,0.01
2016,2016-09-23,2016-09-30,Firozpur,4.41,8e-06,7.1e-05,10,0,5.155,5.938,6.446,7.845,9.579,11.885,0.354,0.185,0.237,0.144,0.115,0.307,6.445,0.237,0.237,-0.0324,-0.1157,-0.091,4.5793,4.3773,1.6511,True,74404.886,9,0.015942128041623354,nested_district_rain,0.01
2016,2016-07-25,2016-08-04,Gurdaspur,223.12,0.000615,0.000429,4,0,66.902,96.476,65.272,71.381,33.174,43.162,119.64,43.506,94.68,27.814,39.428,28.734,36.164,53.293,97.194,0.2275,0.7443,0.122,2.452,1.6571,0.9663,True,22548.841999999997,5,0.14046996177807927,nested_district_rain,0.01
2016,2016-08-04,2016-08-14,Gurdaspur,71.7,0.000198,0.000615,5,0,100.237,122.051,66.902,96.476,65.272,71.381,162.622,75.57,105.465,37.101,119.64,39.428,77.542,18.532,105.607,0.8114,1.4808,0.47,3.0383,2.8907,1.2339,True,22548.841999999997,5,0.4351585744778722,nested_district_rain,0.01
2016,2016-08-14,2016-08-24,Gurdaspur,25.13,6.9e-05,0.000198,6,0,34.098,51.722,100.237,122.051,66.902,96.476,14.104,2.69,5.472,2.65,162.622,119.64,130.459,5.472,7.831,0.3912,0.2452,0.122,3.6984,3.9097,1.6171,True,22548.841999999997,5,0.08834586653880823,nested_district_rain,0.01
2016,2016-08-24,2016-09-03,Gurdaspur,45.89,0.000126,6.9e-05,7,0,74.166,67.051,34.098,51.722,100.237,122.051,70.818,25.723,34.22,20.28,14.104,162.622,54.263,28.436,56.129,0.4205,0.4628,0.151,4.1762,4.2622,1.7774,True,22548.841999999997,5,0.1306523025338341,nested_district_rain,0.01
2016,2016-09-03,2016-09-13,Gurdaspur,0.0,0.0,0.000126,8,0,6.8,14.184,74.166,67.051,34.098,51.722,3.287,1.093,1.912,0.835,70.818,14.104,60.218,0.554,0.59,0.1202,0.0555,-0.041,4.5279,4.5818,1.8328,True,22548.841999999997,5,0.018960320352621015,nested_district_rain,0.01
2016,2016-09-13,2016-09-23,Gurdaspur,52.38,0.000144,0.0,9,0,11.01,12.184,6.8,14.184,74.166,67.051,9.616,6.127,6.127,3.752,3.287,70.818,23.548,6.127,6.127,-0.0009,-0.1429,-0.079,4.5923,4.5233,1.7525,True,22548.841999999997,5,0.014221625117124317,nested_district_rain,0.01
2016,2016-09-23,2016-09-30,Gurdaspur,53.08,0.000146,0.000144,10,0,5.155,5.938,6.446,7.845,9.579,11.885,9.656,3.641,5.14,3.477,3.489,8.824,14.337,3.367,7.781,-0.0324,-0.1157,-0.091,4.5793,4.3773,1.6511,True,22548.841999999997,5,0.006475674167554339,nested_district_rain,0.01
2016,2016-07-25,2016-08-04,Hoshiarpur,16.63,4.9e-05,4.9e-05,4,0,66.902,96.476,65.272,71.381,33.174,43.162,45.345,15.489,26.632,7.451,55.126,24.553,58.105,9.673,20.816,0.2275,0.7443,0.122,2.452,1.6571,0.9663,True,6758.313,2,0.056173265552811345,nested_district_rain,0.01
2016,2016-08-04,2016-08-14,Hoshiarpur,17.35,5.1e-05,4.9e-05,5,0,100.237,122.051,66.902,96.476,65.272,71.381,180.552,57.815,87.532,51.689,45.345,55.126,48.373,34.289,87.634,0.8114,1.4808,0.47,3.0383,2.8907,1.2339,True,6758.313,2,0.2671187794154105,nested_district_rain,0.01
2016,2016-08-14,2016-08-24,Hoshiarpur,7.95,2.4e-05,5.1e-05,6,0,34.098,51.722,100.237,122.051,66.902,96.476,40.448,21.84,27.528,7.464,180.552,45.345,142.985,3.403,9.27,0.3912,0.2452,0.122,3.6984,3.9097,1.6171,True,6758.313,2,0.06114051027236282,nested_district_rain,0.01
2016,2016-08-24,2016-09-03,Hoshiarpur,10.12,3e-05,2.4e-05,7,0,74.166,67.051,34.098,51.722,100.237,122.051,58.419,20.629,32.207,12.887,40.448,180.552,80.709,22.728,46.301,0.4205,0.4628,0.151,4.1762,4.2622,1.7774,True,6758.313,2,0.06640177479514364,nested_district_rain,0.01
2016,2016-09-03,2016-09-13,Hoshiarpur,0.0,0.0,3e-05,8,0,6.8,14.184,74.166,67.051,34.098,51.722,4.448,2.108,2.14,1.86,58.419,40.448,61.708,2.121,2.15,0.1202,0.0555,-0.041,4.5279,4.5818,1.8328,True,6758.313,2,0.009567130010983261,nested_district_rain,0.01
2016,2016-09-13,2016-09-23,Hoshiarpur,13.01,3.9e-05,0.0,9,0,11.01,12.184,6.8,14.184,74.166,67.051,26.888,10.767,16.231,10.384,4.448,58.419,24.276,10.37,10.37,-0.0009,-0.1429,-0.079,4.5923,4.5233,1.7525,True,6758.313,2,0.008136700544231433,nested_district_rain,0.01
2016,2016-09-23,2016-09-30,Hoshiarpur,9.4,2.8e-05,3.9e-05,10,0,5.155,5.938,6.446,7.845,9.579,11.885,6.575,5.619,5.634,2.483,16.518,12.582,27.152,5.634,6.085,-0.0324,-0.1157,-0.091,4.5793,4.3773,1.6511,True,6758.313,2,0.0032849120277800353,nested_district_rain,0.01
2016,2016-07-25,2016-08-04,Jalandhar,19.11,7.3e-05,0.000402,4,0,66.902,96.476,65.272,71.381,33.174,43.162,37.625,18.885,25.65,10.081,77.673,22.744,57.842,22.069,25.922,0.2275,0.7443,0.122,2.452,1.6571,0.9663,True,23234.375,7,0.15137890395815717,nested_district_rain,0.01
2016,2016-08-04,2016-08-14,Jalandhar,0.0,0.0,7.3e-05,5,0,100.237,122.051,66.902,96.476,65.272,71.381,59.051,19.273,31.578,19.144,37.625,77.673,40.807,10.691,31.633,0.8114,1.4808,0.47,3.0383,2.8907,1.2339,True,23234.375,7,0.3704861259601207,nested_district_rain,0.01
2016,2016-08-14,2016-08-24,Jalandhar,6.61,2.5e-05,0.0,6,0,34.098,51.722,100.237,122.051,66.902,96.476,44.999,19.098,29.872,10.594,59.051,37.625,54.245,13.366,15.084,0.3912,0.2452,0.122,3.6984,3.9097,1.6171,True,23234.375,7,0.15858694481572405,nested_district_rain,0.01
2016,2016-08-24,2016-09-03,Jalandhar,4.4,1.7e-05,2.5e-05,7,0,74.166,67.051,34.098,51.722,100.237,122.051,129.051,49.594,65.503,46.211,44.999,59.051,51.842,58.926,111.338,0.4205,0.4628,0.151,4.1762,4.2622,1.7774,True,23234.375,7,0.2523676399299174,nested_district_rain,0.01
2016,2016-09-03,2016-09-13,Jalandhar,0.0,0.0,1.7e-05,8,0,6.8,14.184,74.166,67.051,34.098,51.722,2.629,2.057,2.383,0.499,129.051,44.999,90.736,0.331,2.388,0.1202,0.0555,-0.041,4.5279,4.5818,1.8328,True,23234.375,7,0.025405785841888302,nested_district_rain,0.01
2016,2016-09-13,2016-09-23,Jalandhar,2.94,1.1e-05,0.0,9,0,11.01,12.184,6.8,14.184,74.166,67.051,7.397,4.83,4.83,1.834,2.629,129.051,33.206,4.83,4.83,-0.0009,-0.1429,-0.079,4.5923,4.5233,1.7525,True,23234.375,7,0.019352906455972513,nested_district_rain,0.01
2016,2016-09-23,2016-09-30,Jalandhar,0.0,0.0,1.1e-05,10,0,5.155,5.938,6.446,7.845,9.579,11.885,4.298,2.317,3.344,1.543,2.567,5.071,15.819,3.344,3.344,-0.0324,-0.1157,-0.091,4.5793,4.3773,1.6511,True,23234.375,7,0.009325091154907381,nested_district_rain,0.01
2016,2016-07-25,2016-08-04,Kapurthala,24.08,0.000144,0.007584,4,0,66.902,96.476,65.272,71.381,33.174,43.162,69.161,34.885,49.977,16.75,100.594,24.567,63.585,40.138,50.245,0.2275,0.7443,0.122,2.452,1.6571,0.9663,True,33218.593,9,0.6193832527962914,nested_district_rain,0.01
2016,2016-08-04,2016-08-14,Kapurthala,33.47,0.000201,0.000144,5,0,100.237,122.051,66.902,96.476,65.272,71.381,91.909,32.696,54.856,23.24,69.161,100.594,59.756,18.629,54.856,0.8114,1.4808,0.47,3.0383,2.8907,1.2339,True,33218.593,9,0.5050618835830204,nested_district_rain,0.01
2016,2016-08-14,2016-08-24,Kapurthala,15.35,9.2e-05,0.000201,6,0,34.098,51.722,100.237,122.051,66.902,96.476,59.902,24.997,35.947,16.955,91.909,69.161,80.746,35.947,38.451,0.3912,0.2452,0.122,3.6984,3.9097,1.6171,True,33218.593,9,0.23797758474647585,nested_district_rain,0.01
2016,2016-08-24,2016-09-03,Kapurthala,10.22,6.1e-05,9.2e-05,7,0,74.166,67.051,34.098,51.722,100.237,122.051,156.566,55.141,68.699,54.889,59.902,91.909,63.671,66.225,123.56,0.4205,0.4628,0.151,4.1762,4.2622,1.7774,True,33218.593,9,0.361300934313885,nested_district_rain,0.01
2016,2016-09-03,2016-09-13,Kapurthala,0.0,0.0,6.1e-05,8,0,6.8,14.184,74.166,67.051,34.098,51.722,2.921,1.666,2.406,0.833,156.566,59.902,115.68,0.74,2.406,0.1202,0.0555,-0.041,4.5279,4.5818,1.8328,True,33218.593,9,0.038586441433788386,nested_district_rain,0.01
2016,2016-09-13,2016-09-23,Kapurthala,16.07,9.6e-05,0.0,9,0,11.01,12.184,6.8,14.184,74.166,67.051,7.664,4.974,4.974,2.431,2.921,156.566,42.09,4.974,4.974,-0.0009,-0.1429,-0.079,4.5923,4.5233,1.7525,True,33218.593,9,0.02883838735176836,nested_district_rain,0.01
2016,2016-09-23,2016-09-30,Kapurthala,12.4,7.4e-05,9.6e-05,10,0,5.155,5.938,6.446,7.845,9.579,11.885,5.623,3.179,3.949,2.274,2.69,5.489,19.233,3.949,3.949,-0.0324,-0.1157,-0.091,4.5793,4.3773,1.6511,True,33218.593,9,0.0148643779441968,nested_district_rain,0.01
2016,2016-07-25,2016-08-04,Ludhiana,63.37,0.000176,0.000373,4,0,66.902,96.476,65.272,71.381,33.174,43.162,15.406,6.918,10.065,3.007,56.635,37.456,59.349,3.114,6.261,0.2275,0.7443,0.122,2.452,1.6571,0.9663,True,43168.134999999995,8,0.17254962667935253,nested_district_rain,0.01
2016,2016-08-04,2016-08-14,Ludhiana,0.0,0.0,0.000176,5,0,100.237,122.051,66.902,96.476,65.272,71.381,38.115,12.625,24.288,9.365,15.406,56.635,30.468,1.974,9.184,0.8114,1.4808,0.47,3.0383,2.8907,1.2339,True,43168.134999999995,8,0.4287004830505905,nested_district_rain,0.01
2016,2016-08-14,2016-08-24,Ludhiana,19.11,5.3e-05,0.0,6,0,34.098,51.722,100.237,122.051,66.902,96.476,54.889,30.992,48.757,11.64,38.115,15.406,40.052,5.307,6.104,0.3912,0.2452,0.122,3.6984,3.9097,1.6171,True,43168.134999999995,8,0.21447213173986962,nested_district_rain,0.01
2016,2016-08-24,2016-09-03,Ludhiana,9.57,2.7e-05,5.3e-05,7,0,74.166,67.051,34.098,51.722,100.237,122.051,33.422,10.053,14.738,8.513,54.889,38.115,58.538,13.87,23.08,0.4205,0.4628,0.151,4.1762,4.2622,1.7774,True,43168.134999999995,8,0.22452830624053854,nested_district_rain,0.01
2016,2016-09-03,2016-09-13,Ludhiana,0.0,0.0,2.7e-05,8,0,6.8,14.184,74.166,67.051,34.098,51.722,0.126,0.119,0.123,0.015,33.422,54.889,40.911,0.004,0.123,0.1202,0.0555,-0.041,4.5279,4.5818,1.8328,True,43168.134999999995,8,0.03329409956894123,nested_district_rain,0.01
2016,2016-09-13,2016-09-23,Ludhiana,0.0,0.0,0.0,9,0,11.01,12.184,6.8,14.184,74.166,67.051,10.402,3.197,6.871,3.166,0.126,33.422,14.34,3.163,3.163,-0.0009,-0.1429,-0.079,4.5923,4.5233,1.7525,True,43168.134999999995,8,0.028553273261273535,nested_district_rain,0.01
2016,2016-09-23,2016-09-30,Ludhiana,0.0,0.0,0.0,10,0,5.155,5.938,6.446,7.845,9.579,11.885,2.751,2.093,2.222,1.148,7.239,3.166,12.799,2.222,2.74,-0.0324,-0.1157,-0.091,4.5793,4.3773,1.6511,True,43168.134999999995,8,0.01185631536301988,nested_district_rain,0.01
2016,2016-07-25,2016-08-04,Mansa,127.22,0.000573,0.000872,4,0,66.902,96.476,65.272,71.381,33.174,43.162,12.735,9.828,9.828,2.943,42.585,23.451,30.279,0.682,2.907,0.2275,0.7443,0.122,2.452,1.6571,0.9663,True,10200.176,5,0.10158641400028051,nested_district_rain,0.01
2016,2016-08-04,2016-08-14,Mansa,17.33,7.8e-05,0.000573,5,0,100.237,122.051,66.902,96.476,65.272,71.381,25.836,12.058,18.588,6.562,12.735,42.585,22.02,0.0,12.637,0.8114,1.4808,0.47,3.0383,2.8907,1.2339,True,10200.176,5,0.2821211937642668,nested_district_rain,0.01
2016,2016-08-14,2016-08-24,Mansa,21.79,9.8e-05,7.8e-05,6,0,34.098,51.722,100.237,122.051,66.902,96.476,2.389,1.505,1.915,0.501,25.836,12.735,25.07,0.128,0.474,0.3912,0.2452,0.122,3.6984,3.9097,1.6171,True,10200.176,5,0.09434269731690817,nested_district_rain,0.01
2016,2016-08-24,2016-09-03,Mansa,18.77,8.5e-05,9.8e-05,7,0,74.166,67.051,34.098,51.722,100.237,122.051,40.889,13.926,27.724,13.644,2.389,25.836,10.588,12.063,12.865,0.4205,0.4628,0.151,4.1762,4.2622,1.7774,True,10200.176,5,0.1282486124088484,nested_district_rain,0.01
2016,2016-09-03,2016-09-13,Mansa,0.0,0.0,8.5e-05,8,0,6.8,14.184,74.166,67.051,34.098,51.722,0.0,0.0,0.0,0.0,40.889,2.389,28.847,0.0,0.0,0.1202,0.0555,-0.041,4.5279,4.5818,1.8328,True,10200.176,5,0.017797413331208062,nested_district_rain,0.01
2016,2016-09-13,2016-09-23,Mansa,24.8,0.000112,0.0,9,0,11.01,12.184,6.8,14.184,74.166,67.051,0.009,0.009,0.009,0.001,0.0,40.889,10.058,0.009,0.009,-0.0009,-0.1429,-0.079,4.5923,4.5233,1.7525,True,10200.176,5,0.013345845281465879,nested_district_rain,0.01
2016,2016-09-23,2016-09-30,Mansa,12.77,5.8e-05,0.000112,10,0,5.155,5.938,6.446,7.845,9.579,11.885,0.0,0.0,0.0,0.0,0.0,0.009,3.511,0.0,0.0,-0.0324,-0.1157,-0.091,4.5793,4.3773,1.6511,True,10200.176,5,0.00589819194031741,nested_district_rain,0.01
2016,2016-07-25,2016-08-04,Moga,17.66,7.5e-05,6e-06,4,0,66.902,96.476,65.272,71.381,33.174,43.162,32.1,13.303,21.444,7.183,97.568,33.82,70.801,18.979,23.498,0.2275,0.7443,0.122,2.452,1.6571,0.9663,True,45166.301,9,0.19672759303524892,nested_district_rain,0.01
2016,2016-08-04,2016-08-14,Moga,0.0,0.0,7.5e-05,5,0,100.237,122.051,66.902,96.476,65.272,71.381,49.071,25.329,35.793,10.209,32.1,97.568,42.088,8.529,35.793,0.8114,1.4808,0.47,3.0383,2.8907,1.2339,True,45166.301,9,0.47633656936364877,nested_district_rain,0.01
2016,2016-08-14,2016-08-24,Moga,0.0,0.0,0.0,6,0,34.098,51.722,100.237,122.051,66.902,96.476,42.407,35.073,35.841,5.73,49.071,32.1,44.181,4.697,6.566,0.3912,0.2452,0.122,3.6984,3.9097,1.6171,True,45166.301,9,0.24323966752034906,nested_district_rain,0.01
2016,2016-08-24,2016-09-03,Moga,0.0,0.0,0.0,7,0,74.166,67.051,34.098,51.722,100.237,122.051,111.369,52.534,62.308,34.958,42.407,49.071,47.529,60.969,95.441,0.4205,0.4628,0.151,4.1762,4.2622,1.7774,True,45166.301,9,0.34251206821846925,nested_district_rain,0.01
2016,2016-09-03,2016-09-13,Moga,0.0,0.0,0.0,8,0,6.8,14.184,74.166,67.051,34.098,51.722,1.037,0.494,0.667,0.379,111.369,42.407,76.23,0.667,0.671,0.1202,0.0555,-0.041,4.5279,4.5818,1.8328,True,45166.301,9,0.03956450274315524,nested_district_rain,0.01
2016,2016-09-13,2016-09-23,Moga,0.0,0.0,0.0,9,0,11.01,12.184,6.8,14.184,74.166,67.051,2.622,2.106,2.148,0.454,1.037,111.369,27.182,2.148,2.148,-0.0009,-0.1429,-0.079,4.5923,4.5233,1.7525,True,45166.301,9,0.03050290145499551,nested_district_rain,0.01
2016,2016-09-23,2016-09-30,Moga,0.0,0.0,0.0,10,0,5.155,5.938,6.446,7.845,9.579,11.885,2.765,1.44,1.442,1.37,0.474,2.514,10.823,1.442,1.442,-0.0324,-0.1157,-0.091,4.5793,4.3773,1.6511,True,45166.301,9,0.014672166668648434,nested_district_rain,0.01
2016,2016-07-25,2016-08-04,Muktsar,17.12,6.6e-05,0.0,4,0,66.902,96.476,65.272,71.381,33.174,43.162,8.582,4.887,4.887,3.038,38.141,25.902,29.315,2.94,3.695,0.2275,0.7443,0.122,2.452,1.6571,0.9663,True,12937.09,7,0.11967065529456845,nested_district_rain,0.01
2016,2016-08-04,2016-08-14,Muktsar,0.0,0.0,6.6e-05,5,0,100.237,122.051,66.902,96.476,65.272,71.381,43.422,21.329,22.097,20.946,8.582,38.141,16.951,0.08,21.17,0.8114,1.4808,0.47,3.0383,2.8907,1.2339,True,12937.09,7,0.3705665050188893,nested_district_rain,0.01
2016,2016-08-14,2016-08-24,Muktsar,3.72,1.4e-05,0.0,6,0,34.098,51.722,100.237,122.051,66.902,96.476,9.014,6.044,6.044,3.277,43.422,8.582,37.081,0.0,2.97,0.3912,0.2452,0.122,3.6984,3.9097,1.6171,True,12937.09,7,0.13960048416729337,nested_district_rain,0.01
2016,2016-08-24,2016-09-03,Muktsar,0.0,0.0,1.4e-05,7,0,74.166,67.051,34.098,51.722,100.237,122.051,104.782,57.638,85.449,26.809,9.014,43.422,19.579,16.06,78.125,0.4205,0.4628,0.151,4.1762,4.2622,1.7774,True,12937.09,7,0.2337057388171441,nested_district_rain,0.01
2016,2016-09-03,2016-09-13,Muktsar,0.0,0.0,0.0,8,0,6.8,14.184,74.166,67.051,34.098,51.722,0.002,0.002,0.002,0.0,104.782,9.014,68.37,0.002,0.002,0.1202,0.0555,-0.041,4.5279,4.5818,1.8328,True,12937.09,7,0.025503272519632775,nested_district_rain,0.01
2016,2016-09-13,2016-09-23,Muktsar,0.0,0.0,0.0,9,0,11.01,12.184,6.8,14.184,74.166,67.051,0.235,0.235,0.235,0.023,0.002,104.782,23.84,0.235,0.235,-0.0009,-0.1429,-0.079,4.5923,4.5233,1.7525,True,12937.09,7,0.018503043109845893,nested_district_rain,0.01
2016,2016-09-23,2016-09-30,Muktsar,0.0,0.0,0.0,10,0,5.155,5.938,6.446,7.845,9.579,11.885,0.0,0.0,0.0,0.0,0.0,0.235,8.425,0.0,0.0,-0.0324,-0.1157,-0.091,4.5793,4.3773,1.6511,True,12937.09,7,0.008785341578112246,nested_district_rain,0.01
2016,2016-07-25,2016-08-04,Nawanshahr,6.61,5.1e-05,0.000152,4,0,66.902,96.476,65.272,71.381,33.174,43.162,,,,,,,,,,0.2275,0.7443,0.122,2.452,1.6571,0.9663,True,9687.809,9,0.18925848644702845,nested_district_rain,0.01
2016,2016-08-04,2016-08-14,Nawanshahr,2.93,2.2e-05,5.1e-05,5,0,100.237,122.051,66.902,96.476,65.272,71.381,,,,,,,,,,0.8114,1.4808,0.47,3.0383,2.8907,1.2339,True,9687.809,9,0.4486465125626006,nested_district_rain,0.01
2016,2016-08-14,2016-08-24,Nawanshahr,0.0,0.0,2.2e-05,6,0,34.098,51.722,100.237,122.051,66.902,96.476,,,,,,,,,,0.3912,0.2452,0.122,3.6984,3.9097,1.6171,True,9687.809,9,0.20491797960181554,nested_district_rain,0.01
2016,2016-08-24,2016-09-03,Nawanshahr,5.88,4.5e-05,0.0,7,0,74.166,67.051,34.098,51.722,100.237,122.051,,,,,,,,,,0.4205,0.4628,0.151,4.1762,4.2622,1.7774,True,9687.809,9,0.23832235742452373,nested_district_rain,0.01
2016,2016-09-03,2016-09-13,Nawanshahr,0.0,0.0,4.5e-05,8,0,6.8,14.184,74.166,67.051,34.098,51.722,,,,,,,,,,0.1202,0.0555,-0.041,4.5279,4.5818,1.8328,True,9687.809,9,0.04353280695359179,nested_district_rain,0.01
2016,2016-09-13,2016-09-23,Nawanshahr,0.0,0.0,0.0,9,0,11.01,12.184,6.8,14.184,74.166,67.051,,,,,,,,,,-0.0009,-0.1429,-0.079,4.5923,4.5233,1.7525,True,9687.809,9,0.0346477320368468,nested_district_rain,0.01
2016,2016-09-23,2016-09-30,Nawanshahr,0.0,0.0,0.0,10,0,5.155,5.938,6.446,7.845,9.579,11.885,,,,,,,,,,-0.0324,-0.1157,-0.091,4.5793,4.3773,1.6511,True,9687.809,9,0.014246602571697645,nested_district_rain,0.01
2016,2016-07-25,2016-08-04,Patiala,0.0,0.0,0.000504,4,0,66.902,96.476,65.272,71.381,33.174,43.162,22.65,6.494,7.801,5.551,45.261,10.367,42.153,7.801,10.988,0.2275,0.7443,0.122,2.452,1.6571,0.9663,True,57796.775,8,0.19181832430222007,nested_district_rain,0.01
2016,2016-08-04,2016-08-14,Patiala,60.06,0.00018,0.0,5,0,100.237,122.051,66.902,96.476,65.272,71.381,90.181,42.395,55.591,24.579,22.65,45.261,29.619,2.104,37.873,0.8114,1.4808,0.47,3.0383,2.8907,1.2339,True,57796.775,8,0.5019596969995359,nested_district_rain,0.01
2016,2016-08-14,2016-08-24,Patiala,0.0,0.0,0.00018,6,0,34.098,51.722,100.237,122.051,66.902,96.476,14.299,5.927,10.134,3.422,90.181,22.65,70.618,3.447,3.506,0.3912,0.2452,0.122,3.6984,3.9097,1.6171,True,57796.775,8,0.1895301816942903,nested_district_rain,0.01
2016,2016-08-24,2016-09-03,Patiala,9.65,2.9e-05,0.0,7,0,74.166,67.051,34.098,51.722,100.237,122.051,48.652,14.938,30.401,9.894,14.299,90.181,36.172,4.299,8.866,0.4205,0.4628,0.151,4.1762,4.2622,1.7774,True,57796.775,8,0.22554765454657885,nested_district_rain,0.01
2016,2016-09-03,2016-09-13,Patiala,0.0,0.0,2.9e-05,8,0,6.8,14.184,74.166,67.051,34.098,51.722,0.076,0.063,0.063,0.018,48.652,14.299,48.908,0.063,0.063,0.1202,0.0555,-0.041,4.5279,4.5818,1.8328,True,57796.775,8,0.037116095380282675,nested_district_rain,0.01
2016,2016-09-13,2016-09-23,Patiala,0.0,0.0,0.0,9,0,11.01,12.184,6.8,14.184,74.166,67.051,2.869,2.166,2.237,0.486,0.076,48.652,17.094,0.299,0.299,-0.0009,-0.1429,-0.079,4.5923,4.5233,1.7525,True,57796.775,8,0.028470797966730355,nested_district_rain,0.01
2016,2016-09-23,2016-09-30,Patiala,0.0,0.0,0.0,10,0,5.155,5.938,6.446,7.845,9.579,11.885,3.667,3.472,3.472,1.506,2.57,0.312,8.539,0.195,3.667,-0.0324,-0.1157,-0.091,4.5793,4.3773,1.6511,True,57796.775,8,0.01251480358243129,nested_district_rain,0.01
2016,2016-07-25,2016-08-04,Rupnagar,0.0,0.0,0.0,4,0,66.902,96.476,65.272,71.381,33.174,43.162,71.606,23.239,39.744,16.685,72.74,18.169,70.599,19.048,29.987,0.2275,0.7443,0.122,2.452,1.6571,0.9663,True,2579.202,2,0.06178399450751982,nested_district_rain,0.01
2016,2016-08-04,2016-08-14,Rupnagar,0.0,0.0,0.0,5,0,100.237,122.051,66.902,96.476,65.272,71.381,135.566,43.47,72.491,28.611,71.606,72.74,69.375,7.502,36.212,0.8114,1.4808,0.47,3.0383,2.8907,1.2339,True,2579.202,2,0.21927143528749435,nested_district_rain,0.01
2016,2016-08-14,2016-08-24,Rupnagar,0.0,0.0,0.0,6,0,34.098,51.722,100.237,122.051,66.902,96.476,110.279,63.682,81.146,16.971,135.566,71.606,127.548,13.013,23.22,0.3912,0.2452,0.122,3.6984,3.9097,1.6171,True,2579.202,2,0.08417140707049164,nested_district_rain,0.01
2016,2016-08-24,2016-09-03,Rupnagar,0.0,0.0,0.0,7,0,74.166,67.051,34.098,51.722,100.237,122.051,70.532,25.078,36.927,9.415,110.279,135.566,128.471,12.991,26.417,0.4205,0.4628,0.151,4.1762,4.2622,1.7774,True,2579.202,2,0.07428916634874856,nested_district_rain,0.01
2016,2016-09-03,2016-09-13,Rupnagar,0.0,0.0,0.0,8,0,6.8,14.184,74.166,67.051,34.098,51.722,16.151,11.281,12.946,2.686,70.532,110.279,97.897,1.734,1.783,0.1202,0.0555,-0.041,4.5279,4.5818,1.8328,True,2579.202,2,0.009481034426960107,nested_district_rain,0.01
2016,2016-09-13,2016-09-23,Rupnagar,0.0,0.0,0.0,9,0,11.01,12.184,6.8,14.184,74.166,67.051,37.218,22.684,22.937,8.408,16.151,70.532,45.986,22.937,22.937,-0.0009,-0.1429,-0.079,4.5923,4.5233,1.7525,True,2579.202,2,0.008849087024114405,nested_district_rain,0.01
2016,2016-09-23,2016-09-30,Rupnagar,0.0,0.0,0.0,10,0,5.155,5.938,6.446,7.845,9.579,11.885,19.756,19.259,19.259,7.978,14.281,37.295,37.887,19.259,19.719,-0.0324,-0.1157,-0.091,4.5793,4.3773,1.6511,True,2579.202,2,0.003474915506306938,nested_district_rain,0.01
2016,2016-07-25,2016-08-04,Sahibzada Ajit Singh Nagar,0.0,0.0,0.0,4,0,66.902,96.476,65.272,71.381,33.174,43.162,49.4,13.009,19.168,10.801,68.307,11.455,66.296,12.995,24.377,0.2275,0.7443,0.122,2.452,1.6571,0.9663,True,1064.493,0,0.038401217372702995,nested_district_rain,0.01
2016,2016-08-04,2016-08-14,Sahibzada Ajit Singh Nagar,0.0,0.0,0.0,5,0,100.237,122.051,66.902,96.476,65.272,71.381,82.203,34.186,49.818,20.017,49.4,68.307,55.479,8.872,30.448,0.8114,1.4808,0.47,3.0383,2.8907,1.2339,True,1064.493,0,0.1330829338080362,nested_district_rain,0.01
2016,2016-08-14,2016-08-24,Sahibzada Ajit Singh Nagar,0.0,0.0,0.0,6,0,34.098,51.722,100.237,122.051,66.902,96.476,46.623,15.282,23.372,15.08,82.203,49.4,75.078,18.442,19.996,0.3912,0.2452,0.122,3.6984,3.9097,1.6171,True,1064.493,0,0.0402264631775334,nested_district_rain,0.01
2016,2016-08-24,2016-09-03,Sahibzada Ajit Singh Nagar,0.0,0.0,0.0,7,0,74.166,67.051,34.098,51.722,100.237,122.051,25.283,10.883,18.138,5.333,46.623,82.203,57.729,0.342,3.292,0.4205,0.4628,0.151,4.1762,4.2622,1.7774,True,1064.493,0,0.04289170164189054,nested_district_rain,0.01
2016,2016-09-03,2016-09-13,Sahibzada Ajit Singh Nagar,0.0,0.0,0.0,8,0,6.8,14.184,74.166,67.051,34.098,51.722,2.871,1.054,1.988,0.946,25.283,46.623,40.472,0.668,0.732,0.1202,0.0555,-0.041,4.5279,4.5818,1.8328,True,1064.493,0,0.006141312019970067,nested_district_rain,0.01
2016,2016-09-13,2016-09-23,Sahibzada Ajit Singh Nagar,0.0,0.0,0.0,9,0,11.01,12.184,6.8,14.184,74.166,67.051,27.378,17.031,17.39,5.419,2.871,25.283,16.386,4.129,4.129,-0.0009,-0.1429,-0.079,4.5923,4.5233,1.7525,True,1064.493,0,0.005758651633314226,nested_district_rain,0.01
2016,2016-09-23,2016-09-30,Sahibzada Ajit Singh Nagar,0.0,0.0,0.0,10,0,5.155,5.938,6.446,7.845,9.579,11.885,6.485,3.189,3.402,3.125,23.249,6.268,28.909,3.402,6.485,-0.0324,-0.1157,-0.091,4.5793,4.3773,1.6511,True,1064.493,0,0.0021238767090086185,nested_district_rain,0.01
2016,2016-07-25,2016-08-04,Sangrur,68.74,0.00019,0.000416,4,0,66.902,96.476,65.272,71.381,33.174,43.162,25.557,9.931,9.967,5.724,24.091,42.437,29.431,8.611,10.694,0.2275,0.7443,0.122,2.452,1.6571,0.9663,True,65849.872,10,0.25772779498885523,nested_district_rain,0.01
2016,2016-08-04,2016-08-14,Sangrur,0.0,0.0,0.00019,5,0,100.237,122.051,66.902,96.476,65.272,71.381,45.627,21.948,31.87,10.894,25.557,24.091,28.772,0.263,31.877,0.8114,1.4808,0.47,3.0383,2.8907,1.2339,True,65849.872,10,0.5718687437426031,nested_district_rain,0.01
2016,2016-08-14,2016-08-24,Sangrur,0.0,0.0,0.0,6,0,34.098,51.722,100.237,122.051,66.902,96.476,9.468,2.708,5.338,1.835,45.627,25.557,39.849,3.129,4.104,0.3912,0.2452,0.122,3.6984,3.9097,1.6171,True,65849.872,10,0.2511841193500298,nested_district_rain,0.01
2016,2016-08-24,2016-09-03,Sangrur,0.0,0.0,0.0,7,0,74.166,67.051,34.098,51.722,100.237,122.051,36.688,11.237,24.109,8.53,9.468,45.627,20.77,5.341,11.798,0.4205,0.4628,0.151,4.1762,4.2622,1.7774,True,65849.872,10,0.30957366364328714,nested_district_rain,0.01
2016,2016-09-03,2016-09-13,Sangrur,0.0,0.0,0.0,8,0,6.8,14.184,74.166,67.051,34.098,51.722,0.0,0.0,0.0,0.0,36.688,9.468,30.883,0.0,0.0,0.1202,0.0555,-0.041,4.5279,4.5818,1.8328,True,65849.872,10,0.0548087187424111,nested_district_rain,0.01
2016,2016-09-13,2016-09-23,Sangrur,0.0,0.0,0.0,9,0,11.01,12.184,6.8,14.184,74.166,67.051,0.231,0.127,0.127,0.095,0.0,36.688,10.768,0.127,0.127,-0.0009,-0.1429,-0.079,4.5923,4.5233,1.7525,True,65849.872,10,0.04273339069744847,nested_district_rain,0.01
2016,2016-09-23,2016-09-30,Sangrur,0.0,0.0,0.0,10,0,5.155,5.938,6.446,7.845,9.579,11.885,0.014,0.01,0.014,0.006,0.104,0.127,3.893,0.014,0.014,-0.0324,-0.1157,-0.091,4.5793,4.3773,1.6511,True,65849.872,10,0.01853918263733367,nested_district_rain,0.01
2016,2016-07-25,2016-08-04,Tarn Taran,385.74,0.001607,0.000152,4,0,66.902,96.476,65.272,71.381,33.174,43.162,49.157,20.103,36.495,13.566,107.969,21.071,73.437,16.681,36.784,0.2275,0.7443,0.122,2.452,1.6571,0.9663,True,34447.096000000005,9,0.2104657558362013,nested_district_rain,0.01
2016,2016-08-04,2016-08-14,Tarn Taran,0.0,0.0,0.001607,5,0,100.237,122.051,66.902,96.476,65.272,71.381,72.668,37.362,50.253,18.757,49.157,107.969,52.678,11.001,50.253,0.8114,1.4808,0.47,3.0383,2.8907,1.2339,True,34447.096000000005,9,0.5801674442227112,nested_district_rain,0.01
2016,2016-08-14,2016-08-24,Tarn Taran,275.51,0.001148,0.0,6,0,34.098,51.722,100.237,122.051,66.902,96.476,29.723,13.205,22.365,7.805,72.668,49.157,64.041,22.365,23.379,0.3912,0.2452,0.122,3.6984,3.9097,1.6171,True,34447.096000000005,9,0.21033710162214775,nested_district_rain,0.01
2016,2016-08-24,2016-09-03,Tarn Taran,242.62,0.001011,0.001148,7,0,74.166,67.051,34.098,51.722,100.237,122.051,78.561,33.659,41.374,20.504,29.723,72.668,37.948,37.125,60.421,0.4205,0.4628,0.151,4.1762,4.2622,1.7774,True,34447.096000000005,9,0.34428721818296165,nested_district_rain,0.01
2016,2016-09-03,2016-09-13,Tarn Taran,0.0,0.0,0.001011,8,0,6.8,14.184,74.166,67.051,34.098,51.722,0.946,0.408,0.656,0.302,78.561,29.723,59.646,0.656,0.656,0.1202,0.0555,-0.041,4.5279,4.5818,1.8328,True,34447.096000000005,9,0.04979220355997768,nested_district_rain,0.01
2016,2016-09-13,2016-09-23,Tarn Taran,299.53,0.001248,0.0,9,0,11.01,12.184,6.8,14.184,74.166,67.051,7.945,4.783,6.249,2.005,0.946,78.561,21.324,1.696,1.696,-0.0009,-0.1429,-0.079,4.5923,4.5233,1.7525,True,34447.096000000005,9,0.031728561969972716,nested_district_rain,0.01
2016,2016-09-23,2016-09-30,Tarn Taran,176.79,0.000736,0.001248,10,0,5.155,5.938,6.446,7.845,9.579,11.885,2.181,1.453,1.453,1.018,6.249,1.986,14.267,1.453,1.453,-0.0324,-0.1157,-0.091,4.5793,4.3773,1.6511,True,34447.096000000005,9,0.0187947612279976,nested_district_rain,0.01
2017,2017-07-25,2017-08-04,Amritsar,22.42,8.4e-05,0.003118,4,0,79.614,101.185,53.319,99.829,53.45,64.372,90.2,39.828,69.796,19.448,27.781,109.817,57.911,0.047,16.776,0.8204,1.0928,0.118,3.4291,2.9365,1.8976,True,20869.586,7,0.4680528384261872,nested_district_rain,0.01
2017,2017-08-04,2017-08-14,Amritsar,222.64,0.000835,8.4e-05,5,0,80.92,87.08,79.614,101.185,53.319,99.829,29.268,22.899,24.114,5.297,90.2,27.781,94.357,4.807,6.022,0.855,1.2294,0.0,4.4595,4.4263,1.967,True,20869.586,7,0.3068564567032389,nested_district_rain,0.01
2017,2017-08-14,2017-08-24,Amritsar,17.3,6.5e-05,0.000835,6,0,37.631,45.837,80.92,87.08,79.614,101.185,16.602,6.568,10.034,6.546,29.268,90.2,50.991,6.568,6.568,0.3411,0.1422,-0.118,5.0471,5.0622,1.9036,True,20869.586,7,0.14613266698658103,nested_district_rain,0.01
2017,2017-08-24,2017-09-03,Amritsar,7.92,3e-05,6.5e-05,7,0,65.992,64.405,37.631,45.837,80.92,87.08,36.359,11.573,21.036,11.294,16.602,29.268,28.396,11.749,11.749,0.2585,0.2,-0.081,5.4057,5.2381,1.7764,True,20869.586,7,0.14631982498534116,nested_district_rain,0.01
2017,2017-09-03,2017-09-13,Amritsar,2.16,8e-06,3e-05,8,0,16.237,27.632,65.992,64.405,37.631,45.837,7.94,7.132,7.752,1.271,36.359,16.602,37.317,7.752,7.753,0.0405,0.0342,0.08,5.6081,5.4282,1.8564,True,20869.586,7,0.0432764709677798,nested_district_rain,0.01
2017,2017-09-13,2017-09-23,Amritsar,6.48,2.4e-05,8e-06,9,0,0.974,6.445,16.237,27.632,65.992,64.405,0.0,0.0,0.0,0.0,7.94,36.359,16.814,0.0,0.0,-0.179,-0.147,-0.159,5.4917,5.3457,1.8083,True,20869.586,7,0.02323054581135816,nested_district_rain,0.01
2017,2017-09-23,2017-09-30,Amritsar,0.0,0.0,2.4e-05,10,0,17.621,36.538,0.062,5.791,5.105,11.336,0.005,0.005,0.005,0.002,0.0,0.115,5.863,0.005,0.005,0.0662,-0.0248,-0.031,5.4303,5.2441,1.7077,True,20869.586,7,0.018166547149906755,nested_district_rain,0.01
2017,2017-07-25,2017-08-04,Barnala,16.38,0.00011,0.000554,4,0,79.614,101.185,53.319,99.829,53.45,64.372,67.629,23.463,37.81,20.589,9.125,16.406,13.711,1.41,24.873,0.8204,1.0928,0.118,3.4291,2.9365,1.8976,True,13111.456,8,0.3599685873957808,nested_district_rain,0.01
2017,2017-08-04,2017-08-14,Barnala,0.74,5e-06,0.00011,5,0,80.92,87.08,79.614,101.185,53.319,99.829,6.838,3.522,3.522,2.553,67.629,9.125,54.329,3.522,3.524,0.855,1.2294,0.0,4.4595,4.4263,1.967,True,13111.456,8,0.3056247374695961,nested_district_rain,0.01
2017,2017-08-14,2017-08-24,Barnala,0.0,0.0,5e-06,6,0,37.631,45.837,80.92,87.08,79.614,101.185,4.76,1.867,3.625,1.746,6.838,67.629,23.143,0.612,0.612,0.3411,0.1422,-0.118,5.0471,5.0622,1.9036,True,13111.456,8,0.13754763820953478,nested_district_rain,0.01
2017,2017-08-24,2017-09-03,Barnala,0.0,0.0,0.0,7,0,65.992,64.405,37.631,45.837,80.92,87.08,71.41,29.267,55.371,26.376,4.76,6.838,12.191,2.965,2.965,0.2585,0.2,-0.081,5.4057,5.2381,1.7764,True,13111.456,8,0.1953503442324097,nested_district_rain,0.01
2017,2017-09-03,2017-09-13,Barnala,0.0,0.0,0.0,8,0,16.237,27.632,65.992,64.405,37.631,45.837,12.718,5.762,6.917,3.944,71.41,4.76,67.667,6.917,10.659,0.0405,0.0342,0.08,5.6081,5.4282,1.8564,True,13111.456,8,0.05359053024200204,nested_district_rain,0.01
2017,2017-09-13,2017-09-23,Barnala,0.0,0.0,0.0,9,0,0.974,6.445,16.237,27.632,65.992,64.405,0.0,0.0,0.0,0.0,12.718,71.41,30.149,0.0,0.0,-0.179,-0.147,-0.159,5.4917,5.3457,1.8083,True,13111.456,8,0.026239325446735576,nested_district_rain,0.01
2017,2017-09-23,2017-09-30,Barnala,0.0,0.0,0.0,10,0,17.621,36.538,0.062,5.791,5.105,11.336,7.557,7.557,7.557,3.023,0.0,0.0,10.512,7.557,7.557,0.0662,-0.0248,-0.031,5.4303,5.2441,1.7077,True,13111.456,8,0.022858286378994046,nested_district_rain,0.01
2017,2017-07-25,2017-08-04,Bathinda,0.0,0.0,0.0,4,0,79.614,101.185,53.319,99.829,53.45,64.372,45.905,21.086,42.468,12.997,11.106,13.944,17.092,0.42,2.719,0.8204,1.0928,0.118,3.4291,2.9365,1.8976,True,8244.965,4,0.1685006534659428,nested_district_rain,0.01
2017,2017-08-04,2017-08-14,Bathinda,0.0,0.0,0.0,5,0,80.92,87.08,79.614,101.185,53.319,99.829,0.947,0.579,0.579,0.286,45.905,11.106,45.928,0.579,0.586,0.855,1.2294,0.0,4.4595,4.4263,1.967,True,8244.965,4,0.15829146871885022,nested_district_rain,0.01
2017,2017-08-14,2017-08-24,Bathinda,0.0,0.0,0.0,6,0,37.631,45.837,80.92,87.08,79.614,101.185,1.665,1.272,1.504,0.289,0.947,45.905,16.548,0.085,0.085,0.3411,0.1422,-0.118,5.0471,5.0622,1.9036,True,8244.965,4,0.06817559022386734,nested_district_rain,0.01
2017,2017-08-24,2017-09-03,Bathinda,0.0,0.0,0.0,7,0,65.992,64.405,37.631,45.837,80.92,87.08,65.398,22.492,39.094,14.856,1.665,0.947,7.341,13.101,13.101,0.2585,0.2,-0.081,5.4057,5.2381,1.7764,True,8244.965,4,0.0955933757478691,nested_district_rain,0.01
2017,2017-09-03,2017-09-13,Bathinda,0.0,0.0,0.0,8,0,16.237,27.632,65.992,64.405,37.631,45.837,5.128,2.828,2.888,1.059,65.398,1.665,54.141,1.502,1.945,0.0405,0.0342,0.08,5.6081,5.4282,1.8564,True,8244.965,4,0.023312517022394473,nested_district_rain,0.01
2017,2017-09-13,2017-09-23,Bathinda,0.0,0.0,0.0,9,0,0.974,6.445,16.237,27.632,65.992,64.405,0.0,0.0,0.0,0.0,5.128,65.398,22.902,0.0,0.0,-0.179,-0.147,-0.159,5.4917,5.3457,1.8083,True,8244.965,4,0.011969494678488492,nested_district_rain,0.01
2017,2017-09-23,2017-09-30,Bathinda,0.0,0.0,0.0,10,0,17.621,36.538,0.062,5.791,5.105,11.336,1.061,1.061,1.061,0.424,0.0,2.888,7.985,1.061,1.061,0.0662,-0.0248,-0.031,5.4303,5.2441,1.7077,True,8244.965,4,0.009747139786200393,nested_district_rain,0.01
2017,2017-07-25,2017-08-04,Faridkot,0.0,0.0,6.6e-05,4,0,79.614,101.185,53.319,99.829,53.45,64.372,21.686,16.98,19.031,4.087,7.92,15.3,16.666,0.0,2.655,0.8204,1.0928,0.118,3.4291,2.9365,1.8976,True,7554.270999999999,5,0.1882053461194579,nested_district_rain,0.01
2017,2017-08-04,2017-08-14,Faridkot,0.0,0.0,0.0,5,0,80.92,87.08,79.614,101.185,53.319,99.829,0.204,0.204,0.204,0.02,21.686,7.92,24.167,0.0,0.204,0.855,1.2294,0.0,4.4595,4.4263,1.967,True,7554.270999999999,5,0.18385329094904335,nested_district_rain,0.01
2017,2017-08-14,2017-08-24,Faridkot,0.0,0.0,0.0,6,0,37.631,45.837,80.92,87.08,79.614,101.185,2.476,2.063,2.476,0.578,0.204,21.686,8.535,0.0,0.0,0.3411,0.1422,-0.118,5.0471,5.0622,1.9036,True,7554.270999999999,5,0.08438644090367843,nested_district_rain,0.01
2017,2017-08-24,2017-09-03,Faridkot,0.0,0.0,0.0,7,0,65.992,64.405,37.631,45.837,80.92,87.08,78.008,57.254,63.319,16.967,2.476,0.204,5.06,12.491,12.491,0.2585,0.2,-0.081,5.4057,5.2381,1.7764,True,7554.270999999999,5,0.1327097016439279,nested_district_rain,0.01
2017,2017-09-03,2017-09-13,Faridkot,0.0,0.0,0.0,8,0,16.237,27.632,65.992,64.405,37.631,45.837,16.824,12.066,13.68,3.209,78.008,2.476,65.869,2.736,3.144,0.0405,0.0342,0.08,5.6081,5.4282,1.8564,True,7554.270999999999,5,0.03054000663604963,nested_district_rain,0.01
2017,2017-09-13,2017-09-23,Faridkot,0.0,0.0,0.0,9,0,0.974,6.445,16.237,27.632,65.992,64.405,0.0,0.0,0.0,0.0,16.824,78.008,37.989,0.0,0.0,-0.179,-0.147,-0.159,5.4917,5.3457,1.8083,True,7554.270999999999,5,0.014438205040528847,nested_district_rain,0.01
2017,2017-09-23,2017-09-30,Faridkot,0.0,0.0,0.0,10,0,17.621,36.538,0.062,5.791,5.105,11.336,0.0,0.0,0.0,0.0,0.0,13.68,13.246,0.0,0.0,0.0662,-0.0248,-0.031,5.4303,5.2441,1.7077,True,7554.270999999999,5,0.01164626751937003,nested_district_rain,0.01
2017,2017-07-25,2017-08-04,Fatehgarh Sahib,0.0,0.0,0.00011,4,0,79.614,101.185,53.319,99.829,53.45,64.372,103.564,43.196,62.206,29.408,10.322,56.07,23.759,3.464,31.34,0.8204,1.0928,0.118,3.4291,2.9365,1.8976,True,17245.264,8,0.37054884292455115,nested_district_rain,0.01
2017,2017-08-04,2017-08-14,Fatehgarh Sahib,18.51,0.000161,0.0,5,0,80.92,87.08,79.614,101.185,53.319,99.829,29.533,16.163,16.243,5.331,103.564,10.322,89.389,16.243,18.713,0.855,1.2294,0.0,4.4595,4.4263,1.967,True,17245.264,8,0.33785178251905407,nested_district_rain,0.01
2017,2017-08-14,2017-08-24,Fatehgarh Sahib,0.0,0.0,0.000161,6,0,37.631,45.837,80.92,87.08,79.614,101.185,58.343,20.488,41.073,14.186,29.533,103.564,47.087,8.946,8.946,0.3411,0.1422,-0.118,5.0471,5.0622,1.9036,True,17245.264,8,0.1683178599664385,nested_district_rain,0.01
2017,2017-08-24,2017-09-03,Fatehgarh Sahib,0.0,0.0,0.0,7,0,65.992,64.405,37.631,45.837,80.92,87.08,95.774,57.636,94.592,38.727,58.343,29.533,60.3,0.756,0.756,0.2585,0.2,-0.081,5.4057,5.2381,1.7764,True,17245.264,8,0.22449718517096273,nested_district_rain,0.01
2017,2017-09-03,2017-09-13,Fatehgarh Sahib,2.22,1.9e-05,0.0,8,0,16.237,27.632,65.992,64.405,37.631,45.837,14.041,5.275,10.271,5.024,95.774,58.343,112.564,3.43,8.426,0.0405,0.0342,0.08,5.6081,5.4282,1.8564,True,17245.264,8,0.05265283754810217,nested_district_rain,0.01
2017,2017-09-13,2017-09-23,Fatehgarh Sahib,0.0,0.0,1.9e-05,9,0,0.974,6.445,16.237,27.632,65.992,64.405,0.0,0.0,0.0,0.0,14.041,95.774,47.459,0.0,0.0,-0.179,-0.147,-0.159,5.4917,5.3457,1.8083,True,17245.264,8,0.02659587378405214,nested_district_rain,0.01
2017,2017-09-23,2017-09-30,Fatehgarh Sahib,0.0,0.0,0.0,10,0,17.621,36.538,0.062,5.791,5.105,11.336,44.759,26.841,44.759,21.487,0.0,0.34,16.548,44.759,44.759,0.0662,-0.0248,-0.031,5.4303,5.2441,1.7077,True,17245.264,8,0.028021927035727118,nested_district_rain,0.01
2017,2017-07-25,2017-08-04,Firozpur,34.57,6.6e-05,0.000994,4,0,79.614,101.185,53.319,99.829,53.45,64.372,11.457,5.362,9.561,4.088,7.564,14.777,12.173,0.137,0.886,0.8204,1.0928,0.118,3.4291,2.9365,1.8976,True,67687.99100000001,8,0.3659955362710129,nested_district_rain,0.01
2017,2017-08-04,2017-08-14,Firozpur,203.96,0.000391,6.6e-05,5,0,80.92,87.08,79.614,101.185,53.319,99.829,2.938,1.389,2.362,0.58,11.457,7.564,13.653,0.418,2.297,0.855,1.2294,0.0,4.4595,4.4263,1.967,True,67687.99100000001,8,0.3350376156313495,nested_district_rain,0.01
2017,2017-08-14,2017-08-24,Firozpur,32.52,6.2e-05,0.000391,6,0,37.631,45.837,80.92,87.08,79.614,101.185,5.073,4.083,4.801,0.934,2.938,11.457,6.462,0.267,0.267,0.3411,0.1422,-0.118,5.0471,5.0622,1.9036,True,67687.99100000001,8,0.18572375464830204,nested_district_rain,0.01
2017,2017-08-24,2017-09-03,Firozpur,25.91,5e-05,6.2e-05,7,0,65.992,64.405,37.631,45.837,80.92,87.08,35.103,21.46,29.065,6.287,5.073,2.938,6.22,3.478,3.478,0.2585,0.2,-0.081,5.4057,5.2381,1.7764,True,67687.99100000001,8,0.20295675914488798,nested_district_rain,0.01
2017,2017-09-03,2017-09-13,Firozpur,27.44,5.3e-05,5e-05,8,0,16.237,27.632,65.992,64.405,37.631,45.837,11.922,4.02,6.03,3.77,35.103,5.073,32.019,5.105,5.315,0.0405,0.0342,0.08,5.6081,5.4282,1.8564,True,67687.99100000001,8,0.061277527750524384,nested_district_rain,0.01
2017,2017-09-13,2017-09-23,Firozpur,38.03,7.3e-05,5.3e-05,9,0,0.974,6.445,16.237,27.632,65.992,64.405,2.179,2.179,2.179,0.218,11.922,35.103,19.759,2.179,2.179,-0.179,-0.147,-0.159,5.4917,5.3457,1.8083,True,67687.99100000001,8,0.03357713108829801,nested_district_rain,0.01
2017,2017-09-23,2017-09-30,Firozpur,18.52,3.5e-05,7.3e-05,10,0,17.621,36.538,0.062,5.791,5.105,11.336,0.08,0.08,0.08,0.032,0.0,8.209,7.932,0.08,0.08,0.0662,-0.0248,-0.031,5.4303,5.2441,1.7077,True,67687.99100000001,8,0.02557537070435585,nested_district_rain,0.01
2017,2017-07-25,2017-08-04,Gurdaspur,39.48,0.000109,0.000677,4,0,79.614,101.185,53.319,99.829,53.45,64.372,116.214,44.007,82.044,22.042,85.596,89.744,87.158,4.868,18.131,0.8204,1.0928,0.118,3.4291,2.9365,1.8976,True,19481.96,4,0.23499856774836209,nested_district_rain,0.01
2017,2017-08-04,2017-08-14,Gurdaspur,754.44,0.002078,0.000109,5,0,80.92,87.08,79.614,101.185,53.319,99.829,137.68,32.922,65.753,26.407,116.214,85.596,123.761,59.982,97.621,0.855,1.2294,0.0,4.4595,4.4263,1.967,True,19481.96,4,0.25008308056881073,nested_district_rain,0.01
2017,2017-08-14,2017-08-24,Gurdaspur,72.39,0.000199,0.002078,6,0,37.631,45.837,80.92,87.08,79.614,101.185,16.92,5.011,9.307,4.363,137.68,116.214,119.45,4.359,4.416,0.3411,0.1422,-0.118,5.0471,5.0622,1.9036,True,19481.96,4,0.10552636194100842,nested_district_rain,0.01
2017,2017-08-24,2017-09-03,Gurdaspur,58.8,0.000162,0.000199,7,0,65.992,64.405,37.631,45.837,80.92,87.08,66.493,30.888,36.213,13.473,16.92,137.68,53.567,20.491,20.491,0.2585,0.2,-0.081,5.4057,5.2381,1.7764,True,19481.96,4,0.0907509255584305,nested_district_rain,0.01
2017,2017-09-03,2017-09-13,Gurdaspur,0.72,2e-06,0.000162,8,0,16.237,27.632,65.992,64.405,37.631,45.837,34.643,22.771,25.109,6.145,66.493,16.92,69.473,25.109,25.736,0.0405,0.0342,0.08,5.6081,5.4282,1.8564,True,19481.96,4,0.030057356063694127,nested_district_rain,0.01
2017,2017-09-13,2017-09-23,Gurdaspur,37.32,0.000103,2e-06,9,0,0.974,6.445,16.237,27.632,65.992,64.405,0.017,0.017,0.017,0.002,34.643,66.493,41.418,0.017,0.017,-0.179,-0.147,-0.159,5.4917,5.3457,1.8083,True,19481.96,4,0.01235729150284472,nested_district_rain,0.01
2017,2017-09-23,2017-09-30,Gurdaspur,20.14,5.5e-05,0.000103,10,0,17.621,36.538,0.062,5.791,5.105,11.336,5.578,4.772,5.441,2.31,0.0,5.879,14.449,5.441,5.449,0.0662,-0.0248,-0.031,5.4303,5.2441,1.7077,True,19481.96,4,0.010780198003891028,nested_district_rain,0.01
2017,2017-07-25,2017-08-04,Hoshiarpur,12.29,3.6e-05,5.1e-05,4,0,79.614,101.185,53.319,99.829,53.45,64.372,61.917,25.209,41.852,14.928,56.127,69.284,65.112,2.322,5.046,0.8204,1.0928,0.118,3.4291,2.9365,1.8976,True,5235.1759999999995,1,0.10236223479768804,nested_district_rain,0.01
2017,2017-08-04,2017-08-14,Hoshiarpur,143.98,0.000426,3.6e-05,5,0,80.92,87.08,79.614,101.185,53.319,99.829,211.612,44.646,102.786,42.563,61.917,56.127,74.808,101.078,159.218,0.855,1.2294,0.0,4.4595,4.4263,1.967,True,5235.1759999999995,1,0.19029828427192563,nested_district_rain,0.01
2017,2017-08-14,2017-08-24,Hoshiarpur,21.69,6.4e-05,0.000426,6,0,37.631,45.837,80.92,87.08,79.614,101.185,49.096,13.59,34.949,12.795,211.612,61.917,144.882,11.014,11.014,0.3411,0.1422,-0.118,5.0471,5.0622,1.9036,True,5235.1759999999995,1,0.04794767244357584,nested_district_rain,0.01
2017,2017-08-24,2017-09-03,Hoshiarpur,17.36,5.1e-05,6.4e-05,7,0,65.992,64.405,37.631,45.837,80.92,87.08,51.846,17.505,30.024,13.578,49.096,211.612,83.555,18.228,18.228,0.2585,0.2,-0.081,5.4057,5.2381,1.7764,True,5235.1759999999995,1,0.0384420913317419,nested_district_rain,0.01
2017,2017-09-03,2017-09-13,Hoshiarpur,9.4,2.8e-05,5.1e-05,8,0,16.237,27.632,65.992,64.405,37.631,45.837,19.758,10.682,11.95,5.862,51.846,49.096,68.607,11.95,13.572,0.0405,0.0342,0.08,5.6081,5.4282,1.8564,True,5235.1759999999995,1,0.01365898843313001,nested_district_rain,0.01
2017,2017-09-13,2017-09-23,Hoshiarpur,15.91,4.7e-05,2.8e-05,9,0,0.974,6.445,16.237,27.632,65.992,64.405,3.092,3.092,3.092,0.309,19.758,51.846,33.787,3.092,3.092,-0.179,-0.147,-0.159,5.4917,5.3457,1.8083,True,5235.1759999999995,1,0.007010445965150109,nested_district_rain,0.01
2017,2017-09-23,2017-09-30,Hoshiarpur,11.57,3.4e-05,4.7e-05,10,0,17.621,36.538,0.062,5.791,5.105,11.336,19.7,16.925,19.531,8.192,0.0,3.951,13.112,19.531,19.531,0.0662,-0.0248,-0.031,5.4303,5.2441,1.7077,True,5235.1759999999995,1,0.006183806456847938,nested_district_rain,0.01
2017,2017-07-25,2017-08-04,Jalandhar,6.61,2.5e-05,7.9e-05,4,0,79.614,101.185,53.319,99.829,53.45,64.372,71.094,27.848,54.132,19.086,66.02,49.174,62.694,1.331,2.303,0.8204,1.0928,0.118,3.4291,2.9365,1.8976,True,20088.733,6,0.2531801469018256,nested_district_rain,0.01
2017,2017-08-04,2017-08-14,Jalandhar,13.23,5.1e-05,2.5e-05,5,0,80.92,87.08,79.614,101.185,53.319,99.829,65.172,15.892,30.176,12.061,71.094,66.02,83.125,30.176,44.033,0.855,1.2294,0.0,4.4595,4.4263,1.967,True,20088.733,6,0.2658177120757795,nested_district_rain,0.01
2017,2017-08-14,2017-08-24,Jalandhar,244.01,0.000934,5.1e-05,6,0,37.631,45.837,80.92,87.08,79.614,101.185,94.477,47.295,88.902,38.866,65.172,71.094,65.358,5.425,5.425,0.3411,0.1422,-0.118,5.0471,5.0622,1.9036,True,20088.733,6,0.14687970524905467,nested_district_rain,0.01
2017,2017-08-24,2017-09-03,Jalandhar,11.75,4.5e-05,0.000934,7,0,65.992,64.405,37.631,45.837,80.92,87.08,66.089,23.836,41.013,15.299,94.477,65.172,93.792,13.577,13.577,0.2585,0.2,-0.081,5.4057,5.2381,1.7764,True,20088.733,6,0.16110832925429555,nested_district_rain,0.01
2017,2017-09-03,2017-09-13,Jalandhar,8.08,3.1e-05,4.5e-05,8,0,16.237,27.632,65.992,64.405,37.631,45.837,11.975,3.338,6.588,3.259,66.089,94.477,86.442,2.535,4.317,0.0405,0.0342,0.08,5.6081,5.4282,1.8564,True,20088.733,6,0.033084114777954095,nested_district_rain,0.01
2017,2017-09-13,2017-09-23,Jalandhar,9.55,3.7e-05,3.1e-05,9,0,0.974,6.445,16.237,27.632,65.992,64.405,0.0,0.0,0.0,0.0,11.975,66.089,38.035,0.0,0.0,-0.179,-0.147,-0.159,5.4917,5.3457,1.8083,True,20088.733,6,0.01902785657347054,nested_district_rain,0.01
2017,2017-09-23,2017-09-30,Jalandhar,3.67,1.4e-05,3.7e-05,10,0,17.621,36.538,0.062,5.791,5.105,11.336,5.059,4.879,5.059,2.06,0.0,4.408,13.262,5.059,5.059,0.0662,-0.0248,-0.031,5.4303,5.2441,1.7077,True,20088.733,6,0.01568817231688224,nested_district_rain,0.01
2017,2017-07-25,2017-08-04,Kapurthala,56.24,0.000337,0.000683,4,0,79.614,101.185,53.319,99.829,53.45,64.372,103.275,34.72,75.7,25.872,64.443,58.527,63.649,1.599,3.631,0.8204,1.0928,0.118,3.4291,2.9365,1.8976,True,27412.277000000002,8,0.39874470203508017,nested_district_rain,0.01
2017,2017-08-04,2017-08-14,Kapurthala,1895.67,0.011376,0.000337,5,0,80.92,87.08,79.614,101.185,53.319,99.829,81.419,21.882,39.486,19.376,103.275,64.443,109.943,33.311,58.19,0.855,1.2294,0.0,4.4595,4.4263,1.967,True,27412.277000000002,8,0.39463173660328377,nested_district_rain,0.01
2017,2017-08-14,2017-08-24,Kapurthala,727.92,0.004368,0.011376,6,0,37.631,45.837,80.92,87.08,79.614,101.185,91.703,46.329,88.831,37.652,81.419,103.275,83.644,2.837,2.837,0.3411,0.1422,-0.118,5.0471,5.0622,1.9036,True,27412.277000000002,8,0.7800903924561485,nested_district_rain,0.01
2017,2017-08-24,2017-09-03,Kapurthala,115.42,0.000693,0.004368,7,0,65.992,64.405,37.631,45.837,80.92,87.08,57.332,18.086,29.295,14.201,91.703,81.419,99.012,18.113,18.113,0.2585,0.2,-0.081,5.4057,5.2381,1.7764,True,27412.277000000002,8,0.38181736566696495,nested_district_rain,0.01
2017,2017-09-03,2017-09-13,Kapurthala,16.79,0.000101,0.000693,8,0,16.237,27.632,65.992,64.405,37.631,45.837,19.959,6.315,12.122,5.858,57.332,91.703,77.885,4.149,5.425,0.0405,0.0342,0.08,5.6081,5.4282,1.8564,True,27412.277000000002,8,0.058979130511471516,nested_district_rain,0.01
2017,2017-09-13,2017-09-23,Kapurthala,21.18,0.000127,0.000101,9,0,0.974,6.445,16.237,27.632,65.992,64.405,0.0,0.0,0.0,0.0,19.959,57.332,40.705,0.0,0.0,-0.179,-0.147,-0.159,5.4917,5.3457,1.8083,True,27412.277000000002,8,0.029424100426076377,nested_district_rain,0.01
2017,2017-09-23,2017-09-30,Kapurthala,9.5,5.7e-05,0.000127,10,0,17.621,36.538,0.062,5.791,5.105,11.336,1.718,1.669,1.718,0.697,0.0,8.727,14.193,1.718,1.718,0.0662,-0.0248,-0.031,5.4303,5.2441,1.7077,True,27412.277000000002,8,0.023455666698008356,nested_district_rain,0.01
2017,2017-07-25,2017-08-04,Ludhiana,2.2,6e-06,7.2e-05,4,0,79.614,101.185,53.319,99.829,53.45,64.372,80.297,38.907,65.413,26.024,49.664,42.147,50.159,5.847,9.812,0.8204,1.0928,0.118,3.4291,2.9365,1.8976,True,38457.702000000005,7,0.3216480592223704,nested_district_rain,0.01
2017,2017-08-04,2017-08-14,Ludhiana,59.56,0.000166,6e-06,5,0,80.92,87.08,79.614,101.185,53.319,99.829,37.251,14.676,15.363,8.07,80.297,49.664,86.854,15.363,23.752,0.855,1.2294,0.0,4.4595,4.4263,1.967,True,38457.702000000005,7,0.3045207452715988,nested_district_rain,0.01
2017,2017-08-14,2017-08-24,Ludhiana,0.0,0.0,0.000166,6,0,37.631,45.837,80.92,87.08,79.614,101.185,52.887,27.22,43.288,11.522,37.251,80.297,51.787,6.023,6.023,0.3411,0.1422,-0.118,5.0471,5.0622,1.9036,True,38457.702000000005,7,0.1589190639717118,nested_district_rain,0.01
2017,2017-08-24,2017-09-03,Ludhiana,0.0,0.0,0.0,7,0,65.992,64.405,37.631,45.837,80.92,87.08,78.106,42.358,67.802,26.801,52.887,37.251,57.7,3.863,3.863,0.2585,0.2,-0.081,5.4057,5.2381,1.7764,True,38457.702000000005,7,0.18488323312582328,nested_district_rain,0.01
2017,2017-09-03,2017-09-13,Ludhiana,2.21,6e-06,0.0,8,0,16.237,27.632,65.992,64.405,37.631,45.837,11.488,3.947,6.045,2.696,78.106,52.887,91.881,5.403,7.501,0.0405,0.0342,0.08,5.6081,5.4282,1.8564,True,38457.702000000005,7,0.04548209130533133,nested_district_rain,0.01
2017,2017-09-13,2017-09-23,Ludhiana,0.0,0.0,6e-06,9,0,0.974,6.445,16.237,27.632,65.992,64.405,0.0,0.0,0.0,0.0,11.488,78.106,38.595,0.0,0.0,-0.179,-0.147,-0.159,5.4917,5.3457,1.8083,True,38457.702000000005,7,0.02377524811648865,nested_district_rain,0.01
2017,2017-09-23,2017-09-30,Ludhiana,0.0,0.0,0.0,10,0,17.621,36.538,0.062,5.791,5.105,11.336,28.266,25.702,28.266,11.819,0.0,1.43,13.457,28.266,28.266,0.0662,-0.0248,-0.031,5.4303,5.2441,1.7077,True,38457.702000000005,7,0.023427385572900448,nested_district_rain,0.01
2017,2017-07-25,2017-08-04,Mansa,14.28,6.4e-05,0.000474,4,0,79.614,101.185,53.319,99.829,53.45,64.372,34.351,17.386,29.443,12.448,3.351,11.496,9.098,3.286,4.439,0.8204,1.0928,0.118,3.4291,2.9365,1.8976,True,9051.24,4,0.17799136165184085,nested_district_rain,0.01
2017,2017-08-04,2017-08-14,Mansa,37.59,0.000169,6.4e-05,5,0,80.92,87.08,79.614,101.185,53.319,99.829,0.429,0.348,0.384,0.067,34.351,3.351,30.324,0.026,0.045,0.855,1.2294,0.0,4.4595,4.4263,1.967,True,9051.24,4,0.1593430345506772,nested_district_rain,0.01
2017,2017-08-14,2017-08-24,Mansa,18.03,8.1e-05,0.000169,6,0,37.631,45.837,80.92,87.08,79.614,101.185,0.924,0.775,0.775,0.138,0.429,34.351,10.881,0.775,0.775,0.3411,0.1422,-0.118,5.0471,5.0622,1.9036,True,9051.24,4,0.07125316255408783,nested_district_rain,0.01
2017,2017-08-24,2017-09-03,Mansa,30.05,0.000135,8.1e-05,7,0,65.992,64.405,37.631,45.837,80.92,87.08,48.656,18.781,34.259,14.418,0.924,0.429,4.301,5.511,5.511,0.2585,0.2,-0.081,5.4057,5.2381,1.7764,True,9051.24,4,0.09059287631285275,nested_district_rain,0.01
2017,2017-09-03,2017-09-13,Mansa,18.78,8.5e-05,0.000135,8,0,16.237,27.632,65.992,64.405,37.631,45.837,1.74,1.181,1.428,0.337,48.656,0.924,42.573,1.428,1.671,0.0405,0.0342,0.08,5.6081,5.4282,1.8564,True,9051.24,4,0.023672087972282305,nested_district_rain,0.01
2017,2017-09-13,2017-09-23,Mansa,30.81,0.000139,8.5e-05,9,0,0.974,6.445,16.237,27.632,65.992,64.405,0.0,0.0,0.0,0.0,1.74,48.656,15.698,0.0,0.0,-0.179,-0.147,-0.159,5.4917,5.3457,1.8083,True,9051.24,4,0.012502377211593084,nested_district_rain,0.01
2017,2017-09-23,2017-09-30,Mansa,23.29,0.000105,0.000139,10,0,17.621,36.538,0.062,5.791,5.105,11.336,0.388,0.358,0.388,0.161,0.0,0.0,5.473,0.388,0.388,0.0662,-0.0248,-0.031,5.4303,5.2441,1.7077,True,9051.24,4,0.01003332190051449,nested_district_rain,0.01
2017,2017-07-25,2017-08-04,Moga,5.9,2.5e-05,0.000235,4,0,79.614,101.185,53.319,99.829,53.45,64.372,59.56,34.846,45.476,10.309,39.379,17.033,35.002,1.322,5.551,0.8204,1.0928,0.118,3.4291,2.9365,1.8976,True,33082.532,8,0.36237834393353185,nested_district_rain,0.01
2017,2017-08-04,2017-08-14,Moga,30.17,0.000128,2.5e-05,5,0,80.92,87.08,79.614,101.185,53.319,99.829,32.607,13.219,23.487,7.247,59.56,39.379,61.312,6.706,23.61,0.855,1.2294,0.0,4.4595,4.4263,1.967,True,33082.532,8,0.3342994104767008,nested_district_rain,0.01
2017,2017-08-14,2017-08-24,Moga,11.02,4.7e-05,0.000128,6,0,37.631,45.837,80.92,87.08,79.614,101.185,17.099,7.354,13.453,4.923,32.607,59.56,40.109,1.513,1.513,0.3411,0.1422,-0.118,5.0471,5.0622,1.9036,True,33082.532,8,0.15905278240182405,nested_district_rain,0.01
2017,2017-08-24,2017-09-03,Moga,0.0,0.0,4.7e-05,7,0,65.992,64.405,37.631,45.837,80.92,87.08,104.587,47.921,69.704,23.079,17.099,32.607,27.156,16.683,16.683,0.2585,0.2,-0.081,5.4057,5.2381,1.7764,True,33082.532,8,0.23532692664675933,nested_district_rain,0.01
2017,2017-09-03,2017-09-13,Moga,1.47,6e-06,0.0,8,0,16.237,27.632,65.992,64.405,37.631,45.837,18.628,4.475,9.908,3.72,104.587,17.099,95.075,4.628,5.084,0.0405,0.0342,0.08,5.6081,5.4282,1.8564,True,33082.532,8,0.05711199263079371,nested_district_rain,0.01
2017,2017-09-13,2017-09-23,Moga,0.0,0.0,6e-06,9,0,0.974,6.445,16.237,27.632,65.992,64.405,0.0,0.0,0.0,0.0,18.628,104.587,46.6,0.0,0.0,-0.179,-0.147,-0.159,5.4917,5.3457,1.8083,True,33082.532,8,0.027056283920964708,nested_district_rain,0.01
2017,2017-09-23,2017-09-30,Moga,0.0,0.0,0.0,10,0,17.621,36.538,0.062,5.791,5.105,11.336,1.582,1.581,1.582,0.633,0.0,9.908,16.248,1.582,1.582,0.0662,-0.0248,-0.031,5.4303,5.2441,1.7077,True,33082.532,8,0.02325544756020511,nested_district_rain,0.01
2017,2017-07-25,2017-08-04,Muktsar,0.0,0.0,0.000134,4,0,79.614,101.185,53.319,99.829,53.45,64.372,15.156,7.671,14.59,5.762,6.798,11.855,13.521,0.0,0.566,0.8204,1.0928,0.118,3.4291,2.9365,1.8976,True,11507.322,6,0.21434120266479945,nested_district_rain,0.01
2017,2017-08-04,2017-08-14,Muktsar,5.95,2.3e-05,0.0,5,0,80.92,87.08,79.614,101.185,53.319,99.829,0.318,0.318,0.318,0.032,15.156,6.798,17.784,0.0,0.318,0.855,1.2294,0.0,4.4595,4.4263,1.967,True,11507.322,6,0.2170052828496809,nested_district_rain,0.01
2017,2017-08-14,2017-08-24,Muktsar,0.0,0.0,2.3e-05,6,0,37.631,45.837,80.92,87.08,79.614,101.185,8.633,8.14,8.62,1.246,0.318,15.156,6.37,0.013,0.013,0.3411,0.1422,-0.118,5.0471,5.0622,1.9036,True,11507.322,6,0.10746717842332927,nested_district_rain,0.01
2017,2017-08-24,2017-09-03,Muktsar,0.0,0.0,0.0,7,0,65.992,64.405,37.631,45.837,80.92,87.08,44.66,23.721,34.556,8.891,8.633,0.318,9.3,5.959,5.959,0.2585,0.2,-0.081,5.4057,5.2381,1.7764,True,11507.322,6,0.12871081369525408,nested_district_rain,0.01
2017,2017-09-03,2017-09-13,Muktsar,0.0,0.0,0.0,8,0,16.237,27.632,65.992,64.405,37.631,45.837,19.527,9.607,9.723,7.406,44.66,8.633,40.608,9.144,9.798,0.0405,0.0342,0.08,5.6081,5.4282,1.8564,True,11507.322,6,0.03664475228047911,nested_district_rain,0.01
2017,2017-09-13,2017-09-23,Muktsar,0.0,0.0,0.0,9,0,0.974,6.445,16.237,27.632,65.992,64.405,0.058,0.058,0.058,0.006,19.527,44.66,28.454,0.058,0.058,-0.179,-0.147,-0.159,5.4917,5.3457,1.8083,True,11507.322,6,0.018452432296638354,nested_district_rain,0.01
2017,2017-09-23,2017-09-30,Muktsar,0.0,0.0,0.0,10,0,17.621,36.538,0.062,5.791,5.105,11.336,0.0,0.0,0.0,0.0,0.0,9.781,9.949,0.0,0.0,0.0662,-0.0248,-0.031,5.4303,5.2441,1.7077,True,11507.322,6,0.014313752638268538,nested_district_rain,0.01
2017,2017-07-25,2017-08-04,Nawanshahr,3.67,2.8e-05,0.000129,4,0,79.614,101.185,53.319,99.829,53.45,64.372,,,,,,,,,,0.8204,1.0928,0.118,3.4291,2.9365,1.8976,True,8110.17,8,0.2945722837046046,nested_district_rain,0.01
2017,2017-08-04,2017-08-14,Nawanshahr,13.94,0.000107,2.8e-05,5,0,80.92,87.08,79.614,101.185,53.319,99.829,,,,,,,,,,0.855,1.2294,0.0,4.4595,4.4263,1.967,True,8110.17,8,0.31296741405175893,nested_district_rain,0.01
2017,2017-08-14,2017-08-24,Nawanshahr,0.0,0.0,0.000107,6,0,37.631,45.837,80.92,87.08,79.614,101.185,,,,,,,,,,0.3411,0.1422,-0.118,5.0471,5.0622,1.9036,True,8110.17,8,0.1623022583971809,nested_district_rain,0.01
2017,2017-08-24,2017-09-03,Nawanshahr,0.0,0.0,0.0,7,0,65.992,64.405,37.631,45.837,80.92,87.08,,,,,,,,,,0.2585,0.2,-0.081,5.4057,5.2381,1.7764,True,8110.17,8,0.16034090144007793,nested_district_rain,0.01
2017,2017-09-03,2017-09-13,Nawanshahr,1.47,1.1e-05,0.0,8,0,16.237,27.632,65.992,64.405,37.631,45.837,,,,,,,,,,0.0405,0.0342,0.08,5.6081,5.4282,1.8564,True,8110.17,8,0.05278319327697759,nested_district_rain,0.01
2017,2017-09-13,2017-09-23,Nawanshahr,1.47,1.1e-05,1.1e-05,9,0,0.974,6.445,16.237,27.632,65.992,64.405,,,,,,,,,,-0.179,-0.147,-0.159,5.4917,5.3457,1.8083,True,8110.17,8,0.03166688064940703,nested_district_rain,0.01
2017,2017-09-23,2017-09-30,Nawanshahr,0.0,0.0,1.1e-05,10,0,17.621,36.538,0.062,5.791,5.105,11.336,,,,,,,,,,0.0662,-0.0248,-0.031,5.4303,5.2441,1.7077,True,8110.17,8,0.023280506753236098,nested_district_rain,0.01
2017,2017-07-25,2017-08-04,Patiala,0.0,0.0,9.2e-05,4,0,79.614,101.185,53.319,99.829,53.45,64.372,104.1,43.543,71.258,25.776,11.257,42.398,20.485,6.676,22.999,0.8204,1.0928,0.118,3.4291,2.9365,1.8976,True,54004.208999999995,7,0.3541457842910228,nested_district_rain,0.01
2017,2017-08-04,2017-08-14,Patiala,58.38,0.000175,0.0,5,0,80.92,87.08,79.614,101.185,53.319,99.829,23.01,12.777,14.837,5.08,104.1,11.257,91.525,5.089,8.489,0.855,1.2294,0.0,4.4595,4.4263,1.967,True,54004.208999999995,7,0.31281948026102474,nested_district_rain,0.01
2017,2017-08-14,2017-08-24,Patiala,3.76,1.1e-05,0.000175,6,0,37.631,45.837,80.92,87.08,79.614,101.185,45.528,15.043,23.259,14.751,23.01,104.1,46.683,15.335,15.335,0.3411,0.1422,-0.118,5.0471,5.0622,1.9036,True,54004.208999999995,7,0.15255652564608138,nested_district_rain,0.01
2017,2017-08-24,2017-09-03,Patiala,24.8,7.4e-05,1.1e-05,7,0,65.992,64.405,37.631,45.837,80.92,87.08,81.983,61.712,78.286,20.543,45.528,23.01,48.463,2.048,2.048,0.2585,0.2,-0.081,5.4057,5.2381,1.7764,True,54004.208999999995,7,0.21126023809599273,nested_district_rain,0.01
2017,2017-09-03,2017-09-13,Patiala,6.7,2e-05,7.4e-05,8,0,16.237,27.632,65.992,64.405,37.631,45.837,7.934,4.139,5.981,2.072,81.983,45.528,95.57,1.94,3.782,0.0405,0.0342,0.08,5.6081,5.4282,1.8564,True,54004.208999999995,7,0.04884811334864798,nested_district_rain,0.01
2017,2017-09-13,2017-09-23,Patiala,0.0,0.0,2e-05,9,0,0.974,6.445,16.237,27.632,65.992,64.405,0.027,0.027,0.027,0.003,7.934,81.983,37.952,0.0,0.027,-0.179,-0.147,-0.159,5.4917,5.3457,1.8083,True,54004.208999999995,7,0.024972812152048964,nested_district_rain,0.01
2017,2017-09-23,2017-09-30,Patiala,0.0,0.0,0.0,10,0,17.621,36.538,0.062,5.791,5.105,11.336,34.281,22.864,34.281,15.996,0.027,0.013,13.249,34.281,34.281,0.0662,-0.0248,-0.031,5.4303,5.2441,1.7077,True,54004.208999999995,7,0.024667324310041858,nested_district_rain,0.01
2017,2017-07-25,2017-08-04,Rupnagar,0.0,0.0,2.1e-05,4,0,79.614,101.185,53.319,99.829,53.45,64.372,59.332,15.62,33.357,13.799,45.135,70.486,60.66,4.547,11.632,0.8204,1.0928,0.118,3.4291,2.9365,1.8976,True,2465.627,2,0.11624138551828085,nested_district_rain,0.01
2017,2017-08-04,2017-08-14,Rupnagar,0.0,0.0,0.0,5,0,80.92,87.08,79.614,101.185,53.319,99.829,159.639,39.881,67.385,35.976,59.332,45.135,68.271,67.385,110.324,0.855,1.2294,0.0,4.4595,4.4263,1.967,True,2465.627,2,0.1930357963029542,nested_district_rain,0.01
2017,2017-08-14,2017-08-24,Rupnagar,0.0,0.0,0.0,6,0,37.631,45.837,80.92,87.08,79.614,101.185,127.77,35.932,96.259,32.039,159.639,59.332,117.466,14.492,14.506,0.3411,0.1422,-0.118,5.0471,5.0622,1.9036,True,2465.627,2,0.07198981627622252,nested_district_rain,0.01
2017,2017-08-24,2017-09-03,Rupnagar,2.2,1.6e-05,0.0,7,0,65.992,64.405,37.631,45.837,80.92,87.08,75.332,28.921,52.88,23.941,127.77,159.639,132.586,20.758,20.758,0.2585,0.2,-0.081,5.4057,5.2381,1.7764,True,2465.627,2,0.055716796728179564,nested_district_rain,0.01
2017,2017-09-03,2017-09-13,Rupnagar,0.0,0.0,1.6e-05,8,0,16.237,27.632,65.992,64.405,37.631,45.837,20.859,17.428,19.221,3.356,75.332,127.77,107.291,1.106,2.899,0.0405,0.0342,0.08,5.6081,5.4282,1.8564,True,2465.627,2,0.015179705574656005,nested_district_rain,0.01
2017,2017-09-13,2017-09-23,Rupnagar,0.0,0.0,0.0,9,0,0.974,6.445,16.237,27.632,65.992,64.405,0.001,0.001,0.001,0.0,20.859,75.332,50.847,0.001,0.001,-0.179,-0.147,-0.159,5.4917,5.3457,1.8083,True,2465.627,2,0.008194003962076644,nested_district_rain,0.01
2017,2017-09-23,2017-09-30,Rupnagar,0.0,0.0,0.0,10,0,17.621,36.538,0.062,5.791,5.105,11.336,73.237,53.824,72.362,32.535,0.0,0.533,17.73,72.362,72.362,0.0662,-0.0248,-0.031,5.4303,5.2441,1.7077,True,2465.627,2,0.01015898690213171,nested_district_rain,0.01
2017,2017-07-25,2017-08-04,Sahibzada Ajit Singh Nagar,0.0,0.0,8.7e-05,4,0,79.614,101.185,53.319,99.829,53.45,64.372,85.985,41.659,43.491,17.614,12.805,59.648,28.768,1.462,43.716,0.8204,1.0928,0.118,3.4291,2.9365,1.8976,True,1050.18,0,0.09875935270863999,nested_district_rain,0.01
2017,2017-08-04,2017-08-14,Sahibzada Ajit Singh Nagar,0.0,0.0,0.0,5,0,80.92,87.08,79.614,101.185,53.319,99.829,118.128,48.288,79.0,20.378,85.985,12.805,68.953,79.0,93.014,0.855,1.2294,0.0,4.4595,4.4263,1.967,True,1050.18,0,0.12622503894056553,nested_district_rain,0.01
2017,2017-08-14,2017-08-24,Sahibzada Ajit Singh Nagar,0.0,0.0,0.0,6,0,37.631,45.837,80.92,87.08,79.614,101.185,102.215,30.451,65.601,19.086,118.128,85.985,86.162,6.76,6.778,0.3411,0.1422,-0.118,5.0471,5.0622,1.9036,True,1050.18,0,0.0428829018281429,nested_district_rain,0.01
2017,2017-08-24,2017-09-03,Sahibzada Ajit Singh Nagar,4.44,4e-05,0.0,7,0,65.992,64.405,37.631,45.837,80.92,87.08,67.367,27.726,54.004,25.57,102.215,118.128,108.87,10.064,10.079,0.2585,0.2,-0.081,5.4057,5.2381,1.7764,True,1050.18,0,0.03923141276653935,nested_district_rain,0.01
2017,2017-09-03,2017-09-13,Sahibzada Ajit Singh Nagar,0.0,0.0,4e-05,8,0,16.237,27.632,65.992,64.405,37.631,45.837,9.257,4.88,7.336,2.678,67.367,102.215,95.525,0.241,2.697,0.0405,0.0342,0.08,5.6081,5.4282,1.8564,True,1050.18,0,0.009769533319885296,nested_district_rain,0.01
2017,2017-09-13,2017-09-23,Sahibzada Ajit Singh Nagar,0.0,0.0,0.0,9,0,0.974,6.445,16.237,27.632,65.992,64.405,0.0,0.0,0.0,0.0,9.257,67.367,39.574,0.0,0.0,-0.179,-0.147,-0.159,5.4917,5.3457,1.8083,True,1050.18,0,0.00554456117102352,nested_district_rain,0.01
2017,2017-09-23,2017-09-30,Sahibzada Ajit Singh Nagar,0.0,0.0,0.0,10,0,17.621,36.538,0.062,5.791,5.105,11.336,65.396,33.593,65.306,32.465,0.0,1.68,13.798,65.306,65.306,0.0662,-0.0248,-0.031,5.4303,5.2441,1.7077,True,1050.18,0,0.006002375029110282,nested_district_rain,0.01
2017,2017-07-25,2017-08-04,Sangrur,12.03,3.3e-05,0.000373,4,0,79.614,101.185,53.319,99.829,53.45,64.372,64.032,19.93,46.702,15.802,11.938,16.365,12.761,5.423,10.005,0.8204,1.0928,0.118,3.4291,2.9365,1.8976,True,60643.998,10,0.47072843672686204,nested_district_rain,0.01
2017,2017-08-04,2017-08-14,Sangrur,50.43,0.00014,3.3e-05,5,0,80.92,87.08,79.614,101.185,53.319,99.829,14.204,12.233,13.274,2.151,64.032,11.938,55.65,0.414,1.792,0.855,1.2294,0.0,4.4595,4.4263,1.967,True,60643.998,10,0.4431969758135402,nested_district_rain,0.01
2017,2017-08-14,2017-08-24,Sangrur,0.0,0.0,0.00014,6,0,37.631,45.837,80.92,87.08,79.614,101.185,8.133,2.228,3.493,2.187,14.204,64.032,29.421,2.559,2.559,0.3411,0.1422,-0.118,5.0471,5.0622,1.9036,True,60643.998,10,0.22640638482335765,nested_district_rain,0.01
2017,2017-08-24,2017-09-03,Sangrur,11.3,3.1e-05,0.0,7,0,65.992,64.405,37.631,45.837,80.92,87.08,49.198,18.66,36.074,17.502,8.133,14.204,16.326,3.791,3.791,0.2585,0.2,-0.081,5.4057,5.2381,1.7764,True,60643.998,10,0.2721456287483437,nested_district_rain,0.01
2017,2017-09-03,2017-09-13,Sangrur,97.92,0.000271,3.1e-05,8,0,16.237,27.632,65.992,64.405,37.631,45.837,3.191,2.509,2.612,0.551,49.198,8.133,48.503,2.612,2.946,0.0405,0.0342,0.08,5.6081,5.4282,1.8564,True,60643.998,10,0.08462865650168068,nested_district_rain,0.01
2017,2017-09-13,2017-09-23,Sangrur,21.09,5.8e-05,0.000271,9,0,0.974,6.445,16.237,27.632,65.992,64.405,0.0,0.0,0.0,0.0,3.191,49.198,18.289,0.0,0.0,-0.179,-0.147,-0.159,5.4917,5.3457,1.8083,True,60643.998,10,0.04880337021993922,nested_district_rain,0.01
2017,2017-09-23,2017-09-30,Sangrur,0.0,0.0,5.8e-05,10,0,17.621,36.538,0.062,5.791,5.105,11.336,11.207,10.393,11.207,4.646,0.0,0.0,6.377,11.207,11.207,0.0662,-0.0248,-0.031,5.4303,5.2441,1.7077,True,60643.998,10,0.039805455365224444,nested_district_rain,0.01
2017,2017-07-25,2017-08-04,Tarn Taran,71.6,0.000298,0.000977,4,0,79.614,101.185,53.319,99.829,53.45,64.372,46.931,15.539,28.807,10.289,18.446,68.543,36.292,0.883,10.56,0.8204,1.0928,0.118,3.4291,2.9365,1.8976,True,31299.131,8,0.3585765262097437,nested_district_rain,0.01
2017,2017-08-04,2017-08-14,Tarn Taran,2993.13,0.012468,0.000298,5,0,80.92,87.08,79.614,101.185,53.319,99.829,16.17,6.184,12.734,5.233,46.931,18.446,49.898,2.725,9.275,0.855,1.2294,0.0,4.4595,4.4263,1.967,True,31299.131,8,0.3372839260478191,nested_district_rain,0.01
2017,2017-08-14,2017-08-24,Tarn Taran,1025.89,0.004273,0.012468,6,0,37.631,45.837,80.92,87.08,79.614,101.185,17.151,9.219,13.705,4.023,16.17,46.931,26.953,3.446,3.446,0.3411,0.1422,-0.118,5.0471,5.0622,1.9036,True,31299.131,8,0.7799904919402065,nested_district_rain,0.01
2017,2017-08-24,2017-09-03,Tarn Taran,689.0,0.00287,0.004273,7,0,65.992,64.405,37.631,45.837,80.92,87.08,24.443,11.759,16.299,6.032,17.151,16.17,21.707,6.479,6.479,0.2585,0.2,-0.081,5.4057,5.2381,1.7764,True,31299.131,8,0.36128660288117553,nested_district_rain,0.01
2017,2017-09-03,2017-09-13,Tarn Taran,344.88,0.001437,0.00287,8,0,16.237,27.632,65.992,64.405,37.631,45.837,10.987,3.545,5.727,2.302,24.443,17.151,25.748,3.865,3.903,0.0405,0.0342,0.08,5.6081,5.4282,1.8564,True,31299.131,8,0.09873519342781778,nested_district_rain,0.01
2017,2017-09-13,2017-09-23,Tarn Taran,545.06,0.00227,0.001437,9,0,0.974,6.445,16.237,27.632,65.992,64.405,0.0,0.0,0.0,0.0,10.987,24.443,16.421,0.0,0.0,-0.179,-0.147,-0.159,5.4917,5.3457,1.8083,True,31299.131,8,0.04100722336011152,nested_district_rain,0.01
2017,2017-09-23,2017-09-30,Tarn Taran,436.92,0.00182,0.00227,10,0,17.621,36.538,0.062,5.791,5.105,11.336,0.492,0.492,0.492,0.197,0.0,5.727,5.726,0.492,0.492,0.0662,-0.0248,-0.031,5.4303,5.2441,1.7077,True,31299.131,8,0.03774106103694975,nested_district_rain,0.01
2018,2018-07-25,2018-08-04,Amritsar,44.82,0.000168,0.001302,4,0,59.75,78.462,70.552,89.485,35.776,35.446,74.403,35.598,56.452,21.397,18.456,29.995,35.211,56.351,57.435,0.7389,0.5463,0.098,1.5026,1.2085,1.0678,True,24825.299,7,0.17337562745169668,nested_statewide_rain,0.01
2018,2018-08-04,2018-08-14,Amritsar,0.0,0.0,0.000168,5,0,110.86,146.178,59.75,78.462,70.552,89.485,32.615,11.297,14.88,5.469,74.403,18.456,49.449,3.453,11.815,0.2442,1.2274,0.249,2.1502,2.0566,1.2181,True,24825.299,7,0.6215053878505009,nested_statewide_rain,0.01
2018,2018-08-14,2018-08-24,Amritsar,5.76,2.2e-05,0.0,6,0,56.817,53.226,110.86,146.178,59.75,78.462,26.792,9.987,12.684,8.347,32.615,74.403,41.894,11.499,13.115,0.6797,0.7096,0.244,3.3509,3.5691,1.547,True,24825.299,7,0.21513468484344753,nested_statewide_rain,0.01
2018,2018-08-24,2018-09-03,Amritsar,5.76,2.2e-05,2.2e-05,7,0,40.197,53.181,56.817,53.226,110.86,146.178,2.651,1.183,1.472,0.992,26.792,32.615,32.936,0.496,1.679,0.4687,0.558,0.11,4.012,4.459,1.7423,True,24825.299,7,0.1736066070805556,nested_statewide_rain,0.01
2018,2018-09-03,2018-09-13,Amritsar,5.76,2.2e-05,2.2e-05,8,0,45.226,49.244,40.197,53.181,56.817,53.226,29.847,13.992,23.294,7.36,2.651,26.792,13.04,2.527,4.324,0.2938,0.2315,0.0,4.4148,4.8361,1.8,True,24825.299,7,0.08455252994821491,nested_statewide_rain,0.01
2018,2018-09-13,2018-09-23,Amritsar,3.6,1.3e-05,2.2e-05,9,0,20.397,24.962,45.226,49.244,40.197,53.181,2.936,1.185,2.276,1.1,29.847,2.651,26.366,2.276,2.311,0.052,-0.0074,-0.079,4.6199,4.984,1.7734,True,24825.299,7,0.041612088409944126,nested_statewide_rain,0.01
2018,2018-09-23,2018-09-30,Amritsar,33.84,0.000127,1.3e-05,10,0,147.683,155.347,6.881,10.87,25.077,27.649,268.747,192.28,260.459,113.765,0.66,21.176,10.766,260.459,260.459,0.476,1.1164,0.517,4.9709,5.7747,2.1633,True,24825.299,7,0.5355953087271917,nested_statewide_rain,0.01
2018,2018-08-04,2018-08-14,Barnala,1.48,1e-05,0.000378,5,0,110.86,146.178,59.75,78.462,70.552,89.485,34.099,15.216,29.777,11.82,20.504,76.031,34.612,2.184,16.745,0.2442,1.2274,0.249,2.1502,2.0566,1.2181,True,14145.245,8,0.660959015159207,nested_statewide_rain,0.01
2018,2018-08-14,2018-08-24,Barnala,0.0,0.0,1e-05,6,0,56.817,53.226,110.86,146.178,59.75,78.462,53.845,29.218,32.951,11.393,34.099,20.504,33.256,12.957,15.515,0.6797,0.7096,0.244,3.3509,3.5691,1.547,True,14145.245,8,0.23757005407006293,nested_statewide_rain,0.01
2018,2018-08-24,2018-09-03,Barnala,0.0,0.0,0.0,7,0,40.197,53.181,56.817,53.226,110.86,146.178,7.222,3.741,4.995,1.861,53.845,34.099,54.311,4.995,4.995,0.4687,0.558,0.11,4.012,4.459,1.7423,True,14145.245,8,0.19169594102460796,nested_statewide_rain,0.01
2018,2018-09-03,2018-09-13,Barnala,0.0,0.0,0.0,8,0,45.226,49.244,40.197,53.181,56.817,53.226,29.046,17.354,18.793,6.396,7.222,53.845,22.992,8.788,8.79,0.2938,0.2315,0.0,4.4148,4.8361,1.8,True,14145.245,8,0.09442290383485201,nested_statewide_rain,0.01
2018,2018-09-13,2018-09-23,Barnala,4.48,3e-05,0.0,9,0,20.397,24.962,45.226,49.244,40.197,53.181,15.19,13.724,13.724,2.692,29.046,7.222,25.727,13.724,13.724,0.052,-0.0074,-0.079,4.6199,4.984,1.7734,True,14145.245,8,0.04672559725196952,nested_statewide_rain,0.01
2018,2018-09-23,2018-09-30,Barnala,0.0,0.0,3e-05,10,0,147.683,155.347,6.881,10.87,25.077,27.649,124.213,65.513,124.213,48.711,1.466,16.626,15.754,124.213,124.213,0.476,1.1164,0.517,4.9709,5.7747,2.1633,True,14145.245,8,0.5676678372010902,nested_statewide_rain,0.01
2018,2018-07-25,2018-08-04,Bathinda,0.0,0.0,0.0,4,0,59.75,78.462,70.552,89.485,35.776,35.446,28.712,12.516,24.001,11.345,23.075,11.17,26.55,24.001,27.997,0.7389,0.5463,0.098,1.5026,1.2085,1.0678,True,12185.523000000001,5,0.09111723115397574,nested_statewide_rain,0.01
2018,2018-08-04,2018-08-14,Bathinda,0.0,0.0,0.0,5,0,110.86,146.178,59.75,78.462,70.552,89.485,16.939,5.587,14.197,5.285,28.712,23.075,22.998,0.468,4.346,0.2442,1.2274,0.249,2.1502,2.0566,1.2181,True,12185.523000000001,5,0.5010005048376277,nested_statewide_rain,0.01
2018,2018-08-14,2018-08-24,Bathinda,0.0,0.0,0.0,6,0,56.817,53.226,110.86,146.178,59.75,78.462,32.677,13.242,15.18,12.535,16.939,28.712,19.443,15.18,15.192,0.6797,0.7096,0.244,3.3509,3.5691,1.547,True,12185.523000000001,5,0.148083932580118,nested_statewide_rain,0.01
2018,2018-08-24,2018-09-03,Bathinda,0.0,0.0,0.0,7,0,40.197,53.181,56.817,53.226,110.86,146.178,0.717,0.389,0.537,0.172,32.677,16.939,29.193,0.537,0.537,0.4687,0.558,0.11,4.012,4.459,1.7423,True,12185.523000000001,5,0.11706553170363264,nested_statewide_rain,0.01
2018,2018-09-03,2018-09-13,Bathinda,0.75,2e-06,0.0,8,0,45.226,49.244,40.197,53.181,56.817,53.226,7.756,4.733,4.883,1.921,0.717,32.677,10.569,1.202,1.202,0.2938,0.2315,0.0,4.4148,4.8361,1.8,True,12185.523000000001,5,0.05508185102023572,nested_statewide_rain,0.01
2018,2018-09-13,2018-09-23,Bathinda,0.0,0.0,2e-06,9,0,20.397,24.962,45.226,49.244,40.197,53.181,1.746,1.653,1.653,0.249,7.756,0.717,9.103,1.653,1.653,0.052,-0.0074,-0.079,4.6199,4.984,1.7734,True,12185.523000000001,5,0.0266834546280358,nested_statewide_rain,0.01
2018,2018-09-23,2018-09-30,Bathinda,0.0,0.0,0.0,10,0,147.683,155.347,6.881,10.87,25.077,27.649,53.767,40.898,53.767,22.046,0.093,3.474,3.907,53.767,53.767,0.476,1.1164,0.517,4.9709,5.7747,2.1633,True,12185.523000000001,5,0.42173349315285097,nested_statewide_rain,0.01
2018,2018-07-25,2018-08-04,Faridkot,3.69,2.5e-05,0.000919,4,0,59.75,78.462,70.552,89.485,35.776,35.446,35.626,23.84,30.286,5.956,57.6,7.529,55.141,30.286,34.265,0.7389,0.5463,0.098,1.5026,1.2085,1.0678,True,10950.338,5,0.10833081548386199,nested_statewide_rain,0.01
2018,2018-08-04,2018-08-14,Faridkot,0.0,0.0,2.5e-05,5,0,110.86,146.178,59.75,78.462,70.552,89.485,11.057,4.852,9.781,3.587,35.626,57.6,35.514,0.0,1.259,0.2442,1.2274,0.249,2.1502,2.0566,1.2181,True,10950.338,5,0.500510268269932,nested_statewide_rain,0.01
2018,2018-08-14,2018-08-24,Faridkot,0.0,0.0,0.0,6,0,56.817,53.226,110.86,146.178,59.75,78.462,28.041,13.419,14.191,12.683,11.057,35.626,20.557,14.191,14.191,0.6797,0.7096,0.244,3.3509,3.5691,1.547,True,10950.338,5,0.14715413289370172,nested_statewide_rain,0.01
2018,2018-08-24,2018-09-03,Faridkot,0.0,0.0,0.0,7,0,40.197,53.181,56.817,53.226,110.86,146.178,0.06,0.051,0.051,0.013,28.041,11.057,22.83,0.051,0.051,0.4687,0.558,0.11,4.012,4.459,1.7423,True,10950.338,5,0.11630390373226272,nested_statewide_rain,0.01
2018,2018-09-03,2018-09-13,Faridkot,1.48,1e-05,0.0,8,0,45.226,49.244,40.197,53.181,56.817,53.226,7.445,5.18,6.614,1.809,0.06,28.041,7.99,0.0,0.0,0.2938,0.2315,0.0,4.4148,4.8361,1.8,True,10950.338,5,0.054698506042848746,nested_statewide_rain,0.01
2018,2018-09-13,2018-09-23,Faridkot,0.0,0.0,1e-05,9,0,20.397,24.962,45.226,49.244,40.197,53.181,0.0,0.0,0.0,0.0,7.445,0.06,8.093,0.0,0.0,0.052,-0.0074,-0.079,4.6199,4.984,1.7734,True,10950.338,5,0.02653704678458875,nested_statewide_rain,0.01
2018,2018-09-23,2018-09-30,Faridkot,0.0,0.0,0.0,10,0,147.683,155.347,6.881,10.87,25.077,27.649,64.623,40.637,64.623,29.761,0.0,2.265,2.822,64.623,64.623,0.476,1.1164,0.517,4.9709,5.7747,2.1633,True,10950.338,5,0.4199324356380093,nested_statewide_rain,0.01
2018,2018-08-04,2018-08-14,Fatehgarh Sahib,0.0,0.0,0.000129,5,0,110.86,146.178,59.75,78.462,70.552,89.485,75.102,23.862,45.472,21.835,33.651,93.164,47.387,10.023,18.318,0.2442,1.2274,0.249,2.1502,2.0566,1.2181,True,15501.969000000001,8,0.6505867144322435,nested_statewide_rain,0.01
2018,2018-08-14,2018-08-24,Fatehgarh Sahib,0.0,0.0,0.0,6,0,56.817,53.226,110.86,146.178,59.75,78.462,53.786,26.072,30.961,10.785,75.102,33.651,76.886,7.478,13.738,0.6797,0.7096,0.244,3.3509,3.5691,1.547,True,15501.969000000001,8,0.23864858749347667,nested_statewide_rain,0.01
2018,2018-08-24,2018-09-03,Fatehgarh Sahib,0.0,0.0,0.0,7,0,40.197,53.181,56.817,53.226,110.86,146.178,61.321,34.731,34.996,10.585,53.786,75.102,69.517,16.853,17.448,0.4687,0.558,0.11,4.012,4.459,1.7423,True,15501.969000000001,8,0.1929567446344395,nested_statewide_rain,0.01
2018,2018-09-03,2018-09-13,Fatehgarh Sahib,0.0,0.0,0.0,8,0,45.226,49.244,40.197,53.181,56.817,53.226,70.475,27.556,39.038,15.866,61.321,53.786,73.315,39.038,47.506,0.2938,0.2315,0.0,4.4148,4.8361,1.8,True,15501.969000000001,8,0.09511921992401348,nested_statewide_rain,0.01
2018,2018-09-13,2018-09-23,Fatehgarh Sahib,0.0,0.0,0.0,9,0,20.397,24.962,45.226,49.244,40.197,53.181,33.492,22.218,22.218,11.988,70.475,61.321,63.552,11.274,11.274,0.052,-0.0074,-0.079,4.6199,4.984,1.7734,True,15501.969000000001,8,0.047088462318904095,nested_statewide_rain,0.01
2018,2018-09-23,2018-09-30,Fatehgarh Sahib,0.0,0.0,0.0,10,0,147.683,155.347,6.881,10.87,25.077,27.649,164.262,55.696,163.94,55.077,22.218,19.676,48.763,163.94,163.94,0.476,1.1164,0.517,4.9709,5.7747,2.1633,True,15501.969000000001,8,0.5680610448325978,nested_statewide_rain,0.01
2018,2018-07-25,2018-08-04,Firozpur,71.12,0.000136,0.000726,4,0,59.75,78.462,70.552,89.485,35.776,35.446,19.456,12.421,16.352,3.132,23.614,10.904,28.843,16.352,18.074,0.7389,0.5463,0.098,1.5026,1.2085,1.0678,True,71602.16799999999,8,0.22842971366033968,nested_statewide_rain,0.01
2018,2018-08-04,2018-08-14,Firozpur,41.1,7.9e-05,0.000136,5,0,110.86,146.178,59.75,78.462,70.552,89.485,6.784,1.689,3.809,1.548,19.456,23.614,19.011,0.618,2.11,0.2442,1.2274,0.249,2.1502,2.0566,1.2181,True,71602.16799999999,8,0.7228731587818067,nested_statewide_rain,0.01
2018,2018-08-14,2018-08-24,Firozpur,30.1,5.8e-05,7.9e-05,6,0,56.817,53.226,110.86,146.178,59.75,78.462,18.919,7.96,8.719,7.106,6.784,19.456,11.427,8.592,8.772,0.6797,0.7096,0.244,3.3509,3.5691,1.547,True,71602.16799999999,8,0.30845987119873153,nested_statewide_rain,0.01
2018,2018-08-24,2018-09-03,Firozpur,20.93,4e-05,5.8e-05,7,0,40.197,53.181,56.817,53.226,110.86,146.178,0.666,0.262,0.438,0.185,18.919,6.784,15.099,0.152,0.228,0.4687,0.558,0.11,4.012,4.459,1.7423,True,71602.16799999999,8,0.2529958382549674,nested_statewide_rain,0.01
2018,2018-09-03,2018-09-13,Firozpur,40.9,7.8e-05,4e-05,8,0,45.226,49.244,40.197,53.181,56.817,53.226,5.272,2.572,4.187,1.678,0.666,18.919,5.702,0.163,0.339,0.2938,0.2315,0.0,4.4148,4.8361,1.8,True,71602.16799999999,8,0.12916440090058814,nested_statewide_rain,0.01
2018,2018-09-13,2018-09-23,Firozpur,11.16,2.1e-05,7.8e-05,9,0,20.397,24.962,45.226,49.244,40.197,53.181,0.056,0.056,0.056,0.006,5.272,0.666,5.849,0.0,0.056,0.052,-0.0074,-0.079,4.6199,4.984,1.7734,True,71602.16799999999,8,0.0656853268578842,nested_statewide_rain,0.01
2018,2018-09-23,2018-09-30,Firozpur,245.19,0.00047,2.1e-05,10,0,147.683,155.347,6.881,10.87,25.077,27.649,39.01,25.307,38.451,17.199,0.056,2.361,2.069,38.451,38.451,0.476,1.1164,0.517,4.9709,5.7747,2.1633,True,71602.16799999999,8,0.6488809406430808,nested_statewide_rain,0.01
2018,2018-07-25,2018-08-04,Gurdaspur,0.0,0.0,0.000386,4,0,59.75,78.462,70.552,89.485,35.776,35.446,51.488,25.364,38.738,10.46,39.433,58.455,50.779,38.738,42.507,0.7389,0.5463,0.098,1.5026,1.2085,1.0678,True,22323.996000000003,5,0.10380916268696563,nested_statewide_rain,0.01
2018,2018-08-04,2018-08-14,Gurdaspur,13.6,3.7e-05,0.0,5,0,110.86,146.178,59.75,78.462,70.552,89.485,134.724,48.206,66.517,25.773,51.488,39.433,44.568,40.564,67.197,0.2442,1.2274,0.249,2.1502,2.0566,1.2181,True,22323.996000000003,5,0.5161582247359227,nested_statewide_rain,0.01
2018,2018-08-14,2018-08-24,Gurdaspur,18.63,5.1e-05,3.7e-05,6,0,56.817,53.226,110.86,146.178,59.75,78.462,79.21,23.29,37.508,21.545,134.724,51.488,113.967,35.535,37.55,0.6797,0.7096,0.244,3.3509,3.5691,1.547,True,22323.996000000003,5,0.15696029822233623,nested_statewide_rain,0.01
2018,2018-08-24,2018-09-03,Gurdaspur,7.88,2.2e-05,5.1e-05,7,0,40.197,53.181,56.817,53.226,110.86,146.178,36.443,14.285,17.015,9.037,79.21,134.724,93.338,16.09,16.229,0.4687,0.558,0.11,4.012,4.459,1.7423,True,22323.996000000003,5,0.12468541144380588,nested_statewide_rain,0.01
2018,2018-09-03,2018-09-13,Gurdaspur,12.19,3.4e-05,2.2e-05,8,0,45.226,49.244,40.197,53.181,56.817,53.226,23.284,6.041,12.099,4.976,36.443,79.21,55.085,5.023,14.656,0.2938,0.2315,0.0,4.4148,4.8361,1.8,True,22323.996000000003,5,0.05858819041621379,nested_statewide_rain,0.01
2018,2018-09-13,2018-09-23,Gurdaspur,3.58,1e-05,3.4e-05,9,0,20.397,24.962,45.226,49.244,40.197,53.181,27.003,11.442,22.271,10.871,23.284,36.443,34.036,22.271,22.271,0.052,-0.0074,-0.079,4.6199,4.984,1.7734,True,22323.996000000003,5,0.02849649602131489,nested_statewide_rain,0.01
2018,2018-09-23,2018-09-30,Gurdaspur,170.24,0.000469,1e-05,10,0,147.683,155.347,6.881,10.87,25.077,27.649,253.405,166.657,249.829,112.288,4.732,28.433,25.723,249.829,249.829,0.476,1.1164,0.517,4.9709,5.7747,2.1633,True,22323.996000000003,5,0.43712547297780335,nested_statewide_rain,0.01
2018,2018-07-25,2018-08-04,Hoshiarpur,5.78,1.7e-05,0.000703,4,0,59.75,78.462,70.552,89.485,35.776,35.446,79.978,35.614,56.254,19.685,86.146,71.919,93.928,54.612,59.071,0.7389,0.5463,0.098,1.5026,1.2085,1.0678,True,6333.413,2,0.05996285392669883,nested_statewide_rain,0.01
2018,2018-08-04,2018-08-14,Hoshiarpur,2.17,6e-06,1.7e-05,5,0,110.86,146.178,59.75,78.462,70.552,89.485,220.715,63.509,108.096,44.193,79.978,86.146,77.189,56.238,108.451,0.2442,1.2274,0.249,2.1502,2.0566,1.2181,True,6333.413,2,0.35501155768685994,nested_statewide_rain,0.01
2018,2018-08-14,2018-08-24,Hoshiarpur,0.0,0.0,6e-06,6,0,56.817,53.226,110.86,146.178,59.75,78.462,90.267,31.069,63.084,29.662,220.715,79.978,186.237,10.227,22.163,0.6797,0.7096,0.244,3.3509,3.5691,1.547,True,6333.413,2,0.08681322832202884,nested_statewide_rain,0.01
2018,2018-08-24,2018-09-03,Hoshiarpur,2.89,9e-06,0.0,7,0,40.197,53.181,56.817,53.226,110.86,146.178,70.873,20.54,41.101,14.36,90.267,220.715,136.416,41.101,41.116,0.4687,0.558,0.11,4.012,4.459,1.7423,True,6333.413,2,0.06752826501293126,nested_statewide_rain,0.01
2018,2018-09-03,2018-09-13,Hoshiarpur,2.89,9e-06,9e-06,8,0,45.226,49.244,40.197,53.181,56.817,53.226,66.061,19.804,34.026,17.477,70.873,90.267,91.042,34.026,38.564,0.2938,0.2315,0.0,4.4148,4.8361,1.8,True,6333.413,2,0.03091534708858859,nested_statewide_rain,0.01
2018,2018-09-13,2018-09-23,Hoshiarpur,2.17,6e-06,9e-06,9,0,20.397,24.962,45.226,49.244,40.197,53.181,53.646,35.684,50.341,16.76,66.061,70.873,68.702,50.341,50.636,0.052,-0.0074,-0.079,4.6199,4.984,1.7734,True,6333.413,2,0.014775179389836832,nested_statewide_rain,0.01
2018,2018-09-23,2018-09-30,Hoshiarpur,30.57,9.1e-05,6e-06,10,0,147.683,155.347,6.881,10.87,25.077,27.649,242.582,98.361,240.223,86.44,3.305,60.62,48.161,240.223,240.223,0.476,1.1164,0.517,4.9709,5.7747,2.1633,True,6333.413,2,0.28513440111404126,nested_statewide_rain,0.01
2018,2018-07-25,2018-08-04,Jalandhar,8.8,3.4e-05,0.005152,4,0,59.75,78.462,70.552,89.485,35.776,35.446,55.222,25.34,39.273,11.342,74.699,52.266,75.588,39.273,43.683,0.7389,0.5463,0.098,1.5026,1.2085,1.0678,True,22008.794,6,0.28238411483709486,nested_statewide_rain,0.01
2018,2018-08-04,2018-08-14,Jalandhar,10.29,3.9e-05,3.4e-05,5,0,110.86,146.178,59.75,78.462,70.552,89.485,62.237,15.462,34.241,13.805,55.222,74.699,55.66,6.41,32.859,0.2442,1.2274,0.249,2.1502,2.0566,1.2181,True,22008.794,6,0.5646545520529996,nested_statewide_rain,0.01
2018,2018-08-14,2018-08-24,Jalandhar,2.93,1.1e-05,3.9e-05,6,0,56.817,53.226,110.86,146.178,59.75,78.462,72.484,26.594,43.44,17.376,62.237,55.222,61.037,5.716,15.816,0.6797,0.7096,0.244,3.3509,3.5691,1.547,True,22008.794,6,0.18353917217844057,nested_statewide_rain,0.01
2018,2018-08-24,2018-09-03,Jalandhar,9.55,3.7e-05,1.1e-05,7,0,40.197,53.181,56.817,53.226,110.86,146.178,21.698,7.579,11.541,6.679,72.484,62.237,78.784,11.541,12.636,0.4687,0.558,0.11,4.012,4.459,1.7423,True,22008.794,6,0.14561209571346417,nested_statewide_rain,0.01
2018,2018-09-03,2018-09-13,Jalandhar,10.29,3.9e-05,3.7e-05,8,0,45.226,49.244,40.197,53.181,56.817,53.226,61.846,26.578,41.832,14.753,21.698,72.484,39.938,14.695,16.053,0.2938,0.2315,0.0,4.4148,4.8361,1.8,True,22008.794,6,0.07007392439903877,nested_statewide_rain,0.01
2018,2018-09-13,2018-09-23,Jalandhar,4.41,1.7e-05,3.9e-05,9,0,20.397,24.962,45.226,49.244,40.197,53.181,21.878,11.141,20.163,9.234,61.846,21.698,54.731,20.163,21.625,0.052,-0.0074,-0.079,4.6199,4.984,1.7734,True,22008.794,6,0.03422607549711894,nested_statewide_rain,0.01
2018,2018-09-23,2018-09-30,Jalandhar,126.78,0.000485,1.7e-05,10,0,147.683,155.347,6.881,10.87,25.077,27.649,205.021,84.948,202.32,76.804,1.715,39.378,28.313,202.32,202.32,0.476,1.1164,0.517,4.9709,5.7747,2.1633,True,22008.794,6,0.4841851734559707,nested_statewide_rain,0.01
2018,2018-07-25,2018-08-04,Kapurthala,8.72,5.2e-05,0.001774,4,0,59.75,78.462,70.552,89.485,35.776,35.446,64.309,36.266,49.605,12.348,56.951,54.455,68.732,49.605,52.322,0.7389,0.5463,0.098,1.5026,1.2085,1.0678,True,31965.612,8,0.22674893487492434,nested_statewide_rain,0.01
2018,2018-08-04,2018-08-14,Kapurthala,2.93,1.8e-05,5.2e-05,5,0,110.86,146.178,59.75,78.462,70.552,89.485,70.016,16.314,37.253,14.117,64.309,56.951,57.632,11.734,41.921,0.2442,1.2274,0.249,2.1502,2.0566,1.2181,True,31965.612,8,0.6689396075397621,nested_statewide_rain,0.01
2018,2018-08-14,2018-08-24,Kapurthala,100.1,0.000601,1.8e-05,6,0,56.817,53.226,110.86,146.178,59.75,78.462,76.487,19.633,39.108,16.622,70.016,64.309,65.74,10.471,16.354,0.6797,0.7096,0.244,3.3509,3.5691,1.547,True,31965.612,8,0.2577491078967584,nested_statewide_rain,0.01
2018,2018-08-24,2018-09-03,Kapurthala,11.65,7e-05,0.000601,7,0,40.197,53.181,56.817,53.226,110.86,146.178,14.081,5.409,7.33,3.937,76.487,70.016,80.06,7.33,8.27,0.4687,0.558,0.11,4.012,4.459,1.7423,True,31965.612,8,0.23113464948421178,nested_statewide_rain,0.01
2018,2018-09-03,2018-09-13,Kapurthala,0.0,0.0,7e-05,8,0,45.226,49.244,40.197,53.181,56.817,53.226,88.749,29.046,64.707,27.606,14.081,76.487,35.849,17.385,20.26,0.2938,0.2315,0.0,4.4148,4.8361,1.8,True,31965.612,8,0.10536563777325571,nested_statewide_rain,0.01
2018,2018-09-13,2018-09-23,Kapurthala,0.0,0.0,0.0,9,0,20.397,24.962,45.226,49.244,40.197,53.181,18.007,10.221,16.193,6.397,88.749,14.081,73.222,16.193,17.878,0.052,-0.0074,-0.079,4.6199,4.984,1.7734,True,31965.612,8,0.0517104321480228,nested_statewide_rain,0.01
2018,2018-09-23,2018-09-30,Kapurthala,229.97,0.00138,0.0,10,0,147.683,155.347,6.881,10.87,25.077,27.649,239.456,109.826,237.725,102.67,1.814,57.236,33.086,237.725,237.725,0.476,1.1164,0.517,4.9709,5.7747,2.1633,True,31965.612,8,0.5920480300488952,nested_statewide_rain,0.01
2018,2018-08-04,2018-08-14,Ludhiana,39.2,0.000109,0.001032,5,0,110.86,146.178,59.75,78.462,70.552,89.485,54.592,13.594,25.94,10.151,39.525,110.317,52.384,10.642,26.814,0.2442,1.2274,0.249,2.1502,2.0566,1.2181,True,37993.604,7,0.6818599172152878,nested_statewide_rain,0.01
2018,2018-08-14,2018-08-24,Ludhiana,2.2,6e-06,0.000109,6,0,56.817,53.226,110.86,146.178,59.75,78.462,22.076,7.413,10.775,6.601,54.592,39.525,55.529,2.065,9.478,0.6797,0.7096,0.244,3.3509,3.5691,1.547,True,37993.604,7,0.23293714897489123,nested_statewide_rain,0.01
2018,2018-08-24,2018-09-03,Ludhiana,8.11,2.3e-05,6e-06,7,0,40.197,53.181,56.817,53.226,110.86,146.178,21.835,10.177,10.478,6.705,22.076,54.592,35.519,4.966,5.038,0.4687,0.558,0.11,4.012,4.459,1.7423,True,37993.604,7,0.1846773046159011,nested_statewide_rain,0.01
2018,2018-09-03,2018-09-13,Ludhiana,1.47,4e-06,2.3e-05,8,0,45.226,49.244,40.197,53.181,56.817,53.226,97.645,47.881,70.748,17.921,21.835,22.076,28.517,16.54,23.737,0.2938,0.2315,0.0,4.4148,4.8361,1.8,True,37993.604,7,0.09087121356599796,nested_statewide_rain,0.01
2018,2018-09-13,2018-09-23,Ludhiana,2.94,8e-06,4e-06,9,0,20.397,24.962,45.226,49.244,40.197,53.181,31.608,26.347,26.668,6.065,97.645,21.835,73.924,26.668,27.797,0.052,-0.0074,-0.079,4.6199,4.984,1.7734,True,37993.604,7,0.044702597401110815,nested_statewide_rain,0.01
2018,2018-09-23,2018-09-30,Ludhiana,8.82,2.5e-05,8e-06,10,0,147.683,155.347,6.881,10.87,25.077,27.649,173.721,88.158,173.118,68.801,4.94,52.695,40.532,173.118,173.118,0.476,1.1164,0.517,4.9709,5.7747,2.1633,True,37993.604,7,0.554857321452583,nested_statewide_rain,0.01
2018,2018-07-25,2018-08-04,Mansa,36.86,0.000166,0.00022,4,0,59.75,78.462,70.552,89.485,35.776,35.446,23.02,10.549,11.071,8.102,36.769,9.443,38.349,10.915,18.901,0.7389,0.5463,0.098,1.5026,1.2085,1.0678,True,10061.112,5,0.09406280227680705,nested_statewide_rain,0.01
2018,2018-08-04,2018-08-14,Mansa,14.28,6.4e-05,0.000166,5,0,110.86,146.178,59.75,78.462,70.552,89.485,10.128,4.934,9.574,4.401,23.02,36.769,25.706,0.267,4.907,0.2442,1.2274,0.249,2.1502,2.0566,1.2181,True,10061.112,5,0.5068341363382598,nested_statewide_rain,0.01
2018,2018-08-14,2018-08-24,Mansa,1.5,7e-06,6.4e-05,6,0,56.817,53.226,110.86,146.178,59.75,78.462,24.34,15.028,15.088,6.612,10.128,23.02,15.282,15.088,15.116,0.6797,0.7096,0.244,3.3509,3.5691,1.547,True,10061.112,5,0.14823383964028863,nested_statewide_rain,0.01
2018,2018-08-24,2018-09-03,Mansa,8.27,3.7e-05,7e-06,7,0,40.197,53.181,56.817,53.226,110.86,146.178,2.474,2.34,2.396,0.29,24.34,10.128,19.85,2.396,2.396,0.4687,0.558,0.11,4.012,4.459,1.7423,True,10061.112,5,0.11591393944989159,nested_statewide_rain,0.01
2018,2018-09-03,2018-09-13,Mansa,12.02,5.4e-05,3.7e-05,8,0,45.226,49.244,40.197,53.181,56.817,53.226,4.332,2.041,2.522,1.492,2.474,24.34,7.915,2.522,2.528,0.2938,0.2315,0.0,4.4148,4.8361,1.8,True,10061.112,5,0.05483903059365187,nested_statewide_rain,0.01
2018,2018-09-13,2018-09-23,Mansa,6.76,3e-05,5.4e-05,9,0,20.397,24.962,45.226,49.244,40.197,53.181,3.554,2.841,2.841,0.926,4.332,2.474,5.086,0.713,0.713,0.052,-0.0074,-0.079,4.6199,4.984,1.7734,True,10061.112,5,0.02664665390232032,nested_statewide_rain,0.01
2018,2018-09-23,2018-09-30,Mansa,3.01,1.4e-05,3e-05,10,0,147.683,155.347,6.881,10.87,25.077,27.649,42.555,30.441,42.555,17.791,2.841,1.086,4.891,42.555,42.555,0.476,1.1164,0.517,4.9709,5.7747,2.1633,True,10061.112,5,0.42022341998025164,nested_statewide_rain,0.01
2018,2018-07-25,2018-08-04,Moga,11.82,5e-05,0.000912,4,0,59.75,78.462,70.552,89.485,35.776,35.446,61.374,43.933,54.876,9.817,48.989,17.49,45.731,54.876,57.361,0.7389,0.5463,0.098,1.5026,1.2085,1.0678,True,43998.031,8,0.20718914648412307,nested_statewide_rain,0.01
2018,2018-08-04,2018-08-14,Moga,5.87,2.5e-05,5e-05,5,0,110.86,146.178,59.75,78.462,70.552,89.485,42.9,9.423,20.33,8.789,61.374,48.989,44.164,8.109,21.01,0.2442,1.2274,0.249,2.1502,2.0566,1.2181,True,43998.031,8,0.6845891066882107,nested_statewide_rain,0.01
2018,2018-08-14,2018-08-24,Moga,0.0,0.0,2.5e-05,6,0,56.817,53.226,110.86,146.178,59.75,78.462,54.412,16.343,31.403,12.916,42.9,61.374,44.001,9.804,9.948,0.6797,0.7096,0.244,3.3509,3.5691,1.547,True,43998.031,8,0.27205985140679845,nested_statewide_rain,0.01
2018,2018-08-24,2018-09-03,Moga,0.0,0.0,0.0,7,0,40.197,53.181,56.817,53.226,110.86,146.178,4.498,2.156,3.535,1.457,54.412,42.9,54.968,0.91,0.912,0.4687,0.558,0.11,4.012,4.459,1.7423,True,43998.031,8,0.22089925806367217,nested_statewide_rain,0.01
2018,2018-09-03,2018-09-13,Moga,0.0,0.0,0.0,8,0,45.226,49.244,40.197,53.181,56.817,53.226,22.687,13.487,14.906,3.456,4.498,54.412,22.301,3.983,5.336,0.2938,0.2315,0.0,4.4148,4.8361,1.8,True,43998.031,8,0.11083950174051613,nested_statewide_rain,0.01
2018,2018-09-13,2018-09-23,Moga,10.31,4.4e-05,0.0,9,0,20.397,24.962,45.226,49.244,40.197,53.181,4.291,3.854,3.854,0.772,22.687,4.498,22.477,3.854,4.284,0.052,-0.0074,-0.079,4.6199,4.984,1.7734,True,43998.031,8,0.05535634692342734,nested_statewide_rain,0.01
2018,2018-09-23,2018-09-30,Moga,13.94,5.9e-05,4.4e-05,10,0,147.683,155.347,6.881,10.87,25.077,27.649,96.523,58.348,94.421,40.791,0.437,7.718,9.566,94.421,94.421,0.476,1.1164,0.517,4.9709,5.7747,2.1633,True,43998.031,8,0.611584256526556,nested_statewide_rain,0.01
2018,2018-07-25,2018-08-04,Muktsar,61.27,0.000234,0.000913,4,0,59.75,78.462,70.552,89.485,35.776,35.446,11.237,4.65,8.934,4.179,34.138,15.128,43.325,8.934,9.832,0.7389,0.5463,0.098,1.5026,1.2085,1.0678,True,12151.776,6,0.12874521927316215,nested_statewide_rain,0.01
2018,2018-08-04,2018-08-14,Muktsar,39.53,0.000151,0.000234,5,0,110.86,146.178,59.75,78.462,70.552,89.485,9.517,3.723,9.147,3.196,11.237,34.138,20.617,0.0,0.37,0.2442,1.2274,0.249,2.1502,2.0566,1.2181,True,12151.776,6,0.5608304364173518,nested_statewide_rain,0.01
2018,2018-08-14,2018-08-24,Muktsar,5.99,2.3e-05,0.000151,6,0,56.817,53.226,110.86,146.178,59.75,78.462,25.896,14.665,15.599,9.808,9.517,11.237,13.989,15.599,15.599,0.6797,0.7096,0.244,3.3509,3.5691,1.547,True,12151.776,6,0.17840364902991426,nested_statewide_rain,0.01
2018,2018-08-24,2018-09-03,Muktsar,9.73,3.7e-05,2.3e-05,7,0,40.197,53.181,56.817,53.226,110.86,146.178,0.0,0.0,0.0,0.0,25.896,9.517,18.745,0.0,0.0,0.4687,0.558,0.11,4.012,4.459,1.7423,True,12151.776,6,0.13873901614979178,nested_statewide_rain,0.01
2018,2018-09-03,2018-09-13,Muktsar,20.16,7.7e-05,3.7e-05,8,0,45.226,49.244,40.197,53.181,56.817,53.226,8.3,4.042,4.316,3.967,0.0,25.896,6.536,0.0,0.0,0.2938,0.2315,0.0,4.4148,4.8361,1.8,True,12151.776,6,0.06632732726415315,nested_statewide_rain,0.01
2018,2018-09-13,2018-09-23,Muktsar,2.25,9e-06,7.7e-05,9,0,20.397,24.962,45.226,49.244,40.197,53.181,0.0,0.0,0.0,0.0,8.3,0.0,9.134,0.0,0.0,0.052,-0.0074,-0.079,4.6199,4.984,1.7734,True,12151.776,6,0.03258863555825539,nested_statewide_rain,0.01
2018,2018-09-23,2018-09-30,Muktsar,0.0,0.0,9e-06,10,0,147.683,155.347,6.881,10.87,25.077,27.649,56.565,39.921,56.565,25.604,0.0,4.258,3.185,56.565,56.565,0.476,1.1164,0.517,4.9709,5.7747,2.1633,True,12151.776,6,0.4690428650922236,nested_statewide_rain,0.01
2018,2018-08-04,2018-08-14,Nawanshahr,0.0,0.0,0.000186,5,0,110.86,146.178,59.75,78.462,70.552,89.485,,,,,,,,,,0.2442,1.2274,0.249,2.1502,2.0566,1.2181,True,8315.008,8,0.6435946208144758,nested_statewide_rain,0.01
2018,2018-08-14,2018-08-24,Nawanshahr,0.0,0.0,0.0,6,0,56.817,53.226,110.86,146.178,59.75,78.462,,,,,,,,,,0.6797,0.7096,0.244,3.3509,3.5691,1.547,True,8315.008,8,0.23092440189921679,nested_statewide_rain,0.01
2018,2018-08-24,2018-09-03,Nawanshahr,1.47,1.1e-05,0.0,7,0,40.197,53.181,56.817,53.226,110.86,146.178,,,,,,,,,,0.4687,0.558,0.11,4.012,4.459,1.7423,True,8315.008,8,0.18634946514401193,nested_statewide_rain,0.01
2018,2018-09-03,2018-09-13,Nawanshahr,0.0,0.0,1.1e-05,8,0,45.226,49.244,40.197,53.181,56.817,53.226,,,,,,,,,,0.2938,0.2315,0.0,4.4148,4.8361,1.8,True,8315.008,8,0.09168107589954795,nested_statewide_rain,0.01
2018,2018-09-13,2018-09-23,Nawanshahr,0.0,0.0,0.0,9,0,20.397,24.962,45.226,49.244,40.197,53.181,,,,,,,,,,0.052,-0.0074,-0.079,4.6199,4.984,1.7734,True,8315.008,8,0.045196321772226274,nested_statewide_rain,0.01
2018,2018-09-23,2018-09-30,Nawanshahr,0.0,0.0,0.0,10,0,147.683,155.347,6.881,10.87,25.077,27.649,,,,,,,,,,0.476,1.1164,0.517,4.9709,5.7747,2.1633,True,8315.008,8,0.5574818928959208,nested_statewide_rain,0.01
2018,2018-08-04,2018-08-14,Patiala,0.0,0.0,0.000447,5,0,110.86,146.178,59.75,78.462,70.552,89.485,41.108,9.218,17.425,8.749,39.492,69.923,43.701,4.837,17.739,0.2442,1.2274,0.249,2.1502,2.0566,1.2181,True,51737.911,7,0.6720628482334602,nested_statewide_rain,0.01
2018,2018-08-14,2018-08-24,Patiala,0.0,0.0,0.0,6,0,56.817,53.226,110.86,146.178,59.75,78.462,59.769,20.255,35.987,16.825,41.108,39.492,44.41,5.233,20.965,0.6797,0.7096,0.244,3.3509,3.5691,1.547,True,51737.911,7,0.24356307177665662,nested_statewide_rain,0.01
2018,2018-08-24,2018-09-03,Patiala,0.0,0.0,0.0,7,0,40.197,53.181,56.817,53.226,110.86,146.178,47.209,23.521,23.748,10.035,59.769,41.108,58.353,17.183,20.831,0.4687,0.558,0.11,4.012,4.459,1.7423,True,51737.911,7,0.19717397926003677,nested_statewide_rain,0.01
2018,2018-09-03,2018-09-13,Patiala,0.0,0.0,0.0,8,0,45.226,49.244,40.197,53.181,56.817,53.226,60.55,17.221,30.606,13.815,47.209,59.769,55.271,27.677,46.334,0.2938,0.2315,0.0,4.4148,4.8361,1.8,True,51737.911,7,0.09745634984225335,nested_statewide_rain,0.01
2018,2018-09-13,2018-09-23,Patiala,0.0,0.0,0.0,9,0,20.397,24.962,45.226,49.244,40.197,53.181,36.929,25.518,25.518,12.787,60.55,47.209,51.315,11.411,11.411,0.052,-0.0074,-0.079,4.6199,4.984,1.7734,True,51737.911,7,0.048308454591334815,nested_statewide_rain,0.01
2018,2018-09-23,2018-09-30,Patiala,44.26,0.000133,0.0,10,0,147.683,155.347,6.881,10.87,25.077,27.649,153.361,54.047,153.361,51.998,25.518,13.678,47.833,153.361,153.361,0.476,1.1164,0.517,4.9709,5.7747,2.1633,True,51737.911,7,0.5746391212251915,nested_statewide_rain,0.01
2018,2018-07-25,2018-08-04,Rupnagar,7.36,5.3e-05,0.004357,4,0,59.75,78.462,70.552,89.485,35.776,35.446,145.48,62.519,118.973,47.595,90.741,30.21,76.397,108.534,125.187,0.7389,0.5463,0.098,1.5026,1.2085,1.0678,True,2268.321,2,0.12099109301465678,nested_statewide_rain,0.01
2018,2018-08-04,2018-08-14,Rupnagar,0.0,0.0,5.3e-05,5,0,110.86,146.178,59.75,78.462,70.552,89.485,205.091,79.722,151.709,61.016,145.48,90.741,104.689,34.801,47.441,0.2442,1.2274,0.249,2.1502,2.0566,1.2181,True,2268.321,2,0.3512419919828002,nested_statewide_rain,0.01
2018,2018-08-14,2018-08-24,Rupnagar,0.0,0.0,0.0,6,0,56.817,53.226,110.86,146.178,59.75,78.462,22.175,8.716,10.013,4.092,205.091,145.48,203.923,10.013,13.545,0.6797,0.7096,0.244,3.3509,3.5691,1.547,True,2268.321,2,0.0848033688438697,nested_statewide_rain,0.01
2018,2018-08-24,2018-09-03,Rupnagar,0.0,0.0,0.0,7,0,40.197,53.181,56.817,53.226,110.86,146.178,81.746,20.609,36.834,16.577,22.175,205.091,84.959,36.834,37.281,0.4687,0.558,0.11,4.012,4.459,1.7423,True,2268.321,2,0.06601292823481172,nested_statewide_rain,0.01
2018,2018-09-03,2018-09-13,Rupnagar,0.0,0.0,0.0,8,0,45.226,49.244,40.197,53.181,56.817,53.226,146.484,41.844,69.35,27.876,81.746,22.175,82.499,48.021,58.251,0.2938,0.2315,0.0,4.4148,4.8361,1.8,True,2268.321,2,0.030137825896375082,nested_statewide_rain,0.01
2018,2018-09-13,2018-09-23,Rupnagar,0.0,0.0,0.0,9,0,20.397,24.962,45.226,49.244,40.197,53.181,38.595,16.528,26.302,12.671,146.484,81.746,121.586,26.302,26.352,0.052,-0.0074,-0.079,4.6199,4.984,1.7734,True,2268.321,2,0.01439755275158388,nested_statewide_rain,0.01
2018,2018-09-23,2018-09-30,Rupnagar,2.92,2.1e-05,0.0,10,0,147.683,155.347,6.881,10.87,25.077,27.649,221.516,97.845,221.338,92.323,12.293,72.691,65.565,221.338,221.338,0.476,1.1164,0.517,4.9709,5.7747,2.1633,True,2268.321,2,0.27994062407492243,nested_statewide_rain,0.01
2018,2018-07-25,2018-08-04,Sahibzada Ajit Singh Nagar,0.0,0.0,0.000326,4,0,59.75,78.462,70.552,89.485,35.776,35.446,74.819,37.849,64.739,24.096,82.559,22.35,76.037,42.072,68.962,0.7389,0.5463,0.098,1.5026,1.2085,1.0678,True,1007.0920000000002,0,0.03747937511423429,nested_statewide_rain,0.01
2018,2018-08-04,2018-08-14,Sahibzada Ajit Singh Nagar,0.0,0.0,0.0,5,0,110.86,146.178,59.75,78.462,70.552,89.485,135.092,57.019,92.33,37.482,74.819,82.559,66.138,26.763,38.889,0.2442,1.2274,0.249,2.1502,2.0566,1.2181,True,1007.0920000000002,0,0.26649446655884046,nested_statewide_rain,0.01
2018,2018-08-14,2018-08-24,Sahibzada Ajit Singh Nagar,0.0,0.0,0.0,6,0,56.817,53.226,110.86,146.178,59.75,78.462,59.97,31.937,35.419,12.194,135.092,74.819,133.286,10.034,42.097,0.6797,0.7096,0.244,3.3509,3.5691,1.547,True,1007.0920000000002,0,0.059178648037369726,nested_statewide_rain,0.01
2018,2018-08-24,2018-09-03,Sahibzada Ajit Singh Nagar,0.0,0.0,0.0,7,0,40.197,53.181,56.817,53.226,110.86,146.178,56.642,20.987,25.533,16.789,59.97,135.092,85.156,25.533,29.647,0.4687,0.558,0.11,4.012,4.459,1.7423,True,1007.0920000000002,0,0.0457820159454267,nested_statewide_rain,0.01
2018,2018-09-03,2018-09-13,Sahibzada Ajit Singh Nagar,0.0,0.0,0.0,8,0,45.226,49.244,40.197,53.181,56.817,53.226,73.515,14.282,30.009,14.183,56.642,59.97,62.442,30.009,36.298,0.2938,0.2315,0.0,4.4148,4.8361,1.8,True,1007.0920000000002,0,0.020658334795327308,nested_statewide_rain,0.01
2018,2018-09-13,2018-09-23,Sahibzada Ajit Singh Nagar,0.0,0.0,0.0,9,0,20.397,24.962,45.226,49.244,40.197,53.181,31.437,23.348,23.348,6.691,73.515,56.642,67.079,8.089,8.089,0.052,-0.0074,-0.079,4.6199,4.984,1.7734,True,1007.0920000000002,0,0.009818852598047186,nested_statewide_rain,0.01
2018,2018-09-23,2018-09-30,Sahibzada Ajit Singh Nagar,0.0,0.0,0.0,10,0,147.683,155.347,6.881,10.87,25.077,27.649,130.855,49.858,130.786,47.451,23.348,31.134,50.01,130.786,130.786,0.476,1.1164,0.517,4.9709,5.7747,2.1633,True,1007.0920000000002,0,0.20880478645103326,nested_statewide_rain,0.01
2018,2018-08-04,2018-08-14,Sangrur,53.09,0.000147,0.000562,5,0,110.86,146.178,59.75,78.462,70.552,89.485,28.529,9.628,18.65,8.229,20.044,78.961,36.625,0.145,9.167,0.2442,1.2274,0.249,2.1502,2.0566,1.2181,True,58018.238,10,0.7941032165324556,nested_statewide_rain,0.01
2018,2018-08-14,2018-08-24,Sangrur,4.5,1.2e-05,0.000147,6,0,56.817,53.226,110.86,146.178,59.75,78.462,29.649,16.872,22.664,6.29,28.529,20.044,32.804,5.187,10.979,0.6797,0.7096,0.244,3.3509,3.5691,1.547,True,58018.238,10,0.3789549904778913,nested_statewide_rain,0.01
2018,2018-08-24,2018-09-03,Sangrur,6.77,1.9e-05,1.2e-05,7,0,40.197,53.181,56.817,53.226,110.86,146.178,6.736,3.413,3.642,2.622,29.649,28.529,29.762,2.654,2.883,0.4687,0.558,0.11,4.012,4.459,1.7423,True,58018.238,10,0.3112871642477522,nested_statewide_rain,0.01
2018,2018-09-03,2018-09-13,Sangrur,0.0,0.0,1.9e-05,8,0,45.226,49.244,40.197,53.181,56.817,53.226,30.46,13.702,20.978,6.54,6.736,29.649,14.472,6.683,12.753,0.2938,0.2315,0.0,4.4148,4.8361,1.8,True,58018.238,10,0.16598561955424793,nested_statewide_rain,0.01
2018,2018-09-13,2018-09-23,Sangrur,0.0,0.0,0.0,9,0,20.397,24.962,45.226,49.244,40.197,53.181,18.091,10.005,10.005,8.278,30.46,6.736,23.474,8.086,8.086,0.052,-0.0074,-0.079,4.6199,4.984,1.7734,True,58018.238,10,0.08523172207004659,nested_statewide_rain,0.01
2018,2018-09-23,2018-09-30,Sangrur,74.53,0.000206,0.0,10,0,147.683,155.347,6.881,10.87,25.077,27.649,120.382,52.596,120.381,41.478,10.005,12.091,21.322,120.381,120.381,0.476,1.1164,0.517,4.9709,5.7747,2.1633,True,58018.238,10,0.7126197229429948,nested_statewide_rain,0.01
2018,2018-07-25,2018-08-04,Tarn Taran,22.58,9.4e-05,0.000212,4,0,59.75,78.462,70.552,89.485,35.776,35.446,68.016,35.579,54.37,18.982,25.822,25.599,37.141,54.37,55.493,0.7389,0.5463,0.098,1.5026,1.2085,1.0678,True,33689.281,8,0.1742755090651506,nested_statewide_rain,0.01
2018,2018-08-04,2018-08-14,Tarn Taran,0.0,0.0,9.4e-05,5,0,110.86,146.178,59.75,78.462,70.552,89.485,40.078,10.744,21.612,7.585,68.016,25.822,46.419,4.549,18.927,0.2442,1.2274,0.249,2.1502,2.0566,1.2181,True,33689.281,8,0.6732287455257303,nested_statewide_rain,0.01
2018,2018-08-14,2018-08-24,Tarn Taran,211.21,0.00088,0.0,6,0,56.817,53.226,110.86,146.178,59.75,78.462,39.341,7.751,17.415,6.897,40.078,68.016,43.994,10.587,14.176,0.6797,0.7096,0.244,3.3509,3.5691,1.547,True,33689.281,8,0.2589760504244286,nested_statewide_rain,0.01
2018,2018-08-24,2018-09-03,Tarn Taran,58.44,0.000243,0.00088,7,0,40.197,53.181,56.817,53.226,110.86,146.178,4.97,1.933,2.675,1.647,39.341,40.078,41.979,0.362,2.295,0.4687,0.558,0.11,4.012,4.459,1.7423,True,33689.281,8,0.2439727161513526,nested_statewide_rain,0.01
2018,2018-09-03,2018-09-13,Tarn Taran,37.25,0.000155,0.000243,8,0,45.226,49.244,40.197,53.181,56.817,53.226,32.462,13.719,27.645,11.627,4.97,39.341,17.847,2.224,3.638,0.2938,0.2315,0.0,4.4148,4.8361,1.8,True,33689.281,8,0.10996475160663985,nested_statewide_rain,0.01
2018,2018-09-13,2018-09-23,Tarn Taran,17.53,7.3e-05,0.000155,9,0,20.397,24.962,45.226,49.244,40.197,53.181,0.873,0.358,0.602,0.255,32.462,4.97,29.061,0.479,0.837,0.052,-0.0074,-0.079,4.6199,4.984,1.7734,True,33689.281,8,0.05390949726650354,nested_statewide_rain,0.01
2018,2018-09-23,2018-09-30,Tarn Taran,494.29,0.002059,7.3e-05,10,0,147.683,155.347,6.881,10.87,25.077,27.649,225.147,153.002,220.012,94.177,0.394,15.584,10.556,220.012,220.012,0.476,1.1164,0.517,4.9709,5.7747,2.1633,True,33689.281,8,0.5983516089249132,nested_statewide_rain,0.01
2019,2019-07-25,2019-08-04,Amritsar,39.07,0.000146,0.000437,4,0,97.989,100.939,78.816,41.038,69.437,61.344,67.689,32.914,39.59,17.132,38.951,97.713,46.336,19.343,27.029,0.838,0.631,0.214,4.0528,2.5706,1.3554,True,24865.614999999998,7,0.01799497223192969,nested_lead_5day,0.1
2019,2019-08-04,2019-08-14,Amritsar,0.72,3e-06,0.000146,5,0,51.778,77.752,97.989,100.939,78.816,41.038,35.82,10.592,20.681,9.984,67.689,38.951,64.308,0.0,5.4,0.597,0.596,0.122,4.8582,3.2276,1.5378,True,24865.614999999998,7,0.08067812256269895,nested_lead_5day,0.1
2019,2019-08-14,2019-08-24,Amritsar,55.19,0.000207,3e-06,6,0,111.926,141.573,51.778,77.752,97.989,100.939,83.829,48.736,72.342,22.286,35.82,67.689,49.291,8.985,77.068,0.303,1.3446,0.479,5.4931,4.3918,1.8643,True,24865.614999999998,7,0.2630942608511604,nested_lead_5day,0.1
2019,2019-08-24,2019-09-03,Amritsar,14.39,5.4e-05,0.000207,7,0,29.797,44.692,111.926,141.573,51.778,77.752,19.135,13.046,13.07,5.118,83.829,35.82,64.931,1.828,1.828,-0.046,0.386,-0.039,5.4587,5.2518,2.0467,True,24865.614999999998,7,0.22234439852711063,nested_lead_5day,0.1
2019,2019-09-03,2019-09-13,Amritsar,0.0,0.0,5.4e-05,8,0,25.31,25.405,29.797,44.692,111.926,141.573,12.15,11.178,12.102,1.87,19.135,83.829,39.663,12.014,12.102,-0.035,0.173,0.0,5.428,5.5962,2.039,True,24865.614999999998,7,0.014846155636198238,nested_lead_5day,0.1
2019,2019-09-13,2019-09-23,Amritsar,0.0,0.0,0.0,9,0,13.866,15.745,25.31,25.405,29.797,44.692,5.974,2.931,4.835,1.945,12.15,19.135,19.614,3.86,5.764,0.009,-0.2258,0.0,5.4418,5.5306,2.039,True,24865.614999999998,7,0.010524590941504259,nested_lead_5day,0.1
2019,2019-09-23,2019-09-30,Amritsar,0.0,0.0,0.0,10,0,27.482,25.43,10.063,11.618,4.117,4.427,43.569,34.198,41.977,17.45,2.114,3.86,9.889,1.592,7.877,-0.054,-0.0376,-0.04,5.3679,5.3796,2.0104,True,24865.614999999998,7,0.00843046442116922,nested_lead_5day,0.1
2019,2019-07-25,2019-08-04,Barnala,3.71,2.5e-05,0.003068,4,0,97.989,100.939,78.816,41.038,69.437,61.344,26.284,10.641,14.08,7.87,121.388,44.163,67.165,1.056,12.092,0.838,0.631,0.214,4.0528,2.5706,1.3554,True,15675.597,8,0.023654394961794473,nested_lead_5day,0.1
2019,2019-08-04,2019-08-14,Barnala,0.0,0.0,2.5e-05,5,0,51.778,77.752,97.989,100.939,78.816,41.038,13.992,13.621,13.75,1.572,26.284,121.388,43.804,0.233,0.236,0.597,0.596,0.122,4.8582,3.2276,1.5378,True,15675.597,8,0.08755999532223867,nested_lead_5day,0.1
2019,2019-08-14,2019-08-24,Barnala,0.0,0.0,0.0,6,0,111.926,141.573,51.778,77.752,97.989,100.939,80.211,78.293,79.175,8.484,13.992,26.284,29.118,0.635,79.329,0.303,1.3446,0.479,5.4931,4.3918,1.8643,True,15675.597,8,0.5248284301006337,nested_lead_5day,0.1
2019,2019-08-24,2019-09-03,Barnala,0.0,0.0,0.0,7,0,29.797,44.692,111.926,141.573,51.778,77.752,8.872,7.125,7.125,2.271,80.211,13.992,57.475,0.015,0.015,-0.046,0.386,-0.039,5.4587,5.2518,2.0467,True,15675.597,8,0.314189564194186,nested_lead_5day,0.1
2019,2019-09-03,2019-09-13,Barnala,2.24,1.5e-05,0.0,8,0,25.31,25.405,29.797,44.692,111.926,141.573,8.432,8.421,8.43,0.85,8.872,80.211,28.434,8.421,8.43,-0.035,0.173,0.0,5.428,5.5962,2.039,True,15675.597,8,0.02256524293887105,nested_lead_5day,0.1
2019,2019-09-13,2019-09-23,Barnala,0.0,0.0,1.5e-05,9,0,13.866,15.745,25.31,25.405,29.797,44.692,0.404,0.404,0.404,0.04,8.432,8.872,13.949,0.0,0.404,0.009,-0.2258,0.0,5.4418,5.5306,2.039,True,15675.597,8,0.015127190718480867,nested_lead_5day,0.1
2019,2019-09-23,2019-09-30,Barnala,0.0,0.0,0.0,10,0,27.482,25.43,10.063,11.618,4.117,4.427,6.393,5.133,5.754,2.425,0.404,0.002,5.102,0.613,0.64,-0.054,-0.0376,-0.04,5.3679,5.3796,2.0104,True,15675.597,8,0.010457831503878516,nested_lead_5day,0.1
2019,2019-08-04,2019-08-14,Bathinda,8.96,2.7e-05,0.000669,5,0,51.778,77.752,97.989,100.939,78.816,41.038,8.514,5.188,7.031,2.132,26.708,183.926,46.985,1.047,1.483,0.597,0.596,0.122,4.8582,3.2276,1.5378,True,11325.555,4,0.014601412617083797,nested_lead_5day,0.1
2019,2019-08-14,2019-08-24,Bathinda,0.0,0.0,2.7e-05,6,0,111.926,141.573,51.778,77.752,97.989,100.939,45.776,42.314,44.24,5.938,8.514,26.708,23.711,1.266,45.476,0.303,1.3446,0.479,5.4931,4.3918,1.8643,True,11325.555,4,0.07742472338132743,nested_lead_5day,0.1
2019,2019-08-24,2019-09-03,Bathinda,0.0,0.0,0.0,7,0,29.797,44.692,111.926,141.573,51.778,77.752,6.397,5.665,5.708,1.16,45.776,8.514,35.021,0.0,0.03,-0.046,0.386,-0.039,5.4587,5.2518,2.0467,True,11325.555,4,0.13479193004276308,nested_lead_5day,0.1
2019,2019-09-03,2019-09-13,Bathinda,0.0,0.0,0.0,8,0,25.31,25.405,29.797,44.692,111.926,141.573,1.811,1.811,1.811,0.181,6.397,45.776,18.407,1.811,1.811,-0.035,0.173,0.0,5.428,5.5962,2.039,True,11325.555,4,0.005016981788841,nested_lead_5day,0.1
2019,2019-09-13,2019-09-23,Bathinda,0.0,0.0,0.0,9,0,13.866,15.745,25.31,25.405,29.797,44.692,0.21,0.21,0.21,0.021,1.811,6.397,7.284,0.0,0.21,0.009,-0.2258,0.0,5.4418,5.5306,2.039,True,11325.555,4,0.0032776996740335445,nested_lead_5day,0.1
2019,2019-09-23,2019-09-30,Bathinda,0.0,0.0,0.0,10,0,27.482,25.43,10.063,11.618,4.117,4.427,8.397,5.475,5.475,3.891,0.21,0.0,2.664,5.475,5.475,-0.054,-0.0376,-0.04,5.3679,5.3796,2.0104,True,11325.555,4,0.0023483345201112103,nested_lead_5day,0.1
2019,2019-07-25,2019-08-04,Faridkot,51.8,0.000356,0.015611,4,0,97.989,100.939,78.816,41.038,69.437,61.344,41.84,17.588,21.292,13.329,142.912,20.134,72.999,14.212,20.548,0.838,0.631,0.214,4.0528,2.5706,1.3554,True,10912.923999999999,6,0.7643581413484829,nested_lead_5day,0.1
2019,2019-08-04,2019-08-14,Faridkot,2.96,2e-05,0.000356,5,0,51.778,77.752,97.989,100.939,78.816,41.038,18.555,10.668,16.027,5.533,41.84,142.912,54.115,0.4,2.528,0.597,0.596,0.122,4.8582,3.2276,1.5378,True,10912.923999999999,6,0.03292302600527074,nested_lead_5day,0.1
2019,2019-08-14,2019-08-24,Faridkot,0.0,0.0,2e-05,6,0,111.926,141.573,51.778,77.752,97.989,100.939,22.675,17.043,18.51,5.453,18.555,41.84,34.115,4.165,22.675,0.303,1.3446,0.479,5.4931,4.3918,1.8643,True,10912.923999999999,6,0.06729085326589253,nested_lead_5day,0.1
2019,2019-08-24,2019-09-03,Faridkot,0.0,0.0,0.0,7,0,29.797,44.692,111.926,141.573,51.778,77.752,18.574,16.537,18.551,3.466,22.675,18.555,24.532,0.023,0.023,-0.046,0.386,-0.039,5.4587,5.2518,2.0467,True,10912.923999999999,6,0.3153117151330359,nested_lead_5day,0.1
2019,2019-09-03,2019-09-13,Faridkot,0.0,0.0,0.0,8,0,25.31,25.405,29.797,44.692,111.926,141.573,6.093,6.032,6.093,0.658,18.574,22.675,26.733,6.093,6.093,-0.035,0.173,0.0,5.428,5.5962,2.039,True,10912.923999999999,6,0.013027995856156653,nested_lead_5day,0.1
2019,2019-09-13,2019-09-23,Faridkot,0.0,0.0,0.0,9,0,13.866,15.745,25.31,25.405,29.797,44.692,0.0,0.0,0.0,0.0,6.093,18.574,12.233,0.0,0.0,0.009,-0.2258,0.0,5.4418,5.5306,2.039,True,10912.923999999999,6,0.006210144946646595,nested_lead_5day,0.1
2019,2019-09-23,2019-09-30,Faridkot,0.0,0.0,0.0,10,0,27.482,25.43,10.063,11.618,4.117,4.427,10.257,7.861,7.861,4.582,0.0,0.0,4.265,2.396,2.396,-0.054,-0.0376,-0.04,5.3679,5.3796,2.0104,True,10912.923999999999,6,0.004855174930614726,nested_lead_5day,0.1
2019,2019-07-25,2019-08-04,Fatehgarh Sahib,0.0,0.0,0.0,4,0,97.989,100.939,78.816,41.038,69.437,61.344,49.673,20.777,26.607,9.398,115.576,125.32,84.446,11.05,14.662,0.838,0.631,0.214,4.0528,2.5706,1.3554,True,17158.509,8,0.0036982772567634094,nested_lead_5day,0.1
2019,2019-08-04,2019-08-14,Fatehgarh Sahib,0.0,0.0,0.0,5,0,51.778,77.752,97.989,100.939,78.816,41.038,16.744,9.785,11.298,2.817,49.673,115.576,68.167,10.46,11.342,0.597,0.596,0.122,4.8582,3.2276,1.5378,True,17158.509,8,0.09066094206738654,nested_lead_5day,0.1
2019,2019-08-14,2019-08-24,Fatehgarh Sahib,1472.8,0.012845,0.0,6,0,111.926,141.573,51.778,77.752,97.989,100.939,143.285,107.41,135.119,27.96,16.744,49.673,33.486,7.24,123.227,0.303,1.3446,0.479,5.4931,4.3918,1.8643,True,17158.509,8,0.7655855529076083,nested_lead_5day,0.1
2019,2019-08-24,2019-09-03,Fatehgarh Sahib,8.89,7.8e-05,0.012845,7,0,29.797,44.692,111.926,141.573,51.778,77.752,23.253,9.643,20.581,5.959,143.285,16.744,96.176,20.581,20.581,-0.046,0.386,-0.039,5.4587,5.2518,2.0467,True,17158.509,8,0.990038651731868,nested_lead_5day,0.1
2019,2019-09-03,2019-09-13,Fatehgarh Sahib,0.0,0.0,7.8e-05,8,0,25.31,25.405,29.797,44.692,111.926,141.573,67.956,61.175,67.911,9.461,23.253,143.285,44.723,64.196,67.956,-0.035,0.173,0.0,5.428,5.5962,2.039,True,17158.509,8,0.06333758401031246,nested_lead_5day,0.1
2019,2019-09-13,2019-09-23,Fatehgarh Sahib,0.0,0.0,0.0,9,0,13.866,15.745,25.31,25.405,29.797,44.692,1.314,1.232,1.232,0.197,67.956,23.253,48.155,0.082,1.314,0.009,-0.2258,0.0,5.4418,5.5306,2.039,True,17158.509,8,0.005585749745443667,nested_lead_5day,0.1
2019,2019-09-23,2019-09-30,Fatehgarh Sahib,0.0,0.0,0.0,10,0,27.482,25.43,10.063,11.618,4.117,4.427,54.392,30.471,50.394,21.979,1.232,0.082,17.478,3.194,7.603,-0.054,-0.0376,-0.04,5.3679,5.3796,2.0104,True,17158.509,8,0.012974460542755672,nested_lead_5day,0.1
2019,2019-07-25,2019-08-04,Firozpur,64.38,0.000123,0.005346,4,0,97.989,100.939,78.816,41.038,69.437,61.344,62.695,22.18,28.853,11.85,88.624,15.63,49.126,15.3,31.511,0.838,0.631,0.214,4.0528,2.5706,1.3554,True,70033.54299999999,8,0.2297300736680838,nested_lead_5day,0.1
2019,2019-08-04,2019-08-14,Firozpur,150.28,0.000288,0.000123,5,0,51.778,77.752,97.989,100.939,78.816,41.038,17.357,7.722,14.355,6.628,62.695,88.624,59.917,1.099,2.234,0.597,0.596,0.122,4.8582,3.2276,1.5378,True,70033.54299999999,8,0.08664174854894185,nested_lead_5day,0.1
2019,2019-08-14,2019-08-24,Firozpur,3574.21,0.006845,0.000288,6,0,111.926,141.573,51.778,77.752,97.989,100.939,14.533,7.415,11.193,3.75,17.357,62.695,35.671,3.181,13.939,0.303,1.3446,0.479,5.4931,4.3918,1.8643,True,70033.54299999999,8,0.12558202927505344,nested_lead_5day,0.1
2019,2019-08-24,2019-09-03,Firozpur,671.56,0.001286,0.006845,7,0,29.797,44.692,111.926,141.573,51.778,77.752,12.629,9.526,10.565,1.762,14.533,17.357,20.375,1.057,1.165,-0.046,0.386,-0.039,5.4587,5.2518,2.0467,True,70033.54299999999,8,0.9690115438887256,nested_lead_5day,0.1
2019,2019-09-03,2019-09-13,Firozpur,322.03,0.000617,0.001286,8,0,25.31,25.405,29.797,44.692,111.926,141.573,2.878,2.375,2.878,0.496,12.629,14.533,18.682,2.591,2.878,-0.035,0.173,0.0,5.428,5.5962,2.039,True,70033.54299999999,8,0.06274849950911836,nested_lead_5day,0.1
2019,2019-09-13,2019-09-23,Firozpur,57.23,0.00011,0.000617,9,0,13.866,15.745,25.31,25.405,29.797,44.692,1.139,0.652,0.896,0.285,2.878,12.629,7.895,0.229,0.243,0.009,-0.2258,0.0,5.4418,5.5306,2.039,True,70033.54299999999,8,0.024037115899618836,nested_lead_5day,0.1
2019,2019-09-23,2019-09-30,Firozpur,46.42,8.9e-05,0.00011,10,0,27.482,25.43,10.063,11.618,4.117,4.427,4.992,4.338,4.941,2.096,0.91,0.229,3.643,0.051,0.653,-0.054,-0.0376,-0.04,5.3679,5.3796,2.0104,True,70033.54299999999,8,0.012716677509776298,nested_lead_5day,0.1
2019,2019-07-25,2019-08-04,Gurdaspur,50.16,0.000138,1e-05,4,0,97.989,100.939,78.816,41.038,69.437,61.344,130.577,62.77,90.618,25.133,19.903,77.472,29.307,33.183,38.661,0.838,0.631,0.214,4.0528,2.5706,1.3554,True,22104.684,5,0.014654717805822445,nested_lead_5day,0.1
2019,2019-08-04,2019-08-14,Gurdaspur,8.59,2.4e-05,0.000138,5,0,51.778,77.752,97.989,100.939,78.816,41.038,60.522,23.275,28.39,16.497,130.577,19.903,98.159,1.896,7.033,0.597,0.596,0.122,4.8582,3.2276,1.5378,True,22104.684,5,0.017856616458637956,nested_lead_5day,0.1
2019,2019-08-14,2019-08-24,Gurdaspur,264.32,0.000728,2.4e-05,6,0,111.926,141.573,51.778,77.752,97.989,100.939,129.864,52.286,79.25,33.374,60.522,130.577,82.615,44.15,117.883,0.303,1.3446,0.479,5.4931,4.3918,1.8643,True,22104.684,5,0.180576412022865,nested_lead_5day,0.1
2019,2019-08-24,2019-09-03,Gurdaspur,273.89,0.000755,0.000728,7,0,29.797,44.692,111.926,141.573,51.778,77.752,34.396,16.379,16.452,8.695,129.864,60.522,97.594,11.73,11.803,-0.046,0.386,-0.039,5.4587,5.2518,2.0467,True,22104.684,5,0.07938524436835884,nested_lead_5day,0.1
2019,2019-09-03,2019-09-13,Gurdaspur,28.48,7.8e-05,0.000755,8,0,25.31,25.405,29.797,44.692,111.926,141.573,20.814,15.853,20.735,4.469,34.396,129.864,57.555,19.057,20.814,-0.035,0.173,0.0,5.428,5.5962,2.039,True,22104.684,5,0.006277953660980983,nested_lead_5day,0.1
2019,2019-09-13,2019-09-23,Gurdaspur,2.88,8e-06,7.8e-05,9,0,13.866,15.745,25.31,25.405,29.797,44.692,27.227,10.905,18.606,6.195,20.814,34.396,29.969,6.339,8.584,0.009,-0.2258,0.0,5.4418,5.5306,2.039,True,22104.684,5,0.004047260598271754,nested_lead_5day,0.1
2019,2019-09-23,2019-09-30,Gurdaspur,27.07,7.5e-05,8e-06,10,0,27.482,25.43,10.063,11.618,4.117,4.427,47.177,22.193,47.088,22.184,20.888,6.339,28.601,0.089,22.267,-0.054,-0.0376,-0.04,5.3679,5.3796,2.0104,True,22104.684,5,0.004271324858396657,nested_lead_5day,0.1
2019,2019-07-25,2019-08-04,Hoshiarpur,3.61,1.1e-05,0.0,4,0,97.989,100.939,78.816,41.038,69.437,61.344,193.227,72.052,148.018,63.825,36.645,98.266,48.117,33.38,38.398,0.838,0.631,0.214,4.0528,2.5706,1.3554,True,6632.914,2,0.0026940077127780696,nested_lead_5day,0.1
2019,2019-08-04,2019-08-14,Hoshiarpur,3.61,1.1e-05,1.1e-05,5,0,51.778,77.752,97.989,100.939,78.816,41.038,108.928,40.313,61.823,21.678,193.227,36.645,158.54,13.69,33.4,0.597,0.596,0.122,4.8582,3.2276,1.5378,True,6632.914,2,0.0036661347175655995,nested_lead_5day,0.1
2019,2019-08-14,2019-08-24,Hoshiarpur,58.91,0.000174,1.1e-05,6,0,111.926,141.573,51.778,77.752,97.989,100.939,153.796,118.873,133.937,20.845,108.928,193.227,129.532,17.127,138.732,0.303,1.3446,0.479,5.4931,4.3918,1.8643,True,6632.914,2,0.031806808980967216,nested_lead_5day,0.1
2019,2019-08-24,2019-09-03,Hoshiarpur,12.35,3.7e-05,0.000174,7,0,29.797,44.692,111.926,141.573,51.778,77.752,20.259,8.66,9.077,8.502,153.796,108.928,134.196,9.077,9.077,-0.046,0.386,-0.039,5.4587,5.2518,2.0467,True,6632.914,2,0.008136770098099069,nested_lead_5day,0.1
2019,2019-09-03,2019-09-13,Hoshiarpur,13.07,3.9e-05,3.7e-05,8,0,25.31,25.405,29.797,44.692,111.926,141.573,32.797,31.224,32.331,4.055,20.259,153.796,61.172,32.26,32.331,-0.035,0.173,0.0,5.428,5.5962,2.039,True,6632.914,2,0.0018596210017549114,nested_lead_5day,0.1
2019,2019-09-13,2019-09-23,Hoshiarpur,3.62,1.1e-05,3.9e-05,9,0,13.866,15.745,25.31,25.405,29.797,44.692,25.657,9.777,12.331,9.014,32.797,20.259,37.205,11.479,21.26,0.009,-0.2258,0.0,5.4418,5.5306,2.039,True,6632.914,2,0.0015443532371782638,nested_lead_5day,0.1
2019,2019-09-23,2019-09-30,Hoshiarpur,13.07,3.9e-05,1.1e-05,10,0,27.482,25.43,10.063,11.618,4.117,4.427,25.53,19.422,22.001,9.886,14.178,11.921,26.191,3.529,22.951,-0.054,-0.0376,-0.04,5.3679,5.3796,2.0104,True,6632.914,2,0.0012985912115333815,nested_lead_5day,0.1
2019,2019-07-25,2019-08-04,Jalandhar,41.87,0.00016,0.000688,4,0,97.989,100.939,78.816,41.038,69.437,61.344,120.371,51.482,76.692,21.967,47.003,80.675,44.392,26.603,41.934,0.838,0.631,0.214,4.0528,2.5706,1.3554,True,22282.610999999997,7,0.03135851897800161,nested_lead_5day,0.1
2019,2019-08-04,2019-08-14,Jalandhar,145.22,0.000556,0.00016,5,0,51.778,77.752,97.989,100.939,78.816,41.038,65.159,28.555,31.58,24.225,120.371,47.003,101.337,3.037,9.801,0.597,0.596,0.122,4.8582,3.2276,1.5378,True,22282.610999999997,7,0.04054614245996345,nested_lead_5day,0.1
2019,2019-08-14,2019-08-24,Jalandhar,4357.75,0.016672,0.000556,6,0,111.926,141.573,51.778,77.752,97.989,100.939,166.058,113.133,140.176,24.666,65.159,120.371,86.984,17.852,145.821,0.303,1.3446,0.479,5.4931,4.3918,1.8643,True,22282.610999999997,7,0.5997045579365926,nested_lead_5day,0.1
2019,2019-08-24,2019-09-03,Jalandhar,691.95,0.002647,0.016672,7,0,29.797,44.692,111.926,141.573,51.778,77.752,40.21,24.811,24.811,8.174,166.058,65.159,126.431,9.074,9.074,-0.046,0.386,-0.039,5.4587,5.2518,2.0467,True,22282.610999999997,7,0.9920441971854235,nested_lead_5day,0.1
2019,2019-09-03,2019-09-13,Jalandhar,1038.03,0.003971,0.002647,8,0,25.31,25.405,29.797,44.692,111.926,141.573,29.04,26.699,28.646,3.833,40.21,166.058,77.605,27.991,28.703,-0.035,0.173,0.0,5.428,5.5962,2.039,True,22282.610999999997,7,0.028103304988428432,nested_lead_5day,0.1
2019,2019-09-13,2019-09-23,Jalandhar,483.72,0.001851,0.003971,9,0,13.866,15.745,25.31,25.405,29.797,44.692,12.247,5.794,7.153,2.615,29.04,40.21,41.104,7.153,9.387,0.009,-0.2258,0.0,5.4418,5.5306,2.039,True,22282.610999999997,7,0.04345047770550924,nested_lead_5day,0.1
2019,2019-09-23,2019-09-30,Jalandhar,430.97,0.001649,0.001851,10,0,27.482,25.43,10.063,11.618,4.117,4.427,37.568,21.595,33.96,15.761,5.094,7.49,20.967,3.608,15.479,-0.054,-0.0376,-0.04,5.3679,5.3796,2.0104,True,22282.610999999997,7,0.022252952182047755,nested_lead_5day,0.1
2019,2019-07-25,2019-08-04,Kapurthala,75.14,0.000451,0.000739,4,0,97.989,100.939,78.816,41.038,69.437,61.344,149.51,69.147,101.366,29.404,51.1,99.607,52.473,29.996,45.058,0.838,0.631,0.214,4.0528,2.5706,1.3554,True,31888.305,8,0.04329685723152646,nested_lead_5day,0.1
2019,2019-08-04,2019-08-14,Kapurthala,33.58,0.000202,0.000451,5,0,51.778,77.752,97.989,100.939,78.816,41.038,91.154,34.809,36.569,34.62,149.51,51.1,127.302,6.118,19.986,0.597,0.596,0.122,4.8582,3.2276,1.5378,True,31888.305,8,0.05974501397725089,nested_lead_5day,0.1
2019,2019-08-14,2019-08-24,Kapurthala,3632.71,0.0218,0.000202,6,1,111.926,141.573,51.778,77.752,97.989,100.939,202.089,108.878,162.339,44.199,91.154,149.51,115.818,27.229,173.119,0.303,1.3446,0.479,5.4931,4.3918,1.8643,True,31888.305,8,0.7059600653088994,nested_lead_5day,0.1
2019,2019-09-03,2019-09-13,Kapurthala,502.06,0.003013,0.004489,8,0,25.31,25.405,29.797,44.692,111.926,141.573,22.161,17.601,22.161,4.519,70.564,202.089,116.06,20.667,22.161,-0.035,0.173,0.0,5.428,5.5962,2.039,True,31888.305,8,0.038225685598281454,nested_lead_5day,0.1
2019,2019-09-13,2019-09-23,Kapurthala,430.94,0.002586,0.003013,9,0,13.866,15.745,25.31,25.405,29.797,44.692,20.991,6.494,12.032,5.634,22.161,70.564,51.0,12.032,15.501,0.009,-0.2258,0.0,5.4418,5.5306,2.039,True,31888.305,8,0.04574930511179336,nested_lead_5day,0.1
2019,2019-09-23,2019-09-30,Kapurthala,247.36,0.001484,0.002586,10,0,27.482,25.43,10.063,11.618,4.117,4.427,54.286,32.618,48.716,22.687,8.959,12.032,29.886,5.57,21.636,-0.054,-0.0376,-0.04,5.3679,5.3796,2.0104,True,31888.305,8,0.051133434696647634,nested_lead_5day,0.1
2019,2019-07-25,2019-08-04,Ludhiana,33.84,9.4e-05,0.000239,4,0,97.989,100.939,78.816,41.038,69.437,61.344,67.435,23.493,40.92,16.708,77.064,84.297,59.963,11.791,23.884,0.838,0.631,0.214,4.0528,2.5706,1.3554,True,41876.342,8,0.014784904550988036,nested_lead_5day,0.1
2019,2019-08-04,2019-08-14,Ludhiana,18.38,5.1e-05,9.4e-05,5,0,51.778,77.752,97.989,100.939,78.816,41.038,36.401,19.455,20.666,7.624,67.435,77.064,72.417,2.629,5.286,0.597,0.596,0.122,4.8582,3.2276,1.5378,True,41876.342,8,0.0897458648737994,nested_lead_5day,0.1
2019,2019-08-14,2019-08-24,Ludhiana,5625.57,0.015642,5.1e-05,6,0,111.926,141.573,51.778,77.752,97.989,100.939,154.62,136.654,148.541,22.157,36.401,67.435,55.557,4.769,143.875,0.303,1.3446,0.479,5.4931,4.3918,1.8643,True,41876.342,8,0.8119772908601851,nested_lead_5day,0.1
2019,2019-08-24,2019-09-03,Ludhiana,164.65,0.000458,0.015642,7,0,29.797,44.692,111.926,141.573,51.778,77.752,26.182,14.942,14.942,6.546,154.62,36.401,110.68,5.469,5.469,-0.046,0.386,-0.039,5.4587,5.2518,2.0467,True,41876.342,8,0.9941450073981484,nested_lead_5day,0.1
2019,2019-09-03,2019-09-13,Ludhiana,167.6,0.000466,0.000458,8,0,25.31,25.405,29.797,44.692,111.926,141.573,30.049,29.07,29.555,3.35,26.182,154.62,60.011,29.072,29.557,-0.035,0.173,0.0,5.428,5.5962,2.039,True,41876.342,8,0.023432970696714562,nested_lead_5day,0.1
2019,2019-09-13,2019-09-23,Ludhiana,37.5,0.000104,0.000466,9,0,13.866,15.745,25.31,25.405,29.797,44.692,4.337,3.19,3.19,1.328,30.049,26.182,35.584,3.19,4.311,0.009,-0.2258,0.0,5.4418,5.5306,2.039,True,41876.342,8,0.014123987999517473,nested_lead_5day,0.1
2019,2019-09-23,2019-09-30,Ludhiana,38.97,0.000108,0.000104,10,0,27.482,25.43,10.063,11.618,4.117,4.427,25.97,17.675,24.06,9.1,1.147,3.682,14.263,1.654,4.911,-0.054,-0.0376,-0.04,5.3679,5.3796,2.0104,True,41876.342,8,0.013022535472640871,nested_lead_5day,0.1
2019,2019-07-25,2019-08-04,Mansa,93.84,0.000423,0.017543,4,0,97.989,100.939,78.816,41.038,69.437,61.344,15.351,7.386,11.192,3.763,87.762,14.81,45.461,3.896,14.643,0.838,0.631,0.214,4.0528,2.5706,1.3554,True,9405.895,4,0.8734815942214317,nested_lead_5day,0.1
2019,2019-08-04,2019-08-14,Mansa,6.0,2.7e-05,0.000423,5,0,51.778,77.752,97.989,100.939,78.816,41.038,6.002,3.139,3.146,2.88,15.351,87.762,24.135,3.146,3.146,0.597,0.596,0.122,4.8582,3.2276,1.5378,True,9405.895,4,0.035856870353534354,nested_lead_5day,0.1
2019,2019-08-14,2019-08-24,Mansa,8.29,3.7e-05,2.7e-05,6,0,111.926,141.573,51.778,77.752,97.989,100.939,39.167,32.443,35.498,6.383,6.002,15.351,12.774,3.539,39.037,0.303,1.3446,0.479,5.4931,4.3918,1.8643,True,9405.895,4,0.07214217192607156,nested_lead_5day,0.1
2019,2019-08-24,2019-09-03,Mansa,0.0,0.0,3.7e-05,7,0,29.797,44.692,111.926,141.573,51.778,77.752,2.13,1.642,1.642,0.454,39.167,6.002,26.85,0.045,0.166,-0.046,0.386,-0.039,5.4587,5.2518,2.0467,True,9405.895,4,0.15080494218234894,nested_lead_5day,0.1
2019,2019-09-03,2019-09-13,Mansa,0.0,0.0,0.0,8,0,25.31,25.405,29.797,44.692,111.926,141.573,7.206,5.695,7.206,1.929,2.13,39.167,11.323,5.695,7.206,-0.035,0.173,0.0,5.428,5.5962,2.039,True,9405.895,4,0.006576985153587315,nested_lead_5day,0.1
2019,2019-09-13,2019-09-23,Mansa,0.0,0.0,0.0,9,0,13.866,15.745,25.31,25.405,29.797,44.692,0.857,0.857,0.857,0.086,7.206,2.13,7.475,0.0,0.857,0.009,-0.2258,0.0,5.4418,5.5306,2.039,True,9405.895,4,0.0031638973173144626,nested_lead_5day,0.1
2019,2019-09-23,2019-09-30,Mansa,0.0,0.0,0.0,10,0,27.482,25.43,10.063,11.618,4.117,4.427,0.454,0.425,0.44,0.179,0.857,0.0,3.113,0.014,0.014,-0.054,-0.0376,-0.04,5.3679,5.3796,2.0104,True,9405.895,4,0.0019627394013804742,nested_lead_5day,0.1
2019,2019-07-25,2019-08-04,Moga,24.28,0.000103,0.000567,4,0,97.989,100.939,78.816,41.038,69.437,61.344,63.057,15.702,27.083,10.065,81.571,50.521,54.708,21.381,33.543,0.838,0.631,0.214,4.0528,2.5706,1.3554,True,44542.007999999994,8,0.02818440872963379,nested_lead_5day,0.1
2019,2019-08-04,2019-08-14,Moga,99.79,0.000424,0.000103,5,0,51.778,77.752,97.989,100.939,78.816,41.038,26.856,13.875,16.605,5.873,63.057,81.571,58.329,5.077,7.476,0.597,0.596,0.122,4.8582,3.2276,1.5378,True,44542.007999999994,8,0.09721132319284584,nested_lead_5day,0.1
2019,2019-08-14,2019-08-24,Moga,1636.6,0.006951,0.000424,6,0,111.926,141.573,51.778,77.752,97.989,100.939,73.09,40.536,61.21,19.872,26.856,63.057,42.22,11.361,69.473,0.303,1.3446,0.479,5.4931,4.3918,1.8643,True,44542.007999999994,8,0.39413194566970305,nested_lead_5day,0.1
2019,2019-08-24,2019-09-03,Moga,142.35,0.000605,0.006951,7,0,29.797,44.692,111.926,141.573,51.778,77.752,29.939,12.97,13.051,10.045,73.09,26.856,55.29,12.616,12.616,-0.046,0.386,-0.039,5.4587,5.2518,2.0467,True,44542.007999999994,8,0.9419907947553463,nested_lead_5day,0.1
2019,2019-09-03,2019-09-13,Moga,117.39,0.000499,0.000605,8,0,25.31,25.405,29.797,44.692,111.926,141.573,18.562,17.169,18.559,2.742,29.939,73.09,41.323,17.42,18.559,-0.035,0.173,0.0,5.428,5.5962,2.039,True,44542.007999999994,8,0.03338531222115484,nested_lead_5day,0.1
2019,2019-09-13,2019-09-23,Moga,27.87,0.000118,0.000499,9,0,13.866,15.745,25.31,25.405,29.797,44.692,4.049,2.59,3.582,1.152,18.562,29.939,23.337,0.467,0.467,0.009,-0.2258,0.0,5.4418,5.5306,2.039,True,44542.007999999994,8,0.014702255430250877,nested_lead_5day,0.1
2019,2019-09-23,2019-09-30,Moga,13.2,5.6e-05,0.000118,10,0,27.482,25.43,10.063,11.618,4.117,4.427,22.142,16.904,21.579,9.534,3.582,0.47,11.453,0.563,5.183,-0.054,-0.0376,-0.04,5.3679,5.3796,2.0104,True,44542.007999999994,8,0.01311291312051666,nested_lead_5day,0.1
2019,2019-08-04,2019-08-14,Muktsar,124.13,0.000475,0.001965,5,0,51.778,77.752,97.989,100.939,78.816,41.038,10.941,6.316,8.549,2.641,82.174,169.348,86.444,0.541,2.392,0.597,0.596,0.122,4.8582,3.2276,1.5378,True,12209.562,6,0.029535479531668008,nested_lead_5day,0.1
2019,2019-08-14,2019-08-24,Muktsar,25.29,9.7e-05,0.000475,6,0,111.926,141.573,51.778,77.752,97.989,100.939,19.03,14.792,15.459,4.693,10.941,82.174,38.684,3.571,19.03,0.303,1.3446,0.479,5.4931,4.3918,1.8643,True,12209.562,6,0.05987693694279991,nested_lead_5day,0.1
2019,2019-08-24,2019-09-03,Muktsar,11.15,4.3e-05,9.7e-05,7,0,29.797,44.692,111.926,141.573,51.778,77.752,11.284,10.634,11.186,1.56,19.03,10.941,24.114,0.0,0.098,-0.046,0.386,-0.039,5.4587,5.2518,2.0467,True,12209.562,6,0.3539349094764071,nested_lead_5day,0.1
2019,2019-09-03,2019-09-13,Muktsar,11.9,4.6e-05,4.3e-05,8,0,25.31,25.405,29.797,44.692,111.926,141.573,0.057,0.057,0.057,0.006,11.284,19.03,19.541,0.057,0.057,-0.035,0.173,0.0,5.428,5.5962,2.039,True,12209.562,6,0.01276847476458628,nested_lead_5day,0.1
2019,2019-09-13,2019-09-23,Muktsar,4.46,1.7e-05,4.6e-05,9,0,13.866,15.745,25.31,25.405,29.797,44.692,0.0,0.0,0.0,0.0,0.057,11.284,6.841,0.0,0.0,0.009,-0.2258,0.0,5.4418,5.5306,2.039,True,12209.562,6,0.007402544441133136,nested_lead_5day,0.1
2019,2019-09-23,2019-09-30,Muktsar,0.0,0.0,1.7e-05,10,0,27.482,25.43,10.063,11.618,4.117,4.427,4.56,3.041,3.041,2.128,0.0,0.0,2.385,3.041,3.041,-0.054,-0.0376,-0.04,5.3679,5.3796,2.0104,True,12209.562,6,0.004992663046476914,nested_lead_5day,0.1
2019,2019-07-25,2019-08-04,Nawanshahr,65.32,0.000501,0.0,4,0,97.989,100.939,78.816,41.038,69.437,61.344,,,,,,,,,,0.838,0.631,0.214,4.0528,2.5706,1.3554,True,9151.239,8,0.024038222164789756,nested_lead_5day,0.1
2019,2019-08-04,2019-08-14,Nawanshahr,5.14,3.9e-05,0.000501,5,0,51.778,77.752,97.989,100.939,78.816,41.038,,,,,,,,,,0.597,0.596,0.122,4.8582,3.2276,1.5378,True,9151.239,8,0.22986721663596063,nested_lead_5day,0.1
2019,2019-08-14,2019-08-24,Nawanshahr,2979.52,0.022835,3.9e-05,6,1,111.926,141.573,51.778,77.752,97.989,100.939,,,,,,,,,,0.303,1.3446,0.479,5.4931,4.3918,1.8643,True,9151.239,8,0.08747470993094554,nested_lead_5day,0.1
2019,2019-09-03,2019-09-13,Nawanshahr,58.03,0.000445,0.000929,8,0,25.31,25.405,29.797,44.692,111.926,141.573,,,,,,,,,,-0.035,0.173,0.0,5.428,5.5962,2.039,True,9151.239,8,0.035794346413241,nested_lead_5day,0.1
2019,2019-09-13,2019-09-23,Nawanshahr,31.59,0.000242,0.000445,9,0,13.866,15.745,25.31,25.405,29.797,44.692,,,,,,,,,,0.009,-0.2258,0.0,5.4418,5.5306,2.039,True,9151.239,8,0.013534034172474245,nested_lead_5day,0.1
2019,2019-09-23,2019-09-30,Nawanshahr,31.59,0.000242,0.000242,10,0,27.482,25.43,10.063,11.618,4.117,4.427,,,,,,,,,,-0.054,-0.0376,-0.04,5.3679,5.3796,2.0104,True,9151.239,8,0.0070547007791957606,nested_lead_5day,0.1
2019,2019-07-25,2019-08-04,Patiala,703.66,0.002107,0.000189,4,0,97.989,100.939,78.816,41.038,69.437,61.344,52.928,20.665,22.939,13.286,146.464,97.137,91.025,11.229,24.457,0.838,0.631,0.214,4.0528,2.5706,1.3554,True,55574.14599999999,7,0.00316245894219585,nested_lead_5day,0.1
2019,2019-08-04,2019-08-14,Patiala,45.56,0.000136,0.002107,5,0,51.778,77.752,97.989,100.939,78.816,41.038,8.746,3.506,3.67,2.682,52.928,146.464,70.499,2.836,2.86,0.597,0.596,0.122,4.8582,3.2276,1.5378,True,55574.14599999999,7,0.09686311359077743,nested_lead_5day,0.1
2019,2019-08-14,2019-08-24,Patiala,2457.19,0.007356,0.000136,6,0,111.926,141.573,51.778,77.752,97.989,100.939,130.774,90.978,112.713,20.74,8.746,52.928,31.077,15.476,115.253,0.303,1.3446,0.479,5.4931,4.3918,1.8643,True,55574.14599999999,7,0.6912362785055935,nested_lead_5day,0.1
2019,2019-08-24,2019-09-03,Patiala,70.05,0.00021,0.007356,7,0,29.797,44.692,111.926,141.573,51.778,77.752,24.685,10.903,19.03,7.091,130.774,8.746,87.185,19.03,19.03,-0.046,0.386,-0.039,5.4587,5.2518,2.0467,True,55574.14599999999,7,0.8872876926486277,nested_lead_5day,0.1
2019,2019-09-03,2019-09-13,Patiala,56.02,0.000168,0.00021,8,0,25.31,25.405,29.797,44.692,111.926,141.573,88.469,78.597,88.293,16.306,24.685,130.774,44.035,78.773,88.469,-0.035,0.173,0.0,5.428,5.5962,2.039,True,55574.14599999999,7,0.09729044070745636,nested_lead_5day,0.1
2019,2019-09-13,2019-09-23,Patiala,6.69,2e-05,0.000168,9,0,13.866,15.745,25.31,25.405,29.797,44.692,0.633,0.287,0.347,0.222,88.469,24.685,58.194,0.071,0.418,0.009,-0.2258,0.0,5.4418,5.5306,2.039,True,55574.14599999999,7,0.003153488435628439,nested_lead_5day,0.1
2019,2019-09-23,2019-09-30,Patiala,0.0,0.0,2e-05,10,0,27.482,25.43,10.063,11.618,4.117,4.427,31.525,21.05,29.225,13.116,0.562,0.071,20.721,1.399,2.648,-0.054,-0.0376,-0.04,5.3679,5.3796,2.0104,True,55574.14599999999,7,0.008566666414422686,nested_lead_5day,0.1
2019,2019-07-25,2019-08-04,Rupnagar,0.0,0.0,0.0,4,0,97.989,100.939,78.816,41.038,69.437,61.344,93.039,20.661,45.686,17.532,48.028,136.547,63.992,23.967,34.509,0.838,0.631,0.214,4.0528,2.5706,1.3554,True,2221.098,2,0.0014471137051324666,nested_lead_5day,0.1
2019,2019-08-04,2019-08-14,Rupnagar,0.0,0.0,0.0,5,0,51.778,77.752,97.989,100.939,78.816,41.038,47.669,23.022,32.444,11.813,93.039,48.028,88.204,12.232,15.623,0.597,0.596,0.122,4.8582,3.2276,1.5378,True,2221.098,2,0.008567855110724911,nested_lead_5day,0.1
2019,2019-08-14,2019-08-24,Rupnagar,2652.45,0.019108,0.0,6,0,111.926,141.573,51.778,77.752,97.989,100.939,193.999,144.779,182.374,42.016,47.669,93.039,60.653,10.099,161.875,0.303,1.3446,0.479,5.4931,4.3918,1.8643,True,2221.098,2,0.27236374680052033,nested_lead_5day,0.1
2019,2019-08-24,2019-09-03,Rupnagar,27.15,0.000196,0.019108,7,0,29.797,44.692,111.926,141.573,51.778,77.752,44.181,21.972,21.978,15.007,193.999,47.669,136.109,18.063,18.685,-0.046,0.386,-0.039,5.4587,5.2518,2.0467,True,2221.098,2,0.9785187037656428,nested_lead_5day,0.1
2019,2019-09-03,2019-09-13,Rupnagar,8.07,5.8e-05,0.000196,8,0,25.31,25.405,29.797,44.692,111.926,141.573,52.789,43.362,48.094,8.265,44.181,193.999,80.219,46.691,48.094,-0.035,0.173,0.0,5.428,5.5962,2.039,True,2221.098,2,0.0015634660179794074,nested_lead_5day,0.1
2019,2019-09-13,2019-09-23,Rupnagar,5.14,3.7e-05,5.8e-05,9,0,13.866,15.745,25.31,25.405,29.797,44.692,19.897,9.248,9.259,8.883,52.789,44.181,55.471,9.259,18.102,0.009,-0.2258,0.0,5.4418,5.5306,2.039,True,2221.098,2,0.0008464305040852412,nested_lead_5day,0.1
2019,2019-09-23,2019-09-30,Rupnagar,0.0,0.0,3.7e-05,10,0,27.482,25.43,10.063,11.618,4.117,4.427,46.022,16.906,27.171,13.121,10.638,13.624,29.165,16.906,29.449,-0.054,-0.0376,-0.04,5.3679,5.3796,2.0104,True,2221.098,2,0.0016511859419060834,nested_lead_5day,0.1
2019,2019-07-25,2019-08-04,Sahibzada Ajit Singh Nagar,8.92,8e-05,0.0,4,0,97.989,100.939,78.816,41.038,69.437,61.344,56.045,17.255,21.809,11.174,65.159,139.564,64.984,18.753,22.92,0.838,0.631,0.214,4.0528,2.5706,1.3554,True,964.8560000000001,0,0.00033327035111836793,nested_lead_5day,0.1
2019,2019-08-04,2019-08-14,Sahibzada Ajit Singh Nagar,0.0,0.0,8e-05,5,0,51.778,77.752,97.989,100.939,78.816,41.038,23.787,9.65,12.597,5.19,56.045,65.159,62.535,7.021,7.344,0.597,0.596,0.122,4.8582,3.2276,1.5378,True,964.8560000000001,0,0.004596257471833756,nested_lead_5day,0.1
2019,2019-08-14,2019-08-24,Sahibzada Ajit Singh Nagar,129.68,0.001167,0.0,6,0,111.926,141.573,51.778,77.752,97.989,100.939,156.395,82.468,122.274,34.027,23.787,56.045,37.473,33.39,127.019,0.303,1.3446,0.479,5.4931,4.3918,1.8643,True,964.8560000000001,0,0.10147848889253255,nested_lead_5day,0.1
2019,2019-08-24,2019-09-03,Sahibzada Ajit Singh Nagar,10.35,9.3e-05,0.001167,7,0,29.797,44.692,111.926,141.573,51.778,77.752,37.045,19.041,31.137,9.15,156.395,23.787,101.033,31.137,31.802,-0.046,0.386,-0.039,5.4587,5.2518,2.0467,True,964.8560000000001,0,0.02064953562087609,nested_lead_5day,0.1
2019,2019-09-03,2019-09-13,Sahibzada Ajit Singh Nagar,7.41,6.7e-05,9.3e-05,8,0,25.31,25.405,29.797,44.692,111.926,141.573,13.56,7.754,13.422,4.769,37.045,156.395,53.58,12.191,13.551,-0.035,0.173,0.0,5.428,5.5962,2.039,True,964.8560000000001,0,0.00034801419726137586,nested_lead_5day,0.1
2019,2019-09-13,2019-09-23,Sahibzada Ajit Singh Nagar,5.18,4.7e-05,6.7e-05,9,0,13.866,15.745,25.31,25.405,29.797,44.692,7.17,4.524,4.524,1.988,13.56,37.045,24.882,0.018,4.542,0.009,-0.2258,0.0,5.4418,5.5306,2.039,True,964.8560000000001,0,0.00047525062842252314,nested_lead_5day,0.1
2019,2019-09-23,2019-09-30,Sahibzada Ajit Singh Nagar,3.7,3.3e-05,4.7e-05,10,0,27.482,25.43,10.063,11.618,4.117,4.427,67.131,39.748,63.648,23.13,7.152,0.026,13.194,2.939,15.534,-0.054,-0.0376,-0.04,5.3679,5.3796,2.0104,True,964.8560000000001,0,0.000558989073713047,nested_lead_5day,0.1
2019,2019-07-25,2019-08-04,Sangrur,1944.04,0.005384,0.009625,4,0,97.989,100.939,78.816,41.038,69.437,61.344,45.97,15.447,23.121,14.818,98.21,40.506,57.033,5.547,22.762,0.838,0.631,0.214,4.0528,2.5706,1.3554,True,64146.276,10,0.7065328675159824,nested_lead_5day,0.1
2019,2019-08-04,2019-08-14,Sangrur,57.97,0.000161,0.005384,5,0,51.778,77.752,97.989,100.939,78.816,41.038,11.783,8.941,9.33,2.803,45.97,98.21,54.213,2.121,2.258,0.597,0.596,0.122,4.8582,3.2276,1.5378,True,64146.276,10,0.7253913789800697,nested_lead_5day,0.1
2019,2019-08-14,2019-08-24,Sangrur,1077.13,0.002983,0.000161,6,0,111.926,141.573,51.778,77.752,97.989,100.939,89.618,80.893,86.122,11.4,11.783,45.97,29.387,2.371,86.943,0.303,1.3446,0.479,5.4931,4.3918,1.8643,True,64146.276,10,0.7729751733696248,nested_lead_5day,0.1
2019,2019-08-24,2019-09-03,Sangrur,21.06,5.8e-05,0.002983,7,0,29.797,44.692,111.926,141.573,51.778,77.752,4.056,1.701,3.142,1.266,89.618,11.783,63.031,3.142,3.142,-0.046,0.386,-0.039,5.4587,5.2518,2.0467,True,64146.276,10,0.8149020352682967,nested_lead_5day,0.1
2019,2019-09-03,2019-09-13,Sangrur,18.06,5e-05,5.8e-05,8,0,25.31,25.405,29.797,44.692,111.926,141.573,31.61,24.819,31.582,8.564,4.056,89.618,24.143,24.819,31.582,-0.035,0.173,0.0,5.428,5.5962,2.039,True,64146.276,10,0.10943818141960301,nested_lead_5day,0.1
2019,2019-09-13,2019-09-23,Sangrur,16.56,4.6e-05,5e-05,9,0,13.866,15.745,25.31,25.405,29.797,44.692,0.942,0.648,0.648,0.329,31.61,4.056,23.912,0.294,0.942,0.009,-0.2258,0.0,5.4418,5.5306,2.039,True,64146.276,10,0.02931933683669989,nested_lead_5day,0.1
2019,2019-09-23,2019-09-30,Sangrur,9.03,2.5e-05,4.6e-05,10,0,27.482,25.43,10.063,11.618,4.117,4.427,11.551,9.667,10.161,4.289,0.648,0.322,8.834,0.687,1.405,-0.054,-0.0376,-0.04,5.3679,5.3796,2.0104,True,64146.276,10,0.027995091703138172,nested_lead_5day,0.1
2019,2019-07-25,2019-08-04,Tarn Taran,153.28,0.000639,0.001983,4,0,97.989,100.939,78.816,41.038,69.437,61.344,92.254,26.901,42.852,26.146,50.539,101.983,52.015,38.632,47.004,0.838,0.631,0.214,4.0528,2.5706,1.3554,True,33613.698,8,0.07666620313453744,nested_lead_5day,0.1
2019,2019-08-04,2019-08-14,Tarn Taran,18.3,7.6e-05,0.000639,5,0,51.778,77.752,97.989,100.939,78.816,41.038,58.358,25.589,29.284,19.558,92.254,50.539,77.58,2.187,9.212,0.597,0.596,0.122,4.8582,3.2276,1.5378,True,33613.698,8,0.10528310836435534,nested_lead_5day,0.1
2019,2019-08-14,2019-08-24,Tarn Taran,1888.38,0.007866,7.6e-05,6,0,111.926,141.573,51.778,77.752,97.989,100.939,107.955,52.774,89.551,32.14,58.358,92.254,74.877,12.906,95.527,0.303,1.3446,0.479,5.4931,4.3918,1.8643,True,33613.698,8,0.3668792241911394,nested_lead_5day,0.1
2019,2019-08-24,2019-09-03,Tarn Taran,98.82,0.000412,0.007866,7,0,29.797,44.692,111.926,141.573,51.778,77.752,23.254,13.808,14.035,5.037,107.955,58.358,87.572,5.202,5.202,-0.046,0.386,-0.039,5.4587,5.2518,2.0467,True,33613.698,8,0.8960357319889403,nested_lead_5day,0.1
2019,2019-09-03,2019-09-13,Tarn Taran,137.53,0.000573,0.000412,8,0,25.31,25.405,29.797,44.692,111.926,141.573,16.01,14.409,16.01,2.182,23.254,107.955,49.888,15.187,16.01,-0.035,0.173,0.0,5.428,5.5962,2.039,True,33613.698,8,0.023105817385873625,nested_lead_5day,0.1
2019,2019-09-13,2019-09-23,Tarn Taran,281.42,0.001172,0.000573,9,0,13.866,15.745,25.31,25.405,29.797,44.692,8.62,3.595,4.918,1.994,16.01,23.254,25.059,4.916,6.239,0.009,-0.2258,0.0,5.4418,5.5306,2.039,True,33613.698,8,0.01928878227185459,nested_lead_5day,0.1
2019,2019-09-23,2019-09-30,Tarn Taran,92.12,0.000384,0.001172,10,0,27.482,25.43,10.063,11.618,4.117,4.427,36.408,29.46,34.359,14.349,3.704,4.916,13.842,2.049,6.324,-0.054,-0.0376,-0.04,5.3679,5.3796,2.0104,True,33613.698,8,0.020127652930435037,nested_lead_5day,0.1
2020,2020-07-25,2020-08-04,Amritsar,3.6,1.3e-05,0.000103,4,0,65.399,74.736,69.954,46.173,79.212,48.773,41.474,13.04,24.315,13.032,61.191,48.917,49.129,13.594,13.902,0.34,0.2444,-0.025,2.9392,2.5425,1.0991,True,25428.551,8,0.15473790107403687,nested_district_rain,0.01
2020,2020-08-04,2020-08-14,Amritsar,5.76,2.2e-05,1.3e-05,5,0,66.338,76.275,65.399,74.736,69.954,46.173,27.665,9.941,17.483,5.775,41.474,61.191,44.478,8.827,9.096,0.474,0.3456,-0.025,3.385,2.8123,1.0563,True,25428.551,8,0.1693228298381997,nested_district_rain,0.01
2020,2020-08-14,2020-08-24,Amritsar,0.0,0.0,2.2e-05,6,0,79.593,79.243,66.338,76.275,65.399,74.736,61.612,46.025,54.841,12.127,27.665,41.474,33.508,5.354,6.622,0.5212,0.7994,0.0,3.9927,3.5059,1.061,True,25428.551,8,0.2672592215422536,nested_district_rain,0.01
2020,2020-08-24,2020-09-03,Amritsar,6.48,2.4e-05,0.0,7,0,56.577,58.238,79.593,79.243,66.338,76.275,61.648,47.885,54.372,10.794,61.612,27.665,55.295,0.603,52.1,0.3341,0.599,0.257,4.4834,4.2115,1.1948,True,25428.551,8,0.20225810718169732,nested_district_rain,0.01
2020,2020-09-03,2020-09-13,Amritsar,2.16,8e-06,2.4e-05,8,0,25.289,19.085,56.577,58.238,79.593,79.243,27.138,12.494,23.721,11.354,61.648,61.612,57.05,23.721,25.799,0.1792,0.1764,0.117,4.7713,4.7737,1.4199,True,25428.551,8,0.06860345825320212,nested_district_rain,0.01
2020,2020-09-13,2020-09-23,Amritsar,0.0,0.0,8e-06,9,0,0.059,0.619,25.289,19.085,56.577,58.238,0.0,0.0,0.0,0.0,27.138,61.648,33.134,0.0,0.0,-0.1524,-0.1213,-0.031,4.7339,4.7371,1.4739,True,25428.551,8,0.020988871917439263,nested_district_rain,0.01
2020,2020-09-23,2020-09-30,Amritsar,0.0,0.0,0.0,10,0,1.761,2.353,0.058,0.598,0.543,1.236,0.0,0.0,0.0,0.0,0.0,1.339,11.553,0.0,0.0,-0.0188,-0.0938,-0.03,4.6384,4.6058,1.4246,True,25428.551,8,0.010068808269627479,nested_district_rain,0.01
2020,2020-07-25,2020-08-04,Barnala,2.23,1.5e-05,0.000205,4,0,65.399,74.736,69.954,46.173,79.212,48.773,45.163,21.895,35.613,14.531,83.842,136.2,90.71,0.0,0.0,0.34,0.2444,-0.025,2.9392,2.5425,1.0991,True,15271.65,8,0.14595105627607036,nested_district_rain,0.01
2020,2020-08-04,2020-08-14,Barnala,0.0,0.0,1.5e-05,5,0,66.338,76.275,65.399,74.736,69.954,46.173,8.088,4.191,7.755,3.627,45.163,83.842,64.918,0.018,0.018,0.474,0.3456,-0.025,3.385,2.8123,1.0563,True,15271.65,8,0.15309674462229828,nested_district_rain,0.01
2020,2020-08-14,2020-08-24,Barnala,0.0,0.0,0.0,6,0,79.593,79.243,66.338,76.275,65.399,74.736,30.865,12.669,25.373,10.942,8.088,45.163,29.812,0.0,1.954,0.5212,0.7994,0.0,3.9927,3.5059,1.061,True,15271.65,8,0.21845704544601352,nested_district_rain,0.01
2020,2020-08-24,2020-09-03,Barnala,28.97,0.000194,0.0,7,0,56.577,58.238,79.593,79.243,66.338,76.275,39.123,30.867,38.816,10.241,30.865,8.088,32.571,0.109,8.058,0.3341,0.599,0.257,4.4834,4.2115,1.1948,True,15271.65,8,0.17612053142129377,nested_district_rain,0.01
2020,2020-09-03,2020-09-13,Barnala,141.26,0.000948,0.000194,8,0,25.289,19.085,56.577,58.238,79.593,79.243,8.888,5.214,8.771,3.418,39.123,30.865,36.505,5.552,8.888,0.1792,0.1764,0.117,4.7713,4.7737,1.4199,True,15271.65,8,0.06541817113872288,nested_district_rain,0.01
2020,2020-09-13,2020-09-23,Barnala,0.0,0.0,0.000948,9,0,0.059,0.619,25.289,19.085,56.577,58.238,0.0,0.0,0.0,0.0,8.888,39.123,16.915,0.0,0.0,-0.1524,-0.1213,-0.031,4.7339,4.7371,1.4739,True,15271.65,8,0.025277719467967488,nested_district_rain,0.01
2020,2020-09-23,2020-09-30,Barnala,0.0,0.0,0.0,10,0,1.761,2.353,0.058,0.598,0.543,1.236,0.138,0.138,0.138,0.055,0.0,0.0,5.898,0.138,0.138,-0.0188,-0.0938,-0.03,4.6384,4.6058,1.4246,True,15271.65,8,0.009412387196652463,nested_district_rain,0.01
2020,2020-07-25,2020-08-04,Bathinda,0.0,0.0,0.000408,4,0,65.399,74.736,69.954,46.173,79.212,48.773,10.068,5.168,7.475,2.593,108.822,71.587,93.904,0.0,0.0,0.34,0.2444,-0.025,2.9392,2.5425,1.0991,True,12297.278,5,0.08483977532480777,nested_district_rain,0.01
2020,2020-08-04,2020-08-14,Bathinda,3.01,9e-06,0.0,5,0,66.338,76.275,65.399,74.736,69.954,46.173,14.762,8.305,12.791,4.868,10.068,108.822,40.218,1.509,1.509,0.474,0.3456,-0.025,3.385,2.8123,1.0563,True,12297.278,5,0.08842125357251167,nested_district_rain,0.01
2020,2020-08-14,2020-08-24,Bathinda,0.0,0.0,9e-06,6,0,79.593,79.243,66.338,76.275,65.399,74.736,43.042,15.378,31.592,10.292,14.762,10.068,24.895,7.025,7.624,0.5212,0.7994,0.0,3.9927,3.5059,1.061,True,12297.278,5,0.1447349472627604,nested_district_rain,0.01
2020,2020-08-24,2020-09-03,Bathinda,0.0,0.0,0.0,7,0,56.577,58.238,79.593,79.243,66.338,76.275,26.169,14.494,22.507,8.661,43.042,14.762,39.487,0.068,8.081,0.3341,0.599,0.257,4.4834,4.2115,1.1948,True,12297.278,5,0.09559796371479434,nested_district_rain,0.01
2020,2020-09-03,2020-09-13,Bathinda,37.16,0.00011,0.0,8,0,25.289,19.085,56.577,58.238,79.593,79.243,23.468,18.753,23.396,4.271,26.169,43.042,30.97,20.734,23.468,0.1792,0.1764,0.117,4.7713,4.7737,1.4199,True,12297.278,5,0.038463867656734124,nested_district_rain,0.01
2020,2020-09-13,2020-09-23,Bathinda,7.42,2.2e-05,0.00011,9,0,0.059,0.619,25.289,19.085,56.577,58.238,0.0,0.0,0.0,0.0,23.468,26.169,21.276,0.0,0.0,-0.1524,-0.1213,-0.031,4.7339,4.7371,1.4739,True,12297.278,5,0.01180716017898002,nested_district_rain,0.01
2020,2020-09-23,2020-09-30,Bathinda,0.0,0.0,2.2e-05,10,0,1.761,2.353,0.058,0.598,0.543,1.236,0.031,0.031,0.031,0.012,0.0,0.0,7.418,0.0,0.031,-0.0188,-0.0938,-0.03,4.6384,4.6058,1.4246,True,12297.278,5,0.005277856398078923,nested_district_rain,0.01
2020,2020-07-25,2020-08-04,Faridkot,0.0,0.0,0.000452,4,0,65.399,74.736,69.954,46.173,79.212,48.773,15.852,13.72,14.669,2.226,123.797,71.63,105.23,0.145,0.282,0.34,0.2444,-0.025,2.9392,2.5425,1.0991,True,10993.261999999999,6,0.10686328074282037,nested_district_rain,0.01
2020,2020-08-04,2020-08-14,Faridkot,0.0,0.0,0.0,5,0,66.338,76.275,65.399,74.736,69.954,46.173,15.967,10.857,15.966,5.463,15.852,123.797,47.382,0.001,0.001,0.474,0.3456,-0.025,3.385,2.8123,1.0563,True,10993.261999999999,6,0.10404223091198889,nested_district_rain,0.01
2020,2020-08-14,2020-08-24,Faridkot,0.0,0.0,0.0,6,0,79.593,79.243,66.338,76.275,65.399,74.736,50.208,14.066,39.352,13.865,15.967,15.852,29.022,10.209,10.855,0.5212,0.7994,0.0,3.9927,3.5059,1.061,True,10993.261999999999,6,0.16968654954449017,nested_district_rain,0.01
2020,2020-08-24,2020-09-03,Faridkot,0.0,0.0,0.0,7,0,56.577,58.238,79.593,79.243,66.338,76.275,51.749,41.36,49.126,11.125,50.208,15.967,46.671,0.0,41.36,0.3341,0.599,0.257,4.4834,4.2115,1.1948,True,10993.261999999999,6,0.13287608925702954,nested_district_rain,0.01
2020,2020-09-03,2020-09-13,Faridkot,56.36,0.000387,0.0,8,0,25.289,19.085,56.577,58.238,79.593,79.243,61.119,52.08,61.119,9.277,51.749,50.208,47.956,56.598,61.119,0.1792,0.1764,0.117,4.7713,4.7737,1.4199,True,10993.261999999999,6,0.057023795881631666,nested_district_rain,0.01
2020,2020-09-13,2020-09-23,Faridkot,0.0,0.0,0.000387,9,0,0.059,0.619,25.289,19.085,56.577,58.238,0.0,0.0,0.0,0.0,61.119,51.749,43.703,0.0,0.0,-0.1524,-0.1213,-0.031,4.7339,4.7371,1.4739,True,10993.261999999999,6,0.014421220121182228,nested_district_rain,0.01
2020,2020-09-23,2020-09-30,Faridkot,0.0,0.0,0.0,10,0,1.761,2.353,0.058,0.598,0.543,1.236,0.477,0.477,0.477,0.191,0.0,0.0,15.238,0.0,0.477,-0.0188,-0.0938,-0.03,4.6384,4.6058,1.4246,True,10993.261999999999,6,0.00649130707060288,nested_district_rain,0.01
2020,2020-07-25,2020-08-04,Fatehgarh Sahib,48.18,0.00042,0.002637,4,0,65.399,74.736,69.954,46.173,79.212,48.773,50.708,33.097,36.433,16.109,24.446,124.021,44.738,0.054,0.452,0.34,0.2444,-0.025,2.9392,2.5425,1.0991,True,15742.776999999998,8,0.2418518350314027,nested_district_rain,0.01
2020,2020-08-04,2020-08-14,Fatehgarh Sahib,34.84,0.000304,0.00042,5,0,66.338,76.275,65.399,74.736,69.954,46.173,99.405,39.995,90.665,31.839,50.708,24.446,52.511,6.295,6.639,0.474,0.3456,-0.025,3.385,2.8123,1.0563,True,15742.776999999998,8,0.2326355012621121,nested_district_rain,0.01
2020,2020-08-14,2020-08-24,Fatehgarh Sahib,32.62,0.000284,0.000304,6,0,79.593,79.243,66.338,76.275,65.399,74.736,64.908,21.065,45.465,14.29,99.405,50.708,105.677,5.228,5.228,0.5212,0.7994,0.0,3.9927,3.5059,1.061,True,15742.776999999998,8,0.26767750149874037,nested_district_rain,0.01
2020,2020-08-24,2020-09-03,Fatehgarh Sahib,5.93,5.2e-05,0.000284,7,0,56.577,58.238,79.593,79.243,66.338,76.275,11.595,8.592,10.434,2.517,64.908,99.405,90.232,0.157,8.749,0.3341,0.599,0.257,4.4834,4.2115,1.1948,True,15742.776999999998,8,0.1564197157545731,nested_district_rain,0.01
2020,2020-09-03,2020-09-13,Fatehgarh Sahib,0.0,0.0,5.2e-05,8,0,25.289,19.085,56.577,58.238,79.593,79.243,5.397,5.121,5.259,0.636,11.595,64.908,38.618,5.259,5.259,0.1792,0.1764,0.117,4.7713,4.7737,1.4199,True,15742.776999999998,8,0.06278470128594396,nested_district_rain,0.01
2020,2020-09-13,2020-09-23,Fatehgarh Sahib,0.0,0.0,0.0,9,0,0.059,0.619,25.289,19.085,56.577,58.238,0.0,0.0,0.0,0.0,5.397,11.595,15.859,0.0,0.0,-0.1524,-0.1213,-0.031,4.7339,4.7371,1.4739,True,15742.776999999998,8,0.021580604259674844,nested_district_rain,0.01
2020,2020-09-23,2020-09-30,Fatehgarh Sahib,0.0,0.0,0.0,10,0,1.761,2.353,0.058,0.598,0.543,1.236,5.404,3.713,5.404,2.5,0.0,0.138,5.53,5.404,5.404,-0.0188,-0.0938,-0.03,4.6384,4.6058,1.4246,True,15742.776999999998,8,0.009669731482194363,nested_district_rain,0.01
2020,2020-07-25,2020-08-04,Firozpur,9.7,1.9e-05,0.000573,4,0,65.399,74.736,69.954,46.173,79.212,48.773,13.017,6.561,9.516,3.108,79.075,37.903,64.952,0.722,2.788,0.34,0.2444,-0.025,2.9392,2.5425,1.0991,True,70633.276,8,0.19528566729493468,nested_district_rain,0.01
2020,2020-08-04,2020-08-14,Firozpur,10.39,2e-05,1.9e-05,5,0,66.338,76.275,65.399,74.736,69.954,46.173,12.183,7.642,9.277,2.446,13.017,79.075,31.258,0.194,2.063,0.474,0.3456,-0.025,3.385,2.8123,1.0563,True,70633.276,8,0.1934276658268376,nested_district_rain,0.01
2020,2020-08-14,2020-08-24,Firozpur,0.0,0.0,2e-05,6,0,79.593,79.243,66.338,76.275,65.399,74.736,54.977,18.679,41.007,17.438,12.183,13.017,20.307,7.987,12.372,0.5212,0.7994,0.0,3.9927,3.5059,1.061,True,70633.276,8,0.2957834523757757,nested_district_rain,0.01
2020,2020-08-24,2020-09-03,Firozpur,610.12,0.001169,0.0,7,0,56.577,58.238,79.593,79.243,66.338,76.275,47.553,25.644,40.776,12.585,54.977,12.183,45.861,2.857,32.499,0.3341,0.599,0.257,4.4834,4.2115,1.1948,True,70633.276,8,0.22090545246225723,nested_district_rain,0.01
2020,2020-09-03,2020-09-13,Firozpur,216.63,0.000415,0.001169,8,0,25.289,19.085,56.577,58.238,79.593,79.243,36.545,29.521,36.483,7.221,47.553,54.977,45.3,34.264,36.527,0.1792,0.1764,0.117,4.7713,4.7737,1.4199,True,70633.276,8,0.1187994584249187,nested_district_rain,0.01
2020,2020-09-13,2020-09-23,Firozpur,142.76,0.000273,0.000415,9,0,0.059,0.619,25.289,19.085,56.577,58.238,0.138,0.138,0.138,0.014,36.545,47.553,31.993,0.0,0.0,-0.1524,-0.1213,-0.031,4.7339,4.7371,1.4739,True,70633.276,8,0.029219521350163764,nested_district_rain,0.01
2020,2020-09-23,2020-09-30,Firozpur,0.0,0.0,0.000273,10,0,1.761,2.353,0.058,0.598,0.543,1.236,1.525,1.09,1.525,0.697,0.138,0.018,11.267,0.0,1.525,-0.0188,-0.0938,-0.03,4.6384,4.6058,1.4246,True,70633.276,8,0.013683121189380682,nested_district_rain,0.01
2020,2020-07-25,2020-08-04,Gurdaspur,811.53,0.002236,0.000482,4,0,65.399,74.736,69.954,46.173,79.212,48.773,74.829,19.948,42.123,15.908,47.912,46.834,37.696,14.612,26.589,0.34,0.2444,-0.025,2.9392,2.5425,1.0991,True,22118.226000000002,5,0.11047016599229145,nested_district_rain,0.01
2020,2020-08-04,2020-08-14,Gurdaspur,14.38,4e-05,0.002236,5,0,66.338,76.275,65.399,74.736,69.954,46.173,60.901,17.134,38.298,14.173,74.829,47.912,62.828,9.638,13.382,0.474,0.3456,-0.025,3.385,2.8123,1.0563,True,22118.226000000002,5,0.17840671867177704,nested_district_rain,0.01
2020,2020-08-14,2020-08-24,Gurdaspur,52.26,0.000144,4e-05,6,0,79.593,79.243,66.338,76.275,65.399,74.736,65.293,23.409,37.983,14.559,60.901,74.829,70.118,7.176,25.63,0.5212,0.7994,0.0,3.9927,3.5059,1.061,True,22118.226000000002,5,0.15750016019919114,nested_district_rain,0.01
2020,2020-08-24,2020-09-03,Gurdaspur,12.24,3.4e-05,0.000144,7,0,56.577,58.238,79.593,79.243,66.338,76.275,99.582,34.674,68.64,26.839,65.293,60.901,67.712,20.309,80.951,0.3341,0.599,0.257,4.4834,4.2115,1.1948,True,22118.226000000002,5,0.12764153643215312,nested_district_rain,0.01
2020,2020-09-03,2020-09-13,Gurdaspur,1.43,4e-06,3.4e-05,8,0,25.289,19.085,56.577,58.238,79.593,79.243,19.137,9.292,14.335,5.462,99.582,65.293,81.991,14.328,19.101,0.1792,0.1764,0.117,4.7713,4.7737,1.4199,True,22118.226000000002,5,0.03832697004544796,nested_district_rain,0.01
2020,2020-09-13,2020-09-23,Gurdaspur,3.58,1e-05,4e-06,9,0,0.059,0.619,25.289,19.085,56.577,58.238,0.0,0.0,0.0,0.0,19.137,99.582,37.85,0.0,0.0,-0.1524,-0.1213,-0.031,4.7339,4.7371,1.4739,True,22118.226000000002,5,0.011203449865963307,nested_district_rain,0.01
2020,2020-09-23,2020-09-30,Gurdaspur,0.0,0.0,1e-05,10,0,1.761,2.353,0.058,0.598,0.543,1.236,0.051,0.048,0.048,0.021,0.0,0.036,13.198,0.003,0.051,-0.0188,-0.0938,-0.03,4.6384,4.6058,1.4246,True,22118.226000000002,5,0.005644072679584636,nested_district_rain,0.01
2020,2020-07-25,2020-08-04,Hoshiarpur,2.89,9e-06,1.1e-05,4,0,65.399,74.736,69.954,46.173,79.212,48.773,84.538,27.87,60.414,17.447,39.161,57.526,36.31,1.784,34.328,0.34,0.2444,-0.025,2.9392,2.5425,1.0991,True,6603.089999999999,2,0.05639183396460191,nested_district_rain,0.01
2020,2020-08-04,2020-08-14,Hoshiarpur,2.89,9e-06,9e-06,5,0,66.338,76.275,65.399,74.736,69.954,46.173,114.423,31.183,83.329,29.143,84.538,39.161,68.636,5.569,7.553,0.474,0.3456,-0.025,3.385,2.8123,1.0563,True,6603.089999999999,2,0.07566319464756308,nested_district_rain,0.01
2020,2020-08-14,2020-08-24,Hoshiarpur,0.0,0.0,9e-06,6,0,79.593,79.243,66.338,76.275,65.399,74.736,76.123,27.147,53.383,19.602,114.423,84.538,119.742,9.611,21.659,0.5212,0.7994,0.0,3.9927,3.5059,1.061,True,6603.089999999999,2,0.09361402970663114,nested_district_rain,0.01
2020,2020-08-24,2020-09-03,Hoshiarpur,2.89,9e-06,0.0,7,0,56.577,58.238,79.593,79.243,66.338,76.275,37.089,12.978,21.092,12.079,76.123,114.423,94.709,3.691,22.523,0.3341,0.599,0.257,4.4834,4.2115,1.1948,True,6603.089999999999,2,0.05227296175281206,nested_district_rain,0.01
2020,2020-09-03,2020-09-13,Hoshiarpur,0.0,0.0,9e-06,8,0,25.289,19.085,56.577,58.238,79.593,79.243,18.222,10.573,17.417,4.28,37.089,76.123,56.867,17.417,18.214,0.1792,0.1764,0.117,4.7713,4.7737,1.4199,True,6603.089999999999,2,0.020379692963311664,nested_district_rain,0.01
2020,2020-09-13,2020-09-23,Hoshiarpur,0.0,0.0,0.0,9,0,0.059,0.619,25.289,19.085,56.577,58.238,0.0,0.0,0.0,0.0,18.222,37.089,27.819,0.0,0.0,-0.1524,-0.1213,-0.031,4.7339,4.7371,1.4739,True,6603.089999999999,2,0.0063728907614626525,nested_district_rain,0.01
2020,2020-09-23,2020-09-30,Hoshiarpur,0.0,0.0,0.0,10,0,1.761,2.353,0.058,0.598,0.543,1.236,0.084,0.084,0.084,0.034,0.0,0.008,9.7,0.084,0.084,-0.0188,-0.0938,-0.03,4.6384,4.6058,1.4246,True,6603.089999999999,2,0.002892692920316337,nested_district_rain,0.01
2020,2020-07-25,2020-08-04,Jalandhar,55.85,0.000214,0.002579,4,0,65.399,74.736,69.954,46.173,79.212,48.773,62.337,39.618,47.449,10.078,40.981,64.102,40.673,2.678,7.93,0.34,0.2444,-0.025,2.9392,2.5425,1.0991,True,21840.251,6,0.20194247494970816,nested_district_rain,0.01
2020,2020-08-04,2020-08-14,Jalandhar,16.17,6.2e-05,0.000214,5,0,66.338,76.275,65.399,74.736,69.954,46.173,50.089,13.192,26.276,8.503,62.337,40.981,56.551,6.513,13.945,0.474,0.3456,-0.025,3.385,2.8123,1.0563,True,21840.251,6,0.13871942116156524,nested_district_rain,0.01
2020,2020-08-14,2020-08-24,Jalandhar,2.94,1.1e-05,6.2e-05,6,0,79.593,79.243,66.338,76.275,65.399,74.736,59.242,20.867,41.832,19.58,50.089,62.337,56.701,11.553,16.145,0.5212,0.7994,0.0,3.9927,3.5059,1.061,True,21840.251,6,0.178860992083489,nested_district_rain,0.01
2020,2020-08-24,2020-09-03,Jalandhar,27.18,0.000104,1.1e-05,7,0,56.577,58.238,79.593,79.243,66.338,76.275,33.644,10.905,26.117,10.322,59.242,50.089,60.059,6.794,27.956,0.3341,0.599,0.257,4.4834,4.2115,1.1948,True,21840.251,6,0.11603251490746637,nested_district_rain,0.01
2020,2020-09-03,2020-09-13,Jalandhar,19.84,7.6e-05,0.000104,8,0,25.289,19.085,56.577,58.238,79.593,79.243,22.732,17.379,20.428,4.207,33.644,59.242,40.473,20.156,21.824,0.1792,0.1764,0.117,4.7713,4.7737,1.4199,True,21840.251,6,0.04872238376819486,nested_district_rain,0.01
2020,2020-09-13,2020-09-23,Jalandhar,16.17,6.2e-05,7.6e-05,9,0,0.059,0.619,25.289,19.085,56.577,58.238,0.0,0.0,0.0,0.0,22.732,33.644,24.702,0.0,0.0,-0.1524,-0.1213,-0.031,4.7339,4.7371,1.4739,True,21840.251,6,0.014849617391447372,nested_district_rain,0.01
2020,2020-09-23,2020-09-30,Jalandhar,0.0,0.0,6.2e-05,10,0,1.761,2.353,0.058,0.598,0.543,1.236,0.0,0.0,0.0,0.0,0.0,0.908,8.613,0.0,0.0,-0.0188,-0.0938,-0.03,4.6384,4.6058,1.4246,True,21840.251,6,0.006790130866802086,nested_district_rain,0.01
2020,2020-07-25,2020-08-04,Kapurthala,7.31,4.4e-05,0.004114,4,0,65.399,74.736,69.954,46.173,79.212,48.773,73.755,41.288,54.506,10.605,56.103,60.069,47.611,8.579,17.342,0.34,0.2444,-0.025,2.9392,2.5425,1.0991,True,32316.828999999998,8,0.368853484200121,nested_district_rain,0.01
2020,2020-08-04,2020-08-14,Kapurthala,27.71,0.000166,4.4e-05,5,0,66.338,76.275,65.399,74.736,69.954,46.173,64.234,19.627,39.493,13.753,73.755,56.103,64.201,5.181,18.281,0.474,0.3456,-0.025,3.385,2.8123,1.0563,True,32316.828999999998,8,0.1987872228474563,nested_district_rain,0.01
2020,2020-08-14,2020-08-24,Kapurthala,8.77,5.3e-05,0.000166,6,0,79.593,79.243,66.338,76.275,65.399,74.736,65.074,17.468,35.815,16.382,64.234,73.755,69.771,19.371,29.194,0.5212,0.7994,0.0,3.9927,3.5059,1.061,True,32316.828999999998,8,0.2592122230564693,nested_district_rain,0.01
2020,2020-08-24,2020-09-03,Kapurthala,0.0,0.0,5.3e-05,7,0,56.577,58.238,79.593,79.243,66.338,76.275,57.177,20.821,45.475,14.094,65.074,64.234,65.22,15.203,49.371,0.3341,0.599,0.257,4.4834,4.2115,1.1948,True,32316.828999999998,8,0.1821322549050138,nested_district_rain,0.01
2020,2020-09-03,2020-09-13,Kapurthala,0.0,0.0,0.0,8,0,25.289,19.085,56.577,58.238,79.593,79.243,39.273,22.244,28.995,8.298,57.177,65.074,54.733,28.995,35.166,0.1792,0.1764,0.117,4.7713,4.7737,1.4199,True,32316.828999999998,8,0.07596195646968618,nested_district_rain,0.01
2020,2020-09-13,2020-09-23,Kapurthala,0.0,0.0,0.0,9,0,0.059,0.619,25.289,19.085,56.577,58.238,0.0,0.0,0.0,0.0,39.273,57.177,39.228,0.0,0.0,-0.1524,-0.1213,-0.031,4.7339,4.7371,1.4739,True,32316.828999999998,8,0.021827461221459774,nested_district_rain,0.01
2020,2020-09-23,2020-09-30,Kapurthala,0.0,0.0,0.0,10,0,1.761,2.353,0.058,0.598,0.543,1.236,0.0,0.0,0.0,0.0,0.0,4.107,13.678,0.0,0.0,-0.0188,-0.0938,-0.03,4.6384,4.6058,1.4246,True,32316.828999999998,8,0.010451711582744065,nested_district_rain,0.01
2020,2020-07-25,2020-08-04,Ludhiana,45.7,0.000127,0.001303,4,0,65.399,74.736,69.954,46.173,79.212,48.773,66.22,35.677,46.164,13.949,37.392,124.009,53.339,0.028,0.333,0.34,0.2444,-0.025,2.9392,2.5425,1.0991,True,39518.181,7,0.18849782552859862,nested_district_rain,0.01
2020,2020-08-04,2020-08-14,Ludhiana,41.31,0.000115,0.000127,5,0,66.338,76.275,65.399,74.736,69.954,46.173,52.398,16.063,34.148,12.916,66.22,37.392,68.509,8.194,8.354,0.474,0.3456,-0.025,3.385,2.8123,1.0563,True,39518.181,7,0.17999448260766185,nested_district_rain,0.01
2020,2020-08-14,2020-08-24,Ludhiana,8.89,2.5e-05,0.000115,6,0,79.593,79.243,66.338,76.275,65.399,74.736,38.418,12.946,27.555,8.243,52.398,66.22,66.232,2.595,2.655,0.5212,0.7994,0.0,3.9927,3.5059,1.061,True,39518.181,7,0.21580560322154954,nested_district_rain,0.01
2020,2020-08-24,2020-09-03,Ludhiana,104.63,0.000291,2.5e-05,7,0,56.577,58.238,79.593,79.243,66.338,76.275,15.469,14.051,14.834,1.946,38.418,52.398,52.642,0.156,14.389,0.3341,0.599,0.257,4.4834,4.2115,1.1948,True,39518.181,7,0.14683034370689932,nested_district_rain,0.01
2020,2020-09-03,2020-09-13,Ludhiana,181.32,0.000504,0.000291,8,0,25.289,19.085,56.577,58.238,79.593,79.243,13.619,12.664,13.527,1.675,15.469,38.418,27.605,13.118,13.527,0.1792,0.1764,0.117,4.7713,4.7737,1.4199,True,39518.181,7,0.06575595687485183,nested_district_rain,0.01
2020,2020-09-13,2020-09-23,Ludhiana,9.55,2.7e-05,0.000504,9,0,0.059,0.619,25.289,19.085,56.577,58.238,0.0,0.0,0.0,0.0,13.619,15.469,15.594,0.0,0.0,-0.1524,-0.1213,-0.031,4.7339,4.7371,1.4739,True,39518.181,7,0.022148348863120747,nested_district_rain,0.01
2020,2020-09-23,2020-09-30,Ludhiana,0.0,0.0,2.7e-05,10,0,1.761,2.353,0.058,0.598,0.543,1.236,0.752,0.752,0.752,0.301,0.0,0.092,5.437,0.752,0.752,-0.0188,-0.0938,-0.03,4.6384,4.6058,1.4246,True,39518.181,7,0.008904372440578854,nested_district_rain,0.01
2020,2020-07-25,2020-08-04,Mansa,66.92,0.000302,0.001982,4,0,65.399,74.736,69.954,46.173,79.212,48.773,13.158,5.852,11.401,5.579,87.065,80.862,83.169,0.0,0.0,0.34,0.2444,-0.025,2.9392,2.5425,1.0991,True,9686.316,5,0.11590135516482959,nested_district_rain,0.01
2020,2020-08-04,2020-08-14,Mansa,36.85,0.000166,0.000302,5,0,66.338,76.275,65.399,74.736,69.954,46.173,7.753,5.559,6.943,1.73,13.158,87.065,38.563,0.754,0.754,0.474,0.3456,-0.025,3.385,2.8123,1.0563,True,9686.316,5,0.09338978530881391,nested_district_rain,0.01
2020,2020-08-14,2020-08-24,Mansa,0.0,0.0,0.000166,6,0,79.593,79.243,66.338,76.275,65.399,74.736,50.683,19.415,40.856,12.225,7.753,13.158,19.388,0.021,10.036,0.5212,0.7994,0.0,3.9927,3.5059,1.061,True,9686.316,5,0.1502488418051176,nested_district_rain,0.01
2020,2020-08-24,2020-09-03,Mansa,11.29,5.1e-05,0.0,7,0,56.577,58.238,79.593,79.243,66.338,76.275,25.859,13.075,23.704,10.874,50.683,7.753,42.477,0.25,13.325,0.3341,0.599,0.257,4.4834,4.2115,1.1948,True,9686.316,5,0.09420181660597492,nested_district_rain,0.01
2020,2020-09-03,2020-09-13,Mansa,33.78,0.000152,5.1e-05,8,0,25.289,19.085,56.577,58.238,79.593,79.243,17.308,8.685,17.13,6.116,25.859,50.683,31.164,8.445,17.308,0.1792,0.1764,0.117,4.7713,4.7737,1.4199,True,9686.316,5,0.03569341900417138,nested_district_rain,0.01
2020,2020-09-13,2020-09-23,Mansa,0.0,0.0,0.000152,9,0,0.059,0.619,25.289,19.085,56.577,58.238,0.0,0.0,0.0,0.0,17.308,25.859,19.347,0.0,0.0,-0.1524,-0.1213,-0.031,4.7339,4.7371,1.4739,True,9686.316,5,0.011828914457983735,nested_district_rain,0.01
2020,2020-09-23,2020-09-30,Mansa,0.0,0.0,0.0,10,0,1.761,2.353,0.058,0.598,0.543,1.236,0.348,0.261,0.348,0.157,0.0,0.0,6.746,0.348,0.348,-0.0188,-0.0938,-0.03,4.6384,4.6058,1.4246,True,9686.316,5,0.0051772216115272465,nested_district_rain,0.01
2020,2020-07-25,2020-08-04,Moga,8.09,3.4e-05,0.000588,4,0,65.399,74.736,69.954,46.173,79.212,48.773,47.806,25.181,33.443,9.127,71.932,71.712,63.983,4.063,9.118,0.34,0.2444,-0.025,2.9392,2.5425,1.0991,True,42211.087,8,0.19112870814306163,nested_district_rain,0.01
2020,2020-08-04,2020-08-14,Moga,3.68,1.6e-05,3.4e-05,5,0,66.338,76.275,65.399,74.736,69.954,46.173,21.811,7.759,11.949,5.921,47.806,71.932,54.518,0.028,7.787,0.474,0.3456,-0.025,3.385,2.8123,1.0563,True,42211.087,8,0.17928533600421495,nested_district_rain,0.01
2020,2020-08-14,2020-08-24,Moga,2.94,1.2e-05,1.6e-05,6,0,79.593,79.243,66.338,76.275,65.399,74.736,38.406,10.616,18.813,8.644,21.811,47.806,35.595,10.892,18.779,0.5212,0.7994,0.0,3.9927,3.5059,1.061,True,42211.087,8,0.24749910031403757,nested_district_rain,0.01
2020,2020-08-24,2020-09-03,Moga,186.22,0.000791,1.2e-05,7,0,56.577,58.238,79.593,79.243,66.338,76.275,50.176,17.667,39.955,14.534,38.406,21.811,36.311,11.299,43.152,0.3341,0.599,0.257,4.4834,4.2115,1.1948,True,42211.087,8,0.1893987704530677,nested_district_rain,0.01
2020,2020-09-03,2020-09-13,Moga,729.72,0.003099,0.000791,8,0,25.289,19.085,56.577,58.238,79.593,79.243,26.937,21.04,26.937,5.166,50.176,38.406,40.679,23.535,26.937,0.1792,0.1764,0.117,4.7713,4.7737,1.4199,True,42211.087,8,0.09210579661085176,nested_district_rain,0.01
2020,2020-09-13,2020-09-23,Moga,15.47,6.6e-05,0.003099,9,0,0.059,0.619,25.289,19.085,56.577,58.238,0.0,0.0,0.0,0.0,26.937,50.176,26.242,0.0,0.0,-0.1524,-0.1213,-0.031,4.7339,4.7371,1.4739,True,42211.087,8,0.04586302441834172,nested_district_rain,0.01
2020,2020-09-23,2020-09-30,Moga,0.0,0.0,6.6e-05,10,0,1.761,2.353,0.058,0.598,0.543,1.236,0.0,0.0,0.0,0.0,0.0,0.0,9.15,0.0,0.0,-0.0188,-0.0938,-0.03,4.6384,4.6058,1.4246,True,42211.087,8,0.011098907636152377,nested_district_rain,0.01
2020,2020-07-25,2020-08-04,Muktsar,8.92,3.4e-05,0.001351,4,0,65.399,74.736,69.954,46.173,79.212,48.773,1.811,0.603,1.013,0.429,135.168,73.974,115.032,0.0,0.079,0.34,0.2444,-0.025,2.9392,2.5425,1.0991,True,12120.723999999998,6,0.11986553423000934,nested_district_rain,0.01
2020,2020-08-04,2020-08-14,Muktsar,19.35,7.4e-05,3.4e-05,5,0,66.338,76.275,65.399,74.736,69.954,46.173,22.947,15.26,21.445,7.066,1.811,135.168,41.543,1.502,1.502,0.474,0.3456,-0.025,3.385,2.8123,1.0563,True,12120.723999999998,6,0.10744496402744402,nested_district_rain,0.01
2020,2020-08-14,2020-08-24,Muktsar,6.73,2.6e-05,7.4e-05,6,0,79.593,79.243,66.338,76.275,65.399,74.736,43.944,20.142,33.025,11.9,22.947,1.811,32.071,8.531,10.0,0.5212,0.7994,0.0,3.9927,3.5059,1.061,True,12120.723999999998,6,0.1788302853097036,nested_district_rain,0.01
2020,2020-08-24,2020-09-03,Muktsar,115.71,0.000443,2.6e-05,7,0,56.577,58.238,79.593,79.243,66.338,76.275,36.398,17.18,30.998,14.061,43.944,22.947,41.99,0.0,17.284,0.3341,0.599,0.257,4.4834,4.2115,1.1948,True,12120.723999999998,6,0.11645574320267366,nested_district_rain,0.01
2020,2020-09-03,2020-09-13,Muktsar,94.84,0.000363,0.000443,8,0,25.289,19.085,56.577,58.238,79.593,79.243,45.678,41.245,45.444,6.706,36.398,43.944,38.394,44.113,45.678,0.1792,0.1764,0.117,4.7713,4.7737,1.4199,True,12120.723999999998,6,0.059022219894635006,nested_district_rain,0.01
2020,2020-09-13,2020-09-23,Muktsar,78.42,0.0003,0.000363,9,0,0.059,0.619,25.289,19.085,56.577,58.238,0.0,0.0,0.0,0.0,45.678,36.398,33.359,0.0,0.0,-0.1524,-0.1213,-0.031,4.7339,4.7371,1.4739,True,12120.723999999998,6,0.014785399784952451,nested_district_rain,0.01
2020,2020-09-23,2020-09-30,Muktsar,0.0,0.0,0.0003,10,0,1.761,2.353,0.058,0.598,0.543,1.236,1.273,1.244,1.273,0.515,0.0,0.0,11.632,0.0,1.273,-0.0188,-0.0938,-0.03,4.6384,4.6058,1.4246,True,12120.723999999998,6,0.0069530440391714025,nested_district_rain,0.01
2020,2020-07-25,2020-08-04,Nawanshahr,10.29,7.9e-05,0.000545,4,0,65.399,74.736,69.954,46.173,79.212,48.773,,,,,,,,,,0.34,0.2444,-0.025,2.9392,2.5425,1.0991,True,9194.473999999998,8,0.15882165626391115,nested_district_rain,0.01
2020,2020-08-04,2020-08-14,Nawanshahr,8.82,6.8e-05,7.9e-05,5,0,66.338,76.275,65.399,74.736,69.954,46.173,,,,,,,,,,0.474,0.3456,-0.025,3.385,2.8123,1.0563,True,9194.473999999998,8,0.16848612043046265,nested_district_rain,0.01
2020,2020-08-14,2020-08-24,Nawanshahr,13.96,0.000107,6.8e-05,6,0,79.593,79.243,66.338,76.275,65.399,74.736,,,,,,,,,,0.5212,0.7994,0.0,3.9927,3.5059,1.061,True,9194.473999999998,8,0.21738549475350125,nested_district_rain,0.01
2020,2020-08-24,2020-09-03,Nawanshahr,5.14,3.9e-05,0.000107,7,0,56.577,58.238,79.593,79.243,66.338,76.275,,,,,,,,,,0.3341,0.599,0.257,4.4834,4.2115,1.1948,True,9194.473999999998,8,0.15779017399981846,nested_district_rain,0.01
2020,2020-09-03,2020-09-13,Nawanshahr,0.0,0.0,3.9e-05,8,0,25.289,19.085,56.577,58.238,79.593,79.243,,,,,,,,,,0.1792,0.1764,0.117,4.7713,4.7737,1.4199,True,9194.473999999998,8,0.06757899826745752,nested_district_rain,0.01
2020,2020-09-13,2020-09-23,Nawanshahr,0.0,0.0,0.0,9,0,0.059,0.619,25.289,19.085,56.577,58.238,,,,,,,,,,-0.1524,-0.1213,-0.031,4.7339,4.7371,1.4739,True,9194.473999999998,8,0.023250277665010387,nested_district_rain,0.01
2020,2020-09-23,2020-09-30,Nawanshahr,0.0,0.0,0.0,10,0,1.761,2.353,0.058,0.598,0.543,1.236,,,,,,,,,,-0.0188,-0.0938,-0.03,4.6384,4.6058,1.4246,True,9194.473999999998,8,0.010162776676339014,nested_district_rain,0.01
2020,2020-07-25,2020-08-04,Patiala,832.25,0.002491,0.006899,4,0,65.399,74.736,69.954,46.173,79.212,48.773,55.754,28.375,41.004,15.075,46.672,150.871,66.127,0.584,0.774,0.34,0.2444,-0.025,2.9392,2.5425,1.0991,True,52882.636,7,0.4546504470901977,nested_district_rain,0.01
2020,2020-08-04,2020-08-14,Patiala,151.54,0.000454,0.002491,5,0,66.338,76.275,65.399,74.736,69.954,46.173,74.316,25.412,57.985,17.961,55.754,46.672,63.869,7.832,8.311,0.474,0.3456,-0.025,3.385,2.8123,1.0563,True,52882.636,7,0.30473774810174026,nested_district_rain,0.01
2020,2020-08-14,2020-08-24,Patiala,77.28,0.000231,0.000454,6,0,79.593,79.243,66.338,76.275,65.399,74.736,51.214,14.407,33.908,10.319,74.316,55.754,83.297,6.174,9.083,0.5212,0.7994,0.0,3.9927,3.5059,1.061,True,52882.636,7,0.2564678763152241,nested_district_rain,0.01
2020,2020-08-24,2020-09-03,Patiala,10.51,3.1e-05,0.000231,7,0,56.577,58.238,79.593,79.243,66.338,76.275,25.365,17.047,24.779,8.528,51.214,74.316,67.876,0.351,17.399,0.3341,0.599,0.257,4.4834,4.2115,1.1948,True,52882.636,7,0.1640297941335576,nested_district_rain,0.01
2020,2020-09-03,2020-09-13,Patiala,0.0,0.0,3.1e-05,8,0,25.289,19.085,56.577,58.238,79.593,79.243,5.323,2.73,4.929,1.959,25.365,51.214,39.147,3.056,5.226,0.1792,0.1764,0.117,4.7713,4.7737,1.4199,True,52882.636,7,0.06211892432708839,nested_district_rain,0.01
2020,2020-09-13,2020-09-23,Patiala,0.0,0.0,0.0,9,0,0.059,0.619,25.289,19.085,56.577,58.238,0.0,0.0,0.0,0.0,5.323,25.365,16.238,0.0,0.0,-0.1524,-0.1213,-0.031,4.7339,4.7371,1.4739,True,52882.636,7,0.021120928125656576,nested_district_rain,0.01
2020,2020-09-23,2020-09-30,Patiala,0.0,0.0,0.0,10,0,1.761,2.353,0.058,0.598,0.543,1.236,0.653,0.261,0.653,0.232,0.0,0.097,5.662,0.653,0.653,-0.0188,-0.0938,-0.03,4.6384,4.6058,1.4246,True,52882.636,7,0.0094707540142571,nested_district_rain,0.01
2020,2020-07-25,2020-08-04,Rupnagar,0.0,0.0,2.1e-05,4,0,65.399,74.736,69.954,46.173,79.212,48.773,121.764,37.199,87.984,33.53,58.71,108.772,61.779,7.0,61.862,0.34,0.2444,-0.025,2.9392,2.5425,1.0991,True,2283.038,2,0.05921877235475213,nested_district_rain,0.01
2020,2020-08-04,2020-08-14,Rupnagar,0.0,0.0,0.0,5,0,66.338,76.275,65.399,74.736,69.954,46.173,167.401,50.252,104.054,49.36,121.764,58.71,101.405,13.739,13.753,0.474,0.3456,-0.025,3.385,2.8123,1.0563,True,2283.038,2,0.09159179300967887,nested_district_rain,0.01
2020,2020-08-14,2020-08-24,Rupnagar,0.0,0.0,0.0,6,0,79.593,79.243,66.338,76.275,65.399,74.736,119.453,45.426,91.527,27.191,167.401,121.764,175.305,11.726,18.484,0.5212,0.7994,0.0,3.9927,3.5059,1.061,True,2283.038,2,0.10864196979408378,nested_district_rain,0.01
2020,2020-08-24,2020-09-03,Rupnagar,0.0,0.0,0.0,7,0,56.577,58.238,79.593,79.243,66.338,76.275,23.042,5.759,12.683,5.611,119.453,167.401,152.205,4.229,14.0,0.3341,0.599,0.257,4.4834,4.2115,1.1948,True,2283.038,2,0.048099476037662924,nested_district_rain,0.01
2020,2020-09-03,2020-09-13,Rupnagar,0.0,0.0,0.0,8,0,25.289,19.085,56.577,58.238,79.593,79.243,30.004,24.082,28.429,5.436,23.042,119.453,67.849,27.777,30.004,0.1792,0.1764,0.117,4.7713,4.7737,1.4199,True,2283.038,2,0.021245017846732203,nested_district_rain,0.01
2020,2020-09-13,2020-09-23,Rupnagar,0.0,0.0,0.0,9,0,0.059,0.619,25.289,19.085,56.577,58.238,0.0,0.0,0.0,0.0,30.004,23.042,37.018,0.0,0.0,-0.1524,-0.1213,-0.031,4.7339,4.7371,1.4739,True,2283.038,2,0.006449490123088695,nested_district_rain,0.01
2020,2020-09-23,2020-09-30,Rupnagar,0.0,0.0,0.0,10,0,1.761,2.353,0.058,0.598,0.543,1.236,4.93,3.344,4.848,2.224,0.0,0.0,12.907,4.848,4.93,-0.0188,-0.0938,-0.03,4.6384,4.6058,1.4246,True,2283.038,2,0.002926768671554286,nested_district_rain,0.01
2020,2020-07-25,2020-08-04,Sahibzada Ajit Singh Nagar,0.0,0.0,7.3e-05,4,0,65.399,74.736,69.954,46.173,79.212,48.773,56.536,30.333,38.515,11.18,31.008,112.586,44.36,6.668,8.969,0.34,0.2444,-0.025,2.9392,2.5425,1.0991,True,1045.1550000000002,0,0.03439745237252241,nested_district_rain,0.01
2020,2020-08-04,2020-08-14,Sahibzada Ajit Singh Nagar,4.44,4e-05,0.0,5,0,66.338,76.275,65.399,74.736,69.954,46.173,117.044,44.042,102.497,43.295,56.536,31.008,53.882,6.496,7.007,0.474,0.3456,-0.025,3.385,2.8123,1.0563,True,1045.1550000000002,0,0.05374390660059555,nested_district_rain,0.01
2020,2020-08-14,2020-08-24,Sahibzada Ajit Singh Nagar,4.44,4e-05,4e-05,6,0,79.593,79.243,66.338,76.275,65.399,74.736,136.567,31.012,69.381,22.757,117.044,56.536,122.732,33.009,43.169,0.5212,0.7994,0.0,3.9927,3.5059,1.061,True,1045.1550000000002,0,0.08275206061785402,nested_district_rain,0.01
2020,2020-08-24,2020-09-03,Sahibzada Ajit Singh Nagar,4.44,4e-05,4e-05,7,0,56.577,58.238,79.593,79.243,66.338,76.275,14.222,6.099,9.433,3.073,136.567,117.044,143.085,2.225,8.921,0.3341,0.599,0.257,4.4834,4.2115,1.1948,True,1045.1550000000002,0,0.033755171363077076,nested_district_rain,0.01
2020,2020-09-03,2020-09-13,Sahibzada Ajit Singh Nagar,0.0,0.0,4e-05,8,0,25.289,19.085,56.577,58.238,79.593,79.243,10.443,6.237,8.839,2.965,14.222,136.567,58.712,6.237,10.436,0.1792,0.1764,0.117,4.7713,4.7737,1.4199,True,1045.1550000000002,0,0.012345407833671948,nested_district_rain,0.01
2020,2020-09-13,2020-09-23,Sahibzada Ajit Singh Nagar,0.0,0.0,0.0,9,0,0.059,0.619,25.289,19.085,56.577,58.238,0.0,0.0,0.0,0.0,10.443,14.222,25.487,0.0,0.0,-0.1524,-0.1213,-0.031,4.7339,4.7371,1.4739,True,1045.1550000000002,0,0.004443778517874664,nested_district_rain,0.01
2020,2020-09-23,2020-09-30,Sahibzada Ajit Singh Nagar,0.0,0.0,0.0,10,0,1.761,2.353,0.058,0.598,0.543,1.236,8.697,5.627,8.587,3.574,0.0,0.0,8.887,8.587,8.697,-0.0188,-0.0938,-0.03,4.6384,4.6058,1.4246,True,1045.1550000000002,0,0.001991818576114105,nested_district_rain,0.01
2020,2020-07-25,2020-08-04,Sangrur,283.93,0.000786,0.003228,4,0,65.399,74.736,69.954,46.173,79.212,48.773,53.998,21.941,43.757,21.772,63.33,146.105,82.231,0.0,0.0,0.34,0.2444,-0.025,2.9392,2.5425,1.0991,True,60874.489,10,0.3932428550917572,nested_district_rain,0.01
2020,2020-08-04,2020-08-14,Sangrur,90.19,0.00025,0.000786,5,0,66.338,76.275,65.399,74.736,69.954,46.173,15.622,8.682,13.194,3.03,53.998,63.33,68.425,0.613,0.613,0.474,0.3456,-0.025,3.385,2.8123,1.0563,True,60874.489,10,0.3032901997127417,nested_district_rain,0.01
2020,2020-08-14,2020-08-24,Sangrur,29.34,8.1e-05,0.00025,6,0,79.593,79.243,66.338,76.275,65.399,74.736,44.893,18.233,38.612,16.515,15.622,53.998,36.011,0.205,4.26,0.5212,0.7994,0.0,3.9927,3.5059,1.061,True,60874.489,10,0.36576335655727343,nested_district_rain,0.01
2020,2020-08-24,2020-09-03,Sangrur,10.54,2.9e-05,8.1e-05,7,0,56.577,58.238,79.593,79.243,66.338,76.275,14.052,6.714,13.274,6.335,44.893,15.622,44.331,0.52,7.234,0.3341,0.599,0.257,4.4834,4.2115,1.1948,True,60874.489,10,0.2559495471480289,nested_district_rain,0.01
2020,2020-09-03,2020-09-13,Sangrur,6.0,1.7e-05,2.9e-05,8,0,25.289,19.085,56.577,58.238,79.593,79.243,9.081,7.371,8.394,1.633,14.052,44.893,24.155,1.023,8.951,0.1792,0.1764,0.117,4.7713,4.7737,1.4199,True,60874.489,10,0.11096319444612757,nested_district_rain,0.01
2020,2020-09-13,2020-09-23,Sangrur,3.01,8e-06,1.7e-05,9,0,0.059,0.619,25.289,19.085,56.577,58.238,0.0,0.0,0.0,0.0,9.081,14.052,13.227,0.0,0.0,-0.1524,-0.1213,-0.031,4.7339,4.7371,1.4739,True,60874.489,10,0.038839711266843914,nested_district_rain,0.01
2020,2020-09-23,2020-09-30,Sangrur,0.0,0.0,8e-06,10,0,1.761,2.353,0.058,0.598,0.543,1.236,0.148,0.148,0.148,0.059,0.0,0.13,4.612,0.148,0.148,-0.0188,-0.0938,-0.03,4.6384,4.6058,1.4246,True,60874.489,10,0.01738267974681279,nested_district_rain,0.01
2020,2020-07-25,2020-08-04,Tarn Taran,30.69,0.000128,0.002966,4,0,65.399,74.736,69.954,46.173,79.212,48.773,52.435,18.613,32.329,11.58,79.194,53.716,63.267,12.061,15.69,0.34,0.2444,-0.025,2.9392,2.5425,1.0991,True,33972.311,8,0.28320591419898267,nested_district_rain,0.01
2020,2020-08-04,2020-08-14,Tarn Taran,35.03,0.000146,0.000128,5,0,66.338,76.275,65.399,74.736,69.954,46.173,37.234,9.8,21.36,8.785,52.435,79.194,56.789,6.463,11.679,0.474,0.3456,-0.025,3.385,2.8123,1.0563,True,33972.311,8,0.18119414655930796,nested_district_rain,0.01
2020,2020-08-14,2020-08-24,Tarn Taran,5.86,2.4e-05,0.000146,6,0,79.593,79.243,66.338,76.275,65.399,74.736,57.891,32.276,42.285,11.841,37.234,52.435,46.002,9.955,15.606,0.5212,0.7994,0.0,3.9927,3.5059,1.061,True,33972.311,8,0.27027149696590197,nested_district_rain,0.01
2020,2020-08-24,2020-09-03,Tarn Taran,55.55,0.000231,2.4e-05,7,0,56.577,58.238,79.593,79.243,66.338,76.275,65.635,39.574,55.942,13.175,57.891,37.234,54.861,8.321,58.137,0.3341,0.599,0.257,4.4834,4.2115,1.1948,True,33972.311,8,0.20367447404779704,nested_district_rain,0.01
2020,2020-09-03,2020-09-13,Tarn Taran,4.38,1.8e-05,0.000231,8,0,25.289,19.085,56.577,58.238,79.593,79.243,30.638,17.163,27.475,10.991,65.635,57.891,57.371,27.468,29.373,0.1792,0.1764,0.117,4.7713,4.7737,1.4199,True,33972.311,8,0.07692178958436838,nested_district_rain,0.01
2020,2020-09-13,2020-09-23,Tarn Taran,0.0,0.0,1.8e-05,9,0,0.059,0.619,25.289,19.085,56.577,58.238,0.0,0.0,0.0,0.0,30.638,65.635,34.584,0.0,0.0,-0.1524,-0.1213,-0.031,4.7339,4.7371,1.4739,True,33972.311,8,0.021778482514191327,nested_district_rain,0.01
2020,2020-09-23,2020-09-30,Tarn Taran,0.0,0.0,0.0,10,0,1.761,2.353,0.058,0.598,0.543,1.236,0.0,0.0,0.0,0.0,0.0,1.265,12.059,0.0,0.0,-0.0188,-0.0938,-0.03,4.6384,4.6058,1.4246,True,33972.311,8,0.01054495689101999,nested_district_rain,0.01
2021,2021-07-25,2021-08-04,Amritsar,16.6,6.2e-05,0.002468,4,0,115.543,91.148,88.432,83.517,74.526,89.188,116.352,57.188,99.135,30.414,57.131,67.986,63.436,22.508,107.135,0.3214,0.0,0.269,1.7215,1.6704,0.8462,True,24648.993,7,0.5700724379445208,nested_district_rain,0.01
2021,2021-08-04,2021-08-14,Amritsar,0.0,0.0,6.2e-05,5,0,37.242,45.562,115.543,91.148,88.432,83.517,25.159,17.069,22.378,4.186,116.352,57.131,87.642,22.378,23.693,0.3052,0.1864,0.025,2.5674,2.2368,1.0019,True,24648.993,7,0.13768699211451407,nested_district_rain,0.01
2021,2021-08-14,2021-08-24,Amritsar,0.0,0.0,0.0,6,0,36.438,33.893,37.242,45.562,115.543,91.148,25.891,11.025,21.881,10.235,25.159,116.352,42.646,4.01,4.01,0.0,0.0,-0.025,2.94,2.37,0.9906,True,24648.993,7,0.07933018019076667,nested_district_rain,0.01
2021,2021-08-24,2021-09-03,Amritsar,0.0,0.0,0.0,7,0,27.272,38.057,36.438,33.893,37.242,45.562,27.759,23.616,27.416,5.688,25.891,25.159,37.386,0.0,0.163,0.275,0.4073,-0.096,3.2875,2.6836,0.9322,True,24648.993,7,0.0433622064901581,nested_district_rain,0.01
2021,2021-09-03,2021-09-13,Amritsar,0.0,0.0,0.0,8,0,83.78,65.969,27.272,38.057,36.438,33.893,161.654,76.361,139.686,38.251,27.759,25.891,35.229,14.263,15.235,0.0,0.0,0.026,3.5356,2.91,0.8614,True,24648.993,7,0.1641493038551773,nested_district_rain,0.01
2021,2021-09-13,2021-09-23,Amritsar,10.84,4.1e-05,0.0,9,0,40.372,58.264,83.78,65.969,27.272,38.057,59.731,38.889,43.68,10.82,161.654,27.759,149.111,7.953,15.656,0.0,0.0,0.073,3.81,3.2,0.971,True,24648.993,7,0.10778956578729566,nested_district_rain,0.01
2021,2021-09-23,2021-09-30,Amritsar,0.0,0.0,4.1e-05,10,0,40.218,30.321,28.071,34.153,68.789,64.018,21.999,11.17,21.998,10.965,51.778,149.138,99.697,21.998,21.999,0.0,0.0,0.024,4.0114,3.3797,1.0301,True,24648.993,7,0.05181384512503773,nested_district_rain,0.01
2021,2021-07-25,2021-08-04,Barnala,4.45,3e-05,0.0,4,0,115.543,91.148,88.432,83.517,74.526,89.188,58.999,21.183,46.94,17.372,48.145,21.532,40.615,0.0,29.991,0.3214,0.0,0.269,1.7215,1.6704,0.8462,True,15048.918,8,0.3956884138477133,nested_district_rain,0.01
2021,2021-08-04,2021-08-14,Barnala,0.0,0.0,3e-05,5,0,37.242,45.562,115.543,91.148,88.432,83.517,10.623,5.167,9.058,3.867,58.999,48.145,53.098,9.058,9.066,0.3052,0.1864,0.025,2.5674,2.2368,1.0019,True,15048.918,8,0.14635550131414563,nested_district_rain,0.01
2021,2021-08-14,2021-08-24,Barnala,0.0,0.0,0.0,6,0,36.438,33.893,37.242,45.562,115.543,91.148,16.771,12.456,16.757,5.116,10.623,58.999,23.226,0.0,0.0,0.0,0.0,-0.025,2.94,2.37,0.9906,True,15048.918,8,0.09724280355580357,nested_district_rain,0.01
2021,2021-08-24,2021-09-03,Barnala,0.0,0.0,0.0,7,0,27.272,38.057,36.438,33.893,37.242,45.562,0.205,0.198,0.198,0.026,16.771,10.623,24.435,0.198,0.198,0.275,0.4073,-0.096,3.2875,2.6836,0.9322,True,15048.918,8,0.042376172725038984,nested_district_rain,0.01
2021,2021-09-03,2021-09-13,Barnala,0.74,5e-06,0.0,8,0,83.78,65.969,27.272,38.057,36.438,33.893,31.152,17.709,27.095,7.548,0.205,16.771,8.604,3.778,3.78,0.0,0.0,0.026,3.5356,2.91,0.8614,True,15048.918,8,0.10541941418166731,nested_district_rain,0.01
2021,2021-09-13,2021-09-23,Barnala,0.0,0.0,5e-06,9,0,40.372,58.264,83.78,65.969,27.272,38.057,17.349,12.695,12.78,4.563,31.152,0.205,29.566,12.78,13.688,0.0,0.0,0.073,3.81,3.2,0.971,True,15048.918,8,0.0939440025468646,nested_district_rain,0.01
2021,2021-09-23,2021-09-30,Barnala,0.0,0.0,0.0,10,0,40.218,30.321,28.071,34.153,68.789,64.018,58.571,44.898,58.054,25.853,4.569,39.875,19.464,58.054,58.054,0.0,0.0,0.024,4.0114,3.3797,1.0301,True,15048.918,8,0.08188861858512031,nested_district_rain,0.01
2021,2021-07-25,2021-08-04,Bathinda,137.09,0.000406,0.0,4,0,115.543,91.148,88.432,83.517,74.526,89.188,58.716,29.928,53.825,21.973,39.849,15.898,35.569,0.074,32.81,0.3214,0.0,0.269,1.7215,1.6704,0.8462,True,12372.131,5,0.27357076185676266,nested_district_rain,0.01
2021,2021-08-04,2021-08-14,Bathinda,2.25,7e-06,0.000406,5,0,37.242,45.562,115.543,91.148,88.432,83.517,33.66,14.834,28.048,10.15,58.716,39.849,49.645,28.048,29.168,0.3052,0.1864,0.025,2.5674,2.2368,1.0019,True,12372.131,5,0.10395781201653581,nested_district_rain,0.01
2021,2021-08-14,2021-08-24,Bathinda,0.0,0.0,7e-06,6,0,36.438,33.893,37.242,45.562,115.543,91.148,42.502,30.106,42.502,14.167,33.66,58.716,33.072,0.0,0.0,0.0,0.0,-0.025,2.94,2.37,0.9906,True,12372.131,5,0.06395917581977556,nested_district_rain,0.01
2021,2021-08-24,2021-09-03,Bathinda,15.66,4.6e-05,0.0,7,0,27.272,38.057,36.438,33.893,37.242,45.562,2.101,2.084,2.084,0.224,42.502,33.66,51.023,0.017,0.017,0.275,0.4073,-0.096,3.2875,2.6836,0.9322,True,12372.131,5,0.023640499363029956,nested_district_rain,0.01
2021,2021-09-03,2021-09-13,Bathinda,3.72,1.1e-05,4.6e-05,8,0,83.78,65.969,27.272,38.057,36.438,33.893,62.699,26.879,35.835,16.449,2.101,42.502,19.881,35.835,35.886,0.0,0.0,0.026,3.5356,2.91,0.8614,True,12372.131,5,0.0692570994783454,nested_district_rain,0.01
2021,2021-09-13,2021-09-23,Bathinda,0.74,2e-06,1.1e-05,9,0,40.372,58.264,83.78,65.969,27.272,38.057,12.395,6.671,8.249,4.362,62.699,2.101,44.918,8.249,8.279,0.0,0.0,0.073,3.81,3.2,0.971,True,12372.131,5,0.05099821810796407,nested_district_rain,0.01
2021,2021-09-23,2021-09-30,Bathinda,0.0,0.0,2e-06,10,0,40.218,30.321,28.071,34.153,68.789,64.018,14.258,11.085,14.258,6.338,4.146,35.062,23.056,14.258,14.258,0.0,0.0,0.024,4.0114,3.3797,1.0301,True,12372.131,5,0.03630457610911993,nested_district_rain,0.01
2021,2021-07-25,2021-08-04,Faridkot,11.11,7.6e-05,0.000178,4,0,115.543,91.148,88.432,83.517,74.526,89.188,66.074,48.364,61.466,15.014,59.828,17.529,49.977,1.867,52.025,0.3214,0.0,0.269,1.7215,1.6704,0.8462,True,11050.268,6,0.3463180844137431,nested_district_rain,0.01
2021,2021-08-04,2021-08-14,Faridkot,3.7,2.5e-05,7.6e-05,5,0,37.242,45.562,115.543,91.148,88.432,83.517,59.353,24.75,41.3,18.39,66.074,59.828,57.761,41.3,41.67,0.3052,0.1864,0.025,2.5674,2.2368,1.0019,True,11050.268,6,0.1254659273490975,nested_district_rain,0.01
2021,2021-08-14,2021-08-24,Faridkot,0.0,0.0,2.5e-05,6,0,36.438,33.893,37.242,45.562,115.543,91.148,49.007,33.179,49.007,17.27,59.353,66.074,51.478,0.0,0.0,0.0,0.0,-0.025,2.94,2.37,0.9906,True,11050.268,6,0.07836867739454723,nested_district_rain,0.01
2021,2021-08-24,2021-09-03,Faridkot,2.22,1.5e-05,0.0,7,0,27.272,38.057,36.438,33.893,37.242,45.562,3.068,1.722,2.048,1.09,49.007,59.353,65.345,0.0,0.0,0.275,0.4073,-0.096,3.2875,2.6836,0.9322,True,11050.268,6,0.02783928971813711,nested_district_rain,0.01
2021,2021-09-03,2021-09-13,Faridkot,2.22,1.5e-05,1.5e-05,8,0,83.78,65.969,27.272,38.057,36.438,33.893,92.364,34.795,53.685,28.866,3.068,49.007,25.324,38.679,38.679,0.0,0.0,0.026,3.5356,2.91,0.8614,True,11050.268,6,0.09255130840529643,nested_district_rain,0.01
2021,2021-09-13,2021-09-23,Faridkot,2.22,1.5e-05,1.5e-05,9,0,40.372,58.264,83.78,65.969,27.272,38.057,8.66,6.18,6.18,2.764,92.364,3.068,75.661,6.18,6.18,0.0,0.0,0.073,3.81,3.2,0.971,True,11050.268,6,0.06224220096845011,nested_district_rain,0.01
2021,2021-09-23,2021-09-30,Faridkot,5.18,3.6e-05,1.5e-05,10,0,40.218,30.321,28.071,34.153,68.789,64.018,29.985,26.346,29.985,12.722,2.48,59.865,31.223,29.985,29.985,0.0,0.0,0.024,4.0114,3.3797,1.0301,True,11050.268,6,0.04765094910709392,nested_district_rain,0.01
2021,2021-07-25,2021-08-04,Fatehgarh Sahib,0.0,0.0,0.000575,4,0,115.543,91.148,88.432,83.517,74.526,89.188,74.939,35.156,68.02,28.579,88.727,50.431,74.408,1.396,64.4,0.3214,0.0,0.269,1.7215,1.6704,0.8462,True,16732.975,8,0.4470062661034882,nested_district_rain,0.01
2021,2021-08-04,2021-08-14,Fatehgarh Sahib,0.0,0.0,0.0,5,0,37.242,45.562,115.543,91.148,88.432,83.517,19.93,6.102,8.893,4.706,74.939,88.727,70.13,7.247,9.964,0.3052,0.1864,0.025,2.5674,2.2368,1.0019,True,16732.975,8,0.14321256850574798,nested_district_rain,0.01
2021,2021-08-14,2021-08-24,Fatehgarh Sahib,0.0,0.0,0.0,6,0,36.438,33.893,37.242,45.562,115.543,91.148,33.405,14.337,30.158,10.441,19.93,74.939,36.79,2.703,2.871,0.0,0.0,-0.025,2.94,2.37,0.9906,True,16732.975,8,0.10211614366158754,nested_district_rain,0.01
2021,2021-08-24,2021-09-03,Fatehgarh Sahib,0.0,0.0,0.0,7,0,27.272,38.057,36.438,33.893,37.242,45.562,3.265,2.259,2.339,0.806,33.405,19.93,42.411,0.177,0.177,0.275,0.4073,-0.096,3.2875,2.6836,0.9322,True,16732.975,8,0.04358111936906231,nested_district_rain,0.01
2021,2021-09-03,2021-09-13,Fatehgarh Sahib,0.0,0.0,0.0,8,0,83.78,65.969,27.272,38.057,36.438,33.893,39.306,16.512,22.129,10.51,3.265,33.405,17.081,17.142,17.142,0.0,0.0,0.026,3.5356,2.91,0.8614,True,16732.975,8,0.10747707763117943,nested_district_rain,0.01
2021,2021-09-13,2021-09-23,Fatehgarh Sahib,0.0,0.0,0.0,9,0,40.372,58.264,83.78,65.969,27.272,38.057,43.542,19.601,25.926,9.084,39.306,3.265,34.779,25.926,33.842,0.0,0.0,0.073,3.81,3.2,0.971,True,16732.975,8,0.10450281784468991,nested_district_rain,0.01
2021,2021-09-23,2021-09-30,Fatehgarh Sahib,0.0,0.0,0.0,10,0,40.218,30.321,28.071,34.153,68.789,64.018,60.281,49.006,60.281,26.367,17.616,48.09,36.588,60.281,60.281,0.0,0.0,0.024,4.0114,3.3797,1.0301,True,16732.975,8,0.08496862357677958,nested_district_rain,0.01
2021,2021-07-25,2021-08-04,Firozpur,276.8,0.00053,0.000201,4,0,115.543,91.148,88.432,83.517,74.526,89.188,49.482,34.227,43.78,9.929,39.697,15.782,34.206,3.928,40.479,0.3214,0.0,0.269,1.7215,1.6704,0.8462,True,71182.281,8,0.47634746983383935,nested_district_rain,0.01
2021,2021-08-04,2021-08-14,Firozpur,11.88,2.3e-05,0.00053,5,0,37.242,45.562,115.543,91.148,88.432,83.517,26.069,13.496,19.57,6.412,49.482,39.697,41.398,19.57,19.776,0.3052,0.1864,0.025,2.5674,2.2368,1.0019,True,71182.281,8,0.2116072796671763,nested_district_rain,0.01
2021,2021-08-14,2021-08-24,Firozpur,3.75,7e-06,2.3e-05,6,0,36.438,33.893,37.242,45.562,115.543,91.148,21.512,18.876,21.395,3.7,26.069,49.482,28.077,0.117,0.117,0.0,0.0,-0.025,2.94,2.37,0.9906,True,71182.281,8,0.12686403301960902,nested_district_rain,0.01
2021,2021-08-24,2021-09-03,Firozpur,5.25,1e-05,7e-06,7,0,27.272,38.057,36.438,33.893,37.242,45.562,7.073,3.265,3.956,1.867,21.512,26.069,30.937,2.637,3.048,0.275,0.4073,-0.096,3.2875,2.6836,0.9322,True,71182.281,8,0.05427204901051694,nested_district_rain,0.01
2021,2021-09-03,2021-09-13,Firozpur,7.49,1.4e-05,1e-05,8,0,83.78,65.969,27.272,38.057,36.438,33.893,79.618,30.87,53.191,25.109,7.073,21.512,15.213,24.713,24.768,0.0,0.0,0.026,3.5356,2.91,0.8614,True,71182.281,8,0.1576531750089384,nested_district_rain,0.01
2021,2021-09-13,2021-09-23,Firozpur,64.57,0.000124,1.4e-05,9,0,40.372,58.264,83.78,65.969,27.272,38.057,13.97,8.242,8.669,5.096,79.618,7.073,67.646,8.669,8.881,0.0,0.0,0.073,3.81,3.2,0.971,True,71182.281,8,0.1149777380044992,nested_district_rain,0.01
2021,2021-09-23,2021-09-30,Firozpur,8.18,1.6e-05,0.000124,10,0,40.218,30.321,28.071,34.153,68.789,64.018,10.679,7.005,8.981,3.988,5.301,63.295,32.135,8.981,10.563,0.0,0.0,0.024,4.0114,3.3797,1.0301,True,71182.281,8,0.07797096371988432,nested_district_rain,0.01
2021,2021-07-25,2021-08-04,Gurdaspur,550.7,0.001517,0.001372,4,0,115.543,91.148,88.432,83.517,74.526,89.188,167.393,62.2,137.633,61.293,97.206,93.94,93.204,24.489,147.881,0.3214,0.0,0.269,1.7215,1.6704,0.8462,True,19849.863,4,0.39090232335710035,nested_district_rain,0.01
2021,2021-08-04,2021-08-14,Gurdaspur,0.0,0.0,0.001517,5,0,37.242,45.562,115.543,91.148,88.432,83.517,36.229,13.9,26.706,8.677,167.393,97.206,126.966,26.706,27.66,0.3052,0.1864,0.025,2.5674,2.2368,1.0019,True,19849.863,4,0.10473858610454244,nested_district_rain,0.01
2021,2021-08-14,2021-08-24,Gurdaspur,0.0,0.0,0.0,6,0,36.438,33.893,37.242,45.562,115.543,91.148,20.553,10.426,15.398,4.67,36.229,167.393,63.272,4.363,4.363,0.0,0.0,-0.025,2.94,2.37,0.9906,True,19849.863,4,0.04128486858281307,nested_district_rain,0.01
2021,2021-08-24,2021-09-03,Gurdaspur,0.0,0.0,0.0,7,0,27.272,38.057,36.438,33.893,37.242,45.562,36.691,19.054,23.07,6.566,20.553,36.229,39.314,7.548,13.499,0.275,0.4073,-0.096,3.2875,2.6836,0.9322,True,19849.863,4,0.024259386040593883,nested_district_rain,0.01
2021,2021-09-03,2021-09-13,Gurdaspur,0.0,0.0,0.0,8,0,83.78,65.969,27.272,38.057,36.438,33.893,125.972,36.424,81.584,33.607,36.691,20.553,39.01,7.965,8.665,0.0,0.0,0.026,3.5356,2.91,0.8614,True,19849.863,4,0.07620090313493004,nested_district_rain,0.01
2021,2021-09-13,2021-09-23,Gurdaspur,7.16,2e-05,0.0,9,0,40.372,58.264,83.78,65.969,27.272,38.057,59.217,19.055,22.422,17.361,125.972,36.691,117.383,17.347,34.113,0.0,0.0,0.073,3.81,3.2,0.971,True,19849.863,4,0.055008574400048735,nested_district_rain,0.01
2021,2021-09-23,2021-09-30,Gurdaspur,2.15,6e-06,2e-05,10,0,40.218,30.321,28.071,34.153,68.789,64.018,14.511,8.393,8.401,6.612,41.87,112.655,79.817,6.11,14.503,0.0,0.0,0.024,4.0114,3.3797,1.0301,True,19849.863,4,0.029004974758845052,nested_district_rain,0.01
2021,2021-07-25,2021-08-04,Hoshiarpur,0.0,0.0,4.1e-05,4,0,115.543,91.148,88.432,83.517,74.526,89.188,156.849,59.653,131.033,55.783,114.569,67.905,93.576,13.639,128.645,0.3214,0.0,0.269,1.7215,1.6704,0.8462,True,6490.276,2,0.22735266848660718,nested_district_rain,0.01
2021,2021-08-04,2021-08-14,Hoshiarpur,0.0,0.0,0.0,5,0,37.242,45.562,115.543,91.148,88.432,83.517,29.602,10.092,16.112,5.56,156.849,114.569,123.725,7.65,9.607,0.3052,0.1864,0.025,2.5674,2.2368,1.0019,True,6490.276,2,0.047075233281772724,nested_district_rain,0.01
2021,2021-08-14,2021-08-24,Hoshiarpur,0.0,0.0,0.0,6,0,36.438,33.893,37.242,45.562,115.543,91.148,36.111,11.939,17.861,7.977,29.602,156.849,62.26,16.957,16.957,0.0,0.0,-0.025,2.94,2.37,0.9906,True,6490.276,2,0.02931073214134868,nested_district_rain,0.01
2021,2021-08-24,2021-09-03,Hoshiarpur,0.0,0.0,0.0,7,0,27.272,38.057,36.438,33.893,37.242,45.562,32.65,14.824,17.691,9.315,36.111,29.602,46.4,4.47,21.393,0.275,0.4073,-0.096,3.2875,2.6836,0.9322,True,6490.276,2,0.015257839717490866,nested_district_rain,0.01
2021,2021-09-03,2021-09-13,Hoshiarpur,0.0,0.0,0.0,8,0,83.78,65.969,27.272,38.057,36.438,33.893,94.134,25.388,59.997,21.856,32.65,36.111,37.152,3.757,6.595,0.0,0.0,0.026,3.5356,2.91,0.8614,True,6490.276,2,0.04199309413690112,nested_district_rain,0.01
2021,2021-09-13,2021-09-23,Hoshiarpur,0.0,0.0,0.0,9,0,40.372,58.264,83.78,65.969,27.272,38.057,72.615,22.846,29.916,18.532,94.134,32.65,90.263,18.342,38.274,0.0,0.0,0.073,3.81,3.2,0.971,True,6490.276,2,0.03746696837273523,nested_district_rain,0.01
2021,2021-09-23,2021-09-30,Hoshiarpur,0.0,0.0,0.0,10,0,40.218,30.321,28.071,34.153,68.789,64.018,48.898,33.323,48.781,22.604,54.273,87.514,80.55,48.781,48.824,0.0,0.0,0.024,4.0114,3.3797,1.0301,True,6490.276,2,0.02355733733018848,nested_district_rain,0.01
2021,2021-07-25,2021-08-04,Jalandhar,83.68,0.00032,0.000317,4,0,115.543,91.148,88.432,83.517,74.526,89.188,148.032,52.166,100.806,32.015,85.541,75.869,82.368,29.057,110.999,0.3214,0.0,0.269,1.7215,1.6704,0.8462,True,22071.974,6,0.4147406688483483,nested_district_rain,0.01
2021,2021-08-04,2021-08-14,Jalandhar,13.94,5.3e-05,0.00032,5,0,37.242,45.562,115.543,91.148,88.432,83.517,29.146,12.19,19.588,5.092,148.032,85.541,114.851,19.588,21.445,0.3052,0.1864,0.025,2.5674,2.2368,1.0019,True,22071.974,6,0.11655887678255483,nested_district_rain,0.01
2021,2021-08-14,2021-08-24,Jalandhar,0.0,0.0,5.3e-05,6,0,36.438,33.893,37.242,45.562,115.543,91.148,32.06,15.246,24.91,10.129,29.146,148.032,54.829,4.823,4.823,0.0,0.0,-0.025,2.94,2.37,0.9906,True,22071.974,6,0.06629675604694907,nested_district_rain,0.01
2021,2021-08-24,2021-09-03,Jalandhar,0.0,0.0,0.0,7,0,27.272,38.057,36.438,33.893,37.242,45.562,20.741,7.636,11.575,4.283,32.06,29.146,46.143,6.08,7.841,0.275,0.4073,-0.096,3.2875,2.6836,0.9322,True,22071.974,6,0.0328819696237771,nested_district_rain,0.01
2021,2021-09-03,2021-09-13,Jalandhar,0.0,0.0,0.0,8,0,83.78,65.969,27.272,38.057,36.438,33.893,80.458,20.44,61.068,20.433,20.741,32.06,31.185,14.048,14.764,0.0,0.0,0.026,3.5356,2.91,0.8614,True,22071.974,6,0.08791686921248579,nested_district_rain,0.01
2021,2021-09-13,2021-09-23,Jalandhar,0.0,0.0,0.0,9,0,40.372,58.264,83.78,65.969,27.272,38.057,41.284,17.496,26.926,10.731,80.458,20.741,75.748,3.521,13.638,0.0,0.0,0.073,3.81,3.2,0.971,True,22071.974,6,0.07392360499121284,nested_district_rain,0.01
2021,2021-09-23,2021-09-30,Jalandhar,0.0,0.0,0.0,10,0,40.218,30.321,28.071,34.153,68.789,64.018,107.237,53.929,103.513,51.322,37.763,68.13,60.207,103.513,107.128,0.0,0.0,0.024,4.0114,3.3797,1.0301,True,22071.974,6,0.06926180532850187,nested_district_rain,0.01
2021,2021-07-25,2021-08-04,Kapurthala,170.1,0.001021,2.6e-05,4,0,115.543,91.148,88.432,83.517,74.526,89.188,191.021,65.341,133.029,42.824,69.199,93.338,75.849,57.418,150.125,0.3214,0.0,0.269,1.7215,1.6704,0.8462,True,31949.818,8,0.5468841055774101,nested_district_rain,0.01
2021,2021-08-04,2021-08-14,Kapurthala,36.47,0.000219,0.001021,5,0,37.242,45.562,115.543,91.148,88.432,83.517,24.224,7.657,13.341,4.141,191.021,69.199,134.627,13.341,16.853,0.3052,0.1864,0.025,2.5674,2.2368,1.0019,True,31949.818,8,0.19049102188654737,nested_district_rain,0.01
2021,2021-08-14,2021-08-24,Kapurthala,6.56,3.9e-05,0.000219,6,0,36.438,33.893,37.242,45.562,115.543,91.148,44.56,29.935,36.183,8.602,24.224,191.021,60.724,8.375,8.375,0.0,0.0,-0.025,2.94,2.37,0.9906,True,31949.818,8,0.10606849626507406,nested_district_rain,0.01
2021,2021-08-24,2021-09-03,Kapurthala,19.68,0.000118,3.9e-05,7,0,27.272,38.057,36.438,33.893,37.242,45.562,31.458,8.285,13.853,6.071,44.56,24.224,57.959,12.764,15.001,0.275,0.4073,-0.096,3.2875,2.6836,0.9322,True,31949.818,8,0.053461170517342116,nested_district_rain,0.01
2021,2021-09-03,2021-09-13,Kapurthala,9.47,5.7e-05,0.000118,8,0,83.78,65.969,27.272,38.057,36.438,33.893,118.296,37.002,89.198,31.77,31.458,44.56,41.268,16.188,18.861,0.0,0.0,0.026,3.5356,2.91,0.8614,True,31949.818,8,0.15440359869499196,nested_district_rain,0.01
2021,2021-09-13,2021-09-23,Kapurthala,6.56,3.9e-05,5.7e-05,9,0,40.372,58.264,83.78,65.969,27.272,38.057,65.258,29.068,46.196,18.322,118.296,31.458,111.727,3.405,18.059,0.0,0.0,0.073,3.81,3.2,0.971,True,31949.818,8,0.12568335390983565,nested_district_rain,0.01
2021,2021-09-23,2021-09-30,Kapurthala,8.75,5.2e-05,3.9e-05,10,0,40.218,30.321,28.071,34.153,68.789,64.018,123.779,58.766,116.121,57.919,61.853,100.201,92.882,116.121,123.779,0.0,0.0,0.024,4.0114,3.3797,1.0301,True,31949.818,8,0.10934298893817301,nested_district_rain,0.01
2021,2021-07-25,2021-08-04,Ludhiana,27.23,7.6e-05,0.00041,4,0,115.543,91.148,88.432,83.517,74.526,89.188,105.752,36.885,89.577,34.265,82.629,53.73,73.643,1.999,72.858,0.3214,0.0,0.269,1.7215,1.6704,0.8462,True,39666.378000000004,7,0.4394143988771215,nested_district_rain,0.01
2021,2021-08-04,2021-08-14,Ludhiana,139.87,0.000389,7.6e-05,5,0,37.242,45.562,115.543,91.148,88.432,83.517,28.742,12.851,20.173,5.927,105.752,82.629,91.462,20.173,22.616,0.3052,0.1864,0.025,2.5674,2.2368,1.0019,True,39666.378000000004,7,0.14256893155722192,nested_district_rain,0.01
2021,2021-08-14,2021-08-24,Ludhiana,0.0,0.0,0.000389,6,0,36.438,33.893,37.242,45.562,115.543,91.148,28.135,14.386,22.492,6.581,28.742,105.752,46.468,1.951,1.951,0.0,0.0,-0.025,2.94,2.37,0.9906,True,39666.378000000004,7,0.09578356309008165,nested_district_rain,0.01
2021,2021-08-24,2021-09-03,Ludhiana,0.0,0.0,0.0,7,0,27.272,38.057,36.438,33.893,37.242,45.562,5.768,3.117,4.384,1.406,28.135,28.742,40.99,0.468,0.48,0.275,0.4073,-0.096,3.2875,2.6836,0.9322,True,39666.378000000004,7,0.03966687601324122,nested_district_rain,0.01
2021,2021-09-03,2021-09-13,Ludhiana,0.0,0.0,0.0,8,0,83.78,65.969,27.272,38.057,36.438,33.893,45.459,16.483,37.193,14.808,5.768,28.135,18.811,7.203,7.913,0.0,0.0,0.026,3.5356,2.91,0.8614,True,39666.378000000004,7,0.10032311235214426,nested_district_rain,0.01
2021,2021-09-13,2021-09-23,Ludhiana,5.17,1.4e-05,0.0,9,0,40.372,58.264,83.78,65.969,27.272,38.057,34.116,13.311,17.067,9.559,45.459,5.768,44.85,10.371,16.493,0.0,0.0,0.073,3.81,3.2,0.971,True,39666.378000000004,7,0.09216173808071963,nested_district_rain,0.01
2021,2021-09-23,2021-09-30,Ludhiana,5.17,1.4e-05,1.4e-05,10,0,40.218,30.321,28.071,34.153,68.789,64.018,96.361,55.979,92.848,44.513,23.745,47.889,40.415,92.848,92.895,0.0,0.0,0.024,4.0114,3.3797,1.0301,True,39666.378000000004,7,0.0884626170646296,nested_district_rain,0.01
2021,2021-07-25,2021-08-04,Mansa,443.93,0.002001,0.000132,4,0,115.543,91.148,88.432,83.517,74.526,89.188,86.879,39.577,75.029,30.868,44.214,11.592,40.358,0.0,45.129,0.3214,0.0,0.269,1.7215,1.6704,0.8462,True,10359.448999999999,5,0.30817638443338513,nested_district_rain,0.01
2021,2021-08-04,2021-08-14,Mansa,0.0,0.0,0.002001,5,0,37.242,45.562,115.543,91.148,88.432,83.517,12.072,5.172,9.816,4.573,86.879,44.214,70.022,9.816,9.856,0.3052,0.1864,0.025,2.5674,2.2368,1.0019,True,10359.448999999999,5,0.12992699808426364,nested_district_rain,0.01
2021,2021-08-14,2021-08-24,Mansa,0.0,0.0,0.0,6,0,36.438,33.893,37.242,45.562,115.543,91.148,10.324,6.651,10.324,3.943,12.072,86.879,29.99,0.0,0.0,0.0,0.0,-0.025,2.94,2.37,0.9906,True,10359.448999999999,5,0.05097916665372249,nested_district_rain,0.01
2021,2021-08-24,2021-09-03,Mansa,0.0,0.0,0.0,7,0,27.272,38.057,36.438,33.893,37.242,45.562,1.339,1.339,1.339,0.134,10.324,12.072,20.411,1.339,1.339,0.275,0.4073,-0.096,3.2875,2.6836,0.9322,True,10359.448999999999,5,0.023643496311784914,nested_district_rain,0.01
2021,2021-09-03,2021-09-13,Mansa,0.0,0.0,0.0,8,0,83.78,65.969,27.272,38.057,36.438,33.893,39.98,13.725,22.176,8.972,1.339,10.324,7.636,22.176,24.404,0.0,0.0,0.026,3.5356,2.91,0.8614,True,10359.448999999999,5,0.06189219552501011,nested_district_rain,0.01
2021,2021-09-13,2021-09-23,Mansa,0.0,0.0,0.0,9,0,40.372,58.264,83.78,65.969,27.272,38.057,11.551,5.612,5.612,4.362,39.98,1.339,27.428,5.352,5.939,0.0,0.0,0.073,3.81,3.2,0.971,True,10359.448999999999,5,0.04979059283801039,nested_district_rain,0.01
2021,2021-09-23,2021-09-30,Mansa,7.51,3.4e-05,0.0,10,0,40.218,30.321,28.071,34.153,68.789,64.018,48.68,29.182,48.68,23.372,6.199,20.199,17.645,48.68,48.68,0.0,0.0,0.024,4.0114,3.3797,1.0301,True,10359.448999999999,5,0.04333728514175737,nested_district_rain,0.01
2021,2021-07-25,2021-08-04,Moga,71.45,0.000303,5.3e-05,4,0,115.543,91.148,88.432,83.517,74.526,89.188,120.748,36.175,92.926,29.255,75.116,68.783,74.099,8.707,65.458,0.3214,0.0,0.269,1.7215,1.6704,0.8462,True,41559.799,8,0.4774051214867941,nested_district_rain,0.01
2021,2021-08-04,2021-08-14,Moga,3.68,1.6e-05,0.000303,5,0,37.242,45.562,115.543,91.148,88.432,83.517,36.862,21.816,33.048,8.662,120.748,75.116,101.474,33.048,33.095,0.3052,0.1864,0.025,2.5674,2.2368,1.0019,True,41559.799,8,0.18865006610810267,nested_district_rain,0.01
2021,2021-08-14,2021-08-24,Moga,0.0,0.0,1.6e-05,6,0,36.438,33.893,37.242,45.562,115.543,91.148,37.917,24.455,37.894,14.541,36.862,120.748,52.05,0.001,0.001,0.0,0.0,-0.025,2.94,2.37,0.9906,True,41559.799,8,0.11025185908015303,nested_district_rain,0.01
2021,2021-08-24,2021-09-03,Moga,10.29,4.4e-05,0.0,7,0,27.272,38.057,36.438,33.893,37.242,45.562,13.458,6.798,10.895,3.986,37.917,36.862,54.713,10.798,12.434,0.275,0.4073,-0.096,3.2875,2.6836,0.9322,True,41559.799,8,0.05033785975241813,nested_district_rain,0.01
2021,2021-09-03,2021-09-13,Moga,0.0,0.0,4.4e-05,8,0,83.78,65.969,27.272,38.057,36.438,33.893,77.367,21.915,55.975,17.65,13.458,37.917,25.647,14.978,14.981,0.0,0.0,0.026,3.5356,2.91,0.8614,True,41559.799,8,0.13382918485797635,nested_district_rain,0.01
2021,2021-09-13,2021-09-23,Moga,13.29,5.6e-05,0.0,9,0,40.372,58.264,83.78,65.969,27.272,38.057,20.968,17.485,18.079,3.452,77.367,13.458,70.548,1.893,2.58,0.0,0.0,0.073,3.81,3.2,0.971,True,41559.799,8,0.10781197012718526,nested_district_rain,0.01
2021,2021-09-23,2021-09-30,Moga,0.0,0.0,5.6e-05,10,0,40.218,30.321,28.071,34.153,68.789,64.018,68.701,35.338,61.819,30.024,19.075,63.563,43.961,61.819,68.102,0.0,0.0,0.024,4.0114,3.3797,1.0301,True,41559.799,8,0.09072972015487768,nested_district_rain,0.01
2021,2021-07-25,2021-08-04,Muktsar,47.66,0.000182,0.000108,4,0,115.543,91.148,88.432,83.517,74.526,89.188,56.101,35.201,55.186,20.453,54.797,5.973,43.479,0.053,35.379,0.3214,0.0,0.269,1.7215,1.6704,0.8462,True,12941.628,7,0.3714342157294898,nested_district_rain,0.01
2021,2021-08-04,2021-08-14,Muktsar,5.21,2e-05,0.000182,5,0,37.242,45.562,115.543,91.148,88.432,83.517,55.036,29.383,49.02,20.612,56.101,54.797,49.935,49.02,49.207,0.3052,0.1864,0.025,2.5674,2.2368,1.0019,True,12941.628,7,0.15331178910112073,nested_district_rain,0.01
2021,2021-08-14,2021-08-24,Muktsar,0.0,0.0,2e-05,6,0,36.438,33.893,37.242,45.562,115.543,91.148,21.735,16.073,21.735,6.669,55.036,56.101,43.421,0.0,0.0,0.0,0.0,-0.025,2.94,2.37,0.9906,True,12941.628,7,0.08217270057029044,nested_district_rain,0.01
2021,2021-08-24,2021-09-03,Muktsar,0.0,0.0,0.0,7,0,27.272,38.057,36.438,33.893,37.242,45.562,1.938,1.659,1.697,0.383,21.735,55.036,35.261,0.0,0.0,0.275,0.4073,-0.096,3.2875,2.6836,0.9322,True,12941.628,7,0.032836242032463554,nested_district_rain,0.01
2021,2021-09-03,2021-09-13,Muktsar,13.45,5.1e-05,0.0,8,0,83.78,65.969,27.272,38.057,36.438,33.893,91.069,49.699,56.275,20.596,1.938,21.735,14.161,56.275,56.275,0.0,0.0,0.026,3.5356,2.91,0.8614,True,12941.628,7,0.12005461461574568,nested_district_rain,0.01
2021,2021-09-13,2021-09-23,Muktsar,7.47,2.9e-05,5.1e-05,9,0,40.372,58.264,83.78,65.969,27.272,38.057,18.426,10.624,17.085,6.877,91.069,1.938,61.065,17.085,17.085,0.0,0.0,0.073,3.81,3.2,0.971,True,12941.628,7,0.07647593487092036,nested_district_rain,0.01
2021,2021-09-23,2021-09-30,Muktsar,0.0,0.0,2.9e-05,10,0,40.218,30.321,28.071,34.153,68.789,64.018,10.196,8.025,10.196,4.513,1.341,51.879,29.53,10.196,10.196,0.0,0.0,0.024,4.0114,3.3797,1.0301,True,12941.628,7,0.051384553950310385,nested_district_rain,0.01
2021,2021-07-25,2021-08-04,Nawanshahr,0.0,0.0,0.000135,4,0,115.543,91.148,88.432,83.517,74.526,89.188,,,,,,,,,,0.3214,0.0,0.269,1.7215,1.6704,0.8462,True,9203.7,8,0.3635491699445504,nested_district_rain,0.01
2021,2021-08-04,2021-08-14,Nawanshahr,0.0,0.0,0.0,5,0,37.242,45.562,115.543,91.148,88.432,83.517,,,,,,,,,,0.3052,0.1864,0.025,2.5674,2.2368,1.0019,True,9203.7,8,0.1572920820361289,nested_district_rain,0.01
2021,2021-08-14,2021-08-24,Nawanshahr,0.0,0.0,0.0,6,0,36.438,33.893,37.242,45.562,115.543,91.148,,,,,,,,,,0.0,0.0,-0.025,2.94,2.37,0.9906,True,9203.7,8,0.10307473782668752,nested_district_rain,0.01
2021,2021-08-24,2021-09-03,Nawanshahr,0.0,0.0,0.0,7,0,27.272,38.057,36.438,33.893,37.242,45.562,,,,,,,,,,0.275,0.4073,-0.096,3.2875,2.6836,0.9322,True,9203.7,8,0.04545510228569645,nested_district_rain,0.01
2021,2021-09-03,2021-09-13,Nawanshahr,0.0,0.0,0.0,8,0,83.78,65.969,27.272,38.057,36.438,33.893,,,,,,,,,,0.0,0.0,0.026,3.5356,2.91,0.8614,True,9203.7,8,0.09901561914593053,nested_district_rain,0.01
2021,2021-09-13,2021-09-23,Nawanshahr,0.0,0.0,0.0,9,0,40.372,58.264,83.78,65.969,27.272,38.057,,,,,,,,,,0.0,0.0,0.073,3.81,3.2,0.971,True,9203.7,8,0.08974137350552726,nested_district_rain,0.01
2021,2021-09-23,2021-09-30,Nawanshahr,0.0,0.0,0.0,10,0,40.218,30.321,28.071,34.153,68.789,64.018,,,,,,,,,,0.0,0.0,0.024,4.0114,3.3797,1.0301,True,9203.7,8,0.06512048435570018,nested_district_rain,0.01
2021,2021-08-04,2021-08-14,Patiala,115.49,0.000346,0.001231,5,0,37.242,45.562,115.543,91.148,88.432,83.517,41.864,20.916,29.023,9.654,79.203,144.055,85.85,29.023,32.093,0.3052,0.1864,0.025,2.5674,2.2368,1.0019,True,51986.318,7,0.18359542073250298,nested_district_rain,0.01
2021,2021-08-14,2021-08-24,Patiala,46.39,0.000139,0.000346,6,0,36.438,33.893,37.242,45.562,115.543,91.148,52.018,24.55,48.384,17.803,41.864,79.203,50.263,2.432,3.535,0.0,0.0,-0.025,2.94,2.37,0.9906,True,51986.318,7,0.11453820155406104,nested_district_rain,0.01
2021,2021-08-24,2021-09-03,Patiala,23.91,7.2e-05,0.000139,7,0,27.272,38.057,36.438,33.893,37.242,45.562,4.244,2.129,2.13,1.143,52.018,41.864,64.53,2.13,2.147,0.275,0.4073,-0.096,3.2875,2.6836,0.9322,True,51986.318,7,0.04264645381831442,nested_district_rain,0.01
2021,2021-09-03,2021-09-13,Patiala,0.0,0.0,7.2e-05,8,0,83.78,65.969,27.272,38.057,36.438,33.893,50.506,17.534,35.929,16.076,4.244,52.018,25.09,10.978,11.044,0.0,0.0,0.026,3.5356,2.91,0.8614,True,51986.318,7,0.10644798142208747,nested_district_rain,0.01
2021,2021-09-13,2021-09-23,Patiala,0.0,0.0,0.0,9,0,40.372,58.264,83.78,65.969,27.272,38.057,22.49,8.191,13.306,6.796,50.506,4.244,49.939,13.306,19.947,0.0,0.0,0.073,3.81,3.2,0.971,True,51986.318,7,0.09200019587252938,nested_district_rain,0.01
2021,2021-09-23,2021-09-30,Patiala,0.0,0.0,0.0,10,0,40.218,30.321,28.071,34.153,68.789,64.018,76.415,63.77,76.083,32.848,9.184,49.495,29.242,76.083,76.083,0.0,0.0,0.024,4.0114,3.3797,1.0301,True,51986.318,7,0.09003239808501012,nested_district_rain,0.01
2021,2021-07-25,2021-08-04,Rupnagar,0.0,0.0,2.6e-05,4,0,115.543,91.148,88.432,83.517,74.526,89.188,112.679,53.002,96.181,26.878,60.806,64.28,60.422,10.992,87.969,0.3214,0.0,0.269,1.7215,1.6704,0.8462,True,2421.0299999999997,2,0.1977421883035536,nested_district_rain,0.01
2021,2021-08-04,2021-08-14,Rupnagar,0.0,0.0,0.0,5,0,37.242,45.562,115.543,91.148,88.432,83.517,55.11,18.77,26.266,14.846,112.679,60.806,85.502,10.09,17.586,0.3052,0.1864,0.025,2.5674,2.2368,1.0019,True,2421.0299999999997,2,0.056506156497145056,nested_district_rain,0.01
2021,2021-08-14,2021-08-24,Rupnagar,0.0,0.0,0.0,6,0,36.438,33.893,37.242,45.562,115.543,91.148,70.925,19.679,39.452,11.297,55.11,112.679,68.837,28.124,28.124,0.0,0.0,-0.025,2.94,2.37,0.9906,True,2421.0299999999997,2,0.035392066220037,nested_district_rain,0.01
2021,2021-08-24,2021-09-03,Rupnagar,0.0,0.0,0.0,7,0,27.272,38.057,36.438,33.893,37.242,45.562,35.225,20.102,28.733,9.742,70.925,55.11,72.385,2.271,5.196,0.275,0.4073,-0.096,3.2875,2.6836,0.9322,True,2421.0299999999997,2,0.014732173870630394,nested_district_rain,0.01
2021,2021-09-03,2021-09-13,Rupnagar,0.0,0.0,0.0,8,0,83.78,65.969,27.272,38.057,36.438,33.893,46.015,10.762,19.831,9.092,35.225,70.925,53.275,5.658,19.386,0.0,0.0,0.026,3.5356,2.91,0.8614,True,2421.0299999999997,2,0.032722724540932856,nested_district_rain,0.01
2021,2021-09-13,2021-09-23,Rupnagar,0.0,0.0,0.0,9,0,40.372,58.264,83.78,65.969,27.272,38.057,90.455,42.0,54.464,16.256,46.015,35.225,51.972,14.274,32.36,0.0,0.0,0.073,3.81,3.2,0.971,True,2421.0299999999997,2,0.04064146208448864,nested_district_rain,0.01
2021,2021-09-23,2021-09-30,Rupnagar,0.0,0.0,0.0,10,0,40.218,30.321,28.071,34.153,68.789,64.018,74.837,41.257,73.683,35.958,76.181,39.225,86.309,73.683,73.683,0.0,0.0,0.024,4.0114,3.3797,1.0301,True,2421.0299999999997,2,0.027880061221351646,nested_district_rain,0.01
2021,2021-07-25,2021-08-04,Sahibzada Ajit Singh Nagar,0.0,0.0,0.001918,4,0,115.543,91.148,88.432,83.517,74.526,89.188,125.584,38.521,86.759,34.934,75.9,29.321,60.234,10.343,83.399,0.3214,0.0,0.269,1.7215,1.6704,0.8462,True,1035.2580000000003,0,0.21038918691709876,nested_district_rain,0.01
2021,2021-08-04,2021-08-14,Sahibzada Ajit Singh Nagar,0.0,0.0,0.0,5,0,37.242,45.562,115.543,91.148,88.432,83.517,46.28,15.993,20.649,11.979,125.584,75.9,102.898,10.557,15.213,0.3052,0.1864,0.025,2.5674,2.2368,1.0019,True,1035.2580000000003,0,0.037023065492908847,nested_district_rain,0.01
2021,2021-08-14,2021-08-24,Sahibzada Ajit Singh Nagar,2.22,2e-05,0.0,6,0,36.438,33.893,37.242,45.562,115.543,91.148,57.303,22.789,43.352,14.189,46.28,125.584,67.587,11.903,11.903,0.0,0.0,-0.025,2.94,2.37,0.9906,True,1035.2580000000003,0,0.02279252527213835,nested_district_rain,0.01
2021,2021-08-24,2021-09-03,Sahibzada Ajit Singh Nagar,0.0,0.0,2e-05,7,0,27.272,38.057,36.438,33.893,37.242,45.562,18.074,6.821,13.466,4.853,57.303,46.28,67.098,1.17,6.163,0.275,0.4073,-0.096,3.2875,2.6836,0.9322,True,1035.2580000000003,0,0.009188527696678488,nested_district_rain,0.01
2021,2021-09-03,2021-09-13,Sahibzada Ajit Singh Nagar,0.0,0.0,0.0,8,0,83.78,65.969,27.272,38.057,36.438,33.893,40.943,15.044,22.268,9.621,18.074,57.303,35.809,7.878,9.636,0.0,0.0,0.026,3.5356,2.91,0.8614,True,1035.2580000000003,0,0.02238991974738785,nested_district_rain,0.01
2021,2021-09-13,2021-09-23,Sahibzada Ajit Singh Nagar,0.0,0.0,0.0,9,0,40.372,58.264,83.78,65.969,27.272,38.057,61.678,18.993,24.166,15.44,40.943,18.074,44.947,24.166,44.738,0.0,0.0,0.073,3.81,3.2,0.971,True,1035.2580000000003,0,0.02363935436483493,nested_district_rain,0.01
2021,2021-09-23,2021-09-30,Sahibzada Ajit Singh Nagar,0.0,0.0,0.0,10,0,40.218,30.321,28.071,34.153,68.789,64.018,46.922,37.469,45.453,19.654,37.512,55.453,54.117,45.453,45.453,0.0,0.0,0.024,4.0114,3.3797,1.0301,True,1035.2580000000003,0,0.01624747170230909,nested_district_rain,0.01
2021,2021-07-25,2021-08-04,Sangrur,1276.61,0.003535,0.00151,4,0,115.543,91.148,88.432,83.517,74.526,89.188,86.655,37.141,76.141,21.609,81.614,34.791,67.177,0.004,56.262,0.3214,0.0,0.269,1.7215,1.6704,0.8462,True,63133.44299999999,10,0.6609188827640777,nested_district_rain,0.01
2021,2021-08-04,2021-08-14,Sangrur,276.09,0.000765,0.003535,5,0,37.242,45.562,115.543,91.148,88.432,83.517,36.373,25.085,27.95,8.825,86.655,81.614,77.689,27.95,29.222,0.3052,0.1864,0.025,2.5674,2.2368,1.0019,True,63133.44299999999,10,0.44407017424810236,nested_district_rain,0.01
2021,2021-08-14,2021-08-24,Sangrur,152.72,0.000423,0.000765,6,0,36.438,33.893,37.242,45.562,115.543,91.148,34.229,18.602,33.742,14.859,36.373,86.655,43.603,0.003,0.293,0.0,0.0,-0.025,2.94,2.37,0.9906,True,63133.44299999999,10,0.19508651997844265,nested_district_rain,0.01
2021,2021-08-24,2021-09-03,Sangrur,129.38,0.000358,0.000423,7,0,27.272,38.057,36.438,33.893,37.242,45.562,1.912,1.775,1.775,0.247,34.229,36.373,47.651,1.775,1.775,0.275,0.4073,-0.096,3.2875,2.6836,0.9322,True,63133.44299999999,10,0.08131043988278627,nested_district_rain,0.01
2021,2021-09-03,2021-09-13,Sangrur,24.82,6.9e-05,0.000358,8,0,83.78,65.969,27.272,38.057,36.438,33.893,44.816,20.033,35.737,14.993,1.912,34.229,17.422,6.043,6.086,0.0,0.0,0.026,3.5356,2.91,0.8614,True,63133.44299999999,10,0.19552260917351846,nested_district_rain,0.01
2021,2021-09-13,2021-09-23,Sangrur,18.8,5.2e-05,6.9e-05,9,0,40.372,58.264,83.78,65.969,27.272,38.057,6.252,2.725,3.145,2.525,44.816,1.912,44.103,3.145,5.648,0.0,0.0,0.073,3.81,3.2,0.971,True,63133.44299999999,10,0.1523987328291544,nested_district_rain,0.01
2021,2021-09-23,2021-09-30,Sangrur,5.26,1.5e-05,5.2e-05,10,0,40.218,30.321,28.071,34.153,68.789,64.018,52.405,39.134,52.221,23.506,3.107,38.882,18.696,52.221,52.221,0.0,0.0,0.024,4.0114,3.3797,1.0301,True,63133.44299999999,10,0.136302526808868,nested_district_rain,0.01
2021,2021-07-25,2021-08-04,Tarn Taran,137.31,0.000572,0.000304,4,0,115.543,91.148,88.432,83.517,74.526,89.188,131.248,55.139,102.85,33.267,60.912,68.502,62.988,30.175,116.151,0.3214,0.0,0.269,1.7215,1.6704,0.8462,True,32737.005000000005,8,0.5108959640334259,nested_district_rain,0.01
2021,2021-08-04,2021-08-14,Tarn Taran,13.88,5.8e-05,0.000572,5,0,37.242,45.562,115.543,91.148,88.432,83.517,27.614,18.331,21.011,4.208,131.248,60.912,95.754,20.942,23.622,0.3052,0.1864,0.025,2.5674,2.2368,1.0019,True,32737.005000000005,8,0.18547618386810663,nested_district_rain,0.01
2021,2021-08-14,2021-08-24,Tarn Taran,5.85,2.4e-05,5.8e-05,6,0,36.438,33.893,37.242,45.562,115.543,91.148,36.342,17.272,31.976,14.43,27.614,131.248,47.962,4.366,4.366,0.0,0.0,-0.025,2.94,2.37,0.9906,True,32737.005000000005,8,0.10262009744825265,nested_district_rain,0.01
2021,2021-08-24,2021-09-03,Tarn Taran,0.0,0.0,2.4e-05,7,0,27.272,38.057,36.438,33.893,37.242,45.562,30.815,16.681,22.422,6.614,36.342,27.614,49.001,7.191,8.314,0.275,0.4073,-0.096,3.2875,2.6836,0.9322,True,32737.005000000005,8,0.05397961753706416,nested_district_rain,0.01
2021,2021-09-03,2021-09-13,Tarn Taran,0.0,0.0,0.0,8,0,83.78,65.969,27.272,38.057,36.438,33.893,167.192,59.054,135.981,47.033,30.815,36.342,38.766,18.237,20.249,0.0,0.0,0.026,3.5356,2.91,0.8614,True,32737.005000000005,8,0.18673799620674436,nested_district_rain,0.01
2021,2021-09-13,2021-09-23,Tarn Taran,22.66,9.4e-05,0.0,9,0,40.372,58.264,83.78,65.969,27.272,38.057,47.346,28.007,36.247,10.217,167.192,30.815,151.487,3.939,10.941,0.0,0.0,0.073,3.81,3.2,0.971,True,32737.005000000005,8,0.12100503366095323,nested_district_rain,0.01
2021,2021-09-23,2021-09-30,Tarn Taran,0.0,0.0,9.4e-05,10,0,40.218,30.321,28.071,34.153,68.789,64.018,27.092,12.632,22.777,11.14,43.407,144.355,92.031,22.777,27.092,0.0,0.0,0.024,4.0114,3.3797,1.0301,True,32737.005000000005,8,0.06690314464565376,nested_district_rain,0.01
2022,2022-08-04,2022-08-14,Amritsar,0.0,0.0,0.000726,5,0,52.34,82.887,85.523,84.147,137.207,86.519,55.51,29.685,31.582,23.037,75.718,170.301,93.902,22.395,24.37,0.514,0.585,0.323,3.2168,2.8915,1.6249,True,23049.456,7,0.3289601194034572,nested_district_rain,0.01
2022,2022-08-14,2022-08-24,Amritsar,0.0,0.0,0.0,6,0,51.124,81.185,52.34,82.887,85.523,84.147,27.465,15.789,23.087,8.147,55.51,75.718,67.518,23.087,23.745,0.3303,0.0,0.199,4.6608,4.1427,1.9432,True,23049.456,7,0.19351560021457176,nested_district_rain,0.01
2022,2022-08-24,2022-09-03,Amritsar,2.16,8e-06,0.0,7,0,21.768,29.523,51.124,81.185,52.34,82.887,38.451,20.992,33.102,12.998,27.465,55.51,37.231,33.102,33.102,0.0344,0.2985,-0.04,4.7823,5.1213,1.963,True,23049.456,7,0.06554056813208496,nested_district_rain,0.01
2022,2022-09-03,2022-09-13,Amritsar,0.0,0.0,8e-06,8,0,25.472,31.062,21.768,29.523,51.124,81.185,14.009,9.591,11.472,2.881,38.451,27.465,30.672,2.156,2.536,0.0305,0.0,-0.079,5.0925,5.4049,1.9116,True,23049.456,7,0.04167660037412436,nested_district_rain,0.01
2022,2022-09-13,2022-09-23,Amritsar,0.0,0.0,0.0,9,0,20.281,32.407,25.472,31.062,21.768,29.523,18.838,15.669,16.573,3.561,14.009,38.451,22.959,0.904,16.573,-0.0481,-0.097,-0.039,5.0967,5.1045,1.8527,True,23049.456,7,0.02686771758493944,nested_district_rain,0.01
2022,2022-09-23,2022-09-30,Amritsar,0.0,0.0,0.0,10,0,85.299,64.518,17.741,27.782,10.054,13.28,75.25,57.172,72.779,30.544,17.934,12.377,18.808,72.779,75.25,0.2065,0.0,0.158,5.1526,5.423,1.903,True,23049.456,7,0.08099991019242034,nested_district_rain,0.01
2022,2022-08-04,2022-08-14,Barnala,0.0,0.0,8e-05,5,0,52.34,82.887,85.523,84.147,137.207,86.519,10.573,4.898,8.755,3.905,28.71,137.87,56.668,8.755,9.319,0.514,0.585,0.323,3.2168,2.8915,1.6249,True,13625.953999999998,8,0.2819125503259436,nested_district_rain,0.01
2022,2022-08-14,2022-08-24,Barnala,0.0,0.0,0.0,6,0,51.124,81.185,52.34,82.887,85.523,84.147,4.058,2.588,3.507,1.086,10.573,28.71,24.676,3.507,3.507,0.3303,0.0,0.199,4.6608,4.1427,1.9432,True,13625.953999999998,8,0.20579260405368213,nested_district_rain,0.01
2022,2022-08-24,2022-09-03,Barnala,7.43,5e-05,0.0,7,0,21.768,29.523,51.124,81.185,52.34,82.887,3.093,2.433,2.437,0.833,4.058,10.573,10.604,2.437,2.437,0.0344,0.2985,-0.04,4.7823,5.1213,1.963,True,13625.953999999998,8,0.06772406615253006,nested_district_rain,0.01
2022,2022-09-03,2022-09-13,Barnala,2.97,2e-05,5e-05,8,0,25.472,31.062,21.768,29.523,51.124,81.185,1.056,1.017,1.053,0.134,3.093,4.058,5.336,1.053,1.053,0.0305,0.0,-0.079,5.0925,5.4049,1.9116,True,13625.953999999998,8,0.047066548634725765,nested_district_rain,0.01
2022,2022-09-13,2022-09-23,Barnala,0.0,0.0,2e-05,9,0,20.281,32.407,25.472,31.062,21.768,29.523,13.814,8.299,8.957,5.158,1.056,3.093,2.316,4.857,4.857,-0.0481,-0.097,-0.039,5.0967,5.1045,1.8527,True,13625.953999999998,8,0.031195774015750754,nested_district_rain,0.01
2022,2022-09-23,2022-09-30,Barnala,0.0,0.0,0.0,10,0,85.299,64.518,17.741,27.782,10.054,13.28,105.486,84.127,104.828,42.853,8.957,4.86,12.017,104.828,105.486,0.2065,0.0,0.158,5.1526,5.423,1.903,True,13625.953999999998,8,0.11417894751580884,nested_district_rain,0.01
2022,2022-07-25,2022-08-04,Bathinda,54.61,0.000162,0.000449,4,0,85.523,84.147,137.207,86.519,58.431,83.355,49.902,19.163,38.889,16.429,73.017,16.14,55.761,1.158,10.923,0.7239,0.8,0.416,2.5549,2.0944,1.2345,True,11265.179,4,0.177999964693381,nested_district_rain,0.01
2022,2022-08-04,2022-08-14,Bathinda,2.97,9e-06,0.000162,5,0,52.34,82.887,85.523,84.147,137.207,86.519,18.52,6.163,10.145,5.15,49.902,73.017,55.11,10.145,12.281,0.514,0.585,0.323,3.2168,2.8915,1.6249,True,11265.179,4,0.16647217000571576,nested_district_rain,0.01
2022,2022-08-14,2022-08-24,Bathinda,234.57,0.000694,9e-06,6,0,51.124,81.185,52.34,82.887,85.523,84.147,12.899,11.461,12.893,2.426,18.52,49.902,30.091,12.883,12.893,0.3303,0.0,0.199,4.6608,4.1427,1.9432,True,11265.179,4,0.10534760605824335,nested_district_rain,0.01
2022,2022-08-24,2022-09-03,Bathinda,0.0,0.0,0.000694,7,0,21.768,29.523,51.124,81.185,52.34,82.887,3.61,1.943,3.384,1.491,12.899,18.52,16.116,3.384,3.384,0.0344,0.2985,-0.04,4.7823,5.1213,1.963,True,11265.179,4,0.036233377543299944,nested_district_rain,0.01
2022,2022-09-03,2022-09-13,Bathinda,13.44,4e-05,0.0,8,0,25.472,31.062,21.768,29.523,51.124,81.185,0.436,0.227,0.436,0.211,3.61,12.899,7.192,0.227,0.436,0.0305,0.0,-0.079,5.0925,5.4049,1.9116,True,11265.179,4,0.02068436685550598,nested_district_rain,0.01
2022,2022-09-13,2022-09-23,Bathinda,0.0,0.0,4e-05,9,0,20.281,32.407,25.472,31.062,21.768,29.523,18.594,15.384,15.67,4.132,0.436,3.61,2.716,2.924,2.924,-0.0481,-0.097,-0.039,5.0967,5.1045,1.8527,True,11265.179,4,0.014738617817049313,nested_district_rain,0.01
2022,2022-09-23,2022-09-30,Bathinda,0.0,0.0,0.0,10,0,85.299,64.518,17.741,27.782,10.054,13.28,84.196,70.475,82.153,33.933,15.67,2.924,17.983,82.081,84.196,0.2065,0.0,0.158,5.1526,5.423,1.903,True,11265.179,4,0.048797142532443376,nested_district_rain,0.01
2022,2022-07-25,2022-08-04,Faridkot,112.43,0.000772,0.003715,4,0,85.523,84.147,137.207,86.519,58.431,83.355,48.288,26.357,32.438,11.496,146.634,9.093,83.54,4.791,15.85,0.7239,0.8,0.416,2.5549,2.0944,1.2345,True,10369.560999999998,5,0.38219895306547835,nested_district_rain,0.01
2022,2022-08-04,2022-08-14,Faridkot,12.58,8.6e-05,0.000772,5,0,52.34,82.887,85.523,84.147,137.207,86.519,28.874,15.65,23.571,8.694,48.288,146.634,62.939,13.217,28.867,0.514,0.585,0.323,3.2168,2.8915,1.6249,True,10369.560999999998,5,0.21275886437232833,nested_district_rain,0.01
2022,2022-08-14,2022-08-24,Faridkot,5.18,3.6e-05,8.6e-05,6,0,51.124,81.185,52.34,82.887,85.523,84.147,11.575,8.257,11.575,3.812,28.874,48.288,37.088,11.575,11.575,0.3303,0.0,0.199,4.6608,4.1427,1.9432,True,10369.560999999998,5,0.12651680706904117,nested_district_rain,0.01
2022,2022-08-24,2022-09-03,Faridkot,5.18,3.6e-05,3.6e-05,7,0,21.768,29.523,51.124,81.185,52.34,82.887,7.73,5.085,6.823,2.073,11.575,28.874,18.073,6.823,6.823,0.0344,0.2985,-0.04,4.7823,5.1213,1.963,True,10369.560999999998,5,0.037938196155958816,nested_district_rain,0.01
2022,2022-09-03,2022-09-13,Faridkot,8.15,5.6e-05,3.6e-05,8,0,25.472,31.062,21.768,29.523,51.124,81.185,2.356,2.03,2.03,0.496,7.73,11.575,9.898,0.0,2.03,0.0305,0.0,-0.079,5.0925,5.4049,1.9116,True,10369.560999999998,5,0.02582306525830479,nested_district_rain,0.01
2022,2022-09-13,2022-09-23,Faridkot,2.96,2e-05,5.6e-05,9,0,20.281,32.407,25.472,31.062,21.768,29.523,12.704,12.594,12.703,1.357,2.356,7.73,4.856,0.001,0.001,-0.0481,-0.097,-0.039,5.0967,5.1045,1.8527,True,10369.560999999998,5,0.017396300570145327,nested_district_rain,0.01
2022,2022-09-23,2022-09-30,Faridkot,0.0,0.0,2e-05,10,0,85.299,64.518,17.741,27.782,10.054,13.28,54.658,48.817,53.933,21.393,12.703,0.327,14.385,52.653,54.658,0.2065,0.0,0.158,5.1526,5.423,1.903,True,10369.560999999998,5,0.050032296289413386,nested_district_rain,0.01
2022,2022-07-25,2022-08-04,Fatehgarh Sahib,52.51,0.000458,0.01851,4,0,85.523,84.147,137.207,86.519,58.431,83.355,55.133,15.952,42.419,14.666,146.298,99.185,114.741,7.599,11.433,0.7239,0.8,0.416,2.5549,2.0944,1.2345,True,14934.112,8,0.9768764509318069,nested_district_rain,0.01
2022,2022-08-04,2022-08-14,Fatehgarh Sahib,10.36,9e-05,0.000458,5,0,52.34,82.887,85.523,84.147,137.207,86.519,6.068,3.226,4.44,1.788,55.133,146.298,77.109,4.44,4.44,0.514,0.585,0.323,3.2168,2.8915,1.6249,True,14934.112,8,0.2997700161414449,nested_district_rain,0.01
2022,2022-08-14,2022-08-24,Fatehgarh Sahib,7.39,6.4e-05,9e-05,6,0,51.124,81.185,52.34,82.887,85.523,84.147,14.318,9.804,9.804,3.532,6.068,55.133,30.225,9.804,9.804,0.3303,0.0,0.199,4.6608,4.1427,1.9432,True,14934.112,8,0.2164736025520216,nested_district_rain,0.01
2022,2022-08-24,2022-09-03,Fatehgarh Sahib,4.44,3.9e-05,6.4e-05,7,0,21.768,29.523,51.124,81.185,52.34,82.887,6.625,4.959,5.434,1.118,14.318,6.068,18.55,0.72,0.72,0.0344,0.2985,-0.04,4.7823,5.1213,1.963,True,14934.112,8,0.07159428072787875,nested_district_rain,0.01
2022,2022-09-03,2022-09-13,Fatehgarh Sahib,3.7,3.2e-05,3.9e-05,8,0,25.472,31.062,21.768,29.523,51.124,81.185,1.799,1.725,1.725,0.239,6.625,14.318,12.028,1.725,1.725,0.0305,0.0,-0.079,5.0925,5.4049,1.9116,True,14934.112,8,0.04715844647805374,nested_district_rain,0.01
2022,2022-09-13,2022-09-23,Fatehgarh Sahib,0.0,0.0,3.2e-05,9,0,20.281,32.407,25.472,31.062,21.768,29.523,23.081,15.542,19.528,5.142,1.799,6.625,4.923,2.433,3.553,-0.0481,-0.097,-0.039,5.0967,5.1045,1.8527,True,14934.112,8,0.03320646375378328,nested_district_rain,0.01
2022,2022-09-23,2022-09-30,Fatehgarh Sahib,0.0,0.0,0.0,10,0,85.299,64.518,17.741,27.782,10.054,13.28,162.967,114.363,156.82,60.178,20.648,2.507,22.5,138.912,162.967,0.2065,0.0,0.158,5.1526,5.423,1.903,True,14934.112,8,0.14954329239469316,nested_district_rain,0.01
2022,2022-07-25,2022-08-04,Firozpur,731.29,0.001401,0.019882,4,0,85.523,84.147,137.207,86.519,58.431,83.355,64.294,24.361,47.847,15.59,123.41,14.232,69.233,2.734,16.151,0.7239,0.8,0.416,2.5549,2.0944,1.2345,True,65890.468,8,0.9878787210945486,nested_district_rain,0.01
2022,2022-08-04,2022-08-14,Firozpur,597.85,0.001145,0.001401,5,0,52.34,82.887,85.523,84.147,137.207,86.519,14.954,5.698,11.543,5.599,64.294,123.41,69.472,8.253,14.208,0.514,0.585,0.323,3.2168,2.8915,1.6249,True,65890.468,8,0.4034913752738238,nested_district_rain,0.01
2022,2022-08-14,2022-08-24,Firozpur,123.58,0.000237,0.001145,6,0,51.124,81.185,52.34,82.887,85.523,84.147,15.461,6.433,12.94,6.356,14.954,64.294,32.128,12.781,13.409,0.3303,0.0,0.199,4.6608,4.1427,1.9432,True,65890.468,8,0.29180102051826484,nested_district_rain,0.01
2022,2022-08-24,2022-09-03,Firozpur,27.55,5.3e-05,0.000237,7,0,21.768,29.523,51.124,81.185,52.34,82.887,5.081,1.572,2.764,1.466,15.461,14.954,19.019,2.764,2.764,0.0344,0.2985,-0.04,4.7823,5.1213,1.963,True,65890.468,8,0.0848709508082433,nested_district_rain,0.01
2022,2022-09-03,2022-09-13,Firozpur,5.98,1.1e-05,5.3e-05,8,0,25.472,31.062,21.768,29.523,51.124,81.185,6.351,2.243,3.969,1.724,5.081,15.461,9.626,1.291,5.2,0.0305,0.0,-0.079,5.0925,5.4049,1.9116,True,65890.468,8,0.056484287103481565,nested_district_rain,0.01
2022,2022-09-13,2022-09-23,Firozpur,0.0,0.0,1.1e-05,9,0,20.281,32.407,25.472,31.062,21.768,29.523,8.105,7.646,7.698,0.934,6.351,5.081,7.171,0.219,0.407,-0.0481,-0.097,-0.039,5.0967,5.1045,1.8527,True,65890.468,8,0.036539585591832915,nested_district_rain,0.01
2022,2022-09-23,2022-09-30,Firozpur,0.75,1e-06,0.0,10,0,85.299,64.518,17.741,27.782,10.054,13.28,29.123,25.757,28.738,11.247,7.886,1.37,10.381,27.469,29.123,0.2065,0.0,0.158,5.1526,5.423,1.903,True,65890.468,8,0.08882044156356064,nested_district_rain,0.01
2022,2022-08-04,2022-08-14,Gurdaspur,1.43,4e-06,0.000399,5,0,52.34,82.887,85.523,84.147,137.207,86.519,58.108,17.523,40.761,13.954,127.887,159.76,117.645,12.737,17.179,0.514,0.585,0.323,3.2168,2.8915,1.6249,True,20111.416999999998,4,0.18773870448749105,nested_district_rain,0.01
2022,2022-08-14,2022-08-24,Gurdaspur,139.55,0.000384,4e-06,6,0,51.124,81.185,52.34,82.887,85.523,84.147,38.702,12.985,24.929,8.57,58.108,127.887,81.781,19.984,33.009,0.3303,0.0,0.199,4.6608,4.1427,1.9432,True,20111.416999999998,4,0.11046752206005551,nested_district_rain,0.01
2022,2022-08-24,2022-09-03,Gurdaspur,79.3,0.000218,0.000384,7,0,21.768,29.523,51.124,81.185,52.34,82.887,27.71,14.725,18.889,5.198,38.702,58.108,49.152,18.889,18.913,0.0344,0.2985,-0.04,4.7823,5.1213,1.963,True,20111.416999999998,4,0.03862646206673916,nested_district_rain,0.01
2022,2022-09-03,2022-09-13,Gurdaspur,40.05,0.00011,0.000218,8,0,25.472,31.062,21.768,29.523,51.124,81.185,44.182,14.34,24.605,10.614,27.71,38.702,31.414,17.468,19.577,0.0305,0.0,-0.079,5.0925,5.4049,1.9116,True,20111.416999999998,4,0.02677066523370429,nested_district_rain,0.01
2022,2022-09-13,2022-09-23,Gurdaspur,25.74,7.1e-05,0.00011,9,0,20.281,32.407,25.472,31.062,21.768,29.523,11.936,6.593,9.015,2.839,44.182,27.71,42.774,2.422,9.015,-0.0481,-0.097,-0.039,5.0967,5.1045,1.8527,True,20111.416999999998,4,0.01467012451548518,nested_district_rain,0.01
2022,2022-09-23,2022-09-30,Gurdaspur,7.87,2.2e-05,7.1e-05,10,0,85.299,64.518,17.741,27.782,10.054,13.28,84.556,58.546,83.444,37.255,9.514,27.027,21.848,61.495,84.556,0.2065,0.0,0.158,5.1526,5.423,1.903,True,20111.416999999998,4,0.04688284136434726,nested_district_rain,0.01
2022,2022-07-25,2022-08-04,Hoshiarpur,8.7,2.6e-05,0.004774,4,0,85.523,84.147,137.207,86.519,58.431,83.355,78.37,23.759,51.321,19.861,137.538,53.182,102.131,17.986,26.931,0.7239,0.8,0.416,2.5549,2.0944,1.2345,True,6125.147,2,0.31247363373142306,nested_district_rain,0.01
2022,2022-08-04,2022-08-14,Hoshiarpur,0.0,0.0,2.6e-05,5,0,52.34,82.887,85.523,84.147,137.207,86.519,59.866,21.328,39.462,11.696,78.37,137.538,86.497,14.86,20.075,0.514,0.585,0.323,3.2168,2.8915,1.6249,True,6125.147,2,0.12354773286119095,nested_district_rain,0.01
2022,2022-08-14,2022-08-24,Hoshiarpur,0.0,0.0,0.0,6,0,51.124,81.185,52.34,82.887,85.523,84.147,21.558,10.551,14.78,4.553,59.866,78.37,71.991,11.152,16.551,0.3303,0.0,0.199,4.6608,4.1427,1.9432,True,6125.147,2,0.07347336811751244,nested_district_rain,0.01
2022,2022-08-24,2022-09-03,Hoshiarpur,0.0,0.0,0.0,7,0,21.768,29.523,51.124,81.185,52.34,82.887,27.908,8.644,13.532,6.846,21.558,59.866,36.627,12.679,12.872,0.0344,0.2985,-0.04,4.7823,5.1213,1.963,True,6125.147,2,0.021753474314098912,nested_district_rain,0.01
2022,2022-09-03,2022-09-13,Hoshiarpur,0.0,0.0,0.0,8,0,25.472,31.062,21.768,29.523,51.124,81.185,60.279,17.657,27.748,14.71,27.908,21.558,29.008,27.748,31.089,0.0305,0.0,-0.079,5.0925,5.4049,1.9116,True,6125.147,2,0.017838538942308517,nested_district_rain,0.01
2022,2022-09-13,2022-09-23,Hoshiarpur,0.0,0.0,0.0,9,0,20.281,32.407,25.472,31.062,21.768,29.523,5.897,2.15,3.695,1.311,60.279,27.908,49.749,3.368,3.695,-0.0481,-0.097,-0.039,5.0967,5.1045,1.8527,True,6125.147,2,0.008746421968757597,nested_district_rain,0.01
2022,2022-09-23,2022-09-30,Hoshiarpur,0.0,0.0,0.0,10,0,85.299,64.518,17.741,27.782,10.054,13.28,99.769,59.282,93.166,40.623,2.529,32.558,20.997,71.586,99.769,0.2065,0.0,0.158,5.1526,5.423,1.903,True,6125.147,2,0.030952190317653717,nested_district_rain,0.01
2022,2022-08-04,2022-08-14,Jalandhar,18.31,7e-05,0.000345,5,0,52.34,82.887,85.523,84.147,137.207,86.519,8.002,1.998,3.808,1.574,63.195,140.459,81.594,2.543,3.939,0.514,0.585,0.323,3.2168,2.8915,1.6249,True,21084.956,6,0.2232740597324667,nested_district_rain,0.01
2022,2022-08-14,2022-08-24,Jalandhar,10.28,3.9e-05,7e-05,6,0,51.124,81.185,52.34,82.887,85.523,84.147,24.855,13.901,18.488,6.73,8.002,63.195,33.694,18.244,18.488,0.3303,0.0,0.199,4.6608,4.1427,1.9432,True,21084.956,6,0.16284458835122073,nested_district_rain,0.01
2022,2022-08-24,2022-09-03,Jalandhar,107.8,0.000412,3.9e-05,7,0,21.768,29.523,51.124,81.185,52.34,82.887,21.048,8.32,15.442,7.136,24.855,8.002,25.051,15.442,15.442,0.0344,0.2985,-0.04,4.7823,5.1213,1.963,True,21084.956,6,0.05217179913370625,nested_district_rain,0.01
2022,2022-09-03,2022-09-13,Jalandhar,0.0,0.0,0.000412,8,0,25.472,31.062,21.768,29.523,51.124,81.185,19.366,9.087,10.347,5.234,21.048,24.855,19.698,10.347,12.458,0.0305,0.0,-0.079,5.0925,5.4049,1.9116,True,21084.956,6,0.03812727885078535,nested_district_rain,0.01
2022,2022-09-13,2022-09-23,Jalandhar,0.0,0.0,0.0,9,0,20.281,32.407,25.472,31.062,21.768,29.523,8.115,2.785,4.458,2.478,19.366,21.048,18.139,3.0,3.657,-0.0481,-0.097,-0.039,5.0967,5.1045,1.8527,True,21084.956,6,0.020282218237334424,nested_district_rain,0.01
2022,2022-09-23,2022-09-30,Jalandhar,0.0,0.0,0.0,10,0,85.299,64.518,17.741,27.782,10.054,13.28,110.554,83.126,102.657,41.891,5.115,9.908,12.34,96.153,110.554,0.2065,0.0,0.158,5.1526,5.423,1.903,True,21084.956,6,0.08200398074396267,nested_district_rain,0.01
2022,2022-08-04,2022-08-14,Kapurthala,46.03,0.000276,0.001396,5,0,52.34,82.887,85.523,84.147,137.207,86.519,15.51,4.944,8.371,3.536,81.055,200.018,108.06,2.01,8.424,0.514,0.585,0.323,3.2168,2.8915,1.6249,True,30081.175,8,0.36032816719980615,nested_district_rain,0.01
2022,2022-08-14,2022-08-24,Kapurthala,91.38,0.000548,0.000276,6,0,51.124,81.185,52.34,82.887,85.523,84.147,59.418,34.433,49.871,17.301,15.51,81.055,48.046,49.83,49.905,0.3303,0.0,0.199,4.6608,4.1427,1.9432,True,30081.175,8,0.27560514052860374,nested_district_rain,0.01
2022,2022-08-24,2022-09-03,Kapurthala,364.39,0.002187,0.000548,7,0,21.768,29.523,51.124,81.185,52.34,82.887,44.485,21.784,37.843,16.632,59.418,15.51,46.59,37.843,37.843,0.0344,0.2985,-0.04,4.7823,5.1213,1.963,True,30081.175,8,0.09830899549800379,nested_district_rain,0.01
2022,2022-09-03,2022-09-13,Kapurthala,46.07,0.000276,0.002187,8,0,25.472,31.062,21.768,29.523,51.124,81.185,19.254,7.303,10.319,4.415,44.485,59.418,36.602,6.444,8.935,0.0305,0.0,-0.079,5.0925,5.4049,1.9116,True,30081.175,8,0.08270464506519078,nested_district_rain,0.01
2022,2022-09-13,2022-09-23,Kapurthala,23.36,0.00014,0.000276,9,0,20.281,32.407,25.472,31.062,21.768,29.523,6.882,2.897,3.908,2.343,19.254,44.485,25.775,2.282,3.908,-0.0481,-0.097,-0.039,5.0967,5.1045,1.8527,True,30081.175,8,0.032396878400742395,nested_district_rain,0.01
2022,2022-09-23,2022-09-30,Kapurthala,16.81,0.000101,0.00014,10,0,85.299,64.518,17.741,27.782,10.054,13.28,108.715,79.078,101.021,42.355,4.6,12.601,13.614,90.842,108.715,0.2065,0.0,0.158,5.1526,5.423,1.903,True,30081.175,8,0.12240192350413309,nested_district_rain,0.01
2022,2022-08-04,2022-08-14,Ludhiana,0.0,0.0,0.000242,5,0,52.34,82.887,85.523,84.147,137.207,86.519,4.26,1.829,3.709,1.591,58.053,145.93,81.493,3.709,3.72,0.514,0.585,0.323,3.2168,2.8915,1.6249,True,36899.337,7,0.26280602381902946,nested_district_rain,0.01
2022,2022-08-14,2022-08-24,Ludhiana,0.0,0.0,0.0,6,0,51.124,81.185,52.34,82.887,85.523,84.147,12.143,7.439,7.54,4.389,4.26,58.053,30.39,7.54,7.54,0.3303,0.0,0.199,4.6608,4.1427,1.9432,True,36899.337,7,0.18930839322016188,nested_district_rain,0.01
2022,2022-08-24,2022-09-03,Ludhiana,65.43,0.000182,0.0,7,0,21.768,29.523,51.124,81.185,52.34,82.887,10.133,4.93,5.017,3.702,12.143,4.26,17.555,4.983,4.983,0.0344,0.2985,-0.04,4.7823,5.1213,1.963,True,36899.337,7,0.06365028764101674,nested_district_rain,0.01
2022,2022-09-03,2022-09-13,Ludhiana,2.2,6e-06,0.000182,8,0,25.472,31.062,21.768,29.523,51.124,81.185,14.67,8.762,13.695,5.314,10.133,12.143,12.701,13.695,13.718,0.0305,0.0,-0.079,5.0925,5.4049,1.9116,True,36899.337,7,0.0461051760129129,nested_district_rain,0.01
2022,2022-09-13,2022-09-23,Ludhiana,0.0,0.0,6e-06,9,0,20.281,32.407,25.472,31.062,21.768,29.523,23.076,11.799,16.019,7.306,14.67,10.133,10.891,7.024,7.057,-0.0481,-0.097,-0.039,5.0967,5.1045,1.8527,True,36899.337,7,0.02852547350200444,nested_district_rain,0.01
2022,2022-09-23,2022-09-30,Ludhiana,0.0,0.0,0.0,10,0,85.299,64.518,17.741,27.782,10.054,13.28,123.063,105.774,119.992,47.968,16.052,7.976,22.753,118.275,123.063,0.2065,0.0,0.158,5.1526,5.423,1.903,True,36899.337,7,0.11926850669995433,nested_district_rain,0.01
2022,2022-08-04,2022-08-14,Mansa,49.69,0.000224,0.000678,5,0,52.34,82.887,85.523,84.147,137.207,86.519,8.424,5.734,7.359,1.663,58.6,114.823,69.675,7.359,7.521,0.514,0.585,0.323,3.2168,2.8915,1.6249,True,9195.817,4,0.1719414367995913,nested_district_rain,0.01
2022,2022-08-14,2022-08-24,Mansa,68.48,0.000309,0.000224,6,0,51.124,81.185,52.34,82.887,85.523,84.147,10.618,9.665,10.352,1.56,8.424,58.6,28.32,9.693,10.352,0.3303,0.0,0.199,4.6608,4.1427,1.9432,True,9195.817,4,0.10782924722193087,nested_district_rain,0.01
2022,2022-08-24,2022-09-03,Mansa,45.15,0.000203,0.000309,7,0,21.768,29.523,51.124,81.185,52.34,82.887,1.837,1.09,1.09,0.699,10.618,8.424,14.626,1.09,1.172,0.0344,0.2985,-0.04,4.7823,5.1213,1.963,True,9195.817,4,0.033126686988079454,nested_district_rain,0.01
2022,2022-09-03,2022-09-13,Mansa,32.35,0.000146,0.000203,8,0,25.472,31.062,21.768,29.523,51.124,81.185,0.0,0.0,0.0,0.0,1.837,10.618,6.104,0.0,0.0,0.0305,0.0,-0.079,5.0925,5.4049,1.9116,True,9195.817,4,0.021630445061302156,nested_district_rain,0.01
2022,2022-09-13,2022-09-23,Mansa,30.85,0.000139,0.000146,9,0,20.281,32.407,25.472,31.062,21.768,29.523,15.736,12.886,12.886,3.854,0.0,1.837,2.128,2.85,2.85,-0.0481,-0.097,-0.039,5.0967,5.1045,1.8527,True,9195.817,4,0.01477198283747358,nested_district_rain,0.01
2022,2022-09-23,2022-09-30,Mansa,7.53,3.4e-05,0.000139,10,0,85.299,64.518,17.741,27.782,10.054,13.28,166.058,118.544,163.302,69.829,12.886,2.85,14.992,163.302,166.058,0.2065,0.0,0.158,5.1526,5.423,1.903,True,9195.817,4,0.07417849848733099,nested_district_rain,0.01
2022,2022-07-25,2022-08-04,Moga,42.12,0.000179,0.016551,4,0,85.523,84.147,137.207,86.519,58.431,83.355,48.177,16.661,26.099,14.986,133.297,23.591,100.93,5.988,28.721,0.7239,0.8,0.416,2.5549,2.0944,1.2345,True,39760.607,8,0.9696535002348221,nested_district_rain,0.01
2022,2022-08-04,2022-08-14,Moga,0.0,0.0,0.000179,5,0,52.34,82.887,85.523,84.147,137.207,86.519,13.348,3.851,6.255,2.667,48.177,133.297,65.817,6.255,9.194,0.514,0.585,0.323,3.2168,2.8915,1.6249,True,39760.607,8,0.30922603189392206,nested_district_rain,0.01
2022,2022-08-14,2022-08-24,Moga,4.45,1.9e-05,0.0,6,0,51.124,81.185,52.34,82.887,85.523,84.147,20.233,8.712,12.353,7.297,13.348,48.177,30.65,12.353,12.353,0.3303,0.0,0.199,4.6608,4.1427,1.9432,True,39760.607,8,0.23006135823858903,nested_district_rain,0.01
2022,2022-08-24,2022-09-03,Moga,53.66,0.000228,1.9e-05,7,0,21.768,29.523,51.124,81.185,52.34,82.887,21.335,17.523,18.828,3.901,20.233,13.348,22.484,18.828,18.828,0.0344,0.2985,-0.04,4.7823,5.1213,1.963,True,39760.607,8,0.08328481319945677,nested_district_rain,0.01
2022,2022-09-03,2022-09-13,Moga,27.25,0.000116,0.000228,8,0,25.472,31.062,21.768,29.523,51.124,81.185,11.337,3.27,6.364,3.184,21.335,20.233,17.736,6.364,9.539,0.0305,0.0,-0.079,5.0925,5.4049,1.9116,True,39760.607,8,0.05448629164199252,nested_district_rain,0.01
2022,2022-09-13,2022-09-23,Moga,0.0,0.0,0.000116,9,0,20.281,32.407,25.472,31.062,21.768,29.523,28.628,25.745,26.075,3.488,11.337,21.335,12.034,1.565,2.553,-0.0481,-0.097,-0.039,5.0967,5.1045,1.8527,True,39760.607,8,0.038443175669745935,nested_district_rain,0.01
2022,2022-09-23,2022-09-30,Moga,0.0,0.0,0.0,10,0,85.299,64.518,17.741,27.782,10.054,13.28,89.33,75.521,86.65,33.809,27.063,3.363,31.461,84.202,89.33,0.2065,0.0,0.158,5.1526,5.423,1.903,True,39760.607,8,0.1194149519079291,nested_district_rain,0.01
2022,2022-08-04,2022-08-14,Muktsar,1886.88,0.007221,0.004484,5,0,52.34,82.887,85.523,84.147,137.207,86.519,24.152,8.96,14.337,7.453,72.267,117.243,72.835,14.337,23.297,0.514,0.585,0.323,3.2168,2.8915,1.6249,True,11416.697,6,0.4611710715940981,nested_district_rain,0.01
2022,2022-08-14,2022-08-24,Muktsar,707.07,0.002706,0.007221,6,0,51.124,81.185,52.34,82.887,85.523,84.147,16.517,11.607,16.507,5.571,24.152,72.267,37.667,16.507,16.517,0.3303,0.0,0.199,4.6608,4.1427,1.9432,True,11416.697,6,0.5153076751455626,nested_district_rain,0.01
2022,2022-08-24,2022-09-03,Muktsar,85.61,0.000328,0.002706,7,0,21.768,29.523,51.124,81.185,52.34,82.887,1.782,1.189,1.189,0.615,16.517,24.152,20.8,1.189,1.189,0.0344,0.2985,-0.04,4.7823,5.1213,1.963,True,11416.697,6,0.08487454141534764,nested_district_rain,0.01
2022,2022-09-03,2022-09-13,Muktsar,31.98,0.000122,0.000328,8,0,25.472,31.062,21.768,29.523,51.124,81.185,0.51,0.418,0.471,0.089,1.782,16.517,8.197,0.0,0.471,0.0305,0.0,-0.079,5.0925,5.4049,1.9116,True,11416.697,6,0.033277303959472114,nested_district_rain,0.01
2022,2022-09-13,2022-09-23,Muktsar,9.66,3.7e-05,0.000122,9,0,20.281,32.407,25.472,31.062,21.768,29.523,6.215,5.818,6.185,0.912,0.51,1.782,3.15,0.03,0.03,-0.0481,-0.097,-0.039,5.0967,5.1045,1.8527,True,11416.697,6,0.020802826148825643,nested_district_rain,0.01
2022,2022-09-23,2022-09-30,Muktsar,3.72,1.4e-05,3.7e-05,10,0,85.299,64.518,17.741,27.782,10.054,13.28,35.432,31.458,35.432,14.12,6.185,0.069,7.259,34.019,35.432,0.2065,0.0,0.158,5.1526,5.423,1.903,True,11416.697,6,0.0533038930359984,nested_district_rain,0.01
2022,2022-07-25,2022-08-04,Nawanshahr,0.0,0.0,0.00151,4,0,85.523,84.147,137.207,86.519,58.431,83.355,,,,,,,,,,0.7239,0.8,0.416,2.5549,2.0944,1.2345,True,8756.663,8,0.3624410776621249,nested_district_rain,0.01
2022,2022-08-04,2022-08-14,Nawanshahr,0.0,0.0,0.0,5,0,52.34,82.887,85.523,84.147,137.207,86.519,,,,,,,,,,0.514,0.585,0.323,3.2168,2.8915,1.6249,True,8756.663,8,0.3233834733591484,nested_district_rain,0.01
2022,2022-08-14,2022-08-24,Nawanshahr,0.0,0.0,0.0,6,0,51.124,81.185,52.34,82.887,85.523,84.147,,,,,,,,,,0.3303,0.0,0.199,4.6608,4.1427,1.9432,True,8756.663,8,0.22242598793563678,nested_district_rain,0.01
2022,2022-08-24,2022-09-03,Nawanshahr,0.0,0.0,0.0,7,0,21.768,29.523,51.124,81.185,52.34,82.887,,,,,,,,,,0.0344,0.2985,-0.04,4.7823,5.1213,1.963,True,8756.663,8,0.07423661532819081,nested_district_rain,0.01
2022,2022-09-03,2022-09-13,Nawanshahr,0.0,0.0,0.0,8,0,25.472,31.062,21.768,29.523,51.124,81.185,,,,,,,,,,0.0305,0.0,-0.079,5.0925,5.4049,1.9116,True,8756.663,8,0.05178862620557904,nested_district_rain,0.01
2022,2022-09-13,2022-09-23,Nawanshahr,0.0,0.0,0.0,9,0,20.281,32.407,25.472,31.062,21.768,29.523,,,,,,,,,,-0.0481,-0.097,-0.039,5.0967,5.1045,1.8527,True,8756.663,8,0.03246696665357362,nested_district_rain,0.01
2022,2022-09-23,2022-09-30,Nawanshahr,0.0,0.0,0.0,10,0,85.299,64.518,17.741,27.782,10.054,13.28,,,,,,,,,,0.2065,0.0,0.158,5.1526,5.423,1.903,True,8756.663,8,0.06907548285398683,nested_district_rain,0.01
2022,2022-08-04,2022-08-14,Patiala,6.7,2e-05,0.000406,5,0,52.34,82.887,85.523,84.147,137.207,86.519,20.686,7.674,13.454,6.86,67.919,147.205,84.538,13.454,13.831,0.514,0.585,0.323,3.2168,2.8915,1.6249,True,50445.615999999995,7,0.29373809600982875,nested_district_rain,0.01
2022,2022-08-14,2022-08-24,Patiala,322.08,0.000964,2e-05,6,0,51.124,81.185,52.34,82.887,85.523,84.147,18.276,9.092,9.681,8.464,20.686,67.919,40.936,8.394,8.404,0.3303,0.0,0.199,4.6608,4.1427,1.9432,True,50445.615999999995,7,0.19963057730696981,nested_district_rain,0.01
2022,2022-08-24,2022-09-03,Patiala,5.21,1.6e-05,0.000964,7,0,21.768,29.523,51.124,81.185,52.34,82.887,3.457,1.778,2.853,1.145,18.276,20.686,25.978,0.304,0.306,0.0344,0.2985,-0.04,4.7823,5.1213,1.963,True,50445.615999999995,7,0.07939780884936157,nested_district_rain,0.01
2022,2022-09-03,2022-09-13,Patiala,7.44,2.2e-05,1.6e-05,8,0,25.472,31.062,21.768,29.523,51.124,81.185,1.289,0.592,0.697,0.497,3.457,18.276,11.649,0.592,0.592,0.0305,0.0,-0.079,5.0925,5.4049,1.9116,True,50445.615999999995,7,0.04309221169278887,nested_district_rain,0.01
2022,2022-09-13,2022-09-23,Patiala,8.19,2.5e-05,2.2e-05,9,0,20.281,32.407,25.472,31.062,21.768,29.523,38.97,26.011,27.5,10.282,1.289,3.457,4.874,2.439,11.258,-0.0481,-0.097,-0.039,5.0967,5.1045,1.8527,True,50445.615999999995,7,0.03401973876165279,nested_district_rain,0.01
2022,2022-09-23,2022-09-30,Patiala,0.0,0.0,2.5e-05,10,0,85.299,64.518,17.741,27.782,10.054,13.28,145.729,89.75,134.201,52.87,36.531,3.136,34.966,134.201,145.729,0.2065,0.0,0.158,5.1526,5.423,1.903,True,50445.615999999995,7,0.12385011549665399,nested_district_rain,0.01
2022,2022-07-25,2022-08-04,Rupnagar,4.43,3.2e-05,0.000196,4,0,85.523,84.147,137.207,86.519,58.431,83.355,88.219,25.921,57.275,22.208,111.964,133.346,107.215,10.171,29.75,0.7239,0.8,0.416,2.5549,2.0944,1.2345,True,2353.827,2,0.11706766563829264,nested_district_rain,0.01
2022,2022-08-04,2022-08-14,Rupnagar,5.17,3.7e-05,3.2e-05,5,0,52.34,82.887,85.523,84.147,137.207,86.519,44.198,10.269,23.595,9.111,88.219,111.964,95.818,19.289,32.615,0.514,0.585,0.323,3.2168,2.8915,1.6249,True,2353.827,2,0.1192852358450028,nested_district_rain,0.01
2022,2022-08-14,2022-08-24,Rupnagar,0.0,0.0,3.7e-05,6,0,51.124,81.185,52.34,82.887,85.523,84.147,100.026,31.254,69.342,29.239,44.198,88.219,58.957,38.275,69.687,0.3303,0.0,0.199,4.6608,4.1427,1.9432,True,2353.827,2,0.09367590858611487,nested_district_rain,0.01
2022,2022-08-24,2022-09-03,Rupnagar,0.0,0.0,0.0,7,0,21.768,29.523,51.124,81.185,52.34,82.887,44.849,24.361,29.027,8.277,100.026,44.198,76.939,10.423,11.608,0.0344,0.2985,-0.04,4.7823,5.1213,1.963,True,2353.827,2,0.024975783148047947,nested_district_rain,0.01
2022,2022-09-03,2022-09-13,Rupnagar,2.19,1.6e-05,0.0,8,0,25.472,31.062,21.768,29.523,51.124,81.185,25.468,11.817,12.655,8.077,44.849,100.026,55.36,12.655,12.975,0.0305,0.0,-0.079,5.0925,5.4049,1.9116,True,2353.827,2,0.014035611543131769,nested_district_rain,0.01
2022,2022-09-13,2022-09-23,Rupnagar,0.73,5e-06,1.6e-05,9,0,20.281,32.407,25.472,31.062,21.768,29.523,7.697,2.428,3.01,2.216,25.468,44.849,35.944,2.453,4.626,-0.0481,-0.097,-0.039,5.0967,5.1045,1.8527,True,2353.827,2,0.008551970823489408,nested_district_rain,0.01
2022,2022-09-23,2022-09-30,Rupnagar,0.0,0.0,5e-06,10,0,85.299,64.518,17.741,27.782,10.054,13.28,122.458,79.87,121.144,54.006,5.244,14.946,17.804,85.694,122.458,0.2065,0.0,0.158,5.1526,5.423,1.903,True,2353.827,2,0.03599737258502942,nested_district_rain,0.01
2022,2022-07-25,2022-08-04,Sahibzada Ajit Singh Nagar,2.22,2e-05,0.012771,4,0,85.523,84.147,137.207,86.519,58.431,83.355,82.868,32.424,63.952,22.653,136.789,112.362,115.489,11.891,18.018,0.7239,0.8,0.416,2.5549,2.0944,1.2345,True,871.9080000000001,0,0.6839407179539675,nested_district_rain,0.01
2022,2022-08-04,2022-08-14,Sahibzada Ajit Singh Nagar,0.0,0.0,2e-05,5,0,52.34,82.887,85.523,84.147,137.207,86.519,23.229,7.901,11.992,7.568,82.868,136.789,96.869,11.992,13.594,0.514,0.585,0.323,3.2168,2.8915,1.6249,True,871.9080000000001,0,0.07446135104025745,nested_district_rain,0.01
2022,2022-08-14,2022-08-24,Sahibzada Ajit Singh Nagar,0.0,0.0,0.0,6,0,51.124,81.185,52.34,82.887,85.523,84.147,53.113,38.883,40.332,12.265,23.229,82.868,47.307,39.253,40.379,0.3303,0.0,0.199,4.6608,4.1427,1.9432,True,871.9080000000001,0,0.05944305946585816,nested_district_rain,0.01
2022,2022-08-24,2022-09-03,Sahibzada Ajit Singh Nagar,0.0,0.0,0.0,7,0,21.768,29.523,51.124,81.185,52.34,82.887,13.92,7.227,9.564,2.704,53.113,23.229,43.55,0.646,2.148,0.0344,0.2985,-0.04,4.7823,5.1213,1.963,True,871.9080000000001,0,0.014277164178596893,nested_district_rain,0.01
2022,2022-09-03,2022-09-13,Sahibzada Ajit Singh Nagar,0.0,0.0,0.0,8,0,25.472,31.062,21.768,29.523,51.124,81.185,3.372,1.918,2.504,0.601,13.92,53.113,24.806,0.526,0.868,0.0305,0.0,-0.079,5.0925,5.4049,1.9116,True,871.9080000000001,0,0.008754941872509504,nested_district_rain,0.01
2022,2022-09-13,2022-09-23,Sahibzada Ajit Singh Nagar,0.0,0.0,0.0,9,0,20.281,32.407,25.472,31.062,21.768,29.523,62.054,30.395,30.755,17.466,3.372,13.92,11.266,10.978,30.447,-0.0481,-0.097,-0.039,5.0967,5.1045,1.8527,True,871.9080000000001,0,0.007755413577290642,nested_district_rain,0.01
2022,2022-09-23,2022-09-30,Sahibzada Ajit Singh Nagar,0.0,0.0,0.0,10,0,85.299,64.518,17.741,27.782,10.054,13.28,131.872,80.775,124.214,50.252,51.076,13.482,50.712,101.969,131.872,0.2065,0.0,0.158,5.1526,5.423,1.903,True,871.9080000000001,0,0.025785009158610813,nested_district_rain,0.01
2022,2022-08-04,2022-08-14,Sangrur,6.01,1.7e-05,0.000399,5,0,52.34,82.887,85.523,84.147,137.207,86.519,13.878,6.42,8.9,3.25,47.954,131.803,69.696,8.9,10.717,0.514,0.585,0.323,3.2168,2.8915,1.6249,True,57150.915,10,0.436580108291412,nested_district_rain,0.01
2022,2022-08-14,2022-08-24,Sangrur,2.99,8e-06,1.7e-05,6,0,51.124,81.185,52.34,82.887,85.523,84.147,7.589,5.227,5.754,2.156,13.878,47.954,31.424,5.364,5.754,0.3303,0.0,0.199,4.6608,4.1427,1.9432,True,57150.915,10,0.31268664430507526,nested_district_rain,0.01
2022,2022-08-24,2022-09-03,Sangrur,2.25,6e-06,8e-06,7,0,21.768,29.523,51.124,81.185,52.34,82.887,2.515,1.627,2.124,0.61,7.589,13.878,14.969,2.124,2.189,0.0344,0.2985,-0.04,4.7823,5.1213,1.963,True,57150.915,10,0.11238261210337383,nested_district_rain,0.01
2022,2022-09-03,2022-09-13,Sangrur,9.03,2.5e-05,6e-06,8,0,25.472,31.062,21.768,29.523,51.124,81.185,0.604,0.481,0.558,0.117,2.515,7.589,6.429,0.558,0.558,0.0305,0.0,-0.079,5.0925,5.4049,1.9116,True,57150.915,10,0.07816179612601326,nested_district_rain,0.01
2022,2022-09-13,2022-09-23,Sangrur,0.0,0.0,2.5e-05,9,0,20.281,32.407,25.472,31.062,21.768,29.523,16.373,11.044,13.531,3.597,0.604,2.515,2.507,2.842,2.842,-0.0481,-0.097,-0.039,5.0967,5.1045,1.8527,True,57150.915,10,0.054371901003411,nested_district_rain,0.01
2022,2022-09-23,2022-09-30,Sangrur,0.0,0.0,0.0,10,0,85.299,64.518,17.741,27.782,10.054,13.28,125.975,90.784,125.736,50.837,13.531,2.888,15.509,125.736,125.975,0.2065,0.0,0.158,5.1526,5.423,1.903,True,57150.915,10,0.19680464360446623,nested_district_rain,0.01
2022,2022-07-25,2022-08-04,Tarn Taran,192.47,0.000802,0.014948,4,0,85.523,84.147,137.207,86.519,58.431,83.355,78.233,27.236,54.407,17.749,185.621,20.24,133.511,4.584,21.545,0.7239,0.8,0.416,2.5549,2.0944,1.2345,True,31579.6,8,0.9600888819223872,nested_district_rain,0.01
2022,2022-08-04,2022-08-14,Tarn Taran,114.91,0.000479,0.000802,5,0,52.34,82.887,85.523,84.147,137.207,86.519,38.296,17.808,23.032,12.895,78.233,185.621,98.927,18.828,24.052,0.514,0.585,0.323,3.2168,2.8915,1.6249,True,31579.6,8,0.35705389964012607,nested_district_rain,0.01
2022,2022-08-14,2022-08-24,Tarn Taran,205.5,0.000856,0.000479,6,0,51.124,81.185,52.34,82.887,85.523,84.147,37.484,21.432,29.957,9.816,38.296,78.233,57.169,29.957,29.957,0.3303,0.0,0.199,4.6608,4.1427,1.9432,True,31579.6,8,0.2633261145869802,nested_district_rain,0.01
2022,2022-08-24,2022-09-03,Tarn Taran,712.09,0.002966,0.000856,7,0,21.768,29.523,51.124,81.185,52.34,82.887,37.191,21.792,32.557,11.868,37.484,38.296,39.287,32.557,32.557,0.0344,0.2985,-0.04,4.7823,5.1213,1.963,True,31579.6,8,0.10124423063622562,nested_district_rain,0.01
2022,2022-09-03,2022-09-13,Tarn Taran,367.48,0.001531,0.002966,8,0,25.472,31.062,21.768,29.523,51.124,81.185,10.364,3.047,5.965,2.334,37.191,37.484,30.8,3.574,4.399,0.0305,0.0,-0.079,5.0925,5.4049,1.9116,True,31579.6,8,0.09840161051940569,nested_district_rain,0.01
2022,2022-09-13,2022-09-23,Tarn Taran,276.14,0.00115,0.001531,9,0,20.281,32.407,25.472,31.062,21.768,29.523,24.286,17.331,19.025,5.057,10.364,37.191,18.133,1.694,19.025,-0.0481,-0.097,-0.039,5.0967,5.1045,1.8527,True,31579.6,8,0.049549906379411625,nested_district_rain,0.01
2022,2022-09-23,2022-09-30,Tarn Taran,268.84,0.00112,0.00115,10,0,85.299,64.518,17.741,27.782,10.054,13.28,72.13,55.626,68.947,27.256,22.592,7.659,21.447,67.152,72.13,0.2065,0.0,0.158,5.1526,5.423,1.903,True,31579.6,8,0.12904420818864054,nested_district_rain,0.01
2023,2023-07-25,2023-08-04,Amritsar,1063.65,0.003987,0.008287,4,0,58.481,55.706,81.839,101.54,206.274,222.13,61.387,18.351,37.744,17.79,118.329,184.347,135.994,37.744,46.675,0.3545,-0.1876,-0.04,4.7028,4.7184,2.019,True,21013.355,7,0.9882663308536193,nested_statewide_rain,0.1
2023,2023-08-04,2023-08-14,Amritsar,210.83,0.00079,0.003987,5,0,70.969,68.41,58.481,55.706,81.839,101.54,35.422,15.244,25.525,7.285,61.387,118.329,82.941,21.702,25.848,0.3211,0.0,0.0,5.035,4.5998,1.959,True,21013.355,7,0.20286705984989337,nested_statewide_rain,0.1
2023,2023-08-14,2023-08-24,Amritsar,586.64,0.002199,0.00079,6,0,67.336,79.83,70.969,68.41,58.481,55.706,14.722,7.702,9.593,2.81,35.422,61.387,48.989,4.158,11.892,-0.0747,0.0,-0.199,5.4016,4.5998,1.8838,True,21013.355,7,0.05982003100242956,nested_statewide_rain,0.1
2023,2023-08-24,2023-09-03,Amritsar,396.57,0.001487,0.002199,7,0,27.916,26.809,67.336,79.83,70.969,68.41,37.467,15.768,31.265,15.524,14.722,35.422,25.377,15.773,31.541,-0.0637,-0.2004,0.0,5.3401,5.7978,1.7556,True,21013.355,7,0.02802479633046919,nested_statewide_rain,0.1
2023,2023-09-03,2023-09-13,Amritsar,163.16,0.000612,0.001487,8,0,10.122,10.769,27.916,26.809,67.336,79.83,1.138,0.515,0.823,0.328,37.467,14.722,30.074,0.155,0.155,0.0424,0.0,-0.222,5.323,5.6976,1.6454,True,21013.355,7,0.005870128864217225,nested_statewide_rain,0.1
2023,2023-09-13,2023-09-23,Amritsar,168.89,0.000633,0.000612,9,0,64.465,44.415,10.122,10.769,27.916,26.809,91.459,39.08,83.479,27.142,1.138,37.467,11.408,7.971,7.98,0.0509,0.1235,-0.061,5.373,5.6654,1.4921,True,21013.355,7,0.003436980348225671,nested_statewide_rain,0.1
2023,2023-09-23,2023-09-30,Amritsar,116.29,0.000436,0.000633,10,0,11.732,2.874,55.931,36.489,15.052,11.925,20.986,18.804,20.986,8.329,83.488,8.954,67.643,20.986,20.986,-0.0509,0.0,-0.031,5.3842,5.4477,1.4681,True,21013.355,7,0.0006719561239250317,nested_statewide_rain,0.1
2023,2023-07-25,2023-08-04,Barnala,422.51,0.002835,0.000319,4,0,58.481,55.706,81.839,101.54,206.274,222.13,56.206,23.232,31.285,18.064,21.928,152.167,49.774,23.32,34.655,0.3545,-0.1876,-0.04,4.7028,4.7184,2.019,True,15293.416999999998,8,0.9543064647227701,nested_statewide_rain,0.1
2023,2023-08-04,2023-08-14,Barnala,0.0,0.0,0.002835,5,0,70.969,68.41,58.481,55.706,81.839,101.54,35.808,11.28,18.983,8.795,56.206,21.928,48.744,12.742,16.825,0.3211,0.0,0.0,5.035,4.5998,1.959,True,15293.416999999998,8,0.3101652923187044,nested_statewide_rain,0.1
2023,2023-08-14,2023-08-24,Barnala,0.0,0.0,0.0,6,0,67.336,79.83,70.969,68.41,58.481,55.706,14.394,6.658,11.424,3.862,35.808,56.206,39.939,0.981,2.499,-0.0747,0.0,-0.199,5.4016,4.5998,1.8838,True,15293.416999999998,8,0.11092570606066587,nested_statewide_rain,0.1
2023,2023-08-24,2023-09-03,Barnala,58.2,0.000391,0.0,7,0,27.916,26.809,67.336,79.83,70.969,68.41,13.834,4.817,8.871,4.13,14.394,35.808,26.197,8.871,10.43,-0.0637,-0.2004,0.0,5.3401,5.7978,1.7556,True,15293.416999999998,8,0.03630772803025102,nested_statewide_rain,0.1
2023,2023-09-03,2023-09-13,Barnala,0.0,0.0,0.000391,8,0,10.122,10.769,27.916,26.809,67.336,79.83,0.0,0.0,0.0,0.0,13.834,14.394,16.163,0.0,0.0,0.0424,0.0,-0.222,5.323,5.6976,1.6454,True,15293.416999999998,8,0.010490548581822048,nested_statewide_rain,0.1
2023,2023-09-13,2023-09-23,Barnala,0.0,0.0,0.0,9,0,64.465,44.415,10.122,10.769,27.916,26.809,43.6,15.688,30.244,12.331,0.0,13.834,5.636,0.055,14.611,0.0509,0.1235,-0.061,5.373,5.6654,1.4921,True,15293.416999999998,8,0.007068387533326334,nested_statewide_rain,0.1
2023,2023-09-23,2023-09-30,Barnala,0.0,0.0,0.0,10,0,11.732,2.874,55.931,36.489,15.052,11.925,9.081,4.592,9.081,3.691,43.545,0.055,30.899,9.081,9.081,-0.0509,0.0,-0.031,5.3842,5.4477,1.4681,True,15293.416999999998,8,0.0013776391447405945,nested_statewide_rain,0.1
2023,2023-07-25,2023-08-04,Bathinda,49.28,0.000146,0.001067,4,0,58.481,55.706,81.839,101.54,206.274,222.13,40.544,12.199,24.267,10.772,12.162,48.6,18.405,12.704,27.216,0.3545,-0.1876,-0.04,4.7028,4.7184,2.019,True,10648.217,4,0.6778564404313351,nested_statewide_rain,0.1
2023,2023-08-04,2023-08-14,Bathinda,9.72,2.9e-05,0.000146,5,0,70.969,68.41,58.481,55.706,81.839,101.54,4.954,1.54,2.784,1.016,40.544,12.162,29.376,1.697,2.17,0.3211,0.0,0.0,5.035,4.5998,1.959,True,10648.217,4,0.016551577851682747,nested_statewide_rain,0.1
2023,2023-08-14,2023-08-24,Bathinda,0.0,0.0,2.9e-05,6,0,67.336,79.83,70.969,68.41,58.481,55.706,1.364,0.607,1.105,0.371,4.954,40.544,13.448,0.05,0.174,-0.0747,0.0,-0.199,5.4016,4.5998,1.8838,True,10648.217,4,0.010115264669311773,nested_statewide_rain,0.1
2023,2023-08-24,2023-09-03,Bathinda,0.0,0.0,0.0,7,0,27.916,26.809,67.336,79.83,70.969,68.41,2.433,0.759,1.545,0.718,1.364,4.954,5.865,1.219,2.005,-0.0637,-0.2004,0.0,5.3401,5.7978,1.7556,True,10648.217,4,0.003050731152276465,nested_statewide_rain,0.1
2023,2023-09-03,2023-09-13,Bathinda,0.0,0.0,0.0,8,0,10.122,10.769,27.916,26.809,67.336,79.83,0.0,0.0,0.0,0.0,2.433,1.364,3.326,0.0,0.0,0.0424,0.0,-0.222,5.323,5.6976,1.6454,True,10648.217,4,0.0007687674867715907,nested_statewide_rain,0.1
2023,2023-09-13,2023-09-23,Bathinda,3.74,1.1e-05,0.0,9,0,64.465,44.415,10.122,10.769,27.916,26.809,23.548,9.642,13.996,7.314,0.0,2.433,1.16,0.0,9.938,0.0509,0.1235,-0.061,5.373,5.6654,1.4921,True,10648.217,4,0.0005778567122076602,nested_statewide_rain,0.1
2023,2023-09-23,2023-09-30,Bathinda,0.0,0.0,1.1e-05,10,0,11.732,2.874,55.931,36.489,15.052,11.925,6.414,4.775,6.414,2.49,23.548,0.0,16.164,6.414,6.414,-0.0509,0.0,-0.031,5.3842,5.4477,1.4681,True,10648.217,4,0.00011239106968652095,nested_statewide_rain,0.1
2023,2023-07-25,2023-08-04,Faridkot,118.38,0.000813,0.003902,4,0,58.481,55.706,81.839,101.54,206.274,222.13,36.844,13.896,25.19,9.819,50.893,86.465,57.355,25.19,31.363,0.3545,-0.1876,-0.04,4.7028,4.7184,2.019,True,9690.035,5,0.9065735815515497,nested_statewide_rain,0.1
2023,2023-08-04,2023-08-14,Faridkot,5.91,4.1e-05,0.000813,5,0,70.969,68.41,58.481,55.706,81.839,101.54,0.229,0.229,0.229,0.023,36.844,50.893,37.52,0.0,0.0,0.3211,0.0,0.0,5.035,4.5998,1.959,True,9690.035,5,0.039902659041701025,nested_statewide_rain,0.1
2023,2023-08-14,2023-08-24,Faridkot,0.0,0.0,4.1e-05,6,0,67.336,79.83,70.969,68.41,58.481,55.706,1.634,0.672,0.962,0.672,0.229,36.844,13.268,0.672,0.672,-0.0747,0.0,-0.199,5.4016,4.5998,1.8838,True,9690.035,5,0.020467315833509886,nested_statewide_rain,0.1
2023,2023-08-24,2023-09-03,Faridkot,0.0,0.0,0.0,7,0,27.916,26.809,67.336,79.83,70.969,68.41,4.917,2.361,4.917,1.598,1.634,0.229,5.599,0.0,3.874,-0.0637,-0.2004,0.0,5.3401,5.7978,1.7556,True,9690.035,5,0.00619696678177884,nested_statewide_rain,0.1
2023,2023-09-03,2023-09-13,Faridkot,8.14,5.6e-05,0.0,8,0,10.122,10.769,27.916,26.809,67.336,79.83,0.0,0.0,0.0,0.0,4.917,1.634,4.835,0.0,0.0,0.0424,0.0,-0.222,5.323,5.6976,1.6454,True,9690.035,5,0.001565296621075667,nested_statewide_rain,0.1
2023,2023-09-13,2023-09-23,Faridkot,0.0,0.0,5.6e-05,9,0,64.465,44.415,10.122,10.769,27.916,26.809,50.654,27.23,45.916,17.034,0.0,4.917,1.686,0.0,4.575,0.0509,0.1235,-0.061,5.373,5.6654,1.4921,True,9690.035,5,0.001195930201174635,nested_statewide_rain,0.1
2023,2023-09-23,2023-09-30,Faridkot,0.0,0.0,0.0,10,0,11.732,2.874,55.931,36.489,15.052,11.925,19.652,10.133,19.652,9.405,50.654,0.0,37.705,19.652,19.652,-0.0509,0.0,-0.031,5.3842,5.4477,1.4681,True,9690.035,5,0.00022827228823169831,nested_statewide_rain,0.1
2023,2023-07-25,2023-08-04,Fatehgarh Sahib,939.49,0.008194,0.011613,4,0,58.481,55.706,81.839,101.54,206.274,222.13,69.677,35.651,59.418,24.955,50.382,335.956,115.925,35.667,64.708,0.3545,-0.1876,-0.04,4.7028,4.7184,2.019,True,14114.763,8,0.998237888191034,nested_statewide_rain,0.1
2023,2023-08-04,2023-08-14,Fatehgarh Sahib,17.75,0.000155,0.008194,5,0,70.969,68.41,58.481,55.706,81.839,101.54,31.841,14.463,22.097,6.808,69.677,50.382,75.824,8.265,22.943,0.3211,0.0,0.0,5.035,4.5998,1.959,True,14114.763,8,0.6881148852321187,nested_statewide_rain,0.1
2023,2023-08-14,2023-08-24,Fatehgarh Sahib,0.0,0.0,0.000155,6,0,67.336,79.83,70.969,68.41,58.481,55.706,31.733,21.653,30.684,9.867,31.841,69.677,45.828,0.306,0.502,-0.0747,0.0,-0.199,5.4016,4.5998,1.8838,True,14114.763,8,0.12027319360619712,nested_statewide_rain,0.1
2023,2023-08-24,2023-09-03,Fatehgarh Sahib,0.0,0.0,0.0,7,0,27.916,26.809,67.336,79.83,70.969,68.41,22.298,12.896,12.897,6.302,31.733,31.841,45.639,9.401,9.402,-0.0637,-0.2004,0.0,5.3401,5.7978,1.7556,True,14114.763,8,0.037982027247613466,nested_statewide_rain,0.1
2023,2023-09-03,2023-09-13,Fatehgarh Sahib,0.0,0.0,0.0,8,0,10.122,10.769,27.916,26.809,67.336,79.83,1.669,0.858,1.669,0.816,22.298,31.733,28.366,0.0,0.0,0.0424,0.0,-0.222,5.323,5.6976,1.6454,True,14114.763,8,0.0098288644809082,nested_statewide_rain,0.1
2023,2023-09-13,2023-09-23,Fatehgarh Sahib,0.0,0.0,0.0,9,0,64.465,44.415,10.122,10.769,27.916,26.809,42.976,19.211,37.973,12.627,1.669,22.298,11.316,1.059,19.821,0.0509,0.1235,-0.061,5.373,5.6654,1.4921,True,14114.763,8,0.007404700321407533,nested_statewide_rain,0.1
2023,2023-09-23,2023-09-30,Fatehgarh Sahib,0.0,0.0,0.0,10,0,11.732,2.874,55.931,36.489,15.052,11.925,16.136,15.555,16.136,6.571,41.917,2.728,30.905,16.136,16.136,-0.0509,0.0,-0.031,5.3842,5.4477,1.4681,True,14114.763,8,0.0014435806561688233,nested_statewide_rain,0.1
2023,2023-07-25,2023-08-04,Firozpur,9052.23,0.017337,0.014193,4,0,58.481,55.706,81.839,101.54,206.274,222.13,33.59,9.655,21.95,7.064,34.951,84.086,43.679,21.95,27.922,0.3545,-0.1876,-0.04,4.7028,4.7184,2.019,True,59535.4,8,0.9949254419019636,nested_statewide_rain,0.1
2023,2023-08-04,2023-08-14,Firozpur,6134.04,0.011748,0.017337,5,0,70.969,68.41,58.481,55.706,81.839,101.54,0.628,0.153,0.309,0.13,33.59,34.951,31.62,0.309,0.327,0.3211,0.0,0.0,5.035,4.5998,1.959,True,59535.4,8,0.8349289838178786,nested_statewide_rain,0.1
2023,2023-08-14,2023-08-24,Firozpur,13057.11,0.025007,0.011748,6,1,67.336,79.83,70.969,68.41,58.481,55.706,5.05,2.262,2.537,2.061,0.628,33.59,11.424,2.537,2.612,-0.0747,0.0,-0.199,5.4016,4.5998,1.8838,True,59535.4,8,0.3883179850533785,nested_statewide_rain,0.1
2023,2023-09-13,2023-09-23,Firozpur,1587.15,0.00304,0.007578,9,0,64.465,44.415,10.122,10.769,27.916,26.809,44.979,15.453,38.277,14.274,0.0,3.993,1.636,0.04,5.797,0.0509,0.1235,-0.061,5.373,5.6654,1.4921,True,59535.4,8,0.010778011098612043,nested_statewide_rain,0.1
2023,2023-09-23,2023-09-30,Firozpur,1177.42,0.002255,0.00304,10,0,11.732,2.874,55.931,36.489,15.052,11.925,12.054,6.81,12.054,5.355,44.939,0.04,32.593,12.054,12.054,-0.0509,0.0,-0.031,5.3842,5.4477,1.4681,True,59535.4,8,0.0005709057523526589,nested_statewide_rain,0.1
2023,2023-07-25,2023-08-04,Gurdaspur,1310.25,0.00361,0.005221,4,0,58.481,55.706,81.839,101.54,206.274,222.13,36.59,11.467,23.922,9.519,123.89,254.512,137.97,23.922,28.902,0.3545,-0.1876,-0.04,4.7028,4.7184,2.019,True,17842.914,4,0.8395437241372654,nested_statewide_rain,0.1
2023,2023-08-04,2023-08-14,Gurdaspur,343.59,0.000947,0.00361,5,0,70.969,68.41,58.481,55.706,81.839,101.54,148.843,32.248,68.5,31.292,36.59,123.89,68.577,38.328,71.885,0.3211,0.0,0.0,5.035,4.5998,1.959,True,17842.914,4,0.03316722356266933,nested_statewide_rain,0.1
2023,2023-08-14,2023-08-24,Gurdaspur,1479.72,0.004077,0.000947,6,0,67.336,79.83,70.969,68.41,58.481,55.706,75.284,32.115,47.708,14.46,148.843,36.59,121.105,47.708,50.679,-0.0747,0.0,-0.199,5.4016,4.5998,1.8838,True,17842.914,4,0.009903773337266617,nested_statewide_rain,0.1
2023,2023-08-24,2023-09-03,Gurdaspur,696.52,0.001919,0.004077,7,0,27.916,26.809,67.336,79.83,70.969,68.41,19.354,6.159,13.177,4.812,75.284,148.843,85.93,13.177,17.121,-0.0637,-0.2004,0.0,5.3401,5.7978,1.7556,True,17842.914,4,0.0073871236968096,nested_statewide_rain,0.1
2023,2023-09-03,2023-09-13,Gurdaspur,153.37,0.000423,0.001919,8,0,10.122,10.769,27.916,26.809,67.336,79.83,10.456,4.038,7.532,3.04,19.354,75.284,39.881,1.866,1.866,0.0424,0.0,-0.222,5.323,5.6976,1.6454,True,17842.914,4,0.0010038347499003615,nested_statewide_rain,0.1
2023,2023-09-13,2023-09-23,Gurdaspur,257.97,0.000711,0.000423,9,0,64.465,44.415,10.122,10.769,27.916,26.809,91.541,36.142,72.889,27.653,10.456,19.354,21.894,17.295,18.526,0.0509,0.1235,-0.061,5.373,5.6654,1.4921,True,17842.914,4,0.0004905209192802675,nested_statewide_rain,0.1
2023,2023-09-23,2023-09-30,Gurdaspur,104.36,0.000288,0.000711,10,0,11.732,2.874,55.931,36.489,15.052,11.925,4.641,4.015,4.641,1.956,74.246,25.885,67.864,4.641,4.641,-0.0509,0.0,-0.031,5.3842,5.4477,1.4681,True,17842.914,4,0.00010332172257169983,nested_statewide_rain,0.1
2023,2023-07-25,2023-08-04,Hoshiarpur,432.89,0.001282,0.00382,4,0,58.481,55.706,81.839,101.54,206.274,222.13,15.673,4.689,8.161,2.274,94.603,327.908,140.996,3.927,5.459,0.3545,-0.1876,-0.04,4.7028,4.7184,2.019,True,5321.505999999999,2,0.5989479743331853,nested_statewide_rain,0.1
2023,2023-08-04,2023-08-14,Hoshiarpur,118.12,0.00035,0.001282,5,0,70.969,68.41,58.481,55.706,81.839,101.54,138.239,54.188,71.625,31.351,15.673,94.603,60.75,25.979,56.466,0.3211,0.0,0.0,5.035,4.5998,1.959,True,5321.505999999999,2,0.007441071926477029,nested_statewide_rain,0.1
2023,2023-08-14,2023-08-24,Hoshiarpur,1047.51,0.003102,0.00035,6,0,67.336,79.83,70.969,68.41,58.481,55.706,79.839,26.511,41.479,25.662,138.239,15.673,115.5,41.479,45.551,-0.0747,0.0,-0.199,5.4016,4.5998,1.8838,True,5321.505999999999,2,0.003586378054980792,nested_statewide_rain,0.1
2023,2023-08-24,2023-09-03,Hoshiarpur,758.29,0.002245,0.003102,7,0,27.916,26.809,67.336,79.83,70.969,68.41,18.381,6.664,13.442,5.588,79.839,138.239,92.797,13.442,13.628,-0.0637,-0.2004,0.0,5.3401,5.7978,1.7556,True,5321.505999999999,2,0.0023958184471691004,nested_statewide_rain,0.1
2023,2023-09-03,2023-09-13,Hoshiarpur,171.44,0.000508,0.002245,8,0,10.122,10.769,27.916,26.809,67.336,79.83,7.792,5.83,6.653,1.114,18.381,79.839,41.635,0.811,0.811,0.0424,0.0,-0.222,5.323,5.6976,1.6454,True,5321.505999999999,2,0.00047148359914398353,nested_statewide_rain,0.1
2023,2023-09-13,2023-09-23,Hoshiarpur,179.37,0.000531,0.000508,9,0,64.465,44.415,10.122,10.769,27.916,26.809,111.581,46.288,86.576,36.58,7.792,18.381,21.081,1.397,24.817,0.0509,0.1235,-0.061,5.373,5.6654,1.4921,True,5321.505999999999,2,0.00021488094183807831,nested_statewide_rain,0.1
2023,2023-09-23,2023-09-30,Hoshiarpur,107.8,0.000319,0.000531,10,0,11.732,2.874,55.931,36.489,15.052,11.925,12.859,9.192,12.859,5.877,110.184,8.378,81.481,12.859,12.859,-0.0509,0.0,-0.031,5.3842,5.4477,1.4681,True,5321.505999999999,2,4.19260365631291e-05,nested_statewide_rain,0.1
2023,2023-08-04,2023-08-14,Jalandhar,2207.14,0.008444,0.012375,5,0,70.969,68.41,58.481,55.706,81.839,101.54,35.125,16.071,18.731,7.457,44.456,73.421,60.501,7.186,13.811,0.3211,0.0,0.0,5.035,4.5998,1.959,True,18552.342,6,0.6158500221365356,nested_statewide_rain,0.1
2023,2023-08-14,2023-08-24,Jalandhar,2726.51,0.010431,0.008444,6,0,67.336,79.83,70.969,68.41,58.481,55.706,16.333,4.008,7.662,3.418,35.125,44.456,44.827,6.075,7.383,-0.0747,0.0,-0.199,5.4016,4.5998,1.8838,True,18552.342,6,0.24494739395644047,nested_statewide_rain,0.1
2023,2023-08-24,2023-09-03,Jalandhar,1846.26,0.007064,0.010431,7,0,27.916,26.809,67.336,79.83,70.969,68.41,38.427,14.715,27.209,12.716,16.333,35.125,27.147,16.449,28.943,-0.0637,-0.2004,0.0,5.3401,5.7978,1.7556,True,18552.342,6,0.1479537838806306,nested_statewide_rain,0.1
2023,2023-09-03,2023-09-13,Jalandhar,1217.76,0.004659,0.007064,8,0,10.122,10.769,27.916,26.809,67.336,79.83,1.319,0.875,0.875,0.481,38.427,16.333,31.411,0.875,0.875,0.0424,0.0,-0.222,5.323,5.6976,1.6454,True,18552.342,6,0.016280759521502118,nested_statewide_rain,0.1
2023,2023-09-13,2023-09-23,Jalandhar,928.39,0.003552,0.004659,9,0,64.465,44.415,10.122,10.769,27.916,26.809,44.874,17.039,27.636,9.976,1.319,38.427,11.696,10.095,14.322,0.0509,0.1235,-0.061,5.373,5.6654,1.4921,True,18552.342,6,0.00618235770073177,nested_statewide_rain,0.1
2023,2023-09-23,2023-09-30,Jalandhar,646.07,0.002472,0.003552,10,0,11.732,2.874,55.931,36.489,15.052,11.925,15.523,13.351,15.523,6.352,34.779,10.539,32.897,15.523,15.523,-0.0509,0.0,-0.031,5.3842,5.4477,1.4681,True,18552.342,6,0.0008755871794213389,nested_statewide_rain,0.1
2023,2023-09-13,2023-09-23,Kapurthala,2698.53,0.016194,0.017456,9,0,64.465,44.415,10.122,10.769,27.916,26.809,53.344,20.832,42.544,19.738,2.241,58.739,16.73,9.594,10.8,0.0509,0.1235,-0.061,5.373,5.6654,1.4921,True,24397.211,8,0.4309772928480392,nested_statewide_rain,0.1
2023,2023-09-23,2023-09-30,Kapurthala,2158.26,0.012952,0.016194,10,0,11.732,2.874,55.931,36.489,15.052,11.925,8.158,6.766,8.158,3.454,43.75,10.108,41.807,8.158,8.158,-0.0509,0.0,-0.031,5.3842,5.4477,1.4681,True,24397.211,8,0.09259078416551503,nested_statewide_rain,0.1
2023,2023-07-25,2023-08-04,Ludhiana,569.87,0.001585,0.007974,4,0,58.481,55.706,81.839,101.54,206.274,222.13,57.993,16.892,27.614,11.144,32.473,203.416,62.958,10.673,36.186,0.3545,-0.1876,-0.04,4.7028,4.7184,2.019,True,38835.854999999996,7,0.9743025625464992,nested_statewide_rain,0.1
2023,2023-08-04,2023-08-14,Ludhiana,314.59,0.000875,0.001585,5,0,70.969,68.41,58.481,55.706,81.839,101.54,25.323,6.566,12.758,5.154,57.993,32.473,60.669,11.189,18.025,0.3211,0.0,0.0,5.035,4.5998,1.959,True,38835.854999999996,7,0.0590537022975704,nested_statewide_rain,0.1
2023,2023-08-14,2023-08-24,Ludhiana,568.85,0.001582,0.000875,6,0,67.336,79.83,70.969,68.41,58.481,55.706,25.143,9.232,15.309,6.296,25.323,57.993,35.62,1.976,9.148,-0.0747,0.0,-0.199,5.4016,4.5998,1.8838,True,38835.854999999996,7,0.031121744664045353,nested_statewide_rain,0.1
2023,2023-08-24,2023-09-03,Ludhiana,414.55,0.001153,0.001582,7,0,27.916,26.809,67.336,79.83,70.969,68.41,21.66,11.701,14.943,5.945,25.143,25.323,32.597,6.697,9.939,-0.0637,-0.2004,0.0,5.3401,5.7978,1.7556,True,38835.854999999996,7,0.011751218249408281,nested_statewide_rain,0.1
2023,2023-09-03,2023-09-13,Ludhiana,198.43,0.000552,0.001153,8,0,10.122,10.769,27.916,26.809,67.336,79.83,0.138,0.053,0.13,0.047,21.66,25.143,24.056,0.008,0.008,0.0424,0.0,-0.222,5.323,5.6976,1.6454,True,38835.854999999996,7,0.002635087718959262,nested_statewide_rain,0.1
2023,2023-09-13,2023-09-23,Ludhiana,217.56,0.000605,0.000552,9,0,64.465,44.415,10.122,10.769,27.916,26.809,41.47,13.539,19.59,7.329,0.138,21.66,8.497,11.52,17.571,0.0509,0.1235,-0.061,5.373,5.6654,1.4921,True,38835.854999999996,7,0.001667113892513856,nested_statewide_rain,0.1
2023,2023-09-23,2023-09-30,Ludhiana,116.84,0.000325,0.000605,10,0,11.732,2.874,55.931,36.489,15.052,11.925,28.307,16.225,28.307,13.422,29.95,11.65,28.793,28.307,28.307,-0.0509,0.0,-0.031,5.3842,5.4477,1.4681,True,38835.854999999996,7,0.0003284818722030202,nested_statewide_rain,0.1
2023,2023-08-04,2023-08-14,Mansa,1198.66,0.005403,0.010935,5,0,70.969,68.41,58.481,55.706,81.839,101.54,1.784,0.736,0.95,0.705,38.794,19.963,31.353,0.879,0.95,0.3211,0.0,0.0,5.035,4.5998,1.959,True,9253.339,4,0.2847487664248017,nested_statewide_rain,0.1
2023,2023-08-14,2023-08-24,Mansa,380.51,0.001715,0.005403,6,0,67.336,79.83,70.969,68.41,58.481,55.706,1.889,0.954,1.114,0.6,1.784,38.794,11.982,0.561,0.626,-0.0747,0.0,-0.199,5.4016,4.5998,1.8838,True,9253.339,4,0.04833925461837475,nested_statewide_rain,0.1
2023,2023-08-24,2023-09-03,Mansa,104.73,0.000472,0.001715,7,0,27.916,26.809,67.336,79.83,70.969,68.41,1.67,1.249,1.339,0.415,1.889,1.784,5.449,0.331,0.421,-0.0637,-0.2004,0.0,5.3401,5.7978,1.7556,True,9253.339,4,0.005273138254033432,nested_statewide_rain,0.1
2023,2023-09-03,2023-09-13,Mansa,42.95,0.000194,0.000472,8,0,10.122,10.769,27.916,26.809,67.336,79.83,0.0,0.0,0.0,0.0,1.67,1.889,2.93,0.0,0.0,0.0424,0.0,-0.222,5.323,5.6976,1.6454,True,9253.339,4,0.000930770896913545,nested_statewide_rain,0.1
2023,2023-09-13,2023-09-23,Mansa,0.0,0.0,0.000194,9,0,64.465,44.415,10.122,10.769,27.916,26.809,29.466,17.081,24.941,5.881,0.0,1.67,1.022,0.0,21.718,0.0509,0.1235,-0.061,5.373,5.6654,1.4921,True,9253.339,4,0.0006458434158576825,nested_statewide_rain,0.1
2023,2023-09-23,2023-09-30,Mansa,0.0,0.0,0.0,10,0,11.732,2.874,55.931,36.489,15.052,11.925,11.992,6.331,11.992,5.518,29.466,0.0,17.758,11.992,11.992,-0.0509,0.0,-0.031,5.3842,5.4477,1.4681,True,9253.339,4,0.00011841794313525405,nested_statewide_rain,0.1
2023,2023-07-25,2023-08-04,Moga,1197.71,0.005087,0.004519,4,0,58.481,55.706,81.839,101.54,206.274,222.13,21.939,6.073,10.443,4.055,33.294,116.166,46.358,7.903,15.116,0.3545,-0.1876,-0.04,4.7028,4.7184,2.019,True,38941.672999999995,8,0.9647556798913343,nested_statewide_rain,0.1
2023,2023-08-04,2023-08-14,Moga,611.26,0.002596,0.005087,5,0,70.969,68.41,58.481,55.706,81.839,101.54,11.221,2.435,5.447,1.768,21.939,33.294,29.086,2.585,4.188,0.3211,0.0,0.0,5.035,4.5998,1.959,True,38941.672999999995,8,0.25161954109320467,nested_statewide_rain,0.1
2023,2023-08-14,2023-08-24,Moga,1246.14,0.005293,0.002596,6,0,67.336,79.83,70.969,68.41,58.481,55.706,16.48,3.903,7.345,2.682,11.221,21.939,17.962,7.345,9.041,-0.0747,0.0,-0.199,5.4016,4.5998,1.8838,True,38941.672999999995,8,0.09339528986203266,nested_statewide_rain,0.1
2023,2023-08-24,2023-09-03,Moga,646.44,0.002746,0.005293,7,0,27.916,26.809,67.336,79.83,70.969,68.41,12.118,2.975,5.714,2.306,16.48,11.221,16.873,5.714,7.756,-0.0637,-0.2004,0.0,5.3401,5.7978,1.7556,True,38941.672999999995,8,0.06336854346666412,nested_statewide_rain,0.1
2023,2023-09-03,2023-09-13,Moga,85.16,0.000362,0.002746,8,0,10.122,10.769,27.916,26.809,67.336,79.83,1.171,0.872,0.872,0.356,12.118,16.48,13.229,0.872,0.872,0.0424,0.0,-0.222,5.323,5.6976,1.6454,True,38941.672999999995,8,0.008100399543567074,nested_statewide_rain,0.1
2023,2023-09-13,2023-09-23,Moga,58.21,0.000247,0.000362,9,0,64.465,44.415,10.122,10.769,27.916,26.809,23.714,10.766,18.503,6.819,1.171,12.118,5.247,0.356,5.128,0.0509,0.1235,-0.061,5.373,5.6654,1.4921,True,38941.672999999995,8,0.0030787250591716234,nested_statewide_rain,0.1
2023,2023-09-23,2023-09-30,Moga,16.88,7.2e-05,0.000247,10,0,11.732,2.874,55.931,36.489,15.052,11.925,17.444,11.916,17.444,6.481,23.358,0.655,17.892,17.444,17.444,-0.0509,0.0,-0.031,5.3842,5.4477,1.4681,True,38941.672999999995,8,0.0005786337744538673,nested_statewide_rain,0.1
2023,2023-07-25,2023-08-04,Muktsar,95.26,0.000365,0.001958,4,0,58.481,55.706,81.839,101.54,206.274,222.13,34.278,12.698,22.488,7.797,29.755,43.267,30.062,17.042,30.624,0.3545,-0.1876,-0.04,4.7028,4.7184,2.019,True,12184.507,6,0.9078068725258692,nested_statewide_rain,0.1
2023,2023-08-04,2023-08-14,Muktsar,43.15,0.000165,0.000365,5,0,70.969,68.41,58.481,55.706,81.839,101.54,0.29,0.29,0.29,0.029,34.278,29.755,27.775,0.0,0.0,0.3211,0.0,0.0,5.035,4.5998,1.959,True,12184.507,6,0.060941185581001554,nested_statewide_rain,0.1
2023,2023-08-14,2023-08-24,Muktsar,8.18,3.1e-05,0.000165,6,0,67.336,79.83,70.969,68.41,58.481,55.706,0.0,0.0,0.0,0.0,0.29,34.278,9.92,0.0,0.0,-0.0747,0.0,-0.199,5.4016,4.5998,1.8838,True,12184.507,6,0.03704622214296263,nested_statewide_rain,0.1
2023,2023-08-24,2023-09-03,Muktsar,0.0,0.0,3.1e-05,7,0,27.916,26.809,67.336,79.83,70.969,68.41,5.093,3.081,5.093,2.075,0.0,0.29,3.459,0.0,5.044,-0.0637,-0.2004,0.0,5.3401,5.7978,1.7556,True,12184.507,6,0.011053821970214013,nested_statewide_rain,0.1
2023,2023-09-03,2023-09-13,Muktsar,20.75,7.9e-05,0.0,8,0,10.122,10.769,27.916,26.809,67.336,79.83,0.0,0.0,0.0,0.0,5.093,0.0,4.101,0.0,0.0,0.0424,0.0,-0.222,5.323,5.6976,1.6454,True,12184.507,6,0.0027774835332266008,nested_statewide_rain,0.1
2023,2023-09-13,2023-09-23,Muktsar,2.23,9e-06,7.9e-05,9,0,64.465,44.415,10.122,10.769,27.916,26.809,53.714,18.877,42.598,13.338,0.0,5.093,1.43,0.0,6.689,0.0509,0.1235,-0.061,5.373,5.6654,1.4921,True,12184.507,6,0.0021367642180100906,nested_statewide_rain,0.1
2023,2023-09-23,2023-09-30,Muktsar,0.0,0.0,9e-06,10,0,11.732,2.874,55.931,36.489,15.052,11.925,3.943,2.437,3.943,1.871,53.714,0.0,39.694,3.943,3.943,-0.0509,0.0,-0.031,5.3842,5.4477,1.4681,True,12184.507,6,0.0004065221503571003,nested_statewide_rain,0.1
2023,2023-07-25,2023-08-04,Nawanshahr,133.67,0.001024,0.00708,4,0,58.481,55.706,81.839,101.54,206.274,222.13,,,,,,,,,,0.3545,-0.1876,-0.04,4.7028,4.7184,2.019,True,8649.66,8,0.9947834485732815,nested_statewide_rain,0.1
2023,2023-08-04,2023-08-14,Nawanshahr,147.64,0.001132,0.001024,5,0,70.969,68.41,58.481,55.706,81.839,101.54,,,,,,,,,,0.3211,0.0,0.0,5.035,4.5998,1.959,True,8649.66,8,0.2578547211757356,nested_statewide_rain,0.1
2023,2023-08-14,2023-08-24,Nawanshahr,167.49,0.001284,0.001132,6,0,67.336,79.83,70.969,68.41,58.481,55.706,,,,,,,,,,-0.0747,0.0,-0.199,5.4016,4.5998,1.8838,True,8649.66,8,0.18372837476465986,nested_statewide_rain,0.1
2023,2023-08-24,2023-09-03,Nawanshahr,154.27,0.001182,0.001284,7,0,27.916,26.809,67.336,79.83,70.969,68.41,,,,,,,,,,-0.0637,-0.2004,0.0,5.3401,5.7978,1.7556,True,8649.66,8,0.06630273440013129,nested_statewide_rain,0.1
2023,2023-09-03,2023-09-13,Nawanshahr,105.05,0.000805,0.001182,8,0,10.122,10.769,27.916,26.809,67.336,79.83,,,,,,,,,,0.0424,0.0,-0.222,5.323,5.6976,1.6454,True,8649.66,8,0.01704108563226647,nested_statewide_rain,0.1
2023,2023-09-13,2023-09-23,Nawanshahr,131.5,0.001008,0.000805,9,0,64.465,44.415,10.122,10.769,27.916,26.809,,,,,,,,,,0.0509,0.1235,-0.061,5.373,5.6654,1.4921,True,8649.66,8,0.011552864849545364,nested_statewide_rain,0.1
2023,2023-09-23,2023-09-30,Nawanshahr,102.85,0.000788,0.001008,10,0,11.732,2.874,55.931,36.489,15.052,11.925,,,,,,,,,,-0.0509,0.0,-0.031,5.3842,5.4477,1.4681,True,8649.66,8,0.002395663480714064,nested_statewide_rain,0.1
2023,2023-08-14,2023-08-24,Patiala,392.98,0.001176,0.012208,6,0,67.336,79.83,70.969,68.41,58.481,55.706,25.148,17.594,21.559,5.158,27.652,92.991,47.29,0.67,0.743,-0.0747,0.0,-0.199,5.4016,4.5998,1.8838,True,40101.337,7,0.4443223092997267,nested_statewide_rain,0.1
2023,2023-08-24,2023-09-03,Patiala,115.92,0.000347,0.001176,7,0,27.916,26.809,67.336,79.83,70.969,68.41,26.686,18.66,18.834,5.929,25.148,27.652,39.702,7.852,7.941,-0.0637,-0.2004,0.0,5.3401,5.7978,1.7556,True,40101.337,7,0.009959583470609972,nested_statewide_rain,0.1
2023,2023-09-03,2023-09-13,Patiala,0.0,0.0,0.000347,8,0,10.122,10.769,27.916,26.809,67.336,79.83,3.565,3.529,3.565,0.383,26.686,25.148,29.545,0.0,0.0,0.0424,0.0,-0.222,5.323,5.6976,1.6454,True,40101.337,7,0.001987938662940266,nested_statewide_rain,0.1
2023,2023-09-13,2023-09-23,Patiala,80.26,0.00024,0.0,9,0,64.465,44.415,10.122,10.769,27.916,26.809,75.742,27.548,61.027,22.003,3.565,26.686,13.193,3.893,43.533,0.0509,0.1235,-0.061,5.373,5.6654,1.4921,True,40101.337,7,0.0013527173992357686,nested_statewide_rain,0.1
2023,2023-09-23,2023-09-30,Patiala,30.48,9.1e-05,0.00024,10,0,11.732,2.874,55.931,36.489,15.052,11.925,16.224,15.06,16.224,6.616,71.849,7.458,51.649,16.224,16.224,-0.0509,0.0,-0.031,5.3842,5.4477,1.4681,True,40101.337,7,0.00028121161083472743,nested_statewide_rain,0.1
2023,2023-07-25,2023-08-04,Rupnagar,126.53,0.000912,0.001787,4,0,58.481,55.706,81.839,101.54,206.274,222.13,79.156,27.839,48.275,20.814,64.166,523.501,165.092,20.465,49.012,0.3545,-0.1876,-0.04,4.7028,4.7184,2.019,True,1919.4330000000002,1,0.3266835209753558,nested_statewide_rain,0.1
2023,2023-08-04,2023-08-14,Rupnagar,28.66,0.000206,0.000912,5,0,70.969,68.41,58.481,55.706,81.839,101.54,148.38,47.591,71.128,46.184,79.156,64.166,107.805,5.202,70.103,0.3211,0.0,0.0,5.035,4.5998,1.959,True,1919.4330000000002,1,0.003917042285822174,nested_statewide_rain,0.1
2023,2023-08-14,2023-08-24,Rupnagar,119.55,0.000861,0.000206,6,0,67.336,79.83,70.969,68.41,58.481,55.706,126.215,68.083,82.609,30.281,148.38,79.156,141.427,31.249,40.037,-0.0747,0.0,-0.199,5.4016,4.5998,1.8838,True,1919.4330000000002,1,0.0020109506564790877,nested_statewide_rain,0.1
2023,2023-08-24,2023-09-03,Rupnagar,56.52,0.000407,0.000861,7,0,27.916,26.809,67.336,79.83,70.969,68.41,32.433,12.892,25.67,7.258,126.215,148.38,150.057,25.67,26.16,-0.0637,-0.2004,0.0,5.3401,5.7978,1.7556,True,1919.4330000000002,1,0.0007342984131353307,nested_statewide_rain,0.1
2023,2023-09-03,2023-09-13,Rupnagar,0.0,0.0,0.000407,8,0,10.122,10.769,27.916,26.809,67.336,79.83,15.48,11.575,15.076,3.945,32.433,126.215,68.47,0.403,0.404,0.0424,0.0,-0.222,5.323,5.6976,1.6454,True,1919.4330000000002,1,0.00016207564575213514,nested_statewide_rain,0.1
2023,2023-09-13,2023-09-23,Rupnagar,3.69,2.7e-05,0.0,9,0,64.465,44.415,10.122,10.769,27.916,26.809,22.724,16.371,21.598,4.252,15.48,32.433,37.398,0.64,3.186,0.0509,0.1235,-0.061,5.373,5.6654,1.4921,True,1919.4330000000002,1,0.00010833331874249812,nested_statewide_rain,0.1
2023,2023-09-23,2023-09-30,Rupnagar,9.56,6.9e-05,2.7e-05,10,0,11.732,2.874,55.931,36.489,15.052,11.925,20.834,12.963,20.834,9.854,22.084,15.716,27.872,20.834,20.834,-0.0509,0.0,-0.031,5.3842,5.4477,1.4681,True,1919.4330000000002,1,2.115978012448648e-05,nested_statewide_rain,0.1
2023,2023-07-25,2023-08-04,Sahibzada Ajit Singh Nagar,43.7,0.000393,0.003488,4,0,58.481,55.706,81.839,101.54,206.274,222.13,77.085,43.936,48.982,14.238,65.424,520.367,174.322,47.514,57.969,0.3545,-0.1876,-0.04,4.7028,4.7184,2.019,True,771.8520000000001,0,0.297050958609371,nested_statewide_rain,0.1
2023,2023-08-04,2023-08-14,Sahibzada Ajit Singh Nagar,26.63,0.00024,0.000393,5,0,70.969,68.41,58.481,55.706,81.839,101.54,77.213,23.615,33.535,13.92,77.085,65.424,104.221,14.814,35.703,0.3211,0.0,0.0,5.035,4.5998,1.959,True,771.8520000000001,0,0.0018035395502756584,nested_statewide_rain,0.1
2023,2023-08-14,2023-08-24,Sahibzada Ajit Singh Nagar,15.51,0.00014,0.00024,6,0,67.336,79.83,70.969,68.41,58.481,55.706,78.165,49.76,60.009,12.829,77.213,77.085,87.876,13.298,15.148,-0.0747,0.0,-0.199,5.4016,4.5998,1.8838,True,771.8520000000001,0,0.0010845238487482848,nested_statewide_rain,0.1
2023,2023-08-24,2023-09-03,Sahibzada Ajit Singh Nagar,16.24,0.000146,0.00014,7,0,27.916,26.809,67.336,79.83,70.969,68.41,26.951,18.596,24.154,5.46,78.165,77.213,97.296,24.154,24.155,-0.0637,-0.2004,0.0,5.3401,5.7978,1.7556,True,771.8520000000001,0,0.0003184397200159219,nested_statewide_rain,0.1
2023,2023-09-03,2023-09-13,Sahibzada Ajit Singh Nagar,0.0,0.0,0.000146,8,0,10.122,10.769,27.916,26.809,67.336,79.83,7.341,3.869,6.837,2.5,26.951,78.165,45.472,0.008,0.01,0.0424,0.0,-0.222,5.323,5.6976,1.6454,True,771.8520000000001,0,8.021942105006505e-05,nested_statewide_rain,0.1
2023,2023-09-13,2023-09-23,Sahibzada Ajit Singh Nagar,8.85,8e-05,0.0,9,0,64.465,44.415,10.122,10.769,27.916,26.809,30.922,15.193,28.418,10.165,7.341,26.951,22.188,1.78,20.592,0.0509,0.1235,-0.061,5.373,5.6654,1.4921,True,771.8520000000001,0,5.780492703096711e-05,nested_statewide_rain,0.1
2023,2023-09-23,2023-09-30,Sahibzada Ajit Singh Nagar,5.9,5.3e-05,8e-05,10,0,11.732,2.874,55.931,36.489,15.052,11.925,8.718,7.587,8.718,3.641,29.142,9.105,26.212,8.718,8.718,-0.0509,0.0,-0.031,5.3842,5.4477,1.4681,True,771.8520000000001,0,1.1463764266008514e-05,nested_statewide_rain,0.1
2023,2023-08-14,2023-08-24,Sangrur,1551.27,0.004296,0.018261,6,0,67.336,79.83,70.969,68.41,58.481,55.706,5.379,2.111,2.767,1.207,7.838,52.886,19.786,1.057,1.443,-0.0747,0.0,-0.199,5.4016,4.5998,1.8838,True,59591.074,10,0.9408801455100656,nested_statewide_rain,0.1
2023,2023-08-24,2023-09-03,Sangrur,66.93,0.000185,0.004296,7,0,27.916,26.809,67.336,79.83,70.969,68.41,4.932,2.958,3.08,1.792,5.379,7.838,11.124,1.852,1.974,-0.0637,-0.2004,0.0,5.3401,5.7978,1.7556,True,59591.074,10,0.07919931526014318,nested_statewide_rain,0.1
2023,2023-09-03,2023-09-13,Sangrur,5.97,1.7e-05,0.000185,8,0,10.122,10.769,27.916,26.809,67.336,79.83,0.0,0.0,0.0,0.0,4.932,5.379,6.76,0.0,0.0,0.0424,0.0,-0.222,5.323,5.6976,1.6454,True,59591.074,10,0.006572761816401559,nested_statewide_rain,0.1
2023,2023-09-13,2023-09-23,Sangrur,0.0,0.0,1.7e-05,9,0,64.465,44.415,10.122,10.769,27.916,26.809,64.752,32.777,52.559,13.788,0.0,4.932,2.357,0.656,41.537,0.0509,0.1235,-0.061,5.373,5.6654,1.4921,True,59591.074,10,0.004715007478207301,nested_statewide_rain,0.1
2023,2023-09-23,2023-09-30,Sangrur,0.0,0.0,0.0,10,0,11.732,2.874,55.931,36.489,15.052,11.925,12.518,7.957,12.518,5.434,64.096,0.656,40.175,12.518,12.518,-0.0509,0.0,-0.031,5.3842,5.4477,1.4681,True,59591.074,10,0.0009127347714428563,nested_statewide_rain,0.1
2023,2023-08-14,2023-08-24,Tarn Taran,5982.16,0.024919,0.016863,6,1,67.336,79.83,70.969,68.41,58.481,55.706,5.551,3.165,3.593,1.003,7.076,31.594,21.479,0.656,3.84,-0.0747,0.0,-0.199,5.4016,4.5998,1.8838,True,25215.729,8,0.9154826761162473,nested_statewide_rain,0.1
2023,2023-09-13,2023-09-23,Tarn Taran,2160.75,0.009001,0.010086,9,0,64.465,44.415,10.122,10.769,27.916,26.809,69.879,33.54,65.065,24.626,0.137,25.279,6.429,4.37,4.814,0.0509,0.1235,-0.061,5.373,5.6654,1.4921,True,25215.729,8,0.08064876484273212,nested_statewide_rain,0.1
2023,2023-09-23,2023-09-30,Tarn Taran,1495.94,0.006231,0.009001,10,0,11.732,2.874,55.931,36.489,15.052,11.925,26.123,20.311,26.123,10.262,65.509,4.391,52.944,26.123,26.123,-0.0509,0.0,-0.031,5.3842,5.4477,1.4681,True,25215.729,8,0.012283816553100268,nested_statewide_rain,0.1
2024,2024-07-25,2024-08-04,Amritsar,90.47,0.000339,0.001459,4,0,87.133,81.655,40.025,39.225,51.68,41.05,110.661,75.632,84.266,18.565,15.103,59.093,32.609,12.988,23.888,0.3169,0.2029,0.0,2.5743,1.6198,0.3167,True,24837.707000000002,7,0.24247410940282088,nested_district_rain,0.01
2024,2024-08-04,2024-08-14,Amritsar,88.27,0.000331,0.000339,5,0,77.234,73.082,87.133,81.655,40.025,39.225,58.594,36.945,45.553,10.543,110.661,15.103,94.12,2.395,7.236,0.4484,0.0,0.133,2.8414,2.4061,0.446,True,24837.707000000002,7,0.1795417740189338,nested_district_rain,0.01
2024,2024-08-14,2024-08-24,Amritsar,169.88,0.000637,0.000331,6,0,65.391,51.062,77.234,73.082,87.133,81.655,59.511,18.521,31.919,11.839,58.594,110.661,77.818,3.102,32.72,0.3338,0.4126,0.169,3.4428,3.4913,0.6055,True,24837.707000000002,7,0.15910326603771321,nested_district_rain,0.01
2024,2024-08-24,2024-09-03,Amritsar,140.31,0.000526,0.000637,7,0,56.268,43.447,65.391,51.062,77.234,73.082,77.8,49.027,74.511,17.833,59.511,58.594,66.859,1.072,17.656,0.0,0.0,0.0,3.75,3.764,0.645,True,24837.707000000002,7,0.1403556931389977,nested_district_rain,0.01
2024,2024-09-03,2024-09-13,Amritsar,120.87,0.000453,0.000526,8,0,49.359,44.045,56.268,43.447,65.391,51.062,28.973,13.74,26.061,12.322,77.8,59.511,76.495,26.061,27.622,0.1784,0.1357,-0.025,3.94,3.9856,0.6919,True,24837.707000000002,7,0.07971922943007703,nested_district_rain,0.01
2024,2024-09-13,2024-09-23,Amritsar,142.55,0.000534,0.000453,9,0,15.321,28.944,49.359,44.045,56.268,43.447,0.423,0.36,0.376,0.075,28.973,77.8,39.37,0.376,0.376,0.085,0.0,-0.087,4.1513,4.0776,0.6159,True,24837.707000000002,7,0.03843352807988927,nested_district_rain,0.01
2024,2024-09-23,2024-09-30,Amritsar,83.21,0.000312,0.000534,10,0,18.872,14.34,4.105,9.49,19.02,30.304,2.986,2.175,2.986,1.316,0.047,1.727,13.921,0.0,0.067,0.0,0.0,-0.022,4.1854,3.9812,0.5639,True,24837.707000000002,7,0.01980190998011677,nested_district_rain,0.01
2024,2024-07-25,2024-08-04,Barnala,0.0,0.0,8e-05,4,0,87.133,81.655,40.025,39.225,51.68,41.05,33.67,13.55,23.977,10.313,0.747,33.344,13.212,1.345,2.354,0.3169,0.2029,0.0,2.5743,1.6198,0.3167,True,15965.122,9,0.16136222004566617,nested_district_rain,0.01
2024,2024-08-04,2024-08-14,Barnala,3.74,2.5e-05,0.0,5,0,77.234,73.082,87.133,81.655,40.025,39.225,34.888,30.334,33.616,5.509,33.67,0.747,33.056,1.047,1.272,0.4484,0.0,0.133,2.8414,2.4061,0.446,True,15965.122,9,0.20354496263961624,nested_district_rain,0.01
2024,2024-08-14,2024-08-24,Barnala,0.74,5e-06,2.5e-05,6,0,65.391,51.062,77.234,73.082,87.133,81.655,23.117,10.188,12.88,5.754,34.888,33.67,42.568,1.934,12.918,0.3338,0.4126,0.169,3.4428,3.4913,0.6055,True,15965.122,9,0.18923746561464883,nested_district_rain,0.01
2024,2024-08-24,2024-09-03,Barnala,0.0,0.0,5e-06,7,0,56.268,43.447,65.391,51.062,77.234,73.082,68.229,21.035,57.683,20.2,23.117,34.888,29.979,1.313,42.455,0.0,0.0,0.0,3.75,3.764,0.645,True,15965.122,9,0.1429042146114637,nested_district_rain,0.01
2024,2024-09-03,2024-09-13,Barnala,0.0,0.0,0.0,8,0,49.359,44.045,56.268,43.447,65.391,51.062,29.428,9.085,17.454,8.53,68.229,23.117,51.599,15.176,18.732,0.1784,0.1357,-0.025,3.94,3.9856,0.6919,True,15965.122,9,0.0965752803570667,nested_district_rain,0.01
2024,2024-09-13,2024-09-23,Barnala,2.97,2e-05,0.0,9,0,15.321,28.944,49.359,44.045,56.268,43.447,8.657,6.682,8.63,1.574,29.428,68.229,36.205,8.63,8.63,0.085,0.0,-0.087,4.1513,4.0776,0.6159,True,15965.122,9,0.049573682748781406,nested_district_rain,0.01
2024,2024-09-23,2024-09-30,Barnala,0.0,0.0,2e-05,10,0,18.872,14.34,4.105,9.49,19.02,30.304,12.341,12.163,12.341,4.941,0.027,19.318,16.64,0.0,12.214,0.0,0.0,-0.022,4.1854,3.9812,0.5639,True,15965.122,9,0.024804859176116315,nested_district_rain,0.01
2024,2024-07-25,2024-08-04,Bathinda,26.88,8e-05,0.000148,4,0,87.133,81.655,40.025,39.225,51.68,41.05,29.111,9.88,24.609,9.104,0.243,39.165,10.674,0.639,0.799,0.3169,0.2029,0.0,2.5743,1.6198,0.3167,True,12181.766,5,0.0847589324068204,nested_district_rain,0.01
2024,2024-08-04,2024-08-14,Bathinda,3.75,1.1e-05,8e-05,5,0,77.234,73.082,87.133,81.655,40.025,39.225,6.035,4.048,5.34,1.522,29.111,0.243,28.65,0.119,0.568,0.4484,0.0,0.133,2.8414,2.4061,0.446,True,12181.766,5,0.09585602447324369,nested_district_rain,0.01
2024,2024-08-14,2024-08-24,Bathinda,0.75,2e-06,1.1e-05,6,0,65.391,51.062,77.234,73.082,87.133,81.655,17.021,6.901,7.549,4.599,6.035,29.111,15.313,1.114,8.192,0.3338,0.4126,0.169,3.4428,3.4913,0.6055,True,12181.766,5,0.10085858947006462,nested_district_rain,0.01
2024,2024-08-24,2024-09-03,Bathinda,0.0,0.0,2e-06,7,0,56.268,43.447,65.391,51.062,77.234,73.082,38.444,13.193,29.966,10.551,17.021,6.035,17.341,0.72,24.17,0.0,0.0,0.0,3.75,3.764,0.645,True,12181.766,5,0.07262961728992469,nested_district_rain,0.01
2024,2024-09-03,2024-09-13,Bathinda,0.0,0.0,0.0,8,0,49.359,44.045,56.268,43.447,65.391,51.062,15.648,9.219,9.996,5.082,38.444,17.021,29.558,9.996,10.619,0.1784,0.1357,-0.025,3.94,3.9856,0.6919,True,12181.766,5,0.04974552905094475,nested_district_rain,0.01
2024,2024-09-13,2024-09-23,Bathinda,0.0,0.0,0.0,9,0,15.321,28.944,49.359,44.045,56.268,43.447,2.456,1.329,1.649,0.815,15.648,38.444,19.464,0.807,0.807,0.085,0.0,-0.087,4.1513,4.0776,0.6159,True,12181.766,5,0.02553591736265233,nested_district_rain,0.01
2024,2024-09-23,2024-09-30,Bathinda,0.0,0.0,0.0,10,0,18.872,14.34,4.105,9.49,19.02,30.304,1.379,1.379,1.379,0.552,1.649,5.636,8.478,0.0,1.379,0.0,0.0,-0.022,4.1854,3.9812,0.5639,True,12181.766,5,0.011617388230396632,nested_district_rain,0.01
2024,2024-07-25,2024-08-04,Faridkot,0.0,0.0,0.000468,4,0,87.133,81.655,40.025,39.225,51.68,41.05,36.728,25.247,34.887,8.709,0.425,39.774,9.714,0.018,0.268,0.3169,0.2029,0.0,2.5743,1.6198,0.3167,True,10916.982999999998,5,0.09843790591420777,nested_district_rain,0.01
2024,2024-08-04,2024-08-14,Faridkot,0.0,0.0,0.0,5,0,77.234,73.082,87.133,81.655,40.025,39.225,9.968,5.141,5.678,4.375,36.728,0.425,35.632,0.0,4.29,0.4484,0.0,0.133,2.8414,2.4061,0.446,True,10916.982999999998,5,0.09547722186924171,nested_district_rain,0.01
2024,2024-08-14,2024-08-24,Faridkot,0.0,0.0,0.0,6,0,65.391,51.062,77.234,73.082,87.133,81.655,36.209,17.597,18.273,9.801,9.968,36.728,20.12,17.597,19.945,0.3338,0.4126,0.169,3.4428,3.4913,0.6055,True,10916.982999999998,5,0.10918827225773248,nested_district_rain,0.01
2024,2024-08-24,2024-09-03,Faridkot,0.0,0.0,0.0,7,0,56.268,43.447,65.391,51.062,77.234,73.082,21.833,10.54,19.824,7.148,36.209,9.968,30.526,0.55,12.549,0.0,0.0,0.0,3.75,3.764,0.645,True,10916.982999999998,5,0.06778664613447843,nested_district_rain,0.01
2024,2024-09-03,2024-09-13,Faridkot,0.0,0.0,0.0,8,0,49.359,44.045,56.268,43.447,65.391,51.062,39.642,36.527,36.804,5.967,21.833,36.209,24.455,36.626,37.07,0.1784,0.1357,-0.025,3.94,3.9856,0.6919,True,10916.982999999998,5,0.058640141165610615,nested_district_rain,0.01
2024,2024-09-13,2024-09-23,Faridkot,1.48,1e-05,0.0,9,0,15.321,28.944,49.359,44.045,56.268,43.447,4.135,2.781,4.135,1.497,39.642,21.833,26.85,0.0,0.0,0.085,0.0,-0.087,4.1513,4.0776,0.6159,True,10916.982999999998,5,0.025806782305337214,nested_district_rain,0.01
2024,2024-09-23,2024-09-30,Faridkot,2.22,1.5e-05,1e-05,10,0,18.872,14.34,4.105,9.49,19.02,30.304,0.0,0.0,0.0,0.0,4.135,2.572,12.486,0.0,0.0,0.0,0.0,-0.022,4.1854,3.9812,0.5639,True,10916.982999999998,5,0.011625841128527136,nested_district_rain,0.01
2024,2024-07-25,2024-08-04,Fatehgarh Sahib,0.0,0.0,0.000239,4,0,87.133,81.655,40.025,39.225,51.68,41.05,52.65,23.732,27.413,15.735,15.926,17.317,14.854,22.661,23.341,0.3169,0.2029,0.0,2.5743,1.6198,0.3167,True,17946.844,9,0.1847392421979002,nested_district_rain,0.01
2024,2024-08-04,2024-08-14,Fatehgarh Sahib,0.0,0.0,0.0,5,0,77.234,73.082,87.133,81.655,40.025,39.225,73.03,40.333,64.918,19.065,52.65,15.926,39.651,0.225,6.029,0.4484,0.0,0.133,2.8414,2.4061,0.446,True,17946.844,9,0.21776438037647777,nested_district_rain,0.01
2024,2024-08-14,2024-08-24,Fatehgarh Sahib,0.0,0.0,0.0,6,0,65.391,51.062,77.234,73.082,87.133,81.655,20.942,5.145,9.483,4.085,73.03,52.65,74.665,9.483,11.432,0.3338,0.4126,0.169,3.4428,3.4913,0.6055,True,17946.844,9,0.1802819476537141,nested_district_rain,0.01
2024,2024-08-24,2024-09-03,Fatehgarh Sahib,0.0,0.0,0.0,7,0,56.268,43.447,65.391,51.062,77.234,73.082,73.768,31.149,67.845,19.695,20.942,73.03,39.177,1.746,51.317,0.0,0.0,0.0,3.75,3.764,0.645,True,17946.844,9,0.1448551431455389,nested_district_rain,0.01
2024,2024-09-03,2024-09-13,Fatehgarh Sahib,74.1,0.000646,0.0,8,0,49.359,44.045,56.268,43.447,65.391,51.062,63.961,21.773,33.339,13.851,73.768,20.942,56.994,33.339,43.47,0.1784,0.1357,-0.025,3.94,3.9856,0.6919,True,17946.844,9,0.11362892570601782,nested_district_rain,0.01
2024,2024-09-13,2024-09-23,Fatehgarh Sahib,0.0,0.0,0.000646,9,0,15.321,28.944,49.359,44.045,56.268,43.447,20.551,14.316,17.492,3.961,63.961,73.768,57.708,16.863,19.673,0.085,0.0,-0.087,4.1513,4.0776,0.6159,True,17946.844,9,0.06011953019623516,nested_district_rain,0.01
2024,2024-09-23,2024-09-30,Fatehgarh Sahib,0.0,0.0,0.0,10,0,18.872,14.34,4.105,9.49,19.02,30.304,46.616,26.403,46.616,17.374,3.688,36.02,30.105,0.0,37.758,0.0,0.0,-0.022,4.1854,3.9812,0.5639,True,17946.844,9,0.028271979887263737,nested_district_rain,0.01
2024,2024-07-25,2024-08-04,Firozpur,280.64,0.000537,0.001271,4,0,87.133,81.655,40.025,39.225,51.68,41.05,52.943,38.143,49.239,11.106,7.432,40.85,16.496,1.389,2.904,0.3169,0.2029,0.0,2.5743,1.6198,0.3167,True,70338.516,8,0.22925870522547234,nested_district_rain,0.01
2024,2024-08-04,2024-08-14,Firozpur,315.94,0.000605,0.000537,5,0,77.234,73.082,87.133,81.655,40.025,39.225,13.237,4.963,5.599,4.127,52.943,7.432,51.59,2.148,7.111,0.4484,0.0,0.133,2.8414,2.4061,0.446,True,70338.516,8,0.19612734427146955,nested_district_rain,0.01
2024,2024-08-14,2024-08-24,Firozpur,379.71,0.000727,0.000605,6,0,65.391,51.062,77.234,73.082,87.133,81.655,29.124,5.983,10.523,4.853,13.237,52.943,27.286,7.286,14.32,0.3338,0.4126,0.169,3.4428,3.4913,0.6055,True,70338.516,8,0.2068263697444851,nested_district_rain,0.01
2024,2024-08-24,2024-09-03,Firozpur,311.79,0.000597,0.000727,7,0,56.268,43.447,65.391,51.062,77.234,73.082,27.851,8.513,19.274,7.698,29.124,13.237,28.816,0.148,10.927,0.0,0.0,0.0,3.75,3.764,0.645,True,70338.516,8,0.15054095197687203,nested_district_rain,0.01
2024,2024-09-03,2024-09-13,Firozpur,213.47,0.000409,0.000597,8,0,49.359,44.045,56.268,43.447,65.391,51.062,30.673,28.27,29.796,4.178,27.851,29.124,28.948,29.796,30.193,0.1784,0.1357,-0.025,3.94,3.9856,0.6919,True,70338.516,8,0.12117599281972319,nested_district_rain,0.01
2024,2024-09-13,2024-09-23,Firozpur,252.51,0.000484,0.000409,9,0,15.321,28.944,49.359,44.045,56.268,43.447,4.273,3.315,4.011,0.931,30.673,27.851,23.503,0.262,0.262,0.085,0.0,-0.087,4.1513,4.0776,0.6159,True,70338.516,8,0.05577781079816098,nested_district_rain,0.01
2024,2024-09-23,2024-09-30,Firozpur,161.98,0.00031,0.000484,10,0,18.872,14.34,4.105,9.49,19.02,30.304,0.683,0.331,0.683,0.316,4.011,0.742,11.283,0.0,0.046,0.0,0.0,-0.022,4.1854,3.9812,0.5639,True,70338.516,8,0.026010348507476327,nested_district_rain,0.01
2024,2024-07-25,2024-08-04,Gurdaspur,154.95,0.000427,0.000992,4,0,87.133,81.655,40.025,39.225,51.68,41.05,104.999,48.734,58.616,17.633,69.082,48.675,65.594,15.722,40.003,0.3169,0.2029,0.0,2.5743,1.6198,0.3167,True,21547.038,5,0.15059412872527458,nested_district_rain,0.01
2024,2024-08-04,2024-08-14,Gurdaspur,59.82,0.000165,0.000427,5,0,77.234,73.082,87.133,81.655,40.025,39.225,115.333,55.051,65.417,23.226,104.999,69.082,95.491,14.766,40.428,0.4484,0.0,0.133,2.8414,2.4061,0.446,True,21547.038,5,0.15632779514244877,nested_district_rain,0.01
2024,2024-08-14,2024-08-24,Gurdaspur,631.17,0.001739,0.000165,6,0,65.391,51.062,77.234,73.082,87.133,81.655,80.827,19.619,43.522,16.934,115.333,104.999,113.726,25.782,36.46,0.3338,0.4126,0.169,3.4428,3.4913,0.6055,True,21547.038,5,0.11904450736909857,nested_district_rain,0.01
2024,2024-08-24,2024-09-03,Gurdaspur,194.95,0.000537,0.001739,7,0,56.268,43.447,65.391,51.062,77.234,73.082,41.374,18.845,24.152,11.038,80.827,115.333,89.036,3.117,23.914,0.0,0.0,0.0,3.75,3.764,0.645,True,21547.038,5,0.09748188119324136,nested_district_rain,0.01
2024,2024-09-03,2024-09-13,Gurdaspur,159.86,0.00044,0.000537,8,0,49.359,44.045,56.268,43.447,65.391,51.062,30.724,10.766,12.709,9.731,41.374,80.827,57.005,12.709,18.489,0.1784,0.1357,-0.025,3.94,3.9856,0.6919,True,21547.038,5,0.057084164348627744,nested_district_rain,0.01
2024,2024-09-13,2024-09-23,Gurdaspur,176.36,0.000486,0.00044,9,0,15.321,28.944,49.359,44.045,56.268,43.447,2.787,1.711,2.429,0.815,30.724,41.374,38.883,2.429,2.432,0.085,0.0,-0.087,4.1513,4.0776,0.6159,True,21547.038,5,0.029614839085904628,nested_district_rain,0.01
2024,2024-09-23,2024-09-30,Gurdaspur,39.69,0.000109,0.000486,10,0,18.872,14.34,4.105,9.49,19.02,30.304,8.885,5.155,8.761,3.663,0.358,14.351,14.822,0.0,6.092,0.0,0.0,-0.022,4.1854,3.9812,0.5639,True,21547.038,5,0.013885562708274395,nested_district_rain,0.01
2024,2024-07-25,2024-08-04,Hoshiarpur,41.91,0.000124,0.000203,4,0,87.133,81.655,40.025,39.225,51.68,41.05,84.467,26.135,44.051,17.416,74.8,36.884,57.849,9.559,52.141,0.3169,0.2029,0.0,2.5743,1.6198,0.3167,True,6224.450999999999,2,0.06518483430224674,nested_district_rain,0.01
2024,2024-08-04,2024-08-14,Hoshiarpur,33.23,9.8e-05,0.000124,5,0,77.234,73.082,87.133,81.655,40.025,39.225,143.916,60.096,97.116,35.595,84.467,74.8,74.647,23.056,39.156,0.4484,0.0,0.133,2.8414,2.4061,0.446,True,6224.450999999999,2,0.09341469194382697,nested_district_rain,0.01
2024,2024-08-14,2024-08-24,Hoshiarpur,58.49,0.000173,9.8e-05,6,0,65.391,51.062,77.234,73.082,87.133,81.655,65.721,20.425,36.689,11.241,143.916,84.467,132.761,16.931,43.499,0.3338,0.4126,0.169,3.4428,3.4913,0.6055,True,6224.450999999999,2,0.07068828505885524,nested_district_rain,0.01
2024,2024-08-24,2024-09-03,Hoshiarpur,47.68,0.000141,0.000173,7,0,56.268,43.447,65.391,51.062,77.234,73.082,48.713,12.473,26.106,11.067,65.721,143.916,84.203,8.425,20.28,0.0,0.0,0.0,3.75,3.764,0.645,True,6224.450999999999,2,0.03884454429900093,nested_district_rain,0.01
2024,2024-09-03,2024-09-13,Hoshiarpur,46.26,0.000137,0.000141,8,0,49.359,44.045,56.268,43.447,65.391,51.062,53.766,18.67,30.684,10.448,48.713,65.721,60.186,14.433,35.231,0.1784,0.1357,-0.025,3.94,3.9856,0.6919,True,6224.450999999999,2,0.034538827066753756,nested_district_rain,0.01
2024,2024-09-13,2024-09-23,Hoshiarpur,59.23,0.000175,0.000137,9,0,15.321,28.944,49.359,44.045,56.268,43.447,6.678,4.926,6.621,1.538,53.766,48.713,52.592,6.621,6.621,0.085,0.0,-0.087,4.1513,4.0776,0.6159,True,6224.450999999999,2,0.015938767129412678,nested_district_rain,0.01
2024,2024-09-23,2024-09-30,Hoshiarpur,36.12,0.000107,0.000175,10,0,18.872,14.34,4.105,9.49,19.02,30.304,38.497,28.529,38.492,16.59,0.057,18.687,21.209,0.0,29.862,0.0,0.0,-0.022,4.1854,3.9812,0.5639,True,6224.450999999999,2,0.008904133403412257,nested_district_rain,0.01
2024,2024-07-25,2024-08-04,Jalandhar,166.75,0.000638,0.000705,4,0,87.133,81.655,40.025,39.225,51.68,41.05,51.978,9.909,22.311,9.195,15.721,25.96,22.116,10.737,29.762,0.3169,0.2029,0.0,2.5743,1.6198,0.3167,True,22425.392,7,0.14704724041063977,nested_district_rain,0.01
2024,2024-08-04,2024-08-14,Jalandhar,94.78,0.000363,0.000638,5,0,77.234,73.082,87.133,81.655,40.025,39.225,47.346,22.246,34.592,11.303,51.978,15.721,41.675,9.294,12.227,0.4484,0.0,0.133,2.8414,2.4061,0.446,True,22425.392,7,0.16995090257738815,nested_district_rain,0.01
2024,2024-08-14,2024-08-24,Jalandhar,125.6,0.000481,0.000363,6,0,65.391,51.062,77.234,73.082,87.133,81.655,46.462,10.264,19.105,9.042,47.346,51.978,50.759,17.022,27.243,0.3338,0.4126,0.169,3.4428,3.4913,0.6055,True,22425.392,7,0.1594062609127451,nested_district_rain,0.01
2024,2024-08-24,2024-09-03,Jalandhar,144.0,0.000551,0.000481,7,0,56.268,43.447,65.391,51.062,77.234,73.082,66.861,24.381,58.744,20.614,46.462,47.346,44.48,3.295,22.109,0.0,0.0,0.0,3.75,3.764,0.645,True,22425.392,7,0.1168158589064454,nested_district_rain,0.01
2024,2024-09-03,2024-09-13,Jalandhar,119.02,0.000455,0.000551,8,0,49.359,44.045,56.268,43.447,65.391,51.062,28.554,14.747,22.409,7.896,66.861,46.462,58.617,16.184,26.086,0.1784,0.1357,-0.025,3.94,3.9856,0.6919,True,22425.392,7,0.0808307811098569,nested_district_rain,0.01
2024,2024-09-13,2024-09-23,Jalandhar,44.05,0.000169,0.000455,9,0,15.321,28.944,49.359,44.045,56.268,43.447,2.898,2.454,2.586,0.464,28.554,66.861,34.706,2.586,2.586,0.085,0.0,-0.087,4.1513,4.0776,0.6159,True,22425.392,7,0.039209017687422576,nested_district_rain,0.01
2024,2024-09-23,2024-09-30,Jalandhar,24.98,9.6e-05,0.000169,10,0,18.872,14.34,4.105,9.49,19.02,30.304,4.56,1.57,3.326,1.368,0.312,4.209,13.428,0.0,1.892,0.0,0.0,-0.022,4.1854,3.9812,0.5639,True,22425.392,7,0.01796316270065229,nested_district_rain,0.01
2024,2024-07-25,2024-08-04,Kapurthala,140.65,0.000844,0.001155,4,0,87.133,81.655,40.025,39.225,51.68,41.05,88.624,25.869,46.987,21.162,19.039,45.389,31.475,13.002,59.51,0.3169,0.2029,0.0,2.5743,1.6198,0.3167,True,31971.273999999998,8,0.21385706137249438,nested_district_rain,0.01
2024,2024-08-04,2024-08-14,Kapurthala,82.47,0.000495,0.000844,5,0,77.234,73.082,87.133,81.655,40.025,39.225,51.27,19.236,36.005,15.12,88.624,19.039,67.77,12.621,14.724,0.4484,0.0,0.133,2.8414,2.4061,0.446,True,31971.273999999998,8,0.20470576510830324,nested_district_rain,0.01
2024,2024-08-14,2024-08-24,Kapurthala,161.95,0.000972,0.000495,6,0,65.391,51.062,77.234,73.082,87.133,81.655,58.443,12.967,28.116,12.492,51.27,88.624,61.329,28.116,38.357,0.3338,0.4126,0.169,3.4428,3.4913,0.6055,True,31971.273999999998,8,0.19071877793057024,nested_district_rain,0.01
2024,2024-08-24,2024-09-03,Kapurthala,121.1,0.000727,0.000972,7,0,56.268,43.447,65.391,51.062,77.234,73.082,66.53,22.913,56.501,19.493,58.443,51.27,53.143,5.804,24.458,0.0,0.0,0.0,3.75,3.764,0.645,True,31971.273999999998,8,0.15195092023765672,nested_district_rain,0.01
2024,2024-09-03,2024-09-13,Kapurthala,110.87,0.000665,0.000727,8,0,49.359,44.045,56.268,43.447,65.391,51.062,28.106,13.703,24.511,10.489,66.53,58.443,61.135,17.023,27.655,0.1784,0.1357,-0.025,3.94,3.9856,0.6919,True,31971.273999999998,8,0.09796565389088109,nested_district_rain,0.01
2024,2024-09-13,2024-09-23,Kapurthala,122.53,0.000735,0.000665,9,0,15.321,28.944,49.359,44.045,56.268,43.447,5.109,4.429,4.613,0.885,28.106,66.53,34.627,4.613,4.613,0.085,0.0,-0.087,4.1513,4.0776,0.6159,True,31971.273999999998,8,0.05064297093291461,nested_district_rain,0.01
2024,2024-09-23,2024-09-30,Kapurthala,82.43,0.000495,0.000735,10,0,18.872,14.34,4.105,9.49,19.02,30.304,3.635,1.414,3.496,1.361,0.496,5.028,14.378,0.0,0.895,0.0,0.0,-0.022,4.1854,3.9812,0.5639,True,31971.273999999998,8,0.024841989751644082,nested_district_rain,0.01
2024,2024-07-25,2024-08-04,Ludhiana,154.31,0.000429,0.00074,4,0,87.133,81.655,40.025,39.225,51.68,41.05,32.28,9.798,14.887,8.252,9.966,12.235,15.476,13.728,14.455,0.3169,0.2029,0.0,2.5743,1.6198,0.3167,True,42390.949,7,0.15129785244480082,nested_district_rain,0.01
2024,2024-08-04,2024-08-14,Ludhiana,55.12,0.000153,0.000429,5,0,77.234,73.082,87.133,81.655,40.025,39.225,62.599,49.94,56.716,10.326,32.28,9.966,26.505,3.702,4.96,0.4484,0.0,0.133,2.8414,2.4061,0.446,True,42390.949,7,0.20066397549416734,nested_district_rain,0.01
2024,2024-08-14,2024-08-24,Ludhiana,125.65,0.000349,0.000153,6,0,65.391,51.062,77.234,73.082,87.133,81.655,27.956,15.04,19.015,5.081,62.599,32.28,62.318,4.659,6.832,0.3338,0.4126,0.169,3.4428,3.4913,0.6055,True,42390.949,7,0.16200782034761113,nested_district_rain,0.01
2024,2024-08-24,2024-09-03,Ludhiana,136.67,0.00038,0.000349,7,0,56.268,43.447,65.391,51.062,77.234,73.082,80.309,33.811,67.444,18.932,27.956,62.599,40.787,5.428,39.061,0.0,0.0,0.0,3.75,3.764,0.645,True,42390.949,7,0.1299257479789026,nested_district_rain,0.01
2024,2024-09-03,2024-09-13,Ludhiana,121.27,0.000337,0.00038,8,0,49.359,44.045,56.268,43.447,65.391,51.062,56.161,20.363,27.282,13.105,80.309,27.956,62.898,24.478,39.286,0.1784,0.1357,-0.025,3.94,3.9856,0.6919,True,42390.949,7,0.09407054138898625,nested_district_rain,0.01
2024,2024-09-13,2024-09-23,Ludhiana,55.14,0.000153,0.000337,9,0,15.321,28.944,49.359,44.045,56.268,43.447,4.113,3.116,3.962,0.938,56.161,80.309,55.984,3.962,3.962,0.085,0.0,-0.087,4.1513,4.0776,0.6159,True,42390.949,7,0.03976171166302403,nested_district_rain,0.01
2024,2024-09-23,2024-09-30,Ludhiana,63.91,0.000178,0.000153,10,0,18.872,14.34,4.105,9.49,19.02,30.304,10.129,5.013,9.827,4.366,0.151,20.837,21.49,0.0,4.814,0.0,0.0,-0.022,4.1854,3.9812,0.5639,True,42390.949,7,0.01931955799436457,nested_district_rain,0.01
2024,2024-07-25,2024-08-04,Mansa,0.0,0.0,0.000143,4,0,87.133,81.655,40.025,39.225,51.68,41.05,16.006,8.834,13.279,4.206,0.273,32.632,13.61,1.14,1.201,0.3169,0.2029,0.0,2.5743,1.6198,0.3167,True,10388.436,5,0.0834599955277657,nested_district_rain,0.01
2024,2024-08-04,2024-08-14,Mansa,0.0,0.0,0.0,5,0,77.234,73.082,87.133,81.655,40.025,39.225,20.454,12.74,15.057,5.962,16.006,0.273,17.867,0.068,0.153,0.4484,0.0,0.133,2.8414,2.4061,0.446,True,10388.436,5,0.1005950325031607,nested_district_rain,0.01
2024,2024-08-14,2024-08-24,Mansa,16.49,7.4e-05,0.0,6,0,65.391,51.062,77.234,73.082,87.133,81.655,24.997,9.435,12.987,5.465,20.454,16.006,23.406,3.566,13.057,0.3338,0.4126,0.169,3.4428,3.4913,0.6055,True,10388.436,5,0.10511474483271077,nested_district_rain,0.01
2024,2024-08-24,2024-09-03,Mansa,6.76,3e-05,7.4e-05,7,0,56.268,43.447,65.391,51.062,77.234,73.082,42.613,13.144,29.692,13.081,24.997,20.454,25.196,0.18,25.408,0.0,0.0,0.0,3.75,3.764,0.645,True,10388.436,5,0.07245409586308656,nested_district_rain,0.01
2024,2024-09-03,2024-09-13,Mansa,5.25,2.4e-05,3e-05,8,0,49.359,44.045,56.268,43.447,65.391,51.062,10.786,5.017,5.097,3.69,42.613,24.997,35.371,5.097,5.273,0.1784,0.1357,-0.025,3.94,3.9856,0.6919,True,10388.436,5,0.0478738064642018,nested_district_rain,0.01
2024,2024-09-13,2024-09-23,Mansa,1.5,7e-06,2.4e-05,9,0,15.321,28.944,49.359,44.045,56.268,43.447,7.402,4.697,4.725,2.61,10.786,42.613,19.117,2.677,2.677,0.085,0.0,-0.087,4.1513,4.0776,0.6159,True,10388.436,5,0.02628969950558998,nested_district_rain,0.01
2024,2024-09-23,2024-09-30,Mansa,0.0,0.0,7e-06,10,0,18.872,14.34,4.105,9.49,19.02,30.304,0.077,0.049,0.077,0.036,4.725,6.224,11.632,0.0,0.028,0.0,0.0,-0.022,4.1854,3.9812,0.5639,True,10388.436,5,0.011473177033841857,nested_district_rain,0.01
2024,2024-07-25,2024-08-04,Moga,32.32,0.000137,0.000645,4,0,87.133,81.655,40.025,39.225,51.68,41.05,65.496,15.415,29.982,10.422,9.929,44.605,22.179,13.761,25.208,0.3169,0.2029,0.0,2.5743,1.6198,0.3167,True,43836.744,8,0.183641812914293,nested_district_rain,0.01
2024,2024-08-04,2024-08-14,Moga,8.81,3.7e-05,0.000137,5,0,77.234,73.082,87.133,81.655,40.025,39.225,28.252,11.317,15.666,6.407,65.496,9.929,53.245,8.629,12.586,0.4484,0.0,0.133,2.8414,2.4061,0.446,True,43836.744,8,0.17572217035422727,nested_district_rain,0.01
2024,2024-08-14,2024-08-24,Moga,13.21,5.6e-05,3.7e-05,6,0,65.391,51.062,77.234,73.082,87.133,81.655,37.325,10.142,20.101,8.435,28.252,65.496,38.787,20.101,23.707,0.3338,0.4126,0.169,3.4428,3.4913,0.6055,True,43836.744,8,0.17409882371877078,nested_district_rain,0.01
2024,2024-08-24,2024-09-03,Moga,18.35,7.8e-05,5.6e-05,7,0,56.268,43.447,65.391,51.062,77.234,73.082,71.778,25.224,64.698,21.0,37.325,28.252,33.924,1.597,27.609,0.0,0.0,0.0,3.75,3.764,0.645,True,43836.744,8,0.13718751776055976,nested_district_rain,0.01
2024,2024-09-03,2024-09-13,Moga,23.49,0.0001,7.8e-05,8,0,49.359,44.045,56.268,43.447,65.391,51.062,21.253,12.341,17.818,5.291,71.778,37.325,57.895,14.384,19.697,0.1784,0.1357,-0.025,3.94,3.9856,0.6919,True,43836.744,8,0.08898499830176264,nested_district_rain,0.01
2024,2024-09-13,2024-09-23,Moga,0.0,0.0,0.0001,9,0,15.321,28.944,49.359,44.045,56.268,43.447,5.196,3.143,4.049,0.963,21.253,71.778,30.631,4.049,4.049,0.085,0.0,-0.087,4.1513,4.0776,0.6159,True,43836.744,8,0.04565838646511757,nested_district_rain,0.01
2024,2024-09-23,2024-09-30,Moga,0.0,0.0,0.0,10,0,18.872,14.34,4.105,9.49,19.02,30.304,2.895,1.891,2.762,1.279,1.147,5.605,13.308,0.0,2.024,0.0,0.0,-0.022,4.1854,3.9812,0.5639,True,43836.744,8,0.02166646790850198,nested_district_rain,0.01
2024,2024-07-25,2024-08-04,Muktsar,4.48,1.7e-05,0.000689,4,0,87.133,81.655,40.025,39.225,51.68,41.05,47.424,39.568,45.142,7.928,0.627,52.005,10.37,0.362,0.362,0.3169,0.2029,0.0,2.5743,1.6198,0.3167,True,12743.922999999999,7,0.1497356151601369,nested_district_rain,0.01
2024,2024-08-04,2024-08-14,Muktsar,19.34,7.4e-05,1.7e-05,5,0,77.234,73.082,87.133,81.655,40.025,39.225,3.273,2.429,2.442,0.883,47.424,0.627,45.433,0.103,2.532,0.4484,0.0,0.133,2.8414,2.4061,0.446,True,12743.922999999999,7,0.1274314909935659,nested_district_rain,0.01
2024,2024-08-14,2024-08-24,Muktsar,26.84,0.000103,7.4e-05,6,0,65.391,51.062,77.234,73.082,87.133,81.655,32.84,11.95,22.55,10.723,3.273,47.424,17.983,6.586,8.137,0.3338,0.4126,0.169,3.4428,3.4913,0.6055,True,12743.922999999999,7,0.1418756802978605,nested_district_rain,0.01
2024,2024-08-24,2024-09-03,Muktsar,8.23,3.1e-05,0.000103,7,0,56.268,43.447,65.391,51.062,77.234,73.082,28.034,8.387,14.895,8.166,32.84,3.273,32.709,0.068,13.139,0.0,0.0,0.0,3.75,3.764,0.645,True,12743.922999999999,7,0.09919357459450372,nested_district_rain,0.01
2024,2024-09-03,2024-09-13,Muktsar,2.25,9e-06,3.1e-05,8,0,49.359,44.045,56.268,43.447,65.391,51.062,41.933,39.734,41.24,5.329,28.034,32.84,30.078,41.24,41.24,0.1784,0.1357,-0.025,3.94,3.9856,0.6919,True,12743.922999999999,7,0.08379298140797693,nested_district_rain,0.01
2024,2024-09-13,2024-09-23,Muktsar,3.0,1.1e-05,9e-06,9,0,15.321,28.944,49.359,44.045,56.268,43.447,5.664,5.199,5.664,0.938,41.933,28.034,28.799,0.0,0.0,0.085,0.0,-0.087,4.1513,4.0776,0.6159,True,12743.922999999999,7,0.03634780772862068,nested_district_rain,0.01
2024,2024-09-23,2024-09-30,Muktsar,2.25,9e-06,1.1e-05,10,0,18.872,14.34,4.105,9.49,19.02,30.304,0.11,0.096,0.11,0.047,5.664,0.693,14.208,0.0,0.0,0.0,0.0,-0.022,4.1854,3.9812,0.5639,True,12743.922999999999,7,0.01646466080943575,nested_district_rain,0.01
2024,2024-07-25,2024-08-04,Nawanshahr,139.58,0.00107,0.00143,4,0,87.133,81.655,40.025,39.225,51.68,41.05,,,,,,,,,,0.3169,0.2029,0.0,2.5743,1.6198,0.3167,True,9211.48,8,0.17698647223104497,nested_district_rain,0.01
2024,2024-08-04,2024-08-14,Nawanshahr,0.0,0.0,0.00107,5,0,77.234,73.082,87.133,81.655,40.025,39.225,,,,,,,,,,0.4484,0.0,0.133,2.8414,2.4061,0.446,True,9211.48,8,0.18806767858684015,nested_district_rain,0.01
2024,2024-08-14,2024-08-24,Nawanshahr,103.58,0.000794,0.0,6,0,65.391,51.062,77.234,73.082,87.133,81.655,,,,,,,,,,0.3338,0.4126,0.169,3.4428,3.4913,0.6055,True,9211.48,8,0.16215360716554955,nested_district_rain,0.01
2024,2024-08-24,2024-09-03,Nawanshahr,151.33,0.00116,0.000794,7,0,56.268,43.447,65.391,51.062,77.234,73.082,,,,,,,,,,0.0,0.0,0.0,3.75,3.764,0.645,True,9211.48,8,0.12817818842608936,nested_district_rain,0.01
2024,2024-09-03,2024-09-13,Nawanshahr,151.33,0.00116,0.00116,8,0,49.359,44.045,56.268,43.447,65.391,51.062,,,,,,,,,,0.1784,0.1357,-0.025,3.94,3.9856,0.6919,True,9211.48,8,0.10647030988339463,nested_district_rain,0.01
2024,2024-09-13,2024-09-23,Nawanshahr,88.89,0.000681,0.00116,9,0,15.321,28.944,49.359,44.045,56.268,43.447,,,,,,,,,,0.085,0.0,-0.087,4.1513,4.0776,0.6159,True,9211.48,8,0.06180058606193465,nested_district_rain,0.01
2024,2024-09-23,2024-09-30,Nawanshahr,106.52,0.000816,0.000681,10,0,18.872,14.34,4.105,9.49,19.02,30.304,,,,,,,,,,0.0,0.0,-0.022,4.1854,3.9812,0.5639,True,9211.48,8,0.024103459603168582,nested_district_rain,0.01
2024,2024-07-25,2024-08-04,Patiala,53.64,0.000161,0.004876,4,0,87.133,81.655,40.025,39.225,51.68,41.05,68.649,39.262,43.929,15.489,36.514,20.249,26.855,19.339,21.028,0.3169,0.2029,0.0,2.5743,1.6198,0.3167,True,57189.748999999996,8,0.4194374400751982,nested_district_rain,0.01
2024,2024-08-04,2024-08-14,Patiala,0.0,0.0,0.000161,5,0,77.234,73.082,87.133,81.655,40.025,39.225,91.097,40.883,86.814,29.781,68.649,36.514,58.107,0.035,2.929,0.4484,0.0,0.133,2.8414,2.4061,0.446,True,57189.748999999996,8,0.21663265102558077,nested_district_rain,0.01
2024,2024-08-14,2024-08-24,Patiala,90.26,0.00027,0.0,6,0,65.391,51.062,77.234,73.082,87.133,81.655,36.062,8.28,16.853,8.131,91.097,68.649,94.79,12.386,15.97,0.3338,0.4126,0.169,3.4428,3.4913,0.6055,True,57189.748999999996,8,0.17998876356174287,nested_district_rain,0.01
2024,2024-08-24,2024-09-03,Patiala,12.72,3.8e-05,0.00027,7,0,56.268,43.447,65.391,51.062,77.234,73.082,66.376,22.589,59.509,22.162,36.062,91.097,58.028,1.397,38.792,0.0,0.0,0.0,3.75,3.764,0.645,True,57189.748999999996,8,0.13725448505943158,nested_district_rain,0.01
2024,2024-09-03,2024-09-13,Patiala,739.58,0.002214,3.8e-05,8,0,49.359,44.045,56.268,43.447,65.391,51.062,65.918,34.384,48.637,16.261,66.376,36.062,60.3,48.637,51.753,0.1784,0.1357,-0.025,3.94,3.9856,0.6919,True,57189.748999999996,8,0.11454963674012789,nested_district_rain,0.01
2024,2024-09-13,2024-09-23,Patiala,16.42,4.9e-05,0.002214,9,0,15.321,28.944,49.359,44.045,56.268,43.447,22.507,7.952,17.761,7.327,65.918,66.376,54.868,17.761,21.239,0.085,0.0,-0.087,4.1513,4.0776,0.6159,True,57189.748999999996,8,0.07949035822409078,nested_district_rain,0.01
2024,2024-09-23,2024-09-30,Patiala,4.47,1.3e-05,4.9e-05,10,0,18.872,14.34,4.105,9.49,19.02,30.304,31.33,11.611,31.33,11.562,4.746,23.146,29.593,0.0,23.14,0.0,0.0,-0.022,4.1854,3.9812,0.5639,True,57189.748999999996,8,0.02530065231207327,nested_district_rain,0.01
2024,2024-07-25,2024-08-04,Rupnagar,3.67,2.6e-05,5.3e-05,4,0,87.133,81.655,40.025,39.225,51.68,41.05,71.47,21.939,37.514,14.504,26.108,22.486,25.163,37.514,53.208,0.3169,0.2029,0.0,2.5743,1.6198,0.3167,True,2572.7470000000003,2,0.061483410964989375,nested_district_rain,0.01
2024,2024-08-04,2024-08-14,Rupnagar,0.0,0.0,2.6e-05,5,0,77.234,73.082,87.133,81.655,40.025,39.225,139.764,57.873,117.926,51.113,71.47,26.108,48.109,9.567,15.418,0.4484,0.0,0.133,2.8414,2.4061,0.446,True,2572.7470000000003,2,0.08872392446808638,nested_district_rain,0.01
2024,2024-08-14,2024-08-24,Rupnagar,6.59,4.7e-05,0.0,6,0,65.391,51.062,77.234,73.082,87.133,81.655,74.743,18.992,44.036,17.378,139.764,71.47,130.614,19.586,44.63,0.3338,0.4126,0.169,3.4428,3.4913,0.6055,True,2572.7470000000003,2,0.07082556585583501,nested_district_rain,0.01
2024,2024-08-24,2024-09-03,Rupnagar,10.27,7.4e-05,4.7e-05,7,0,56.268,43.447,65.391,51.062,77.234,73.082,75.591,23.124,46.177,15.704,74.743,139.764,88.232,4.358,35.655,0.0,0.0,0.0,3.75,3.764,0.645,True,2572.7470000000003,2,0.042040717505608116,nested_district_rain,0.01
2024,2024-09-03,2024-09-13,Rupnagar,5.13,3.7e-05,7.4e-05,8,0,49.359,44.045,56.268,43.447,65.391,51.062,127.676,41.322,64.294,39.692,75.591,74.743,81.198,48.786,84.149,0.1784,0.1357,-0.025,3.94,3.9856,0.6919,True,2572.7470000000003,2,0.04444257831489494,nested_district_rain,0.01
2024,2024-09-13,2024-09-23,Rupnagar,5.86,4.2e-05,3.7e-05,9,0,15.321,28.944,49.359,44.045,56.268,43.447,30.212,15.635,25.721,6.576,127.676,75.591,104.808,13.36,28.995,0.085,0.0,-0.087,4.1513,4.0776,0.6159,True,2572.7470000000003,2,0.016060217705468574,nested_district_rain,0.01
2024,2024-09-23,2024-09-30,Rupnagar,0.0,0.0,4.2e-05,10,0,18.872,14.34,4.105,9.49,19.02,30.304,31.803,24.063,31.803,12.76,16.852,56.597,51.49,0.0,7.74,0.0,0.0,-0.022,4.1854,3.9812,0.5639,True,2572.7470000000003,2,0.007984992642540616,nested_district_rain,0.01
2024,2024-07-25,2024-08-04,Sahibzada Ajit Singh Nagar,5.9,5.3e-05,0.003268,4,0,87.133,81.655,40.025,39.225,51.68,41.05,72.529,30.556,36.33,21.598,32.123,21.269,28.614,27.011,32.097,0.3169,0.2029,0.0,2.5743,1.6198,0.3167,True,1024.482,0,0.0936919952766976,nested_district_rain,0.01
2024,2024-08-04,2024-08-14,Sahibzada Ajit Singh Nagar,0.0,0.0,5.3e-05,5,0,77.234,73.082,87.133,81.655,40.025,39.225,102.603,51.383,86.007,28.838,72.529,32.123,58.238,0.209,15.37,0.4484,0.0,0.133,2.8414,2.4061,0.446,True,1024.482,0,0.05996451393869206,nested_district_rain,0.01
2024,2024-08-14,2024-08-24,Sahibzada Ajit Singh Nagar,6.64,6e-05,0.0,6,0,65.391,51.062,77.234,73.082,87.133,81.655,40.815,16.704,29.763,7.55,102.603,72.529,103.015,24.841,33.099,0.3338,0.4126,0.169,3.4428,3.4913,0.6055,True,1024.482,0,0.0463229469454417,nested_district_rain,0.01
2024,2024-08-24,2024-09-03,Sahibzada Ajit Singh Nagar,3.69,3.3e-05,6e-05,7,0,56.268,43.447,65.391,51.062,77.234,73.082,89.212,28.379,71.208,24.393,40.815,102.603,57.662,9.744,62.073,0.0,0.0,0.0,3.75,3.764,0.645,True,1024.482,0,0.03321593810952393,nested_district_rain,0.01
2024,2024-09-03,2024-09-13,Sahibzada Ajit Singh Nagar,2.21,2e-05,3.3e-05,8,0,49.359,44.045,56.268,43.447,65.391,51.062,81.217,31.321,43.365,15.638,89.212,40.815,73.358,25.666,57.712,0.1784,0.1357,-0.025,3.94,3.9856,0.6919,True,1024.482,0,0.027546882668921857,nested_district_rain,0.01
2024,2024-09-13,2024-09-23,Sahibzada Ajit Singh Nagar,7.37,6.6e-05,2e-05,9,0,15.321,28.944,49.359,44.045,56.268,43.447,37.509,15.557,27.171,7.708,81.217,89.212,75.883,27.1,33.936,0.085,0.0,-0.087,4.1513,4.0776,0.6159,True,1024.482,0,0.011513198643991359,nested_district_rain,0.01
2024,2024-09-23,2024-09-30,Sahibzada Ajit Singh Nagar,5.9,5.3e-05,6.6e-05,10,0,18.872,14.34,4.105,9.49,19.02,30.304,43.116,23.894,43.064,15.325,10.409,50.338,44.637,0.0,33.506,0.0,0.0,-0.022,4.1854,3.9812,0.5639,True,1024.482,0,0.005870250993352403,nested_district_rain,0.01
2024,2024-07-25,2024-08-04,Sangrur,6.73,1.9e-05,0.000118,4,0,87.133,81.655,40.025,39.225,51.68,41.05,25.192,13.081,17.289,5.558,5.146,11.168,12.053,6.129,6.158,0.3169,0.2029,0.0,2.5743,1.6198,0.3167,True,63544.719,10,0.2146036125588449,nested_district_rain,0.01
2024,2024-08-04,2024-08-14,Sangrur,0.0,0.0,1.9e-05,5,0,77.234,73.082,87.133,81.655,40.025,39.225,38.832,32.731,35.905,4.772,25.192,5.146,22.135,0.135,0.787,0.4484,0.0,0.133,2.8414,2.4061,0.446,True,63544.719,10,0.2629189017082325,nested_district_rain,0.01
2024,2024-08-14,2024-08-24,Sangrur,108.61,0.000301,0.0,6,0,65.391,51.062,77.234,73.082,87.133,81.655,52.837,21.403,26.173,12.058,38.832,25.192,41.876,13.591,23.403,0.3338,0.4126,0.169,3.4428,3.4913,0.6055,True,63544.719,10,0.2719965872172807,nested_district_rain,0.01
2024,2024-08-24,2024-09-03,Sangrur,17.22,4.8e-05,0.000301,7,0,56.268,43.447,65.391,51.062,77.234,73.082,70.415,26.356,60.893,19.394,52.837,38.832,53.895,1.124,46.101,0.0,0.0,0.0,3.75,3.764,0.645,True,63544.719,10,0.20298351451745428,nested_district_rain,0.01
2024,2024-09-03,2024-09-13,Sangrur,267.06,0.00074,4.8e-05,8,0,49.359,44.045,56.268,43.447,65.391,51.062,42.021,15.684,33.292,13.377,70.415,52.837,60.906,28.805,34.198,0.1784,0.1357,-0.025,3.94,3.9856,0.6919,True,63544.719,10,0.1314498129471357,nested_district_rain,0.01
2024,2024-09-13,2024-09-23,Sangrur,135.95,0.000376,0.00074,9,0,15.321,28.944,49.359,44.045,56.268,43.447,6.436,2.889,5.628,2.72,42.021,70.415,43.531,5.628,5.628,0.085,0.0,-0.087,4.1513,4.0776,0.6159,True,63544.719,10,0.07653155982061359,nested_district_rain,0.01
2024,2024-09-23,2024-09-30,Sangrur,0.0,0.0,0.000376,10,0,18.872,14.34,4.105,9.49,19.02,30.304,1.216,1.157,1.216,0.49,0.808,10.412,18.096,0.0,0.059,0.0,0.0,-0.022,4.1854,3.9812,0.5639,True,63544.719,10,0.03489985130040764,nested_district_rain,0.01
2024,2024-07-25,2024-08-04,Tarn Taran,256.1,0.001067,0.001506,4,0,87.133,81.655,40.025,39.225,51.68,41.05,75.283,49.968,58.064,13.598,7.48,49.711,21.831,2.592,15.836,0.3169,0.2029,0.0,2.5743,1.6198,0.3167,True,32281.272000000004,8,0.23979883485005388,nested_district_rain,0.01
2024,2024-08-04,2024-08-14,Tarn Taran,269.32,0.001122,0.001067,5,0,77.234,73.082,87.133,81.655,40.025,39.225,32.487,15.425,29.003,13.594,75.283,7.48,65.356,1.432,1.704,0.4484,0.0,0.133,2.8414,2.4061,0.446,True,32281.272000000004,8,0.20812307153083978,nested_district_rain,0.01
2024,2024-08-14,2024-08-24,Tarn Taran,385.56,0.001606,0.001122,6,0,65.391,51.062,77.234,73.082,87.133,81.655,46.449,16.288,27.807,11.143,32.487,75.283,49.44,2.027,16.551,0.3338,0.4126,0.169,3.4428,3.4913,0.6055,True,32281.272000000004,8,0.21661072853676702,nested_district_rain,0.01
2024,2024-08-24,2024-09-03,Tarn Taran,335.8,0.001399,0.001606,7,0,56.268,43.447,65.391,51.062,77.234,73.082,96.613,59.507,94.428,22.586,46.449,32.487,50.715,0.991,20.669,0.0,0.0,0.0,3.75,3.764,0.645,True,32281.272000000004,8,0.22131808382803267,nested_district_rain,0.01
2024,2024-09-03,2024-09-13,Tarn Taran,264.81,0.001103,0.001399,8,0,49.359,44.045,56.268,43.447,65.391,51.062,37.535,21.85,36.494,15.321,96.613,46.449,83.848,36.494,37.535,0.1784,0.1357,-0.025,3.94,3.9856,0.6919,True,32281.272000000004,8,0.12133582964928104,nested_district_rain,0.01
2024,2024-09-13,2024-09-23,Tarn Taran,266.27,0.001109,0.001103,9,0,15.321,28.944,49.359,44.045,56.268,43.447,0.336,0.281,0.294,0.059,37.535,96.613,44.875,0.294,0.294,0.085,0.0,-0.087,4.1513,4.0776,0.6159,True,32281.272000000004,8,0.0514331647857148,nested_district_rain,0.01
2024,2024-09-23,2024-09-30,Tarn Taran,171.2,0.000713,0.001109,10,0,18.872,14.34,4.105,9.49,19.02,30.304,2.185,1.304,2.185,1.019,0.042,0.294,15.801,0.0,0.052,0.0,0.0,-0.022,4.1854,3.9812,0.5639,True,32281.272000000004,8,0.027403221529879063,nested_district_rain,0.01
2025,2025-07-25,2025-08-04,Amritsar,275.66,0.001033,0.008901,4,0,96.153,100.615,78.458,71.274,61.668,46.455,44.87,11.348,22.063,9.886,105.739,116.04,91.598,3.808,16.422,0.0,,,3.301,,,True,19276.132999999998,7,0.008901,persistence,
2025,2025-08-04,2025-08-14,Amritsar,231.58,0.000868,0.001033,5,0,68.546,80.5,96.153,100.615,78.458,71.274,12.324,3.396,6.112,2.87,44.87,105.739,63.937,5.464,6.161,,0.0,,,5.11,,True,19276.132999999998,7,0.001033,persistence,
2025,2025-08-14,2025-08-24,Amritsar,483.39,0.001812,0.000868,6,0,81.739,94.81,68.546,80.5,96.153,100.615,58.931,17.579,31.34,13.908,12.324,44.87,30.194,23.119,44.314,0.0,0.0,,4.983,5.233,,True,19276.132999999998,7,0.000868,persistence,
2025,2025-08-24,2025-09-03,Amritsar,5573.55,0.020893,0.001812,7,1,267.163,236.073,81.739,94.81,68.546,80.5,293.725,130.887,172.317,49.599,58.931,12.324,42.647,162.799,182.289,0.0,,,5.482,,,True,19276.132999999998,7,0.001812,persistence,
2025,2025-09-23,2025-09-30,Amritsar,451.15,0.001691,0.004558,10,0,0.047,0.08,16.728,21.175,24.407,25.514,0.0,0.0,0.0,0.0,3.073,23.028,47.003,0.0,0.0,,,,,,,True,19276.132999999998,7,0.004558,persistence,
2025,2025-07-25,2025-08-04,Barnala,449.01,0.003013,0.003848,4,0,96.153,100.615,78.458,71.274,61.668,46.455,41.246,16.709,28.443,9.612,51.641,19.253,40.941,4.184,5.159,0.0,,,3.301,,,True,13666.932999999999,8,0.003848,persistence,
2025,2025-08-04,2025-08-14,Barnala,238.67,0.001601,0.003013,5,0,68.546,80.5,96.153,100.615,78.458,71.274,14.906,12.556,12.579,2.052,41.246,51.641,44.149,0.756,13.312,,0.0,,,5.11,,True,13666.932999999999,8,0.003013,persistence,
2025,2025-08-14,2025-08-24,Barnala,17.11,0.000115,0.001601,6,0,81.739,94.81,68.546,80.5,96.153,100.615,33.594,13.199,22.341,7.508,14.906,41.246,23.725,19.351,30.683,0.0,0.0,,4.983,5.233,,True,13666.932999999999,8,0.001601,persistence,
2025,2025-08-24,2025-09-03,Barnala,554.17,0.003718,0.000115,7,0,267.163,236.073,81.739,94.81,68.546,80.5,272.44,91.468,152.242,57.809,33.594,14.906,25.937,130.188,152.984,0.0,,,5.482,,,True,13666.932999999999,8,0.000115,persistence,
2025,2025-09-03,2025-09-13,Barnala,332.09,0.002228,0.003718,8,0,80.568,71.093,267.163,236.073,81.739,94.81,113.528,64.522,90.709,26.552,272.44,33.594,189.208,90.709,107.104,0.0,,,5.793,,,True,13666.932999999999,8,0.003718,persistence,
2025,2025-09-13,2025-09-23,Barnala,8.94,6e-05,0.002228,9,0,32.438,38.578,80.568,71.093,267.163,236.073,0.847,0.552,0.831,0.306,113.528,272.44,117.019,0.016,0.016,,,,,,,True,13666.932999999999,8,0.002228,persistence,
2025,2025-09-23,2025-09-30,Barnala,0.0,0.0,6e-05,10,0,0.047,0.08,16.728,21.175,24.407,25.514,0.0,0.0,0.0,0.0,0.831,0.016,41.437,0.0,0.0,,,,,,,True,13666.932999999999,8,6e-05,persistence,
2025,2025-07-25,2025-08-04,Bathinda,1683.08,0.004979,0.00608,4,0,96.153,100.615,78.458,71.274,61.668,46.455,21.071,4.507,12.93,4.332,49.079,25.69,35.991,2.736,2.76,0.0,,,3.301,,,True,9932.885,4,0.00608,persistence,
2025,2025-08-04,2025-08-14,Bathinda,0.0,0.0,0.004979,5,0,68.546,80.5,96.153,100.615,78.458,71.274,1.776,1.467,1.504,0.294,21.071,49.079,28.063,0.037,1.504,,0.0,,,5.11,,True,9932.885,4,0.004979,persistence,
2025,2025-08-14,2025-08-24,Bathinda,43.28,0.000128,0.0,6,0,81.739,94.81,68.546,80.5,96.153,100.615,11.237,6.161,8.046,2.109,1.776,21.071,10.82,7.572,8.925,0.0,0.0,,4.983,5.233,,True,9932.885,4,0.0,persistence,
2025,2025-08-24,2025-09-03,Bathinda,278.64,0.000824,0.000128,7,0,267.163,236.073,81.739,94.81,68.546,80.5,177.204,48.185,97.914,44.879,11.237,1.776,9.72,93.503,98.734,0.0,,,5.482,,,True,9932.885,4,0.000128,persistence,
2025,2025-09-03,2025-09-13,Bathinda,727.72,0.002153,0.000824,8,0,80.568,71.093,267.163,236.073,81.739,94.81,51.696,17.014,34.895,13.317,177.204,11.237,118.915,34.895,45.554,0.0,,,5.793,,,True,9932.885,4,0.000824,persistence,
2025,2025-09-13,2025-09-23,Bathinda,17.92,5.3e-05,0.002153,9,0,32.438,38.578,80.568,71.093,267.163,236.073,0.134,0.089,0.134,0.049,51.696,177.204,66.582,0.0,0.0,,,,,,,True,9932.885,4,0.002153,persistence,
2025,2025-09-23,2025-09-30,Bathinda,11.19,3.3e-05,5.3e-05,10,0,0.047,0.08,16.728,21.175,24.407,25.514,0.0,0.0,0.0,0.0,0.134,0.166,23.318,0.0,0.0,,,,,,,True,9932.885,4,5.3e-05,persistence,
2025,2025-07-25,2025-08-04,Faridkot,398.3,0.002736,0.016411,4,0,96.153,100.615,78.458,71.274,61.668,46.455,47.043,20.289,30.368,13.426,84.894,51.445,55.522,12.93,12.93,0.0,,,3.301,,,True,9047.32,5,0.016411,persistence,
2025,2025-08-04,2025-08-14,Faridkot,0.0,0.0,0.002736,5,0,68.546,80.5,96.153,100.615,78.458,71.274,0.947,0.667,0.808,0.194,47.043,84.894,53.347,0.139,0.139,,0.0,,,5.11,,True,9047.32,5,0.002736,persistence,
2025,2025-08-14,2025-08-24,Faridkot,5.92,4.1e-05,0.0,6,0,81.739,94.81,68.546,80.5,96.153,100.615,31.433,26.55,28.162,5.223,0.947,47.043,19.342,3.271,3.271,0.0,0.0,,4.983,5.233,,True,9047.32,5,0.0,persistence,
2025,2025-08-24,2025-09-03,Faridkot,17.76,0.000122,4.1e-05,7,0,267.163,236.073,81.739,94.81,68.546,80.5,146.312,61.414,87.648,33.086,31.433,0.947,30.725,86.556,87.648,0.0,,,5.482,,,True,9047.32,5,4.1e-05,persistence,
2025,2025-09-03,2025-09-13,Faridkot,33.32,0.000229,0.000122,8,0,80.568,71.093,267.163,236.073,81.739,94.81,28.681,17.959,24.056,6.298,146.312,31.433,101.334,4.614,5.72,0.0,,,5.793,,,True,9047.32,5,0.000122,persistence,
2025,2025-09-13,2025-09-23,Faridkot,5.18,3.6e-05,0.000229,9,0,32.438,38.578,80.568,71.093,267.163,236.073,0.0,0.0,0.0,0.0,28.681,146.312,53.236,0.0,0.0,,,,,,,True,9047.32,5,0.000229,persistence,
2025,2025-09-23,2025-09-30,Faridkot,2.96,2e-05,3.6e-05,10,0,0.047,0.08,16.728,21.175,24.407,25.514,0.0,0.0,0.0,0.0,0.0,5.002,18.562,0.0,0.0,,,,,,,True,9047.32,5,3.6e-05,persistence,
2025,2025-07-25,2025-08-04,Fatehgarh Sahib,96.27,0.00084,0.001054,4,0,96.153,100.615,78.458,71.274,61.668,46.455,66.003,26.481,46.557,14.46,48.074,41.999,43.653,0.819,19.18,0.0,,,3.301,,,True,15400.846,8,0.001054,persistence,
2025,2025-08-04,2025-08-14,Fatehgarh Sahib,59.08,0.000515,0.00084,5,0,68.546,80.5,96.153,100.615,78.458,71.274,45.841,17.932,23.055,8.989,66.003,48.074,62.465,18.944,20.038,,0.0,,,5.11,,True,15400.846,8,0.00084,persistence,
2025,2025-08-14,2025-08-24,Fatehgarh Sahib,8.9,7.8e-05,0.000515,6,0,81.739,94.81,68.546,80.5,96.153,100.615,29.632,9.743,15.326,8.83,45.841,66.003,53.296,15.326,15.583,0.0,0.0,,4.983,5.233,,True,15400.846,8,0.000515,persistence,
2025,2025-08-24,2025-09-03,Fatehgarh Sahib,7.41,6.5e-05,7.8e-05,7,0,267.163,236.073,81.739,94.81,68.546,80.5,165.714,48.883,92.523,42.038,29.632,45.841,36.362,62.436,69.381,0.0,,,5.482,,,True,15400.846,8,7.8e-05,persistence,
2025,2025-09-03,2025-09-13,Fatehgarh Sahib,10.38,9.1e-05,6.5e-05,8,0,80.568,71.093,267.163,236.073,81.739,94.81,34.779,20.166,22.897,9.806,165.714,29.632,134.522,22.897,31.689,0.0,,,5.793,,,True,15400.846,8,6.5e-05,persistence,
2025,2025-09-13,2025-09-23,Fatehgarh Sahib,3.71,3.2e-05,9.1e-05,9,0,32.438,38.578,80.568,71.093,267.163,236.073,9.469,4.103,8.087,3.996,34.779,165.714,63.132,0.047,4.031,,,,,,,True,15400.846,8,9.1e-05,persistence,
2025,2025-09-23,2025-09-30,Fatehgarh Sahib,4.45,3.9e-05,3.2e-05,10,0,0.047,0.08,16.728,21.175,24.407,25.514,0.0,0.0,0.0,0.0,9.422,0.047,28.459,0.0,0.0,,,,,,,True,15400.846,8,3.2e-05,persistence,
2025,2025-07-25,2025-08-04,Firozpur,4673.48,0.008951,0.009726,4,0,96.153,100.615,78.458,71.274,61.668,46.455,52.275,20.073,40.358,19.86,71.016,34.356,44.493,9.152,9.709,0.0,,,3.301,,,True,61284.148,8,0.009726,persistence,
2025,2025-08-04,2025-08-14,Firozpur,3053.97,0.005849,0.008951,5,0,68.546,80.5,96.153,100.615,78.458,71.274,2.285,0.907,1.575,0.438,52.275,71.016,55.446,0.618,0.639,,0.0,,,5.11,,True,61284.148,8,0.008951,persistence,
2025,2025-08-14,2025-08-24,Firozpur,4561.66,0.008737,0.005849,6,0,81.739,94.81,68.546,80.5,96.153,100.615,22.079,14.728,15.706,3.068,2.285,52.275,20.985,3.203,6.125,0.0,0.0,,4.983,5.233,,True,61284.148,8,0.005849,persistence,
2025,2025-08-24,2025-09-03,Firozpur,12443.18,0.023831,0.008737,7,1,267.163,236.073,81.739,94.81,68.546,80.5,148.348,37.88,71.749,31.324,22.079,2.285,23.192,71.749,74.72,0.0,,,5.482,,,True,61284.148,8,0.008737,persistence,
2025,2025-09-23,2025-09-30,Firozpur,2403.81,0.004604,0.012805,10,0,0.047,0.08,16.728,21.175,24.407,25.514,0.0,0.0,0.0,0.0,0.351,5.04,19.85,0.0,0.0,,,,,,,True,61284.148,8,0.012805,persistence,
2025,2025-07-25,2025-08-04,Gurdaspur,1317.82,0.003631,0.001702,4,0,96.153,100.615,78.458,71.274,61.668,46.455,163.981,63.116,81.458,44.334,89.262,76.444,94.083,0.199,72.743,0.0,,,3.301,,,True,17048.917,4,0.001702,persistence,
2025,2025-08-04,2025-08-14,Gurdaspur,507.27,0.001398,0.003631,5,0,68.546,80.5,96.153,100.615,78.458,71.274,108.034,40.353,58.742,28.093,163.981,89.262,151.941,44.336,48.192,,0.0,,,5.11,,True,17048.917,4,0.003631,persistence,
2025,2025-08-14,2025-08-24,Gurdaspur,1158.19,0.003191,0.001398,6,0,81.739,94.81,68.546,80.5,96.153,100.615,132.464,30.027,52.397,29.473,108.034,163.981,127.002,52.397,89.887,0.0,0.0,,4.983,5.233,,True,17048.917,4,0.001398,persistence,
2025,2025-08-24,2025-09-03,Gurdaspur,20679.99,0.056973,0.003191,7,1,267.163,236.073,81.739,94.81,68.546,80.5,330.676,127.825,221.213,74.719,132.464,108.034,118.697,213.996,240.762,0.0,,,5.482,,,True,17048.917,4,0.003191,persistence,
2025,2025-09-23,2025-09-30,Gurdaspur,942.21,0.002596,0.004915,10,0,0.047,0.08,16.728,21.175,24.407,25.514,0.0,0.0,0.0,0.0,23.662,22.276,68.712,0.0,0.0,,,,,,,True,17048.917,4,0.004915,persistence,
2025,2025-07-25,2025-08-04,Hoshiarpur,274.21,0.000812,0.000523,4,0,96.153,100.615,78.458,71.274,61.668,46.455,170.326,85.758,110.029,37.834,78.359,62.157,84.555,0.515,40.764,0.0,,,3.301,,,True,5429.026,1,0.000523,persistence,
2025,2025-08-04,2025-08-14,Hoshiarpur,171.42,0.000508,0.000812,5,0,68.546,80.5,96.153,100.615,78.458,71.274,125.069,35.339,65.836,29.306,170.326,78.359,164.722,43.463,72.145,,0.0,,,5.11,,True,5429.026,1,0.000812,persistence,
2025,2025-08-14,2025-08-24,Hoshiarpur,841.32,0.002491,0.000508,6,0,81.739,94.81,68.546,80.5,96.153,100.615,180.751,55.151,90.576,42.724,125.069,170.326,136.47,69.12,78.318,0.0,0.0,,4.983,5.233,,True,5429.026,1,0.000508,persistence,
2025,2025-08-24,2025-09-03,Hoshiarpur,1748.98,0.005179,0.002491,7,0,267.163,236.073,81.739,94.81,68.546,80.5,325.387,78.821,157.864,67.491,180.751,125.069,160.47,157.864,176.709,0.0,,,5.482,,,True,5429.026,1,0.002491,persistence,
2025,2025-09-03,2025-09-13,Hoshiarpur,776.13,0.002298,0.005179,8,0,80.568,71.093,267.163,236.073,81.739,94.81,69.801,30.506,42.736,14.832,325.387,180.751,268.056,42.736,63.884,0.0,,,5.793,,,True,5429.026,1,0.005179,persistence,
2025,2025-09-13,2025-09-23,Hoshiarpur,412.58,0.001222,0.002298,9,0,32.438,38.578,80.568,71.093,267.163,236.073,29.26,7.24,18.948,6.893,69.801,325.387,127.151,2.375,10.31,,,,,,,True,5429.026,1,0.002298,persistence,
2025,2025-09-23,2025-09-30,Hoshiarpur,171.31,0.000507,0.001222,10,0,0.047,0.08,16.728,21.175,24.407,25.514,0.0,0.0,0.0,0.0,26.885,6.743,63.76,0.0,0.0,,,,,,,True,5429.026,1,0.001222,persistence,
2025,2025-08-04,2025-08-14,Jalandhar,283.34,0.001084,0.002412,5,0,68.546,80.5,96.153,100.615,78.458,71.274,39.2,8.622,18.563,8.158,72.797,53.406,72.952,15.019,17.835,,0.0,,,5.11,,True,17445.464,6,0.002412,persistence,
2025,2025-08-14,2025-08-24,Jalandhar,642.04,0.002456,0.001084,6,0,81.739,94.81,68.546,80.5,96.153,100.615,101.922,26.71,41.232,26.622,39.2,72.797,51.856,41.232,56.537,0.0,0.0,,4.983,5.233,,True,17445.464,6,0.001084,persistence,
2025,2025-08-24,2025-09-03,Jalandhar,1305.65,0.004995,0.002456,7,0,267.163,236.073,81.739,94.81,68.546,80.5,323.884,73.507,171.383,67.708,101.922,39.2,79.797,116.457,142.379,0.0,,,5.482,,,True,17445.464,6,0.002456,persistence,
2025,2025-09-03,2025-09-13,Jalandhar,7109.02,0.027198,0.004995,8,1,80.568,71.093,267.163,236.073,81.739,94.81,73.296,30.749,37.07,19.101,323.884,101.922,258.609,37.07,67.512,0.0,,,5.793,,,True,17445.464,6,0.004995,persistence,
2025,2025-09-23,2025-09-30,Jalandhar,711.29,0.002721,0.003975,10,0,0.047,0.08,16.728,21.175,24.407,25.514,0.0,0.0,0.0,0.0,4.511,9.563,51.111,0.0,0.0,,,,,,,True,17445.464,6,0.003975,persistence,
2025,2025-08-04,2025-08-14,Kapurthala,868.8,0.005214,0.006793,5,0,68.546,80.5,96.153,100.615,78.458,71.274,35.483,8.706,20.659,8.31,60.442,54.065,66.027,13.206,13.736,,0.0,,,5.11,,True,26638.389000000003,8,0.006793,persistence,
2025,2025-08-14,2025-08-24,Kapurthala,4263.63,0.025586,0.005214,6,1,81.739,94.81,68.546,80.5,96.153,100.615,121.281,32.23,45.991,26.07,35.483,60.442,47.411,45.991,79.517,0.0,0.0,,4.983,5.233,,True,26638.389000000003,8,0.005214,persistence,
2025,2025-07-25,2025-08-04,Ludhiana,807.49,0.002245,0.016701,4,0,96.153,100.615,78.458,71.274,61.668,46.455,80.389,22.506,54.755,22.121,56.641,25.204,51.397,2.821,30.529,0.0,,,3.301,,,True,36079.955,7,0.016701,persistence,
2025,2025-08-04,2025-08-14,Ludhiana,331.2,0.000921,0.002245,5,0,68.546,80.5,96.153,100.615,78.458,71.274,42.024,9.458,18.496,8.518,80.389,56.641,73.749,17.781,20.237,,0.0,,,5.11,,True,36079.955,7,0.002245,persistence,
2025,2025-08-14,2025-08-24,Ludhiana,418.32,0.001163,0.000921,6,0,81.739,94.81,68.546,80.5,96.153,100.615,59.342,19.738,27.818,14.957,42.024,80.389,54.499,26.72,29.521,0.0,0.0,,4.983,5.233,,True,36079.955,7,0.000921,persistence,
2025,2025-08-24,2025-09-03,Ludhiana,405.3,0.001127,0.001163,7,0,267.163,236.073,81.739,94.81,68.546,80.5,269.465,76.219,157.307,60.347,59.342,42.024,56.919,90.083,110.204,0.0,,,5.482,,,True,36079.955,7,0.001163,persistence,
2025,2025-09-03,2025-09-13,Ludhiana,1713.12,0.004763,0.001127,8,0,80.568,71.093,267.163,236.073,81.739,94.81,83.079,33.305,42.67,25.445,269.465,59.342,218.1,39.958,76.879,0.0,,,5.793,,,True,36079.955,7,0.001127,persistence,
2025,2025-09-13,2025-09-23,Ludhiana,626.1,0.001741,0.004763,9,0,32.438,38.578,80.568,71.093,267.163,236.073,7.056,4.638,5.286,1.296,83.079,269.465,117.248,5.068,5.306,,,,,,,True,36079.955,7,0.004763,persistence,
2025,2025-09-23,2025-09-30,Ludhiana,626.06,0.001741,0.001741,10,0,0.047,0.08,16.728,21.175,24.407,25.514,0.0,0.0,0.0,0.0,1.988,5.519,44.474,0.0,0.0,,,,,,,True,36079.955,7,0.001741,persistence,
2025,2025-07-25,2025-08-04,Mansa,635.66,0.002865,0.00434,4,0,96.153,100.615,78.458,71.274,61.668,46.455,32.979,9.411,26.319,9.323,25.155,49.417,29.745,0.668,0.777,0.0,,,3.301,,,True,8108.004000000001,4,0.00434,persistence,
2025,2025-08-04,2025-08-14,Mansa,77.92,0.000351,0.002865,5,0,68.546,80.5,96.153,100.615,78.458,71.274,0.795,0.581,0.581,0.18,32.979,25.155,35.514,0.135,0.716,,0.0,,,5.11,,True,8108.004000000001,4,0.002865,persistence,
2025,2025-08-14,2025-08-24,Mansa,43.55,0.000196,0.000351,6,0,81.739,94.81,68.546,80.5,96.153,100.615,11.192,9.28,10.048,1.496,0.795,32.979,12.806,10.048,10.561,0.0,0.0,,4.983,5.233,,True,8108.004000000001,4,0.000351,persistence,
2025,2025-08-24,2025-09-03,Mansa,1996.01,0.008997,0.000196,7,0,267.163,236.073,81.739,94.81,68.546,80.5,221.585,79.241,132.39,46.467,11.192,0.795,9.73,120.482,132.654,0.0,,,5.482,,,True,8108.004000000001,4,0.000196,persistence,
2025,2025-09-03,2025-09-13,Mansa,756.87,0.003411,0.008997,8,0,80.568,71.093,267.163,236.073,81.739,94.81,93.745,40.76,79.81,27.805,221.585,11.192,142.42,79.81,91.104,0.0,,,5.793,,,True,8108.004000000001,4,0.008997,persistence,
2025,2025-09-13,2025-09-23,Mansa,48.1,0.000217,0.003411,9,0,32.438,38.578,80.568,71.093,267.163,236.073,2.096,1.391,2.096,0.774,93.745,221.585,91.779,0.0,0.0,,,,,,,True,8108.004000000001,4,0.003411,persistence,
2025,2025-09-23,2025-09-30,Mansa,3.76,1.7e-05,0.000217,10,0,0.047,0.08,16.728,21.175,24.407,25.514,0.0,0.0,0.0,0.0,2.096,0.0,33.586,0.0,0.0,,,,,,,True,8108.004000000001,4,0.000217,persistence,
2025,2025-08-04,2025-08-14,Moga,59.06,0.000251,0.00165,5,0,68.546,80.5,96.153,100.615,78.458,71.274,27.42,8.287,16.236,5.558,50.677,117.009,72.274,8.397,9.484,,0.0,,,5.11,,True,37445.357,8,0.00165,persistence,
2025,2025-08-14,2025-08-24,Moga,191.63,0.000814,0.000251,6,0,81.739,94.81,68.546,80.5,96.153,100.615,51.625,15.466,27.243,15.006,27.42,50.677,44.569,14.606,30.503,0.0,0.0,,4.983,5.233,,True,37445.357,8,0.000251,persistence,
2025,2025-08-24,2025-09-03,Moga,999.39,0.004245,0.000814,7,0,267.163,236.073,81.739,94.81,68.546,80.5,287.843,63.144,140.745,55.989,51.625,27.42,47.96,140.745,160.316,0.0,,,5.482,,,True,37445.357,8,0.000814,persistence,
2025,2025-09-03,2025-09-13,Moga,2373.21,0.01008,0.004245,8,0,80.568,71.093,267.163,236.073,81.739,94.81,64.383,36.57,41.385,15.216,287.843,51.625,203.771,41.385,50.946,0.0,,,5.793,,,True,37445.357,8,0.004245,persistence,
2025,2025-09-13,2025-09-23,Moga,248.83,0.001057,0.01008,9,0,32.438,38.578,80.568,71.093,267.163,236.073,11.384,6.796,9.311,2.731,64.383,287.843,101.668,6.983,9.498,,,,,,,True,37445.357,8,0.01008,persistence,
2025,2025-09-23,2025-09-30,Moga,128.46,0.000546,0.001057,10,0,0.047,0.08,16.728,21.175,24.407,25.514,0.0,0.0,0.0,0.0,4.401,7.577,41.597,0.0,0.0,,,,,,,True,37445.357,8,0.001057,persistence,
2025,2025-08-04,2025-08-14,Muktsar,0.0,0.0,0.003825,5,0,68.546,80.5,96.153,100.615,78.458,71.274,0.039,0.039,0.039,0.004,22.916,77.919,32.833,0.0,0.0,,0.0,,,5.11,,True,9828.467999999999,6,0.003825,persistence,
2025,2025-08-14,2025-08-24,Muktsar,100.66,0.000385,0.0,6,0,81.739,94.81,68.546,80.5,96.153,100.615,7.251,2.663,4.704,2.063,0.039,22.916,11.48,1.978,2.547,0.0,0.0,,4.983,5.233,,True,9828.467999999999,6,0.0,persistence,
2025,2025-08-24,2025-09-03,Muktsar,84.11,0.000322,0.000385,7,0,267.163,236.073,81.739,94.81,68.546,80.5,149.823,37.321,71.343,35.463,7.251,0.039,8.689,71.343,72.186,0.0,,,5.482,,,True,9828.467999999999,6,0.000385,persistence,
2025,2025-09-03,2025-09-13,Muktsar,92.96,0.000356,0.000322,8,0,80.568,71.093,267.163,236.073,81.739,94.81,39.475,23.694,38.143,13.663,149.823,7.251,101.138,1.222,13.77,0.0,,,5.793,,,True,9828.467999999999,6,0.000322,persistence,
2025,2025-09-13,2025-09-23,Muktsar,40.21,0.000154,0.000356,9,0,32.438,38.578,80.568,71.093,267.163,236.073,0.0,0.0,0.0,0.0,39.475,149.823,60.169,0.0,0.0,,,,,,,True,9828.467999999999,6,0.000356,persistence,
2025,2025-09-23,2025-09-30,Muktsar,46.29,0.000177,0.000154,10,0,0.047,0.08,16.728,21.175,24.407,25.514,0.0,0.0,0.0,0.0,0.0,2.011,20.98,0.0,0.0,,,,,,,True,9828.467999999999,6,0.000154,persistence,
2025,2025-07-25,2025-08-04,Nawanshahr,237.2,0.001818,0.002856,4,0,96.153,100.615,78.458,71.274,61.668,46.455,,,,,,,,,,0.0,,,3.301,,,True,7463.065,8,0.002856,persistence,
2025,2025-08-04,2025-08-14,Nawanshahr,210.07,0.00161,0.001818,5,0,68.546,80.5,96.153,100.615,78.458,71.274,,,,,,,,,,,0.0,,,5.11,,True,7463.065,8,0.001818,persistence,
2025,2025-08-14,2025-08-24,Nawanshahr,272.48,0.002088,0.00161,6,0,81.739,94.81,68.546,80.5,96.153,100.615,,,,,,,,,,0.0,0.0,,4.983,5.233,,True,7463.065,8,0.00161,persistence,
2025,2025-08-24,2025-09-03,Nawanshahr,233.58,0.00179,0.002088,7,0,267.163,236.073,81.739,94.81,68.546,80.5,,,,,,,,,,0.0,,,5.482,,,True,7463.065,8,0.002088,persistence,
2025,2025-09-03,2025-09-13,Nawanshahr,808.29,0.006195,0.00179,8,0,80.568,71.093,267.163,236.073,81.739,94.81,,,,,,,,,,0.0,,,5.793,,,True,7463.065,8,0.00179,persistence,
2025,2025-09-13,2025-09-23,Nawanshahr,315.14,0.002415,0.006195,9,0,32.438,38.578,80.568,71.093,267.163,236.073,,,,,,,,,,,,,,,,True,7463.065,8,0.006195,persistence,
2025,2025-09-23,2025-09-30,Nawanshahr,431.21,0.003305,0.002415,10,0,0.047,0.08,16.728,21.175,24.407,25.514,,,,,,,,,,,,,,,,True,7463.065,8,0.002415,persistence,
2025,2025-07-25,2025-08-04,Patiala,192.69,0.000577,0.010009,4,0,96.153,100.615,78.458,71.274,61.668,46.455,66.052,19.964,46.467,16.11,41.185,42.868,44.093,0.63,13.721,0.0,,,3.301,,,True,49516.131,7,0.010009,persistence,
2025,2025-08-04,2025-08-14,Patiala,67.02,0.000201,0.000577,5,0,68.546,80.5,96.153,100.615,78.458,71.274,33.535,10.4,15.334,7.224,66.052,41.185,62.896,15.334,18.628,,0.0,,,5.11,,True,49516.131,7,0.000577,persistence,
2025,2025-08-14,2025-08-24,Patiala,49.29,0.000148,0.000201,6,0,81.739,94.81,68.546,80.5,96.153,100.615,24.764,6.421,10.917,5.173,33.535,66.052,43.097,10.738,13.237,0.0,0.0,,4.983,5.233,,True,49516.131,7,0.000201,persistence,
2025,2025-08-24,2025-09-03,Patiala,629.82,0.001885,0.000148,7,0,267.163,236.073,81.739,94.81,68.546,80.5,189.959,50.043,103.777,48.508,24.764,33.535,29.895,57.107,73.375,0.0,,,5.482,,,True,49516.131,7,0.000148,persistence,
2025,2025-09-03,2025-09-13,Patiala,2591.52,0.007758,0.001885,8,0,80.568,71.093,267.163,236.073,81.739,94.81,82.254,36.54,57.223,20.839,189.959,24.764,151.517,57.223,76.195,0.0,,,5.793,,,True,49516.131,7,0.001885,persistence,
2025,2025-09-13,2025-09-23,Patiala,42.79,0.000128,0.007758,9,0,32.438,38.578,80.568,71.093,267.163,236.073,5.039,2.486,3.77,0.989,82.254,189.959,91.136,0.68,1.269,,,,,,,True,49516.131,7,0.007758,persistence,
2025,2025-09-23,2025-09-30,Patiala,35.1,0.000105,0.000128,10,0,0.047,0.08,16.728,21.175,24.407,25.514,0.0,0.0,0.0,0.0,4.359,0.726,35.196,0.0,0.0,,,,,,,True,49516.131,7,0.000128,persistence,
2025,2025-07-25,2025-08-04,Rupnagar,42.46,0.000306,0.000185,4,0,96.153,100.615,78.458,71.274,61.668,46.455,106.562,32.62,54.55,23.003,80.06,56.905,77.499,1.969,38.653,0.0,,,3.301,,,True,2136.41,1,0.000185,persistence,
2025,2025-08-04,2025-08-14,Rupnagar,28.56,0.000206,0.000306,5,0,68.546,80.5,96.153,100.615,78.458,71.274,196.705,45.867,109.758,45.22,106.562,80.06,107.867,72.773,118.666,,0.0,,,5.11,,True,2136.41,1,0.000306,persistence,
2025,2025-08-14,2025-08-24,Rupnagar,62.27,0.000449,0.000206,6,0,81.739,94.81,68.546,80.5,96.153,100.615,182.076,37.422,75.805,27.267,196.705,106.562,156.857,75.805,115.607,0.0,0.0,,4.983,5.233,,True,2136.41,1,0.000206,persistence,
2025,2025-08-24,2025-09-03,Rupnagar,65.19,0.00047,0.000449,7,0,267.163,236.073,81.739,94.81,68.546,80.5,343.093,87.079,161.996,67.515,182.076,196.705,165.506,111.186,155.475,0.0,,,5.482,,,True,2136.41,1,0.000449,persistence,
2025,2025-09-03,2025-09-13,Rupnagar,431.16,0.003106,0.00047,8,0,80.568,71.093,267.163,236.073,81.739,94.81,114.384,53.049,67.164,22.015,343.093,182.076,297.795,67.164,92.353,0.0,,,5.793,,,True,2136.41,1,0.00047,persistence,
2025,2025-09-13,2025-09-23,Rupnagar,60.11,0.000433,0.003106,9,0,32.438,38.578,80.568,71.093,267.163,236.073,86.671,30.22,68.208,29.479,114.384,343.093,162.789,6.868,25.331,,,,,,,True,2136.41,1,0.003106,persistence,
2025,2025-09-23,2025-09-30,Rupnagar,50.66,0.000365,0.000433,10,0,0.047,0.08,16.728,21.175,24.407,25.514,0.0,0.0,0.0,0.0,79.803,24.623,112.633,0.0,0.0,,,,,,,True,2136.41,1,0.000433,persistence,
2025,2025-07-25,2025-08-04,Sahibzada Ajit Singh Nagar,10.34,9.3e-05,8e-05,4,0,96.153,100.615,78.458,71.274,61.668,46.455,54.656,20.814,26.744,14.693,51.841,41.911,54.945,0.219,11.244,0.0,,,3.301,,,True,745.1610000000001,0,8e-05,persistence,
2025,2025-08-04,2025-08-14,Sahibzada Ajit Singh Nagar,15.54,0.00014,9.3e-05,5,0,68.546,80.5,96.153,100.615,78.458,71.274,113.958,29.537,41.778,28.481,54.656,51.841,61.065,37.008,49.209,,0.0,,,5.11,,True,745.1610000000001,0,9.3e-05,persistence,
2025,2025-08-14,2025-08-24,Sahibzada Ajit Singh Nagar,11.06,0.0001,0.00014,6,0,81.739,94.81,68.546,80.5,96.153,100.615,70.396,13.528,31.039,12.891,113.958,54.656,95.254,31.039,46.641,0.0,0.0,,4.983,5.233,,True,745.1610000000001,0,0.00014,persistence,
2025,2025-08-24,2025-09-03,Sahibzada Ajit Singh Nagar,18.5,0.000166,0.0001,7,0,267.163,236.073,81.739,94.81,68.546,80.5,157.781,56.216,90.601,34.855,70.396,113.958,75.275,36.078,40.655,0.0,,,5.482,,,True,745.1610000000001,0,0.0001,persistence,
2025,2025-09-03,2025-09-13,Sahibzada Ajit Singh Nagar,595.01,0.005354,0.000166,8,0,80.568,71.093,267.163,236.073,81.739,94.81,131.464,55.675,111.679,55.453,157.781,70.396,146.932,111.679,122.481,0.0,,,5.793,,,True,745.1610000000001,0,0.000166,persistence,
2025,2025-09-13,2025-09-23,Sahibzada Ajit Singh Nagar,7.38,6.6e-05,0.005354,9,0,32.438,38.578,80.568,71.093,267.163,236.073,40.159,13.436,17.978,8.859,131.464,157.781,110.506,14.791,24.486,,,,,,,True,745.1610000000001,0,0.005354,persistence,
2025,2025-09-23,2025-09-30,Sahibzada Ajit Singh Nagar,14.04,0.000126,6.6e-05,10,0,0.047,0.08,16.728,21.175,24.407,25.514,0.0,0.0,0.0,0.0,25.368,22.192,62.036,0.0,0.0,,,,,,,True,745.1610000000001,0,6.6e-05,persistence,
2025,2025-07-25,2025-08-04,Sangrur,622.82,0.001725,0.003508,4,0,96.153,100.615,78.458,71.274,61.668,46.455,56.371,25.557,40.45,10.559,38.7,45.902,39.257,1.309,11.107,0.0,,,3.301,,,True,56755.259,10,0.003508,persistence,
2025,2025-08-04,2025-08-14,Sangrur,295.32,0.000818,0.001725,5,0,68.546,80.5,96.153,100.615,78.458,71.274,8.662,3.347,5.322,2.009,56.371,38.7,54.432,2.358,3.06,,0.0,,,5.11,,True,56755.259,10,0.001725,persistence,
2025,2025-08-14,2025-08-24,Sangrur,153.72,0.000426,0.000818,6,0,81.739,94.81,68.546,80.5,96.153,100.615,22.922,12.557,17.102,5.325,8.662,56.371,25.106,17.102,17.357,0.0,0.0,,4.983,5.233,,True,56755.259,10,0.000818,persistence,
2025,2025-08-24,2025-09-03,Sangrur,1583.97,0.004386,0.000426,7,0,267.163,236.073,81.739,94.81,68.546,80.5,246.523,82.693,133.838,49.653,22.922,8.662,20.776,109.875,134.663,0.0,,,5.482,,,True,56755.259,10,0.000426,persistence,
2025,2025-09-03,2025-09-13,Sangrur,2360.08,0.006536,0.004386,8,0,80.568,71.093,267.163,236.073,81.739,94.81,100.256,63.652,81.08,17.604,246.523,22.922,171.882,81.08,94.532,0.0,,,5.793,,,True,56755.259,10,0.004386,persistence,
2025,2025-09-13,2025-09-23,Sangrur,114.29,0.000317,0.006536,9,0,32.438,38.578,80.568,71.093,267.163,236.073,1.574,0.924,1.359,0.484,100.256,246.523,104.241,0.215,0.215,,,,,,,True,56755.259,10,0.006536,persistence,
2025,2025-09-23,2025-09-30,Sangrur,9.03,2.5e-05,0.000317,10,0,0.047,0.08,16.728,21.175,24.407,25.514,0.0,0.0,0.0,0.0,1.359,0.222,37.465,0.0,0.0,,,,,,,True,56755.259,10,0.000317,persistence,
2025,2025-07-25,2025-08-04,Tarn Taran,2062.58,0.008592,0.007755,4,0,96.153,100.615,78.458,71.274,61.668,46.455,28.123,9.068,18.872,6.345,95.643,70.75,75.361,5.682,7.91,0.0,,,3.301,,,True,27135.985000000004,8,0.007755,persistence,
2025,2025-08-04,2025-08-14,Tarn Taran,565.69,0.002356,0.008592,5,0,68.546,80.5,96.153,100.615,78.458,71.274,7.293,2.582,4.702,1.674,28.123,95.643,46.777,2.1,2.559,,0.0,,,5.11,,True,27135.985000000004,8,0.008592,persistence,
2025,2025-08-14,2025-08-24,Tarn Taran,5183.33,0.021591,0.002356,6,1,81.739,94.81,68.546,80.5,96.153,100.615,37.415,12.461,18.071,10.088,7.293,28.123,21.38,18.071,23.629,0.0,0.0,,4.983,5.233,,True,27135.985000000004,8,0.002356,persistence,
2025,2025-09-23,2025-09-30,Tarn Taran,1480.25,0.006166,0.015827,10,0,0.047,0.08,16.728,21.175,24.407,25.514,0.0,0.0,0.0,0.0,0.554,13.361,40.024,0.0,0.0,,,,,,,True,27135.985000000004,8,0.015827,persistence,
