date,district,flooded_ha,fraction
2015-06-15,Amritsar,0.0,0.0
2015-06-15,Barnala,0.0,0.0
2015-06-15,Bathinda,0.0,0.0
2015-06-15,Faridkot,0.0,0.0
2015-06-15,Fatehgarh Sahib,0.0,0.0
2015-06-15,Firozpur,0.0,0.0
2015-06-15,Gurdaspur,0.0,0.0
2015-06-15,Hoshiarpur,0.0,0.0
2015-06-15,Jalandhar,0.0,0.0
2015-06-15,Kapurthala,0.0,0.0
2015-06-15,Ludhiana,0.0,0.0
2015-06-15,Mansa,0.0,0.0
2015-06-15,Moga,0.0,0.0
2015-06-15,Muktsar,0.0,0.0
2015-06-15,Nawanshahr,0.0,0.0
2015-06-15,Patiala,0.0,0.0
2015-06-15,Rupnagar,0.0,0.0
2015-06-15,Sahibzada Ajit Singh Nagar,0.0,0.0
2015-06-15,Sangrur,0.0,0.0
2015-06-15,Tarn Taran,0.0,0.0
2015-06-16,Amritsar,0.0,0.0
2015-06-16,Barnala,0.0,0.0
2015-06-16,Bathinda,0.0,0.0
2015-06-16,Faridkot,0.0,0.0
2015-06-16,Fatehgarh Sahib,0.0,0.0
2015-06-16,Firozpur,0.0,0.0
2015-06-16,Gurdaspur,10.06,2.8e-05
2015-06-16,Hoshiarpur,2.9,9e-06
2015-06-16,Jalandhar,8.82,3.4e-05
2015-06-16,Kapurthala,4.38,2.6e-05
2015-06-16,Ludhiana,9.56,2.7e-05
2015-06-16,Mansa,0.0,0.0
2015-06-16,Moga,0.0,0.0
2015-06-16,Muktsar,0.0,0.0
2015-06-16,Nawanshahr,0.0,0.0
2015-06-16,Patiala,0.0,0.0
2015-06-16,Rupnagar,2.19,1.6e-05
2015-06-16,Sahibzada Ajit Singh Nagar,0.0,0.0
2015-06-16,Sangrur,7.44,2.1e-05
2015-06-16,Tarn Taran,0.0,0.0
2015-06-17,Amritsar,0.0,0.0
2015-06-17,Barnala,0.0,0.0
2015-06-17,Bathinda,0.0,0.0
2015-06-17,Faridkot,0.0,0.0
2015-06-17,Fatehgarh Sahib,0.0,0.0
2015-06-17,Firozpur,0.0,0.0
2015-06-17,Gurdaspur,0.0,0.0
2015-06-17,Hoshiarpur,0.0,0.0
2015-06-17,Jalandhar,0.0,0.0
2015-06-17,Kapurthala,0.0,0.0
2015-06-17,Ludhiana,0.0,0.0
2015-06-17,Mansa,0.0,0.0
2015-06-17,Moga,0.0,0.0
2015-06-17,Muktsar,0.0,0.0
2015-06-17,Nawanshahr,0.0,0.0
2015-06-17,Patiala,0.0,0.0
2015-06-17,Rupnagar,0.0,0.0
2015-06-17,Sahibzada Ajit Singh Nagar,0.0,0.0
2015-06-17,Sangrur,0.0,0.0
2015-06-17,Tarn Taran,0.0,0.0
2015-06-18,Amritsar,0.0,0.0
2015-06-18,Barnala,0.0,0.0
2015-06-18,Bathinda,0.0,0.0
2015-06-18,Faridkot,0.0,0.0
2015-06-18,Fatehgarh Sahib,0.0,0.0
2015-06-18,Firozpur,0.0,0.0
2015-06-18,Gurdaspur,0.0,0.0
2015-06-18,Hoshiarpur,0.0,0.0
2015-06-18,Jalandhar,0.0,0.0
2015-06-18,Kapurthala,0.0,0.0
2015-06-18,Ludhiana,0.0,0.0
2015-06-18,Mansa,0.0,0.0
2015-06-18,Moga,0.0,0.0
2015-06-18,Muktsar,0.0,0.0
2015-06-18,Nawanshahr,0.0,0.0
2015-06-18,Patiala,0.0,0.0
2015-06-18,Rupnagar,0.0,0.0
2015-06-18,Sahibzada Ajit Singh Nagar,0.0,0.0
2015-06-18,Sangrur,0.0,0.0
2015-06-18,Tarn Taran,0.0,0.0
2015-06-19,Amritsar,0.0,0.0
2015-06-19,Barnala,0.0,0.0
2015-06-19,Bathinda,0.0,0.0
2015-06-19,Faridkot,0.0,0.0
2015-06-19,Fatehgarh Sahib,0.0,0.0
2015-06-19,Firozpur,0.0,0.0
2015-06-19,Gurdaspur,0.0,0.0
2015-06-19,Hoshiarpur,0.0,0.0
2015-06-19,Jalandhar,0.0,0.0
2015-06-19,Kapurthala,0.0,0.0
2015-06-19,Ludhiana,0.0,0.0
2015-06-19,Mansa,0.0,0.0
2015-06-19,Moga,0.0,0.0
2015-06-19,Muktsar,0.0,0.0
2015-06-19,Nawanshahr,0.0,0.0
2015-06-19,Patiala,0.0,0.0
2015-06-19,Rupnagar,0.0,0.0
2015-06-19,Sahibzada Ajit Singh Nagar,0.0,0.0
2015-06-19,Sangrur,0.0,0.0
2015-06-19,Tarn Taran,0.0,0.0
2015-06-20,Amritsar,0.0,0.0
2015-06-20,Barnala,0.0,0.0
2015-06-20,Bathinda,0.0,0.0
2015-06-20,Faridkot,0.0,0.0
2015-06-20,Fatehgarh Sahib,0.0,0.0
2015-06-20,Firozpur,0.0,0.0
2015-06-20,Gurdaspur,0.0,0.0
2015-06-20,Hoshiarpur,0.0,0.0
2015-06-20,Jalandhar,0.0,0.0
2015-06-20,Kapurthala,0.0,0.0
2015-06-20,Ludhiana,0.0,0.0
2015-06-20,Mansa,0.0,0.0
2015-06-20,Moga,0.0,0.0
2015-06-20,Muktsar,0.0,0.0
2015-06-20,Nawanshahr,0.0,0.0
2015-06-20,Patiala,0.0,0.0
2015-06-20,Rupnagar,0.0,0.0
2015-06-20,Sahibzada Ajit Singh Nagar,0.0,0.0
2015-06-20,Sangrur,0.0,0.0
2015-06-20,Tarn Taran,0.0,0.0
2015-06-21,Amritsar,272.5,0.001021
2015-06-21,Barnala,784.77,0.005266
2015-06-21,Bathinda,100.56,0.000297
2015-06-21,Faridkot,162.98,0.00112
2015-06-21,Fatehgarh Sahib,0.0,0.0
2015-06-21,Firozpur,1914.89,0.003667
2015-06-21,Gurdaspur,66.78,0.000184
2015-06-21,Hoshiarpur,18.82,5.6e-05
2015-06-21,Jalandhar,167.22,0.00064
2015-06-21,Kapurthala,446.94,0.002682
2015-06-21,Ludhiana,321.0,0.000893
2015-06-21,Mansa,64.59,0.000291
2015-06-21,Moga,1133.18,0.004813
2015-06-21,Muktsar,91.72,0.000351
2015-06-21,Nawanshahr,0.0,0.0
2015-06-21,Patiala,0.75,2e-06
2015-06-21,Rupnagar,0.0,0.0
2015-06-21,Sahibzada Ajit Singh Nagar,0.0,0.0
2015-06-21,Sangrur,874.82,0.002423
2015-06-21,Tarn Taran,189.09,0.000788
2015-06-22,Amritsar,0.0,0.0
2015-06-22,Barnala,0.0,0.0
2015-06-22,Bathinda,0.0,0.0
2015-06-22,Faridkot,0.0,0.0
2015-06-22,Fatehgarh Sahib,0.0,0.0
2015-06-22,Firozpur,0.0,0.0
2015-06-22,Gurdaspur,0.0,0.0
2015-06-22,Hoshiarpur,0.0,0.0
2015-06-22,Jalandhar,0.0,0.0
2015-06-22,Kapurthala,0.0,0.0
2015-06-22,Ludhiana,0.0,0.0
2015-06-22,Mansa,0.0,0.0
2015-06-22,Moga,0.0,0.0
2015-06-22,Muktsar,0.0,0.0
2015-06-22,Nawanshahr,0.0,0.0
2015-06-22,Patiala,0.0,0.0
2015-06-22,Rupnagar,0.0,0.0
2015-06-22,Sahibzada Ajit Singh Nagar,0.0,0.0
2015-06-22,Sangrur,0.0,0.0
2015-06-22,Tarn Taran,0.0,0.0
2015-06-23,Amritsar,0.0,0.0
2015-06-23,Barnala,0.0,0.0
2015-06-23,Bathinda,0.0,0.0
2015-06-23,Faridkot,0.0,0.0
2015-06-23,Fatehgarh Sahib,0.0,0.0
2015-06-23,Firozpur,0.0,0.0
2015-06-23,Gurdaspur,0.0,0.0
2015-06-23,Hoshiarpur,0.0,0.0
2015-06-23,Jalandhar,0.0,0.0
2015-06-23,Kapurthala,0.0,0.0
2015-06-23,Ludhiana,0.0,0.0
2015-06-23,Mansa,0.0,0.0
2015-06-23,Moga,0.0,0.0
2015-06-23,Muktsar,0.0,0.0
2015-06-23,Nawanshahr,0.0,0.0
2015-06-23,Patiala,0.0,0.0
2015-06-23,Rupnagar,0.0,0.0
2015-06-23,Sahibzada Ajit Singh Nagar,0.0,0.0
2015-06-23,Sangrur,0.0,0.0
2015-06-23,Tarn Taran,0.0,0.0
2015-06-24,Amritsar,0.0,0.0
2015-06-24,Barnala,0.0,0.0
2015-06-24,Bathinda,0.0,0.0
2015-06-24,Faridkot,0.0,0.0
2015-06-24,Fatehgarh Sahib,0.0,0.0
2015-06-24,Firozpur,0.0,0.0
2015-06-24,Gurdaspur,0.0,0.0
2015-06-24,Hoshiarpur,0.0,0.0
2015-06-24,Jalandhar,0.0,0.0
2015-06-24,Kapurthala,0.0,0.0
2015-06-24,Ludhiana,0.0,0.0
2015-06-24,Mansa,0.0,0.0
2015-06-24,Moga,0.0,0.0
2015-06-24,Muktsar,0.0,0.0
2015-06-24,Nawanshahr,0.0,0.0
2015-06-24,Patiala,0.0,0.0
2015-06-24,Rupnagar,0.0,0.0
2015-06-24,Sahibzada Ajit Singh Nagar,0.0,0.0
2015-06-24,Sangrur,0.0,0.0
2015-06-24,Tarn Taran,0.0,0.0
2015-06-25,Amritsar,0.0,0.0
2015-06-25,Barnala,0.0,0.0
2015-06-25,Bathinda,0.0,0.0
2015-06-25,Faridkot,0.0,0.0
2015-06-25,Fatehgarh Sahib,0.0,0.0
2015-06-25,Firozpur,0.0,0.0
2015-06-25,Gurdaspur,0.0,0.0
2015-06-25,Hoshiarpur,0.0,0.0
2015-06-25,Jalandhar,0.0,0.0
2015-06-25,Kapurthala,0.0,0.0
2015-06-25,Ludhiana,0.0,0.0
2015-06-25,Mansa,0.0,0.0
2015-06-25,Moga,0.0,0.0
2015-06-25,Muktsar,0.0,0.0
2015-06-25,Nawanshahr,0.0,0.0
2015-06-25,Patiala,0.0,0.0
2015-06-25,Rupnagar,0.0,0.0
2015-06-25,Sahibzada Ajit Singh Nagar,0.0,0.0
2015-06-25,Sangrur,0.0,0.0
2015-06-25,Tarn Taran,0.0,0.0
2015-06-26,Amritsar,0.0,0.0
2015-06-26,Barnala,0.0,0.0
2015-06-26,Bathinda,0.0,0.0
2015-06-26,Faridkot,0.0,0.0
2015-06-26,Fatehgarh Sahib,0.0,0.0
2015-06-26,Firozpur,0.0,0.0
2015-06-26,Gurdaspur,0.0,0.0
2015-06-26,Hoshiarpur,0.0,0.0
2015-06-26,Jalandhar,0.0,0.0
2015-06-26,Kapurthala,0.0,0.0
2015-06-26,Ludhiana,0.0,0.0
2015-06-26,Mansa,0.0,0.0
2015-06-26,Moga,0.0,0.0
2015-06-26,Muktsar,0.0,0.0
2015-06-26,Nawanshahr,0.0,0.0
2015-06-26,Patiala,0.0,0.0
2015-06-26,Rupnagar,0.0,0.0
2015-06-26,Sahibzada Ajit Singh Nagar,0.0,0.0
2015-06-26,Sangrur,0.0,0.0
2015-06-26,Tarn Taran,0.0,0.0
2015-06-27,Amritsar,0.0,0.0
2015-06-27,Barnala,0.0,0.0
2015-06-27,Bathinda,0.0,0.0
2015-06-27,Faridkot,0.0,0.0
2015-06-27,Fatehgarh Sahib,0.0,0.0
2015-06-27,Firozpur,0.0,0.0
2015-06-27,Gurdaspur,0.0,0.0
2015-06-27,Hoshiarpur,0.0,0.0
2015-06-27,Jalandhar,0.0,0.0
2015-06-27,Kapurthala,0.0,0.0
2015-06-27,Ludhiana,0.0,0.0
2015-06-27,Mansa,0.0,0.0
2015-06-27,Moga,0.0,0.0
2015-06-27,Muktsar,0.0,0.0
2015-06-27,Nawanshahr,0.0,0.0
2015-06-27,Patiala,0.0,0.0
2015-06-27,Rupnagar,0.0,0.0
2015-06-27,Sahibzada Ajit Singh Nagar,0.0,0.0
2015-06-27,Sangrur,0.0,0.0
2015-06-27,Tarn Taran,0.0,0.0
2015-06-28,Amritsar,0.0,0.0
2015-06-28,Barnala,0.0,0.0
2015-06-28,Bathinda,0.0,0.0
2015-06-28,Faridkot,0.0,0.0
2015-06-28,Fatehgarh Sahib,0.0,0.0
2015-06-28,Firozpur,0.0,0.0
2015-06-28,Gurdaspur,0.0,0.0
2015-06-28,Hoshiarpur,0.0,0.0
2015-06-28,Jalandhar,0.0,0.0
2015-06-28,Kapurthala,0.0,0.0
2015-06-28,Ludhiana,0.0,0.0
2015-06-28,Mansa,0.0,0.0
2015-06-28,Moga,0.0,0.0
2015-06-28,Muktsar,0.0,0.0
2015-06-28,Nawanshahr,0.0,0.0
2015-06-28,Patiala,0.0,0.0
2015-06-28,Rupnagar,0.0,0.0
2015-06-28,Sahibzada Ajit Singh Nagar,0.0,0.0
2015-06-28,Sangrur,0.0,0.0
2015-06-28,Tarn Taran,0.0,0.0
2015-06-29,Amritsar,0.0,0.0
2015-06-29,Barnala,0.0,0.0
2015-06-29,Bathinda,0.0,0.0
2015-06-29,Faridkot,0.0,0.0
2015-06-29,Fatehgarh Sahib,0.0,0.0
2015-06-29,Firozpur,0.0,0.0
2015-06-29,Gurdaspur,0.0,0.0
2015-06-29,Hoshiarpur,0.0,0.0
2015-06-29,Jalandhar,0.0,0.0
2015-06-29,Kapurthala,0.0,0.0
2015-06-29,Ludhiana,0.0,0.0
2015-06-29,Mansa,0.0,0.0
2015-06-29,Moga,0.0,0.0
2015-06-29,Muktsar,0.0,0.0
2015-06-29,Nawanshahr,0.0,0.0
2015-06-29,Patiala,0.0,0.0
2015-06-29,Rupnagar,0.0,0.0
2015-06-29,Sahibzada Ajit Singh Nagar,0.0,0.0
2015-06-29,Sangrur,0.0,0.0
2015-06-29,Tarn Taran,0.0,0.0
2015-06-30,Amritsar,0.0,0.0
2015-06-30,Barnala,0.0,0.0
2015-06-30,Bathinda,0.0,0.0
2015-06-30,Faridkot,0.0,0.0
2015-06-30,Fatehgarh Sahib,0.0,0.0
2015-06-30,Firozpur,0.0,0.0
2015-06-30,Gurdaspur,0.0,0.0
2015-06-30,Hoshiarpur,0.0,0.0
2015-06-30,Jalandhar,0.0,0.0
2015-06-30,Kapurthala,0.0,0.0
2015-06-30,Ludhiana,0.0,0.0
2015-06-30,Mansa,0.0,0.0
2015-06-30,Moga,0.0,0.0
2015-06-30,Muktsar,0.0,0.0
2015-06-30,Nawanshahr,0.0,0.0
2015-06-30,Patiala,0.0,0.0
2015-06-30,Rupnagar,0.0,0.0
2015-06-30,Sahibzada Ajit Singh Nagar,0.0,0.0
2015-06-30,Sangrur,0.0,0.0
2015-06-30,Tarn Taran,0.0,0.0
2015-07-01,Amritsar,0.0,0.0
2015-07-01,Barnala,0.0,0.0
2015-07-01,Bathinda,0.0,0.0
2015-07-01,Faridkot,0.0,0.0
2015-07-01,Fatehgarh Sahib,0.0,0.0
2015-07-01,Firozpur,0.0,0.0
2015-07-01,Gurdaspur,0.0,0.0
2015-07-01,Hoshiarpur,0.0,0.0
2015-07-01,Jalandhar,0.0,0.0
2015-07-01,Kapurthala,0.0,0.0
2015-07-01,Ludhiana,0.0,0.0
2015-07-01,Mansa,0.0,0.0
2015-07-01,Moga,0.0,0.0
2015-07-01,Muktsar,0.0,0.0
2015-07-01,Nawanshahr,0.0,0.0
2015-07-01,Patiala,0.0,0.0
2015-07-01,Rupnagar,0.0,0.0
2015-07-01,Sahibzada Ajit Singh Nagar,0.0,0.0
2015-07-01,Sangrur,0.0,0.0
2015-07-01,Tarn Taran,0.0,0.0
2015-07-02,Amritsar,0.0,0.0
2015-07-02,Barnala,0.0,0.0
2015-07-02,Bathinda,0.0,0.0
2015-07-02,Faridkot,0.0,0.0
2015-07-02,Fatehgarh Sahib,0.0,0.0
2015-07-02,Firozpur,0.0,0.0
2015-07-02,Gurdaspur,0.0,0.0
2015-07-02,Hoshiarpur,0.0,0.0
2015-07-02,Jalandhar,0.0,0.0
2015-07-02,Kapurthala,0.0,0.0
2015-07-02,Ludhiana,0.0,0.0
2015-07-02,Mansa,0.0,0.0
2015-07-02,Moga,0.0,0.0
2015-07-02,Muktsar,0.0,0.0
2015-07-02,Nawanshahr,0.0,0.0
2015-07-02,Patiala,0.0,0.0
2015-07-02,Rupnagar,0.0,0.0
2015-07-02,Sahibzada Ajit Singh Nagar,0.0,0.0
2015-07-02,Sangrur,0.0,0.0
2015-07-02,Tarn Taran,0.0,0.0
2015-07-03,Amritsar,0.0,0.0
2015-07-03,Barnala,0.0,0.0
2015-07-03,Bathinda,0.0,0.0
2015-07-03,Faridkot,0.0,0.0
2015-07-03,Fatehgarh Sahib,0.0,0.0
2015-07-03,Firozpur,0.0,0.0
2015-07-03,Gurdaspur,0.0,0.0
2015-07-03,Hoshiarpur,0.0,0.0
2015-07-03,Jalandhar,0.0,0.0
2015-07-03,Kapurthala,0.0,0.0
2015-07-03,Ludhiana,0.0,0.0
2015-07-03,Mansa,0.0,0.0
2015-07-03,Moga,0.0,0.0
2015-07-03,Muktsar,0.0,0.0
2015-07-03,Nawanshahr,0.0,0.0
2015-07-03,Patiala,0.0,0.0
2015-07-03,Rupnagar,0.0,0.0
2015-07-03,Sahibzada Ajit Singh Nagar,0.0,0.0
2015-07-03,Sangrur,0.0,0.0
2015-07-03,Tarn Taran,0.0,0.0
2015-07-04,Amritsar,0.0,0.0
2015-07-04,Barnala,0.0,0.0
2015-07-04,Bathinda,0.0,0.0
2015-07-04,Faridkot,0.0,0.0
2015-07-04,Fatehgarh Sahib,0.0,0.0
2015-07-04,Firozpur,565.83,0.001084
2015-07-04,Gurdaspur,0.0,0.0
2015-07-04,Hoshiarpur,0.0,0.0
2015-07-04,Jalandhar,0.0,0.0
2015-07-04,Kapurthala,0.0,0.0
2015-07-04,Ludhiana,0.0,0.0
2015-07-04,Mansa,0.0,0.0
2015-07-04,Moga,0.0,0.0
2015-07-04,Muktsar,0.0,0.0
2015-07-04,Nawanshahr,0.0,0.0
2015-07-04,Patiala,0.0,0.0
2015-07-04,Rupnagar,0.0,0.0
2015-07-04,Sahibzada Ajit Singh Nagar,0.0,0.0
2015-07-04,Sangrur,0.0,0.0
2015-07-04,Tarn Taran,0.0,0.0
2015-07-05,Amritsar,0.0,0.0
2015-07-05,Barnala,0.0,0.0
2015-07-05,Bathinda,0.0,0.0
2015-07-05,Faridkot,0.0,0.0
2015-07-05,Fatehgarh Sahib,0.0,0.0
2015-07-05,Firozpur,0.0,0.0
2015-07-05,Gurdaspur,0.0,0.0
2015-07-05,Hoshiarpur,0.0,0.0
2015-07-05,Jalandhar,0.0,0.0
2015-07-05,Kapurthala,0.0,0.0
2015-07-05,Ludhiana,0.0,0.0
2015-07-05,Mansa,0.0,0.0
2015-07-05,Moga,0.0,0.0
2015-07-05,Muktsar,0.0,0.0
2015-07-05,Nawanshahr,0.0,0.0
2015-07-05,Patiala,0.0,0.0
2015-07-05,Rupnagar,0.0,0.0
2015-07-05,Sahibzada Ajit Singh Nagar,0.0,0.0
2015-07-05,Sangrur,0.0,0.0
2015-07-05,Tarn Taran,0.0,0.0
2015-07-06,Amritsar,0.0,0.0
2015-07-06,Barnala,0.0,0.0
2015-07-06,Bathinda,0.0,0.0
2015-07-06,Faridkot,0.0,0.0
2015-07-06,Fatehgarh Sahib,0.0,0.0
2015-07-06,Firozpur,0.0,0.0
2015-07-06,Gurdaspur,0.0,0.0
2015-07-06,Hoshiarpur,0.0,0.0
2015-07-06,Jalandhar,0.0,0.0
2015-07-06,Kapurthala,0.0,0.0
2015-07-06,Ludhiana,0.0,0.0
2015-07-06,Mansa,0.0,0.0
2015-07-06,Moga,0.0,0.0
2015-07-06,Muktsar,0.0,0.0
2015-07-06,Nawanshahr,0.0,0.0
2015-07-06,Patiala,0.0,0.0
2015-07-06,Rupnagar,0.0,0.0
2015-07-06,Sahibzada Ajit Singh Nagar,0.0,0.0
2015-07-06,Sangrur,0.0,0.0
2015-07-06,Tarn Taran,0.0,0.0
2015-07-07,Amritsar,0.0,0.0
2015-07-07,Barnala,0.0,0.0
2015-07-07,Bathinda,0.0,0.0
2015-07-07,Faridkot,0.0,0.0
2015-07-07,Fatehgarh Sahib,0.0,0.0
2015-07-07,Firozpur,0.0,0.0
2015-07-07,Gurdaspur,0.0,0.0
2015-07-07,Hoshiarpur,0.0,0.0
2015-07-07,Jalandhar,0.0,0.0
2015-07-07,Kapurthala,0.0,0.0
2015-07-07,Ludhiana,0.0,0.0
2015-07-07,Mansa,0.0,0.0
2015-07-07,Moga,0.0,0.0
2015-07-07,Muktsar,0.0,0.0
2015-07-07,Nawanshahr,0.0,0.0
2015-07-07,Patiala,0.0,0.0
2015-07-07,Rupnagar,0.0,0.0
2015-07-07,Sahibzada Ajit Singh Nagar,0.0,0.0
2015-07-07,Sangrur,0.0,0.0
2015-07-07,Tarn Taran,0.0,0.0
2015-07-08,Amritsar,0.0,0.0
2015-07-08,Barnala,0.0,0.0
2015-07-08,Bathinda,0.0,0.0
2015-07-08,Faridkot,0.0,0.0
2015-07-08,Fatehgarh Sahib,0.0,0.0
2015-07-08,Firozpur,0.0,0.0
2015-07-08,Gurdaspur,0.0,0.0
2015-07-08,Hoshiarpur,0.0,0.0
2015-07-08,Jalandhar,0.0,0.0
2015-07-08,Kapurthala,0.0,0.0
2015-07-08,Ludhiana,0.0,0.0
2015-07-08,Mansa,0.0,0.0
2015-07-08,Moga,0.0,0.0
2015-07-08,Muktsar,0.0,0.0
2015-07-08,Nawanshahr,0.0,0.0
2015-07-08,Patiala,0.0,0.0
2015-07-08,Rupnagar,0.0,0.0
2015-07-08,Sahibzada Ajit Singh Nagar,0.0,0.0
2015-07-08,Sangrur,0.0,0.0
2015-07-08,Tarn Taran,0.0,0.0
2015-07-09,Amritsar,0.0,0.0
2015-07-09,Barnala,0.0,0.0
2015-07-09,Bathinda,0.0,0.0
2015-07-09,Faridkot,0.0,0.0
2015-07-09,Fatehgarh Sahib,0.0,0.0
2015-07-09,Firozpur,0.0,0.0
2015-07-09,Gurdaspur,0.0,0.0
2015-07-09,Hoshiarpur,0.0,0.0
2015-07-09,Jalandhar,0.0,0.0
2015-07-09,Kapurthala,0.0,0.0
2015-07-09,Ludhiana,0.0,0.0
2015-07-09,Mansa,0.0,0.0
2015-07-09,Moga,0.0,0.0
2015-07-09,Muktsar,0.0,0.0
2015-07-09,Nawanshahr,0.0,0.0
2015-07-09,Patiala,0.0,0.0
2015-07-09,Rupnagar,0.0,0.0
2015-07-09,Sahibzada Ajit Singh Nagar,0.0,0.0
2015-07-09,Sangrur,0.0,0.0
2015-07-09,Tarn Taran,0.0,0.0
2015-07-10,Amritsar,0.0,0.0
2015-07-10,Barnala,834.12,0.005597
2015-07-10,Bathinda,0.0,0.0
2015-07-10,Faridkot,0.0,0.0
2015-07-10,Fatehgarh Sahib,4017.9,0.035042
2015-07-10,Firozpur,0.0,0.0
2015-07-10,Gurdaspur,6900.3,0.01901
2015-07-10,Hoshiarpur,617.28,0.001828
2015-07-10,Jalandhar,30.83,0.000118
2015-07-10,Kapurthala,8.74,5.2e-05
2015-07-10,Ludhiana,4447.28,0.012366
2015-07-10,Mansa,135.76,0.000612
2015-07-10,Moga,0.0,0.0
2015-07-10,Muktsar,0.0,0.0
2015-07-10,Nawanshahr,1339.9,0.010269
2015-07-10,Patiala,4535.27,0.013577
2015-07-10,Rupnagar,76.96,0.000554
2015-07-10,Sahibzada Ajit Singh Nagar,0.0,0.0
2015-07-10,Sangrur,19041.11,0.05273
2015-07-10,Tarn Taran,0.0,0.0
2015-07-11,Amritsar,0.0,0.0
2015-07-11,Barnala,0.0,0.0
2015-07-11,Bathinda,0.0,0.0
2015-07-11,Faridkot,0.0,0.0
2015-07-11,Fatehgarh Sahib,0.0,0.0
2015-07-11,Firozpur,0.0,0.0
2015-07-11,Gurdaspur,0.0,0.0
2015-07-11,Hoshiarpur,0.0,0.0
2015-07-11,Jalandhar,0.0,0.0
2015-07-11,Kapurthala,0.0,0.0
2015-07-11,Ludhiana,0.0,0.0
2015-07-11,Mansa,0.0,0.0
2015-07-11,Moga,0.0,0.0
2015-07-11,Muktsar,0.0,0.0
2015-07-11,Nawanshahr,0.0,0.0
2015-07-11,Patiala,0.0,0.0
2015-07-11,Rupnagar,0.0,0.0
2015-07-11,Sahibzada Ajit Singh Nagar,0.0,0.0
2015-07-11,Sangrur,0.0,0.0
2015-07-11,Tarn Taran,0.0,0.0
2015-07-12,Amritsar,0.0,0.0
2015-07-12,Barnala,0.0,0.0
2015-07-12,Bathinda,0.0,0.0
2015-07-12,Faridkot,0.0,0.0
2015-07-12,Fatehgarh Sahib,0.0,0.0
2015-07-12,Firozpur,0.0,0.0
2015-07-12,Gurdaspur,0.0,0.0
2015-07-12,Hoshiarpur,0.0,0.0
2015-07-12,Jalandhar,0.0,0.0
2015-07-12,Kapurthala,0.0,0.0
2015-07-12,Ludhiana,0.0,0.0
2015-07-12,Mansa,0.0,0.0
2015-07-12,Moga,0.0,0.0
2015-07-12,Muktsar,0.0,0.0
2015-07-12,Nawanshahr,0.0,0.0
2015-07-12,Patiala,0.0,0.0
2015-07-12,Rupnagar,0.0,0.0
2015-07-12,Sahibzada Ajit Singh Nagar,0.0,0.0
2015-07-12,Sangrur,0.0,0.0
2015-07-12,Tarn Taran,0.0,0.0
2015-07-13,Amritsar,0.0,0.0
2015-07-13,Barnala,0.0,0.0
2015-07-13,Bathinda,0.0,0.0
2015-07-13,Faridkot,0.0,0.0
2015-07-13,Fatehgarh Sahib,0.0,0.0
2015-07-13,Firozpur,0.0,0.0
2015-07-13,Gurdaspur,0.0,0.0
2015-07-13,Hoshiarpur,0.0,0.0
2015-07-13,Jalandhar,0.0,0.0
2015-07-13,Kapurthala,0.0,0.0
2015-07-13,Ludhiana,0.0,0.0
2015-07-13,Mansa,0.0,0.0
2015-07-13,Moga,0.0,0.0
2015-07-13,Muktsar,0.0,0.0
2015-07-13,Nawanshahr,0.0,0.0
2015-07-13,Patiala,0.0,0.0
2015-07-13,Rupnagar,0.0,0.0
2015-07-13,Sahibzada Ajit Singh Nagar,0.0,0.0
2015-07-13,Sangrur,0.0,0.0
2015-07-13,Tarn Taran,0.0,0.0
2015-07-14,Amritsar,0.0,0.0
2015-07-14,Barnala,0.0,0.0
2015-07-14,Bathinda,0.0,0.0
2015-07-14,Faridkot,0.0,0.0
2015-07-14,Fatehgarh Sahib,0.0,0.0
2015-07-14,Firozpur,0.0,0.0
2015-07-14,Gurdaspur,0.0,0.0
2015-07-14,Hoshiarpur,0.0,0.0
2015-07-14,Jalandhar,0.0,0.0
2015-07-14,Kapurthala,0.0,0.0
2015-07-14,Ludhiana,0.0,0.0
2015-07-14,Mansa,0.0,0.0
2015-07-14,Moga,0.0,0.0
2015-07-14,Muktsar,0.0,0.0
2015-07-14,Nawanshahr,0.0,0.0
2015-07-14,Patiala,0.0,0.0
2015-07-14,Rupnagar,0.0,0.0
2015-07-14,Sahibzada Ajit Singh Nagar,0.0,0.0
2015-07-14,Sangrur,0.0,0.0
2015-07-14,Tarn Taran,0.0,0.0
2015-07-15,Amritsar,222.55,0.000834
2015-07-15,Barnala,49.24,0.00033
2015-07-15,Bathinda,0.0,0.0
2015-07-15,Faridkot,12.6,8.7e-05
2015-07-15,Fatehgarh Sahib,0.0,0.0
2015-07-15,Firozpur,135.38,0.000259
2015-07-15,Gurdaspur,73.12,0.000201
2015-07-15,Hoshiarpur,0.0,0.0
2015-07-15,Jalandhar,15.39,5.9e-05
2015-07-15,Kapurthala,5.82,3.5e-05
2015-07-15,Ludhiana,5.15,1.4e-05
2015-07-15,Mansa,4.51,2e-05
2015-07-15,Moga,48.1,0.000204
2015-07-15,Muktsar,26.01,0.0001
2015-07-15,Nawanshahr,0.0,0.0
2015-07-15,Patiala,18.02,5.4e-05
2015-07-15,Rupnagar,0.0,0.0
2015-07-15,Sahibzada Ajit Singh Nagar,0.0,0.0
2015-07-15,Sangrur,1360.18,0.003767
2015-07-15,Tarn Taran,197.98,0.000825
2015-07-16,Amritsar,0.0,0.0
2015-07-16,Barnala,0.0,0.0
2015-07-16,Bathinda,0.0,0.0
2015-07-16,Faridkot,0.0,0.0
2015-07-16,Fatehgarh Sahib,0.0,0.0
2015-07-16,Firozpur,0.0,0.0
2015-07-16,Gurdaspur,0.0,0.0
2015-07-16,Hoshiarpur,0.0,0.0
2015-07-16,Jalandhar,0.0,0.0
2015-07-16,Kapurthala,0.0,0.0
2015-07-16,Ludhiana,0.0,0.0
2015-07-16,Mansa,0.0,0.0
2015-07-16,Moga,0.0,0.0
2015-07-16,Muktsar,0.0,0.0
2015-07-16,Nawanshahr,0.0,0.0
2015-07-16,Patiala,0.0,0.0
2015-07-16,Rupnagar,0.0,0.0
2015-07-16,Sahibzada Ajit Singh Nagar,0.0,0.0
2015-07-16,Sangrur,0.0,0.0
2015-07-16,Tarn Taran,0.0,0.0
2015-07-17,Amritsar,0.0,0.0
2015-07-17,Barnala,0.0,0.0
2015-07-17,Bathinda,0.0,0.0
2015-07-17,Faridkot,0.0,0.0
2015-07-17,Fatehgarh Sahib,0.0,0.0
2015-07-17,Firozpur,0.0,0.0
2015-07-17,Gurdaspur,0.0,0.0
2015-07-17,Hoshiarpur,0.0,0.0
2015-07-17,Jalandhar,0.0,0.0
2015-07-17,Kapurthala,0.0,0.0
2015-07-17,Ludhiana,0.0,0.0
2015-07-17,Mansa,0.0,0.0
2015-07-17,Moga,0.0,0.0
2015-07-17,Muktsar,0.0,0.0
2015-07-17,Nawanshahr,0.0,0.0
2015-07-17,Patiala,0.0,0.0
2015-07-17,Rupnagar,0.0,0.0
2015-07-17,Sahibzada Ajit Singh Nagar,0.0,0.0
2015-07-17,Sangrur,0.0,0.0
2015-07-17,Tarn Taran,0.0,0.0
2015-07-18,Amritsar,0.0,0.0
2015-07-18,Barnala,0.0,0.0
2015-07-18,Bathinda,0.0,0.0
2015-07-18,Faridkot,0.0,0.0
2015-07-18,Fatehgarh Sahib,0.0,0.0
2015-07-18,Firozpur,0.0,0.0
2015-07-18,Gurdaspur,0.0,0.0
2015-07-18,Hoshiarpur,0.0,0.0
2015-07-18,Jalandhar,0.0,0.0
2015-07-18,Kapurthala,0.0,0.0
2015-07-18,Ludhiana,0.0,0.0
2015-07-18,Mansa,0.0,0.0
2015-07-18,Moga,0.0,0.0
2015-07-18,Muktsar,0.0,0.0
2015-07-18,Nawanshahr,0.0,0.0
2015-07-18,Patiala,0.0,0.0
2015-07-18,Rupnagar,0.0,0.0
2015-07-18,Sahibzada Ajit Singh Nagar,0.0,0.0
2015-07-18,Sangrur,0.0,0.0
2015-07-18,Tarn Taran,0.0,0.0
2015-07-19,Amritsar,0.0,0.0
2015-07-19,Barnala,0.0,0.0
2015-07-19,Bathinda,0.0,0.0
2015-07-19,Faridkot,0.0,0.0
2015-07-19,Fatehgarh Sahib,0.0,0.0
2015-07-19,Firozpur,0.0,0.0
2015-07-19,Gurdaspur,0.0,0.0
2015-07-19,Hoshiarpur,0.0,0.0
2015-07-19,Jalandhar,0.0,0.0
2015-07-19,Kapurthala,0.0,0.0
2015-07-19,Ludhiana,0.0,0.0
2015-07-19,Mansa,0.0,0.0
2015-07-19,Moga,0.0,0.0
2015-07-19,Muktsar,0.0,0.0
2015-07-19,Nawanshahr,0.0,0.0
2015-07-19,Patiala,0.0,0.0
2015-07-19,Rupnagar,0.0,0.0
2015-07-19,Sahibzada Ajit Singh Nagar,0.0,0.0
2015-07-19,Sangrur,0.0,0.0
2015-07-19,Tarn Taran,0.0,0.0
2015-07-20,Amritsar,0.0,0.0
2015-07-20,Barnala,0.0,0.0
2015-07-20,Bathinda,0.0,0.0
2015-07-20,Faridkot,0.0,0.0
2015-07-20,Fatehgarh Sahib,0.0,0.0
2015-07-20,Firozpur,0.0,0.0
2015-07-20,Gurdaspur,0.0,0.0
2015-07-20,Hoshiarpur,0.0,0.0
2015-07-20,Jalandhar,0.0,0.0
2015-07-20,Kapurthala,0.0,0.0
2015-07-20,Ludhiana,0.0,0.0
2015-07-20,Mansa,0.0,0.0
2015-07-20,Moga,0.0,0.0
2015-07-20,Muktsar,0.0,0.0
2015-07-20,Nawanshahr,0.0,0.0
2015-07-20,Patiala,0.0,0.0
2015-07-20,Rupnagar,0.0,0.0
2015-07-20,Sahibzada Ajit Singh Nagar,0.0,0.0
2015-07-20,Sangrur,0.0,0.0
2015-07-20,Tarn Taran,0.0,0.0
2015-07-21,Amritsar,0.0,0.0
2015-07-21,Barnala,0.0,0.0
2015-07-21,Bathinda,0.0,0.0
2015-07-21,Faridkot,0.0,0.0
2015-07-21,Fatehgarh Sahib,0.0,0.0
2015-07-21,Firozpur,0.0,0.0
2015-07-21,Gurdaspur,0.0,0.0
2015-07-21,Hoshiarpur,0.0,0.0
2015-07-21,Jalandhar,0.0,0.0
2015-07-21,Kapurthala,0.0,0.0
2015-07-21,Ludhiana,0.0,0.0
2015-07-21,Mansa,0.0,0.0
2015-07-21,Moga,0.0,0.0
2015-07-21,Muktsar,0.0,0.0
2015-07-21,Nawanshahr,0.0,0.0
2015-07-21,Patiala,0.0,0.0
2015-07-21,Rupnagar,0.0,0.0
2015-07-21,Sahibzada Ajit Singh Nagar,0.0,0.0
2015-07-21,Sangrur,0.0,0.0
2015-07-21,Tarn Taran,0.0,0.0
2015-07-22,Amritsar,0.0,0.0
2015-07-22,Barnala,0.0,0.0
2015-07-22,Bathinda,0.0,0.0
2015-07-22,Faridkot,0.0,0.0
2015-07-22,Fatehgarh Sahib,0.0,0.0
2015-07-22,Firozpur,0.0,0.0
2015-07-22,Gurdaspur,0.0,0.0
2015-07-22,Hoshiarpur,0.0,0.0
2015-07-22,Jalandhar,0.0,0.0
2015-07-22,Kapurthala,0.0,0.0
2015-07-22,Ludhiana,0.0,0.0
2015-07-22,Mansa,0.0,0.0
2015-07-22,Moga,0.0,0.0
2015-07-22,Muktsar,0.0,0.0
2015-07-22,Nawanshahr,0.0,0.0
2015-07-22,Patiala,0.0,0.0
2015-07-22,Rupnagar,0.0,0.0
2015-07-22,Sahibzada Ajit Singh Nagar,0.0,0.0
2015-07-22,Sangrur,0.0,0.0
2015-07-22,Tarn Taran,0.0,0.0
2015-07-23,Amritsar,63.37,0.000238
2015-07-23,Barnala,5.98,4e-05
2015-07-23,Bathinda,8.24,2.4e-05
2015-07-23,Faridkot,0.74,5e-06
2015-07-23,Fatehgarh Sahib,0.74,6e-06
2015-07-23,Firozpur,170.8,0.000327
2015-07-23,Gurdaspur,88.9,0.000245
2015-07-23,Hoshiarpur,2.17,6e-06
2015-07-23,Jalandhar,72.6,0.000278
2015-07-23,Kapurthala,10.22,6.1e-05
2015-07-23,Ludhiana,49.25,0.000137
2015-07-23,Mansa,10.52,4.7e-05
2015-07-23,Moga,6.6,2.8e-05
2015-07-23,Muktsar,0.0,0.0
2015-07-23,Nawanshahr,8.08,6.2e-05
2015-07-23,Patiala,0.0,0.0
2015-07-23,Rupnagar,0.0,0.0
2015-07-23,Sahibzada Ajit Singh Nagar,0.0,0.0
2015-07-23,Sangrur,19.56,5.4e-05
2015-07-23,Tarn Taran,100.98,0.000421
2015-07-24,Amritsar,0.0,0.0
2015-07-24,Barnala,0.0,0.0
2015-07-24,Bathinda,0.0,0.0
2015-07-24,Faridkot,0.0,0.0
2015-07-24,Fatehgarh Sahib,0.0,0.0
2015-07-24,Firozpur,0.0,0.0
2015-07-24,Gurdaspur,0.0,0.0
2015-07-24,Hoshiarpur,0.0,0.0
2015-07-24,Jalandhar,0.0,0.0
2015-07-24,Kapurthala,0.0,0.0
2015-07-24,Ludhiana,0.0,0.0
2015-07-24,Mansa,0.0,0.0
2015-07-24,Moga,0.0,0.0
2015-07-24,Muktsar,0.0,0.0
2015-07-24,Nawanshahr,0.0,0.0
2015-07-24,Patiala,0.0,0.0
2015-07-24,Rupnagar,0.0,0.0
2015-07-24,Sahibzada Ajit Singh Nagar,0.0,0.0
2015-07-24,Sangrur,0.0,0.0
2015-07-24,Tarn Taran,0.0,0.0
2015-07-25,Amritsar,0.0,0.0
2015-07-25,Barnala,0.0,0.0
2015-07-25,Bathinda,0.0,0.0
2015-07-25,Faridkot,0.0,0.0
2015-07-25,Fatehgarh Sahib,0.0,0.0
2015-07-25,Firozpur,0.0,0.0
2015-07-25,Gurdaspur,0.0,0.0
2015-07-25,Hoshiarpur,0.0,0.0
2015-07-25,Jalandhar,0.0,0.0
2015-07-25,Kapurthala,0.0,0.0
2015-07-25,Ludhiana,0.0,0.0
2015-07-25,Mansa,0.0,0.0
2015-07-25,Moga,0.0,0.0
2015-07-25,Muktsar,0.0,0.0
2015-07-25,Nawanshahr,0.0,0.0
2015-07-25,Patiala,0.0,0.0
2015-07-25,Rupnagar,0.0,0.0
2015-07-25,Sahibzada Ajit Singh Nagar,0.0,0.0
2015-07-25,Sangrur,0.0,0.0
2015-07-25,Tarn Taran,0.0,0.0
2015-07-26,Amritsar,0.0,0.0
2015-07-26,Barnala,0.0,0.0
2015-07-26,Bathinda,0.0,0.0
2015-07-26,Faridkot,0.0,0.0
2015-07-26,Fatehgarh Sahib,0.0,0.0
2015-07-26,Firozpur,0.0,0.0
2015-07-26,Gurdaspur,0.0,0.0
2015-07-26,Hoshiarpur,0.0,0.0
2015-07-26,Jalandhar,0.0,0.0
2015-07-26,Kapurthala,0.0,0.0
2015-07-26,Ludhiana,0.0,0.0
2015-07-26,Mansa,0.0,0.0
2015-07-26,Moga,0.0,0.0
2015-07-26,Muktsar,0.0,0.0
2015-07-26,Nawanshahr,0.0,0.0
2015-07-26,Patiala,0.0,0.0
2015-07-26,Rupnagar,0.0,0.0
2015-07-26,Sahibzada Ajit Singh Nagar,0.0,0.0
2015-07-26,Sangrur,0.0,0.0
2015-07-26,Tarn Taran,0.0,0.0
2015-07-27,Amritsar,0.0,0.0
2015-07-27,Barnala,0.0,0.0
2015-07-27,Bathinda,0.0,0.0
2015-07-27,Faridkot,0.0,0.0
2015-07-27,Fatehgarh Sahib,0.0,0.0
2015-07-27,Firozpur,0.0,0.0
2015-07-27,Gurdaspur,0.0,0.0
2015-07-27,Hoshiarpur,0.0,0.0
2015-07-27,Jalandhar,0.0,0.0
2015-07-27,Kapurthala,0.0,0.0
2015-07-27,Ludhiana,0.0,0.0
2015-07-27,Mansa,0.0,0.0
2015-07-27,Moga,0.0,0.0
2015-07-27,Muktsar,0.0,0.0
2015-07-27,Nawanshahr,0.0,0.0
2015-07-27,Patiala,0.0,0.0
2015-07-27,Rupnagar,0.0,0.0
2015-07-27,Sahibzada Ajit Singh Nagar,0.0,0.0
2015-07-27,Sangrur,0.0,0.0
2015-07-27,Tarn Taran,0.0,0.0
2015-07-28,Amritsar,0.0,0.0
2015-07-28,Barnala,0.0,0.0
2015-07-28,Bathinda,0.0,0.0
2015-07-28,Faridkot,0.0,0.0
2015-07-28,Fatehgarh Sahib,0.0,0.0
2015-07-28,Firozpur,0.0,0.0
2015-07-28,Gurdaspur,0.0,0.0
2015-07-28,Hoshiarpur,0.0,0.0
2015-07-28,Jalandhar,0.0,0.0
2015-07-28,Kapurthala,0.0,0.0
2015-07-28,Ludhiana,0.0,0.0
2015-07-28,Mansa,0.0,0.0
2015-07-28,Moga,0.0,0.0
2015-07-28,Muktsar,0.0,0.0
2015-07-28,Nawanshahr,0.0,0.0
2015-07-28,Patiala,0.0,0.0
2015-07-28,Rupnagar,0.0,0.0
2015-07-28,Sahibzada Ajit Singh Nagar,0.0,0.0
2015-07-28,Sangrur,0.0,0.0
2015-07-28,Tarn Taran,0.0,0.0
2015-07-29,Amritsar,0.0,0.0
2015-07-29,Barnala,0.0,0.0
2015-07-29,Bathinda,0.0,0.0
2015-07-29,Faridkot,0.0,0.0
2015-07-29,Fatehgarh Sahib,0.0,0.0
2015-07-29,Firozpur,0.0,0.0
2015-07-29,Gurdaspur,0.0,0.0
2015-07-29,Hoshiarpur,0.0,0.0
2015-07-29,Jalandhar,0.0,0.0
2015-07-29,Kapurthala,0.0,0.0
2015-07-29,Ludhiana,0.0,0.0
2015-07-29,Mansa,0.0,0.0
2015-07-29,Moga,0.0,0.0
2015-07-29,Muktsar,0.0,0.0
2015-07-29,Nawanshahr,0.0,0.0
2015-07-29,Patiala,0.0,0.0
2015-07-29,Rupnagar,0.0,0.0
2015-07-29,Sahibzada Ajit Singh Nagar,0.0,0.0
2015-07-29,Sangrur,0.0,0.0
2015-07-29,Tarn Taran,0.0,0.0
2015-07-30,Amritsar,0.0,0.0
2015-07-30,Barnala,0.0,0.0
2015-07-30,Bathinda,0.0,0.0
2015-07-30,Faridkot,0.0,0.0
2015-07-30,Fatehgarh Sahib,0.0,0.0
2015-07-30,Firozpur,0.0,0.0
2015-07-30,Gurdaspur,0.0,0.0
2015-07-30,Hoshiarpur,0.0,0.0
2015-07-30,Jalandhar,0.0,0.0
2015-07-30,Kapurthala,0.0,0.0
2015-07-30,Ludhiana,0.0,0.0
2015-07-30,Mansa,0.0,0.0
2015-07-30,Moga,0.0,0.0
2015-07-30,Muktsar,0.0,0.0
2015-07-30,Nawanshahr,0.0,0.0
2015-07-30,Patiala,0.0,0.0
2015-07-30,Rupnagar,0.0,0.0
2015-07-30,Sahibzada Ajit Singh Nagar,0.0,0.0
2015-07-30,Sangrur,0.0,0.0
2015-07-30,Tarn Taran,0.0,0.0
2015-07-31,Amritsar,0.0,0.0
2015-07-31,Barnala,0.0,0.0
2015-07-31,Bathinda,0.0,0.0
2015-07-31,Faridkot,0.0,0.0
2015-07-31,Fatehgarh Sahib,0.0,0.0
2015-07-31,Firozpur,0.0,0.0
2015-07-31,Gurdaspur,0.0,0.0
2015-07-31,Hoshiarpur,0.0,0.0
2015-07-31,Jalandhar,0.0,0.0
2015-07-31,Kapurthala,0.0,0.0
2015-07-31,Ludhiana,0.0,0.0
2015-07-31,Mansa,0.0,0.0
2015-07-31,Moga,0.0,0.0
2015-07-31,Muktsar,0.0,0.0
2015-07-31,Nawanshahr,0.0,0.0
2015-07-31,Patiala,0.0,0.0
2015-07-31,Rupnagar,0.0,0.0
2015-07-31,Sahibzada Ajit Singh Nagar,0.0,0.0
2015-07-31,Sangrur,0.0,0.0
2015-07-31,Tarn Taran,0.0,0.0
2015-08-01,Amritsar,0.0,0.0
2015-08-01,Barnala,0.0,0.0
2015-08-01,Bathinda,0.0,0.0
2015-08-01,Faridkot,0.0,0.0
2015-08-01,Fatehgarh Sahib,0.0,0.0
2015-08-01,Firozpur,0.0,0.0
2015-08-01,Gurdaspur,0.0,0.0
2015-08-01,Hoshiarpur,0.0,0.0
2015-08-01,Jalandhar,0.0,0.0
2015-08-01,Kapurthala,0.0,0.0
2015-08-01,Ludhiana,0.0,0.0
2015-08-01,Mansa,0.0,0.0
2015-08-01,Moga,0.0,0.0
2015-08-01,Muktsar,0.0,0.0
2015-08-01,Nawanshahr,0.0,0.0
2015-08-01,Patiala,0.0,0.0
2015-08-01,Rupnagar,0.0,0.0
2015-08-01,Sahibzada Ajit Singh Nagar,0.0,0.0
2015-08-01,Sangrur,0.0,0.0
2015-08-01,Tarn Taran,0.0,0.0
2015-08-02,Amritsar,0.0,0.0
2015-08-02,Barnala,0.0,0.0
2015-08-02,Bathinda,0.0,0.0
2015-08-02,Faridkot,0.0,0.0
2015-08-02,Fatehgarh Sahib,0.0,0.0
2015-08-02,Firozpur,0.0,0.0
2015-08-02,Gurdaspur,0.0,0.0
2015-08-02,Hoshiarpur,0.0,0.0
2015-08-02,Jalandhar,0.0,0.0
2015-08-02,Kapurthala,0.0,0.0
2015-08-02,Ludhiana,0.0,0.0
2015-08-02,Mansa,0.0,0.0
2015-08-02,Moga,0.0,0.0
2015-08-02,Muktsar,0.0,0.0
2015-08-02,Nawanshahr,0.0,0.0
2015-08-02,Patiala,0.0,0.0
2015-08-02,Rupnagar,0.0,0.0
2015-08-02,Sahibzada Ajit Singh Nagar,0.0,0.0
2015-08-02,Sangrur,0.0,0.0
2015-08-02,Tarn Taran,0.0,0.0
2015-08-03,Amritsar,0.0,0.0
2015-08-03,Barnala,0.0,0.0
2015-08-03,Bathinda,0.0,0.0
2015-08-03,Faridkot,0.0,0.0
2015-08-03,Fatehgarh Sahib,0.0,0.0
2015-08-03,Firozpur,0.0,0.0
2015-08-03,Gurdaspur,0.0,0.0
2015-08-03,Hoshiarpur,0.0,0.0
2015-08-03,Jalandhar,0.0,0.0
2015-08-03,Kapurthala,0.0,0.0
2015-08-03,Ludhiana,0.0,0.0
2015-08-03,Mansa,0.0,0.0
2015-08-03,Moga,0.0,0.0
2015-08-03,Muktsar,0.0,0.0
2015-08-03,Nawanshahr,0.0,0.0
2015-08-03,Patiala,0.0,0.0
2015-08-03,Rupnagar,0.0,0.0
2015-08-03,Sahibzada Ajit Singh Nagar,0.0,0.0
2015-08-03,Sangrur,0.0,0.0
2015-08-03,Tarn Taran,0.0,0.0
2015-08-04,Amritsar,0.0,0.0
2015-08-04,Barnala,0.0,0.0
2015-08-04,Bathinda,0.0,0.0
2015-08-04,Faridkot,0.0,0.0
2015-08-04,Fatehgarh Sahib,0.0,0.0
2015-08-04,Firozpur,0.0,0.0
2015-08-04,Gurdaspur,0.0,0.0
2015-08-04,Hoshiarpur,0.0,0.0
2015-08-04,Jalandhar,0.0,0.0
2015-08-04,Kapurthala,0.0,0.0
2015-08-04,Ludhiana,0.0,0.0
2015-08-04,Mansa,0.0,0.0
2015-08-04,Moga,0.0,0.0
2015-08-04,Muktsar,0.0,0.0
2015-08-04,Nawanshahr,0.0,0.0
2015-08-04,Patiala,0.0,0.0
2015-08-04,Rupnagar,0.0,0.0
2015-08-04,Sahibzada Ajit Singh Nagar,0.0,0.0
2015-08-04,Sangrur,0.0,0.0
2015-08-04,Tarn Taran,0.0,0.0
2015-08-05,Amritsar,0.0,0.0
2015-08-05,Barnala,0.0,0.0
2015-08-05,Bathinda,0.0,0.0
2015-08-05,Faridkot,0.0,0.0
2015-08-05,Fatehgarh Sahib,0.0,0.0
2015-08-05,Firozpur,0.0,0.0
2015-08-05,Gurdaspur,0.0,0.0
2015-08-05,Hoshiarpur,0.0,0.0
2015-08-05,Jalandhar,0.0,0.0
2015-08-05,Kapurthala,0.0,0.0
2015-08-05,Ludhiana,0.0,0.0
2015-08-05,Mansa,0.0,0.0
2015-08-05,Moga,0.0,0.0
2015-08-05,Muktsar,0.0,0.0
2015-08-05,Nawanshahr,0.0,0.0
2015-08-05,Patiala,0.0,0.0
2015-08-05,Rupnagar,0.0,0.0
2015-08-05,Sahibzada Ajit Singh Nagar,0.0,0.0
2015-08-05,Sangrur,0.0,0.0
2015-08-05,Tarn Taran,0.0,0.0
2015-08-06,Amritsar,0.0,0.0
2015-08-06,Barnala,0.0,0.0
2015-08-06,Bathinda,0.0,0.0
2015-08-06,Faridkot,0.0,0.0
2015-08-06,Fatehgarh Sahib,0.0,0.0
2015-08-06,Firozpur,0.0,0.0
2015-08-06,Gurdaspur,0.0,0.0
2015-08-06,Hoshiarpur,0.0,0.0
2015-08-06,Jalandhar,0.0,0.0
2015-08-06,Kapurthala,0.0,0.0
2015-08-06,Ludhiana,0.0,0.0
2015-08-06,Mansa,0.0,0.0
2015-08-06,Moga,0.0,0.0
2015-08-06,Muktsar,0.0,0.0
2015-08-06,Nawanshahr,0.0,0.0
2015-08-06,Patiala,0.0,0.0
2015-08-06,Rupnagar,0.0,0.0
2015-08-06,Sahibzada Ajit Singh Nagar,0.0,0.0
2015-08-06,Sangrur,0.0,0.0
2015-08-06,Tarn Taran,0.0,0.0
2015-08-07,Amritsar,0.0,0.0
2015-08-07,Barnala,0.0,0.0
2015-08-07,Bathinda,0.0,0.0
2015-08-07,Faridkot,0.0,0.0
2015-08-07,Fatehgarh Sahib,0.0,0.0
2015-08-07,Firozpur,0.0,0.0
2015-08-07,Gurdaspur,0.0,0.0
2015-08-07,Hoshiarpur,0.0,0.0
2015-08-07,Jalandhar,0.0,0.0
2015-08-07,Kapurthala,0.0,0.0
2015-08-07,Ludhiana,0.0,0.0
2015-08-07,Mansa,0.0,0.0
2015-08-07,Moga,0.0,0.0
2015-08-07,Muktsar,0.0,0.0
2015-08-07,Nawanshahr,0.0,0.0
2015-08-07,Patiala,0.0,0.0
2015-08-07,Rupnagar,0.0,0.0
2015-08-07,Sahibzada Ajit Singh Nagar,0.0,0.0
2015-08-07,Sangrur,0.0,0.0
2015-08-07,Tarn Taran,0.0,0.0
2015-08-08,Amritsar,54.7,0.000205
2015-08-08,Barnala,0.0,0.0
2015-08-08,Bathinda,0.0,0.0
2015-08-08,Faridkot,0.0,0.0
2015-08-08,Fatehgarh Sahib,0.0,0.0
2015-08-08,Firozpur,288.41,0.000552
2015-08-08,Gurdaspur,101.15,0.000279
2015-08-08,Hoshiarpur,2.17,6e-06
2015-08-08,Jalandhar,104.12,0.000398
2015-08-08,Kapurthala,387.97,0.002328
2015-08-08,Ludhiana,47.78,0.000133
2015-08-08,Mansa,3.76,1.7e-05
2015-08-08,Moga,54.3,0.000231
2015-08-08,Muktsar,0.0,0.0
2015-08-08,Nawanshahr,0.0,0.0
2015-08-08,Patiala,0.0,0.0
2015-08-08,Rupnagar,0.0,0.0
2015-08-08,Sahibzada Ajit Singh Nagar,0.0,0.0
2015-08-08,Sangrur,30.11,8.3e-05
2015-08-08,Tarn Taran,835.65,0.003481
2015-08-09,Amritsar,0.0,0.0
2015-08-09,Barnala,0.0,0.0
2015-08-09,Bathinda,0.0,0.0
2015-08-09,Faridkot,0.0,0.0
2015-08-09,Fatehgarh Sahib,0.0,0.0
2015-08-09,Firozpur,0.0,0.0
2015-08-09,Gurdaspur,0.0,0.0
2015-08-09,Hoshiarpur,0.0,0.0
2015-08-09,Jalandhar,0.0,0.0
2015-08-09,Kapurthala,0.0,0.0
2015-08-09,Ludhiana,0.0,0.0
2015-08-09,Mansa,0.0,0.0
2015-08-09,Moga,0.0,0.0
2015-08-09,Muktsar,0.0,0.0
2015-08-09,Nawanshahr,0.0,0.0
2015-08-09,Patiala,0.0,0.0
2015-08-09,Rupnagar,0.0,0.0
2015-08-09,Sahibzada Ajit Singh Nagar,0.0,0.0
2015-08-09,Sangrur,0.0,0.0
2015-08-09,Tarn Taran,0.0,0.0
2015-08-10,Amritsar,0.0,0.0
2015-08-10,Barnala,0.0,0.0
2015-08-10,Bathinda,0.0,0.0
2015-08-10,Faridkot,0.0,0.0
2015-08-10,Fatehgarh Sahib,0.0,0.0
2015-08-10,Firozpur,0.0,0.0
2015-08-10,Gurdaspur,0.0,0.0
2015-08-10,Hoshiarpur,0.0,0.0
2015-08-10,Jalandhar,0.0,0.0
2015-08-10,Kapurthala,0.0,0.0
2015-08-10,Ludhiana,0.0,0.0
2015-08-10,Mansa,0.0,0.0
2015-08-10,Moga,0.0,0.0
2015-08-10,Muktsar,0.0,0.0
2015-08-10,Nawanshahr,0.0,0.0
2015-08-10,Patiala,0.0,0.0
2015-08-10,Rupnagar,0.0,0.0
2015-08-10,Sahibzada Ajit Singh Nagar,0.0,0.0
2015-08-10,Sangrur,0.0,0.0
2015-08-10,Tarn Taran,0.0,0.0
2015-08-11,Amritsar,0.0,0.0
2015-08-11,Barnala,0.0,0.0
2015-08-11,Bathinda,0.0,0.0
2015-08-11,Faridkot,0.0,0.0
2015-08-11,Fatehgarh Sahib,0.0,0.0
2015-08-11,Firozpur,0.0,0.0
2015-08-11,Gurdaspur,0.0,0.0
2015-08-11,Hoshiarpur,0.0,0.0
2015-08-11,Jalandhar,0.0,0.0
2015-08-11,Kapurthala,0.0,0.0
2015-08-11,Ludhiana,0.0,0.0
2015-08-11,Mansa,0.0,0.0
2015-08-11,Moga,0.0,0.0
2015-08-11,Muktsar,0.0,0.0
2015-08-11,Nawanshahr,0.0,0.0
2015-08-11,Patiala,0.0,0.0
2015-08-11,Rupnagar,0.0,0.0
2015-08-11,Sahibzada Ajit Singh Nagar,0.0,0.0
2015-08-11,Sangrur,0.0,0.0
2015-08-11,Tarn Taran,0.0,0.0
2015-08-12,Amritsar,0.0,0.0
2015-08-12,Barnala,0.0,0.0
2015-08-12,Bathinda,0.0,0.0
2015-08-12,Faridkot,0.0,0.0
2015-08-12,Fatehgarh Sahib,0.0,0.0
2015-08-12,Firozpur,0.0,0.0
2015-08-12,Gurdaspur,0.0,0.0
2015-08-12,Hoshiarpur,0.0,0.0
2015-08-12,Jalandhar,0.0,0.0
2015-08-12,Kapurthala,0.0,0.0
2015-08-12,Ludhiana,0.0,0.0
2015-08-12,Mansa,0.0,0.0
2015-08-12,Moga,0.0,0.0
2015-08-12,Muktsar,0.0,0.0
2015-08-12,Nawanshahr,0.0,0.0
2015-08-12,Patiala,0.0,0.0
2015-08-12,Rupnagar,0.0,0.0
2015-08-12,Sahibzada Ajit Singh Nagar,0.0,0.0
2015-08-12,Sangrur,0.0,0.0
2015-08-12,Tarn Taran,0.0,0.0
2015-08-13,Amritsar,0.0,0.0
2015-08-13,Barnala,0.0,0.0
2015-08-13,Bathinda,0.0,0.0
2015-08-13,Faridkot,0.0,0.0
2015-08-13,Fatehgarh Sahib,0.0,0.0
2015-08-13,Firozpur,0.0,0.0
2015-08-13,Gurdaspur,0.0,0.0
2015-08-13,Hoshiarpur,0.0,0.0
2015-08-13,Jalandhar,0.0,0.0
2015-08-13,Kapurthala,0.0,0.0
2015-08-13,Ludhiana,0.0,0.0
2015-08-13,Mansa,0.0,0.0
2015-08-13,Moga,0.0,0.0
2015-08-13,Muktsar,0.0,0.0
2015-08-13,Nawanshahr,0.0,0.0
2015-08-13,Patiala,0.0,0.0
2015-08-13,Rupnagar,0.0,0.0
2015-08-13,Sahibzada Ajit Singh Nagar,0.0,0.0
2015-08-13,Sangrur,0.0,0.0
2015-08-13,Tarn Taran,0.0,0.0
2015-08-14,Amritsar,0.0,0.0
2015-08-14,Barnala,0.0,0.0
2015-08-14,Bathinda,0.0,0.0
2015-08-14,Faridkot,0.0,0.0
2015-08-14,Fatehgarh Sahib,0.0,0.0
2015-08-14,Firozpur,0.0,0.0
2015-08-14,Gurdaspur,0.0,0.0
2015-08-14,Hoshiarpur,0.0,0.0
2015-08-14,Jalandhar,0.0,0.0
2015-08-14,Kapurthala,0.0,0.0
2015-08-14,Ludhiana,0.0,0.0
2015-08-14,Mansa,0.0,0.0
2015-08-14,Moga,0.0,0.0
2015-08-14,Muktsar,0.0,0.0
2015-08-14,Nawanshahr,0.0,0.0
2015-08-14,Patiala,0.0,0.0
2015-08-14,Rupnagar,0.0,0.0
2015-08-14,Sahibzada Ajit Singh Nagar,0.0,0.0
2015-08-14,Sangrur,0.0,0.0
2015-08-14,Tarn Taran,0.0,0.0
2015-08-15,Amritsar,0.0,0.0
2015-08-15,Barnala,0.0,0.0
2015-08-15,Bathinda,0.0,0.0
2015-08-15,Faridkot,0.0,0.0
2015-08-15,Fatehgarh Sahib,0.0,0.0
2015-08-15,Firozpur,0.0,0.0
2015-08-15,Gurdaspur,0.0,0.0
2015-08-15,Hoshiarpur,0.0,0.0
2015-08-15,Jalandhar,0.0,0.0
2015-08-15,Kapurthala,0.0,0.0
2015-08-15,Ludhiana,0.0,0.0
2015-08-15,Mansa,0.0,0.0
2015-08-15,Moga,0.0,0.0
2015-08-15,Muktsar,0.0,0.0
2015-08-15,Nawanshahr,0.0,0.0
2015-08-15,Patiala,0.0,0.0
2015-08-15,Rupnagar,0.0,0.0
2015-08-15,Sahibzada Ajit Singh Nagar,0.0,0.0
2015-08-15,Sangrur,0.0,0.0
2015-08-15,Tarn Taran,0.0,0.0
2015-08-16,Amritsar,108.82,0.000408
2015-08-16,Barnala,0.0,0.0
2015-08-16,Bathinda,0.0,0.0
2015-08-16,Faridkot,52.41,0.00036
2015-08-16,Fatehgarh Sahib,0.0,0.0
2015-08-16,Firozpur,2731.79,0.005232
2015-08-16,Gurdaspur,258.18,0.000711
2015-08-16,Hoshiarpur,39.81,0.000118
2015-08-16,Jalandhar,74.1,0.000283
2015-08-16,Kapurthala,1601.13,0.009608
2015-08-16,Ludhiana,22.79,6.3e-05
2015-08-16,Mansa,17.28,7.8e-05
2015-08-16,Moga,73.37,0.000312
2015-08-16,Muktsar,10.41,4e-05
2015-08-16,Nawanshahr,0.0,0.0
2015-08-16,Patiala,0.0,0.0
2015-08-16,Rupnagar,0.0,0.0
2015-08-16,Sahibzada Ajit Singh Nagar,0.0,0.0
2015-08-16,Sangrur,0.0,0.0
2015-08-16,Tarn Taran,2855.94,0.011897
2015-08-17,Amritsar,0.0,0.0
2015-08-17,Barnala,0.0,0.0
2015-08-17,Bathinda,0.0,0.0
2015-08-17,Faridkot,0.0,0.0
2015-08-17,Fatehgarh Sahib,0.0,0.0
2015-08-17,Firozpur,0.0,0.0
2015-08-17,Gurdaspur,0.0,0.0
2015-08-17,Hoshiarpur,0.0,0.0
2015-08-17,Jalandhar,0.0,0.0
2015-08-17,Kapurthala,0.0,0.0
2015-08-17,Ludhiana,0.0,0.0
2015-08-17,Mansa,0.0,0.0
2015-08-17,Moga,0.0,0.0
2015-08-17,Muktsar,0.0,0.0
2015-08-17,Nawanshahr,0.0,0.0
2015-08-17,Patiala,0.0,0.0
2015-08-17,Rupnagar,0.0,0.0
2015-08-17,Sahibzada Ajit Singh Nagar,0.0,0.0
2015-08-17,Sangrur,0.0,0.0
2015-08-17,Tarn Taran,0.0,0.0
2015-08-18,Amritsar,0.0,0.0
2015-08-18,Barnala,0.0,0.0
2015-08-18,Bathinda,0.0,0.0
2015-08-18,Faridkot,0.0,0.0
2015-08-18,Fatehgarh Sahib,0.0,0.0
2015-08-18,Firozpur,0.0,0.0
2015-08-18,Gurdaspur,0.0,0.0
2015-08-18,Hoshiarpur,0.0,0.0
2015-08-18,Jalandhar,0.0,0.0
2015-08-18,Kapurthala,0.0,0.0
2015-08-18,Ludhiana,0.0,0.0
2015-08-18,Mansa,0.0,0.0
2015-08-18,Moga,0.0,0.0
2015-08-18,Muktsar,0.0,0.0
2015-08-18,Nawanshahr,0.0,0.0
2015-08-18,Patiala,0.0,0.0
2015-08-18,Rupnagar,0.0,0.0
2015-08-18,Sahibzada Ajit Singh Nagar,0.0,0.0
2015-08-18,Sangrur,0.0,0.0
2015-08-18,Tarn Taran,0.0,0.0
2015-08-19,Amritsar,0.0,0.0
2015-08-19,Barnala,0.0,0.0
2015-08-19,Bathinda,0.0,0.0
2015-08-19,Faridkot,0.0,0.0
2015-08-19,Fatehgarh Sahib,0.0,0.0
2015-08-19,Firozpur,0.0,0.0
2015-08-19,Gurdaspur,0.0,0.0
2015-08-19,Hoshiarpur,0.0,0.0
2015-08-19,Jalandhar,0.0,0.0
2015-08-19,Kapurthala,0.0,0.0
2015-08-19,Ludhiana,0.0,0.0
2015-08-19,Mansa,0.0,0.0
2015-08-19,Moga,0.0,0.0
2015-08-19,Muktsar,0.0,0.0
2015-08-19,Nawanshahr,0.0,0.0
2015-08-19,Patiala,0.0,0.0
2015-08-19,Rupnagar,0.0,0.0
2015-08-19,Sahibzada Ajit Singh Nagar,0.0,0.0
2015-08-19,Sangrur,0.0,0.0
2015-08-19,Tarn Taran,0.0,0.0
2015-08-20,Amritsar,0.0,0.0
2015-08-20,Barnala,0.0,0.0
2015-08-20,Bathinda,0.0,0.0
2015-08-20,Faridkot,0.0,0.0
2015-08-20,Fatehgarh Sahib,0.0,0.0
2015-08-20,Firozpur,0.0,0.0
2015-08-20,Gurdaspur,0.0,0.0
2015-08-20,Hoshiarpur,0.0,0.0
2015-08-20,Jalandhar,0.0,0.0
2015-08-20,Kapurthala,0.0,0.0
2015-08-20,Ludhiana,0.0,0.0
2015-08-20,Mansa,0.0,0.0
2015-08-20,Moga,0.0,0.0
2015-08-20,Muktsar,0.0,0.0
2015-08-20,Nawanshahr,0.0,0.0
2015-08-20,Patiala,0.0,0.0
2015-08-20,Rupnagar,0.0,0.0
2015-08-20,Sahibzada Ajit Singh Nagar,0.0,0.0
2015-08-20,Sangrur,0.0,0.0
2015-08-20,Tarn Taran,0.0,0.0
2015-08-21,Amritsar,0.0,0.0
2015-08-21,Barnala,0.0,0.0
2015-08-21,Bathinda,0.0,0.0
2015-08-21,Faridkot,0.0,0.0
2015-08-21,Fatehgarh Sahib,0.0,0.0
2015-08-21,Firozpur,11.87,2.3e-05
2015-08-21,Gurdaspur,0.0,0.0
2015-08-21,Hoshiarpur,0.0,0.0
2015-08-21,Jalandhar,0.0,0.0
2015-08-21,Kapurthala,0.0,0.0
2015-08-21,Ludhiana,0.0,0.0
2015-08-21,Mansa,0.0,0.0
2015-08-21,Moga,0.0,0.0
2015-08-21,Muktsar,0.0,0.0
2015-08-21,Nawanshahr,0.0,0.0
2015-08-21,Patiala,0.0,0.0
2015-08-21,Rupnagar,0.0,0.0
2015-08-21,Sahibzada Ajit Singh Nagar,0.0,0.0
2015-08-21,Sangrur,0.0,0.0
2015-08-21,Tarn Taran,0.0,0.0
2015-08-22,Amritsar,0.0,0.0
2015-08-22,Barnala,0.0,0.0
2015-08-22,Bathinda,0.0,0.0
2015-08-22,Faridkot,0.0,0.0
2015-08-22,Fatehgarh Sahib,0.0,0.0
2015-08-22,Firozpur,0.0,0.0
2015-08-22,Gurdaspur,0.0,0.0
2015-08-22,Hoshiarpur,0.0,0.0
2015-08-22,Jalandhar,0.0,0.0
2015-08-22,Kapurthala,0.0,0.0
2015-08-22,Ludhiana,0.0,0.0
2015-08-22,Mansa,0.0,0.0
2015-08-22,Moga,0.0,0.0
2015-08-22,Muktsar,0.0,0.0
2015-08-22,Nawanshahr,0.0,0.0
2015-08-22,Patiala,0.0,0.0
2015-08-22,Rupnagar,0.0,0.0
2015-08-22,Sahibzada Ajit Singh Nagar,0.0,0.0
2015-08-22,Sangrur,0.0,0.0
2015-08-22,Tarn Taran,0.0,0.0
2015-08-23,Amritsar,0.0,0.0
2015-08-23,Barnala,0.0,0.0
2015-08-23,Bathinda,0.0,0.0
2015-08-23,Faridkot,0.0,0.0
2015-08-23,Fatehgarh Sahib,3.71,3.2e-05
2015-08-23,Firozpur,0.0,0.0
2015-08-23,Gurdaspur,0.0,0.0
2015-08-23,Hoshiarpur,0.0,0.0
2015-08-23,Jalandhar,0.73,3e-06
2015-08-23,Kapurthala,0.0,0.0
2015-08-23,Ludhiana,2.2,6e-06
2015-08-23,Mansa,0.0,0.0
2015-08-23,Moga,0.0,0.0
2015-08-23,Muktsar,0.0,0.0
2015-08-23,Nawanshahr,8.08,6.2e-05
2015-08-23,Patiala,0.74,2e-06
2015-08-23,Rupnagar,0.0,0.0
2015-08-23,Sahibzada Ajit Singh Nagar,0.0,0.0
2015-08-23,Sangrur,0.0,0.0
2015-08-23,Tarn Taran,0.0,0.0
2015-08-24,Amritsar,0.0,0.0
2015-08-24,Barnala,0.0,0.0
2015-08-24,Bathinda,0.0,0.0
2015-08-24,Faridkot,0.0,0.0
2015-08-24,Fatehgarh Sahib,0.0,0.0
2015-08-24,Firozpur,0.0,0.0
2015-08-24,Gurdaspur,0.0,0.0
2015-08-24,Hoshiarpur,0.0,0.0
2015-08-24,Jalandhar,0.0,0.0
2015-08-24,Kapurthala,0.0,0.0
2015-08-24,Ludhiana,0.0,0.0
2015-08-24,Mansa,0.0,0.0
2015-08-24,Moga,0.0,0.0
2015-08-24,Muktsar,0.0,0.0
2015-08-24,Nawanshahr,0.0,0.0
2015-08-24,Patiala,0.0,0.0
2015-08-24,Rupnagar,0.0,0.0
2015-08-24,Sahibzada Ajit Singh Nagar,0.0,0.0
2015-08-24,Sangrur,0.0,0.0
2015-08-24,Tarn Taran,0.0,0.0
2015-08-25,Amritsar,0.0,0.0
2015-08-25,Barnala,0.0,0.0
2015-08-25,Bathinda,0.0,0.0
2015-08-25,Faridkot,0.0,0.0
2015-08-25,Fatehgarh Sahib,0.0,0.0
2015-08-25,Firozpur,0.0,0.0
2015-08-25,Gurdaspur,0.0,0.0
2015-08-25,Hoshiarpur,0.0,0.0
2015-08-25,Jalandhar,0.0,0.0
2015-08-25,Kapurthala,0.0,0.0
2015-08-25,Ludhiana,0.0,0.0
2015-08-25,Mansa,0.0,0.0
2015-08-25,Moga,0.0,0.0
2015-08-25,Muktsar,0.0,0.0
2015-08-25,Nawanshahr,0.0,0.0
2015-08-25,Patiala,0.0,0.0
2015-08-25,Rupnagar,0.0,0.0
2015-08-25,Sahibzada Ajit Singh Nagar,0.0,0.0
2015-08-25,Sangrur,0.0,0.0
2015-08-25,Tarn Taran,0.0,0.0
2015-08-26,Amritsar,0.0,0.0
2015-08-26,Barnala,0.0,0.0
2015-08-26,Bathinda,0.0,0.0
2015-08-26,Faridkot,0.0,0.0
2015-08-26,Fatehgarh Sahib,0.0,0.0
2015-08-26,Firozpur,0.0,0.0
2015-08-26,Gurdaspur,0.0,0.0
2015-08-26,Hoshiarpur,0.0,0.0
2015-08-26,Jalandhar,0.0,0.0
2015-08-26,Kapurthala,0.0,0.0
2015-08-26,Ludhiana,0.0,0.0
2015-08-26,Mansa,0.0,0.0
2015-08-26,Moga,0.0,0.0
2015-08-26,Muktsar,0.0,0.0
2015-08-26,Nawanshahr,0.0,0.0
2015-08-26,Patiala,0.0,0.0
2015-08-26,Rupnagar,0.0,0.0
2015-08-26,Sahibzada Ajit Singh Nagar,0.0,0.0
2015-08-26,Sangrur,0.0,0.0
2015-08-26,Tarn Taran,0.0,0.0
2015-08-27,Amritsar,1.45,5e-06
2015-08-27,Barnala,0.0,0.0
2015-08-27,Bathinda,0.0,0.0
2015-08-27,Faridkot,0.0,0.0
2015-08-27,Fatehgarh Sahib,0.0,0.0
2015-08-27,Firozpur,0.0,0.0
2015-08-27,Gurdaspur,52.34,0.000144
2015-08-27,Hoshiarpur,3.62,1.1e-05
2015-08-27,Jalandhar,0.0,0.0
2015-08-27,Kapurthala,11.65,7e-05
2015-08-27,Ludhiana,0.0,0.0
2015-08-27,Mansa,0.0,0.0
2015-08-27,Moga,0.0,0.0
2015-08-27,Muktsar,0.0,0.0
2015-08-27,Nawanshahr,0.0,0.0
2015-08-27,Patiala,0.74,2e-06
2015-08-27,Rupnagar,0.0,0.0
2015-08-27,Sahibzada Ajit Singh Nagar,0.0,0.0
2015-08-27,Sangrur,0.0,0.0
2015-08-27,Tarn Taran,0.0,0.0
2015-08-28,Amritsar,0.0,0.0
2015-08-28,Barnala,0.0,0.0
2015-08-28,Bathinda,0.0,0.0
2015-08-28,Faridkot,0.0,0.0
2015-08-28,Fatehgarh Sahib,0.0,0.0
2015-08-28,Firozpur,0.0,0.0
2015-08-28,Gurdaspur,0.0,0.0
2015-08-28,Hoshiarpur,0.0,0.0
2015-08-28,Jalandhar,0.0,0.0
2015-08-28,Kapurthala,0.0,0.0
2015-08-28,Ludhiana,0.0,0.0
2015-08-28,Mansa,0.0,0.0
2015-08-28,Moga,0.0,0.0
2015-08-28,Muktsar,0.0,0.0
2015-08-28,Nawanshahr,0.0,0.0
2015-08-28,Patiala,0.0,0.0
2015-08-28,Rupnagar,0.0,0.0
2015-08-28,Sahibzada Ajit Singh Nagar,0.0,0.0
2015-08-28,Sangrur,0.0,0.0
2015-08-28,Tarn Taran,0.0,0.0
2015-08-29,Amritsar,0.0,0.0
2015-08-29,Barnala,0.0,0.0
2015-08-29,Bathinda,0.0,0.0
2015-08-29,Faridkot,0.0,0.0
2015-08-29,Fatehgarh Sahib,0.0,0.0
2015-08-29,Firozpur,0.0,0.0
2015-08-29,Gurdaspur,0.0,0.0
2015-08-29,Hoshiarpur,0.0,0.0
2015-08-29,Jalandhar,0.0,0.0
2015-08-29,Kapurthala,0.0,0.0
2015-08-29,Ludhiana,0.0,0.0
2015-08-29,Mansa,0.0,0.0
2015-08-29,Moga,0.0,0.0
2015-08-29,Muktsar,0.0,0.0
2015-08-29,Nawanshahr,0.0,0.0
2015-08-29,Patiala,0.0,0.0
2015-08-29,Rupnagar,0.0,0.0
2015-08-29,Sahibzada Ajit Singh Nagar,0.0,0.0
2015-08-29,Sangrur,0.0,0.0
2015-08-29,Tarn Taran,0.0,0.0
2015-08-30,Amritsar,0.0,0.0
2015-08-30,Barnala,0.0,0.0
2015-08-30,Bathinda,0.0,0.0
2015-08-30,Faridkot,0.0,0.0
2015-08-30,Fatehgarh Sahib,0.0,0.0
2015-08-30,Firozpur,0.0,0.0
2015-08-30,Gurdaspur,0.0,0.0
2015-08-30,Hoshiarpur,0.0,0.0
2015-08-30,Jalandhar,0.0,0.0
2015-08-30,Kapurthala,0.0,0.0
2015-08-30,Ludhiana,0.0,0.0
2015-08-30,Mansa,0.0,0.0
2015-08-30,Moga,0.0,0.0
2015-08-30,Muktsar,0.0,0.0
2015-08-30,Nawanshahr,0.0,0.0
2015-08-30,Patiala,0.0,0.0
2015-08-30,Rupnagar,0.0,0.0
2015-08-30,Sahibzada Ajit Singh Nagar,0.0,0.0
2015-08-30,Sangrur,0.0,0.0
2015-08-30,Tarn Taran,0.0,0.0
2015-08-31,Amritsar,0.0,0.0
2015-08-31,Barnala,0.0,0.0
2015-08-31,Bathinda,0.0,0.0
2015-08-31,Faridkot,0.0,0.0
2015-08-31,Fatehgarh Sahib,0.0,0.0
2015-08-31,Firozpur,0.0,0.0
2015-08-31,Gurdaspur,0.0,0.0
2015-08-31,Hoshiarpur,0.0,0.0
2015-08-31,Jalandhar,0.0,0.0
2015-08-31,Kapurthala,0.0,0.0
2015-08-31,Ludhiana,0.0,0.0
2015-08-31,Mansa,0.0,0.0
2015-08-31,Moga,0.0,0.0
2015-08-31,Muktsar,0.0,0.0
2015-08-31,Nawanshahr,0.0,0.0
2015-08-31,Patiala,0.0,0.0
2015-08-31,Rupnagar,0.0,0.0
2015-08-31,Sahibzada Ajit Singh Nagar,0.0,0.0
2015-08-31,Sangrur,0.0,0.0
2015-08-31,Tarn Taran,0.0,0.0
2015-09-01,Amritsar,25.2,9.4e-05
2015-09-01,Barnala,0.0,0.0
2015-09-01,Bathinda,0.0,0.0
2015-09-01,Faridkot,0.0,0.0
2015-09-01,Fatehgarh Sahib,0.0,0.0
2015-09-01,Firozpur,19.25,3.7e-05
2015-09-01,Gurdaspur,48.8,0.000134
2015-09-01,Hoshiarpur,3.62,1.1e-05
2015-09-01,Jalandhar,11.02,4.2e-05
2015-09-01,Kapurthala,26.28,0.000158
2015-09-01,Ludhiana,0.0,0.0
2015-09-01,Mansa,3.01,1.4e-05
2015-09-01,Moga,0.0,0.0
2015-09-01,Muktsar,0.0,0.0
2015-09-01,Nawanshahr,0.0,0.0
2015-09-01,Patiala,0.0,0.0
2015-09-01,Rupnagar,0.0,0.0
2015-09-01,Sahibzada Ajit Singh Nagar,0.0,0.0
2015-09-01,Sangrur,0.0,0.0
2015-09-01,Tarn Taran,404.07,0.001683
2015-09-02,Amritsar,0.0,0.0
2015-09-02,Barnala,0.0,0.0
2015-09-02,Bathinda,0.0,0.0
2015-09-02,Faridkot,0.0,0.0
2015-09-02,Fatehgarh Sahib,0.0,0.0
2015-09-02,Firozpur,0.0,0.0
2015-09-02,Gurdaspur,0.0,0.0
2015-09-02,Hoshiarpur,0.0,0.0
2015-09-02,Jalandhar,0.0,0.0
2015-09-02,Kapurthala,0.0,0.0
2015-09-02,Ludhiana,0.0,0.0
2015-09-02,Mansa,0.0,0.0
2015-09-02,Moga,0.0,0.0
2015-09-02,Muktsar,0.0,0.0
2015-09-02,Nawanshahr,0.0,0.0
2015-09-02,Patiala,0.0,0.0
2015-09-02,Rupnagar,0.0,0.0
2015-09-02,Sahibzada Ajit Singh Nagar,0.0,0.0
2015-09-02,Sangrur,0.0,0.0
2015-09-02,Tarn Taran,0.0,0.0
2015-09-03,Amritsar,0.0,0.0
2015-09-03,Barnala,0.0,0.0
2015-09-03,Bathinda,0.0,0.0
2015-09-03,Faridkot,0.0,0.0
2015-09-03,Fatehgarh Sahib,0.0,0.0
2015-09-03,Firozpur,0.0,0.0
2015-09-03,Gurdaspur,0.0,0.0
2015-09-03,Hoshiarpur,0.0,0.0
2015-09-03,Jalandhar,0.0,0.0
2015-09-03,Kapurthala,0.0,0.0
2015-09-03,Ludhiana,0.0,0.0
2015-09-03,Mansa,0.0,0.0
2015-09-03,Moga,0.0,0.0
2015-09-03,Muktsar,0.0,0.0
2015-09-03,Nawanshahr,0.0,0.0
2015-09-03,Patiala,0.0,0.0
2015-09-03,Rupnagar,0.0,0.0
2015-09-03,Sahibzada Ajit Singh Nagar,0.0,0.0
2015-09-03,Sangrur,0.0,0.0
2015-09-03,Tarn Taran,0.0,0.0
2015-09-04,Amritsar,0.0,0.0
2015-09-04,Barnala,0.0,0.0
2015-09-04,Bathinda,0.0,0.0
2015-09-04,Faridkot,0.0,0.0
2015-09-04,Fatehgarh Sahib,0.0,0.0
2015-09-04,Firozpur,0.0,0.0
2015-09-04,Gurdaspur,0.0,0.0
2015-09-04,Hoshiarpur,0.0,0.0
2015-09-04,Jalandhar,0.0,0.0
2015-09-04,Kapurthala,0.0,0.0
2015-09-04,Ludhiana,0.0,0.0
2015-09-04,Mansa,0.0,0.0
2015-09-04,Moga,0.0,0.0
2015-09-04,Muktsar,0.0,0.0
2015-09-04,Nawanshahr,0.0,0.0
2015-09-04,Patiala,0.0,0.0
2015-09-04,Rupnagar,0.0,0.0
2015-09-04,Sahibzada Ajit Singh Nagar,0.0,0.0
2015-09-04,Sangrur,0.0,0.0
2015-09-04,Tarn Taran,0.0,0.0
2015-09-05,Amritsar,0.0,0.0
2015-09-05,Barnala,0.0,0.0
2015-09-05,Bathinda,0.0,0.0
2015-09-05,Faridkot,0.0,0.0
2015-09-05,Fatehgarh Sahib,0.0,0.0
2015-09-05,Firozpur,0.0,0.0
2015-09-05,Gurdaspur,0.0,0.0
2015-09-05,Hoshiarpur,0.0,0.0
2015-09-05,Jalandhar,0.0,0.0
2015-09-05,Kapurthala,0.0,0.0
2015-09-05,Ludhiana,0.0,0.0
2015-09-05,Mansa,0.0,0.0
2015-09-05,Moga,0.0,0.0
2015-09-05,Muktsar,0.0,0.0
2015-09-05,Nawanshahr,0.0,0.0
2015-09-05,Patiala,0.0,0.0
2015-09-05,Rupnagar,0.0,0.0
2015-09-05,Sahibzada Ajit Singh Nagar,0.0,0.0
2015-09-05,Sangrur,0.0,0.0
2015-09-05,Tarn Taran,0.0,0.0
2015-09-06,Amritsar,0.0,0.0
2015-09-06,Barnala,0.0,0.0
2015-09-06,Bathinda,0.0,0.0
2015-09-06,Faridkot,0.0,0.0
2015-09-06,Fatehgarh Sahib,0.0,0.0
2015-09-06,Firozpur,0.0,0.0
2015-09-06,Gurdaspur,0.0,0.0
2015-09-06,Hoshiarpur,0.0,0.0
2015-09-06,Jalandhar,0.0,0.0
2015-09-06,Kapurthala,0.0,0.0
2015-09-06,Ludhiana,0.0,0.0
2015-09-06,Mansa,0.0,0.0
2015-09-06,Moga,0.0,0.0
2015-09-06,Muktsar,0.0,0.0
2015-09-06,Nawanshahr,0.0,0.0
2015-09-06,Patiala,0.0,0.0
2015-09-06,Rupnagar,0.0,0.0
2015-09-06,Sahibzada Ajit Singh Nagar,0.0,0.0
2015-09-06,Sangrur,0.0,0.0
2015-09-06,Tarn Taran,0.0,0.0
2015-09-07,Amritsar,0.0,0.0
2015-09-07,Barnala,0.0,0.0
2015-09-07,Bathinda,0.0,0.0
2015-09-07,Faridkot,0.0,0.0
2015-09-07,Fatehgarh Sahib,0.0,0.0
2015-09-07,Firozpur,0.0,0.0
2015-09-07,Gurdaspur,0.0,0.0
2015-09-07,Hoshiarpur,0.0,0.0
2015-09-07,Jalandhar,0.0,0.0
2015-09-07,Kapurthala,0.0,0.0
2015-09-07,Ludhiana,0.0,0.0
2015-09-07,Mansa,0.0,0.0
2015-09-07,Moga,0.0,0.0
2015-09-07,Muktsar,0.0,0.0
2015-09-07,Nawanshahr,0.0,0.0
2015-09-07,Patiala,0.0,0.0
2015-09-07,Rupnagar,0.0,0.0
2015-09-07,Sahibzada Ajit Singh Nagar,0.0,0.0
2015-09-07,Sangrur,0.0,0.0
2015-09-07,Tarn Taran,0.0,0.0
2015-09-08,Amritsar,0.0,0.0
2015-09-08,Barnala,0.0,0.0
2015-09-08,Bathinda,0.0,0.0
2015-09-08,Faridkot,0.0,0.0
2015-09-08,Fatehgarh Sahib,0.0,0.0
2015-09-08,Firozpur,0.0,0.0
2015-09-08,Gurdaspur,0.0,0.0
2015-09-08,Hoshiarpur,0.0,0.0
2015-09-08,Jalandhar,0.0,0.0
2015-09-08,Kapurthala,0.0,0.0
2015-09-08,Ludhiana,0.0,0.0
2015-09-08,Mansa,0.0,0.0
2015-09-08,Moga,0.0,0.0
2015-09-08,Muktsar,0.0,0.0
2015-09-08,Nawanshahr,0.0,0.0
2015-09-08,Patiala,0.0,0.0
2015-09-08,Rupnagar,0.0,0.0
2015-09-08,Sahibzada Ajit Singh Nagar,0.0,0.0
2015-09-08,Sangrur,0.0,0.0
2015-09-08,Tarn Taran,0.0,0.0
2015-09-09,Amritsar,16.55,6.2e-05
2015-09-09,Barnala,0.0,0.0
2015-09-09,Bathinda,0.0,0.0
2015-09-09,Faridkot,2.22,1.5e-05
2015-09-09,Fatehgarh Sahib,0.0,0.0
2015-09-09,Firozpur,13.98,2.7e-05
2015-09-09,Gurdaspur,42.34,0.000117
2015-09-09,Hoshiarpur,2.9,9e-06
2015-09-09,Jalandhar,13.96,5.3e-05
2015-09-09,Kapurthala,20.41,0.000123
2015-09-09,Ludhiana,0.0,0.0
2015-09-09,Mansa,16.53,7.5e-05
2015-09-09,Moga,0.0,0.0
2015-09-09,Muktsar,0.0,0.0
2015-09-09,Nawanshahr,0.0,0.0
2015-09-09,Patiala,0.0,0.0
2015-09-09,Rupnagar,0.0,0.0
2015-09-09,Sahibzada Ajit Singh Nagar,0.0,0.0
2015-09-09,Sangrur,0.0,0.0
2015-09-09,Tarn Taran,358.0,0.001491
2015-09-10,Amritsar,0.0,0.0
2015-09-10,Barnala,0.0,0.0
2015-09-10,Bathinda,0.0,0.0
2015-09-10,Faridkot,0.0,0.0
2015-09-10,Fatehgarh Sahib,0.0,0.0
2015-09-10,Firozpur,0.0,0.0
2015-09-10,Gurdaspur,0.0,0.0
2015-09-10,Hoshiarpur,0.0,0.0
2015-09-10,Jalandhar,0.0,0.0
2015-09-10,Kapurthala,0.0,0.0
2015-09-10,Ludhiana,0.0,0.0
2015-09-10,Mansa,0.0,0.0
2015-09-10,Moga,0.0,0.0
2015-09-10,Muktsar,0.0,0.0
2015-09-10,Nawanshahr,0.0,0.0
2015-09-10,Patiala,0.0,0.0
2015-09-10,Rupnagar,0.0,0.0
2015-09-10,Sahibzada Ajit Singh Nagar,0.0,0.0
2015-09-10,Sangrur,0.0,0.0
2015-09-10,Tarn Taran,0.0,0.0
2015-09-11,Amritsar,0.0,0.0
2015-09-11,Barnala,0.0,0.0
2015-09-11,Bathinda,0.0,0.0
2015-09-11,Faridkot,0.0,0.0
2015-09-11,Fatehgarh Sahib,0.0,0.0
2015-09-11,Firozpur,0.0,0.0
2015-09-11,Gurdaspur,0.0,0.0
2015-09-11,Hoshiarpur,0.0,0.0
2015-09-11,Jalandhar,0.0,0.0
2015-09-11,Kapurthala,0.0,0.0
2015-09-11,Ludhiana,0.0,0.0
2015-09-11,Mansa,0.0,0.0
2015-09-11,Moga,0.0,0.0
2015-09-11,Muktsar,0.0,0.0
2015-09-11,Nawanshahr,0.0,0.0
2015-09-11,Patiala,0.0,0.0
2015-09-11,Rupnagar,0.0,0.0
2015-09-11,Sahibzada Ajit Singh Nagar,0.0,0.0
2015-09-11,Sangrur,0.0,0.0
2015-09-11,Tarn Taran,0.0,0.0
2015-09-12,Amritsar,0.0,0.0
2015-09-12,Barnala,0.0,0.0
2015-09-12,Bathinda,0.0,0.0
2015-09-12,Faridkot,0.0,0.0
2015-09-12,Fatehgarh Sahib,0.0,0.0
2015-09-12,Firozpur,0.0,0.0
2015-09-12,Gurdaspur,0.0,0.0
2015-09-12,Hoshiarpur,0.0,0.0
2015-09-12,Jalandhar,0.0,0.0
2015-09-12,Kapurthala,0.0,0.0
2015-09-12,Ludhiana,0.0,0.0
2015-09-12,Mansa,0.0,0.0
2015-09-12,Moga,0.0,0.0
2015-09-12,Muktsar,0.0,0.0
2015-09-12,Nawanshahr,0.0,0.0
2015-09-12,Patiala,0.0,0.0
2015-09-12,Rupnagar,0.0,0.0
2015-09-12,Sahibzada Ajit Singh Nagar,0.0,0.0
2015-09-12,Sangrur,0.0,0.0
2015-09-12,Tarn Taran,0.0,0.0
2015-09-13,Amritsar,0.0,0.0
2015-09-13,Barnala,0.0,0.0
2015-09-13,Bathinda,0.0,0.0
2015-09-13,Faridkot,0.0,0.0
2015-09-13,Fatehgarh Sahib,0.0,0.0
2015-09-13,Firozpur,0.0,0.0
2015-09-13,Gurdaspur,0.0,0.0
2015-09-13,Hoshiarpur,0.0,0.0
2015-09-13,Jalandhar,0.0,0.0
2015-09-13,Kapurthala,0.0,0.0
2015-09-13,Ludhiana,0.0,0.0
2015-09-13,Mansa,0.0,0.0
2015-09-13,Moga,0.0,0.0
2015-09-13,Muktsar,0.0,0.0
2015-09-13,Nawanshahr,0.0,0.0
2015-09-13,Patiala,0.0,0.0
2015-09-13,Rupnagar,0.0,0.0
2015-09-13,Sahibzada Ajit Singh Nagar,0.0,0.0
2015-09-13,Sangrur,0.0,0.0
2015-09-13,Tarn Taran,0.0,0.0
2015-09-14,Amritsar,0.0,0.0
2015-09-14,Barnala,0.0,0.0
2015-09-14,Bathinda,0.0,0.0
2015-09-14,Faridkot,0.0,0.0
2015-09-14,Fatehgarh Sahib,0.0,0.0
2015-09-14,Firozpur,0.0,0.0
2015-09-14,Gurdaspur,0.0,0.0
2015-09-14,Hoshiarpur,0.0,0.0
2015-09-14,Jalandhar,0.0,0.0
2015-09-14,Kapurthala,0.0,0.0
2015-09-14,Ludhiana,0.0,0.0
2015-09-14,Mansa,0.0,0.0
2015-09-14,Moga,0.0,0.0
2015-09-14,Muktsar,0.0,0.0
2015-09-14,Nawanshahr,0.0,0.0
2015-09-14,Patiala,0.0,0.0
2015-09-14,Rupnagar,0.0,0.0
2015-09-14,Sahibzada Ajit Singh Nagar,0.0,0.0
2015-09-14,Sangrur,0.0,0.0
2015-09-14,Tarn Taran,0.0,0.0
2015-09-15,Amritsar,0.0,0.0
2015-09-15,Barnala,0.0,0.0
2015-09-15,Bathinda,0.0,0.0
2015-09-15,Faridkot,0.0,0.0
2015-09-15,Fatehgarh Sahib,0.0,0.0
2015-09-15,Firozpur,0.0,0.0
2015-09-15,Gurdaspur,0.0,0.0
2015-09-15,Hoshiarpur,0.0,0.0
2015-09-15,Jalandhar,0.0,0.0
2015-09-15,Kapurthala,0.0,0.0
2015-09-15,Ludhiana,0.0,0.0
2015-09-15,Mansa,0.0,0.0
2015-09-15,Moga,0.0,0.0
2015-09-15,Muktsar,0.0,0.0
2015-09-15,Nawanshahr,0.0,0.0
2015-09-15,Patiala,0.0,0.0
2015-09-15,Rupnagar,0.0,0.0
2015-09-15,Sahibzada Ajit Singh Nagar,0.0,0.0
2015-09-15,Sangrur,0.0,0.0
2015-09-15,Tarn Taran,0.0,0.0
2015-09-16,Amritsar,0.0,0.0
2015-09-16,Barnala,0.0,0.0
2015-09-16,Bathinda,0.0,0.0
2015-09-16,Faridkot,0.0,0.0
2015-09-16,Fatehgarh Sahib,0.0,0.0
2015-09-16,Firozpur,0.0,0.0
2015-09-16,Gurdaspur,0.0,0.0
2015-09-16,Hoshiarpur,0.0,0.0
2015-09-16,Jalandhar,0.0,0.0
2015-09-16,Kapurthala,0.0,0.0
2015-09-16,Ludhiana,0.0,0.0
2015-09-16,Mansa,0.0,0.0
2015-09-16,Moga,0.0,0.0
2015-09-16,Muktsar,0.0,0.0
2015-09-16,Nawanshahr,0.0,0.0
2015-09-16,Patiala,0.0,0.0
2015-09-16,Rupnagar,0.0,0.0
2015-09-16,Sahibzada Ajit Singh Nagar,0.0,0.0
2015-09-16,Sangrur,0.0,0.0
2015-09-16,Tarn Taran,0.0,0.0
2015-09-17,Amritsar,0.0,0.0
2015-09-17,Barnala,0.0,0.0
2015-09-17,Bathinda,0.0,0.0
2015-09-17,Faridkot,0.0,0.0
2015-09-17,Fatehgarh Sahib,0.0,0.0
2015-09-17,Firozpur,0.0,0.0
2015-09-17,Gurdaspur,0.0,0.0
2015-09-17,Hoshiarpur,0.0,0.0
2015-09-17,Jalandhar,0.0,0.0
2015-09-17,Kapurthala,0.0,0.0
2015-09-17,Ludhiana,0.0,0.0
2015-09-17,Mansa,0.0,0.0
2015-09-17,Moga,0.0,0.0
2015-09-17,Muktsar,0.0,0.0
2015-09-17,Nawanshahr,0.0,0.0
2015-09-17,Patiala,0.0,0.0
2015-09-17,Rupnagar,0.0,0.0
2015-09-17,Sahibzada Ajit Singh Nagar,0.0,0.0
2015-09-17,Sangrur,0.0,0.0
2015-09-17,Tarn Taran,0.0,0.0
2015-09-18,Amritsar,0.0,0.0
2015-09-18,Barnala,0.0,0.0
2015-09-18,Bathinda,0.0,0.0
2015-09-18,Faridkot,0.0,0.0
2015-09-18,Fatehgarh Sahib,0.0,0.0
2015-09-18,Firozpur,0.0,0.0
2015-09-18,Gurdaspur,0.0,0.0
2015-09-18,Hoshiarpur,0.0,0.0
2015-09-18,Jalandhar,0.0,0.0
2015-09-18,Kapurthala,0.0,0.0
2015-09-18,Ludhiana,0.0,0.0
2015-09-18,Mansa,0.0,0.0
2015-09-18,Moga,0.0,0.0
2015-09-18,Muktsar,0.0,0.0
2015-09-18,Nawanshahr,0.0,0.0
2015-09-18,Patiala,0.0,0.0
2015-09-18,Rupnagar,0.0,0.0
2015-09-18,Sahibzada Ajit Singh Nagar,0.0,0.0
2015-09-18,Sangrur,0.0,0.0
2015-09-18,Tarn Taran,0.0,0.0
2015-09-19,Amritsar,0.0,0.0
2015-09-19,Barnala,0.0,0.0
2015-09-19,Bathinda,0.0,0.0
2015-09-19,Faridkot,0.0,0.0
2015-09-19,Fatehgarh Sahib,0.0,0.0
2015-09-19,Firozpur,0.0,0.0
2015-09-19,Gurdaspur,0.0,0.0
2015-09-19,Hoshiarpur,0.0,0.0
2015-09-19,Jalandhar,0.0,0.0
2015-09-19,Kapurthala,0.0,0.0
2015-09-19,Ludhiana,0.0,0.0
2015-09-19,Mansa,0.0,0.0
2015-09-19,Moga,0.0,0.0
2015-09-19,Muktsar,0.0,0.0
2015-09-19,Nawanshahr,0.0,0.0
2015-09-19,Patiala,0.0,0.0
2015-09-19,Rupnagar,0.0,0.0
2015-09-19,Sahibzada Ajit Singh Nagar,0.0,0.0
2015-09-19,Sangrur,0.0,0.0
2015-09-19,Tarn Taran,0.0,0.0
2015-09-20,Amritsar,0.0,0.0
2015-09-20,Barnala,0.0,0.0
2015-09-20,Bathinda,0.0,0.0
2015-09-20,Faridkot,0.0,0.0
2015-09-20,Fatehgarh Sahib,0.0,0.0
2015-09-20,Firozpur,0.0,0.0
2015-09-20,Gurdaspur,0.0,0.0
2015-09-20,Hoshiarpur,0.0,0.0
2015-09-20,Jalandhar,0.0,0.0
2015-09-20,Kapurthala,0.0,0.0
2015-09-20,Ludhiana,0.0,0.0
2015-09-20,Mansa,0.0,0.0
2015-09-20,Moga,0.0,0.0
2015-09-20,Muktsar,0.0,0.0
2015-09-20,Nawanshahr,0.0,0.0
2015-09-20,Patiala,0.0,0.0
2015-09-20,Rupnagar,0.0,0.0
2015-09-20,Sahibzada Ajit Singh Nagar,0.0,0.0
2015-09-20,Sangrur,0.0,0.0
2015-09-20,Tarn Taran,0.0,0.0
2015-09-21,Amritsar,0.0,0.0
2015-09-21,Barnala,0.0,0.0
2015-09-21,Bathinda,0.0,0.0
2015-09-21,Faridkot,0.0,0.0
2015-09-21,Fatehgarh Sahib,0.0,0.0
2015-09-21,Firozpur,0.0,0.0
2015-09-21,Gurdaspur,0.0,0.0
2015-09-21,Hoshiarpur,0.0,0.0
2015-09-21,Jalandhar,0.0,0.0
2015-09-21,Kapurthala,0.0,0.0
2015-09-21,Ludhiana,0.0,0.0
2015-09-21,Mansa,0.0,0.0
2015-09-21,Moga,0.0,0.0
2015-09-21,Muktsar,0.0,0.0
2015-09-21,Nawanshahr,0.0,0.0
2015-09-21,Patiala,0.0,0.0
2015-09-21,Rupnagar,0.0,0.0
2015-09-21,Sahibzada Ajit Singh Nagar,0.0,0.0
2015-09-21,Sangrur,0.0,0.0
2015-09-21,Tarn Taran,0.0,0.0
2015-09-22,Amritsar,0.0,0.0
2015-09-22,Barnala,0.0,0.0
2015-09-22,Bathinda,0.0,0.0
2015-09-22,Faridkot,0.0,0.0
2015-09-22,Fatehgarh Sahib,0.0,0.0
2015-09-22,Firozpur,0.0,0.0
2015-09-22,Gurdaspur,0.0,0.0
2015-09-22,Hoshiarpur,0.0,0.0
2015-09-22,Jalandhar,0.0,0.0
2015-09-22,Kapurthala,0.0,0.0
2015-09-22,Ludhiana,0.0,0.0
2015-09-22,Mansa,0.0,0.0
2015-09-22,Moga,0.0,0.0
2015-09-22,Muktsar,0.0,0.0
2015-09-22,Nawanshahr,0.0,0.0
2015-09-22,Patiala,0.0,0.0
2015-09-22,Rupnagar,0.0,0.0
2015-09-22,Sahibzada Ajit Singh Nagar,0.0,0.0
2015-09-22,Sangrur,0.0,0.0
2015-09-22,Tarn Taran,0.0,0.0
2015-09-23,Amritsar,0.0,0.0
2015-09-23,Barnala,0.0,0.0
2015-09-23,Bathinda,0.0,0.0
2015-09-23,Faridkot,0.0,0.0
2015-09-23,Fatehgarh Sahib,0.0,0.0
2015-09-23,Firozpur,0.0,0.0
2015-09-23,Gurdaspur,0.0,0.0
2015-09-23,Hoshiarpur,0.0,0.0
2015-09-23,Jalandhar,0.0,0.0
2015-09-23,Kapurthala,0.0,0.0
2015-09-23,Ludhiana,0.0,0.0
2015-09-23,Mansa,0.0,0.0
2015-09-23,Moga,0.0,0.0
2015-09-23,Muktsar,0.0,0.0
2015-09-23,Nawanshahr,0.0,0.0
2015-09-23,Patiala,0.0,0.0
2015-09-23,Rupnagar,0.0,0.0
2015-09-23,Sahibzada Ajit Singh Nagar,0.0,0.0
2015-09-23,Sangrur,0.0,0.0
2015-09-23,Tarn Taran,0.0,0.0
2015-09-24,Amritsar,0.0,0.0
2015-09-24,Barnala,0.0,0.0
2015-09-24,Bathinda,0.0,0.0
2015-09-24,Faridkot,0.0,0.0
2015-09-24,Fatehgarh Sahib,0.0,0.0
2015-09-24,Firozpur,0.0,0.0
2015-09-24,Gurdaspur,0.0,0.0
2015-09-24,Hoshiarpur,0.0,0.0
2015-09-24,Jalandhar,0.0,0.0
2015-09-24,Kapurthala,0.0,0.0
2015-09-24,Ludhiana,0.0,0.0
2015-09-24,Mansa,0.0,0.0
2015-09-24,Moga,0.0,0.0
2015-09-24,Muktsar,0.0,0.0
2015-09-24,Nawanshahr,0.0,0.0
2015-09-24,Patiala,0.0,0.0
2015-09-24,Rupnagar,0.0,0.0
2015-09-24,Sahibzada Ajit Singh Nagar,0.0,0.0
2015-09-24,Sangrur,0.0,0.0
2015-09-24,Tarn Taran,0.0,0.0
2015-09-25,Amritsar,51.1,0.000192
2015-09-25,Barnala,0.0,0.0
2015-09-25,Bathinda,0.0,0.0
2015-09-25,Faridkot,0.0,0.0
2015-09-25,Fatehgarh Sahib,0.0,0.0
2015-09-25,Firozpur,206.68,0.000396
2015-09-25,Gurdaspur,114.89,0.000317
2015-09-25,Hoshiarpur,2.9,9e-06
2015-09-25,Jalandhar,6.61,2.5e-05
2015-09-25,Kapurthala,52.58,0.000316
2015-09-25,Ludhiana,0.0,0.0
2015-09-25,Mansa,8.27,3.7e-05
2015-09-25,Moga,0.0,0.0
2015-09-25,Muktsar,1.49,6e-06
2015-09-25,Nawanshahr,0.0,0.0
2015-09-25,Patiala,0.0,0.0
2015-09-25,Rupnagar,0.0,0.0
2015-09-25,Sahibzada Ajit Singh Nagar,0.0,0.0
2015-09-25,Sangrur,0.0,0.0
2015-09-25,Tarn Taran,574.73,0.002394
2015-09-26,Amritsar,0.0,0.0
2015-09-26,Barnala,0.0,0.0
2015-09-26,Bathinda,0.0,0.0
2015-09-26,Faridkot,0.0,0.0
2015-09-26,Fatehgarh Sahib,0.0,0.0
2015-09-26,Firozpur,0.0,0.0
2015-09-26,Gurdaspur,0.0,0.0
2015-09-26,Hoshiarpur,0.0,0.0
2015-09-26,Jalandhar,0.0,0.0
2015-09-26,Kapurthala,0.0,0.0
2015-09-26,Ludhiana,0.0,0.0
2015-09-26,Mansa,0.0,0.0
2015-09-26,Moga,0.0,0.0
2015-09-26,Muktsar,0.0,0.0
2015-09-26,Nawanshahr,0.0,0.0
2015-09-26,Patiala,0.0,0.0
2015-09-26,Rupnagar,0.0,0.0
2015-09-26,Sahibzada Ajit Singh Nagar,0.0,0.0
2015-09-26,Sangrur,0.0,0.0
2015-09-26,Tarn Taran,0.0,0.0
2015-09-27,Amritsar,0.0,0.0
2015-09-27,Barnala,0.0,0.0
2015-09-27,Bathinda,0.0,0.0
2015-09-27,Faridkot,0.0,0.0
2015-09-27,Fatehgarh Sahib,0.0,0.0
2015-09-27,Firozpur,0.0,0.0
2015-09-27,Gurdaspur,0.0,0.0
2015-09-27,Hoshiarpur,0.0,0.0
2015-09-27,Jalandhar,0.0,0.0
2015-09-27,Kapurthala,0.0,0.0
2015-09-27,Ludhiana,0.0,0.0
2015-09-27,Mansa,0.0,0.0
2015-09-27,Moga,0.0,0.0
2015-09-27,Muktsar,0.0,0.0
2015-09-27,Nawanshahr,0.0,0.0
2015-09-27,Patiala,0.0,0.0
2015-09-27,Rupnagar,0.0,0.0
2015-09-27,Sahibzada Ajit Singh Nagar,0.0,0.0
2015-09-27,Sangrur,0.0,0.0
2015-09-27,Tarn Taran,0.0,0.0
2015-09-28,Amritsar,0.0,0.0
2015-09-28,Barnala,0.0,0.0
2015-09-28,Bathinda,0.0,0.0
2015-09-28,Faridkot,0.0,0.0
2015-09-28,Fatehgarh Sahib,0.0,0.0
2015-09-28,Firozpur,0.0,0.0
2015-09-28,Gurdaspur,0.0,0.0
2015-09-28,Hoshiarpur,0.0,0.0
2015-09-28,Jalandhar,0.0,0.0
2015-09-28,Kapurthala,0.0,0.0
2015-09-28,Ludhiana,0.0,0.0
2015-09-28,Mansa,0.0,0.0
2015-09-28,Moga,0.0,0.0
2015-09-28,Muktsar,0.0,0.0
2015-09-28,Nawanshahr,0.0,0.0
2015-09-28,Patiala,0.0,0.0
2015-09-28,Rupnagar,0.0,0.0
2015-09-28,Sahibzada Ajit Singh Nagar,0.0,0.0
2015-09-28,Sangrur,0.0,0.0
2015-09-28,Tarn Taran,0.0,0.0
2015-09-29,Amritsar,0.0,0.0
2015-09-29,Barnala,0.0,0.0
2015-09-29,Bathinda,0.0,0.0
2015-09-29,Faridkot,0.0,0.0
2015-09-29,Fatehgarh Sahib,0.0,0.0
2015-09-29,Firozpur,0.0,0.0
2015-09-29,Gurdaspur,0.0,0.0
2015-09-29,Hoshiarpur,0.0,0.0
2015-09-29,Jalandhar,0.0,0.0
2015-09-29,Kapurthala,0.0,0.0
2015-09-29,Ludhiana,0.0,0.0
2015-09-29,Mansa,0.0,0.0
2015-09-29,Moga,0.0,0.0
2015-09-29,Muktsar,0.0,0.0
2015-09-29,Nawanshahr,0.0,0.0
2015-09-29,Patiala,0.0,0.0
2015-09-29,Rupnagar,0.0,0.0
2015-09-29,Sahibzada Ajit Singh Nagar,0.0,0.0
2015-09-29,Sangrur,0.0,0.0
2015-09-29,Tarn Taran,0.0,0.0
2016-06-15,Amritsar,15.84,5.9e-05
2016-06-15,Barnala,2322.46,0.015583
2016-06-15,Bathinda,2939.06,0.008694
2016-06-15,Faridkot,2670.53,0.018346
2016-06-15,Fatehgarh Sahib,0.0,0.0
2016-06-15,Firozpur,4772.03,0.009139
2016-06-15,Gurdaspur,85.4,0.000235
2016-06-15,Hoshiarpur,11.57,3.4e-05
2016-06-15,Jalandhar,184.55,0.000706
2016-06-15,Kapurthala,36.52,0.000219
2016-06-15,Ludhiana,350.8,0.000975
2016-06-15,Mansa,1208.56,0.005447
2016-06-15,Moga,1822.41,0.007741
2016-06-15,Muktsar,2913.18,0.011149
2016-06-15,Nawanshahr,0.0,0.0
2016-06-15,Patiala,75.14,0.000225
2016-06-15,Rupnagar,0.0,0.0
2016-06-15,Sahibzada Ajit Singh Nagar,0.0,0.0
2016-06-15,Sangrur,5093.64,0.014106
2016-06-15,Tarn Taran,198.35,0.000826
2016-06-16,Amritsar,0.0,0.0
2016-06-16,Barnala,0.0,0.0
2016-06-16,Bathinda,0.0,0.0
2016-06-16,Faridkot,0.0,0.0
2016-06-16,Fatehgarh Sahib,0.0,0.0
2016-06-16,Firozpur,0.0,0.0
2016-06-16,Gurdaspur,0.0,0.0
2016-06-16,Hoshiarpur,0.0,0.0
2016-06-16,Jalandhar,0.0,0.0
2016-06-16,Kapurthala,0.0,0.0
2016-06-16,Ludhiana,0.0,0.0
2016-06-16,Mansa,0.0,0.0
2016-06-16,Moga,0.0,0.0
2016-06-16,Muktsar,0.0,0.0
2016-06-16,Nawanshahr,0.0,0.0
2016-06-16,Patiala,0.0,0.0
2016-06-16,Rupnagar,0.0,0.0
2016-06-16,Sahibzada Ajit Singh Nagar,0.0,0.0
2016-06-16,Sangrur,0.0,0.0
2016-06-16,Tarn Taran,0.0,0.0
2016-06-17,Amritsar,0.0,0.0
2016-06-17,Barnala,0.0,0.0
2016-06-17,Bathinda,0.0,0.0
2016-06-17,Faridkot,0.0,0.0
2016-06-17,Fatehgarh Sahib,0.0,0.0
2016-06-17,Firozpur,0.0,0.0
2016-06-17,Gurdaspur,0.0,0.0
2016-06-17,Hoshiarpur,0.0,0.0
2016-06-17,Jalandhar,0.0,0.0
2016-06-17,Kapurthala,0.0,0.0
2016-06-17,Ludhiana,0.0,0.0
2016-06-17,Mansa,0.0,0.0
2016-06-17,Moga,0.0,0.0
2016-06-17,Muktsar,0.0,0.0
2016-06-17,Nawanshahr,0.0,0.0
2016-06-17,Patiala,0.0,0.0
2016-06-17,Rupnagar,0.0,0.0
2016-06-17,Sahibzada Ajit Singh Nagar,0.0,0.0
2016-06-17,Sangrur,0.0,0.0
2016-06-17,Tarn Taran,0.0,0.0
2016-06-18,Amritsar,0.0,0.0
2016-06-18,Barnala,0.0,0.0
2016-06-18,Bathinda,0.0,0.0
2016-06-18,Faridkot,0.0,0.0
2016-06-18,Fatehgarh Sahib,0.0,0.0
2016-06-18,Firozpur,0.0,0.0
2016-06-18,Gurdaspur,0.0,0.0
2016-06-18,Hoshiarpur,0.0,0.0
2016-06-18,Jalandhar,0.0,0.0
2016-06-18,Kapurthala,0.0,0.0
2016-06-18,Ludhiana,0.0,0.0
2016-06-18,Mansa,0.0,0.0
2016-06-18,Moga,0.0,0.0
2016-06-18,Muktsar,0.0,0.0
2016-06-18,Nawanshahr,0.0,0.0
2016-06-18,Patiala,0.0,0.0
2016-06-18,Rupnagar,0.0,0.0
2016-06-18,Sahibzada Ajit Singh Nagar,0.0,0.0
2016-06-18,Sangrur,0.0,0.0
2016-06-18,Tarn Taran,0.0,0.0
2016-06-19,Amritsar,0.0,0.0
2016-06-19,Barnala,0.0,0.0
2016-06-19,Bathinda,0.0,0.0
2016-06-19,Faridkot,0.0,0.0
2016-06-19,Fatehgarh Sahib,0.0,0.0
2016-06-19,Firozpur,0.0,0.0
2016-06-19,Gurdaspur,0.0,0.0
2016-06-19,Hoshiarpur,0.0,0.0
2016-06-19,Jalandhar,0.0,0.0
2016-06-19,Kapurthala,0.0,0.0
2016-06-19,Ludhiana,0.0,0.0
2016-06-19,Mansa,0.0,0.0
2016-06-19,Moga,0.0,0.0
2016-06-19,Muktsar,0.0,0.0
2016-06-19,Nawanshahr,0.0,0.0
2016-06-19,Patiala,0.0,0.0
2016-06-19,Rupnagar,0.0,0.0
2016-06-19,Sahibzada Ajit Singh Nagar,0.0,0.0
2016-06-19,Sangrur,0.0,0.0
2016-06-19,Tarn Taran,0.0,0.0
2016-06-20,Amritsar,0.0,0.0
2016-06-20,Barnala,0.0,0.0
2016-06-20,Bathinda,0.0,0.0
2016-06-20,Faridkot,0.0,0.0
2016-06-20,Fatehgarh Sahib,0.0,0.0
2016-06-20,Firozpur,0.0,0.0
2016-06-20,Gurdaspur,0.0,0.0
2016-06-20,Hoshiarpur,0.0,0.0
2016-06-20,Jalandhar,0.0,0.0
2016-06-20,Kapurthala,0.0,0.0
2016-06-20,Ludhiana,0.0,0.0
2016-06-20,Mansa,0.0,0.0
2016-06-20,Moga,0.0,0.0
2016-06-20,Muktsar,0.0,0.0
2016-06-20,Nawanshahr,0.0,0.0
2016-06-20,Patiala,0.0,0.0
2016-06-20,Rupnagar,0.0,0.0
2016-06-20,Sahibzada Ajit Singh Nagar,0.0,0.0
2016-06-20,Sangrur,0.0,0.0
2016-06-20,Tarn Taran,0.0,0.0
2016-06-21,Amritsar,0.0,0.0
2016-06-21,Barnala,0.0,0.0
2016-06-21,Bathinda,0.0,0.0
2016-06-21,Faridkot,0.0,0.0
2016-06-21,Fatehgarh Sahib,0.0,0.0
2016-06-21,Firozpur,0.0,0.0
2016-06-21,Gurdaspur,0.0,0.0
2016-06-21,Hoshiarpur,0.0,0.0
2016-06-21,Jalandhar,0.0,0.0
2016-06-21,Kapurthala,0.0,0.0
2016-06-21,Ludhiana,0.0,0.0
2016-06-21,Mansa,0.0,0.0
2016-06-21,Moga,0.0,0.0
2016-06-21,Muktsar,0.0,0.0
2016-06-21,Nawanshahr,0.0,0.0
2016-06-21,Patiala,0.0,0.0
2016-06-21,Rupnagar,0.0,0.0
2016-06-21,Sahibzada Ajit Singh Nagar,0.0,0.0
2016-06-21,Sangrur,0.0,0.0
2016-06-21,Tarn Taran,0.0,0.0
2016-06-22,Amritsar,0.0,0.0
2016-06-22,Barnala,0.0,0.0
2016-06-22,Bathinda,0.0,0.0
2016-06-22,Faridkot,0.0,0.0
2016-06-22,Fatehgarh Sahib,0.0,0.0
2016-06-22,Firozpur,0.0,0.0
2016-06-22,Gurdaspur,0.0,0.0
2016-06-22,Hoshiarpur,0.0,0.0
2016-06-22,Jalandhar,0.0,0.0
2016-06-22,Kapurthala,0.0,0.0
2016-06-22,Ludhiana,0.0,0.0
2016-06-22,Mansa,0.0,0.0
2016-06-22,Moga,0.0,0.0
2016-06-22,Muktsar,0.0,0.0
2016-06-22,Nawanshahr,0.0,0.0
2016-06-22,Patiala,0.0,0.0
2016-06-22,Rupnagar,0.0,0.0
2016-06-22,Sahibzada Ajit Singh Nagar,0.0,0.0
2016-06-22,Sangrur,0.0,0.0
2016-06-22,Tarn Taran,0.0,0.0
2016-06-23,Amritsar,0.0,0.0
2016-06-23,Barnala,0.0,0.0
2016-06-23,Bathinda,0.0,0.0
2016-06-23,Faridkot,0.0,0.0
2016-06-23,Fatehgarh Sahib,0.0,0.0
2016-06-23,Firozpur,0.0,0.0
2016-06-23,Gurdaspur,0.0,0.0
2016-06-23,Hoshiarpur,0.0,0.0
2016-06-23,Jalandhar,0.0,0.0
2016-06-23,Kapurthala,0.0,0.0
2016-06-23,Ludhiana,0.0,0.0
2016-06-23,Mansa,0.0,0.0
2016-06-23,Moga,0.0,0.0
2016-06-23,Muktsar,0.0,0.0
2016-06-23,Nawanshahr,0.0,0.0
2016-06-23,Patiala,0.0,0.0
2016-06-23,Rupnagar,0.0,0.0
2016-06-23,Sahibzada Ajit Singh Nagar,0.0,0.0
2016-06-23,Sangrur,0.0,0.0
2016-06-23,Tarn Taran,0.0,0.0
2016-06-24,Amritsar,0.0,0.0
2016-06-24,Barnala,0.0,0.0
2016-06-24,Bathinda,0.0,0.0
2016-06-24,Faridkot,0.0,0.0
2016-06-24,Fatehgarh Sahib,0.0,0.0
2016-06-24,Firozpur,0.0,0.0
2016-06-24,Gurdaspur,0.0,0.0
2016-06-24,Hoshiarpur,0.0,0.0
2016-06-24,Jalandhar,0.0,0.0
2016-06-24,Kapurthala,0.0,0.0
2016-06-24,Ludhiana,0.0,0.0
2016-06-24,Mansa,0.0,0.0
2016-06-24,Moga,0.0,0.0
2016-06-24,Muktsar,0.0,0.0
2016-06-24,Nawanshahr,0.0,0.0
2016-06-24,Patiala,0.0,0.0
2016-06-24,Rupnagar,0.0,0.0
2016-06-24,Sahibzada Ajit Singh Nagar,0.0,0.0
2016-06-24,Sangrur,0.0,0.0
2016-06-24,Tarn Taran,0.0,0.0
2016-06-25,Amritsar,0.0,0.0
2016-06-25,Barnala,0.0,0.0
2016-06-25,Bathinda,0.0,0.0
2016-06-25,Faridkot,0.0,0.0
2016-06-25,Fatehgarh Sahib,0.0,0.0
2016-06-25,Firozpur,0.0,0.0
2016-06-25,Gurdaspur,0.0,0.0
2016-06-25,Hoshiarpur,0.0,0.0
2016-06-25,Jalandhar,0.0,0.0
2016-06-25,Kapurthala,0.0,0.0
2016-06-25,Ludhiana,0.0,0.0
2016-06-25,Mansa,0.0,0.0
2016-06-25,Moga,0.0,0.0
2016-06-25,Muktsar,0.0,0.0
2016-06-25,Nawanshahr,0.0,0.0
2016-06-25,Patiala,0.0,0.0
2016-06-25,Rupnagar,0.0,0.0
2016-06-25,Sahibzada Ajit Singh Nagar,0.0,0.0
2016-06-25,Sangrur,0.0,0.0
2016-06-25,Tarn Taran,0.0,0.0
2016-06-26,Amritsar,0.0,0.0
2016-06-26,Barnala,0.0,0.0
2016-06-26,Bathinda,0.0,0.0
2016-06-26,Faridkot,0.0,0.0
2016-06-26,Fatehgarh Sahib,0.0,0.0
2016-06-26,Firozpur,0.0,0.0
2016-06-26,Gurdaspur,0.0,0.0
2016-06-26,Hoshiarpur,0.0,0.0
2016-06-26,Jalandhar,0.0,0.0
2016-06-26,Kapurthala,0.0,0.0
2016-06-26,Ludhiana,0.0,0.0
2016-06-26,Mansa,0.0,0.0
2016-06-26,Moga,0.0,0.0
2016-06-26,Muktsar,0.0,0.0
2016-06-26,Nawanshahr,0.0,0.0
2016-06-26,Patiala,0.0,0.0
2016-06-26,Rupnagar,0.0,0.0
2016-06-26,Sahibzada Ajit Singh Nagar,0.0,0.0
2016-06-26,Sangrur,0.0,0.0
2016-06-26,Tarn Taran,0.0,0.0
2016-06-27,Amritsar,0.0,0.0
2016-06-27,Barnala,0.0,0.0
2016-06-27,Bathinda,0.0,0.0
2016-06-27,Faridkot,0.0,0.0
2016-06-27,Fatehgarh Sahib,0.0,0.0
2016-06-27,Firozpur,0.0,0.0
2016-06-27,Gurdaspur,0.0,0.0
2016-06-27,Hoshiarpur,0.0,0.0
2016-06-27,Jalandhar,0.0,0.0
2016-06-27,Kapurthala,0.0,0.0
2016-06-27,Ludhiana,0.0,0.0
2016-06-27,Mansa,0.0,0.0
2016-06-27,Moga,0.0,0.0
2016-06-27,Muktsar,0.0,0.0
2016-06-27,Nawanshahr,0.0,0.0
2016-06-27,Patiala,0.0,0.0
2016-06-27,Rupnagar,0.0,0.0
2016-06-27,Sahibzada Ajit Singh Nagar,0.0,0.0
2016-06-27,Sangrur,0.0,0.0
2016-06-27,Tarn Taran,0.0,0.0
2016-06-28,Amritsar,0.0,0.0
2016-06-28,Barnala,0.0,0.0
2016-06-28,Bathinda,0.0,0.0
2016-06-28,Faridkot,0.0,0.0
2016-06-28,Fatehgarh Sahib,0.0,0.0
2016-06-28,Firozpur,1197.31,0.002293
2016-06-28,Gurdaspur,0.0,0.0
2016-06-28,Hoshiarpur,0.0,0.0
2016-06-28,Jalandhar,0.0,0.0
2016-06-28,Kapurthala,0.0,0.0
2016-06-28,Ludhiana,0.0,0.0
2016-06-28,Mansa,0.0,0.0
2016-06-28,Moga,0.0,0.0
2016-06-28,Muktsar,0.0,0.0
2016-06-28,Nawanshahr,0.0,0.0
2016-06-28,Patiala,0.0,0.0
2016-06-28,Rupnagar,0.0,0.0
2016-06-28,Sahibzada Ajit Singh Nagar,0.0,0.0
2016-06-28,Sangrur,0.0,0.0
2016-06-28,Tarn Taran,0.0,0.0
2016-06-29,Amritsar,0.0,0.0
2016-06-29,Barnala,0.0,0.0
2016-06-29,Bathinda,0.0,0.0
2016-06-29,Faridkot,0.0,0.0
2016-06-29,Fatehgarh Sahib,0.0,0.0
2016-06-29,Firozpur,0.0,0.0
2016-06-29,Gurdaspur,0.0,0.0
2016-06-29,Hoshiarpur,0.0,0.0
2016-06-29,Jalandhar,0.0,0.0
2016-06-29,Kapurthala,0.0,0.0
2016-06-29,Ludhiana,0.0,0.0
2016-06-29,Mansa,0.0,0.0
2016-06-29,Moga,0.0,0.0
2016-06-29,Muktsar,0.0,0.0
2016-06-29,Nawanshahr,0.0,0.0
2016-06-29,Patiala,0.0,0.0
2016-06-29,Rupnagar,0.0,0.0
2016-06-29,Sahibzada Ajit Singh Nagar,0.0,0.0
2016-06-29,Sangrur,0.0,0.0
2016-06-29,Tarn Taran,0.0,0.0
2016-06-30,Amritsar,0.0,0.0
2016-06-30,Barnala,0.0,0.0
2016-06-30,Bathinda,0.0,0.0
2016-06-30,Faridkot,0.0,0.0
2016-06-30,Fatehgarh Sahib,0.0,0.0
2016-06-30,Firozpur,0.0,0.0
2016-06-30,Gurdaspur,0.0,0.0
2016-06-30,Hoshiarpur,0.0,0.0
2016-06-30,Jalandhar,0.0,0.0
2016-06-30,Kapurthala,0.0,0.0
2016-06-30,Ludhiana,0.0,0.0
2016-06-30,Mansa,0.0,0.0
2016-06-30,Moga,0.0,0.0
2016-06-30,Muktsar,0.0,0.0
2016-06-30,Nawanshahr,0.0,0.0
2016-06-30,Patiala,0.0,0.0
2016-06-30,Rupnagar,0.0,0.0
2016-06-30,Sahibzada Ajit Singh Nagar,0.0,0.0
2016-06-30,Sangrur,0.0,0.0
2016-06-30,Tarn Taran,0.0,0.0
2016-07-01,Amritsar,0.0,0.0
2016-07-01,Barnala,0.0,0.0
2016-07-01,Bathinda,0.0,0.0
2016-07-01,Faridkot,0.0,0.0
2016-07-01,Fatehgarh Sahib,0.0,0.0
2016-07-01,Firozpur,0.0,0.0
2016-07-01,Gurdaspur,0.0,0.0
2016-07-01,Hoshiarpur,0.0,0.0
2016-07-01,Jalandhar,0.0,0.0
2016-07-01,Kapurthala,0.0,0.0
2016-07-01,Ludhiana,0.0,0.0
2016-07-01,Mansa,0.0,0.0
2016-07-01,Moga,0.0,0.0
2016-07-01,Muktsar,0.0,0.0
2016-07-01,Nawanshahr,0.0,0.0
2016-07-01,Patiala,0.0,0.0
2016-07-01,Rupnagar,0.0,0.0
2016-07-01,Sahibzada Ajit Singh Nagar,0.0,0.0
2016-07-01,Sangrur,0.0,0.0
2016-07-01,Tarn Taran,0.0,0.0
2016-07-02,Amritsar,0.0,0.0
2016-07-02,Barnala,0.0,0.0
2016-07-02,Bathinda,0.0,0.0
2016-07-02,Faridkot,0.0,0.0
2016-07-02,Fatehgarh Sahib,0.0,0.0
2016-07-02,Firozpur,0.0,0.0
2016-07-02,Gurdaspur,0.0,0.0
2016-07-02,Hoshiarpur,0.0,0.0
2016-07-02,Jalandhar,0.0,0.0
2016-07-02,Kapurthala,0.0,0.0
2016-07-02,Ludhiana,0.0,0.0
2016-07-02,Mansa,0.0,0.0
2016-07-02,Moga,0.0,0.0
2016-07-02,Muktsar,0.0,0.0
2016-07-02,Nawanshahr,0.0,0.0
2016-07-02,Patiala,0.0,0.0
2016-07-02,Rupnagar,0.0,0.0
2016-07-02,Sahibzada Ajit Singh Nagar,0.0,0.0
2016-07-02,Sangrur,0.0,0.0
2016-07-02,Tarn Taran,0.0,0.0
2016-07-03,Amritsar,0.0,0.0
2016-07-03,Barnala,0.0,0.0
2016-07-03,Bathinda,0.0,0.0
2016-07-03,Faridkot,0.0,0.0
2016-07-03,Fatehgarh Sahib,0.0,0.0
2016-07-03,Firozpur,0.0,0.0
2016-07-03,Gurdaspur,0.0,0.0
2016-07-03,Hoshiarpur,0.0,0.0
2016-07-03,Jalandhar,0.0,0.0
2016-07-03,Kapurthala,0.0,0.0
2016-07-03,Ludhiana,0.0,0.0
2016-07-03,Mansa,0.0,0.0
2016-07-03,Moga,0.0,0.0
2016-07-03,Muktsar,0.0,0.0
2016-07-03,Nawanshahr,0.0,0.0
2016-07-03,Patiala,0.0,0.0
2016-07-03,Rupnagar,0.0,0.0
2016-07-03,Sahibzada Ajit Singh Nagar,0.0,0.0
2016-07-03,Sangrur,0.0,0.0
2016-07-03,Tarn Taran,0.0,0.0
2016-07-04,Amritsar,0.0,0.0
2016-07-04,Barnala,0.0,0.0
2016-07-04,Bathinda,0.0,0.0
2016-07-04,Faridkot,0.0,0.0
2016-07-04,Fatehgarh Sahib,0.0,0.0
2016-07-04,Firozpur,0.0,0.0
2016-07-04,Gurdaspur,0.0,0.0
2016-07-04,Hoshiarpur,0.0,0.0
2016-07-04,Jalandhar,0.0,0.0
2016-07-04,Kapurthala,0.0,0.0
2016-07-04,Ludhiana,0.0,0.0
2016-07-04,Mansa,0.0,0.0
2016-07-04,Moga,0.0,0.0
2016-07-04,Muktsar,0.0,0.0
2016-07-04,Nawanshahr,0.0,0.0
2016-07-04,Patiala,0.0,0.0
2016-07-04,Rupnagar,0.0,0.0
2016-07-04,Sahibzada Ajit Singh Nagar,0.0,0.0
2016-07-04,Sangrur,0.0,0.0
2016-07-04,Tarn Taran,0.0,0.0
2016-07-05,Amritsar,1761.68,0.006604
2016-07-05,Barnala,3572.76,0.023973
2016-07-05,Bathinda,27.54,8.1e-05
2016-07-05,Faridkot,50.32,0.000346
2016-07-05,Fatehgarh Sahib,292.71,0.002553
2016-07-05,Firozpur,1500.6,0.002874
2016-07-05,Gurdaspur,348.48,0.00096
2016-07-05,Hoshiarpur,179.12,0.00053
2016-07-05,Jalandhar,1739.54,0.006655
2016-07-05,Kapurthala,1394.09,0.008366
2016-07-05,Ludhiana,4621.31,0.012849
2016-07-05,Mansa,2560.46,0.011541
2016-07-05,Moga,1831.44,0.007779
2016-07-05,Muktsar,316.75,0.001212
2016-07-05,Nawanshahr,427.49,0.003276
2016-07-05,Patiala,359.61,0.001077
2016-07-05,Rupnagar,0.0,0.0
2016-07-05,Sahibzada Ajit Singh Nagar,0.0,0.0
2016-07-05,Sangrur,8746.87,0.024223
2016-07-05,Tarn Taran,494.03,0.002058
2016-07-06,Amritsar,0.0,0.0
2016-07-06,Barnala,0.0,0.0
2016-07-06,Bathinda,0.0,0.0
2016-07-06,Faridkot,0.0,0.0
2016-07-06,Fatehgarh Sahib,0.0,0.0
2016-07-06,Firozpur,0.0,0.0
2016-07-06,Gurdaspur,0.0,0.0
2016-07-06,Hoshiarpur,0.0,0.0
2016-07-06,Jalandhar,0.0,0.0
2016-07-06,Kapurthala,0.0,0.0
2016-07-06,Ludhiana,0.0,0.0
2016-07-06,Mansa,0.0,0.0
2016-07-06,Moga,0.0,0.0
2016-07-06,Muktsar,0.0,0.0
2016-07-06,Nawanshahr,0.0,0.0
2016-07-06,Patiala,0.0,0.0
2016-07-06,Rupnagar,0.0,0.0
2016-07-06,Sahibzada Ajit Singh Nagar,0.0,0.0
2016-07-06,Sangrur,0.0,0.0
2016-07-06,Tarn Taran,0.0,0.0
2016-07-07,Amritsar,0.0,0.0
2016-07-07,Barnala,0.0,0.0
2016-07-07,Bathinda,0.0,0.0
2016-07-07,Faridkot,0.0,0.0
2016-07-07,Fatehgarh Sahib,0.0,0.0
2016-07-07,Firozpur,0.0,0.0
2016-07-07,Gurdaspur,0.0,0.0
2016-07-07,Hoshiarpur,0.0,0.0
2016-07-07,Jalandhar,0.0,0.0
2016-07-07,Kapurthala,0.0,0.0
2016-07-07,Ludhiana,0.0,0.0
2016-07-07,Mansa,0.0,0.0
2016-07-07,Moga,0.0,0.0
2016-07-07,Muktsar,0.0,0.0
2016-07-07,Nawanshahr,0.0,0.0
2016-07-07,Patiala,0.0,0.0
2016-07-07,Rupnagar,0.0,0.0
2016-07-07,Sahibzada Ajit Singh Nagar,0.0,0.0
2016-07-07,Sangrur,0.0,0.0
2016-07-07,Tarn Taran,0.0,0.0
2016-07-08,Amritsar,0.0,0.0
2016-07-08,Barnala,0.0,0.0
2016-07-08,Bathinda,0.0,0.0
2016-07-08,Faridkot,0.0,0.0
2016-07-08,Fatehgarh Sahib,0.0,0.0
2016-07-08,Firozpur,0.0,0.0
2016-07-08,Gurdaspur,0.0,0.0
2016-07-08,Hoshiarpur,0.0,0.0
2016-07-08,Jalandhar,0.0,0.0
2016-07-08,Kapurthala,0.0,0.0
2016-07-08,Ludhiana,0.0,0.0
2016-07-08,Mansa,0.0,0.0
2016-07-08,Moga,0.0,0.0
2016-07-08,Muktsar,0.0,0.0
2016-07-08,Nawanshahr,0.0,0.0
2016-07-08,Patiala,0.0,0.0
2016-07-08,Rupnagar,0.0,0.0
2016-07-08,Sahibzada Ajit Singh Nagar,0.0,0.0
2016-07-08,Sangrur,0.0,0.0
2016-07-08,Tarn Taran,0.0,0.0
2016-07-09,Amritsar,2738.82,0.010267
2016-07-09,Barnala,250.91,0.001684
2016-07-09,Bathinda,212.89,0.00063
2016-07-09,Faridkot,252.71,0.001736
2016-07-09,Fatehgarh Sahib,0.0,0.0
2016-07-09,Firozpur,6669.01,0.012773
2016-07-09,Gurdaspur,421.5,0.001161
2016-07-09,Hoshiarpur,9.4,2.8e-05
2016-07-09,Jalandhar,70.42,0.000269
2016-07-09,Kapurthala,208.39,0.001251
2016-07-09,Ludhiana,1967.39,0.00547
2016-07-09,Mansa,381.25,0.001718
2016-07-09,Moga,847.9,0.003601
2016-07-09,Muktsar,811.93,0.003107
2016-07-09,Nawanshahr,0.0,0.0
2016-07-09,Patiala,3.01,9e-06
2016-07-09,Rupnagar,0.0,0.0
2016-07-09,Sahibzada Ajit Singh Nagar,0.0,0.0
2016-07-09,Sangrur,3867.18,0.010709
2016-07-09,Tarn Taran,4032.98,0.0168
2016-07-10,Amritsar,0.0,0.0
2016-07-10,Barnala,0.0,0.0
2016-07-10,Bathinda,0.0,0.0
2016-07-10,Faridkot,0.0,0.0
2016-07-10,Fatehgarh Sahib,0.0,0.0
2016-07-10,Firozpur,0.0,0.0
2016-07-10,Gurdaspur,0.0,0.0
2016-07-10,Hoshiarpur,0.0,0.0
2016-07-10,Jalandhar,0.0,0.0
2016-07-10,Kapurthala,0.0,0.0
2016-07-10,Ludhiana,0.0,0.0
2016-07-10,Mansa,0.0,0.0
2016-07-10,Moga,0.0,0.0
2016-07-10,Muktsar,0.0,0.0
2016-07-10,Nawanshahr,0.0,0.0
2016-07-10,Patiala,0.0,0.0
2016-07-10,Rupnagar,0.0,0.0
2016-07-10,Sahibzada Ajit Singh Nagar,0.0,0.0
2016-07-10,Sangrur,0.0,0.0
2016-07-10,Tarn Taran,0.0,0.0
2016-07-11,Amritsar,0.0,0.0
2016-07-11,Barnala,0.0,0.0
2016-07-11,Bathinda,0.0,0.0
2016-07-11,Faridkot,0.0,0.0
2016-07-11,Fatehgarh Sahib,0.0,0.0
2016-07-11,Firozpur,0.0,0.0
2016-07-11,Gurdaspur,0.0,0.0
2016-07-11,Hoshiarpur,0.0,0.0
2016-07-11,Jalandhar,0.0,0.0
2016-07-11,Kapurthala,0.0,0.0
2016-07-11,Ludhiana,0.0,0.0
2016-07-11,Mansa,0.0,0.0
2016-07-11,Moga,0.0,0.0
2016-07-11,Muktsar,0.0,0.0
2016-07-11,Nawanshahr,0.0,0.0
2016-07-11,Patiala,0.0,0.0
2016-07-11,Rupnagar,0.0,0.0
2016-07-11,Sahibzada Ajit Singh Nagar,0.0,0.0
2016-07-11,Sangrur,0.0,0.0
2016-07-11,Tarn Taran,0.0,0.0
2016-07-12,Amritsar,0.0,0.0
2016-07-12,Barnala,0.0,0.0
2016-07-12,Bathinda,0.0,0.0
2016-07-12,Faridkot,0.0,0.0
2016-07-12,Fatehgarh Sahib,0.0,0.0
2016-07-12,Firozpur,0.0,0.0
2016-07-12,Gurdaspur,0.0,0.0
2016-07-12,Hoshiarpur,0.0,0.0
2016-07-12,Jalandhar,0.0,0.0
2016-07-12,Kapurthala,0.0,0.0
2016-07-12,Ludhiana,0.0,0.0
2016-07-12,Mansa,0.0,0.0
2016-07-12,Moga,0.0,0.0
2016-07-12,Muktsar,0.0,0.0
2016-07-12,Nawanshahr,0.0,0.0
2016-07-12,Patiala,0.0,0.0
2016-07-12,Rupnagar,0.0,0.0
2016-07-12,Sahibzada Ajit Singh Nagar,0.0,0.0
2016-07-12,Sangrur,0.0,0.0
2016-07-12,Tarn Taran,0.0,0.0
2016-07-13,Amritsar,0.0,0.0
2016-07-13,Barnala,0.0,0.0
2016-07-13,Bathinda,0.0,0.0
2016-07-13,Faridkot,0.0,0.0
2016-07-13,Fatehgarh Sahib,0.0,0.0
2016-07-13,Firozpur,0.0,0.0
2016-07-13,Gurdaspur,0.0,0.0
2016-07-13,Hoshiarpur,0.0,0.0
2016-07-13,Jalandhar,0.0,0.0
2016-07-13,Kapurthala,0.0,0.0
2016-07-13,Ludhiana,0.0,0.0
2016-07-13,Mansa,0.0,0.0
2016-07-13,Moga,0.0,0.0
2016-07-13,Muktsar,0.0,0.0
2016-07-13,Nawanshahr,0.0,0.0
2016-07-13,Patiala,0.0,0.0
2016-07-13,Rupnagar,0.0,0.0
2016-07-13,Sahibzada Ajit Singh Nagar,0.0,0.0
2016-07-13,Sangrur,0.0,0.0
2016-07-13,Tarn Taran,0.0,0.0
2016-07-14,Amritsar,0.0,0.0
2016-07-14,Barnala,0.0,0.0
2016-07-14,Bathinda,0.0,0.0
2016-07-14,Faridkot,0.0,0.0
2016-07-14,Fatehgarh Sahib,0.0,0.0
2016-07-14,Firozpur,3.0,6e-06
2016-07-14,Gurdaspur,0.0,0.0
2016-07-14,Hoshiarpur,0.0,0.0
2016-07-14,Jalandhar,0.0,0.0
2016-07-14,Kapurthala,0.0,0.0
2016-07-14,Ludhiana,0.0,0.0
2016-07-14,Mansa,0.0,0.0
2016-07-14,Moga,0.0,0.0
2016-07-14,Muktsar,0.0,0.0
2016-07-14,Nawanshahr,0.0,0.0
2016-07-14,Patiala,0.0,0.0
2016-07-14,Rupnagar,0.0,0.0
2016-07-14,Sahibzada Ajit Singh Nagar,0.0,0.0
2016-07-14,Sangrur,0.0,0.0
2016-07-14,Tarn Taran,0.0,0.0
2016-07-15,Amritsar,0.0,0.0
2016-07-15,Barnala,0.0,0.0
2016-07-15,Bathinda,0.0,0.0
2016-07-15,Faridkot,0.0,0.0
2016-07-15,Fatehgarh Sahib,0.0,0.0
2016-07-15,Firozpur,0.0,0.0
2016-07-15,Gurdaspur,0.0,0.0
2016-07-15,Hoshiarpur,0.0,0.0
2016-07-15,Jalandhar,0.0,0.0
2016-07-15,Kapurthala,0.0,0.0
2016-07-15,Ludhiana,0.0,0.0
2016-07-15,Mansa,0.0,0.0
2016-07-15,Moga,0.0,0.0
2016-07-15,Muktsar,0.0,0.0
2016-07-15,Nawanshahr,0.0,0.0
2016-07-15,Patiala,0.0,0.0
2016-07-15,Rupnagar,0.0,0.0
2016-07-15,Sahibzada Ajit Singh Nagar,0.0,0.0
2016-07-15,Sangrur,0.0,0.0
2016-07-15,Tarn Taran,0.0,0.0
2016-07-16,Amritsar,10.89,4.1e-05
2016-07-16,Barnala,56.48,0.000379
2016-07-16,Bathinda,2.98,9e-06
2016-07-16,Faridkot,0.0,0.0
2016-07-16,Fatehgarh Sahib,19.29,0.000168
2016-07-16,Firozpur,0.0,0.0
2016-07-16,Gurdaspur,152.97,0.000421
2016-07-16,Hoshiarpur,16.63,4.9e-05
2016-07-16,Jalandhar,105.08,0.000402
2016-07-16,Kapurthala,1262.3,0.007575
2016-07-16,Ludhiana,134.17,0.000373
2016-07-16,Mansa,193.44,0.000872
2016-07-16,Moga,1.47,6e-06
2016-07-16,Muktsar,0.0,0.0
2016-07-16,Nawanshahr,17.58,0.000135
2016-07-16,Patiala,168.42,0.000504
2016-07-16,Rupnagar,0.0,0.0
2016-07-16,Sahibzada Ajit Singh Nagar,0.0,0.0
2016-07-16,Sangrur,150.05,0.000416
2016-07-16,Tarn Taran,36.4,0.000152
2016-07-17,Amritsar,0.0,0.0
2016-07-17,Barnala,0.0,0.0
2016-07-17,Bathinda,0.0,0.0
2016-07-17,Faridkot,0.0,0.0
2016-07-17,Fatehgarh Sahib,0.0,0.0
2016-07-17,Firozpur,0.0,0.0
2016-07-17,Gurdaspur,0.0,0.0
2016-07-17,Hoshiarpur,0.0,0.0
2016-07-17,Jalandhar,0.0,0.0
2016-07-17,Kapurthala,0.0,0.0
2016-07-17,Ludhiana,0.0,0.0
2016-07-17,Mansa,0.0,0.0
2016-07-17,Moga,0.0,0.0
2016-07-17,Muktsar,0.0,0.0
2016-07-17,Nawanshahr,0.0,0.0
2016-07-17,Patiala,0.0,0.0
2016-07-17,Rupnagar,0.0,0.0
2016-07-17,Sahibzada Ajit Singh Nagar,0.0,0.0
2016-07-17,Sangrur,0.0,0.0
2016-07-17,Tarn Taran,0.0,0.0
2016-07-18,Amritsar,0.0,0.0
2016-07-18,Barnala,0.0,0.0
2016-07-18,Bathinda,0.0,0.0
2016-07-18,Faridkot,0.0,0.0
2016-07-18,Fatehgarh Sahib,0.0,0.0
2016-07-18,Firozpur,0.0,0.0
2016-07-18,Gurdaspur,0.0,0.0
2016-07-18,Hoshiarpur,0.0,0.0
2016-07-18,Jalandhar,0.0,0.0
2016-07-18,Kapurthala,0.0,0.0
2016-07-18,Ludhiana,0.0,0.0
2016-07-18,Mansa,0.0,0.0
2016-07-18,Moga,0.0,0.0
2016-07-18,Muktsar,0.0,0.0
2016-07-18,Nawanshahr,0.0,0.0
2016-07-18,Patiala,0.0,0.0
2016-07-18,Rupnagar,0.0,0.0
2016-07-18,Sahibzada Ajit Singh Nagar,0.0,0.0
2016-07-18,Sangrur,0.0,0.0
2016-07-18,Tarn Taran,0.0,0.0
2016-07-19,Amritsar,0.0,0.0
2016-07-19,Barnala,0.0,0.0
2016-07-19,Bathinda,0.0,0.0
2016-07-19,Faridkot,0.0,0.0
2016-07-19,Fatehgarh Sahib,0.0,0.0
2016-07-19,Firozpur,0.0,0.0
2016-07-19,Gurdaspur,0.0,0.0
2016-07-19,Hoshiarpur,0.0,0.0
2016-07-19,Jalandhar,0.0,0.0
2016-07-19,Kapurthala,0.0,0.0
2016-07-19,Ludhiana,0.0,0.0
2016-07-19,Mansa,0.0,0.0
2016-07-19,Moga,0.0,0.0
2016-07-19,Muktsar,0.0,0.0
2016-07-19,Nawanshahr,0.0,0.0
2016-07-19,Patiala,0.0,0.0
2016-07-19,Rupnagar,0.0,0.0
2016-07-19,Sahibzada Ajit Singh Nagar,0.0,0.0
2016-07-19,Sangrur,0.0,0.0
2016-07-19,Tarn Taran,0.0,0.0
2016-07-20,Amritsar,0.0,0.0
2016-07-20,Barnala,0.0,0.0
2016-07-20,Bathinda,0.0,0.0
2016-07-20,Faridkot,0.0,0.0
2016-07-20,Fatehgarh Sahib,0.0,0.0
2016-07-20,Firozpur,0.0,0.0
2016-07-20,Gurdaspur,0.0,0.0
2016-07-20,Hoshiarpur,0.0,0.0
2016-07-20,Jalandhar,0.0,0.0
2016-07-20,Kapurthala,0.0,0.0
2016-07-20,Ludhiana,0.0,0.0
2016-07-20,Mansa,0.0,0.0
2016-07-20,Moga,0.0,0.0
2016-07-20,Muktsar,0.0,0.0
2016-07-20,Nawanshahr,0.0,0.0
2016-07-20,Patiala,0.0,0.0
2016-07-20,Rupnagar,0.0,0.0
2016-07-20,Sahibzada Ajit Singh Nagar,0.0,0.0
2016-07-20,Sangrur,0.0,0.0
2016-07-20,Tarn Taran,0.0,0.0
2016-07-21,Amritsar,0.0,0.0
2016-07-21,Barnala,0.0,0.0
2016-07-21,Bathinda,0.0,0.0
2016-07-21,Faridkot,0.0,0.0
2016-07-21,Fatehgarh Sahib,0.0,0.0
2016-07-21,Firozpur,0.0,0.0
2016-07-21,Gurdaspur,0.0,0.0
2016-07-21,Hoshiarpur,0.0,0.0
2016-07-21,Jalandhar,0.0,0.0
2016-07-21,Kapurthala,0.0,0.0
2016-07-21,Ludhiana,0.0,0.0
2016-07-21,Mansa,0.0,0.0
2016-07-21,Moga,0.0,0.0
2016-07-21,Muktsar,0.0,0.0
2016-07-21,Nawanshahr,0.0,0.0
2016-07-21,Patiala,0.0,0.0
2016-07-21,Rupnagar,0.0,0.0
2016-07-21,Sahibzada Ajit Singh Nagar,0.0,0.0
2016-07-21,Sangrur,0.0,0.0
2016-07-21,Tarn Taran,0.0,0.0
2016-07-22,Amritsar,0.0,0.0
2016-07-22,Barnala,0.0,0.0
2016-07-22,Bathinda,0.0,0.0
2016-07-22,Faridkot,0.0,0.0
2016-07-22,Fatehgarh Sahib,0.0,0.0
2016-07-22,Firozpur,27.5,5.3e-05
2016-07-22,Gurdaspur,0.0,0.0
2016-07-22,Hoshiarpur,0.0,0.0
2016-07-22,Jalandhar,0.0,0.0
2016-07-22,Kapurthala,0.0,0.0
2016-07-22,Ludhiana,0.0,0.0
2016-07-22,Mansa,0.0,0.0
2016-07-22,Moga,0.0,0.0
2016-07-22,Muktsar,0.0,0.0
2016-07-22,Nawanshahr,0.0,0.0
2016-07-22,Patiala,0.0,0.0
2016-07-22,Rupnagar,0.0,0.0
2016-07-22,Sahibzada Ajit Singh Nagar,0.0,0.0
2016-07-22,Sangrur,0.0,0.0
2016-07-22,Tarn Taran,0.0,0.0
2016-07-23,Amritsar,0.0,0.0
2016-07-23,Barnala,0.0,0.0
2016-07-23,Bathinda,0.0,0.0
2016-07-23,Faridkot,0.0,0.0
2016-07-23,Fatehgarh Sahib,0.0,0.0
2016-07-23,Firozpur,0.0,0.0
2016-07-23,Gurdaspur,0.0,0.0
2016-07-23,Hoshiarpur,0.0,0.0
2016-07-23,Jalandhar,0.0,0.0
2016-07-23,Kapurthala,0.0,0.0
2016-07-23,Ludhiana,0.0,0.0
2016-07-23,Mansa,0.0,0.0
2016-07-23,Moga,0.0,0.0
2016-07-23,Muktsar,0.0,0.0
2016-07-23,Nawanshahr,0.0,0.0
2016-07-23,Patiala,0.0,0.0
2016-07-23,Rupnagar,0.0,0.0
2016-07-23,Sahibzada Ajit Singh Nagar,0.0,0.0
2016-07-23,Sangrur,0.0,0.0
2016-07-23,Tarn Taran,0.0,0.0
2016-07-24,Amritsar,0.0,0.0
2016-07-24,Barnala,0.0,0.0
2016-07-24,Bathinda,0.0,0.0
2016-07-24,Faridkot,0.0,0.0
2016-07-24,Fatehgarh Sahib,0.0,0.0
2016-07-24,Firozpur,0.0,0.0
2016-07-24,Gurdaspur,0.0,0.0
2016-07-24,Hoshiarpur,0.0,0.0
2016-07-24,Jalandhar,0.0,0.0
2016-07-24,Kapurthala,0.0,0.0
2016-07-24,Ludhiana,0.0,0.0
2016-07-24,Mansa,0.0,0.0
2016-07-24,Moga,0.0,0.0
2016-07-24,Muktsar,0.0,0.0
2016-07-24,Nawanshahr,0.0,0.0
2016-07-24,Patiala,0.0,0.0
2016-07-24,Rupnagar,0.0,0.0
2016-07-24,Sahibzada Ajit Singh Nagar,0.0,0.0
2016-07-24,Sangrur,0.0,0.0
2016-07-24,Tarn Taran,0.0,0.0
2016-07-25,Amritsar,0.0,0.0
2016-07-25,Barnala,0.0,0.0
2016-07-25,Bathinda,0.0,0.0
2016-07-25,Faridkot,0.0,0.0
2016-07-25,Fatehgarh Sahib,0.0,0.0
2016-07-25,Firozpur,0.0,0.0
2016-07-25,Gurdaspur,0.0,0.0
2016-07-25,Hoshiarpur,0.0,0.0
2016-07-25,Jalandhar,0.0,0.0
2016-07-25,Kapurthala,0.0,0.0
2016-07-25,Ludhiana,0.0,0.0
2016-07-25,Mansa,0.0,0.0
2016-07-25,Moga,0.0,0.0
2016-07-25,Muktsar,0.0,0.0
2016-07-25,Nawanshahr,0.0,0.0
2016-07-25,Patiala,0.0,0.0
2016-07-25,Rupnagar,0.0,0.0
2016-07-25,Sahibzada Ajit Singh Nagar,0.0,0.0
2016-07-25,Sangrur,0.0,0.0
2016-07-25,Tarn Taran,0.0,0.0
2016-07-26,Amritsar,0.0,0.0
2016-07-26,Barnala,0.0,0.0
2016-07-26,Bathinda,0.0,0.0
2016-07-26,Faridkot,0.0,0.0
2016-07-26,Fatehgarh Sahib,0.0,0.0
2016-07-26,Firozpur,3.0,6e-06
2016-07-26,Gurdaspur,0.0,0.0
2016-07-26,Hoshiarpur,0.0,0.0
2016-07-26,Jalandhar,0.0,0.0
2016-07-26,Kapurthala,0.0,0.0
2016-07-26,Ludhiana,0.0,0.0
2016-07-26,Mansa,0.0,0.0
2016-07-26,Moga,0.0,0.0
2016-07-26,Muktsar,0.0,0.0
2016-07-26,Nawanshahr,0.0,0.0
2016-07-26,Patiala,0.0,0.0
2016-07-26,Rupnagar,0.0,0.0
2016-07-26,Sahibzada Ajit Singh Nagar,0.0,0.0
2016-07-26,Sangrur,0.0,0.0
2016-07-26,Tarn Taran,0.0,0.0
2016-07-27,Amritsar,0.0,0.0
2016-07-27,Barnala,0.0,0.0
2016-07-27,Bathinda,0.0,0.0
2016-07-27,Faridkot,0.0,0.0
2016-07-27,Fatehgarh Sahib,0.0,0.0
2016-07-27,Firozpur,0.0,0.0
2016-07-27,Gurdaspur,0.0,0.0
2016-07-27,Hoshiarpur,0.0,0.0
2016-07-27,Jalandhar,0.0,0.0
2016-07-27,Kapurthala,0.0,0.0
2016-07-27,Ludhiana,0.0,0.0
2016-07-27,Mansa,0.0,0.0
2016-07-27,Moga,0.0,0.0
2016-07-27,Muktsar,0.0,0.0
2016-07-27,Nawanshahr,0.0,0.0
2016-07-27,Patiala,0.0,0.0
2016-07-27,Rupnagar,0.0,0.0
2016-07-27,Sahibzada Ajit Singh Nagar,0.0,0.0
2016-07-27,Sangrur,0.0,0.0
2016-07-27,Tarn Taran,0.0,0.0
2016-07-28,Amritsar,0.0,0.0
2016-07-28,Barnala,0.0,0.0
2016-07-28,Bathinda,0.0,0.0
2016-07-28,Faridkot,0.0,0.0
2016-07-28,Fatehgarh Sahib,0.0,0.0
2016-07-28,Firozpur,0.0,0.0
2016-07-28,Gurdaspur,0.0,0.0
2016-07-28,Hoshiarpur,0.0,0.0
2016-07-28,Jalandhar,0.0,0.0
2016-07-28,Kapurthala,0.0,0.0
2016-07-28,Ludhiana,0.0,0.0
2016-07-28,Mansa,0.0,0.0
2016-07-28,Moga,0.0,0.0
2016-07-28,Muktsar,0.0,0.0
2016-07-28,Nawanshahr,0.0,0.0
2016-07-28,Patiala,0.0,0.0
2016-07-28,Rupnagar,0.0,0.0
2016-07-28,Sahibzada Ajit Singh Nagar,0.0,0.0
2016-07-28,Sangrur,0.0,0.0
2016-07-28,Tarn Taran,0.0,0.0
2016-07-29,Amritsar,90.72,0.00034
2016-07-29,Barnala,20.8,0.00014
2016-07-29,Bathinda,23.15,6.8e-05
2016-07-29,Faridkot,0.0,0.0
2016-07-29,Fatehgarh Sahib,18.53,0.000162
2016-07-29,Firozpur,45.68,8.7e-05
2016-07-29,Gurdaspur,144.95,0.000399
2016-07-29,Hoshiarpur,7.96,2.4e-05
2016-07-29,Jalandhar,16.17,6.2e-05
2016-07-29,Kapurthala,20.43,0.000123
2016-07-29,Ludhiana,60.43,0.000168
2016-07-29,Mansa,120.45,0.000543
2016-07-29,Moga,16.92,7.2e-05
2016-07-29,Muktsar,8.93,3.4e-05
2016-07-29,Nawanshahr,5.14,3.9e-05
2016-07-29,Patiala,0.0,0.0
2016-07-29,Rupnagar,0.0,0.0
2016-07-29,Sahibzada Ajit Singh Nagar,0.0,0.0
2016-07-29,Sangrur,66.48,0.000184
2016-07-29,Tarn Taran,341.18,0.001421
2016-07-30,Amritsar,0.0,0.0
2016-07-30,Barnala,0.0,0.0
2016-07-30,Bathinda,0.0,0.0
2016-07-30,Faridkot,0.0,0.0
2016-07-30,Fatehgarh Sahib,0.0,0.0
2016-07-30,Firozpur,0.0,0.0
2016-07-30,Gurdaspur,0.0,0.0
2016-07-30,Hoshiarpur,0.0,0.0
2016-07-30,Jalandhar,0.0,0.0
2016-07-30,Kapurthala,0.0,0.0
2016-07-30,Ludhiana,0.0,0.0
2016-07-30,Mansa,0.0,0.0
2016-07-30,Moga,0.0,0.0
2016-07-30,Muktsar,0.0,0.0
2016-07-30,Nawanshahr,0.0,0.0
2016-07-30,Patiala,0.0,0.0
2016-07-30,Rupnagar,0.0,0.0
2016-07-30,Sahibzada Ajit Singh Nagar,0.0,0.0
2016-07-30,Sangrur,0.0,0.0
2016-07-30,Tarn Taran,0.0,0.0
2016-07-31,Amritsar,0.0,0.0
2016-07-31,Barnala,0.0,0.0
2016-07-31,Bathinda,0.0,0.0
2016-07-31,Faridkot,0.0,0.0
2016-07-31,Fatehgarh Sahib,0.0,0.0
2016-07-31,Firozpur,0.0,0.0
2016-07-31,Gurdaspur,0.0,0.0
2016-07-31,Hoshiarpur,0.0,0.0
2016-07-31,Jalandhar,0.0,0.0
2016-07-31,Kapurthala,0.0,0.0
2016-07-31,Ludhiana,0.0,0.0
2016-07-31,Mansa,0.0,0.0
2016-07-31,Moga,0.0,0.0
2016-07-31,Muktsar,0.0,0.0
2016-07-31,Nawanshahr,0.0,0.0
2016-07-31,Patiala,0.0,0.0
2016-07-31,Rupnagar,0.0,0.0
2016-07-31,Sahibzada Ajit Singh Nagar,0.0,0.0
2016-07-31,Sangrur,0.0,0.0
2016-07-31,Tarn Taran,0.0,0.0
2016-08-01,Amritsar,0.0,0.0
2016-08-01,Barnala,0.0,0.0
2016-08-01,Bathinda,0.0,0.0
2016-08-01,Faridkot,0.0,0.0
2016-08-01,Fatehgarh Sahib,0.0,0.0
2016-08-01,Firozpur,0.0,0.0
2016-08-01,Gurdaspur,0.0,0.0
2016-08-01,Hoshiarpur,0.0,0.0
2016-08-01,Jalandhar,0.0,0.0
2016-08-01,Kapurthala,0.0,0.0
2016-08-01,Ludhiana,0.0,0.0
2016-08-01,Mansa,0.0,0.0
2016-08-01,Moga,0.0,0.0
2016-08-01,Muktsar,0.0,0.0
2016-08-01,Nawanshahr,0.0,0.0
2016-08-01,Patiala,0.0,0.0
2016-08-01,Rupnagar,0.0,0.0
2016-08-01,Sahibzada Ajit Singh Nagar,0.0,0.0
2016-08-01,Sangrur,0.0,0.0
2016-08-01,Tarn Taran,0.0,0.0
2016-08-02,Amritsar,10.81,4.1e-05
2016-08-02,Barnala,0.0,0.0
2016-08-02,Bathinda,15.69,4.6e-05
2016-08-02,Faridkot,0.0,0.0
2016-08-02,Fatehgarh Sahib,0.0,0.0
2016-08-02,Firozpur,22.82,4.4e-05
2016-08-02,Gurdaspur,123.34,0.00034
2016-08-02,Hoshiarpur,12.29,3.6e-05
2016-08-02,Jalandhar,0.73,3e-06
2016-08-02,Kapurthala,12.41,7.4e-05
2016-08-02,Ludhiana,8.82,2.5e-05
2016-08-02,Mansa,82.07,0.00037
2016-08-02,Moga,5.9,2.5e-05
2016-08-02,Muktsar,10.42,4e-05
2016-08-02,Nawanshahr,0.0,0.0
2016-08-02,Patiala,0.0,0.0
2016-08-02,Rupnagar,0.0,0.0
2016-08-02,Sahibzada Ajit Singh Nagar,0.0,0.0
2016-08-02,Sangrur,4.45,1.2e-05
2016-08-02,Tarn Taran,235.17,0.00098
2016-08-03,Amritsar,0.0,0.0
2016-08-03,Barnala,0.0,0.0
2016-08-03,Bathinda,0.0,0.0
2016-08-03,Faridkot,0.0,0.0
2016-08-03,Fatehgarh Sahib,0.0,0.0
2016-08-03,Firozpur,0.0,0.0
2016-08-03,Gurdaspur,0.0,0.0
2016-08-03,Hoshiarpur,0.0,0.0
2016-08-03,Jalandhar,0.0,0.0
2016-08-03,Kapurthala,0.0,0.0
2016-08-03,Ludhiana,0.0,0.0
2016-08-03,Mansa,0.0,0.0
2016-08-03,Moga,0.0,0.0
2016-08-03,Muktsar,0.0,0.0
2016-08-03,Nawanshahr,0.0,0.0
2016-08-03,Patiala,0.0,0.0
2016-08-03,Rupnagar,0.0,0.0
2016-08-03,Sahibzada Ajit Singh Nagar,0.0,0.0
2016-08-03,Sangrur,0.0,0.0
2016-08-03,Tarn Taran,0.0,0.0
2016-08-04,Amritsar,0.0,0.0
2016-08-04,Barnala,0.0,0.0
2016-08-04,Bathinda,0.0,0.0
2016-08-04,Faridkot,0.0,0.0
2016-08-04,Fatehgarh Sahib,0.0,0.0
2016-08-04,Firozpur,0.0,0.0
2016-08-04,Gurdaspur,0.0,0.0
2016-08-04,Hoshiarpur,0.0,0.0
2016-08-04,Jalandhar,0.0,0.0
2016-08-04,Kapurthala,0.0,0.0
2016-08-04,Ludhiana,0.0,0.0
2016-08-04,Mansa,0.0,0.0
2016-08-04,Moga,0.0,0.0
2016-08-04,Muktsar,0.0,0.0
2016-08-04,Nawanshahr,0.0,0.0
2016-08-04,Patiala,0.0,0.0
2016-08-04,Rupnagar,0.0,0.0
2016-08-04,Sahibzada Ajit Singh Nagar,0.0,0.0
2016-08-04,Sangrur,0.0,0.0
2016-08-04,Tarn Taran,0.0,0.0
2016-08-05,Amritsar,0.0,0.0
2016-08-05,Barnala,0.0,0.0
2016-08-05,Bathinda,0.0,0.0
2016-08-05,Faridkot,0.0,0.0
2016-08-05,Fatehgarh Sahib,0.0,0.0
2016-08-05,Firozpur,0.0,0.0
2016-08-05,Gurdaspur,0.0,0.0
2016-08-05,Hoshiarpur,0.0,0.0
2016-08-05,Jalandhar,0.0,0.0
2016-08-05,Kapurthala,0.0,0.0
2016-08-05,Ludhiana,0.0,0.0
2016-08-05,Mansa,0.0,0.0
2016-08-05,Moga,0.0,0.0
2016-08-05,Muktsar,0.0,0.0
2016-08-05,Nawanshahr,0.0,0.0
2016-08-05,Patiala,0.0,0.0
2016-08-05,Rupnagar,0.0,0.0
2016-08-05,Sahibzada Ajit Singh Nagar,0.0,0.0
2016-08-05,Sangrur,0.0,0.0
2016-08-05,Tarn Taran,0.0,0.0
2016-08-06,Amritsar,0.0,0.0
2016-08-06,Barnala,0.0,0.0
2016-08-06,Bathinda,0.0,0.0
2016-08-06,Faridkot,0.0,0.0
2016-08-06,Fatehgarh Sahib,0.0,0.0
2016-08-06,Firozpur,0.0,0.0
2016-08-06,Gurdaspur,0.0,0.0
2016-08-06,Hoshiarpur,0.0,0.0
2016-08-06,Jalandhar,0.0,0.0
2016-08-06,Kapurthala,0.0,0.0
2016-08-06,Ludhiana,0.0,0.0
2016-08-06,Mansa,0.0,0.0
2016-08-06,Moga,0.0,0.0
2016-08-06,Muktsar,0.0,0.0
2016-08-06,Nawanshahr,0.0,0.0
2016-08-06,Patiala,0.0,0.0
2016-08-06,Rupnagar,0.0,0.0
2016-08-06,Sahibzada Ajit Singh Nagar,0.0,0.0
2016-08-06,Sangrur,0.0,0.0
2016-08-06,Tarn Taran,0.0,0.0
2016-08-07,Amritsar,0.0,0.0
2016-08-07,Barnala,0.0,0.0
2016-08-07,Bathinda,0.0,0.0
2016-08-07,Faridkot,0.0,0.0
2016-08-07,Fatehgarh Sahib,0.0,0.0
2016-08-07,Firozpur,6.75,1.3e-05
2016-08-07,Gurdaspur,0.0,0.0
2016-08-07,Hoshiarpur,0.0,0.0
2016-08-07,Jalandhar,0.0,0.0
2016-08-07,Kapurthala,0.0,0.0
2016-08-07,Ludhiana,0.0,0.0
2016-08-07,Mansa,0.0,0.0
2016-08-07,Moga,0.0,0.0
2016-08-07,Muktsar,0.0,0.0
2016-08-07,Nawanshahr,0.0,0.0
2016-08-07,Patiala,0.0,0.0
2016-08-07,Rupnagar,0.0,0.0
2016-08-07,Sahibzada Ajit Singh Nagar,0.0,0.0
2016-08-07,Sangrur,0.0,0.0
2016-08-07,Tarn Taran,0.0,0.0
2016-08-08,Amritsar,0.0,0.0
2016-08-08,Barnala,0.0,0.0
2016-08-08,Bathinda,0.0,0.0
2016-08-08,Faridkot,0.0,0.0
2016-08-08,Fatehgarh Sahib,0.0,0.0
2016-08-08,Firozpur,0.0,0.0
2016-08-08,Gurdaspur,0.0,0.0
2016-08-08,Hoshiarpur,0.0,0.0
2016-08-08,Jalandhar,0.0,0.0
2016-08-08,Kapurthala,0.0,0.0
2016-08-08,Ludhiana,0.0,0.0
2016-08-08,Mansa,0.0,0.0
2016-08-08,Moga,0.0,0.0
2016-08-08,Muktsar,0.0,0.0
2016-08-08,Nawanshahr,0.0,0.0
2016-08-08,Patiala,0.0,0.0
2016-08-08,Rupnagar,0.0,0.0
2016-08-08,Sahibzada Ajit Singh Nagar,0.0,0.0
2016-08-08,Sangrur,0.0,0.0
2016-08-08,Tarn Taran,0.0,0.0
2016-08-09,Amritsar,5.08,1.9e-05
2016-08-09,Barnala,7.44,5e-05
2016-08-09,Bathinda,0.0,0.0
2016-08-09,Faridkot,0.0,0.0
2016-08-09,Fatehgarh Sahib,0.0,0.0
2016-08-09,Firozpur,0.0,0.0
2016-08-09,Gurdaspur,71.7,0.000198
2016-08-09,Hoshiarpur,15.91,4.7e-05
2016-08-09,Jalandhar,0.0,0.0
2016-08-09,Kapurthala,33.47,0.000201
2016-08-09,Ludhiana,0.0,0.0
2016-08-09,Mansa,17.33,7.8e-05
2016-08-09,Moga,0.0,0.0
2016-08-09,Muktsar,0.0,0.0
2016-08-09,Nawanshahr,2.93,2.2e-05
2016-08-09,Patiala,60.06,0.00018
2016-08-09,Rupnagar,0.0,0.0
2016-08-09,Sahibzada Ajit Singh Nagar,0.0,0.0
2016-08-09,Sangrur,0.0,0.0
2016-08-09,Tarn Taran,0.0,0.0
2016-08-10,Amritsar,0.0,0.0
2016-08-10,Barnala,0.0,0.0
2016-08-10,Bathinda,0.0,0.0
2016-08-10,Faridkot,0.0,0.0
2016-08-10,Fatehgarh Sahib,0.0,0.0
2016-08-10,Firozpur,0.0,0.0
2016-08-10,Gurdaspur,0.0,0.0
2016-08-10,Hoshiarpur,0.0,0.0
2016-08-10,Jalandhar,0.0,0.0
2016-08-10,Kapurthala,0.0,0.0
2016-08-10,Ludhiana,0.0,0.0
2016-08-10,Mansa,0.0,0.0
2016-08-10,Moga,0.0,0.0
2016-08-10,Muktsar,0.0,0.0
2016-08-10,Nawanshahr,0.0,0.0
2016-08-10,Patiala,0.0,0.0
2016-08-10,Rupnagar,0.0,0.0
2016-08-10,Sahibzada Ajit Singh Nagar,0.0,0.0
2016-08-10,Sangrur,0.0,0.0
2016-08-10,Tarn Taran,0.0,0.0
2016-08-11,Amritsar,0.0,0.0
2016-08-11,Barnala,0.0,0.0
2016-08-11,Bathinda,0.0,0.0
2016-08-11,Faridkot,0.0,0.0
2016-08-11,Fatehgarh Sahib,0.0,0.0
2016-08-11,Firozpur,0.0,0.0
2016-08-11,Gurdaspur,0.0,0.0
2016-08-11,Hoshiarpur,0.0,0.0
2016-08-11,Jalandhar,0.0,0.0
2016-08-11,Kapurthala,0.0,0.0
2016-08-11,Ludhiana,0.0,0.0
2016-08-11,Mansa,0.0,0.0
2016-08-11,Moga,0.0,0.0
2016-08-11,Muktsar,0.0,0.0
2016-08-11,Nawanshahr,0.0,0.0
2016-08-11,Patiala,0.0,0.0
2016-08-11,Rupnagar,0.0,0.0
2016-08-11,Sahibzada Ajit Singh Nagar,0.0,0.0
2016-08-11,Sangrur,0.0,0.0
2016-08-11,Tarn Taran,0.0,0.0
2016-08-12,Amritsar,0.0,0.0
2016-08-12,Barnala,0.0,0.0
2016-08-12,Bathinda,0.0,0.0
2016-08-12,Faridkot,0.0,0.0
2016-08-12,Fatehgarh Sahib,0.0,0.0
2016-08-12,Firozpur,0.0,0.0
2016-08-12,Gurdaspur,0.0,0.0
2016-08-12,Hoshiarpur,0.0,0.0
2016-08-12,Jalandhar,0.0,0.0
2016-08-12,Kapurthala,0.0,0.0
2016-08-12,Ludhiana,0.0,0.0
2016-08-12,Mansa,0.0,0.0
2016-08-12,Moga,0.0,0.0
2016-08-12,Muktsar,0.0,0.0
2016-08-12,Nawanshahr,0.0,0.0
2016-08-12,Patiala,0.0,0.0
2016-08-12,Rupnagar,0.0,0.0
2016-08-12,Sahibzada Ajit Singh Nagar,0.0,0.0
2016-08-12,Sangrur,0.0,0.0
2016-08-12,Tarn Taran,0.0,0.0
2016-08-13,Amritsar,0.0,0.0
2016-08-13,Barnala,0.0,0.0
2016-08-13,Bathinda,0.0,0.0
2016-08-13,Faridkot,0.0,0.0
2016-08-13,Fatehgarh Sahib,0.0,0.0
2016-08-13,Firozpur,0.0,0.0
2016-08-13,Gurdaspur,0.0,0.0
2016-08-13,Hoshiarpur,0.0,0.0
2016-08-13,Jalandhar,0.0,0.0
2016-08-13,Kapurthala,0.0,0.0
2016-08-13,Ludhiana,0.0,0.0
2016-08-13,Mansa,0.0,0.0
2016-08-13,Moga,0.0,0.0
2016-08-13,Muktsar,0.0,0.0
2016-08-13,Nawanshahr,0.0,0.0
2016-08-13,Patiala,0.0,0.0
2016-08-13,Rupnagar,0.0,0.0
2016-08-13,Sahibzada Ajit Singh Nagar,0.0,0.0
2016-08-13,Sangrur,0.0,0.0
2016-08-13,Tarn Taran,0.0,0.0
2016-08-14,Amritsar,0.0,0.0
2016-08-14,Barnala,0.0,0.0
2016-08-14,Bathinda,0.0,0.0
2016-08-14,Faridkot,0.0,0.0
2016-08-14,Fatehgarh Sahib,0.0,0.0
2016-08-14,Firozpur,0.0,0.0
2016-08-14,Gurdaspur,0.0,0.0
2016-08-14,Hoshiarpur,0.0,0.0
2016-08-14,Jalandhar,0.0,0.0
2016-08-14,Kapurthala,0.0,0.0
2016-08-14,Ludhiana,0.0,0.0
2016-08-14,Mansa,0.0,0.0
2016-08-14,Moga,0.0,0.0
2016-08-14,Muktsar,0.0,0.0
2016-08-14,Nawanshahr,0.0,0.0
2016-08-14,Patiala,0.0,0.0
2016-08-14,Rupnagar,0.0,0.0
2016-08-14,Sahibzada Ajit Singh Nagar,0.0,0.0
2016-08-14,Sangrur,0.0,0.0
2016-08-14,Tarn Taran,0.0,0.0
2016-08-15,Amritsar,0.0,0.0
2016-08-15,Barnala,0.0,0.0
2016-08-15,Bathinda,0.0,0.0
2016-08-15,Faridkot,0.0,0.0
2016-08-15,Fatehgarh Sahib,0.0,0.0
2016-08-15,Firozpur,0.0,0.0
2016-08-15,Gurdaspur,0.0,0.0
2016-08-15,Hoshiarpur,0.0,0.0
2016-08-15,Jalandhar,0.0,0.0
2016-08-15,Kapurthala,0.0,0.0
2016-08-15,Ludhiana,0.0,0.0
2016-08-15,Mansa,0.0,0.0
2016-08-15,Moga,0.0,0.0
2016-08-15,Muktsar,0.0,0.0
2016-08-15,Nawanshahr,0.0,0.0
2016-08-15,Patiala,0.0,0.0
2016-08-15,Rupnagar,0.0,0.0
2016-08-15,Sahibzada Ajit Singh Nagar,0.0,0.0
2016-08-15,Sangrur,0.0,0.0
2016-08-15,Tarn Taran,0.0,0.0
2016-08-16,Amritsar,0.0,0.0
2016-08-16,Barnala,0.0,0.0
2016-08-16,Bathinda,0.0,0.0
2016-08-16,Faridkot,0.0,0.0
2016-08-16,Fatehgarh Sahib,0.0,0.0
2016-08-16,Firozpur,0.0,0.0
2016-08-16,Gurdaspur,0.0,0.0
2016-08-16,Hoshiarpur,0.0,0.0
2016-08-16,Jalandhar,0.0,0.0
2016-08-16,Kapurthala,0.0,0.0
2016-08-16,Ludhiana,0.0,0.0
2016-08-16,Mansa,0.0,0.0
2016-08-16,Moga,0.0,0.0
2016-08-16,Muktsar,0.0,0.0
2016-08-16,Nawanshahr,0.0,0.0
2016-08-16,Patiala,0.0,0.0
2016-08-16,Rupnagar,0.0,0.0
2016-08-16,Sahibzada Ajit Singh Nagar,0.0,0.0
2016-08-16,Sangrur,0.0,0.0
2016-08-16,Tarn Taran,0.0,0.0
2016-08-17,Amritsar,0.0,0.0
2016-08-17,Barnala,0.0,0.0
2016-08-17,Bathinda,0.0,0.0
2016-08-17,Faridkot,0.0,0.0
2016-08-17,Fatehgarh Sahib,0.0,0.0
2016-08-17,Firozpur,0.0,0.0
2016-08-17,Gurdaspur,0.0,0.0
2016-08-17,Hoshiarpur,0.0,0.0
2016-08-17,Jalandhar,0.0,0.0
2016-08-17,Kapurthala,0.0,0.0
2016-08-17,Ludhiana,0.0,0.0
2016-08-17,Mansa,0.0,0.0
2016-08-17,Moga,0.0,0.0
2016-08-17,Muktsar,0.0,0.0
2016-08-17,Nawanshahr,0.0,0.0
2016-08-17,Patiala,0.0,0.0
2016-08-17,Rupnagar,0.0,0.0
2016-08-17,Sahibzada Ajit Singh Nagar,0.0,0.0
2016-08-17,Sangrur,0.0,0.0
2016-08-17,Tarn Taran,0.0,0.0
2016-08-18,Amritsar,0.0,0.0
2016-08-18,Barnala,0.0,0.0
2016-08-18,Bathinda,0.0,0.0
2016-08-18,Faridkot,0.0,0.0
2016-08-18,Fatehgarh Sahib,0.0,0.0
2016-08-18,Firozpur,0.0,0.0
2016-08-18,Gurdaspur,0.0,0.0
2016-08-18,Hoshiarpur,0.0,0.0
2016-08-18,Jalandhar,0.0,0.0
2016-08-18,Kapurthala,0.0,0.0
2016-08-18,Ludhiana,0.0,0.0
2016-08-18,Mansa,0.0,0.0
2016-08-18,Moga,0.0,0.0
2016-08-18,Muktsar,0.0,0.0
2016-08-18,Nawanshahr,0.0,0.0
2016-08-18,Patiala,0.0,0.0
2016-08-18,Rupnagar,0.0,0.0
2016-08-18,Sahibzada Ajit Singh Nagar,0.0,0.0
2016-08-18,Sangrur,0.0,0.0
2016-08-18,Tarn Taran,0.0,0.0
2016-08-19,Amritsar,0.0,0.0
2016-08-19,Barnala,0.0,0.0
2016-08-19,Bathinda,0.0,0.0
2016-08-19,Faridkot,0.0,0.0
2016-08-19,Fatehgarh Sahib,0.0,0.0
2016-08-19,Firozpur,6.75,1.3e-05
2016-08-19,Gurdaspur,0.0,0.0
2016-08-19,Hoshiarpur,0.0,0.0
2016-08-19,Jalandhar,0.0,0.0
2016-08-19,Kapurthala,0.0,0.0
2016-08-19,Ludhiana,0.0,0.0
2016-08-19,Mansa,0.0,0.0
2016-08-19,Moga,0.0,0.0
2016-08-19,Muktsar,0.0,0.0
2016-08-19,Nawanshahr,0.0,0.0
2016-08-19,Patiala,0.0,0.0
2016-08-19,Rupnagar,0.0,0.0
2016-08-19,Sahibzada Ajit Singh Nagar,0.0,0.0
2016-08-19,Sangrur,0.0,0.0
2016-08-19,Tarn Taran,0.0,0.0
2016-08-20,Amritsar,0.0,0.0
2016-08-20,Barnala,0.0,0.0
2016-08-20,Bathinda,0.0,0.0
2016-08-20,Faridkot,0.0,0.0
2016-08-20,Fatehgarh Sahib,0.0,0.0
2016-08-20,Firozpur,0.0,0.0
2016-08-20,Gurdaspur,0.0,0.0
2016-08-20,Hoshiarpur,0.0,0.0
2016-08-20,Jalandhar,0.0,0.0
2016-08-20,Kapurthala,0.0,0.0
2016-08-20,Ludhiana,0.0,0.0
2016-08-20,Mansa,0.0,0.0
2016-08-20,Moga,0.0,0.0
2016-08-20,Muktsar,0.0,0.0
2016-08-20,Nawanshahr,0.0,0.0
2016-08-20,Patiala,0.0,0.0
2016-08-20,Rupnagar,0.0,0.0
2016-08-20,Sahibzada Ajit Singh Nagar,0.0,0.0
2016-08-20,Sangrur,0.0,0.0
2016-08-20,Tarn Taran,0.0,0.0
2016-08-21,Amritsar,0.0,0.0
2016-08-21,Barnala,0.0,0.0
2016-08-21,Bathinda,0.0,0.0
2016-08-21,Faridkot,0.0,0.0
2016-08-21,Fatehgarh Sahib,0.0,0.0
2016-08-21,Firozpur,0.0,0.0
2016-08-21,Gurdaspur,0.0,0.0
2016-08-21,Hoshiarpur,0.0,0.0
2016-08-21,Jalandhar,0.0,0.0
2016-08-21,Kapurthala,0.0,0.0
2016-08-21,Ludhiana,0.0,0.0
2016-08-21,Mansa,0.0,0.0
2016-08-21,Moga,0.0,0.0
2016-08-21,Muktsar,0.0,0.0
2016-08-21,Nawanshahr,0.0,0.0
2016-08-21,Patiala,0.0,0.0
2016-08-21,Rupnagar,0.0,0.0
2016-08-21,Sahibzada Ajit Singh Nagar,0.0,0.0
2016-08-21,Sangrur,0.0,0.0
2016-08-21,Tarn Taran,0.0,0.0
2016-08-22,Amritsar,10.82,4.1e-05
2016-08-22,Barnala,0.0,0.0
2016-08-22,Bathinda,0.0,0.0
2016-08-22,Faridkot,7.41,5.1e-05
2016-08-22,Fatehgarh Sahib,0.0,0.0
2016-08-22,Firozpur,14.84,2.8e-05
2016-08-22,Gurdaspur,25.13,6.9e-05
2016-08-22,Hoshiarpur,7.23,2.1e-05
2016-08-22,Jalandhar,6.61,2.5e-05
2016-08-22,Kapurthala,12.42,7.5e-05
2016-08-22,Ludhiana,19.11,5.3e-05
2016-08-22,Mansa,21.79,9.8e-05
2016-08-22,Moga,0.0,0.0
2016-08-22,Muktsar,3.72,1.4e-05
2016-08-22,Nawanshahr,0.0,0.0
2016-08-22,Patiala,0.0,0.0
2016-08-22,Rupnagar,0.0,0.0
2016-08-22,Sahibzada Ajit Singh Nagar,0.0,0.0
2016-08-22,Sangrur,0.0,0.0
2016-08-22,Tarn Taran,260.89,0.001087
2016-08-23,Amritsar,0.0,0.0
2016-08-23,Barnala,0.0,0.0
2016-08-23,Bathinda,0.0,0.0
2016-08-23,Faridkot,0.0,0.0
2016-08-23,Fatehgarh Sahib,0.0,0.0
2016-08-23,Firozpur,0.0,0.0
2016-08-23,Gurdaspur,0.0,0.0
2016-08-23,Hoshiarpur,0.0,0.0
2016-08-23,Jalandhar,0.0,0.0
2016-08-23,Kapurthala,0.0,0.0
2016-08-23,Ludhiana,0.0,0.0
2016-08-23,Mansa,0.0,0.0
2016-08-23,Moga,0.0,0.0
2016-08-23,Muktsar,0.0,0.0
2016-08-23,Nawanshahr,0.0,0.0
2016-08-23,Patiala,0.0,0.0
2016-08-23,Rupnagar,0.0,0.0
2016-08-23,Sahibzada Ajit Singh Nagar,0.0,0.0
2016-08-23,Sangrur,0.0,0.0
2016-08-23,Tarn Taran,0.0,0.0
2016-08-24,Amritsar,0.0,0.0
2016-08-24,Barnala,0.0,0.0
2016-08-24,Bathinda,0.0,0.0
2016-08-24,Faridkot,0.0,0.0
2016-08-24,Fatehgarh Sahib,0.0,0.0
2016-08-24,Firozpur,0.0,0.0
2016-08-24,Gurdaspur,0.0,0.0
2016-08-24,Hoshiarpur,0.0,0.0
2016-08-24,Jalandhar,0.0,0.0
2016-08-24,Kapurthala,0.0,0.0
2016-08-24,Ludhiana,0.0,0.0
2016-08-24,Mansa,0.0,0.0
2016-08-24,Moga,0.0,0.0
2016-08-24,Muktsar,0.0,0.0
2016-08-24,Nawanshahr,0.0,0.0
2016-08-24,Patiala,0.0,0.0
2016-08-24,Rupnagar,0.0,0.0
2016-08-24,Sahibzada Ajit Singh Nagar,0.0,0.0
2016-08-24,Sangrur,0.0,0.0
2016-08-24,Tarn Taran,0.0,0.0
2016-08-25,Amritsar,0.0,0.0
2016-08-25,Barnala,0.0,0.0
2016-08-25,Bathinda,0.0,0.0
2016-08-25,Faridkot,0.0,0.0
2016-08-25,Fatehgarh Sahib,0.0,0.0
2016-08-25,Firozpur,0.0,0.0
2016-08-25,Gurdaspur,0.0,0.0
2016-08-25,Hoshiarpur,0.0,0.0
2016-08-25,Jalandhar,0.0,0.0
2016-08-25,Kapurthala,0.0,0.0
2016-08-25,Ludhiana,0.0,0.0
2016-08-25,Mansa,0.0,0.0
2016-08-25,Moga,0.0,0.0
2016-08-25,Muktsar,0.0,0.0
2016-08-25,Nawanshahr,0.0,0.0
2016-08-25,Patiala,0.0,0.0
2016-08-25,Rupnagar,0.0,0.0
2016-08-25,Sahibzada Ajit Singh Nagar,0.0,0.0
2016-08-25,Sangrur,0.0,0.0
2016-08-25,Tarn Taran,0.0,0.0
2016-08-26,Amritsar,12.25,4.6e-05
2016-08-26,Barnala,0.0,0.0
2016-08-26,Bathinda,7.46,2.2e-05
2016-08-26,Faridkot,0.0,0.0
2016-08-26,Fatehgarh Sahib,0.0,0.0
2016-08-26,Firozpur,16.27,3.1e-05
2016-08-26,Gurdaspur,43.74,0.00012
2016-08-26,Hoshiarpur,9.4,2.8e-05
2016-08-26,Jalandhar,4.4,1.7e-05
2016-08-26,Kapurthala,9.49,5.7e-05
2016-08-26,Ludhiana,5.88,1.6e-05
2016-08-26,Mansa,15.78,7.1e-05
2016-08-26,Moga,0.0,0.0
2016-08-26,Muktsar,0.0,0.0
2016-08-26,Nawanshahr,0.0,0.0
2016-08-26,Patiala,0.0,0.0
2016-08-26,Rupnagar,0.0,0.0
2016-08-26,Sahibzada Ajit Singh Nagar,0.0,0.0
2016-08-26,Sangrur,0.0,0.0
2016-08-26,Tarn Taran,230.92,0.000962
2016-08-27,Amritsar,0.0,0.0
2016-08-27,Barnala,0.0,0.0
2016-08-27,Bathinda,0.0,0.0
2016-08-27,Faridkot,0.0,0.0
2016-08-27,Fatehgarh Sahib,0.0,0.0
2016-08-27,Firozpur,0.0,0.0
2016-08-27,Gurdaspur,0.0,0.0
2016-08-27,Hoshiarpur,0.0,0.0
2016-08-27,Jalandhar,0.0,0.0
2016-08-27,Kapurthala,0.0,0.0
2016-08-27,Ludhiana,0.0,0.0
2016-08-27,Mansa,0.0,0.0
2016-08-27,Moga,0.0,0.0
2016-08-27,Muktsar,0.0,0.0
2016-08-27,Nawanshahr,0.0,0.0
2016-08-27,Patiala,0.0,0.0
2016-08-27,Rupnagar,0.0,0.0
2016-08-27,Sahibzada Ajit Singh Nagar,0.0,0.0
2016-08-27,Sangrur,0.0,0.0
2016-08-27,Tarn Taran,0.0,0.0
2016-08-28,Amritsar,0.0,0.0
2016-08-28,Barnala,0.0,0.0
2016-08-28,Bathinda,0.0,0.0
2016-08-28,Faridkot,0.0,0.0
2016-08-28,Fatehgarh Sahib,0.0,0.0
2016-08-28,Firozpur,0.0,0.0
2016-08-28,Gurdaspur,0.0,0.0
2016-08-28,Hoshiarpur,0.0,0.0
2016-08-28,Jalandhar,0.0,0.0
2016-08-28,Kapurthala,0.0,0.0
2016-08-28,Ludhiana,0.0,0.0
2016-08-28,Mansa,0.0,0.0
2016-08-28,Moga,0.0,0.0
2016-08-28,Muktsar,0.0,0.0
2016-08-28,Nawanshahr,0.0,0.0
2016-08-28,Patiala,0.0,0.0
2016-08-28,Rupnagar,0.0,0.0
2016-08-28,Sahibzada Ajit Singh Nagar,0.0,0.0
2016-08-28,Sangrur,0.0,0.0
2016-08-28,Tarn Taran,0.0,0.0
2016-08-29,Amritsar,0.0,0.0
2016-08-29,Barnala,0.0,0.0
2016-08-29,Bathinda,0.0,0.0
2016-08-29,Faridkot,0.0,0.0
2016-08-29,Fatehgarh Sahib,3.71,3.2e-05
2016-08-29,Firozpur,0.0,0.0
2016-08-29,Gurdaspur,0.0,0.0
2016-08-29,Hoshiarpur,0.0,0.0
2016-08-29,Jalandhar,0.0,0.0
2016-08-29,Kapurthala,0.0,0.0
2016-08-29,Ludhiana,3.69,1e-05
2016-08-29,Mansa,2.99,1.3e-05
2016-08-29,Moga,0.0,0.0
2016-08-29,Muktsar,0.0,0.0
2016-08-29,Nawanshahr,3.67,2.8e-05
2016-08-29,Patiala,9.65,2.9e-05
2016-08-29,Rupnagar,0.0,0.0
2016-08-29,Sahibzada Ajit Singh Nagar,0.0,0.0
2016-08-29,Sangrur,0.0,0.0
2016-08-29,Tarn Taran,0.0,0.0
2016-08-30,Amritsar,0.0,0.0
2016-08-30,Barnala,0.0,0.0
2016-08-30,Bathinda,0.0,0.0
2016-08-30,Faridkot,0.0,0.0
2016-08-30,Fatehgarh Sahib,0.0,0.0
2016-08-30,Firozpur,0.0,0.0
2016-08-30,Gurdaspur,0.0,0.0
2016-08-30,Hoshiarpur,0.0,0.0
2016-08-30,Jalandhar,0.0,0.0
2016-08-30,Kapurthala,0.0,0.0
2016-08-30,Ludhiana,0.0,0.0
2016-08-30,Mansa,0.0,0.0
2016-08-30,Moga,0.0,0.0
2016-08-30,Muktsar,0.0,0.0
2016-08-30,Nawanshahr,0.0,0.0
2016-08-30,Patiala,0.0,0.0
2016-08-30,Rupnagar,0.0,0.0
2016-08-30,Sahibzada Ajit Singh Nagar,0.0,0.0
2016-08-30,Sangrur,0.0,0.0
2016-08-30,Tarn Taran,0.0,0.0
2016-08-31,Amritsar,0.0,0.0
2016-08-31,Barnala,0.0,0.0
2016-08-31,Bathinda,0.0,0.0
2016-08-31,Faridkot,0.0,0.0
2016-08-31,Fatehgarh Sahib,0.0,0.0
2016-08-31,Firozpur,0.0,0.0
2016-08-31,Gurdaspur,0.0,0.0
2016-08-31,Hoshiarpur,0.0,0.0
2016-08-31,Jalandhar,0.0,0.0
2016-08-31,Kapurthala,0.0,0.0
2016-08-31,Ludhiana,0.0,0.0
2016-08-31,Mansa,0.0,0.0
2016-08-31,Moga,0.0,0.0
2016-08-31,Muktsar,0.0,0.0
2016-08-31,Nawanshahr,0.0,0.0
2016-08-31,Patiala,0.0,0.0
2016-08-31,Rupnagar,0.0,0.0
2016-08-31,Sahibzada Ajit Singh Nagar,0.0,0.0
2016-08-31,Sangrur,0.0,0.0
2016-08-31,Tarn Taran,0.0,0.0
2016-09-01,Amritsar,0.0,0.0
2016-09-01,Barnala,0.0,0.0
2016-09-01,Bathinda,0.0,0.0
2016-09-01,Faridkot,0.0,0.0
2016-09-01,Fatehgarh Sahib,0.0,0.0
2016-09-01,Firozpur,0.0,0.0
2016-09-01,Gurdaspur,0.0,0.0
2016-09-01,Hoshiarpur,0.0,0.0
2016-09-01,Jalandhar,0.0,0.0
2016-09-01,Kapurthala,0.0,0.0
2016-09-01,Ludhiana,0.0,0.0
2016-09-01,Mansa,0.0,0.0
2016-09-01,Moga,0.0,0.0
2016-09-01,Muktsar,0.0,0.0
2016-09-01,Nawanshahr,0.0,0.0
2016-09-01,Patiala,0.0,0.0
2016-09-01,Rupnagar,0.0,0.0
2016-09-01,Sahibzada Ajit Singh Nagar,0.0,0.0
2016-09-01,Sangrur,0.0,0.0
2016-09-01,Tarn Taran,0.0,0.0
2016-09-02,Amritsar,0.0,0.0
2016-09-02,Barnala,0.0,0.0
2016-09-02,Bathinda,0.0,0.0
2016-09-02,Faridkot,0.0,0.0
2016-09-02,Fatehgarh Sahib,0.0,0.0
2016-09-02,Firozpur,0.0,0.0
2016-09-02,Gurdaspur,0.0,0.0
2016-09-02,Hoshiarpur,0.0,0.0
2016-09-02,Jalandhar,0.0,0.0
2016-09-02,Kapurthala,0.0,0.0
2016-09-02,Ludhiana,0.0,0.0
2016-09-02,Mansa,0.0,0.0
2016-09-02,Moga,0.0,0.0
2016-09-02,Muktsar,0.0,0.0
2016-09-02,Nawanshahr,0.0,0.0
2016-09-02,Patiala,0.0,0.0
2016-09-02,Rupnagar,0.0,0.0
2016-09-02,Sahibzada Ajit Singh Nagar,0.0,0.0
2016-09-02,Sangrur,0.0,0.0
2016-09-02,Tarn Taran,0.0,0.0
2016-09-03,Amritsar,0.0,0.0
2016-09-03,Barnala,0.0,0.0
2016-09-03,Bathinda,0.0,0.0
2016-09-03,Faridkot,0.0,0.0
2016-09-03,Fatehgarh Sahib,0.0,0.0
2016-09-03,Firozpur,0.0,0.0
2016-09-03,Gurdaspur,0.0,0.0
2016-09-03,Hoshiarpur,0.0,0.0
2016-09-03,Jalandhar,0.0,0.0
2016-09-03,Kapurthala,0.0,0.0
2016-09-03,Ludhiana,0.0,0.0
2016-09-03,Mansa,0.0,0.0
2016-09-03,Moga,0.0,0.0
2016-09-03,Muktsar,0.0,0.0
2016-09-03,Nawanshahr,0.0,0.0
2016-09-03,Patiala,0.0,0.0
2016-09-03,Rupnagar,0.0,0.0
2016-09-03,Sahibzada Ajit Singh Nagar,0.0,0.0
2016-09-03,Sangrur,0.0,0.0
2016-09-03,Tarn Taran,0.0,0.0
2016-09-04,Amritsar,0.0,0.0
2016-09-04,Barnala,0.0,0.0
2016-09-04,Bathinda,0.0,0.0
2016-09-04,Faridkot,0.0,0.0
2016-09-04,Fatehgarh Sahib,0.0,0.0
2016-09-04,Firozpur,0.0,0.0
2016-09-04,Gurdaspur,0.0,0.0
2016-09-04,Hoshiarpur,0.0,0.0
2016-09-04,Jalandhar,0.0,0.0
2016-09-04,Kapurthala,0.0,0.0
2016-09-04,Ludhiana,0.0,0.0
2016-09-04,Mansa,0.0,0.0
2016-09-04,Moga,0.0,0.0
2016-09-04,Muktsar,0.0,0.0
2016-09-04,Nawanshahr,0.0,0.0
2016-09-04,Patiala,0.0,0.0
2016-09-04,Rupnagar,0.0,0.0
2016-09-04,Sahibzada Ajit Singh Nagar,0.0,0.0
2016-09-04,Sangrur,0.0,0.0
2016-09-04,Tarn Taran,0.0,0.0
2016-09-05,Amritsar,0.0,0.0
2016-09-05,Barnala,0.0,0.0
2016-09-05,Bathinda,0.0,0.0
2016-09-05,Faridkot,0.0,0.0
2016-09-05,Fatehgarh Sahib,0.0,0.0
2016-09-05,Firozpur,0.0,0.0
2016-09-05,Gurdaspur,0.0,0.0
2016-09-05,Hoshiarpur,0.0,0.0
2016-09-05,Jalandhar,0.0,0.0
2016-09-05,Kapurthala,0.0,0.0
2016-09-05,Ludhiana,0.0,0.0
2016-09-05,Mansa,0.0,0.0
2016-09-05,Moga,0.0,0.0
2016-09-05,Muktsar,0.0,0.0
2016-09-05,Nawanshahr,0.0,0.0
2016-09-05,Patiala,0.0,0.0
2016-09-05,Rupnagar,0.0,0.0
2016-09-05,Sahibzada Ajit Singh Nagar,0.0,0.0
2016-09-05,Sangrur,0.0,0.0
2016-09-05,Tarn Taran,0.0,0.0
2016-09-06,Amritsar,0.0,0.0
2016-09-06,Barnala,0.0,0.0
2016-09-06,Bathinda,0.0,0.0
2016-09-06,Faridkot,0.0,0.0
2016-09-06,Fatehgarh Sahib,0.0,0.0
2016-09-06,Firozpur,0.0,0.0
2016-09-06,Gurdaspur,0.0,0.0
2016-09-06,Hoshiarpur,0.0,0.0
2016-09-06,Jalandhar,0.0,0.0
2016-09-06,Kapurthala,0.0,0.0
2016-09-06,Ludhiana,0.0,0.0
2016-09-06,Mansa,0.0,0.0
2016-09-06,Moga,0.0,0.0
2016-09-06,Muktsar,0.0,0.0
2016-09-06,Nawanshahr,0.0,0.0
2016-09-06,Patiala,0.0,0.0
2016-09-06,Rupnagar,0.0,0.0
2016-09-06,Sahibzada Ajit Singh Nagar,0.0,0.0
2016-09-06,Sangrur,0.0,0.0
2016-09-06,Tarn Taran,0.0,0.0
2016-09-07,Amritsar,0.0,0.0
2016-09-07,Barnala,0.0,0.0
2016-09-07,Bathinda,0.0,0.0
2016-09-07,Faridkot,0.0,0.0
2016-09-07,Fatehgarh Sahib,0.0,0.0
2016-09-07,Firozpur,0.0,0.0
2016-09-07,Gurdaspur,0.0,0.0
2016-09-07,Hoshiarpur,0.0,0.0
2016-09-07,Jalandhar,0.0,0.0
2016-09-07,Kapurthala,0.0,0.0
2016-09-07,Ludhiana,0.0,0.0
2016-09-07,Mansa,0.0,0.0
2016-09-07,Moga,0.0,0.0
2016-09-07,Muktsar,0.0,0.0
2016-09-07,Nawanshahr,0.0,0.0
2016-09-07,Patiala,0.0,0.0
2016-09-07,Rupnagar,0.0,0.0
2016-09-07,Sahibzada Ajit Singh Nagar,0.0,0.0
2016-09-07,Sangrur,0.0,0.0
2016-09-07,Tarn Taran,0.0,0.0
2016-09-08,Amritsar,0.0,0.0
2016-09-08,Barnala,0.0,0.0
2016-09-08,Bathinda,0.0,0.0
2016-09-08,Faridkot,0.0,0.0
2016-09-08,Fatehgarh Sahib,0.0,0.0
2016-09-08,Firozpur,0.0,0.0
2016-09-08,Gurdaspur,0.0,0.0
2016-09-08,Hoshiarpur,0.0,0.0
2016-09-08,Jalandhar,0.0,0.0
2016-09-08,Kapurthala,0.0,0.0
2016-09-08,Ludhiana,0.0,0.0
2016-09-08,Mansa,0.0,0.0
2016-09-08,Moga,0.0,0.0
2016-09-08,Muktsar,0.0,0.0
2016-09-08,Nawanshahr,0.0,0.0
2016-09-08,Patiala,0.0,0.0
2016-09-08,Rupnagar,0.0,0.0
2016-09-08,Sahibzada Ajit Singh Nagar,0.0,0.0
2016-09-08,Sangrur,0.0,0.0
2016-09-08,Tarn Taran,0.0,0.0
2016-09-09,Amritsar,0.0,0.0
2016-09-09,Barnala,0.0,0.0
2016-09-09,Bathinda,0.0,0.0
2016-09-09,Faridkot,0.0,0.0
2016-09-09,Fatehgarh Sahib,0.0,0.0
2016-09-09,Firozpur,0.0,0.0
2016-09-09,Gurdaspur,0.0,0.0
2016-09-09,Hoshiarpur,0.0,0.0
2016-09-09,Jalandhar,0.0,0.0
2016-09-09,Kapurthala,0.0,0.0
2016-09-09,Ludhiana,0.0,0.0
2016-09-09,Mansa,0.0,0.0
2016-09-09,Moga,0.0,0.0
2016-09-09,Muktsar,0.0,0.0
2016-09-09,Nawanshahr,0.0,0.0
2016-09-09,Patiala,0.0,0.0
2016-09-09,Rupnagar,0.0,0.0
2016-09-09,Sahibzada Ajit Singh Nagar,0.0,0.0
2016-09-09,Sangrur,0.0,0.0
2016-09-09,Tarn Taran,0.0,0.0
2016-09-10,Amritsar,0.0,0.0
2016-09-10,Barnala,0.0,0.0
2016-09-10,Bathinda,0.0,0.0
2016-09-10,Faridkot,0.0,0.0
2016-09-10,Fatehgarh Sahib,0.0,0.0
2016-09-10,Firozpur,0.0,0.0
2016-09-10,Gurdaspur,0.0,0.0
2016-09-10,Hoshiarpur,0.0,0.0
2016-09-10,Jalandhar,0.0,0.0
2016-09-10,Kapurthala,0.0,0.0
2016-09-10,Ludhiana,0.0,0.0
2016-09-10,Mansa,0.0,0.0
2016-09-10,Moga,0.0,0.0
2016-09-10,Muktsar,0.0,0.0
2016-09-10,Nawanshahr,0.0,0.0
2016-09-10,Patiala,0.0,0.0
2016-09-10,Rupnagar,0.0,0.0
2016-09-10,Sahibzada Ajit Singh Nagar,0.0,0.0
2016-09-10,Sangrur,0.0,0.0
2016-09-10,Tarn Taran,0.0,0.0
2016-09-11,Amritsar,0.0,0.0
2016-09-11,Barnala,0.0,0.0
2016-09-11,Bathinda,0.0,0.0
2016-09-11,Faridkot,0.0,0.0
2016-09-11,Fatehgarh Sahib,0.0,0.0
2016-09-11,Firozpur,0.0,0.0
2016-09-11,Gurdaspur,0.0,0.0
2016-09-11,Hoshiarpur,0.0,0.0
2016-09-11,Jalandhar,0.0,0.0
2016-09-11,Kapurthala,0.0,0.0
2016-09-11,Ludhiana,0.0,0.0
2016-09-11,Mansa,0.0,0.0
2016-09-11,Moga,0.0,0.0
2016-09-11,Muktsar,0.0,0.0
2016-09-11,Nawanshahr,0.0,0.0
2016-09-11,Patiala,0.0,0.0
2016-09-11,Rupnagar,0.0,0.0
2016-09-11,Sahibzada Ajit Singh Nagar,0.0,0.0
2016-09-11,Sangrur,0.0,0.0
2016-09-11,Tarn Taran,0.0,0.0
2016-09-12,Amritsar,0.0,0.0
2016-09-12,Barnala,0.0,0.0
2016-09-12,Bathinda,0.0,0.0
2016-09-12,Faridkot,0.0,0.0
2016-09-12,Fatehgarh Sahib,0.0,0.0
2016-09-12,Firozpur,0.0,0.0
2016-09-12,Gurdaspur,0.0,0.0
2016-09-12,Hoshiarpur,0.0,0.0
2016-09-12,Jalandhar,0.0,0.0
2016-09-12,Kapurthala,0.0,0.0
2016-09-12,Ludhiana,0.0,0.0
2016-09-12,Mansa,0.0,0.0
2016-09-12,Moga,0.0,0.0
2016-09-12,Muktsar,0.0,0.0
2016-09-12,Nawanshahr,0.0,0.0
2016-09-12,Patiala,0.0,0.0
2016-09-12,Rupnagar,0.0,0.0
2016-09-12,Sahibzada Ajit Singh Nagar,0.0,0.0
2016-09-12,Sangrur,0.0,0.0
2016-09-12,Tarn Taran,0.0,0.0
2016-09-13,Amritsar,0.0,0.0
2016-09-13,Barnala,0.0,0.0
2016-09-13,Bathinda,0.0,0.0
2016-09-13,Faridkot,0.0,0.0
2016-09-13,Fatehgarh Sahib,0.0,0.0
2016-09-13,Firozpur,0.0,0.0
2016-09-13,Gurdaspur,0.0,0.0
2016-09-13,Hoshiarpur,0.0,0.0
2016-09-13,Jalandhar,0.0,0.0
2016-09-13,Kapurthala,0.0,0.0
2016-09-13,Ludhiana,0.0,0.0
2016-09-13,Mansa,0.0,0.0
2016-09-13,Moga,0.0,0.0
2016-09-13,Muktsar,0.0,0.0
2016-09-13,Nawanshahr,0.0,0.0
2016-09-13,Patiala,0.0,0.0
2016-09-13,Rupnagar,0.0,0.0
2016-09-13,Sahibzada Ajit Singh Nagar,0.0,0.0
2016-09-13,Sangrur,0.0,0.0
2016-09-13,Tarn Taran,0.0,0.0
2016-09-14,Amritsar,0.0,0.0
2016-09-14,Barnala,0.0,0.0
2016-09-14,Bathinda,0.0,0.0
2016-09-14,Faridkot,0.0,0.0
2016-09-14,Fatehgarh Sahib,0.0,0.0
2016-09-14,Firozpur,0.0,0.0
2016-09-14,Gurdaspur,0.0,0.0
2016-09-14,Hoshiarpur,0.0,0.0
2016-09-14,Jalandhar,0.0,0.0
2016-09-14,Kapurthala,0.0,0.0
2016-09-14,Ludhiana,0.0,0.0
2016-09-14,Mansa,0.0,0.0
2016-09-14,Moga,0.0,0.0
2016-09-14,Muktsar,0.0,0.0
2016-09-14,Nawanshahr,0.0,0.0
2016-09-14,Patiala,0.0,0.0
2016-09-14,Rupnagar,0.0,0.0
2016-09-14,Sahibzada Ajit Singh Nagar,0.0,0.0
2016-09-14,Sangrur,0.0,0.0
2016-09-14,Tarn Taran,0.0,0.0
2016-09-15,Amritsar,3.61,1.4e-05
2016-09-15,Barnala,0.0,0.0
2016-09-15,Bathinda,0.0,0.0
2016-09-15,Faridkot,0.0,0.0
2016-09-15,Fatehgarh Sahib,0.0,0.0
2016-09-15,Firozpur,31.86,6.1e-05
2016-09-15,Gurdaspur,13.63,3.8e-05
2016-09-15,Hoshiarpur,7.23,2.1e-05
2016-09-15,Jalandhar,2.94,1.1e-05
2016-09-15,Kapurthala,8.03,4.8e-05
2016-09-15,Ludhiana,0.0,0.0
2016-09-15,Mansa,21.04,9.5e-05
2016-09-15,Moga,0.0,0.0
2016-09-15,Muktsar,0.0,0.0
2016-09-15,Nawanshahr,0.0,0.0
2016-09-15,Patiala,0.0,0.0
2016-09-15,Rupnagar,0.0,0.0
2016-09-15,Sahibzada Ajit Singh Nagar,0.0,0.0
2016-09-15,Sangrur,0.0,0.0
2016-09-15,Tarn Taran,263.74,0.001099
2016-09-16,Amritsar,0.0,0.0
2016-09-16,Barnala,0.0,0.0
2016-09-16,Bathinda,0.0,0.0
2016-09-16,Faridkot,0.0,0.0
2016-09-16,Fatehgarh Sahib,0.0,0.0
2016-09-16,Firozpur,0.0,0.0
2016-09-16,Gurdaspur,0.0,0.0
2016-09-16,Hoshiarpur,0.0,0.0
2016-09-16,Jalandhar,0.0,0.0
2016-09-16,Kapurthala,0.0,0.0
2016-09-16,Ludhiana,0.0,0.0
2016-09-16,Mansa,0.0,0.0
2016-09-16,Moga,0.0,0.0
2016-09-16,Muktsar,0.0,0.0
2016-09-16,Nawanshahr,0.0,0.0
2016-09-16,Patiala,0.0,0.0
2016-09-16,Rupnagar,0.0,0.0
2016-09-16,Sahibzada Ajit Singh Nagar,0.0,0.0
2016-09-16,Sangrur,0.0,0.0
2016-09-16,Tarn Taran,0.0,0.0
2016-09-17,Amritsar,0.0,0.0
2016-09-17,Barnala,0.0,0.0
2016-09-17,Bathinda,0.0,0.0
2016-09-17,Faridkot,0.0,0.0
2016-09-17,Fatehgarh Sahib,0.0,0.0
2016-09-17,Firozpur,0.0,0.0
2016-09-17,Gurdaspur,0.0,0.0
2016-09-17,Hoshiarpur,0.0,0.0
2016-09-17,Jalandhar,0.0,0.0
2016-09-17,Kapurthala,0.0,0.0
2016-09-17,Ludhiana,0.0,0.0
2016-09-17,Mansa,0.0,0.0
2016-09-17,Moga,0.0,0.0
2016-09-17,Muktsar,0.0,0.0
2016-09-17,Nawanshahr,0.0,0.0
2016-09-17,Patiala,0.0,0.0
2016-09-17,Rupnagar,0.0,0.0
2016-09-17,Sahibzada Ajit Singh Nagar,0.0,0.0
2016-09-17,Sangrur,0.0,0.0
2016-09-17,Tarn Taran,0.0,0.0
2016-09-18,Amritsar,0.0,0.0
2016-09-18,Barnala,0.0,0.0
2016-09-18,Bathinda,0.0,0.0
2016-09-18,Faridkot,0.0,0.0
2016-09-18,Fatehgarh Sahib,0.0,0.0
2016-09-18,Firozpur,0.0,0.0
2016-09-18,Gurdaspur,0.0,0.0
2016-09-18,Hoshiarpur,0.0,0.0
2016-09-18,Jalandhar,0.0,0.0
2016-09-18,Kapurthala,0.0,0.0
2016-09-18,Ludhiana,0.0,0.0
2016-09-18,Mansa,0.0,0.0
2016-09-18,Moga,0.0,0.0
2016-09-18,Muktsar,0.0,0.0
2016-09-18,Nawanshahr,0.0,0.0
2016-09-18,Patiala,0.0,0.0
2016-09-18,Rupnagar,0.0,0.0
2016-09-18,Sahibzada Ajit Singh Nagar,0.0,0.0
2016-09-18,Sangrur,0.0,0.0
2016-09-18,Tarn Taran,0.0,0.0
2016-09-19,Amritsar,11.54,4.3e-05
2016-09-19,Barnala,0.0,0.0
2016-09-19,Bathinda,0.0,0.0
2016-09-19,Faridkot,0.0,0.0
2016-09-19,Fatehgarh Sahib,0.0,0.0
2016-09-19,Firozpur,8.82,1.7e-05
2016-09-19,Gurdaspur,43.77,0.000121
2016-09-19,Hoshiarpur,10.85,3.2e-05
2016-09-19,Jalandhar,0.0,0.0
2016-09-19,Kapurthala,10.22,6.1e-05
2016-09-19,Ludhiana,0.0,0.0
2016-09-19,Mansa,15.03,6.8e-05
2016-09-19,Moga,0.0,0.0
2016-09-19,Muktsar,0.0,0.0
2016-09-19,Nawanshahr,0.0,0.0
2016-09-19,Patiala,0.0,0.0
2016-09-19,Rupnagar,0.0,0.0
2016-09-19,Sahibzada Ajit Singh Nagar,0.0,0.0
2016-09-19,Sangrur,0.0,0.0
2016-09-19,Tarn Taran,178.98,0.000746
2016-09-20,Amritsar,0.0,0.0
2016-09-20,Barnala,0.0,0.0
2016-09-20,Bathinda,0.0,0.0
2016-09-20,Faridkot,0.0,0.0
2016-09-20,Fatehgarh Sahib,0.0,0.0
2016-09-20,Firozpur,0.0,0.0
2016-09-20,Gurdaspur,0.0,0.0
2016-09-20,Hoshiarpur,0.0,0.0
2016-09-20,Jalandhar,0.0,0.0
2016-09-20,Kapurthala,0.0,0.0
2016-09-20,Ludhiana,0.0,0.0
2016-09-20,Mansa,0.0,0.0
2016-09-20,Moga,0.0,0.0
2016-09-20,Muktsar,0.0,0.0
2016-09-20,Nawanshahr,0.0,0.0
2016-09-20,Patiala,0.0,0.0
2016-09-20,Rupnagar,0.0,0.0
2016-09-20,Sahibzada Ajit Singh Nagar,0.0,0.0
2016-09-20,Sangrur,0.0,0.0
2016-09-20,Tarn Taran,0.0,0.0
2016-09-21,Amritsar,0.0,0.0
2016-09-21,Barnala,0.0,0.0
2016-09-21,Bathinda,0.0,0.0
2016-09-21,Faridkot,0.0,0.0
2016-09-21,Fatehgarh Sahib,0.0,0.0
2016-09-21,Firozpur,0.0,0.0
2016-09-21,Gurdaspur,0.0,0.0
2016-09-21,Hoshiarpur,0.0,0.0
2016-09-21,Jalandhar,0.0,0.0
2016-09-21,Kapurthala,0.0,0.0
2016-09-21,Ludhiana,0.0,0.0
2016-09-21,Mansa,0.0,0.0
2016-09-21,Moga,0.0,0.0
2016-09-21,Muktsar,0.0,0.0
2016-09-21,Nawanshahr,0.0,0.0
2016-09-21,Patiala,0.0,0.0
2016-09-21,Rupnagar,0.0,0.0
2016-09-21,Sahibzada Ajit Singh Nagar,0.0,0.0
2016-09-21,Sangrur,0.0,0.0
2016-09-21,Tarn Taran,0.0,0.0
2016-09-22,Amritsar,0.0,0.0
2016-09-22,Barnala,0.0,0.0
2016-09-22,Bathinda,0.0,0.0
2016-09-22,Faridkot,0.0,0.0
2016-09-22,Fatehgarh Sahib,0.0,0.0
2016-09-22,Firozpur,0.0,0.0
2016-09-22,Gurdaspur,0.0,0.0
2016-09-22,Hoshiarpur,0.0,0.0
2016-09-22,Jalandhar,0.0,0.0
2016-09-22,Kapurthala,0.0,0.0
2016-09-22,Ludhiana,0.0,0.0
2016-09-22,Mansa,0.0,0.0
2016-09-22,Moga,0.0,0.0
2016-09-22,Muktsar,0.0,0.0
2016-09-22,Nawanshahr,0.0,0.0
2016-09-22,Patiala,0.0,0.0
2016-09-22,Rupnagar,0.0,0.0
2016-09-22,Sahibzada Ajit Singh Nagar,0.0,0.0
2016-09-22,Sangrur,0.0,0.0
2016-09-22,Tarn Taran,0.0,0.0
2016-09-23,Amritsar,0.0,0.0
2016-09-23,Barnala,0.0,0.0
2016-09-23,Bathinda,0.0,0.0
2016-09-23,Faridkot,0.0,0.0
2016-09-23,Fatehgarh Sahib,0.0,0.0
2016-09-23,Firozpur,0.0,0.0
2016-09-23,Gurdaspur,0.0,0.0
2016-09-23,Hoshiarpur,0.0,0.0
2016-09-23,Jalandhar,0.0,0.0
2016-09-23,Kapurthala,0.0,0.0
2016-09-23,Ludhiana,0.0,0.0
2016-09-23,Mansa,0.0,0.0
2016-09-23,Moga,0.0,0.0
2016-09-23,Muktsar,0.0,0.0
2016-09-23,Nawanshahr,0.0,0.0
2016-09-23,Patiala,0.0,0.0
2016-09-23,Rupnagar,0.0,0.0
2016-09-23,Sahibzada Ajit Singh Nagar,0.0,0.0
2016-09-23,Sangrur,0.0,0.0
2016-09-23,Tarn Taran,0.0,0.0
2016-09-24,Amritsar,0.0,0.0
2016-09-24,Barnala,0.0,0.0
2016-09-24,Bathinda,0.0,0.0
2016-09-24,Faridkot,0.0,0.0
2016-09-24,Fatehgarh Sahib,0.0,0.0
2016-09-24,Firozpur,0.0,0.0
2016-09-24,Gurdaspur,0.0,0.0
2016-09-24,Hoshiarpur,0.0,0.0
2016-09-24,Jalandhar,0.0,0.0
2016-09-24,Kapurthala,0.0,0.0
2016-09-24,Ludhiana,0.0,0.0
2016-09-24,Mansa,0.0,0.0
2016-09-24,Moga,0.0,0.0
2016-09-24,Muktsar,0.0,0.0
2016-09-24,Nawanshahr,0.0,0.0
2016-09-24,Patiala,0.0,0.0
2016-09-24,Rupnagar,0.0,0.0
2016-09-24,Sahibzada Ajit Singh Nagar,0.0,0.0
2016-09-24,Sangrur,0.0,0.0
2016-09-24,Tarn Taran,0.0,0.0
2016-09-25,Amritsar,0.0,0.0
2016-09-25,Barnala,0.0,0.0
2016-09-25,Bathinda,0.0,0.0
2016-09-25,Faridkot,0.0,0.0
2016-09-25,Fatehgarh Sahib,0.0,0.0
2016-09-25,Firozpur,0.0,0.0
2016-09-25,Gurdaspur,0.0,0.0
2016-09-25,Hoshiarpur,0.0,0.0
2016-09-25,Jalandhar,0.0,0.0
2016-09-25,Kapurthala,0.0,0.0
2016-09-25,Ludhiana,0.0,0.0
2016-09-25,Mansa,0.0,0.0
2016-09-25,Moga,0.0,0.0
2016-09-25,Muktsar,0.0,0.0
2016-09-25,Nawanshahr,0.0,0.0
2016-09-25,Patiala,0.0,0.0
2016-09-25,Rupnagar,0.0,0.0
2016-09-25,Sahibzada Ajit Singh Nagar,0.0,0.0
2016-09-25,Sangrur,0.0,0.0
2016-09-25,Tarn Taran,0.0,0.0
2016-09-26,Amritsar,0.73,3e-06
2016-09-26,Barnala,0.0,0.0
2016-09-26,Bathinda,0.0,0.0
2016-09-26,Faridkot,0.0,0.0
2016-09-26,Fatehgarh Sahib,0.0,0.0
2016-09-26,Firozpur,0.0,0.0
2016-09-26,Gurdaspur,24.38,6.7e-05
2016-09-26,Hoshiarpur,7.23,2.1e-05
2016-09-26,Jalandhar,0.0,0.0
2016-09-26,Kapurthala,6.55,3.9e-05
2016-09-26,Ludhiana,0.0,0.0
2016-09-26,Mansa,0.0,0.0
2016-09-26,Moga,0.0,0.0
2016-09-26,Muktsar,0.0,0.0
2016-09-26,Nawanshahr,0.0,0.0
2016-09-26,Patiala,0.0,0.0
2016-09-26,Rupnagar,0.0,0.0
2016-09-26,Sahibzada Ajit Singh Nagar,0.0,0.0
2016-09-26,Sangrur,0.0,0.0
2016-09-26,Tarn Taran,0.0,0.0
2016-09-27,Amritsar,13.68,5.1e-05
2016-09-27,Barnala,0.0,0.0
2016-09-27,Bathinda,0.0,0.0
2016-09-27,Faridkot,0.0,0.0
2016-09-27,Fatehgarh Sahib,0.0,0.0
2016-09-27,Firozpur,4.41,8e-06
2016-09-27,Gurdaspur,38.75,0.000107
2016-09-27,Hoshiarpur,5.78,1.7e-05
2016-09-27,Jalandhar,0.0,0.0
2016-09-27,Kapurthala,8.76,5.3e-05
2016-09-27,Ludhiana,0.0,0.0
2016-09-27,Mansa,12.77,5.8e-05
2016-09-27,Moga,0.0,0.0
2016-09-27,Muktsar,0.0,0.0
2016-09-27,Nawanshahr,0.0,0.0
2016-09-27,Patiala,0.0,0.0
2016-09-27,Rupnagar,0.0,0.0
2016-09-27,Sahibzada Ajit Singh Nagar,0.0,0.0
2016-09-27,Sangrur,0.0,0.0
2016-09-27,Tarn Taran,173.14,0.000721
2016-09-28,Amritsar,0.0,0.0
2016-09-28,Barnala,0.0,0.0
2016-09-28,Bathinda,0.0,0.0
2016-09-28,Faridkot,0.0,0.0
2016-09-28,Fatehgarh Sahib,0.0,0.0
2016-09-28,Firozpur,0.0,0.0
2016-09-28,Gurdaspur,0.0,0.0
2016-09-28,Hoshiarpur,0.0,0.0
2016-09-28,Jalandhar,0.0,0.0
2016-09-28,Kapurthala,0.0,0.0
2016-09-28,Ludhiana,0.0,0.0
2016-09-28,Mansa,0.0,0.0
2016-09-28,Moga,0.0,0.0
2016-09-28,Muktsar,0.0,0.0
2016-09-28,Nawanshahr,0.0,0.0
2016-09-28,Patiala,0.0,0.0
2016-09-28,Rupnagar,0.0,0.0
2016-09-28,Sahibzada Ajit Singh Nagar,0.0,0.0
2016-09-28,Sangrur,0.0,0.0
2016-09-28,Tarn Taran,0.0,0.0
2016-09-29,Amritsar,0.0,0.0
2016-09-29,Barnala,0.0,0.0
2016-09-29,Bathinda,0.0,0.0
2016-09-29,Faridkot,0.0,0.0
2016-09-29,Fatehgarh Sahib,0.0,0.0
2016-09-29,Firozpur,0.0,0.0
2016-09-29,Gurdaspur,0.0,0.0
2016-09-29,Hoshiarpur,0.0,0.0
2016-09-29,Jalandhar,0.0,0.0
2016-09-29,Kapurthala,0.0,0.0
2016-09-29,Ludhiana,0.0,0.0
2016-09-29,Mansa,0.0,0.0
2016-09-29,Moga,0.0,0.0
2016-09-29,Muktsar,0.0,0.0
2016-09-29,Nawanshahr,0.0,0.0
2016-09-29,Patiala,0.0,0.0
2016-09-29,Rupnagar,0.0,0.0
2016-09-29,Sahibzada Ajit Singh Nagar,0.0,0.0
2016-09-29,Sangrur,0.0,0.0
2016-09-29,Tarn Taran,0.0,0.0
2017-06-15,Amritsar,0.0,0.0
2017-06-15,Barnala,0.0,0.0
2017-06-15,Bathinda,0.0,0.0
2017-06-15,Faridkot,0.0,0.0
2017-06-15,Fatehgarh Sahib,0.0,0.0
2017-06-15,Firozpur,4.5,9e-06
2017-06-15,Gurdaspur,0.0,0.0
2017-06-15,Hoshiarpur,0.0,0.0
2017-06-15,Jalandhar,0.0,0.0
2017-06-15,Kapurthala,0.0,0.0
2017-06-15,Ludhiana,0.0,0.0
2017-06-15,Mansa,0.0,0.0
2017-06-15,Moga,0.0,0.0
2017-06-15,Muktsar,0.0,0.0
2017-06-15,Nawanshahr,0.0,0.0
2017-06-15,Patiala,0.0,0.0
2017-06-15,Rupnagar,0.0,0.0
2017-06-15,Sahibzada Ajit Singh Nagar,0.0,0.0
2017-06-15,Sangrur,0.0,0.0
2017-06-15,Tarn Taran,0.0,0.0
2017-06-16,Amritsar,0.0,0.0
2017-06-16,Barnala,0.0,0.0
2017-06-16,Bathinda,0.0,0.0
2017-06-16,Faridkot,0.0,0.0
2017-06-16,Fatehgarh Sahib,0.0,0.0
2017-06-16,Firozpur,0.0,0.0
2017-06-16,Gurdaspur,0.0,0.0
2017-06-16,Hoshiarpur,0.0,0.0
2017-06-16,Jalandhar,0.0,0.0
2017-06-16,Kapurthala,0.0,0.0
2017-06-16,Ludhiana,0.0,0.0
2017-06-16,Mansa,0.0,0.0
2017-06-16,Moga,0.0,0.0
2017-06-16,Muktsar,0.0,0.0
2017-06-16,Nawanshahr,0.0,0.0
2017-06-16,Patiala,0.0,0.0
2017-06-16,Rupnagar,0.0,0.0
2017-06-16,Sahibzada Ajit Singh Nagar,0.0,0.0
2017-06-16,Sangrur,0.0,0.0
2017-06-16,Tarn Taran,0.0,0.0
2017-06-17,Amritsar,0.0,0.0
2017-06-17,Barnala,0.0,0.0
2017-06-17,Bathinda,0.0,0.0
2017-06-17,Faridkot,0.0,0.0
2017-06-17,Fatehgarh Sahib,0.0,0.0
2017-06-17,Firozpur,0.0,0.0
2017-06-17,Gurdaspur,0.0,0.0
2017-06-17,Hoshiarpur,0.0,0.0
2017-06-17,Jalandhar,0.0,0.0
2017-06-17,Kapurthala,0.0,0.0
2017-06-17,Ludhiana,0.0,0.0
2017-06-17,Mansa,0.0,0.0
2017-06-17,Moga,0.0,0.0
2017-06-17,Muktsar,0.0,0.0
2017-06-17,Nawanshahr,0.0,0.0
2017-06-17,Patiala,0.0,0.0
2017-06-17,Rupnagar,0.0,0.0
2017-06-17,Sahibzada Ajit Singh Nagar,0.0,0.0
2017-06-17,Sangrur,0.0,0.0
2017-06-17,Tarn Taran,0.0,0.0
2017-06-18,Amritsar,0.0,0.0
2017-06-18,Barnala,0.0,0.0
2017-06-18,Bathinda,0.0,0.0
2017-06-18,Faridkot,0.0,0.0
2017-06-18,Fatehgarh Sahib,0.0,0.0
2017-06-18,Firozpur,0.0,0.0
2017-06-18,Gurdaspur,0.0,0.0
2017-06-18,Hoshiarpur,0.0,0.0
2017-06-18,Jalandhar,0.0,0.0
2017-06-18,Kapurthala,0.0,0.0
2017-06-18,Ludhiana,0.0,0.0
2017-06-18,Mansa,0.0,0.0
2017-06-18,Moga,0.0,0.0
2017-06-18,Muktsar,0.0,0.0
2017-06-18,Nawanshahr,0.0,0.0
2017-06-18,Patiala,0.0,0.0
2017-06-18,Rupnagar,0.0,0.0
2017-06-18,Sahibzada Ajit Singh Nagar,0.0,0.0
2017-06-18,Sangrur,0.0,0.0
2017-06-18,Tarn Taran,0.0,0.0
2017-06-19,Amritsar,0.0,0.0
2017-06-19,Barnala,0.0,0.0
2017-06-19,Bathinda,0.0,0.0
2017-06-19,Faridkot,0.0,0.0
2017-06-19,Fatehgarh Sahib,0.0,0.0
2017-06-19,Firozpur,0.0,0.0
2017-06-19,Gurdaspur,0.0,0.0
2017-06-19,Hoshiarpur,0.0,0.0
2017-06-19,Jalandhar,0.0,0.0
2017-06-19,Kapurthala,0.0,0.0
2017-06-19,Ludhiana,0.0,0.0
2017-06-19,Mansa,0.0,0.0
2017-06-19,Moga,0.0,0.0
2017-06-19,Muktsar,0.0,0.0
2017-06-19,Nawanshahr,0.0,0.0
2017-06-19,Patiala,0.0,0.0
2017-06-19,Rupnagar,0.0,0.0
2017-06-19,Sahibzada Ajit Singh Nagar,0.0,0.0
2017-06-19,Sangrur,0.0,0.0
2017-06-19,Tarn Taran,0.0,0.0
2017-06-20,Amritsar,0.0,0.0
2017-06-20,Barnala,0.0,0.0
2017-06-20,Bathinda,0.0,0.0
2017-06-20,Faridkot,0.0,0.0
2017-06-20,Fatehgarh Sahib,0.0,0.0
2017-06-20,Firozpur,0.0,0.0
2017-06-20,Gurdaspur,0.0,0.0
2017-06-20,Hoshiarpur,0.0,0.0
2017-06-20,Jalandhar,0.0,0.0
2017-06-20,Kapurthala,0.0,0.0
2017-06-20,Ludhiana,0.0,0.0
2017-06-20,Mansa,0.0,0.0
2017-06-20,Moga,0.0,0.0
2017-06-20,Muktsar,0.0,0.0
2017-06-20,Nawanshahr,0.0,0.0
2017-06-20,Patiala,0.0,0.0
2017-06-20,Rupnagar,0.0,0.0
2017-06-20,Sahibzada Ajit Singh Nagar,0.0,0.0
2017-06-20,Sangrur,0.0,0.0
2017-06-20,Tarn Taran,0.0,0.0
2017-06-21,Amritsar,0.0,0.0
2017-06-21,Barnala,0.0,0.0
2017-06-21,Bathinda,0.0,0.0
2017-06-21,Faridkot,0.0,0.0
2017-06-21,Fatehgarh Sahib,0.0,0.0
2017-06-21,Firozpur,0.0,0.0
2017-06-21,Gurdaspur,0.0,0.0
2017-06-21,Hoshiarpur,0.0,0.0
2017-06-21,Jalandhar,0.0,0.0
2017-06-21,Kapurthala,0.0,0.0
2017-06-21,Ludhiana,0.0,0.0
2017-06-21,Mansa,0.0,0.0
2017-06-21,Moga,0.0,0.0
2017-06-21,Muktsar,0.0,0.0
2017-06-21,Nawanshahr,0.0,0.0
2017-06-21,Patiala,0.0,0.0
2017-06-21,Rupnagar,0.0,0.0
2017-06-21,Sahibzada Ajit Singh Nagar,0.0,0.0
2017-06-21,Sangrur,0.0,0.0
2017-06-21,Tarn Taran,0.0,0.0
2017-06-22,Amritsar,3455.03,0.012951
2017-06-22,Barnala,1396.5,0.00937
2017-06-22,Bathinda,10293.7,0.030449
2017-06-22,Faridkot,13604.56,0.093462
2017-06-22,Fatehgarh Sahib,0.0,0.0
2017-06-22,Firozpur,22474.66,0.043044
2017-06-22,Gurdaspur,951.99,0.002623
2017-06-22,Hoshiarpur,1519.94,0.004501
2017-06-22,Jalandhar,2381.06,0.00911
2017-06-22,Kapurthala,5870.84,0.035231
2017-06-22,Ludhiana,1406.19,0.00391
2017-06-22,Mansa,1967.87,0.00887
2017-06-22,Moga,20792.14,0.088313
2017-06-22,Muktsar,5529.37,0.021161
2017-06-22,Nawanshahr,0.0,0.0
2017-06-22,Patiala,455.25,0.001363
2017-06-22,Rupnagar,0.0,0.0
2017-06-22,Sahibzada Ajit Singh Nagar,0.0,0.0
2017-06-22,Sangrur,15632.37,0.043291
2017-06-22,Tarn Taran,4966.24,0.020687
2017-06-23,Amritsar,0.0,0.0
2017-06-23,Barnala,0.0,0.0
2017-06-23,Bathinda,0.0,0.0
2017-06-23,Faridkot,0.0,0.0
2017-06-23,Fatehgarh Sahib,0.0,0.0
2017-06-23,Firozpur,1637.5,0.003136
2017-06-23,Gurdaspur,0.0,0.0
2017-06-23,Hoshiarpur,0.0,0.0
2017-06-23,Jalandhar,0.0,0.0
2017-06-23,Kapurthala,0.0,0.0
2017-06-23,Ludhiana,0.0,0.0
2017-06-23,Mansa,0.0,0.0
2017-06-23,Moga,0.0,0.0
2017-06-23,Muktsar,0.0,0.0
2017-06-23,Nawanshahr,0.0,0.0
2017-06-23,Patiala,0.0,0.0
2017-06-23,Rupnagar,0.0,0.0
2017-06-23,Sahibzada Ajit Singh Nagar,0.0,0.0
2017-06-23,Sangrur,0.0,0.0
2017-06-23,Tarn Taran,0.0,0.0
2017-06-24,Amritsar,0.0,0.0
2017-06-24,Barnala,0.0,0.0
2017-06-24,Bathinda,0.0,0.0
2017-06-24,Faridkot,0.0,0.0
2017-06-24,Fatehgarh Sahib,0.0,0.0
2017-06-24,Firozpur,0.0,0.0
2017-06-24,Gurdaspur,0.0,0.0
2017-06-24,Hoshiarpur,0.0,0.0
2017-06-24,Jalandhar,0.0,0.0
2017-06-24,Kapurthala,0.0,0.0
2017-06-24,Ludhiana,0.0,0.0
2017-06-24,Mansa,0.0,0.0
2017-06-24,Moga,0.0,0.0
2017-06-24,Muktsar,0.0,0.0
2017-06-24,Nawanshahr,0.0,0.0
2017-06-24,Patiala,0.0,0.0
2017-06-24,Rupnagar,0.0,0.0
2017-06-24,Sahibzada Ajit Singh Nagar,0.0,0.0
2017-06-24,Sangrur,0.0,0.0
2017-06-24,Tarn Taran,0.0,0.0
2017-06-25,Amritsar,0.0,0.0
2017-06-25,Barnala,1289.67,0.008654
2017-06-25,Bathinda,0.0,0.0
2017-06-25,Faridkot,0.0,0.0
2017-06-25,Fatehgarh Sahib,4708.74,0.041068
2017-06-25,Firozpur,0.0,0.0
2017-06-25,Gurdaspur,0.0,0.0
2017-06-25,Hoshiarpur,3.66,1.1e-05
2017-06-25,Jalandhar,657.1,0.002514
2017-06-25,Kapurthala,29.24,0.000175
2017-06-25,Ludhiana,5571.81,0.015492
2017-06-25,Mansa,717.6,0.003234
2017-06-25,Moga,0.0,0.0
2017-06-25,Muktsar,0.0,0.0
2017-06-25,Nawanshahr,591.99,0.004537
2017-06-25,Patiala,17669.62,0.052898
2017-06-25,Rupnagar,730.78,0.005264
2017-06-25,Sahibzada Ajit Singh Nagar,81.53,0.000734
2017-06-25,Sangrur,18481.61,0.051181
2017-06-25,Tarn Taran,0.0,0.0
2017-06-26,Amritsar,0.0,0.0
2017-06-26,Barnala,0.0,0.0
2017-06-26,Bathinda,0.0,0.0
2017-06-26,Faridkot,0.0,0.0
2017-06-26,Fatehgarh Sahib,0.0,0.0
2017-06-26,Firozpur,0.0,0.0
2017-06-26,Gurdaspur,0.0,0.0
2017-06-26,Hoshiarpur,0.0,0.0
2017-06-26,Jalandhar,0.0,0.0
2017-06-26,Kapurthala,0.0,0.0
2017-06-26,Ludhiana,0.0,0.0
2017-06-26,Mansa,0.0,0.0
2017-06-26,Moga,0.0,0.0
2017-06-26,Muktsar,0.0,0.0
2017-06-26,Nawanshahr,0.0,0.0
2017-06-26,Patiala,0.0,0.0
2017-06-26,Rupnagar,0.0,0.0
2017-06-26,Sahibzada Ajit Singh Nagar,0.0,0.0
2017-06-26,Sangrur,0.0,0.0
2017-06-26,Tarn Taran,0.0,0.0
2017-06-27,Amritsar,0.0,0.0
2017-06-27,Barnala,0.0,0.0
2017-06-27,Bathinda,0.0,0.0
2017-06-27,Faridkot,0.0,0.0
2017-06-27,Fatehgarh Sahib,0.0,0.0
2017-06-27,Firozpur,3.75,7e-06
2017-06-27,Gurdaspur,0.0,0.0
2017-06-27,Hoshiarpur,0.0,0.0
2017-06-27,Jalandhar,0.0,0.0
2017-06-27,Kapurthala,0.0,0.0
2017-06-27,Ludhiana,0.0,0.0
2017-06-27,Mansa,0.0,0.0
2017-06-27,Moga,0.0,0.0
2017-06-27,Muktsar,0.0,0.0
2017-06-27,Nawanshahr,0.0,0.0
2017-06-27,Patiala,0.0,0.0
2017-06-27,Rupnagar,0.0,0.0
2017-06-27,Sahibzada Ajit Singh Nagar,0.0,0.0
2017-06-27,Sangrur,0.0,0.0
2017-06-27,Tarn Taran,0.0,0.0
2017-06-28,Amritsar,0.0,0.0
2017-06-28,Barnala,0.0,0.0
2017-06-28,Bathinda,0.0,0.0
2017-06-28,Faridkot,0.0,0.0
2017-06-28,Fatehgarh Sahib,0.0,0.0
2017-06-28,Firozpur,0.0,0.0
2017-06-28,Gurdaspur,0.0,0.0
2017-06-28,Hoshiarpur,0.0,0.0
2017-06-28,Jalandhar,0.0,0.0
2017-06-28,Kapurthala,0.0,0.0
2017-06-28,Ludhiana,0.0,0.0
2017-06-28,Mansa,0.0,0.0
2017-06-28,Moga,0.0,0.0
2017-06-28,Muktsar,0.0,0.0
2017-06-28,Nawanshahr,0.0,0.0
2017-06-28,Patiala,0.0,0.0
2017-06-28,Rupnagar,0.0,0.0
2017-06-28,Sahibzada Ajit Singh Nagar,0.0,0.0
2017-06-28,Sangrur,0.0,0.0
2017-06-28,Tarn Taran,0.0,0.0
2017-06-29,Amritsar,14041.66,0.052636
2017-06-29,Barnala,19661.8,0.131929
2017-06-29,Bathinda,29.84,8.8e-05
2017-06-29,Faridkot,0.0,0.0
2017-06-29,Fatehgarh Sahib,2011.09,0.01754
2017-06-29,Firozpur,0.0,0.0
2017-06-29,Gurdaspur,17677.4,0.048701
2017-06-29,Hoshiarpur,9260.09,0.027421
2017-06-29,Jalandhar,21633.12,0.082765
2017-06-29,Kapurthala,39708.67,0.238291
2017-06-29,Ludhiana,24445.95,0.067971
2017-06-29,Mansa,8134.68,0.036665
2017-06-29,Moga,14462.19,0.061427
2017-06-29,Muktsar,0.0,0.0
2017-06-29,Nawanshahr,11992.32,0.091907
2017-06-29,Patiala,21227.95,0.06355
2017-06-29,Rupnagar,542.23,0.003906
2017-06-29,Sahibzada Ajit Singh Nagar,60.11,0.000541
2017-06-29,Sangrur,15544.82,0.043048
2017-06-29,Tarn Taran,4446.39,0.018522
2017-06-30,Amritsar,22689.23,0.085053
2017-06-30,Barnala,16260.72,0.109108
2017-06-30,Bathinda,32277.34,0.095478
2017-06-30,Faridkot,24699.22,0.169681
2017-06-30,Fatehgarh Sahib,1299.68,0.011335
2017-06-30,Firozpur,52450.1,0.100453
2017-06-30,Gurdaspur,8645.95,0.02382
2017-06-30,Hoshiarpur,6605.04,0.019559
2017-06-30,Jalandhar,16845.71,0.064449
2017-06-30,Kapurthala,31028.36,0.186201
2017-06-30,Ludhiana,32979.96,0.0917
2017-06-30,Mansa,7521.92,0.033903
2017-06-30,Moga,98402.15,0.417953
2017-06-30,Muktsar,12480.66,0.047764
2017-06-30,Nawanshahr,8661.22,0.066378
2017-06-30,Patiala,5557.23,0.016637
2017-06-30,Rupnagar,4.38,3.2e-05
2017-06-30,Sahibzada Ajit Singh Nagar,0.0,0.0
2017-06-30,Sangrur,34020.95,0.094214
2017-06-30,Tarn Taran,20589.42,0.085766
2017-07-01,Amritsar,0.0,0.0
2017-07-01,Barnala,0.0,0.0
2017-07-01,Bathinda,0.0,0.0
2017-07-01,Faridkot,0.0,0.0
2017-07-01,Fatehgarh Sahib,0.0,0.0
2017-07-01,Firozpur,0.0,0.0
2017-07-01,Gurdaspur,0.0,0.0
2017-07-01,Hoshiarpur,0.0,0.0
2017-07-01,Jalandhar,0.0,0.0
2017-07-01,Kapurthala,0.0,0.0
2017-07-01,Ludhiana,0.0,0.0
2017-07-01,Mansa,0.0,0.0
2017-07-01,Moga,0.0,0.0
2017-07-01,Muktsar,0.0,0.0
2017-07-01,Nawanshahr,0.0,0.0
2017-07-01,Patiala,0.0,0.0
2017-07-01,Rupnagar,0.0,0.0
2017-07-01,Sahibzada Ajit Singh Nagar,0.0,0.0
2017-07-01,Sangrur,0.0,0.0
2017-07-01,Tarn Taran,0.0,0.0
2017-07-02,Amritsar,0.0,0.0
2017-07-02,Barnala,0.0,0.0
2017-07-02,Bathinda,0.0,0.0
2017-07-02,Faridkot,0.0,0.0
2017-07-02,Fatehgarh Sahib,0.0,0.0
2017-07-02,Firozpur,0.0,0.0
2017-07-02,Gurdaspur,0.0,0.0
2017-07-02,Hoshiarpur,0.0,0.0
2017-07-02,Jalandhar,0.0,0.0
2017-07-02,Kapurthala,0.0,0.0
2017-07-02,Ludhiana,0.0,0.0
2017-07-02,Mansa,0.0,0.0
2017-07-02,Moga,0.0,0.0
2017-07-02,Muktsar,0.0,0.0
2017-07-02,Nawanshahr,0.0,0.0
2017-07-02,Patiala,0.0,0.0
2017-07-02,Rupnagar,0.0,0.0
2017-07-02,Sahibzada Ajit Singh Nagar,0.0,0.0
2017-07-02,Sangrur,0.0,0.0
2017-07-02,Tarn Taran,0.0,0.0
2017-07-03,Amritsar,0.0,0.0
2017-07-03,Barnala,0.0,0.0
2017-07-03,Bathinda,0.0,0.0
2017-07-03,Faridkot,0.0,0.0
2017-07-03,Fatehgarh Sahib,0.0,0.0
2017-07-03,Firozpur,0.0,0.0
2017-07-03,Gurdaspur,0.0,0.0
2017-07-03,Hoshiarpur,0.0,0.0
2017-07-03,Jalandhar,0.0,0.0
2017-07-03,Kapurthala,0.0,0.0
2017-07-03,Ludhiana,0.0,0.0
2017-07-03,Mansa,0.0,0.0
2017-07-03,Moga,0.0,0.0
2017-07-03,Muktsar,0.0,0.0
2017-07-03,Nawanshahr,0.0,0.0
2017-07-03,Patiala,0.0,0.0
2017-07-03,Rupnagar,0.0,0.0
2017-07-03,Sahibzada Ajit Singh Nagar,0.0,0.0
2017-07-03,Sangrur,0.0,0.0
2017-07-03,Tarn Taran,0.0,0.0
2017-07-04,Amritsar,1801.4,0.006753
2017-07-04,Barnala,860.94,0.005777
2017-07-04,Bathinda,353.06,0.001044
2017-07-04,Faridkot,405.04,0.002783
2017-07-04,Fatehgarh Sahib,0.0,0.0
2017-07-04,Firozpur,5515.38,0.010563
2017-07-04,Gurdaspur,749.02,0.002064
2017-07-04,Hoshiarpur,288.37,0.000854
2017-07-04,Jalandhar,843.02,0.003225
2017-07-04,Kapurthala,2905.49,0.017436
2017-07-04,Ludhiana,993.06,0.002761
2017-07-04,Mansa,846.91,0.003817
2017-07-04,Moga,4237.63,0.017999
2017-07-04,Muktsar,642.26,0.002458
2017-07-04,Nawanshahr,0.0,0.0
2017-07-04,Patiala,7.51,2.2e-05
2017-07-04,Rupnagar,0.0,0.0
2017-07-04,Sahibzada Ajit Singh Nagar,0.0,0.0
2017-07-04,Sangrur,1004.01,0.00278
2017-07-04,Tarn Taran,1870.02,0.00779
2017-07-05,Amritsar,0.0,0.0
2017-07-05,Barnala,0.0,0.0
2017-07-05,Bathinda,0.0,0.0
2017-07-05,Faridkot,0.0,0.0
2017-07-05,Fatehgarh Sahib,0.0,0.0
2017-07-05,Firozpur,1147.45,0.002198
2017-07-05,Gurdaspur,0.0,0.0
2017-07-05,Hoshiarpur,0.0,0.0
2017-07-05,Jalandhar,0.0,0.0
2017-07-05,Kapurthala,0.0,0.0
2017-07-05,Ludhiana,0.0,0.0
2017-07-05,Mansa,0.0,0.0
2017-07-05,Moga,0.0,0.0
2017-07-05,Muktsar,0.0,0.0
2017-07-05,Nawanshahr,0.0,0.0
2017-07-05,Patiala,0.0,0.0
2017-07-05,Rupnagar,0.0,0.0
2017-07-05,Sahibzada Ajit Singh Nagar,0.0,0.0
2017-07-05,Sangrur,0.0,0.0
2017-07-05,Tarn Taran,0.0,0.0
2017-07-06,Amritsar,0.0,0.0
2017-07-06,Barnala,0.0,0.0
2017-07-06,Bathinda,0.0,0.0
2017-07-06,Faridkot,0.0,0.0
2017-07-06,Fatehgarh Sahib,0.0,0.0
2017-07-06,Firozpur,0.0,0.0
2017-07-06,Gurdaspur,0.0,0.0
2017-07-06,Hoshiarpur,0.0,0.0
2017-07-06,Jalandhar,0.0,0.0
2017-07-06,Kapurthala,0.0,0.0
2017-07-06,Ludhiana,0.0,0.0
2017-07-06,Mansa,0.0,0.0
2017-07-06,Moga,0.0,0.0
2017-07-06,Muktsar,0.0,0.0
2017-07-06,Nawanshahr,0.0,0.0
2017-07-06,Patiala,0.0,0.0
2017-07-06,Rupnagar,0.0,0.0
2017-07-06,Sahibzada Ajit Singh Nagar,0.0,0.0
2017-07-06,Sangrur,0.0,0.0
2017-07-06,Tarn Taran,0.0,0.0
2017-07-07,Amritsar,0.0,0.0
2017-07-07,Barnala,0.0,0.0
2017-07-07,Bathinda,0.0,0.0
2017-07-07,Faridkot,0.0,0.0
2017-07-07,Fatehgarh Sahib,0.0,0.0
2017-07-07,Firozpur,0.0,0.0
2017-07-07,Gurdaspur,0.0,0.0
2017-07-07,Hoshiarpur,0.0,0.0
2017-07-07,Jalandhar,0.0,0.0
2017-07-07,Kapurthala,0.0,0.0
2017-07-07,Ludhiana,0.0,0.0
2017-07-07,Mansa,0.0,0.0
2017-07-07,Moga,0.0,0.0
2017-07-07,Muktsar,0.0,0.0
2017-07-07,Nawanshahr,0.0,0.0
2017-07-07,Patiala,0.0,0.0
2017-07-07,Rupnagar,0.0,0.0
2017-07-07,Sahibzada Ajit Singh Nagar,0.0,0.0
2017-07-07,Sangrur,0.0,0.0
2017-07-07,Tarn Taran,0.0,0.0
2017-07-08,Amritsar,0.0,0.0
2017-07-08,Barnala,0.0,0.0
2017-07-08,Bathinda,0.0,0.0
2017-07-08,Faridkot,0.0,0.0
2017-07-08,Fatehgarh Sahib,0.0,0.0
2017-07-08,Firozpur,0.0,0.0
2017-07-08,Gurdaspur,0.0,0.0
2017-07-08,Hoshiarpur,0.0,0.0
2017-07-08,Jalandhar,0.0,0.0
2017-07-08,Kapurthala,0.0,0.0
2017-07-08,Ludhiana,0.0,0.0
2017-07-08,Mansa,0.0,0.0
2017-07-08,Moga,0.0,0.0
2017-07-08,Muktsar,0.0,0.0
2017-07-08,Nawanshahr,0.0,0.0
2017-07-08,Patiala,0.0,0.0
2017-07-08,Rupnagar,0.0,0.0
2017-07-08,Sahibzada Ajit Singh Nagar,0.0,0.0
2017-07-08,Sangrur,0.0,0.0
2017-07-08,Tarn Taran,0.0,0.0
2017-07-09,Amritsar,0.0,0.0
2017-07-09,Barnala,0.0,0.0
2017-07-09,Bathinda,0.0,0.0
2017-07-09,Faridkot,0.0,0.0
2017-07-09,Fatehgarh Sahib,0.0,0.0
2017-07-09,Firozpur,2.25,4e-06
2017-07-09,Gurdaspur,0.0,0.0
2017-07-09,Hoshiarpur,0.0,0.0
2017-07-09,Jalandhar,0.0,0.0
2017-07-09,Kapurthala,0.0,0.0
2017-07-09,Ludhiana,0.0,0.0
2017-07-09,Mansa,0.0,0.0
2017-07-09,Moga,0.0,0.0
2017-07-09,Muktsar,0.0,0.0
2017-07-09,Nawanshahr,0.0,0.0
2017-07-09,Patiala,0.0,0.0
2017-07-09,Rupnagar,0.0,0.0
2017-07-09,Sahibzada Ajit Singh Nagar,0.0,0.0
2017-07-09,Sangrur,0.0,0.0
2017-07-09,Tarn Taran,0.0,0.0
2017-07-10,Amritsar,0.0,0.0
2017-07-10,Barnala,0.0,0.0
2017-07-10,Bathinda,0.0,0.0
2017-07-10,Faridkot,0.0,0.0
2017-07-10,Fatehgarh Sahib,0.0,0.0
2017-07-10,Firozpur,0.0,0.0
2017-07-10,Gurdaspur,0.0,0.0
2017-07-10,Hoshiarpur,0.0,0.0
2017-07-10,Jalandhar,0.0,0.0
2017-07-10,Kapurthala,0.0,0.0
2017-07-10,Ludhiana,0.0,0.0
2017-07-10,Mansa,0.0,0.0
2017-07-10,Moga,0.0,0.0
2017-07-10,Muktsar,0.0,0.0
2017-07-10,Nawanshahr,0.0,0.0
2017-07-10,Patiala,0.0,0.0
2017-07-10,Rupnagar,0.0,0.0
2017-07-10,Sahibzada Ajit Singh Nagar,0.0,0.0
2017-07-10,Sangrur,0.0,0.0
2017-07-10,Tarn Taran,0.0,0.0
2017-07-11,Amritsar,0.0,0.0
2017-07-11,Barnala,81.09,0.000544
2017-07-11,Bathinda,0.0,0.0
2017-07-11,Faridkot,0.0,0.0
2017-07-11,Fatehgarh Sahib,22.26,0.000194
2017-07-11,Firozpur,0.0,0.0
2017-07-11,Gurdaspur,48.8,0.000134
2017-07-11,Hoshiarpur,7.96,2.4e-05
2017-07-11,Jalandhar,20.42,7.8e-05
2017-07-11,Kapurthala,24.01,0.000144
2017-07-11,Ludhiana,38.36,0.000107
2017-07-11,Mansa,69.89,0.000315
2017-07-11,Moga,0.0,0.0
2017-07-11,Muktsar,0.0,0.0
2017-07-11,Nawanshahr,11.7,9e-05
2017-07-11,Patiala,689.47,0.002064
2017-07-11,Rupnagar,0.0,0.0
2017-07-11,Sahibzada Ajit Singh Nagar,0.0,0.0
2017-07-11,Sangrur,405.55,0.001123
2017-07-11,Tarn Taran,0.0,0.0
2017-07-12,Amritsar,13917.1,0.05217
2017-07-12,Barnala,37.94,0.000255
2017-07-12,Bathinda,2.99,9e-06
2017-07-12,Faridkot,6.65,4.6e-05
2017-07-12,Fatehgarh Sahib,817.17,0.007127
2017-07-12,Firozpur,796.81,0.001526
2017-07-12,Gurdaspur,8018.19,0.02209
2017-07-12,Hoshiarpur,3192.98,0.009455
2017-07-12,Jalandhar,1106.43,0.004233
2017-07-12,Kapurthala,2974.48,0.01785
2017-07-12,Ludhiana,4539.19,0.012621
2017-07-12,Mansa,83.39,0.000376
2017-07-12,Moga,108.18,0.000459
2017-07-12,Muktsar,60.24,0.000231
2017-07-12,Nawanshahr,1393.7,0.010681
2017-07-12,Patiala,36.73,0.00011
2017-07-12,Rupnagar,0.0,0.0
2017-07-12,Sahibzada Ajit Singh Nagar,0.0,0.0
2017-07-12,Sangrur,279.05,0.000773
2017-07-12,Tarn Taran,1836.9,0.007652
2017-07-13,Amritsar,0.0,0.0
2017-07-13,Barnala,0.0,0.0
2017-07-13,Bathinda,0.0,0.0
2017-07-13,Faridkot,0.0,0.0
2017-07-13,Fatehgarh Sahib,0.0,0.0
2017-07-13,Firozpur,0.0,0.0
2017-07-13,Gurdaspur,0.0,0.0
2017-07-13,Hoshiarpur,0.0,0.0
2017-07-13,Jalandhar,0.0,0.0
2017-07-13,Kapurthala,0.0,0.0
2017-07-13,Ludhiana,0.0,0.0
2017-07-13,Mansa,0.0,0.0
2017-07-13,Moga,0.0,0.0
2017-07-13,Muktsar,0.0,0.0
2017-07-13,Nawanshahr,0.0,0.0
2017-07-13,Patiala,0.0,0.0
2017-07-13,Rupnagar,0.0,0.0
2017-07-13,Sahibzada Ajit Singh Nagar,0.0,0.0
2017-07-13,Sangrur,0.0,0.0
2017-07-13,Tarn Taran,0.0,0.0
2017-07-14,Amritsar,0.0,0.0
2017-07-14,Barnala,0.0,0.0
2017-07-14,Bathinda,0.0,0.0
2017-07-14,Faridkot,0.0,0.0
2017-07-14,Fatehgarh Sahib,0.0,0.0
2017-07-14,Firozpur,0.0,0.0
2017-07-14,Gurdaspur,0.0,0.0
2017-07-14,Hoshiarpur,0.0,0.0
2017-07-14,Jalandhar,0.0,0.0
2017-07-14,Kapurthala,0.0,0.0
2017-07-14,Ludhiana,0.0,0.0
2017-07-14,Mansa,0.0,0.0
2017-07-14,Moga,0.0,0.0
2017-07-14,Muktsar,0.0,0.0
2017-07-14,Nawanshahr,0.0,0.0
2017-07-14,Patiala,0.0,0.0
2017-07-14,Rupnagar,0.0,0.0
2017-07-14,Sahibzada Ajit Singh Nagar,0.0,0.0
2017-07-14,Sangrur,0.0,0.0
2017-07-14,Tarn Taran,0.0,0.0
2017-07-15,Amritsar,0.0,0.0
2017-07-15,Barnala,0.0,0.0
2017-07-15,Bathinda,0.0,0.0
2017-07-15,Faridkot,0.0,0.0
2017-07-15,Fatehgarh Sahib,0.0,0.0
2017-07-15,Firozpur,0.0,0.0
2017-07-15,Gurdaspur,0.0,0.0
2017-07-15,Hoshiarpur,0.0,0.0
2017-07-15,Jalandhar,0.0,0.0
2017-07-15,Kapurthala,0.0,0.0
2017-07-15,Ludhiana,0.0,0.0
2017-07-15,Mansa,0.0,0.0
2017-07-15,Moga,0.0,0.0
2017-07-15,Muktsar,0.0,0.0
2017-07-15,Nawanshahr,0.0,0.0
2017-07-15,Patiala,0.0,0.0
2017-07-15,Rupnagar,0.0,0.0
2017-07-15,Sahibzada Ajit Singh Nagar,0.0,0.0
2017-07-15,Sangrur,0.0,0.0
2017-07-15,Tarn Taran,0.0,0.0
2017-07-16,Amritsar,782.46,0.002933
2017-07-16,Barnala,82.57,0.000554
2017-07-16,Bathinda,0.0,0.0
2017-07-16,Faridkot,9.6,6.6e-05
2017-07-16,Fatehgarh Sahib,0.0,0.0
2017-07-16,Firozpur,449.34,0.000861
2017-07-16,Gurdaspur,51.7,0.000142
2017-07-16,Hoshiarpur,10.85,3.2e-05
2017-07-16,Jalandhar,16.89,6.5e-05
2017-07-16,Kapurthala,91.95,0.000552
2017-07-16,Ludhiana,11.76,3.3e-05
2017-07-16,Mansa,96.96,0.000437
2017-07-16,Moga,49.42,0.00021
2017-07-16,Muktsar,35.02,0.000134
2017-07-16,Nawanshahr,0.0,0.0
2017-07-16,Patiala,0.0,0.0
2017-07-16,Rupnagar,0.0,0.0
2017-07-16,Sahibzada Ajit Singh Nagar,0.0,0.0
2017-07-16,Sangrur,86.55,0.00024
2017-07-16,Tarn Taran,211.83,0.000882
2017-07-17,Amritsar,0.0,0.0
2017-07-17,Barnala,0.0,0.0
2017-07-17,Bathinda,0.0,0.0
2017-07-17,Faridkot,0.0,0.0
2017-07-17,Fatehgarh Sahib,0.0,0.0
2017-07-17,Firozpur,76.56,0.000147
2017-07-17,Gurdaspur,0.0,0.0
2017-07-17,Hoshiarpur,0.0,0.0
2017-07-17,Jalandhar,0.0,0.0
2017-07-17,Kapurthala,0.0,0.0
2017-07-17,Ludhiana,0.0,0.0
2017-07-17,Mansa,0.0,0.0
2017-07-17,Moga,0.0,0.0
2017-07-17,Muktsar,0.0,0.0
2017-07-17,Nawanshahr,0.0,0.0
2017-07-17,Patiala,0.0,0.0
2017-07-17,Rupnagar,0.0,0.0
2017-07-17,Sahibzada Ajit Singh Nagar,0.0,0.0
2017-07-17,Sangrur,0.0,0.0
2017-07-17,Tarn Taran,0.0,0.0
2017-07-18,Amritsar,0.0,0.0
2017-07-18,Barnala,0.0,0.0
2017-07-18,Bathinda,0.0,0.0
2017-07-18,Faridkot,0.0,0.0
2017-07-18,Fatehgarh Sahib,0.0,0.0
2017-07-18,Firozpur,0.0,0.0
2017-07-18,Gurdaspur,0.0,0.0
2017-07-18,Hoshiarpur,0.0,0.0
2017-07-18,Jalandhar,0.0,0.0
2017-07-18,Kapurthala,0.0,0.0
2017-07-18,Ludhiana,0.0,0.0
2017-07-18,Mansa,0.0,0.0
2017-07-18,Moga,0.0,0.0
2017-07-18,Muktsar,0.0,0.0
2017-07-18,Nawanshahr,0.0,0.0
2017-07-18,Patiala,0.0,0.0
2017-07-18,Rupnagar,0.0,0.0
2017-07-18,Sahibzada Ajit Singh Nagar,0.0,0.0
2017-07-18,Sangrur,0.0,0.0
2017-07-18,Tarn Taran,0.0,0.0
2017-07-19,Amritsar,0.0,0.0
2017-07-19,Barnala,0.0,0.0
2017-07-19,Bathinda,0.0,0.0
2017-07-19,Faridkot,0.0,0.0
2017-07-19,Fatehgarh Sahib,9.64,8.4e-05
2017-07-19,Firozpur,0.0,0.0
2017-07-19,Gurdaspur,0.0,0.0
2017-07-19,Hoshiarpur,0.0,0.0
2017-07-19,Jalandhar,0.0,0.0
2017-07-19,Kapurthala,0.0,0.0
2017-07-19,Ludhiana,7.36,2e-05
2017-07-19,Mansa,3.76,1.7e-05
2017-07-19,Moga,0.0,0.0
2017-07-19,Muktsar,0.0,0.0
2017-07-19,Nawanshahr,15.41,0.000118
2017-07-19,Patiala,0.75,2e-06
2017-07-19,Rupnagar,2.92,2.1e-05
2017-07-19,Sahibzada Ajit Singh Nagar,9.66,8.7e-05
2017-07-19,Sangrur,79.76,0.000221
2017-07-19,Tarn Taran,0.0,0.0
2017-07-20,Amritsar,0.0,0.0
2017-07-20,Barnala,0.0,0.0
2017-07-20,Bathinda,0.0,0.0
2017-07-20,Faridkot,0.0,0.0
2017-07-20,Fatehgarh Sahib,0.0,0.0
2017-07-20,Firozpur,0.0,0.0
2017-07-20,Gurdaspur,0.0,0.0
2017-07-20,Hoshiarpur,0.0,0.0
2017-07-20,Jalandhar,0.0,0.0
2017-07-20,Kapurthala,0.0,0.0
2017-07-20,Ludhiana,0.0,0.0
2017-07-20,Mansa,0.0,0.0
2017-07-20,Moga,0.0,0.0
2017-07-20,Muktsar,0.0,0.0
2017-07-20,Nawanshahr,0.0,0.0
2017-07-20,Patiala,0.0,0.0
2017-07-20,Rupnagar,0.0,0.0
2017-07-20,Sahibzada Ajit Singh Nagar,0.0,0.0
2017-07-20,Sangrur,0.0,0.0
2017-07-20,Tarn Taran,0.0,0.0
2017-07-21,Amritsar,0.0,0.0
2017-07-21,Barnala,0.0,0.0
2017-07-21,Bathinda,0.0,0.0
2017-07-21,Faridkot,0.0,0.0
2017-07-21,Fatehgarh Sahib,0.0,0.0
2017-07-21,Firozpur,0.0,0.0
2017-07-21,Gurdaspur,0.0,0.0
2017-07-21,Hoshiarpur,0.0,0.0
2017-07-21,Jalandhar,0.0,0.0
2017-07-21,Kapurthala,0.0,0.0
2017-07-21,Ludhiana,0.0,0.0
2017-07-21,Mansa,0.0,0.0
2017-07-21,Moga,0.0,0.0
2017-07-21,Muktsar,0.0,0.0
2017-07-21,Nawanshahr,0.0,0.0
2017-07-21,Patiala,0.0,0.0
2017-07-21,Rupnagar,0.0,0.0
2017-07-21,Sahibzada Ajit Singh Nagar,0.0,0.0
2017-07-21,Sangrur,0.0,0.0
2017-07-21,Tarn Taran,0.0,0.0
2017-07-22,Amritsar,0.0,0.0
2017-07-22,Barnala,0.0,0.0
2017-07-22,Bathinda,0.0,0.0
2017-07-22,Faridkot,0.0,0.0
2017-07-22,Fatehgarh Sahib,0.0,0.0
2017-07-22,Firozpur,0.0,0.0
2017-07-22,Gurdaspur,0.0,0.0
2017-07-22,Hoshiarpur,0.0,0.0
2017-07-22,Jalandhar,0.0,0.0
2017-07-22,Kapurthala,0.0,0.0
2017-07-22,Ludhiana,0.0,0.0
2017-07-22,Mansa,0.0,0.0
2017-07-22,Moga,0.0,0.0
2017-07-22,Muktsar,0.0,0.0
2017-07-22,Nawanshahr,0.0,0.0
2017-07-22,Patiala,0.0,0.0
2017-07-22,Rupnagar,0.0,0.0
2017-07-22,Sahibzada Ajit Singh Nagar,0.0,0.0
2017-07-22,Sangrur,0.0,0.0
2017-07-22,Tarn Taran,0.0,0.0
2017-07-23,Amritsar,32.6,0.000122
2017-07-23,Barnala,0.0,0.0
2017-07-23,Bathinda,0.0,0.0
2017-07-23,Faridkot,0.0,0.0
2017-07-23,Fatehgarh Sahib,2.96,2.6e-05
2017-07-23,Firozpur,0.0,0.0
2017-07-23,Gurdaspur,196.11,0.00054
2017-07-23,Hoshiarpur,8.68,2.6e-05
2017-07-23,Jalandhar,0.0,0.0
2017-07-23,Kapurthala,35.71,0.000214
2017-07-23,Ludhiana,5.15,1.4e-05
2017-07-23,Mansa,0.0,0.0
2017-07-23,Moga,0.0,0.0
2017-07-23,Muktsar,0.0,0.0
2017-07-23,Nawanshahr,0.0,0.0
2017-07-23,Patiala,29.83,8.9e-05
2017-07-23,Rupnagar,0.0,0.0
2017-07-23,Sahibzada Ajit Singh Nagar,0.0,0.0
2017-07-23,Sangrur,0.0,0.0
2017-07-23,Tarn Taran,0.0,0.0
2017-07-24,Amritsar,30.39,0.000114
2017-07-24,Barnala,0.0,0.0
2017-07-24,Bathinda,0.0,0.0
2017-07-24,Faridkot,0.0,0.0
2017-07-24,Fatehgarh Sahib,0.0,0.0
2017-07-24,Firozpur,14.68,2.8e-05
2017-07-24,Gurdaspur,2.89,8e-06
2017-07-24,Hoshiarpur,5.79,1.7e-05
2017-07-24,Jalandhar,1.47,6e-06
2017-07-24,Kapurthala,19.03,0.000114
2017-07-24,Ludhiana,2.94,8e-06
2017-07-24,Mansa,20.29,9.1e-05
2017-07-24,Moga,11.04,4.7e-05
2017-07-24,Muktsar,0.0,0.0
2017-07-24,Nawanshahr,0.0,0.0
2017-07-24,Patiala,0.0,0.0
2017-07-24,Rupnagar,0.0,0.0
2017-07-24,Sahibzada Ajit Singh Nagar,0.0,0.0
2017-07-24,Sangrur,0.0,0.0
2017-07-24,Tarn Taran,43.83,0.000183
2017-07-25,Amritsar,0.0,0.0
2017-07-25,Barnala,0.0,0.0
2017-07-25,Bathinda,0.0,0.0
2017-07-25,Faridkot,0.0,0.0
2017-07-25,Fatehgarh Sahib,0.0,0.0
2017-07-25,Firozpur,0.0,0.0
2017-07-25,Gurdaspur,0.0,0.0
2017-07-25,Hoshiarpur,0.0,0.0
2017-07-25,Jalandhar,0.0,0.0
2017-07-25,Kapurthala,0.0,0.0
2017-07-25,Ludhiana,0.0,0.0
2017-07-25,Mansa,0.0,0.0
2017-07-25,Moga,0.0,0.0
2017-07-25,Muktsar,0.0,0.0
2017-07-25,Nawanshahr,0.0,0.0
2017-07-25,Patiala,0.0,0.0
2017-07-25,Rupnagar,0.0,0.0
2017-07-25,Sahibzada Ajit Singh Nagar,0.0,0.0
2017-07-25,Sangrur,0.0,0.0
2017-07-25,Tarn Taran,0.0,0.0
2017-07-26,Amritsar,0.0,0.0
2017-07-26,Barnala,0.0,0.0
2017-07-26,Bathinda,0.0,0.0
2017-07-26,Faridkot,0.0,0.0
2017-07-26,Fatehgarh Sahib,0.0,0.0
2017-07-26,Firozpur,0.0,0.0
2017-07-26,Gurdaspur,0.0,0.0
2017-07-26,Hoshiarpur,0.0,0.0
2017-07-26,Jalandhar,0.0,0.0
2017-07-26,Kapurthala,0.0,0.0
2017-07-26,Ludhiana,0.0,0.0
2017-07-26,Mansa,0.0,0.0
2017-07-26,Moga,0.0,0.0
2017-07-26,Muktsar,0.0,0.0
2017-07-26,Nawanshahr,0.0,0.0
2017-07-26,Patiala,0.0,0.0
2017-07-26,Rupnagar,0.0,0.0
2017-07-26,Sahibzada Ajit Singh Nagar,0.0,0.0
2017-07-26,Sangrur,0.0,0.0
2017-07-26,Tarn Taran,0.0,0.0
2017-07-27,Amritsar,0.0,0.0
2017-07-27,Barnala,0.0,0.0
2017-07-27,Bathinda,0.0,0.0
2017-07-27,Faridkot,0.0,0.0
2017-07-27,Fatehgarh Sahib,0.0,0.0
2017-07-27,Firozpur,0.0,0.0
2017-07-27,Gurdaspur,0.0,0.0
2017-07-27,Hoshiarpur,0.0,0.0
2017-07-27,Jalandhar,0.0,0.0
2017-07-27,Kapurthala,0.0,0.0
2017-07-27,Ludhiana,0.0,0.0
2017-07-27,Mansa,0.0,0.0
2017-07-27,Moga,0.0,0.0
2017-07-27,Muktsar,0.0,0.0
2017-07-27,Nawanshahr,0.0,0.0
2017-07-27,Patiala,0.0,0.0
2017-07-27,Rupnagar,0.0,0.0
2017-07-27,Sahibzada Ajit Singh Nagar,0.0,0.0
2017-07-27,Sangrur,0.0,0.0
2017-07-27,Tarn Taran,0.0,0.0
2017-07-28,Amritsar,21.69,8.1e-05
2017-07-28,Barnala,16.38,0.00011
2017-07-28,Bathinda,0.0,0.0
2017-07-28,Faridkot,0.0,0.0
2017-07-28,Fatehgarh Sahib,0.0,0.0
2017-07-28,Firozpur,33.83,6.5e-05
2017-07-28,Gurdaspur,35.16,9.7e-05
2017-07-28,Hoshiarpur,10.85,3.2e-05
2017-07-28,Jalandhar,5.14,2e-05
2017-07-28,Kapurthala,54.77,0.000329
2017-07-28,Ludhiana,2.2,6e-06
2017-07-28,Mansa,14.28,6.4e-05
2017-07-28,Moga,5.9,2.5e-05
2017-07-28,Muktsar,0.0,0.0
2017-07-28,Nawanshahr,0.0,0.0
2017-07-28,Patiala,0.0,0.0
2017-07-28,Rupnagar,0.0,0.0
2017-07-28,Sahibzada Ajit Singh Nagar,0.0,0.0
2017-07-28,Sangrur,9.02,2.5e-05
2017-07-28,Tarn Taran,69.4,0.000289
2017-07-29,Amritsar,0.0,0.0
2017-07-29,Barnala,0.0,0.0
2017-07-29,Bathinda,0.0,0.0
2017-07-29,Faridkot,0.0,0.0
2017-07-29,Fatehgarh Sahib,0.0,0.0
2017-07-29,Firozpur,0.0,0.0
2017-07-29,Gurdaspur,0.0,0.0
2017-07-29,Hoshiarpur,0.0,0.0
2017-07-29,Jalandhar,0.0,0.0
2017-07-29,Kapurthala,0.0,0.0
2017-07-29,Ludhiana,0.0,0.0
2017-07-29,Mansa,0.0,0.0
2017-07-29,Moga,0.0,0.0
2017-07-29,Muktsar,0.0,0.0
2017-07-29,Nawanshahr,0.0,0.0
2017-07-29,Patiala,0.0,0.0
2017-07-29,Rupnagar,0.0,0.0
2017-07-29,Sahibzada Ajit Singh Nagar,0.0,0.0
2017-07-29,Sangrur,0.0,0.0
2017-07-29,Tarn Taran,0.0,0.0
2017-07-30,Amritsar,0.0,0.0
2017-07-30,Barnala,0.0,0.0
2017-07-30,Bathinda,0.0,0.0
2017-07-30,Faridkot,0.0,0.0
2017-07-30,Fatehgarh Sahib,0.0,0.0
2017-07-30,Firozpur,0.0,0.0
2017-07-30,Gurdaspur,0.0,0.0
2017-07-30,Hoshiarpur,0.0,0.0
2017-07-30,Jalandhar,0.0,0.0
2017-07-30,Kapurthala,0.0,0.0
2017-07-30,Ludhiana,0.0,0.0
2017-07-30,Mansa,0.0,0.0
2017-07-30,Moga,0.0,0.0
2017-07-30,Muktsar,0.0,0.0
2017-07-30,Nawanshahr,0.0,0.0
2017-07-30,Patiala,0.0,0.0
2017-07-30,Rupnagar,0.0,0.0
2017-07-30,Sahibzada Ajit Singh Nagar,0.0,0.0
2017-07-30,Sangrur,0.0,0.0
2017-07-30,Tarn Taran,0.0,0.0
2017-07-31,Amritsar,0.0,0.0
2017-07-31,Barnala,0.0,0.0
2017-07-31,Bathinda,0.0,0.0
2017-07-31,Faridkot,0.0,0.0
2017-07-31,Fatehgarh Sahib,0.0,0.0
2017-07-31,Firozpur,0.0,0.0
2017-07-31,Gurdaspur,0.0,0.0
2017-07-31,Hoshiarpur,0.0,0.0
2017-07-31,Jalandhar,0.0,0.0
2017-07-31,Kapurthala,0.0,0.0
2017-07-31,Ludhiana,0.0,0.0
2017-07-31,Mansa,0.0,0.0
2017-07-31,Moga,0.0,0.0
2017-07-31,Muktsar,0.0,0.0
2017-07-31,Nawanshahr,2.94,2.3e-05
2017-07-31,Patiala,0.0,0.0
2017-07-31,Rupnagar,0.0,0.0
2017-07-31,Sahibzada Ajit Singh Nagar,0.0,0.0
2017-07-31,Sangrur,1.51,4e-06
2017-07-31,Tarn Taran,0.0,0.0
2017-08-01,Amritsar,0.0,0.0
2017-08-01,Barnala,0.0,0.0
2017-08-01,Bathinda,0.0,0.0
2017-08-01,Faridkot,0.0,0.0
2017-08-01,Fatehgarh Sahib,0.0,0.0
2017-08-01,Firozpur,0.0,0.0
2017-08-01,Gurdaspur,0.0,0.0
2017-08-01,Hoshiarpur,0.0,0.0
2017-08-01,Jalandhar,0.0,0.0
2017-08-01,Kapurthala,0.0,0.0
2017-08-01,Ludhiana,0.0,0.0
2017-08-01,Mansa,0.0,0.0
2017-08-01,Moga,0.0,0.0
2017-08-01,Muktsar,0.0,0.0
2017-08-01,Nawanshahr,0.0,0.0
2017-08-01,Patiala,0.0,0.0
2017-08-01,Rupnagar,0.0,0.0
2017-08-01,Sahibzada Ajit Singh Nagar,0.0,0.0
2017-08-01,Sangrur,0.0,0.0
2017-08-01,Tarn Taran,0.0,0.0
2017-08-02,Amritsar,0.0,0.0
2017-08-02,Barnala,0.0,0.0
2017-08-02,Bathinda,0.0,0.0
2017-08-02,Faridkot,0.0,0.0
2017-08-02,Fatehgarh Sahib,0.0,0.0
2017-08-02,Firozpur,0.0,0.0
2017-08-02,Gurdaspur,0.0,0.0
2017-08-02,Hoshiarpur,0.0,0.0
2017-08-02,Jalandhar,0.0,0.0
2017-08-02,Kapurthala,0.0,0.0
2017-08-02,Ludhiana,0.0,0.0
2017-08-02,Mansa,0.0,0.0
2017-08-02,Moga,0.0,0.0
2017-08-02,Muktsar,0.0,0.0
2017-08-02,Nawanshahr,0.0,0.0
2017-08-02,Patiala,0.0,0.0
2017-08-02,Rupnagar,0.0,0.0
2017-08-02,Sahibzada Ajit Singh Nagar,0.0,0.0
2017-08-02,Sangrur,0.0,0.0
2017-08-02,Tarn Taran,0.0,0.0
2017-08-03,Amritsar,0.0,0.0
2017-08-03,Barnala,0.0,0.0
2017-08-03,Bathinda,0.0,0.0
2017-08-03,Faridkot,0.0,0.0
2017-08-03,Fatehgarh Sahib,0.0,0.0
2017-08-03,Firozpur,0.0,0.0
2017-08-03,Gurdaspur,0.0,0.0
2017-08-03,Hoshiarpur,0.0,0.0
2017-08-03,Jalandhar,0.0,0.0
2017-08-03,Kapurthala,0.0,0.0
2017-08-03,Ludhiana,0.0,0.0
2017-08-03,Mansa,0.0,0.0
2017-08-03,Moga,0.0,0.0
2017-08-03,Muktsar,0.0,0.0
2017-08-03,Nawanshahr,0.0,0.0
2017-08-03,Patiala,0.0,0.0
2017-08-03,Rupnagar,0.0,0.0
2017-08-03,Sahibzada Ajit Singh Nagar,0.0,0.0
2017-08-03,Sangrur,0.0,0.0
2017-08-03,Tarn Taran,0.0,0.0
2017-08-04,Amritsar,12.33,4.6e-05
2017-08-04,Barnala,0.0,0.0
2017-08-04,Bathinda,0.0,0.0
2017-08-04,Faridkot,0.0,0.0
2017-08-04,Fatehgarh Sahib,18.51,0.000161
2017-08-04,Firozpur,0.0,0.0
2017-08-04,Gurdaspur,241.87,0.000666
2017-08-04,Hoshiarpur,7.96,2.4e-05
2017-08-04,Jalandhar,0.0,0.0
2017-08-04,Kapurthala,63.45,0.000381
2017-08-04,Ludhiana,5.9,1.6e-05
2017-08-04,Mansa,0.0,0.0
2017-08-04,Moga,16.95,7.2e-05
2017-08-04,Muktsar,0.0,0.0
2017-08-04,Nawanshahr,11.74,9e-05
2017-08-04,Patiala,58.38,0.000175
2017-08-04,Rupnagar,0.0,0.0
2017-08-04,Sahibzada Ajit Singh Nagar,0.0,0.0
2017-08-04,Sangrur,45.16,0.000125
2017-08-04,Tarn Taran,9.48,4e-05
2017-08-05,Amritsar,76.3,0.000286
2017-08-05,Barnala,0.0,0.0
2017-08-05,Bathinda,0.0,0.0
2017-08-05,Faridkot,0.0,0.0
2017-08-05,Fatehgarh Sahib,0.0,0.0
2017-08-05,Firozpur,19.89,3.8e-05
2017-08-05,Gurdaspur,326.0,0.000898
2017-08-05,Hoshiarpur,13.74,4.1e-05
2017-08-05,Jalandhar,2.2,8e-06
2017-08-05,Kapurthala,258.58,0.001552
2017-08-05,Ludhiana,3.68,1e-05
2017-08-05,Mansa,33.83,0.000153
2017-08-05,Moga,2.94,1.2e-05
2017-08-05,Muktsar,5.95,2.3e-05
2017-08-05,Nawanshahr,10.28,7.9e-05
2017-08-05,Patiala,0.0,0.0
2017-08-05,Rupnagar,0.0,0.0
2017-08-05,Sahibzada Ajit Singh Nagar,0.0,0.0
2017-08-05,Sangrur,3.01,8e-06
2017-08-05,Tarn Taran,417.39,0.001739
2017-08-06,Amritsar,0.0,0.0
2017-08-06,Barnala,0.0,0.0
2017-08-06,Bathinda,0.0,0.0
2017-08-06,Faridkot,0.0,0.0
2017-08-06,Fatehgarh Sahib,0.0,0.0
2017-08-06,Firozpur,0.0,0.0
2017-08-06,Gurdaspur,0.0,0.0
2017-08-06,Hoshiarpur,0.0,0.0
2017-08-06,Jalandhar,0.0,0.0
2017-08-06,Kapurthala,0.0,0.0
2017-08-06,Ludhiana,0.0,0.0
2017-08-06,Mansa,0.0,0.0
2017-08-06,Moga,0.0,0.0
2017-08-06,Muktsar,0.0,0.0
2017-08-06,Nawanshahr,0.0,0.0
2017-08-06,Patiala,0.0,0.0
2017-08-06,Rupnagar,0.0,0.0
2017-08-06,Sahibzada Ajit Singh Nagar,0.0,0.0
2017-08-06,Sangrur,0.0,0.0
2017-08-06,Tarn Taran,0.0,0.0
2017-08-07,Amritsar,0.0,0.0
2017-08-07,Barnala,0.0,0.0
2017-08-07,Bathinda,0.0,0.0
2017-08-07,Faridkot,0.0,0.0
2017-08-07,Fatehgarh Sahib,0.0,0.0
2017-08-07,Firozpur,0.0,0.0
2017-08-07,Gurdaspur,0.0,0.0
2017-08-07,Hoshiarpur,0.0,0.0
2017-08-07,Jalandhar,0.0,0.0
2017-08-07,Kapurthala,0.0,0.0
2017-08-07,Ludhiana,0.0,0.0
2017-08-07,Mansa,0.0,0.0
2017-08-07,Moga,0.0,0.0
2017-08-07,Muktsar,0.0,0.0
2017-08-07,Nawanshahr,0.0,0.0
2017-08-07,Patiala,0.0,0.0
2017-08-07,Rupnagar,0.0,0.0
2017-08-07,Sahibzada Ajit Singh Nagar,0.0,0.0
2017-08-07,Sangrur,0.0,0.0
2017-08-07,Tarn Taran,0.0,0.0
2017-08-08,Amritsar,0.0,0.0
2017-08-08,Barnala,0.0,0.0
2017-08-08,Bathinda,0.0,0.0
2017-08-08,Faridkot,0.0,0.0
2017-08-08,Fatehgarh Sahib,0.0,0.0
2017-08-08,Firozpur,0.0,0.0
2017-08-08,Gurdaspur,0.0,0.0
2017-08-08,Hoshiarpur,0.0,0.0
2017-08-08,Jalandhar,0.0,0.0
2017-08-08,Kapurthala,0.0,0.0
2017-08-08,Ludhiana,0.0,0.0
2017-08-08,Mansa,0.0,0.0
2017-08-08,Moga,0.0,0.0
2017-08-08,Muktsar,0.0,0.0
2017-08-08,Nawanshahr,0.0,0.0
2017-08-08,Patiala,0.0,0.0
2017-08-08,Rupnagar,0.0,0.0
2017-08-08,Sahibzada Ajit Singh Nagar,0.0,0.0
2017-08-08,Sangrur,0.0,0.0
2017-08-08,Tarn Taran,0.0,0.0
2017-08-09,Amritsar,161.41,0.000605
2017-08-09,Barnala,0.74,5e-06
2017-08-09,Bathinda,0.0,0.0
2017-08-09,Faridkot,0.0,0.0
2017-08-09,Fatehgarh Sahib,0.0,0.0
2017-08-09,Firozpur,188.51,0.000361
2017-08-09,Gurdaspur,478.9,0.001319
2017-08-09,Hoshiarpur,136.02,0.000403
2017-08-09,Jalandhar,8.82,3.4e-05
2017-08-09,Kapurthala,1808.88,0.010855
2017-08-09,Ludhiana,8.09,2.2e-05
2017-08-09,Mansa,18.78,8.5e-05
2017-08-09,Moga,12.48,5.3e-05
2017-08-09,Muktsar,0.0,0.0
2017-08-09,Nawanshahr,0.0,0.0
2017-08-09,Patiala,0.0,0.0
2017-08-09,Rupnagar,0.0,0.0
2017-08-09,Sahibzada Ajit Singh Nagar,0.0,0.0
2017-08-09,Sangrur,4.52,1.3e-05
2017-08-09,Tarn Taran,2902.46,0.01209
2017-08-10,Amritsar,0.0,0.0
2017-08-10,Barnala,0.0,0.0
2017-08-10,Bathinda,0.0,0.0
2017-08-10,Faridkot,0.0,0.0
2017-08-10,Fatehgarh Sahib,0.0,0.0
2017-08-10,Firozpur,1.49,3e-06
2017-08-10,Gurdaspur,0.0,0.0
2017-08-10,Hoshiarpur,0.0,0.0
2017-08-10,Jalandhar,0.0,0.0
2017-08-10,Kapurthala,0.0,0.0
2017-08-10,Ludhiana,0.0,0.0
2017-08-10,Mansa,0.0,0.0
2017-08-10,Moga,0.0,0.0
2017-08-10,Muktsar,0.0,0.0
2017-08-10,Nawanshahr,0.0,0.0
2017-08-10,Patiala,0.0,0.0
2017-08-10,Rupnagar,0.0,0.0
2017-08-10,Sahibzada Ajit Singh Nagar,0.0,0.0
2017-08-10,Sangrur,0.0,0.0
2017-08-10,Tarn Taran,0.0,0.0
2017-08-11,Amritsar,0.0,0.0
2017-08-11,Barnala,0.0,0.0
2017-08-11,Bathinda,0.0,0.0
2017-08-11,Faridkot,0.0,0.0
2017-08-11,Fatehgarh Sahib,0.0,0.0
2017-08-11,Firozpur,0.0,0.0
2017-08-11,Gurdaspur,0.0,0.0
2017-08-11,Hoshiarpur,0.0,0.0
2017-08-11,Jalandhar,0.0,0.0
2017-08-11,Kapurthala,0.0,0.0
2017-08-11,Ludhiana,0.0,0.0
2017-08-11,Mansa,0.0,0.0
2017-08-11,Moga,0.0,0.0
2017-08-11,Muktsar,0.0,0.0
2017-08-11,Nawanshahr,0.0,0.0
2017-08-11,Patiala,0.0,0.0
2017-08-11,Rupnagar,0.0,0.0
2017-08-11,Sahibzada Ajit Singh Nagar,0.0,0.0
2017-08-11,Sangrur,0.0,0.0
2017-08-11,Tarn Taran,0.0,0.0
2017-08-12,Amritsar,0.0,0.0
2017-08-12,Barnala,0.0,0.0
2017-08-12,Bathinda,0.0,0.0
2017-08-12,Faridkot,0.0,0.0
2017-08-12,Fatehgarh Sahib,0.0,0.0
2017-08-12,Firozpur,0.0,0.0
2017-08-12,Gurdaspur,0.0,0.0
2017-08-12,Hoshiarpur,0.0,0.0
2017-08-12,Jalandhar,0.0,0.0
2017-08-12,Kapurthala,0.0,0.0
2017-08-12,Ludhiana,41.9,0.000117
2017-08-12,Mansa,0.0,0.0
2017-08-12,Moga,0.0,0.0
2017-08-12,Muktsar,0.0,0.0
2017-08-12,Nawanshahr,0.0,0.0
2017-08-12,Patiala,0.0,0.0
2017-08-12,Rupnagar,0.0,0.0
2017-08-12,Sahibzada Ajit Singh Nagar,0.0,0.0
2017-08-12,Sangrur,3.76,1e-05
2017-08-12,Tarn Taran,0.0,0.0
2017-08-13,Amritsar,0.0,0.0
2017-08-13,Barnala,0.0,0.0
2017-08-13,Bathinda,0.0,0.0
2017-08-13,Faridkot,0.0,0.0
2017-08-13,Fatehgarh Sahib,0.0,0.0
2017-08-13,Firozpur,0.0,0.0
2017-08-13,Gurdaspur,0.0,0.0
2017-08-13,Hoshiarpur,0.0,0.0
2017-08-13,Jalandhar,0.0,0.0
2017-08-13,Kapurthala,0.0,0.0
2017-08-13,Ludhiana,0.0,0.0
2017-08-13,Mansa,0.0,0.0
2017-08-13,Moga,0.0,0.0
2017-08-13,Muktsar,0.0,0.0
2017-08-13,Nawanshahr,0.0,0.0
2017-08-13,Patiala,0.0,0.0
2017-08-13,Rupnagar,0.0,0.0
2017-08-13,Sahibzada Ajit Singh Nagar,0.0,0.0
2017-08-13,Sangrur,0.0,0.0
2017-08-13,Tarn Taran,0.0,0.0
2017-08-14,Amritsar,0.0,0.0
2017-08-14,Barnala,0.0,0.0
2017-08-14,Bathinda,0.0,0.0
2017-08-14,Faridkot,0.0,0.0
2017-08-14,Fatehgarh Sahib,0.0,0.0
2017-08-14,Firozpur,0.0,0.0
2017-08-14,Gurdaspur,0.0,0.0
2017-08-14,Hoshiarpur,0.0,0.0
2017-08-14,Jalandhar,0.0,0.0
2017-08-14,Kapurthala,0.0,0.0
2017-08-14,Ludhiana,0.0,0.0
2017-08-14,Mansa,0.0,0.0
2017-08-14,Moga,0.0,0.0
2017-08-14,Muktsar,0.0,0.0
2017-08-14,Nawanshahr,0.0,0.0
2017-08-14,Patiala,0.0,0.0
2017-08-14,Rupnagar,0.0,0.0
2017-08-14,Sahibzada Ajit Singh Nagar,0.0,0.0
2017-08-14,Sangrur,0.0,0.0
2017-08-14,Tarn Taran,0.0,0.0
2017-08-15,Amritsar,0.0,0.0
2017-08-15,Barnala,0.0,0.0
2017-08-15,Bathinda,0.0,0.0
2017-08-15,Faridkot,0.0,0.0
2017-08-15,Fatehgarh Sahib,0.0,0.0
2017-08-15,Firozpur,0.0,0.0
2017-08-15,Gurdaspur,0.0,0.0
2017-08-15,Hoshiarpur,0.0,0.0
2017-08-15,Jalandhar,0.0,0.0
2017-08-15,Kapurthala,0.0,0.0
2017-08-15,Ludhiana,0.0,0.0
2017-08-15,Mansa,0.0,0.0
2017-08-15,Moga,0.0,0.0
2017-08-15,Muktsar,0.0,0.0
2017-08-15,Nawanshahr,0.0,0.0
2017-08-15,Patiala,0.0,0.0
2017-08-15,Rupnagar,0.0,0.0
2017-08-15,Sahibzada Ajit Singh Nagar,0.0,0.0
2017-08-15,Sangrur,0.0,0.0
2017-08-15,Tarn Taran,0.0,0.0
2017-08-16,Amritsar,1.45,5e-06
2017-08-16,Barnala,0.0,0.0
2017-08-16,Bathinda,0.0,0.0
2017-08-16,Faridkot,0.0,0.0
2017-08-16,Fatehgarh Sahib,0.0,0.0
2017-08-16,Firozpur,0.0,0.0
2017-08-16,Gurdaspur,22.21,6.1e-05
2017-08-16,Hoshiarpur,7.23,2.1e-05
2017-08-16,Jalandhar,0.0,0.0
2017-08-16,Kapurthala,48.12,0.000289
2017-08-16,Ludhiana,0.0,0.0
2017-08-16,Mansa,0.0,0.0
2017-08-16,Moga,0.0,0.0
2017-08-16,Muktsar,0.0,0.0
2017-08-16,Nawanshahr,0.0,0.0
2017-08-16,Patiala,3.76,1.1e-05
2017-08-16,Rupnagar,0.0,0.0
2017-08-16,Sahibzada Ajit Singh Nagar,0.0,0.0
2017-08-16,Sangrur,0.0,0.0
2017-08-16,Tarn Taran,3.65,1.5e-05
2017-08-17,Amritsar,12.22,4.6e-05
2017-08-17,Barnala,0.0,0.0
2017-08-17,Bathinda,0.0,0.0
2017-08-17,Faridkot,0.0,0.0
2017-08-17,Fatehgarh Sahib,0.0,0.0
2017-08-17,Firozpur,22.11,4.2e-05
2017-08-17,Gurdaspur,29.36,8.1e-05
2017-08-17,Hoshiarpur,16.63,4.9e-05
2017-08-17,Jalandhar,1.47,6e-06
2017-08-17,Kapurthala,176.75,0.001061
2017-08-17,Ludhiana,0.0,0.0
2017-08-17,Mansa,17.28,7.8e-05
2017-08-17,Moga,3.67,1.6e-05
2017-08-17,Muktsar,0.0,0.0
2017-08-17,Nawanshahr,0.0,0.0
2017-08-17,Patiala,0.0,0.0
2017-08-17,Rupnagar,0.0,0.0
2017-08-17,Sahibzada Ajit Singh Nagar,0.0,0.0
2017-08-17,Sangrur,0.0,0.0
2017-08-17,Tarn Taran,773.81,0.003223
2017-08-18,Amritsar,0.0,0.0
2017-08-18,Barnala,0.0,0.0
2017-08-18,Bathinda,0.0,0.0
2017-08-18,Faridkot,0.0,0.0
2017-08-18,Fatehgarh Sahib,0.0,0.0
2017-08-18,Firozpur,0.0,0.0
2017-08-18,Gurdaspur,0.0,0.0
2017-08-18,Hoshiarpur,0.0,0.0
2017-08-18,Jalandhar,0.0,0.0
2017-08-18,Kapurthala,0.0,0.0
2017-08-18,Ludhiana,0.0,0.0
2017-08-18,Mansa,0.0,0.0
2017-08-18,Moga,0.0,0.0
2017-08-18,Muktsar,0.0,0.0
2017-08-18,Nawanshahr,0.0,0.0
2017-08-18,Patiala,0.0,0.0
2017-08-18,Rupnagar,0.0,0.0
2017-08-18,Sahibzada Ajit Singh Nagar,0.0,0.0
2017-08-18,Sangrur,0.0,0.0
2017-08-18,Tarn Taran,0.0,0.0
2017-08-19,Amritsar,0.0,0.0
2017-08-19,Barnala,0.0,0.0
2017-08-19,Bathinda,0.0,0.0
2017-08-19,Faridkot,0.0,0.0
2017-08-19,Fatehgarh Sahib,0.0,0.0
2017-08-19,Firozpur,0.0,0.0
2017-08-19,Gurdaspur,0.0,0.0
2017-08-19,Hoshiarpur,0.0,0.0
2017-08-19,Jalandhar,0.0,0.0
2017-08-19,Kapurthala,0.0,0.0
2017-08-19,Ludhiana,0.0,0.0
2017-08-19,Mansa,0.0,0.0
2017-08-19,Moga,0.0,0.0
2017-08-19,Muktsar,0.0,0.0
2017-08-19,Nawanshahr,0.0,0.0
2017-08-19,Patiala,0.0,0.0
2017-08-19,Rupnagar,0.0,0.0
2017-08-19,Sahibzada Ajit Singh Nagar,0.0,0.0
2017-08-19,Sangrur,0.0,0.0
2017-08-19,Tarn Taran,0.0,0.0
2017-08-20,Amritsar,0.0,0.0
2017-08-20,Barnala,0.0,0.0
2017-08-20,Bathinda,0.0,0.0
2017-08-20,Faridkot,0.0,0.0
2017-08-20,Fatehgarh Sahib,0.0,0.0
2017-08-20,Firozpur,0.0,0.0
2017-08-20,Gurdaspur,0.0,0.0
2017-08-20,Hoshiarpur,0.0,0.0
2017-08-20,Jalandhar,0.0,0.0
2017-08-20,Kapurthala,0.0,0.0
2017-08-20,Ludhiana,0.0,0.0
2017-08-20,Mansa,0.0,0.0
2017-08-20,Moga,0.0,0.0
2017-08-20,Muktsar,0.0,0.0
2017-08-20,Nawanshahr,0.0,0.0
2017-08-20,Patiala,0.0,0.0
2017-08-20,Rupnagar,0.0,0.0
2017-08-20,Sahibzada Ajit Singh Nagar,0.0,0.0
2017-08-20,Sangrur,0.0,0.0
2017-08-20,Tarn Taran,0.0,0.0
2017-08-21,Amritsar,3.63,1.4e-05
2017-08-21,Barnala,0.0,0.0
2017-08-21,Bathinda,0.0,0.0
2017-08-21,Faridkot,0.0,0.0
2017-08-21,Fatehgarh Sahib,0.0,0.0
2017-08-21,Firozpur,18.55,3.6e-05
2017-08-21,Gurdaspur,44.47,0.000123
2017-08-21,Hoshiarpur,11.57,3.4e-05
2017-08-21,Jalandhar,241.8,0.000925
2017-08-21,Kapurthala,668.8,0.004013
2017-08-21,Ludhiana,0.0,0.0
2017-08-21,Mansa,9.02,4.1e-05
2017-08-21,Moga,8.81,3.7e-05
2017-08-21,Muktsar,0.0,0.0
2017-08-21,Nawanshahr,0.0,0.0
2017-08-21,Patiala,0.0,0.0
2017-08-21,Rupnagar,0.0,0.0
2017-08-21,Sahibzada Ajit Singh Nagar,0.0,0.0
2017-08-21,Sangrur,0.0,0.0
2017-08-21,Tarn Taran,911.86,0.003798
2017-08-22,Amritsar,0.0,0.0
2017-08-22,Barnala,0.0,0.0
2017-08-22,Bathinda,0.0,0.0
2017-08-22,Faridkot,0.0,0.0
2017-08-22,Fatehgarh Sahib,0.0,0.0
2017-08-22,Firozpur,0.0,0.0
2017-08-22,Gurdaspur,0.0,0.0
2017-08-22,Hoshiarpur,0.0,0.0
2017-08-22,Jalandhar,0.0,0.0
2017-08-22,Kapurthala,0.0,0.0
2017-08-22,Ludhiana,0.0,0.0
2017-08-22,Mansa,0.0,0.0
2017-08-22,Moga,0.0,0.0
2017-08-22,Muktsar,0.0,0.0
2017-08-22,Nawanshahr,0.0,0.0
2017-08-22,Patiala,0.0,0.0
2017-08-22,Rupnagar,0.0,0.0
2017-08-22,Sahibzada Ajit Singh Nagar,0.0,0.0
2017-08-22,Sangrur,0.0,0.0
2017-08-22,Tarn Taran,0.0,0.0
2017-08-23,Amritsar,0.0,0.0
2017-08-23,Barnala,0.0,0.0
2017-08-23,Bathinda,0.0,0.0
2017-08-23,Faridkot,0.0,0.0
2017-08-23,Fatehgarh Sahib,0.0,0.0
2017-08-23,Firozpur,0.0,0.0
2017-08-23,Gurdaspur,0.0,0.0
2017-08-23,Hoshiarpur,0.0,0.0
2017-08-23,Jalandhar,0.0,0.0
2017-08-23,Kapurthala,0.0,0.0
2017-08-23,Ludhiana,0.0,0.0
2017-08-23,Mansa,0.0,0.0
2017-08-23,Moga,0.0,0.0
2017-08-23,Muktsar,0.0,0.0
2017-08-23,Nawanshahr,0.0,0.0
2017-08-23,Patiala,0.0,0.0
2017-08-23,Rupnagar,0.0,0.0
2017-08-23,Sahibzada Ajit Singh Nagar,0.0,0.0
2017-08-23,Sangrur,0.0,0.0
2017-08-23,Tarn Taran,0.0,0.0
2017-08-24,Amritsar,0.0,0.0
2017-08-24,Barnala,0.0,0.0
2017-08-24,Bathinda,0.0,0.0
2017-08-24,Faridkot,0.0,0.0
2017-08-24,Fatehgarh Sahib,0.0,0.0
2017-08-24,Firozpur,0.0,0.0
2017-08-24,Gurdaspur,0.0,0.0
2017-08-24,Hoshiarpur,0.0,0.0
2017-08-24,Jalandhar,0.0,0.0
2017-08-24,Kapurthala,0.0,0.0
2017-08-24,Ludhiana,0.0,0.0
2017-08-24,Mansa,0.0,0.0
2017-08-24,Moga,0.0,0.0
2017-08-24,Muktsar,0.0,0.0
2017-08-24,Nawanshahr,0.0,0.0
2017-08-24,Patiala,24.8,7.4e-05
2017-08-24,Rupnagar,2.2,1.6e-05
2017-08-24,Sahibzada Ajit Singh Nagar,4.44,4e-05
2017-08-24,Sangrur,11.3,3.1e-05
2017-08-24,Tarn Taran,0.0,0.0
2017-08-25,Amritsar,0.0,0.0
2017-08-25,Barnala,0.0,0.0
2017-08-25,Bathinda,0.0,0.0
2017-08-25,Faridkot,0.0,0.0
2017-08-25,Fatehgarh Sahib,0.0,0.0
2017-08-25,Firozpur,0.0,0.0
2017-08-25,Gurdaspur,0.0,0.0
2017-08-25,Hoshiarpur,0.0,0.0
2017-08-25,Jalandhar,0.0,0.0
2017-08-25,Kapurthala,0.0,0.0
2017-08-25,Ludhiana,0.0,0.0
2017-08-25,Mansa,0.0,0.0
2017-08-25,Moga,0.0,0.0
2017-08-25,Muktsar,0.0,0.0
2017-08-25,Nawanshahr,0.0,0.0
2017-08-25,Patiala,0.0,0.0
2017-08-25,Rupnagar,0.0,0.0
2017-08-25,Sahibzada Ajit Singh Nagar,0.0,0.0
2017-08-25,Sangrur,0.0,0.0
2017-08-25,Tarn Taran,0.0,0.0
2017-08-26,Amritsar,0.0,0.0
2017-08-26,Barnala,0.0,0.0
2017-08-26,Bathinda,0.0,0.0
2017-08-26,Faridkot,0.0,0.0
2017-08-26,Fatehgarh Sahib,0.0,0.0
2017-08-26,Firozpur,0.0,0.0
2017-08-26,Gurdaspur,0.0,0.0
2017-08-26,Hoshiarpur,0.0,0.0
2017-08-26,Jalandhar,0.0,0.0
2017-08-26,Kapurthala,0.0,0.0
2017-08-26,Ludhiana,0.0,0.0
2017-08-26,Mansa,0.0,0.0
2017-08-26,Moga,0.0,0.0
2017-08-26,Muktsar,0.0,0.0
2017-08-26,Nawanshahr,0.0,0.0
2017-08-26,Patiala,0.0,0.0
2017-08-26,Rupnagar,0.0,0.0
2017-08-26,Sahibzada Ajit Singh Nagar,0.0,0.0
2017-08-26,Sangrur,0.0,0.0
2017-08-26,Tarn Taran,0.0,0.0
2017-08-27,Amritsar,0.0,0.0
2017-08-27,Barnala,0.0,0.0
2017-08-27,Bathinda,0.0,0.0
2017-08-27,Faridkot,0.0,0.0
2017-08-27,Fatehgarh Sahib,0.0,0.0
2017-08-27,Firozpur,0.0,0.0
2017-08-27,Gurdaspur,0.0,0.0
2017-08-27,Hoshiarpur,0.0,0.0
2017-08-27,Jalandhar,0.0,0.0
2017-08-27,Kapurthala,0.0,0.0
2017-08-27,Ludhiana,0.0,0.0
2017-08-27,Mansa,0.0,0.0
2017-08-27,Moga,0.0,0.0
2017-08-27,Muktsar,0.0,0.0
2017-08-27,Nawanshahr,0.0,0.0
2017-08-27,Patiala,0.0,0.0
2017-08-27,Rupnagar,0.0,0.0
2017-08-27,Sahibzada Ajit Singh Nagar,0.0,0.0
2017-08-27,Sangrur,0.0,0.0
2017-08-27,Tarn Taran,0.0,0.0
2017-08-28,Amritsar,0.0,0.0
2017-08-28,Barnala,0.0,0.0
2017-08-28,Bathinda,0.0,0.0
2017-08-28,Faridkot,0.0,0.0
2017-08-28,Fatehgarh Sahib,0.0,0.0
2017-08-28,Firozpur,0.0,0.0
2017-08-28,Gurdaspur,0.0,0.0
2017-08-28,Hoshiarpur,0.0,0.0
2017-08-28,Jalandhar,0.0,0.0
2017-08-28,Kapurthala,0.0,0.0
2017-08-28,Ludhiana,0.0,0.0
2017-08-28,Mansa,0.0,0.0
2017-08-28,Moga,0.0,0.0
2017-08-28,Muktsar,0.0,0.0
2017-08-28,Nawanshahr,0.0,0.0
2017-08-28,Patiala,0.0,0.0
2017-08-28,Rupnagar,0.0,0.0
2017-08-28,Sahibzada Ajit Singh Nagar,0.0,0.0
2017-08-28,Sangrur,0.0,0.0
2017-08-28,Tarn Taran,0.0,0.0
2017-08-29,Amritsar,2.16,8e-06
2017-08-29,Barnala,0.0,0.0
2017-08-29,Bathinda,0.0,0.0
2017-08-29,Faridkot,0.0,0.0
2017-08-29,Fatehgarh Sahib,0.0,0.0
2017-08-29,Firozpur,8.84,1.7e-05
2017-08-29,Gurdaspur,20.78,5.7e-05
2017-08-29,Hoshiarpur,15.19,4.5e-05
2017-08-29,Jalandhar,0.0,0.0
2017-08-29,Kapurthala,69.39,0.000416
2017-08-29,Ludhiana,0.0,0.0
2017-08-29,Mansa,23.29,0.000105
2017-08-29,Moga,0.0,0.0
2017-08-29,Muktsar,0.0,0.0
2017-08-29,Nawanshahr,0.0,0.0
2017-08-29,Patiala,0.0,0.0
2017-08-29,Rupnagar,0.0,0.0
2017-08-29,Sahibzada Ajit Singh Nagar,0.0,0.0
2017-08-29,Sangrur,0.0,0.0
2017-08-29,Tarn Taran,572.08,0.002383
2017-08-30,Amritsar,0.0,0.0
2017-08-30,Barnala,0.0,0.0
2017-08-30,Bathinda,0.0,0.0
2017-08-30,Faridkot,0.0,0.0
2017-08-30,Fatehgarh Sahib,0.0,0.0
2017-08-30,Firozpur,0.0,0.0
2017-08-30,Gurdaspur,0.0,0.0
2017-08-30,Hoshiarpur,0.0,0.0
2017-08-30,Jalandhar,0.0,0.0
2017-08-30,Kapurthala,0.0,0.0
2017-08-30,Ludhiana,0.0,0.0
2017-08-30,Mansa,0.0,0.0
2017-08-30,Moga,0.0,0.0
2017-08-30,Muktsar,0.0,0.0
2017-08-30,Nawanshahr,0.0,0.0
2017-08-30,Patiala,0.0,0.0
2017-08-30,Rupnagar,0.0,0.0
2017-08-30,Sahibzada Ajit Singh Nagar,0.0,0.0
2017-08-30,Sangrur,0.0,0.0
2017-08-30,Tarn Taran,0.0,0.0
2017-08-31,Amritsar,0.0,0.0
2017-08-31,Barnala,0.0,0.0
2017-08-31,Bathinda,0.0,0.0
2017-08-31,Faridkot,0.0,0.0
2017-08-31,Fatehgarh Sahib,0.0,0.0
2017-08-31,Firozpur,0.0,0.0
2017-08-31,Gurdaspur,0.0,0.0
2017-08-31,Hoshiarpur,0.0,0.0
2017-08-31,Jalandhar,0.0,0.0
2017-08-31,Kapurthala,0.0,0.0
2017-08-31,Ludhiana,0.0,0.0
2017-08-31,Mansa,0.0,0.0
2017-08-31,Moga,0.0,0.0
2017-08-31,Muktsar,0.0,0.0
2017-08-31,Nawanshahr,0.0,0.0
2017-08-31,Patiala,0.0,0.0
2017-08-31,Rupnagar,0.0,0.0
2017-08-31,Sahibzada Ajit Singh Nagar,0.0,0.0
2017-08-31,Sangrur,0.0,0.0
2017-08-31,Tarn Taran,0.0,0.0
2017-09-01,Amritsar,0.0,0.0
2017-09-01,Barnala,0.0,0.0
2017-09-01,Bathinda,0.0,0.0
2017-09-01,Faridkot,0.0,0.0
2017-09-01,Fatehgarh Sahib,0.0,0.0
2017-09-01,Firozpur,0.0,0.0
2017-09-01,Gurdaspur,0.0,0.0
2017-09-01,Hoshiarpur,0.0,0.0
2017-09-01,Jalandhar,0.0,0.0
2017-09-01,Kapurthala,0.0,0.0
2017-09-01,Ludhiana,0.0,0.0
2017-09-01,Mansa,0.0,0.0
2017-09-01,Moga,0.0,0.0
2017-09-01,Muktsar,0.0,0.0
2017-09-01,Nawanshahr,0.0,0.0
2017-09-01,Patiala,0.0,0.0
2017-09-01,Rupnagar,0.0,0.0
2017-09-01,Sahibzada Ajit Singh Nagar,0.0,0.0
2017-09-01,Sangrur,0.0,0.0
2017-09-01,Tarn Taran,0.0,0.0
2017-09-02,Amritsar,5.76,2.2e-05
2017-09-02,Barnala,0.0,0.0
2017-09-02,Bathinda,0.0,0.0
2017-09-02,Faridkot,0.0,0.0
2017-09-02,Fatehgarh Sahib,0.0,0.0
2017-09-02,Firozpur,24.44,4.7e-05
2017-09-02,Gurdaspur,45.9,0.000126
2017-09-02,Hoshiarpur,10.85,3.2e-05
2017-09-02,Jalandhar,10.28,3.9e-05
2017-09-02,Kapurthala,82.54,0.000495
2017-09-02,Ludhiana,0.0,0.0
2017-09-02,Mansa,18.78,8.5e-05
2017-09-02,Moga,0.0,0.0
2017-09-02,Muktsar,0.0,0.0
2017-09-02,Nawanshahr,0.0,0.0
2017-09-02,Patiala,0.0,0.0
2017-09-02,Rupnagar,0.0,0.0
2017-09-02,Sahibzada Ajit Singh Nagar,0.0,0.0
2017-09-02,Sangrur,0.0,0.0
2017-09-02,Tarn Taran,556.74,0.002319
2017-09-03,Amritsar,0.0,0.0
2017-09-03,Barnala,0.0,0.0
2017-09-03,Bathinda,0.0,0.0
2017-09-03,Faridkot,0.0,0.0
2017-09-03,Fatehgarh Sahib,0.0,0.0
2017-09-03,Firozpur,14.87,2.8e-05
2017-09-03,Gurdaspur,0.0,0.0
2017-09-03,Hoshiarpur,0.0,0.0
2017-09-03,Jalandhar,0.0,0.0
2017-09-03,Kapurthala,0.0,0.0
2017-09-03,Ludhiana,0.0,0.0
2017-09-03,Mansa,0.0,0.0
2017-09-03,Moga,0.0,0.0
2017-09-03,Muktsar,0.0,0.0
2017-09-03,Nawanshahr,0.0,0.0
2017-09-03,Patiala,0.0,0.0
2017-09-03,Rupnagar,0.0,0.0
2017-09-03,Sahibzada Ajit Singh Nagar,0.0,0.0
2017-09-03,Sangrur,0.0,0.0
2017-09-03,Tarn Taran,0.0,0.0
2017-09-04,Amritsar,0.0,0.0
2017-09-04,Barnala,0.0,0.0
2017-09-04,Bathinda,0.0,0.0
2017-09-04,Faridkot,0.0,0.0
2017-09-04,Fatehgarh Sahib,0.0,0.0
2017-09-04,Firozpur,0.0,0.0
2017-09-04,Gurdaspur,0.0,0.0
2017-09-04,Hoshiarpur,0.0,0.0
2017-09-04,Jalandhar,0.0,0.0
2017-09-04,Kapurthala,0.0,0.0
2017-09-04,Ludhiana,0.0,0.0
2017-09-04,Mansa,0.0,0.0
2017-09-04,Moga,0.0,0.0
2017-09-04,Muktsar,0.0,0.0
2017-09-04,Nawanshahr,0.0,0.0
2017-09-04,Patiala,0.0,0.0
2017-09-04,Rupnagar,0.0,0.0
2017-09-04,Sahibzada Ajit Singh Nagar,0.0,0.0
2017-09-04,Sangrur,0.0,0.0
2017-09-04,Tarn Taran,0.0,0.0
2017-09-05,Amritsar,0.0,0.0
2017-09-05,Barnala,0.0,0.0
2017-09-05,Bathinda,0.0,0.0
2017-09-05,Faridkot,0.0,0.0
2017-09-05,Fatehgarh Sahib,2.22,1.9e-05
2017-09-05,Firozpur,0.0,0.0
2017-09-05,Gurdaspur,0.0,0.0
2017-09-05,Hoshiarpur,0.0,0.0
2017-09-05,Jalandhar,0.0,0.0
2017-09-05,Kapurthala,0.0,0.0
2017-09-05,Ludhiana,0.0,0.0
2017-09-05,Mansa,0.0,0.0
2017-09-05,Moga,0.0,0.0
2017-09-05,Muktsar,0.0,0.0
2017-09-05,Nawanshahr,0.73,6e-06
2017-09-05,Patiala,6.7,2e-05
2017-09-05,Rupnagar,0.0,0.0
2017-09-05,Sahibzada Ajit Singh Nagar,0.0,0.0
2017-09-05,Sangrur,97.92,0.000271
2017-09-05,Tarn Taran,0.0,0.0
2017-09-06,Amritsar,0.0,0.0
2017-09-06,Barnala,0.0,0.0
2017-09-06,Bathinda,0.0,0.0
2017-09-06,Faridkot,0.0,0.0
2017-09-06,Fatehgarh Sahib,0.0,0.0
2017-09-06,Firozpur,0.0,0.0
2017-09-06,Gurdaspur,0.0,0.0
2017-09-06,Hoshiarpur,0.0,0.0
2017-09-06,Jalandhar,0.0,0.0
2017-09-06,Kapurthala,0.0,0.0
2017-09-06,Ludhiana,0.0,0.0
2017-09-06,Mansa,0.0,0.0
2017-09-06,Moga,0.0,0.0
2017-09-06,Muktsar,0.0,0.0
2017-09-06,Nawanshahr,0.0,0.0
2017-09-06,Patiala,0.0,0.0
2017-09-06,Rupnagar,0.0,0.0
2017-09-06,Sahibzada Ajit Singh Nagar,0.0,0.0
2017-09-06,Sangrur,0.0,0.0
2017-09-06,Tarn Taran,0.0,0.0
2017-09-07,Amritsar,0.0,0.0
2017-09-07,Barnala,0.0,0.0
2017-09-07,Bathinda,0.0,0.0
2017-09-07,Faridkot,0.0,0.0
2017-09-07,Fatehgarh Sahib,0.0,0.0
2017-09-07,Firozpur,0.0,0.0
2017-09-07,Gurdaspur,0.0,0.0
2017-09-07,Hoshiarpur,0.0,0.0
2017-09-07,Jalandhar,0.0,0.0
2017-09-07,Kapurthala,0.0,0.0
2017-09-07,Ludhiana,0.0,0.0
2017-09-07,Mansa,0.0,0.0
2017-09-07,Moga,0.0,0.0
2017-09-07,Muktsar,0.0,0.0
2017-09-07,Nawanshahr,0.0,0.0
2017-09-07,Patiala,0.0,0.0
2017-09-07,Rupnagar,0.0,0.0
2017-09-07,Sahibzada Ajit Singh Nagar,0.0,0.0
2017-09-07,Sangrur,0.0,0.0
2017-09-07,Tarn Taran,0.0,0.0
2017-09-08,Amritsar,0.0,0.0
2017-09-08,Barnala,0.0,0.0
2017-09-08,Bathinda,0.0,0.0
2017-09-08,Faridkot,0.0,0.0
2017-09-08,Fatehgarh Sahib,0.0,0.0
2017-09-08,Firozpur,0.0,0.0
2017-09-08,Gurdaspur,0.0,0.0
2017-09-08,Hoshiarpur,0.0,0.0
2017-09-08,Jalandhar,0.0,0.0
2017-09-08,Kapurthala,0.0,0.0
2017-09-08,Ludhiana,0.0,0.0
2017-09-08,Mansa,0.0,0.0
2017-09-08,Moga,0.0,0.0
2017-09-08,Muktsar,0.0,0.0
2017-09-08,Nawanshahr,0.0,0.0
2017-09-08,Patiala,0.0,0.0
2017-09-08,Rupnagar,0.0,0.0
2017-09-08,Sahibzada Ajit Singh Nagar,0.0,0.0
2017-09-08,Sangrur,0.0,0.0
2017-09-08,Tarn Taran,0.0,0.0
2017-09-09,Amritsar,0.0,0.0
2017-09-09,Barnala,0.0,0.0
2017-09-09,Bathinda,0.0,0.0
2017-09-09,Faridkot,0.0,0.0
2017-09-09,Fatehgarh Sahib,0.0,0.0
2017-09-09,Firozpur,0.0,0.0
2017-09-09,Gurdaspur,0.0,0.0
2017-09-09,Hoshiarpur,0.0,0.0
2017-09-09,Jalandhar,0.0,0.0
2017-09-09,Kapurthala,0.0,0.0
2017-09-09,Ludhiana,0.0,0.0
2017-09-09,Mansa,0.0,0.0
2017-09-09,Moga,0.0,0.0
2017-09-09,Muktsar,0.0,0.0
2017-09-09,Nawanshahr,0.0,0.0
2017-09-09,Patiala,0.0,0.0
2017-09-09,Rupnagar,0.0,0.0
2017-09-09,Sahibzada Ajit Singh Nagar,0.0,0.0
2017-09-09,Sangrur,0.0,0.0
2017-09-09,Tarn Taran,0.0,0.0
2017-09-10,Amritsar,2.16,8e-06
2017-09-10,Barnala,0.0,0.0
2017-09-10,Bathinda,0.0,0.0
2017-09-10,Faridkot,0.0,0.0
2017-09-10,Fatehgarh Sahib,0.0,0.0
2017-09-10,Firozpur,12.57,2.4e-05
2017-09-10,Gurdaspur,0.72,2e-06
2017-09-10,Hoshiarpur,8.68,2.6e-05
2017-09-10,Jalandhar,6.61,2.5e-05
2017-09-10,Kapurthala,15.32,9.2e-05
2017-09-10,Ludhiana,2.21,6e-06
2017-09-10,Mansa,18.78,8.5e-05
2017-09-10,Moga,0.73,3e-06
2017-09-10,Muktsar,0.0,0.0
2017-09-10,Nawanshahr,0.0,0.0
2017-09-10,Patiala,0.0,0.0
2017-09-10,Rupnagar,0.0,0.0
2017-09-10,Sahibzada Ajit Singh Nagar,0.0,0.0
2017-09-10,Sangrur,0.0,0.0
2017-09-10,Tarn Taran,334.64,0.001394
2017-09-11,Amritsar,0.0,0.0
2017-09-11,Barnala,0.0,0.0
2017-09-11,Bathinda,0.0,0.0
2017-09-11,Faridkot,0.0,0.0
2017-09-11,Fatehgarh Sahib,0.0,0.0
2017-09-11,Firozpur,0.0,0.0
2017-09-11,Gurdaspur,0.0,0.0
2017-09-11,Hoshiarpur,0.0,0.0
2017-09-11,Jalandhar,0.0,0.0
2017-09-11,Kapurthala,0.0,0.0
2017-09-11,Ludhiana,0.0,0.0
2017-09-11,Mansa,0.0,0.0
2017-09-11,Moga,0.0,0.0
2017-09-11,Muktsar,0.0,0.0
2017-09-11,Nawanshahr,0.0,0.0
2017-09-11,Patiala,0.0,0.0
2017-09-11,Rupnagar,0.0,0.0
2017-09-11,Sahibzada Ajit Singh Nagar,0.0,0.0
2017-09-11,Sangrur,0.0,0.0
2017-09-11,Tarn Taran,0.0,0.0
2017-09-12,Amritsar,0.0,0.0
2017-09-12,Barnala,0.0,0.0
2017-09-12,Bathinda,0.0,0.0
2017-09-12,Faridkot,0.0,0.0
2017-09-12,Fatehgarh Sahib,0.0,0.0
2017-09-12,Firozpur,0.0,0.0
2017-09-12,Gurdaspur,0.0,0.0
2017-09-12,Hoshiarpur,0.0,0.0
2017-09-12,Jalandhar,0.0,0.0
2017-09-12,Kapurthala,0.0,0.0
2017-09-12,Ludhiana,0.0,0.0
2017-09-12,Mansa,0.0,0.0
2017-09-12,Moga,0.0,0.0
2017-09-12,Muktsar,0.0,0.0
2017-09-12,Nawanshahr,0.0,0.0
2017-09-12,Patiala,0.0,0.0
2017-09-12,Rupnagar,0.0,0.0
2017-09-12,Sahibzada Ajit Singh Nagar,0.0,0.0
2017-09-12,Sangrur,0.0,0.0
2017-09-12,Tarn Taran,0.0,0.0
2017-09-13,Amritsar,0.0,0.0
2017-09-13,Barnala,0.0,0.0
2017-09-13,Bathinda,0.0,0.0
2017-09-13,Faridkot,0.0,0.0
2017-09-13,Fatehgarh Sahib,0.0,0.0
2017-09-13,Firozpur,0.0,0.0
2017-09-13,Gurdaspur,0.0,0.0
2017-09-13,Hoshiarpur,0.0,0.0
2017-09-13,Jalandhar,0.0,0.0
2017-09-13,Kapurthala,0.0,0.0
2017-09-13,Ludhiana,0.0,0.0
2017-09-13,Mansa,0.0,0.0
2017-09-13,Moga,0.0,0.0
2017-09-13,Muktsar,0.0,0.0
2017-09-13,Nawanshahr,0.0,0.0
2017-09-13,Patiala,0.0,0.0
2017-09-13,Rupnagar,0.0,0.0
2017-09-13,Sahibzada Ajit Singh Nagar,0.0,0.0
2017-09-13,Sangrur,0.0,0.0
2017-09-13,Tarn Taran,0.0,0.0
2017-09-14,Amritsar,4.32,1.6e-05
2017-09-14,Barnala,0.0,0.0
2017-09-14,Bathinda,0.0,0.0
2017-09-14,Faridkot,0.0,0.0
2017-09-14,Fatehgarh Sahib,0.0,0.0
2017-09-14,Firozpur,20.84,4e-05
2017-09-14,Gurdaspur,31.58,8.7e-05
2017-09-14,Hoshiarpur,12.29,3.6e-05
2017-09-14,Jalandhar,7.35,2.8e-05
2017-09-14,Kapurthala,17.52,0.000105
2017-09-14,Ludhiana,0.0,0.0
2017-09-14,Mansa,24.04,0.000108
2017-09-14,Moga,0.0,0.0
2017-09-14,Muktsar,0.0,0.0
2017-09-14,Nawanshahr,0.0,0.0
2017-09-14,Patiala,0.0,0.0
2017-09-14,Rupnagar,0.0,0.0
2017-09-14,Sahibzada Ajit Singh Nagar,0.0,0.0
2017-09-14,Sangrur,0.0,0.0
2017-09-14,Tarn Taran,476.36,0.001984
2017-09-15,Amritsar,0.0,0.0
2017-09-15,Barnala,0.0,0.0
2017-09-15,Bathinda,0.0,0.0
2017-09-15,Faridkot,0.0,0.0
2017-09-15,Fatehgarh Sahib,0.0,0.0
2017-09-15,Firozpur,5.25,1e-05
2017-09-15,Gurdaspur,0.0,0.0
2017-09-15,Hoshiarpur,0.0,0.0
2017-09-15,Jalandhar,0.0,0.0
2017-09-15,Kapurthala,0.0,0.0
2017-09-15,Ludhiana,0.0,0.0
2017-09-15,Mansa,0.0,0.0
2017-09-15,Moga,0.0,0.0
2017-09-15,Muktsar,0.0,0.0
2017-09-15,Nawanshahr,0.0,0.0
2017-09-15,Patiala,0.0,0.0
2017-09-15,Rupnagar,0.0,0.0
2017-09-15,Sahibzada Ajit Singh Nagar,0.0,0.0
2017-09-15,Sangrur,0.0,0.0
2017-09-15,Tarn Taran,0.0,0.0
2017-09-16,Amritsar,0.0,0.0
2017-09-16,Barnala,0.0,0.0
2017-09-16,Bathinda,0.0,0.0
2017-09-16,Faridkot,0.0,0.0
2017-09-16,Fatehgarh Sahib,0.0,0.0
2017-09-16,Firozpur,0.0,0.0
2017-09-16,Gurdaspur,0.0,0.0
2017-09-16,Hoshiarpur,0.0,0.0
2017-09-16,Jalandhar,0.0,0.0
2017-09-16,Kapurthala,0.0,0.0
2017-09-16,Ludhiana,0.0,0.0
2017-09-16,Mansa,0.0,0.0
2017-09-16,Moga,0.0,0.0
2017-09-16,Muktsar,0.0,0.0
2017-09-16,Nawanshahr,0.0,0.0
2017-09-16,Patiala,0.0,0.0
2017-09-16,Rupnagar,0.0,0.0
2017-09-16,Sahibzada Ajit Singh Nagar,0.0,0.0
2017-09-16,Sangrur,0.0,0.0
2017-09-16,Tarn Taran,0.0,0.0
2017-09-17,Amritsar,0.0,0.0
2017-09-17,Barnala,0.0,0.0
2017-09-17,Bathinda,0.0,0.0
2017-09-17,Faridkot,0.0,0.0
2017-09-17,Fatehgarh Sahib,0.0,0.0
2017-09-17,Firozpur,0.0,0.0
2017-09-17,Gurdaspur,0.0,0.0
2017-09-17,Hoshiarpur,0.0,0.0
2017-09-17,Jalandhar,0.0,0.0
2017-09-17,Kapurthala,0.0,0.0
2017-09-17,Ludhiana,0.0,0.0
2017-09-17,Mansa,0.0,0.0
2017-09-17,Moga,0.0,0.0
2017-09-17,Muktsar,0.0,0.0
2017-09-17,Nawanshahr,0.73,6e-06
2017-09-17,Patiala,0.0,0.0
2017-09-17,Rupnagar,0.0,0.0
2017-09-17,Sahibzada Ajit Singh Nagar,0.0,0.0
2017-09-17,Sangrur,21.09,5.8e-05
2017-09-17,Tarn Taran,0.0,0.0
2017-09-18,Amritsar,0.0,0.0
2017-09-18,Barnala,0.0,0.0
2017-09-18,Bathinda,0.0,0.0
2017-09-18,Faridkot,0.0,0.0
2017-09-18,Fatehgarh Sahib,0.0,0.0
2017-09-18,Firozpur,0.0,0.0
2017-09-18,Gurdaspur,0.0,0.0
2017-09-18,Hoshiarpur,0.0,0.0
2017-09-18,Jalandhar,0.0,0.0
2017-09-18,Kapurthala,0.0,0.0
2017-09-18,Ludhiana,0.0,0.0
2017-09-18,Mansa,0.0,0.0
2017-09-18,Moga,0.0,0.0
2017-09-18,Muktsar,0.0,0.0
2017-09-18,Nawanshahr,0.0,0.0
2017-09-18,Patiala,0.0,0.0
2017-09-18,Rupnagar,0.0,0.0
2017-09-18,Sahibzada Ajit Singh Nagar,0.0,0.0
2017-09-18,Sangrur,0.0,0.0
2017-09-18,Tarn Taran,0.0,0.0
2017-09-19,Amritsar,0.0,0.0
2017-09-19,Barnala,0.0,0.0
2017-09-19,Bathinda,0.0,0.0
2017-09-19,Faridkot,0.0,0.0
2017-09-19,Fatehgarh Sahib,0.0,0.0
2017-09-19,Firozpur,13.5,2.6e-05
2017-09-19,Gurdaspur,0.0,0.0
2017-09-19,Hoshiarpur,0.0,0.0
2017-09-19,Jalandhar,0.0,0.0
2017-09-19,Kapurthala,0.0,0.0
2017-09-19,Ludhiana,0.0,0.0
2017-09-19,Mansa,0.0,0.0
2017-09-19,Moga,0.0,0.0
2017-09-19,Muktsar,0.0,0.0
2017-09-19,Nawanshahr,0.0,0.0
2017-09-19,Patiala,0.0,0.0
2017-09-19,Rupnagar,0.0,0.0
2017-09-19,Sahibzada Ajit Singh Nagar,0.0,0.0
2017-09-19,Sangrur,0.0,0.0
2017-09-19,Tarn Taran,0.0,0.0
2017-09-20,Amritsar,0.0,0.0
2017-09-20,Barnala,0.0,0.0
2017-09-20,Bathinda,0.0,0.0
2017-09-20,Faridkot,0.0,0.0
2017-09-20,Fatehgarh Sahib,0.0,0.0
2017-09-20,Firozpur,0.0,0.0
2017-09-20,Gurdaspur,0.0,0.0
2017-09-20,Hoshiarpur,0.0,0.0
2017-09-20,Jalandhar,0.0,0.0
2017-09-20,Kapurthala,0.0,0.0
2017-09-20,Ludhiana,0.0,0.0
2017-09-20,Mansa,0.0,0.0
2017-09-20,Moga,0.0,0.0
2017-09-20,Muktsar,0.0,0.0
2017-09-20,Nawanshahr,0.0,0.0
2017-09-20,Patiala,0.0,0.0
2017-09-20,Rupnagar,0.0,0.0
2017-09-20,Sahibzada Ajit Singh Nagar,0.0,0.0
2017-09-20,Sangrur,0.0,0.0
2017-09-20,Tarn Taran,0.0,0.0
2017-09-21,Amritsar,0.0,0.0
2017-09-21,Barnala,0.0,0.0
2017-09-21,Bathinda,0.0,0.0
2017-09-21,Faridkot,0.0,0.0
2017-09-21,Fatehgarh Sahib,0.0,0.0
2017-09-21,Firozpur,0.0,0.0
2017-09-21,Gurdaspur,0.0,0.0
2017-09-21,Hoshiarpur,0.0,0.0
2017-09-21,Jalandhar,0.0,0.0
2017-09-21,Kapurthala,0.0,0.0
2017-09-21,Ludhiana,0.0,0.0
2017-09-21,Mansa,0.0,0.0
2017-09-21,Moga,0.0,0.0
2017-09-21,Muktsar,0.0,0.0
2017-09-21,Nawanshahr,0.0,0.0
2017-09-21,Patiala,0.0,0.0
2017-09-21,Rupnagar,0.0,0.0
2017-09-21,Sahibzada Ajit Singh Nagar,0.0,0.0
2017-09-21,Sangrur,0.0,0.0
2017-09-21,Tarn Taran,0.0,0.0
2017-09-22,Amritsar,2.88,1.1e-05
2017-09-22,Barnala,0.0,0.0
2017-09-22,Bathinda,0.0,0.0
2017-09-22,Faridkot,0.0,0.0
2017-09-22,Fatehgarh Sahib,0.0,0.0
2017-09-22,Firozpur,11.83,2.3e-05
2017-09-22,Gurdaspur,5.03,1.4e-05
2017-09-22,Hoshiarpur,9.4,2.8e-05
2017-09-22,Jalandhar,4.41,1.7e-05
2017-09-22,Kapurthala,3.66,2.2e-05
2017-09-22,Ludhiana,0.0,0.0
2017-09-22,Mansa,21.79,9.8e-05
2017-09-22,Moga,0.0,0.0
2017-09-22,Muktsar,0.0,0.0
2017-09-22,Nawanshahr,0.0,0.0
2017-09-22,Patiala,0.0,0.0
2017-09-22,Rupnagar,0.0,0.0
2017-09-22,Sahibzada Ajit Singh Nagar,0.0,0.0
2017-09-22,Sangrur,0.0,0.0
2017-09-22,Tarn Taran,373.37,0.001555
2017-09-23,Amritsar,0.0,0.0
2017-09-23,Barnala,0.0,0.0
2017-09-23,Bathinda,0.0,0.0
2017-09-23,Faridkot,0.0,0.0
2017-09-23,Fatehgarh Sahib,0.0,0.0
2017-09-23,Firozpur,0.0,0.0
2017-09-23,Gurdaspur,0.0,0.0
2017-09-23,Hoshiarpur,0.0,0.0
2017-09-23,Jalandhar,0.0,0.0
2017-09-23,Kapurthala,0.0,0.0
2017-09-23,Ludhiana,0.0,0.0
2017-09-23,Mansa,0.0,0.0
2017-09-23,Moga,0.0,0.0
2017-09-23,Muktsar,0.0,0.0
2017-09-23,Nawanshahr,0.0,0.0
2017-09-23,Patiala,0.0,0.0
2017-09-23,Rupnagar,0.0,0.0
2017-09-23,Sahibzada Ajit Singh Nagar,0.0,0.0
2017-09-23,Sangrur,0.0,0.0
2017-09-23,Tarn Taran,0.0,0.0
2017-09-24,Amritsar,0.0,0.0
2017-09-24,Barnala,0.0,0.0
2017-09-24,Bathinda,0.0,0.0
2017-09-24,Faridkot,0.0,0.0
2017-09-24,Fatehgarh Sahib,0.0,0.0
2017-09-24,Firozpur,0.0,0.0
2017-09-24,Gurdaspur,0.0,0.0
2017-09-24,Hoshiarpur,0.0,0.0
2017-09-24,Jalandhar,0.0,0.0
2017-09-24,Kapurthala,0.0,0.0
2017-09-24,Ludhiana,0.0,0.0
2017-09-24,Mansa,0.0,0.0
2017-09-24,Moga,0.0,0.0
2017-09-24,Muktsar,0.0,0.0
2017-09-24,Nawanshahr,0.0,0.0
2017-09-24,Patiala,0.0,0.0
2017-09-24,Rupnagar,0.0,0.0
2017-09-24,Sahibzada Ajit Singh Nagar,0.0,0.0
2017-09-24,Sangrur,0.0,0.0
2017-09-24,Tarn Taran,0.0,0.0
2017-09-25,Amritsar,0.0,0.0
2017-09-25,Barnala,0.0,0.0
2017-09-25,Bathinda,0.0,0.0
2017-09-25,Faridkot,0.0,0.0
2017-09-25,Fatehgarh Sahib,0.0,0.0
2017-09-25,Firozpur,0.0,0.0
2017-09-25,Gurdaspur,0.0,0.0
2017-09-25,Hoshiarpur,0.0,0.0
2017-09-25,Jalandhar,0.0,0.0
2017-09-25,Kapurthala,0.0,0.0
2017-09-25,Ludhiana,0.0,0.0
2017-09-25,Mansa,0.0,0.0
2017-09-25,Moga,0.0,0.0
2017-09-25,Muktsar,0.0,0.0
2017-09-25,Nawanshahr,0.0,0.0
2017-09-25,Patiala,0.0,0.0
2017-09-25,Rupnagar,0.0,0.0
2017-09-25,Sahibzada Ajit Singh Nagar,0.0,0.0
2017-09-25,Sangrur,0.0,0.0
2017-09-25,Tarn Taran,0.0,0.0
2017-09-26,Amritsar,0.0,0.0
2017-09-26,Barnala,0.0,0.0
2017-09-26,Bathinda,0.0,0.0
2017-09-26,Faridkot,0.0,0.0
2017-09-26,Fatehgarh Sahib,0.0,0.0
2017-09-26,Firozpur,18.52,3.5e-05
2017-09-26,Gurdaspur,18.7,5.2e-05
2017-09-26,Hoshiarpur,10.85,3.2e-05
2017-09-26,Jalandhar,3.67,1.4e-05
2017-09-26,Kapurthala,8.77,5.3e-05
2017-09-26,Ludhiana,0.0,0.0
2017-09-26,Mansa,23.29,0.000105
2017-09-26,Moga,0.0,0.0
2017-09-26,Muktsar,0.0,0.0
2017-09-26,Nawanshahr,0.0,0.0
2017-09-26,Patiala,0.0,0.0
2017-09-26,Rupnagar,0.0,0.0
2017-09-26,Sahibzada Ajit Singh Nagar,0.0,0.0
2017-09-26,Sangrur,0.0,0.0
2017-09-26,Tarn Taran,425.96,0.001774
2017-09-27,Amritsar,0.0,0.0
2017-09-27,Barnala,0.0,0.0
2017-09-27,Bathinda,0.0,0.0
2017-09-27,Faridkot,0.0,0.0
2017-09-27,Fatehgarh Sahib,0.0,0.0
2017-09-27,Firozpur,0.0,0.0
2017-09-27,Gurdaspur,0.0,0.0
2017-09-27,Hoshiarpur,0.0,0.0
2017-09-27,Jalandhar,0.0,0.0
2017-09-27,Kapurthala,0.0,0.0
2017-09-27,Ludhiana,0.0,0.0
2017-09-27,Mansa,0.0,0.0
2017-09-27,Moga,0.0,0.0
2017-09-27,Muktsar,0.0,0.0
2017-09-27,Nawanshahr,0.0,0.0
2017-09-27,Patiala,0.0,0.0
2017-09-27,Rupnagar,0.0,0.0
2017-09-27,Sahibzada Ajit Singh Nagar,0.0,0.0
2017-09-27,Sangrur,0.0,0.0
2017-09-27,Tarn Taran,0.0,0.0
2017-09-28,Amritsar,0.0,0.0
2017-09-28,Barnala,0.0,0.0
2017-09-28,Bathinda,0.0,0.0
2017-09-28,Faridkot,0.0,0.0
2017-09-28,Fatehgarh Sahib,0.0,0.0
2017-09-28,Firozpur,0.0,0.0
2017-09-28,Gurdaspur,0.0,0.0
2017-09-28,Hoshiarpur,0.0,0.0
2017-09-28,Jalandhar,0.0,0.0
2017-09-28,Kapurthala,0.0,0.0
2017-09-28,Ludhiana,0.0,0.0
2017-09-28,Mansa,0.0,0.0
2017-09-28,Moga,0.0,0.0
2017-09-28,Muktsar,0.0,0.0
2017-09-28,Nawanshahr,0.0,0.0
2017-09-28,Patiala,0.0,0.0
2017-09-28,Rupnagar,0.0,0.0
2017-09-28,Sahibzada Ajit Singh Nagar,0.0,0.0
2017-09-28,Sangrur,0.0,0.0
2017-09-28,Tarn Taran,0.0,0.0
2017-09-29,Amritsar,0.0,0.0
2017-09-29,Barnala,0.0,0.0
2017-09-29,Bathinda,0.0,0.0
2017-09-29,Faridkot,0.0,0.0
2017-09-29,Fatehgarh Sahib,0.0,0.0
2017-09-29,Firozpur,0.0,0.0
2017-09-29,Gurdaspur,0.0,0.0
2017-09-29,Hoshiarpur,0.0,0.0
2017-09-29,Jalandhar,0.0,0.0
2017-09-29,Kapurthala,0.0,0.0
2017-09-29,Ludhiana,0.0,0.0
2017-09-29,Mansa,0.0,0.0
2017-09-29,Moga,0.0,0.0
2017-09-29,Muktsar,0.0,0.0
2017-09-29,Nawanshahr,0.0,0.0
2017-09-29,Patiala,0.0,0.0
2017-09-29,Rupnagar,0.0,0.0
2017-09-29,Sahibzada Ajit Singh Nagar,0.0,0.0
2017-09-29,Sangrur,0.0,0.0
2017-09-29,Tarn Taran,0.0,0.0
2018-06-15,Amritsar,0.0,0.0
2018-06-15,Barnala,0.0,0.0
2018-06-15,Bathinda,0.0,0.0
2018-06-15,Faridkot,0.0,0.0
2018-06-15,Fatehgarh Sahib,0.0,0.0
2018-06-15,Firozpur,0.0,0.0
2018-06-15,Gurdaspur,0.0,0.0
2018-06-15,Hoshiarpur,0.0,0.0
2018-06-15,Jalandhar,0.0,0.0
2018-06-15,Kapurthala,0.0,0.0
2018-06-15,Ludhiana,0.0,0.0
2018-06-15,Mansa,0.0,0.0
2018-06-15,Moga,0.0,0.0
2018-06-15,Muktsar,0.0,0.0
2018-06-15,Nawanshahr,0.0,0.0
2018-06-15,Patiala,0.0,0.0
2018-06-15,Rupnagar,0.0,0.0
2018-06-15,Sahibzada Ajit Singh Nagar,0.0,0.0
2018-06-15,Sangrur,0.0,0.0
2018-06-15,Tarn Taran,0.0,0.0
2018-06-16,Amritsar,0.0,0.0
2018-06-16,Barnala,0.0,0.0
2018-06-16,Bathinda,0.0,0.0
2018-06-16,Faridkot,0.0,0.0
2018-06-16,Fatehgarh Sahib,0.0,0.0
2018-06-16,Firozpur,0.0,0.0
2018-06-16,Gurdaspur,0.0,0.0
2018-06-16,Hoshiarpur,0.0,0.0
2018-06-16,Jalandhar,0.0,0.0
2018-06-16,Kapurthala,0.0,0.0
2018-06-16,Ludhiana,0.0,0.0
2018-06-16,Mansa,0.0,0.0
2018-06-16,Moga,0.0,0.0
2018-06-16,Muktsar,0.0,0.0
2018-06-16,Nawanshahr,0.0,0.0
2018-06-16,Patiala,0.0,0.0
2018-06-16,Rupnagar,0.0,0.0
2018-06-16,Sahibzada Ajit Singh Nagar,0.0,0.0
2018-06-16,Sangrur,0.0,0.0
2018-06-16,Tarn Taran,0.0,0.0
2018-06-17,Amritsar,0.0,0.0
2018-06-17,Barnala,279.7,0.001877
2018-06-17,Bathinda,362.42,0.001072
2018-06-17,Faridkot,684.15,0.0047
2018-06-17,Fatehgarh Sahib,0.0,0.0
2018-06-17,Firozpur,972.1,0.001862
2018-06-17,Gurdaspur,95.94,0.000264
2018-06-17,Hoshiarpur,51.45,0.000152
2018-06-17,Jalandhar,79.86,0.000306
2018-06-17,Kapurthala,579.85,0.00348
2018-06-17,Ludhiana,0.0,0.0
2018-06-17,Mansa,421.52,0.0019
2018-06-17,Moga,39.91,0.00017
2018-06-17,Muktsar,2751.38,0.01053
2018-06-17,Nawanshahr,0.0,0.0
2018-06-17,Patiala,0.0,0.0
2018-06-17,Rupnagar,0.0,0.0
2018-06-17,Sahibzada Ajit Singh Nagar,0.0,0.0
2018-06-17,Sangrur,455.63,0.001262
2018-06-17,Tarn Taran,12.4,5.2e-05
2018-06-18,Amritsar,0.0,0.0
2018-06-18,Barnala,0.0,0.0
2018-06-18,Bathinda,0.0,0.0
2018-06-18,Faridkot,0.0,0.0
2018-06-18,Fatehgarh Sahib,0.0,0.0
2018-06-18,Firozpur,4.48,9e-06
2018-06-18,Gurdaspur,0.0,0.0
2018-06-18,Hoshiarpur,0.0,0.0
2018-06-18,Jalandhar,0.0,0.0
2018-06-18,Kapurthala,0.0,0.0
2018-06-18,Ludhiana,0.0,0.0
2018-06-18,Mansa,0.0,0.0
2018-06-18,Moga,0.0,0.0
2018-06-18,Muktsar,0.0,0.0
2018-06-18,Nawanshahr,0.0,0.0
2018-06-18,Patiala,0.0,0.0
2018-06-18,Rupnagar,0.0,0.0
2018-06-18,Sahibzada Ajit Singh Nagar,0.0,0.0
2018-06-18,Sangrur,0.0,0.0
2018-06-18,Tarn Taran,0.0,0.0
2018-06-19,Amritsar,0.0,0.0
2018-06-19,Barnala,0.0,0.0
2018-06-19,Bathinda,0.0,0.0
2018-06-19,Faridkot,0.0,0.0
2018-06-19,Fatehgarh Sahib,0.0,0.0
2018-06-19,Firozpur,0.0,0.0
2018-06-19,Gurdaspur,0.0,0.0
2018-06-19,Hoshiarpur,0.0,0.0
2018-06-19,Jalandhar,0.0,0.0
2018-06-19,Kapurthala,0.0,0.0
2018-06-19,Ludhiana,0.0,0.0
2018-06-19,Mansa,0.0,0.0
2018-06-19,Moga,0.0,0.0
2018-06-19,Muktsar,0.0,0.0
2018-06-19,Nawanshahr,0.0,0.0
2018-06-19,Patiala,0.0,0.0
2018-06-19,Rupnagar,0.0,0.0
2018-06-19,Sahibzada Ajit Singh Nagar,0.0,0.0
2018-06-19,Sangrur,0.0,0.0
2018-06-19,Tarn Taran,0.0,0.0
2018-06-20,Amritsar,0.0,0.0
2018-06-20,Barnala,35.74,0.00024
2018-06-20,Bathinda,0.0,0.0
2018-06-20,Faridkot,0.0,0.0
2018-06-20,Fatehgarh Sahib,17.06,0.000149
2018-06-20,Firozpur,0.0,0.0
2018-06-20,Gurdaspur,0.0,0.0
2018-06-20,Hoshiarpur,0.0,0.0
2018-06-20,Jalandhar,2.2,8e-06
2018-06-20,Kapurthala,2.92,1.8e-05
2018-06-20,Ludhiana,60.38,0.000168
2018-06-20,Mansa,41.23,0.000186
2018-06-20,Moga,0.0,0.0
2018-06-20,Muktsar,0.0,0.0
2018-06-20,Nawanshahr,10.26,7.9e-05
2018-06-20,Patiala,371.18,0.001111
2018-06-20,Rupnagar,27.97,0.000201
2018-06-20,Sahibzada Ajit Singh Nagar,28.9,0.00026
2018-06-20,Sangrur,328.98,0.000911
2018-06-20,Tarn Taran,0.0,0.0
2018-06-21,Amritsar,0.0,0.0
2018-06-21,Barnala,0.0,0.0
2018-06-21,Bathinda,0.0,0.0
2018-06-21,Faridkot,0.0,0.0
2018-06-21,Fatehgarh Sahib,0.0,0.0
2018-06-21,Firozpur,0.0,0.0
2018-06-21,Gurdaspur,0.0,0.0
2018-06-21,Hoshiarpur,0.0,0.0
2018-06-21,Jalandhar,0.0,0.0
2018-06-21,Kapurthala,0.0,0.0
2018-06-21,Ludhiana,0.0,0.0
2018-06-21,Mansa,0.0,0.0
2018-06-21,Moga,0.0,0.0
2018-06-21,Muktsar,0.0,0.0
2018-06-21,Nawanshahr,0.0,0.0
2018-06-21,Patiala,0.0,0.0
2018-06-21,Rupnagar,0.0,0.0
2018-06-21,Sahibzada Ajit Singh Nagar,0.0,0.0
2018-06-21,Sangrur,0.0,0.0
2018-06-21,Tarn Taran,0.0,0.0
2018-06-22,Amritsar,0.0,0.0
2018-06-22,Barnala,0.0,0.0
2018-06-22,Bathinda,0.0,0.0
2018-06-22,Faridkot,0.0,0.0
2018-06-22,Fatehgarh Sahib,0.0,0.0
2018-06-22,Firozpur,8.25,1.6e-05
2018-06-22,Gurdaspur,0.0,0.0
2018-06-22,Hoshiarpur,0.0,0.0
2018-06-22,Jalandhar,0.0,0.0
2018-06-22,Kapurthala,0.0,0.0
2018-06-22,Ludhiana,0.0,0.0
2018-06-22,Mansa,0.0,0.0
2018-06-22,Moga,0.0,0.0
2018-06-22,Muktsar,0.0,0.0
2018-06-22,Nawanshahr,0.0,0.0
2018-06-22,Patiala,0.0,0.0
2018-06-22,Rupnagar,0.0,0.0
2018-06-22,Sahibzada Ajit Singh Nagar,0.0,0.0
2018-06-22,Sangrur,0.0,0.0
2018-06-22,Tarn Taran,0.0,0.0
2018-06-23,Amritsar,0.0,0.0
2018-06-23,Barnala,0.0,0.0
2018-06-23,Bathinda,0.0,0.0
2018-06-23,Faridkot,0.0,0.0
2018-06-23,Fatehgarh Sahib,0.0,0.0
2018-06-23,Firozpur,0.0,0.0
2018-06-23,Gurdaspur,0.0,0.0
2018-06-23,Hoshiarpur,0.0,0.0
2018-06-23,Jalandhar,0.0,0.0
2018-06-23,Kapurthala,0.0,0.0
2018-06-23,Ludhiana,0.0,0.0
2018-06-23,Mansa,0.0,0.0
2018-06-23,Moga,0.0,0.0
2018-06-23,Muktsar,0.0,0.0
2018-06-23,Nawanshahr,0.0,0.0
2018-06-23,Patiala,0.0,0.0
2018-06-23,Rupnagar,0.0,0.0
2018-06-23,Sahibzada Ajit Singh Nagar,0.0,0.0
2018-06-23,Sangrur,0.0,0.0
2018-06-23,Tarn Taran,0.0,0.0
2018-06-24,Amritsar,1080.62,0.004051
2018-06-24,Barnala,6474.9,0.043446
2018-06-24,Bathinda,4.48,1.3e-05
2018-06-24,Faridkot,0.0,0.0
2018-06-24,Fatehgarh Sahib,3283.8,0.02864
2018-06-24,Firozpur,0.0,0.0
2018-06-24,Gurdaspur,589.4,0.001624
2018-06-24,Hoshiarpur,1251.44,0.003706
2018-06-24,Jalandhar,2033.15,0.007779
2018-06-24,Kapurthala,3426.08,0.02056
2018-06-24,Ludhiana,7393.77,0.020558
2018-06-24,Mansa,1231.77,0.005552
2018-06-24,Moga,2672.78,0.011352
2018-06-24,Muktsar,0.0,0.0
2018-06-24,Nawanshahr,1466.67,0.01124
2018-06-24,Patiala,12800.75,0.038322
2018-06-24,Rupnagar,634.96,0.004574
2018-06-24,Sahibzada Ajit Singh Nagar,166.17,0.001495
2018-06-24,Sangrur,21491.32,0.059516
2018-06-24,Tarn Taran,345.07,0.001437
2018-06-25,Amritsar,3748.54,0.014052
2018-06-25,Barnala,6920.13,0.046434
2018-06-25,Bathinda,2074.92,0.006138
2018-06-25,Faridkot,3391.88,0.023302
2018-06-25,Fatehgarh Sahib,107.36,0.000936
2018-06-25,Firozpur,24219.92,0.046386
2018-06-25,Gurdaspur,911.65,0.002512
2018-06-25,Hoshiarpur,1330.88,0.003941
2018-06-25,Jalandhar,3258.31,0.012466
2018-06-25,Kapurthala,3680.67,0.022088
2018-06-25,Ludhiana,5712.41,0.015883
2018-06-25,Mansa,1962.32,0.008845
2018-06-25,Moga,10755.29,0.045682
2018-06-25,Muktsar,2617.96,0.010019
2018-06-25,Nawanshahr,955.8,0.007325
2018-06-25,Patiala,2170.16,0.006497
2018-06-25,Rupnagar,0.73,5e-06
2018-06-25,Sahibzada Ajit Singh Nagar,0.0,0.0
2018-06-25,Sangrur,17517.79,0.048512
2018-06-25,Tarn Taran,8048.1,0.033525
2018-06-26,Amritsar,0.0,0.0
2018-06-26,Barnala,0.0,0.0
2018-06-26,Bathinda,0.0,0.0
2018-06-26,Faridkot,0.0,0.0
2018-06-26,Fatehgarh Sahib,0.0,0.0
2018-06-26,Firozpur,0.0,0.0
2018-06-26,Gurdaspur,0.0,0.0
2018-06-26,Hoshiarpur,0.0,0.0
2018-06-26,Jalandhar,0.0,0.0
2018-06-26,Kapurthala,0.0,0.0
2018-06-26,Ludhiana,0.0,0.0
2018-06-26,Mansa,0.0,0.0
2018-06-26,Moga,0.0,0.0
2018-06-26,Muktsar,0.0,0.0
2018-06-26,Nawanshahr,0.0,0.0
2018-06-26,Patiala,0.0,0.0
2018-06-26,Rupnagar,0.0,0.0
2018-06-26,Sahibzada Ajit Singh Nagar,0.0,0.0
2018-06-26,Sangrur,0.0,0.0
2018-06-26,Tarn Taran,0.0,0.0
2018-06-27,Amritsar,0.0,0.0
2018-06-27,Barnala,0.0,0.0
2018-06-27,Bathinda,0.0,0.0
2018-06-27,Faridkot,0.0,0.0
2018-06-27,Fatehgarh Sahib,0.0,0.0
2018-06-27,Firozpur,0.0,0.0
2018-06-27,Gurdaspur,0.0,0.0
2018-06-27,Hoshiarpur,0.0,0.0
2018-06-27,Jalandhar,0.0,0.0
2018-06-27,Kapurthala,0.0,0.0
2018-06-27,Ludhiana,0.0,0.0
2018-06-27,Mansa,0.0,0.0
2018-06-27,Moga,0.0,0.0
2018-06-27,Muktsar,0.0,0.0
2018-06-27,Nawanshahr,0.0,0.0
2018-06-27,Patiala,0.0,0.0
2018-06-27,Rupnagar,0.0,0.0
2018-06-27,Sahibzada Ajit Singh Nagar,0.0,0.0
2018-06-27,Sangrur,0.0,0.0
2018-06-27,Tarn Taran,0.0,0.0
2018-06-28,Amritsar,0.0,0.0
2018-06-28,Barnala,0.0,0.0
2018-06-28,Bathinda,0.0,0.0
2018-06-28,Faridkot,0.0,0.0
2018-06-28,Fatehgarh Sahib,0.0,0.0
2018-06-28,Firozpur,0.0,0.0
2018-06-28,Gurdaspur,0.0,0.0
2018-06-28,Hoshiarpur,0.0,0.0
2018-06-28,Jalandhar,0.0,0.0
2018-06-28,Kapurthala,0.0,0.0
2018-06-28,Ludhiana,0.0,0.0
2018-06-28,Mansa,0.0,0.0
2018-06-28,Moga,0.0,0.0
2018-06-28,Muktsar,0.0,0.0
2018-06-28,Nawanshahr,0.0,0.0
2018-06-28,Patiala,0.0,0.0
2018-06-28,Rupnagar,0.0,0.0
2018-06-28,Sahibzada Ajit Singh Nagar,0.0,0.0
2018-06-28,Sangrur,0.0,0.0
2018-06-28,Tarn Taran,0.0,0.0
2018-06-29,Amritsar,0.0,0.0
2018-06-29,Barnala,0.0,0.0
2018-06-29,Bathinda,0.0,0.0
2018-06-29,Faridkot,0.0,0.0
2018-06-29,Fatehgarh Sahib,0.0,0.0
2018-06-29,Firozpur,0.0,0.0
2018-06-29,Gurdaspur,0.0,0.0
2018-06-29,Hoshiarpur,0.0,0.0
2018-06-29,Jalandhar,0.0,0.0
2018-06-29,Kapurthala,0.0,0.0
2018-06-29,Ludhiana,0.0,0.0
2018-06-29,Mansa,0.0,0.0
2018-06-29,Moga,0.0,0.0
2018-06-29,Muktsar,0.0,0.0
2018-06-29,Nawanshahr,0.0,0.0
2018-06-29,Patiala,0.0,0.0
2018-06-29,Rupnagar,0.0,0.0
2018-06-29,Sahibzada Ajit Singh Nagar,0.0,0.0
2018-06-29,Sangrur,0.0,0.0
2018-06-29,Tarn Taran,0.0,0.0
2018-06-30,Amritsar,0.0,0.0
2018-06-30,Barnala,0.0,0.0
2018-06-30,Bathinda,0.0,0.0
2018-06-30,Faridkot,0.0,0.0
2018-06-30,Fatehgarh Sahib,0.0,0.0
2018-06-30,Firozpur,2541.66,0.004868
2018-06-30,Gurdaspur,0.0,0.0
2018-06-30,Hoshiarpur,0.0,0.0
2018-06-30,Jalandhar,0.0,0.0
2018-06-30,Kapurthala,0.0,0.0
2018-06-30,Ludhiana,0.0,0.0
2018-06-30,Mansa,0.0,0.0
2018-06-30,Moga,0.0,0.0
2018-06-30,Muktsar,0.0,0.0
2018-06-30,Nawanshahr,0.0,0.0
2018-06-30,Patiala,0.0,0.0
2018-06-30,Rupnagar,0.0,0.0
2018-06-30,Sahibzada Ajit Singh Nagar,0.0,0.0
2018-06-30,Sangrur,0.0,0.0
2018-06-30,Tarn Taran,0.0,0.0
2018-07-01,Amritsar,0.0,0.0
2018-07-01,Barnala,0.0,0.0
2018-07-01,Bathinda,0.0,0.0
2018-07-01,Faridkot,0.0,0.0
2018-07-01,Fatehgarh Sahib,0.0,0.0
2018-07-01,Firozpur,0.0,0.0
2018-07-01,Gurdaspur,0.0,0.0
2018-07-01,Hoshiarpur,0.0,0.0
2018-07-01,Jalandhar,0.0,0.0
2018-07-01,Kapurthala,0.0,0.0
2018-07-01,Ludhiana,0.0,0.0
2018-07-01,Mansa,0.0,0.0
2018-07-01,Moga,0.0,0.0
2018-07-01,Muktsar,0.0,0.0
2018-07-01,Nawanshahr,0.0,0.0
2018-07-01,Patiala,0.0,0.0
2018-07-01,Rupnagar,0.0,0.0
2018-07-01,Sahibzada Ajit Singh Nagar,0.0,0.0
2018-07-01,Sangrur,0.0,0.0
2018-07-01,Tarn Taran,0.0,0.0
2018-07-02,Amritsar,0.0,0.0
2018-07-02,Barnala,1793.93,0.012037
2018-07-02,Bathinda,0.0,0.0
2018-07-02,Faridkot,0.0,0.0
2018-07-02,Fatehgarh Sahib,11484.36,0.100161
2018-07-02,Firozpur,0.0,0.0
2018-07-02,Gurdaspur,0.0,0.0
2018-07-02,Hoshiarpur,461.95,0.001368
2018-07-02,Jalandhar,2453.29,0.009386
2018-07-02,Kapurthala,552.93,0.003318
2018-07-02,Ludhiana,16588.28,0.046123
2018-07-02,Mansa,1662.17,0.007492
2018-07-02,Moga,0.0,0.0
2018-07-02,Muktsar,0.0,0.0
2018-07-02,Nawanshahr,4248.04,0.032556
2018-07-02,Patiala,26199.83,0.078434
2018-07-02,Rupnagar,1560.94,0.011245
2018-07-02,Sahibzada Ajit Singh Nagar,341.22,0.00307
2018-07-02,Sangrur,31895.35,0.088327
2018-07-02,Tarn Taran,0.0,0.0
2018-07-03,Amritsar,0.0,0.0
2018-07-03,Barnala,0.0,0.0
2018-07-03,Bathinda,0.0,0.0
2018-07-03,Faridkot,0.0,0.0
2018-07-03,Fatehgarh Sahib,0.0,0.0
2018-07-03,Firozpur,0.0,0.0
2018-07-03,Gurdaspur,0.0,0.0
2018-07-03,Hoshiarpur,0.0,0.0
2018-07-03,Jalandhar,0.0,0.0
2018-07-03,Kapurthala,0.0,0.0
2018-07-03,Ludhiana,0.0,0.0
2018-07-03,Mansa,0.0,0.0
2018-07-03,Moga,0.0,0.0
2018-07-03,Muktsar,0.0,0.0
2018-07-03,Nawanshahr,0.0,0.0
2018-07-03,Patiala,0.0,0.0
2018-07-03,Rupnagar,0.0,0.0
2018-07-03,Sahibzada Ajit Singh Nagar,0.0,0.0
2018-07-03,Sangrur,0.0,0.0
2018-07-03,Tarn Taran,0.0,0.0
2018-07-04,Amritsar,0.0,0.0
2018-07-04,Barnala,0.0,0.0
2018-07-04,Bathinda,0.0,0.0
2018-07-04,Faridkot,0.0,0.0
2018-07-04,Fatehgarh Sahib,0.0,0.0
2018-07-04,Firozpur,3.72,7e-06
2018-07-04,Gurdaspur,0.0,0.0
2018-07-04,Hoshiarpur,0.0,0.0
2018-07-04,Jalandhar,0.0,0.0
2018-07-04,Kapurthala,0.0,0.0
2018-07-04,Ludhiana,0.0,0.0
2018-07-04,Mansa,0.0,0.0
2018-07-04,Moga,0.0,0.0
2018-07-04,Muktsar,0.0,0.0
2018-07-04,Nawanshahr,0.0,0.0
2018-07-04,Patiala,0.0,0.0
2018-07-04,Rupnagar,0.0,0.0
2018-07-04,Sahibzada Ajit Singh Nagar,0.0,0.0
2018-07-04,Sangrur,0.0,0.0
2018-07-04,Tarn Taran,0.0,0.0
2018-07-05,Amritsar,0.0,0.0
2018-07-05,Barnala,0.0,0.0
2018-07-05,Bathinda,0.0,0.0
2018-07-05,Faridkot,0.0,0.0
2018-07-05,Fatehgarh Sahib,0.0,0.0
2018-07-05,Firozpur,0.0,0.0
2018-07-05,Gurdaspur,0.0,0.0
2018-07-05,Hoshiarpur,0.0,0.0
2018-07-05,Jalandhar,0.0,0.0
2018-07-05,Kapurthala,0.0,0.0
2018-07-05,Ludhiana,0.0,0.0
2018-07-05,Mansa,0.0,0.0
2018-07-05,Moga,0.0,0.0
2018-07-05,Muktsar,0.0,0.0
2018-07-05,Nawanshahr,0.0,0.0
2018-07-05,Patiala,0.0,0.0
2018-07-05,Rupnagar,0.0,0.0
2018-07-05,Sahibzada Ajit Singh Nagar,0.0,0.0
2018-07-05,Sangrur,0.0,0.0
2018-07-05,Tarn Taran,0.0,0.0
2018-07-06,Amritsar,0.0,0.0
2018-07-06,Barnala,0.0,0.0
2018-07-06,Bathinda,0.0,0.0
2018-07-06,Faridkot,0.0,0.0
2018-07-06,Fatehgarh Sahib,0.0,0.0
2018-07-06,Firozpur,0.0,0.0
2018-07-06,Gurdaspur,0.0,0.0
2018-07-06,Hoshiarpur,0.0,0.0
2018-07-06,Jalandhar,0.0,0.0
2018-07-06,Kapurthala,0.0,0.0
2018-07-06,Ludhiana,0.0,0.0
2018-07-06,Mansa,0.0,0.0
2018-07-06,Moga,0.0,0.0
2018-07-06,Muktsar,0.0,0.0
2018-07-06,Nawanshahr,0.0,0.0
2018-07-06,Patiala,0.0,0.0
2018-07-06,Rupnagar,0.0,0.0
2018-07-06,Sahibzada Ajit Singh Nagar,0.0,0.0
2018-07-06,Sangrur,0.0,0.0
2018-07-06,Tarn Taran,0.0,0.0
2018-07-07,Amritsar,2659.32,0.009969
2018-07-07,Barnala,848.68,0.005695
2018-07-07,Bathinda,845.17,0.0025
2018-07-07,Faridkot,213.29,0.001465
2018-07-07,Fatehgarh Sahib,480.11,0.004187
2018-07-07,Firozpur,8166.49,0.015641
2018-07-07,Gurdaspur,283.98,0.000782
2018-07-07,Hoshiarpur,1091.91,0.003233
2018-07-07,Jalandhar,3620.5,0.013852
2018-07-07,Kapurthala,4567.17,0.027408
2018-07-07,Ludhiana,7361.4,0.020468
2018-07-07,Mansa,292.32,0.001318
2018-07-07,Moga,1941.74,0.008247
2018-07-07,Muktsar,5914.84,0.022636
2018-07-07,Nawanshahr,2390.41,0.01832
2018-07-07,Patiala,2293.57,0.006866
2018-07-07,Rupnagar,0.0,0.0
2018-07-07,Sahibzada Ajit Singh Nagar,0.0,0.0
2018-07-07,Sangrur,14054.2,0.03892
2018-07-07,Tarn Taran,2079.23,0.008661
2018-07-08,Amritsar,0.0,0.0
2018-07-08,Barnala,0.0,0.0
2018-07-08,Bathinda,0.0,0.0
2018-07-08,Faridkot,0.0,0.0
2018-07-08,Fatehgarh Sahib,0.0,0.0
2018-07-08,Firozpur,0.0,0.0
2018-07-08,Gurdaspur,0.0,0.0
2018-07-08,Hoshiarpur,0.0,0.0
2018-07-08,Jalandhar,0.0,0.0
2018-07-08,Kapurthala,0.0,0.0
2018-07-08,Ludhiana,0.0,0.0
2018-07-08,Mansa,0.0,0.0
2018-07-08,Moga,0.0,0.0
2018-07-08,Muktsar,0.0,0.0
2018-07-08,Nawanshahr,0.0,0.0
2018-07-08,Patiala,0.0,0.0
2018-07-08,Rupnagar,0.0,0.0
2018-07-08,Sahibzada Ajit Singh Nagar,0.0,0.0
2018-07-08,Sangrur,0.0,0.0
2018-07-08,Tarn Taran,0.0,0.0
2018-07-09,Amritsar,0.0,0.0
2018-07-09,Barnala,0.0,0.0
2018-07-09,Bathinda,0.0,0.0
2018-07-09,Faridkot,0.0,0.0
2018-07-09,Fatehgarh Sahib,0.0,0.0
2018-07-09,Firozpur,0.0,0.0
2018-07-09,Gurdaspur,0.0,0.0
2018-07-09,Hoshiarpur,0.0,0.0
2018-07-09,Jalandhar,0.0,0.0
2018-07-09,Kapurthala,0.0,0.0
2018-07-09,Ludhiana,0.0,0.0
2018-07-09,Mansa,0.0,0.0
2018-07-09,Moga,0.0,0.0
2018-07-09,Muktsar,0.0,0.0
2018-07-09,Nawanshahr,0.0,0.0
2018-07-09,Patiala,0.0,0.0
2018-07-09,Rupnagar,0.0,0.0
2018-07-09,Sahibzada Ajit Singh Nagar,0.0,0.0
2018-07-09,Sangrur,0.0,0.0
2018-07-09,Tarn Taran,0.0,0.0
2018-07-10,Amritsar,0.0,0.0
2018-07-10,Barnala,0.0,0.0
2018-07-10,Bathinda,0.0,0.0
2018-07-10,Faridkot,0.0,0.0
2018-07-10,Fatehgarh Sahib,0.0,0.0
2018-07-10,Firozpur,0.0,0.0
2018-07-10,Gurdaspur,0.0,0.0
2018-07-10,Hoshiarpur,0.0,0.0
2018-07-10,Jalandhar,0.0,0.0
2018-07-10,Kapurthala,0.0,0.0
2018-07-10,Ludhiana,0.0,0.0
2018-07-10,Mansa,0.0,0.0
2018-07-10,Moga,0.0,0.0
2018-07-10,Muktsar,0.0,0.0
2018-07-10,Nawanshahr,0.0,0.0
2018-07-10,Patiala,0.0,0.0
2018-07-10,Rupnagar,0.0,0.0
2018-07-10,Sahibzada Ajit Singh Nagar,0.0,0.0
2018-07-10,Sangrur,0.0,0.0
2018-07-10,Tarn Taran,0.0,0.0
2018-07-11,Amritsar,5151.71,0.019312
2018-07-11,Barnala,8.21,5.5e-05
2018-07-11,Bathinda,11.94,3.5e-05
2018-07-11,Faridkot,30.35,0.000208
2018-07-11,Fatehgarh Sahib,0.0,0.0
2018-07-11,Firozpur,7873.66,0.01508
2018-07-11,Gurdaspur,1467.29,0.004042
2018-07-11,Hoshiarpur,31.12,9.2e-05
2018-07-11,Jalandhar,295.89,0.001132
2018-07-11,Kapurthala,2888.95,0.017337
2018-07-11,Ludhiana,49.35,0.000137
2018-07-11,Mansa,8.27,3.7e-05
2018-07-11,Moga,452.53,0.001922
2018-07-11,Muktsar,939.02,0.003594
2018-07-11,Nawanshahr,0.0,0.0
2018-07-11,Patiala,5.26,1.6e-05
2018-07-11,Rupnagar,0.0,0.0
2018-07-11,Sahibzada Ajit Singh Nagar,0.0,0.0
2018-07-11,Sangrur,463.96,0.001285
2018-07-11,Tarn Taran,2760.26,0.011498
2018-07-12,Amritsar,0.0,0.0
2018-07-12,Barnala,0.0,0.0
2018-07-12,Bathinda,0.0,0.0
2018-07-12,Faridkot,0.0,0.0
2018-07-12,Fatehgarh Sahib,0.0,0.0
2018-07-12,Firozpur,567.44,0.001087
2018-07-12,Gurdaspur,0.0,0.0
2018-07-12,Hoshiarpur,0.0,0.0
2018-07-12,Jalandhar,0.0,0.0
2018-07-12,Kapurthala,0.0,0.0
2018-07-12,Ludhiana,0.0,0.0
2018-07-12,Mansa,0.0,0.0
2018-07-12,Moga,0.0,0.0
2018-07-12,Muktsar,0.0,0.0
2018-07-12,Nawanshahr,0.0,0.0
2018-07-12,Patiala,0.0,0.0
2018-07-12,Rupnagar,0.0,0.0
2018-07-12,Sahibzada Ajit Singh Nagar,0.0,0.0
2018-07-12,Sangrur,0.0,0.0
2018-07-12,Tarn Taran,0.0,0.0
2018-07-13,Amritsar,0.0,0.0
2018-07-13,Barnala,0.0,0.0
2018-07-13,Bathinda,0.0,0.0
2018-07-13,Faridkot,0.0,0.0
2018-07-13,Fatehgarh Sahib,0.0,0.0
2018-07-13,Firozpur,0.0,0.0
2018-07-13,Gurdaspur,0.0,0.0
2018-07-13,Hoshiarpur,0.0,0.0
2018-07-13,Jalandhar,0.0,0.0
2018-07-13,Kapurthala,0.0,0.0
2018-07-13,Ludhiana,0.0,0.0
2018-07-13,Mansa,0.0,0.0
2018-07-13,Moga,0.0,0.0
2018-07-13,Muktsar,0.0,0.0
2018-07-13,Nawanshahr,0.0,0.0
2018-07-13,Patiala,0.0,0.0
2018-07-13,Rupnagar,0.0,0.0
2018-07-13,Sahibzada Ajit Singh Nagar,0.0,0.0
2018-07-13,Sangrur,0.0,0.0
2018-07-13,Tarn Taran,0.0,0.0
2018-07-14,Amritsar,0.0,0.0
2018-07-14,Barnala,2.99,2e-05
2018-07-14,Bathinda,0.0,0.0
2018-07-14,Faridkot,0.0,0.0
2018-07-14,Fatehgarh Sahib,4479.23,0.039066
2018-07-14,Firozpur,0.0,0.0
2018-07-14,Gurdaspur,0.0,0.0
2018-07-14,Hoshiarpur,93.59,0.000277
2018-07-14,Jalandhar,1603.55,0.006135
2018-07-14,Kapurthala,71.67,0.00043
2018-07-14,Ludhiana,5425.52,0.015085
2018-07-14,Mansa,92.25,0.000416
2018-07-14,Moga,0.0,0.0
2018-07-14,Muktsar,0.0,0.0
2018-07-14,Nawanshahr,3140.13,0.024065
2018-07-14,Patiala,6077.89,0.018195
2018-07-14,Rupnagar,288.24,0.002076
2018-07-14,Sahibzada Ajit Singh Nagar,9.62,8.7e-05
2018-07-14,Sangrur,1696.59,0.004698
2018-07-14,Tarn Taran,0.0,0.0
2018-07-15,Amritsar,0.0,0.0
2018-07-15,Barnala,0.0,0.0
2018-07-15,Bathinda,0.0,0.0
2018-07-15,Faridkot,0.0,0.0
2018-07-15,Fatehgarh Sahib,0.0,0.0
2018-07-15,Firozpur,0.0,0.0
2018-07-15,Gurdaspur,0.0,0.0
2018-07-15,Hoshiarpur,0.0,0.0
2018-07-15,Jalandhar,0.0,0.0
2018-07-15,Kapurthala,0.0,0.0
2018-07-15,Ludhiana,0.0,0.0
2018-07-15,Mansa,0.0,0.0
2018-07-15,Moga,0.0,0.0
2018-07-15,Muktsar,0.0,0.0
2018-07-15,Nawanshahr,0.0,0.0
2018-07-15,Patiala,0.0,0.0
2018-07-15,Rupnagar,0.0,0.0
2018-07-15,Sahibzada Ajit Singh Nagar,0.0,0.0
2018-07-15,Sangrur,0.0,0.0
2018-07-15,Tarn Taran,0.0,0.0
2018-07-16,Amritsar,0.0,0.0
2018-07-16,Barnala,0.0,0.0
2018-07-16,Bathinda,0.0,0.0
2018-07-16,Faridkot,0.0,0.0
2018-07-16,Fatehgarh Sahib,0.0,0.0
2018-07-16,Firozpur,121.48,0.000233
2018-07-16,Gurdaspur,0.0,0.0
2018-07-16,Hoshiarpur,0.0,0.0
2018-07-16,Jalandhar,0.0,0.0
2018-07-16,Kapurthala,0.0,0.0
2018-07-16,Ludhiana,0.0,0.0
2018-07-16,Mansa,0.0,0.0
2018-07-16,Moga,0.0,0.0
2018-07-16,Muktsar,0.0,0.0
2018-07-16,Nawanshahr,0.0,0.0
2018-07-16,Patiala,0.0,0.0
2018-07-16,Rupnagar,0.0,0.0
2018-07-16,Sahibzada Ajit Singh Nagar,0.0,0.0
2018-07-16,Sangrur,0.0,0.0
2018-07-16,Tarn Taran,0.0,0.0
2018-07-17,Amritsar,0.0,0.0
2018-07-17,Barnala,0.0,0.0
2018-07-17,Bathinda,0.0,0.0
2018-07-17,Faridkot,0.0,0.0
2018-07-17,Fatehgarh Sahib,0.0,0.0
2018-07-17,Firozpur,0.0,0.0
2018-07-17,Gurdaspur,0.0,0.0
2018-07-17,Hoshiarpur,0.0,0.0
2018-07-17,Jalandhar,0.0,0.0
2018-07-17,Kapurthala,0.0,0.0
2018-07-17,Ludhiana,0.0,0.0
2018-07-17,Mansa,0.0,0.0
2018-07-17,Moga,0.0,0.0
2018-07-17,Muktsar,0.0,0.0
2018-07-17,Nawanshahr,0.0,0.0
2018-07-17,Patiala,0.0,0.0
2018-07-17,Rupnagar,0.0,0.0
2018-07-17,Sahibzada Ajit Singh Nagar,0.0,0.0
2018-07-17,Sangrur,0.0,0.0
2018-07-17,Tarn Taran,0.0,0.0
2018-07-18,Amritsar,0.0,0.0
2018-07-18,Barnala,5257.27,0.035276
2018-07-18,Bathinda,0.0,0.0
2018-07-18,Faridkot,0.0,0.0
2018-07-18,Fatehgarh Sahib,5514.14,0.048092
2018-07-18,Firozpur,0.0,0.0
2018-07-18,Gurdaspur,107.85,0.000297
2018-07-18,Hoshiarpur,56.28,0.000167
2018-07-18,Jalandhar,723.12,0.002767
2018-07-18,Kapurthala,26.21,0.000157
2018-07-18,Ludhiana,11969.82,0.033282
2018-07-18,Mansa,18.04,8.1e-05
2018-07-18,Moga,150.41,0.000639
2018-07-18,Muktsar,0.0,0.0
2018-07-18,Nawanshahr,1641.36,0.012579
2018-07-18,Patiala,11800.17,0.035326
2018-07-18,Rupnagar,604.09,0.004352
2018-07-18,Sahibzada Ajit Singh Nagar,36.26,0.000326
2018-07-18,Sangrur,8853.96,0.024519
2018-07-18,Tarn Taran,0.0,0.0
2018-07-19,Amritsar,303.19,0.001137
2018-07-19,Barnala,2433.88,0.016331
2018-07-19,Bathinda,0.0,0.0
2018-07-19,Faridkot,3.7,2.5e-05
2018-07-19,Fatehgarh Sahib,171.94,0.0015
2018-07-19,Firozpur,225.4,0.000432
2018-07-19,Gurdaspur,46.0,0.000127
2018-07-19,Hoshiarpur,206.75,0.000612
2018-07-19,Jalandhar,880.18,0.003367
2018-07-19,Kapurthala,278.13,0.001669
2018-07-19,Ludhiana,11178.13,0.03108
2018-07-19,Mansa,15.8,7.1e-05
2018-07-19,Moga,79.18,0.000336
2018-07-19,Muktsar,215.34,0.000824
2018-07-19,Nawanshahr,2170.51,0.016634
2018-07-19,Patiala,120.7,0.000361
2018-07-19,Rupnagar,0.0,0.0
2018-07-19,Sahibzada Ajit Singh Nagar,0.0,0.0
2018-07-19,Sangrur,6308.16,0.017469
2018-07-19,Tarn Taran,29.87,0.000124
2018-07-20,Amritsar,0.0,0.0
2018-07-20,Barnala,0.0,0.0
2018-07-20,Bathinda,0.0,0.0
2018-07-20,Faridkot,0.0,0.0
2018-07-20,Fatehgarh Sahib,0.0,0.0
2018-07-20,Firozpur,0.0,0.0
2018-07-20,Gurdaspur,0.0,0.0
2018-07-20,Hoshiarpur,0.0,0.0
2018-07-20,Jalandhar,0.0,0.0
2018-07-20,Kapurthala,0.0,0.0
2018-07-20,Ludhiana,0.0,0.0
2018-07-20,Mansa,0.0,0.0
2018-07-20,Moga,0.0,0.0
2018-07-20,Muktsar,0.0,0.0
2018-07-20,Nawanshahr,0.0,0.0
2018-07-20,Patiala,0.0,0.0
2018-07-20,Rupnagar,0.0,0.0
2018-07-20,Sahibzada Ajit Singh Nagar,0.0,0.0
2018-07-20,Sangrur,0.0,0.0
2018-07-20,Tarn Taran,0.0,0.0
2018-07-21,Amritsar,0.0,0.0
2018-07-21,Barnala,0.0,0.0
2018-07-21,Bathinda,0.0,0.0
2018-07-21,Faridkot,0.0,0.0
2018-07-21,Fatehgarh Sahib,0.0,0.0
2018-07-21,Firozpur,0.0,0.0
2018-07-21,Gurdaspur,0.0,0.0
2018-07-21,Hoshiarpur,0.0,0.0
2018-07-21,Jalandhar,0.0,0.0
2018-07-21,Kapurthala,0.0,0.0
2018-07-21,Ludhiana,0.0,0.0
2018-07-21,Mansa,0.0,0.0
2018-07-21,Moga,0.0,0.0
2018-07-21,Muktsar,0.0,0.0
2018-07-21,Nawanshahr,0.0,0.0
2018-07-21,Patiala,0.0,0.0
2018-07-21,Rupnagar,0.0,0.0
2018-07-21,Sahibzada Ajit Singh Nagar,0.0,0.0
2018-07-21,Sangrur,0.0,0.0
2018-07-21,Tarn Taran,0.0,0.0
2018-07-22,Amritsar,0.0,0.0
2018-07-22,Barnala,0.0,0.0
2018-07-22,Bathinda,0.0,0.0
2018-07-22,Faridkot,0.0,0.0
2018-07-22,Fatehgarh Sahib,0.0,0.0
2018-07-22,Firozpur,0.0,0.0
2018-07-22,Gurdaspur,0.0,0.0
2018-07-22,Hoshiarpur,0.0,0.0
2018-07-22,Jalandhar,0.0,0.0
2018-07-22,Kapurthala,0.0,0.0
2018-07-22,Ludhiana,0.0,0.0
2018-07-22,Mansa,0.0,0.0
2018-07-22,Moga,0.0,0.0
2018-07-22,Muktsar,0.0,0.0
2018-07-22,Nawanshahr,0.0,0.0
2018-07-22,Patiala,0.0,0.0
2018-07-22,Rupnagar,0.0,0.0
2018-07-22,Sahibzada Ajit Singh Nagar,0.0,0.0
2018-07-22,Sangrur,0.0,0.0
2018-07-22,Tarn Taran,0.0,0.0
2018-07-23,Amritsar,78.15,0.000293
2018-07-23,Barnala,46.68,0.000313
2018-07-23,Bathinda,0.0,0.0
2018-07-23,Faridkot,130.09,0.000894
2018-07-23,Fatehgarh Sahib,0.0,0.0
2018-07-23,Firozpur,121.04,0.000232
2018-07-23,Gurdaspur,11.47,3.2e-05
2018-07-23,Hoshiarpur,2.17,6e-06
2018-07-23,Jalandhar,16.09,6.2e-05
2018-07-23,Kapurthala,2.2,1.3e-05
2018-07-23,Ludhiana,259.69,0.000722
2018-07-23,Mansa,15.8,7.1e-05
2018-07-23,Moga,8.81,3.7e-05
2018-07-23,Muktsar,99.43,0.000381
2018-07-23,Nawanshahr,0.0,0.0
2018-07-23,Patiala,0.0,0.0
2018-07-23,Rupnagar,0.0,0.0
2018-07-23,Sahibzada Ajit Singh Nagar,0.0,0.0
2018-07-23,Sangrur,179.04,0.000496
2018-07-23,Tarn Taran,19.64,8.2e-05
2018-07-24,Amritsar,0.0,0.0
2018-07-24,Barnala,0.0,0.0
2018-07-24,Bathinda,0.0,0.0
2018-07-24,Faridkot,0.0,0.0
2018-07-24,Fatehgarh Sahib,0.0,0.0
2018-07-24,Firozpur,0.74,1e-06
2018-07-24,Gurdaspur,0.0,0.0
2018-07-24,Hoshiarpur,0.0,0.0
2018-07-24,Jalandhar,0.0,0.0
2018-07-24,Kapurthala,0.0,0.0
2018-07-24,Ludhiana,0.0,0.0
2018-07-24,Mansa,0.0,0.0
2018-07-24,Moga,0.0,0.0
2018-07-24,Muktsar,0.0,0.0
2018-07-24,Nawanshahr,0.0,0.0
2018-07-24,Patiala,0.0,0.0
2018-07-24,Rupnagar,0.0,0.0
2018-07-24,Sahibzada Ajit Singh Nagar,0.0,0.0
2018-07-24,Sangrur,0.0,0.0
2018-07-24,Tarn Taran,0.0,0.0
2018-07-25,Amritsar,0.0,0.0
2018-07-25,Barnala,0.0,0.0
2018-07-25,Bathinda,0.0,0.0
2018-07-25,Faridkot,0.0,0.0
2018-07-25,Fatehgarh Sahib,0.0,0.0
2018-07-25,Firozpur,0.0,0.0
2018-07-25,Gurdaspur,0.0,0.0
2018-07-25,Hoshiarpur,0.0,0.0
2018-07-25,Jalandhar,0.0,0.0
2018-07-25,Kapurthala,0.0,0.0
2018-07-25,Ludhiana,0.0,0.0
2018-07-25,Mansa,0.0,0.0
2018-07-25,Moga,0.0,0.0
2018-07-25,Muktsar,0.0,0.0
2018-07-25,Nawanshahr,0.0,0.0
2018-07-25,Patiala,0.0,0.0
2018-07-25,Rupnagar,0.0,0.0
2018-07-25,Sahibzada Ajit Singh Nagar,0.0,0.0
2018-07-25,Sangrur,0.0,0.0
2018-07-25,Tarn Taran,0.0,0.0
2018-07-26,Amritsar,0.0,0.0
2018-07-26,Barnala,8.16,5.5e-05
2018-07-26,Bathinda,0.0,0.0
2018-07-26,Faridkot,0.0,0.0
2018-07-26,Fatehgarh Sahib,14.83,0.000129
2018-07-26,Firozpur,0.0,0.0
2018-07-26,Gurdaspur,0.0,0.0
2018-07-26,Hoshiarpur,0.0,0.0
2018-07-26,Jalandhar,0.0,0.0
2018-07-26,Kapurthala,0.0,0.0
2018-07-26,Ludhiana,279.5,0.000777
2018-07-26,Mansa,24.08,0.000109
2018-07-26,Moga,0.0,0.0
2018-07-26,Muktsar,0.0,0.0
2018-07-26,Nawanshahr,11.74,9e-05
2018-07-26,Patiala,110.5,0.000331
2018-07-26,Rupnagar,7.36,5.3e-05
2018-07-26,Sahibzada Ajit Singh Nagar,0.0,0.0
2018-07-26,Sangrur,141.63,0.000392
2018-07-26,Tarn Taran,0.0,0.0
2018-07-27,Amritsar,0.0,0.0
2018-07-27,Barnala,0.0,0.0
2018-07-27,Bathinda,0.0,0.0
2018-07-27,Faridkot,0.0,0.0
2018-07-27,Fatehgarh Sahib,0.0,0.0
2018-07-27,Firozpur,0.0,0.0
2018-07-27,Gurdaspur,0.0,0.0
2018-07-27,Hoshiarpur,0.0,0.0
2018-07-27,Jalandhar,0.0,0.0
2018-07-27,Kapurthala,0.0,0.0
2018-07-27,Ludhiana,0.0,0.0
2018-07-27,Mansa,0.0,0.0
2018-07-27,Moga,0.0,0.0
2018-07-27,Muktsar,0.0,0.0
2018-07-27,Nawanshahr,0.0,0.0
2018-07-27,Patiala,0.0,0.0
2018-07-27,Rupnagar,0.0,0.0
2018-07-27,Sahibzada Ajit Singh Nagar,0.0,0.0
2018-07-27,Sangrur,0.0,0.0
2018-07-27,Tarn Taran,0.0,0.0
2018-07-28,Amritsar,0.0,0.0
2018-07-28,Barnala,0.0,0.0
2018-07-28,Bathinda,0.0,0.0
2018-07-28,Faridkot,0.0,0.0
2018-07-28,Fatehgarh Sahib,0.0,0.0
2018-07-28,Firozpur,15.75,3e-05
2018-07-28,Gurdaspur,0.0,0.0
2018-07-28,Hoshiarpur,0.0,0.0
2018-07-28,Jalandhar,0.0,0.0
2018-07-28,Kapurthala,0.0,0.0
2018-07-28,Ludhiana,0.0,0.0
2018-07-28,Mansa,0.0,0.0
2018-07-28,Moga,0.0,0.0
2018-07-28,Muktsar,0.0,0.0
2018-07-28,Nawanshahr,0.0,0.0
2018-07-28,Patiala,0.0,0.0
2018-07-28,Rupnagar,0.0,0.0
2018-07-28,Sahibzada Ajit Singh Nagar,0.0,0.0
2018-07-28,Sangrur,0.0,0.0
2018-07-28,Tarn Taran,0.0,0.0
2018-07-29,Amritsar,0.0,0.0
2018-07-29,Barnala,0.0,0.0
2018-07-29,Bathinda,0.0,0.0
2018-07-29,Faridkot,0.0,0.0
2018-07-29,Fatehgarh Sahib,0.0,0.0
2018-07-29,Firozpur,0.0,0.0
2018-07-29,Gurdaspur,0.0,0.0
2018-07-29,Hoshiarpur,0.0,0.0
2018-07-29,Jalandhar,0.0,0.0
2018-07-29,Kapurthala,0.0,0.0
2018-07-29,Ludhiana,0.0,0.0
2018-07-29,Mansa,0.0,0.0
2018-07-29,Moga,0.0,0.0
2018-07-29,Muktsar,0.0,0.0
2018-07-29,Nawanshahr,0.0,0.0
2018-07-29,Patiala,0.0,0.0
2018-07-29,Rupnagar,0.0,0.0
2018-07-29,Sahibzada Ajit Singh Nagar,0.0,0.0
2018-07-29,Sangrur,0.0,0.0
2018-07-29,Tarn Taran,0.0,0.0
2018-07-30,Amritsar,1.45,5e-06
2018-07-30,Barnala,35.55,0.000239
2018-07-30,Bathinda,0.0,0.0
2018-07-30,Faridkot,0.0,0.0
2018-07-30,Fatehgarh Sahib,0.0,0.0
2018-07-30,Firozpur,0.0,0.0
2018-07-30,Gurdaspur,0.0,0.0
2018-07-30,Hoshiarpur,4.34,1.3e-05
2018-07-30,Jalandhar,0.0,0.0
2018-07-30,Kapurthala,0.0,0.0
2018-07-30,Ludhiana,77.48,0.000215
2018-07-30,Mansa,3.76,1.7e-05
2018-07-30,Moga,0.0,0.0
2018-07-30,Muktsar,0.0,0.0
2018-07-30,Nawanshahr,2.2,1.7e-05
2018-07-30,Patiala,14.21,4.3e-05
2018-07-30,Rupnagar,0.0,0.0
2018-07-30,Sahibzada Ajit Singh Nagar,0.0,0.0
2018-07-30,Sangrur,86.75,0.00024
2018-07-30,Tarn Taran,0.0,0.0
2018-07-31,Amritsar,43.37,0.000163
2018-07-31,Barnala,31.1,0.000209
2018-07-31,Bathinda,0.0,0.0
2018-07-31,Faridkot,3.69,2.5e-05
2018-07-31,Fatehgarh Sahib,0.0,0.0
2018-07-31,Firozpur,55.37,0.000106
2018-07-31,Gurdaspur,0.0,0.0
2018-07-31,Hoshiarpur,3.61,1.1e-05
2018-07-31,Jalandhar,8.8,3.4e-05
2018-07-31,Kapurthala,6.54,3.9e-05
2018-07-31,Ludhiana,151.99,0.000423
2018-07-31,Mansa,11.27,5.1e-05
2018-07-31,Moga,11.82,5e-05
2018-07-31,Muktsar,61.27,0.000234
2018-07-31,Nawanshahr,11.01,8.4e-05
2018-07-31,Patiala,24.53,7.3e-05
2018-07-31,Rupnagar,0.0,0.0
2018-07-31,Sahibzada Ajit Singh Nagar,0.0,0.0
2018-07-31,Sangrur,84.97,0.000235
2018-07-31,Tarn Taran,22.58,9.4e-05
2018-08-01,Amritsar,0.0,0.0
2018-08-01,Barnala,0.0,0.0
2018-08-01,Bathinda,0.0,0.0
2018-08-01,Faridkot,0.0,0.0
2018-08-01,Fatehgarh Sahib,0.0,0.0
2018-08-01,Firozpur,0.0,0.0
2018-08-01,Gurdaspur,0.0,0.0
2018-08-01,Hoshiarpur,0.0,0.0
2018-08-01,Jalandhar,0.0,0.0
2018-08-01,Kapurthala,0.0,0.0
2018-08-01,Ludhiana,0.0,0.0
2018-08-01,Mansa,0.0,0.0
2018-08-01,Moga,0.0,0.0
2018-08-01,Muktsar,0.0,0.0
2018-08-01,Nawanshahr,0.0,0.0
2018-08-01,Patiala,0.0,0.0
2018-08-01,Rupnagar,0.0,0.0
2018-08-01,Sahibzada Ajit Singh Nagar,0.0,0.0
2018-08-01,Sangrur,0.0,0.0
2018-08-01,Tarn Taran,0.0,0.0
2018-08-02,Amritsar,0.0,0.0
2018-08-02,Barnala,0.0,0.0
2018-08-02,Bathinda,0.0,0.0
2018-08-02,Faridkot,0.0,0.0
2018-08-02,Fatehgarh Sahib,0.0,0.0
2018-08-02,Firozpur,0.0,0.0
2018-08-02,Gurdaspur,0.0,0.0
2018-08-02,Hoshiarpur,0.0,0.0
2018-08-02,Jalandhar,0.0,0.0
2018-08-02,Kapurthala,0.0,0.0
2018-08-02,Ludhiana,0.0,0.0
2018-08-02,Mansa,0.0,0.0
2018-08-02,Moga,0.0,0.0
2018-08-02,Muktsar,0.0,0.0
2018-08-02,Nawanshahr,0.0,0.0
2018-08-02,Patiala,0.0,0.0
2018-08-02,Rupnagar,0.0,0.0
2018-08-02,Sahibzada Ajit Singh Nagar,0.0,0.0
2018-08-02,Sangrur,0.0,0.0
2018-08-02,Tarn Taran,0.0,0.0
2018-08-03,Amritsar,0.0,0.0
2018-08-03,Barnala,0.0,0.0
2018-08-03,Bathinda,0.0,0.0
2018-08-03,Faridkot,0.0,0.0
2018-08-03,Fatehgarh Sahib,0.0,0.0
2018-08-03,Firozpur,0.0,0.0
2018-08-03,Gurdaspur,0.0,0.0
2018-08-03,Hoshiarpur,0.0,0.0
2018-08-03,Jalandhar,0.0,0.0
2018-08-03,Kapurthala,0.0,0.0
2018-08-03,Ludhiana,0.0,0.0
2018-08-03,Mansa,0.0,0.0
2018-08-03,Moga,0.0,0.0
2018-08-03,Muktsar,0.0,0.0
2018-08-03,Nawanshahr,0.0,0.0
2018-08-03,Patiala,0.0,0.0
2018-08-03,Rupnagar,0.0,0.0
2018-08-03,Sahibzada Ajit Singh Nagar,0.0,0.0
2018-08-03,Sangrur,0.0,0.0
2018-08-03,Tarn Taran,0.0,0.0
2018-08-04,Amritsar,0.0,0.0
2018-08-04,Barnala,0.74,5e-06
2018-08-04,Bathinda,0.0,0.0
2018-08-04,Faridkot,0.0,0.0
2018-08-04,Fatehgarh Sahib,0.0,0.0
2018-08-04,Firozpur,40.35,7.7e-05
2018-08-04,Gurdaspur,0.0,0.0
2018-08-04,Hoshiarpur,0.0,0.0
2018-08-04,Jalandhar,8.08,3.1e-05
2018-08-04,Kapurthala,2.2,1.3e-05
2018-08-04,Ludhiana,28.11,7.8e-05
2018-08-04,Mansa,6.76,3e-05
2018-08-04,Moga,2.94,1.2e-05
2018-08-04,Muktsar,33.57,0.000128
2018-08-04,Nawanshahr,0.0,0.0
2018-08-04,Patiala,0.0,0.0
2018-08-04,Rupnagar,0.0,0.0
2018-08-04,Sahibzada Ajit Singh Nagar,0.0,0.0
2018-08-04,Sangrur,39.56,0.00011
2018-08-04,Tarn Taran,0.0,0.0
2018-08-05,Amritsar,0.0,0.0
2018-08-05,Barnala,0.0,0.0
2018-08-05,Bathinda,0.0,0.0
2018-08-05,Faridkot,0.0,0.0
2018-08-05,Fatehgarh Sahib,0.0,0.0
2018-08-05,Firozpur,0.0,0.0
2018-08-05,Gurdaspur,0.0,0.0
2018-08-05,Hoshiarpur,0.0,0.0
2018-08-05,Jalandhar,0.0,0.0
2018-08-05,Kapurthala,0.0,0.0
2018-08-05,Ludhiana,0.0,0.0
2018-08-05,Mansa,0.0,0.0
2018-08-05,Moga,0.0,0.0
2018-08-05,Muktsar,0.0,0.0
2018-08-05,Nawanshahr,0.0,0.0
2018-08-05,Patiala,0.0,0.0
2018-08-05,Rupnagar,0.0,0.0
2018-08-05,Sahibzada Ajit Singh Nagar,0.0,0.0
2018-08-05,Sangrur,0.0,0.0
2018-08-05,Tarn Taran,0.0,0.0
2018-08-06,Amritsar,0.0,0.0
2018-08-06,Barnala,0.0,0.0
2018-08-06,Bathinda,0.0,0.0
2018-08-06,Faridkot,0.0,0.0
2018-08-06,Fatehgarh Sahib,0.0,0.0
2018-08-06,Firozpur,0.0,0.0
2018-08-06,Gurdaspur,0.0,0.0
2018-08-06,Hoshiarpur,0.0,0.0
2018-08-06,Jalandhar,0.0,0.0
2018-08-06,Kapurthala,0.0,0.0
2018-08-06,Ludhiana,0.0,0.0
2018-08-06,Mansa,0.0,0.0
2018-08-06,Moga,0.0,0.0
2018-08-06,Muktsar,0.0,0.0
2018-08-06,Nawanshahr,0.0,0.0
2018-08-06,Patiala,0.0,0.0
2018-08-06,Rupnagar,0.0,0.0
2018-08-06,Sahibzada Ajit Singh Nagar,0.0,0.0
2018-08-06,Sangrur,0.0,0.0
2018-08-06,Tarn Taran,0.0,0.0
2018-08-07,Amritsar,0.0,0.0
2018-08-07,Barnala,0.0,0.0
2018-08-07,Bathinda,0.0,0.0
2018-08-07,Faridkot,0.0,0.0
2018-08-07,Fatehgarh Sahib,0.0,0.0
2018-08-07,Firozpur,0.0,0.0
2018-08-07,Gurdaspur,0.0,0.0
2018-08-07,Hoshiarpur,0.0,0.0
2018-08-07,Jalandhar,0.0,0.0
2018-08-07,Kapurthala,0.0,0.0
2018-08-07,Ludhiana,0.0,0.0
2018-08-07,Mansa,0.0,0.0
2018-08-07,Moga,0.0,0.0
2018-08-07,Muktsar,0.0,0.0
2018-08-07,Nawanshahr,0.0,0.0
2018-08-07,Patiala,0.0,0.0
2018-08-07,Rupnagar,0.0,0.0
2018-08-07,Sahibzada Ajit Singh Nagar,0.0,0.0
2018-08-07,Sangrur,0.0,0.0
2018-08-07,Tarn Taran,0.0,0.0
2018-08-08,Amritsar,0.0,0.0
2018-08-08,Barnala,0.0,0.0
2018-08-08,Bathinda,0.0,0.0
2018-08-08,Faridkot,0.0,0.0
2018-08-08,Fatehgarh Sahib,0.0,0.0
2018-08-08,Firozpur,0.0,0.0
2018-08-08,Gurdaspur,0.0,0.0
2018-08-08,Hoshiarpur,0.0,0.0
2018-08-08,Jalandhar,0.0,0.0
2018-08-08,Kapurthala,0.0,0.0
2018-08-08,Ludhiana,0.0,0.0
2018-08-08,Mansa,0.0,0.0
2018-08-08,Moga,0.0,0.0
2018-08-08,Muktsar,0.0,0.0
2018-08-08,Nawanshahr,0.0,0.0
2018-08-08,Patiala,0.0,0.0
2018-08-08,Rupnagar,0.0,0.0
2018-08-08,Sahibzada Ajit Singh Nagar,0.0,0.0
2018-08-08,Sangrur,0.0,0.0
2018-08-08,Tarn Taran,0.0,0.0
2018-08-09,Amritsar,0.0,0.0
2018-08-09,Barnala,0.0,0.0
2018-08-09,Bathinda,0.0,0.0
2018-08-09,Faridkot,0.0,0.0
2018-08-09,Fatehgarh Sahib,0.0,0.0
2018-08-09,Firozpur,0.0,0.0
2018-08-09,Gurdaspur,0.0,0.0
2018-08-09,Hoshiarpur,0.0,0.0
2018-08-09,Jalandhar,0.0,0.0
2018-08-09,Kapurthala,0.0,0.0
2018-08-09,Ludhiana,0.0,0.0
2018-08-09,Mansa,0.0,0.0
2018-08-09,Moga,0.0,0.0
2018-08-09,Muktsar,0.0,0.0
2018-08-09,Nawanshahr,0.0,0.0
2018-08-09,Patiala,0.0,0.0
2018-08-09,Rupnagar,0.0,0.0
2018-08-09,Sahibzada Ajit Singh Nagar,0.0,0.0
2018-08-09,Sangrur,0.0,0.0
2018-08-09,Tarn Taran,0.0,0.0
2018-08-10,Amritsar,0.0,0.0
2018-08-10,Barnala,0.0,0.0
2018-08-10,Bathinda,0.0,0.0
2018-08-10,Faridkot,0.0,0.0
2018-08-10,Fatehgarh Sahib,0.0,0.0
2018-08-10,Firozpur,0.0,0.0
2018-08-10,Gurdaspur,0.0,0.0
2018-08-10,Hoshiarpur,0.0,0.0
2018-08-10,Jalandhar,0.0,0.0
2018-08-10,Kapurthala,0.0,0.0
2018-08-10,Ludhiana,0.0,0.0
2018-08-10,Mansa,0.0,0.0
2018-08-10,Moga,0.0,0.0
2018-08-10,Muktsar,0.0,0.0
2018-08-10,Nawanshahr,0.0,0.0
2018-08-10,Patiala,0.0,0.0
2018-08-10,Rupnagar,0.0,0.0
2018-08-10,Sahibzada Ajit Singh Nagar,0.0,0.0
2018-08-10,Sangrur,0.0,0.0
2018-08-10,Tarn Taran,0.0,0.0
2018-08-11,Amritsar,0.0,0.0
2018-08-11,Barnala,0.0,0.0
2018-08-11,Bathinda,0.0,0.0
2018-08-11,Faridkot,0.0,0.0
2018-08-11,Fatehgarh Sahib,0.0,0.0
2018-08-11,Firozpur,0.0,0.0
2018-08-11,Gurdaspur,0.0,0.0
2018-08-11,Hoshiarpur,0.0,0.0
2018-08-11,Jalandhar,0.0,0.0
2018-08-11,Kapurthala,0.0,0.0
2018-08-11,Ludhiana,0.0,0.0
2018-08-11,Mansa,0.0,0.0
2018-08-11,Moga,0.0,0.0
2018-08-11,Muktsar,0.0,0.0
2018-08-11,Nawanshahr,0.0,0.0
2018-08-11,Patiala,0.0,0.0
2018-08-11,Rupnagar,0.0,0.0
2018-08-11,Sahibzada Ajit Singh Nagar,0.0,0.0
2018-08-11,Sangrur,0.0,0.0
2018-08-11,Tarn Taran,0.0,0.0
2018-08-12,Amritsar,0.0,0.0
2018-08-12,Barnala,0.74,5e-06
2018-08-12,Bathinda,0.0,0.0
2018-08-12,Faridkot,0.0,0.0
2018-08-12,Fatehgarh Sahib,0.0,0.0
2018-08-12,Firozpur,13.47,2.6e-05
2018-08-12,Gurdaspur,12.17,3.4e-05
2018-08-12,Hoshiarpur,2.17,6e-06
2018-08-12,Jalandhar,2.94,1.1e-05
2018-08-12,Kapurthala,0.0,0.0
2018-08-12,Ludhiana,17.01,4.7e-05
2018-08-12,Mansa,12.02,5.4e-05
2018-08-12,Moga,3.67,1.6e-05
2018-08-12,Muktsar,12.71,4.9e-05
2018-08-12,Nawanshahr,0.0,0.0
2018-08-12,Patiala,0.0,0.0
2018-08-12,Rupnagar,0.0,0.0
2018-08-12,Sahibzada Ajit Singh Nagar,0.0,0.0
2018-08-12,Sangrur,26.21,7.3e-05
2018-08-12,Tarn Taran,0.0,0.0
2018-08-13,Amritsar,0.0,0.0
2018-08-13,Barnala,0.0,0.0
2018-08-13,Bathinda,0.0,0.0
2018-08-13,Faridkot,0.0,0.0
2018-08-13,Fatehgarh Sahib,0.0,0.0
2018-08-13,Firozpur,0.0,0.0
2018-08-13,Gurdaspur,0.0,0.0
2018-08-13,Hoshiarpur,0.0,0.0
2018-08-13,Jalandhar,0.0,0.0
2018-08-13,Kapurthala,0.0,0.0
2018-08-13,Ludhiana,0.0,0.0
2018-08-13,Mansa,0.0,0.0
2018-08-13,Moga,0.0,0.0
2018-08-13,Muktsar,0.0,0.0
2018-08-13,Nawanshahr,0.0,0.0
2018-08-13,Patiala,0.0,0.0
2018-08-13,Rupnagar,0.0,0.0
2018-08-13,Sahibzada Ajit Singh Nagar,0.0,0.0
2018-08-13,Sangrur,0.0,0.0
2018-08-13,Tarn Taran,0.0,0.0
2018-08-14,Amritsar,0.0,0.0
2018-08-14,Barnala,0.0,0.0
2018-08-14,Bathinda,0.0,0.0
2018-08-14,Faridkot,0.0,0.0
2018-08-14,Fatehgarh Sahib,0.0,0.0
2018-08-14,Firozpur,0.0,0.0
2018-08-14,Gurdaspur,0.0,0.0
2018-08-14,Hoshiarpur,0.0,0.0
2018-08-14,Jalandhar,0.0,0.0
2018-08-14,Kapurthala,0.0,0.0
2018-08-14,Ludhiana,0.0,0.0
2018-08-14,Mansa,0.0,0.0
2018-08-14,Moga,0.0,0.0
2018-08-14,Muktsar,0.0,0.0
2018-08-14,Nawanshahr,0.0,0.0
2018-08-14,Patiala,0.0,0.0
2018-08-14,Rupnagar,0.0,0.0
2018-08-14,Sahibzada Ajit Singh Nagar,0.0,0.0
2018-08-14,Sangrur,0.0,0.0
2018-08-14,Tarn Taran,0.0,0.0
2018-08-15,Amritsar,0.0,0.0
2018-08-15,Barnala,0.0,0.0
2018-08-15,Bathinda,0.0,0.0
2018-08-15,Faridkot,0.0,0.0
2018-08-15,Fatehgarh Sahib,0.0,0.0
2018-08-15,Firozpur,0.0,0.0
2018-08-15,Gurdaspur,0.0,0.0
2018-08-15,Hoshiarpur,0.0,0.0
2018-08-15,Jalandhar,0.0,0.0
2018-08-15,Kapurthala,0.0,0.0
2018-08-15,Ludhiana,0.0,0.0
2018-08-15,Mansa,0.0,0.0
2018-08-15,Moga,0.0,0.0
2018-08-15,Muktsar,0.0,0.0
2018-08-15,Nawanshahr,0.0,0.0
2018-08-15,Patiala,0.0,0.0
2018-08-15,Rupnagar,0.0,0.0
2018-08-15,Sahibzada Ajit Singh Nagar,0.0,0.0
2018-08-15,Sangrur,0.0,0.0
2018-08-15,Tarn Taran,0.0,0.0
2018-08-16,Amritsar,5.76,2.2e-05
2018-08-16,Barnala,0.0,0.0
2018-08-16,Bathinda,0.0,0.0
2018-08-16,Faridkot,0.0,0.0
2018-08-16,Fatehgarh Sahib,0.0,0.0
2018-08-16,Firozpur,27.9,5.3e-05
2018-08-16,Gurdaspur,17.19,4.7e-05
2018-08-16,Hoshiarpur,0.0,0.0
2018-08-16,Jalandhar,2.93,1.1e-05
2018-08-16,Kapurthala,100.1,0.000601
2018-08-16,Ludhiana,2.2,6e-06
2018-08-16,Mansa,1.5,7e-06
2018-08-16,Moga,0.0,0.0
2018-08-16,Muktsar,5.99,2.3e-05
2018-08-16,Nawanshahr,0.0,0.0
2018-08-16,Patiala,0.0,0.0
2018-08-16,Rupnagar,0.0,0.0
2018-08-16,Sahibzada Ajit Singh Nagar,0.0,0.0
2018-08-16,Sangrur,4.5,1.2e-05
2018-08-16,Tarn Taran,200.98,0.000837
2018-08-17,Amritsar,0.0,0.0
2018-08-17,Barnala,0.0,0.0
2018-08-17,Bathinda,0.0,0.0
2018-08-17,Faridkot,0.0,0.0
2018-08-17,Fatehgarh Sahib,0.0,0.0
2018-08-17,Firozpur,0.0,0.0
2018-08-17,Gurdaspur,0.0,0.0
2018-08-17,Hoshiarpur,0.0,0.0
2018-08-17,Jalandhar,0.0,0.0
2018-08-17,Kapurthala,0.0,0.0
2018-08-17,Ludhiana,0.0,0.0
2018-08-17,Mansa,0.0,0.0
2018-08-17,Moga,0.0,0.0
2018-08-17,Muktsar,0.0,0.0
2018-08-17,Nawanshahr,0.0,0.0
2018-08-17,Patiala,0.0,0.0
2018-08-17,Rupnagar,0.0,0.0
2018-08-17,Sahibzada Ajit Singh Nagar,0.0,0.0
2018-08-17,Sangrur,0.0,0.0
2018-08-17,Tarn Taran,0.0,0.0
2018-08-18,Amritsar,0.0,0.0
2018-08-18,Barnala,0.0,0.0
2018-08-18,Bathinda,0.0,0.0
2018-08-18,Faridkot,0.0,0.0
2018-08-18,Fatehgarh Sahib,0.0,0.0
2018-08-18,Firozpur,0.0,0.0
2018-08-18,Gurdaspur,0.0,0.0
2018-08-18,Hoshiarpur,0.0,0.0
2018-08-18,Jalandhar,0.0,0.0
2018-08-18,Kapurthala,0.0,0.0
2018-08-18,Ludhiana,0.0,0.0
2018-08-18,Mansa,0.0,0.0
2018-08-18,Moga,0.0,0.0
2018-08-18,Muktsar,0.0,0.0
2018-08-18,Nawanshahr,0.0,0.0
2018-08-18,Patiala,0.0,0.0
2018-08-18,Rupnagar,0.0,0.0
2018-08-18,Sahibzada Ajit Singh Nagar,0.0,0.0
2018-08-18,Sangrur,0.0,0.0
2018-08-18,Tarn Taran,0.0,0.0
2018-08-19,Amritsar,0.0,0.0
2018-08-19,Barnala,0.0,0.0
2018-08-19,Bathinda,0.0,0.0
2018-08-19,Faridkot,0.0,0.0
2018-08-19,Fatehgarh Sahib,0.0,0.0
2018-08-19,Firozpur,0.0,0.0
2018-08-19,Gurdaspur,0.0,0.0
2018-08-19,Hoshiarpur,0.0,0.0
2018-08-19,Jalandhar,0.0,0.0
2018-08-19,Kapurthala,0.0,0.0
2018-08-19,Ludhiana,0.0,0.0
2018-08-19,Mansa,0.0,0.0
2018-08-19,Moga,0.0,0.0
2018-08-19,Muktsar,0.0,0.0
2018-08-19,Nawanshahr,0.0,0.0
2018-08-19,Patiala,0.0,0.0
2018-08-19,Rupnagar,0.0,0.0
2018-08-19,Sahibzada Ajit Singh Nagar,0.0,0.0
2018-08-19,Sangrur,0.0,0.0
2018-08-19,Tarn Taran,0.0,0.0
2018-08-20,Amritsar,0.0,0.0
2018-08-20,Barnala,0.0,0.0
2018-08-20,Bathinda,0.0,0.0
2018-08-20,Faridkot,0.0,0.0
2018-08-20,Fatehgarh Sahib,0.0,0.0
2018-08-20,Firozpur,0.0,0.0
2018-08-20,Gurdaspur,0.0,0.0
2018-08-20,Hoshiarpur,0.0,0.0
2018-08-20,Jalandhar,0.0,0.0
2018-08-20,Kapurthala,0.0,0.0
2018-08-20,Ludhiana,0.0,0.0
2018-08-20,Mansa,0.0,0.0
2018-08-20,Moga,0.0,0.0
2018-08-20,Muktsar,0.0,0.0
2018-08-20,Nawanshahr,0.0,0.0
2018-08-20,Patiala,0.0,0.0
2018-08-20,Rupnagar,0.0,0.0
2018-08-20,Sahibzada Ajit Singh Nagar,0.0,0.0
2018-08-20,Sangrur,0.0,0.0
2018-08-20,Tarn Taran,0.0,0.0
2018-08-21,Amritsar,0.0,0.0
2018-08-21,Barnala,0.0,0.0
2018-08-21,Bathinda,0.0,0.0
2018-08-21,Faridkot,0.0,0.0
2018-08-21,Fatehgarh Sahib,0.0,0.0
2018-08-21,Firozpur,0.0,0.0
2018-08-21,Gurdaspur,0.0,0.0
2018-08-21,Hoshiarpur,0.0,0.0
2018-08-21,Jalandhar,0.0,0.0
2018-08-21,Kapurthala,0.0,0.0
2018-08-21,Ludhiana,0.0,0.0
2018-08-21,Mansa,0.0,0.0
2018-08-21,Moga,0.0,0.0
2018-08-21,Muktsar,0.0,0.0
2018-08-21,Nawanshahr,0.0,0.0
2018-08-21,Patiala,0.0,0.0
2018-08-21,Rupnagar,0.0,0.0
2018-08-21,Sahibzada Ajit Singh Nagar,0.0,0.0
2018-08-21,Sangrur,0.0,0.0
2018-08-21,Tarn Taran,0.0,0.0
2018-08-22,Amritsar,0.0,0.0
2018-08-22,Barnala,0.0,0.0
2018-08-22,Bathinda,0.0,0.0
2018-08-22,Faridkot,0.0,0.0
2018-08-22,Fatehgarh Sahib,0.0,0.0
2018-08-22,Firozpur,0.0,0.0
2018-08-22,Gurdaspur,0.0,0.0
2018-08-22,Hoshiarpur,0.0,0.0
2018-08-22,Jalandhar,0.0,0.0
2018-08-22,Kapurthala,0.0,0.0
2018-08-22,Ludhiana,0.0,0.0
2018-08-22,Mansa,0.0,0.0
2018-08-22,Moga,0.0,0.0
2018-08-22,Muktsar,0.0,0.0
2018-08-22,Nawanshahr,0.0,0.0
2018-08-22,Patiala,0.0,0.0
2018-08-22,Rupnagar,0.0,0.0
2018-08-22,Sahibzada Ajit Singh Nagar,0.0,0.0
2018-08-22,Sangrur,0.0,0.0
2018-08-22,Tarn Taran,0.0,0.0
2018-08-23,Amritsar,0.0,0.0
2018-08-23,Barnala,0.0,0.0
2018-08-23,Bathinda,0.0,0.0
2018-08-23,Faridkot,0.0,0.0
2018-08-23,Fatehgarh Sahib,0.0,0.0
2018-08-23,Firozpur,0.0,0.0
2018-08-23,Gurdaspur,0.0,0.0
2018-08-23,Hoshiarpur,0.0,0.0
2018-08-23,Jalandhar,0.0,0.0
2018-08-23,Kapurthala,0.0,0.0
2018-08-23,Ludhiana,0.0,0.0
2018-08-23,Mansa,0.0,0.0
2018-08-23,Moga,0.0,0.0
2018-08-23,Muktsar,0.0,0.0
2018-08-23,Nawanshahr,0.0,0.0
2018-08-23,Patiala,0.0,0.0
2018-08-23,Rupnagar,0.0,0.0
2018-08-23,Sahibzada Ajit Singh Nagar,0.0,0.0
2018-08-23,Sangrur,0.0,0.0
2018-08-23,Tarn Taran,0.0,0.0
2018-08-24,Amritsar,2.88,1.1e-05
2018-08-24,Barnala,0.0,0.0
2018-08-24,Bathinda,0.0,0.0
2018-08-24,Faridkot,0.0,0.0
2018-08-24,Fatehgarh Sahib,0.0,0.0
2018-08-24,Firozpur,17.93,3.4e-05
2018-08-24,Gurdaspur,0.0,0.0
2018-08-24,Hoshiarpur,2.89,9e-06
2018-08-24,Jalandhar,5.14,2e-05
2018-08-24,Kapurthala,11.65,7e-05
2018-08-24,Ludhiana,5.17,1.4e-05
2018-08-24,Mansa,8.27,3.7e-05
2018-08-24,Moga,0.0,0.0
2018-08-24,Muktsar,8.98,3.4e-05
2018-08-24,Nawanshahr,1.47,1.1e-05
2018-08-24,Patiala,0.0,0.0
2018-08-24,Rupnagar,0.0,0.0
2018-08-24,Sahibzada Ajit Singh Nagar,0.0,0.0
2018-08-24,Sangrur,5.27,1.5e-05
2018-08-24,Tarn Taran,48.94,0.000204
2018-08-25,Amritsar,0.0,0.0
2018-08-25,Barnala,0.0,0.0
2018-08-25,Bathinda,0.0,0.0
2018-08-25,Faridkot,0.0,0.0
2018-08-25,Fatehgarh Sahib,0.0,0.0
2018-08-25,Firozpur,0.0,0.0
2018-08-25,Gurdaspur,0.0,0.0
2018-08-25,Hoshiarpur,0.0,0.0
2018-08-25,Jalandhar,0.0,0.0
2018-08-25,Kapurthala,0.0,0.0
2018-08-25,Ludhiana,0.0,0.0
2018-08-25,Mansa,0.0,0.0
2018-08-25,Moga,0.0,0.0
2018-08-25,Muktsar,0.0,0.0
2018-08-25,Nawanshahr,0.0,0.0
2018-08-25,Patiala,0.0,0.0
2018-08-25,Rupnagar,0.0,0.0
2018-08-25,Sahibzada Ajit Singh Nagar,0.0,0.0
2018-08-25,Sangrur,0.0,0.0
2018-08-25,Tarn Taran,0.0,0.0
2018-08-26,Amritsar,0.0,0.0
2018-08-26,Barnala,0.0,0.0
2018-08-26,Bathinda,0.0,0.0
2018-08-26,Faridkot,0.0,0.0
2018-08-26,Fatehgarh Sahib,0.0,0.0
2018-08-26,Firozpur,0.0,0.0
2018-08-26,Gurdaspur,0.0,0.0
2018-08-26,Hoshiarpur,0.0,0.0
2018-08-26,Jalandhar,0.0,0.0
2018-08-26,Kapurthala,0.0,0.0
2018-08-26,Ludhiana,0.0,0.0
2018-08-26,Mansa,0.0,0.0
2018-08-26,Moga,0.0,0.0
2018-08-26,Muktsar,0.0,0.0
2018-08-26,Nawanshahr,0.0,0.0
2018-08-26,Patiala,0.0,0.0
2018-08-26,Rupnagar,0.0,0.0
2018-08-26,Sahibzada Ajit Singh Nagar,0.0,0.0
2018-08-26,Sangrur,0.0,0.0
2018-08-26,Tarn Taran,0.0,0.0
2018-08-27,Amritsar,0.0,0.0
2018-08-27,Barnala,0.0,0.0
2018-08-27,Bathinda,0.0,0.0
2018-08-27,Faridkot,0.0,0.0
2018-08-27,Fatehgarh Sahib,0.0,0.0
2018-08-27,Firozpur,0.0,0.0
2018-08-27,Gurdaspur,0.0,0.0
2018-08-27,Hoshiarpur,0.0,0.0
2018-08-27,Jalandhar,0.0,0.0
2018-08-27,Kapurthala,0.0,0.0
2018-08-27,Ludhiana,0.0,0.0
2018-08-27,Mansa,0.0,0.0
2018-08-27,Moga,0.0,0.0
2018-08-27,Muktsar,0.0,0.0
2018-08-27,Nawanshahr,0.0,0.0
2018-08-27,Patiala,0.0,0.0
2018-08-27,Rupnagar,0.0,0.0
2018-08-27,Sahibzada Ajit Singh Nagar,0.0,0.0
2018-08-27,Sangrur,0.0,0.0
2018-08-27,Tarn Taran,0.0,0.0
2018-08-28,Amritsar,2.88,1.1e-05
2018-08-28,Barnala,0.0,0.0
2018-08-28,Bathinda,0.0,0.0
2018-08-28,Faridkot,0.0,0.0
2018-08-28,Fatehgarh Sahib,0.0,0.0
2018-08-28,Firozpur,6.0,1.1e-05
2018-08-28,Gurdaspur,7.17,2e-05
2018-08-28,Hoshiarpur,0.0,0.0
2018-08-28,Jalandhar,5.88,2.2e-05
2018-08-28,Kapurthala,0.0,0.0
2018-08-28,Ludhiana,2.94,8e-06
2018-08-28,Mansa,0.0,0.0
2018-08-28,Moga,0.0,0.0
2018-08-28,Muktsar,1.5,6e-06
2018-08-28,Nawanshahr,0.0,0.0
2018-08-28,Patiala,0.0,0.0
2018-08-28,Rupnagar,0.0,0.0
2018-08-28,Sahibzada Ajit Singh Nagar,0.0,0.0
2018-08-28,Sangrur,0.0,0.0
2018-08-28,Tarn Taran,24.11,0.0001
2018-08-29,Amritsar,0.0,0.0
2018-08-29,Barnala,0.0,0.0
2018-08-29,Bathinda,0.0,0.0
2018-08-29,Faridkot,0.0,0.0
2018-08-29,Fatehgarh Sahib,0.0,0.0
2018-08-29,Firozpur,0.0,0.0
2018-08-29,Gurdaspur,0.0,0.0
2018-08-29,Hoshiarpur,0.0,0.0
2018-08-29,Jalandhar,0.0,0.0
2018-08-29,Kapurthala,0.0,0.0
2018-08-29,Ludhiana,0.0,0.0
2018-08-29,Mansa,0.0,0.0
2018-08-29,Moga,0.0,0.0
2018-08-29,Muktsar,0.0,0.0
2018-08-29,Nawanshahr,0.0,0.0
2018-08-29,Patiala,0.0,0.0
2018-08-29,Rupnagar,0.0,0.0
2018-08-29,Sahibzada Ajit Singh Nagar,0.0,0.0
2018-08-29,Sangrur,0.0,0.0
2018-08-29,Tarn Taran,0.0,0.0
2018-08-30,Amritsar,0.0,0.0
2018-08-30,Barnala,0.0,0.0
2018-08-30,Bathinda,0.0,0.0
2018-08-30,Faridkot,0.0,0.0
2018-08-30,Fatehgarh Sahib,0.0,0.0
2018-08-30,Firozpur,0.0,0.0
2018-08-30,Gurdaspur,0.0,0.0
2018-08-30,Hoshiarpur,0.0,0.0
2018-08-30,Jalandhar,0.0,0.0
2018-08-30,Kapurthala,0.0,0.0
2018-08-30,Ludhiana,0.0,0.0
2018-08-30,Mansa,0.0,0.0
2018-08-30,Moga,0.0,0.0
2018-08-30,Muktsar,0.0,0.0
2018-08-30,Nawanshahr,0.0,0.0
2018-08-30,Patiala,0.0,0.0
2018-08-30,Rupnagar,0.0,0.0
2018-08-30,Sahibzada Ajit Singh Nagar,0.0,0.0
2018-08-30,Sangrur,0.0,0.0
2018-08-30,Tarn Taran,0.0,0.0
2018-08-31,Amritsar,0.0,0.0
2018-08-31,Barnala,0.0,0.0
2018-08-31,Bathinda,0.0,0.0
2018-08-31,Faridkot,0.0,0.0
2018-08-31,Fatehgarh Sahib,0.0,0.0
2018-08-31,Firozpur,0.0,0.0
2018-08-31,Gurdaspur,0.0,0.0
2018-08-31,Hoshiarpur,0.0,0.0
2018-08-31,Jalandhar,0.0,0.0
2018-08-31,Kapurthala,0.0,0.0
2018-08-31,Ludhiana,0.0,0.0
2018-08-31,Mansa,0.0,0.0
2018-08-31,Moga,0.0,0.0
2018-08-31,Muktsar,0.0,0.0
2018-08-31,Nawanshahr,0.0,0.0
2018-08-31,Patiala,0.0,0.0
2018-08-31,Rupnagar,0.0,0.0
2018-08-31,Sahibzada Ajit Singh Nagar,0.0,0.0
2018-08-31,Sangrur,0.0,0.0
2018-08-31,Tarn Taran,0.0,0.0
2018-09-01,Amritsar,0.0,0.0
2018-09-01,Barnala,0.0,0.0
2018-09-01,Bathinda,0.0,0.0
2018-09-01,Faridkot,0.0,0.0
2018-09-01,Fatehgarh Sahib,0.0,0.0
2018-09-01,Firozpur,0.0,0.0
2018-09-01,Gurdaspur,0.0,0.0
2018-09-01,Hoshiarpur,0.0,0.0
2018-09-01,Jalandhar,0.0,0.0
2018-09-01,Kapurthala,0.0,0.0
2018-09-01,Ludhiana,0.0,0.0
2018-09-01,Mansa,0.0,0.0
2018-09-01,Moga,0.0,0.0
2018-09-01,Muktsar,0.0,0.0
2018-09-01,Nawanshahr,0.0,0.0
2018-09-01,Patiala,0.0,0.0
2018-09-01,Rupnagar,0.0,0.0
2018-09-01,Sahibzada Ajit Singh Nagar,0.0,0.0
2018-09-01,Sangrur,0.0,0.0
2018-09-01,Tarn Taran,0.0,0.0
2018-09-02,Amritsar,0.0,0.0
2018-09-02,Barnala,0.0,0.0
2018-09-02,Bathinda,0.0,0.0
2018-09-02,Faridkot,0.0,0.0
2018-09-02,Fatehgarh Sahib,0.0,0.0
2018-09-02,Firozpur,0.0,0.0
2018-09-02,Gurdaspur,0.0,0.0
2018-09-02,Hoshiarpur,0.0,0.0
2018-09-02,Jalandhar,0.0,0.0
2018-09-02,Kapurthala,0.0,0.0
2018-09-02,Ludhiana,0.0,0.0
2018-09-02,Mansa,0.0,0.0
2018-09-02,Moga,0.0,0.0
2018-09-02,Muktsar,0.0,0.0
2018-09-02,Nawanshahr,0.0,0.0
2018-09-02,Patiala,0.0,0.0
2018-09-02,Rupnagar,0.0,0.0
2018-09-02,Sahibzada Ajit Singh Nagar,0.0,0.0
2018-09-02,Sangrur,0.0,0.0
2018-09-02,Tarn Taran,0.0,0.0
2018-09-03,Amritsar,0.0,0.0
2018-09-03,Barnala,0.0,0.0
2018-09-03,Bathinda,0.0,0.0
2018-09-03,Faridkot,0.0,0.0
2018-09-03,Fatehgarh Sahib,0.0,0.0
2018-09-03,Firozpur,0.0,0.0
2018-09-03,Gurdaspur,0.0,0.0
2018-09-03,Hoshiarpur,0.0,0.0
2018-09-03,Jalandhar,0.0,0.0
2018-09-03,Kapurthala,0.0,0.0
2018-09-03,Ludhiana,0.0,0.0
2018-09-03,Mansa,0.0,0.0
2018-09-03,Moga,0.0,0.0
2018-09-03,Muktsar,0.0,0.0
2018-09-03,Nawanshahr,0.0,0.0
2018-09-03,Patiala,0.0,0.0
2018-09-03,Rupnagar,0.0,0.0
2018-09-03,Sahibzada Ajit Singh Nagar,0.0,0.0
2018-09-03,Sangrur,0.0,0.0
2018-09-03,Tarn Taran,0.0,0.0
2018-09-04,Amritsar,0.0,0.0
2018-09-04,Barnala,0.0,0.0
2018-09-04,Bathinda,0.0,0.0
2018-09-04,Faridkot,0.0,0.0
2018-09-04,Fatehgarh Sahib,0.0,0.0
2018-09-04,Firozpur,0.0,0.0
2018-09-04,Gurdaspur,0.0,0.0
2018-09-04,Hoshiarpur,0.0,0.0
2018-09-04,Jalandhar,0.0,0.0
2018-09-04,Kapurthala,0.0,0.0
2018-09-04,Ludhiana,0.0,0.0
2018-09-04,Mansa,0.0,0.0
2018-09-04,Moga,0.0,0.0
2018-09-04,Muktsar,0.0,0.0
2018-09-04,Nawanshahr,0.0,0.0
2018-09-04,Patiala,0.0,0.0
2018-09-04,Rupnagar,0.0,0.0
2018-09-04,Sahibzada Ajit Singh Nagar,0.0,0.0
2018-09-04,Sangrur,0.0,0.0
2018-09-04,Tarn Taran,0.0,0.0
2018-09-05,Amritsar,2.88,1.1e-05
2018-09-05,Barnala,0.0,0.0
2018-09-05,Bathinda,0.0,0.0
2018-09-05,Faridkot,1.48,1e-05
2018-09-05,Fatehgarh Sahib,0.0,0.0
2018-09-05,Firozpur,39.4,7.5e-05
2018-09-05,Gurdaspur,3.6,1e-05
2018-09-05,Hoshiarpur,2.89,9e-06
2018-09-05,Jalandhar,4.41,1.7e-05
2018-09-05,Kapurthala,0.0,0.0
2018-09-05,Ludhiana,0.0,0.0
2018-09-05,Mansa,10.52,4.7e-05
2018-09-05,Moga,0.0,0.0
2018-09-05,Muktsar,20.16,7.7e-05
2018-09-05,Nawanshahr,0.0,0.0
2018-09-05,Patiala,0.0,0.0
2018-09-05,Rupnagar,0.0,0.0
2018-09-05,Sahibzada Ajit Singh Nagar,0.0,0.0
2018-09-05,Sangrur,0.0,0.0
2018-09-05,Tarn Taran,21.92,9.1e-05
2018-09-06,Amritsar,0.0,0.0
2018-09-06,Barnala,0.0,0.0
2018-09-06,Bathinda,0.0,0.0
2018-09-06,Faridkot,0.0,0.0
2018-09-06,Fatehgarh Sahib,0.0,0.0
2018-09-06,Firozpur,0.0,0.0
2018-09-06,Gurdaspur,0.0,0.0
2018-09-06,Hoshiarpur,0.0,0.0
2018-09-06,Jalandhar,0.0,0.0
2018-09-06,Kapurthala,0.0,0.0
2018-09-06,Ludhiana,0.0,0.0
2018-09-06,Mansa,0.0,0.0
2018-09-06,Moga,0.0,0.0
2018-09-06,Muktsar,0.0,0.0
2018-09-06,Nawanshahr,0.0,0.0
2018-09-06,Patiala,0.0,0.0
2018-09-06,Rupnagar,0.0,0.0
2018-09-06,Sahibzada Ajit Singh Nagar,0.0,0.0
2018-09-06,Sangrur,0.0,0.0
2018-09-06,Tarn Taran,0.0,0.0
2018-09-07,Amritsar,0.0,0.0
2018-09-07,Barnala,0.0,0.0
2018-09-07,Bathinda,0.0,0.0
2018-09-07,Faridkot,0.0,0.0
2018-09-07,Fatehgarh Sahib,0.0,0.0
2018-09-07,Firozpur,0.0,0.0
2018-09-07,Gurdaspur,0.0,0.0
2018-09-07,Hoshiarpur,0.0,0.0
2018-09-07,Jalandhar,0.0,0.0
2018-09-07,Kapurthala,0.0,0.0
2018-09-07,Ludhiana,0.0,0.0
2018-09-07,Mansa,0.0,0.0
2018-09-07,Moga,0.0,0.0
2018-09-07,Muktsar,0.0,0.0
2018-09-07,Nawanshahr,0.0,0.0
2018-09-07,Patiala,0.0,0.0
2018-09-07,Rupnagar,0.0,0.0
2018-09-07,Sahibzada Ajit Singh Nagar,0.0,0.0
2018-09-07,Sangrur,0.0,0.0
2018-09-07,Tarn Taran,0.0,0.0
2018-09-08,Amritsar,0.0,0.0
2018-09-08,Barnala,0.0,0.0
2018-09-08,Bathinda,0.0,0.0
2018-09-08,Faridkot,0.0,0.0
2018-09-08,Fatehgarh Sahib,0.0,0.0
2018-09-08,Firozpur,0.0,0.0
2018-09-08,Gurdaspur,0.0,0.0
2018-09-08,Hoshiarpur,0.0,0.0
2018-09-08,Jalandhar,0.0,0.0
2018-09-08,Kapurthala,0.0,0.0
2018-09-08,Ludhiana,0.0,0.0
2018-09-08,Mansa,0.0,0.0
2018-09-08,Moga,0.0,0.0
2018-09-08,Muktsar,0.0,0.0
2018-09-08,Nawanshahr,0.0,0.0
2018-09-08,Patiala,0.0,0.0
2018-09-08,Rupnagar,0.0,0.0
2018-09-08,Sahibzada Ajit Singh Nagar,0.0,0.0
2018-09-08,Sangrur,0.0,0.0
2018-09-08,Tarn Taran,0.0,0.0
2018-09-09,Amritsar,5.04,1.9e-05
2018-09-09,Barnala,0.0,0.0
2018-09-09,Bathinda,0.75,2e-06
2018-09-09,Faridkot,0.0,0.0
2018-09-09,Fatehgarh Sahib,0.0,0.0
2018-09-09,Firozpur,8.22,1.6e-05
2018-09-09,Gurdaspur,8.59,2.4e-05
2018-09-09,Hoshiarpur,0.0,0.0
2018-09-09,Jalandhar,5.88,2.2e-05
2018-09-09,Kapurthala,0.0,0.0
2018-09-09,Ludhiana,1.47,4e-06
2018-09-09,Mansa,0.75,3e-06
2018-09-09,Moga,0.0,0.0
2018-09-09,Muktsar,0.0,0.0
2018-09-09,Nawanshahr,0.0,0.0
2018-09-09,Patiala,0.0,0.0
2018-09-09,Rupnagar,0.0,0.0
2018-09-09,Sahibzada Ajit Singh Nagar,0.0,0.0
2018-09-09,Sangrur,0.0,0.0
2018-09-09,Tarn Taran,21.18,8.8e-05
2018-09-10,Amritsar,0.0,0.0
2018-09-10,Barnala,0.0,0.0
2018-09-10,Bathinda,0.0,0.0
2018-09-10,Faridkot,0.0,0.0
2018-09-10,Fatehgarh Sahib,0.0,0.0
2018-09-10,Firozpur,0.0,0.0
2018-09-10,Gurdaspur,0.0,0.0
2018-09-10,Hoshiarpur,0.0,0.0
2018-09-10,Jalandhar,0.0,0.0
2018-09-10,Kapurthala,0.0,0.0
2018-09-10,Ludhiana,0.0,0.0
2018-09-10,Mansa,0.0,0.0
2018-09-10,Moga,0.0,0.0
2018-09-10,Muktsar,0.0,0.0
2018-09-10,Nawanshahr,0.0,0.0
2018-09-10,Patiala,0.0,0.0
2018-09-10,Rupnagar,0.0,0.0
2018-09-10,Sahibzada Ajit Singh Nagar,0.0,0.0
2018-09-10,Sangrur,0.0,0.0
2018-09-10,Tarn Taran,0.0,0.0
2018-09-11,Amritsar,0.0,0.0
2018-09-11,Barnala,0.0,0.0
2018-09-11,Bathinda,0.0,0.0
2018-09-11,Faridkot,0.0,0.0
2018-09-11,Fatehgarh Sahib,0.0,0.0
2018-09-11,Firozpur,0.0,0.0
2018-09-11,Gurdaspur,0.0,0.0
2018-09-11,Hoshiarpur,0.0,0.0
2018-09-11,Jalandhar,0.0,0.0
2018-09-11,Kapurthala,0.0,0.0
2018-09-11,Ludhiana,0.0,0.0
2018-09-11,Mansa,0.0,0.0
2018-09-11,Moga,0.0,0.0
2018-09-11,Muktsar,0.0,0.0
2018-09-11,Nawanshahr,0.0,0.0
2018-09-11,Patiala,0.0,0.0
2018-09-11,Rupnagar,0.0,0.0
2018-09-11,Sahibzada Ajit Singh Nagar,0.0,0.0
2018-09-11,Sangrur,0.0,0.0
2018-09-11,Tarn Taran,0.0,0.0
2018-09-12,Amritsar,0.0,0.0
2018-09-12,Barnala,0.0,0.0
2018-09-12,Bathinda,0.0,0.0
2018-09-12,Faridkot,0.0,0.0
2018-09-12,Fatehgarh Sahib,0.0,0.0
2018-09-12,Firozpur,0.0,0.0
2018-09-12,Gurdaspur,0.0,0.0
2018-09-12,Hoshiarpur,0.0,0.0
2018-09-12,Jalandhar,0.0,0.0
2018-09-12,Kapurthala,0.0,0.0
2018-09-12,Ludhiana,0.0,0.0
2018-09-12,Mansa,0.0,0.0
2018-09-12,Moga,0.0,0.0
2018-09-12,Muktsar,0.0,0.0
2018-09-12,Nawanshahr,0.0,0.0
2018-09-12,Patiala,0.0,0.0
2018-09-12,Rupnagar,0.0,0.0
2018-09-12,Sahibzada Ajit Singh Nagar,0.0,0.0
2018-09-12,Sangrur,0.0,0.0
2018-09-12,Tarn Taran,0.0,0.0
2018-09-13,Amritsar,0.0,0.0
2018-09-13,Barnala,0.0,0.0
2018-09-13,Bathinda,0.0,0.0
2018-09-13,Faridkot,0.0,0.0
2018-09-13,Fatehgarh Sahib,0.0,0.0
2018-09-13,Firozpur,0.0,0.0
2018-09-13,Gurdaspur,0.0,0.0
2018-09-13,Hoshiarpur,0.0,0.0
2018-09-13,Jalandhar,0.0,0.0
2018-09-13,Kapurthala,0.0,0.0
2018-09-13,Ludhiana,0.0,0.0
2018-09-13,Mansa,0.0,0.0
2018-09-13,Moga,0.0,0.0
2018-09-13,Muktsar,0.0,0.0
2018-09-13,Nawanshahr,0.0,0.0
2018-09-13,Patiala,0.0,0.0
2018-09-13,Rupnagar,0.0,0.0
2018-09-13,Sahibzada Ajit Singh Nagar,0.0,0.0
2018-09-13,Sangrur,0.0,0.0
2018-09-13,Tarn Taran,0.0,0.0
2018-09-14,Amritsar,0.0,0.0
2018-09-14,Barnala,0.0,0.0
2018-09-14,Bathinda,0.0,0.0
2018-09-14,Faridkot,0.0,0.0
2018-09-14,Fatehgarh Sahib,0.0,0.0
2018-09-14,Firozpur,3.75,7e-06
2018-09-14,Gurdaspur,0.0,0.0
2018-09-14,Hoshiarpur,0.0,0.0
2018-09-14,Jalandhar,0.0,0.0
2018-09-14,Kapurthala,0.0,0.0
2018-09-14,Ludhiana,0.0,0.0
2018-09-14,Mansa,0.0,0.0
2018-09-14,Moga,0.0,0.0
2018-09-14,Muktsar,0.0,0.0
2018-09-14,Nawanshahr,0.0,0.0
2018-09-14,Patiala,0.0,0.0
2018-09-14,Rupnagar,0.0,0.0
2018-09-14,Sahibzada Ajit Singh Nagar,0.0,0.0
2018-09-14,Sangrur,0.0,0.0
2018-09-14,Tarn Taran,0.0,0.0
2018-09-15,Amritsar,0.0,0.0
2018-09-15,Barnala,0.0,0.0
2018-09-15,Bathinda,0.0,0.0
2018-09-15,Faridkot,0.0,0.0
2018-09-15,Fatehgarh Sahib,0.0,0.0
2018-09-15,Firozpur,0.0,0.0
2018-09-15,Gurdaspur,0.0,0.0
2018-09-15,Hoshiarpur,0.0,0.0
2018-09-15,Jalandhar,0.0,0.0
2018-09-15,Kapurthala,0.0,0.0
2018-09-15,Ludhiana,0.0,0.0
2018-09-15,Mansa,0.0,0.0
2018-09-15,Moga,0.0,0.0
2018-09-15,Muktsar,0.0,0.0
2018-09-15,Nawanshahr,0.0,0.0
2018-09-15,Patiala,0.0,0.0
2018-09-15,Rupnagar,0.0,0.0
2018-09-15,Sahibzada Ajit Singh Nagar,0.0,0.0
2018-09-15,Sangrur,0.0,0.0
2018-09-15,Tarn Taran,0.0,0.0
2018-09-16,Amritsar,0.0,0.0
2018-09-16,Barnala,0.0,0.0
2018-09-16,Bathinda,0.0,0.0
2018-09-16,Faridkot,0.0,0.0
2018-09-16,Fatehgarh Sahib,0.0,0.0
2018-09-16,Firozpur,0.0,0.0
2018-09-16,Gurdaspur,0.0,0.0
2018-09-16,Hoshiarpur,0.0,0.0
2018-09-16,Jalandhar,0.0,0.0
2018-09-16,Kapurthala,0.0,0.0
2018-09-16,Ludhiana,0.0,0.0
2018-09-16,Mansa,0.0,0.0
2018-09-16,Moga,0.0,0.0
2018-09-16,Muktsar,0.0,0.0
2018-09-16,Nawanshahr,0.0,0.0
2018-09-16,Patiala,0.0,0.0
2018-09-16,Rupnagar,0.0,0.0
2018-09-16,Sahibzada Ajit Singh Nagar,0.0,0.0
2018-09-16,Sangrur,0.0,0.0
2018-09-16,Tarn Taran,0.0,0.0
2018-09-17,Amritsar,3.6,1.3e-05
2018-09-17,Barnala,0.0,0.0
2018-09-17,Bathinda,0.0,0.0
2018-09-17,Faridkot,0.0,0.0
2018-09-17,Fatehgarh Sahib,0.0,0.0
2018-09-17,Firozpur,5.21,1e-05
2018-09-17,Gurdaspur,0.0,0.0
2018-09-17,Hoshiarpur,2.17,6e-06
2018-09-17,Jalandhar,3.67,1.4e-05
2018-09-17,Kapurthala,0.0,0.0
2018-09-17,Ludhiana,0.0,0.0
2018-09-17,Mansa,6.76,3e-05
2018-09-17,Moga,0.0,0.0
2018-09-17,Muktsar,2.25,9e-06
2018-09-17,Nawanshahr,0.0,0.0
2018-09-17,Patiala,0.0,0.0
2018-09-17,Rupnagar,0.0,0.0
2018-09-17,Sahibzada Ajit Singh Nagar,0.0,0.0
2018-09-17,Sangrur,0.0,0.0
2018-09-17,Tarn Taran,14.61,6.1e-05
2018-09-18,Amritsar,0.0,0.0
2018-09-18,Barnala,0.0,0.0
2018-09-18,Bathinda,0.0,0.0
2018-09-18,Faridkot,0.0,0.0
2018-09-18,Fatehgarh Sahib,0.0,0.0
2018-09-18,Firozpur,0.0,0.0
2018-09-18,Gurdaspur,0.0,0.0
2018-09-18,Hoshiarpur,0.0,0.0
2018-09-18,Jalandhar,0.0,0.0
2018-09-18,Kapurthala,0.0,0.0
2018-09-18,Ludhiana,0.0,0.0
2018-09-18,Mansa,0.0,0.0
2018-09-18,Moga,0.0,0.0
2018-09-18,Muktsar,0.0,0.0
2018-09-18,Nawanshahr,0.0,0.0
2018-09-18,Patiala,0.0,0.0
2018-09-18,Rupnagar,0.0,0.0
2018-09-18,Sahibzada Ajit Singh Nagar,0.0,0.0
2018-09-18,Sangrur,0.0,0.0
2018-09-18,Tarn Taran,0.0,0.0
2018-09-19,Amritsar,0.0,0.0
2018-09-19,Barnala,0.0,0.0
2018-09-19,Bathinda,0.0,0.0
2018-09-19,Faridkot,0.0,0.0
2018-09-19,Fatehgarh Sahib,0.0,0.0
2018-09-19,Firozpur,0.0,0.0
2018-09-19,Gurdaspur,0.0,0.0
2018-09-19,Hoshiarpur,0.0,0.0
2018-09-19,Jalandhar,0.0,0.0
2018-09-19,Kapurthala,0.0,0.0
2018-09-19,Ludhiana,0.0,0.0
2018-09-19,Mansa,0.0,0.0
2018-09-19,Moga,0.0,0.0
2018-09-19,Muktsar,0.0,0.0
2018-09-19,Nawanshahr,0.0,0.0
2018-09-19,Patiala,0.0,0.0
2018-09-19,Rupnagar,0.0,0.0
2018-09-19,Sahibzada Ajit Singh Nagar,0.0,0.0
2018-09-19,Sangrur,0.0,0.0
2018-09-19,Tarn Taran,0.0,0.0
2018-09-20,Amritsar,0.0,0.0
2018-09-20,Barnala,0.0,0.0
2018-09-20,Bathinda,0.0,0.0
2018-09-20,Faridkot,0.0,0.0
2018-09-20,Fatehgarh Sahib,0.0,0.0
2018-09-20,Firozpur,0.0,0.0
2018-09-20,Gurdaspur,0.0,0.0
2018-09-20,Hoshiarpur,0.0,0.0
2018-09-20,Jalandhar,0.0,0.0
2018-09-20,Kapurthala,0.0,0.0
2018-09-20,Ludhiana,0.0,0.0
2018-09-20,Mansa,0.0,0.0
2018-09-20,Moga,0.0,0.0
2018-09-20,Muktsar,0.0,0.0
2018-09-20,Nawanshahr,0.0,0.0
2018-09-20,Patiala,0.0,0.0
2018-09-20,Rupnagar,0.0,0.0
2018-09-20,Sahibzada Ajit Singh Nagar,0.0,0.0
2018-09-20,Sangrur,0.0,0.0
2018-09-20,Tarn Taran,0.0,0.0
2018-09-21,Amritsar,0.0,0.0
2018-09-21,Barnala,4.48,3e-05
2018-09-21,Bathinda,0.0,0.0
2018-09-21,Faridkot,0.0,0.0
2018-09-21,Fatehgarh Sahib,0.0,0.0
2018-09-21,Firozpur,4.41,8e-06
2018-09-21,Gurdaspur,3.58,1e-05
2018-09-21,Hoshiarpur,0.0,0.0
2018-09-21,Jalandhar,0.73,3e-06
2018-09-21,Kapurthala,0.0,0.0
2018-09-21,Ludhiana,2.94,8e-06
2018-09-21,Mansa,0.0,0.0
2018-09-21,Moga,10.31,4.4e-05
2018-09-21,Muktsar,0.0,0.0
2018-09-21,Nawanshahr,0.0,0.0
2018-09-21,Patiala,0.0,0.0
2018-09-21,Rupnagar,0.0,0.0
2018-09-21,Sahibzada Ajit Singh Nagar,0.0,0.0
2018-09-21,Sangrur,0.0,0.0
2018-09-21,Tarn Taran,10.96,4.6e-05
2018-09-22,Amritsar,0.0,0.0
2018-09-22,Barnala,0.0,0.0
2018-09-22,Bathinda,0.0,0.0
2018-09-22,Faridkot,0.0,0.0
2018-09-22,Fatehgarh Sahib,0.0,0.0
2018-09-22,Firozpur,0.0,0.0
2018-09-22,Gurdaspur,0.0,0.0
2018-09-22,Hoshiarpur,0.0,0.0
2018-09-22,Jalandhar,0.0,0.0
2018-09-22,Kapurthala,0.0,0.0
2018-09-22,Ludhiana,0.0,0.0
2018-09-22,Mansa,0.0,0.0
2018-09-22,Moga,0.0,0.0
2018-09-22,Muktsar,0.0,0.0
2018-09-22,Nawanshahr,0.0,0.0
2018-09-22,Patiala,0.0,0.0
2018-09-22,Rupnagar,0.0,0.0
2018-09-22,Sahibzada Ajit Singh Nagar,0.0,0.0
2018-09-22,Sangrur,0.0,0.0
2018-09-22,Tarn Taran,0.0,0.0
2018-09-23,Amritsar,0.0,0.0
2018-09-23,Barnala,0.0,0.0
2018-09-23,Bathinda,0.0,0.0
2018-09-23,Faridkot,0.0,0.0
2018-09-23,Fatehgarh Sahib,0.0,0.0
2018-09-23,Firozpur,0.0,0.0
2018-09-23,Gurdaspur,0.0,0.0
2018-09-23,Hoshiarpur,0.0,0.0
2018-09-23,Jalandhar,0.0,0.0
2018-09-23,Kapurthala,0.0,0.0
2018-09-23,Ludhiana,0.0,0.0
2018-09-23,Mansa,0.0,0.0
2018-09-23,Moga,0.0,0.0
2018-09-23,Muktsar,0.0,0.0
2018-09-23,Nawanshahr,0.0,0.0
2018-09-23,Patiala,0.0,0.0
2018-09-23,Rupnagar,0.0,0.0
2018-09-23,Sahibzada Ajit Singh Nagar,0.0,0.0
2018-09-23,Sangrur,0.0,0.0
2018-09-23,Tarn Taran,0.0,0.0
2018-09-24,Amritsar,0.0,0.0
2018-09-24,Barnala,0.0,0.0
2018-09-24,Bathinda,0.0,0.0
2018-09-24,Faridkot,0.0,0.0
2018-09-24,Fatehgarh Sahib,0.0,0.0
2018-09-24,Firozpur,0.0,0.0
2018-09-24,Gurdaspur,0.0,0.0
2018-09-24,Hoshiarpur,10.93,3.2e-05
2018-09-24,Jalandhar,3.66,1.4e-05
2018-09-24,Kapurthala,3.65,2.2e-05
2018-09-24,Ludhiana,0.74,2e-06
2018-09-24,Mansa,0.0,0.0
2018-09-24,Moga,0.0,0.0
2018-09-24,Muktsar,0.0,0.0
2018-09-24,Nawanshahr,0.0,0.0
2018-09-24,Patiala,2.25,7e-06
2018-09-24,Rupnagar,2.92,2.1e-05
2018-09-24,Sahibzada Ajit Singh Nagar,0.0,0.0
2018-09-24,Sangrur,0.0,0.0
2018-09-24,Tarn Taran,0.0,0.0
2018-09-25,Amritsar,0.0,0.0
2018-09-25,Barnala,0.0,0.0
2018-09-25,Bathinda,0.0,0.0
2018-09-25,Faridkot,0.0,0.0
2018-09-25,Fatehgarh Sahib,0.0,0.0
2018-09-25,Firozpur,0.0,0.0
2018-09-25,Gurdaspur,0.0,0.0
2018-09-25,Hoshiarpur,0.0,0.0
2018-09-25,Jalandhar,0.0,0.0
2018-09-25,Kapurthala,0.0,0.0
2018-09-25,Ludhiana,0.0,0.0
2018-09-25,Mansa,0.0,0.0
2018-09-25,Moga,0.0,0.0
2018-09-25,Muktsar,0.0,0.0
2018-09-25,Nawanshahr,0.0,0.0
2018-09-25,Patiala,0.0,0.0
2018-09-25,Rupnagar,0.0,0.0
2018-09-25,Sahibzada Ajit Singh Nagar,0.0,0.0
2018-09-25,Sangrur,0.0,0.0
2018-09-25,Tarn Taran,0.0,0.0
2018-09-26,Amritsar,0.0,0.0
2018-09-26,Barnala,0.0,0.0
2018-09-26,Bathinda,0.0,0.0
2018-09-26,Faridkot,0.0,0.0
2018-09-26,Fatehgarh Sahib,0.0,0.0
2018-09-26,Firozpur,3.0,6e-06
2018-09-26,Gurdaspur,0.0,0.0
2018-09-26,Hoshiarpur,0.0,0.0
2018-09-26,Jalandhar,0.0,0.0
2018-09-26,Kapurthala,0.0,0.0
2018-09-26,Ludhiana,0.0,0.0
2018-09-26,Mansa,0.0,0.0
2018-09-26,Moga,0.0,0.0
2018-09-26,Muktsar,0.0,0.0
2018-09-26,Nawanshahr,0.0,0.0
2018-09-26,Patiala,0.0,0.0
2018-09-26,Rupnagar,0.0,0.0
2018-09-26,Sahibzada Ajit Singh Nagar,0.0,0.0
2018-09-26,Sangrur,0.0,0.0
2018-09-26,Tarn Taran,0.0,0.0
2018-09-27,Amritsar,0.0,0.0
2018-09-27,Barnala,0.0,0.0
2018-09-27,Bathinda,0.0,0.0
2018-09-27,Faridkot,0.0,0.0
2018-09-27,Fatehgarh Sahib,0.0,0.0
2018-09-27,Firozpur,0.0,0.0
2018-09-27,Gurdaspur,0.0,0.0
2018-09-27,Hoshiarpur,0.0,0.0
2018-09-27,Jalandhar,0.0,0.0
2018-09-27,Kapurthala,0.0,0.0
2018-09-27,Ludhiana,0.0,0.0
2018-09-27,Mansa,0.0,0.0
2018-09-27,Moga,0.0,0.0
2018-09-27,Muktsar,0.0,0.0
2018-09-27,Nawanshahr,0.0,0.0
2018-09-27,Patiala,0.0,0.0
2018-09-27,Rupnagar,0.0,0.0
2018-09-27,Sahibzada Ajit Singh Nagar,0.0,0.0
2018-09-27,Sangrur,0.0,0.0
2018-09-27,Tarn Taran,0.0,0.0
2018-09-28,Amritsar,0.0,0.0
2018-09-28,Barnala,0.0,0.0
2018-09-28,Bathinda,0.0,0.0
2018-09-28,Faridkot,0.0,0.0
2018-09-28,Fatehgarh Sahib,0.0,0.0
2018-09-28,Firozpur,0.0,0.0
2018-09-28,Gurdaspur,6.48,1.8e-05
2018-09-28,Hoshiarpur,1.45,4e-06
2018-09-28,Jalandhar,10.26,3.9e-05
2018-09-28,Kapurthala,18.24,0.000109
2018-09-28,Ludhiana,0.0,0.0
2018-09-28,Mansa,0.0,0.0
2018-09-28,Moga,2.94,1.2e-05
2018-09-28,Muktsar,0.0,0.0
2018-09-28,Nawanshahr,0.0,0.0
2018-09-28,Patiala,39.01,0.000117
2018-09-28,Rupnagar,0.0,0.0
2018-09-28,Sahibzada Ajit Singh Nagar,0.0,0.0
2018-09-28,Sangrur,54.2,0.00015
2018-09-28,Tarn Taran,3.64,1.5e-05
2018-09-29,Amritsar,30.96,0.000116
2018-09-29,Barnala,0.0,0.0
2018-09-29,Bathinda,0.0,0.0
2018-09-29,Faridkot,0.0,0.0
2018-09-29,Fatehgarh Sahib,0.0,0.0
2018-09-29,Firozpur,237.79,0.000455
2018-09-29,Gurdaspur,163.79,0.000451
2018-09-29,Hoshiarpur,18.91,5.6e-05
2018-09-29,Jalandhar,115.79,0.000443
2018-09-29,Kapurthala,215.39,0.001293
2018-09-29,Ludhiana,8.08,2.2e-05
2018-09-29,Mansa,3.01,1.4e-05
2018-09-29,Moga,13.94,5.9e-05
2018-09-29,Muktsar,0.0,0.0
2018-09-29,Nawanshahr,0.0,0.0
2018-09-29,Patiala,25.52,7.6e-05
2018-09-29,Rupnagar,0.0,0.0
2018-09-29,Sahibzada Ajit Singh Nagar,0.0,0.0
2018-09-29,Sangrur,42.91,0.000119
2018-09-29,Tarn Taran,477.47,0.001989
2019-06-15,Amritsar,0.0,0.0
2019-06-15,Barnala,0.0,0.0
2019-06-15,Bathinda,0.0,0.0
2019-06-15,Faridkot,0.0,0.0
2019-06-15,Fatehgarh Sahib,0.0,0.0
2019-06-15,Firozpur,0.0,0.0
2019-06-15,Gurdaspur,0.0,0.0
2019-06-15,Hoshiarpur,0.0,0.0
2019-06-15,Jalandhar,0.0,0.0
2019-06-15,Kapurthala,0.0,0.0
2019-06-15,Ludhiana,0.0,0.0
2019-06-15,Mansa,0.0,0.0
2019-06-15,Moga,0.0,0.0
2019-06-15,Muktsar,0.0,0.0
2019-06-15,Nawanshahr,0.0,0.0
2019-06-15,Patiala,0.0,0.0
2019-06-15,Rupnagar,0.0,0.0
2019-06-15,Sahibzada Ajit Singh Nagar,0.0,0.0
2019-06-15,Sangrur,0.0,0.0
2019-06-15,Tarn Taran,0.0,0.0
2019-06-16,Amritsar,0.0,0.0
2019-06-16,Barnala,0.0,0.0
2019-06-16,Bathinda,0.0,0.0
2019-06-16,Faridkot,0.0,0.0
2019-06-16,Fatehgarh Sahib,0.0,0.0
2019-06-16,Firozpur,0.0,0.0
2019-06-16,Gurdaspur,0.0,0.0
2019-06-16,Hoshiarpur,0.0,0.0
2019-06-16,Jalandhar,0.0,0.0
2019-06-16,Kapurthala,0.0,0.0
2019-06-16,Ludhiana,0.0,0.0
2019-06-16,Mansa,0.0,0.0
2019-06-16,Moga,0.0,0.0
2019-06-16,Muktsar,0.0,0.0
2019-06-16,Nawanshahr,0.0,0.0
2019-06-16,Patiala,0.0,0.0
2019-06-16,Rupnagar,0.0,0.0
2019-06-16,Sahibzada Ajit Singh Nagar,0.0,0.0
2019-06-16,Sangrur,0.0,0.0
2019-06-16,Tarn Taran,0.0,0.0
2019-06-17,Amritsar,0.0,0.0
2019-06-17,Barnala,0.0,0.0
2019-06-17,Bathinda,0.0,0.0
2019-06-17,Faridkot,0.0,0.0
2019-06-17,Fatehgarh Sahib,0.0,0.0
2019-06-17,Firozpur,0.0,0.0
2019-06-17,Gurdaspur,0.0,0.0
2019-06-17,Hoshiarpur,0.0,0.0
2019-06-17,Jalandhar,0.0,0.0
2019-06-17,Kapurthala,0.0,0.0
2019-06-17,Ludhiana,0.0,0.0
2019-06-17,Mansa,0.0,0.0
2019-06-17,Moga,0.0,0.0
2019-06-17,Muktsar,0.0,0.0
2019-06-17,Nawanshahr,0.0,0.0
2019-06-17,Patiala,0.0,0.0
2019-06-17,Rupnagar,0.0,0.0
2019-06-17,Sahibzada Ajit Singh Nagar,0.0,0.0
2019-06-17,Sangrur,0.0,0.0
2019-06-17,Tarn Taran,0.0,0.0
2019-06-18,Amritsar,0.0,0.0
2019-06-18,Barnala,0.0,0.0
2019-06-18,Bathinda,0.0,0.0
2019-06-18,Faridkot,0.0,0.0
2019-06-18,Fatehgarh Sahib,0.0,0.0
2019-06-18,Firozpur,0.0,0.0
2019-06-18,Gurdaspur,0.0,0.0
2019-06-18,Hoshiarpur,0.0,0.0
2019-06-18,Jalandhar,0.0,0.0
2019-06-18,Kapurthala,0.0,0.0
2019-06-18,Ludhiana,0.0,0.0
2019-06-18,Mansa,0.0,0.0
2019-06-18,Moga,0.0,0.0
2019-06-18,Muktsar,0.0,0.0
2019-06-18,Nawanshahr,0.0,0.0
2019-06-18,Patiala,0.0,0.0
2019-06-18,Rupnagar,0.0,0.0
2019-06-18,Sahibzada Ajit Singh Nagar,0.0,0.0
2019-06-18,Sangrur,0.0,0.0
2019-06-18,Tarn Taran,0.0,0.0
2019-06-19,Amritsar,2394.14,0.008975
2019-06-19,Barnala,5660.11,0.037979
2019-06-19,Bathinda,4.48,1.3e-05
2019-06-19,Faridkot,0.0,0.0
2019-06-19,Fatehgarh Sahib,2944.67,0.025682
2019-06-19,Firozpur,0.0,0.0
2019-06-19,Gurdaspur,2004.1,0.005521
2019-06-19,Hoshiarpur,853.79,0.002528
2019-06-19,Jalandhar,2043.03,0.007816
2019-06-19,Kapurthala,4223.07,0.025343
2019-06-19,Ludhiana,7082.33,0.019692
2019-06-19,Mansa,3634.95,0.016384
2019-06-19,Moga,3672.75,0.0156
2019-06-19,Muktsar,0.0,0.0
2019-06-19,Nawanshahr,1333.98,0.010223
2019-06-19,Patiala,13904.92,0.041627
2019-06-19,Rupnagar,418.79,0.003017
2019-06-19,Sahibzada Ajit Singh Nagar,66.78,0.000601
2019-06-19,Sangrur,19964.38,0.055287
2019-06-19,Tarn Taran,724.67,0.003019
2019-06-20,Amritsar,0.0,0.0
2019-06-20,Barnala,0.0,0.0
2019-06-20,Bathinda,0.0,0.0
2019-06-20,Faridkot,0.0,0.0
2019-06-20,Fatehgarh Sahib,0.0,0.0
2019-06-20,Firozpur,0.0,0.0
2019-06-20,Gurdaspur,0.0,0.0
2019-06-20,Hoshiarpur,0.0,0.0
2019-06-20,Jalandhar,0.0,0.0
2019-06-20,Kapurthala,0.0,0.0
2019-06-20,Ludhiana,0.0,0.0
2019-06-20,Mansa,0.0,0.0
2019-06-20,Moga,0.0,0.0
2019-06-20,Muktsar,0.0,0.0
2019-06-20,Nawanshahr,0.0,0.0
2019-06-20,Patiala,0.0,0.0
2019-06-20,Rupnagar,0.0,0.0
2019-06-20,Sahibzada Ajit Singh Nagar,0.0,0.0
2019-06-20,Sangrur,0.0,0.0
2019-06-20,Tarn Taran,0.0,0.0
2019-06-21,Amritsar,0.0,0.0
2019-06-21,Barnala,0.0,0.0
2019-06-21,Bathinda,0.0,0.0
2019-06-21,Faridkot,0.0,0.0
2019-06-21,Fatehgarh Sahib,0.0,0.0
2019-06-21,Firozpur,0.0,0.0
2019-06-21,Gurdaspur,0.0,0.0
2019-06-21,Hoshiarpur,0.0,0.0
2019-06-21,Jalandhar,0.0,0.0
2019-06-21,Kapurthala,0.0,0.0
2019-06-21,Ludhiana,0.0,0.0
2019-06-21,Mansa,0.0,0.0
2019-06-21,Moga,0.0,0.0
2019-06-21,Muktsar,0.0,0.0
2019-06-21,Nawanshahr,0.0,0.0
2019-06-21,Patiala,0.0,0.0
2019-06-21,Rupnagar,0.0,0.0
2019-06-21,Sahibzada Ajit Singh Nagar,0.0,0.0
2019-06-21,Sangrur,0.0,0.0
2019-06-21,Tarn Taran,0.0,0.0
2019-06-22,Amritsar,0.0,0.0
2019-06-22,Barnala,0.0,0.0
2019-06-22,Bathinda,0.0,0.0
2019-06-22,Faridkot,0.0,0.0
2019-06-22,Fatehgarh Sahib,0.0,0.0
2019-06-22,Firozpur,0.0,0.0
2019-06-22,Gurdaspur,0.0,0.0
2019-06-22,Hoshiarpur,0.0,0.0
2019-06-22,Jalandhar,0.0,0.0
2019-06-22,Kapurthala,0.0,0.0
2019-06-22,Ludhiana,0.0,0.0
2019-06-22,Mansa,0.0,0.0
2019-06-22,Moga,0.0,0.0
2019-06-22,Muktsar,0.0,0.0
2019-06-22,Nawanshahr,0.0,0.0
2019-06-22,Patiala,0.0,0.0
2019-06-22,Rupnagar,0.0,0.0
2019-06-22,Sahibzada Ajit Singh Nagar,0.0,0.0
2019-06-22,Sangrur,0.0,0.0
2019-06-22,Tarn Taran,0.0,0.0
2019-06-23,Amritsar,0.0,0.0
2019-06-23,Barnala,0.0,0.0
2019-06-23,Bathinda,0.0,0.0
2019-06-23,Faridkot,0.0,0.0
2019-06-23,Fatehgarh Sahib,0.0,0.0
2019-06-23,Firozpur,0.0,0.0
2019-06-23,Gurdaspur,0.0,0.0
2019-06-23,Hoshiarpur,0.0,0.0
2019-06-23,Jalandhar,0.0,0.0
2019-06-23,Kapurthala,0.0,0.0
2019-06-23,Ludhiana,0.0,0.0
2019-06-23,Mansa,0.0,0.0
2019-06-23,Moga,0.0,0.0
2019-06-23,Muktsar,0.0,0.0
2019-06-23,Nawanshahr,0.0,0.0
2019-06-23,Patiala,0.0,0.0
2019-06-23,Rupnagar,0.0,0.0
2019-06-23,Sahibzada Ajit Singh Nagar,0.0,0.0
2019-06-23,Sangrur,0.0,0.0
2019-06-23,Tarn Taran,0.0,0.0
2019-06-24,Amritsar,3283.3,0.012308
2019-06-24,Barnala,40.94,0.000275
2019-06-24,Bathinda,213.09,0.00063
2019-06-24,Faridkot,980.77,0.006738
2019-06-24,Fatehgarh Sahib,0.0,0.0
2019-06-24,Firozpur,30992.39,0.059357
2019-06-24,Gurdaspur,1021.21,0.002813
2019-06-24,Hoshiarpur,227.45,0.000674
2019-06-24,Jalandhar,586.39,0.002243
2019-06-24,Kapurthala,3973.78,0.023847
2019-06-24,Ludhiana,83.12,0.000231
2019-06-24,Mansa,2.26,1e-05
2019-06-24,Moga,1383.07,0.005874
2019-06-24,Muktsar,1177.1,0.004505
2019-06-24,Nawanshahr,0.0,0.0
2019-06-24,Patiala,0.0,0.0
2019-06-24,Rupnagar,0.0,0.0
2019-06-24,Sahibzada Ajit Singh Nagar,0.0,0.0
2019-06-24,Sangrur,889.16,0.002462
2019-06-24,Tarn Taran,7505.71,0.031265
2019-06-25,Amritsar,0.0,0.0
2019-06-25,Barnala,0.0,0.0
2019-06-25,Bathinda,0.0,0.0
2019-06-25,Faridkot,0.0,0.0
2019-06-25,Fatehgarh Sahib,0.0,0.0
2019-06-25,Firozpur,1131.67,0.002167
2019-06-25,Gurdaspur,0.0,0.0
2019-06-25,Hoshiarpur,0.0,0.0
2019-06-25,Jalandhar,0.0,0.0
2019-06-25,Kapurthala,0.0,0.0
2019-06-25,Ludhiana,0.0,0.0
2019-06-25,Mansa,0.0,0.0
2019-06-25,Moga,0.0,0.0
2019-06-25,Muktsar,0.0,0.0
2019-06-25,Nawanshahr,0.0,0.0
2019-06-25,Patiala,0.0,0.0
2019-06-25,Rupnagar,0.0,0.0
2019-06-25,Sahibzada Ajit Singh Nagar,0.0,0.0
2019-06-25,Sangrur,0.0,0.0
2019-06-25,Tarn Taran,0.0,0.0
2019-06-26,Amritsar,0.0,0.0
2019-06-26,Barnala,0.0,0.0
2019-06-26,Bathinda,0.0,0.0
2019-06-26,Faridkot,0.0,0.0
2019-06-26,Fatehgarh Sahib,0.0,0.0
2019-06-26,Firozpur,0.0,0.0
2019-06-26,Gurdaspur,0.0,0.0
2019-06-26,Hoshiarpur,0.0,0.0
2019-06-26,Jalandhar,0.0,0.0
2019-06-26,Kapurthala,0.0,0.0
2019-06-26,Ludhiana,0.0,0.0
2019-06-26,Mansa,0.0,0.0
2019-06-26,Moga,0.0,0.0
2019-06-26,Muktsar,0.0,0.0
2019-06-26,Nawanshahr,0.0,0.0
2019-06-26,Patiala,0.0,0.0
2019-06-26,Rupnagar,0.0,0.0
2019-06-26,Sahibzada Ajit Singh Nagar,0.0,0.0
2019-06-26,Sangrur,0.0,0.0
2019-06-26,Tarn Taran,0.0,0.0
2019-06-27,Amritsar,0.0,0.0
2019-06-27,Barnala,0.0,0.0
2019-06-27,Bathinda,0.0,0.0
2019-06-27,Faridkot,0.0,0.0
2019-06-27,Fatehgarh Sahib,0.0,0.0
2019-06-27,Firozpur,0.0,0.0
2019-06-27,Gurdaspur,0.0,0.0
2019-06-27,Hoshiarpur,0.0,0.0
2019-06-27,Jalandhar,0.0,0.0
2019-06-27,Kapurthala,0.0,0.0
2019-06-27,Ludhiana,0.0,0.0
2019-06-27,Mansa,0.0,0.0
2019-06-27,Moga,0.0,0.0
2019-06-27,Muktsar,0.0,0.0
2019-06-27,Nawanshahr,0.0,0.0
2019-06-27,Patiala,0.0,0.0
2019-06-27,Rupnagar,0.0,0.0
2019-06-27,Sahibzada Ajit Singh Nagar,0.0,0.0
2019-06-27,Sangrur,0.0,0.0
2019-06-27,Tarn Taran,0.0,0.0
2019-06-28,Amritsar,0.0,0.0
2019-06-28,Barnala,0.0,0.0
2019-06-28,Bathinda,0.0,0.0
2019-06-28,Faridkot,0.0,0.0
2019-06-28,Fatehgarh Sahib,0.0,0.0
2019-06-28,Firozpur,0.0,0.0
2019-06-28,Gurdaspur,0.0,0.0
2019-06-28,Hoshiarpur,0.0,0.0
2019-06-28,Jalandhar,0.0,0.0
2019-06-28,Kapurthala,0.0,0.0
2019-06-28,Ludhiana,0.0,0.0
2019-06-28,Mansa,0.0,0.0
2019-06-28,Moga,0.0,0.0
2019-06-28,Muktsar,0.0,0.0
2019-06-28,Nawanshahr,0.0,0.0
2019-06-28,Patiala,0.0,0.0
2019-06-28,Rupnagar,0.0,0.0
2019-06-28,Sahibzada Ajit Singh Nagar,0.0,0.0
2019-06-28,Sangrur,0.0,0.0
2019-06-28,Tarn Taran,0.0,0.0
2019-06-29,Amritsar,0.0,0.0
2019-06-29,Barnala,0.0,0.0
2019-06-29,Bathinda,0.0,0.0
2019-06-29,Faridkot,0.0,0.0
2019-06-29,Fatehgarh Sahib,0.0,0.0
2019-06-29,Firozpur,0.0,0.0
2019-06-29,Gurdaspur,0.0,0.0
2019-06-29,Hoshiarpur,0.0,0.0
2019-06-29,Jalandhar,0.0,0.0
2019-06-29,Kapurthala,0.0,0.0
2019-06-29,Ludhiana,0.0,0.0
2019-06-29,Mansa,0.0,0.0
2019-06-29,Moga,0.0,0.0
2019-06-29,Muktsar,0.0,0.0
2019-06-29,Nawanshahr,0.0,0.0
2019-06-29,Patiala,0.0,0.0
2019-06-29,Rupnagar,0.0,0.0
2019-06-29,Sahibzada Ajit Singh Nagar,0.0,0.0
2019-06-29,Sangrur,0.0,0.0
2019-06-29,Tarn Taran,0.0,0.0
2019-06-30,Amritsar,0.0,0.0
2019-06-30,Barnala,0.0,0.0
2019-06-30,Bathinda,0.0,0.0
2019-06-30,Faridkot,0.0,0.0
2019-06-30,Fatehgarh Sahib,0.0,0.0
2019-06-30,Firozpur,0.0,0.0
2019-06-30,Gurdaspur,0.0,0.0
2019-06-30,Hoshiarpur,0.0,0.0
2019-06-30,Jalandhar,0.0,0.0
2019-06-30,Kapurthala,0.0,0.0
2019-06-30,Ludhiana,0.0,0.0
2019-06-30,Mansa,0.0,0.0
2019-06-30,Moga,0.0,0.0
2019-06-30,Muktsar,0.0,0.0
2019-06-30,Nawanshahr,0.0,0.0
2019-06-30,Patiala,0.0,0.0
2019-06-30,Rupnagar,0.0,0.0
2019-06-30,Sahibzada Ajit Singh Nagar,0.0,0.0
2019-06-30,Sangrur,0.0,0.0
2019-06-30,Tarn Taran,0.0,0.0
2019-07-01,Amritsar,2.9,1.1e-05
2019-07-01,Barnala,102.4,0.000687
2019-07-01,Bathinda,0.0,0.0
2019-07-01,Faridkot,0.0,0.0
2019-07-01,Fatehgarh Sahib,2796.91,0.024393
2019-07-01,Firozpur,0.0,0.0
2019-07-01,Gurdaspur,11.51,3.2e-05
2019-07-01,Hoshiarpur,6.57,1.9e-05
2019-07-01,Jalandhar,304.57,0.001165
2019-07-01,Kapurthala,244.54,0.001467
2019-07-01,Ludhiana,2632.77,0.00732
2019-07-01,Mansa,21.72,9.8e-05
2019-07-01,Moga,214.25,0.00091
2019-07-01,Muktsar,0.0,0.0
2019-07-01,Nawanshahr,262.74,0.002014
2019-07-01,Patiala,2098.53,0.006282
2019-07-01,Rupnagar,214.44,0.001545
2019-07-01,Sahibzada Ajit Singh Nagar,0.0,0.0
2019-07-01,Sangrur,1033.97,0.002863
2019-07-01,Tarn Taran,26.21,0.000109
2019-07-02,Amritsar,2637.3,0.009886
2019-07-02,Barnala,573.91,0.003851
2019-07-02,Bathinda,3480.01,0.010294
2019-07-02,Faridkot,1470.22,0.0101
2019-07-02,Fatehgarh Sahib,48.18,0.00042
2019-07-02,Firozpur,9929.99,0.019018
2019-07-02,Gurdaspur,1118.86,0.003082
2019-07-02,Hoshiarpur,176.08,0.000521
2019-07-02,Jalandhar,562.04,0.00215
2019-07-02,Kapurthala,1244.44,0.007468
2019-07-02,Ludhiana,2360.58,0.006564
2019-07-02,Mansa,4594.83,0.02071
2019-07-02,Moga,2534.94,0.010767
2019-07-02,Muktsar,1224.69,0.004687
2019-07-02,Nawanshahr,114.05,0.000874
2019-07-02,Patiala,538.03,0.001611
2019-07-02,Rupnagar,0.0,0.0
2019-07-02,Sahibzada Ajit Singh Nagar,0.0,0.0
2019-07-02,Sangrur,5401.01,0.014957
2019-07-02,Tarn Taran,1274.17,0.005308
2019-07-03,Amritsar,0.0,0.0
2019-07-03,Barnala,0.0,0.0
2019-07-03,Bathinda,0.0,0.0
2019-07-03,Faridkot,0.0,0.0
2019-07-03,Fatehgarh Sahib,0.0,0.0
2019-07-03,Firozpur,0.0,0.0
2019-07-03,Gurdaspur,0.0,0.0
2019-07-03,Hoshiarpur,0.0,0.0
2019-07-03,Jalandhar,0.0,0.0
2019-07-03,Kapurthala,0.0,0.0
2019-07-03,Ludhiana,0.0,0.0
2019-07-03,Mansa,0.0,0.0
2019-07-03,Moga,0.0,0.0
2019-07-03,Muktsar,0.0,0.0
2019-07-03,Nawanshahr,0.0,0.0
2019-07-03,Patiala,0.0,0.0
2019-07-03,Rupnagar,0.0,0.0
2019-07-03,Sahibzada Ajit Singh Nagar,0.0,0.0
2019-07-03,Sangrur,0.0,0.0
2019-07-03,Tarn Taran,0.0,0.0
2019-07-04,Amritsar,0.0,0.0
2019-07-04,Barnala,0.0,0.0
2019-07-04,Bathinda,0.0,0.0
2019-07-04,Faridkot,0.0,0.0
2019-07-04,Fatehgarh Sahib,0.0,0.0
2019-07-04,Firozpur,0.0,0.0
2019-07-04,Gurdaspur,0.0,0.0
2019-07-04,Hoshiarpur,0.0,0.0
2019-07-04,Jalandhar,0.0,0.0
2019-07-04,Kapurthala,0.0,0.0
2019-07-04,Ludhiana,0.0,0.0
2019-07-04,Mansa,0.0,0.0
2019-07-04,Moga,0.0,0.0
2019-07-04,Muktsar,0.0,0.0
2019-07-04,Nawanshahr,0.0,0.0
2019-07-04,Patiala,0.0,0.0
2019-07-04,Rupnagar,0.0,0.0
2019-07-04,Sahibzada Ajit Singh Nagar,0.0,0.0
2019-07-04,Sangrur,0.0,0.0
2019-07-04,Tarn Taran,0.0,0.0
2019-07-05,Amritsar,0.0,0.0
2019-07-05,Barnala,0.0,0.0
2019-07-05,Bathinda,0.0,0.0
2019-07-05,Faridkot,0.0,0.0
2019-07-05,Fatehgarh Sahib,0.0,0.0
2019-07-05,Firozpur,0.0,0.0
2019-07-05,Gurdaspur,0.0,0.0
2019-07-05,Hoshiarpur,0.0,0.0
2019-07-05,Jalandhar,0.0,0.0
2019-07-05,Kapurthala,0.0,0.0
2019-07-05,Ludhiana,0.0,0.0
2019-07-05,Mansa,0.0,0.0
2019-07-05,Moga,0.0,0.0
2019-07-05,Muktsar,0.0,0.0
2019-07-05,Nawanshahr,0.0,0.0
2019-07-05,Patiala,0.0,0.0
2019-07-05,Rupnagar,0.0,0.0
2019-07-05,Sahibzada Ajit Singh Nagar,0.0,0.0
2019-07-05,Sangrur,0.0,0.0
2019-07-05,Tarn Taran,0.0,0.0
2019-07-06,Amritsar,2493.73,0.009348
2019-07-06,Barnala,215.91,0.001449
2019-07-06,Bathinda,76.23,0.000225
2019-07-06,Faridkot,22.16,0.000152
2019-07-06,Fatehgarh Sahib,0.0,0.0
2019-07-06,Firozpur,6955.23,0.013321
2019-07-06,Gurdaspur,451.41,0.001244
2019-07-06,Hoshiarpur,0.0,0.0
2019-07-06,Jalandhar,52.84,0.000202
2019-07-06,Kapurthala,163.62,0.000982
2019-07-06,Ludhiana,44.2,0.000123
2019-07-06,Mansa,5.27,2.4e-05
2019-07-06,Moga,358.63,0.001523
2019-07-06,Muktsar,127.98,0.00049
2019-07-06,Nawanshahr,0.0,0.0
2019-07-06,Patiala,0.0,0.0
2019-07-06,Rupnagar,0.0,0.0
2019-07-06,Sahibzada Ajit Singh Nagar,0.0,0.0
2019-07-06,Sangrur,37.62,0.000104
2019-07-06,Tarn Taran,1451.01,0.006044
2019-07-07,Amritsar,0.0,0.0
2019-07-07,Barnala,0.0,0.0
2019-07-07,Bathinda,0.0,0.0
2019-07-07,Faridkot,0.0,0.0
2019-07-07,Fatehgarh Sahib,0.0,0.0
2019-07-07,Firozpur,600.94,0.001151
2019-07-07,Gurdaspur,0.0,0.0
2019-07-07,Hoshiarpur,0.0,0.0
2019-07-07,Jalandhar,0.0,0.0
2019-07-07,Kapurthala,0.0,0.0
2019-07-07,Ludhiana,0.0,0.0
2019-07-07,Mansa,0.0,0.0
2019-07-07,Moga,0.0,0.0
2019-07-07,Muktsar,0.0,0.0
2019-07-07,Nawanshahr,0.0,0.0
2019-07-07,Patiala,0.0,0.0
2019-07-07,Rupnagar,0.0,0.0
2019-07-07,Sahibzada Ajit Singh Nagar,0.0,0.0
2019-07-07,Sangrur,0.0,0.0
2019-07-07,Tarn Taran,0.0,0.0
2019-07-08,Amritsar,0.0,0.0
2019-07-08,Barnala,0.0,0.0
2019-07-08,Bathinda,0.0,0.0
2019-07-08,Faridkot,0.0,0.0
2019-07-08,Fatehgarh Sahib,0.0,0.0
2019-07-08,Firozpur,0.0,0.0
2019-07-08,Gurdaspur,0.0,0.0
2019-07-08,Hoshiarpur,0.0,0.0
2019-07-08,Jalandhar,0.0,0.0
2019-07-08,Kapurthala,0.0,0.0
2019-07-08,Ludhiana,0.0,0.0
2019-07-08,Mansa,0.0,0.0
2019-07-08,Moga,0.0,0.0
2019-07-08,Muktsar,0.0,0.0
2019-07-08,Nawanshahr,0.0,0.0
2019-07-08,Patiala,0.0,0.0
2019-07-08,Rupnagar,0.0,0.0
2019-07-08,Sahibzada Ajit Singh Nagar,0.0,0.0
2019-07-08,Sangrur,0.0,0.0
2019-07-08,Tarn Taran,0.0,0.0
2019-07-09,Amritsar,0.0,0.0
2019-07-09,Barnala,0.0,0.0
2019-07-09,Bathinda,0.0,0.0
2019-07-09,Faridkot,0.0,0.0
2019-07-09,Fatehgarh Sahib,0.0,0.0
2019-07-09,Firozpur,0.0,0.0
2019-07-09,Gurdaspur,0.0,0.0
2019-07-09,Hoshiarpur,0.0,0.0
2019-07-09,Jalandhar,0.0,0.0
2019-07-09,Kapurthala,0.0,0.0
2019-07-09,Ludhiana,0.0,0.0
2019-07-09,Mansa,0.0,0.0
2019-07-09,Moga,0.0,0.0
2019-07-09,Muktsar,0.0,0.0
2019-07-09,Nawanshahr,0.0,0.0
2019-07-09,Patiala,0.0,0.0
2019-07-09,Rupnagar,0.0,0.0
2019-07-09,Sahibzada Ajit Singh Nagar,0.0,0.0
2019-07-09,Sangrur,0.0,0.0
2019-07-09,Tarn Taran,0.0,0.0
2019-07-10,Amritsar,0.0,0.0
2019-07-10,Barnala,0.0,0.0
2019-07-10,Bathinda,0.0,0.0
2019-07-10,Faridkot,0.0,0.0
2019-07-10,Fatehgarh Sahib,0.0,0.0
2019-07-10,Firozpur,0.0,0.0
2019-07-10,Gurdaspur,0.0,0.0
2019-07-10,Hoshiarpur,0.0,0.0
2019-07-10,Jalandhar,0.0,0.0
2019-07-10,Kapurthala,0.0,0.0
2019-07-10,Ludhiana,0.0,0.0
2019-07-10,Mansa,0.0,0.0
2019-07-10,Moga,0.0,0.0
2019-07-10,Muktsar,0.0,0.0
2019-07-10,Nawanshahr,0.0,0.0
2019-07-10,Patiala,0.0,0.0
2019-07-10,Rupnagar,0.0,0.0
2019-07-10,Sahibzada Ajit Singh Nagar,0.0,0.0
2019-07-10,Sangrur,0.0,0.0
2019-07-10,Tarn Taran,0.0,0.0
2019-07-11,Amritsar,0.0,0.0
2019-07-11,Barnala,0.0,0.0
2019-07-11,Bathinda,0.0,0.0
2019-07-11,Faridkot,0.0,0.0
2019-07-11,Fatehgarh Sahib,0.0,0.0
2019-07-11,Firozpur,0.0,0.0
2019-07-11,Gurdaspur,0.0,0.0
2019-07-11,Hoshiarpur,0.0,0.0
2019-07-11,Jalandhar,0.0,0.0
2019-07-11,Kapurthala,0.0,0.0
2019-07-11,Ludhiana,0.0,0.0
2019-07-11,Mansa,0.0,0.0
2019-07-11,Moga,0.0,0.0
2019-07-11,Muktsar,0.0,0.0
2019-07-11,Nawanshahr,0.0,0.0
2019-07-11,Patiala,0.0,0.0
2019-07-11,Rupnagar,0.0,0.0
2019-07-11,Sahibzada Ajit Singh Nagar,0.0,0.0
2019-07-11,Sangrur,0.0,0.0
2019-07-11,Tarn Taran,0.0,0.0
2019-07-12,Amritsar,0.0,0.0
2019-07-12,Barnala,0.0,0.0
2019-07-12,Bathinda,0.0,0.0
2019-07-12,Faridkot,0.0,0.0
2019-07-12,Fatehgarh Sahib,0.0,0.0
2019-07-12,Firozpur,0.0,0.0
2019-07-12,Gurdaspur,0.0,0.0
2019-07-12,Hoshiarpur,0.0,0.0
2019-07-12,Jalandhar,0.0,0.0
2019-07-12,Kapurthala,0.0,0.0
2019-07-12,Ludhiana,0.0,0.0
2019-07-12,Mansa,0.0,0.0
2019-07-12,Moga,0.0,0.0
2019-07-12,Muktsar,0.0,0.0
2019-07-12,Nawanshahr,0.0,0.0
2019-07-12,Patiala,0.0,0.0
2019-07-12,Rupnagar,0.0,0.0
2019-07-12,Sahibzada Ajit Singh Nagar,0.0,0.0
2019-07-12,Sangrur,0.0,0.0
2019-07-12,Tarn Taran,0.0,0.0
2019-07-13,Amritsar,19.54,7.3e-05
2019-07-13,Barnala,0.0,0.0
2019-07-13,Bathinda,0.0,0.0
2019-07-13,Faridkot,0.0,0.0
2019-07-13,Fatehgarh Sahib,1532.98,0.01337
2019-07-13,Firozpur,0.0,0.0
2019-07-13,Gurdaspur,419.46,0.001156
2019-07-13,Hoshiarpur,88.21,0.000261
2019-07-13,Jalandhar,39.61,0.000152
2019-07-13,Kapurthala,678.52,0.004072
2019-07-13,Ludhiana,635.99,0.001768
2019-07-13,Mansa,0.0,0.0
2019-07-13,Moga,4.4,1.9e-05
2019-07-13,Muktsar,0.0,0.0
2019-07-13,Nawanshahr,307.02,0.002353
2019-07-13,Patiala,2960.7,0.008863
2019-07-13,Rupnagar,254.26,0.001832
2019-07-13,Sahibzada Ajit Singh Nagar,764.35,0.006878
2019-07-13,Sangrur,65.97,0.000183
2019-07-13,Tarn Taran,2.91,1.2e-05
2019-07-14,Amritsar,1303.36,0.004886
2019-07-14,Barnala,0.0,0.0
2019-07-14,Bathinda,0.0,0.0
2019-07-14,Faridkot,25.89,0.000178
2019-07-14,Fatehgarh Sahib,78.5,0.000685
2019-07-14,Firozpur,322.75,0.000618
2019-07-14,Gurdaspur,453.25,0.001249
2019-07-14,Hoshiarpur,116.05,0.000344
2019-07-14,Jalandhar,711.51,0.002722
2019-07-14,Kapurthala,924.44,0.005548
2019-07-14,Ludhiana,1046.82,0.002911
2019-07-14,Mansa,0.0,0.0
2019-07-14,Moga,338.27,0.001437
2019-07-14,Muktsar,0.0,0.0
2019-07-14,Nawanshahr,641.29,0.004915
2019-07-14,Patiala,12.62,3.8e-05
2019-07-14,Rupnagar,0.0,0.0
2019-07-14,Sahibzada Ajit Singh Nagar,0.0,0.0
2019-07-14,Sangrur,85.42,0.000237
2019-07-14,Tarn Taran,351.45,0.001464
2019-07-15,Amritsar,0.0,0.0
2019-07-15,Barnala,0.0,0.0
2019-07-15,Bathinda,0.0,0.0
2019-07-15,Faridkot,0.0,0.0
2019-07-15,Fatehgarh Sahib,0.0,0.0
2019-07-15,Firozpur,0.0,0.0
2019-07-15,Gurdaspur,0.0,0.0
2019-07-15,Hoshiarpur,0.0,0.0
2019-07-15,Jalandhar,0.0,0.0
2019-07-15,Kapurthala,0.0,0.0
2019-07-15,Ludhiana,0.0,0.0
2019-07-15,Mansa,0.0,0.0
2019-07-15,Moga,0.0,0.0
2019-07-15,Muktsar,0.0,0.0
2019-07-15,Nawanshahr,0.0,0.0
2019-07-15,Patiala,0.0,0.0
2019-07-15,Rupnagar,0.0,0.0
2019-07-15,Sahibzada Ajit Singh Nagar,0.0,0.0
2019-07-15,Sangrur,0.0,0.0
2019-07-15,Tarn Taran,0.0,0.0
2019-07-16,Amritsar,0.0,0.0
2019-07-16,Barnala,0.0,0.0
2019-07-16,Bathinda,0.0,0.0
2019-07-16,Faridkot,0.0,0.0
2019-07-16,Fatehgarh Sahib,0.0,0.0
2019-07-16,Firozpur,0.0,0.0
2019-07-16,Gurdaspur,0.0,0.0
2019-07-16,Hoshiarpur,0.0,0.0
2019-07-16,Jalandhar,0.0,0.0
2019-07-16,Kapurthala,0.0,0.0
2019-07-16,Ludhiana,0.0,0.0
2019-07-16,Mansa,0.0,0.0
2019-07-16,Moga,0.0,0.0
2019-07-16,Muktsar,0.0,0.0
2019-07-16,Nawanshahr,0.0,0.0
2019-07-16,Patiala,0.0,0.0
2019-07-16,Rupnagar,0.0,0.0
2019-07-16,Sahibzada Ajit Singh Nagar,0.0,0.0
2019-07-16,Sangrur,0.0,0.0
2019-07-16,Tarn Taran,0.0,0.0
2019-07-17,Amritsar,0.0,0.0
2019-07-17,Barnala,0.0,0.0
2019-07-17,Bathinda,0.0,0.0
2019-07-17,Faridkot,0.0,0.0
2019-07-17,Fatehgarh Sahib,0.0,0.0
2019-07-17,Firozpur,0.0,0.0
2019-07-17,Gurdaspur,0.0,0.0
2019-07-17,Hoshiarpur,0.0,0.0
2019-07-17,Jalandhar,0.0,0.0
2019-07-17,Kapurthala,0.0,0.0
2019-07-17,Ludhiana,0.0,0.0
2019-07-17,Mansa,0.0,0.0
2019-07-17,Moga,0.0,0.0
2019-07-17,Muktsar,0.0,0.0
2019-07-17,Nawanshahr,0.0,0.0
2019-07-17,Patiala,0.0,0.0
2019-07-17,Rupnagar,0.0,0.0
2019-07-17,Sahibzada Ajit Singh Nagar,0.0,0.0
2019-07-17,Sangrur,0.0,0.0
2019-07-17,Tarn Taran,0.0,0.0
2019-07-18,Amritsar,116.54,0.000437
2019-07-18,Barnala,457.26,0.003068
2019-07-18,Bathinda,7886.7,0.023329
2019-07-18,Faridkot,2272.32,0.015611
2019-07-18,Fatehgarh Sahib,0.0,0.0
2019-07-18,Firozpur,2719.82,0.005209
2019-07-18,Gurdaspur,3.6,1e-05
2019-07-18,Hoshiarpur,0.0,0.0
2019-07-18,Jalandhar,173.14,0.000662
2019-07-18,Kapurthala,121.05,0.000726
2019-07-18,Ludhiana,84.66,0.000235
2019-07-18,Mansa,3891.32,0.017539
2019-07-18,Moga,131.28,0.000558
2019-07-18,Muktsar,8048.81,0.030803
2019-07-18,Nawanshahr,0.0,0.0
2019-07-18,Patiala,63.07,0.000189
2019-07-18,Rupnagar,0.0,0.0
2019-07-18,Sahibzada Ajit Singh Nagar,0.0,0.0
2019-07-18,Sangrur,3470.39,0.009611
2019-07-18,Tarn Taran,474.66,0.001977
2019-07-19,Amritsar,0.0,0.0
2019-07-19,Barnala,0.0,0.0
2019-07-19,Bathinda,0.0,0.0
2019-07-19,Faridkot,0.0,0.0
2019-07-19,Fatehgarh Sahib,0.0,0.0
2019-07-19,Firozpur,108.49,0.000208
2019-07-19,Gurdaspur,0.0,0.0
2019-07-19,Hoshiarpur,0.0,0.0
2019-07-19,Jalandhar,0.0,0.0
2019-07-19,Kapurthala,0.0,0.0
2019-07-19,Ludhiana,0.0,0.0
2019-07-19,Mansa,0.0,0.0
2019-07-19,Moga,0.0,0.0
2019-07-19,Muktsar,0.0,0.0
2019-07-19,Nawanshahr,0.0,0.0
2019-07-19,Patiala,0.0,0.0
2019-07-19,Rupnagar,0.0,0.0
2019-07-19,Sahibzada Ajit Singh Nagar,0.0,0.0
2019-07-19,Sangrur,0.0,0.0
2019-07-19,Tarn Taran,0.0,0.0
2019-07-20,Amritsar,0.0,0.0
2019-07-20,Barnala,0.0,0.0
2019-07-20,Bathinda,0.0,0.0
2019-07-20,Faridkot,0.0,0.0
2019-07-20,Fatehgarh Sahib,0.0,0.0
2019-07-20,Firozpur,0.0,0.0
2019-07-20,Gurdaspur,0.0,0.0
2019-07-20,Hoshiarpur,0.0,0.0
2019-07-20,Jalandhar,0.0,0.0
2019-07-20,Kapurthala,0.0,0.0
2019-07-20,Ludhiana,0.0,0.0
2019-07-20,Mansa,0.0,0.0
2019-07-20,Moga,0.0,0.0
2019-07-20,Muktsar,0.0,0.0
2019-07-20,Nawanshahr,0.0,0.0
2019-07-20,Patiala,0.0,0.0
2019-07-20,Rupnagar,0.0,0.0
2019-07-20,Sahibzada Ajit Singh Nagar,0.0,0.0
2019-07-20,Sangrur,0.0,0.0
2019-07-20,Tarn Taran,0.0,0.0
2019-07-21,Amritsar,0.0,0.0
2019-07-21,Barnala,0.0,0.0
2019-07-21,Bathinda,0.0,0.0
2019-07-21,Faridkot,0.0,0.0
2019-07-21,Fatehgarh Sahib,0.0,0.0
2019-07-21,Firozpur,0.0,0.0
2019-07-21,Gurdaspur,0.0,0.0
2019-07-21,Hoshiarpur,0.0,0.0
2019-07-21,Jalandhar,0.0,0.0
2019-07-21,Kapurthala,0.0,0.0
2019-07-21,Ludhiana,0.0,0.0
2019-07-21,Mansa,0.0,0.0
2019-07-21,Moga,0.0,0.0
2019-07-21,Muktsar,0.0,0.0
2019-07-21,Nawanshahr,0.0,0.0
2019-07-21,Patiala,0.0,0.0
2019-07-21,Rupnagar,0.0,0.0
2019-07-21,Sahibzada Ajit Singh Nagar,0.0,0.0
2019-07-21,Sangrur,0.0,0.0
2019-07-21,Tarn Taran,0.0,0.0
2019-07-22,Amritsar,0.0,0.0
2019-07-22,Barnala,0.0,0.0
2019-07-22,Bathinda,0.0,0.0
2019-07-22,Faridkot,0.0,0.0
2019-07-22,Fatehgarh Sahib,0.0,0.0
2019-07-22,Firozpur,0.0,0.0
2019-07-22,Gurdaspur,0.0,0.0
2019-07-22,Hoshiarpur,0.0,0.0
2019-07-22,Jalandhar,0.0,0.0
2019-07-22,Kapurthala,0.0,0.0
2019-07-22,Ludhiana,0.0,0.0
2019-07-22,Mansa,0.0,0.0
2019-07-22,Moga,0.0,0.0
2019-07-22,Muktsar,0.0,0.0
2019-07-22,Nawanshahr,0.0,0.0
2019-07-22,Patiala,0.0,0.0
2019-07-22,Rupnagar,0.0,0.0
2019-07-22,Sahibzada Ajit Singh Nagar,0.0,0.0
2019-07-22,Sangrur,0.0,0.0
2019-07-22,Tarn Taran,0.0,0.0
2019-07-23,Amritsar,0.0,0.0
2019-07-23,Barnala,0.0,0.0
2019-07-23,Bathinda,0.0,0.0
2019-07-23,Faridkot,0.0,0.0
2019-07-23,Fatehgarh Sahib,0.0,0.0
2019-07-23,Firozpur,0.0,0.0
2019-07-23,Gurdaspur,0.0,0.0
2019-07-23,Hoshiarpur,0.0,0.0
2019-07-23,Jalandhar,0.0,0.0
2019-07-23,Kapurthala,0.0,0.0
2019-07-23,Ludhiana,0.0,0.0
2019-07-23,Mansa,0.0,0.0
2019-07-23,Moga,0.0,0.0
2019-07-23,Muktsar,0.0,0.0
2019-07-23,Nawanshahr,0.0,0.0
2019-07-23,Patiala,0.0,0.0
2019-07-23,Rupnagar,0.0,0.0
2019-07-23,Sahibzada Ajit Singh Nagar,0.0,0.0
2019-07-23,Sangrur,0.0,0.0
2019-07-23,Tarn Taran,0.0,0.0
2019-07-24,Amritsar,0.0,0.0
2019-07-24,Barnala,0.0,0.0
2019-07-24,Bathinda,0.0,0.0
2019-07-24,Faridkot,0.0,0.0
2019-07-24,Fatehgarh Sahib,0.0,0.0
2019-07-24,Firozpur,0.0,0.0
2019-07-24,Gurdaspur,0.0,0.0
2019-07-24,Hoshiarpur,0.0,0.0
2019-07-24,Jalandhar,0.0,0.0
2019-07-24,Kapurthala,0.0,0.0
2019-07-24,Ludhiana,0.0,0.0
2019-07-24,Mansa,0.0,0.0
2019-07-24,Moga,0.0,0.0
2019-07-24,Muktsar,0.0,0.0
2019-07-24,Nawanshahr,0.0,0.0
2019-07-24,Patiala,0.0,0.0
2019-07-24,Rupnagar,0.0,0.0
2019-07-24,Sahibzada Ajit Singh Nagar,0.0,0.0
2019-07-24,Sangrur,0.0,0.0
2019-07-24,Tarn Taran,0.0,0.0
2019-07-25,Amritsar,0.0,0.0
2019-07-25,Barnala,0.0,0.0
2019-07-25,Bathinda,0.0,0.0
2019-07-25,Faridkot,0.0,0.0
2019-07-25,Fatehgarh Sahib,0.0,0.0
2019-07-25,Firozpur,0.0,0.0
2019-07-25,Gurdaspur,18.63,5.1e-05
2019-07-25,Hoshiarpur,3.61,1.1e-05
2019-07-25,Jalandhar,14.69,5.6e-05
2019-07-25,Kapurthala,37.97,0.000228
2019-07-25,Ludhiana,21.32,5.9e-05
2019-07-25,Mansa,14.26,6.4e-05
2019-07-25,Moga,0.0,0.0
2019-07-25,Muktsar,0.0,0.0
2019-07-25,Nawanshahr,55.77,0.000427
2019-07-25,Patiala,694.65,0.00208
2019-07-25,Rupnagar,0.0,0.0
2019-07-25,Sahibzada Ajit Singh Nagar,8.92,8e-05
2019-07-25,Sangrur,1481.98,0.004104
2019-07-25,Tarn Taran,0.0,0.0
2019-07-26,Amritsar,36.16,0.000136
2019-07-26,Barnala,0.0,0.0
2019-07-26,Bathinda,201.54,0.000596
2019-07-26,Faridkot,42.92,0.000295
2019-07-26,Fatehgarh Sahib,0.0,0.0
2019-07-26,Firozpur,55.45,0.000106
2019-07-26,Gurdaspur,35.82,9.9e-05
2019-07-26,Hoshiarpur,0.0,0.0
2019-07-26,Jalandhar,8.08,3.1e-05
2019-07-26,Kapurthala,34.25,0.000206
2019-07-26,Ludhiana,7.36,2e-05
2019-07-26,Mansa,69.85,0.000315
2019-07-26,Moga,21.34,9.1e-05
2019-07-26,Muktsar,476.93,0.001825
2019-07-26,Nawanshahr,32.3,0.000248
2019-07-26,Patiala,22.53,6.7e-05
2019-07-26,Rupnagar,0.0,0.0
2019-07-26,Sahibzada Ajit Singh Nagar,0.0,0.0
2019-07-26,Sangrur,1081.58,0.002995
2019-07-26,Tarn Taran,146.69,0.000611
2019-07-27,Amritsar,0.0,0.0
2019-07-27,Barnala,0.0,0.0
2019-07-27,Bathinda,0.0,0.0
2019-07-27,Faridkot,0.0,0.0
2019-07-27,Fatehgarh Sahib,0.0,0.0
2019-07-27,Firozpur,0.0,0.0
2019-07-27,Gurdaspur,0.0,0.0
2019-07-27,Hoshiarpur,0.0,0.0
2019-07-27,Jalandhar,0.0,0.0
2019-07-27,Kapurthala,0.0,0.0
2019-07-27,Ludhiana,0.0,0.0
2019-07-27,Mansa,0.0,0.0
2019-07-27,Moga,0.0,0.0
2019-07-27,Muktsar,0.0,0.0
2019-07-27,Nawanshahr,0.0,0.0
2019-07-27,Patiala,0.0,0.0
2019-07-27,Rupnagar,0.0,0.0
2019-07-27,Sahibzada Ajit Singh Nagar,0.0,0.0
2019-07-27,Sangrur,0.0,0.0
2019-07-27,Tarn Taran,0.0,0.0
2019-07-28,Amritsar,0.0,0.0
2019-07-28,Barnala,0.0,0.0
2019-07-28,Bathinda,0.0,0.0
2019-07-28,Faridkot,0.0,0.0
2019-07-28,Fatehgarh Sahib,0.0,0.0
2019-07-28,Firozpur,0.0,0.0
2019-07-28,Gurdaspur,0.0,0.0
2019-07-28,Hoshiarpur,0.0,0.0
2019-07-28,Jalandhar,0.0,0.0
2019-07-28,Kapurthala,0.0,0.0
2019-07-28,Ludhiana,0.0,0.0
2019-07-28,Mansa,0.0,0.0
2019-07-28,Moga,0.0,0.0
2019-07-28,Muktsar,0.0,0.0
2019-07-28,Nawanshahr,0.0,0.0
2019-07-28,Patiala,0.0,0.0
2019-07-28,Rupnagar,0.0,0.0
2019-07-28,Sahibzada Ajit Singh Nagar,0.0,0.0
2019-07-28,Sangrur,0.0,0.0
2019-07-28,Tarn Taran,0.0,0.0
2019-07-29,Amritsar,0.0,0.0
2019-07-29,Barnala,0.0,0.0
2019-07-29,Bathinda,0.0,0.0
2019-07-29,Faridkot,0.0,0.0
2019-07-29,Fatehgarh Sahib,0.0,0.0
2019-07-29,Firozpur,0.0,0.0
2019-07-29,Gurdaspur,0.0,0.0
2019-07-29,Hoshiarpur,0.0,0.0
2019-07-29,Jalandhar,0.0,0.0
2019-07-29,Kapurthala,0.0,0.0
2019-07-29,Ludhiana,0.0,0.0
2019-07-29,Mansa,0.0,0.0
2019-07-29,Moga,0.0,0.0
2019-07-29,Muktsar,0.0,0.0
2019-07-29,Nawanshahr,0.0,0.0
2019-07-29,Patiala,0.0,0.0
2019-07-29,Rupnagar,0.0,0.0
2019-07-29,Sahibzada Ajit Singh Nagar,0.0,0.0
2019-07-29,Sangrur,0.0,0.0
2019-07-29,Tarn Taran,0.0,0.0
2019-07-30,Amritsar,4.36,1.6e-05
2019-07-30,Barnala,3.71,2.5e-05
2019-07-30,Bathinda,105.94,0.000313
2019-07-30,Faridkot,22.94,0.000158
2019-07-30,Fatehgarh Sahib,0.0,0.0
2019-07-30,Firozpur,20.13,3.9e-05
2019-07-30,Gurdaspur,0.0,0.0
2019-07-30,Hoshiarpur,0.0,0.0
2019-07-30,Jalandhar,21.31,8.2e-05
2019-07-30,Kapurthala,22.6,0.000136
2019-07-30,Ludhiana,6.64,1.8e-05
2019-07-30,Mansa,38.21,0.000172
2019-07-30,Moga,8.86,3.8e-05
2019-07-30,Muktsar,196.89,0.000754
2019-07-30,Nawanshahr,0.0,0.0
2019-07-30,Patiala,25.54,7.6e-05
2019-07-30,Rupnagar,0.0,0.0
2019-07-30,Sahibzada Ajit Singh Nagar,0.0,0.0
2019-07-30,Sangrur,1244.94,0.003448
2019-07-30,Tarn Taran,30.74,0.000128
2019-07-31,Amritsar,0.0,0.0
2019-07-31,Barnala,0.0,0.0
2019-07-31,Bathinda,0.0,0.0
2019-07-31,Faridkot,0.0,0.0
2019-07-31,Fatehgarh Sahib,0.0,0.0
2019-07-31,Firozpur,0.0,0.0
2019-07-31,Gurdaspur,0.0,0.0
2019-07-31,Hoshiarpur,0.0,0.0
2019-07-31,Jalandhar,0.0,0.0
2019-07-31,Kapurthala,0.0,0.0
2019-07-31,Ludhiana,0.0,0.0
2019-07-31,Mansa,0.0,0.0
2019-07-31,Moga,0.0,0.0
2019-07-31,Muktsar,0.0,0.0
2019-07-31,Nawanshahr,0.0,0.0
2019-07-31,Patiala,0.0,0.0
2019-07-31,Rupnagar,0.0,0.0
2019-07-31,Sahibzada Ajit Singh Nagar,0.0,0.0
2019-07-31,Sangrur,0.0,0.0
2019-07-31,Tarn Taran,0.0,0.0
2019-08-01,Amritsar,0.0,0.0
2019-08-01,Barnala,0.0,0.0
2019-08-01,Bathinda,0.0,0.0
2019-08-01,Faridkot,0.0,0.0
2019-08-01,Fatehgarh Sahib,0.0,0.0
2019-08-01,Firozpur,0.0,0.0
2019-08-01,Gurdaspur,0.0,0.0
2019-08-01,Hoshiarpur,0.0,0.0
2019-08-01,Jalandhar,0.0,0.0
2019-08-01,Kapurthala,0.0,0.0
2019-08-01,Ludhiana,0.0,0.0
2019-08-01,Mansa,0.0,0.0
2019-08-01,Moga,0.0,0.0
2019-08-01,Muktsar,0.0,0.0
2019-08-01,Nawanshahr,0.0,0.0
2019-08-01,Patiala,0.0,0.0
2019-08-01,Rupnagar,0.0,0.0
2019-08-01,Sahibzada Ajit Singh Nagar,0.0,0.0
2019-08-01,Sangrur,0.0,0.0
2019-08-01,Tarn Taran,0.0,0.0
2019-08-02,Amritsar,0.0,0.0
2019-08-02,Barnala,0.0,0.0
2019-08-02,Bathinda,0.0,0.0
2019-08-02,Faridkot,0.0,0.0
2019-08-02,Fatehgarh Sahib,0.0,0.0
2019-08-02,Firozpur,0.0,0.0
2019-08-02,Gurdaspur,0.0,0.0
2019-08-02,Hoshiarpur,0.0,0.0
2019-08-02,Jalandhar,0.0,0.0
2019-08-02,Kapurthala,0.0,0.0
2019-08-02,Ludhiana,0.0,0.0
2019-08-02,Mansa,0.0,0.0
2019-08-02,Moga,0.0,0.0
2019-08-02,Muktsar,0.0,0.0
2019-08-02,Nawanshahr,0.0,0.0
2019-08-02,Patiala,0.0,0.0
2019-08-02,Rupnagar,0.0,0.0
2019-08-02,Sahibzada Ajit Singh Nagar,0.0,0.0
2019-08-02,Sangrur,0.0,0.0
2019-08-02,Tarn Taran,0.0,0.0
2019-08-03,Amritsar,0.0,0.0
2019-08-03,Barnala,0.0,0.0
2019-08-03,Bathinda,0.0,0.0
2019-08-03,Faridkot,0.0,0.0
2019-08-03,Fatehgarh Sahib,0.0,0.0
2019-08-03,Firozpur,0.0,0.0
2019-08-03,Gurdaspur,0.0,0.0
2019-08-03,Hoshiarpur,0.0,0.0
2019-08-03,Jalandhar,0.0,0.0
2019-08-03,Kapurthala,0.0,0.0
2019-08-03,Ludhiana,0.0,0.0
2019-08-03,Mansa,0.0,0.0
2019-08-03,Moga,0.0,0.0
2019-08-03,Muktsar,0.0,0.0
2019-08-03,Nawanshahr,0.0,0.0
2019-08-03,Patiala,0.0,0.0
2019-08-03,Rupnagar,0.0,0.0
2019-08-03,Sahibzada Ajit Singh Nagar,0.0,0.0
2019-08-03,Sangrur,0.0,0.0
2019-08-03,Tarn Taran,0.0,0.0
2019-08-04,Amritsar,0.0,0.0
2019-08-04,Barnala,0.0,0.0
2019-08-04,Bathinda,0.0,0.0
2019-08-04,Faridkot,0.0,0.0
2019-08-04,Fatehgarh Sahib,0.0,0.0
2019-08-04,Firozpur,0.0,0.0
2019-08-04,Gurdaspur,0.0,0.0
2019-08-04,Hoshiarpur,0.0,0.0
2019-08-04,Jalandhar,0.0,0.0
2019-08-04,Kapurthala,0.0,0.0
2019-08-04,Ludhiana,0.0,0.0
2019-08-04,Mansa,0.0,0.0
2019-08-04,Moga,0.0,0.0
2019-08-04,Muktsar,0.0,0.0
2019-08-04,Nawanshahr,0.0,0.0
2019-08-04,Patiala,0.0,0.0
2019-08-04,Rupnagar,0.0,0.0
2019-08-04,Sahibzada Ajit Singh Nagar,0.0,0.0
2019-08-04,Sangrur,0.0,0.0
2019-08-04,Tarn Taran,0.0,0.0
2019-08-05,Amritsar,0.0,0.0
2019-08-05,Barnala,0.0,0.0
2019-08-05,Bathinda,0.0,0.0
2019-08-05,Faridkot,0.0,0.0
2019-08-05,Fatehgarh Sahib,0.0,0.0
2019-08-05,Firozpur,0.0,0.0
2019-08-05,Gurdaspur,0.0,0.0
2019-08-05,Hoshiarpur,0.0,0.0
2019-08-05,Jalandhar,0.0,0.0
2019-08-05,Kapurthala,0.0,0.0
2019-08-05,Ludhiana,0.0,0.0
2019-08-05,Mansa,0.0,0.0
2019-08-05,Moga,0.0,0.0
2019-08-05,Muktsar,0.0,0.0
2019-08-05,Nawanshahr,0.0,0.0
2019-08-05,Patiala,0.0,0.0
2019-08-05,Rupnagar,0.0,0.0
2019-08-05,Sahibzada Ajit Singh Nagar,0.0,0.0
2019-08-05,Sangrur,0.0,0.0
2019-08-05,Tarn Taran,0.0,0.0
2019-08-06,Amritsar,0.0,0.0
2019-08-06,Barnala,0.0,0.0
2019-08-06,Bathinda,0.0,0.0
2019-08-06,Faridkot,0.0,0.0
2019-08-06,Fatehgarh Sahib,0.0,0.0
2019-08-06,Firozpur,0.0,0.0
2019-08-06,Gurdaspur,7.16,2e-05
2019-08-06,Hoshiarpur,2.89,9e-06
2019-08-06,Jalandhar,7.35,2.8e-05
2019-08-06,Kapurthala,2.92,1.8e-05
2019-08-06,Ludhiana,3.68,1e-05
2019-08-06,Mansa,0.0,0.0
2019-08-06,Moga,0.0,0.0
2019-08-06,Muktsar,0.0,0.0
2019-08-06,Nawanshahr,5.14,3.9e-05
2019-08-06,Patiala,32.79,9.8e-05
2019-08-06,Rupnagar,0.0,0.0
2019-08-06,Sahibzada Ajit Singh Nagar,0.0,0.0
2019-08-06,Sangrur,10.54,2.9e-05
2019-08-06,Tarn Taran,0.0,0.0
2019-08-07,Amritsar,0.0,0.0
2019-08-07,Barnala,0.0,0.0
2019-08-07,Bathinda,0.0,0.0
2019-08-07,Faridkot,0.0,0.0
2019-08-07,Fatehgarh Sahib,0.0,0.0
2019-08-07,Firozpur,0.0,0.0
2019-08-07,Gurdaspur,0.0,0.0
2019-08-07,Hoshiarpur,0.0,0.0
2019-08-07,Jalandhar,0.0,0.0
2019-08-07,Kapurthala,0.0,0.0
2019-08-07,Ludhiana,0.0,0.0
2019-08-07,Mansa,0.0,0.0
2019-08-07,Moga,0.0,0.0
2019-08-07,Muktsar,0.0,0.0
2019-08-07,Nawanshahr,0.0,0.0
2019-08-07,Patiala,0.0,0.0
2019-08-07,Rupnagar,0.0,0.0
2019-08-07,Sahibzada Ajit Singh Nagar,0.0,0.0
2019-08-07,Sangrur,0.0,0.0
2019-08-07,Tarn Taran,0.0,0.0
2019-08-08,Amritsar,0.0,0.0
2019-08-08,Barnala,0.0,0.0
2019-08-08,Bathinda,0.0,0.0
2019-08-08,Faridkot,0.0,0.0
2019-08-08,Fatehgarh Sahib,0.0,0.0
2019-08-08,Firozpur,0.0,0.0
2019-08-08,Gurdaspur,0.0,0.0
2019-08-08,Hoshiarpur,0.0,0.0
2019-08-08,Jalandhar,0.0,0.0
2019-08-08,Kapurthala,0.0,0.0
2019-08-08,Ludhiana,0.0,0.0
2019-08-08,Mansa,0.0,0.0
2019-08-08,Moga,0.0,0.0
2019-08-08,Muktsar,0.0,0.0
2019-08-08,Nawanshahr,0.0,0.0
2019-08-08,Patiala,0.0,0.0
2019-08-08,Rupnagar,0.0,0.0
2019-08-08,Sahibzada Ajit Singh Nagar,0.0,0.0
2019-08-08,Sangrur,0.0,0.0
2019-08-08,Tarn Taran,0.0,0.0
2019-08-09,Amritsar,0.0,0.0
2019-08-09,Barnala,0.0,0.0
2019-08-09,Bathinda,0.0,0.0
2019-08-09,Faridkot,0.0,0.0
2019-08-09,Fatehgarh Sahib,0.0,0.0
2019-08-09,Firozpur,0.0,0.0
2019-08-09,Gurdaspur,0.0,0.0
2019-08-09,Hoshiarpur,0.0,0.0
2019-08-09,Jalandhar,0.0,0.0
2019-08-09,Kapurthala,0.0,0.0
2019-08-09,Ludhiana,0.0,0.0
2019-08-09,Mansa,0.0,0.0
2019-08-09,Moga,0.0,0.0
2019-08-09,Muktsar,0.0,0.0
2019-08-09,Nawanshahr,0.0,0.0
2019-08-09,Patiala,0.0,0.0
2019-08-09,Rupnagar,0.0,0.0
2019-08-09,Sahibzada Ajit Singh Nagar,0.0,0.0
2019-08-09,Sangrur,0.0,0.0
2019-08-09,Tarn Taran,0.0,0.0
2019-08-10,Amritsar,0.0,0.0
2019-08-10,Barnala,0.0,0.0
2019-08-10,Bathinda,0.0,0.0
2019-08-10,Faridkot,0.0,0.0
2019-08-10,Fatehgarh Sahib,0.0,0.0
2019-08-10,Firozpur,0.0,0.0
2019-08-10,Gurdaspur,0.0,0.0
2019-08-10,Hoshiarpur,0.0,0.0
2019-08-10,Jalandhar,0.0,0.0
2019-08-10,Kapurthala,0.0,0.0
2019-08-10,Ludhiana,0.0,0.0
2019-08-10,Mansa,0.0,0.0
2019-08-10,Moga,0.0,0.0
2019-08-10,Muktsar,0.0,0.0
2019-08-10,Nawanshahr,0.0,0.0
2019-08-10,Patiala,0.0,0.0
2019-08-10,Rupnagar,0.0,0.0
2019-08-10,Sahibzada Ajit Singh Nagar,0.0,0.0
2019-08-10,Sangrur,0.0,0.0
2019-08-10,Tarn Taran,0.0,0.0
2019-08-11,Amritsar,0.72,3e-06
2019-08-11,Barnala,0.0,0.0
2019-08-11,Bathinda,8.96,2.7e-05
2019-08-11,Faridkot,2.96,2e-05
2019-08-11,Fatehgarh Sahib,0.0,0.0
2019-08-11,Firozpur,146.62,0.000281
2019-08-11,Gurdaspur,4.29,1.2e-05
2019-08-11,Hoshiarpur,2.89,9e-06
2019-08-11,Jalandhar,135.67,0.000519
2019-08-11,Kapurthala,28.47,0.000171
2019-08-11,Ludhiana,13.23,3.7e-05
2019-08-11,Mansa,6.0,2.7e-05
2019-08-11,Moga,96.85,0.000411
2019-08-11,Muktsar,124.13,0.000475
2019-08-11,Nawanshahr,0.0,0.0
2019-08-11,Patiala,12.77,3.8e-05
2019-08-11,Rupnagar,0.0,0.0
2019-08-11,Sahibzada Ajit Singh Nagar,0.0,0.0
2019-08-11,Sangrur,50.44,0.00014
2019-08-11,Tarn Taran,15.37,6.4e-05
2019-08-12,Amritsar,0.0,0.0
2019-08-12,Barnala,0.0,0.0
2019-08-12,Bathinda,0.0,0.0
2019-08-12,Faridkot,0.0,0.0
2019-08-12,Fatehgarh Sahib,0.0,0.0
2019-08-12,Firozpur,0.0,0.0
2019-08-12,Gurdaspur,0.0,0.0
2019-08-12,Hoshiarpur,0.0,0.0
2019-08-12,Jalandhar,0.0,0.0
2019-08-12,Kapurthala,0.0,0.0
2019-08-12,Ludhiana,0.0,0.0
2019-08-12,Mansa,0.0,0.0
2019-08-12,Moga,0.0,0.0
2019-08-12,Muktsar,0.0,0.0
2019-08-12,Nawanshahr,0.0,0.0
2019-08-12,Patiala,0.0,0.0
2019-08-12,Rupnagar,0.0,0.0
2019-08-12,Sahibzada Ajit Singh Nagar,0.0,0.0
2019-08-12,Sangrur,0.0,0.0
2019-08-12,Tarn Taran,0.0,0.0
2019-08-13,Amritsar,0.0,0.0
2019-08-13,Barnala,0.0,0.0
2019-08-13,Bathinda,0.0,0.0
2019-08-13,Faridkot,0.0,0.0
2019-08-13,Fatehgarh Sahib,0.0,0.0
2019-08-13,Firozpur,0.0,0.0
2019-08-13,Gurdaspur,0.0,0.0
2019-08-13,Hoshiarpur,0.0,0.0
2019-08-13,Jalandhar,0.0,0.0
2019-08-13,Kapurthala,0.0,0.0
2019-08-13,Ludhiana,0.0,0.0
2019-08-13,Mansa,0.0,0.0
2019-08-13,Moga,0.0,0.0
2019-08-13,Muktsar,0.0,0.0
2019-08-13,Nawanshahr,0.0,0.0
2019-08-13,Patiala,0.0,0.0
2019-08-13,Rupnagar,0.0,0.0
2019-08-13,Sahibzada Ajit Singh Nagar,0.0,0.0
2019-08-13,Sangrur,0.0,0.0
2019-08-13,Tarn Taran,0.0,0.0
2019-08-14,Amritsar,0.0,0.0
2019-08-14,Barnala,0.0,0.0
2019-08-14,Bathinda,0.0,0.0
2019-08-14,Faridkot,0.0,0.0
2019-08-14,Fatehgarh Sahib,0.0,0.0
2019-08-14,Firozpur,0.0,0.0
2019-08-14,Gurdaspur,0.0,0.0
2019-08-14,Hoshiarpur,0.0,0.0
2019-08-14,Jalandhar,4.41,1.7e-05
2019-08-14,Kapurthala,0.0,0.0
2019-08-14,Ludhiana,1.47,4e-06
2019-08-14,Mansa,0.0,0.0
2019-08-14,Moga,0.0,0.0
2019-08-14,Muktsar,0.0,0.0
2019-08-14,Nawanshahr,0.73,6e-06
2019-08-14,Patiala,1.5,5e-06
2019-08-14,Rupnagar,0.0,0.0
2019-08-14,Sahibzada Ajit Singh Nagar,0.0,0.0
2019-08-14,Sangrur,10.54,2.9e-05
2019-08-14,Tarn Taran,0.0,0.0
2019-08-15,Amritsar,0.0,0.0
2019-08-15,Barnala,0.0,0.0
2019-08-15,Bathinda,0.0,0.0
2019-08-15,Faridkot,0.0,0.0
2019-08-15,Fatehgarh Sahib,0.0,0.0
2019-08-15,Firozpur,0.0,0.0
2019-08-15,Gurdaspur,0.0,0.0
2019-08-15,Hoshiarpur,0.0,0.0
2019-08-15,Jalandhar,0.0,0.0
2019-08-15,Kapurthala,0.0,0.0
2019-08-15,Ludhiana,0.0,0.0
2019-08-15,Mansa,0.0,0.0
2019-08-15,Moga,0.0,0.0
2019-08-15,Muktsar,0.0,0.0
2019-08-15,Nawanshahr,0.0,0.0
2019-08-15,Patiala,0.0,0.0
2019-08-15,Rupnagar,0.0,0.0
2019-08-15,Sahibzada Ajit Singh Nagar,0.0,0.0
2019-08-15,Sangrur,0.0,0.0
2019-08-15,Tarn Taran,0.0,0.0
2019-08-16,Amritsar,0.0,0.0
2019-08-16,Barnala,0.0,0.0
2019-08-16,Bathinda,0.0,0.0
2019-08-16,Faridkot,0.0,0.0
2019-08-16,Fatehgarh Sahib,0.0,0.0
2019-08-16,Firozpur,0.0,0.0
2019-08-16,Gurdaspur,0.0,0.0
2019-08-16,Hoshiarpur,0.0,0.0
2019-08-16,Jalandhar,0.0,0.0
2019-08-16,Kapurthala,0.0,0.0
2019-08-16,Ludhiana,0.0,0.0
2019-08-16,Mansa,0.0,0.0
2019-08-16,Moga,0.0,0.0
2019-08-16,Muktsar,0.0,0.0
2019-08-16,Nawanshahr,0.0,0.0
2019-08-16,Patiala,0.0,0.0
2019-08-16,Rupnagar,0.0,0.0
2019-08-16,Sahibzada Ajit Singh Nagar,0.0,0.0
2019-08-16,Sangrur,0.0,0.0
2019-08-16,Tarn Taran,0.0,0.0
2019-08-17,Amritsar,0.0,0.0
2019-08-17,Barnala,0.0,0.0
2019-08-17,Bathinda,0.0,0.0
2019-08-17,Faridkot,0.0,0.0
2019-08-17,Fatehgarh Sahib,0.0,0.0
2019-08-17,Firozpur,0.0,0.0
2019-08-17,Gurdaspur,0.0,0.0
2019-08-17,Hoshiarpur,0.0,0.0
2019-08-17,Jalandhar,0.0,0.0
2019-08-17,Kapurthala,0.0,0.0
2019-08-17,Ludhiana,0.0,0.0
2019-08-17,Mansa,0.0,0.0
2019-08-17,Moga,0.0,0.0
2019-08-17,Muktsar,0.0,0.0
2019-08-17,Nawanshahr,0.0,0.0
2019-08-17,Patiala,0.0,0.0
2019-08-17,Rupnagar,0.0,0.0
2019-08-17,Sahibzada Ajit Singh Nagar,0.0,0.0
2019-08-17,Sangrur,0.0,0.0
2019-08-17,Tarn Taran,0.0,0.0
2019-08-18,Amritsar,55.19,0.000207
2019-08-18,Barnala,0.0,0.0
2019-08-18,Bathinda,0.0,0.0
2019-08-18,Faridkot,0.0,0.0
2019-08-18,Fatehgarh Sahib,1472.8,0.012845
2019-08-18,Firozpur,0.0,0.0
2019-08-18,Gurdaspur,245.73,0.000677
2019-08-18,Hoshiarpur,58.91,0.000174
2019-08-18,Jalandhar,916.63,0.003507
2019-08-18,Kapurthala,813.23,0.00488
2019-08-18,Ludhiana,5505.76,0.015309
2019-08-18,Mansa,3.01,1.4e-05
2019-08-18,Moga,842.06,0.003577
2019-08-18,Muktsar,0.0,0.0
2019-08-18,Nawanshahr,2947.92,0.022592
2019-08-18,Patiala,2450.43,0.007336
2019-08-18,Rupnagar,2634.84,0.018981
2019-08-18,Sahibzada Ajit Singh Nagar,129.68,0.001167
2019-08-18,Sangrur,932.64,0.002583
2019-08-18,Tarn Taran,668.94,0.002787
2019-08-19,Amritsar,0.0,0.0
2019-08-19,Barnala,0.0,0.0
2019-08-19,Bathinda,0.0,0.0
2019-08-19,Faridkot,0.0,0.0
2019-08-19,Fatehgarh Sahib,0.0,0.0
2019-08-19,Firozpur,0.0,0.0
2019-08-19,Gurdaspur,0.0,0.0
2019-08-19,Hoshiarpur,0.0,0.0
2019-08-19,Jalandhar,0.0,0.0
2019-08-19,Kapurthala,0.0,0.0
2019-08-19,Ludhiana,0.0,0.0
2019-08-19,Mansa,0.0,0.0
2019-08-19,Moga,0.0,0.0
2019-08-19,Muktsar,0.0,0.0
2019-08-19,Nawanshahr,0.0,0.0
2019-08-19,Patiala,0.0,0.0
2019-08-19,Rupnagar,0.0,0.0
2019-08-19,Sahibzada Ajit Singh Nagar,0.0,0.0
2019-08-19,Sangrur,0.0,0.0
2019-08-19,Tarn Taran,0.0,0.0
2019-08-20,Amritsar,0.0,0.0
2019-08-20,Barnala,0.0,0.0
2019-08-20,Bathinda,0.0,0.0
2019-08-20,Faridkot,0.0,0.0
2019-08-20,Fatehgarh Sahib,0.0,0.0
2019-08-20,Firozpur,0.0,0.0
2019-08-20,Gurdaspur,0.0,0.0
2019-08-20,Hoshiarpur,0.0,0.0
2019-08-20,Jalandhar,0.0,0.0
2019-08-20,Kapurthala,0.0,0.0
2019-08-20,Ludhiana,0.0,0.0
2019-08-20,Mansa,0.0,0.0
2019-08-20,Moga,0.0,0.0
2019-08-20,Muktsar,0.0,0.0
2019-08-20,Nawanshahr,0.0,0.0
2019-08-20,Patiala,0.0,0.0
2019-08-20,Rupnagar,0.0,0.0
2019-08-20,Sahibzada Ajit Singh Nagar,0.0,0.0
2019-08-20,Sangrur,0.0,0.0
2019-08-20,Tarn Taran,0.0,0.0
2019-08-21,Amritsar,0.0,0.0
2019-08-21,Barnala,0.0,0.0
2019-08-21,Bathinda,0.0,0.0
2019-08-21,Faridkot,0.0,0.0
2019-08-21,Fatehgarh Sahib,0.0,0.0
2019-08-21,Firozpur,0.0,0.0
2019-08-21,Gurdaspur,0.0,0.0
2019-08-21,Hoshiarpur,0.0,0.0
2019-08-21,Jalandhar,0.0,0.0
2019-08-21,Kapurthala,0.0,0.0
2019-08-21,Ludhiana,0.0,0.0
2019-08-21,Mansa,0.0,0.0
2019-08-21,Moga,0.0,0.0
2019-08-21,Muktsar,0.0,0.0
2019-08-21,Nawanshahr,0.0,0.0
2019-08-21,Patiala,0.0,0.0
2019-08-21,Rupnagar,0.0,0.0
2019-08-21,Sahibzada Ajit Singh Nagar,0.0,0.0
2019-08-21,Sangrur,0.0,0.0
2019-08-21,Tarn Taran,0.0,0.0
2019-08-22,Amritsar,0.0,0.0
2019-08-22,Barnala,0.0,0.0
2019-08-22,Bathinda,0.0,0.0
2019-08-22,Faridkot,0.0,0.0
2019-08-22,Fatehgarh Sahib,0.0,0.0
2019-08-22,Firozpur,0.0,0.0
2019-08-22,Gurdaspur,0.0,0.0
2019-08-22,Hoshiarpur,0.0,0.0
2019-08-22,Jalandhar,0.0,0.0
2019-08-22,Kapurthala,0.0,0.0
2019-08-22,Ludhiana,0.0,0.0
2019-08-22,Mansa,0.0,0.0
2019-08-22,Moga,0.0,0.0
2019-08-22,Muktsar,0.0,0.0
2019-08-22,Nawanshahr,0.0,0.0
2019-08-22,Patiala,0.0,0.0
2019-08-22,Rupnagar,0.0,0.0
2019-08-22,Sahibzada Ajit Singh Nagar,0.0,0.0
2019-08-22,Sangrur,0.0,0.0
2019-08-22,Tarn Taran,0.0,0.0
2019-08-23,Amritsar,0.0,0.0
2019-08-23,Barnala,0.0,0.0
2019-08-23,Bathinda,0.0,0.0
2019-08-23,Faridkot,0.0,0.0
2019-08-23,Fatehgarh Sahib,0.0,0.0
2019-08-23,Firozpur,3544.85,0.006789
2019-08-23,Gurdaspur,17.16,4.7e-05
2019-08-23,Hoshiarpur,0.0,0.0
2019-08-23,Jalandhar,3479.34,0.013311
2019-08-23,Kapurthala,2831.14,0.01699
2019-08-23,Ludhiana,119.07,0.000331
2019-08-23,Mansa,5.28,2.4e-05
2019-08-23,Moga,1058.79,0.004497
2019-08-23,Muktsar,25.29,9.7e-05
2019-08-23,Nawanshahr,0.0,0.0
2019-08-23,Patiala,7.51,2.2e-05
2019-08-23,Rupnagar,0.0,0.0
2019-08-23,Sahibzada Ajit Singh Nagar,0.0,0.0
2019-08-23,Sangrur,157.3,0.000436
2019-08-23,Tarn Taran,1179.92,0.004915
2019-08-24,Amritsar,0.0,0.0
2019-08-24,Barnala,0.0,0.0
2019-08-24,Bathinda,0.0,0.0
2019-08-24,Faridkot,0.0,0.0
2019-08-24,Fatehgarh Sahib,0.0,0.0
2019-08-24,Firozpur,473.5,0.000907
2019-08-24,Gurdaspur,0.0,0.0
2019-08-24,Hoshiarpur,0.0,0.0
2019-08-24,Jalandhar,0.0,0.0
2019-08-24,Kapurthala,0.0,0.0
2019-08-24,Ludhiana,0.0,0.0
2019-08-24,Mansa,0.0,0.0
2019-08-24,Moga,0.0,0.0
2019-08-24,Muktsar,0.0,0.0
2019-08-24,Nawanshahr,0.0,0.0
2019-08-24,Patiala,0.0,0.0
2019-08-24,Rupnagar,0.0,0.0
2019-08-24,Sahibzada Ajit Singh Nagar,0.0,0.0
2019-08-24,Sangrur,0.0,0.0
2019-08-24,Tarn Taran,0.0,0.0
2019-08-25,Amritsar,0.0,0.0
2019-08-25,Barnala,0.0,0.0
2019-08-25,Bathinda,0.0,0.0
2019-08-25,Faridkot,0.0,0.0
2019-08-25,Fatehgarh Sahib,0.0,0.0
2019-08-25,Firozpur,0.0,0.0
2019-08-25,Gurdaspur,0.0,0.0
2019-08-25,Hoshiarpur,0.0,0.0
2019-08-25,Jalandhar,0.0,0.0
2019-08-25,Kapurthala,0.0,0.0
2019-08-25,Ludhiana,0.0,0.0
2019-08-25,Mansa,0.0,0.0
2019-08-25,Moga,0.0,0.0
2019-08-25,Muktsar,0.0,0.0
2019-08-25,Nawanshahr,0.0,0.0
2019-08-25,Patiala,0.0,0.0
2019-08-25,Rupnagar,0.0,0.0
2019-08-25,Sahibzada Ajit Singh Nagar,0.0,0.0
2019-08-25,Sangrur,0.0,0.0
2019-08-25,Tarn Taran,0.0,0.0
2019-08-26,Amritsar,0.0,0.0
2019-08-26,Barnala,0.0,0.0
2019-08-26,Bathinda,0.0,0.0
2019-08-26,Faridkot,0.0,0.0
2019-08-26,Fatehgarh Sahib,8.89,7.8e-05
2019-08-26,Firozpur,0.0,0.0
2019-08-26,Gurdaspur,0.0,0.0
2019-08-26,Hoshiarpur,0.0,0.0
2019-08-26,Jalandhar,16.89,6.5e-05
2019-08-26,Kapurthala,0.0,0.0
2019-08-26,Ludhiana,91.88,0.000255
2019-08-26,Mansa,0.0,0.0
2019-08-26,Moga,0.0,0.0
2019-08-26,Muktsar,0.0,0.0
2019-08-26,Nawanshahr,93.28,0.000715
2019-08-26,Patiala,68.56,0.000205
2019-08-26,Rupnagar,19.82,0.000143
2019-08-26,Sahibzada Ajit Singh Nagar,5.18,4.7e-05
2019-08-26,Sangrur,17.31,4.8e-05
2019-08-26,Tarn Taran,0.0,0.0
2019-08-27,Amritsar,0.0,0.0
2019-08-27,Barnala,0.0,0.0
2019-08-27,Bathinda,0.0,0.0
2019-08-27,Faridkot,0.0,0.0
2019-08-27,Fatehgarh Sahib,0.0,0.0
2019-08-27,Firozpur,0.0,0.0
2019-08-27,Gurdaspur,0.0,0.0
2019-08-27,Hoshiarpur,0.0,0.0
2019-08-27,Jalandhar,0.0,0.0
2019-08-27,Kapurthala,0.0,0.0
2019-08-27,Ludhiana,0.0,0.0
2019-08-27,Mansa,0.0,0.0
2019-08-27,Moga,0.0,0.0
2019-08-27,Muktsar,0.0,0.0
2019-08-27,Nawanshahr,0.0,0.0
2019-08-27,Patiala,0.0,0.0
2019-08-27,Rupnagar,0.0,0.0
2019-08-27,Sahibzada Ajit Singh Nagar,0.0,0.0
2019-08-27,Sangrur,0.0,0.0
2019-08-27,Tarn Taran,0.0,0.0
2019-08-28,Amritsar,0.0,0.0
2019-08-28,Barnala,0.0,0.0
2019-08-28,Bathinda,0.0,0.0
2019-08-28,Faridkot,0.0,0.0
2019-08-28,Fatehgarh Sahib,0.0,0.0
2019-08-28,Firozpur,0.0,0.0
2019-08-28,Gurdaspur,0.0,0.0
2019-08-28,Hoshiarpur,0.0,0.0
2019-08-28,Jalandhar,0.0,0.0
2019-08-28,Kapurthala,0.0,0.0
2019-08-28,Ludhiana,0.0,0.0
2019-08-28,Mansa,0.0,0.0
2019-08-28,Moga,0.0,0.0
2019-08-28,Muktsar,0.0,0.0
2019-08-28,Nawanshahr,0.0,0.0
2019-08-28,Patiala,0.0,0.0
2019-08-28,Rupnagar,0.0,0.0
2019-08-28,Sahibzada Ajit Singh Nagar,0.0,0.0
2019-08-28,Sangrur,0.0,0.0
2019-08-28,Tarn Taran,0.0,0.0
2019-08-29,Amritsar,0.0,0.0
2019-08-29,Barnala,0.0,0.0
2019-08-29,Bathinda,0.0,0.0
2019-08-29,Faridkot,0.0,0.0
2019-08-29,Fatehgarh Sahib,0.0,0.0
2019-08-29,Firozpur,0.0,0.0
2019-08-29,Gurdaspur,0.0,0.0
2019-08-29,Hoshiarpur,0.0,0.0
2019-08-29,Jalandhar,0.0,0.0
2019-08-29,Kapurthala,0.0,0.0
2019-08-29,Ludhiana,0.0,0.0
2019-08-29,Mansa,0.0,0.0
2019-08-29,Moga,0.0,0.0
2019-08-29,Muktsar,0.0,0.0
2019-08-29,Nawanshahr,0.0,0.0
2019-08-29,Patiala,0.0,0.0
2019-08-29,Rupnagar,0.0,0.0
2019-08-29,Sahibzada Ajit Singh Nagar,0.0,0.0
2019-08-29,Sangrur,0.0,0.0
2019-08-29,Tarn Taran,0.0,0.0
2019-08-30,Amritsar,0.0,0.0
2019-08-30,Barnala,0.0,0.0
2019-08-30,Bathinda,0.0,0.0
2019-08-30,Faridkot,0.0,0.0
2019-08-30,Fatehgarh Sahib,2.22,1.9e-05
2019-08-30,Firozpur,0.0,0.0
2019-08-30,Gurdaspur,211.64,0.000583
2019-08-30,Hoshiarpur,12.35,3.7e-05
2019-08-30,Jalandhar,54.38,0.000208
2019-08-30,Kapurthala,19.66,0.000118
2019-08-30,Ludhiana,55.87,0.000155
2019-08-30,Mansa,0.0,0.0
2019-08-30,Moga,44.78,0.00019
2019-08-30,Muktsar,0.0,0.0
2019-08-30,Nawanshahr,55.09,0.000422
2019-08-30,Patiala,14.11,4.2e-05
2019-08-30,Rupnagar,10.26,7.4e-05
2019-08-30,Sahibzada Ajit Singh Nagar,8.13,7.3e-05
2019-08-30,Sangrur,2.26,6e-06
2019-08-30,Tarn Taran,0.0,0.0
2019-08-31,Amritsar,12.95,4.9e-05
2019-08-31,Barnala,0.0,0.0
2019-08-31,Bathinda,0.0,0.0
2019-08-31,Faridkot,0.0,0.0
2019-08-31,Fatehgarh Sahib,0.0,0.0
2019-08-31,Firozpur,187.76,0.00036
2019-08-31,Gurdaspur,120.9,0.000333
2019-08-31,Hoshiarpur,0.0,0.0
2019-08-31,Jalandhar,630.23,0.002411
2019-08-31,Kapurthala,726.85,0.004362
2019-08-31,Ludhiana,53.66,0.000149
2019-08-31,Mansa,0.0,0.0
2019-08-31,Moga,111.53,0.000474
2019-08-31,Muktsar,11.15,4.3e-05
2019-08-31,Nawanshahr,20.56,0.000158
2019-08-31,Patiala,0.0,0.0
2019-08-31,Rupnagar,0.0,0.0
2019-08-31,Sahibzada Ajit Singh Nagar,0.0,0.0
2019-08-31,Sangrur,1.5,4e-06
2019-08-31,Tarn Taran,90.77,0.000378
2019-09-01,Amritsar,0.0,0.0
2019-09-01,Barnala,0.0,0.0
2019-09-01,Bathinda,0.0,0.0
2019-09-01,Faridkot,0.0,0.0
2019-09-01,Fatehgarh Sahib,0.0,0.0
2019-09-01,Firozpur,0.0,0.0
2019-09-01,Gurdaspur,0.0,0.0
2019-09-01,Hoshiarpur,0.0,0.0
2019-09-01,Jalandhar,0.0,0.0
2019-09-01,Kapurthala,0.0,0.0
2019-09-01,Ludhiana,0.0,0.0
2019-09-01,Mansa,0.0,0.0
2019-09-01,Moga,0.0,0.0
2019-09-01,Muktsar,0.0,0.0
2019-09-01,Nawanshahr,0.0,0.0
2019-09-01,Patiala,0.0,0.0
2019-09-01,Rupnagar,0.0,0.0
2019-09-01,Sahibzada Ajit Singh Nagar,0.0,0.0
2019-09-01,Sangrur,0.0,0.0
2019-09-01,Tarn Taran,0.0,0.0
2019-09-02,Amritsar,0.0,0.0
2019-09-02,Barnala,0.0,0.0
2019-09-02,Bathinda,0.0,0.0
2019-09-02,Faridkot,0.0,0.0
2019-09-02,Fatehgarh Sahib,0.0,0.0
2019-09-02,Firozpur,0.0,0.0
2019-09-02,Gurdaspur,0.0,0.0
2019-09-02,Hoshiarpur,0.0,0.0
2019-09-02,Jalandhar,0.0,0.0
2019-09-02,Kapurthala,0.0,0.0
2019-09-02,Ludhiana,0.0,0.0
2019-09-02,Mansa,0.0,0.0
2019-09-02,Moga,0.0,0.0
2019-09-02,Muktsar,0.0,0.0
2019-09-02,Nawanshahr,0.0,0.0
2019-09-02,Patiala,0.0,0.0
2019-09-02,Rupnagar,0.0,0.0
2019-09-02,Sahibzada Ajit Singh Nagar,0.0,0.0
2019-09-02,Sangrur,0.0,0.0
2019-09-02,Tarn Taran,0.0,0.0
2019-09-03,Amritsar,0.0,0.0
2019-09-03,Barnala,0.0,0.0
2019-09-03,Bathinda,0.0,0.0
2019-09-03,Faridkot,0.0,0.0
2019-09-03,Fatehgarh Sahib,0.0,0.0
2019-09-03,Firozpur,0.0,0.0
2019-09-03,Gurdaspur,0.0,0.0
2019-09-03,Hoshiarpur,0.0,0.0
2019-09-03,Jalandhar,0.0,0.0
2019-09-03,Kapurthala,0.0,0.0
2019-09-03,Ludhiana,0.0,0.0
2019-09-03,Mansa,0.0,0.0
2019-09-03,Moga,0.0,0.0
2019-09-03,Muktsar,0.0,0.0
2019-09-03,Nawanshahr,0.0,0.0
2019-09-03,Patiala,0.0,0.0
2019-09-03,Rupnagar,0.0,0.0
2019-09-03,Sahibzada Ajit Singh Nagar,0.0,0.0
2019-09-03,Sangrur,0.0,0.0
2019-09-03,Tarn Taran,0.0,0.0
2019-09-04,Amritsar,0.0,0.0
2019-09-04,Barnala,2.24,1.5e-05
2019-09-04,Bathinda,0.0,0.0
2019-09-04,Faridkot,0.0,0.0
2019-09-04,Fatehgarh Sahib,0.0,0.0
2019-09-04,Firozpur,270.87,0.000519
2019-09-04,Gurdaspur,1.43,4e-06
2019-09-04,Hoshiarpur,0.0,0.0
2019-09-04,Jalandhar,973.44,0.003724
2019-09-04,Kapurthala,491.09,0.002947
2019-09-04,Ludhiana,75.7,0.00021
2019-09-04,Mansa,0.0,0.0
2019-09-04,Moga,108.59,0.000461
2019-09-04,Muktsar,11.9,4.6e-05
2019-09-04,Nawanshahr,0.0,0.0
2019-09-04,Patiala,0.0,0.0
2019-09-04,Rupnagar,0.0,0.0
2019-09-04,Sahibzada Ajit Singh Nagar,0.0,0.0
2019-09-04,Sangrur,16.56,4.6e-05
2019-09-04,Tarn Taran,108.27,0.000451
2019-09-05,Amritsar,0.0,0.0
2019-09-05,Barnala,0.0,0.0
2019-09-05,Bathinda,0.0,0.0
2019-09-05,Faridkot,0.0,0.0
2019-09-05,Fatehgarh Sahib,0.0,0.0
2019-09-05,Firozpur,4.45,9e-06
2019-09-05,Gurdaspur,0.0,0.0
2019-09-05,Hoshiarpur,0.0,0.0
2019-09-05,Jalandhar,0.0,0.0
2019-09-05,Kapurthala,0.0,0.0
2019-09-05,Ludhiana,0.0,0.0
2019-09-05,Mansa,0.0,0.0
2019-09-05,Moga,0.0,0.0
2019-09-05,Muktsar,0.0,0.0
2019-09-05,Nawanshahr,0.0,0.0
2019-09-05,Patiala,0.0,0.0
2019-09-05,Rupnagar,0.0,0.0
2019-09-05,Sahibzada Ajit Singh Nagar,0.0,0.0
2019-09-05,Sangrur,0.0,0.0
2019-09-05,Tarn Taran,0.0,0.0
2019-09-06,Amritsar,0.0,0.0
2019-09-06,Barnala,0.0,0.0
2019-09-06,Bathinda,0.0,0.0
2019-09-06,Faridkot,0.0,0.0
2019-09-06,Fatehgarh Sahib,0.0,0.0
2019-09-06,Firozpur,0.0,0.0
2019-09-06,Gurdaspur,0.0,0.0
2019-09-06,Hoshiarpur,0.0,0.0
2019-09-06,Jalandhar,0.0,0.0
2019-09-06,Kapurthala,0.0,0.0
2019-09-06,Ludhiana,0.0,0.0
2019-09-06,Mansa,0.0,0.0
2019-09-06,Moga,0.0,0.0
2019-09-06,Muktsar,0.0,0.0
2019-09-06,Nawanshahr,0.0,0.0
2019-09-06,Patiala,0.0,0.0
2019-09-06,Rupnagar,0.0,0.0
2019-09-06,Sahibzada Ajit Singh Nagar,0.0,0.0
2019-09-06,Sangrur,0.0,0.0
2019-09-06,Tarn Taran,0.0,0.0
2019-09-07,Amritsar,0.0,0.0
2019-09-07,Barnala,0.0,0.0
2019-09-07,Bathinda,0.0,0.0
2019-09-07,Faridkot,0.0,0.0
2019-09-07,Fatehgarh Sahib,0.0,0.0
2019-09-07,Firozpur,0.0,0.0
2019-09-07,Gurdaspur,0.0,0.0
2019-09-07,Hoshiarpur,0.0,0.0
2019-09-07,Jalandhar,8.82,3.4e-05
2019-09-07,Kapurthala,0.0,0.0
2019-09-07,Ludhiana,60.28,0.000168
2019-09-07,Mansa,0.0,0.0
2019-09-07,Moga,0.0,0.0
2019-09-07,Muktsar,0.0,0.0
2019-09-07,Nawanshahr,31.59,0.000242
2019-09-07,Patiala,45.62,0.000137
2019-09-07,Rupnagar,5.87,4.2e-05
2019-09-07,Sahibzada Ajit Singh Nagar,5.18,4.7e-05
2019-09-07,Sangrur,2.26,6e-06
2019-09-07,Tarn Taran,0.0,0.0
2019-09-08,Amritsar,0.0,0.0
2019-09-08,Barnala,0.0,0.0
2019-09-08,Bathinda,0.0,0.0
2019-09-08,Faridkot,0.0,0.0
2019-09-08,Fatehgarh Sahib,0.0,0.0
2019-09-08,Firozpur,0.0,0.0
2019-09-08,Gurdaspur,0.0,0.0
2019-09-08,Hoshiarpur,0.0,0.0
2019-09-08,Jalandhar,0.0,0.0
2019-09-08,Kapurthala,0.0,0.0
2019-09-08,Ludhiana,0.0,0.0
2019-09-08,Mansa,0.0,0.0
2019-09-08,Moga,0.0,0.0
2019-09-08,Muktsar,0.0,0.0
2019-09-08,Nawanshahr,0.0,0.0
2019-09-08,Patiala,0.0,0.0
2019-09-08,Rupnagar,0.0,0.0
2019-09-08,Sahibzada Ajit Singh Nagar,0.0,0.0
2019-09-08,Sangrur,0.0,0.0
2019-09-08,Tarn Taran,0.0,0.0
2019-09-09,Amritsar,0.0,0.0
2019-09-09,Barnala,0.0,0.0
2019-09-09,Bathinda,0.0,0.0
2019-09-09,Faridkot,0.0,0.0
2019-09-09,Fatehgarh Sahib,0.0,0.0
2019-09-09,Firozpur,0.0,0.0
2019-09-09,Gurdaspur,0.0,0.0
2019-09-09,Hoshiarpur,0.0,0.0
2019-09-09,Jalandhar,0.0,0.0
2019-09-09,Kapurthala,0.0,0.0
2019-09-09,Ludhiana,0.0,0.0
2019-09-09,Mansa,0.0,0.0
2019-09-09,Moga,0.0,0.0
2019-09-09,Muktsar,0.0,0.0
2019-09-09,Nawanshahr,0.0,0.0
2019-09-09,Patiala,0.0,0.0
2019-09-09,Rupnagar,0.0,0.0
2019-09-09,Sahibzada Ajit Singh Nagar,0.0,0.0
2019-09-09,Sangrur,0.0,0.0
2019-09-09,Tarn Taran,0.0,0.0
2019-09-10,Amritsar,0.0,0.0
2019-09-10,Barnala,0.0,0.0
2019-09-10,Bathinda,0.0,0.0
2019-09-10,Faridkot,0.0,0.0
2019-09-10,Fatehgarh Sahib,0.0,0.0
2019-09-10,Firozpur,0.0,0.0
2019-09-10,Gurdaspur,0.0,0.0
2019-09-10,Hoshiarpur,0.0,0.0
2019-09-10,Jalandhar,0.0,0.0
2019-09-10,Kapurthala,0.0,0.0
2019-09-10,Ludhiana,0.0,0.0
2019-09-10,Mansa,0.0,0.0
2019-09-10,Moga,0.0,0.0
2019-09-10,Muktsar,0.0,0.0
2019-09-10,Nawanshahr,0.0,0.0
2019-09-10,Patiala,0.0,0.0
2019-09-10,Rupnagar,0.0,0.0
2019-09-10,Sahibzada Ajit Singh Nagar,0.0,0.0
2019-09-10,Sangrur,0.0,0.0
2019-09-10,Tarn Taran,0.0,0.0
2019-09-11,Amritsar,0.0,0.0
2019-09-11,Barnala,0.0,0.0
2019-09-11,Bathinda,0.0,0.0
2019-09-11,Faridkot,0.0,0.0
2019-09-11,Fatehgarh Sahib,0.0,0.0
2019-09-11,Firozpur,0.0,0.0
2019-09-11,Gurdaspur,22.07,6.1e-05
2019-09-11,Hoshiarpur,13.07,3.9e-05
2019-09-11,Jalandhar,22.78,8.7e-05
2019-09-11,Kapurthala,13.85,8.3e-05
2019-09-11,Ludhiana,45.59,0.000127
2019-09-11,Mansa,0.0,0.0
2019-09-11,Moga,3.67,1.6e-05
2019-09-11,Muktsar,0.0,0.0
2019-09-11,Nawanshahr,35.26,0.00027
2019-09-11,Patiala,13.38,4e-05
2019-09-11,Rupnagar,2.2,1.6e-05
2019-09-11,Sahibzada Ajit Singh Nagar,4.44,4e-05
2019-09-11,Sangrur,0.0,0.0
2019-09-11,Tarn Taran,0.0,0.0
2019-09-12,Amritsar,0.0,0.0
2019-09-12,Barnala,0.0,0.0
2019-09-12,Bathinda,0.0,0.0
2019-09-12,Faridkot,0.0,0.0
2019-09-12,Fatehgarh Sahib,0.0,0.0
2019-09-12,Firozpur,73.85,0.000141
2019-09-12,Gurdaspur,13.53,3.7e-05
2019-09-12,Hoshiarpur,0.0,0.0
2019-09-12,Jalandhar,280.67,0.001074
2019-09-12,Kapurthala,174.92,0.00105
2019-09-12,Ludhiana,6.62,1.8e-05
2019-09-12,Mansa,0.0,0.0
2019-09-12,Moga,13.94,5.9e-05
2019-09-12,Muktsar,0.0,0.0
2019-09-12,Nawanshahr,6.61,5.1e-05
2019-09-12,Patiala,0.0,0.0
2019-09-12,Rupnagar,0.0,0.0
2019-09-12,Sahibzada Ajit Singh Nagar,0.0,0.0
2019-09-12,Sangrur,0.0,0.0
2019-09-12,Tarn Taran,43.88,0.000183
2019-09-13,Amritsar,0.0,0.0
2019-09-13,Barnala,0.0,0.0
2019-09-13,Bathinda,0.0,0.0
2019-09-13,Faridkot,0.0,0.0
2019-09-13,Fatehgarh Sahib,0.0,0.0
2019-09-13,Firozpur,0.0,0.0
2019-09-13,Gurdaspur,0.0,0.0
2019-09-13,Hoshiarpur,0.0,0.0
2019-09-13,Jalandhar,0.0,0.0
2019-09-13,Kapurthala,0.0,0.0
2019-09-13,Ludhiana,0.0,0.0
2019-09-13,Mansa,0.0,0.0
2019-09-13,Moga,0.0,0.0
2019-09-13,Muktsar,0.0,0.0
2019-09-13,Nawanshahr,0.0,0.0
2019-09-13,Patiala,0.0,0.0
2019-09-13,Rupnagar,0.0,0.0
2019-09-13,Sahibzada Ajit Singh Nagar,0.0,0.0
2019-09-13,Sangrur,0.0,0.0
2019-09-13,Tarn Taran,0.0,0.0
2019-09-14,Amritsar,0.0,0.0
2019-09-14,Barnala,0.0,0.0
2019-09-14,Bathinda,0.0,0.0
2019-09-14,Faridkot,0.0,0.0
2019-09-14,Fatehgarh Sahib,0.0,0.0
2019-09-14,Firozpur,0.0,0.0
2019-09-14,Gurdaspur,0.0,0.0
2019-09-14,Hoshiarpur,0.0,0.0
2019-09-14,Jalandhar,0.0,0.0
2019-09-14,Kapurthala,0.0,0.0
2019-09-14,Ludhiana,0.0,0.0
2019-09-14,Mansa,0.0,0.0
2019-09-14,Moga,0.0,0.0
2019-09-14,Muktsar,0.0,0.0
2019-09-14,Nawanshahr,0.0,0.0
2019-09-14,Patiala,0.0,0.0
2019-09-14,Rupnagar,0.0,0.0
2019-09-14,Sahibzada Ajit Singh Nagar,0.0,0.0
2019-09-14,Sangrur,0.0,0.0
2019-09-14,Tarn Taran,0.0,0.0
2019-09-15,Amritsar,0.0,0.0
2019-09-15,Barnala,0.0,0.0
2019-09-15,Bathinda,0.0,0.0
2019-09-15,Faridkot,0.0,0.0
2019-09-15,Fatehgarh Sahib,0.0,0.0
2019-09-15,Firozpur,0.0,0.0
2019-09-15,Gurdaspur,0.0,0.0
2019-09-15,Hoshiarpur,0.0,0.0
2019-09-15,Jalandhar,0.0,0.0
2019-09-15,Kapurthala,0.0,0.0
2019-09-15,Ludhiana,0.0,0.0
2019-09-15,Mansa,0.0,0.0
2019-09-15,Moga,0.0,0.0
2019-09-15,Muktsar,0.0,0.0
2019-09-15,Nawanshahr,0.0,0.0
2019-09-15,Patiala,0.0,0.0
2019-09-15,Rupnagar,0.0,0.0
2019-09-15,Sahibzada Ajit Singh Nagar,0.0,0.0
2019-09-15,Sangrur,0.0,0.0
2019-09-15,Tarn Taran,0.0,0.0
2019-09-16,Amritsar,0.0,0.0
2019-09-16,Barnala,0.0,0.0
2019-09-16,Bathinda,0.0,0.0
2019-09-16,Faridkot,0.0,0.0
2019-09-16,Fatehgarh Sahib,0.0,0.0
2019-09-16,Firozpur,55.76,0.000107
2019-09-16,Gurdaspur,2.88,8e-06
2019-09-16,Hoshiarpur,2.9,9e-06
2019-09-16,Jalandhar,477.84,0.001828
2019-09-16,Kapurthala,430.94,0.002586
2019-09-16,Ludhiana,8.08,2.2e-05
2019-09-16,Mansa,0.0,0.0
2019-09-16,Moga,23.47,0.0001
2019-09-16,Muktsar,4.46,1.7e-05
2019-09-16,Nawanshahr,0.0,0.0
2019-09-16,Patiala,0.0,0.0
2019-09-16,Rupnagar,0.0,0.0
2019-09-16,Sahibzada Ajit Singh Nagar,0.0,0.0
2019-09-16,Sangrur,14.3,4e-05
2019-09-16,Tarn Taran,272.65,0.001136
2019-09-17,Amritsar,0.0,0.0
2019-09-17,Barnala,0.0,0.0
2019-09-17,Bathinda,0.0,0.0
2019-09-17,Faridkot,0.0,0.0
2019-09-17,Fatehgarh Sahib,0.0,0.0
2019-09-17,Firozpur,0.0,0.0
2019-09-17,Gurdaspur,0.0,0.0
2019-09-17,Hoshiarpur,0.0,0.0
2019-09-17,Jalandhar,0.0,0.0
2019-09-17,Kapurthala,0.0,0.0
2019-09-17,Ludhiana,0.0,0.0
2019-09-17,Mansa,0.0,0.0
2019-09-17,Moga,0.0,0.0
2019-09-17,Muktsar,0.0,0.0
2019-09-17,Nawanshahr,0.0,0.0
2019-09-17,Patiala,0.0,0.0
2019-09-17,Rupnagar,0.0,0.0
2019-09-17,Sahibzada Ajit Singh Nagar,0.0,0.0
2019-09-17,Sangrur,0.0,0.0
2019-09-17,Tarn Taran,0.0,0.0
2019-09-18,Amritsar,0.0,0.0
2019-09-18,Barnala,0.0,0.0
2019-09-18,Bathinda,0.0,0.0
2019-09-18,Faridkot,0.0,0.0
2019-09-18,Fatehgarh Sahib,0.0,0.0
2019-09-18,Firozpur,0.0,0.0
2019-09-18,Gurdaspur,0.0,0.0
2019-09-18,Hoshiarpur,0.0,0.0
2019-09-18,Jalandhar,0.0,0.0
2019-09-18,Kapurthala,0.0,0.0
2019-09-18,Ludhiana,0.0,0.0
2019-09-18,Mansa,0.0,0.0
2019-09-18,Moga,0.0,0.0
2019-09-18,Muktsar,0.0,0.0
2019-09-18,Nawanshahr,0.0,0.0
2019-09-18,Patiala,0.0,0.0
2019-09-18,Rupnagar,0.0,0.0
2019-09-18,Sahibzada Ajit Singh Nagar,0.0,0.0
2019-09-18,Sangrur,0.0,0.0
2019-09-18,Tarn Taran,0.0,0.0
2019-09-19,Amritsar,0.0,0.0
2019-09-19,Barnala,0.0,0.0
2019-09-19,Bathinda,0.0,0.0
2019-09-19,Faridkot,0.0,0.0
2019-09-19,Fatehgarh Sahib,0.0,0.0
2019-09-19,Firozpur,0.0,0.0
2019-09-19,Gurdaspur,0.0,0.0
2019-09-19,Hoshiarpur,0.0,0.0
2019-09-19,Jalandhar,5.14,2e-05
2019-09-19,Kapurthala,0.0,0.0
2019-09-19,Ludhiana,28.68,8e-05
2019-09-19,Mansa,0.0,0.0
2019-09-19,Moga,0.0,0.0
2019-09-19,Muktsar,0.0,0.0
2019-09-19,Nawanshahr,27.92,0.000214
2019-09-19,Patiala,6.69,2e-05
2019-09-19,Rupnagar,5.14,3.7e-05
2019-09-19,Sahibzada Ajit Singh Nagar,5.18,4.7e-05
2019-09-19,Sangrur,4.52,1.3e-05
2019-09-19,Tarn Taran,0.0,0.0
2019-09-20,Amritsar,0.0,0.0
2019-09-20,Barnala,0.0,0.0
2019-09-20,Bathinda,0.0,0.0
2019-09-20,Faridkot,0.0,0.0
2019-09-20,Fatehgarh Sahib,0.0,0.0
2019-09-20,Firozpur,0.0,0.0
2019-09-20,Gurdaspur,0.0,0.0
2019-09-20,Hoshiarpur,0.0,0.0
2019-09-20,Jalandhar,0.0,0.0
2019-09-20,Kapurthala,0.0,0.0
2019-09-20,Ludhiana,0.0,0.0
2019-09-20,Mansa,0.0,0.0
2019-09-20,Moga,0.0,0.0
2019-09-20,Muktsar,0.0,0.0
2019-09-20,Nawanshahr,0.0,0.0
2019-09-20,Patiala,0.0,0.0
2019-09-20,Rupnagar,0.0,0.0
2019-09-20,Sahibzada Ajit Singh Nagar,0.0,0.0
2019-09-20,Sangrur,0.0,0.0
2019-09-20,Tarn Taran,0.0,0.0
2019-09-21,Amritsar,0.0,0.0
2019-09-21,Barnala,0.0,0.0
2019-09-21,Bathinda,0.0,0.0
2019-09-21,Faridkot,0.0,0.0
2019-09-21,Fatehgarh Sahib,0.0,0.0
2019-09-21,Firozpur,0.0,0.0
2019-09-21,Gurdaspur,0.0,0.0
2019-09-21,Hoshiarpur,0.0,0.0
2019-09-21,Jalandhar,0.0,0.0
2019-09-21,Kapurthala,0.0,0.0
2019-09-21,Ludhiana,0.0,0.0
2019-09-21,Mansa,0.0,0.0
2019-09-21,Moga,0.0,0.0
2019-09-21,Muktsar,0.0,0.0
2019-09-21,Nawanshahr,0.0,0.0
2019-09-21,Patiala,0.0,0.0
2019-09-21,Rupnagar,0.0,0.0
2019-09-21,Sahibzada Ajit Singh Nagar,0.0,0.0
2019-09-21,Sangrur,0.0,0.0
2019-09-21,Tarn Taran,0.0,0.0
2019-09-22,Amritsar,0.0,0.0
2019-09-22,Barnala,0.0,0.0
2019-09-22,Bathinda,0.0,0.0
2019-09-22,Faridkot,0.0,0.0
2019-09-22,Fatehgarh Sahib,0.0,0.0
2019-09-22,Firozpur,0.0,0.0
2019-09-22,Gurdaspur,0.0,0.0
2019-09-22,Hoshiarpur,0.0,0.0
2019-09-22,Jalandhar,0.0,0.0
2019-09-22,Kapurthala,0.0,0.0
2019-09-22,Ludhiana,0.0,0.0
2019-09-22,Mansa,0.0,0.0
2019-09-22,Moga,0.0,0.0
2019-09-22,Muktsar,0.0,0.0
2019-09-22,Nawanshahr,0.0,0.0
2019-09-22,Patiala,0.0,0.0
2019-09-22,Rupnagar,0.0,0.0
2019-09-22,Sahibzada Ajit Singh Nagar,0.0,0.0
2019-09-22,Sangrur,0.0,0.0
2019-09-22,Tarn Taran,0.0,0.0
2019-09-23,Amritsar,0.0,0.0
2019-09-23,Barnala,0.0,0.0
2019-09-23,Bathinda,0.0,0.0
2019-09-23,Faridkot,0.0,0.0
2019-09-23,Fatehgarh Sahib,0.0,0.0
2019-09-23,Firozpur,0.0,0.0
2019-09-23,Gurdaspur,19.93,5.5e-05
2019-09-23,Hoshiarpur,13.07,3.9e-05
2019-09-23,Jalandhar,11.02,4.2e-05
2019-09-23,Kapurthala,5.1,3.1e-05
2019-09-23,Ludhiana,28.68,8e-05
2019-09-23,Mansa,0.0,0.0
2019-09-23,Moga,0.0,0.0
2019-09-23,Muktsar,0.0,0.0
2019-09-23,Nawanshahr,29.39,0.000225
2019-09-23,Patiala,0.0,0.0
2019-09-23,Rupnagar,0.0,0.0
2019-09-23,Sahibzada Ajit Singh Nagar,3.7,3.3e-05
2019-09-23,Sangrur,3.76,1e-05
2019-09-23,Tarn Taran,0.0,0.0
2019-09-24,Amritsar,0.0,0.0
2019-09-24,Barnala,0.0,0.0
2019-09-24,Bathinda,0.0,0.0
2019-09-24,Faridkot,0.0,0.0
2019-09-24,Fatehgarh Sahib,0.0,0.0
2019-09-24,Firozpur,27.23,5.2e-05
2019-09-24,Gurdaspur,6.41,1.8e-05
2019-09-24,Hoshiarpur,0.0,0.0
2019-09-24,Jalandhar,167.82,0.000642
2019-09-24,Kapurthala,114.91,0.00069
2019-09-24,Ludhiana,6.61,1.8e-05
2019-09-24,Mansa,0.0,0.0
2019-09-24,Moga,4.4,1.9e-05
2019-09-24,Muktsar,0.0,0.0
2019-09-24,Nawanshahr,0.0,0.0
2019-09-24,Patiala,0.0,0.0
2019-09-24,Rupnagar,0.0,0.0
2019-09-24,Sahibzada Ajit Singh Nagar,0.0,0.0
2019-09-24,Sangrur,0.0,0.0
2019-09-24,Tarn Taran,24.87,0.000104
2019-09-25,Amritsar,0.0,0.0
2019-09-25,Barnala,0.0,0.0
2019-09-25,Bathinda,0.0,0.0
2019-09-25,Faridkot,0.0,0.0
2019-09-25,Fatehgarh Sahib,0.0,0.0
2019-09-25,Firozpur,0.0,0.0
2019-09-25,Gurdaspur,0.0,0.0
2019-09-25,Hoshiarpur,0.0,0.0
2019-09-25,Jalandhar,0.0,0.0
2019-09-25,Kapurthala,0.0,0.0
2019-09-25,Ludhiana,0.0,0.0
2019-09-25,Mansa,0.0,0.0
2019-09-25,Moga,0.0,0.0
2019-09-25,Muktsar,0.0,0.0
2019-09-25,Nawanshahr,0.0,0.0
2019-09-25,Patiala,0.0,0.0
2019-09-25,Rupnagar,0.0,0.0
2019-09-25,Sahibzada Ajit Singh Nagar,0.0,0.0
2019-09-25,Sangrur,0.0,0.0
2019-09-25,Tarn Taran,0.0,0.0
2019-09-26,Amritsar,0.0,0.0
2019-09-26,Barnala,0.0,0.0
2019-09-26,Bathinda,0.0,0.0
2019-09-26,Faridkot,0.0,0.0
2019-09-26,Fatehgarh Sahib,0.0,0.0
2019-09-26,Firozpur,0.0,0.0
2019-09-26,Gurdaspur,0.0,0.0
2019-09-26,Hoshiarpur,0.0,0.0
2019-09-26,Jalandhar,0.0,0.0
2019-09-26,Kapurthala,0.0,0.0
2019-09-26,Ludhiana,0.0,0.0
2019-09-26,Mansa,0.0,0.0
2019-09-26,Moga,0.0,0.0
2019-09-26,Muktsar,0.0,0.0
2019-09-26,Nawanshahr,0.0,0.0
2019-09-26,Patiala,0.0,0.0
2019-09-26,Rupnagar,0.0,0.0
2019-09-26,Sahibzada Ajit Singh Nagar,0.0,0.0
2019-09-26,Sangrur,0.0,0.0
2019-09-26,Tarn Taran,0.0,0.0
2019-09-27,Amritsar,0.0,0.0
2019-09-27,Barnala,0.0,0.0
2019-09-27,Bathinda,0.0,0.0
2019-09-27,Faridkot,0.0,0.0
2019-09-27,Fatehgarh Sahib,0.0,0.0
2019-09-27,Firozpur,0.0,0.0
2019-09-27,Gurdaspur,0.0,0.0
2019-09-27,Hoshiarpur,0.0,0.0
2019-09-27,Jalandhar,0.0,0.0
2019-09-27,Kapurthala,0.0,0.0
2019-09-27,Ludhiana,0.0,0.0
2019-09-27,Mansa,0.0,0.0
2019-09-27,Moga,0.0,0.0
2019-09-27,Muktsar,0.0,0.0
2019-09-27,Nawanshahr,0.0,0.0
2019-09-27,Patiala,0.0,0.0
2019-09-27,Rupnagar,0.0,0.0
2019-09-27,Sahibzada Ajit Singh Nagar,0.0,0.0
2019-09-27,Sangrur,0.0,0.0
2019-09-27,Tarn Taran,0.0,0.0
2019-09-28,Amritsar,0.0,0.0
2019-09-28,Barnala,0.0,0.0
2019-09-28,Bathinda,0.0,0.0
2019-09-28,Faridkot,0.0,0.0
2019-09-28,Fatehgarh Sahib,0.0,0.0
2019-09-28,Firozpur,30.17,5.8e-05
2019-09-28,Gurdaspur,2.86,8e-06
2019-09-28,Hoshiarpur,0.0,0.0
2019-09-28,Jalandhar,376.72,0.001441
2019-09-28,Kapurthala,224.67,0.001348
2019-09-28,Ludhiana,3.67,1e-05
2019-09-28,Mansa,0.0,0.0
2019-09-28,Moga,8.8,3.7e-05
2019-09-28,Muktsar,0.0,0.0
2019-09-28,Nawanshahr,0.0,0.0
2019-09-28,Patiala,0.0,0.0
2019-09-28,Rupnagar,0.0,0.0
2019-09-28,Sahibzada Ajit Singh Nagar,0.0,0.0
2019-09-28,Sangrur,8.28,2.3e-05
2019-09-28,Tarn Taran,83.34,0.000347
2019-09-29,Amritsar,0.0,0.0
2019-09-29,Barnala,0.0,0.0
2019-09-29,Bathinda,0.0,0.0
2019-09-29,Faridkot,0.0,0.0
2019-09-29,Fatehgarh Sahib,0.0,0.0
2019-09-29,Firozpur,0.0,0.0
2019-09-29,Gurdaspur,0.0,0.0
2019-09-29,Hoshiarpur,0.0,0.0
2019-09-29,Jalandhar,0.0,0.0
2019-09-29,Kapurthala,0.0,0.0
2019-09-29,Ludhiana,0.0,0.0
2019-09-29,Mansa,0.0,0.0
2019-09-29,Moga,0.0,0.0
2019-09-29,Muktsar,0.0,0.0
2019-09-29,Nawanshahr,0.0,0.0
2019-09-29,Patiala,0.0,0.0
2019-09-29,Rupnagar,0.0,0.0
2019-09-29,Sahibzada Ajit Singh Nagar,0.0,0.0
2019-09-29,Sangrur,0.0,0.0
2019-09-29,Tarn Taran,0.0,0.0
2020-06-15,Amritsar,0.0,0.0
2020-06-15,Barnala,0.0,0.0
2020-06-15,Bathinda,0.0,0.0
2020-06-15,Faridkot,0.0,0.0
2020-06-15,Fatehgarh Sahib,0.0,0.0
2020-06-15,Firozpur,0.0,0.0
2020-06-15,Gurdaspur,0.0,0.0
2020-06-15,Hoshiarpur,0.0,0.0
2020-06-15,Jalandhar,0.0,0.0
2020-06-15,Kapurthala,0.0,0.0
2020-06-15,Ludhiana,0.0,0.0
2020-06-15,Mansa,0.0,0.0
2020-06-15,Moga,0.0,0.0
2020-06-15,Muktsar,0.0,0.0
2020-06-15,Nawanshahr,0.0,0.0
2020-06-15,Patiala,0.0,0.0
2020-06-15,Rupnagar,0.0,0.0
2020-06-15,Sahibzada Ajit Singh Nagar,0.0,0.0
2020-06-15,Sangrur,0.0,0.0
2020-06-15,Tarn Taran,0.0,0.0
2020-06-16,Amritsar,0.0,0.0
2020-06-16,Barnala,0.0,0.0
2020-06-16,Bathinda,0.0,0.0
2020-06-16,Faridkot,0.0,0.0
2020-06-16,Fatehgarh Sahib,0.0,0.0
2020-06-16,Firozpur,0.0,0.0
2020-06-16,Gurdaspur,0.0,0.0
2020-06-16,Hoshiarpur,0.0,0.0
2020-06-16,Jalandhar,0.0,0.0
2020-06-16,Kapurthala,0.0,0.0
2020-06-16,Ludhiana,0.0,0.0
2020-06-16,Mansa,0.0,0.0
2020-06-16,Moga,0.0,0.0
2020-06-16,Muktsar,0.0,0.0
2020-06-16,Nawanshahr,0.0,0.0
2020-06-16,Patiala,0.0,0.0
2020-06-16,Rupnagar,0.0,0.0
2020-06-16,Sahibzada Ajit Singh Nagar,0.0,0.0
2020-06-16,Sangrur,0.0,0.0
2020-06-16,Tarn Taran,0.0,0.0
2020-06-17,Amritsar,0.0,0.0
2020-06-17,Barnala,0.0,0.0
2020-06-17,Bathinda,0.0,0.0
2020-06-17,Faridkot,0.0,0.0
2020-06-17,Fatehgarh Sahib,0.0,0.0
2020-06-17,Firozpur,0.0,0.0
2020-06-17,Gurdaspur,0.0,0.0
2020-06-17,Hoshiarpur,0.0,0.0
2020-06-17,Jalandhar,0.0,0.0
2020-06-17,Kapurthala,0.0,0.0
2020-06-17,Ludhiana,0.0,0.0
2020-06-17,Mansa,0.0,0.0
2020-06-17,Moga,0.0,0.0
2020-06-17,Muktsar,0.0,0.0
2020-06-17,Nawanshahr,0.0,0.0
2020-06-17,Patiala,0.0,0.0
2020-06-17,Rupnagar,0.0,0.0
2020-06-17,Sahibzada Ajit Singh Nagar,0.0,0.0
2020-06-17,Sangrur,0.0,0.0
2020-06-17,Tarn Taran,0.0,0.0
2020-06-18,Amritsar,4061.36,0.015224
2020-06-18,Barnala,4037.86,0.027094
2020-06-18,Bathinda,742.64,0.002197
2020-06-18,Faridkot,2401.28,0.016496
2020-06-18,Fatehgarh Sahib,0.0,0.0
2020-06-18,Firozpur,22330.02,0.042767
2020-06-18,Gurdaspur,1938.03,0.005339
2020-06-18,Hoshiarpur,166.46,0.000493
2020-06-18,Jalandhar,5612.31,0.021472
2020-06-18,Kapurthala,1976.98,0.011864
2020-06-18,Ludhiana,9030.66,0.025109
2020-06-18,Mansa,839.53,0.003784
2020-06-18,Moga,15752.35,0.066907
2020-06-18,Muktsar,1644.62,0.006294
2020-06-18,Nawanshahr,0.0,0.0
2020-06-18,Patiala,322.28,0.000965
2020-06-18,Rupnagar,0.0,0.0
2020-06-18,Sahibzada Ajit Singh Nagar,0.0,0.0
2020-06-18,Sangrur,13302.02,0.036837
2020-06-18,Tarn Taran,7406.43,0.030852
2020-06-19,Amritsar,0.0,0.0
2020-06-19,Barnala,0.0,0.0
2020-06-19,Bathinda,0.0,0.0
2020-06-19,Faridkot,0.0,0.0
2020-06-19,Fatehgarh Sahib,0.0,0.0
2020-06-19,Firozpur,58.75,0.000113
2020-06-19,Gurdaspur,0.0,0.0
2020-06-19,Hoshiarpur,0.0,0.0
2020-06-19,Jalandhar,0.0,0.0
2020-06-19,Kapurthala,0.0,0.0
2020-06-19,Ludhiana,0.0,0.0
2020-06-19,Mansa,0.0,0.0
2020-06-19,Moga,0.0,0.0
2020-06-19,Muktsar,0.0,0.0
2020-06-19,Nawanshahr,0.0,0.0
2020-06-19,Patiala,0.0,0.0
2020-06-19,Rupnagar,0.0,0.0
2020-06-19,Sahibzada Ajit Singh Nagar,0.0,0.0
2020-06-19,Sangrur,0.0,0.0
2020-06-19,Tarn Taran,0.0,0.0
2020-06-20,Amritsar,0.0,0.0
2020-06-20,Barnala,0.0,0.0
2020-06-20,Bathinda,0.0,0.0
2020-06-20,Faridkot,0.0,0.0
2020-06-20,Fatehgarh Sahib,0.0,0.0
2020-06-20,Firozpur,0.0,0.0
2020-06-20,Gurdaspur,0.0,0.0
2020-06-20,Hoshiarpur,0.0,0.0
2020-06-20,Jalandhar,0.0,0.0
2020-06-20,Kapurthala,0.0,0.0
2020-06-20,Ludhiana,0.0,0.0
2020-06-20,Mansa,0.0,0.0
2020-06-20,Moga,0.0,0.0
2020-06-20,Muktsar,0.0,0.0
2020-06-20,Nawanshahr,0.0,0.0
2020-06-20,Patiala,0.0,0.0
2020-06-20,Rupnagar,0.0,0.0
2020-06-20,Sahibzada Ajit Singh Nagar,0.0,0.0
2020-06-20,Sangrur,0.0,0.0
2020-06-20,Tarn Taran,0.0,0.0
2020-06-21,Amritsar,0.0,0.0
2020-06-21,Barnala,842.35,0.005652
2020-06-21,Bathinda,0.0,0.0
2020-06-21,Faridkot,0.0,0.0
2020-06-21,Fatehgarh Sahib,4978.0,0.043416
2020-06-21,Firozpur,0.0,0.0
2020-06-21,Gurdaspur,0.0,0.0
2020-06-21,Hoshiarpur,43.13,0.000128
2020-06-21,Jalandhar,1495.34,0.005721
2020-06-21,Kapurthala,76.8,0.000461
2020-06-21,Ludhiana,4950.92,0.013766
2020-06-21,Mansa,3095.71,0.013953
2020-06-21,Moga,0.0,0.0
2020-06-21,Muktsar,0.0,0.0
2020-06-21,Nawanshahr,1128.22,0.008647
2020-06-21,Patiala,10606.08,0.031751
2020-06-21,Rupnagar,517.94,0.003731
2020-06-21,Sahibzada Ajit Singh Nagar,28.18,0.000254
2020-06-21,Sangrur,6082.08,0.016843
2020-06-21,Tarn Taran,0.0,0.0
2020-06-22,Amritsar,0.0,0.0
2020-06-22,Barnala,0.0,0.0
2020-06-22,Bathinda,0.0,0.0
2020-06-22,Faridkot,0.0,0.0
2020-06-22,Fatehgarh Sahib,0.0,0.0
2020-06-22,Firozpur,0.0,0.0
2020-06-22,Gurdaspur,0.0,0.0
2020-06-22,Hoshiarpur,0.0,0.0
2020-06-22,Jalandhar,0.0,0.0
2020-06-22,Kapurthala,0.0,0.0
2020-06-22,Ludhiana,0.0,0.0
2020-06-22,Mansa,0.0,0.0
2020-06-22,Moga,0.0,0.0
2020-06-22,Muktsar,0.0,0.0
2020-06-22,Nawanshahr,0.0,0.0
2020-06-22,Patiala,0.0,0.0
2020-06-22,Rupnagar,0.0,0.0
2020-06-22,Sahibzada Ajit Singh Nagar,0.0,0.0
2020-06-22,Sangrur,0.0,0.0
2020-06-22,Tarn Taran,0.0,0.0
2020-06-23,Amritsar,0.0,0.0
2020-06-23,Barnala,0.0,0.0
2020-06-23,Bathinda,0.0,0.0
2020-06-23,Faridkot,0.0,0.0
2020-06-23,Fatehgarh Sahib,0.0,0.0
2020-06-23,Firozpur,0.0,0.0
2020-06-23,Gurdaspur,0.0,0.0
2020-06-23,Hoshiarpur,0.0,0.0
2020-06-23,Jalandhar,0.0,0.0
2020-06-23,Kapurthala,0.0,0.0
2020-06-23,Ludhiana,0.0,0.0
2020-06-23,Mansa,0.0,0.0
2020-06-23,Moga,0.0,0.0
2020-06-23,Muktsar,0.0,0.0
2020-06-23,Nawanshahr,0.0,0.0
2020-06-23,Patiala,0.0,0.0
2020-06-23,Rupnagar,0.0,0.0
2020-06-23,Sahibzada Ajit Singh Nagar,0.0,0.0
2020-06-23,Sangrur,0.0,0.0
2020-06-23,Tarn Taran,0.0,0.0
2020-06-24,Amritsar,0.0,0.0
2020-06-24,Barnala,0.0,0.0
2020-06-24,Bathinda,0.0,0.0
2020-06-24,Faridkot,0.0,0.0
2020-06-24,Fatehgarh Sahib,0.0,0.0
2020-06-24,Firozpur,0.0,0.0
2020-06-24,Gurdaspur,0.0,0.0
2020-06-24,Hoshiarpur,0.0,0.0
2020-06-24,Jalandhar,0.0,0.0
2020-06-24,Kapurthala,0.0,0.0
2020-06-24,Ludhiana,0.0,0.0
2020-06-24,Mansa,0.0,0.0
2020-06-24,Moga,0.0,0.0
2020-06-24,Muktsar,0.0,0.0
2020-06-24,Nawanshahr,0.0,0.0
2020-06-24,Patiala,0.0,0.0
2020-06-24,Rupnagar,0.0,0.0
2020-06-24,Sahibzada Ajit Singh Nagar,0.0,0.0
2020-06-24,Sangrur,0.0,0.0
2020-06-24,Tarn Taran,0.0,0.0
2020-06-25,Amritsar,340.78,0.001277
2020-06-25,Barnala,4828.15,0.032397
2020-06-25,Bathinda,0.0,0.0
2020-06-25,Faridkot,0.0,0.0
2020-06-25,Fatehgarh Sahib,16589.5,0.144686
2020-06-25,Firozpur,0.0,0.0
2020-06-25,Gurdaspur,1816.43,0.005004
2020-06-25,Hoshiarpur,992.49,0.002939
2020-06-25,Jalandhar,6235.14,0.023855
2020-06-25,Kapurthala,6281.35,0.037694
2020-06-25,Ludhiana,20905.6,0.058127
2020-06-25,Mansa,2306.61,0.010397
2020-06-25,Moga,8627.92,0.036646
2020-06-25,Muktsar,0.0,0.0
2020-06-25,Nawanshahr,2799.54,0.021455
2020-06-25,Patiala,32895.37,0.098479
2020-06-25,Rupnagar,2362.67,0.01702
2020-06-25,Sahibzada Ajit Singh Nagar,128.18,0.001153
2020-06-25,Sangrur,34289.26,0.094957
2020-06-25,Tarn Taran,410.32,0.001709
2020-06-26,Amritsar,182.4,0.000684
2020-06-26,Barnala,2130.61,0.014296
2020-06-26,Bathinda,1143.54,0.003383
2020-06-26,Faridkot,1033.03,0.007097
2020-06-26,Fatehgarh Sahib,2005.92,0.017495
2020-06-26,Firozpur,13701.02,0.02624
2020-06-26,Gurdaspur,436.95,0.001204
2020-06-26,Hoshiarpur,1012.23,0.002997
2020-06-26,Jalandhar,3165.43,0.012111
2020-06-26,Kapurthala,1986.15,0.011919
2020-06-26,Ludhiana,9926.26,0.0276
2020-06-26,Mansa,1503.83,0.006778
2020-06-26,Moga,8974.02,0.038116
2020-06-26,Muktsar,6919.64,0.026482
2020-06-26,Nawanshahr,1722.24,0.013199
2020-06-26,Patiala,4026.14,0.012053
2020-06-26,Rupnagar,0.0,0.0
2020-06-26,Sahibzada Ajit Singh Nagar,0.0,0.0
2020-06-26,Sangrur,19884.39,0.055066
2020-06-26,Tarn Taran,1709.76,0.007122
2020-06-27,Amritsar,0.0,0.0
2020-06-27,Barnala,0.0,0.0
2020-06-27,Bathinda,0.0,0.0
2020-06-27,Faridkot,0.0,0.0
2020-06-27,Fatehgarh Sahib,0.0,0.0
2020-06-27,Firozpur,0.0,0.0
2020-06-27,Gurdaspur,0.0,0.0
2020-06-27,Hoshiarpur,0.0,0.0
2020-06-27,Jalandhar,0.0,0.0
2020-06-27,Kapurthala,0.0,0.0
2020-06-27,Ludhiana,0.0,0.0
2020-06-27,Mansa,0.0,0.0
2020-06-27,Moga,0.0,0.0
2020-06-27,Muktsar,0.0,0.0
2020-06-27,Nawanshahr,0.0,0.0
2020-06-27,Patiala,0.0,0.0
2020-06-27,Rupnagar,0.0,0.0
2020-06-27,Sahibzada Ajit Singh Nagar,0.0,0.0
2020-06-27,Sangrur,0.0,0.0
2020-06-27,Tarn Taran,0.0,0.0
2020-06-28,Amritsar,0.0,0.0
2020-06-28,Barnala,0.0,0.0
2020-06-28,Bathinda,0.0,0.0
2020-06-28,Faridkot,0.0,0.0
2020-06-28,Fatehgarh Sahib,0.0,0.0
2020-06-28,Firozpur,0.0,0.0
2020-06-28,Gurdaspur,0.0,0.0
2020-06-28,Hoshiarpur,0.0,0.0
2020-06-28,Jalandhar,0.0,0.0
2020-06-28,Kapurthala,0.0,0.0
2020-06-28,Ludhiana,0.0,0.0
2020-06-28,Mansa,0.0,0.0
2020-06-28,Moga,0.0,0.0
2020-06-28,Muktsar,0.0,0.0
2020-06-28,Nawanshahr,0.0,0.0
2020-06-28,Patiala,0.0,0.0
2020-06-28,Rupnagar,0.0,0.0
2020-06-28,Sahibzada Ajit Singh Nagar,0.0,0.0
2020-06-28,Sangrur,0.0,0.0
2020-06-28,Tarn Taran,0.0,0.0
2020-06-29,Amritsar,0.0,0.0
2020-06-29,Barnala,0.0,0.0
2020-06-29,Bathinda,0.0,0.0
2020-06-29,Faridkot,0.0,0.0
2020-06-29,Fatehgarh Sahib,0.0,0.0
2020-06-29,Firozpur,0.0,0.0
2020-06-29,Gurdaspur,0.0,0.0
2020-06-29,Hoshiarpur,0.0,0.0
2020-06-29,Jalandhar,0.0,0.0
2020-06-29,Kapurthala,0.0,0.0
2020-06-29,Ludhiana,0.0,0.0
2020-06-29,Mansa,0.0,0.0
2020-06-29,Moga,0.0,0.0
2020-06-29,Muktsar,0.0,0.0
2020-06-29,Nawanshahr,0.0,0.0
2020-06-29,Patiala,0.0,0.0
2020-06-29,Rupnagar,0.0,0.0
2020-06-29,Sahibzada Ajit Singh Nagar,0.0,0.0
2020-06-29,Sangrur,0.0,0.0
2020-06-29,Tarn Taran,0.0,0.0
2020-06-30,Amritsar,1057.74,0.003965
2020-06-30,Barnala,67.55,0.000453
2020-06-30,Bathinda,62.55,0.000185
2020-06-30,Faridkot,75.48,0.000519
2020-06-30,Fatehgarh Sahib,0.0,0.0
2020-06-30,Firozpur,2588.53,0.004958
2020-06-30,Gurdaspur,193.71,0.000534
2020-06-30,Hoshiarpur,27.51,8.1e-05
2020-06-30,Jalandhar,847.42,0.003242
2020-06-30,Kapurthala,358.43,0.002151
2020-06-30,Ludhiana,1840.89,0.005119
2020-06-30,Mansa,19.51,8.8e-05
2020-06-30,Moga,1707.02,0.00725
2020-06-30,Muktsar,166.81,0.000638
2020-06-30,Nawanshahr,0.0,0.0
2020-06-30,Patiala,5.26,1.6e-05
2020-06-30,Rupnagar,0.0,0.0
2020-06-30,Sahibzada Ajit Singh Nagar,0.0,0.0
2020-06-30,Sangrur,1058.17,0.00293
2020-06-30,Tarn Taran,402.92,0.001678
2020-07-01,Amritsar,0.0,0.0
2020-07-01,Barnala,0.0,0.0
2020-07-01,Bathinda,0.0,0.0
2020-07-01,Faridkot,0.0,0.0
2020-07-01,Fatehgarh Sahib,0.0,0.0
2020-07-01,Firozpur,686.47,0.001315
2020-07-01,Gurdaspur,0.0,0.0
2020-07-01,Hoshiarpur,0.0,0.0
2020-07-01,Jalandhar,0.0,0.0
2020-07-01,Kapurthala,0.0,0.0
2020-07-01,Ludhiana,0.0,0.0
2020-07-01,Mansa,0.0,0.0
2020-07-01,Moga,0.0,0.0
2020-07-01,Muktsar,0.0,0.0
2020-07-01,Nawanshahr,0.0,0.0
2020-07-01,Patiala,0.0,0.0
2020-07-01,Rupnagar,0.0,0.0
2020-07-01,Sahibzada Ajit Singh Nagar,0.0,0.0
2020-07-01,Sangrur,0.0,0.0
2020-07-01,Tarn Taran,0.0,0.0
2020-07-02,Amritsar,0.0,0.0
2020-07-02,Barnala,0.0,0.0
2020-07-02,Bathinda,0.0,0.0
2020-07-02,Faridkot,0.0,0.0
2020-07-02,Fatehgarh Sahib,0.0,0.0
2020-07-02,Firozpur,0.0,0.0
2020-07-02,Gurdaspur,0.0,0.0
2020-07-02,Hoshiarpur,0.0,0.0
2020-07-02,Jalandhar,0.0,0.0
2020-07-02,Kapurthala,0.0,0.0
2020-07-02,Ludhiana,0.0,0.0
2020-07-02,Mansa,0.0,0.0
2020-07-02,Moga,0.0,0.0
2020-07-02,Muktsar,0.0,0.0
2020-07-02,Nawanshahr,0.0,0.0
2020-07-02,Patiala,0.0,0.0
2020-07-02,Rupnagar,0.0,0.0
2020-07-02,Sahibzada Ajit Singh Nagar,0.0,0.0
2020-07-02,Sangrur,0.0,0.0
2020-07-02,Tarn Taran,0.0,0.0
2020-07-03,Amritsar,0.0,0.0
2020-07-03,Barnala,0.0,0.0
2020-07-03,Bathinda,0.0,0.0
2020-07-03,Faridkot,0.0,0.0
2020-07-03,Fatehgarh Sahib,480.11,0.004187
2020-07-03,Firozpur,0.0,0.0
2020-07-03,Gurdaspur,0.0,0.0
2020-07-03,Hoshiarpur,0.0,0.0
2020-07-03,Jalandhar,0.0,0.0
2020-07-03,Kapurthala,0.0,0.0
2020-07-03,Ludhiana,159.22,0.000443
2020-07-03,Mansa,0.0,0.0
2020-07-03,Moga,0.0,0.0
2020-07-03,Muktsar,0.0,0.0
2020-07-03,Nawanshahr,26.45,0.000203
2020-07-03,Patiala,577.84,0.00173
2020-07-03,Rupnagar,89.92,0.000648
2020-07-03,Sahibzada Ajit Singh Nagar,15.56,0.00014
2020-07-03,Sangrur,192.21,0.000532
2020-07-03,Tarn Taran,0.0,0.0
2020-07-04,Amritsar,0.0,0.0
2020-07-04,Barnala,0.0,0.0
2020-07-04,Bathinda,0.0,0.0
2020-07-04,Faridkot,0.0,0.0
2020-07-04,Fatehgarh Sahib,0.0,0.0
2020-07-04,Firozpur,0.0,0.0
2020-07-04,Gurdaspur,0.0,0.0
2020-07-04,Hoshiarpur,0.0,0.0
2020-07-04,Jalandhar,0.0,0.0
2020-07-04,Kapurthala,0.0,0.0
2020-07-04,Ludhiana,0.0,0.0
2020-07-04,Mansa,0.0,0.0
2020-07-04,Moga,0.0,0.0
2020-07-04,Muktsar,0.0,0.0
2020-07-04,Nawanshahr,0.0,0.0
2020-07-04,Patiala,0.0,0.0
2020-07-04,Rupnagar,0.0,0.0
2020-07-04,Sahibzada Ajit Singh Nagar,0.0,0.0
2020-07-04,Sangrur,0.0,0.0
2020-07-04,Tarn Taran,0.0,0.0
2020-07-05,Amritsar,0.0,0.0
2020-07-05,Barnala,0.0,0.0
2020-07-05,Bathinda,0.0,0.0
2020-07-05,Faridkot,0.0,0.0
2020-07-05,Fatehgarh Sahib,0.0,0.0
2020-07-05,Firozpur,0.0,0.0
2020-07-05,Gurdaspur,0.0,0.0
2020-07-05,Hoshiarpur,0.0,0.0
2020-07-05,Jalandhar,0.0,0.0
2020-07-05,Kapurthala,0.0,0.0
2020-07-05,Ludhiana,0.0,0.0
2020-07-05,Mansa,0.0,0.0
2020-07-05,Moga,0.0,0.0
2020-07-05,Muktsar,0.0,0.0
2020-07-05,Nawanshahr,0.0,0.0
2020-07-05,Patiala,0.0,0.0
2020-07-05,Rupnagar,0.0,0.0
2020-07-05,Sahibzada Ajit Singh Nagar,0.0,0.0
2020-07-05,Sangrur,0.0,0.0
2020-07-05,Tarn Taran,0.0,0.0
2020-07-06,Amritsar,0.0,0.0
2020-07-06,Barnala,0.0,0.0
2020-07-06,Bathinda,0.0,0.0
2020-07-06,Faridkot,0.0,0.0
2020-07-06,Fatehgarh Sahib,0.0,0.0
2020-07-06,Firozpur,0.0,0.0
2020-07-06,Gurdaspur,0.0,0.0
2020-07-06,Hoshiarpur,0.0,0.0
2020-07-06,Jalandhar,0.0,0.0
2020-07-06,Kapurthala,0.0,0.0
2020-07-06,Ludhiana,0.0,0.0
2020-07-06,Mansa,0.0,0.0
2020-07-06,Moga,0.0,0.0
2020-07-06,Muktsar,0.0,0.0
2020-07-06,Nawanshahr,0.0,0.0
2020-07-06,Patiala,0.0,0.0
2020-07-06,Rupnagar,0.0,0.0
2020-07-06,Sahibzada Ajit Singh Nagar,0.0,0.0
2020-07-06,Sangrur,0.0,0.0
2020-07-06,Tarn Taran,0.0,0.0
2020-07-07,Amritsar,0.0,0.0
2020-07-07,Barnala,0.0,0.0
2020-07-07,Bathinda,0.0,0.0
2020-07-07,Faridkot,0.0,0.0
2020-07-07,Fatehgarh Sahib,97.03,0.000846
2020-07-07,Firozpur,0.0,0.0
2020-07-07,Gurdaspur,0.0,0.0
2020-07-07,Hoshiarpur,0.0,0.0
2020-07-07,Jalandhar,48.48,0.000185
2020-07-07,Kapurthala,1354.86,0.008131
2020-07-07,Ludhiana,753.64,0.002095
2020-07-07,Mansa,16.5,7.4e-05
2020-07-07,Moga,15.48,6.6e-05
2020-07-07,Muktsar,0.0,0.0
2020-07-07,Nawanshahr,193.79,0.001485
2020-07-07,Patiala,470.77,0.001409
2020-07-07,Rupnagar,14.72,0.000106
2020-07-07,Sahibzada Ajit Singh Nagar,0.0,0.0
2020-07-07,Sangrur,122.21,0.000338
2020-07-07,Tarn Taran,2.18,9e-06
2020-07-08,Amritsar,8.65,3.2e-05
2020-07-08,Barnala,9.63,6.5e-05
2020-07-08,Bathinda,28.44,8.4e-05
2020-07-08,Faridkot,0.0,0.0
2020-07-08,Fatehgarh Sahib,48.05,0.000419
2020-07-08,Firozpur,477.57,0.000915
2020-07-08,Gurdaspur,259.48,0.000715
2020-07-08,Hoshiarpur,2.17,6e-06
2020-07-08,Jalandhar,84.48,0.000323
2020-07-08,Kapurthala,309.49,0.001857
2020-07-08,Ludhiana,215.13,0.000598
2020-07-08,Mansa,27.12,0.000122
2020-07-08,Moga,49.24,0.000209
2020-07-08,Muktsar,23.09,8.8e-05
2020-07-08,Nawanshahr,251.62,0.001928
2020-07-08,Patiala,216.91,0.000649
2020-07-08,Rupnagar,0.0,0.0
2020-07-08,Sahibzada Ajit Singh Nagar,0.0,0.0
2020-07-08,Sangrur,247.79,0.000686
2020-07-08,Tarn Taran,29.96,0.000125
2020-07-09,Amritsar,0.0,0.0
2020-07-09,Barnala,0.0,0.0
2020-07-09,Bathinda,0.0,0.0
2020-07-09,Faridkot,0.0,0.0
2020-07-09,Fatehgarh Sahib,0.0,0.0
2020-07-09,Firozpur,0.0,0.0
2020-07-09,Gurdaspur,0.0,0.0
2020-07-09,Hoshiarpur,0.0,0.0
2020-07-09,Jalandhar,0.0,0.0
2020-07-09,Kapurthala,0.0,0.0
2020-07-09,Ludhiana,0.0,0.0
2020-07-09,Mansa,0.0,0.0
2020-07-09,Moga,0.0,0.0
2020-07-09,Muktsar,0.0,0.0
2020-07-09,Nawanshahr,0.0,0.0
2020-07-09,Patiala,0.0,0.0
2020-07-09,Rupnagar,0.0,0.0
2020-07-09,Sahibzada Ajit Singh Nagar,0.0,0.0
2020-07-09,Sangrur,0.0,0.0
2020-07-09,Tarn Taran,0.0,0.0
2020-07-10,Amritsar,0.0,0.0
2020-07-10,Barnala,0.0,0.0
2020-07-10,Bathinda,0.0,0.0
2020-07-10,Faridkot,0.0,0.0
2020-07-10,Fatehgarh Sahib,0.0,0.0
2020-07-10,Firozpur,0.0,0.0
2020-07-10,Gurdaspur,0.0,0.0
2020-07-10,Hoshiarpur,0.0,0.0
2020-07-10,Jalandhar,0.0,0.0
2020-07-10,Kapurthala,0.0,0.0
2020-07-10,Ludhiana,0.0,0.0
2020-07-10,Mansa,0.0,0.0
2020-07-10,Moga,0.0,0.0
2020-07-10,Muktsar,0.0,0.0
2020-07-10,Nawanshahr,0.0,0.0
2020-07-10,Patiala,0.0,0.0
2020-07-10,Rupnagar,0.0,0.0
2020-07-10,Sahibzada Ajit Singh Nagar,0.0,0.0
2020-07-10,Sangrur,0.0,0.0
2020-07-10,Tarn Taran,0.0,0.0
2020-07-11,Amritsar,0.0,0.0
2020-07-11,Barnala,0.0,0.0
2020-07-11,Bathinda,0.0,0.0
2020-07-11,Faridkot,0.0,0.0
2020-07-11,Fatehgarh Sahib,0.0,0.0
2020-07-11,Firozpur,0.0,0.0
2020-07-11,Gurdaspur,0.0,0.0
2020-07-11,Hoshiarpur,0.0,0.0
2020-07-11,Jalandhar,0.0,0.0
2020-07-11,Kapurthala,0.0,0.0
2020-07-11,Ludhiana,0.0,0.0
2020-07-11,Mansa,0.0,0.0
2020-07-11,Moga,0.0,0.0
2020-07-11,Muktsar,0.0,0.0
2020-07-11,Nawanshahr,0.0,0.0
2020-07-11,Patiala,0.0,0.0
2020-07-11,Rupnagar,0.0,0.0
2020-07-11,Sahibzada Ajit Singh Nagar,0.0,0.0
2020-07-11,Sangrur,0.0,0.0
2020-07-11,Tarn Taran,0.0,0.0
2020-07-12,Amritsar,483.9,0.001814
2020-07-12,Barnala,16.38,0.00011
2020-07-12,Bathinda,32.78,9.7e-05
2020-07-12,Faridkot,401.86,0.002761
2020-07-12,Fatehgarh Sahib,0.0,0.0
2020-07-12,Firozpur,6769.41,0.012965
2020-07-12,Gurdaspur,142.42,0.000392
2020-07-12,Hoshiarpur,0.0,0.0
2020-07-12,Jalandhar,26.42,0.000101
2020-07-12,Kapurthala,4.38,2.6e-05
2020-07-12,Ludhiana,1305.54,0.00363
2020-07-12,Mansa,1846.89,0.008324
2020-07-12,Moga,662.65,0.002815
2020-07-12,Muktsar,2793.92,0.010693
2020-07-12,Nawanshahr,0.0,0.0
2020-07-12,Patiala,283.91,0.00085
2020-07-12,Rupnagar,0.0,0.0
2020-07-12,Sahibzada Ajit Singh Nagar,0.0,0.0
2020-07-12,Sangrur,4116.86,0.011401
2020-07-12,Tarn Taran,14.63,6.1e-05
2020-07-13,Amritsar,0.0,0.0
2020-07-13,Barnala,0.0,0.0
2020-07-13,Bathinda,0.0,0.0
2020-07-13,Faridkot,0.0,0.0
2020-07-13,Fatehgarh Sahib,0.0,0.0
2020-07-13,Firozpur,6559.27,0.012562
2020-07-13,Gurdaspur,0.0,0.0
2020-07-13,Hoshiarpur,0.0,0.0
2020-07-13,Jalandhar,0.0,0.0
2020-07-13,Kapurthala,0.0,0.0
2020-07-13,Ludhiana,0.0,0.0
2020-07-13,Mansa,0.0,0.0
2020-07-13,Moga,0.0,0.0
2020-07-13,Muktsar,0.0,0.0
2020-07-13,Nawanshahr,0.0,0.0
2020-07-13,Patiala,0.0,0.0
2020-07-13,Rupnagar,0.0,0.0
2020-07-13,Sahibzada Ajit Singh Nagar,0.0,0.0
2020-07-13,Sangrur,0.0,0.0
2020-07-13,Tarn Taran,0.0,0.0
2020-07-14,Amritsar,0.0,0.0
2020-07-14,Barnala,0.0,0.0
2020-07-14,Bathinda,0.0,0.0
2020-07-14,Faridkot,0.0,0.0
2020-07-14,Fatehgarh Sahib,0.0,0.0
2020-07-14,Firozpur,0.0,0.0
2020-07-14,Gurdaspur,0.0,0.0
2020-07-14,Hoshiarpur,0.0,0.0
2020-07-14,Jalandhar,0.0,0.0
2020-07-14,Kapurthala,0.0,0.0
2020-07-14,Ludhiana,0.0,0.0
2020-07-14,Mansa,0.0,0.0
2020-07-14,Moga,0.0,0.0
2020-07-14,Muktsar,0.0,0.0
2020-07-14,Nawanshahr,0.0,0.0
2020-07-14,Patiala,0.0,0.0
2020-07-14,Rupnagar,0.0,0.0
2020-07-14,Sahibzada Ajit Singh Nagar,0.0,0.0
2020-07-14,Sangrur,0.0,0.0
2020-07-14,Tarn Taran,0.0,0.0
2020-07-15,Amritsar,0.0,0.0
2020-07-15,Barnala,30.55,0.000205
2020-07-15,Bathinda,0.0,0.0
2020-07-15,Faridkot,0.0,0.0
2020-07-15,Fatehgarh Sahib,211.24,0.001842
2020-07-15,Firozpur,0.0,0.0
2020-07-15,Gurdaspur,0.0,0.0
2020-07-15,Hoshiarpur,0.0,0.0
2020-07-15,Jalandhar,27.86,0.000107
2020-07-15,Kapurthala,0.0,0.0
2020-07-15,Ludhiana,179.29,0.000499
2020-07-15,Mansa,198.47,0.000895
2020-07-15,Moga,0.0,0.0
2020-07-15,Muktsar,0.0,0.0
2020-07-15,Nawanshahr,32.26,0.000247
2020-07-15,Patiala,2222.98,0.006655
2020-07-15,Rupnagar,2.94,2.1e-05
2020-07-15,Sahibzada Ajit Singh Nagar,8.14,7.3e-05
2020-07-15,Sangrur,1026.72,0.002843
2020-07-15,Tarn Taran,0.0,0.0
2020-07-16,Amritsar,0.0,0.0
2020-07-16,Barnala,0.0,0.0
2020-07-16,Bathinda,0.0,0.0
2020-07-16,Faridkot,0.0,0.0
2020-07-16,Fatehgarh Sahib,0.0,0.0
2020-07-16,Firozpur,0.0,0.0
2020-07-16,Gurdaspur,0.0,0.0
2020-07-16,Hoshiarpur,0.0,0.0
2020-07-16,Jalandhar,0.0,0.0
2020-07-16,Kapurthala,0.0,0.0
2020-07-16,Ludhiana,0.0,0.0
2020-07-16,Mansa,0.0,0.0
2020-07-16,Moga,0.0,0.0
2020-07-16,Muktsar,0.0,0.0
2020-07-16,Nawanshahr,0.0,0.0
2020-07-16,Patiala,0.0,0.0
2020-07-16,Rupnagar,0.0,0.0
2020-07-16,Sahibzada Ajit Singh Nagar,0.0,0.0
2020-07-16,Sangrur,0.0,0.0
2020-07-16,Tarn Taran,0.0,0.0
2020-07-17,Amritsar,0.0,0.0
2020-07-17,Barnala,0.0,0.0
2020-07-17,Bathinda,0.0,0.0
2020-07-17,Faridkot,0.0,0.0
2020-07-17,Fatehgarh Sahib,0.0,0.0
2020-07-17,Firozpur,20.24,3.9e-05
2020-07-17,Gurdaspur,0.0,0.0
2020-07-17,Hoshiarpur,0.0,0.0
2020-07-17,Jalandhar,0.0,0.0
2020-07-17,Kapurthala,0.0,0.0
2020-07-17,Ludhiana,0.0,0.0
2020-07-17,Mansa,0.0,0.0
2020-07-17,Moga,0.0,0.0
2020-07-17,Muktsar,0.0,0.0
2020-07-17,Nawanshahr,0.0,0.0
2020-07-17,Patiala,0.0,0.0
2020-07-17,Rupnagar,0.0,0.0
2020-07-17,Sahibzada Ajit Singh Nagar,0.0,0.0
2020-07-17,Sangrur,0.0,0.0
2020-07-17,Tarn Taran,0.0,0.0
2020-07-18,Amritsar,0.0,0.0
2020-07-18,Barnala,0.0,0.0
2020-07-18,Bathinda,0.0,0.0
2020-07-18,Faridkot,0.0,0.0
2020-07-18,Fatehgarh Sahib,0.0,0.0
2020-07-18,Firozpur,0.0,0.0
2020-07-18,Gurdaspur,0.0,0.0
2020-07-18,Hoshiarpur,0.0,0.0
2020-07-18,Jalandhar,0.0,0.0
2020-07-18,Kapurthala,0.0,0.0
2020-07-18,Ludhiana,0.0,0.0
2020-07-18,Mansa,0.0,0.0
2020-07-18,Moga,0.0,0.0
2020-07-18,Muktsar,0.0,0.0
2020-07-18,Nawanshahr,0.0,0.0
2020-07-18,Patiala,0.0,0.0
2020-07-18,Rupnagar,0.0,0.0
2020-07-18,Sahibzada Ajit Singh Nagar,0.0,0.0
2020-07-18,Sangrur,0.0,0.0
2020-07-18,Tarn Taran,0.0,0.0
2020-07-19,Amritsar,5.79,2.2e-05
2020-07-19,Barnala,0.0,0.0
2020-07-19,Bathinda,0.0,0.0
2020-07-19,Faridkot,0.0,0.0
2020-07-19,Fatehgarh Sahib,132.64,0.001157
2020-07-19,Firozpur,0.0,0.0
2020-07-19,Gurdaspur,157.74,0.000435
2020-07-19,Hoshiarpur,0.0,0.0
2020-07-19,Jalandhar,425.14,0.001627
2020-07-19,Kapurthala,552.05,0.003313
2020-07-19,Ludhiana,209.21,0.000582
2020-07-19,Mansa,12.77,5.8e-05
2020-07-19,Moga,72.03,0.000306
2020-07-19,Muktsar,0.0,0.0
2020-07-19,Nawanshahr,27.89,0.000214
2020-07-19,Patiala,249.6,0.000747
2020-07-19,Rupnagar,0.0,0.0
2020-07-19,Sahibzada Ajit Singh Nagar,0.0,0.0
2020-07-19,Sangrur,107.39,0.000297
2020-07-19,Tarn Taran,93.23,0.000388
2020-07-20,Amritsar,21.67,8.1e-05
2020-07-20,Barnala,0.0,0.0
2020-07-20,Bathinda,103.5,0.000306
2020-07-20,Faridkot,65.82,0.000452
2020-07-20,Fatehgarh Sahib,12.6,0.00011
2020-07-20,Firozpur,50.16,9.6e-05
2020-07-20,Gurdaspur,34.52,9.5e-05
2020-07-20,Hoshiarpur,3.61,1.1e-05
2020-07-20,Jalandhar,317.07,0.001213
2020-07-20,Kapurthala,219.73,0.001319
2020-07-20,Ludhiana,140.68,0.000391
2020-07-20,Mansa,36.92,0.000166
2020-07-20,Moga,75.27,0.00032
2020-07-20,Muktsar,38.02,0.000145
2020-07-20,Nawanshahr,25.67,0.000197
2020-07-20,Patiala,8.26,2.5e-05
2020-07-20,Rupnagar,0.0,0.0
2020-07-20,Sahibzada Ajit Singh Nagar,0.0,0.0
2020-07-20,Sangrur,29.95,8.3e-05
2020-07-20,Tarn Taran,642.79,0.002678
2020-07-21,Amritsar,0.0,0.0
2020-07-21,Barnala,0.0,0.0
2020-07-21,Bathinda,0.0,0.0
2020-07-21,Faridkot,0.0,0.0
2020-07-21,Fatehgarh Sahib,0.0,0.0
2020-07-21,Firozpur,0.0,0.0
2020-07-21,Gurdaspur,0.0,0.0
2020-07-21,Hoshiarpur,0.0,0.0
2020-07-21,Jalandhar,0.0,0.0
2020-07-21,Kapurthala,0.0,0.0
2020-07-21,Ludhiana,0.0,0.0
2020-07-21,Mansa,0.0,0.0
2020-07-21,Moga,0.0,0.0
2020-07-21,Muktsar,0.0,0.0
2020-07-21,Nawanshahr,0.0,0.0
2020-07-21,Patiala,0.0,0.0
2020-07-21,Rupnagar,0.0,0.0
2020-07-21,Sahibzada Ajit Singh Nagar,0.0,0.0
2020-07-21,Sangrur,0.0,0.0
2020-07-21,Tarn Taran,0.0,0.0
2020-07-22,Amritsar,0.0,0.0
2020-07-22,Barnala,0.0,0.0
2020-07-22,Bathinda,0.0,0.0
2020-07-22,Faridkot,0.0,0.0
2020-07-22,Fatehgarh Sahib,0.0,0.0
2020-07-22,Firozpur,0.0,0.0
2020-07-22,Gurdaspur,0.0,0.0
2020-07-22,Hoshiarpur,0.0,0.0
2020-07-22,Jalandhar,0.0,0.0
2020-07-22,Kapurthala,0.0,0.0
2020-07-22,Ludhiana,0.0,0.0
2020-07-22,Mansa,0.0,0.0
2020-07-22,Moga,0.0,0.0
2020-07-22,Muktsar,0.0,0.0
2020-07-22,Nawanshahr,0.0,0.0
2020-07-22,Patiala,0.0,0.0
2020-07-22,Rupnagar,0.0,0.0
2020-07-22,Sahibzada Ajit Singh Nagar,0.0,0.0
2020-07-22,Sangrur,0.0,0.0
2020-07-22,Tarn Taran,0.0,0.0
2020-07-23,Amritsar,0.0,0.0
2020-07-23,Barnala,0.0,0.0
2020-07-23,Bathinda,0.0,0.0
2020-07-23,Faridkot,0.0,0.0
2020-07-23,Fatehgarh Sahib,0.0,0.0
2020-07-23,Firozpur,0.0,0.0
2020-07-23,Gurdaspur,0.0,0.0
2020-07-23,Hoshiarpur,0.0,0.0
2020-07-23,Jalandhar,0.0,0.0
2020-07-23,Kapurthala,0.0,0.0
2020-07-23,Ludhiana,0.0,0.0
2020-07-23,Mansa,0.0,0.0
2020-07-23,Moga,0.0,0.0
2020-07-23,Muktsar,0.0,0.0
2020-07-23,Nawanshahr,0.0,0.0
2020-07-23,Patiala,0.0,0.0
2020-07-23,Rupnagar,0.0,0.0
2020-07-23,Sahibzada Ajit Singh Nagar,0.0,0.0
2020-07-23,Sangrur,0.0,0.0
2020-07-23,Tarn Taran,0.0,0.0
2020-07-24,Amritsar,0.72,3e-06
2020-07-24,Barnala,0.0,0.0
2020-07-24,Bathinda,38.17,0.000113
2020-07-24,Faridkot,0.0,0.0
2020-07-24,Fatehgarh Sahib,0.0,0.0
2020-07-24,Firozpur,232.62,0.000446
2020-07-24,Gurdaspur,0.0,0.0
2020-07-24,Hoshiarpur,0.0,0.0
2020-07-24,Jalandhar,0.0,0.0
2020-07-24,Kapurthala,0.0,0.0
2020-07-24,Ludhiana,3.69,1e-05
2020-07-24,Mansa,297.61,0.001341
2020-07-24,Moga,5.89,2.5e-05
2020-07-24,Muktsar,334.38,0.00128
2020-07-24,Nawanshahr,0.0,0.0
2020-07-24,Patiala,96.88,0.00029
2020-07-24,Rupnagar,0.0,0.0
2020-07-24,Sahibzada Ajit Singh Nagar,0.0,0.0
2020-07-24,Sangrur,221.06,0.000612
2020-07-24,Tarn Taran,19.76,8.2e-05
2020-07-25,Amritsar,0.0,0.0
2020-07-25,Barnala,0.0,0.0
2020-07-25,Bathinda,0.0,0.0
2020-07-25,Faridkot,0.0,0.0
2020-07-25,Fatehgarh Sahib,0.0,0.0
2020-07-25,Firozpur,2.98,6e-06
2020-07-25,Gurdaspur,0.0,0.0
2020-07-25,Hoshiarpur,0.0,0.0
2020-07-25,Jalandhar,0.0,0.0
2020-07-25,Kapurthala,0.0,0.0
2020-07-25,Ludhiana,0.0,0.0
2020-07-25,Mansa,0.0,0.0
2020-07-25,Moga,0.0,0.0
2020-07-25,Muktsar,0.0,0.0
2020-07-25,Nawanshahr,0.0,0.0
2020-07-25,Patiala,0.0,0.0
2020-07-25,Rupnagar,0.0,0.0
2020-07-25,Sahibzada Ajit Singh Nagar,0.0,0.0
2020-07-25,Sangrur,0.0,0.0
2020-07-25,Tarn Taran,0.0,0.0
2020-07-26,Amritsar,0.0,0.0
2020-07-26,Barnala,0.0,0.0
2020-07-26,Bathinda,0.0,0.0
2020-07-26,Faridkot,0.0,0.0
2020-07-26,Fatehgarh Sahib,0.0,0.0
2020-07-26,Firozpur,0.0,0.0
2020-07-26,Gurdaspur,0.0,0.0
2020-07-26,Hoshiarpur,0.0,0.0
2020-07-26,Jalandhar,0.0,0.0
2020-07-26,Kapurthala,0.0,0.0
2020-07-26,Ludhiana,0.0,0.0
2020-07-26,Mansa,0.0,0.0
2020-07-26,Moga,0.0,0.0
2020-07-26,Muktsar,0.0,0.0
2020-07-26,Nawanshahr,0.0,0.0
2020-07-26,Patiala,0.0,0.0
2020-07-26,Rupnagar,0.0,0.0
2020-07-26,Sahibzada Ajit Singh Nagar,0.0,0.0
2020-07-26,Sangrur,0.0,0.0
2020-07-26,Tarn Taran,0.0,0.0
2020-07-27,Amritsar,0.0,0.0
2020-07-27,Barnala,0.0,0.0
2020-07-27,Bathinda,0.0,0.0
2020-07-27,Faridkot,0.0,0.0
2020-07-27,Fatehgarh Sahib,28.91,0.000252
2020-07-27,Firozpur,0.0,0.0
2020-07-27,Gurdaspur,0.0,0.0
2020-07-27,Hoshiarpur,0.0,0.0
2020-07-27,Jalandhar,0.0,0.0
2020-07-27,Kapurthala,0.0,0.0
2020-07-27,Ludhiana,9.63,2.7e-05
2020-07-27,Mansa,50.37,0.000227
2020-07-27,Moga,0.0,0.0
2020-07-27,Muktsar,0.0,0.0
2020-07-27,Nawanshahr,7.35,5.6e-05
2020-07-27,Patiala,141.82,0.000425
2020-07-27,Rupnagar,0.0,0.0
2020-07-27,Sahibzada Ajit Singh Nagar,0.0,0.0
2020-07-27,Sangrur,94.01,0.00026
2020-07-27,Tarn Taran,0.0,0.0
2020-07-28,Amritsar,0.0,0.0
2020-07-28,Barnala,0.0,0.0
2020-07-28,Bathinda,0.0,0.0
2020-07-28,Faridkot,0.0,0.0
2020-07-28,Fatehgarh Sahib,0.0,0.0
2020-07-28,Firozpur,0.0,0.0
2020-07-28,Gurdaspur,0.0,0.0
2020-07-28,Hoshiarpur,0.0,0.0
2020-07-28,Jalandhar,0.0,0.0
2020-07-28,Kapurthala,0.0,0.0
2020-07-28,Ludhiana,0.0,0.0
2020-07-28,Mansa,0.0,0.0
2020-07-28,Moga,0.0,0.0
2020-07-28,Muktsar,0.0,0.0
2020-07-28,Nawanshahr,0.0,0.0
2020-07-28,Patiala,0.0,0.0
2020-07-28,Rupnagar,0.0,0.0
2020-07-28,Sahibzada Ajit Singh Nagar,0.0,0.0
2020-07-28,Sangrur,0.0,0.0
2020-07-28,Tarn Taran,0.0,0.0
2020-07-29,Amritsar,0.0,0.0
2020-07-29,Barnala,0.0,0.0
2020-07-29,Bathinda,0.0,0.0
2020-07-29,Faridkot,0.0,0.0
2020-07-29,Fatehgarh Sahib,0.0,0.0
2020-07-29,Firozpur,5.24,1e-05
2020-07-29,Gurdaspur,0.0,0.0
2020-07-29,Hoshiarpur,0.0,0.0
2020-07-29,Jalandhar,0.0,0.0
2020-07-29,Kapurthala,0.0,0.0
2020-07-29,Ludhiana,0.0,0.0
2020-07-29,Mansa,0.0,0.0
2020-07-29,Moga,0.0,0.0
2020-07-29,Muktsar,0.0,0.0
2020-07-29,Nawanshahr,0.0,0.0
2020-07-29,Patiala,0.0,0.0
2020-07-29,Rupnagar,0.0,0.0
2020-07-29,Sahibzada Ajit Singh Nagar,0.0,0.0
2020-07-29,Sangrur,0.0,0.0
2020-07-29,Tarn Taran,0.0,0.0
2020-07-30,Amritsar,0.0,0.0
2020-07-30,Barnala,0.0,0.0
2020-07-30,Bathinda,0.0,0.0
2020-07-30,Faridkot,0.0,0.0
2020-07-30,Fatehgarh Sahib,0.0,0.0
2020-07-30,Firozpur,0.0,0.0
2020-07-30,Gurdaspur,0.0,0.0
2020-07-30,Hoshiarpur,0.0,0.0
2020-07-30,Jalandhar,0.0,0.0
2020-07-30,Kapurthala,0.0,0.0
2020-07-30,Ludhiana,0.0,0.0
2020-07-30,Mansa,0.0,0.0
2020-07-30,Moga,0.0,0.0
2020-07-30,Muktsar,0.0,0.0
2020-07-30,Nawanshahr,0.0,0.0
2020-07-30,Patiala,0.0,0.0
2020-07-30,Rupnagar,0.0,0.0
2020-07-30,Sahibzada Ajit Singh Nagar,0.0,0.0
2020-07-30,Sangrur,0.0,0.0
2020-07-30,Tarn Taran,0.0,0.0
2020-07-31,Amritsar,0.0,0.0
2020-07-31,Barnala,2.23,1.5e-05
2020-07-31,Bathinda,0.0,0.0
2020-07-31,Faridkot,0.0,0.0
2020-07-31,Fatehgarh Sahib,37.8,0.00033
2020-07-31,Firozpur,0.0,0.0
2020-07-31,Gurdaspur,12.88,3.5e-05
2020-07-31,Hoshiarpur,0.0,0.0
2020-07-31,Jalandhar,20.58,7.9e-05
2020-07-31,Kapurthala,0.0,0.0
2020-07-31,Ludhiana,29.5,8.2e-05
2020-07-31,Mansa,27.07,0.000122
2020-07-31,Moga,8.09,3.4e-05
2020-07-31,Muktsar,0.0,0.0
2020-07-31,Nawanshahr,2.94,2.3e-05
2020-07-31,Patiala,778.99,0.002332
2020-07-31,Rupnagar,0.0,0.0
2020-07-31,Sahibzada Ajit Singh Nagar,0.0,0.0
2020-07-31,Sangrur,204.32,0.000566
2020-07-31,Tarn Taran,0.0,0.0
2020-08-01,Amritsar,3.6,1.3e-05
2020-08-01,Barnala,0.0,0.0
2020-08-01,Bathinda,0.0,0.0
2020-08-01,Faridkot,0.0,0.0
2020-08-01,Fatehgarh Sahib,28.91,0.000252
2020-08-01,Firozpur,1.47,3e-06
2020-08-01,Gurdaspur,796.5,0.002194
2020-08-01,Hoshiarpur,2.89,9e-06
2020-08-01,Jalandhar,34.54,0.000132
2020-08-01,Kapurthala,7.31,4.4e-05
2020-08-01,Ludhiana,27.3,7.6e-05
2020-08-01,Mansa,27.82,0.000125
2020-08-01,Moga,1.47,6e-06
2020-08-01,Muktsar,8.92,3.4e-05
2020-08-01,Nawanshahr,0.0,0.0
2020-08-01,Patiala,210.87,0.000631
2020-08-01,Rupnagar,0.0,0.0
2020-08-01,Sahibzada Ajit Singh Nagar,0.0,0.0
2020-08-01,Sangrur,153.17,0.000424
2020-08-01,Tarn Taran,23.38,9.7e-05
2020-08-02,Amritsar,0.0,0.0
2020-08-02,Barnala,0.0,0.0
2020-08-02,Bathinda,0.0,0.0
2020-08-02,Faridkot,0.0,0.0
2020-08-02,Fatehgarh Sahib,0.0,0.0
2020-08-02,Firozpur,0.0,0.0
2020-08-02,Gurdaspur,0.0,0.0
2020-08-02,Hoshiarpur,0.0,0.0
2020-08-02,Jalandhar,0.0,0.0
2020-08-02,Kapurthala,0.0,0.0
2020-08-02,Ludhiana,0.0,0.0
2020-08-02,Mansa,0.0,0.0
2020-08-02,Moga,0.0,0.0
2020-08-02,Muktsar,0.0,0.0
2020-08-02,Nawanshahr,0.0,0.0
2020-08-02,Patiala,0.0,0.0
2020-08-02,Rupnagar,0.0,0.0
2020-08-02,Sahibzada Ajit Singh Nagar,0.0,0.0
2020-08-02,Sangrur,0.0,0.0
2020-08-02,Tarn Taran,0.0,0.0
2020-08-03,Amritsar,0.0,0.0
2020-08-03,Barnala,0.0,0.0
2020-08-03,Bathinda,0.0,0.0
2020-08-03,Faridkot,0.0,0.0
2020-08-03,Fatehgarh Sahib,0.0,0.0
2020-08-03,Firozpur,0.0,0.0
2020-08-03,Gurdaspur,0.0,0.0
2020-08-03,Hoshiarpur,0.0,0.0
2020-08-03,Jalandhar,0.0,0.0
2020-08-03,Kapurthala,0.0,0.0
2020-08-03,Ludhiana,0.0,0.0
2020-08-03,Mansa,0.0,0.0
2020-08-03,Moga,0.0,0.0
2020-08-03,Muktsar,0.0,0.0
2020-08-03,Nawanshahr,0.0,0.0
2020-08-03,Patiala,0.0,0.0
2020-08-03,Rupnagar,0.0,0.0
2020-08-03,Sahibzada Ajit Singh Nagar,0.0,0.0
2020-08-03,Sangrur,0.0,0.0
2020-08-03,Tarn Taran,0.0,0.0
2020-08-04,Amritsar,0.0,0.0
2020-08-04,Barnala,0.0,0.0
2020-08-04,Bathinda,0.0,0.0
2020-08-04,Faridkot,0.0,0.0
2020-08-04,Fatehgarh Sahib,0.0,0.0
2020-08-04,Firozpur,0.0,0.0
2020-08-04,Gurdaspur,0.0,0.0
2020-08-04,Hoshiarpur,0.0,0.0
2020-08-04,Jalandhar,0.0,0.0
2020-08-04,Kapurthala,0.0,0.0
2020-08-04,Ludhiana,0.0,0.0
2020-08-04,Mansa,0.0,0.0
2020-08-04,Moga,0.0,0.0
2020-08-04,Muktsar,0.0,0.0
2020-08-04,Nawanshahr,0.0,0.0
2020-08-04,Patiala,0.0,0.0
2020-08-04,Rupnagar,0.0,0.0
2020-08-04,Sahibzada Ajit Singh Nagar,0.0,0.0
2020-08-04,Sangrur,0.0,0.0
2020-08-04,Tarn Taran,0.0,0.0
2020-08-05,Amritsar,0.0,0.0
2020-08-05,Barnala,0.0,0.0
2020-08-05,Bathinda,3.01,9e-06
2020-08-05,Faridkot,0.0,0.0
2020-08-05,Fatehgarh Sahib,0.0,0.0
2020-08-05,Firozpur,5.15,1e-05
2020-08-05,Gurdaspur,0.0,0.0
2020-08-05,Hoshiarpur,0.0,0.0
2020-08-05,Jalandhar,0.0,0.0
2020-08-05,Kapurthala,9.5,5.7e-05
2020-08-05,Ludhiana,2.95,8e-06
2020-08-05,Mansa,21.07,9.5e-05
2020-08-05,Moga,3.68,1.6e-05
2020-08-05,Muktsar,8.18,3.1e-05
2020-08-05,Nawanshahr,0.0,0.0
2020-08-05,Patiala,78.12,0.000234
2020-08-05,Rupnagar,0.0,0.0
2020-08-05,Sahibzada Ajit Singh Nagar,0.0,0.0
2020-08-05,Sangrur,67.65,0.000187
2020-08-05,Tarn Taran,4.39,1.8e-05
2020-08-06,Amritsar,0.0,0.0
2020-08-06,Barnala,0.0,0.0
2020-08-06,Bathinda,0.0,0.0
2020-08-06,Faridkot,0.0,0.0
2020-08-06,Fatehgarh Sahib,0.0,0.0
2020-08-06,Firozpur,0.0,0.0
2020-08-06,Gurdaspur,0.0,0.0
2020-08-06,Hoshiarpur,0.0,0.0
2020-08-06,Jalandhar,0.0,0.0
2020-08-06,Kapurthala,0.0,0.0
2020-08-06,Ludhiana,0.0,0.0
2020-08-06,Mansa,0.0,0.0
2020-08-06,Moga,0.0,0.0
2020-08-06,Muktsar,0.0,0.0
2020-08-06,Nawanshahr,0.0,0.0
2020-08-06,Patiala,0.0,0.0
2020-08-06,Rupnagar,0.0,0.0
2020-08-06,Sahibzada Ajit Singh Nagar,0.0,0.0
2020-08-06,Sangrur,0.0,0.0
2020-08-06,Tarn Taran,0.0,0.0
2020-08-07,Amritsar,0.0,0.0
2020-08-07,Barnala,0.0,0.0
2020-08-07,Bathinda,0.0,0.0
2020-08-07,Faridkot,0.0,0.0
2020-08-07,Fatehgarh Sahib,0.0,0.0
2020-08-07,Firozpur,0.0,0.0
2020-08-07,Gurdaspur,0.0,0.0
2020-08-07,Hoshiarpur,0.0,0.0
2020-08-07,Jalandhar,0.0,0.0
2020-08-07,Kapurthala,0.0,0.0
2020-08-07,Ludhiana,0.0,0.0
2020-08-07,Mansa,0.0,0.0
2020-08-07,Moga,0.0,0.0
2020-08-07,Muktsar,0.0,0.0
2020-08-07,Nawanshahr,0.0,0.0
2020-08-07,Patiala,0.0,0.0
2020-08-07,Rupnagar,0.0,0.0
2020-08-07,Sahibzada Ajit Singh Nagar,0.0,0.0
2020-08-07,Sangrur,0.0,0.0
2020-08-07,Tarn Taran,0.0,0.0
2020-08-08,Amritsar,0.0,0.0
2020-08-08,Barnala,0.0,0.0
2020-08-08,Bathinda,0.0,0.0
2020-08-08,Faridkot,0.0,0.0
2020-08-08,Fatehgarh Sahib,26.69,0.000233
2020-08-08,Firozpur,0.0,0.0
2020-08-08,Gurdaspur,0.0,0.0
2020-08-08,Hoshiarpur,0.0,0.0
2020-08-08,Jalandhar,0.0,0.0
2020-08-08,Kapurthala,0.0,0.0
2020-08-08,Ludhiana,7.41,2.1e-05
2020-08-08,Mansa,18.04,8.1e-05
2020-08-08,Moga,0.0,0.0
2020-08-08,Muktsar,0.0,0.0
2020-08-08,Nawanshahr,5.88,4.5e-05
2020-08-08,Patiala,116.3,0.000348
2020-08-08,Rupnagar,0.0,0.0
2020-08-08,Sahibzada Ajit Singh Nagar,4.44,4e-05
2020-08-08,Sangrur,29.31,8.1e-05
2020-08-08,Tarn Taran,0.0,0.0
2020-08-09,Amritsar,0.0,0.0
2020-08-09,Barnala,0.0,0.0
2020-08-09,Bathinda,0.0,0.0
2020-08-09,Faridkot,0.0,0.0
2020-08-09,Fatehgarh Sahib,0.0,0.0
2020-08-09,Firozpur,0.0,0.0
2020-08-09,Gurdaspur,0.0,0.0
2020-08-09,Hoshiarpur,0.0,0.0
2020-08-09,Jalandhar,0.0,0.0
2020-08-09,Kapurthala,0.0,0.0
2020-08-09,Ludhiana,0.0,0.0
2020-08-09,Mansa,0.0,0.0
2020-08-09,Moga,0.0,0.0
2020-08-09,Muktsar,0.0,0.0
2020-08-09,Nawanshahr,0.0,0.0
2020-08-09,Patiala,0.0,0.0
2020-08-09,Rupnagar,0.0,0.0
2020-08-09,Sahibzada Ajit Singh Nagar,0.0,0.0
2020-08-09,Sangrur,0.0,0.0
2020-08-09,Tarn Taran,0.0,0.0
2020-08-10,Amritsar,0.0,0.0
2020-08-10,Barnala,0.0,0.0
2020-08-10,Bathinda,0.0,0.0
2020-08-10,Faridkot,0.0,0.0
2020-08-10,Fatehgarh Sahib,0.0,0.0
2020-08-10,Firozpur,5.24,1e-05
2020-08-10,Gurdaspur,0.0,0.0
2020-08-10,Hoshiarpur,0.0,0.0
2020-08-10,Jalandhar,0.0,0.0
2020-08-10,Kapurthala,0.0,0.0
2020-08-10,Ludhiana,0.0,0.0
2020-08-10,Mansa,0.0,0.0
2020-08-10,Moga,0.0,0.0
2020-08-10,Muktsar,0.0,0.0
2020-08-10,Nawanshahr,0.0,0.0
2020-08-10,Patiala,0.0,0.0
2020-08-10,Rupnagar,0.0,0.0
2020-08-10,Sahibzada Ajit Singh Nagar,0.0,0.0
2020-08-10,Sangrur,0.0,0.0
2020-08-10,Tarn Taran,0.0,0.0
2020-08-11,Amritsar,0.0,0.0
2020-08-11,Barnala,0.0,0.0
2020-08-11,Bathinda,0.0,0.0
2020-08-11,Faridkot,0.0,0.0
2020-08-11,Fatehgarh Sahib,0.0,0.0
2020-08-11,Firozpur,0.0,0.0
2020-08-11,Gurdaspur,0.0,0.0
2020-08-11,Hoshiarpur,0.0,0.0
2020-08-11,Jalandhar,0.0,0.0
2020-08-11,Kapurthala,0.0,0.0
2020-08-11,Ludhiana,0.0,0.0
2020-08-11,Mansa,0.0,0.0
2020-08-11,Moga,0.0,0.0
2020-08-11,Muktsar,0.0,0.0
2020-08-11,Nawanshahr,0.0,0.0
2020-08-11,Patiala,0.0,0.0
2020-08-11,Rupnagar,0.0,0.0
2020-08-11,Sahibzada Ajit Singh Nagar,0.0,0.0
2020-08-11,Sangrur,0.0,0.0
2020-08-11,Tarn Taran,0.0,0.0
2020-08-12,Amritsar,0.0,0.0
2020-08-12,Barnala,0.0,0.0
2020-08-12,Bathinda,0.0,0.0
2020-08-12,Faridkot,0.0,0.0
2020-08-12,Fatehgarh Sahib,25.2,0.00022
2020-08-12,Firozpur,0.0,0.0
2020-08-12,Gurdaspur,5.73,1.6e-05
2020-08-12,Hoshiarpur,0.0,0.0
2020-08-12,Jalandhar,7.35,2.8e-05
2020-08-12,Kapurthala,0.0,0.0
2020-08-12,Ludhiana,11.8,3.3e-05
2020-08-12,Mansa,5.27,2.4e-05
2020-08-12,Moga,0.0,0.0
2020-08-12,Muktsar,0.0,0.0
2020-08-12,Nawanshahr,5.14,3.9e-05
2020-08-12,Patiala,26.13,7.8e-05
2020-08-12,Rupnagar,0.0,0.0
2020-08-12,Sahibzada Ajit Singh Nagar,0.0,0.0
2020-08-12,Sangrur,24.78,6.9e-05
2020-08-12,Tarn Taran,0.0,0.0
2020-08-13,Amritsar,5.76,2.2e-05
2020-08-13,Barnala,0.0,0.0
2020-08-13,Bathinda,0.0,0.0
2020-08-13,Faridkot,0.0,0.0
2020-08-13,Fatehgarh Sahib,0.0,0.0
2020-08-13,Firozpur,0.0,0.0
2020-08-13,Gurdaspur,7.93,2.2e-05
2020-08-13,Hoshiarpur,2.89,9e-06
2020-08-13,Jalandhar,10.29,3.9e-05
2020-08-13,Kapurthala,18.94,0.000114
2020-08-13,Ludhiana,21.38,5.9e-05
2020-08-13,Mansa,10.53,4.7e-05
2020-08-13,Moga,0.0,0.0
2020-08-13,Muktsar,11.16,4.3e-05
2020-08-13,Nawanshahr,0.0,0.0
2020-08-13,Patiala,22.53,6.7e-05
2020-08-13,Rupnagar,0.0,0.0
2020-08-13,Sahibzada Ajit Singh Nagar,0.0,0.0
2020-08-13,Sangrur,14.3,4e-05
2020-08-13,Tarn Taran,26.25,0.000109
2020-08-14,Amritsar,0.0,0.0
2020-08-14,Barnala,0.0,0.0
2020-08-14,Bathinda,0.0,0.0
2020-08-14,Faridkot,0.0,0.0
2020-08-14,Fatehgarh Sahib,0.0,0.0
2020-08-14,Firozpur,0.0,0.0
2020-08-14,Gurdaspur,0.0,0.0
2020-08-14,Hoshiarpur,0.0,0.0
2020-08-14,Jalandhar,0.0,0.0
2020-08-14,Kapurthala,0.0,0.0
2020-08-14,Ludhiana,0.0,0.0
2020-08-14,Mansa,0.0,0.0
2020-08-14,Moga,0.0,0.0
2020-08-14,Muktsar,0.0,0.0
2020-08-14,Nawanshahr,0.0,0.0
2020-08-14,Patiala,0.0,0.0
2020-08-14,Rupnagar,0.0,0.0
2020-08-14,Sahibzada Ajit Singh Nagar,0.0,0.0
2020-08-14,Sangrur,0.0,0.0
2020-08-14,Tarn Taran,0.0,0.0
2020-08-15,Amritsar,0.0,0.0
2020-08-15,Barnala,0.0,0.0
2020-08-15,Bathinda,0.0,0.0
2020-08-15,Faridkot,0.0,0.0
2020-08-15,Fatehgarh Sahib,0.0,0.0
2020-08-15,Firozpur,0.0,0.0
2020-08-15,Gurdaspur,0.0,0.0
2020-08-15,Hoshiarpur,0.0,0.0
2020-08-15,Jalandhar,0.0,0.0
2020-08-15,Kapurthala,0.0,0.0
2020-08-15,Ludhiana,0.0,0.0
2020-08-15,Mansa,0.0,0.0
2020-08-15,Moga,0.0,0.0
2020-08-15,Muktsar,0.0,0.0
2020-08-15,Nawanshahr,0.0,0.0
2020-08-15,Patiala,0.0,0.0
2020-08-15,Rupnagar,0.0,0.0
2020-08-15,Sahibzada Ajit Singh Nagar,0.0,0.0
2020-08-15,Sangrur,0.0,0.0
2020-08-15,Tarn Taran,0.0,0.0
2020-08-16,Amritsar,0.0,0.0
2020-08-16,Barnala,0.0,0.0
2020-08-16,Bathinda,0.0,0.0
2020-08-16,Faridkot,0.0,0.0
2020-08-16,Fatehgarh Sahib,0.0,0.0
2020-08-16,Firozpur,0.0,0.0
2020-08-16,Gurdaspur,0.0,0.0
2020-08-16,Hoshiarpur,0.0,0.0
2020-08-16,Jalandhar,0.0,0.0
2020-08-16,Kapurthala,0.0,0.0
2020-08-16,Ludhiana,0.0,0.0
2020-08-16,Mansa,0.0,0.0
2020-08-16,Moga,0.0,0.0
2020-08-16,Muktsar,0.0,0.0
2020-08-16,Nawanshahr,0.0,0.0
2020-08-16,Patiala,0.0,0.0
2020-08-16,Rupnagar,0.0,0.0
2020-08-16,Sahibzada Ajit Singh Nagar,0.0,0.0
2020-08-16,Sangrur,0.0,0.0
2020-08-16,Tarn Taran,0.0,0.0
2020-08-17,Amritsar,0.0,0.0
2020-08-17,Barnala,0.0,0.0
2020-08-17,Bathinda,0.0,0.0
2020-08-17,Faridkot,0.0,0.0
2020-08-17,Fatehgarh Sahib,0.0,0.0
2020-08-17,Firozpur,0.0,0.0
2020-08-17,Gurdaspur,50.83,0.00014
2020-08-17,Hoshiarpur,0.0,0.0
2020-08-17,Jalandhar,2.94,1.1e-05
2020-08-17,Kapurthala,8.77,5.3e-05
2020-08-17,Ludhiana,0.0,0.0
2020-08-17,Mansa,0.0,0.0
2020-08-17,Moga,2.94,1.2e-05
2020-08-17,Muktsar,6.73,2.6e-05
2020-08-17,Nawanshahr,0.0,0.0
2020-08-17,Patiala,13.52,4e-05
2020-08-17,Rupnagar,0.0,0.0
2020-08-17,Sahibzada Ajit Singh Nagar,0.0,0.0
2020-08-17,Sangrur,16.54,4.6e-05
2020-08-17,Tarn Taran,4.39,1.8e-05
2020-08-18,Amritsar,0.0,0.0
2020-08-18,Barnala,0.0,0.0
2020-08-18,Bathinda,0.0,0.0
2020-08-18,Faridkot,0.0,0.0
2020-08-18,Fatehgarh Sahib,0.0,0.0
2020-08-18,Firozpur,0.0,0.0
2020-08-18,Gurdaspur,0.0,0.0
2020-08-18,Hoshiarpur,0.0,0.0
2020-08-18,Jalandhar,0.0,0.0
2020-08-18,Kapurthala,0.0,0.0
2020-08-18,Ludhiana,0.0,0.0
2020-08-18,Mansa,0.0,0.0
2020-08-18,Moga,0.0,0.0
2020-08-18,Muktsar,0.0,0.0
2020-08-18,Nawanshahr,0.0,0.0
2020-08-18,Patiala,0.0,0.0
2020-08-18,Rupnagar,0.0,0.0
2020-08-18,Sahibzada Ajit Singh Nagar,0.0,0.0
2020-08-18,Sangrur,0.0,0.0
2020-08-18,Tarn Taran,0.0,0.0
2020-08-19,Amritsar,0.0,0.0
2020-08-19,Barnala,0.0,0.0
2020-08-19,Bathinda,0.0,0.0
2020-08-19,Faridkot,0.0,0.0
2020-08-19,Fatehgarh Sahib,0.0,0.0
2020-08-19,Firozpur,0.0,0.0
2020-08-19,Gurdaspur,0.0,0.0
2020-08-19,Hoshiarpur,0.0,0.0
2020-08-19,Jalandhar,0.0,0.0
2020-08-19,Kapurthala,0.0,0.0
2020-08-19,Ludhiana,0.0,0.0
2020-08-19,Mansa,0.0,0.0
2020-08-19,Moga,0.0,0.0
2020-08-19,Muktsar,0.0,0.0
2020-08-19,Nawanshahr,0.0,0.0
2020-08-19,Patiala,0.0,0.0
2020-08-19,Rupnagar,0.0,0.0
2020-08-19,Sahibzada Ajit Singh Nagar,0.0,0.0
2020-08-19,Sangrur,0.0,0.0
2020-08-19,Tarn Taran,0.0,0.0
2020-08-20,Amritsar,0.0,0.0
2020-08-20,Barnala,0.0,0.0
2020-08-20,Bathinda,0.0,0.0
2020-08-20,Faridkot,0.0,0.0
2020-08-20,Fatehgarh Sahib,32.62,0.000284
2020-08-20,Firozpur,0.0,0.0
2020-08-20,Gurdaspur,0.0,0.0
2020-08-20,Hoshiarpur,0.0,0.0
2020-08-20,Jalandhar,0.0,0.0
2020-08-20,Kapurthala,0.0,0.0
2020-08-20,Ludhiana,8.89,2.5e-05
2020-08-20,Mansa,0.0,0.0
2020-08-20,Moga,0.0,0.0
2020-08-20,Muktsar,0.0,0.0
2020-08-20,Nawanshahr,11.76,9e-05
2020-08-20,Patiala,77.28,0.000231
2020-08-20,Rupnagar,0.0,0.0
2020-08-20,Sahibzada Ajit Singh Nagar,4.44,4e-05
2020-08-20,Sangrur,17.31,4.8e-05
2020-08-20,Tarn Taran,0.0,0.0
2020-08-21,Amritsar,0.0,0.0
2020-08-21,Barnala,0.0,0.0
2020-08-21,Bathinda,0.0,0.0
2020-08-21,Faridkot,0.0,0.0
2020-08-21,Fatehgarh Sahib,0.0,0.0
2020-08-21,Firozpur,0.0,0.0
2020-08-21,Gurdaspur,0.0,0.0
2020-08-21,Hoshiarpur,0.0,0.0
2020-08-21,Jalandhar,0.0,0.0
2020-08-21,Kapurthala,0.0,0.0
2020-08-21,Ludhiana,0.0,0.0
2020-08-21,Mansa,0.0,0.0
2020-08-21,Moga,0.0,0.0
2020-08-21,Muktsar,0.0,0.0
2020-08-21,Nawanshahr,0.0,0.0
2020-08-21,Patiala,0.0,0.0
2020-08-21,Rupnagar,0.0,0.0
2020-08-21,Sahibzada Ajit Singh Nagar,0.0,0.0
2020-08-21,Sangrur,0.0,0.0
2020-08-21,Tarn Taran,0.0,0.0
2020-08-22,Amritsar,0.0,0.0
2020-08-22,Barnala,0.0,0.0
2020-08-22,Bathinda,0.0,0.0
2020-08-22,Faridkot,0.0,0.0
2020-08-22,Fatehgarh Sahib,0.0,0.0
2020-08-22,Firozpur,0.0,0.0
2020-08-22,Gurdaspur,0.0,0.0
2020-08-22,Hoshiarpur,0.0,0.0
2020-08-22,Jalandhar,0.0,0.0
2020-08-22,Kapurthala,0.0,0.0
2020-08-22,Ludhiana,0.0,0.0
2020-08-22,Mansa,0.0,0.0
2020-08-22,Moga,0.0,0.0
2020-08-22,Muktsar,0.0,0.0
2020-08-22,Nawanshahr,0.0,0.0
2020-08-22,Patiala,0.0,0.0
2020-08-22,Rupnagar,0.0,0.0
2020-08-22,Sahibzada Ajit Singh Nagar,0.0,0.0
2020-08-22,Sangrur,0.0,0.0
2020-08-22,Tarn Taran,0.0,0.0
2020-08-23,Amritsar,0.0,0.0
2020-08-23,Barnala,0.0,0.0
2020-08-23,Bathinda,0.0,0.0
2020-08-23,Faridkot,0.0,0.0
2020-08-23,Fatehgarh Sahib,0.0,0.0
2020-08-23,Firozpur,0.0,0.0
2020-08-23,Gurdaspur,0.0,0.0
2020-08-23,Hoshiarpur,0.0,0.0
2020-08-23,Jalandhar,0.0,0.0
2020-08-23,Kapurthala,0.0,0.0
2020-08-23,Ludhiana,0.0,0.0
2020-08-23,Mansa,0.0,0.0
2020-08-23,Moga,0.0,0.0
2020-08-23,Muktsar,0.0,0.0
2020-08-23,Nawanshahr,0.0,0.0
2020-08-23,Patiala,0.0,0.0
2020-08-23,Rupnagar,0.0,0.0
2020-08-23,Sahibzada Ajit Singh Nagar,0.0,0.0
2020-08-23,Sangrur,0.0,0.0
2020-08-23,Tarn Taran,0.0,0.0
2020-08-24,Amritsar,0.0,0.0
2020-08-24,Barnala,0.0,0.0
2020-08-24,Bathinda,0.0,0.0
2020-08-24,Faridkot,0.0,0.0
2020-08-24,Fatehgarh Sahib,0.0,0.0
2020-08-24,Firozpur,0.0,0.0
2020-08-24,Gurdaspur,0.0,0.0
2020-08-24,Hoshiarpur,0.0,0.0
2020-08-24,Jalandhar,0.0,0.0
2020-08-24,Kapurthala,0.0,0.0
2020-08-24,Ludhiana,0.0,0.0
2020-08-24,Mansa,0.0,0.0
2020-08-24,Moga,0.0,0.0
2020-08-24,Muktsar,0.0,0.0
2020-08-24,Nawanshahr,0.0,0.0
2020-08-24,Patiala,0.0,0.0
2020-08-24,Rupnagar,0.0,0.0
2020-08-24,Sahibzada Ajit Singh Nagar,0.0,0.0
2020-08-24,Sangrur,0.0,0.0
2020-08-24,Tarn Taran,0.0,0.0
2020-08-25,Amritsar,6.48,2.4e-05
2020-08-25,Barnala,0.0,0.0
2020-08-25,Bathinda,0.0,0.0
2020-08-25,Faridkot,0.0,0.0
2020-08-25,Fatehgarh Sahib,2.22,1.9e-05
2020-08-25,Firozpur,431.19,0.000826
2020-08-25,Gurdaspur,5.8,1.6e-05
2020-08-25,Hoshiarpur,2.89,9e-06
2020-08-25,Jalandhar,19.83,7.6e-05
2020-08-25,Kapurthala,0.0,0.0
2020-08-25,Ludhiana,11.04,3.1e-05
2020-08-25,Mansa,1.51,7e-06
2020-08-25,Moga,0.0,0.0
2020-08-25,Muktsar,96.32,0.000369
2020-08-25,Nawanshahr,0.0,0.0
2020-08-25,Patiala,0.0,0.0
2020-08-25,Rupnagar,0.0,0.0
2020-08-25,Sahibzada Ajit Singh Nagar,0.0,0.0
2020-08-25,Sangrur,5.27,1.5e-05
2020-08-25,Tarn Taran,17.54,7.3e-05
2020-08-26,Amritsar,0.0,0.0
2020-08-26,Barnala,0.0,0.0
2020-08-26,Bathinda,0.0,0.0
2020-08-26,Faridkot,0.0,0.0
2020-08-26,Fatehgarh Sahib,0.0,0.0
2020-08-26,Firozpur,0.0,0.0
2020-08-26,Gurdaspur,0.0,0.0
2020-08-26,Hoshiarpur,0.0,0.0
2020-08-26,Jalandhar,0.0,0.0
2020-08-26,Kapurthala,0.0,0.0
2020-08-26,Ludhiana,0.0,0.0
2020-08-26,Mansa,0.0,0.0
2020-08-26,Moga,0.0,0.0
2020-08-26,Muktsar,0.0,0.0
2020-08-26,Nawanshahr,0.0,0.0
2020-08-26,Patiala,0.0,0.0
2020-08-26,Rupnagar,0.0,0.0
2020-08-26,Sahibzada Ajit Singh Nagar,0.0,0.0
2020-08-26,Sangrur,0.0,0.0
2020-08-26,Tarn Taran,0.0,0.0
2020-08-27,Amritsar,0.0,0.0
2020-08-27,Barnala,0.0,0.0
2020-08-27,Bathinda,0.0,0.0
2020-08-27,Faridkot,0.0,0.0
2020-08-27,Fatehgarh Sahib,0.0,0.0
2020-08-27,Firozpur,0.0,0.0
2020-08-27,Gurdaspur,0.0,0.0
2020-08-27,Hoshiarpur,0.0,0.0
2020-08-27,Jalandhar,0.0,0.0
2020-08-27,Kapurthala,0.0,0.0
2020-08-27,Ludhiana,0.0,0.0
2020-08-27,Mansa,0.0,0.0
2020-08-27,Moga,0.0,0.0
2020-08-27,Muktsar,0.0,0.0
2020-08-27,Nawanshahr,0.0,0.0
2020-08-27,Patiala,0.0,0.0
2020-08-27,Rupnagar,0.0,0.0
2020-08-27,Sahibzada Ajit Singh Nagar,0.0,0.0
2020-08-27,Sangrur,0.0,0.0
2020-08-27,Tarn Taran,0.0,0.0
2020-08-28,Amritsar,0.0,0.0
2020-08-28,Barnala,0.0,0.0
2020-08-28,Bathinda,0.0,0.0
2020-08-28,Faridkot,0.0,0.0
2020-08-28,Fatehgarh Sahib,0.0,0.0
2020-08-28,Firozpur,0.0,0.0
2020-08-28,Gurdaspur,0.0,0.0
2020-08-28,Hoshiarpur,0.0,0.0
2020-08-28,Jalandhar,0.0,0.0
2020-08-28,Kapurthala,0.0,0.0
2020-08-28,Ludhiana,0.0,0.0
2020-08-28,Mansa,0.0,0.0
2020-08-28,Moga,0.0,0.0
2020-08-28,Muktsar,0.0,0.0
2020-08-28,Nawanshahr,0.0,0.0
2020-08-28,Patiala,0.0,0.0
2020-08-28,Rupnagar,0.0,0.0
2020-08-28,Sahibzada Ajit Singh Nagar,0.0,0.0
2020-08-28,Sangrur,0.0,0.0
2020-08-28,Tarn Taran,0.0,0.0
2020-08-29,Amritsar,1.44,5e-06
2020-08-29,Barnala,28.97,0.000194
2020-08-29,Bathinda,0.0,0.0
2020-08-29,Faridkot,0.0,0.0
2020-08-29,Fatehgarh Sahib,0.0,0.0
2020-08-29,Firozpur,304.42,0.000583
2020-08-29,Gurdaspur,6.45,1.8e-05
2020-08-29,Hoshiarpur,0.0,0.0
2020-08-29,Jalandhar,5.87,2.2e-05
2020-08-29,Kapurthala,0.0,0.0
2020-08-29,Ludhiana,92.13,0.000256
2020-08-29,Mansa,9.78,4.4e-05
2020-08-29,Moga,186.22,0.000791
2020-08-29,Muktsar,86.63,0.000332
2020-08-29,Nawanshahr,0.0,0.0
2020-08-29,Patiala,0.0,0.0
2020-08-29,Rupnagar,0.0,0.0
2020-08-29,Sahibzada Ajit Singh Nagar,0.0,0.0
2020-08-29,Sangrur,5.27,1.5e-05
2020-08-29,Tarn Taran,32.9,0.000137
2020-08-30,Amritsar,0.0,0.0
2020-08-30,Barnala,0.0,0.0
2020-08-30,Bathinda,0.0,0.0
2020-08-30,Faridkot,0.0,0.0
2020-08-30,Fatehgarh Sahib,0.0,0.0
2020-08-30,Firozpur,26.83,5.1e-05
2020-08-30,Gurdaspur,0.0,0.0
2020-08-30,Hoshiarpur,0.0,0.0
2020-08-30,Jalandhar,0.0,0.0
2020-08-30,Kapurthala,0.0,0.0
2020-08-30,Ludhiana,0.0,0.0
2020-08-30,Mansa,0.0,0.0
2020-08-30,Moga,0.0,0.0
2020-08-30,Muktsar,0.0,0.0
2020-08-30,Nawanshahr,0.0,0.0
2020-08-30,Patiala,0.0,0.0
2020-08-30,Rupnagar,0.0,0.0
2020-08-30,Sahibzada Ajit Singh Nagar,0.0,0.0
2020-08-30,Sangrur,0.0,0.0
2020-08-30,Tarn Taran,0.0,0.0
2020-08-31,Amritsar,0.0,0.0
2020-08-31,Barnala,0.0,0.0
2020-08-31,Bathinda,0.0,0.0
2020-08-31,Faridkot,0.0,0.0
2020-08-31,Fatehgarh Sahib,0.0,0.0
2020-08-31,Firozpur,0.0,0.0
2020-08-31,Gurdaspur,0.0,0.0
2020-08-31,Hoshiarpur,0.0,0.0
2020-08-31,Jalandhar,0.0,0.0
2020-08-31,Kapurthala,0.0,0.0
2020-08-31,Ludhiana,0.0,0.0
2020-08-31,Mansa,0.0,0.0
2020-08-31,Moga,0.0,0.0
2020-08-31,Muktsar,0.0,0.0
2020-08-31,Nawanshahr,0.0,0.0
2020-08-31,Patiala,0.0,0.0
2020-08-31,Rupnagar,0.0,0.0
2020-08-31,Sahibzada Ajit Singh Nagar,0.0,0.0
2020-08-31,Sangrur,0.0,0.0
2020-08-31,Tarn Taran,0.0,0.0
2020-09-01,Amritsar,0.0,0.0
2020-09-01,Barnala,0.0,0.0
2020-09-01,Bathinda,0.0,0.0
2020-09-01,Faridkot,0.0,0.0
2020-09-01,Fatehgarh Sahib,3.71,3.2e-05
2020-09-01,Firozpur,0.0,0.0
2020-09-01,Gurdaspur,0.0,0.0
2020-09-01,Hoshiarpur,0.0,0.0
2020-09-01,Jalandhar,0.0,0.0
2020-09-01,Kapurthala,0.0,0.0
2020-09-01,Ludhiana,0.0,0.0
2020-09-01,Mansa,0.0,0.0
2020-09-01,Moga,0.0,0.0
2020-09-01,Muktsar,0.0,0.0
2020-09-01,Nawanshahr,5.14,3.9e-05
2020-09-01,Patiala,10.51,3.1e-05
2020-09-01,Rupnagar,0.0,0.0
2020-09-01,Sahibzada Ajit Singh Nagar,4.44,4e-05
2020-09-01,Sangrur,2.26,6e-06
2020-09-01,Tarn Taran,0.0,0.0
2020-09-02,Amritsar,0.0,0.0
2020-09-02,Barnala,0.0,0.0
2020-09-02,Bathinda,0.0,0.0
2020-09-02,Faridkot,0.0,0.0
2020-09-02,Fatehgarh Sahib,0.0,0.0
2020-09-02,Firozpur,0.0,0.0
2020-09-02,Gurdaspur,0.0,0.0
2020-09-02,Hoshiarpur,0.0,0.0
2020-09-02,Jalandhar,0.0,0.0
2020-09-02,Kapurthala,0.0,0.0
2020-09-02,Ludhiana,0.0,0.0
2020-09-02,Mansa,0.0,0.0
2020-09-02,Moga,0.0,0.0
2020-09-02,Muktsar,0.0,0.0
2020-09-02,Nawanshahr,0.0,0.0
2020-09-02,Patiala,0.0,0.0
2020-09-02,Rupnagar,0.0,0.0
2020-09-02,Sahibzada Ajit Singh Nagar,0.0,0.0
2020-09-02,Sangrur,0.0,0.0
2020-09-02,Tarn Taran,0.0,0.0
2020-09-03,Amritsar,0.0,0.0
2020-09-03,Barnala,0.0,0.0
2020-09-03,Bathinda,0.0,0.0
2020-09-03,Faridkot,0.0,0.0
2020-09-03,Fatehgarh Sahib,0.0,0.0
2020-09-03,Firozpur,0.0,0.0
2020-09-03,Gurdaspur,0.0,0.0
2020-09-03,Hoshiarpur,0.0,0.0
2020-09-03,Jalandhar,0.0,0.0
2020-09-03,Kapurthala,0.0,0.0
2020-09-03,Ludhiana,0.0,0.0
2020-09-03,Mansa,0.0,0.0
2020-09-03,Moga,0.0,0.0
2020-09-03,Muktsar,0.0,0.0
2020-09-03,Nawanshahr,0.0,0.0
2020-09-03,Patiala,0.0,0.0
2020-09-03,Rupnagar,0.0,0.0
2020-09-03,Sahibzada Ajit Singh Nagar,0.0,0.0
2020-09-03,Sangrur,0.0,0.0
2020-09-03,Tarn Taran,0.0,0.0
2020-09-04,Amritsar,0.0,0.0
2020-09-04,Barnala,0.0,0.0
2020-09-04,Bathinda,0.0,0.0
2020-09-04,Faridkot,0.0,0.0
2020-09-04,Fatehgarh Sahib,0.0,0.0
2020-09-04,Firozpur,0.0,0.0
2020-09-04,Gurdaspur,0.0,0.0
2020-09-04,Hoshiarpur,0.0,0.0
2020-09-04,Jalandhar,0.0,0.0
2020-09-04,Kapurthala,0.0,0.0
2020-09-04,Ludhiana,0.0,0.0
2020-09-04,Mansa,0.0,0.0
2020-09-04,Moga,0.0,0.0
2020-09-04,Muktsar,0.0,0.0
2020-09-04,Nawanshahr,0.0,0.0
2020-09-04,Patiala,0.0,0.0
2020-09-04,Rupnagar,0.0,0.0
2020-09-04,Sahibzada Ajit Singh Nagar,0.0,0.0
2020-09-04,Sangrur,0.0,0.0
2020-09-04,Tarn Taran,0.0,0.0
2020-09-05,Amritsar,0.0,0.0
2020-09-05,Barnala,0.0,0.0
2020-09-05,Bathinda,0.0,0.0
2020-09-05,Faridkot,0.0,0.0
2020-09-05,Fatehgarh Sahib,0.0,0.0
2020-09-05,Firozpur,0.0,0.0
2020-09-05,Gurdaspur,0.0,0.0
2020-09-05,Hoshiarpur,0.0,0.0
2020-09-05,Jalandhar,0.0,0.0
2020-09-05,Kapurthala,0.0,0.0
2020-09-05,Ludhiana,0.0,0.0
2020-09-05,Mansa,0.0,0.0
2020-09-05,Moga,0.0,0.0
2020-09-05,Muktsar,0.0,0.0
2020-09-05,Nawanshahr,0.0,0.0
2020-09-05,Patiala,0.0,0.0
2020-09-05,Rupnagar,0.0,0.0
2020-09-05,Sahibzada Ajit Singh Nagar,0.0,0.0
2020-09-05,Sangrur,0.0,0.0
2020-09-05,Tarn Taran,0.0,0.0
2020-09-06,Amritsar,2.16,8e-06
2020-09-06,Barnala,0.0,0.0
2020-09-06,Bathinda,0.0,0.0
2020-09-06,Faridkot,0.0,0.0
2020-09-06,Fatehgarh Sahib,0.0,0.0
2020-09-06,Firozpur,174.01,0.000333
2020-09-06,Gurdaspur,0.0,0.0
2020-09-06,Hoshiarpur,0.0,0.0
2020-09-06,Jalandhar,14.7,5.6e-05
2020-09-06,Kapurthala,0.0,0.0
2020-09-06,Ludhiana,7.35,2e-05
2020-09-06,Mansa,0.75,3e-06
2020-09-06,Moga,0.0,0.0
2020-09-06,Muktsar,88.11,0.000337
2020-09-06,Nawanshahr,0.0,0.0
2020-09-06,Patiala,0.0,0.0
2020-09-06,Rupnagar,0.0,0.0
2020-09-06,Sahibzada Ajit Singh Nagar,0.0,0.0
2020-09-06,Sangrur,0.0,0.0
2020-09-06,Tarn Taran,3.65,1.5e-05
2020-09-07,Amritsar,0.0,0.0
2020-09-07,Barnala,0.0,0.0
2020-09-07,Bathinda,0.0,0.0
2020-09-07,Faridkot,0.0,0.0
2020-09-07,Fatehgarh Sahib,0.0,0.0
2020-09-07,Firozpur,0.0,0.0
2020-09-07,Gurdaspur,0.0,0.0
2020-09-07,Hoshiarpur,0.0,0.0
2020-09-07,Jalandhar,0.0,0.0
2020-09-07,Kapurthala,0.0,0.0
2020-09-07,Ludhiana,0.0,0.0
2020-09-07,Mansa,0.0,0.0
2020-09-07,Moga,0.0,0.0
2020-09-07,Muktsar,0.0,0.0
2020-09-07,Nawanshahr,0.0,0.0
2020-09-07,Patiala,0.0,0.0
2020-09-07,Rupnagar,0.0,0.0
2020-09-07,Sahibzada Ajit Singh Nagar,0.0,0.0
2020-09-07,Sangrur,0.0,0.0
2020-09-07,Tarn Taran,0.0,0.0
2020-09-08,Amritsar,0.0,0.0
2020-09-08,Barnala,0.0,0.0
2020-09-08,Bathinda,0.0,0.0
2020-09-08,Faridkot,0.0,0.0
2020-09-08,Fatehgarh Sahib,0.0,0.0
2020-09-08,Firozpur,0.0,0.0
2020-09-08,Gurdaspur,0.0,0.0
2020-09-08,Hoshiarpur,0.0,0.0
2020-09-08,Jalandhar,0.0,0.0
2020-09-08,Kapurthala,0.0,0.0
2020-09-08,Ludhiana,0.0,0.0
2020-09-08,Mansa,0.0,0.0
2020-09-08,Moga,0.0,0.0
2020-09-08,Muktsar,0.0,0.0
2020-09-08,Nawanshahr,0.0,0.0
2020-09-08,Patiala,0.0,0.0
2020-09-08,Rupnagar,0.0,0.0
2020-09-08,Sahibzada Ajit Singh Nagar,0.0,0.0
2020-09-08,Sangrur,0.0,0.0
2020-09-08,Tarn Taran,0.0,0.0
2020-09-09,Amritsar,0.0,0.0
2020-09-09,Barnala,0.0,0.0
2020-09-09,Bathinda,0.0,0.0
2020-09-09,Faridkot,0.0,0.0
2020-09-09,Fatehgarh Sahib,0.0,0.0
2020-09-09,Firozpur,0.0,0.0
2020-09-09,Gurdaspur,0.0,0.0
2020-09-09,Hoshiarpur,0.0,0.0
2020-09-09,Jalandhar,0.0,0.0
2020-09-09,Kapurthala,0.0,0.0
2020-09-09,Ludhiana,0.0,0.0
2020-09-09,Mansa,0.0,0.0
2020-09-09,Moga,0.0,0.0
2020-09-09,Muktsar,0.0,0.0
2020-09-09,Nawanshahr,0.0,0.0
2020-09-09,Patiala,0.0,0.0
2020-09-09,Rupnagar,0.0,0.0
2020-09-09,Sahibzada Ajit Singh Nagar,0.0,0.0
2020-09-09,Sangrur,0.0,0.0
2020-09-09,Tarn Taran,0.0,0.0
2020-09-10,Amritsar,0.0,0.0
2020-09-10,Barnala,141.26,0.000948
2020-09-10,Bathinda,37.16,0.00011
2020-09-10,Faridkot,56.36,0.000387
2020-09-10,Fatehgarh Sahib,0.0,0.0
2020-09-10,Firozpur,134.61,0.000258
2020-09-10,Gurdaspur,1.43,4e-06
2020-09-10,Hoshiarpur,0.0,0.0
2020-09-10,Jalandhar,3.67,1.4e-05
2020-09-10,Kapurthala,0.0,0.0
2020-09-10,Ludhiana,171.77,0.000478
2020-09-10,Mansa,33.03,0.000149
2020-09-10,Moga,729.72,0.003099
2020-09-10,Muktsar,66.5,0.000254
2020-09-10,Nawanshahr,0.0,0.0
2020-09-10,Patiala,0.0,0.0
2020-09-10,Rupnagar,0.0,0.0
2020-09-10,Sahibzada Ajit Singh Nagar,0.0,0.0
2020-09-10,Sangrur,6.0,1.7e-05
2020-09-10,Tarn Taran,0.0,0.0
2020-09-11,Amritsar,0.0,0.0
2020-09-11,Barnala,0.0,0.0
2020-09-11,Bathinda,0.0,0.0
2020-09-11,Faridkot,0.0,0.0
2020-09-11,Fatehgarh Sahib,0.0,0.0
2020-09-11,Firozpur,0.0,0.0
2020-09-11,Gurdaspur,0.0,0.0
2020-09-11,Hoshiarpur,0.0,0.0
2020-09-11,Jalandhar,0.0,0.0
2020-09-11,Kapurthala,0.0,0.0
2020-09-11,Ludhiana,0.0,0.0
2020-09-11,Mansa,0.0,0.0
2020-09-11,Moga,0.0,0.0
2020-09-11,Muktsar,0.0,0.0
2020-09-11,Nawanshahr,0.0,0.0
2020-09-11,Patiala,0.0,0.0
2020-09-11,Rupnagar,0.0,0.0
2020-09-11,Sahibzada Ajit Singh Nagar,0.0,0.0
2020-09-11,Sangrur,0.0,0.0
2020-09-11,Tarn Taran,0.0,0.0
2020-09-12,Amritsar,0.0,0.0
2020-09-12,Barnala,0.0,0.0
2020-09-12,Bathinda,0.0,0.0
2020-09-12,Faridkot,0.0,0.0
2020-09-12,Fatehgarh Sahib,0.0,0.0
2020-09-12,Firozpur,0.0,0.0
2020-09-12,Gurdaspur,0.0,0.0
2020-09-12,Hoshiarpur,0.0,0.0
2020-09-12,Jalandhar,0.0,0.0
2020-09-12,Kapurthala,0.0,0.0
2020-09-12,Ludhiana,0.0,0.0
2020-09-12,Mansa,0.0,0.0
2020-09-12,Moga,0.0,0.0
2020-09-12,Muktsar,0.0,0.0
2020-09-12,Nawanshahr,0.0,0.0
2020-09-12,Patiala,0.0,0.0
2020-09-12,Rupnagar,0.0,0.0
2020-09-12,Sahibzada Ajit Singh Nagar,0.0,0.0
2020-09-12,Sangrur,0.0,0.0
2020-09-12,Tarn Taran,0.0,0.0
2020-09-13,Amritsar,0.0,0.0
2020-09-13,Barnala,0.0,0.0
2020-09-13,Bathinda,0.0,0.0
2020-09-13,Faridkot,0.0,0.0
2020-09-13,Fatehgarh Sahib,0.0,0.0
2020-09-13,Firozpur,0.0,0.0
2020-09-13,Gurdaspur,0.0,0.0
2020-09-13,Hoshiarpur,0.0,0.0
2020-09-13,Jalandhar,0.0,0.0
2020-09-13,Kapurthala,0.0,0.0
2020-09-13,Ludhiana,0.0,0.0
2020-09-13,Mansa,0.0,0.0
2020-09-13,Moga,0.0,0.0
2020-09-13,Muktsar,0.0,0.0
2020-09-13,Nawanshahr,0.0,0.0
2020-09-13,Patiala,0.0,0.0
2020-09-13,Rupnagar,0.0,0.0
2020-09-13,Sahibzada Ajit Singh Nagar,0.0,0.0
2020-09-13,Sangrur,0.0,0.0
2020-09-13,Tarn Taran,0.0,0.0
2020-09-14,Amritsar,0.0,0.0
2020-09-14,Barnala,0.0,0.0
2020-09-14,Bathinda,0.0,0.0
2020-09-14,Faridkot,0.0,0.0
2020-09-14,Fatehgarh Sahib,0.0,0.0
2020-09-14,Firozpur,0.0,0.0
2020-09-14,Gurdaspur,0.0,0.0
2020-09-14,Hoshiarpur,0.0,0.0
2020-09-14,Jalandhar,0.0,0.0
2020-09-14,Kapurthala,0.0,0.0
2020-09-14,Ludhiana,0.0,0.0
2020-09-14,Mansa,0.0,0.0
2020-09-14,Moga,0.0,0.0
2020-09-14,Muktsar,0.0,0.0
2020-09-14,Nawanshahr,0.0,0.0
2020-09-14,Patiala,0.0,0.0
2020-09-14,Rupnagar,0.0,0.0
2020-09-14,Sahibzada Ajit Singh Nagar,0.0,0.0
2020-09-14,Sangrur,0.0,0.0
2020-09-14,Tarn Taran,0.0,0.0
2020-09-15,Amritsar,0.0,0.0
2020-09-15,Barnala,0.0,0.0
2020-09-15,Bathinda,0.0,0.0
2020-09-15,Faridkot,0.0,0.0
2020-09-15,Fatehgarh Sahib,0.0,0.0
2020-09-15,Firozpur,0.0,0.0
2020-09-15,Gurdaspur,0.0,0.0
2020-09-15,Hoshiarpur,0.0,0.0
2020-09-15,Jalandhar,0.0,0.0
2020-09-15,Kapurthala,0.0,0.0
2020-09-15,Ludhiana,0.0,0.0
2020-09-15,Mansa,0.0,0.0
2020-09-15,Moga,0.0,0.0
2020-09-15,Muktsar,0.0,0.0
2020-09-15,Nawanshahr,0.0,0.0
2020-09-15,Patiala,0.0,0.0
2020-09-15,Rupnagar,0.0,0.0
2020-09-15,Sahibzada Ajit Singh Nagar,0.0,0.0
2020-09-15,Sangrur,0.0,0.0
2020-09-15,Tarn Taran,0.0,0.0
2020-09-16,Amritsar,0.0,0.0
2020-09-16,Barnala,0.0,0.0
2020-09-16,Bathinda,0.0,0.0
2020-09-16,Faridkot,0.0,0.0
2020-09-16,Fatehgarh Sahib,0.0,0.0
2020-09-16,Firozpur,0.0,0.0
2020-09-16,Gurdaspur,0.0,0.0
2020-09-16,Hoshiarpur,0.0,0.0
2020-09-16,Jalandhar,0.0,0.0
2020-09-16,Kapurthala,0.0,0.0
2020-09-16,Ludhiana,0.0,0.0
2020-09-16,Mansa,0.0,0.0
2020-09-16,Moga,0.0,0.0
2020-09-16,Muktsar,0.0,0.0
2020-09-16,Nawanshahr,0.0,0.0
2020-09-16,Patiala,0.0,0.0
2020-09-16,Rupnagar,0.0,0.0
2020-09-16,Sahibzada Ajit Singh Nagar,0.0,0.0
2020-09-16,Sangrur,0.0,0.0
2020-09-16,Tarn Taran,0.0,0.0
2020-09-17,Amritsar,0.0,0.0
2020-09-17,Barnala,0.0,0.0
2020-09-17,Bathinda,0.0,0.0
2020-09-17,Faridkot,0.0,0.0
2020-09-17,Fatehgarh Sahib,0.0,0.0
2020-09-17,Firozpur,0.0,0.0
2020-09-17,Gurdaspur,0.0,0.0
2020-09-17,Hoshiarpur,0.0,0.0
2020-09-17,Jalandhar,0.0,0.0
2020-09-17,Kapurthala,0.0,0.0
2020-09-17,Ludhiana,0.0,0.0
2020-09-17,Mansa,0.0,0.0
2020-09-17,Moga,0.0,0.0
2020-09-17,Muktsar,0.0,0.0
2020-09-17,Nawanshahr,0.0,0.0
2020-09-17,Patiala,0.0,0.0
2020-09-17,Rupnagar,0.0,0.0
2020-09-17,Sahibzada Ajit Singh Nagar,0.0,0.0
2020-09-17,Sangrur,0.0,0.0
2020-09-17,Tarn Taran,0.0,0.0
2020-09-18,Amritsar,0.0,0.0
2020-09-18,Barnala,0.0,0.0
2020-09-18,Bathinda,0.0,0.0
2020-09-18,Faridkot,0.0,0.0
2020-09-18,Fatehgarh Sahib,0.0,0.0
2020-09-18,Firozpur,102.42,0.000196
2020-09-18,Gurdaspur,0.0,0.0
2020-09-18,Hoshiarpur,0.0,0.0
2020-09-18,Jalandhar,14.7,5.6e-05
2020-09-18,Kapurthala,0.0,0.0
2020-09-18,Ludhiana,7.35,2e-05
2020-09-18,Mansa,0.0,0.0
2020-09-18,Moga,0.0,0.0
2020-09-18,Muktsar,73.18,0.00028
2020-09-18,Nawanshahr,0.0,0.0
2020-09-18,Patiala,0.0,0.0
2020-09-18,Rupnagar,0.0,0.0
2020-09-18,Sahibzada Ajit Singh Nagar,0.0,0.0
2020-09-18,Sangrur,0.0,0.0
2020-09-18,Tarn Taran,0.0,0.0
2020-09-19,Amritsar,0.0,0.0
2020-09-19,Barnala,0.0,0.0
2020-09-19,Bathinda,0.0,0.0
2020-09-19,Faridkot,0.0,0.0
2020-09-19,Fatehgarh Sahib,0.0,0.0
2020-09-19,Firozpur,0.0,0.0
2020-09-19,Gurdaspur,0.0,0.0
2020-09-19,Hoshiarpur,0.0,0.0
2020-09-19,Jalandhar,0.0,0.0
2020-09-19,Kapurthala,0.0,0.0
2020-09-19,Ludhiana,0.0,0.0
2020-09-19,Mansa,0.0,0.0
2020-09-19,Moga,0.0,0.0
2020-09-19,Muktsar,0.0,0.0
2020-09-19,Nawanshahr,0.0,0.0
2020-09-19,Patiala,0.0,0.0
2020-09-19,Rupnagar,0.0,0.0
2020-09-19,Sahibzada Ajit Singh Nagar,0.0,0.0
2020-09-19,Sangrur,0.0,0.0
2020-09-19,Tarn Taran,0.0,0.0
2020-09-20,Amritsar,0.0,0.0
2020-09-20,Barnala,0.0,0.0
2020-09-20,Bathinda,0.0,0.0
2020-09-20,Faridkot,0.0,0.0
2020-09-20,Fatehgarh Sahib,0.0,0.0
2020-09-20,Firozpur,0.0,0.0
2020-09-20,Gurdaspur,0.0,0.0
2020-09-20,Hoshiarpur,0.0,0.0
2020-09-20,Jalandhar,0.0,0.0
2020-09-20,Kapurthala,0.0,0.0
2020-09-20,Ludhiana,0.0,0.0
2020-09-20,Mansa,0.0,0.0
2020-09-20,Moga,0.0,0.0
2020-09-20,Muktsar,0.0,0.0
2020-09-20,Nawanshahr,0.0,0.0
2020-09-20,Patiala,0.0,0.0
2020-09-20,Rupnagar,0.0,0.0
2020-09-20,Sahibzada Ajit Singh Nagar,0.0,0.0
2020-09-20,Sangrur,0.0,0.0
2020-09-20,Tarn Taran,0.0,0.0
2020-09-21,Amritsar,0.0,0.0
2020-09-21,Barnala,0.0,0.0
2020-09-21,Bathinda,0.0,0.0
2020-09-21,Faridkot,0.0,0.0
2020-09-21,Fatehgarh Sahib,0.0,0.0
2020-09-21,Firozpur,0.0,0.0
2020-09-21,Gurdaspur,0.0,0.0
2020-09-21,Hoshiarpur,0.0,0.0
2020-09-21,Jalandhar,0.0,0.0
2020-09-21,Kapurthala,0.0,0.0
2020-09-21,Ludhiana,0.0,0.0
2020-09-21,Mansa,0.0,0.0
2020-09-21,Moga,0.0,0.0
2020-09-21,Muktsar,0.0,0.0
2020-09-21,Nawanshahr,0.0,0.0
2020-09-21,Patiala,0.0,0.0
2020-09-21,Rupnagar,0.0,0.0
2020-09-21,Sahibzada Ajit Singh Nagar,0.0,0.0
2020-09-21,Sangrur,0.0,0.0
2020-09-21,Tarn Taran,0.0,0.0
2020-09-22,Amritsar,0.0,0.0
2020-09-22,Barnala,0.0,0.0
2020-09-22,Bathinda,7.42,2.2e-05
2020-09-22,Faridkot,0.0,0.0
2020-09-22,Fatehgarh Sahib,0.0,0.0
2020-09-22,Firozpur,101.63,0.000195
2020-09-22,Gurdaspur,3.58,1e-05
2020-09-22,Hoshiarpur,0.0,0.0
2020-09-22,Jalandhar,0.0,0.0
2020-09-22,Kapurthala,0.0,0.0
2020-09-22,Ludhiana,0.0,0.0
2020-09-22,Mansa,0.0,0.0
2020-09-22,Moga,15.47,6.6e-05
2020-09-22,Muktsar,50.07,0.000192
2020-09-22,Nawanshahr,0.0,0.0
2020-09-22,Patiala,0.0,0.0
2020-09-22,Rupnagar,0.0,0.0
2020-09-22,Sahibzada Ajit Singh Nagar,0.0,0.0
2020-09-22,Sangrur,3.01,8e-06
2020-09-22,Tarn Taran,0.0,0.0
2020-09-23,Amritsar,0.0,0.0
2020-09-23,Barnala,0.0,0.0
2020-09-23,Bathinda,0.0,0.0
2020-09-23,Faridkot,0.0,0.0
2020-09-23,Fatehgarh Sahib,0.0,0.0
2020-09-23,Firozpur,0.0,0.0
2020-09-23,Gurdaspur,0.0,0.0
2020-09-23,Hoshiarpur,0.0,0.0
2020-09-23,Jalandhar,0.0,0.0
2020-09-23,Kapurthala,0.0,0.0
2020-09-23,Ludhiana,0.0,0.0
2020-09-23,Mansa,0.0,0.0
2020-09-23,Moga,0.0,0.0
2020-09-23,Muktsar,0.0,0.0
2020-09-23,Nawanshahr,0.0,0.0
2020-09-23,Patiala,0.0,0.0
2020-09-23,Rupnagar,0.0,0.0
2020-09-23,Sahibzada Ajit Singh Nagar,0.0,0.0
2020-09-23,Sangrur,0.0,0.0
2020-09-23,Tarn Taran,0.0,0.0
2020-09-24,Amritsar,0.0,0.0
2020-09-24,Barnala,0.0,0.0
2020-09-24,Bathinda,0.0,0.0
2020-09-24,Faridkot,0.0,0.0
2020-09-24,Fatehgarh Sahib,0.0,0.0
2020-09-24,Firozpur,0.0,0.0
2020-09-24,Gurdaspur,0.0,0.0
2020-09-24,Hoshiarpur,0.0,0.0
2020-09-24,Jalandhar,0.0,0.0
2020-09-24,Kapurthala,0.0,0.0
2020-09-24,Ludhiana,0.0,0.0
2020-09-24,Mansa,0.0,0.0
2020-09-24,Moga,0.0,0.0
2020-09-24,Muktsar,0.0,0.0
2020-09-24,Nawanshahr,0.0,0.0
2020-09-24,Patiala,0.0,0.0
2020-09-24,Rupnagar,0.0,0.0
2020-09-24,Sahibzada Ajit Singh Nagar,0.0,0.0
2020-09-24,Sangrur,0.0,0.0
2020-09-24,Tarn Taran,0.0,0.0
2020-09-25,Amritsar,0.0,0.0
2020-09-25,Barnala,0.0,0.0
2020-09-25,Bathinda,0.0,0.0
2020-09-25,Faridkot,0.0,0.0
2020-09-25,Fatehgarh Sahib,0.0,0.0
2020-09-25,Firozpur,0.0,0.0
2020-09-25,Gurdaspur,0.0,0.0
2020-09-25,Hoshiarpur,0.0,0.0
2020-09-25,Jalandhar,0.0,0.0
2020-09-25,Kapurthala,0.0,0.0
2020-09-25,Ludhiana,0.0,0.0
2020-09-25,Mansa,0.0,0.0
2020-09-25,Moga,0.0,0.0
2020-09-25,Muktsar,0.0,0.0
2020-09-25,Nawanshahr,0.0,0.0
2020-09-25,Patiala,0.0,0.0
2020-09-25,Rupnagar,0.0,0.0
2020-09-25,Sahibzada Ajit Singh Nagar,0.0,0.0
2020-09-25,Sangrur,0.0,0.0
2020-09-25,Tarn Taran,0.0,0.0
2020-09-26,Amritsar,0.0,0.0
2020-09-26,Barnala,0.0,0.0
2020-09-26,Bathinda,0.0,0.0
2020-09-26,Faridkot,0.0,0.0
2020-09-26,Fatehgarh Sahib,0.0,0.0
2020-09-26,Firozpur,0.0,0.0
2020-09-26,Gurdaspur,0.0,0.0
2020-09-26,Hoshiarpur,0.0,0.0
2020-09-26,Jalandhar,0.0,0.0
2020-09-26,Kapurthala,0.0,0.0
2020-09-26,Ludhiana,0.0,0.0
2020-09-26,Mansa,0.0,0.0
2020-09-26,Moga,0.0,0.0
2020-09-26,Muktsar,0.0,0.0
2020-09-26,Nawanshahr,0.0,0.0
2020-09-26,Patiala,0.0,0.0
2020-09-26,Rupnagar,0.0,0.0
2020-09-26,Sahibzada Ajit Singh Nagar,0.0,0.0
2020-09-26,Sangrur,0.0,0.0
2020-09-26,Tarn Taran,0.0,0.0
2020-09-27,Amritsar,0.0,0.0
2020-09-27,Barnala,0.0,0.0
2020-09-27,Bathinda,0.0,0.0
2020-09-27,Faridkot,0.0,0.0
2020-09-27,Fatehgarh Sahib,0.0,0.0
2020-09-27,Firozpur,0.0,0.0
2020-09-27,Gurdaspur,0.0,0.0
2020-09-27,Hoshiarpur,0.0,0.0
2020-09-27,Jalandhar,0.0,0.0
2020-09-27,Kapurthala,0.0,0.0
2020-09-27,Ludhiana,0.0,0.0
2020-09-27,Mansa,0.0,0.0
2020-09-27,Moga,0.0,0.0
2020-09-27,Muktsar,0.0,0.0
2020-09-27,Nawanshahr,0.0,0.0
2020-09-27,Patiala,0.0,0.0
2020-09-27,Rupnagar,0.0,0.0
2020-09-27,Sahibzada Ajit Singh Nagar,0.0,0.0
2020-09-27,Sangrur,0.0,0.0
2020-09-27,Tarn Taran,0.0,0.0
2020-09-28,Amritsar,0.0,0.0
2020-09-28,Barnala,0.0,0.0
2020-09-28,Bathinda,0.0,0.0
2020-09-28,Faridkot,0.0,0.0
2020-09-28,Fatehgarh Sahib,0.0,0.0
2020-09-28,Firozpur,0.0,0.0
2020-09-28,Gurdaspur,0.0,0.0
2020-09-28,Hoshiarpur,0.0,0.0
2020-09-28,Jalandhar,0.0,0.0
2020-09-28,Kapurthala,0.0,0.0
2020-09-28,Ludhiana,0.0,0.0
2020-09-28,Mansa,0.0,0.0
2020-09-28,Moga,0.0,0.0
2020-09-28,Muktsar,0.0,0.0
2020-09-28,Nawanshahr,0.0,0.0
2020-09-28,Patiala,0.0,0.0
2020-09-28,Rupnagar,0.0,0.0
2020-09-28,Sahibzada Ajit Singh Nagar,0.0,0.0
2020-09-28,Sangrur,0.0,0.0
2020-09-28,Tarn Taran,0.0,0.0
2020-09-29,Amritsar,0.0,0.0
2020-09-29,Barnala,0.0,0.0
2020-09-29,Bathinda,0.0,0.0
2020-09-29,Faridkot,0.0,0.0
2020-09-29,Fatehgarh Sahib,0.0,0.0
2020-09-29,Firozpur,0.0,0.0
2020-09-29,Gurdaspur,0.0,0.0
2020-09-29,Hoshiarpur,0.0,0.0
2020-09-29,Jalandhar,0.0,0.0
2020-09-29,Kapurthala,0.0,0.0
2020-09-29,Ludhiana,0.0,0.0
2020-09-29,Mansa,0.0,0.0
2020-09-29,Moga,0.0,0.0
2020-09-29,Muktsar,0.0,0.0
2020-09-29,Nawanshahr,0.0,0.0
2020-09-29,Patiala,0.0,0.0
2020-09-29,Rupnagar,0.0,0.0
2020-09-29,Sahibzada Ajit Singh Nagar,0.0,0.0
2020-09-29,Sangrur,0.0,0.0
2020-09-29,Tarn Taran,0.0,0.0
2021-06-15,Amritsar,0.0,0.0
2021-06-15,Barnala,0.0,0.0
2021-06-15,Bathinda,0.0,0.0
2021-06-15,Faridkot,0.0,0.0
2021-06-15,Fatehgarh Sahib,0.0,0.0
2021-06-15,Firozpur,0.0,0.0
2021-06-15,Gurdaspur,0.0,0.0
2021-06-15,Hoshiarpur,0.0,0.0
2021-06-15,Jalandhar,0.0,0.0
2021-06-15,Kapurthala,0.0,0.0
2021-06-15,Ludhiana,0.0,0.0
2021-06-15,Mansa,0.0,0.0
2021-06-15,Moga,0.0,0.0
2021-06-15,Muktsar,0.0,0.0
2021-06-15,Nawanshahr,0.0,0.0
2021-06-15,Patiala,0.0,0.0
2021-06-15,Rupnagar,0.0,0.0
2021-06-15,Sahibzada Ajit Singh Nagar,0.0,0.0
2021-06-15,Sangrur,0.0,0.0
2021-06-15,Tarn Taran,0.0,0.0
2021-06-16,Amritsar,0.0,0.0
2021-06-16,Barnala,8.89,6e-05
2021-06-16,Bathinda,0.0,0.0
2021-06-16,Faridkot,0.0,0.0
2021-06-16,Fatehgarh Sahib,691.74,0.006033
2021-06-16,Firozpur,0.0,0.0
2021-06-16,Gurdaspur,0.0,0.0
2021-06-16,Hoshiarpur,17.53,5.2e-05
2021-06-16,Jalandhar,7.34,2.8e-05
2021-06-16,Kapurthala,0.0,0.0
2021-06-16,Ludhiana,376.16,0.001046
2021-06-16,Mansa,29.36,0.000132
2021-06-16,Moga,0.0,0.0
2021-06-16,Muktsar,0.0,0.0
2021-06-16,Nawanshahr,165.74,0.00127
2021-06-16,Patiala,3099.49,0.009279
2021-06-16,Rupnagar,103.23,0.000744
2021-06-16,Sahibzada Ajit Singh Nagar,23.7,0.000213
2021-06-16,Sangrur,1889.01,0.005231
2021-06-16,Tarn Taran,0.0,0.0
2021-06-17,Amritsar,0.0,0.0
2021-06-17,Barnala,0.0,0.0
2021-06-17,Bathinda,0.0,0.0
2021-06-17,Faridkot,0.0,0.0
2021-06-17,Fatehgarh Sahib,0.0,0.0
2021-06-17,Firozpur,0.0,0.0
2021-06-17,Gurdaspur,0.0,0.0
2021-06-17,Hoshiarpur,0.0,0.0
2021-06-17,Jalandhar,0.0,0.0
2021-06-17,Kapurthala,0.0,0.0
2021-06-17,Ludhiana,0.0,0.0
2021-06-17,Mansa,0.0,0.0
2021-06-17,Moga,0.0,0.0
2021-06-17,Muktsar,0.0,0.0
2021-06-17,Nawanshahr,0.0,0.0
2021-06-17,Patiala,0.0,0.0
2021-06-17,Rupnagar,0.0,0.0
2021-06-17,Sahibzada Ajit Singh Nagar,0.0,0.0
2021-06-17,Sangrur,0.0,0.0
2021-06-17,Tarn Taran,0.0,0.0
2021-06-18,Amritsar,0.0,0.0
2021-06-18,Barnala,0.0,0.0
2021-06-18,Bathinda,0.0,0.0
2021-06-18,Faridkot,0.0,0.0
2021-06-18,Fatehgarh Sahib,0.0,0.0
2021-06-18,Firozpur,0.0,0.0
2021-06-18,Gurdaspur,0.0,0.0
2021-06-18,Hoshiarpur,0.0,0.0
2021-06-18,Jalandhar,0.0,0.0
2021-06-18,Kapurthala,0.0,0.0
2021-06-18,Ludhiana,0.0,0.0
2021-06-18,Mansa,0.0,0.0
2021-06-18,Moga,0.0,0.0
2021-06-18,Muktsar,0.0,0.0
2021-06-18,Nawanshahr,0.0,0.0
2021-06-18,Patiala,0.0,0.0
2021-06-18,Rupnagar,0.0,0.0
2021-06-18,Sahibzada Ajit Singh Nagar,0.0,0.0
2021-06-18,Sangrur,0.0,0.0
2021-06-18,Tarn Taran,0.0,0.0
2021-06-19,Amritsar,0.0,0.0
2021-06-19,Barnala,0.0,0.0
2021-06-19,Bathinda,0.0,0.0
2021-06-19,Faridkot,0.0,0.0
2021-06-19,Fatehgarh Sahib,0.0,0.0
2021-06-19,Firozpur,0.0,0.0
2021-06-19,Gurdaspur,0.0,0.0
2021-06-19,Hoshiarpur,0.0,0.0
2021-06-19,Jalandhar,0.0,0.0
2021-06-19,Kapurthala,0.0,0.0
2021-06-19,Ludhiana,0.0,0.0
2021-06-19,Mansa,0.0,0.0
2021-06-19,Moga,0.0,0.0
2021-06-19,Muktsar,0.0,0.0
2021-06-19,Nawanshahr,0.0,0.0
2021-06-19,Patiala,0.0,0.0
2021-06-19,Rupnagar,0.0,0.0
2021-06-19,Sahibzada Ajit Singh Nagar,0.0,0.0
2021-06-19,Sangrur,0.0,0.0
2021-06-19,Tarn Taran,0.0,0.0
2021-06-20,Amritsar,6016.88,0.022555
2021-06-20,Barnala,8658.92,0.058101
2021-06-20,Bathinda,0.75,2e-06
2021-06-20,Faridkot,0.0,0.0
2021-06-20,Fatehgarh Sahib,6699.42,0.058429
2021-06-20,Firozpur,0.0,0.0
2021-06-20,Gurdaspur,8081.75,0.022265
2021-06-20,Hoshiarpur,1862.11,0.005514
2021-06-20,Jalandhar,7770.55,0.029729
2021-06-20,Kapurthala,8089.42,0.048545
2021-06-20,Ludhiana,22914.26,0.063712
2021-06-20,Mansa,815.02,0.003674
2021-06-20,Moga,9313.64,0.039559
2021-06-20,Muktsar,0.0,0.0
2021-06-20,Nawanshahr,3346.84,0.02565
2021-06-20,Patiala,17761.99,0.053174
2021-06-20,Rupnagar,921.89,0.006641
2021-06-20,Sahibzada Ajit Singh Nagar,25.17,0.000227
2021-06-20,Sangrur,24200.67,0.067019
2021-06-20,Tarn Taran,1262.32,0.005258
2021-06-21,Amritsar,1328.55,0.00498
2021-06-21,Barnala,6904.21,0.046327
2021-06-21,Bathinda,909.62,0.002691
2021-06-21,Faridkot,2004.18,0.013768
2021-06-21,Fatehgarh Sahib,955.79,0.008336
2021-06-21,Firozpur,22869.53,0.0438
2021-06-21,Gurdaspur,1042.82,0.002873
2021-06-21,Hoshiarpur,1343.71,0.003979
2021-06-21,Jalandhar,6204.06,0.023736
2021-06-21,Kapurthala,4816.21,0.028902
2021-06-21,Ludhiana,19828.72,0.055133
2021-06-21,Mansa,1283.11,0.005783
2021-06-21,Moga,23140.76,0.098288
2021-06-21,Muktsar,2279.94,0.008725
2021-06-21,Nawanshahr,2619.03,0.020072
2021-06-21,Patiala,4487.02,0.013433
2021-06-21,Rupnagar,0.0,0.0
2021-06-21,Sahibzada Ajit Singh Nagar,0.0,0.0
2021-06-21,Sangrur,21785.04,0.060329
2021-06-21,Tarn Taran,13360.7,0.055655
2021-06-22,Amritsar,0.0,0.0
2021-06-22,Barnala,0.0,0.0
2021-06-22,Bathinda,0.0,0.0
2021-06-22,Faridkot,0.0,0.0
2021-06-22,Fatehgarh Sahib,0.0,0.0
2021-06-22,Firozpur,0.0,0.0
2021-06-22,Gurdaspur,0.0,0.0
2021-06-22,Hoshiarpur,0.0,0.0
2021-06-22,Jalandhar,0.0,0.0
2021-06-22,Kapurthala,0.0,0.0
2021-06-22,Ludhiana,0.0,0.0
2021-06-22,Mansa,0.0,0.0
2021-06-22,Moga,0.0,0.0
2021-06-22,Muktsar,0.0,0.0
2021-06-22,Nawanshahr,0.0,0.0
2021-06-22,Patiala,0.0,0.0
2021-06-22,Rupnagar,0.0,0.0
2021-06-22,Sahibzada Ajit Singh Nagar,0.0,0.0
2021-06-22,Sangrur,0.0,0.0
2021-06-22,Tarn Taran,0.0,0.0
2021-06-23,Amritsar,0.0,0.0
2021-06-23,Barnala,0.0,0.0
2021-06-23,Bathinda,0.0,0.0
2021-06-23,Faridkot,0.0,0.0
2021-06-23,Fatehgarh Sahib,0.0,0.0
2021-06-23,Firozpur,0.0,0.0
2021-06-23,Gurdaspur,0.0,0.0
2021-06-23,Hoshiarpur,0.0,0.0
2021-06-23,Jalandhar,0.0,0.0
2021-06-23,Kapurthala,0.0,0.0
2021-06-23,Ludhiana,0.0,0.0
2021-06-23,Mansa,0.0,0.0
2021-06-23,Moga,0.0,0.0
2021-06-23,Muktsar,0.0,0.0
2021-06-23,Nawanshahr,0.0,0.0
2021-06-23,Patiala,0.0,0.0
2021-06-23,Rupnagar,0.0,0.0
2021-06-23,Sahibzada Ajit Singh Nagar,0.0,0.0
2021-06-23,Sangrur,0.0,0.0
2021-06-23,Tarn Taran,0.0,0.0
2021-06-24,Amritsar,0.0,0.0
2021-06-24,Barnala,0.0,0.0
2021-06-24,Bathinda,0.0,0.0
2021-06-24,Faridkot,0.0,0.0
2021-06-24,Fatehgarh Sahib,0.0,0.0
2021-06-24,Firozpur,0.0,0.0
2021-06-24,Gurdaspur,0.0,0.0
2021-06-24,Hoshiarpur,0.0,0.0
2021-06-24,Jalandhar,0.0,0.0
2021-06-24,Kapurthala,0.0,0.0
2021-06-24,Ludhiana,0.0,0.0
2021-06-24,Mansa,0.0,0.0
2021-06-24,Moga,0.0,0.0
2021-06-24,Muktsar,0.0,0.0
2021-06-24,Nawanshahr,0.0,0.0
2021-06-24,Patiala,0.0,0.0
2021-06-24,Rupnagar,0.0,0.0
2021-06-24,Sahibzada Ajit Singh Nagar,0.0,0.0
2021-06-24,Sangrur,0.0,0.0
2021-06-24,Tarn Taran,0.0,0.0
2021-06-25,Amritsar,5104.96,0.019136
2021-06-25,Barnala,430.28,0.002887
2021-06-25,Bathinda,348.87,0.001032
2021-06-25,Faridkot,1286.58,0.008839
2021-06-25,Fatehgarh Sahib,0.0,0.0
2021-06-25,Firozpur,20283.49,0.038847
2021-06-25,Gurdaspur,4042.78,0.011138
2021-06-25,Hoshiarpur,133.95,0.000397
2021-06-25,Jalandhar,839.33,0.003211
2021-06-25,Kapurthala,3454.13,0.020728
2021-06-25,Ludhiana,3892.1,0.010822
2021-06-25,Mansa,195.22,0.00088
2021-06-25,Moga,12119.88,0.051478
2021-06-25,Muktsar,1479.94,0.005664
2021-06-25,Nawanshahr,0.0,0.0
2021-06-25,Patiala,0.0,0.0
2021-06-25,Rupnagar,0.0,0.0
2021-06-25,Sahibzada Ajit Singh Nagar,0.0,0.0
2021-06-25,Sangrur,444.26,0.00123
2021-06-25,Tarn Taran,8458.97,0.035236
2021-06-26,Amritsar,0.0,0.0
2021-06-26,Barnala,0.0,0.0
2021-06-26,Bathinda,0.0,0.0
2021-06-26,Faridkot,0.0,0.0
2021-06-26,Fatehgarh Sahib,0.0,0.0
2021-06-26,Firozpur,99.42,0.00019
2021-06-26,Gurdaspur,0.0,0.0
2021-06-26,Hoshiarpur,0.0,0.0
2021-06-26,Jalandhar,0.0,0.0
2021-06-26,Kapurthala,0.0,0.0
2021-06-26,Ludhiana,0.0,0.0
2021-06-26,Mansa,0.0,0.0
2021-06-26,Moga,0.0,0.0
2021-06-26,Muktsar,0.0,0.0
2021-06-26,Nawanshahr,0.0,0.0
2021-06-26,Patiala,0.0,0.0
2021-06-26,Rupnagar,0.0,0.0
2021-06-26,Sahibzada Ajit Singh Nagar,0.0,0.0
2021-06-26,Sangrur,0.0,0.0
2021-06-26,Tarn Taran,0.0,0.0
2021-06-27,Amritsar,0.0,0.0
2021-06-27,Barnala,0.0,0.0
2021-06-27,Bathinda,0.0,0.0
2021-06-27,Faridkot,0.0,0.0
2021-06-27,Fatehgarh Sahib,0.0,0.0
2021-06-27,Firozpur,0.0,0.0
2021-06-27,Gurdaspur,0.0,0.0
2021-06-27,Hoshiarpur,0.0,0.0
2021-06-27,Jalandhar,0.0,0.0
2021-06-27,Kapurthala,0.0,0.0
2021-06-27,Ludhiana,0.0,0.0
2021-06-27,Mansa,0.0,0.0
2021-06-27,Moga,0.0,0.0
2021-06-27,Muktsar,0.0,0.0
2021-06-27,Nawanshahr,0.0,0.0
2021-06-27,Patiala,0.0,0.0
2021-06-27,Rupnagar,0.0,0.0
2021-06-27,Sahibzada Ajit Singh Nagar,0.0,0.0
2021-06-27,Sangrur,0.0,0.0
2021-06-27,Tarn Taran,0.0,0.0
2021-06-28,Amritsar,0.0,0.0
2021-06-28,Barnala,4.48,3e-05
2021-06-28,Bathinda,0.0,0.0
2021-06-28,Faridkot,0.0,0.0
2021-06-28,Fatehgarh Sahib,4823.81,0.042071
2021-06-28,Firozpur,0.0,0.0
2021-06-28,Gurdaspur,0.0,0.0
2021-06-28,Hoshiarpur,56.33,0.000167
2021-06-28,Jalandhar,109.28,0.000418
2021-06-28,Kapurthala,21.91,0.000131
2021-06-28,Ludhiana,1637.48,0.004553
2021-06-28,Mansa,4.5,2e-05
2021-06-28,Moga,0.0,0.0
2021-06-28,Muktsar,0.0,0.0
2021-06-28,Nawanshahr,373.01,0.002859
2021-06-28,Patiala,3633.65,0.010878
2021-06-28,Rupnagar,582.53,0.004197
2021-06-28,Sahibzada Ajit Singh Nagar,32.56,0.000293
2021-06-28,Sangrur,1056.51,0.002926
2021-06-28,Tarn Taran,0.0,0.0
2021-06-29,Amritsar,0.0,0.0
2021-06-29,Barnala,0.0,0.0
2021-06-29,Bathinda,0.0,0.0
2021-06-29,Faridkot,0.0,0.0
2021-06-29,Fatehgarh Sahib,0.0,0.0
2021-06-29,Firozpur,0.0,0.0
2021-06-29,Gurdaspur,0.0,0.0
2021-06-29,Hoshiarpur,0.0,0.0
2021-06-29,Jalandhar,0.0,0.0
2021-06-29,Kapurthala,0.0,0.0
2021-06-29,Ludhiana,0.0,0.0
2021-06-29,Mansa,0.0,0.0
2021-06-29,Moga,0.0,0.0
2021-06-29,Muktsar,0.0,0.0
2021-06-29,Nawanshahr,0.0,0.0
2021-06-29,Patiala,0.0,0.0
2021-06-29,Rupnagar,0.0,0.0
2021-06-29,Sahibzada Ajit Singh Nagar,0.0,0.0
2021-06-29,Sangrur,0.0,0.0
2021-06-29,Tarn Taran,0.0,0.0
2021-06-30,Amritsar,0.0,0.0
2021-06-30,Barnala,0.0,0.0
2021-06-30,Bathinda,0.0,0.0
2021-06-30,Faridkot,0.0,0.0
2021-06-30,Fatehgarh Sahib,0.0,0.0
2021-06-30,Firozpur,4.5,9e-06
2021-06-30,Gurdaspur,0.0,0.0
2021-06-30,Hoshiarpur,0.0,0.0
2021-06-30,Jalandhar,0.0,0.0
2021-06-30,Kapurthala,0.0,0.0
2021-06-30,Ludhiana,0.0,0.0
2021-06-30,Mansa,0.0,0.0
2021-06-30,Moga,0.0,0.0
2021-06-30,Muktsar,0.0,0.0
2021-06-30,Nawanshahr,0.0,0.0
2021-06-30,Patiala,0.0,0.0
2021-06-30,Rupnagar,0.0,0.0
2021-06-30,Sahibzada Ajit Singh Nagar,0.0,0.0
2021-06-30,Sangrur,0.0,0.0
2021-06-30,Tarn Taran,0.0,0.0
2021-07-01,Amritsar,0.0,0.0
2021-07-01,Barnala,0.0,0.0
2021-07-01,Bathinda,0.0,0.0
2021-07-01,Faridkot,0.0,0.0
2021-07-01,Fatehgarh Sahib,0.0,0.0
2021-07-01,Firozpur,0.0,0.0
2021-07-01,Gurdaspur,0.0,0.0
2021-07-01,Hoshiarpur,0.0,0.0
2021-07-01,Jalandhar,0.0,0.0
2021-07-01,Kapurthala,0.0,0.0
2021-07-01,Ludhiana,0.0,0.0
2021-07-01,Mansa,0.0,0.0
2021-07-01,Moga,0.0,0.0
2021-07-01,Muktsar,0.0,0.0
2021-07-01,Nawanshahr,0.0,0.0
2021-07-01,Patiala,0.0,0.0
2021-07-01,Rupnagar,0.0,0.0
2021-07-01,Sahibzada Ajit Singh Nagar,0.0,0.0
2021-07-01,Sangrur,0.0,0.0
2021-07-01,Tarn Taran,0.0,0.0
2021-07-02,Amritsar,2.89,1.1e-05
2021-07-02,Barnala,0.0,0.0
2021-07-02,Bathinda,0.0,0.0
2021-07-02,Faridkot,0.0,0.0
2021-07-02,Fatehgarh Sahib,47.32,0.000413
2021-07-02,Firozpur,0.0,0.0
2021-07-02,Gurdaspur,80.6,0.000222
2021-07-02,Hoshiarpur,0.0,0.0
2021-07-02,Jalandhar,44.76,0.000171
2021-07-02,Kapurthala,69.11,0.000415
2021-07-02,Ludhiana,200.52,0.000558
2021-07-02,Mansa,0.0,0.0
2021-07-02,Moga,47.2,0.0002
2021-07-02,Muktsar,0.0,0.0
2021-07-02,Nawanshahr,63.64,0.000488
2021-07-02,Patiala,89.42,0.000268
2021-07-02,Rupnagar,1.46,1.1e-05
2021-07-02,Sahibzada Ajit Singh Nagar,0.0,0.0
2021-07-02,Sangrur,2.24,6e-06
2021-07-02,Tarn Taran,5.83,2.4e-05
2021-07-03,Amritsar,1335.29,0.005005
2021-07-03,Barnala,8.91,6e-05
2021-07-03,Bathinda,11.9,3.5e-05
2021-07-03,Faridkot,98.25,0.000675
2021-07-03,Fatehgarh Sahib,163.67,0.001427
2021-07-03,Firozpur,2474.32,0.004739
2021-07-03,Gurdaspur,14924.38,0.041117
2021-07-03,Hoshiarpur,91.35,0.000271
2021-07-03,Jalandhar,1588.78,0.006078
2021-07-03,Kapurthala,1265.12,0.007592
2021-07-03,Ludhiana,3336.9,0.009278
2021-07-03,Mansa,15.8,7.1e-05
2021-07-03,Moga,118.03,0.000501
2021-07-03,Muktsar,63.93,0.000245
2021-07-03,Nawanshahr,321.66,0.002465
2021-07-03,Patiala,150.83,0.000452
2021-07-03,Rupnagar,0.0,0.0
2021-07-03,Sahibzada Ajit Singh Nagar,0.0,0.0
2021-07-03,Sangrur,253.17,0.000701
2021-07-03,Tarn Taran,236.14,0.000984
2021-07-04,Amritsar,0.0,0.0
2021-07-04,Barnala,0.0,0.0
2021-07-04,Bathinda,0.0,0.0
2021-07-04,Faridkot,0.0,0.0
2021-07-04,Fatehgarh Sahib,0.0,0.0
2021-07-04,Firozpur,0.0,0.0
2021-07-04,Gurdaspur,0.0,0.0
2021-07-04,Hoshiarpur,0.0,0.0
2021-07-04,Jalandhar,0.0,0.0
2021-07-04,Kapurthala,0.0,0.0
2021-07-04,Ludhiana,0.0,0.0
2021-07-04,Mansa,0.0,0.0
2021-07-04,Moga,0.0,0.0
2021-07-04,Muktsar,0.0,0.0
2021-07-04,Nawanshahr,0.0,0.0
2021-07-04,Patiala,0.0,0.0
2021-07-04,Rupnagar,0.0,0.0
2021-07-04,Sahibzada Ajit Singh Nagar,0.0,0.0
2021-07-04,Sangrur,0.0,0.0
2021-07-04,Tarn Taran,0.0,0.0
2021-07-05,Amritsar,0.0,0.0
2021-07-05,Barnala,0.0,0.0
2021-07-05,Bathinda,0.0,0.0
2021-07-05,Faridkot,0.0,0.0
2021-07-05,Fatehgarh Sahib,0.0,0.0
2021-07-05,Firozpur,0.0,0.0
2021-07-05,Gurdaspur,0.0,0.0
2021-07-05,Hoshiarpur,0.0,0.0
2021-07-05,Jalandhar,0.0,0.0
2021-07-05,Kapurthala,0.0,0.0
2021-07-05,Ludhiana,0.0,0.0
2021-07-05,Mansa,0.0,0.0
2021-07-05,Moga,0.0,0.0
2021-07-05,Muktsar,0.0,0.0
2021-07-05,Nawanshahr,0.0,0.0
2021-07-05,Patiala,0.0,0.0
2021-07-05,Rupnagar,0.0,0.0
2021-07-05,Sahibzada Ajit Singh Nagar,0.0,0.0
2021-07-05,Sangrur,0.0,0.0
2021-07-05,Tarn Taran,0.0,0.0
2021-07-06,Amritsar,0.0,0.0
2021-07-06,Barnala,0.0,0.0
2021-07-06,Bathinda,0.0,0.0
2021-07-06,Faridkot,0.0,0.0
2021-07-06,Fatehgarh Sahib,0.0,0.0
2021-07-06,Firozpur,0.0,0.0
2021-07-06,Gurdaspur,0.0,0.0
2021-07-06,Hoshiarpur,0.0,0.0
2021-07-06,Jalandhar,0.0,0.0
2021-07-06,Kapurthala,0.0,0.0
2021-07-06,Ludhiana,0.0,0.0
2021-07-06,Mansa,0.0,0.0
2021-07-06,Moga,0.0,0.0
2021-07-06,Muktsar,0.0,0.0
2021-07-06,Nawanshahr,0.0,0.0
2021-07-06,Patiala,0.0,0.0
2021-07-06,Rupnagar,0.0,0.0
2021-07-06,Sahibzada Ajit Singh Nagar,0.0,0.0
2021-07-06,Sangrur,0.0,0.0
2021-07-06,Tarn Taran,0.0,0.0
2021-07-07,Amritsar,27.49,0.000103
2021-07-07,Barnala,0.0,0.0
2021-07-07,Bathinda,0.0,0.0
2021-07-07,Faridkot,13.33,9.2e-05
2021-07-07,Fatehgarh Sahib,0.0,0.0
2021-07-07,Firozpur,353.46,0.000677
2021-07-07,Gurdaspur,25.91,7.1e-05
2021-07-07,Hoshiarpur,0.0,0.0
2021-07-07,Jalandhar,0.0,0.0
2021-07-07,Kapurthala,0.0,0.0
2021-07-07,Ludhiana,0.0,0.0
2021-07-07,Mansa,0.0,0.0
2021-07-07,Moga,0.0,0.0
2021-07-07,Muktsar,28.34,0.000108
2021-07-07,Nawanshahr,0.0,0.0
2021-07-07,Patiala,0.0,0.0
2021-07-07,Rupnagar,0.0,0.0
2021-07-07,Sahibzada Ajit Singh Nagar,0.0,0.0
2021-07-07,Sangrur,0.0,0.0
2021-07-07,Tarn Taran,26.25,0.000109
2021-07-08,Amritsar,0.0,0.0
2021-07-08,Barnala,0.0,0.0
2021-07-08,Bathinda,0.0,0.0
2021-07-08,Faridkot,0.0,0.0
2021-07-08,Fatehgarh Sahib,0.0,0.0
2021-07-08,Firozpur,170.85,0.000327
2021-07-08,Gurdaspur,0.0,0.0
2021-07-08,Hoshiarpur,0.0,0.0
2021-07-08,Jalandhar,0.0,0.0
2021-07-08,Kapurthala,0.0,0.0
2021-07-08,Ludhiana,0.0,0.0
2021-07-08,Mansa,0.0,0.0
2021-07-08,Moga,0.0,0.0
2021-07-08,Muktsar,0.0,0.0
2021-07-08,Nawanshahr,0.0,0.0
2021-07-08,Patiala,0.0,0.0
2021-07-08,Rupnagar,0.0,0.0
2021-07-08,Sahibzada Ajit Singh Nagar,0.0,0.0
2021-07-08,Sangrur,0.0,0.0
2021-07-08,Tarn Taran,0.0,0.0
2021-07-09,Amritsar,0.0,0.0
2021-07-09,Barnala,0.0,0.0
2021-07-09,Bathinda,0.0,0.0
2021-07-09,Faridkot,0.0,0.0
2021-07-09,Fatehgarh Sahib,0.0,0.0
2021-07-09,Firozpur,0.0,0.0
2021-07-09,Gurdaspur,0.0,0.0
2021-07-09,Hoshiarpur,0.0,0.0
2021-07-09,Jalandhar,0.0,0.0
2021-07-09,Kapurthala,0.0,0.0
2021-07-09,Ludhiana,0.0,0.0
2021-07-09,Mansa,0.0,0.0
2021-07-09,Moga,0.0,0.0
2021-07-09,Muktsar,0.0,0.0
2021-07-09,Nawanshahr,0.0,0.0
2021-07-09,Patiala,0.0,0.0
2021-07-09,Rupnagar,0.0,0.0
2021-07-09,Sahibzada Ajit Singh Nagar,0.0,0.0
2021-07-09,Sangrur,0.0,0.0
2021-07-09,Tarn Taran,0.0,0.0
2021-07-10,Amritsar,0.0,0.0
2021-07-10,Barnala,0.0,0.0
2021-07-10,Bathinda,0.0,0.0
2021-07-10,Faridkot,0.0,0.0
2021-07-10,Fatehgarh Sahib,2.22,1.9e-05
2021-07-10,Firozpur,0.0,0.0
2021-07-10,Gurdaspur,0.0,0.0
2021-07-10,Hoshiarpur,0.0,0.0
2021-07-10,Jalandhar,0.0,0.0
2021-07-10,Kapurthala,0.0,0.0
2021-07-10,Ludhiana,5.17,1.4e-05
2021-07-10,Mansa,0.0,0.0
2021-07-10,Moga,0.0,0.0
2021-07-10,Muktsar,0.0,0.0
2021-07-10,Nawanshahr,0.0,0.0
2021-07-10,Patiala,55.98,0.000168
2021-07-10,Rupnagar,0.0,0.0
2021-07-10,Sahibzada Ajit Singh Nagar,0.0,0.0
2021-07-10,Sangrur,0.0,0.0
2021-07-10,Tarn Taran,0.0,0.0
2021-07-11,Amritsar,0.0,0.0
2021-07-11,Barnala,0.0,0.0
2021-07-11,Bathinda,0.0,0.0
2021-07-11,Faridkot,0.0,0.0
2021-07-11,Fatehgarh Sahib,0.0,0.0
2021-07-11,Firozpur,0.0,0.0
2021-07-11,Gurdaspur,0.0,0.0
2021-07-11,Hoshiarpur,0.0,0.0
2021-07-11,Jalandhar,0.0,0.0
2021-07-11,Kapurthala,0.0,0.0
2021-07-11,Ludhiana,0.0,0.0
2021-07-11,Mansa,0.0,0.0
2021-07-11,Moga,0.0,0.0
2021-07-11,Muktsar,0.0,0.0
2021-07-11,Nawanshahr,0.0,0.0
2021-07-11,Patiala,0.0,0.0
2021-07-11,Rupnagar,0.0,0.0
2021-07-11,Sahibzada Ajit Singh Nagar,0.0,0.0
2021-07-11,Sangrur,0.0,0.0
2021-07-11,Tarn Taran,0.0,0.0
2021-07-12,Amritsar,0.0,0.0
2021-07-12,Barnala,0.0,0.0
2021-07-12,Bathinda,0.0,0.0
2021-07-12,Faridkot,0.0,0.0
2021-07-12,Fatehgarh Sahib,0.0,0.0
2021-07-12,Firozpur,3.75,7e-06
2021-07-12,Gurdaspur,0.0,0.0
2021-07-12,Hoshiarpur,0.0,0.0
2021-07-12,Jalandhar,0.0,0.0
2021-07-12,Kapurthala,0.0,0.0
2021-07-12,Ludhiana,0.0,0.0
2021-07-12,Mansa,0.0,0.0
2021-07-12,Moga,0.0,0.0
2021-07-12,Muktsar,0.0,0.0
2021-07-12,Nawanshahr,0.0,0.0
2021-07-12,Patiala,0.0,0.0
2021-07-12,Rupnagar,0.0,0.0
2021-07-12,Sahibzada Ajit Singh Nagar,0.0,0.0
2021-07-12,Sangrur,0.0,0.0
2021-07-12,Tarn Taran,0.0,0.0
2021-07-13,Amritsar,0.0,0.0
2021-07-13,Barnala,0.0,0.0
2021-07-13,Bathinda,0.0,0.0
2021-07-13,Faridkot,0.0,0.0
2021-07-13,Fatehgarh Sahib,0.0,0.0
2021-07-13,Firozpur,0.0,0.0
2021-07-13,Gurdaspur,0.0,0.0
2021-07-13,Hoshiarpur,0.0,0.0
2021-07-13,Jalandhar,0.0,0.0
2021-07-13,Kapurthala,0.0,0.0
2021-07-13,Ludhiana,0.0,0.0
2021-07-13,Mansa,0.0,0.0
2021-07-13,Moga,0.0,0.0
2021-07-13,Muktsar,0.0,0.0
2021-07-13,Nawanshahr,0.0,0.0
2021-07-13,Patiala,0.0,0.0
2021-07-13,Rupnagar,0.0,0.0
2021-07-13,Sahibzada Ajit Singh Nagar,0.0,0.0
2021-07-13,Sangrur,0.0,0.0
2021-07-13,Tarn Taran,0.0,0.0
2021-07-14,Amritsar,39.83,0.000149
2021-07-14,Barnala,0.0,0.0
2021-07-14,Bathinda,0.0,0.0
2021-07-14,Faridkot,0.0,0.0
2021-07-14,Fatehgarh Sahib,623.84,0.005441
2021-07-14,Firozpur,0.0,0.0
2021-07-14,Gurdaspur,1234.94,0.003402
2021-07-14,Hoshiarpur,60.56,0.000179
2021-07-14,Jalandhar,12.47,4.8e-05
2021-07-14,Kapurthala,24.73,0.000148
2021-07-14,Ludhiana,72.13,0.000201
2021-07-14,Mansa,108.13,0.000487
2021-07-14,Moga,0.0,0.0
2021-07-14,Muktsar,0.0,0.0
2021-07-14,Nawanshahr,21.97,0.000168
2021-07-14,Patiala,22019.47,0.06592
2021-07-14,Rupnagar,16.9,0.000122
2021-07-14,Sahibzada Ajit Singh Nagar,0.0,0.0
2021-07-14,Sangrur,1824.65,0.005053
2021-07-14,Tarn Taran,0.0,0.0
2021-07-15,Amritsar,657.73,0.002466
2021-07-15,Barnala,0.0,0.0
2021-07-15,Bathinda,0.0,0.0
2021-07-15,Faridkot,9.63,6.6e-05
2021-07-15,Fatehgarh Sahib,2.96,2.6e-05
2021-07-15,Firozpur,100.98,0.000193
2021-07-15,Gurdaspur,385.58,0.001062
2021-07-15,Hoshiarpur,13.88,4.1e-05
2021-07-15,Jalandhar,34.44,0.000132
2021-07-15,Kapurthala,4.38,2.6e-05
2021-07-15,Ludhiana,44.9,0.000125
2021-07-15,Mansa,14.26,6.4e-05
2021-07-15,Moga,9.58,4.1e-05
2021-07-15,Muktsar,28.26,0.000108
2021-07-15,Nawanshahr,17.56,0.000135
2021-07-15,Patiala,116.42,0.000349
2021-07-15,Rupnagar,0.0,0.0
2021-07-15,Sahibzada Ajit Singh Nagar,0.0,0.0
2021-07-15,Sangrur,363.36,0.001006
2021-07-15,Tarn Taran,62.72,0.000261
2021-07-16,Amritsar,0.0,0.0
2021-07-16,Barnala,0.0,0.0
2021-07-16,Bathinda,0.0,0.0
2021-07-16,Faridkot,0.0,0.0
2021-07-16,Fatehgarh Sahib,0.0,0.0
2021-07-16,Firozpur,0.0,0.0
2021-07-16,Gurdaspur,0.0,0.0
2021-07-16,Hoshiarpur,0.0,0.0
2021-07-16,Jalandhar,0.0,0.0
2021-07-16,Kapurthala,0.0,0.0
2021-07-16,Ludhiana,0.0,0.0
2021-07-16,Mansa,0.0,0.0
2021-07-16,Moga,0.0,0.0
2021-07-16,Muktsar,0.0,0.0
2021-07-16,Nawanshahr,0.0,0.0
2021-07-16,Patiala,0.0,0.0
2021-07-16,Rupnagar,0.0,0.0
2021-07-16,Sahibzada Ajit Singh Nagar,0.0,0.0
2021-07-16,Sangrur,0.0,0.0
2021-07-16,Tarn Taran,0.0,0.0
2021-07-17,Amritsar,0.0,0.0
2021-07-17,Barnala,0.0,0.0
2021-07-17,Bathinda,0.0,0.0
2021-07-17,Faridkot,0.0,0.0
2021-07-17,Fatehgarh Sahib,0.0,0.0
2021-07-17,Firozpur,0.0,0.0
2021-07-17,Gurdaspur,0.0,0.0
2021-07-17,Hoshiarpur,0.0,0.0
2021-07-17,Jalandhar,0.0,0.0
2021-07-17,Kapurthala,0.0,0.0
2021-07-17,Ludhiana,0.0,0.0
2021-07-17,Mansa,0.0,0.0
2021-07-17,Moga,0.0,0.0
2021-07-17,Muktsar,0.0,0.0
2021-07-17,Nawanshahr,0.0,0.0
2021-07-17,Patiala,0.0,0.0
2021-07-17,Rupnagar,0.0,0.0
2021-07-17,Sahibzada Ajit Singh Nagar,0.0,0.0
2021-07-17,Sangrur,0.0,0.0
2021-07-17,Tarn Taran,0.0,0.0
2021-07-18,Amritsar,0.0,0.0
2021-07-18,Barnala,0.0,0.0
2021-07-18,Bathinda,0.0,0.0
2021-07-18,Faridkot,0.0,0.0
2021-07-18,Fatehgarh Sahib,0.0,0.0
2021-07-18,Firozpur,0.0,0.0
2021-07-18,Gurdaspur,0.0,0.0
2021-07-18,Hoshiarpur,0.0,0.0
2021-07-18,Jalandhar,0.0,0.0
2021-07-18,Kapurthala,0.0,0.0
2021-07-18,Ludhiana,0.0,0.0
2021-07-18,Mansa,0.0,0.0
2021-07-18,Moga,0.0,0.0
2021-07-18,Muktsar,0.0,0.0
2021-07-18,Nawanshahr,0.0,0.0
2021-07-18,Patiala,0.0,0.0
2021-07-18,Rupnagar,0.0,0.0
2021-07-18,Sahibzada Ajit Singh Nagar,0.0,0.0
2021-07-18,Sangrur,0.0,0.0
2021-07-18,Tarn Taran,0.0,0.0
2021-07-19,Amritsar,2.89,1.1e-05
2021-07-19,Barnala,0.0,0.0
2021-07-19,Bathinda,0.0,0.0
2021-07-19,Faridkot,16.29,0.000112
2021-07-19,Fatehgarh Sahib,0.0,0.0
2021-07-19,Firozpur,1.48,3e-06
2021-07-19,Gurdaspur,119.01,0.000328
2021-07-19,Hoshiarpur,0.0,0.0
2021-07-19,Jalandhar,0.0,0.0
2021-07-19,Kapurthala,0.0,0.0
2021-07-19,Ludhiana,3.67,1e-05
2021-07-19,Mansa,15.03,6.8e-05
2021-07-19,Moga,2.95,1.3e-05
2021-07-19,Muktsar,0.0,0.0
2021-07-19,Nawanshahr,0.0,0.0
2021-07-19,Patiala,0.0,0.0
2021-07-19,Rupnagar,0.0,0.0
2021-07-19,Sahibzada Ajit Singh Nagar,0.0,0.0
2021-07-19,Sangrur,0.0,0.0
2021-07-19,Tarn Taran,15.34,6.4e-05
2021-07-20,Amritsar,0.0,0.0
2021-07-20,Barnala,0.0,0.0
2021-07-20,Bathinda,0.0,0.0
2021-07-20,Faridkot,0.0,0.0
2021-07-20,Fatehgarh Sahib,0.0,0.0
2021-07-20,Firozpur,3.0,6e-06
2021-07-20,Gurdaspur,0.0,0.0
2021-07-20,Hoshiarpur,0.0,0.0
2021-07-20,Jalandhar,0.0,0.0
2021-07-20,Kapurthala,0.0,0.0
2021-07-20,Ludhiana,0.0,0.0
2021-07-20,Mansa,0.0,0.0
2021-07-20,Moga,0.0,0.0
2021-07-20,Muktsar,0.0,0.0
2021-07-20,Nawanshahr,0.0,0.0
2021-07-20,Patiala,0.0,0.0
2021-07-20,Rupnagar,0.0,0.0
2021-07-20,Sahibzada Ajit Singh Nagar,0.0,0.0
2021-07-20,Sangrur,0.0,0.0
2021-07-20,Tarn Taran,0.0,0.0
2021-07-21,Amritsar,0.0,0.0
2021-07-21,Barnala,0.0,0.0
2021-07-21,Bathinda,0.0,0.0
2021-07-21,Faridkot,0.0,0.0
2021-07-21,Fatehgarh Sahib,0.0,0.0
2021-07-21,Firozpur,0.0,0.0
2021-07-21,Gurdaspur,0.0,0.0
2021-07-21,Hoshiarpur,0.0,0.0
2021-07-21,Jalandhar,0.0,0.0
2021-07-21,Kapurthala,0.0,0.0
2021-07-21,Ludhiana,0.0,0.0
2021-07-21,Mansa,0.0,0.0
2021-07-21,Moga,0.0,0.0
2021-07-21,Muktsar,0.0,0.0
2021-07-21,Nawanshahr,0.0,0.0
2021-07-21,Patiala,0.0,0.0
2021-07-21,Rupnagar,0.0,0.0
2021-07-21,Sahibzada Ajit Singh Nagar,0.0,0.0
2021-07-21,Sangrur,0.0,0.0
2021-07-21,Tarn Taran,0.0,0.0
2021-07-22,Amritsar,0.0,0.0
2021-07-22,Barnala,0.0,0.0
2021-07-22,Bathinda,0.0,0.0
2021-07-22,Faridkot,0.0,0.0
2021-07-22,Fatehgarh Sahib,62.99,0.000549
2021-07-22,Firozpur,0.0,0.0
2021-07-22,Gurdaspur,0.0,0.0
2021-07-22,Hoshiarpur,0.0,0.0
2021-07-22,Jalandhar,48.44,0.000185
2021-07-22,Kapurthala,0.0,0.0
2021-07-22,Ludhiana,98.81,0.000275
2021-07-22,Mansa,0.0,0.0
2021-07-22,Moga,0.0,0.0
2021-07-22,Muktsar,0.0,0.0
2021-07-22,Nawanshahr,0.0,0.0
2021-07-22,Patiala,10625.09,0.031808
2021-07-22,Rupnagar,3.66,2.6e-05
2021-07-22,Sahibzada Ajit Singh Nagar,213.13,0.001918
2021-07-22,Sangrur,184.32,0.00051
2021-07-22,Tarn Taran,0.0,0.0
2021-07-23,Amritsar,0.0,0.0
2021-07-23,Barnala,0.0,0.0
2021-07-23,Bathinda,0.0,0.0
2021-07-23,Faridkot,0.0,0.0
2021-07-23,Fatehgarh Sahib,0.0,0.0
2021-07-23,Firozpur,0.0,0.0
2021-07-23,Gurdaspur,0.0,0.0
2021-07-23,Hoshiarpur,0.0,0.0
2021-07-23,Jalandhar,0.0,0.0
2021-07-23,Kapurthala,0.0,0.0
2021-07-23,Ludhiana,0.0,0.0
2021-07-23,Mansa,0.0,0.0
2021-07-23,Moga,0.0,0.0
2021-07-23,Muktsar,0.0,0.0
2021-07-23,Nawanshahr,0.0,0.0
2021-07-23,Patiala,0.0,0.0
2021-07-23,Rupnagar,0.0,0.0
2021-07-23,Sahibzada Ajit Singh Nagar,0.0,0.0
2021-07-23,Sangrur,0.0,0.0
2021-07-23,Tarn Taran,0.0,0.0
2021-07-24,Amritsar,0.0,0.0
2021-07-24,Barnala,0.0,0.0
2021-07-24,Bathinda,0.0,0.0
2021-07-24,Faridkot,0.0,0.0
2021-07-24,Fatehgarh Sahib,0.0,0.0
2021-07-24,Firozpur,3.75,7e-06
2021-07-24,Gurdaspur,0.0,0.0
2021-07-24,Hoshiarpur,0.0,0.0
2021-07-24,Jalandhar,0.0,0.0
2021-07-24,Kapurthala,0.0,0.0
2021-07-24,Ludhiana,0.0,0.0
2021-07-24,Mansa,0.0,0.0
2021-07-24,Moga,0.0,0.0
2021-07-24,Muktsar,0.0,0.0
2021-07-24,Nawanshahr,0.0,0.0
2021-07-24,Patiala,0.0,0.0
2021-07-24,Rupnagar,0.0,0.0
2021-07-24,Sahibzada Ajit Singh Nagar,0.0,0.0
2021-07-24,Sangrur,0.0,0.0
2021-07-24,Tarn Taran,0.0,0.0
2021-07-25,Amritsar,0.0,0.0
2021-07-25,Barnala,0.0,0.0
2021-07-25,Bathinda,0.0,0.0
2021-07-25,Faridkot,0.0,0.0
2021-07-25,Fatehgarh Sahib,0.0,0.0
2021-07-25,Firozpur,0.0,0.0
2021-07-25,Gurdaspur,0.0,0.0
2021-07-25,Hoshiarpur,0.0,0.0
2021-07-25,Jalandhar,0.0,0.0
2021-07-25,Kapurthala,0.0,0.0
2021-07-25,Ludhiana,0.0,0.0
2021-07-25,Mansa,0.0,0.0
2021-07-25,Moga,0.0,0.0
2021-07-25,Muktsar,0.0,0.0
2021-07-25,Nawanshahr,0.0,0.0
2021-07-25,Patiala,0.0,0.0
2021-07-25,Rupnagar,0.0,0.0
2021-07-25,Sahibzada Ajit Singh Nagar,0.0,0.0
2021-07-25,Sangrur,0.0,0.0
2021-07-25,Tarn Taran,0.0,0.0
2021-07-26,Amritsar,0.0,0.0
2021-07-26,Barnala,0.0,0.0
2021-07-26,Bathinda,0.0,0.0
2021-07-26,Faridkot,0.0,0.0
2021-07-26,Fatehgarh Sahib,0.0,0.0
2021-07-26,Firozpur,0.0,0.0
2021-07-26,Gurdaspur,506.98,0.001397
2021-07-26,Hoshiarpur,0.0,0.0
2021-07-26,Jalandhar,19.82,7.6e-05
2021-07-26,Kapurthala,4.38,2.6e-05
2021-07-26,Ludhiana,11.06,3.1e-05
2021-07-26,Mansa,0.0,0.0
2021-07-26,Moga,4.4,1.9e-05
2021-07-26,Muktsar,0.0,0.0
2021-07-26,Nawanshahr,0.0,0.0
2021-07-26,Patiala,140.43,0.00042
2021-07-26,Rupnagar,0.0,0.0
2021-07-26,Sahibzada Ajit Singh Nagar,0.0,0.0
2021-07-26,Sangrur,73.76,0.000204
2021-07-26,Tarn Taran,0.0,0.0
2021-07-27,Amritsar,6.48,2.4e-05
2021-07-27,Barnala,0.0,0.0
2021-07-27,Bathinda,0.0,0.0
2021-07-27,Faridkot,2.22,1.5e-05
2021-07-27,Fatehgarh Sahib,0.0,0.0
2021-07-27,Firozpur,40.82,7.8e-05
2021-07-27,Gurdaspur,65.77,0.000181
2021-07-27,Hoshiarpur,0.0,0.0
2021-07-27,Jalandhar,23.48,9e-05
2021-07-27,Kapurthala,53.35,0.00032
2021-07-27,Ludhiana,2.94,8e-06
2021-07-27,Mansa,1.51,7e-06
2021-07-27,Moga,13.99,5.9e-05
2021-07-27,Muktsar,10.42,4e-05
2021-07-27,Nawanshahr,0.0,0.0
2021-07-27,Patiala,0.0,0.0
2021-07-27,Rupnagar,0.0,0.0
2021-07-27,Sahibzada Ajit Singh Nagar,0.0,0.0
2021-07-27,Sangrur,21.08,5.8e-05
2021-07-27,Tarn Taran,64.27,0.000268
2021-07-28,Amritsar,0.0,0.0
2021-07-28,Barnala,0.0,0.0
2021-07-28,Bathinda,0.0,0.0
2021-07-28,Faridkot,0.0,0.0
2021-07-28,Fatehgarh Sahib,0.0,0.0
2021-07-28,Firozpur,0.0,0.0
2021-07-28,Gurdaspur,0.0,0.0
2021-07-28,Hoshiarpur,0.0,0.0
2021-07-28,Jalandhar,0.0,0.0
2021-07-28,Kapurthala,0.0,0.0
2021-07-28,Ludhiana,0.0,0.0
2021-07-28,Mansa,0.0,0.0
2021-07-28,Moga,0.0,0.0
2021-07-28,Muktsar,0.0,0.0
2021-07-28,Nawanshahr,0.0,0.0
2021-07-28,Patiala,0.0,0.0
2021-07-28,Rupnagar,0.0,0.0
2021-07-28,Sahibzada Ajit Singh Nagar,0.0,0.0
2021-07-28,Sangrur,0.0,0.0
2021-07-28,Tarn Taran,0.0,0.0
2021-07-29,Amritsar,0.0,0.0
2021-07-29,Barnala,0.0,0.0
2021-07-29,Bathinda,0.0,0.0
2021-07-29,Faridkot,0.0,0.0
2021-07-29,Fatehgarh Sahib,0.0,0.0
2021-07-29,Firozpur,0.0,0.0
2021-07-29,Gurdaspur,0.0,0.0
2021-07-29,Hoshiarpur,0.0,0.0
2021-07-29,Jalandhar,0.0,0.0
2021-07-29,Kapurthala,0.0,0.0
2021-07-29,Ludhiana,0.0,0.0
2021-07-29,Mansa,0.0,0.0
2021-07-29,Moga,0.0,0.0
2021-07-29,Muktsar,0.0,0.0
2021-07-29,Nawanshahr,0.0,0.0
2021-07-29,Patiala,0.0,0.0
2021-07-29,Rupnagar,0.0,0.0
2021-07-29,Sahibzada Ajit Singh Nagar,0.0,0.0
2021-07-29,Sangrur,0.0,0.0
2021-07-29,Tarn Taran,0.0,0.0
2021-07-30,Amritsar,0.0,0.0
2021-07-30,Barnala,0.0,0.0
2021-07-30,Bathinda,0.0,0.0
2021-07-30,Faridkot,0.0,0.0
2021-07-30,Fatehgarh Sahib,0.0,0.0
2021-07-30,Firozpur,0.0,0.0
2021-07-30,Gurdaspur,0.0,0.0
2021-07-30,Hoshiarpur,0.0,0.0
2021-07-30,Jalandhar,0.0,0.0
2021-07-30,Kapurthala,0.0,0.0
2021-07-30,Ludhiana,0.0,0.0
2021-07-30,Mansa,0.0,0.0
2021-07-30,Moga,0.0,0.0
2021-07-30,Muktsar,0.0,0.0
2021-07-30,Nawanshahr,0.0,0.0
2021-07-30,Patiala,0.0,0.0
2021-07-30,Rupnagar,0.0,0.0
2021-07-30,Sahibzada Ajit Singh Nagar,0.0,0.0
2021-07-30,Sangrur,0.0,0.0
2021-07-30,Tarn Taran,0.0,0.0
2021-07-31,Amritsar,12.27,4.6e-05
2021-07-31,Barnala,4.45,3e-05
2021-07-31,Bathinda,137.09,0.000406
2021-07-31,Faridkot,8.9,6.1e-05
2021-07-31,Fatehgarh Sahib,0.0,0.0
2021-07-31,Firozpur,238.92,0.000458
2021-07-31,Gurdaspur,10.81,3e-05
2021-07-31,Hoshiarpur,0.0,0.0
2021-07-31,Jalandhar,55.06,0.000211
2021-07-31,Kapurthala,138.68,0.000832
2021-07-31,Ludhiana,16.91,4.7e-05
2021-07-31,Mansa,442.42,0.001994
2021-07-31,Moga,47.92,0.000204
2021-07-31,Muktsar,37.98,0.000145
2021-07-31,Nawanshahr,0.0,0.0
2021-07-31,Patiala,18.78,5.6e-05
2021-07-31,Rupnagar,0.0,0.0
2021-07-31,Sahibzada Ajit Singh Nagar,0.0,0.0
2021-07-31,Sangrur,1217.93,0.003373
2021-07-31,Tarn Taran,75.23,0.000313
2021-08-01,Amritsar,0.0,0.0
2021-08-01,Barnala,0.0,0.0
2021-08-01,Bathinda,0.0,0.0
2021-08-01,Faridkot,0.0,0.0
2021-08-01,Fatehgarh Sahib,0.0,0.0
2021-08-01,Firozpur,0.0,0.0
2021-08-01,Gurdaspur,0.0,0.0
2021-08-01,Hoshiarpur,0.0,0.0
2021-08-01,Jalandhar,0.0,0.0
2021-08-01,Kapurthala,0.0,0.0
2021-08-01,Ludhiana,0.0,0.0
2021-08-01,Mansa,0.0,0.0
2021-08-01,Moga,0.0,0.0
2021-08-01,Muktsar,0.0,0.0
2021-08-01,Nawanshahr,0.0,0.0
2021-08-01,Patiala,0.0,0.0
2021-08-01,Rupnagar,0.0,0.0
2021-08-01,Sahibzada Ajit Singh Nagar,0.0,0.0
2021-08-01,Sangrur,0.0,0.0
2021-08-01,Tarn Taran,0.0,0.0
2021-08-02,Amritsar,0.0,0.0
2021-08-02,Barnala,0.0,0.0
2021-08-02,Bathinda,0.0,0.0
2021-08-02,Faridkot,0.0,0.0
2021-08-02,Fatehgarh Sahib,0.0,0.0
2021-08-02,Firozpur,0.0,0.0
2021-08-02,Gurdaspur,0.0,0.0
2021-08-02,Hoshiarpur,0.0,0.0
2021-08-02,Jalandhar,0.0,0.0
2021-08-02,Kapurthala,0.0,0.0
2021-08-02,Ludhiana,0.0,0.0
2021-08-02,Mansa,0.0,0.0
2021-08-02,Moga,0.0,0.0
2021-08-02,Muktsar,0.0,0.0
2021-08-02,Nawanshahr,0.0,0.0
2021-08-02,Patiala,0.0,0.0
2021-08-02,Rupnagar,0.0,0.0
2021-08-02,Sahibzada Ajit Singh Nagar,0.0,0.0
2021-08-02,Sangrur,0.0,0.0
2021-08-02,Tarn Taran,0.0,0.0
2021-08-03,Amritsar,0.0,0.0
2021-08-03,Barnala,0.0,0.0
2021-08-03,Bathinda,0.0,0.0
2021-08-03,Faridkot,0.0,0.0
2021-08-03,Fatehgarh Sahib,0.0,0.0
2021-08-03,Firozpur,0.0,0.0
2021-08-03,Gurdaspur,0.0,0.0
2021-08-03,Hoshiarpur,0.0,0.0
2021-08-03,Jalandhar,0.0,0.0
2021-08-03,Kapurthala,0.0,0.0
2021-08-03,Ludhiana,1.47,4e-06
2021-08-03,Mansa,1.5,7e-06
2021-08-03,Moga,0.0,0.0
2021-08-03,Muktsar,0.0,0.0
2021-08-03,Nawanshahr,0.0,0.0
2021-08-03,Patiala,295.48,0.000885
2021-08-03,Rupnagar,0.0,0.0
2021-08-03,Sahibzada Ajit Singh Nagar,0.0,0.0
2021-08-03,Sangrur,367.94,0.001019
2021-08-03,Tarn Taran,0.0,0.0
2021-08-04,Amritsar,0.0,0.0
2021-08-04,Barnala,0.0,0.0
2021-08-04,Bathinda,0.0,0.0
2021-08-04,Faridkot,0.0,0.0
2021-08-04,Fatehgarh Sahib,0.0,0.0
2021-08-04,Firozpur,0.0,0.0
2021-08-04,Gurdaspur,0.0,0.0
2021-08-04,Hoshiarpur,0.0,0.0
2021-08-04,Jalandhar,0.0,0.0
2021-08-04,Kapurthala,0.0,0.0
2021-08-04,Ludhiana,0.0,0.0
2021-08-04,Mansa,0.0,0.0
2021-08-04,Moga,0.0,0.0
2021-08-04,Muktsar,0.0,0.0
2021-08-04,Nawanshahr,0.0,0.0
2021-08-04,Patiala,0.0,0.0
2021-08-04,Rupnagar,0.0,0.0
2021-08-04,Sahibzada Ajit Singh Nagar,0.0,0.0
2021-08-04,Sangrur,0.0,0.0
2021-08-04,Tarn Taran,0.0,0.0
2021-08-05,Amritsar,0.0,0.0
2021-08-05,Barnala,0.0,0.0
2021-08-05,Bathinda,0.0,0.0
2021-08-05,Faridkot,0.0,0.0
2021-08-05,Fatehgarh Sahib,0.0,0.0
2021-08-05,Firozpur,6.0,1.1e-05
2021-08-05,Gurdaspur,0.0,0.0
2021-08-05,Hoshiarpur,0.0,0.0
2021-08-05,Jalandhar,0.0,0.0
2021-08-05,Kapurthala,0.0,0.0
2021-08-05,Ludhiana,0.0,0.0
2021-08-05,Mansa,0.0,0.0
2021-08-05,Moga,0.0,0.0
2021-08-05,Muktsar,0.0,0.0
2021-08-05,Nawanshahr,0.0,0.0
2021-08-05,Patiala,0.0,0.0
2021-08-05,Rupnagar,0.0,0.0
2021-08-05,Sahibzada Ajit Singh Nagar,0.0,0.0
2021-08-05,Sangrur,0.0,0.0
2021-08-05,Tarn Taran,0.0,0.0
2021-08-06,Amritsar,0.0,0.0
2021-08-06,Barnala,0.0,0.0
2021-08-06,Bathinda,0.0,0.0
2021-08-06,Faridkot,0.0,0.0
2021-08-06,Fatehgarh Sahib,0.0,0.0
2021-08-06,Firozpur,0.0,0.0
2021-08-06,Gurdaspur,0.0,0.0
2021-08-06,Hoshiarpur,0.0,0.0
2021-08-06,Jalandhar,0.0,0.0
2021-08-06,Kapurthala,0.0,0.0
2021-08-06,Ludhiana,0.0,0.0
2021-08-06,Mansa,0.0,0.0
2021-08-06,Moga,0.0,0.0
2021-08-06,Muktsar,0.0,0.0
2021-08-06,Nawanshahr,0.0,0.0
2021-08-06,Patiala,0.0,0.0
2021-08-06,Rupnagar,0.0,0.0
2021-08-06,Sahibzada Ajit Singh Nagar,0.0,0.0
2021-08-06,Sangrur,0.0,0.0
2021-08-06,Tarn Taran,0.0,0.0
2021-08-07,Amritsar,0.0,0.0
2021-08-07,Barnala,0.0,0.0
2021-08-07,Bathinda,0.0,0.0
2021-08-07,Faridkot,0.0,0.0
2021-08-07,Fatehgarh Sahib,0.0,0.0
2021-08-07,Firozpur,0.0,0.0
2021-08-07,Gurdaspur,0.0,0.0
2021-08-07,Hoshiarpur,0.0,0.0
2021-08-07,Jalandhar,2.2,8e-06
2021-08-07,Kapurthala,2.18,1.3e-05
2021-08-07,Ludhiana,136.19,0.000379
2021-08-07,Mansa,0.0,0.0
2021-08-07,Moga,0.0,0.0
2021-08-07,Muktsar,0.0,0.0
2021-08-07,Nawanshahr,0.0,0.0
2021-08-07,Patiala,111.73,0.000334
2021-08-07,Rupnagar,0.0,0.0
2021-08-07,Sahibzada Ajit Singh Nagar,0.0,0.0
2021-08-07,Sangrur,149.72,0.000415
2021-08-07,Tarn Taran,0.0,0.0
2021-08-08,Amritsar,0.0,0.0
2021-08-08,Barnala,0.0,0.0
2021-08-08,Bathinda,2.25,7e-06
2021-08-08,Faridkot,0.0,0.0
2021-08-08,Fatehgarh Sahib,0.0,0.0
2021-08-08,Firozpur,0.0,0.0
2021-08-08,Gurdaspur,0.0,0.0
2021-08-08,Hoshiarpur,0.0,0.0
2021-08-08,Jalandhar,8.81,3.4e-05
2021-08-08,Kapurthala,16.06,9.6e-05
2021-08-08,Ludhiana,2.21,6e-06
2021-08-08,Mansa,0.0,0.0
2021-08-08,Moga,0.0,0.0
2021-08-08,Muktsar,1.49,6e-06
2021-08-08,Nawanshahr,0.0,0.0
2021-08-08,Patiala,0.0,0.0
2021-08-08,Rupnagar,0.0,0.0
2021-08-08,Sahibzada Ajit Singh Nagar,0.0,0.0
2021-08-08,Sangrur,63.93,0.000177
2021-08-08,Tarn Taran,8.77,3.7e-05
2021-08-09,Amritsar,0.0,0.0
2021-08-09,Barnala,0.0,0.0
2021-08-09,Bathinda,0.0,0.0
2021-08-09,Faridkot,0.0,0.0
2021-08-09,Fatehgarh Sahib,0.0,0.0
2021-08-09,Firozpur,0.0,0.0
2021-08-09,Gurdaspur,0.0,0.0
2021-08-09,Hoshiarpur,0.0,0.0
2021-08-09,Jalandhar,0.0,0.0
2021-08-09,Kapurthala,0.0,0.0
2021-08-09,Ludhiana,0.0,0.0
2021-08-09,Mansa,0.0,0.0
2021-08-09,Moga,0.0,0.0
2021-08-09,Muktsar,0.0,0.0
2021-08-09,Nawanshahr,0.0,0.0
2021-08-09,Patiala,0.0,0.0
2021-08-09,Rupnagar,0.0,0.0
2021-08-09,Sahibzada Ajit Singh Nagar,0.0,0.0
2021-08-09,Sangrur,0.0,0.0
2021-08-09,Tarn Taran,0.0,0.0
2021-08-10,Amritsar,0.0,0.0
2021-08-10,Barnala,0.0,0.0
2021-08-10,Bathinda,0.0,0.0
2021-08-10,Faridkot,0.0,0.0
2021-08-10,Fatehgarh Sahib,0.0,0.0
2021-08-10,Firozpur,0.0,0.0
2021-08-10,Gurdaspur,0.0,0.0
2021-08-10,Hoshiarpur,0.0,0.0
2021-08-10,Jalandhar,0.0,0.0
2021-08-10,Kapurthala,0.0,0.0
2021-08-10,Ludhiana,0.0,0.0
2021-08-10,Mansa,0.0,0.0
2021-08-10,Moga,0.0,0.0
2021-08-10,Muktsar,0.0,0.0
2021-08-10,Nawanshahr,0.0,0.0
2021-08-10,Patiala,0.0,0.0
2021-08-10,Rupnagar,0.0,0.0
2021-08-10,Sahibzada Ajit Singh Nagar,0.0,0.0
2021-08-10,Sangrur,0.0,0.0
2021-08-10,Tarn Taran,0.0,0.0
2021-08-11,Amritsar,0.0,0.0
2021-08-11,Barnala,0.0,0.0
2021-08-11,Bathinda,0.0,0.0
2021-08-11,Faridkot,0.0,0.0
2021-08-11,Fatehgarh Sahib,0.0,0.0
2021-08-11,Firozpur,0.0,0.0
2021-08-11,Gurdaspur,0.0,0.0
2021-08-11,Hoshiarpur,0.0,0.0
2021-08-11,Jalandhar,0.0,0.0
2021-08-11,Kapurthala,0.0,0.0
2021-08-11,Ludhiana,0.0,0.0
2021-08-11,Mansa,0.0,0.0
2021-08-11,Moga,0.0,0.0
2021-08-11,Muktsar,0.0,0.0
2021-08-11,Nawanshahr,0.0,0.0
2021-08-11,Patiala,0.0,0.0
2021-08-11,Rupnagar,0.0,0.0
2021-08-11,Sahibzada Ajit Singh Nagar,0.0,0.0
2021-08-11,Sangrur,0.0,0.0
2021-08-11,Tarn Taran,0.0,0.0
2021-08-12,Amritsar,0.0,0.0
2021-08-12,Barnala,0.0,0.0
2021-08-12,Bathinda,0.0,0.0
2021-08-12,Faridkot,3.7,2.5e-05
2021-08-12,Fatehgarh Sahib,0.0,0.0
2021-08-12,Firozpur,5.88,1.1e-05
2021-08-12,Gurdaspur,0.0,0.0
2021-08-12,Hoshiarpur,0.0,0.0
2021-08-12,Jalandhar,11.01,4.2e-05
2021-08-12,Kapurthala,26.25,0.000158
2021-08-12,Ludhiana,4.42,1.2e-05
2021-08-12,Mansa,0.0,0.0
2021-08-12,Moga,3.68,1.6e-05
2021-08-12,Muktsar,3.72,1.4e-05
2021-08-12,Nawanshahr,0.0,0.0
2021-08-12,Patiala,3.76,1.1e-05
2021-08-12,Rupnagar,0.0,0.0
2021-08-12,Sahibzada Ajit Singh Nagar,0.0,0.0
2021-08-12,Sangrur,202.33,0.00056
2021-08-12,Tarn Taran,4.38,1.8e-05
2021-08-13,Amritsar,0.0,0.0
2021-08-13,Barnala,0.0,0.0
2021-08-13,Bathinda,0.0,0.0
2021-08-13,Faridkot,0.0,0.0
2021-08-13,Fatehgarh Sahib,0.0,0.0
2021-08-13,Firozpur,0.0,0.0
2021-08-13,Gurdaspur,0.0,0.0
2021-08-13,Hoshiarpur,0.0,0.0
2021-08-13,Jalandhar,0.0,0.0
2021-08-13,Kapurthala,0.0,0.0
2021-08-13,Ludhiana,0.0,0.0
2021-08-13,Mansa,0.0,0.0
2021-08-13,Moga,0.0,0.0
2021-08-13,Muktsar,0.0,0.0
2021-08-13,Nawanshahr,0.0,0.0
2021-08-13,Patiala,0.0,0.0
2021-08-13,Rupnagar,0.0,0.0
2021-08-13,Sahibzada Ajit Singh Nagar,0.0,0.0
2021-08-13,Sangrur,0.0,0.0
2021-08-13,Tarn Taran,0.0,0.0
2021-08-14,Amritsar,0.0,0.0
2021-08-14,Barnala,0.0,0.0
2021-08-14,Bathinda,0.0,0.0
2021-08-14,Faridkot,0.0,0.0
2021-08-14,Fatehgarh Sahib,0.0,0.0
2021-08-14,Firozpur,0.0,0.0
2021-08-14,Gurdaspur,0.0,0.0
2021-08-14,Hoshiarpur,0.0,0.0
2021-08-14,Jalandhar,0.0,0.0
2021-08-14,Kapurthala,0.0,0.0
2021-08-14,Ludhiana,0.0,0.0
2021-08-14,Mansa,0.0,0.0
2021-08-14,Moga,0.0,0.0
2021-08-14,Muktsar,0.0,0.0
2021-08-14,Nawanshahr,0.0,0.0
2021-08-14,Patiala,0.0,0.0
2021-08-14,Rupnagar,0.0,0.0
2021-08-14,Sahibzada Ajit Singh Nagar,0.0,0.0
2021-08-14,Sangrur,0.0,0.0
2021-08-14,Tarn Taran,0.0,0.0
2021-08-15,Amritsar,0.0,0.0
2021-08-15,Barnala,0.0,0.0
2021-08-15,Bathinda,0.0,0.0
2021-08-15,Faridkot,0.0,0.0
2021-08-15,Fatehgarh Sahib,0.0,0.0
2021-08-15,Firozpur,0.0,0.0
2021-08-15,Gurdaspur,0.0,0.0
2021-08-15,Hoshiarpur,0.0,0.0
2021-08-15,Jalandhar,0.0,0.0
2021-08-15,Kapurthala,0.0,0.0
2021-08-15,Ludhiana,0.0,0.0
2021-08-15,Mansa,0.0,0.0
2021-08-15,Moga,0.0,0.0
2021-08-15,Muktsar,0.0,0.0
2021-08-15,Nawanshahr,0.0,0.0
2021-08-15,Patiala,46.39,0.000139
2021-08-15,Rupnagar,0.0,0.0
2021-08-15,Sahibzada Ajit Singh Nagar,2.22,2e-05
2021-08-15,Sangrur,148.2,0.00041
2021-08-15,Tarn Taran,0.0,0.0
2021-08-16,Amritsar,0.0,0.0
2021-08-16,Barnala,0.0,0.0
2021-08-16,Bathinda,0.0,0.0
2021-08-16,Faridkot,0.0,0.0
2021-08-16,Fatehgarh Sahib,0.0,0.0
2021-08-16,Firozpur,0.0,0.0
2021-08-16,Gurdaspur,0.0,0.0
2021-08-16,Hoshiarpur,0.0,0.0
2021-08-16,Jalandhar,0.0,0.0
2021-08-16,Kapurthala,0.0,0.0
2021-08-16,Ludhiana,0.0,0.0
2021-08-16,Mansa,0.0,0.0
2021-08-16,Moga,0.0,0.0
2021-08-16,Muktsar,0.0,0.0
2021-08-16,Nawanshahr,0.0,0.0
2021-08-16,Patiala,0.0,0.0
2021-08-16,Rupnagar,0.0,0.0
2021-08-16,Sahibzada Ajit Singh Nagar,0.0,0.0
2021-08-16,Sangrur,0.0,0.0
2021-08-16,Tarn Taran,0.0,0.0
2021-08-17,Amritsar,0.0,0.0
2021-08-17,Barnala,0.0,0.0
2021-08-17,Bathinda,0.0,0.0
2021-08-17,Faridkot,0.0,0.0
2021-08-17,Fatehgarh Sahib,0.0,0.0
2021-08-17,Firozpur,3.75,7e-06
2021-08-17,Gurdaspur,0.0,0.0
2021-08-17,Hoshiarpur,0.0,0.0
2021-08-17,Jalandhar,0.0,0.0
2021-08-17,Kapurthala,0.0,0.0
2021-08-17,Ludhiana,0.0,0.0
2021-08-17,Mansa,0.0,0.0
2021-08-17,Moga,0.0,0.0
2021-08-17,Muktsar,0.0,0.0
2021-08-17,Nawanshahr,0.0,0.0
2021-08-17,Patiala,0.0,0.0
2021-08-17,Rupnagar,0.0,0.0
2021-08-17,Sahibzada Ajit Singh Nagar,0.0,0.0
2021-08-17,Sangrur,0.0,0.0
2021-08-17,Tarn Taran,0.0,0.0
2021-08-18,Amritsar,0.0,0.0
2021-08-18,Barnala,0.0,0.0
2021-08-18,Bathinda,0.0,0.0
2021-08-18,Faridkot,0.0,0.0
2021-08-18,Fatehgarh Sahib,0.0,0.0
2021-08-18,Firozpur,0.0,0.0
2021-08-18,Gurdaspur,0.0,0.0
2021-08-18,Hoshiarpur,0.0,0.0
2021-08-18,Jalandhar,0.0,0.0
2021-08-18,Kapurthala,0.0,0.0
2021-08-18,Ludhiana,0.0,0.0
2021-08-18,Mansa,0.0,0.0
2021-08-18,Moga,0.0,0.0
2021-08-18,Muktsar,0.0,0.0
2021-08-18,Nawanshahr,0.0,0.0
2021-08-18,Patiala,0.0,0.0
2021-08-18,Rupnagar,0.0,0.0
2021-08-18,Sahibzada Ajit Singh Nagar,0.0,0.0
2021-08-18,Sangrur,0.0,0.0
2021-08-18,Tarn Taran,0.0,0.0
2021-08-19,Amritsar,0.0,0.0
2021-08-19,Barnala,0.0,0.0
2021-08-19,Bathinda,0.0,0.0
2021-08-19,Faridkot,0.0,0.0
2021-08-19,Fatehgarh Sahib,0.0,0.0
2021-08-19,Firozpur,0.0,0.0
2021-08-19,Gurdaspur,0.0,0.0
2021-08-19,Hoshiarpur,0.0,0.0
2021-08-19,Jalandhar,0.0,0.0
2021-08-19,Kapurthala,0.0,0.0
2021-08-19,Ludhiana,0.0,0.0
2021-08-19,Mansa,0.0,0.0
2021-08-19,Moga,0.0,0.0
2021-08-19,Muktsar,0.0,0.0
2021-08-19,Nawanshahr,0.0,0.0
2021-08-19,Patiala,0.0,0.0
2021-08-19,Rupnagar,0.0,0.0
2021-08-19,Sahibzada Ajit Singh Nagar,0.0,0.0
2021-08-19,Sangrur,0.0,0.0
2021-08-19,Tarn Taran,0.0,0.0
2021-08-20,Amritsar,0.0,0.0
2021-08-20,Barnala,0.0,0.0
2021-08-20,Bathinda,0.0,0.0
2021-08-20,Faridkot,0.0,0.0
2021-08-20,Fatehgarh Sahib,0.0,0.0
2021-08-20,Firozpur,0.0,0.0
2021-08-20,Gurdaspur,0.0,0.0
2021-08-20,Hoshiarpur,0.0,0.0
2021-08-20,Jalandhar,0.0,0.0
2021-08-20,Kapurthala,6.56,3.9e-05
2021-08-20,Ludhiana,0.0,0.0
2021-08-20,Mansa,0.0,0.0
2021-08-20,Moga,0.0,0.0
2021-08-20,Muktsar,0.0,0.0
2021-08-20,Nawanshahr,0.0,0.0
2021-08-20,Patiala,0.0,0.0
2021-08-20,Rupnagar,0.0,0.0
2021-08-20,Sahibzada Ajit Singh Nagar,0.0,0.0
2021-08-20,Sangrur,0.0,0.0
2021-08-20,Tarn Taran,5.11,2.1e-05
2021-08-21,Amritsar,0.0,0.0
2021-08-21,Barnala,0.0,0.0
2021-08-21,Bathinda,0.0,0.0
2021-08-21,Faridkot,0.0,0.0
2021-08-21,Fatehgarh Sahib,0.0,0.0
2021-08-21,Firozpur,0.0,0.0
2021-08-21,Gurdaspur,0.0,0.0
2021-08-21,Hoshiarpur,0.0,0.0
2021-08-21,Jalandhar,0.0,0.0
2021-08-21,Kapurthala,0.0,0.0
2021-08-21,Ludhiana,0.0,0.0
2021-08-21,Mansa,0.0,0.0
2021-08-21,Moga,0.0,0.0
2021-08-21,Muktsar,0.0,0.0
2021-08-21,Nawanshahr,0.0,0.0
2021-08-21,Patiala,0.0,0.0
2021-08-21,Rupnagar,0.0,0.0
2021-08-21,Sahibzada Ajit Singh Nagar,0.0,0.0
2021-08-21,Sangrur,0.0,0.0
2021-08-21,Tarn Taran,0.0,0.0
2021-08-22,Amritsar,0.0,0.0
2021-08-22,Barnala,0.0,0.0
2021-08-22,Bathinda,0.0,0.0
2021-08-22,Faridkot,0.0,0.0
2021-08-22,Fatehgarh Sahib,0.0,0.0
2021-08-22,Firozpur,0.0,0.0
2021-08-22,Gurdaspur,0.0,0.0
2021-08-22,Hoshiarpur,0.0,0.0
2021-08-22,Jalandhar,0.0,0.0
2021-08-22,Kapurthala,0.0,0.0
2021-08-22,Ludhiana,0.0,0.0
2021-08-22,Mansa,0.0,0.0
2021-08-22,Moga,0.0,0.0
2021-08-22,Muktsar,0.0,0.0
2021-08-22,Nawanshahr,0.0,0.0
2021-08-22,Patiala,0.0,0.0
2021-08-22,Rupnagar,0.0,0.0
2021-08-22,Sahibzada Ajit Singh Nagar,0.0,0.0
2021-08-22,Sangrur,0.0,0.0
2021-08-22,Tarn Taran,0.0,0.0
2021-08-23,Amritsar,0.0,0.0
2021-08-23,Barnala,0.0,0.0
2021-08-23,Bathinda,0.0,0.0
2021-08-23,Faridkot,0.0,0.0
2021-08-23,Fatehgarh Sahib,0.0,0.0
2021-08-23,Firozpur,0.0,0.0
2021-08-23,Gurdaspur,0.0,0.0
2021-08-23,Hoshiarpur,0.0,0.0
2021-08-23,Jalandhar,0.0,0.0
2021-08-23,Kapurthala,0.0,0.0
2021-08-23,Ludhiana,0.0,0.0
2021-08-23,Mansa,0.0,0.0
2021-08-23,Moga,0.0,0.0
2021-08-23,Muktsar,0.0,0.0
2021-08-23,Nawanshahr,0.0,0.0
2021-08-23,Patiala,0.0,0.0
2021-08-23,Rupnagar,0.0,0.0
2021-08-23,Sahibzada Ajit Singh Nagar,0.0,0.0
2021-08-23,Sangrur,0.0,0.0
2021-08-23,Tarn Taran,0.0,0.0
2021-08-24,Amritsar,0.0,0.0
2021-08-24,Barnala,0.0,0.0
2021-08-24,Bathinda,15.66,4.6e-05
2021-08-24,Faridkot,2.22,1.5e-05
2021-08-24,Fatehgarh Sahib,0.0,0.0
2021-08-24,Firozpur,3.0,6e-06
2021-08-24,Gurdaspur,0.0,0.0
2021-08-24,Hoshiarpur,0.0,0.0
2021-08-24,Jalandhar,0.0,0.0
2021-08-24,Kapurthala,16.76,0.000101
2021-08-24,Ludhiana,0.0,0.0
2021-08-24,Mansa,0.0,0.0
2021-08-24,Moga,10.29,4.4e-05
2021-08-24,Muktsar,0.0,0.0
2021-08-24,Nawanshahr,0.0,0.0
2021-08-24,Patiala,0.0,0.0
2021-08-24,Rupnagar,0.0,0.0
2021-08-24,Sahibzada Ajit Singh Nagar,0.0,0.0
2021-08-24,Sangrur,104.55,0.00029
2021-08-24,Tarn Taran,0.0,0.0
2021-08-25,Amritsar,0.0,0.0
2021-08-25,Barnala,0.0,0.0
2021-08-25,Bathinda,0.0,0.0
2021-08-25,Faridkot,0.0,0.0
2021-08-25,Fatehgarh Sahib,0.0,0.0
2021-08-25,Firozpur,0.0,0.0
2021-08-25,Gurdaspur,0.0,0.0
2021-08-25,Hoshiarpur,0.0,0.0
2021-08-25,Jalandhar,0.0,0.0
2021-08-25,Kapurthala,0.0,0.0
2021-08-25,Ludhiana,0.0,0.0
2021-08-25,Mansa,0.0,0.0
2021-08-25,Moga,0.0,0.0
2021-08-25,Muktsar,0.0,0.0
2021-08-25,Nawanshahr,0.0,0.0
2021-08-25,Patiala,0.0,0.0
2021-08-25,Rupnagar,0.0,0.0
2021-08-25,Sahibzada Ajit Singh Nagar,0.0,0.0
2021-08-25,Sangrur,0.0,0.0
2021-08-25,Tarn Taran,0.0,0.0
2021-08-26,Amritsar,0.0,0.0
2021-08-26,Barnala,0.0,0.0
2021-08-26,Bathinda,0.0,0.0
2021-08-26,Faridkot,0.0,0.0
2021-08-26,Fatehgarh Sahib,0.0,0.0
2021-08-26,Firozpur,0.0,0.0
2021-08-26,Gurdaspur,0.0,0.0
2021-08-26,Hoshiarpur,0.0,0.0
2021-08-26,Jalandhar,0.0,0.0
2021-08-26,Kapurthala,0.0,0.0
2021-08-26,Ludhiana,0.0,0.0
2021-08-26,Mansa,0.0,0.0
2021-08-26,Moga,0.0,0.0
2021-08-26,Muktsar,0.0,0.0
2021-08-26,Nawanshahr,0.0,0.0
2021-08-26,Patiala,0.0,0.0
2021-08-26,Rupnagar,0.0,0.0
2021-08-26,Sahibzada Ajit Singh Nagar,0.0,0.0
2021-08-26,Sangrur,0.0,0.0
2021-08-26,Tarn Taran,0.0,0.0
2021-08-27,Amritsar,0.0,0.0
2021-08-27,Barnala,0.0,0.0
2021-08-27,Bathinda,0.0,0.0
2021-08-27,Faridkot,0.0,0.0
2021-08-27,Fatehgarh Sahib,0.0,0.0
2021-08-27,Firozpur,0.0,0.0
2021-08-27,Gurdaspur,0.0,0.0
2021-08-27,Hoshiarpur,0.0,0.0
2021-08-27,Jalandhar,0.0,0.0
2021-08-27,Kapurthala,0.0,0.0
2021-08-27,Ludhiana,0.0,0.0
2021-08-27,Mansa,0.0,0.0
2021-08-27,Moga,0.0,0.0
2021-08-27,Muktsar,0.0,0.0
2021-08-27,Nawanshahr,0.0,0.0
2021-08-27,Patiala,23.91,7.2e-05
2021-08-27,Rupnagar,0.0,0.0
2021-08-27,Sahibzada Ajit Singh Nagar,0.0,0.0
2021-08-27,Sangrur,63.94,0.000177
2021-08-27,Tarn Taran,0.0,0.0
2021-08-28,Amritsar,0.0,0.0
2021-08-28,Barnala,0.0,0.0
2021-08-28,Bathinda,0.0,0.0
2021-08-28,Faridkot,0.0,0.0
2021-08-28,Fatehgarh Sahib,0.0,0.0
2021-08-28,Firozpur,0.0,0.0
2021-08-28,Gurdaspur,0.0,0.0
2021-08-28,Hoshiarpur,0.0,0.0
2021-08-28,Jalandhar,0.0,0.0
2021-08-28,Kapurthala,0.0,0.0
2021-08-28,Ludhiana,0.0,0.0
2021-08-28,Mansa,0.0,0.0
2021-08-28,Moga,0.0,0.0
2021-08-28,Muktsar,0.0,0.0
2021-08-28,Nawanshahr,0.0,0.0
2021-08-28,Patiala,0.0,0.0
2021-08-28,Rupnagar,0.0,0.0
2021-08-28,Sahibzada Ajit Singh Nagar,0.0,0.0
2021-08-28,Sangrur,0.0,0.0
2021-08-28,Tarn Taran,0.0,0.0
2021-08-29,Amritsar,0.0,0.0
2021-08-29,Barnala,0.0,0.0
2021-08-29,Bathinda,0.0,0.0
2021-08-29,Faridkot,0.0,0.0
2021-08-29,Fatehgarh Sahib,0.0,0.0
2021-08-29,Firozpur,1.5,3e-06
2021-08-29,Gurdaspur,0.0,0.0
2021-08-29,Hoshiarpur,0.0,0.0
2021-08-29,Jalandhar,0.0,0.0
2021-08-29,Kapurthala,0.0,0.0
2021-08-29,Ludhiana,0.0,0.0
2021-08-29,Mansa,0.0,0.0
2021-08-29,Moga,0.0,0.0
2021-08-29,Muktsar,0.0,0.0
2021-08-29,Nawanshahr,0.0,0.0
2021-08-29,Patiala,0.0,0.0
2021-08-29,Rupnagar,0.0,0.0
2021-08-29,Sahibzada Ajit Singh Nagar,0.0,0.0
2021-08-29,Sangrur,0.0,0.0
2021-08-29,Tarn Taran,0.0,0.0
2021-08-30,Amritsar,0.0,0.0
2021-08-30,Barnala,0.0,0.0
2021-08-30,Bathinda,0.0,0.0
2021-08-30,Faridkot,0.0,0.0
2021-08-30,Fatehgarh Sahib,0.0,0.0
2021-08-30,Firozpur,0.0,0.0
2021-08-30,Gurdaspur,0.0,0.0
2021-08-30,Hoshiarpur,0.0,0.0
2021-08-30,Jalandhar,0.0,0.0
2021-08-30,Kapurthala,0.0,0.0
2021-08-30,Ludhiana,0.0,0.0
2021-08-30,Mansa,0.0,0.0
2021-08-30,Moga,0.0,0.0
2021-08-30,Muktsar,0.0,0.0
2021-08-30,Nawanshahr,0.0,0.0
2021-08-30,Patiala,0.0,0.0
2021-08-30,Rupnagar,0.0,0.0
2021-08-30,Sahibzada Ajit Singh Nagar,0.0,0.0
2021-08-30,Sangrur,0.0,0.0
2021-08-30,Tarn Taran,0.0,0.0
2021-08-31,Amritsar,0.0,0.0
2021-08-31,Barnala,0.0,0.0
2021-08-31,Bathinda,0.0,0.0
2021-08-31,Faridkot,0.0,0.0
2021-08-31,Fatehgarh Sahib,0.0,0.0
2021-08-31,Firozpur,0.0,0.0
2021-08-31,Gurdaspur,0.0,0.0
2021-08-31,Hoshiarpur,0.0,0.0
2021-08-31,Jalandhar,0.0,0.0
2021-08-31,Kapurthala,0.0,0.0
2021-08-31,Ludhiana,0.0,0.0
2021-08-31,Mansa,0.0,0.0
2021-08-31,Moga,0.0,0.0
2021-08-31,Muktsar,0.0,0.0
2021-08-31,Nawanshahr,0.0,0.0
2021-08-31,Patiala,0.0,0.0
2021-08-31,Rupnagar,0.0,0.0
2021-08-31,Sahibzada Ajit Singh Nagar,0.0,0.0
2021-08-31,Sangrur,0.0,0.0
2021-08-31,Tarn Taran,0.0,0.0
2021-09-01,Amritsar,0.0,0.0
2021-09-01,Barnala,0.0,0.0
2021-09-01,Bathinda,0.0,0.0
2021-09-01,Faridkot,0.0,0.0
2021-09-01,Fatehgarh Sahib,0.0,0.0
2021-09-01,Firozpur,1.5,3e-06
2021-09-01,Gurdaspur,0.0,0.0
2021-09-01,Hoshiarpur,0.0,0.0
2021-09-01,Jalandhar,0.0,0.0
2021-09-01,Kapurthala,2.92,1.8e-05
2021-09-01,Ludhiana,0.0,0.0
2021-09-01,Mansa,0.0,0.0
2021-09-01,Moga,0.0,0.0
2021-09-01,Muktsar,0.0,0.0
2021-09-01,Nawanshahr,0.0,0.0
2021-09-01,Patiala,0.0,0.0
2021-09-01,Rupnagar,0.0,0.0
2021-09-01,Sahibzada Ajit Singh Nagar,0.0,0.0
2021-09-01,Sangrur,0.0,0.0
2021-09-01,Tarn Taran,0.0,0.0
2021-09-02,Amritsar,0.0,0.0
2021-09-02,Barnala,0.0,0.0
2021-09-02,Bathinda,0.0,0.0
2021-09-02,Faridkot,0.0,0.0
2021-09-02,Fatehgarh Sahib,0.0,0.0
2021-09-02,Firozpur,0.0,0.0
2021-09-02,Gurdaspur,0.0,0.0
2021-09-02,Hoshiarpur,0.0,0.0
2021-09-02,Jalandhar,0.0,0.0
2021-09-02,Kapurthala,0.0,0.0
2021-09-02,Ludhiana,0.0,0.0
2021-09-02,Mansa,0.0,0.0
2021-09-02,Moga,0.0,0.0
2021-09-02,Muktsar,0.0,0.0
2021-09-02,Nawanshahr,0.0,0.0
2021-09-02,Patiala,0.0,0.0
2021-09-02,Rupnagar,0.0,0.0
2021-09-02,Sahibzada Ajit Singh Nagar,0.0,0.0
2021-09-02,Sangrur,0.0,0.0
2021-09-02,Tarn Taran,0.0,0.0
2021-09-03,Amritsar,0.0,0.0
2021-09-03,Barnala,0.0,0.0
2021-09-03,Bathinda,0.0,0.0
2021-09-03,Faridkot,0.0,0.0
2021-09-03,Fatehgarh Sahib,0.0,0.0
2021-09-03,Firozpur,0.0,0.0
2021-09-03,Gurdaspur,0.0,0.0
2021-09-03,Hoshiarpur,0.0,0.0
2021-09-03,Jalandhar,0.0,0.0
2021-09-03,Kapurthala,0.0,0.0
2021-09-03,Ludhiana,0.0,0.0
2021-09-03,Mansa,0.0,0.0
2021-09-03,Moga,0.0,0.0
2021-09-03,Muktsar,0.0,0.0
2021-09-03,Nawanshahr,0.0,0.0
2021-09-03,Patiala,0.0,0.0
2021-09-03,Rupnagar,0.0,0.0
2021-09-03,Sahibzada Ajit Singh Nagar,0.0,0.0
2021-09-03,Sangrur,0.0,0.0
2021-09-03,Tarn Taran,0.0,0.0
2021-09-04,Amritsar,0.0,0.0
2021-09-04,Barnala,0.0,0.0
2021-09-04,Bathinda,0.0,0.0
2021-09-04,Faridkot,0.0,0.0
2021-09-04,Fatehgarh Sahib,0.0,0.0
2021-09-04,Firozpur,0.0,0.0
2021-09-04,Gurdaspur,0.0,0.0
2021-09-04,Hoshiarpur,0.0,0.0
2021-09-04,Jalandhar,0.0,0.0
2021-09-04,Kapurthala,0.0,0.0
2021-09-04,Ludhiana,0.0,0.0
2021-09-04,Mansa,0.0,0.0
2021-09-04,Moga,0.0,0.0
2021-09-04,Muktsar,0.0,0.0
2021-09-04,Nawanshahr,0.0,0.0
2021-09-04,Patiala,0.0,0.0
2021-09-04,Rupnagar,0.0,0.0
2021-09-04,Sahibzada Ajit Singh Nagar,0.0,0.0
2021-09-04,Sangrur,0.0,0.0
2021-09-04,Tarn Taran,0.0,0.0
2021-09-05,Amritsar,0.0,0.0
2021-09-05,Barnala,0.74,5e-06
2021-09-05,Bathinda,3.72,1.1e-05
2021-09-05,Faridkot,2.22,1.5e-05
2021-09-05,Fatehgarh Sahib,0.0,0.0
2021-09-05,Firozpur,7.49,1.4e-05
2021-09-05,Gurdaspur,0.0,0.0
2021-09-05,Hoshiarpur,0.0,0.0
2021-09-05,Jalandhar,0.0,0.0
2021-09-05,Kapurthala,9.47,5.7e-05
2021-09-05,Ludhiana,0.0,0.0
2021-09-05,Mansa,0.0,0.0
2021-09-05,Moga,0.0,0.0
2021-09-05,Muktsar,13.45,5.1e-05
2021-09-05,Nawanshahr,0.0,0.0
2021-09-05,Patiala,0.0,0.0
2021-09-05,Rupnagar,0.0,0.0
2021-09-05,Sahibzada Ajit Singh Nagar,0.0,0.0
2021-09-05,Sangrur,24.82,6.9e-05
2021-09-05,Tarn Taran,0.0,0.0
2021-09-06,Amritsar,0.0,0.0
2021-09-06,Barnala,0.0,0.0
2021-09-06,Bathinda,0.0,0.0
2021-09-06,Faridkot,0.0,0.0
2021-09-06,Fatehgarh Sahib,0.0,0.0
2021-09-06,Firozpur,0.0,0.0
2021-09-06,Gurdaspur,0.0,0.0
2021-09-06,Hoshiarpur,0.0,0.0
2021-09-06,Jalandhar,0.0,0.0
2021-09-06,Kapurthala,0.0,0.0
2021-09-06,Ludhiana,0.0,0.0
2021-09-06,Mansa,0.0,0.0
2021-09-06,Moga,0.0,0.0
2021-09-06,Muktsar,0.0,0.0
2021-09-06,Nawanshahr,0.0,0.0
2021-09-06,Patiala,0.0,0.0
2021-09-06,Rupnagar,0.0,0.0
2021-09-06,Sahibzada Ajit Singh Nagar,0.0,0.0
2021-09-06,Sangrur,0.0,0.0
2021-09-06,Tarn Taran,0.0,0.0
2021-09-07,Amritsar,0.0,0.0
2021-09-07,Barnala,0.0,0.0
2021-09-07,Bathinda,0.0,0.0
2021-09-07,Faridkot,0.0,0.0
2021-09-07,Fatehgarh Sahib,0.0,0.0
2021-09-07,Firozpur,0.0,0.0
2021-09-07,Gurdaspur,0.0,0.0
2021-09-07,Hoshiarpur,0.0,0.0
2021-09-07,Jalandhar,0.0,0.0
2021-09-07,Kapurthala,0.0,0.0
2021-09-07,Ludhiana,0.0,0.0
2021-09-07,Mansa,0.0,0.0
2021-09-07,Moga,0.0,0.0
2021-09-07,Muktsar,0.0,0.0
2021-09-07,Nawanshahr,0.0,0.0
2021-09-07,Patiala,0.0,0.0
2021-09-07,Rupnagar,0.0,0.0
2021-09-07,Sahibzada Ajit Singh Nagar,0.0,0.0
2021-09-07,Sangrur,0.0,0.0
2021-09-07,Tarn Taran,0.0,0.0
2021-09-08,Amritsar,0.0,0.0
2021-09-08,Barnala,0.0,0.0
2021-09-08,Bathinda,0.0,0.0
2021-09-08,Faridkot,0.0,0.0
2021-09-08,Fatehgarh Sahib,0.0,0.0
2021-09-08,Firozpur,0.0,0.0
2021-09-08,Gurdaspur,0.0,0.0
2021-09-08,Hoshiarpur,0.0,0.0
2021-09-08,Jalandhar,0.0,0.0
2021-09-08,Kapurthala,0.0,0.0
2021-09-08,Ludhiana,0.0,0.0
2021-09-08,Mansa,0.0,0.0
2021-09-08,Moga,0.0,0.0
2021-09-08,Muktsar,0.0,0.0
2021-09-08,Nawanshahr,0.0,0.0
2021-09-08,Patiala,0.0,0.0
2021-09-08,Rupnagar,0.0,0.0
2021-09-08,Sahibzada Ajit Singh Nagar,0.0,0.0
2021-09-08,Sangrur,0.0,0.0
2021-09-08,Tarn Taran,0.0,0.0
2021-09-09,Amritsar,0.0,0.0
2021-09-09,Barnala,0.0,0.0
2021-09-09,Bathinda,0.0,0.0
2021-09-09,Faridkot,0.0,0.0
2021-09-09,Fatehgarh Sahib,0.0,0.0
2021-09-09,Firozpur,0.0,0.0
2021-09-09,Gurdaspur,0.0,0.0
2021-09-09,Hoshiarpur,0.0,0.0
2021-09-09,Jalandhar,0.0,0.0
2021-09-09,Kapurthala,0.0,0.0
2021-09-09,Ludhiana,0.0,0.0
2021-09-09,Mansa,0.0,0.0
2021-09-09,Moga,0.0,0.0
2021-09-09,Muktsar,0.0,0.0
2021-09-09,Nawanshahr,0.0,0.0
2021-09-09,Patiala,0.0,0.0
2021-09-09,Rupnagar,0.0,0.0
2021-09-09,Sahibzada Ajit Singh Nagar,0.0,0.0
2021-09-09,Sangrur,0.0,0.0
2021-09-09,Tarn Taran,0.0,0.0
2021-09-10,Amritsar,0.0,0.0
2021-09-10,Barnala,0.0,0.0
2021-09-10,Bathinda,0.0,0.0
2021-09-10,Faridkot,0.0,0.0
2021-09-10,Fatehgarh Sahib,0.0,0.0
2021-09-10,Firozpur,0.0,0.0
2021-09-10,Gurdaspur,0.0,0.0
2021-09-10,Hoshiarpur,0.0,0.0
2021-09-10,Jalandhar,0.0,0.0
2021-09-10,Kapurthala,0.0,0.0
2021-09-10,Ludhiana,0.0,0.0
2021-09-10,Mansa,0.0,0.0
2021-09-10,Moga,0.0,0.0
2021-09-10,Muktsar,0.0,0.0
2021-09-10,Nawanshahr,0.0,0.0
2021-09-10,Patiala,0.0,0.0
2021-09-10,Rupnagar,0.0,0.0
2021-09-10,Sahibzada Ajit Singh Nagar,0.0,0.0
2021-09-10,Sangrur,0.0,0.0
2021-09-10,Tarn Taran,0.0,0.0
2021-09-11,Amritsar,0.0,0.0
2021-09-11,Barnala,0.0,0.0
2021-09-11,Bathinda,0.0,0.0
2021-09-11,Faridkot,0.0,0.0
2021-09-11,Fatehgarh Sahib,0.0,0.0
2021-09-11,Firozpur,0.0,0.0
2021-09-11,Gurdaspur,0.0,0.0
2021-09-11,Hoshiarpur,0.0,0.0
2021-09-11,Jalandhar,0.0,0.0
2021-09-11,Kapurthala,0.0,0.0
2021-09-11,Ludhiana,0.0,0.0
2021-09-11,Mansa,0.0,0.0
2021-09-11,Moga,0.0,0.0
2021-09-11,Muktsar,0.0,0.0
2021-09-11,Nawanshahr,0.0,0.0
2021-09-11,Patiala,0.0,0.0
2021-09-11,Rupnagar,0.0,0.0
2021-09-11,Sahibzada Ajit Singh Nagar,0.0,0.0
2021-09-11,Sangrur,0.0,0.0
2021-09-11,Tarn Taran,0.0,0.0
2021-09-12,Amritsar,0.0,0.0
2021-09-12,Barnala,0.0,0.0
2021-09-12,Bathinda,0.0,0.0
2021-09-12,Faridkot,0.0,0.0
2021-09-12,Fatehgarh Sahib,0.0,0.0
2021-09-12,Firozpur,0.0,0.0
2021-09-12,Gurdaspur,0.0,0.0
2021-09-12,Hoshiarpur,0.0,0.0
2021-09-12,Jalandhar,0.0,0.0
2021-09-12,Kapurthala,0.0,0.0
2021-09-12,Ludhiana,0.0,0.0
2021-09-12,Mansa,0.0,0.0
2021-09-12,Moga,0.0,0.0
2021-09-12,Muktsar,0.0,0.0
2021-09-12,Nawanshahr,0.0,0.0
2021-09-12,Patiala,0.0,0.0
2021-09-12,Rupnagar,0.0,0.0
2021-09-12,Sahibzada Ajit Singh Nagar,0.0,0.0
2021-09-12,Sangrur,0.0,0.0
2021-09-12,Tarn Taran,0.0,0.0
2021-09-13,Amritsar,9.39,3.5e-05
2021-09-13,Barnala,0.0,0.0
2021-09-13,Bathinda,0.0,0.0
2021-09-13,Faridkot,2.22,1.5e-05
2021-09-13,Fatehgarh Sahib,0.0,0.0
2021-09-13,Firozpur,38.63,7.4e-05
2021-09-13,Gurdaspur,6.44,1.8e-05
2021-09-13,Hoshiarpur,0.0,0.0
2021-09-13,Jalandhar,0.0,0.0
2021-09-13,Kapurthala,0.0,0.0
2021-09-13,Ludhiana,0.0,0.0
2021-09-13,Mansa,0.0,0.0
2021-09-13,Moga,0.0,0.0
2021-09-13,Muktsar,6.73,2.6e-05
2021-09-13,Nawanshahr,0.0,0.0
2021-09-13,Patiala,0.0,0.0
2021-09-13,Rupnagar,0.0,0.0
2021-09-13,Sahibzada Ajit Singh Nagar,0.0,0.0
2021-09-13,Sangrur,0.0,0.0
2021-09-13,Tarn Taran,22.66,9.4e-05
2021-09-14,Amritsar,0.0,0.0
2021-09-14,Barnala,0.0,0.0
2021-09-14,Bathinda,0.0,0.0
2021-09-14,Faridkot,0.0,0.0
2021-09-14,Fatehgarh Sahib,0.0,0.0
2021-09-14,Firozpur,0.0,0.0
2021-09-14,Gurdaspur,0.0,0.0
2021-09-14,Hoshiarpur,0.0,0.0
2021-09-14,Jalandhar,0.0,0.0
2021-09-14,Kapurthala,0.0,0.0
2021-09-14,Ludhiana,0.0,0.0
2021-09-14,Mansa,0.0,0.0
2021-09-14,Moga,0.0,0.0
2021-09-14,Muktsar,0.0,0.0
2021-09-14,Nawanshahr,0.0,0.0
2021-09-14,Patiala,0.0,0.0
2021-09-14,Rupnagar,0.0,0.0
2021-09-14,Sahibzada Ajit Singh Nagar,0.0,0.0
2021-09-14,Sangrur,0.0,0.0
2021-09-14,Tarn Taran,0.0,0.0
2021-09-15,Amritsar,0.0,0.0
2021-09-15,Barnala,0.0,0.0
2021-09-15,Bathinda,0.0,0.0
2021-09-15,Faridkot,0.0,0.0
2021-09-15,Fatehgarh Sahib,0.0,0.0
2021-09-15,Firozpur,0.0,0.0
2021-09-15,Gurdaspur,0.0,0.0
2021-09-15,Hoshiarpur,0.0,0.0
2021-09-15,Jalandhar,0.0,0.0
2021-09-15,Kapurthala,0.0,0.0
2021-09-15,Ludhiana,0.0,0.0
2021-09-15,Mansa,0.0,0.0
2021-09-15,Moga,0.0,0.0
2021-09-15,Muktsar,0.0,0.0
2021-09-15,Nawanshahr,0.0,0.0
2021-09-15,Patiala,0.0,0.0
2021-09-15,Rupnagar,0.0,0.0
2021-09-15,Sahibzada Ajit Singh Nagar,0.0,0.0
2021-09-15,Sangrur,0.0,0.0
2021-09-15,Tarn Taran,0.0,0.0
2021-09-16,Amritsar,0.0,0.0
2021-09-16,Barnala,0.0,0.0
2021-09-16,Bathinda,0.0,0.0
2021-09-16,Faridkot,0.0,0.0
2021-09-16,Fatehgarh Sahib,0.0,0.0
2021-09-16,Firozpur,0.0,0.0
2021-09-16,Gurdaspur,0.0,0.0
2021-09-16,Hoshiarpur,0.0,0.0
2021-09-16,Jalandhar,0.0,0.0
2021-09-16,Kapurthala,0.0,0.0
2021-09-16,Ludhiana,0.0,0.0
2021-09-16,Mansa,0.0,0.0
2021-09-16,Moga,0.0,0.0
2021-09-16,Muktsar,0.0,0.0
2021-09-16,Nawanshahr,0.0,0.0
2021-09-16,Patiala,0.0,0.0
2021-09-16,Rupnagar,0.0,0.0
2021-09-16,Sahibzada Ajit Singh Nagar,0.0,0.0
2021-09-16,Sangrur,0.0,0.0
2021-09-16,Tarn Taran,0.0,0.0
2021-09-17,Amritsar,5.78,2.2e-05
2021-09-17,Barnala,0.0,0.0
2021-09-17,Bathinda,0.74,2e-06
2021-09-17,Faridkot,0.0,0.0
2021-09-17,Fatehgarh Sahib,0.0,0.0
2021-09-17,Firozpur,27.35,5.2e-05
2021-09-17,Gurdaspur,0.0,0.0
2021-09-17,Hoshiarpur,0.0,0.0
2021-09-17,Jalandhar,0.0,0.0
2021-09-17,Kapurthala,6.56,3.9e-05
2021-09-17,Ludhiana,5.17,1.4e-05
2021-09-17,Mansa,0.0,0.0
2021-09-17,Moga,13.29,5.6e-05
2021-09-17,Muktsar,2.24,9e-06
2021-09-17,Nawanshahr,0.0,0.0
2021-09-17,Patiala,0.0,0.0
2021-09-17,Rupnagar,0.0,0.0
2021-09-17,Sahibzada Ajit Singh Nagar,0.0,0.0
2021-09-17,Sangrur,18.8,5.2e-05
2021-09-17,Tarn Taran,0.0,0.0
2021-09-18,Amritsar,0.0,0.0
2021-09-18,Barnala,0.0,0.0
2021-09-18,Bathinda,0.0,0.0
2021-09-18,Faridkot,0.0,0.0
2021-09-18,Fatehgarh Sahib,0.0,0.0
2021-09-18,Firozpur,13.38,2.6e-05
2021-09-18,Gurdaspur,0.0,0.0
2021-09-18,Hoshiarpur,0.0,0.0
2021-09-18,Jalandhar,0.0,0.0
2021-09-18,Kapurthala,0.0,0.0
2021-09-18,Ludhiana,0.0,0.0
2021-09-18,Mansa,0.0,0.0
2021-09-18,Moga,0.0,0.0
2021-09-18,Muktsar,0.0,0.0
2021-09-18,Nawanshahr,0.0,0.0
2021-09-18,Patiala,0.0,0.0
2021-09-18,Rupnagar,0.0,0.0
2021-09-18,Sahibzada Ajit Singh Nagar,0.0,0.0
2021-09-18,Sangrur,0.0,0.0
2021-09-18,Tarn Taran,0.0,0.0
2021-09-19,Amritsar,0.0,0.0
2021-09-19,Barnala,0.0,0.0
2021-09-19,Bathinda,0.0,0.0
2021-09-19,Faridkot,0.0,0.0
2021-09-19,Fatehgarh Sahib,0.0,0.0
2021-09-19,Firozpur,0.0,0.0
2021-09-19,Gurdaspur,0.0,0.0
2021-09-19,Hoshiarpur,0.0,0.0
2021-09-19,Jalandhar,0.0,0.0
2021-09-19,Kapurthala,0.0,0.0
2021-09-19,Ludhiana,0.0,0.0
2021-09-19,Mansa,0.0,0.0
2021-09-19,Moga,0.0,0.0
2021-09-19,Muktsar,0.0,0.0
2021-09-19,Nawanshahr,0.0,0.0
2021-09-19,Patiala,0.0,0.0
2021-09-19,Rupnagar,0.0,0.0
2021-09-19,Sahibzada Ajit Singh Nagar,0.0,0.0
2021-09-19,Sangrur,0.0,0.0
2021-09-19,Tarn Taran,0.0,0.0
2021-09-20,Amritsar,0.0,0.0
2021-09-20,Barnala,0.0,0.0
2021-09-20,Bathinda,0.0,0.0
2021-09-20,Faridkot,0.0,0.0
2021-09-20,Fatehgarh Sahib,0.0,0.0
2021-09-20,Firozpur,0.0,0.0
2021-09-20,Gurdaspur,0.0,0.0
2021-09-20,Hoshiarpur,0.0,0.0
2021-09-20,Jalandhar,0.0,0.0
2021-09-20,Kapurthala,0.0,0.0
2021-09-20,Ludhiana,0.0,0.0
2021-09-20,Mansa,0.0,0.0
2021-09-20,Moga,0.0,0.0
2021-09-20,Muktsar,0.0,0.0
2021-09-20,Nawanshahr,0.0,0.0
2021-09-20,Patiala,0.0,0.0
2021-09-20,Rupnagar,0.0,0.0
2021-09-20,Sahibzada Ajit Singh Nagar,0.0,0.0
2021-09-20,Sangrur,0.0,0.0
2021-09-20,Tarn Taran,0.0,0.0
2021-09-21,Amritsar,0.0,0.0
2021-09-21,Barnala,0.0,0.0
2021-09-21,Bathinda,0.0,0.0
2021-09-21,Faridkot,0.0,0.0
2021-09-21,Fatehgarh Sahib,0.0,0.0
2021-09-21,Firozpur,0.0,0.0
2021-09-21,Gurdaspur,0.0,0.0
2021-09-21,Hoshiarpur,0.0,0.0
2021-09-21,Jalandhar,0.0,0.0
2021-09-21,Kapurthala,0.0,0.0
2021-09-21,Ludhiana,0.0,0.0
2021-09-21,Mansa,0.0,0.0
2021-09-21,Moga,0.0,0.0
2021-09-21,Muktsar,0.0,0.0
2021-09-21,Nawanshahr,0.0,0.0
2021-09-21,Patiala,0.0,0.0
2021-09-21,Rupnagar,0.0,0.0
2021-09-21,Sahibzada Ajit Singh Nagar,0.0,0.0
2021-09-21,Sangrur,0.0,0.0
2021-09-21,Tarn Taran,0.0,0.0
2021-09-22,Amritsar,0.0,0.0
2021-09-22,Barnala,0.0,0.0
2021-09-22,Bathinda,0.0,0.0
2021-09-22,Faridkot,0.0,0.0
2021-09-22,Fatehgarh Sahib,0.0,0.0
2021-09-22,Firozpur,6.75,1.3e-05
2021-09-22,Gurdaspur,0.0,0.0
2021-09-22,Hoshiarpur,0.0,0.0
2021-09-22,Jalandhar,0.0,0.0
2021-09-22,Kapurthala,0.0,0.0
2021-09-22,Ludhiana,0.0,0.0
2021-09-22,Mansa,0.0,0.0
2021-09-22,Moga,0.0,0.0
2021-09-22,Muktsar,0.0,0.0
2021-09-22,Nawanshahr,0.0,0.0
2021-09-22,Patiala,0.0,0.0
2021-09-22,Rupnagar,0.0,0.0
2021-09-22,Sahibzada Ajit Singh Nagar,0.0,0.0
2021-09-22,Sangrur,0.0,0.0
2021-09-22,Tarn Taran,0.0,0.0
2021-09-23,Amritsar,0.0,0.0
2021-09-23,Barnala,0.0,0.0
2021-09-23,Bathinda,0.0,0.0
2021-09-23,Faridkot,0.0,0.0
2021-09-23,Fatehgarh Sahib,0.0,0.0
2021-09-23,Firozpur,0.0,0.0
2021-09-23,Gurdaspur,0.0,0.0
2021-09-23,Hoshiarpur,0.0,0.0
2021-09-23,Jalandhar,0.0,0.0
2021-09-23,Kapurthala,0.0,0.0
2021-09-23,Ludhiana,0.0,0.0
2021-09-23,Mansa,0.0,0.0
2021-09-23,Moga,0.0,0.0
2021-09-23,Muktsar,0.0,0.0
2021-09-23,Nawanshahr,0.0,0.0
2021-09-23,Patiala,0.0,0.0
2021-09-23,Rupnagar,0.0,0.0
2021-09-23,Sahibzada Ajit Singh Nagar,0.0,0.0
2021-09-23,Sangrur,0.0,0.0
2021-09-23,Tarn Taran,0.0,0.0
2021-09-24,Amritsar,0.0,0.0
2021-09-24,Barnala,0.0,0.0
2021-09-24,Bathinda,0.0,0.0
2021-09-24,Faridkot,0.0,0.0
2021-09-24,Fatehgarh Sahib,0.0,0.0
2021-09-24,Firozpur,0.0,0.0
2021-09-24,Gurdaspur,0.0,0.0
2021-09-24,Hoshiarpur,0.0,0.0
2021-09-24,Jalandhar,0.0,0.0
2021-09-24,Kapurthala,0.0,0.0
2021-09-24,Ludhiana,0.0,0.0
2021-09-24,Mansa,0.0,0.0
2021-09-24,Moga,0.0,0.0
2021-09-24,Muktsar,0.0,0.0
2021-09-24,Nawanshahr,0.0,0.0
2021-09-24,Patiala,0.0,0.0
2021-09-24,Rupnagar,0.0,0.0
2021-09-24,Sahibzada Ajit Singh Nagar,0.0,0.0
2021-09-24,Sangrur,0.0,0.0
2021-09-24,Tarn Taran,0.0,0.0
2021-09-25,Amritsar,0.0,0.0
2021-09-25,Barnala,0.0,0.0
2021-09-25,Bathinda,0.0,0.0
2021-09-25,Faridkot,0.0,0.0
2021-09-25,Fatehgarh Sahib,0.0,0.0
2021-09-25,Firozpur,4.46,9e-06
2021-09-25,Gurdaspur,1.43,4e-06
2021-09-25,Hoshiarpur,0.0,0.0
2021-09-25,Jalandhar,0.0,0.0
2021-09-25,Kapurthala,2.19,1.3e-05
2021-09-25,Ludhiana,5.17,1.4e-05
2021-09-25,Mansa,6.76,3e-05
2021-09-25,Moga,0.0,0.0
2021-09-25,Muktsar,0.0,0.0
2021-09-25,Nawanshahr,0.0,0.0
2021-09-25,Patiala,0.0,0.0
2021-09-25,Rupnagar,0.0,0.0
2021-09-25,Sahibzada Ajit Singh Nagar,0.0,0.0
2021-09-25,Sangrur,0.0,0.0
2021-09-25,Tarn Taran,0.0,0.0
2021-09-26,Amritsar,0.0,0.0
2021-09-26,Barnala,0.0,0.0
2021-09-26,Bathinda,0.0,0.0
2021-09-26,Faridkot,0.0,0.0
2021-09-26,Fatehgarh Sahib,0.0,0.0
2021-09-26,Firozpur,0.0,0.0
2021-09-26,Gurdaspur,0.0,0.0
2021-09-26,Hoshiarpur,0.0,0.0
2021-09-26,Jalandhar,0.0,0.0
2021-09-26,Kapurthala,0.0,0.0
2021-09-26,Ludhiana,0.0,0.0
2021-09-26,Mansa,0.0,0.0
2021-09-26,Moga,0.0,0.0
2021-09-26,Muktsar,0.0,0.0
2021-09-26,Nawanshahr,0.0,0.0
2021-09-26,Patiala,0.0,0.0
2021-09-26,Rupnagar,0.0,0.0
2021-09-26,Sahibzada Ajit Singh Nagar,0.0,0.0
2021-09-26,Sangrur,0.0,0.0
2021-09-26,Tarn Taran,0.0,0.0
2021-09-27,Amritsar,0.0,0.0
2021-09-27,Barnala,0.0,0.0
2021-09-27,Bathinda,0.0,0.0
2021-09-27,Faridkot,0.0,0.0
2021-09-27,Fatehgarh Sahib,0.0,0.0
2021-09-27,Firozpur,0.0,0.0
2021-09-27,Gurdaspur,0.0,0.0
2021-09-27,Hoshiarpur,0.0,0.0
2021-09-27,Jalandhar,0.0,0.0
2021-09-27,Kapurthala,0.0,0.0
2021-09-27,Ludhiana,0.0,0.0
2021-09-27,Mansa,0.0,0.0
2021-09-27,Moga,0.0,0.0
2021-09-27,Muktsar,0.0,0.0
2021-09-27,Nawanshahr,0.0,0.0
2021-09-27,Patiala,0.0,0.0
2021-09-27,Rupnagar,0.0,0.0
2021-09-27,Sahibzada Ajit Singh Nagar,0.0,0.0
2021-09-27,Sangrur,0.0,0.0
2021-09-27,Tarn Taran,0.0,0.0
2021-09-28,Amritsar,0.0,0.0
2021-09-28,Barnala,0.0,0.0
2021-09-28,Bathinda,0.0,0.0
2021-09-28,Faridkot,0.0,0.0
2021-09-28,Fatehgarh Sahib,0.0,0.0
2021-09-28,Firozpur,0.0,0.0
2021-09-28,Gurdaspur,0.0,0.0
2021-09-28,Hoshiarpur,0.0,0.0
2021-09-28,Jalandhar,0.0,0.0
2021-09-28,Kapurthala,0.0,0.0
2021-09-28,Ludhiana,0.0,0.0
2021-09-28,Mansa,0.0,0.0
2021-09-28,Moga,0.0,0.0
2021-09-28,Muktsar,0.0,0.0
2021-09-28,Nawanshahr,0.0,0.0
2021-09-28,Patiala,0.0,0.0
2021-09-28,Rupnagar,0.0,0.0
2021-09-28,Sahibzada Ajit Singh Nagar,0.0,0.0
2021-09-28,Sangrur,0.0,0.0
2021-09-28,Tarn Taran,0.0,0.0
2021-09-29,Amritsar,0.0,0.0
2021-09-29,Barnala,0.0,0.0
2021-09-29,Bathinda,0.0,0.0
2021-09-29,Faridkot,5.18,3.6e-05
2021-09-29,Fatehgarh Sahib,0.0,0.0
2021-09-29,Firozpur,5.95,1.1e-05
2021-09-29,Gurdaspur,0.0,0.0
2021-09-29,Hoshiarpur,0.0,0.0
2021-09-29,Jalandhar,0.0,0.0
2021-09-29,Kapurthala,6.56,3.9e-05
2021-09-29,Ludhiana,0.0,0.0
2021-09-29,Mansa,0.0,0.0
2021-09-29,Moga,0.0,0.0
2021-09-29,Muktsar,0.0,0.0
2021-09-29,Nawanshahr,0.0,0.0
2021-09-29,Patiala,0.0,0.0
2021-09-29,Rupnagar,0.0,0.0
2021-09-29,Sahibzada Ajit Singh Nagar,0.0,0.0
2021-09-29,Sangrur,5.26,1.5e-05
2021-09-29,Tarn Taran,0.0,0.0
2022-06-15,Amritsar,0.0,0.0
2022-06-15,Barnala,0.0,0.0
2022-06-15,Bathinda,0.0,0.0
2022-06-15,Faridkot,0.0,0.0
2022-06-15,Fatehgarh Sahib,0.0,0.0
2022-06-15,Firozpur,0.0,0.0
2022-06-15,Gurdaspur,0.0,0.0
2022-06-15,Hoshiarpur,0.0,0.0
2022-06-15,Jalandhar,0.0,0.0
2022-06-15,Kapurthala,0.0,0.0
2022-06-15,Ludhiana,0.0,0.0
2022-06-15,Mansa,0.0,0.0
2022-06-15,Moga,0.0,0.0
2022-06-15,Muktsar,0.0,0.0
2022-06-15,Nawanshahr,0.0,0.0
2022-06-15,Patiala,0.0,0.0
2022-06-15,Rupnagar,0.0,0.0
2022-06-15,Sahibzada Ajit Singh Nagar,0.0,0.0
2022-06-15,Sangrur,0.0,0.0
2022-06-15,Tarn Taran,0.0,0.0
2022-06-16,Amritsar,106.4,0.000399
2022-06-16,Barnala,0.0,0.0
2022-06-16,Bathinda,42.65,0.000126
2022-06-16,Faridkot,210.13,0.001444
2022-06-16,Fatehgarh Sahib,0.0,0.0
2022-06-16,Firozpur,1281.35,0.002454
2022-06-16,Gurdaspur,58.95,0.000162
2022-06-16,Hoshiarpur,15.2,4.5e-05
2022-06-16,Jalandhar,26.43,0.000101
2022-06-16,Kapurthala,6.58,3.9e-05
2022-06-16,Ludhiana,27.93,7.8e-05
2022-06-16,Mansa,18.8,8.5e-05
2022-06-16,Moga,25.89,0.00011
2022-06-16,Muktsar,1726.63,0.006608
2022-06-16,Nawanshahr,11.01,8.4e-05
2022-06-16,Patiala,0.0,0.0
2022-06-16,Rupnagar,0.0,0.0
2022-06-16,Sahibzada Ajit Singh Nagar,0.0,0.0
2022-06-16,Sangrur,0.0,0.0
2022-06-16,Tarn Taran,388.4,0.001618
2022-06-17,Amritsar,0.0,0.0
2022-06-17,Barnala,0.0,0.0
2022-06-17,Bathinda,0.0,0.0
2022-06-17,Faridkot,0.0,0.0
2022-06-17,Fatehgarh Sahib,0.0,0.0
2022-06-17,Firozpur,0.0,0.0
2022-06-17,Gurdaspur,0.0,0.0
2022-06-17,Hoshiarpur,0.0,0.0
2022-06-17,Jalandhar,0.0,0.0
2022-06-17,Kapurthala,0.0,0.0
2022-06-17,Ludhiana,0.0,0.0
2022-06-17,Mansa,0.0,0.0
2022-06-17,Moga,0.0,0.0
2022-06-17,Muktsar,0.0,0.0
2022-06-17,Nawanshahr,0.0,0.0
2022-06-17,Patiala,0.0,0.0
2022-06-17,Rupnagar,0.0,0.0
2022-06-17,Sahibzada Ajit Singh Nagar,0.0,0.0
2022-06-17,Sangrur,0.0,0.0
2022-06-17,Tarn Taran,0.0,0.0
2022-06-18,Amritsar,0.0,0.0
2022-06-18,Barnala,0.0,0.0
2022-06-18,Bathinda,0.0,0.0
2022-06-18,Faridkot,0.0,0.0
2022-06-18,Fatehgarh Sahib,0.0,0.0
2022-06-18,Firozpur,0.0,0.0
2022-06-18,Gurdaspur,0.0,0.0
2022-06-18,Hoshiarpur,0.0,0.0
2022-06-18,Jalandhar,0.0,0.0
2022-06-18,Kapurthala,0.0,0.0
2022-06-18,Ludhiana,0.0,0.0
2022-06-18,Mansa,0.0,0.0
2022-06-18,Moga,0.0,0.0
2022-06-18,Muktsar,0.0,0.0
2022-06-18,Nawanshahr,0.0,0.0
2022-06-18,Patiala,0.0,0.0
2022-06-18,Rupnagar,0.0,0.0
2022-06-18,Sahibzada Ajit Singh Nagar,0.0,0.0
2022-06-18,Sangrur,0.0,0.0
2022-06-18,Tarn Taran,0.0,0.0
2022-06-19,Amritsar,0.0,0.0
2022-06-19,Barnala,0.0,0.0
2022-06-19,Bathinda,0.0,0.0
2022-06-19,Faridkot,0.0,0.0
2022-06-19,Fatehgarh Sahib,0.0,0.0
2022-06-19,Firozpur,0.0,0.0
2022-06-19,Gurdaspur,0.0,0.0
2022-06-19,Hoshiarpur,0.0,0.0
2022-06-19,Jalandhar,0.0,0.0
2022-06-19,Kapurthala,0.0,0.0
2022-06-19,Ludhiana,0.0,0.0
2022-06-19,Mansa,0.0,0.0
2022-06-19,Moga,0.0,0.0
2022-06-19,Muktsar,0.0,0.0
2022-06-19,Nawanshahr,0.0,0.0
2022-06-19,Patiala,0.0,0.0
2022-06-19,Rupnagar,0.0,0.0
2022-06-19,Sahibzada Ajit Singh Nagar,0.0,0.0
2022-06-19,Sangrur,0.0,0.0
2022-06-19,Tarn Taran,0.0,0.0
2022-06-20,Amritsar,12831.16,0.048099
2022-06-20,Barnala,7133.8,0.047867
2022-06-20,Bathinda,6787.65,0.020078
2022-06-20,Faridkot,4655.43,0.031982
2022-06-20,Fatehgarh Sahib,0.0,0.0
2022-06-20,Firozpur,24314.57,0.046568
2022-06-20,Gurdaspur,10830.54,0.029838
2022-06-20,Hoshiarpur,2305.37,0.006827
2022-06-20,Jalandhar,3398.91,0.013004
2022-06-20,Kapurthala,7186.22,0.043124
2022-06-20,Ludhiana,3333.31,0.009268
2022-06-20,Mansa,3772.66,0.017004
2022-06-20,Moga,12253.27,0.052045
2022-06-20,Muktsar,5615.28,0.02149
2022-06-20,Nawanshahr,0.0,0.0
2022-06-20,Patiala,327.52,0.000981
2022-06-20,Rupnagar,0.0,0.0
2022-06-20,Sahibzada Ajit Singh Nagar,0.0,0.0
2022-06-20,Sangrur,24949.52,0.069092
2022-06-20,Tarn Taran,19057.54,0.079385
2022-06-21,Amritsar,0.0,0.0
2022-06-21,Barnala,0.0,0.0
2022-06-21,Bathinda,0.0,0.0
2022-06-21,Faridkot,0.0,0.0
2022-06-21,Fatehgarh Sahib,0.0,0.0
2022-06-21,Firozpur,430.48,0.000824
2022-06-21,Gurdaspur,0.0,0.0
2022-06-21,Hoshiarpur,0.0,0.0
2022-06-21,Jalandhar,0.0,0.0
2022-06-21,Kapurthala,0.0,0.0
2022-06-21,Ludhiana,0.0,0.0
2022-06-21,Mansa,0.0,0.0
2022-06-21,Moga,0.0,0.0
2022-06-21,Muktsar,0.0,0.0
2022-06-21,Nawanshahr,0.0,0.0
2022-06-21,Patiala,0.0,0.0
2022-06-21,Rupnagar,0.0,0.0
2022-06-21,Sahibzada Ajit Singh Nagar,0.0,0.0
2022-06-21,Sangrur,0.0,0.0
2022-06-21,Tarn Taran,0.0,0.0
2022-06-22,Amritsar,0.0,0.0
2022-06-22,Barnala,0.0,0.0
2022-06-22,Bathinda,0.0,0.0
2022-06-22,Faridkot,0.0,0.0
2022-06-22,Fatehgarh Sahib,0.0,0.0
2022-06-22,Firozpur,0.0,0.0
2022-06-22,Gurdaspur,0.0,0.0
2022-06-22,Hoshiarpur,0.0,0.0
2022-06-22,Jalandhar,0.0,0.0
2022-06-22,Kapurthala,0.0,0.0
2022-06-22,Ludhiana,0.0,0.0
2022-06-22,Mansa,0.0,0.0
2022-06-22,Moga,0.0,0.0
2022-06-22,Muktsar,0.0,0.0
2022-06-22,Nawanshahr,0.0,0.0
2022-06-22,Patiala,0.0,0.0
2022-06-22,Rupnagar,0.0,0.0
2022-06-22,Sahibzada Ajit Singh Nagar,0.0,0.0
2022-06-22,Sangrur,0.0,0.0
2022-06-22,Tarn Taran,0.0,0.0
2022-06-23,Amritsar,0.0,0.0
2022-06-23,Barnala,2689.22,0.018044
2022-06-23,Bathinda,0.0,0.0
2022-06-23,Faridkot,0.0,0.0
2022-06-23,Fatehgarh Sahib,5109.3,0.044561
2022-06-23,Firozpur,0.0,0.0
2022-06-23,Gurdaspur,0.0,0.0
2022-06-23,Hoshiarpur,636.28,0.001884
2022-06-23,Jalandhar,3045.61,0.011652
2022-06-23,Kapurthala,691.74,0.004151
2022-06-23,Ludhiana,10189.55,0.028332
2022-06-23,Mansa,1802.86,0.008126
2022-06-23,Moga,0.0,0.0
2022-06-23,Muktsar,0.0,0.0
2022-06-23,Nawanshahr,3268.69,0.025051
2022-06-23,Patiala,17723.34,0.053058
2022-06-23,Rupnagar,909.58,0.006553
2022-06-23,Sahibzada Ajit Singh Nagar,131.12,0.00118
2022-06-23,Sangrur,23039.28,0.063802
2022-06-23,Tarn Taran,0.0,0.0
2022-06-24,Amritsar,0.0,0.0
2022-06-24,Barnala,0.0,0.0
2022-06-24,Bathinda,0.0,0.0
2022-06-24,Faridkot,0.0,0.0
2022-06-24,Fatehgarh Sahib,0.0,0.0
2022-06-24,Firozpur,0.0,0.0
2022-06-24,Gurdaspur,0.0,0.0
2022-06-24,Hoshiarpur,0.0,0.0
2022-06-24,Jalandhar,0.0,0.0
2022-06-24,Kapurthala,0.0,0.0
2022-06-24,Ludhiana,0.0,0.0
2022-06-24,Mansa,0.0,0.0
2022-06-24,Moga,0.0,0.0
2022-06-24,Muktsar,0.0,0.0
2022-06-24,Nawanshahr,0.0,0.0
2022-06-24,Patiala,0.0,0.0
2022-06-24,Rupnagar,0.0,0.0
2022-06-24,Sahibzada Ajit Singh Nagar,0.0,0.0
2022-06-24,Sangrur,0.0,0.0
2022-06-24,Tarn Taran,0.0,0.0
2022-06-25,Amritsar,0.0,0.0
2022-06-25,Barnala,0.0,0.0
2022-06-25,Bathinda,0.0,0.0
2022-06-25,Faridkot,0.0,0.0
2022-06-25,Fatehgarh Sahib,0.0,0.0
2022-06-25,Firozpur,16.49,3.2e-05
2022-06-25,Gurdaspur,0.0,0.0
2022-06-25,Hoshiarpur,0.0,0.0
2022-06-25,Jalandhar,0.0,0.0
2022-06-25,Kapurthala,0.0,0.0
2022-06-25,Ludhiana,0.0,0.0
2022-06-25,Mansa,0.0,0.0
2022-06-25,Moga,0.0,0.0
2022-06-25,Muktsar,0.0,0.0
2022-06-25,Nawanshahr,0.0,0.0
2022-06-25,Patiala,0.0,0.0
2022-06-25,Rupnagar,0.0,0.0
2022-06-25,Sahibzada Ajit Singh Nagar,0.0,0.0
2022-06-25,Sangrur,0.0,0.0
2022-06-25,Tarn Taran,0.0,0.0
2022-06-26,Amritsar,0.0,0.0
2022-06-26,Barnala,0.0,0.0
2022-06-26,Bathinda,0.0,0.0
2022-06-26,Faridkot,0.0,0.0
2022-06-26,Fatehgarh Sahib,0.0,0.0
2022-06-26,Firozpur,0.0,0.0
2022-06-26,Gurdaspur,0.0,0.0
2022-06-26,Hoshiarpur,0.0,0.0
2022-06-26,Jalandhar,0.0,0.0
2022-06-26,Kapurthala,0.0,0.0
2022-06-26,Ludhiana,0.0,0.0
2022-06-26,Mansa,0.0,0.0
2022-06-26,Moga,0.0,0.0
2022-06-26,Muktsar,0.0,0.0
2022-06-26,Nawanshahr,0.0,0.0
2022-06-26,Patiala,0.0,0.0
2022-06-26,Rupnagar,0.0,0.0
2022-06-26,Sahibzada Ajit Singh Nagar,0.0,0.0
2022-06-26,Sangrur,0.0,0.0
2022-06-26,Tarn Taran,0.0,0.0
2022-06-27,Amritsar,322.61,0.001209
2022-06-27,Barnala,3749.38,0.025158
2022-06-27,Bathinda,0.0,0.0
2022-06-27,Faridkot,0.0,0.0
2022-06-27,Fatehgarh Sahib,6858.62,0.059818
2022-06-27,Firozpur,0.0,0.0
2022-06-27,Gurdaspur,1191.67,0.003283
2022-06-27,Hoshiarpur,499.92,0.00148
2022-06-27,Jalandhar,4388.27,0.016789
2022-06-27,Kapurthala,5003.12,0.030024
2022-06-27,Ludhiana,14470.25,0.040234
2022-06-27,Mansa,491.38,0.002215
2022-06-27,Moga,5911.86,0.02511
2022-06-27,Muktsar,0.0,0.0
2022-06-27,Nawanshahr,2466.45,0.018902
2022-06-27,Patiala,20178.22,0.060408
2022-06-27,Rupnagar,722.9,0.005208
2022-06-27,Sahibzada Ajit Singh Nagar,102.35,0.000921
2022-06-27,Sangrur,18283.81,0.050633
2022-06-27,Tarn Taran,293.33,0.001222
2022-06-28,Amritsar,2560.6,0.009599
2022-06-28,Barnala,2070.97,0.013896
2022-06-28,Bathinda,826.56,0.002445
2022-06-28,Faridkot,3493.75,0.024002
2022-06-28,Fatehgarh Sahib,868.3,0.007573
2022-06-28,Firozpur,28025.08,0.053674
2022-06-28,Gurdaspur,1446.54,0.003985
2022-06-28,Hoshiarpur,940.54,0.002785
2022-06-28,Jalandhar,3854.87,0.014748
2022-06-28,Kapurthala,4928.0,0.029573
2022-06-28,Ludhiana,16194.29,0.045028
2022-06-28,Mansa,468.25,0.002111
2022-06-28,Moga,26403.71,0.112147
2022-06-28,Muktsar,1255.26,0.004804
2022-06-28,Nawanshahr,2156.09,0.016524
2022-06-28,Patiala,3762.38,0.011263
2022-06-28,Rupnagar,0.0,0.0
2022-06-28,Sahibzada Ajit Singh Nagar,0.0,0.0
2022-06-28,Sangrur,14833.62,0.041079
2022-06-28,Tarn Taran,7758.06,0.032317
2022-06-29,Amritsar,0.0,0.0
2022-06-29,Barnala,0.0,0.0
2022-06-29,Bathinda,0.0,0.0
2022-06-29,Faridkot,0.0,0.0
2022-06-29,Fatehgarh Sahib,0.0,0.0
2022-06-29,Firozpur,0.0,0.0
2022-06-29,Gurdaspur,0.0,0.0
2022-06-29,Hoshiarpur,0.0,0.0
2022-06-29,Jalandhar,0.0,0.0
2022-06-29,Kapurthala,0.0,0.0
2022-06-29,Ludhiana,0.0,0.0
2022-06-29,Mansa,0.0,0.0
2022-06-29,Moga,0.0,0.0
2022-06-29,Muktsar,0.0,0.0
2022-06-29,Nawanshahr,0.0,0.0
2022-06-29,Patiala,0.0,0.0
2022-06-29,Rupnagar,0.0,0.0
2022-06-29,Sahibzada Ajit Singh Nagar,0.0,0.0
2022-06-29,Sangrur,0.0,0.0
2022-06-29,Tarn Taran,0.0,0.0
2022-06-30,Amritsar,0.0,0.0
2022-06-30,Barnala,0.0,0.0
2022-06-30,Bathinda,0.0,0.0
2022-06-30,Faridkot,0.0,0.0
2022-06-30,Fatehgarh Sahib,0.0,0.0
2022-06-30,Firozpur,0.0,0.0
2022-06-30,Gurdaspur,0.0,0.0
2022-06-30,Hoshiarpur,0.0,0.0
2022-06-30,Jalandhar,0.0,0.0
2022-06-30,Kapurthala,0.0,0.0
2022-06-30,Ludhiana,0.0,0.0
2022-06-30,Mansa,0.0,0.0
2022-06-30,Moga,0.0,0.0
2022-06-30,Muktsar,0.0,0.0
2022-06-30,Nawanshahr,0.0,0.0
2022-06-30,Patiala,0.0,0.0
2022-06-30,Rupnagar,0.0,0.0
2022-06-30,Sahibzada Ajit Singh Nagar,0.0,0.0
2022-06-30,Sangrur,0.0,0.0
2022-06-30,Tarn Taran,0.0,0.0
2022-07-01,Amritsar,0.0,0.0
2022-07-01,Barnala,0.0,0.0
2022-07-01,Bathinda,0.0,0.0
2022-07-01,Faridkot,0.0,0.0
2022-07-01,Fatehgarh Sahib,0.0,0.0
2022-07-01,Firozpur,0.0,0.0
2022-07-01,Gurdaspur,0.0,0.0
2022-07-01,Hoshiarpur,0.0,0.0
2022-07-01,Jalandhar,0.0,0.0
2022-07-01,Kapurthala,0.0,0.0
2022-07-01,Ludhiana,0.0,0.0
2022-07-01,Mansa,0.0,0.0
2022-07-01,Moga,0.0,0.0
2022-07-01,Muktsar,0.0,0.0
2022-07-01,Nawanshahr,0.0,0.0
2022-07-01,Patiala,0.0,0.0
2022-07-01,Rupnagar,0.0,0.0
2022-07-01,Sahibzada Ajit Singh Nagar,0.0,0.0
2022-07-01,Sangrur,0.0,0.0
2022-07-01,Tarn Taran,0.0,0.0
2022-07-02,Amritsar,1000.55,0.003751
2022-07-02,Barnala,1637.44,0.010987
2022-07-02,Bathinda,4490.59,0.013283
2022-07-02,Faridkot,988.78,0.006793
2022-07-02,Fatehgarh Sahib,0.0,0.0
2022-07-02,Firozpur,13828.06,0.026484
2022-07-02,Gurdaspur,613.79,0.001691
2022-07-02,Hoshiarpur,395.42,0.001171
2022-07-02,Jalandhar,2536.88,0.009706
2022-07-02,Kapurthala,2417.98,0.01451
2022-07-02,Ludhiana,14056.98,0.039085
2022-07-02,Mansa,1491.83,0.006724
2022-07-02,Moga,13165.29,0.055918
2022-07-02,Muktsar,739.34,0.00283
2022-07-02,Nawanshahr,0.0,0.0
2022-07-02,Patiala,51.84,0.000155
2022-07-02,Rupnagar,0.0,0.0
2022-07-02,Sahibzada Ajit Singh Nagar,0.0,0.0
2022-07-02,Sangrur,4831.84,0.013381
2022-07-02,Tarn Taran,607.42,0.00253
2022-07-03,Amritsar,0.0,0.0
2022-07-03,Barnala,0.0,0.0
2022-07-03,Bathinda,0.0,0.0
2022-07-03,Faridkot,0.0,0.0
2022-07-03,Fatehgarh Sahib,0.0,0.0
2022-07-03,Firozpur,679.55,0.001301
2022-07-03,Gurdaspur,0.0,0.0
2022-07-03,Hoshiarpur,0.0,0.0
2022-07-03,Jalandhar,0.0,0.0
2022-07-03,Kapurthala,0.0,0.0
2022-07-03,Ludhiana,0.0,0.0
2022-07-03,Mansa,0.0,0.0
2022-07-03,Moga,0.0,0.0
2022-07-03,Muktsar,0.0,0.0
2022-07-03,Nawanshahr,0.0,0.0
2022-07-03,Patiala,0.0,0.0
2022-07-03,Rupnagar,0.0,0.0
2022-07-03,Sahibzada Ajit Singh Nagar,0.0,0.0
2022-07-03,Sangrur,0.0,0.0
2022-07-03,Tarn Taran,0.0,0.0
2022-07-04,Amritsar,0.0,0.0
2022-07-04,Barnala,0.0,0.0
2022-07-04,Bathinda,0.0,0.0
2022-07-04,Faridkot,0.0,0.0
2022-07-04,Fatehgarh Sahib,0.0,0.0
2022-07-04,Firozpur,0.0,0.0
2022-07-04,Gurdaspur,0.0,0.0
2022-07-04,Hoshiarpur,0.0,0.0
2022-07-04,Jalandhar,0.0,0.0
2022-07-04,Kapurthala,0.0,0.0
2022-07-04,Ludhiana,0.0,0.0
2022-07-04,Mansa,0.0,0.0
2022-07-04,Moga,0.0,0.0
2022-07-04,Muktsar,0.0,0.0
2022-07-04,Nawanshahr,0.0,0.0
2022-07-04,Patiala,0.0,0.0
2022-07-04,Rupnagar,0.0,0.0
2022-07-04,Sahibzada Ajit Singh Nagar,0.0,0.0
2022-07-04,Sangrur,0.0,0.0
2022-07-04,Tarn Taran,0.0,0.0
2022-07-05,Amritsar,0.0,0.0
2022-07-05,Barnala,12.62,8.5e-05
2022-07-05,Bathinda,0.0,0.0
2022-07-05,Faridkot,0.0,0.0
2022-07-05,Fatehgarh Sahib,6551.18,0.057136
2022-07-05,Firozpur,0.0,0.0
2022-07-05,Gurdaspur,0.0,0.0
2022-07-05,Hoshiarpur,140.44,0.000416
2022-07-05,Jalandhar,332.81,0.001273
2022-07-05,Kapurthala,127.09,0.000763
2022-07-05,Ludhiana,3243.51,0.009018
2022-07-05,Mansa,0.0,0.0
2022-07-05,Moga,0.0,0.0
2022-07-05,Muktsar,0.0,0.0
2022-07-05,Nawanshahr,515.51,0.003951
2022-07-05,Patiala,5788.55,0.017329
2022-07-05,Rupnagar,563.78,0.004061
2022-07-05,Sahibzada Ajit Singh Nagar,213.22,0.001919
2022-07-05,Sangrur,1002.06,0.002775
2022-07-05,Tarn Taran,0.0,0.0
2022-07-06,Amritsar,0.0,0.0
2022-07-06,Barnala,0.0,0.0
2022-07-06,Bathinda,0.0,0.0
2022-07-06,Faridkot,0.0,0.0
2022-07-06,Fatehgarh Sahib,0.0,0.0
2022-07-06,Firozpur,0.0,0.0
2022-07-06,Gurdaspur,0.0,0.0
2022-07-06,Hoshiarpur,0.0,0.0
2022-07-06,Jalandhar,0.0,0.0
2022-07-06,Kapurthala,0.0,0.0
2022-07-06,Ludhiana,0.0,0.0
2022-07-06,Mansa,0.0,0.0
2022-07-06,Moga,0.0,0.0
2022-07-06,Muktsar,0.0,0.0
2022-07-06,Nawanshahr,0.0,0.0
2022-07-06,Patiala,0.0,0.0
2022-07-06,Rupnagar,0.0,0.0
2022-07-06,Sahibzada Ajit Singh Nagar,0.0,0.0
2022-07-06,Sangrur,0.0,0.0
2022-07-06,Tarn Taran,0.0,0.0
2022-07-07,Amritsar,0.0,0.0
2022-07-07,Barnala,0.0,0.0
2022-07-07,Bathinda,0.0,0.0
2022-07-07,Faridkot,0.0,0.0
2022-07-07,Fatehgarh Sahib,0.0,0.0
2022-07-07,Firozpur,6.0,1.1e-05
2022-07-07,Gurdaspur,0.0,0.0
2022-07-07,Hoshiarpur,0.0,0.0
2022-07-07,Jalandhar,0.0,0.0
2022-07-07,Kapurthala,0.0,0.0
2022-07-07,Ludhiana,0.0,0.0
2022-07-07,Mansa,0.0,0.0
2022-07-07,Moga,0.0,0.0
2022-07-07,Muktsar,0.0,0.0
2022-07-07,Nawanshahr,0.0,0.0
2022-07-07,Patiala,0.0,0.0
2022-07-07,Rupnagar,0.0,0.0
2022-07-07,Sahibzada Ajit Singh Nagar,0.0,0.0
2022-07-07,Sangrur,0.0,0.0
2022-07-07,Tarn Taran,0.0,0.0
2022-07-08,Amritsar,0.0,0.0
2022-07-08,Barnala,0.0,0.0
2022-07-08,Bathinda,0.0,0.0
2022-07-08,Faridkot,0.0,0.0
2022-07-08,Fatehgarh Sahib,0.0,0.0
2022-07-08,Firozpur,0.0,0.0
2022-07-08,Gurdaspur,0.0,0.0
2022-07-08,Hoshiarpur,0.0,0.0
2022-07-08,Jalandhar,0.0,0.0
2022-07-08,Kapurthala,0.0,0.0
2022-07-08,Ludhiana,0.0,0.0
2022-07-08,Mansa,0.0,0.0
2022-07-08,Moga,0.0,0.0
2022-07-08,Muktsar,0.0,0.0
2022-07-08,Nawanshahr,0.0,0.0
2022-07-08,Patiala,0.0,0.0
2022-07-08,Rupnagar,0.0,0.0
2022-07-08,Sahibzada Ajit Singh Nagar,0.0,0.0
2022-07-08,Sangrur,0.0,0.0
2022-07-08,Tarn Taran,0.0,0.0
2022-07-09,Amritsar,18.14,6.8e-05
2022-07-09,Barnala,2113.99,0.014185
2022-07-09,Bathinda,0.0,0.0
2022-07-09,Faridkot,0.0,0.0
2022-07-09,Fatehgarh Sahib,11512.91,0.10041
2022-07-09,Firozpur,0.0,0.0
2022-07-09,Gurdaspur,491.51,0.001354
2022-07-09,Hoshiarpur,397.89,0.001178
2022-07-09,Jalandhar,882.21,0.003375
2022-07-09,Kapurthala,1287.7,0.007727
2022-07-09,Ludhiana,6251.27,0.017381
2022-07-09,Mansa,1108.53,0.004996
2022-07-09,Moga,6819.79,0.028966
2022-07-09,Muktsar,0.0,0.0
2022-07-09,Nawanshahr,2278.24,0.01746
2022-07-09,Patiala,10643.74,0.031864
2022-07-09,Rupnagar,32.47,0.000234
2022-07-09,Sahibzada Ajit Singh Nagar,92.4,0.000831
2022-07-09,Sangrur,3480.18,0.009638
2022-07-09,Tarn Taran,61.09,0.000254
2022-07-10,Amritsar,0.0,0.0
2022-07-10,Barnala,0.0,0.0
2022-07-10,Bathinda,0.0,0.0
2022-07-10,Faridkot,0.0,0.0
2022-07-10,Fatehgarh Sahib,0.0,0.0
2022-07-10,Firozpur,0.0,0.0
2022-07-10,Gurdaspur,0.0,0.0
2022-07-10,Hoshiarpur,0.0,0.0
2022-07-10,Jalandhar,0.0,0.0
2022-07-10,Kapurthala,0.0,0.0
2022-07-10,Ludhiana,0.0,0.0
2022-07-10,Mansa,0.0,0.0
2022-07-10,Moga,0.0,0.0
2022-07-10,Muktsar,0.0,0.0
2022-07-10,Nawanshahr,0.0,0.0
2022-07-10,Patiala,0.0,0.0
2022-07-10,Rupnagar,0.0,0.0
2022-07-10,Sahibzada Ajit Singh Nagar,0.0,0.0
2022-07-10,Sangrur,0.0,0.0
2022-07-10,Tarn Taran,0.0,0.0
2022-07-11,Amritsar,0.0,0.0
2022-07-11,Barnala,0.0,0.0
2022-07-11,Bathinda,0.0,0.0
2022-07-11,Faridkot,0.0,0.0
2022-07-11,Fatehgarh Sahib,0.0,0.0
2022-07-11,Firozpur,0.0,0.0
2022-07-11,Gurdaspur,0.0,0.0
2022-07-11,Hoshiarpur,0.0,0.0
2022-07-11,Jalandhar,0.0,0.0
2022-07-11,Kapurthala,0.0,0.0
2022-07-11,Ludhiana,0.0,0.0
2022-07-11,Mansa,0.0,0.0
2022-07-11,Moga,0.0,0.0
2022-07-11,Muktsar,0.0,0.0
2022-07-11,Nawanshahr,0.0,0.0
2022-07-11,Patiala,0.0,0.0
2022-07-11,Rupnagar,0.0,0.0
2022-07-11,Sahibzada Ajit Singh Nagar,0.0,0.0
2022-07-11,Sangrur,0.0,0.0
2022-07-11,Tarn Taran,0.0,0.0
2022-07-12,Amritsar,0.0,0.0
2022-07-12,Barnala,0.0,0.0
2022-07-12,Bathinda,0.0,0.0
2022-07-12,Faridkot,0.0,0.0
2022-07-12,Fatehgarh Sahib,0.0,0.0
2022-07-12,Firozpur,0.0,0.0
2022-07-12,Gurdaspur,0.0,0.0
2022-07-12,Hoshiarpur,0.0,0.0
2022-07-12,Jalandhar,0.0,0.0
2022-07-12,Kapurthala,0.0,0.0
2022-07-12,Ludhiana,0.0,0.0
2022-07-12,Mansa,0.0,0.0
2022-07-12,Moga,0.0,0.0
2022-07-12,Muktsar,0.0,0.0
2022-07-12,Nawanshahr,0.0,0.0
2022-07-12,Patiala,0.0,0.0
2022-07-12,Rupnagar,0.0,0.0
2022-07-12,Sahibzada Ajit Singh Nagar,0.0,0.0
2022-07-12,Sangrur,0.0,0.0
2022-07-12,Tarn Taran,0.0,0.0
2022-07-13,Amritsar,0.0,0.0
2022-07-13,Barnala,0.0,0.0
2022-07-13,Bathinda,0.0,0.0
2022-07-13,Faridkot,0.0,0.0
2022-07-13,Fatehgarh Sahib,0.0,0.0
2022-07-13,Firozpur,0.0,0.0
2022-07-13,Gurdaspur,0.0,0.0
2022-07-13,Hoshiarpur,0.0,0.0
2022-07-13,Jalandhar,0.0,0.0
2022-07-13,Kapurthala,0.0,0.0
2022-07-13,Ludhiana,0.0,0.0
2022-07-13,Mansa,0.0,0.0
2022-07-13,Moga,0.0,0.0
2022-07-13,Muktsar,0.0,0.0
2022-07-13,Nawanshahr,0.0,0.0
2022-07-13,Patiala,0.0,0.0
2022-07-13,Rupnagar,0.0,0.0
2022-07-13,Sahibzada Ajit Singh Nagar,0.0,0.0
2022-07-13,Sangrur,0.0,0.0
2022-07-13,Tarn Taran,0.0,0.0
2022-07-14,Amritsar,4112.26,0.015415
2022-07-14,Barnala,0.0,0.0
2022-07-14,Bathinda,9.68,2.9e-05
2022-07-14,Faridkot,647.95,0.004451
2022-07-14,Fatehgarh Sahib,0.0,0.0
2022-07-14,Firozpur,26078.14,0.049945
2022-07-14,Gurdaspur,22.41,6.2e-05
2022-07-14,Hoshiarpur,23.14,6.9e-05
2022-07-14,Jalandhar,53.92,0.000206
2022-07-14,Kapurthala,1488.37,0.008932
2022-07-14,Ludhiana,58.94,0.000164
2022-07-14,Mansa,4.51,2e-05
2022-07-14,Moga,21.37,9.1e-05
2022-07-14,Muktsar,792.57,0.003033
2022-07-14,Nawanshahr,0.0,0.0
2022-07-14,Patiala,0.0,0.0
2022-07-14,Rupnagar,0.0,0.0
2022-07-14,Sahibzada Ajit Singh Nagar,0.0,0.0
2022-07-14,Sangrur,0.0,0.0
2022-07-14,Tarn Taran,1402.29,0.005841
2022-07-15,Amritsar,0.0,0.0
2022-07-15,Barnala,0.0,0.0
2022-07-15,Bathinda,0.0,0.0
2022-07-15,Faridkot,0.0,0.0
2022-07-15,Fatehgarh Sahib,0.0,0.0
2022-07-15,Firozpur,4250.01,0.00814
2022-07-15,Gurdaspur,0.0,0.0
2022-07-15,Hoshiarpur,0.0,0.0
2022-07-15,Jalandhar,0.0,0.0
2022-07-15,Kapurthala,0.0,0.0
2022-07-15,Ludhiana,0.0,0.0
2022-07-15,Mansa,0.0,0.0
2022-07-15,Moga,0.0,0.0
2022-07-15,Muktsar,0.0,0.0
2022-07-15,Nawanshahr,0.0,0.0
2022-07-15,Patiala,0.0,0.0
2022-07-15,Rupnagar,0.0,0.0
2022-07-15,Sahibzada Ajit Singh Nagar,0.0,0.0
2022-07-15,Sangrur,0.0,0.0
2022-07-15,Tarn Taran,0.0,0.0
2022-07-16,Amritsar,0.0,0.0
2022-07-16,Barnala,0.0,0.0
2022-07-16,Bathinda,0.0,0.0
2022-07-16,Faridkot,0.0,0.0
2022-07-16,Fatehgarh Sahib,0.0,0.0
2022-07-16,Firozpur,0.0,0.0
2022-07-16,Gurdaspur,0.0,0.0
2022-07-16,Hoshiarpur,0.0,0.0
2022-07-16,Jalandhar,0.0,0.0
2022-07-16,Kapurthala,0.0,0.0
2022-07-16,Ludhiana,0.0,0.0
2022-07-16,Mansa,0.0,0.0
2022-07-16,Moga,0.0,0.0
2022-07-16,Muktsar,0.0,0.0
2022-07-16,Nawanshahr,0.0,0.0
2022-07-16,Patiala,0.0,0.0
2022-07-16,Rupnagar,0.0,0.0
2022-07-16,Sahibzada Ajit Singh Nagar,0.0,0.0
2022-07-16,Sangrur,0.0,0.0
2022-07-16,Tarn Taran,0.0,0.0
2022-07-17,Amritsar,0.0,0.0
2022-07-17,Barnala,0.0,0.0
2022-07-17,Bathinda,0.0,0.0
2022-07-17,Faridkot,0.0,0.0
2022-07-17,Fatehgarh Sahib,1752.43,0.015284
2022-07-17,Firozpur,0.0,0.0
2022-07-17,Gurdaspur,0.0,0.0
2022-07-17,Hoshiarpur,0.0,0.0
2022-07-17,Jalandhar,0.0,0.0
2022-07-17,Kapurthala,0.0,0.0
2022-07-17,Ludhiana,341.16,0.000949
2022-07-17,Mansa,0.0,0.0
2022-07-17,Moga,0.0,0.0
2022-07-17,Muktsar,0.0,0.0
2022-07-17,Nawanshahr,10.28,7.9e-05
2022-07-17,Patiala,5418.61,0.016222
2022-07-17,Rupnagar,19.15,0.000138
2022-07-17,Sahibzada Ajit Singh Nagar,1335.49,0.012017
2022-07-17,Sangrur,14.07,3.9e-05
2022-07-17,Tarn Taran,0.0,0.0
2022-07-18,Amritsar,0.0,0.0
2022-07-18,Barnala,0.0,0.0
2022-07-18,Bathinda,0.0,0.0
2022-07-18,Faridkot,0.0,0.0
2022-07-18,Fatehgarh Sahib,0.0,0.0
2022-07-18,Firozpur,0.0,0.0
2022-07-18,Gurdaspur,0.0,0.0
2022-07-18,Hoshiarpur,0.0,0.0
2022-07-18,Jalandhar,0.0,0.0
2022-07-18,Kapurthala,0.0,0.0
2022-07-18,Ludhiana,0.0,0.0
2022-07-18,Mansa,0.0,0.0
2022-07-18,Moga,0.0,0.0
2022-07-18,Muktsar,0.0,0.0
2022-07-18,Nawanshahr,0.0,0.0
2022-07-18,Patiala,0.0,0.0
2022-07-18,Rupnagar,0.0,0.0
2022-07-18,Sahibzada Ajit Singh Nagar,0.0,0.0
2022-07-18,Sangrur,0.0,0.0
2022-07-18,Tarn Taran,0.0,0.0
2022-07-19,Amritsar,0.0,0.0
2022-07-19,Barnala,0.0,0.0
2022-07-19,Bathinda,0.0,0.0
2022-07-19,Faridkot,0.0,0.0
2022-07-19,Fatehgarh Sahib,0.0,0.0
2022-07-19,Firozpur,60.0,0.000115
2022-07-19,Gurdaspur,0.0,0.0
2022-07-19,Hoshiarpur,0.0,0.0
2022-07-19,Jalandhar,0.0,0.0
2022-07-19,Kapurthala,0.0,0.0
2022-07-19,Ludhiana,0.0,0.0
2022-07-19,Mansa,0.0,0.0
2022-07-19,Moga,0.0,0.0
2022-07-19,Muktsar,0.0,0.0
2022-07-19,Nawanshahr,0.0,0.0
2022-07-19,Patiala,0.0,0.0
2022-07-19,Rupnagar,0.0,0.0
2022-07-19,Sahibzada Ajit Singh Nagar,0.0,0.0
2022-07-19,Sangrur,0.0,0.0
2022-07-19,Tarn Taran,0.0,0.0
2022-07-20,Amritsar,0.0,0.0
2022-07-20,Barnala,0.0,0.0
2022-07-20,Bathinda,0.0,0.0
2022-07-20,Faridkot,0.0,0.0
2022-07-20,Fatehgarh Sahib,0.0,0.0
2022-07-20,Firozpur,0.0,0.0
2022-07-20,Gurdaspur,0.0,0.0
2022-07-20,Hoshiarpur,0.0,0.0
2022-07-20,Jalandhar,0.0,0.0
2022-07-20,Kapurthala,0.0,0.0
2022-07-20,Ludhiana,0.0,0.0
2022-07-20,Mansa,0.0,0.0
2022-07-20,Moga,0.0,0.0
2022-07-20,Muktsar,0.0,0.0
2022-07-20,Nawanshahr,0.0,0.0
2022-07-20,Patiala,0.0,0.0
2022-07-20,Rupnagar,0.0,0.0
2022-07-20,Sahibzada Ajit Singh Nagar,0.0,0.0
2022-07-20,Sangrur,0.0,0.0
2022-07-20,Tarn Taran,0.0,0.0
2022-07-21,Amritsar,4145.15,0.015538
2022-07-21,Barnala,8449.92,0.056698
2022-07-21,Bathinda,0.0,0.0
2022-07-21,Faridkot,0.0,0.0
2022-07-21,Fatehgarh Sahib,258.82,0.002257
2022-07-21,Firozpur,0.0,0.0
2022-07-21,Gurdaspur,10788.53,0.029722
2022-07-21,Hoshiarpur,1446.48,0.004283
2022-07-21,Jalandhar,6567.04,0.025125
2022-07-21,Kapurthala,11777.78,0.070678
2022-07-21,Ludhiana,11266.51,0.031326
2022-07-21,Mansa,4095.02,0.018457
2022-07-21,Moga,2334.78,0.009917
2022-07-21,Muktsar,0.0,0.0
2022-07-21,Nawanshahr,100.96,0.000774
2022-07-21,Patiala,11697.83,0.03502
2022-07-21,Rupnagar,9.58,6.9e-05
2022-07-21,Sahibzada Ajit Singh Nagar,146.06,0.001314
2022-07-21,Sangrur,23877.97,0.066125
2022-07-21,Tarn Taran,172.51,0.000719
2022-07-22,Amritsar,5694.46,0.021346
2022-07-22,Barnala,5140.57,0.034493
2022-07-22,Bathinda,151.62,0.000449
2022-07-22,Faridkot,540.8,0.003715
2022-07-22,Fatehgarh Sahib,199.25,0.001738
2022-07-22,Firozpur,6165.79,0.011809
2022-07-22,Gurdaspur,1688.96,0.004653
2022-07-22,Hoshiarpur,892.7,0.002643
2022-07-22,Jalandhar,3300.14,0.012626
2022-07-22,Kapurthala,6130.19,0.036787
2022-07-22,Ludhiana,7831.33,0.021775
2022-07-22,Mansa,2644.83,0.011921
2022-07-22,Moga,2138.88,0.009085
2022-07-22,Muktsar,5695.96,0.021799
2022-07-22,Nawanshahr,110.68,0.000848
2022-07-22,Patiala,2680.27,0.008024
2022-07-22,Rupnagar,0.0,0.0
2022-07-22,Sahibzada Ajit Singh Nagar,0.0,0.0
2022-07-22,Sangrur,17033.22,0.04717
2022-07-22,Tarn Taran,3407.18,0.014193
2022-07-23,Amritsar,0.0,0.0
2022-07-23,Barnala,0.0,0.0
2022-07-23,Bathinda,0.0,0.0
2022-07-23,Faridkot,0.0,0.0
2022-07-23,Fatehgarh Sahib,0.0,0.0
2022-07-23,Firozpur,0.0,0.0
2022-07-23,Gurdaspur,0.0,0.0
2022-07-23,Hoshiarpur,0.0,0.0
2022-07-23,Jalandhar,0.0,0.0
2022-07-23,Kapurthala,0.0,0.0
2022-07-23,Ludhiana,0.0,0.0
2022-07-23,Mansa,0.0,0.0
2022-07-23,Moga,0.0,0.0
2022-07-23,Muktsar,0.0,0.0
2022-07-23,Nawanshahr,0.0,0.0
2022-07-23,Patiala,0.0,0.0
2022-07-23,Rupnagar,0.0,0.0
2022-07-23,Sahibzada Ajit Singh Nagar,0.0,0.0
2022-07-23,Sangrur,0.0,0.0
2022-07-23,Tarn Taran,0.0,0.0
2022-07-24,Amritsar,0.0,0.0
2022-07-24,Barnala,0.0,0.0
2022-07-24,Bathinda,0.0,0.0
2022-07-24,Faridkot,0.0,0.0
2022-07-24,Fatehgarh Sahib,0.0,0.0
2022-07-24,Firozpur,0.0,0.0
2022-07-24,Gurdaspur,0.0,0.0
2022-07-24,Hoshiarpur,0.0,0.0
2022-07-24,Jalandhar,0.0,0.0
2022-07-24,Kapurthala,0.0,0.0
2022-07-24,Ludhiana,0.0,0.0
2022-07-24,Mansa,0.0,0.0
2022-07-24,Moga,0.0,0.0
2022-07-24,Muktsar,0.0,0.0
2022-07-24,Nawanshahr,0.0,0.0
2022-07-24,Patiala,0.0,0.0
2022-07-24,Rupnagar,0.0,0.0
2022-07-24,Sahibzada Ajit Singh Nagar,0.0,0.0
2022-07-24,Sangrur,0.0,0.0
2022-07-24,Tarn Taran,0.0,0.0
2022-07-25,Amritsar,0.0,0.0
2022-07-25,Barnala,0.0,0.0
2022-07-25,Bathinda,0.0,0.0
2022-07-25,Faridkot,0.0,0.0
2022-07-25,Fatehgarh Sahib,0.0,0.0
2022-07-25,Firozpur,0.0,0.0
2022-07-25,Gurdaspur,0.0,0.0
2022-07-25,Hoshiarpur,0.0,0.0
2022-07-25,Jalandhar,0.0,0.0
2022-07-25,Kapurthala,0.0,0.0
2022-07-25,Ludhiana,0.0,0.0
2022-07-25,Mansa,0.0,0.0
2022-07-25,Moga,0.0,0.0
2022-07-25,Muktsar,0.0,0.0
2022-07-25,Nawanshahr,0.0,0.0
2022-07-25,Patiala,0.0,0.0
2022-07-25,Rupnagar,0.0,0.0
2022-07-25,Sahibzada Ajit Singh Nagar,0.0,0.0
2022-07-25,Sangrur,0.0,0.0
2022-07-25,Tarn Taran,0.0,0.0
2022-07-26,Amritsar,193.04,0.000724
2022-07-26,Barnala,11.9,8e-05
2022-07-26,Bathinda,54.61,0.000162
2022-07-26,Faridkot,112.43,0.000772
2022-07-26,Fatehgarh Sahib,0.0,0.0
2022-07-26,Firozpur,676.16,0.001295
2022-07-26,Gurdaspur,27.32,7.5e-05
2022-07-26,Hoshiarpur,8.7,2.6e-05
2022-07-26,Jalandhar,85.08,0.000326
2022-07-26,Kapurthala,192.6,0.001156
2022-07-26,Ludhiana,67.79,0.000188
2022-07-26,Mansa,46.66,0.00021
2022-07-26,Moga,34.75,0.000148
2022-07-26,Muktsar,1171.66,0.004484
2022-07-26,Nawanshahr,0.0,0.0
2022-07-26,Patiala,12.77,3.8e-05
2022-07-26,Rupnagar,0.0,0.0
2022-07-26,Sahibzada Ajit Singh Nagar,0.0,0.0
2022-07-26,Sangrur,10.49,2.9e-05
2022-07-26,Tarn Taran,182.97,0.000762
2022-07-27,Amritsar,0.0,0.0
2022-07-27,Barnala,0.0,0.0
2022-07-27,Bathinda,0.0,0.0
2022-07-27,Faridkot,0.0,0.0
2022-07-27,Fatehgarh Sahib,0.0,0.0
2022-07-27,Firozpur,70.06,0.000134
2022-07-27,Gurdaspur,0.0,0.0
2022-07-27,Hoshiarpur,0.0,0.0
2022-07-27,Jalandhar,0.0,0.0
2022-07-27,Kapurthala,0.0,0.0
2022-07-27,Ludhiana,0.0,0.0
2022-07-27,Mansa,0.0,0.0
2022-07-27,Moga,0.0,0.0
2022-07-27,Muktsar,0.0,0.0
2022-07-27,Nawanshahr,0.0,0.0
2022-07-27,Patiala,0.0,0.0
2022-07-27,Rupnagar,0.0,0.0
2022-07-27,Sahibzada Ajit Singh Nagar,0.0,0.0
2022-07-27,Sangrur,0.0,0.0
2022-07-27,Tarn Taran,0.0,0.0
2022-07-28,Amritsar,0.0,0.0
2022-07-28,Barnala,0.0,0.0
2022-07-28,Bathinda,0.0,0.0
2022-07-28,Faridkot,0.0,0.0
2022-07-28,Fatehgarh Sahib,0.0,0.0
2022-07-28,Firozpur,0.0,0.0
2022-07-28,Gurdaspur,0.0,0.0
2022-07-28,Hoshiarpur,0.0,0.0
2022-07-28,Jalandhar,0.0,0.0
2022-07-28,Kapurthala,0.0,0.0
2022-07-28,Ludhiana,0.0,0.0
2022-07-28,Mansa,0.0,0.0
2022-07-28,Moga,0.0,0.0
2022-07-28,Muktsar,0.0,0.0
2022-07-28,Nawanshahr,0.0,0.0
2022-07-28,Patiala,0.0,0.0
2022-07-28,Rupnagar,0.0,0.0
2022-07-28,Sahibzada Ajit Singh Nagar,0.0,0.0
2022-07-28,Sangrur,0.0,0.0
2022-07-28,Tarn Taran,0.0,0.0
2022-07-29,Amritsar,0.0,0.0
2022-07-29,Barnala,0.0,0.0
2022-07-29,Bathinda,0.0,0.0
2022-07-29,Faridkot,0.0,0.0
2022-07-29,Fatehgarh Sahib,51.77,0.000451
2022-07-29,Firozpur,0.0,0.0
2022-07-29,Gurdaspur,0.0,0.0
2022-07-29,Hoshiarpur,0.0,0.0
2022-07-29,Jalandhar,3.67,1.4e-05
2022-07-29,Kapurthala,0.0,0.0
2022-07-29,Ludhiana,14.69,4.1e-05
2022-07-29,Mansa,3.76,1.7e-05
2022-07-29,Moga,0.0,0.0
2022-07-29,Muktsar,0.0,0.0
2022-07-29,Nawanshahr,0.0,0.0
2022-07-29,Patiala,54.68,0.000164
2022-07-29,Rupnagar,4.43,3.2e-05
2022-07-29,Sahibzada Ajit Singh Nagar,2.22,2e-05
2022-07-29,Sangrur,33.85,9.4e-05
2022-07-29,Tarn Taran,0.0,0.0
2022-07-30,Amritsar,0.0,0.0
2022-07-30,Barnala,0.0,0.0
2022-07-30,Bathinda,0.0,0.0
2022-07-30,Faridkot,0.0,0.0
2022-07-30,Fatehgarh Sahib,0.0,0.0
2022-07-30,Firozpur,0.0,0.0
2022-07-30,Gurdaspur,0.0,0.0
2022-07-30,Hoshiarpur,0.0,0.0
2022-07-30,Jalandhar,0.0,0.0
2022-07-30,Kapurthala,0.0,0.0
2022-07-30,Ludhiana,0.0,0.0
2022-07-30,Mansa,0.0,0.0
2022-07-30,Moga,0.0,0.0
2022-07-30,Muktsar,0.0,0.0
2022-07-30,Nawanshahr,0.0,0.0
2022-07-30,Patiala,0.0,0.0
2022-07-30,Rupnagar,0.0,0.0
2022-07-30,Sahibzada Ajit Singh Nagar,0.0,0.0
2022-07-30,Sangrur,0.0,0.0
2022-07-30,Tarn Taran,0.0,0.0
2022-07-31,Amritsar,0.0,0.0
2022-07-31,Barnala,0.0,0.0
2022-07-31,Bathinda,0.0,0.0
2022-07-31,Faridkot,0.0,0.0
2022-07-31,Fatehgarh Sahib,0.0,0.0
2022-07-31,Firozpur,0.0,0.0
2022-07-31,Gurdaspur,0.0,0.0
2022-07-31,Hoshiarpur,0.0,0.0
2022-07-31,Jalandhar,0.0,0.0
2022-07-31,Kapurthala,0.0,0.0
2022-07-31,Ludhiana,0.0,0.0
2022-07-31,Mansa,0.0,0.0
2022-07-31,Moga,0.0,0.0
2022-07-31,Muktsar,0.0,0.0
2022-07-31,Nawanshahr,0.0,0.0
2022-07-31,Patiala,0.0,0.0
2022-07-31,Rupnagar,0.0,0.0
2022-07-31,Sahibzada Ajit Singh Nagar,0.0,0.0
2022-07-31,Sangrur,0.0,0.0
2022-07-31,Tarn Taran,0.0,0.0
2022-08-01,Amritsar,0.0,0.0
2022-08-01,Barnala,0.0,0.0
2022-08-01,Bathinda,0.0,0.0
2022-08-01,Faridkot,0.0,0.0
2022-08-01,Fatehgarh Sahib,0.0,0.0
2022-08-01,Firozpur,0.0,0.0
2022-08-01,Gurdaspur,0.0,0.0
2022-08-01,Hoshiarpur,0.0,0.0
2022-08-01,Jalandhar,0.0,0.0
2022-08-01,Kapurthala,0.0,0.0
2022-08-01,Ludhiana,0.0,0.0
2022-08-01,Mansa,0.0,0.0
2022-08-01,Moga,0.0,0.0
2022-08-01,Muktsar,0.0,0.0
2022-08-01,Nawanshahr,0.0,0.0
2022-08-01,Patiala,0.0,0.0
2022-08-01,Rupnagar,0.0,0.0
2022-08-01,Sahibzada Ajit Singh Nagar,0.0,0.0
2022-08-01,Sangrur,0.0,0.0
2022-08-01,Tarn Taran,0.0,0.0
2022-08-02,Amritsar,0.0,0.0
2022-08-02,Barnala,0.0,0.0
2022-08-02,Bathinda,0.0,0.0
2022-08-02,Faridkot,0.0,0.0
2022-08-02,Fatehgarh Sahib,11.83,0.000103
2022-08-02,Firozpur,0.0,0.0
2022-08-02,Gurdaspur,116.86,0.000322
2022-08-02,Hoshiarpur,0.0,0.0
2022-08-02,Jalandhar,16.82,6.4e-05
2022-08-02,Kapurthala,58.28,0.00035
2022-08-02,Ludhiana,9.58,2.7e-05
2022-08-02,Mansa,100.04,0.000451
2022-08-02,Moga,7.37,3.1e-05
2022-08-02,Muktsar,0.0,0.0
2022-08-02,Nawanshahr,0.0,0.0
2022-08-02,Patiala,104.98,0.000314
2022-08-02,Rupnagar,0.0,0.0
2022-08-02,Sahibzada Ajit Singh Nagar,0.0,0.0
2022-08-02,Sangrur,120.85,0.000335
2022-08-02,Tarn Taran,3.64,1.5e-05
2022-08-03,Amritsar,0.0,0.0
2022-08-03,Barnala,0.0,0.0
2022-08-03,Bathinda,0.0,0.0
2022-08-03,Faridkot,0.0,0.0
2022-08-03,Fatehgarh Sahib,0.0,0.0
2022-08-03,Firozpur,0.0,0.0
2022-08-03,Gurdaspur,0.0,0.0
2022-08-03,Hoshiarpur,0.0,0.0
2022-08-03,Jalandhar,0.0,0.0
2022-08-03,Kapurthala,0.0,0.0
2022-08-03,Ludhiana,0.0,0.0
2022-08-03,Mansa,0.0,0.0
2022-08-03,Moga,0.0,0.0
2022-08-03,Muktsar,0.0,0.0
2022-08-03,Nawanshahr,0.0,0.0
2022-08-03,Patiala,0.0,0.0
2022-08-03,Rupnagar,0.0,0.0
2022-08-03,Sahibzada Ajit Singh Nagar,0.0,0.0
2022-08-03,Sangrur,0.0,0.0
2022-08-03,Tarn Taran,0.0,0.0
2022-08-04,Amritsar,0.0,0.0
2022-08-04,Barnala,0.0,0.0
2022-08-04,Bathinda,0.0,0.0
2022-08-04,Faridkot,0.0,0.0
2022-08-04,Fatehgarh Sahib,0.0,0.0
2022-08-04,Firozpur,0.0,0.0
2022-08-04,Gurdaspur,0.0,0.0
2022-08-04,Hoshiarpur,0.0,0.0
2022-08-04,Jalandhar,0.0,0.0
2022-08-04,Kapurthala,0.0,0.0
2022-08-04,Ludhiana,0.0,0.0
2022-08-04,Mansa,0.0,0.0
2022-08-04,Moga,0.0,0.0
2022-08-04,Muktsar,0.0,0.0
2022-08-04,Nawanshahr,0.0,0.0
2022-08-04,Patiala,0.0,0.0
2022-08-04,Rupnagar,0.0,0.0
2022-08-04,Sahibzada Ajit Singh Nagar,0.0,0.0
2022-08-04,Sangrur,0.0,0.0
2022-08-04,Tarn Taran,0.0,0.0
2022-08-05,Amritsar,0.0,0.0
2022-08-05,Barnala,0.0,0.0
2022-08-05,Bathinda,0.0,0.0
2022-08-05,Faridkot,0.0,0.0
2022-08-05,Fatehgarh Sahib,0.0,0.0
2022-08-05,Firozpur,0.0,0.0
2022-08-05,Gurdaspur,0.0,0.0
2022-08-05,Hoshiarpur,0.0,0.0
2022-08-05,Jalandhar,0.0,0.0
2022-08-05,Kapurthala,0.0,0.0
2022-08-05,Ludhiana,0.0,0.0
2022-08-05,Mansa,0.0,0.0
2022-08-05,Moga,0.0,0.0
2022-08-05,Muktsar,0.0,0.0
2022-08-05,Nawanshahr,0.0,0.0
2022-08-05,Patiala,0.0,0.0
2022-08-05,Rupnagar,0.0,0.0
2022-08-05,Sahibzada Ajit Singh Nagar,0.0,0.0
2022-08-05,Sangrur,0.0,0.0
2022-08-05,Tarn Taran,0.0,0.0
2022-08-06,Amritsar,0.0,0.0
2022-08-06,Barnala,0.0,0.0
2022-08-06,Bathinda,0.0,0.0
2022-08-06,Faridkot,0.0,0.0
2022-08-06,Fatehgarh Sahib,0.0,0.0
2022-08-06,Firozpur,0.0,0.0
2022-08-06,Gurdaspur,0.0,0.0
2022-08-06,Hoshiarpur,0.0,0.0
2022-08-06,Jalandhar,0.0,0.0
2022-08-06,Kapurthala,0.0,0.0
2022-08-06,Ludhiana,0.0,0.0
2022-08-06,Mansa,0.0,0.0
2022-08-06,Moga,0.0,0.0
2022-08-06,Muktsar,0.0,0.0
2022-08-06,Nawanshahr,0.0,0.0
2022-08-06,Patiala,0.0,0.0
2022-08-06,Rupnagar,0.0,0.0
2022-08-06,Sahibzada Ajit Singh Nagar,0.0,0.0
2022-08-06,Sangrur,0.0,0.0
2022-08-06,Tarn Taran,0.0,0.0
2022-08-07,Amritsar,0.0,0.0
2022-08-07,Barnala,0.0,0.0
2022-08-07,Bathinda,2.97,9e-06
2022-08-07,Faridkot,12.58,8.6e-05
2022-08-07,Fatehgarh Sahib,0.0,0.0
2022-08-07,Firozpur,556.84,0.001066
2022-08-07,Gurdaspur,1.43,4e-06
2022-08-07,Hoshiarpur,0.0,0.0
2022-08-07,Jalandhar,18.31,7e-05
2022-08-07,Kapurthala,43.84,0.000263
2022-08-07,Ludhiana,0.0,0.0
2022-08-07,Mansa,49.69,0.000224
2022-08-07,Moga,0.0,0.0
2022-08-07,Muktsar,1886.88,0.007221
2022-08-07,Nawanshahr,0.0,0.0
2022-08-07,Patiala,0.0,0.0
2022-08-07,Rupnagar,0.0,0.0
2022-08-07,Sahibzada Ajit Singh Nagar,0.0,0.0
2022-08-07,Sangrur,0.0,0.0
2022-08-07,Tarn Taran,112.71,0.00047
2022-08-08,Amritsar,0.0,0.0
2022-08-08,Barnala,0.0,0.0
2022-08-08,Bathinda,0.0,0.0
2022-08-08,Faridkot,0.0,0.0
2022-08-08,Fatehgarh Sahib,0.0,0.0
2022-08-08,Firozpur,79.78,0.000153
2022-08-08,Gurdaspur,0.0,0.0
2022-08-08,Hoshiarpur,0.0,0.0
2022-08-08,Jalandhar,0.0,0.0
2022-08-08,Kapurthala,0.0,0.0
2022-08-08,Ludhiana,0.0,0.0
2022-08-08,Mansa,0.0,0.0
2022-08-08,Moga,0.0,0.0
2022-08-08,Muktsar,0.0,0.0
2022-08-08,Nawanshahr,0.0,0.0
2022-08-08,Patiala,0.0,0.0
2022-08-08,Rupnagar,0.0,0.0
2022-08-08,Sahibzada Ajit Singh Nagar,0.0,0.0
2022-08-08,Sangrur,0.0,0.0
2022-08-08,Tarn Taran,0.0,0.0
2022-08-09,Amritsar,0.0,0.0
2022-08-09,Barnala,0.0,0.0
2022-08-09,Bathinda,0.0,0.0
2022-08-09,Faridkot,0.0,0.0
2022-08-09,Fatehgarh Sahib,0.0,0.0
2022-08-09,Firozpur,0.0,0.0
2022-08-09,Gurdaspur,0.0,0.0
2022-08-09,Hoshiarpur,0.0,0.0
2022-08-09,Jalandhar,0.0,0.0
2022-08-09,Kapurthala,0.0,0.0
2022-08-09,Ludhiana,0.0,0.0
2022-08-09,Mansa,0.0,0.0
2022-08-09,Moga,0.0,0.0
2022-08-09,Muktsar,0.0,0.0
2022-08-09,Nawanshahr,0.0,0.0
2022-08-09,Patiala,0.0,0.0
2022-08-09,Rupnagar,0.0,0.0
2022-08-09,Sahibzada Ajit Singh Nagar,0.0,0.0
2022-08-09,Sangrur,0.0,0.0
2022-08-09,Tarn Taran,0.0,0.0
2022-08-10,Amritsar,0.0,0.0
2022-08-10,Barnala,0.0,0.0
2022-08-10,Bathinda,0.0,0.0
2022-08-10,Faridkot,0.0,0.0
2022-08-10,Fatehgarh Sahib,10.36,9e-05
2022-08-10,Firozpur,0.0,0.0
2022-08-10,Gurdaspur,0.0,0.0
2022-08-10,Hoshiarpur,0.0,0.0
2022-08-10,Jalandhar,2.94,1.1e-05
2022-08-10,Kapurthala,0.0,0.0
2022-08-10,Ludhiana,0.0,0.0
2022-08-10,Mansa,0.0,0.0
2022-08-10,Moga,0.0,0.0
2022-08-10,Muktsar,0.0,0.0
2022-08-10,Nawanshahr,0.0,0.0
2022-08-10,Patiala,6.7,2e-05
2022-08-10,Rupnagar,5.17,3.7e-05
2022-08-10,Sahibzada Ajit Singh Nagar,0.0,0.0
2022-08-10,Sangrur,6.01,1.7e-05
2022-08-10,Tarn Taran,0.0,0.0
2022-08-11,Amritsar,0.0,0.0
2022-08-11,Barnala,0.0,0.0
2022-08-11,Bathinda,0.0,0.0
2022-08-11,Faridkot,0.0,0.0
2022-08-11,Fatehgarh Sahib,0.0,0.0
2022-08-11,Firozpur,0.0,0.0
2022-08-11,Gurdaspur,0.0,0.0
2022-08-11,Hoshiarpur,0.0,0.0
2022-08-11,Jalandhar,0.0,0.0
2022-08-11,Kapurthala,0.0,0.0
2022-08-11,Ludhiana,0.0,0.0
2022-08-11,Mansa,0.0,0.0
2022-08-11,Moga,0.0,0.0
2022-08-11,Muktsar,0.0,0.0
2022-08-11,Nawanshahr,0.0,0.0
2022-08-11,Patiala,0.0,0.0
2022-08-11,Rupnagar,0.0,0.0
2022-08-11,Sahibzada Ajit Singh Nagar,0.0,0.0
2022-08-11,Sangrur,0.0,0.0
2022-08-11,Tarn Taran,0.0,0.0
2022-08-12,Amritsar,0.0,0.0
2022-08-12,Barnala,0.0,0.0
2022-08-12,Bathinda,0.0,0.0
2022-08-12,Faridkot,0.0,0.0
2022-08-12,Fatehgarh Sahib,0.0,0.0
2022-08-12,Firozpur,0.0,0.0
2022-08-12,Gurdaspur,0.0,0.0
2022-08-12,Hoshiarpur,0.0,0.0
2022-08-12,Jalandhar,0.0,0.0
2022-08-12,Kapurthala,0.0,0.0
2022-08-12,Ludhiana,0.0,0.0
2022-08-12,Mansa,0.0,0.0
2022-08-12,Moga,0.0,0.0
2022-08-12,Muktsar,0.0,0.0
2022-08-12,Nawanshahr,0.0,0.0
2022-08-12,Patiala,0.0,0.0
2022-08-12,Rupnagar,0.0,0.0
2022-08-12,Sahibzada Ajit Singh Nagar,0.0,0.0
2022-08-12,Sangrur,0.0,0.0
2022-08-12,Tarn Taran,0.0,0.0
2022-08-13,Amritsar,0.0,0.0
2022-08-13,Barnala,0.0,0.0
2022-08-13,Bathinda,0.0,0.0
2022-08-13,Faridkot,0.0,0.0
2022-08-13,Fatehgarh Sahib,0.0,0.0
2022-08-13,Firozpur,0.0,0.0
2022-08-13,Gurdaspur,0.0,0.0
2022-08-13,Hoshiarpur,0.0,0.0
2022-08-13,Jalandhar,0.0,0.0
2022-08-13,Kapurthala,0.0,0.0
2022-08-13,Ludhiana,0.0,0.0
2022-08-13,Mansa,0.0,0.0
2022-08-13,Moga,0.0,0.0
2022-08-13,Muktsar,0.0,0.0
2022-08-13,Nawanshahr,0.0,0.0
2022-08-13,Patiala,0.0,0.0
2022-08-13,Rupnagar,0.0,0.0
2022-08-13,Sahibzada Ajit Singh Nagar,0.0,0.0
2022-08-13,Sangrur,0.0,0.0
2022-08-13,Tarn Taran,0.0,0.0
2022-08-14,Amritsar,0.0,0.0
2022-08-14,Barnala,0.0,0.0
2022-08-14,Bathinda,0.0,0.0
2022-08-14,Faridkot,0.0,0.0
2022-08-14,Fatehgarh Sahib,7.39,6.4e-05
2022-08-14,Firozpur,0.0,0.0
2022-08-14,Gurdaspur,36.47,0.0001
2022-08-14,Hoshiarpur,0.0,0.0
2022-08-14,Jalandhar,5.87,2.2e-05
2022-08-14,Kapurthala,0.73,4e-06
2022-08-14,Ludhiana,0.0,0.0
2022-08-14,Mansa,0.0,0.0
2022-08-14,Moga,0.0,0.0
2022-08-14,Muktsar,0.0,0.0
2022-08-14,Nawanshahr,0.0,0.0
2022-08-14,Patiala,322.08,0.000964
2022-08-14,Rupnagar,0.0,0.0
2022-08-14,Sahibzada Ajit Singh Nagar,0.0,0.0
2022-08-14,Sangrur,2.99,8e-06
2022-08-14,Tarn Taran,38.64,0.000161
2022-08-15,Amritsar,0.0,0.0
2022-08-15,Barnala,0.0,0.0
2022-08-15,Bathinda,221.87,0.000656
2022-08-15,Faridkot,2.96,2e-05
2022-08-15,Fatehgarh Sahib,0.0,0.0
2022-08-15,Firozpur,76.6,0.000147
2022-08-15,Gurdaspur,48.7,0.000134
2022-08-15,Hoshiarpur,0.0,0.0
2022-08-15,Jalandhar,3.67,1.4e-05
2022-08-15,Kapurthala,80.42,0.000483
2022-08-15,Ludhiana,0.0,0.0
2022-08-15,Mansa,63.96,0.000288
2022-08-15,Moga,4.45,1.9e-05
2022-08-15,Muktsar,625.13,0.002392
2022-08-15,Nawanshahr,0.0,0.0
2022-08-15,Patiala,0.0,0.0
2022-08-15,Rupnagar,0.0,0.0
2022-08-15,Sahibzada Ajit Singh Nagar,0.0,0.0
2022-08-15,Sangrur,0.0,0.0
2022-08-15,Tarn Taran,145.63,0.000607
2022-08-16,Amritsar,0.0,0.0
2022-08-16,Barnala,0.0,0.0
2022-08-16,Bathinda,0.0,0.0
2022-08-16,Faridkot,0.0,0.0
2022-08-16,Fatehgarh Sahib,0.0,0.0
2022-08-16,Firozpur,0.0,0.0
2022-08-16,Gurdaspur,0.0,0.0
2022-08-16,Hoshiarpur,0.0,0.0
2022-08-16,Jalandhar,0.0,0.0
2022-08-16,Kapurthala,0.0,0.0
2022-08-16,Ludhiana,0.0,0.0
2022-08-16,Mansa,0.0,0.0
2022-08-16,Moga,0.0,0.0
2022-08-16,Muktsar,0.0,0.0
2022-08-16,Nawanshahr,0.0,0.0
2022-08-16,Patiala,0.0,0.0
2022-08-16,Rupnagar,0.0,0.0
2022-08-16,Sahibzada Ajit Singh Nagar,0.0,0.0
2022-08-16,Sangrur,0.0,0.0
2022-08-16,Tarn Taran,0.0,0.0
2022-08-17,Amritsar,0.0,0.0
2022-08-17,Barnala,0.0,0.0
2022-08-17,Bathinda,0.0,0.0
2022-08-17,Faridkot,0.0,0.0
2022-08-17,Fatehgarh Sahib,0.0,0.0
2022-08-17,Firozpur,0.0,0.0
2022-08-17,Gurdaspur,0.0,0.0
2022-08-17,Hoshiarpur,0.0,0.0
2022-08-17,Jalandhar,0.0,0.0
2022-08-17,Kapurthala,0.0,0.0
2022-08-17,Ludhiana,0.0,0.0
2022-08-17,Mansa,0.0,0.0
2022-08-17,Moga,0.0,0.0
2022-08-17,Muktsar,0.0,0.0
2022-08-17,Nawanshahr,0.0,0.0
2022-08-17,Patiala,0.0,0.0
2022-08-17,Rupnagar,0.0,0.0
2022-08-17,Sahibzada Ajit Singh Nagar,0.0,0.0
2022-08-17,Sangrur,0.0,0.0
2022-08-17,Tarn Taran,0.0,0.0
2022-08-18,Amritsar,0.0,0.0
2022-08-18,Barnala,0.0,0.0
2022-08-18,Bathinda,0.0,0.0
2022-08-18,Faridkot,0.0,0.0
2022-08-18,Fatehgarh Sahib,0.0,0.0
2022-08-18,Firozpur,0.0,0.0
2022-08-18,Gurdaspur,0.0,0.0
2022-08-18,Hoshiarpur,0.0,0.0
2022-08-18,Jalandhar,0.0,0.0
2022-08-18,Kapurthala,0.0,0.0
2022-08-18,Ludhiana,0.0,0.0
2022-08-18,Mansa,0.0,0.0
2022-08-18,Moga,0.0,0.0
2022-08-18,Muktsar,0.0,0.0
2022-08-18,Nawanshahr,0.0,0.0
2022-08-18,Patiala,0.0,0.0
2022-08-18,Rupnagar,0.0,0.0
2022-08-18,Sahibzada Ajit Singh Nagar,0.0,0.0
2022-08-18,Sangrur,0.0,0.0
2022-08-18,Tarn Taran,0.0,0.0
2022-08-19,Amritsar,0.0,0.0
2022-08-19,Barnala,0.0,0.0
2022-08-19,Bathinda,12.7,3.8e-05
2022-08-19,Faridkot,5.18,3.6e-05
2022-08-19,Fatehgarh Sahib,0.0,0.0
2022-08-19,Firozpur,74.62,0.000143
2022-08-19,Gurdaspur,70.16,0.000193
2022-08-19,Hoshiarpur,0.0,0.0
2022-08-19,Jalandhar,3.67,1.4e-05
2022-08-19,Kapurthala,12.42,7.5e-05
2022-08-19,Ludhiana,0.0,0.0
2022-08-19,Mansa,34.62,0.000156
2022-08-19,Moga,0.0,0.0
2022-08-19,Muktsar,300.27,0.001149
2022-08-19,Nawanshahr,0.0,0.0
2022-08-19,Patiala,0.0,0.0
2022-08-19,Rupnagar,0.0,0.0
2022-08-19,Sahibzada Ajit Singh Nagar,0.0,0.0
2022-08-19,Sangrur,0.0,0.0
2022-08-19,Tarn Taran,55.57,0.000231
2022-08-20,Amritsar,0.0,0.0
2022-08-20,Barnala,0.0,0.0
2022-08-20,Bathinda,0.0,0.0
2022-08-20,Faridkot,0.0,0.0
2022-08-20,Fatehgarh Sahib,0.0,0.0
2022-08-20,Firozpur,0.0,0.0
2022-08-20,Gurdaspur,0.0,0.0
2022-08-20,Hoshiarpur,0.0,0.0
2022-08-20,Jalandhar,0.0,0.0
2022-08-20,Kapurthala,0.0,0.0
2022-08-20,Ludhiana,0.0,0.0
2022-08-20,Mansa,0.0,0.0
2022-08-20,Moga,0.0,0.0
2022-08-20,Muktsar,0.0,0.0
2022-08-20,Nawanshahr,0.0,0.0
2022-08-20,Patiala,0.0,0.0
2022-08-20,Rupnagar,0.0,0.0
2022-08-20,Sahibzada Ajit Singh Nagar,0.0,0.0
2022-08-20,Sangrur,0.0,0.0
2022-08-20,Tarn Taran,0.0,0.0
2022-08-21,Amritsar,0.0,0.0
2022-08-21,Barnala,0.0,0.0
2022-08-21,Bathinda,0.0,0.0
2022-08-21,Faridkot,0.0,0.0
2022-08-21,Fatehgarh Sahib,0.0,0.0
2022-08-21,Firozpur,0.0,0.0
2022-08-21,Gurdaspur,0.0,0.0
2022-08-21,Hoshiarpur,0.0,0.0
2022-08-21,Jalandhar,0.0,0.0
2022-08-21,Kapurthala,0.0,0.0
2022-08-21,Ludhiana,0.0,0.0
2022-08-21,Mansa,0.0,0.0
2022-08-21,Moga,0.0,0.0
2022-08-21,Muktsar,0.0,0.0
2022-08-21,Nawanshahr,0.0,0.0
2022-08-21,Patiala,0.0,0.0
2022-08-21,Rupnagar,0.0,0.0
2022-08-21,Sahibzada Ajit Singh Nagar,0.0,0.0
2022-08-21,Sangrur,0.0,0.0
2022-08-21,Tarn Taran,0.0,0.0
2022-08-22,Amritsar,0.0,0.0
2022-08-22,Barnala,0.0,0.0
2022-08-22,Bathinda,0.0,0.0
2022-08-22,Faridkot,0.0,0.0
2022-08-22,Fatehgarh Sahib,0.0,0.0
2022-08-22,Firozpur,0.0,0.0
2022-08-22,Gurdaspur,0.0,0.0
2022-08-22,Hoshiarpur,0.0,0.0
2022-08-22,Jalandhar,0.0,0.0
2022-08-22,Kapurthala,0.0,0.0
2022-08-22,Ludhiana,0.0,0.0
2022-08-22,Mansa,0.0,0.0
2022-08-22,Moga,0.0,0.0
2022-08-22,Muktsar,0.0,0.0
2022-08-22,Nawanshahr,0.0,0.0
2022-08-22,Patiala,0.0,0.0
2022-08-22,Rupnagar,0.0,0.0
2022-08-22,Sahibzada Ajit Singh Nagar,0.0,0.0
2022-08-22,Sangrur,0.0,0.0
2022-08-22,Tarn Taran,0.0,0.0
2022-08-23,Amritsar,0.0,0.0
2022-08-23,Barnala,0.0,0.0
2022-08-23,Bathinda,0.0,0.0
2022-08-23,Faridkot,0.0,0.0
2022-08-23,Fatehgarh Sahib,0.0,0.0
2022-08-23,Firozpur,0.0,0.0
2022-08-23,Gurdaspur,0.0,0.0
2022-08-23,Hoshiarpur,0.0,0.0
2022-08-23,Jalandhar,0.0,0.0
2022-08-23,Kapurthala,0.0,0.0
2022-08-23,Ludhiana,0.0,0.0
2022-08-23,Mansa,0.0,0.0
2022-08-23,Moga,0.0,0.0
2022-08-23,Muktsar,0.0,0.0
2022-08-23,Nawanshahr,0.0,0.0
2022-08-23,Patiala,0.0,0.0
2022-08-23,Rupnagar,0.0,0.0
2022-08-23,Sahibzada Ajit Singh Nagar,0.0,0.0
2022-08-23,Sangrur,0.0,0.0
2022-08-23,Tarn Taran,0.0,0.0
2022-08-24,Amritsar,0.0,0.0
2022-08-24,Barnala,0.0,0.0
2022-08-24,Bathinda,0.0,0.0
2022-08-24,Faridkot,0.0,0.0
2022-08-24,Fatehgarh Sahib,0.0,0.0
2022-08-24,Firozpur,0.0,0.0
2022-08-24,Gurdaspur,0.0,0.0
2022-08-24,Hoshiarpur,0.0,0.0
2022-08-24,Jalandhar,0.0,0.0
2022-08-24,Kapurthala,0.0,0.0
2022-08-24,Ludhiana,0.0,0.0
2022-08-24,Mansa,0.0,0.0
2022-08-24,Moga,0.0,0.0
2022-08-24,Muktsar,0.0,0.0
2022-08-24,Nawanshahr,0.0,0.0
2022-08-24,Patiala,0.0,0.0
2022-08-24,Rupnagar,0.0,0.0
2022-08-24,Sahibzada Ajit Singh Nagar,0.0,0.0
2022-08-24,Sangrur,0.0,0.0
2022-08-24,Tarn Taran,0.0,0.0
2022-08-25,Amritsar,0.0,0.0
2022-08-25,Barnala,0.0,0.0
2022-08-25,Bathinda,0.0,0.0
2022-08-25,Faridkot,0.0,0.0
2022-08-25,Fatehgarh Sahib,0.0,0.0
2022-08-25,Firozpur,0.0,0.0
2022-08-25,Gurdaspur,0.0,0.0
2022-08-25,Hoshiarpur,0.0,0.0
2022-08-25,Jalandhar,0.0,0.0
2022-08-25,Kapurthala,0.0,0.0
2022-08-25,Ludhiana,0.0,0.0
2022-08-25,Mansa,0.0,0.0
2022-08-25,Moga,0.0,0.0
2022-08-25,Muktsar,0.0,0.0
2022-08-25,Nawanshahr,0.0,0.0
2022-08-25,Patiala,0.0,0.0
2022-08-25,Rupnagar,0.0,0.0
2022-08-25,Sahibzada Ajit Singh Nagar,0.0,0.0
2022-08-25,Sangrur,0.0,0.0
2022-08-25,Tarn Taran,0.0,0.0
2022-08-26,Amritsar,0.0,0.0
2022-08-26,Barnala,0.0,0.0
2022-08-26,Bathinda,0.0,0.0
2022-08-26,Faridkot,0.0,0.0
2022-08-26,Fatehgarh Sahib,4.44,3.9e-05
2022-08-26,Firozpur,0.0,0.0
2022-08-26,Gurdaspur,58.52,0.000161
2022-08-26,Hoshiarpur,0.0,0.0
2022-08-26,Jalandhar,0.0,0.0
2022-08-26,Kapurthala,60.5,0.000363
2022-08-26,Ludhiana,0.0,0.0
2022-08-26,Mansa,0.0,0.0
2022-08-26,Moga,0.0,0.0
2022-08-26,Muktsar,0.0,0.0
2022-08-26,Nawanshahr,0.0,0.0
2022-08-26,Patiala,5.21,1.6e-05
2022-08-26,Rupnagar,0.0,0.0
2022-08-26,Sahibzada Ajit Singh Nagar,0.0,0.0
2022-08-26,Sangrur,0.0,0.0
2022-08-26,Tarn Taran,105.0,0.000437
2022-08-27,Amritsar,0.0,0.0
2022-08-27,Barnala,0.0,0.0
2022-08-27,Bathinda,0.0,0.0
2022-08-27,Faridkot,0.0,0.0
2022-08-27,Fatehgarh Sahib,0.0,0.0
2022-08-27,Firozpur,11.97,2.3e-05
2022-08-27,Gurdaspur,29.29,8.1e-05
2022-08-27,Hoshiarpur,0.0,0.0
2022-08-27,Jalandhar,0.0,0.0
2022-08-27,Kapurthala,244.66,0.001468
2022-08-27,Ludhiana,0.0,0.0
2022-08-27,Mansa,42.89,0.000193
2022-08-27,Moga,0.0,0.0
2022-08-27,Muktsar,61.82,0.000237
2022-08-27,Nawanshahr,0.0,0.0
2022-08-27,Patiala,0.0,0.0
2022-08-27,Rupnagar,0.0,0.0
2022-08-27,Sahibzada Ajit Singh Nagar,0.0,0.0
2022-08-27,Sangrur,0.0,0.0
2022-08-27,Tarn Taran,584.31,0.002434
2022-08-28,Amritsar,0.0,0.0
2022-08-28,Barnala,0.0,0.0
2022-08-28,Bathinda,0.0,0.0
2022-08-28,Faridkot,0.0,0.0
2022-08-28,Fatehgarh Sahib,0.0,0.0
2022-08-28,Firozpur,0.0,0.0
2022-08-28,Gurdaspur,0.0,0.0
2022-08-28,Hoshiarpur,0.0,0.0
2022-08-28,Jalandhar,0.0,0.0
2022-08-28,Kapurthala,0.0,0.0
2022-08-28,Ludhiana,0.0,0.0
2022-08-28,Mansa,0.0,0.0
2022-08-28,Moga,0.0,0.0
2022-08-28,Muktsar,0.0,0.0
2022-08-28,Nawanshahr,0.0,0.0
2022-08-28,Patiala,0.0,0.0
2022-08-28,Rupnagar,0.0,0.0
2022-08-28,Sahibzada Ajit Singh Nagar,0.0,0.0
2022-08-28,Sangrur,0.0,0.0
2022-08-28,Tarn Taran,0.0,0.0
2022-08-29,Amritsar,0.0,0.0
2022-08-29,Barnala,0.0,0.0
2022-08-29,Bathinda,0.0,0.0
2022-08-29,Faridkot,0.0,0.0
2022-08-29,Fatehgarh Sahib,0.0,0.0
2022-08-29,Firozpur,0.0,0.0
2022-08-29,Gurdaspur,0.0,0.0
2022-08-29,Hoshiarpur,0.0,0.0
2022-08-29,Jalandhar,0.0,0.0
2022-08-29,Kapurthala,0.0,0.0
2022-08-29,Ludhiana,0.0,0.0
2022-08-29,Mansa,0.0,0.0
2022-08-29,Moga,0.0,0.0
2022-08-29,Muktsar,0.0,0.0
2022-08-29,Nawanshahr,0.0,0.0
2022-08-29,Patiala,0.0,0.0
2022-08-29,Rupnagar,0.0,0.0
2022-08-29,Sahibzada Ajit Singh Nagar,0.0,0.0
2022-08-29,Sangrur,0.0,0.0
2022-08-29,Tarn Taran,0.0,0.0
2022-08-30,Amritsar,0.0,0.0
2022-08-30,Barnala,0.0,0.0
2022-08-30,Bathinda,0.0,0.0
2022-08-30,Faridkot,0.0,0.0
2022-08-30,Fatehgarh Sahib,0.0,0.0
2022-08-30,Firozpur,0.0,0.0
2022-08-30,Gurdaspur,0.0,0.0
2022-08-30,Hoshiarpur,0.0,0.0
2022-08-30,Jalandhar,0.0,0.0
2022-08-30,Kapurthala,0.0,0.0
2022-08-30,Ludhiana,0.0,0.0
2022-08-30,Mansa,0.0,0.0
2022-08-30,Moga,0.0,0.0
2022-08-30,Muktsar,0.0,0.0
2022-08-30,Nawanshahr,0.0,0.0
2022-08-30,Patiala,0.0,0.0
2022-08-30,Rupnagar,0.0,0.0
2022-08-30,Sahibzada Ajit Singh Nagar,0.0,0.0
2022-08-30,Sangrur,0.0,0.0
2022-08-30,Tarn Taran,0.0,0.0
2022-08-31,Amritsar,2.16,8e-06
2022-08-31,Barnala,7.43,5e-05
2022-08-31,Bathinda,0.0,0.0
2022-08-31,Faridkot,5.18,3.6e-05
2022-08-31,Fatehgarh Sahib,0.0,0.0
2022-08-31,Firozpur,15.58,3e-05
2022-08-31,Gurdaspur,7.18,2e-05
2022-08-31,Hoshiarpur,0.0,0.0
2022-08-31,Jalandhar,107.07,0.00041
2022-08-31,Kapurthala,176.07,0.001057
2022-08-31,Ludhiana,65.43,0.000182
2022-08-31,Mansa,24.08,0.000109
2022-08-31,Moga,53.66,0.000228
2022-08-31,Muktsar,48.36,0.000185
2022-08-31,Nawanshahr,0.0,0.0
2022-08-31,Patiala,0.0,0.0
2022-08-31,Rupnagar,0.0,0.0
2022-08-31,Sahibzada Ajit Singh Nagar,0.0,0.0
2022-08-31,Sangrur,2.25,6e-06
2022-08-31,Tarn Taran,414.22,0.001725
2022-09-01,Amritsar,0.0,0.0
2022-09-01,Barnala,0.0,0.0
2022-09-01,Bathinda,0.0,0.0
2022-09-01,Faridkot,0.0,0.0
2022-09-01,Fatehgarh Sahib,0.0,0.0
2022-09-01,Firozpur,0.0,0.0
2022-09-01,Gurdaspur,0.0,0.0
2022-09-01,Hoshiarpur,0.0,0.0
2022-09-01,Jalandhar,0.0,0.0
2022-09-01,Kapurthala,0.0,0.0
2022-09-01,Ludhiana,0.0,0.0
2022-09-01,Mansa,0.0,0.0
2022-09-01,Moga,0.0,0.0
2022-09-01,Muktsar,0.0,0.0
2022-09-01,Nawanshahr,0.0,0.0
2022-09-01,Patiala,0.0,0.0
2022-09-01,Rupnagar,0.0,0.0
2022-09-01,Sahibzada Ajit Singh Nagar,0.0,0.0
2022-09-01,Sangrur,0.0,0.0
2022-09-01,Tarn Taran,0.0,0.0
2022-09-02,Amritsar,0.0,0.0
2022-09-02,Barnala,0.0,0.0
2022-09-02,Bathinda,0.0,0.0
2022-09-02,Faridkot,0.0,0.0
2022-09-02,Fatehgarh Sahib,0.0,0.0
2022-09-02,Firozpur,0.0,0.0
2022-09-02,Gurdaspur,0.0,0.0
2022-09-02,Hoshiarpur,0.0,0.0
2022-09-02,Jalandhar,0.0,0.0
2022-09-02,Kapurthala,0.0,0.0
2022-09-02,Ludhiana,0.0,0.0
2022-09-02,Mansa,0.0,0.0
2022-09-02,Moga,0.0,0.0
2022-09-02,Muktsar,0.0,0.0
2022-09-02,Nawanshahr,0.0,0.0
2022-09-02,Patiala,0.0,0.0
2022-09-02,Rupnagar,0.0,0.0
2022-09-02,Sahibzada Ajit Singh Nagar,0.0,0.0
2022-09-02,Sangrur,0.0,0.0
2022-09-02,Tarn Taran,0.0,0.0
2022-09-03,Amritsar,0.0,0.0
2022-09-03,Barnala,0.0,0.0
2022-09-03,Bathinda,0.0,0.0
2022-09-03,Faridkot,0.0,0.0
2022-09-03,Fatehgarh Sahib,0.0,0.0
2022-09-03,Firozpur,0.0,0.0
2022-09-03,Gurdaspur,0.0,0.0
2022-09-03,Hoshiarpur,0.0,0.0
2022-09-03,Jalandhar,0.0,0.0
2022-09-03,Kapurthala,0.0,0.0
2022-09-03,Ludhiana,0.0,0.0
2022-09-03,Mansa,0.0,0.0
2022-09-03,Moga,0.0,0.0
2022-09-03,Muktsar,0.0,0.0
2022-09-03,Nawanshahr,0.0,0.0
2022-09-03,Patiala,0.0,0.0
2022-09-03,Rupnagar,0.0,0.0
2022-09-03,Sahibzada Ajit Singh Nagar,0.0,0.0
2022-09-03,Sangrur,0.0,0.0
2022-09-03,Tarn Taran,0.0,0.0
2022-09-04,Amritsar,0.0,0.0
2022-09-04,Barnala,0.0,0.0
2022-09-04,Bathinda,0.0,0.0
2022-09-04,Faridkot,0.0,0.0
2022-09-04,Fatehgarh Sahib,0.0,0.0
2022-09-04,Firozpur,0.0,0.0
2022-09-04,Gurdaspur,0.0,0.0
2022-09-04,Hoshiarpur,0.0,0.0
2022-09-04,Jalandhar,0.0,0.0
2022-09-04,Kapurthala,0.0,0.0
2022-09-04,Ludhiana,0.0,0.0
2022-09-04,Mansa,0.0,0.0
2022-09-04,Moga,0.0,0.0
2022-09-04,Muktsar,0.0,0.0
2022-09-04,Nawanshahr,0.0,0.0
2022-09-04,Patiala,0.0,0.0
2022-09-04,Rupnagar,0.0,0.0
2022-09-04,Sahibzada Ajit Singh Nagar,0.0,0.0
2022-09-04,Sangrur,0.0,0.0
2022-09-04,Tarn Taran,0.0,0.0
2022-09-05,Amritsar,0.0,0.0
2022-09-05,Barnala,0.0,0.0
2022-09-05,Bathinda,0.0,0.0
2022-09-05,Faridkot,0.0,0.0
2022-09-05,Fatehgarh Sahib,0.0,0.0
2022-09-05,Firozpur,0.0,0.0
2022-09-05,Gurdaspur,0.0,0.0
2022-09-05,Hoshiarpur,0.0,0.0
2022-09-05,Jalandhar,0.0,0.0
2022-09-05,Kapurthala,0.0,0.0
2022-09-05,Ludhiana,0.0,0.0
2022-09-05,Mansa,0.0,0.0
2022-09-05,Moga,0.0,0.0
2022-09-05,Muktsar,0.0,0.0
2022-09-05,Nawanshahr,0.0,0.0
2022-09-05,Patiala,0.0,0.0
2022-09-05,Rupnagar,0.0,0.0
2022-09-05,Sahibzada Ajit Singh Nagar,0.0,0.0
2022-09-05,Sangrur,0.0,0.0
2022-09-05,Tarn Taran,0.0,0.0
2022-09-06,Amritsar,0.0,0.0
2022-09-06,Barnala,0.0,0.0
2022-09-06,Bathinda,0.0,0.0
2022-09-06,Faridkot,0.0,0.0
2022-09-06,Fatehgarh Sahib,0.0,0.0
2022-09-06,Firozpur,0.0,0.0
2022-09-06,Gurdaspur,0.0,0.0
2022-09-06,Hoshiarpur,0.0,0.0
2022-09-06,Jalandhar,0.0,0.0
2022-09-06,Kapurthala,0.0,0.0
2022-09-06,Ludhiana,0.0,0.0
2022-09-06,Mansa,0.0,0.0
2022-09-06,Moga,0.0,0.0
2022-09-06,Muktsar,0.0,0.0
2022-09-06,Nawanshahr,0.0,0.0
2022-09-06,Patiala,0.0,0.0
2022-09-06,Rupnagar,0.0,0.0
2022-09-06,Sahibzada Ajit Singh Nagar,0.0,0.0
2022-09-06,Sangrur,0.0,0.0
2022-09-06,Tarn Taran,0.0,0.0
2022-09-07,Amritsar,0.0,0.0
2022-09-07,Barnala,0.0,0.0
2022-09-07,Bathinda,0.0,0.0
2022-09-07,Faridkot,0.0,0.0
2022-09-07,Fatehgarh Sahib,3.7,3.2e-05
2022-09-07,Firozpur,0.0,0.0
2022-09-07,Gurdaspur,20.71,5.7e-05
2022-09-07,Hoshiarpur,0.0,0.0
2022-09-07,Jalandhar,0.0,0.0
2022-09-07,Kapurthala,0.0,0.0
2022-09-07,Ludhiana,0.0,0.0
2022-09-07,Mansa,0.0,0.0
2022-09-07,Moga,0.0,0.0
2022-09-07,Muktsar,0.0,0.0
2022-09-07,Nawanshahr,0.0,0.0
2022-09-07,Patiala,7.44,2.2e-05
2022-09-07,Rupnagar,2.19,1.6e-05
2022-09-07,Sahibzada Ajit Singh Nagar,0.0,0.0
2022-09-07,Sangrur,0.0,0.0
2022-09-07,Tarn Taran,2.18,9e-06
2022-09-08,Amritsar,0.0,0.0
2022-09-08,Barnala,0.0,0.0
2022-09-08,Bathinda,0.0,0.0
2022-09-08,Faridkot,2.96,2e-05
2022-09-08,Fatehgarh Sahib,0.0,0.0
2022-09-08,Firozpur,2.25,4e-06
2022-09-08,Gurdaspur,19.31,5.3e-05
2022-09-08,Hoshiarpur,0.0,0.0
2022-09-08,Jalandhar,0.0,0.0
2022-09-08,Kapurthala,36.55,0.000219
2022-09-08,Ludhiana,0.0,0.0
2022-09-08,Mansa,30.85,0.000139
2022-09-08,Moga,0.0,0.0
2022-09-08,Muktsar,24.55,9.4e-05
2022-09-08,Nawanshahr,0.0,0.0
2022-09-08,Patiala,0.0,0.0
2022-09-08,Rupnagar,0.0,0.0
2022-09-08,Sahibzada Ajit Singh Nagar,0.0,0.0
2022-09-08,Sangrur,0.0,0.0
2022-09-08,Tarn Taran,287.85,0.001199
2022-09-09,Amritsar,0.0,0.0
2022-09-09,Barnala,0.0,0.0
2022-09-09,Bathinda,0.0,0.0
2022-09-09,Faridkot,0.0,0.0
2022-09-09,Fatehgarh Sahib,0.0,0.0
2022-09-09,Firozpur,0.0,0.0
2022-09-09,Gurdaspur,0.0,0.0
2022-09-09,Hoshiarpur,0.0,0.0
2022-09-09,Jalandhar,0.0,0.0
2022-09-09,Kapurthala,0.0,0.0
2022-09-09,Ludhiana,0.0,0.0
2022-09-09,Mansa,0.0,0.0
2022-09-09,Moga,0.0,0.0
2022-09-09,Muktsar,0.0,0.0
2022-09-09,Nawanshahr,0.0,0.0
2022-09-09,Patiala,0.0,0.0
2022-09-09,Rupnagar,0.0,0.0
2022-09-09,Sahibzada Ajit Singh Nagar,0.0,0.0
2022-09-09,Sangrur,0.0,0.0
2022-09-09,Tarn Taran,0.0,0.0
2022-09-10,Amritsar,0.0,0.0
2022-09-10,Barnala,0.0,0.0
2022-09-10,Bathinda,0.0,0.0
2022-09-10,Faridkot,0.0,0.0
2022-09-10,Fatehgarh Sahib,0.0,0.0
2022-09-10,Firozpur,0.0,0.0
2022-09-10,Gurdaspur,0.0,0.0
2022-09-10,Hoshiarpur,0.0,0.0
2022-09-10,Jalandhar,0.0,0.0
2022-09-10,Kapurthala,0.0,0.0
2022-09-10,Ludhiana,0.0,0.0
2022-09-10,Mansa,0.0,0.0
2022-09-10,Moga,0.0,0.0
2022-09-10,Muktsar,0.0,0.0
2022-09-10,Nawanshahr,0.0,0.0
2022-09-10,Patiala,0.0,0.0
2022-09-10,Rupnagar,0.0,0.0
2022-09-10,Sahibzada Ajit Singh Nagar,0.0,0.0
2022-09-10,Sangrur,0.0,0.0
2022-09-10,Tarn Taran,0.0,0.0
2022-09-11,Amritsar,0.0,0.0
2022-09-11,Barnala,0.0,0.0
2022-09-11,Bathinda,0.0,0.0
2022-09-11,Faridkot,0.0,0.0
2022-09-11,Fatehgarh Sahib,0.0,0.0
2022-09-11,Firozpur,0.0,0.0
2022-09-11,Gurdaspur,0.0,0.0
2022-09-11,Hoshiarpur,0.0,0.0
2022-09-11,Jalandhar,0.0,0.0
2022-09-11,Kapurthala,0.0,0.0
2022-09-11,Ludhiana,0.0,0.0
2022-09-11,Mansa,0.0,0.0
2022-09-11,Moga,0.0,0.0
2022-09-11,Muktsar,0.0,0.0
2022-09-11,Nawanshahr,0.0,0.0
2022-09-11,Patiala,0.0,0.0
2022-09-11,Rupnagar,0.0,0.0
2022-09-11,Sahibzada Ajit Singh Nagar,0.0,0.0
2022-09-11,Sangrur,0.0,0.0
2022-09-11,Tarn Taran,0.0,0.0
2022-09-12,Amritsar,0.0,0.0
2022-09-12,Barnala,2.97,2e-05
2022-09-12,Bathinda,13.44,4e-05
2022-09-12,Faridkot,8.15,5.6e-05
2022-09-12,Fatehgarh Sahib,0.0,0.0
2022-09-12,Firozpur,3.73,7e-06
2022-09-12,Gurdaspur,12.17,3.4e-05
2022-09-12,Hoshiarpur,0.0,0.0
2022-09-12,Jalandhar,0.0,0.0
2022-09-12,Kapurthala,15.36,9.2e-05
2022-09-12,Ludhiana,1.47,4e-06
2022-09-12,Mansa,15.81,7.1e-05
2022-09-12,Moga,27.25,0.000116
2022-09-12,Muktsar,17.1,6.5e-05
2022-09-12,Nawanshahr,0.0,0.0
2022-09-12,Patiala,0.0,0.0
2022-09-12,Rupnagar,0.0,0.0
2022-09-12,Sahibzada Ajit Singh Nagar,0.0,0.0
2022-09-12,Sangrur,9.03,2.5e-05
2022-09-12,Tarn Taran,298.07,0.001242
2022-09-13,Amritsar,0.0,0.0
2022-09-13,Barnala,0.0,0.0
2022-09-13,Bathinda,0.0,0.0
2022-09-13,Faridkot,0.0,0.0
2022-09-13,Fatehgarh Sahib,0.0,0.0
2022-09-13,Firozpur,0.0,0.0
2022-09-13,Gurdaspur,0.0,0.0
2022-09-13,Hoshiarpur,0.0,0.0
2022-09-13,Jalandhar,0.0,0.0
2022-09-13,Kapurthala,0.0,0.0
2022-09-13,Ludhiana,0.0,0.0
2022-09-13,Mansa,0.0,0.0
2022-09-13,Moga,0.0,0.0
2022-09-13,Muktsar,0.0,0.0
2022-09-13,Nawanshahr,0.0,0.0
2022-09-13,Patiala,0.0,0.0
2022-09-13,Rupnagar,0.0,0.0
2022-09-13,Sahibzada Ajit Singh Nagar,0.0,0.0
2022-09-13,Sangrur,0.0,0.0
2022-09-13,Tarn Taran,0.0,0.0
2022-09-14,Amritsar,0.0,0.0
2022-09-14,Barnala,0.0,0.0
2022-09-14,Bathinda,0.0,0.0
2022-09-14,Faridkot,0.0,0.0
2022-09-14,Fatehgarh Sahib,0.0,0.0
2022-09-14,Firozpur,0.0,0.0
2022-09-14,Gurdaspur,0.0,0.0
2022-09-14,Hoshiarpur,0.0,0.0
2022-09-14,Jalandhar,0.0,0.0
2022-09-14,Kapurthala,0.0,0.0
2022-09-14,Ludhiana,0.0,0.0
2022-09-14,Mansa,0.0,0.0
2022-09-14,Moga,0.0,0.0
2022-09-14,Muktsar,0.0,0.0
2022-09-14,Nawanshahr,0.0,0.0
2022-09-14,Patiala,0.0,0.0
2022-09-14,Rupnagar,0.0,0.0
2022-09-14,Sahibzada Ajit Singh Nagar,0.0,0.0
2022-09-14,Sangrur,0.0,0.0
2022-09-14,Tarn Taran,0.0,0.0
2022-09-15,Amritsar,0.0,0.0
2022-09-15,Barnala,0.0,0.0
2022-09-15,Bathinda,0.0,0.0
2022-09-15,Faridkot,0.0,0.0
2022-09-15,Fatehgarh Sahib,0.0,0.0
2022-09-15,Firozpur,0.0,0.0
2022-09-15,Gurdaspur,0.0,0.0
2022-09-15,Hoshiarpur,0.0,0.0
2022-09-15,Jalandhar,0.0,0.0
2022-09-15,Kapurthala,0.0,0.0
2022-09-15,Ludhiana,0.0,0.0
2022-09-15,Mansa,0.0,0.0
2022-09-15,Moga,0.0,0.0
2022-09-15,Muktsar,0.0,0.0
2022-09-15,Nawanshahr,0.0,0.0
2022-09-15,Patiala,0.0,0.0
2022-09-15,Rupnagar,0.0,0.0
2022-09-15,Sahibzada Ajit Singh Nagar,0.0,0.0
2022-09-15,Sangrur,0.0,0.0
2022-09-15,Tarn Taran,0.0,0.0
2022-09-16,Amritsar,0.0,0.0
2022-09-16,Barnala,0.0,0.0
2022-09-16,Bathinda,0.0,0.0
2022-09-16,Faridkot,0.0,0.0
2022-09-16,Fatehgarh Sahib,0.0,0.0
2022-09-16,Firozpur,0.0,0.0
2022-09-16,Gurdaspur,0.0,0.0
2022-09-16,Hoshiarpur,0.0,0.0
2022-09-16,Jalandhar,0.0,0.0
2022-09-16,Kapurthala,0.0,0.0
2022-09-16,Ludhiana,0.0,0.0
2022-09-16,Mansa,0.0,0.0
2022-09-16,Moga,0.0,0.0
2022-09-16,Muktsar,0.0,0.0
2022-09-16,Nawanshahr,0.0,0.0
2022-09-16,Patiala,0.0,0.0
2022-09-16,Rupnagar,0.0,0.0
2022-09-16,Sahibzada Ajit Singh Nagar,0.0,0.0
2022-09-16,Sangrur,0.0,0.0
2022-09-16,Tarn Taran,0.0,0.0
2022-09-17,Amritsar,0.0,0.0
2022-09-17,Barnala,0.0,0.0
2022-09-17,Bathinda,0.0,0.0
2022-09-17,Faridkot,0.0,0.0
2022-09-17,Fatehgarh Sahib,0.0,0.0
2022-09-17,Firozpur,0.0,0.0
2022-09-17,Gurdaspur,0.0,0.0
2022-09-17,Hoshiarpur,0.0,0.0
2022-09-17,Jalandhar,0.0,0.0
2022-09-17,Kapurthala,0.0,0.0
2022-09-17,Ludhiana,0.0,0.0
2022-09-17,Mansa,0.0,0.0
2022-09-17,Moga,0.0,0.0
2022-09-17,Muktsar,0.0,0.0
2022-09-17,Nawanshahr,0.0,0.0
2022-09-17,Patiala,0.0,0.0
2022-09-17,Rupnagar,0.0,0.0
2022-09-17,Sahibzada Ajit Singh Nagar,0.0,0.0
2022-09-17,Sangrur,0.0,0.0
2022-09-17,Tarn Taran,0.0,0.0
2022-09-18,Amritsar,0.0,0.0
2022-09-18,Barnala,0.0,0.0
2022-09-18,Bathinda,0.0,0.0
2022-09-18,Faridkot,0.0,0.0
2022-09-18,Fatehgarh Sahib,0.0,0.0
2022-09-18,Firozpur,0.0,0.0
2022-09-18,Gurdaspur,0.0,0.0
2022-09-18,Hoshiarpur,0.0,0.0
2022-09-18,Jalandhar,0.0,0.0
2022-09-18,Kapurthala,0.0,0.0
2022-09-18,Ludhiana,0.0,0.0
2022-09-18,Mansa,0.0,0.0
2022-09-18,Moga,0.0,0.0
2022-09-18,Muktsar,0.0,0.0
2022-09-18,Nawanshahr,0.0,0.0
2022-09-18,Patiala,0.0,0.0
2022-09-18,Rupnagar,0.0,0.0
2022-09-18,Sahibzada Ajit Singh Nagar,0.0,0.0
2022-09-18,Sangrur,0.0,0.0
2022-09-18,Tarn Taran,0.0,0.0
2022-09-19,Amritsar,0.0,0.0
2022-09-19,Barnala,0.0,0.0
2022-09-19,Bathinda,0.0,0.0
2022-09-19,Faridkot,0.0,0.0
2022-09-19,Fatehgarh Sahib,0.0,0.0
2022-09-19,Firozpur,0.0,0.0
2022-09-19,Gurdaspur,17.87,4.9e-05
2022-09-19,Hoshiarpur,0.0,0.0
2022-09-19,Jalandhar,0.0,0.0
2022-09-19,Kapurthala,0.0,0.0
2022-09-19,Ludhiana,0.0,0.0
2022-09-19,Mansa,0.0,0.0
2022-09-19,Moga,0.0,0.0
2022-09-19,Muktsar,0.0,0.0
2022-09-19,Nawanshahr,0.0,0.0
2022-09-19,Patiala,8.19,2.5e-05
2022-09-19,Rupnagar,0.73,5e-06
2022-09-19,Sahibzada Ajit Singh Nagar,0.0,0.0
2022-09-19,Sangrur,0.0,0.0
2022-09-19,Tarn Taran,8.75,3.6e-05
2022-09-20,Amritsar,0.0,0.0
2022-09-20,Barnala,0.0,0.0
2022-09-20,Bathinda,0.0,0.0
2022-09-20,Faridkot,2.96,2e-05
2022-09-20,Fatehgarh Sahib,0.0,0.0
2022-09-20,Firozpur,0.0,0.0
2022-09-20,Gurdaspur,13.58,3.7e-05
2022-09-20,Hoshiarpur,0.0,0.0
2022-09-20,Jalandhar,0.0,0.0
2022-09-20,Kapurthala,21.16,0.000127
2022-09-20,Ludhiana,0.0,0.0
2022-09-20,Mansa,30.85,0.000139
2022-09-20,Moga,0.0,0.0
2022-09-20,Muktsar,9.66,3.7e-05
2022-09-20,Nawanshahr,0.0,0.0
2022-09-20,Patiala,0.0,0.0
2022-09-20,Rupnagar,0.0,0.0
2022-09-20,Sahibzada Ajit Singh Nagar,0.0,0.0
2022-09-20,Sangrur,0.0,0.0
2022-09-20,Tarn Taran,266.65,0.001111
2022-09-21,Amritsar,0.0,0.0
2022-09-21,Barnala,0.0,0.0
2022-09-21,Bathinda,0.0,0.0
2022-09-21,Faridkot,0.0,0.0
2022-09-21,Fatehgarh Sahib,0.0,0.0
2022-09-21,Firozpur,0.0,0.0
2022-09-21,Gurdaspur,0.0,0.0
2022-09-21,Hoshiarpur,0.0,0.0
2022-09-21,Jalandhar,0.0,0.0
2022-09-21,Kapurthala,0.0,0.0
2022-09-21,Ludhiana,0.0,0.0
2022-09-21,Mansa,0.0,0.0
2022-09-21,Moga,0.0,0.0
2022-09-21,Muktsar,0.0,0.0
2022-09-21,Nawanshahr,0.0,0.0
2022-09-21,Patiala,0.0,0.0
2022-09-21,Rupnagar,0.0,0.0
2022-09-21,Sahibzada Ajit Singh Nagar,0.0,0.0
2022-09-21,Sangrur,0.0,0.0
2022-09-21,Tarn Taran,0.0,0.0
2022-09-22,Amritsar,0.0,0.0
2022-09-22,Barnala,0.0,0.0
2022-09-22,Bathinda,0.0,0.0
2022-09-22,Faridkot,0.0,0.0
2022-09-22,Fatehgarh Sahib,0.0,0.0
2022-09-22,Firozpur,0.0,0.0
2022-09-22,Gurdaspur,0.0,0.0
2022-09-22,Hoshiarpur,0.0,0.0
2022-09-22,Jalandhar,0.0,0.0
2022-09-22,Kapurthala,0.0,0.0
2022-09-22,Ludhiana,0.0,0.0
2022-09-22,Mansa,0.0,0.0
2022-09-22,Moga,0.0,0.0
2022-09-22,Muktsar,0.0,0.0
2022-09-22,Nawanshahr,0.0,0.0
2022-09-22,Patiala,0.0,0.0
2022-09-22,Rupnagar,0.0,0.0
2022-09-22,Sahibzada Ajit Singh Nagar,0.0,0.0
2022-09-22,Sangrur,0.0,0.0
2022-09-22,Tarn Taran,0.0,0.0
2022-09-23,Amritsar,0.0,0.0
2022-09-23,Barnala,0.0,0.0
2022-09-23,Bathinda,0.0,0.0
2022-09-23,Faridkot,0.0,0.0
2022-09-23,Fatehgarh Sahib,0.0,0.0
2022-09-23,Firozpur,0.0,0.0
2022-09-23,Gurdaspur,0.0,0.0
2022-09-23,Hoshiarpur,0.0,0.0
2022-09-23,Jalandhar,0.0,0.0
2022-09-23,Kapurthala,0.0,0.0
2022-09-23,Ludhiana,0.0,0.0
2022-09-23,Mansa,0.0,0.0
2022-09-23,Moga,0.0,0.0
2022-09-23,Muktsar,0.0,0.0
2022-09-23,Nawanshahr,0.0,0.0
2022-09-23,Patiala,0.0,0.0
2022-09-23,Rupnagar,0.0,0.0
2022-09-23,Sahibzada Ajit Singh Nagar,0.0,0.0
2022-09-23,Sangrur,0.0,0.0
2022-09-23,Tarn Taran,0.0,0.0
2022-09-24,Amritsar,0.0,0.0
2022-09-24,Barnala,0.0,0.0
2022-09-24,Bathinda,0.0,0.0
2022-09-24,Faridkot,0.0,0.0
2022-09-24,Fatehgarh Sahib,0.0,0.0
2022-09-24,Firozpur,0.0,0.0
2022-09-24,Gurdaspur,7.87,2.2e-05
2022-09-24,Hoshiarpur,0.0,0.0
2022-09-24,Jalandhar,0.0,0.0
2022-09-24,Kapurthala,13.89,8.3e-05
2022-09-24,Ludhiana,0.0,0.0
2022-09-24,Mansa,7.53,3.4e-05
2022-09-24,Moga,0.0,0.0
2022-09-24,Muktsar,3.72,1.4e-05
2022-09-24,Nawanshahr,0.0,0.0
2022-09-24,Patiala,0.0,0.0
2022-09-24,Rupnagar,0.0,0.0
2022-09-24,Sahibzada Ajit Singh Nagar,0.0,0.0
2022-09-24,Sangrur,0.0,0.0
2022-09-24,Tarn Taran,260.07,0.001083
2022-09-25,Amritsar,0.0,0.0
2022-09-25,Barnala,0.0,0.0
2022-09-25,Bathinda,0.0,0.0
2022-09-25,Faridkot,0.0,0.0
2022-09-25,Fatehgarh Sahib,0.0,0.0
2022-09-25,Firozpur,0.0,0.0
2022-09-25,Gurdaspur,0.0,0.0
2022-09-25,Hoshiarpur,0.0,0.0
2022-09-25,Jalandhar,0.0,0.0
2022-09-25,Kapurthala,0.0,0.0
2022-09-25,Ludhiana,0.0,0.0
2022-09-25,Mansa,0.0,0.0
2022-09-25,Moga,0.0,0.0
2022-09-25,Muktsar,0.0,0.0
2022-09-25,Nawanshahr,0.0,0.0
2022-09-25,Patiala,0.0,0.0
2022-09-25,Rupnagar,0.0,0.0
2022-09-25,Sahibzada Ajit Singh Nagar,0.0,0.0
2022-09-25,Sangrur,0.0,0.0
2022-09-25,Tarn Taran,0.0,0.0
2022-09-26,Amritsar,0.0,0.0
2022-09-26,Barnala,0.0,0.0
2022-09-26,Bathinda,0.0,0.0
2022-09-26,Faridkot,0.0,0.0
2022-09-26,Fatehgarh Sahib,0.0,0.0
2022-09-26,Firozpur,0.0,0.0
2022-09-26,Gurdaspur,0.0,0.0
2022-09-26,Hoshiarpur,0.0,0.0
2022-09-26,Jalandhar,0.0,0.0
2022-09-26,Kapurthala,0.0,0.0
2022-09-26,Ludhiana,0.0,0.0
2022-09-26,Mansa,0.0,0.0
2022-09-26,Moga,0.0,0.0
2022-09-26,Muktsar,0.0,0.0
2022-09-26,Nawanshahr,0.0,0.0
2022-09-26,Patiala,0.0,0.0
2022-09-26,Rupnagar,0.0,0.0
2022-09-26,Sahibzada Ajit Singh Nagar,0.0,0.0
2022-09-26,Sangrur,0.0,0.0
2022-09-26,Tarn Taran,0.0,0.0
2022-09-27,Amritsar,0.0,0.0
2022-09-27,Barnala,0.0,0.0
2022-09-27,Bathinda,0.0,0.0
2022-09-27,Faridkot,0.0,0.0
2022-09-27,Fatehgarh Sahib,0.0,0.0
2022-09-27,Firozpur,0.0,0.0
2022-09-27,Gurdaspur,0.0,0.0
2022-09-27,Hoshiarpur,0.0,0.0
2022-09-27,Jalandhar,0.0,0.0
2022-09-27,Kapurthala,0.0,0.0
2022-09-27,Ludhiana,0.0,0.0
2022-09-27,Mansa,0.0,0.0
2022-09-27,Moga,0.0,0.0
2022-09-27,Muktsar,0.0,0.0
2022-09-27,Nawanshahr,0.0,0.0
2022-09-27,Patiala,0.0,0.0
2022-09-27,Rupnagar,0.0,0.0
2022-09-27,Sahibzada Ajit Singh Nagar,0.0,0.0
2022-09-27,Sangrur,0.0,0.0
2022-09-27,Tarn Taran,0.0,0.0
2022-09-28,Amritsar,0.0,0.0
2022-09-28,Barnala,0.0,0.0
2022-09-28,Bathinda,0.0,0.0
2022-09-28,Faridkot,0.0,0.0
2022-09-28,Fatehgarh Sahib,0.0,0.0
2022-09-28,Firozpur,0.0,0.0
2022-09-28,Gurdaspur,0.0,0.0
2022-09-28,Hoshiarpur,0.0,0.0
2022-09-28,Jalandhar,0.0,0.0
2022-09-28,Kapurthala,0.0,0.0
2022-09-28,Ludhiana,0.0,0.0
2022-09-28,Mansa,0.0,0.0
2022-09-28,Moga,0.0,0.0
2022-09-28,Muktsar,0.0,0.0
2022-09-28,Nawanshahr,0.0,0.0
2022-09-28,Patiala,0.0,0.0
2022-09-28,Rupnagar,0.0,0.0
2022-09-28,Sahibzada Ajit Singh Nagar,0.0,0.0
2022-09-28,Sangrur,0.0,0.0
2022-09-28,Tarn Taran,0.0,0.0
2022-09-29,Amritsar,0.0,0.0
2022-09-29,Barnala,0.0,0.0
2022-09-29,Bathinda,0.0,0.0
2022-09-29,Faridkot,0.0,0.0
2022-09-29,Fatehgarh Sahib,0.0,0.0
2022-09-29,Firozpur,0.75,1e-06
2022-09-29,Gurdaspur,0.0,0.0
2022-09-29,Hoshiarpur,0.0,0.0
2022-09-29,Jalandhar,0.0,0.0
2022-09-29,Kapurthala,0.0,0.0
2022-09-29,Ludhiana,0.0,0.0
2022-09-29,Mansa,0.0,0.0
2022-09-29,Moga,0.0,0.0
2022-09-29,Muktsar,0.0,0.0
2022-09-29,Nawanshahr,0.0,0.0
2022-09-29,Patiala,0.0,0.0
2022-09-29,Rupnagar,0.0,0.0
2022-09-29,Sahibzada Ajit Singh Nagar,0.0,0.0
2022-09-29,Sangrur,0.0,0.0
2022-09-29,Tarn Taran,0.0,0.0
2023-06-15,Amritsar,1944.86,0.00729
2023-06-15,Barnala,10.43,7e-05
2023-06-15,Bathinda,208.69,0.000617
2023-06-15,Faridkot,175.42,0.001205
2023-06-15,Fatehgarh Sahib,0.0,0.0
2023-06-15,Firozpur,933.83,0.001788
2023-06-15,Gurdaspur,55.43,0.000153
2023-06-15,Hoshiarpur,0.0,0.0
2023-06-15,Jalandhar,0.0,0.0
2023-06-15,Kapurthala,215.61,0.001294
2023-06-15,Ludhiana,27.97,7.8e-05
2023-06-15,Mansa,90.19,0.000406
2023-06-15,Moga,131.34,0.000558
2023-06-15,Muktsar,648.59,0.002482
2023-06-15,Nawanshahr,0.0,0.0
2023-06-15,Patiala,3.01,9e-06
2023-06-15,Rupnagar,0.0,0.0
2023-06-15,Sahibzada Ajit Singh Nagar,0.0,0.0
2023-06-15,Sangrur,21.76,6e-05
2023-06-15,Tarn Taran,598.09,0.002491
2023-06-16,Amritsar,0.0,0.0
2023-06-16,Barnala,0.0,0.0
2023-06-16,Bathinda,0.0,0.0
2023-06-16,Faridkot,0.0,0.0
2023-06-16,Fatehgarh Sahib,0.0,0.0
2023-06-16,Firozpur,92.28,0.000177
2023-06-16,Gurdaspur,0.0,0.0
2023-06-16,Hoshiarpur,0.0,0.0
2023-06-16,Jalandhar,0.0,0.0
2023-06-16,Kapurthala,0.0,0.0
2023-06-16,Ludhiana,0.0,0.0
2023-06-16,Mansa,0.0,0.0
2023-06-16,Moga,0.0,0.0
2023-06-16,Muktsar,0.0,0.0
2023-06-16,Nawanshahr,0.0,0.0
2023-06-16,Patiala,0.0,0.0
2023-06-16,Rupnagar,0.0,0.0
2023-06-16,Sahibzada Ajit Singh Nagar,0.0,0.0
2023-06-16,Sangrur,0.0,0.0
2023-06-16,Tarn Taran,0.0,0.0
2023-06-17,Amritsar,0.0,0.0
2023-06-17,Barnala,0.0,0.0
2023-06-17,Bathinda,0.0,0.0
2023-06-17,Faridkot,0.0,0.0
2023-06-17,Fatehgarh Sahib,0.0,0.0
2023-06-17,Firozpur,0.0,0.0
2023-06-17,Gurdaspur,0.0,0.0
2023-06-17,Hoshiarpur,0.0,0.0
2023-06-17,Jalandhar,0.0,0.0
2023-06-17,Kapurthala,0.0,0.0
2023-06-17,Ludhiana,0.0,0.0
2023-06-17,Mansa,0.0,0.0
2023-06-17,Moga,0.0,0.0
2023-06-17,Muktsar,0.0,0.0
2023-06-17,Nawanshahr,0.0,0.0
2023-06-17,Patiala,0.0,0.0
2023-06-17,Rupnagar,0.0,0.0
2023-06-17,Sahibzada Ajit Singh Nagar,0.0,0.0
2023-06-17,Sangrur,0.0,0.0
2023-06-17,Tarn Taran,0.0,0.0
2023-06-18,Amritsar,0.0,0.0
2023-06-18,Barnala,3.73,2.5e-05
2023-06-18,Bathinda,0.0,0.0
2023-06-18,Faridkot,0.0,0.0
2023-06-18,Fatehgarh Sahib,301.79,0.002632
2023-06-18,Firozpur,0.0,0.0
2023-06-18,Gurdaspur,0.0,0.0
2023-06-18,Hoshiarpur,0.0,0.0
2023-06-18,Jalandhar,2.2,8e-06
2023-06-18,Kapurthala,0.0,0.0
2023-06-18,Ludhiana,47.84,0.000133
2023-06-18,Mansa,0.0,0.0
2023-06-18,Moga,0.0,0.0
2023-06-18,Muktsar,0.0,0.0
2023-06-18,Nawanshahr,135.06,0.001035
2023-06-18,Patiala,331.52,0.000992
2023-06-18,Rupnagar,18.39,0.000133
2023-06-18,Sahibzada Ajit Singh Nagar,0.0,0.0
2023-06-18,Sangrur,32.97,9.1e-05
2023-06-18,Tarn Taran,0.0,0.0
2023-06-19,Amritsar,0.0,0.0
2023-06-19,Barnala,0.0,0.0
2023-06-19,Bathinda,0.0,0.0
2023-06-19,Faridkot,0.0,0.0
2023-06-19,Fatehgarh Sahib,0.0,0.0
2023-06-19,Firozpur,0.0,0.0
2023-06-19,Gurdaspur,0.0,0.0
2023-06-19,Hoshiarpur,0.0,0.0
2023-06-19,Jalandhar,0.0,0.0
2023-06-19,Kapurthala,0.0,0.0
2023-06-19,Ludhiana,0.0,0.0
2023-06-19,Mansa,0.0,0.0
2023-06-19,Moga,0.0,0.0
2023-06-19,Muktsar,0.0,0.0
2023-06-19,Nawanshahr,0.0,0.0
2023-06-19,Patiala,0.0,0.0
2023-06-19,Rupnagar,0.0,0.0
2023-06-19,Sahibzada Ajit Singh Nagar,0.0,0.0
2023-06-19,Sangrur,0.0,0.0
2023-06-19,Tarn Taran,0.0,0.0
2023-06-20,Amritsar,0.0,0.0
2023-06-20,Barnala,0.0,0.0
2023-06-20,Bathinda,0.0,0.0
2023-06-20,Faridkot,0.0,0.0
2023-06-20,Fatehgarh Sahib,0.0,0.0
2023-06-20,Firozpur,0.0,0.0
2023-06-20,Gurdaspur,0.0,0.0
2023-06-20,Hoshiarpur,0.0,0.0
2023-06-20,Jalandhar,0.0,0.0
2023-06-20,Kapurthala,0.0,0.0
2023-06-20,Ludhiana,0.0,0.0
2023-06-20,Mansa,0.0,0.0
2023-06-20,Moga,0.0,0.0
2023-06-20,Muktsar,0.0,0.0
2023-06-20,Nawanshahr,0.0,0.0
2023-06-20,Patiala,0.0,0.0
2023-06-20,Rupnagar,0.0,0.0
2023-06-20,Sahibzada Ajit Singh Nagar,0.0,0.0
2023-06-20,Sangrur,0.0,0.0
2023-06-20,Tarn Taran,0.0,0.0
2023-06-21,Amritsar,0.0,0.0
2023-06-21,Barnala,0.0,0.0
2023-06-21,Bathinda,0.0,0.0
2023-06-21,Faridkot,0.0,0.0
2023-06-21,Fatehgarh Sahib,0.0,0.0
2023-06-21,Firozpur,0.0,0.0
2023-06-21,Gurdaspur,0.0,0.0
2023-06-21,Hoshiarpur,0.0,0.0
2023-06-21,Jalandhar,0.0,0.0
2023-06-21,Kapurthala,0.0,0.0
2023-06-21,Ludhiana,0.0,0.0
2023-06-21,Mansa,0.0,0.0
2023-06-21,Moga,0.0,0.0
2023-06-21,Muktsar,0.0,0.0
2023-06-21,Nawanshahr,0.0,0.0
2023-06-21,Patiala,0.0,0.0
2023-06-21,Rupnagar,0.0,0.0
2023-06-21,Sahibzada Ajit Singh Nagar,0.0,0.0
2023-06-21,Sangrur,0.0,0.0
2023-06-21,Tarn Taran,0.0,0.0
2023-06-22,Amritsar,13.81,5.2e-05
2023-06-22,Barnala,760.88,0.005105
2023-06-22,Bathinda,0.0,0.0
2023-06-22,Faridkot,0.0,0.0
2023-06-22,Fatehgarh Sahib,3077.68,0.026842
2023-06-22,Firozpur,0.0,0.0
2023-06-22,Gurdaspur,5.07,1.4e-05
2023-06-22,Hoshiarpur,158.51,0.000469
2023-06-22,Jalandhar,255.76,0.000979
2023-06-22,Kapurthala,758.16,0.00455
2023-06-22,Ludhiana,1382.95,0.003845
2023-06-22,Mansa,282.1,0.001271
2023-06-22,Moga,511.77,0.002174
2023-06-22,Muktsar,0.0,0.0
2023-06-22,Nawanshahr,1730.27,0.013261
2023-06-22,Patiala,4219.32,0.012631
2023-06-22,Rupnagar,65.55,0.000472
2023-06-22,Sahibzada Ajit Singh Nagar,63.03,0.000567
2023-06-22,Sangrur,3253.3,0.009009
2023-06-22,Tarn Taran,366.84,0.001528
2023-06-23,Amritsar,2029.6,0.007608
2023-06-23,Barnala,1323.81,0.008883
2023-06-23,Bathinda,1071.53,0.00317
2023-06-23,Faridkot,1451.25,0.00997
2023-06-23,Fatehgarh Sahib,6.67,5.8e-05
2023-06-23,Firozpur,21173.09,0.040551
2023-06-23,Gurdaspur,337.66,0.00093
2023-06-23,Hoshiarpur,290.28,0.00086
2023-06-23,Jalandhar,432.39,0.001654
2023-06-23,Kapurthala,1698.76,0.010194
2023-06-23,Ludhiana,1421.08,0.003951
2023-06-23,Mansa,947.55,0.004271
2023-06-23,Moga,4703.22,0.019976
2023-06-23,Muktsar,1799.94,0.006889
2023-06-23,Nawanshahr,553.96,0.004245
2023-06-23,Patiala,253.14,0.000758
2023-06-23,Rupnagar,0.0,0.0
2023-06-23,Sahibzada Ajit Singh Nagar,0.0,0.0
2023-06-23,Sangrur,3899.75,0.0108
2023-06-23,Tarn Taran,10994.18,0.045797
2023-06-24,Amritsar,0.0,0.0
2023-06-24,Barnala,0.0,0.0
2023-06-24,Bathinda,0.0,0.0
2023-06-24,Faridkot,0.0,0.0
2023-06-24,Fatehgarh Sahib,0.0,0.0
2023-06-24,Firozpur,0.0,0.0
2023-06-24,Gurdaspur,0.0,0.0
2023-06-24,Hoshiarpur,0.0,0.0
2023-06-24,Jalandhar,0.0,0.0
2023-06-24,Kapurthala,0.0,0.0
2023-06-24,Ludhiana,0.0,0.0
2023-06-24,Mansa,0.0,0.0
2023-06-24,Moga,0.0,0.0
2023-06-24,Muktsar,0.0,0.0
2023-06-24,Nawanshahr,0.0,0.0
2023-06-24,Patiala,0.0,0.0
2023-06-24,Rupnagar,0.0,0.0
2023-06-24,Sahibzada Ajit Singh Nagar,0.0,0.0
2023-06-24,Sangrur,0.0,0.0
2023-06-24,Tarn Taran,0.0,0.0
2023-06-25,Amritsar,0.0,0.0
2023-06-25,Barnala,0.0,0.0
2023-06-25,Bathinda,0.0,0.0
2023-06-25,Faridkot,0.0,0.0
2023-06-25,Fatehgarh Sahib,0.0,0.0
2023-06-25,Firozpur,0.0,0.0
2023-06-25,Gurdaspur,0.0,0.0
2023-06-25,Hoshiarpur,0.0,0.0
2023-06-25,Jalandhar,0.0,0.0
2023-06-25,Kapurthala,0.0,0.0
2023-06-25,Ludhiana,0.0,0.0
2023-06-25,Mansa,0.0,0.0
2023-06-25,Moga,0.0,0.0
2023-06-25,Muktsar,0.0,0.0
2023-06-25,Nawanshahr,0.0,0.0
2023-06-25,Patiala,0.0,0.0
2023-06-25,Rupnagar,0.0,0.0
2023-06-25,Sahibzada Ajit Singh Nagar,0.0,0.0
2023-06-25,Sangrur,0.0,0.0
2023-06-25,Tarn Taran,0.0,0.0
2023-06-26,Amritsar,0.0,0.0
2023-06-26,Barnala,0.0,0.0
2023-06-26,Bathinda,0.0,0.0
2023-06-26,Faridkot,0.0,0.0
2023-06-26,Fatehgarh Sahib,0.0,0.0
2023-06-26,Firozpur,0.0,0.0
2023-06-26,Gurdaspur,0.0,0.0
2023-06-26,Hoshiarpur,0.0,0.0
2023-06-26,Jalandhar,0.0,0.0
2023-06-26,Kapurthala,0.0,0.0
2023-06-26,Ludhiana,0.0,0.0
2023-06-26,Mansa,0.0,0.0
2023-06-26,Moga,0.0,0.0
2023-06-26,Muktsar,0.0,0.0
2023-06-26,Nawanshahr,0.0,0.0
2023-06-26,Patiala,0.0,0.0
2023-06-26,Rupnagar,0.0,0.0
2023-06-26,Sahibzada Ajit Singh Nagar,0.0,0.0
2023-06-26,Sangrur,0.0,0.0
2023-06-26,Tarn Taran,0.0,0.0
2023-06-27,Amritsar,21464.86,0.080463
2023-06-27,Barnala,5675.55,0.038083
2023-06-27,Bathinda,2816.52,0.008331
2023-06-27,Faridkot,3446.46,0.023677
2023-06-27,Fatehgarh Sahib,0.0,0.0
2023-06-27,Firozpur,35448.78,0.067892
2023-06-27,Gurdaspur,13632.12,0.037556
2023-06-27,Hoshiarpur,3464.23,0.010258
2023-06-27,Jalandhar,4534.81,0.01735
2023-06-27,Kapurthala,13109.6,0.078671
2023-06-27,Ludhiana,8078.49,0.022462
2023-06-27,Mansa,100.15,0.000451
2023-06-27,Moga,22403.53,0.095157
2023-06-27,Muktsar,2943.29,0.011264
2023-06-27,Nawanshahr,0.0,0.0
2023-06-27,Patiala,11.27,3.4e-05
2023-06-27,Rupnagar,0.0,0.0
2023-06-27,Sahibzada Ajit Singh Nagar,0.0,0.0
2023-06-27,Sangrur,3547.63,0.009824
2023-06-27,Tarn Taran,20372.12,0.084861
2023-06-28,Amritsar,0.0,0.0
2023-06-28,Barnala,0.0,0.0
2023-06-28,Bathinda,0.0,0.0
2023-06-28,Faridkot,0.0,0.0
2023-06-28,Fatehgarh Sahib,0.0,0.0
2023-06-28,Firozpur,0.0,0.0
2023-06-28,Gurdaspur,0.0,0.0
2023-06-28,Hoshiarpur,0.0,0.0
2023-06-28,Jalandhar,0.0,0.0
2023-06-28,Kapurthala,0.0,0.0
2023-06-28,Ludhiana,0.0,0.0
2023-06-28,Mansa,0.0,0.0
2023-06-28,Moga,0.0,0.0
2023-06-28,Muktsar,0.0,0.0
2023-06-28,Nawanshahr,0.0,0.0
2023-06-28,Patiala,0.0,0.0
2023-06-28,Rupnagar,0.0,0.0
2023-06-28,Sahibzada Ajit Singh Nagar,0.0,0.0
2023-06-28,Sangrur,0.0,0.0
2023-06-28,Tarn Taran,0.0,0.0
2023-06-29,Amritsar,0.0,0.0
2023-06-29,Barnala,0.0,0.0
2023-06-29,Bathinda,0.0,0.0
2023-06-29,Faridkot,0.0,0.0
2023-06-29,Fatehgarh Sahib,0.0,0.0
2023-06-29,Firozpur,0.0,0.0
2023-06-29,Gurdaspur,0.0,0.0
2023-06-29,Hoshiarpur,0.0,0.0
2023-06-29,Jalandhar,0.0,0.0
2023-06-29,Kapurthala,0.0,0.0
2023-06-29,Ludhiana,0.0,0.0
2023-06-29,Mansa,0.0,0.0
2023-06-29,Moga,0.0,0.0
2023-06-29,Muktsar,0.0,0.0
2023-06-29,Nawanshahr,0.0,0.0
2023-06-29,Patiala,0.0,0.0
2023-06-29,Rupnagar,0.0,0.0
2023-06-29,Sahibzada Ajit Singh Nagar,0.0,0.0
2023-06-29,Sangrur,0.0,0.0
2023-06-29,Tarn Taran,0.0,0.0
2023-06-30,Amritsar,0.0,0.0
2023-06-30,Barnala,1646.53,0.011048
2023-06-30,Bathinda,0.0,0.0
2023-06-30,Faridkot,0.0,0.0
2023-06-30,Fatehgarh Sahib,12134.19,0.105829
2023-06-30,Firozpur,0.0,0.0
2023-06-30,Gurdaspur,0.0,0.0
2023-06-30,Hoshiarpur,149.75,0.000443
2023-06-30,Jalandhar,3823.22,0.014627
2023-06-30,Kapurthala,71.58,0.00043
2023-06-30,Ludhiana,13508.84,0.037561
2023-06-30,Mansa,1210.94,0.005458
2023-06-30,Moga,0.0,0.0
2023-06-30,Muktsar,0.0,0.0
2023-06-30,Nawanshahr,1067.75,0.008183
2023-06-30,Patiala,26590.02,0.079603
2023-06-30,Rupnagar,1394.18,0.010044
2023-06-30,Sahibzada Ajit Singh Nagar,1495.77,0.013459
2023-06-30,Sangrur,20208.48,0.055963
2023-06-30,Tarn Taran,0.0,0.0
2023-07-01,Amritsar,0.0,0.0
2023-07-01,Barnala,0.0,0.0
2023-07-01,Bathinda,0.0,0.0
2023-07-01,Faridkot,0.0,0.0
2023-07-01,Fatehgarh Sahib,0.0,0.0
2023-07-01,Firozpur,0.0,0.0
2023-07-01,Gurdaspur,0.0,0.0
2023-07-01,Hoshiarpur,0.0,0.0
2023-07-01,Jalandhar,0.0,0.0
2023-07-01,Kapurthala,0.0,0.0
2023-07-01,Ludhiana,0.0,0.0
2023-07-01,Mansa,0.0,0.0
2023-07-01,Moga,0.0,0.0
2023-07-01,Muktsar,0.0,0.0
2023-07-01,Nawanshahr,0.0,0.0
2023-07-01,Patiala,0.0,0.0
2023-07-01,Rupnagar,0.0,0.0
2023-07-01,Sahibzada Ajit Singh Nagar,0.0,0.0
2023-07-01,Sangrur,0.0,0.0
2023-07-01,Tarn Taran,0.0,0.0
2023-07-02,Amritsar,0.0,0.0
2023-07-02,Barnala,0.0,0.0
2023-07-02,Bathinda,0.0,0.0
2023-07-02,Faridkot,0.0,0.0
2023-07-02,Fatehgarh Sahib,0.0,0.0
2023-07-02,Firozpur,0.0,0.0
2023-07-02,Gurdaspur,0.0,0.0
2023-07-02,Hoshiarpur,0.0,0.0
2023-07-02,Jalandhar,0.0,0.0
2023-07-02,Kapurthala,0.0,0.0
2023-07-02,Ludhiana,0.0,0.0
2023-07-02,Mansa,0.0,0.0
2023-07-02,Moga,0.0,0.0
2023-07-02,Muktsar,0.0,0.0
2023-07-02,Nawanshahr,0.0,0.0
2023-07-02,Patiala,0.0,0.0
2023-07-02,Rupnagar,0.0,0.0
2023-07-02,Sahibzada Ajit Singh Nagar,0.0,0.0
2023-07-02,Sangrur,0.0,0.0
2023-07-02,Tarn Taran,0.0,0.0
2023-07-03,Amritsar,0.0,0.0
2023-07-03,Barnala,0.0,0.0
2023-07-03,Bathinda,0.0,0.0
2023-07-03,Faridkot,0.0,0.0
2023-07-03,Fatehgarh Sahib,0.0,0.0
2023-07-03,Firozpur,0.0,0.0
2023-07-03,Gurdaspur,0.0,0.0
2023-07-03,Hoshiarpur,0.0,0.0
2023-07-03,Jalandhar,0.0,0.0
2023-07-03,Kapurthala,0.0,0.0
2023-07-03,Ludhiana,0.0,0.0
2023-07-03,Mansa,0.0,0.0
2023-07-03,Moga,0.0,0.0
2023-07-03,Muktsar,0.0,0.0
2023-07-03,Nawanshahr,0.0,0.0
2023-07-03,Patiala,0.0,0.0
2023-07-03,Rupnagar,0.0,0.0
2023-07-03,Sahibzada Ajit Singh Nagar,0.0,0.0
2023-07-03,Sangrur,0.0,0.0
2023-07-03,Tarn Taran,0.0,0.0
2023-07-04,Amritsar,543.36,0.002037
2023-07-04,Barnala,1519.55,0.010196
2023-07-04,Bathinda,0.0,0.0
2023-07-04,Faridkot,0.0,0.0
2023-07-04,Fatehgarh Sahib,10806.71,0.094251
2023-07-04,Firozpur,0.0,0.0
2023-07-04,Gurdaspur,1566.14,0.004315
2023-07-04,Hoshiarpur,1454.62,0.004307
2023-07-04,Jalandhar,9064.15,0.034678
2023-07-04,Kapurthala,8875.6,0.053262
2023-07-04,Ludhiana,11334.73,0.031516
2023-07-04,Mansa,207.28,0.000934
2023-07-04,Moga,4315.67,0.01833
2023-07-04,Muktsar,0.0,0.0
2023-07-04,Nawanshahr,2964.24,0.022717
2023-07-04,Patiala,35258.71,0.105554
2023-07-04,Rupnagar,1788.74,0.012886
2023-07-04,Sahibzada Ajit Singh Nagar,347.79,0.00313
2023-07-04,Sangrur,18293.14,0.050659
2023-07-04,Tarn Taran,675.98,0.002816
2023-07-05,Amritsar,6230.12,0.023354
2023-07-05,Barnala,112.81,0.000757
2023-07-05,Bathinda,370.14,0.001095
2023-07-05,Faridkot,79.89,0.000549
2023-07-05,Fatehgarh Sahib,158.66,0.001384
2023-07-05,Firozpur,1803.83,0.003455
2023-07-05,Gurdaspur,2435.69,0.00671
2023-07-05,Hoshiarpur,1784.81,0.005285
2023-07-05,Jalandhar,528.19,0.002021
2023-07-05,Kapurthala,637.05,0.003823
2023-07-05,Ludhiana,722.68,0.002009
2023-07-05,Mansa,91.39,0.000412
2023-07-05,Moga,1174.79,0.00499
2023-07-05,Muktsar,219.89,0.000842
2023-07-05,Nawanshahr,303.62,0.002327
2023-07-05,Patiala,267.72,0.000801
2023-07-05,Rupnagar,5.84,4.2e-05
2023-07-05,Sahibzada Ajit Singh Nagar,0.0,0.0
2023-07-05,Sangrur,1735.58,0.004806
2023-07-05,Tarn Taran,3792.41,0.015797
2023-07-06,Amritsar,0.0,0.0
2023-07-06,Barnala,0.0,0.0
2023-07-06,Bathinda,0.0,0.0
2023-07-06,Faridkot,0.0,0.0
2023-07-06,Fatehgarh Sahib,0.0,0.0
2023-07-06,Firozpur,0.0,0.0
2023-07-06,Gurdaspur,0.0,0.0
2023-07-06,Hoshiarpur,0.0,0.0
2023-07-06,Jalandhar,0.0,0.0
2023-07-06,Kapurthala,0.0,0.0
2023-07-06,Ludhiana,0.0,0.0
2023-07-06,Mansa,0.0,0.0
2023-07-06,Moga,0.0,0.0
2023-07-06,Muktsar,0.0,0.0
2023-07-06,Nawanshahr,0.0,0.0
2023-07-06,Patiala,0.0,0.0
2023-07-06,Rupnagar,0.0,0.0
2023-07-06,Sahibzada Ajit Singh Nagar,0.0,0.0
2023-07-06,Sangrur,0.0,0.0
2023-07-06,Tarn Taran,0.0,0.0
2023-07-07,Amritsar,0.0,0.0
2023-07-07,Barnala,0.0,0.0
2023-07-07,Bathinda,0.0,0.0
2023-07-07,Faridkot,0.0,0.0
2023-07-07,Fatehgarh Sahib,0.0,0.0
2023-07-07,Firozpur,0.0,0.0
2023-07-07,Gurdaspur,0.0,0.0
2023-07-07,Hoshiarpur,0.0,0.0
2023-07-07,Jalandhar,0.0,0.0
2023-07-07,Kapurthala,0.0,0.0
2023-07-07,Ludhiana,0.0,0.0
2023-07-07,Mansa,0.0,0.0
2023-07-07,Moga,0.0,0.0
2023-07-07,Muktsar,0.0,0.0
2023-07-07,Nawanshahr,0.0,0.0
2023-07-07,Patiala,0.0,0.0
2023-07-07,Rupnagar,0.0,0.0
2023-07-07,Sahibzada Ajit Singh Nagar,0.0,0.0
2023-07-07,Sangrur,0.0,0.0
2023-07-07,Tarn Taran,0.0,0.0
2023-07-08,Amritsar,0.0,0.0
2023-07-08,Barnala,0.0,0.0
2023-07-08,Bathinda,0.0,0.0
2023-07-08,Faridkot,0.0,0.0
2023-07-08,Fatehgarh Sahib,0.0,0.0
2023-07-08,Firozpur,0.0,0.0
2023-07-08,Gurdaspur,0.0,0.0
2023-07-08,Hoshiarpur,0.0,0.0
2023-07-08,Jalandhar,0.0,0.0
2023-07-08,Kapurthala,0.0,0.0
2023-07-08,Ludhiana,0.0,0.0
2023-07-08,Mansa,0.0,0.0
2023-07-08,Moga,0.0,0.0
2023-07-08,Muktsar,0.0,0.0
2023-07-08,Nawanshahr,0.0,0.0
2023-07-08,Patiala,0.0,0.0
2023-07-08,Rupnagar,0.0,0.0
2023-07-08,Sahibzada Ajit Singh Nagar,0.0,0.0
2023-07-08,Sangrur,0.0,0.0
2023-07-08,Tarn Taran,0.0,0.0
2023-07-09,Amritsar,14509.36,0.05439
2023-07-09,Barnala,271.9,0.001824
2023-07-09,Bathinda,13930.45,0.041207
2023-07-09,Faridkot,11268.99,0.077417
2023-07-09,Fatehgarh Sahib,0.0,0.0
2023-07-09,Firozpur,49106.68,0.09405
2023-07-09,Gurdaspur,25244.17,0.069547
2023-07-09,Hoshiarpur,4743.94,0.014048
2023-07-09,Jalandhar,14412.93,0.055142
2023-07-09,Kapurthala,26557.8,0.159373
2023-07-09,Ludhiana,5866.41,0.016311
2023-07-09,Mansa,1878.23,0.008466
2023-07-09,Moga,31164.02,0.132366
2023-07-09,Muktsar,5330.86,0.020402
2023-07-09,Nawanshahr,0.0,0.0
2023-07-09,Patiala,2.25,7e-06
2023-07-09,Rupnagar,0.0,0.0
2023-07-09,Sahibzada Ajit Singh Nagar,0.0,0.0
2023-07-09,Sangrur,1890.37,0.005235
2023-07-09,Tarn Taran,30440.32,0.126801
2023-07-10,Amritsar,0.0,0.0
2023-07-10,Barnala,0.0,0.0
2023-07-10,Bathinda,0.0,0.0
2023-07-10,Faridkot,0.0,0.0
2023-07-10,Fatehgarh Sahib,0.0,0.0
2023-07-10,Firozpur,2032.22,0.003892
2023-07-10,Gurdaspur,0.0,0.0
2023-07-10,Hoshiarpur,0.0,0.0
2023-07-10,Jalandhar,0.0,0.0
2023-07-10,Kapurthala,0.0,0.0
2023-07-10,Ludhiana,0.0,0.0
2023-07-10,Mansa,0.0,0.0
2023-07-10,Moga,0.0,0.0
2023-07-10,Muktsar,0.0,0.0
2023-07-10,Nawanshahr,0.0,0.0
2023-07-10,Patiala,0.0,0.0
2023-07-10,Rupnagar,0.0,0.0
2023-07-10,Sahibzada Ajit Singh Nagar,0.0,0.0
2023-07-10,Sangrur,0.0,0.0
2023-07-10,Tarn Taran,0.0,0.0
2023-07-11,Amritsar,0.0,0.0
2023-07-11,Barnala,0.0,0.0
2023-07-11,Bathinda,0.0,0.0
2023-07-11,Faridkot,0.0,0.0
2023-07-11,Fatehgarh Sahib,0.0,0.0
2023-07-11,Firozpur,0.0,0.0
2023-07-11,Gurdaspur,0.0,0.0
2023-07-11,Hoshiarpur,0.0,0.0
2023-07-11,Jalandhar,0.0,0.0
2023-07-11,Kapurthala,0.0,0.0
2023-07-11,Ludhiana,0.0,0.0
2023-07-11,Mansa,0.0,0.0
2023-07-11,Moga,0.0,0.0
2023-07-11,Muktsar,0.0,0.0
2023-07-11,Nawanshahr,0.0,0.0
2023-07-11,Patiala,0.0,0.0
2023-07-11,Rupnagar,0.0,0.0
2023-07-11,Sahibzada Ajit Singh Nagar,0.0,0.0
2023-07-11,Sangrur,0.0,0.0
2023-07-11,Tarn Taran,0.0,0.0
2023-07-12,Amritsar,0.0,0.0
2023-07-12,Barnala,0.0,0.0
2023-07-12,Bathinda,0.0,0.0
2023-07-12,Faridkot,0.0,0.0
2023-07-12,Fatehgarh Sahib,15733.23,0.137218
2023-07-12,Firozpur,0.0,0.0
2023-07-12,Gurdaspur,0.0,0.0
2023-07-12,Hoshiarpur,182.73,0.000541
2023-07-12,Jalandhar,598.26,0.002289
2023-07-12,Kapurthala,296.45,0.001779
2023-07-12,Ludhiana,6941.95,0.019302
2023-07-12,Mansa,3.01,1.4e-05
2023-07-12,Moga,0.0,0.0
2023-07-12,Muktsar,0.0,0.0
2023-07-12,Nawanshahr,2983.53,0.022865
2023-07-12,Patiala,64101.82,0.191902
2023-07-12,Rupnagar,3172.37,0.022853
2023-07-12,Sahibzada Ajit Singh Nagar,646.68,0.005819
2023-07-12,Sangrur,814.35,0.002255
2023-07-12,Tarn Taran,0.0,0.0
2023-07-13,Amritsar,0.0,0.0
2023-07-13,Barnala,0.0,0.0
2023-07-13,Bathinda,0.0,0.0
2023-07-13,Faridkot,0.0,0.0
2023-07-13,Fatehgarh Sahib,0.0,0.0
2023-07-13,Firozpur,0.0,0.0
2023-07-13,Gurdaspur,0.0,0.0
2023-07-13,Hoshiarpur,0.0,0.0
2023-07-13,Jalandhar,0.0,0.0
2023-07-13,Kapurthala,0.0,0.0
2023-07-13,Ludhiana,0.0,0.0
2023-07-13,Mansa,0.0,0.0
2023-07-13,Moga,0.0,0.0
2023-07-13,Muktsar,0.0,0.0
2023-07-13,Nawanshahr,0.0,0.0
2023-07-13,Patiala,0.0,0.0
2023-07-13,Rupnagar,0.0,0.0
2023-07-13,Sahibzada Ajit Singh Nagar,0.0,0.0
2023-07-13,Sangrur,0.0,0.0
2023-07-13,Tarn Taran,0.0,0.0
2023-07-14,Amritsar,0.0,0.0
2023-07-14,Barnala,0.0,0.0
2023-07-14,Bathinda,0.0,0.0
2023-07-14,Faridkot,0.0,0.0
2023-07-14,Fatehgarh Sahib,0.0,0.0
2023-07-14,Firozpur,0.0,0.0
2023-07-14,Gurdaspur,0.0,0.0
2023-07-14,Hoshiarpur,0.0,0.0
2023-07-14,Jalandhar,0.0,0.0
2023-07-14,Kapurthala,0.0,0.0
2023-07-14,Ludhiana,0.0,0.0
2023-07-14,Mansa,0.0,0.0
2023-07-14,Moga,0.0,0.0
2023-07-14,Muktsar,0.0,0.0
2023-07-14,Nawanshahr,0.0,0.0
2023-07-14,Patiala,0.0,0.0
2023-07-14,Rupnagar,0.0,0.0
2023-07-14,Sahibzada Ajit Singh Nagar,0.0,0.0
2023-07-14,Sangrur,0.0,0.0
2023-07-14,Tarn Taran,0.0,0.0
2023-07-15,Amritsar,0.0,0.0
2023-07-15,Barnala,0.0,0.0
2023-07-15,Bathinda,0.0,0.0
2023-07-15,Faridkot,0.0,0.0
2023-07-15,Fatehgarh Sahib,0.0,0.0
2023-07-15,Firozpur,0.0,0.0
2023-07-15,Gurdaspur,0.0,0.0
2023-07-15,Hoshiarpur,0.0,0.0
2023-07-15,Jalandhar,0.0,0.0
2023-07-15,Kapurthala,0.0,0.0
2023-07-15,Ludhiana,0.0,0.0
2023-07-15,Mansa,0.0,0.0
2023-07-15,Moga,0.0,0.0
2023-07-15,Muktsar,0.0,0.0
2023-07-15,Nawanshahr,0.0,0.0
2023-07-15,Patiala,0.0,0.0
2023-07-15,Rupnagar,0.0,0.0
2023-07-15,Sahibzada Ajit Singh Nagar,0.0,0.0
2023-07-15,Sangrur,0.0,0.0
2023-07-15,Tarn Taran,0.0,0.0
2023-07-16,Amritsar,12.35,4.6e-05
2023-07-16,Barnala,25.24,0.000169
2023-07-16,Bathinda,0.0,0.0
2023-07-16,Faridkot,0.0,0.0
2023-07-16,Fatehgarh Sahib,1081.6,0.009433
2023-07-16,Firozpur,0.0,0.0
2023-07-16,Gurdaspur,682.38,0.00188
2023-07-16,Hoshiarpur,697.29,0.002065
2023-07-16,Jalandhar,2118.3,0.008104
2023-07-16,Kapurthala,3605.59,0.021637
2023-07-16,Ludhiana,2128.45,0.005918
2023-07-16,Mansa,1611.74,0.007265
2023-07-16,Moga,220.21,0.000935
2023-07-16,Muktsar,0.0,0.0
2023-07-16,Nawanshahr,674.38,0.005168
2023-07-16,Patiala,32436.78,0.097106
2023-07-16,Rupnagar,237.09,0.001708
2023-07-16,Sahibzada Ajit Singh Nagar,149.94,0.001349
2023-07-16,Sangrur,13044.05,0.036123
2023-07-16,Tarn Taran,50.25,0.000209
2023-07-17,Amritsar,456.12,0.00171
2023-07-17,Barnala,5.95,4e-05
2023-07-17,Bathinda,170.55,0.000504
2023-07-17,Faridkot,368.07,0.002529
2023-07-17,Fatehgarh Sahib,0.0,0.0
2023-07-17,Firozpur,4441.22,0.008506
2023-07-17,Gurdaspur,653.73,0.001801
2023-07-17,Hoshiarpur,731.15,0.002165
2023-07-17,Jalandhar,2860.05,0.010942
2023-07-17,Kapurthala,5033.85,0.030208
2023-07-17,Ludhiana,988.93,0.00275
2023-07-17,Mansa,2896.24,0.013054
2023-07-17,Moga,347.36,0.001475
2023-07-17,Muktsar,426.99,0.001634
2023-07-17,Nawanshahr,375.62,0.002879
2023-07-17,Patiala,483.88,0.001449
2023-07-17,Rupnagar,0.0,0.0
2023-07-17,Sahibzada Ajit Singh Nagar,0.0,0.0
2023-07-17,Sangrur,12156.9,0.033666
2023-07-17,Tarn Taran,1933.05,0.008052
2023-07-18,Amritsar,0.0,0.0
2023-07-18,Barnala,0.0,0.0
2023-07-18,Bathinda,0.0,0.0
2023-07-18,Faridkot,0.0,0.0
2023-07-18,Fatehgarh Sahib,0.0,0.0
2023-07-18,Firozpur,0.0,0.0
2023-07-18,Gurdaspur,0.0,0.0
2023-07-18,Hoshiarpur,0.0,0.0
2023-07-18,Jalandhar,0.0,0.0
2023-07-18,Kapurthala,0.0,0.0
2023-07-18,Ludhiana,0.0,0.0
2023-07-18,Mansa,0.0,0.0
2023-07-18,Moga,0.0,0.0
2023-07-18,Muktsar,0.0,0.0
2023-07-18,Nawanshahr,0.0,0.0
2023-07-18,Patiala,0.0,0.0
2023-07-18,Rupnagar,0.0,0.0
2023-07-18,Sahibzada Ajit Singh Nagar,0.0,0.0
2023-07-18,Sangrur,0.0,0.0
2023-07-18,Tarn Taran,0.0,0.0
2023-07-19,Amritsar,0.0,0.0
2023-07-19,Barnala,0.0,0.0
2023-07-19,Bathinda,0.0,0.0
2023-07-19,Faridkot,0.0,0.0
2023-07-19,Fatehgarh Sahib,0.0,0.0
2023-07-19,Firozpur,0.0,0.0
2023-07-19,Gurdaspur,0.0,0.0
2023-07-19,Hoshiarpur,0.0,0.0
2023-07-19,Jalandhar,0.0,0.0
2023-07-19,Kapurthala,0.0,0.0
2023-07-19,Ludhiana,0.0,0.0
2023-07-19,Mansa,0.0,0.0
2023-07-19,Moga,0.0,0.0
2023-07-19,Muktsar,0.0,0.0
2023-07-19,Nawanshahr,0.0,0.0
2023-07-19,Patiala,0.0,0.0
2023-07-19,Rupnagar,0.0,0.0
2023-07-19,Sahibzada Ajit Singh Nagar,0.0,0.0
2023-07-19,Sangrur,0.0,0.0
2023-07-19,Tarn Taran,0.0,0.0
2023-07-20,Amritsar,0.0,0.0
2023-07-20,Barnala,0.0,0.0
2023-07-20,Bathinda,0.0,0.0
2023-07-20,Faridkot,0.0,0.0
2023-07-20,Fatehgarh Sahib,0.0,0.0
2023-07-20,Firozpur,0.0,0.0
2023-07-20,Gurdaspur,0.0,0.0
2023-07-20,Hoshiarpur,0.0,0.0
2023-07-20,Jalandhar,0.0,0.0
2023-07-20,Kapurthala,0.0,0.0
2023-07-20,Ludhiana,0.0,0.0
2023-07-20,Mansa,0.0,0.0
2023-07-20,Moga,0.0,0.0
2023-07-20,Muktsar,0.0,0.0
2023-07-20,Nawanshahr,0.0,0.0
2023-07-20,Patiala,0.0,0.0
2023-07-20,Rupnagar,0.0,0.0
2023-07-20,Sahibzada Ajit Singh Nagar,0.0,0.0
2023-07-20,Sangrur,0.0,0.0
2023-07-20,Tarn Taran,0.0,0.0
2023-07-21,Amritsar,1913.16,0.007172
2023-07-21,Barnala,6.7,4.5e-05
2023-07-21,Bathinda,203.0,0.0006
2023-07-21,Faridkot,265.73,0.001826
2023-07-21,Fatehgarh Sahib,0.0,0.0
2023-07-21,Firozpur,5577.63,0.010682
2023-07-21,Gurdaspur,1144.29,0.003153
2023-07-21,Hoshiarpur,174.42,0.000516
2023-07-21,Jalandhar,2469.9,0.00945
2023-07-21,Kapurthala,5030.43,0.030188
2023-07-21,Ludhiana,279.33,0.000777
2023-07-21,Mansa,3595.41,0.016205
2023-07-21,Moga,669.51,0.002844
2023-07-21,Muktsar,115.94,0.000444
2023-07-21,Nawanshahr,0.0,0.0
2023-07-21,Patiala,185.55,0.000555
2023-07-21,Rupnagar,0.0,0.0
2023-07-21,Sahibzada Ajit Singh Nagar,0.0,0.0
2023-07-21,Sangrur,9778.48,0.027079
2023-07-21,Tarn Taran,4573.71,0.019052
2023-07-22,Amritsar,0.0,0.0
2023-07-22,Barnala,0.0,0.0
2023-07-22,Bathinda,0.0,0.0
2023-07-22,Faridkot,0.0,0.0
2023-07-22,Fatehgarh Sahib,0.0,0.0
2023-07-22,Firozpur,582.18,0.001115
2023-07-22,Gurdaspur,0.0,0.0
2023-07-22,Hoshiarpur,0.0,0.0
2023-07-22,Jalandhar,0.0,0.0
2023-07-22,Kapurthala,0.0,0.0
2023-07-22,Ludhiana,0.0,0.0
2023-07-22,Mansa,0.0,0.0
2023-07-22,Moga,0.0,0.0
2023-07-22,Muktsar,0.0,0.0
2023-07-22,Nawanshahr,0.0,0.0
2023-07-22,Patiala,0.0,0.0
2023-07-22,Rupnagar,0.0,0.0
2023-07-22,Sahibzada Ajit Singh Nagar,0.0,0.0
2023-07-22,Sangrur,0.0,0.0
2023-07-22,Tarn Taran,0.0,0.0
2023-07-23,Amritsar,0.0,0.0
2023-07-23,Barnala,0.0,0.0
2023-07-23,Bathinda,0.0,0.0
2023-07-23,Faridkot,0.0,0.0
2023-07-23,Fatehgarh Sahib,0.0,0.0
2023-07-23,Firozpur,0.0,0.0
2023-07-23,Gurdaspur,0.0,0.0
2023-07-23,Hoshiarpur,0.0,0.0
2023-07-23,Jalandhar,0.0,0.0
2023-07-23,Kapurthala,0.0,0.0
2023-07-23,Ludhiana,0.0,0.0
2023-07-23,Mansa,0.0,0.0
2023-07-23,Moga,0.0,0.0
2023-07-23,Muktsar,0.0,0.0
2023-07-23,Nawanshahr,0.0,0.0
2023-07-23,Patiala,0.0,0.0
2023-07-23,Rupnagar,0.0,0.0
2023-07-23,Sahibzada Ajit Singh Nagar,0.0,0.0
2023-07-23,Sangrur,0.0,0.0
2023-07-23,Tarn Taran,0.0,0.0
2023-07-24,Amritsar,0.0,0.0
2023-07-24,Barnala,12.65,8.5e-05
2023-07-24,Bathinda,0.0,0.0
2023-07-24,Faridkot,0.0,0.0
2023-07-24,Fatehgarh Sahib,366.24,0.003194
2023-07-24,Firozpur,0.0,0.0
2023-07-24,Gurdaspur,0.0,0.0
2023-07-24,Hoshiarpur,0.0,0.0
2023-07-24,Jalandhar,28.65,0.00011
2023-07-24,Kapurthala,0.0,0.0
2023-07-24,Ludhiana,143.4,0.000399
2023-07-24,Mansa,1463.59,0.006597
2023-07-24,Moga,0.0,0.0
2023-07-24,Muktsar,0.0,0.0
2023-07-24,Nawanshahr,111.65,0.000856
2023-07-24,Patiala,15946.76,0.04774
2023-07-24,Rupnagar,36.77,0.000265
2023-07-24,Sahibzada Ajit Singh Nagar,277.0,0.002493
2023-07-24,Sangrur,10916.63,0.030231
2023-07-24,Tarn Taran,0.0,0.0
2023-07-25,Amritsar,0.0,0.0
2023-07-25,Barnala,0.0,0.0
2023-07-25,Bathinda,0.0,0.0
2023-07-25,Faridkot,0.0,0.0
2023-07-25,Fatehgarh Sahib,0.0,0.0
2023-07-25,Firozpur,0.0,0.0
2023-07-25,Gurdaspur,0.0,0.0
2023-07-25,Hoshiarpur,0.0,0.0
2023-07-25,Jalandhar,0.0,0.0
2023-07-25,Kapurthala,0.0,0.0
2023-07-25,Ludhiana,0.0,0.0
2023-07-25,Mansa,0.0,0.0
2023-07-25,Moga,0.0,0.0
2023-07-25,Muktsar,0.0,0.0
2023-07-25,Nawanshahr,0.0,0.0
2023-07-25,Patiala,0.0,0.0
2023-07-25,Rupnagar,0.0,0.0
2023-07-25,Sahibzada Ajit Singh Nagar,0.0,0.0
2023-07-25,Sangrur,0.0,0.0
2023-07-25,Tarn Taran,0.0,0.0
2023-07-26,Amritsar,0.0,0.0
2023-07-26,Barnala,0.0,0.0
2023-07-26,Bathinda,0.0,0.0
2023-07-26,Faridkot,0.0,0.0
2023-07-26,Fatehgarh Sahib,0.0,0.0
2023-07-26,Firozpur,0.0,0.0
2023-07-26,Gurdaspur,0.0,0.0
2023-07-26,Hoshiarpur,0.0,0.0
2023-07-26,Jalandhar,0.0,0.0
2023-07-26,Kapurthala,0.0,0.0
2023-07-26,Ludhiana,0.0,0.0
2023-07-26,Mansa,0.0,0.0
2023-07-26,Moga,0.0,0.0
2023-07-26,Muktsar,0.0,0.0
2023-07-26,Nawanshahr,0.0,0.0
2023-07-26,Patiala,0.0,0.0
2023-07-26,Rupnagar,0.0,0.0
2023-07-26,Sahibzada Ajit Singh Nagar,0.0,0.0
2023-07-26,Sangrur,0.0,0.0
2023-07-26,Tarn Taran,0.0,0.0
2023-07-27,Amritsar,0.0,0.0
2023-07-27,Barnala,0.0,0.0
2023-07-27,Bathinda,0.0,0.0
2023-07-27,Faridkot,0.0,0.0
2023-07-27,Fatehgarh Sahib,0.0,0.0
2023-07-27,Firozpur,0.0,0.0
2023-07-27,Gurdaspur,0.0,0.0
2023-07-27,Hoshiarpur,0.0,0.0
2023-07-27,Jalandhar,0.0,0.0
2023-07-27,Kapurthala,0.0,0.0
2023-07-27,Ludhiana,0.0,0.0
2023-07-27,Mansa,0.0,0.0
2023-07-27,Moga,0.0,0.0
2023-07-27,Muktsar,0.0,0.0
2023-07-27,Nawanshahr,0.0,0.0
2023-07-27,Patiala,0.0,0.0
2023-07-27,Rupnagar,0.0,0.0
2023-07-27,Sahibzada Ajit Singh Nagar,0.0,0.0
2023-07-27,Sangrur,0.0,0.0
2023-07-27,Tarn Taran,0.0,0.0
2023-07-28,Amritsar,217.75,0.000816
2023-07-28,Barnala,257.04,0.001725
2023-07-28,Bathinda,0.0,0.0
2023-07-28,Faridkot,0.0,0.0
2023-07-28,Fatehgarh Sahib,936.53,0.008168
2023-07-28,Firozpur,0.0,0.0
2023-07-28,Gurdaspur,826.82,0.002278
2023-07-28,Hoshiarpur,355.41,0.001052
2023-07-28,Jalandhar,513.44,0.001964
2023-07-28,Kapurthala,2136.15,0.012819
2023-07-28,Ludhiana,368.45,0.001024
2023-07-28,Mansa,1361.39,0.006136
2023-07-28,Moga,315.93,0.001342
2023-07-28,Muktsar,0.0,0.0
2023-07-28,Nawanshahr,96.95,0.000743
2023-07-28,Patiala,18314.49,0.054828
2023-07-28,Rupnagar,126.53,0.000912
2023-07-28,Sahibzada Ajit Singh Nagar,41.49,0.000373
2023-07-28,Sangrur,10624.59,0.029423
2023-07-28,Tarn Taran,956.43,0.003984
2023-07-29,Amritsar,894.36,0.003353
2023-07-29,Barnala,61.1,0.00041
2023-07-29,Bathinda,29.15,8.6e-05
2023-07-29,Faridkot,72.48,0.000498
2023-07-29,Fatehgarh Sahib,2.96,2.6e-05
2023-07-29,Firozpur,7732.65,0.01481
2023-07-29,Gurdaspur,807.4,0.002224
2023-07-29,Hoshiarpur,277.99,0.000823
2023-07-29,Jalandhar,2583.52,0.009884
2023-07-29,Kapurthala,5710.22,0.034267
2023-07-29,Ludhiana,261.72,0.000728
2023-07-29,Mansa,1871.91,0.008437
2023-07-29,Moga,736.42,0.003128
2023-07-29,Muktsar,66.89,0.000256
2023-07-29,Nawanshahr,86.67,0.000664
2023-07-29,Patiala,230.83,0.000691
2023-07-29,Rupnagar,0.0,0.0
2023-07-29,Sahibzada Ajit Singh Nagar,0.0,0.0
2023-07-29,Sangrur,8771.42,0.024291
2023-07-29,Tarn Taran,4966.84,0.02069
2023-07-30,Amritsar,0.0,0.0
2023-07-30,Barnala,0.0,0.0
2023-07-30,Bathinda,0.0,0.0
2023-07-30,Faridkot,0.0,0.0
2023-07-30,Fatehgarh Sahib,0.0,0.0
2023-07-30,Firozpur,0.0,0.0
2023-07-30,Gurdaspur,0.0,0.0
2023-07-30,Hoshiarpur,0.0,0.0
2023-07-30,Jalandhar,0.0,0.0
2023-07-30,Kapurthala,0.0,0.0
2023-07-30,Ludhiana,0.0,0.0
2023-07-30,Mansa,0.0,0.0
2023-07-30,Moga,0.0,0.0
2023-07-30,Muktsar,0.0,0.0
2023-07-30,Nawanshahr,0.0,0.0
2023-07-30,Patiala,0.0,0.0
2023-07-30,Rupnagar,0.0,0.0
2023-07-30,Sahibzada Ajit Singh Nagar,0.0,0.0
2023-07-30,Sangrur,0.0,0.0
2023-07-30,Tarn Taran,0.0,0.0
2023-07-31,Amritsar,0.0,0.0
2023-07-31,Barnala,0.0,0.0
2023-07-31,Bathinda,0.0,0.0
2023-07-31,Faridkot,0.0,0.0
2023-07-31,Fatehgarh Sahib,0.0,0.0
2023-07-31,Firozpur,0.0,0.0
2023-07-31,Gurdaspur,0.0,0.0
2023-07-31,Hoshiarpur,0.0,0.0
2023-07-31,Jalandhar,0.0,0.0
2023-07-31,Kapurthala,0.0,0.0
2023-07-31,Ludhiana,0.0,0.0
2023-07-31,Mansa,0.0,0.0
2023-07-31,Moga,0.0,0.0
2023-07-31,Muktsar,0.0,0.0
2023-07-31,Nawanshahr,0.0,0.0
2023-07-31,Patiala,0.0,0.0
2023-07-31,Rupnagar,0.0,0.0
2023-07-31,Sahibzada Ajit Singh Nagar,0.0,0.0
2023-07-31,Sangrur,0.0,0.0
2023-07-31,Tarn Taran,0.0,0.0
2023-08-01,Amritsar,0.0,0.0
2023-08-01,Barnala,0.0,0.0
2023-08-01,Bathinda,0.0,0.0
2023-08-01,Faridkot,0.0,0.0
2023-08-01,Fatehgarh Sahib,0.0,0.0
2023-08-01,Firozpur,0.0,0.0
2023-08-01,Gurdaspur,0.0,0.0
2023-08-01,Hoshiarpur,0.0,0.0
2023-08-01,Jalandhar,0.0,0.0
2023-08-01,Kapurthala,0.0,0.0
2023-08-01,Ludhiana,0.0,0.0
2023-08-01,Mansa,0.0,0.0
2023-08-01,Moga,0.0,0.0
2023-08-01,Muktsar,0.0,0.0
2023-08-01,Nawanshahr,0.0,0.0
2023-08-01,Patiala,0.0,0.0
2023-08-01,Rupnagar,0.0,0.0
2023-08-01,Sahibzada Ajit Singh Nagar,0.0,0.0
2023-08-01,Sangrur,0.0,0.0
2023-08-01,Tarn Taran,0.0,0.0
2023-08-02,Amritsar,315.41,0.001182
2023-08-02,Barnala,139.4,0.000935
2023-08-02,Bathinda,20.14,6e-05
2023-08-02,Faridkot,55.51,0.000381
2023-08-02,Fatehgarh Sahib,0.0,0.0
2023-08-02,Firozpur,6667.42,0.01277
2023-08-02,Gurdaspur,521.06,0.001436
2023-08-02,Hoshiarpur,165.7,0.000491
2023-08-02,Jalandhar,2249.51,0.008606
2023-08-02,Kapurthala,4752.26,0.028518
2023-08-02,Ludhiana,167.58,0.000466
2023-08-02,Mansa,1535.84,0.006922
2023-08-02,Moga,694.32,0.002949
2023-08-02,Muktsar,36.56,0.00014
2023-08-02,Nawanshahr,0.0,0.0
2023-08-02,Patiala,133.72,0.0004
2023-08-02,Rupnagar,0.0,0.0
2023-08-02,Sahibzada Ajit Singh Nagar,0.0,0.0
2023-08-02,Sangrur,6939.6,0.019218
2023-08-02,Tarn Taran,4329.45,0.018035
2023-08-03,Amritsar,0.0,0.0
2023-08-03,Barnala,0.0,0.0
2023-08-03,Bathinda,0.0,0.0
2023-08-03,Faridkot,0.0,0.0
2023-08-03,Fatehgarh Sahib,0.0,0.0
2023-08-03,Firozpur,0.0,0.0
2023-08-03,Gurdaspur,0.0,0.0
2023-08-03,Hoshiarpur,0.0,0.0
2023-08-03,Jalandhar,0.0,0.0
2023-08-03,Kapurthala,0.0,0.0
2023-08-03,Ludhiana,0.0,0.0
2023-08-03,Mansa,0.0,0.0
2023-08-03,Moga,0.0,0.0
2023-08-03,Muktsar,0.0,0.0
2023-08-03,Nawanshahr,0.0,0.0
2023-08-03,Patiala,0.0,0.0
2023-08-03,Rupnagar,0.0,0.0
2023-08-03,Sahibzada Ajit Singh Nagar,0.0,0.0
2023-08-03,Sangrur,0.0,0.0
2023-08-03,Tarn Taran,0.0,0.0
2023-08-04,Amritsar,0.0,0.0
2023-08-04,Barnala,0.0,0.0
2023-08-04,Bathinda,0.0,0.0
2023-08-04,Faridkot,0.0,0.0
2023-08-04,Fatehgarh Sahib,0.0,0.0
2023-08-04,Firozpur,0.0,0.0
2023-08-04,Gurdaspur,0.0,0.0
2023-08-04,Hoshiarpur,0.0,0.0
2023-08-04,Jalandhar,0.0,0.0
2023-08-04,Kapurthala,0.0,0.0
2023-08-04,Ludhiana,0.0,0.0
2023-08-04,Mansa,0.0,0.0
2023-08-04,Moga,0.0,0.0
2023-08-04,Muktsar,0.0,0.0
2023-08-04,Nawanshahr,0.0,0.0
2023-08-04,Patiala,0.0,0.0
2023-08-04,Rupnagar,0.0,0.0
2023-08-04,Sahibzada Ajit Singh Nagar,0.0,0.0
2023-08-04,Sangrur,0.0,0.0
2023-08-04,Tarn Taran,0.0,0.0
2023-08-05,Amritsar,0.0,0.0
2023-08-05,Barnala,0.0,0.0
2023-08-05,Bathinda,0.0,0.0
2023-08-05,Faridkot,0.0,0.0
2023-08-05,Fatehgarh Sahib,17.01,0.000148
2023-08-05,Firozpur,0.0,0.0
2023-08-05,Gurdaspur,0.0,0.0
2023-08-05,Hoshiarpur,0.0,0.0
2023-08-05,Jalandhar,23.51,9e-05
2023-08-05,Kapurthala,0.0,0.0
2023-08-05,Ludhiana,83.79,0.000233
2023-08-05,Mansa,994.26,0.004481
2023-08-05,Moga,0.0,0.0
2023-08-05,Muktsar,0.0,0.0
2023-08-05,Nawanshahr,101.37,0.000777
2023-08-05,Patiala,3869.58,0.011584
2023-08-05,Rupnagar,19.87,0.000143
2023-08-05,Sahibzada Ajit Singh Nagar,6.65,6e-05
2023-08-05,Sangrur,6342.57,0.017564
2023-08-05,Tarn Taran,0.0,0.0
2023-08-06,Amritsar,0.0,0.0
2023-08-06,Barnala,0.0,0.0
2023-08-06,Bathinda,0.0,0.0
2023-08-06,Faridkot,0.0,0.0
2023-08-06,Fatehgarh Sahib,0.0,0.0
2023-08-06,Firozpur,0.0,0.0
2023-08-06,Gurdaspur,0.0,0.0
2023-08-06,Hoshiarpur,0.0,0.0
2023-08-06,Jalandhar,0.0,0.0
2023-08-06,Kapurthala,0.0,0.0
2023-08-06,Ludhiana,0.0,0.0
2023-08-06,Mansa,0.0,0.0
2023-08-06,Moga,0.0,0.0
2023-08-06,Muktsar,0.0,0.0
2023-08-06,Nawanshahr,0.0,0.0
2023-08-06,Patiala,0.0,0.0
2023-08-06,Rupnagar,0.0,0.0
2023-08-06,Sahibzada Ajit Singh Nagar,0.0,0.0
2023-08-06,Sangrur,0.0,0.0
2023-08-06,Tarn Taran,0.0,0.0
2023-08-07,Amritsar,0.0,0.0
2023-08-07,Barnala,0.0,0.0
2023-08-07,Bathinda,0.0,0.0
2023-08-07,Faridkot,0.0,0.0
2023-08-07,Fatehgarh Sahib,0.0,0.0
2023-08-07,Firozpur,0.0,0.0
2023-08-07,Gurdaspur,0.0,0.0
2023-08-07,Hoshiarpur,0.0,0.0
2023-08-07,Jalandhar,0.0,0.0
2023-08-07,Kapurthala,0.0,0.0
2023-08-07,Ludhiana,0.0,0.0
2023-08-07,Mansa,0.0,0.0
2023-08-07,Moga,0.0,0.0
2023-08-07,Muktsar,0.0,0.0
2023-08-07,Nawanshahr,0.0,0.0
2023-08-07,Patiala,0.0,0.0
2023-08-07,Rupnagar,0.0,0.0
2023-08-07,Sahibzada Ajit Singh Nagar,0.0,0.0
2023-08-07,Sangrur,0.0,0.0
2023-08-07,Tarn Taran,0.0,0.0
2023-08-08,Amritsar,0.0,0.0
2023-08-08,Barnala,0.0,0.0
2023-08-08,Bathinda,0.0,0.0
2023-08-08,Faridkot,0.0,0.0
2023-08-08,Fatehgarh Sahib,0.0,0.0
2023-08-08,Firozpur,0.0,0.0
2023-08-08,Gurdaspur,0.0,0.0
2023-08-08,Hoshiarpur,0.0,0.0
2023-08-08,Jalandhar,0.0,0.0
2023-08-08,Kapurthala,0.0,0.0
2023-08-08,Ludhiana,0.0,0.0
2023-08-08,Mansa,0.0,0.0
2023-08-08,Moga,0.0,0.0
2023-08-08,Muktsar,0.0,0.0
2023-08-08,Nawanshahr,0.0,0.0
2023-08-08,Patiala,0.0,0.0
2023-08-08,Rupnagar,0.0,0.0
2023-08-08,Sahibzada Ajit Singh Nagar,0.0,0.0
2023-08-08,Sangrur,0.0,0.0
2023-08-08,Tarn Taran,0.0,0.0
2023-08-09,Amritsar,42.1,0.000158
2023-08-09,Barnala,0.0,0.0
2023-08-09,Bathinda,0.0,0.0
2023-08-09,Faridkot,0.0,0.0
2023-08-09,Fatehgarh Sahib,5.92,5.2e-05
2023-08-09,Firozpur,0.0,0.0
2023-08-09,Gurdaspur,87.56,0.000241
2023-08-09,Hoshiarpur,79.72,0.000236
2023-08-09,Jalandhar,146.93,0.000562
2023-08-09,Kapurthala,585.77,0.003515
2023-08-09,Ludhiana,166.12,0.000462
2023-08-09,Mansa,406.0,0.00183
2023-08-09,Moga,82.21,0.000349
2023-08-09,Muktsar,0.0,0.0
2023-08-09,Nawanshahr,80.8,0.000619
2023-08-09,Patiala,1157.43,0.003465
2023-08-09,Rupnagar,16.15,0.000116
2023-08-09,Sahibzada Ajit Singh Nagar,23.68,0.000213
2023-08-09,Sangrur,3044.58,0.008431
2023-08-09,Tarn Taran,600.38,0.002501
2023-08-10,Amritsar,189.09,0.000709
2023-08-10,Barnala,0.0,0.0
2023-08-10,Bathinda,9.72,2.9e-05
2023-08-10,Faridkot,5.91,4.1e-05
2023-08-10,Fatehgarh Sahib,0.0,0.0
2023-08-10,Firozpur,6076.76,0.011638
2023-08-10,Gurdaspur,303.43,0.000836
2023-08-10,Hoshiarpur,77.53,0.00023
2023-08-10,Jalandhar,2134.43,0.008166
2023-08-10,Kapurthala,3870.77,0.023228
2023-08-10,Ludhiana,194.04,0.00054
2023-08-10,Mansa,517.02,0.00233
2023-08-10,Moga,576.03,0.002447
2023-08-10,Muktsar,43.15,0.000165
2023-08-10,Nawanshahr,72.71,0.000557
2023-08-10,Patiala,5.26,1.6e-05
2023-08-10,Rupnagar,0.0,0.0
2023-08-10,Sahibzada Ajit Singh Nagar,0.0,0.0
2023-08-10,Sangrur,1044.87,0.002894
2023-08-10,Tarn Taran,3839.03,0.015992
2023-08-11,Amritsar,0.0,0.0
2023-08-11,Barnala,0.0,0.0
2023-08-11,Bathinda,0.0,0.0
2023-08-11,Faridkot,0.0,0.0
2023-08-11,Fatehgarh Sahib,0.0,0.0
2023-08-11,Firozpur,0.0,0.0
2023-08-11,Gurdaspur,0.0,0.0
2023-08-11,Hoshiarpur,0.0,0.0
2023-08-11,Jalandhar,0.0,0.0
2023-08-11,Kapurthala,0.0,0.0
2023-08-11,Ludhiana,0.0,0.0
2023-08-11,Mansa,0.0,0.0
2023-08-11,Moga,0.0,0.0
2023-08-11,Muktsar,0.0,0.0
2023-08-11,Nawanshahr,0.0,0.0
2023-08-11,Patiala,0.0,0.0
2023-08-11,Rupnagar,0.0,0.0
2023-08-11,Sahibzada Ajit Singh Nagar,0.0,0.0
2023-08-11,Sangrur,0.0,0.0
2023-08-11,Tarn Taran,0.0,0.0
2023-08-12,Amritsar,0.0,0.0
2023-08-12,Barnala,0.0,0.0
2023-08-12,Bathinda,0.0,0.0
2023-08-12,Faridkot,0.0,0.0
2023-08-12,Fatehgarh Sahib,0.0,0.0
2023-08-12,Firozpur,0.0,0.0
2023-08-12,Gurdaspur,0.0,0.0
2023-08-12,Hoshiarpur,0.0,0.0
2023-08-12,Jalandhar,0.0,0.0
2023-08-12,Kapurthala,0.0,0.0
2023-08-12,Ludhiana,0.0,0.0
2023-08-12,Mansa,0.0,0.0
2023-08-12,Moga,0.0,0.0
2023-08-12,Muktsar,0.0,0.0
2023-08-12,Nawanshahr,0.0,0.0
2023-08-12,Patiala,0.0,0.0
2023-08-12,Rupnagar,0.0,0.0
2023-08-12,Sahibzada Ajit Singh Nagar,0.0,0.0
2023-08-12,Sangrur,0.0,0.0
2023-08-12,Tarn Taran,0.0,0.0
2023-08-13,Amritsar,0.0,0.0
2023-08-13,Barnala,0.0,0.0
2023-08-13,Bathinda,0.0,0.0
2023-08-13,Faridkot,0.0,0.0
2023-08-13,Fatehgarh Sahib,0.0,0.0
2023-08-13,Firozpur,0.0,0.0
2023-08-13,Gurdaspur,0.0,0.0
2023-08-13,Hoshiarpur,0.0,0.0
2023-08-13,Jalandhar,0.0,0.0
2023-08-13,Kapurthala,0.0,0.0
2023-08-13,Ludhiana,0.0,0.0
2023-08-13,Mansa,0.0,0.0
2023-08-13,Moga,0.0,0.0
2023-08-13,Muktsar,0.0,0.0
2023-08-13,Nawanshahr,0.0,0.0
2023-08-13,Patiala,0.0,0.0
2023-08-13,Rupnagar,0.0,0.0
2023-08-13,Sahibzada Ajit Singh Nagar,0.0,0.0
2023-08-13,Sangrur,0.0,0.0
2023-08-13,Tarn Taran,0.0,0.0
2023-08-14,Amritsar,242.15,0.000908
2023-08-14,Barnala,0.0,0.0
2023-08-14,Bathinda,0.0,0.0
2023-08-14,Faridkot,0.0,0.0
2023-08-14,Fatehgarh Sahib,0.0,0.0
2023-08-14,Firozpur,4222.65,0.008087
2023-08-14,Gurdaspur,461.77,0.001272
2023-08-14,Hoshiarpur,112.08,0.000332
2023-08-14,Jalandhar,2247.46,0.008598
2023-08-14,Kapurthala,3159.61,0.018961
2023-08-14,Ludhiana,335.89,0.000934
2023-08-14,Mansa,336.82,0.001518
2023-08-14,Moga,1019.37,0.00433
2023-08-14,Muktsar,8.18,3.1e-05
2023-08-14,Nawanshahr,0.0,0.0
2023-08-14,Patiala,20.28,6.1e-05
2023-08-14,Rupnagar,0.0,0.0
2023-08-14,Sahibzada Ajit Singh Nagar,0.0,0.0
2023-08-14,Sangrur,1415.05,0.003919
2023-08-14,Tarn Taran,3206.0,0.013355
2023-08-15,Amritsar,0.0,0.0
2023-08-15,Barnala,0.0,0.0
2023-08-15,Bathinda,0.0,0.0
2023-08-15,Faridkot,0.0,0.0
2023-08-15,Fatehgarh Sahib,0.0,0.0
2023-08-15,Firozpur,0.0,0.0
2023-08-15,Gurdaspur,0.0,0.0
2023-08-15,Hoshiarpur,0.0,0.0
2023-08-15,Jalandhar,0.0,0.0
2023-08-15,Kapurthala,0.0,0.0
2023-08-15,Ludhiana,0.0,0.0
2023-08-15,Mansa,0.0,0.0
2023-08-15,Moga,0.0,0.0
2023-08-15,Muktsar,0.0,0.0
2023-08-15,Nawanshahr,0.0,0.0
2023-08-15,Patiala,0.0,0.0
2023-08-15,Rupnagar,0.0,0.0
2023-08-15,Sahibzada Ajit Singh Nagar,0.0,0.0
2023-08-15,Sangrur,0.0,0.0
2023-08-15,Tarn Taran,0.0,0.0
2023-08-16,Amritsar,0.0,0.0
2023-08-16,Barnala,0.0,0.0
2023-08-16,Bathinda,0.0,0.0
2023-08-16,Faridkot,0.0,0.0
2023-08-16,Fatehgarh Sahib,0.0,0.0
2023-08-16,Firozpur,0.0,0.0
2023-08-16,Gurdaspur,0.0,0.0
2023-08-16,Hoshiarpur,0.0,0.0
2023-08-16,Jalandhar,0.0,0.0
2023-08-16,Kapurthala,0.0,0.0
2023-08-16,Ludhiana,0.0,0.0
2023-08-16,Mansa,0.0,0.0
2023-08-16,Moga,0.0,0.0
2023-08-16,Muktsar,0.0,0.0
2023-08-16,Nawanshahr,0.0,0.0
2023-08-16,Patiala,0.0,0.0
2023-08-16,Rupnagar,0.0,0.0
2023-08-16,Sahibzada Ajit Singh Nagar,0.0,0.0
2023-08-16,Sangrur,0.0,0.0
2023-08-16,Tarn Taran,0.0,0.0
2023-08-17,Amritsar,0.0,0.0
2023-08-17,Barnala,0.0,0.0
2023-08-17,Bathinda,0.0,0.0
2023-08-17,Faridkot,0.0,0.0
2023-08-17,Fatehgarh Sahib,0.0,0.0
2023-08-17,Firozpur,0.0,0.0
2023-08-17,Gurdaspur,0.0,0.0
2023-08-17,Hoshiarpur,0.0,0.0
2023-08-17,Jalandhar,33.79,0.000129
2023-08-17,Kapurthala,0.0,0.0
2023-08-17,Ludhiana,90.37,0.000251
2023-08-17,Mansa,244.86,0.001104
2023-08-17,Moga,0.0,0.0
2023-08-17,Muktsar,0.0,0.0
2023-08-17,Nawanshahr,115.34,0.000884
2023-08-17,Patiala,372.08,0.001114
2023-08-17,Rupnagar,112.96,0.000814
2023-08-17,Sahibzada Ajit Singh Nagar,11.83,0.000106
2023-08-17,Sangrur,681.89,0.001888
2023-08-17,Tarn Taran,0.0,0.0
2023-08-18,Amritsar,0.0,0.0
2023-08-18,Barnala,0.0,0.0
2023-08-18,Bathinda,0.0,0.0
2023-08-18,Faridkot,0.0,0.0
2023-08-18,Fatehgarh Sahib,0.0,0.0
2023-08-18,Firozpur,0.0,0.0
2023-08-18,Gurdaspur,0.0,0.0
2023-08-18,Hoshiarpur,0.0,0.0
2023-08-18,Jalandhar,0.0,0.0
2023-08-18,Kapurthala,0.0,0.0
2023-08-18,Ludhiana,0.0,0.0
2023-08-18,Mansa,0.0,0.0
2023-08-18,Moga,0.0,0.0
2023-08-18,Muktsar,0.0,0.0
2023-08-18,Nawanshahr,0.0,0.0
2023-08-18,Patiala,0.0,0.0
2023-08-18,Rupnagar,0.0,0.0
2023-08-18,Sahibzada Ajit Singh Nagar,0.0,0.0
2023-08-18,Sangrur,0.0,0.0
2023-08-18,Tarn Taran,0.0,0.0
2023-08-19,Amritsar,0.0,0.0
2023-08-19,Barnala,0.0,0.0
2023-08-19,Bathinda,0.0,0.0
2023-08-19,Faridkot,0.0,0.0
2023-08-19,Fatehgarh Sahib,0.0,0.0
2023-08-19,Firozpur,0.0,0.0
2023-08-19,Gurdaspur,0.0,0.0
2023-08-19,Hoshiarpur,0.0,0.0
2023-08-19,Jalandhar,0.0,0.0
2023-08-19,Kapurthala,0.0,0.0
2023-08-19,Ludhiana,0.0,0.0
2023-08-19,Mansa,0.0,0.0
2023-08-19,Moga,0.0,0.0
2023-08-19,Muktsar,0.0,0.0
2023-08-19,Nawanshahr,0.0,0.0
2023-08-19,Patiala,0.0,0.0
2023-08-19,Rupnagar,0.0,0.0
2023-08-19,Sahibzada Ajit Singh Nagar,0.0,0.0
2023-08-19,Sangrur,0.0,0.0
2023-08-19,Tarn Taran,0.0,0.0
2023-08-20,Amritsar,0.0,0.0
2023-08-20,Barnala,0.0,0.0
2023-08-20,Bathinda,0.0,0.0
2023-08-20,Faridkot,0.0,0.0
2023-08-20,Fatehgarh Sahib,0.0,0.0
2023-08-20,Firozpur,0.0,0.0
2023-08-20,Gurdaspur,0.0,0.0
2023-08-20,Hoshiarpur,0.0,0.0
2023-08-20,Jalandhar,0.0,0.0
2023-08-20,Kapurthala,0.0,0.0
2023-08-20,Ludhiana,0.0,0.0
2023-08-20,Mansa,0.0,0.0
2023-08-20,Moga,0.0,0.0
2023-08-20,Muktsar,0.0,0.0
2023-08-20,Nawanshahr,0.0,0.0
2023-08-20,Patiala,0.0,0.0
2023-08-20,Rupnagar,0.0,0.0
2023-08-20,Sahibzada Ajit Singh Nagar,0.0,0.0
2023-08-20,Sangrur,0.0,0.0
2023-08-20,Tarn Taran,0.0,0.0
2023-08-21,Amritsar,323.75,0.001214
2023-08-21,Barnala,0.0,0.0
2023-08-21,Bathinda,0.0,0.0
2023-08-21,Faridkot,0.0,0.0
2023-08-21,Fatehgarh Sahib,0.0,0.0
2023-08-21,Firozpur,0.0,0.0
2023-08-21,Gurdaspur,753.79,0.002077
2023-08-21,Hoshiarpur,764.18,0.002263
2023-08-21,Jalandhar,376.11,0.001439
2023-08-21,Kapurthala,2999.76,0.018002
2023-08-21,Ludhiana,190.35,0.000529
2023-08-21,Mansa,146.91,0.000662
2023-08-21,Moga,286.32,0.001216
2023-08-21,Muktsar,0.0,0.0
2023-08-21,Nawanshahr,96.97,0.000743
2023-08-21,Patiala,50.57,0.000151
2023-08-21,Rupnagar,24.2,0.000174
2023-08-21,Sahibzada Ajit Singh Nagar,5.9,5.3e-05
2023-08-21,Sangrur,65.48,0.000181
2023-08-21,Tarn Taran,957.21,0.003987
2023-08-22,Amritsar,391.32,0.001467
2023-08-22,Barnala,0.0,0.0
2023-08-22,Bathinda,0.0,0.0
2023-08-22,Faridkot,0.0,0.0
2023-08-22,Fatehgarh Sahib,0.0,0.0
2023-08-22,Firozpur,12601.71,0.024135
2023-08-22,Gurdaspur,959.63,0.002644
2023-08-22,Hoshiarpur,855.01,0.002532
2023-08-22,Jalandhar,2099.75,0.008033
2023-08-22,Kapurthala,6237.37,0.03743
2023-08-22,Ludhiana,220.48,0.000613
2023-08-22,Mansa,134.86,0.000608
2023-08-22,Moga,865.9,0.003678
2023-08-22,Muktsar,0.0,0.0
2023-08-22,Nawanshahr,90.36,0.000692
2023-08-22,Patiala,3.72,1.1e-05
2023-08-22,Rupnagar,0.0,0.0
2023-08-22,Sahibzada Ajit Singh Nagar,0.0,0.0
2023-08-22,Sangrur,60.21,0.000167
2023-08-22,Tarn Taran,5321.91,0.022169
2023-08-23,Amritsar,0.0,0.0
2023-08-23,Barnala,0.0,0.0
2023-08-23,Bathinda,0.0,0.0
2023-08-23,Faridkot,0.0,0.0
2023-08-23,Fatehgarh Sahib,0.0,0.0
2023-08-23,Firozpur,0.0,0.0
2023-08-23,Gurdaspur,0.0,0.0
2023-08-23,Hoshiarpur,0.0,0.0
2023-08-23,Jalandhar,0.0,0.0
2023-08-23,Kapurthala,0.0,0.0
2023-08-23,Ludhiana,0.0,0.0
2023-08-23,Mansa,0.0,0.0
2023-08-23,Moga,0.0,0.0
2023-08-23,Muktsar,0.0,0.0
2023-08-23,Nawanshahr,0.0,0.0
2023-08-23,Patiala,0.0,0.0
2023-08-23,Rupnagar,0.0,0.0
2023-08-23,Sahibzada Ajit Singh Nagar,0.0,0.0
2023-08-23,Sangrur,0.0,0.0
2023-08-23,Tarn Taran,0.0,0.0
2023-08-24,Amritsar,0.0,0.0
2023-08-24,Barnala,0.0,0.0
2023-08-24,Bathinda,0.0,0.0
2023-08-24,Faridkot,0.0,0.0
2023-08-24,Fatehgarh Sahib,0.0,0.0
2023-08-24,Firozpur,0.0,0.0
2023-08-24,Gurdaspur,0.0,0.0
2023-08-24,Hoshiarpur,0.0,0.0
2023-08-24,Jalandhar,0.0,0.0
2023-08-24,Kapurthala,0.0,0.0
2023-08-24,Ludhiana,0.0,0.0
2023-08-24,Mansa,0.0,0.0
2023-08-24,Moga,0.0,0.0
2023-08-24,Muktsar,0.0,0.0
2023-08-24,Nawanshahr,0.0,0.0
2023-08-24,Patiala,0.0,0.0
2023-08-24,Rupnagar,0.0,0.0
2023-08-24,Sahibzada Ajit Singh Nagar,0.0,0.0
2023-08-24,Sangrur,0.0,0.0
2023-08-24,Tarn Taran,0.0,0.0
2023-08-25,Amritsar,0.0,0.0
2023-08-25,Barnala,0.0,0.0
2023-08-25,Bathinda,0.0,0.0
2023-08-25,Faridkot,0.0,0.0
2023-08-25,Fatehgarh Sahib,0.0,0.0
2023-08-25,Firozpur,0.0,0.0
2023-08-25,Gurdaspur,0.0,0.0
2023-08-25,Hoshiarpur,0.0,0.0
2023-08-25,Jalandhar,0.0,0.0
2023-08-25,Kapurthala,0.0,0.0
2023-08-25,Ludhiana,0.0,0.0
2023-08-25,Mansa,0.0,0.0
2023-08-25,Moga,0.0,0.0
2023-08-25,Muktsar,0.0,0.0
2023-08-25,Nawanshahr,0.0,0.0
2023-08-25,Patiala,0.0,0.0
2023-08-25,Rupnagar,0.0,0.0
2023-08-25,Sahibzada Ajit Singh Nagar,0.0,0.0
2023-08-25,Sangrur,0.0,0.0
2023-08-25,Tarn Taran,0.0,0.0
2023-08-26,Amritsar,374.8,0.001405
2023-08-26,Barnala,0.0,0.0
2023-08-26,Bathinda,0.0,0.0
2023-08-26,Faridkot,0.0,0.0
2023-08-26,Fatehgarh Sahib,0.0,0.0
2023-08-26,Firozpur,11441.51,0.021913
2023-08-26,Gurdaspur,646.23,0.00178
2023-08-26,Hoshiarpur,710.5,0.002104
2023-08-26,Jalandhar,1783.1,0.006822
2023-08-26,Kapurthala,6111.87,0.036677
2023-08-26,Ludhiana,212.41,0.000591
2023-08-26,Mansa,91.92,0.000414
2023-08-26,Moga,637.63,0.002708
2023-08-26,Muktsar,0.0,0.0
2023-08-26,Nawanshahr,0.0,0.0
2023-08-26,Patiala,0.0,0.0
2023-08-26,Rupnagar,0.0,0.0
2023-08-26,Sahibzada Ajit Singh Nagar,0.0,0.0
2023-08-26,Sangrur,54.2,0.00015
2023-08-26,Tarn Taran,5243.94,0.021844
2023-08-27,Amritsar,0.0,0.0
2023-08-27,Barnala,0.0,0.0
2023-08-27,Bathinda,0.0,0.0
2023-08-27,Faridkot,0.0,0.0
2023-08-27,Fatehgarh Sahib,0.0,0.0
2023-08-27,Firozpur,3018.03,0.00578
2023-08-27,Gurdaspur,0.0,0.0
2023-08-27,Hoshiarpur,0.0,0.0
2023-08-27,Jalandhar,0.0,0.0
2023-08-27,Kapurthala,0.0,0.0
2023-08-27,Ludhiana,0.0,0.0
2023-08-27,Mansa,0.0,0.0
2023-08-27,Moga,0.0,0.0
2023-08-27,Muktsar,0.0,0.0
2023-08-27,Nawanshahr,0.0,0.0
2023-08-27,Patiala,0.0,0.0
2023-08-27,Rupnagar,0.0,0.0
2023-08-27,Sahibzada Ajit Singh Nagar,0.0,0.0
2023-08-27,Sangrur,0.0,0.0
2023-08-27,Tarn Taran,0.0,0.0
2023-08-28,Amritsar,0.0,0.0
2023-08-28,Barnala,0.0,0.0
2023-08-28,Bathinda,0.0,0.0
2023-08-28,Faridkot,0.0,0.0
2023-08-28,Fatehgarh Sahib,0.0,0.0
2023-08-28,Firozpur,0.0,0.0
2023-08-28,Gurdaspur,0.0,0.0
2023-08-28,Hoshiarpur,0.0,0.0
2023-08-28,Jalandhar,0.0,0.0
2023-08-28,Kapurthala,0.0,0.0
2023-08-28,Ludhiana,0.0,0.0
2023-08-28,Mansa,0.0,0.0
2023-08-28,Moga,0.0,0.0
2023-08-28,Muktsar,0.0,0.0
2023-08-28,Nawanshahr,0.0,0.0
2023-08-28,Patiala,0.0,0.0
2023-08-28,Rupnagar,0.0,0.0
2023-08-28,Sahibzada Ajit Singh Nagar,0.0,0.0
2023-08-28,Sangrur,0.0,0.0
2023-08-28,Tarn Taran,0.0,0.0
2023-08-29,Amritsar,0.0,0.0
2023-08-29,Barnala,58.2,0.000391
2023-08-29,Bathinda,0.0,0.0
2023-08-29,Faridkot,0.0,0.0
2023-08-29,Fatehgarh Sahib,0.0,0.0
2023-08-29,Firozpur,0.0,0.0
2023-08-29,Gurdaspur,0.0,0.0
2023-08-29,Hoshiarpur,7.27,2.2e-05
2023-08-29,Jalandhar,34.53,0.000132
2023-08-29,Kapurthala,0.0,0.0
2023-08-29,Ludhiana,173.47,0.000482
2023-08-29,Mansa,91.17,0.000411
2023-08-29,Moga,0.0,0.0
2023-08-29,Muktsar,0.0,0.0
2023-08-29,Nawanshahr,120.48,0.000923
2023-08-29,Patiala,110.71,0.000331
2023-08-29,Rupnagar,49.19,0.000354
2023-08-29,Sahibzada Ajit Singh Nagar,4.42,4e-05
2023-08-29,Sangrur,16.49,4.6e-05
2023-08-29,Tarn Taran,0.0,0.0
2023-08-30,Amritsar,0.0,0.0
2023-08-30,Barnala,0.0,0.0
2023-08-30,Bathinda,0.0,0.0
2023-08-30,Faridkot,0.0,0.0
2023-08-30,Fatehgarh Sahib,0.0,0.0
2023-08-30,Firozpur,0.0,0.0
2023-08-30,Gurdaspur,0.0,0.0
2023-08-30,Hoshiarpur,0.0,0.0
2023-08-30,Jalandhar,0.0,0.0
2023-08-30,Kapurthala,0.0,0.0
2023-08-30,Ludhiana,0.0,0.0
2023-08-30,Mansa,0.0,0.0
2023-08-30,Moga,0.0,0.0
2023-08-30,Muktsar,0.0,0.0
2023-08-30,Nawanshahr,0.0,0.0
2023-08-30,Patiala,0.0,0.0
2023-08-30,Rupnagar,0.0,0.0
2023-08-30,Sahibzada Ajit Singh Nagar,0.0,0.0
2023-08-30,Sangrur,0.0,0.0
2023-08-30,Tarn Taran,0.0,0.0
2023-08-31,Amritsar,0.0,0.0
2023-08-31,Barnala,0.0,0.0
2023-08-31,Bathinda,0.0,0.0
2023-08-31,Faridkot,0.0,0.0
2023-08-31,Fatehgarh Sahib,0.0,0.0
2023-08-31,Firozpur,0.0,0.0
2023-08-31,Gurdaspur,0.0,0.0
2023-08-31,Hoshiarpur,0.0,0.0
2023-08-31,Jalandhar,0.0,0.0
2023-08-31,Kapurthala,0.0,0.0
2023-08-31,Ludhiana,0.0,0.0
2023-08-31,Mansa,0.0,0.0
2023-08-31,Moga,0.0,0.0
2023-08-31,Muktsar,0.0,0.0
2023-08-31,Nawanshahr,0.0,0.0
2023-08-31,Patiala,0.0,0.0
2023-08-31,Rupnagar,0.0,0.0
2023-08-31,Sahibzada Ajit Singh Nagar,0.0,0.0
2023-08-31,Sangrur,0.0,0.0
2023-08-31,Tarn Taran,0.0,0.0
2023-09-01,Amritsar,0.0,0.0
2023-09-01,Barnala,0.0,0.0
2023-09-01,Bathinda,0.0,0.0
2023-09-01,Faridkot,0.0,0.0
2023-09-01,Fatehgarh Sahib,0.0,0.0
2023-09-01,Firozpur,0.0,0.0
2023-09-01,Gurdaspur,0.0,0.0
2023-09-01,Hoshiarpur,0.0,0.0
2023-09-01,Jalandhar,0.0,0.0
2023-09-01,Kapurthala,0.0,0.0
2023-09-01,Ludhiana,0.0,0.0
2023-09-01,Mansa,0.0,0.0
2023-09-01,Moga,0.0,0.0
2023-09-01,Muktsar,0.0,0.0
2023-09-01,Nawanshahr,0.0,0.0
2023-09-01,Patiala,0.0,0.0
2023-09-01,Rupnagar,0.0,0.0
2023-09-01,Sahibzada Ajit Singh Nagar,0.0,0.0
2023-09-01,Sangrur,0.0,0.0
2023-09-01,Tarn Taran,0.0,0.0
2023-09-02,Amritsar,17.43,6.5e-05
2023-09-02,Barnala,0.0,0.0
2023-09-02,Bathinda,0.0,0.0
2023-09-02,Faridkot,0.0,0.0
2023-09-02,Fatehgarh Sahib,0.0,0.0
2023-09-02,Firozpur,0.0,0.0
2023-09-02,Gurdaspur,58.96,0.000162
2023-09-02,Hoshiarpur,113.69,0.000337
2023-09-02,Jalandhar,106.54,0.000408
2023-09-02,Kapurthala,222.61,0.001336
2023-09-02,Ludhiana,95.53,0.000266
2023-09-02,Mansa,42.95,0.000194
2023-09-02,Moga,5.87,2.5e-05
2023-09-02,Muktsar,0.0,0.0
2023-09-02,Nawanshahr,87.42,0.00067
2023-09-02,Patiala,42.36,0.000127
2023-09-02,Rupnagar,13.95,0.000101
2023-09-02,Sahibzada Ajit Singh Nagar,13.29,0.00012
2023-09-02,Sangrur,3.76,1e-05
2023-09-02,Tarn Taran,78.02,0.000325
2023-09-03,Amritsar,114.02,0.000427
2023-09-03,Barnala,0.0,0.0
2023-09-03,Bathinda,0.0,0.0
2023-09-03,Faridkot,6.66,4.6e-05
2023-09-03,Fatehgarh Sahib,0.0,0.0
2023-09-03,Firozpur,3549.3,0.006798
2023-09-03,Gurdaspur,97.2,0.000268
2023-09-03,Hoshiarpur,115.07,0.000341
2023-09-03,Jalandhar,1042.4,0.003988
2023-09-03,Kapurthala,2611.56,0.015672
2023-09-03,Ludhiana,131.54,0.000366
2023-09-03,Mansa,42.95,0.000194
2023-09-03,Moga,69.7,0.000296
2023-09-03,Muktsar,20.75,7.9e-05
2023-09-03,Nawanshahr,99.91,0.000766
2023-09-03,Patiala,0.0,0.0
2023-09-03,Rupnagar,0.0,0.0
2023-09-03,Sahibzada Ajit Singh Nagar,0.0,0.0
2023-09-03,Sangrur,2.26,6e-06
2023-09-03,Tarn Taran,2187.25,0.009111
2023-09-04,Amritsar,0.0,0.0
2023-09-04,Barnala,0.0,0.0
2023-09-04,Bathinda,0.0,0.0
2023-09-04,Faridkot,0.0,0.0
2023-09-04,Fatehgarh Sahib,0.0,0.0
2023-09-04,Firozpur,0.0,0.0
2023-09-04,Gurdaspur,0.0,0.0
2023-09-04,Hoshiarpur,0.0,0.0
2023-09-04,Jalandhar,0.0,0.0
2023-09-04,Kapurthala,0.0,0.0
2023-09-04,Ludhiana,0.0,0.0
2023-09-04,Mansa,0.0,0.0
2023-09-04,Moga,0.0,0.0
2023-09-04,Muktsar,0.0,0.0
2023-09-04,Nawanshahr,0.0,0.0
2023-09-04,Patiala,0.0,0.0
2023-09-04,Rupnagar,0.0,0.0
2023-09-04,Sahibzada Ajit Singh Nagar,0.0,0.0
2023-09-04,Sangrur,0.0,0.0
2023-09-04,Tarn Taran,0.0,0.0
2023-09-05,Amritsar,0.0,0.0
2023-09-05,Barnala,0.0,0.0
2023-09-05,Bathinda,0.0,0.0
2023-09-05,Faridkot,0.0,0.0
2023-09-05,Fatehgarh Sahib,0.0,0.0
2023-09-05,Firozpur,0.0,0.0
2023-09-05,Gurdaspur,0.0,0.0
2023-09-05,Hoshiarpur,0.0,0.0
2023-09-05,Jalandhar,0.0,0.0
2023-09-05,Kapurthala,0.0,0.0
2023-09-05,Ludhiana,0.0,0.0
2023-09-05,Mansa,0.0,0.0
2023-09-05,Moga,0.0,0.0
2023-09-05,Muktsar,0.0,0.0
2023-09-05,Nawanshahr,0.0,0.0
2023-09-05,Patiala,0.0,0.0
2023-09-05,Rupnagar,0.0,0.0
2023-09-05,Sahibzada Ajit Singh Nagar,0.0,0.0
2023-09-05,Sangrur,0.0,0.0
2023-09-05,Tarn Taran,0.0,0.0
2023-09-06,Amritsar,0.0,0.0
2023-09-06,Barnala,0.0,0.0
2023-09-06,Bathinda,0.0,0.0
2023-09-06,Faridkot,0.0,0.0
2023-09-06,Fatehgarh Sahib,0.0,0.0
2023-09-06,Firozpur,0.0,0.0
2023-09-06,Gurdaspur,0.0,0.0
2023-09-06,Hoshiarpur,0.0,0.0
2023-09-06,Jalandhar,0.0,0.0
2023-09-06,Kapurthala,0.0,0.0
2023-09-06,Ludhiana,0.0,0.0
2023-09-06,Mansa,0.0,0.0
2023-09-06,Moga,0.0,0.0
2023-09-06,Muktsar,0.0,0.0
2023-09-06,Nawanshahr,0.0,0.0
2023-09-06,Patiala,0.0,0.0
2023-09-06,Rupnagar,0.0,0.0
2023-09-06,Sahibzada Ajit Singh Nagar,0.0,0.0
2023-09-06,Sangrur,0.0,0.0
2023-09-06,Tarn Taran,0.0,0.0
2023-09-07,Amritsar,97.41,0.000365
2023-09-07,Barnala,0.0,0.0
2023-09-07,Bathinda,0.0,0.0
2023-09-07,Faridkot,1.48,1e-05
2023-09-07,Fatehgarh Sahib,0.0,0.0
2023-09-07,Firozpur,1396.38,0.002674
2023-09-07,Gurdaspur,96.5,0.000266
2023-09-07,Hoshiarpur,99.08,0.000293
2023-09-07,Jalandhar,740.54,0.002833
2023-09-07,Kapurthala,2158.02,0.01295
2023-09-07,Ludhiana,111.73,0.000311
2023-09-07,Mansa,0.0,0.0
2023-09-07,Moga,33.07,0.00014
2023-09-07,Muktsar,0.0,0.0
2023-09-07,Nawanshahr,0.0,0.0
2023-09-07,Patiala,0.0,0.0
2023-09-07,Rupnagar,0.0,0.0
2023-09-07,Sahibzada Ajit Singh Nagar,0.0,0.0
2023-09-07,Sangrur,3.71,1e-05
2023-09-07,Tarn Taran,1427.78,0.005947
2023-09-08,Amritsar,0.0,0.0
2023-09-08,Barnala,0.0,0.0
2023-09-08,Bathinda,0.0,0.0
2023-09-08,Faridkot,0.0,0.0
2023-09-08,Fatehgarh Sahib,0.0,0.0
2023-09-08,Firozpur,164.07,0.000314
2023-09-08,Gurdaspur,0.0,0.0
2023-09-08,Hoshiarpur,0.0,0.0
2023-09-08,Jalandhar,0.0,0.0
2023-09-08,Kapurthala,0.0,0.0
2023-09-08,Ludhiana,0.0,0.0
2023-09-08,Mansa,0.0,0.0
2023-09-08,Moga,0.0,0.0
2023-09-08,Muktsar,0.0,0.0
2023-09-08,Nawanshahr,0.0,0.0
2023-09-08,Patiala,0.0,0.0
2023-09-08,Rupnagar,0.0,0.0
2023-09-08,Sahibzada Ajit Singh Nagar,0.0,0.0
2023-09-08,Sangrur,0.0,0.0
2023-09-08,Tarn Taran,0.0,0.0
2023-09-09,Amritsar,0.0,0.0
2023-09-09,Barnala,0.0,0.0
2023-09-09,Bathinda,0.0,0.0
2023-09-09,Faridkot,0.0,0.0
2023-09-09,Fatehgarh Sahib,0.0,0.0
2023-09-09,Firozpur,0.0,0.0
2023-09-09,Gurdaspur,0.0,0.0
2023-09-09,Hoshiarpur,0.0,0.0
2023-09-09,Jalandhar,0.0,0.0
2023-09-09,Kapurthala,0.0,0.0
2023-09-09,Ludhiana,0.0,0.0
2023-09-09,Mansa,0.0,0.0
2023-09-09,Moga,0.0,0.0
2023-09-09,Muktsar,0.0,0.0
2023-09-09,Nawanshahr,0.0,0.0
2023-09-09,Patiala,0.0,0.0
2023-09-09,Rupnagar,0.0,0.0
2023-09-09,Sahibzada Ajit Singh Nagar,0.0,0.0
2023-09-09,Sangrur,0.0,0.0
2023-09-09,Tarn Taran,0.0,0.0
2023-09-10,Amritsar,0.0,0.0
2023-09-10,Barnala,0.0,0.0
2023-09-10,Bathinda,0.0,0.0
2023-09-10,Faridkot,0.0,0.0
2023-09-10,Fatehgarh Sahib,0.0,0.0
2023-09-10,Firozpur,0.0,0.0
2023-09-10,Gurdaspur,0.0,0.0
2023-09-10,Hoshiarpur,0.0,0.0
2023-09-10,Jalandhar,0.0,0.0
2023-09-10,Kapurthala,0.0,0.0
2023-09-10,Ludhiana,0.0,0.0
2023-09-10,Mansa,0.0,0.0
2023-09-10,Moga,0.0,0.0
2023-09-10,Muktsar,0.0,0.0
2023-09-10,Nawanshahr,0.0,0.0
2023-09-10,Patiala,0.0,0.0
2023-09-10,Rupnagar,0.0,0.0
2023-09-10,Sahibzada Ajit Singh Nagar,0.0,0.0
2023-09-10,Sangrur,0.0,0.0
2023-09-10,Tarn Taran,0.0,0.0
2023-09-11,Amritsar,0.0,0.0
2023-09-11,Barnala,0.0,0.0
2023-09-11,Bathinda,0.0,0.0
2023-09-11,Faridkot,0.0,0.0
2023-09-11,Fatehgarh Sahib,0.0,0.0
2023-09-11,Firozpur,0.0,0.0
2023-09-11,Gurdaspur,0.0,0.0
2023-09-11,Hoshiarpur,0.0,0.0
2023-09-11,Jalandhar,0.0,0.0
2023-09-11,Kapurthala,0.0,0.0
2023-09-11,Ludhiana,0.0,0.0
2023-09-11,Mansa,0.0,0.0
2023-09-11,Moga,0.0,0.0
2023-09-11,Muktsar,0.0,0.0
2023-09-11,Nawanshahr,0.0,0.0
2023-09-11,Patiala,0.0,0.0
2023-09-11,Rupnagar,0.0,0.0
2023-09-11,Sahibzada Ajit Singh Nagar,0.0,0.0
2023-09-11,Sangrur,0.0,0.0
2023-09-11,Tarn Taran,0.0,0.0
2023-09-12,Amritsar,0.0,0.0
2023-09-12,Barnala,0.0,0.0
2023-09-12,Bathinda,0.0,0.0
2023-09-12,Faridkot,0.0,0.0
2023-09-12,Fatehgarh Sahib,0.0,0.0
2023-09-12,Firozpur,0.0,0.0
2023-09-12,Gurdaspur,0.0,0.0
2023-09-12,Hoshiarpur,0.0,0.0
2023-09-12,Jalandhar,0.0,0.0
2023-09-12,Kapurthala,0.0,0.0
2023-09-12,Ludhiana,0.0,0.0
2023-09-12,Mansa,0.0,0.0
2023-09-12,Moga,0.0,0.0
2023-09-12,Muktsar,0.0,0.0
2023-09-12,Nawanshahr,0.0,0.0
2023-09-12,Patiala,0.0,0.0
2023-09-12,Rupnagar,0.0,0.0
2023-09-12,Sahibzada Ajit Singh Nagar,0.0,0.0
2023-09-12,Sangrur,0.0,0.0
2023-09-12,Tarn Taran,0.0,0.0
2023-09-13,Amritsar,0.0,0.0
2023-09-13,Barnala,0.0,0.0
2023-09-13,Bathinda,0.0,0.0
2023-09-13,Faridkot,0.0,0.0
2023-09-13,Fatehgarh Sahib,0.0,0.0
2023-09-13,Firozpur,0.0,0.0
2023-09-13,Gurdaspur,0.0,0.0
2023-09-13,Hoshiarpur,0.0,0.0
2023-09-13,Jalandhar,0.0,0.0
2023-09-13,Kapurthala,0.0,0.0
2023-09-13,Ludhiana,0.0,0.0
2023-09-13,Mansa,0.0,0.0
2023-09-13,Moga,0.0,0.0
2023-09-13,Muktsar,0.0,0.0
2023-09-13,Nawanshahr,0.0,0.0
2023-09-13,Patiala,0.0,0.0
2023-09-13,Rupnagar,0.0,0.0
2023-09-13,Sahibzada Ajit Singh Nagar,0.0,0.0
2023-09-13,Sangrur,0.0,0.0
2023-09-13,Tarn Taran,0.0,0.0
2023-09-14,Amritsar,18.15,6.8e-05
2023-09-14,Barnala,0.0,0.0
2023-09-14,Bathinda,0.0,0.0
2023-09-14,Faridkot,0.0,0.0
2023-09-14,Fatehgarh Sahib,0.0,0.0
2023-09-14,Firozpur,0.0,0.0
2023-09-14,Gurdaspur,60.19,0.000166
2023-09-14,Hoshiarpur,31.12,9.2e-05
2023-09-14,Jalandhar,70.54,0.00027
2023-09-14,Kapurthala,69.86,0.000419
2023-09-14,Ludhiana,76.42,0.000212
2023-09-14,Mansa,0.0,0.0
2023-09-14,Moga,4.4,1.9e-05
2023-09-14,Muktsar,0.0,0.0
2023-09-14,Nawanshahr,70.52,0.00054
2023-09-14,Patiala,29.75,8.9e-05
2023-09-14,Rupnagar,2.95,2.1e-05
2023-09-14,Sahibzada Ajit Singh Nagar,5.16,4.6e-05
2023-09-14,Sangrur,0.0,0.0
2023-09-14,Tarn Taran,13.13,5.5e-05
2023-09-15,Amritsar,103.09,0.000386
2023-09-15,Barnala,0.0,0.0
2023-09-15,Bathinda,0.0,0.0
2023-09-15,Faridkot,0.0,0.0
2023-09-15,Fatehgarh Sahib,0.0,0.0
2023-09-15,Firozpur,1142.21,0.002188
2023-09-15,Gurdaspur,115.27,0.000318
2023-09-15,Hoshiarpur,46.3,0.000137
2023-09-15,Jalandhar,552.11,0.002112
2023-09-15,Kapurthala,1808.47,0.010853
2023-09-15,Ludhiana,99.94,0.000278
2023-09-15,Mansa,0.0,0.0
2023-09-15,Moga,13.95,5.9e-05
2023-09-15,Muktsar,0.0,0.0
2023-09-15,Nawanshahr,86.68,0.000664
2023-09-15,Patiala,0.0,0.0
2023-09-15,Rupnagar,0.0,0.0
2023-09-15,Sahibzada Ajit Singh Nagar,0.0,0.0
2023-09-15,Sangrur,0.0,0.0
2023-09-15,Tarn Taran,1226.16,0.005108
2023-09-16,Amritsar,0.0,0.0
2023-09-16,Barnala,0.0,0.0
2023-09-16,Bathinda,0.0,0.0
2023-09-16,Faridkot,0.0,0.0
2023-09-16,Fatehgarh Sahib,0.0,0.0
2023-09-16,Firozpur,0.0,0.0
2023-09-16,Gurdaspur,0.0,0.0
2023-09-16,Hoshiarpur,0.0,0.0
2023-09-16,Jalandhar,0.0,0.0
2023-09-16,Kapurthala,0.0,0.0
2023-09-16,Ludhiana,0.0,0.0
2023-09-16,Mansa,0.0,0.0
2023-09-16,Moga,0.0,0.0
2023-09-16,Muktsar,0.0,0.0
2023-09-16,Nawanshahr,0.0,0.0
2023-09-16,Patiala,0.0,0.0
2023-09-16,Rupnagar,0.0,0.0
2023-09-16,Sahibzada Ajit Singh Nagar,0.0,0.0
2023-09-16,Sangrur,0.0,0.0
2023-09-16,Tarn Taran,0.0,0.0
2023-09-17,Amritsar,0.0,0.0
2023-09-17,Barnala,0.0,0.0
2023-09-17,Bathinda,0.0,0.0
2023-09-17,Faridkot,0.0,0.0
2023-09-17,Fatehgarh Sahib,0.0,0.0
2023-09-17,Firozpur,0.0,0.0
2023-09-17,Gurdaspur,0.0,0.0
2023-09-17,Hoshiarpur,0.0,0.0
2023-09-17,Jalandhar,0.0,0.0
2023-09-17,Kapurthala,0.0,0.0
2023-09-17,Ludhiana,0.0,0.0
2023-09-17,Mansa,0.0,0.0
2023-09-17,Moga,0.0,0.0
2023-09-17,Muktsar,0.0,0.0
2023-09-17,Nawanshahr,0.0,0.0
2023-09-17,Patiala,0.0,0.0
2023-09-17,Rupnagar,0.0,0.0
2023-09-17,Sahibzada Ajit Singh Nagar,0.0,0.0
2023-09-17,Sangrur,0.0,0.0
2023-09-17,Tarn Taran,0.0,0.0
2023-09-18,Amritsar,0.0,0.0
2023-09-18,Barnala,0.0,0.0
2023-09-18,Bathinda,0.0,0.0
2023-09-18,Faridkot,0.0,0.0
2023-09-18,Fatehgarh Sahib,0.0,0.0
2023-09-18,Firozpur,0.0,0.0
2023-09-18,Gurdaspur,0.0,0.0
2023-09-18,Hoshiarpur,0.0,0.0
2023-09-18,Jalandhar,0.0,0.0
2023-09-18,Kapurthala,0.0,0.0
2023-09-18,Ludhiana,0.0,0.0
2023-09-18,Mansa,0.0,0.0
2023-09-18,Moga,0.0,0.0
2023-09-18,Muktsar,0.0,0.0
2023-09-18,Nawanshahr,0.0,0.0
2023-09-18,Patiala,0.0,0.0
2023-09-18,Rupnagar,0.0,0.0
2023-09-18,Sahibzada Ajit Singh Nagar,0.0,0.0
2023-09-18,Sangrur,0.0,0.0
2023-09-18,Tarn Taran,0.0,0.0
2023-09-19,Amritsar,111.88,0.000419
2023-09-19,Barnala,0.0,0.0
2023-09-19,Bathinda,3.74,1.1e-05
2023-09-19,Faridkot,0.0,0.0
2023-09-19,Fatehgarh Sahib,0.0,0.0
2023-09-19,Firozpur,988.62,0.001893
2023-09-19,Gurdaspur,120.53,0.000332
2023-09-19,Hoshiarpur,147.55,0.000437
2023-09-19,Jalandhar,787.48,0.003013
2023-09-19,Kapurthala,2498.23,0.014992
2023-09-19,Ludhiana,110.28,0.000307
2023-09-19,Mansa,0.0,0.0
2023-09-19,Moga,50.13,0.000213
2023-09-19,Muktsar,2.23,9e-06
2023-09-19,Nawanshahr,0.0,0.0
2023-09-19,Patiala,0.0,0.0
2023-09-19,Rupnagar,0.0,0.0
2023-09-19,Sahibzada Ajit Singh Nagar,0.0,0.0
2023-09-19,Sangrur,0.0,0.0
2023-09-19,Tarn Taran,1944.24,0.008099
2023-09-20,Amritsar,0.0,0.0
2023-09-20,Barnala,0.0,0.0
2023-09-20,Bathinda,0.0,0.0
2023-09-20,Faridkot,0.0,0.0
2023-09-20,Fatehgarh Sahib,0.0,0.0
2023-09-20,Firozpur,71.26,0.000136
2023-09-20,Gurdaspur,0.0,0.0
2023-09-20,Hoshiarpur,0.0,0.0
2023-09-20,Jalandhar,0.0,0.0
2023-09-20,Kapurthala,0.0,0.0
2023-09-20,Ludhiana,0.0,0.0
2023-09-20,Mansa,0.0,0.0
2023-09-20,Moga,0.0,0.0
2023-09-20,Muktsar,0.0,0.0
2023-09-20,Nawanshahr,0.0,0.0
2023-09-20,Patiala,0.0,0.0
2023-09-20,Rupnagar,0.0,0.0
2023-09-20,Sahibzada Ajit Singh Nagar,0.0,0.0
2023-09-20,Sangrur,0.0,0.0
2023-09-20,Tarn Taran,0.0,0.0
2023-09-21,Amritsar,0.0,0.0
2023-09-21,Barnala,0.0,0.0
2023-09-21,Bathinda,0.0,0.0
2023-09-21,Faridkot,0.0,0.0
2023-09-21,Fatehgarh Sahib,0.0,0.0
2023-09-21,Firozpur,0.0,0.0
2023-09-21,Gurdaspur,0.0,0.0
2023-09-21,Hoshiarpur,0.0,0.0
2023-09-21,Jalandhar,0.0,0.0
2023-09-21,Kapurthala,0.0,0.0
2023-09-21,Ludhiana,0.0,0.0
2023-09-21,Mansa,0.0,0.0
2023-09-21,Moga,0.0,0.0
2023-09-21,Muktsar,0.0,0.0
2023-09-21,Nawanshahr,0.0,0.0
2023-09-21,Patiala,0.0,0.0
2023-09-21,Rupnagar,0.0,0.0
2023-09-21,Sahibzada Ajit Singh Nagar,0.0,0.0
2023-09-21,Sangrur,0.0,0.0
2023-09-21,Tarn Taran,0.0,0.0
2023-09-22,Amritsar,0.0,0.0
2023-09-22,Barnala,0.0,0.0
2023-09-22,Bathinda,0.0,0.0
2023-09-22,Faridkot,0.0,0.0
2023-09-22,Fatehgarh Sahib,0.0,0.0
2023-09-22,Firozpur,0.0,0.0
2023-09-22,Gurdaspur,0.0,0.0
2023-09-22,Hoshiarpur,0.0,0.0
2023-09-22,Jalandhar,24.24,9.3e-05
2023-09-22,Kapurthala,0.0,0.0
2023-09-22,Ludhiana,50.69,0.000141
2023-09-22,Mansa,0.0,0.0
2023-09-22,Moga,0.0,0.0
2023-09-22,Muktsar,0.0,0.0
2023-09-22,Nawanshahr,86.69,0.000664
2023-09-22,Patiala,71.34,0.000214
2023-09-22,Rupnagar,3.69,2.7e-05
2023-09-22,Sahibzada Ajit Singh Nagar,3.69,3.3e-05
2023-09-22,Sangrur,0.0,0.0
2023-09-22,Tarn Taran,0.0,0.0
2023-09-23,Amritsar,0.0,0.0
2023-09-23,Barnala,0.0,0.0
2023-09-23,Bathinda,0.0,0.0
2023-09-23,Faridkot,0.0,0.0
2023-09-23,Fatehgarh Sahib,0.0,0.0
2023-09-23,Firozpur,0.0,0.0
2023-09-23,Gurdaspur,0.0,0.0
2023-09-23,Hoshiarpur,0.0,0.0
2023-09-23,Jalandhar,0.0,0.0
2023-09-23,Kapurthala,0.0,0.0
2023-09-23,Ludhiana,0.0,0.0
2023-09-23,Mansa,0.0,0.0
2023-09-23,Moga,0.0,0.0
2023-09-23,Muktsar,0.0,0.0
2023-09-23,Nawanshahr,0.0,0.0
2023-09-23,Patiala,0.0,0.0
2023-09-23,Rupnagar,0.0,0.0
2023-09-23,Sahibzada Ajit Singh Nagar,0.0,0.0
2023-09-23,Sangrur,0.0,0.0
2023-09-23,Tarn Taran,0.0,0.0
2023-09-24,Amritsar,0.0,0.0
2023-09-24,Barnala,0.0,0.0
2023-09-24,Bathinda,0.0,0.0
2023-09-24,Faridkot,0.0,0.0
2023-09-24,Fatehgarh Sahib,0.0,0.0
2023-09-24,Firozpur,6.75,1.3e-05
2023-09-24,Gurdaspur,0.0,0.0
2023-09-24,Hoshiarpur,0.0,0.0
2023-09-24,Jalandhar,0.0,0.0
2023-09-24,Kapurthala,0.0,0.0
2023-09-24,Ludhiana,0.0,0.0
2023-09-24,Mansa,0.0,0.0
2023-09-24,Moga,0.0,0.0
2023-09-24,Muktsar,0.0,0.0
2023-09-24,Nawanshahr,0.0,0.0
2023-09-24,Patiala,0.0,0.0
2023-09-24,Rupnagar,0.0,0.0
2023-09-24,Sahibzada Ajit Singh Nagar,0.0,0.0
2023-09-24,Sangrur,0.0,0.0
2023-09-24,Tarn Taran,0.0,0.0
2023-09-25,Amritsar,0.0,0.0
2023-09-25,Barnala,0.0,0.0
2023-09-25,Bathinda,0.0,0.0
2023-09-25,Faridkot,0.0,0.0
2023-09-25,Fatehgarh Sahib,0.0,0.0
2023-09-25,Firozpur,0.0,0.0
2023-09-25,Gurdaspur,0.0,0.0
2023-09-25,Hoshiarpur,0.0,0.0
2023-09-25,Jalandhar,0.0,0.0
2023-09-25,Kapurthala,0.0,0.0
2023-09-25,Ludhiana,0.0,0.0
2023-09-25,Mansa,0.0,0.0
2023-09-25,Moga,0.0,0.0
2023-09-25,Muktsar,0.0,0.0
2023-09-25,Nawanshahr,0.0,0.0
2023-09-25,Patiala,0.0,0.0
2023-09-25,Rupnagar,0.0,0.0
2023-09-25,Sahibzada Ajit Singh Nagar,0.0,0.0
2023-09-25,Sangrur,0.0,0.0
2023-09-25,Tarn Taran,0.0,0.0
2023-09-26,Amritsar,18.88,7.1e-05
2023-09-26,Barnala,0.0,0.0
2023-09-26,Bathinda,0.0,0.0
2023-09-26,Faridkot,0.0,0.0
2023-09-26,Fatehgarh Sahib,0.0,0.0
2023-09-26,Firozpur,0.0,0.0
2023-09-26,Gurdaspur,49.58,0.000137
2023-09-26,Hoshiarpur,62.27,0.000184
2023-09-26,Jalandhar,91.1,0.000349
2023-09-26,Kapurthala,81.49,0.000489
2023-09-26,Ludhiana,79.36,0.000221
2023-09-26,Mansa,0.0,0.0
2023-09-26,Moga,2.94,1.2e-05
2023-09-26,Muktsar,0.0,0.0
2023-09-26,Nawanshahr,66.12,0.000507
2023-09-26,Patiala,30.48,9.1e-05
2023-09-26,Rupnagar,9.56,6.9e-05
2023-09-26,Sahibzada Ajit Singh Nagar,5.16,4.6e-05
2023-09-26,Sangrur,0.0,0.0
2023-09-26,Tarn Taran,21.88,9.1e-05
2023-09-27,Amritsar,102.52,0.000384
2023-09-27,Barnala,0.0,0.0
2023-09-27,Bathinda,0.0,0.0
2023-09-27,Faridkot,0.0,0.0
2023-09-27,Fatehgarh Sahib,0.0,0.0
2023-09-27,Firozpur,1146.39,0.002196
2023-09-27,Gurdaspur,65.63,0.000181
2023-09-27,Hoshiarpur,75.97,0.000225
2023-09-27,Jalandhar,595.38,0.002278
2023-09-27,Kapurthala,2121.88,0.012733
2023-09-27,Ludhiana,74.96,0.000208
2023-09-27,Mansa,0.0,0.0
2023-09-27,Moga,14.68,6.2e-05
2023-09-27,Muktsar,0.0,0.0
2023-09-27,Nawanshahr,69.05,0.000529
2023-09-27,Patiala,0.0,0.0
2023-09-27,Rupnagar,0.0,0.0
2023-09-27,Sahibzada Ajit Singh Nagar,0.0,0.0
2023-09-27,Sangrur,0.0,0.0
2023-09-27,Tarn Taran,1474.02,0.00614
2023-09-28,Amritsar,0.0,0.0
2023-09-28,Barnala,0.0,0.0
2023-09-28,Bathinda,0.0,0.0
2023-09-28,Faridkot,0.0,0.0
2023-09-28,Fatehgarh Sahib,0.0,0.0
2023-09-28,Firozpur,0.0,0.0
2023-09-28,Gurdaspur,0.0,0.0
2023-09-28,Hoshiarpur,0.0,0.0
2023-09-28,Jalandhar,0.0,0.0
2023-09-28,Kapurthala,0.0,0.0
2023-09-28,Ludhiana,0.0,0.0
2023-09-28,Mansa,0.0,0.0
2023-09-28,Moga,0.0,0.0
2023-09-28,Muktsar,0.0,0.0
2023-09-28,Nawanshahr,0.0,0.0
2023-09-28,Patiala,0.0,0.0
2023-09-28,Rupnagar,0.0,0.0
2023-09-28,Sahibzada Ajit Singh Nagar,0.0,0.0
2023-09-28,Sangrur,0.0,0.0
2023-09-28,Tarn Taran,0.0,0.0
2023-09-29,Amritsar,0.0,0.0
2023-09-29,Barnala,0.0,0.0
2023-09-29,Bathinda,0.0,0.0
2023-09-29,Faridkot,0.0,0.0
2023-09-29,Fatehgarh Sahib,0.0,0.0
2023-09-29,Firozpur,0.0,0.0
2023-09-29,Gurdaspur,0.0,0.0
2023-09-29,Hoshiarpur,0.0,0.0
2023-09-29,Jalandhar,0.0,0.0
2023-09-29,Kapurthala,0.0,0.0
2023-09-29,Ludhiana,0.0,0.0
2023-09-29,Mansa,0.0,0.0
2023-09-29,Moga,0.0,0.0
2023-09-29,Muktsar,0.0,0.0
2023-09-29,Nawanshahr,0.0,0.0
2023-09-29,Patiala,0.0,0.0
2023-09-29,Rupnagar,0.0,0.0
2023-09-29,Sahibzada Ajit Singh Nagar,0.0,0.0
2023-09-29,Sangrur,0.0,0.0
2023-09-29,Tarn Taran,0.0,0.0
2024-06-15,Amritsar,0.0,0.0
2024-06-15,Barnala,0.0,0.0
2024-06-15,Bathinda,0.0,0.0
2024-06-15,Faridkot,0.0,0.0
2024-06-15,Fatehgarh Sahib,0.0,0.0
2024-06-15,Firozpur,0.0,0.0
2024-06-15,Gurdaspur,0.0,0.0
2024-06-15,Hoshiarpur,0.0,0.0
2024-06-15,Jalandhar,0.0,0.0
2024-06-15,Kapurthala,0.0,0.0
2024-06-15,Ludhiana,0.0,0.0
2024-06-15,Mansa,0.0,0.0
2024-06-15,Moga,0.0,0.0
2024-06-15,Muktsar,0.0,0.0
2024-06-15,Nawanshahr,0.0,0.0
2024-06-15,Patiala,0.0,0.0
2024-06-15,Rupnagar,0.0,0.0
2024-06-15,Sahibzada Ajit Singh Nagar,0.0,0.0
2024-06-15,Sangrur,0.0,0.0
2024-06-15,Tarn Taran,0.0,0.0
2024-06-16,Amritsar,7.25,2.7e-05
2024-06-16,Barnala,1.49,1e-05
2024-06-16,Bathinda,0.0,0.0
2024-06-16,Faridkot,0.0,0.0
2024-06-16,Fatehgarh Sahib,0.0,0.0
2024-06-16,Firozpur,0.0,0.0
2024-06-16,Gurdaspur,161.5,0.000445
2024-06-16,Hoshiarpur,27.47,8.1e-05
2024-06-16,Jalandhar,57.32,0.000219
2024-06-16,Kapurthala,9.47,5.7e-05
2024-06-16,Ludhiana,50.71,0.000141
2024-06-16,Mansa,100.17,0.000451
2024-06-16,Moga,0.0,0.0
2024-06-16,Muktsar,0.0,0.0
2024-06-16,Nawanshahr,58.77,0.00045
2024-06-16,Patiala,50.3,0.000151
2024-06-16,Rupnagar,6.59,4.7e-05
2024-06-16,Sahibzada Ajit Singh Nagar,1.48,1.3e-05
2024-06-16,Sangrur,38.98,0.000108
2024-06-16,Tarn Taran,0.0,0.0
2024-06-17,Amritsar,249.31,0.000935
2024-06-17,Barnala,75.76,0.000508
2024-06-17,Bathinda,94.73,0.00028
2024-06-17,Faridkot,663.33,0.004557
2024-06-17,Fatehgarh Sahib,0.0,0.0
2024-06-17,Firozpur,10685.02,0.020464
2024-06-17,Gurdaspur,168.29,0.000464
2024-06-17,Hoshiarpur,123.43,0.000365
2024-06-17,Jalandhar,217.74,0.000833
2024-06-17,Kapurthala,447.59,0.002686
2024-06-17,Ludhiana,181.03,0.000503
2024-06-17,Mansa,260.35,0.001173
2024-06-17,Moga,674.31,0.002864
2024-06-17,Muktsar,972.62,0.003722
2024-06-17,Nawanshahr,196.67,0.001507
2024-06-17,Patiala,30.54,9.1e-05
2024-06-17,Rupnagar,0.0,0.0
2024-06-17,Sahibzada Ajit Singh Nagar,0.0,0.0
2024-06-17,Sangrur,252.53,0.000699
2024-06-17,Tarn Taran,3775.3,0.015726
2024-06-18,Amritsar,0.0,0.0
2024-06-18,Barnala,0.0,0.0
2024-06-18,Bathinda,0.0,0.0
2024-06-18,Faridkot,0.0,0.0
2024-06-18,Fatehgarh Sahib,0.0,0.0
2024-06-18,Firozpur,0.0,0.0
2024-06-18,Gurdaspur,0.0,0.0
2024-06-18,Hoshiarpur,0.0,0.0
2024-06-18,Jalandhar,0.0,0.0
2024-06-18,Kapurthala,0.0,0.0
2024-06-18,Ludhiana,0.0,0.0
2024-06-18,Mansa,0.0,0.0
2024-06-18,Moga,0.0,0.0
2024-06-18,Muktsar,0.0,0.0
2024-06-18,Nawanshahr,0.0,0.0
2024-06-18,Patiala,0.0,0.0
2024-06-18,Rupnagar,0.0,0.0
2024-06-18,Sahibzada Ajit Singh Nagar,0.0,0.0
2024-06-18,Sangrur,0.0,0.0
2024-06-18,Tarn Taran,0.0,0.0
2024-06-19,Amritsar,0.0,0.0
2024-06-19,Barnala,0.0,0.0
2024-06-19,Bathinda,0.0,0.0
2024-06-19,Faridkot,0.0,0.0
2024-06-19,Fatehgarh Sahib,0.0,0.0
2024-06-19,Firozpur,0.0,0.0
2024-06-19,Gurdaspur,0.0,0.0
2024-06-19,Hoshiarpur,0.0,0.0
2024-06-19,Jalandhar,0.0,0.0
2024-06-19,Kapurthala,0.0,0.0
2024-06-19,Ludhiana,0.0,0.0
2024-06-19,Mansa,0.0,0.0
2024-06-19,Moga,0.0,0.0
2024-06-19,Muktsar,0.0,0.0
2024-06-19,Nawanshahr,0.0,0.0
2024-06-19,Patiala,0.0,0.0
2024-06-19,Rupnagar,0.0,0.0
2024-06-19,Sahibzada Ajit Singh Nagar,0.0,0.0
2024-06-19,Sangrur,0.0,0.0
2024-06-19,Tarn Taran,0.0,0.0
2024-06-20,Amritsar,0.0,0.0
2024-06-20,Barnala,0.0,0.0
2024-06-20,Bathinda,0.0,0.0
2024-06-20,Faridkot,0.0,0.0
2024-06-20,Fatehgarh Sahib,0.0,0.0
2024-06-20,Firozpur,0.0,0.0
2024-06-20,Gurdaspur,0.0,0.0
2024-06-20,Hoshiarpur,0.0,0.0
2024-06-20,Jalandhar,0.0,0.0
2024-06-20,Kapurthala,0.0,0.0
2024-06-20,Ludhiana,0.0,0.0
2024-06-20,Mansa,0.0,0.0
2024-06-20,Moga,0.0,0.0
2024-06-20,Muktsar,0.0,0.0
2024-06-20,Nawanshahr,0.0,0.0
2024-06-20,Patiala,0.0,0.0
2024-06-20,Rupnagar,0.0,0.0
2024-06-20,Sahibzada Ajit Singh Nagar,0.0,0.0
2024-06-20,Sangrur,0.0,0.0
2024-06-20,Tarn Taran,0.0,0.0
2024-06-21,Amritsar,5976.01,0.022402
2024-06-21,Barnala,2768.61,0.018577
2024-06-21,Bathinda,2486.42,0.007355
2024-06-21,Faridkot,3435.04,0.023598
2024-06-21,Fatehgarh Sahib,0.0,0.0
2024-06-21,Firozpur,33044.93,0.063288
2024-06-21,Gurdaspur,5923.35,0.016319
2024-06-21,Hoshiarpur,2102.62,0.006226
2024-06-21,Jalandhar,3992.8,0.015276
2024-06-21,Kapurthala,5878.46,0.035277
2024-06-21,Ludhiana,3359.96,0.009342
2024-06-21,Mansa,1047.02,0.004719
2024-06-21,Moga,9675.17,0.041094
2024-06-21,Muktsar,2111.81,0.008082
2024-06-21,Nawanshahr,0.0,0.0
2024-06-21,Patiala,232.87,0.000697
2024-06-21,Rupnagar,0.0,0.0
2024-06-21,Sahibzada Ajit Singh Nagar,0.0,0.0
2024-06-21,Sangrur,15018.97,0.041592
2024-06-21,Tarn Taran,18359.12,0.076476
2024-06-22,Amritsar,0.0,0.0
2024-06-22,Barnala,0.0,0.0
2024-06-22,Bathinda,0.0,0.0
2024-06-22,Faridkot,0.0,0.0
2024-06-22,Fatehgarh Sahib,0.0,0.0
2024-06-22,Firozpur,231.58,0.000444
2024-06-22,Gurdaspur,0.0,0.0
2024-06-22,Hoshiarpur,0.0,0.0
2024-06-22,Jalandhar,0.0,0.0
2024-06-22,Kapurthala,0.0,0.0
2024-06-22,Ludhiana,0.0,0.0
2024-06-22,Mansa,0.0,0.0
2024-06-22,Moga,0.0,0.0
2024-06-22,Muktsar,0.0,0.0
2024-06-22,Nawanshahr,0.0,0.0
2024-06-22,Patiala,0.0,0.0
2024-06-22,Rupnagar,0.0,0.0
2024-06-22,Sahibzada Ajit Singh Nagar,0.0,0.0
2024-06-22,Sangrur,0.0,0.0
2024-06-22,Tarn Taran,0.0,0.0
2024-06-23,Amritsar,0.0,0.0
2024-06-23,Barnala,0.0,0.0
2024-06-23,Bathinda,0.0,0.0
2024-06-23,Faridkot,0.0,0.0
2024-06-23,Fatehgarh Sahib,0.0,0.0
2024-06-23,Firozpur,0.0,0.0
2024-06-23,Gurdaspur,0.0,0.0
2024-06-23,Hoshiarpur,0.0,0.0
2024-06-23,Jalandhar,0.0,0.0
2024-06-23,Kapurthala,0.0,0.0
2024-06-23,Ludhiana,0.0,0.0
2024-06-23,Mansa,0.0,0.0
2024-06-23,Moga,0.0,0.0
2024-06-23,Muktsar,0.0,0.0
2024-06-23,Nawanshahr,0.0,0.0
2024-06-23,Patiala,0.0,0.0
2024-06-23,Rupnagar,0.0,0.0
2024-06-23,Sahibzada Ajit Singh Nagar,0.0,0.0
2024-06-23,Sangrur,0.0,0.0
2024-06-23,Tarn Taran,0.0,0.0
2024-06-24,Amritsar,0.0,0.0
2024-06-24,Barnala,0.0,0.0
2024-06-24,Bathinda,0.0,0.0
2024-06-24,Faridkot,0.0,0.0
2024-06-24,Fatehgarh Sahib,0.0,0.0
2024-06-24,Firozpur,0.0,0.0
2024-06-24,Gurdaspur,0.0,0.0
2024-06-24,Hoshiarpur,0.0,0.0
2024-06-24,Jalandhar,0.0,0.0
2024-06-24,Kapurthala,0.0,0.0
2024-06-24,Ludhiana,0.0,0.0
2024-06-24,Mansa,0.0,0.0
2024-06-24,Moga,0.0,0.0
2024-06-24,Muktsar,0.0,0.0
2024-06-24,Nawanshahr,0.0,0.0
2024-06-24,Patiala,0.0,0.0
2024-06-24,Rupnagar,0.0,0.0
2024-06-24,Sahibzada Ajit Singh Nagar,0.0,0.0
2024-06-24,Sangrur,0.0,0.0
2024-06-24,Tarn Taran,0.0,0.0
2024-06-25,Amritsar,0.0,0.0
2024-06-25,Barnala,0.0,0.0
2024-06-25,Bathinda,0.0,0.0
2024-06-25,Faridkot,0.0,0.0
2024-06-25,Fatehgarh Sahib,0.0,0.0
2024-06-25,Firozpur,0.0,0.0
2024-06-25,Gurdaspur,0.0,0.0
2024-06-25,Hoshiarpur,0.0,0.0
2024-06-25,Jalandhar,0.0,0.0
2024-06-25,Kapurthala,0.0,0.0
2024-06-25,Ludhiana,0.0,0.0
2024-06-25,Mansa,0.0,0.0
2024-06-25,Moga,0.0,0.0
2024-06-25,Muktsar,0.0,0.0
2024-06-25,Nawanshahr,0.0,0.0
2024-06-25,Patiala,0.0,0.0
2024-06-25,Rupnagar,0.0,0.0
2024-06-25,Sahibzada Ajit Singh Nagar,0.0,0.0
2024-06-25,Sangrur,0.0,0.0
2024-06-25,Tarn Taran,0.0,0.0
2024-06-26,Amritsar,0.0,0.0
2024-06-26,Barnala,0.0,0.0
2024-06-26,Bathinda,0.0,0.0
2024-06-26,Faridkot,0.0,0.0
2024-06-26,Fatehgarh Sahib,0.0,0.0
2024-06-26,Firozpur,7.5,1.4e-05
2024-06-26,Gurdaspur,0.0,0.0
2024-06-26,Hoshiarpur,0.0,0.0
2024-06-26,Jalandhar,0.0,0.0
2024-06-26,Kapurthala,0.0,0.0
2024-06-26,Ludhiana,0.0,0.0
2024-06-26,Mansa,0.0,0.0
2024-06-26,Moga,0.0,0.0
2024-06-26,Muktsar,0.0,0.0
2024-06-26,Nawanshahr,0.0,0.0
2024-06-26,Patiala,0.0,0.0
2024-06-26,Rupnagar,0.0,0.0
2024-06-26,Sahibzada Ajit Singh Nagar,0.0,0.0
2024-06-26,Sangrur,0.0,0.0
2024-06-26,Tarn Taran,0.0,0.0
2024-06-27,Amritsar,0.0,0.0
2024-06-27,Barnala,0.0,0.0
2024-06-27,Bathinda,0.0,0.0
2024-06-27,Faridkot,0.0,0.0
2024-06-27,Fatehgarh Sahib,0.0,0.0
2024-06-27,Firozpur,0.0,0.0
2024-06-27,Gurdaspur,0.0,0.0
2024-06-27,Hoshiarpur,0.0,0.0
2024-06-27,Jalandhar,0.0,0.0
2024-06-27,Kapurthala,0.0,0.0
2024-06-27,Ludhiana,0.0,0.0
2024-06-27,Mansa,0.0,0.0
2024-06-27,Moga,0.0,0.0
2024-06-27,Muktsar,0.0,0.0
2024-06-27,Nawanshahr,0.0,0.0
2024-06-27,Patiala,0.0,0.0
2024-06-27,Rupnagar,0.0,0.0
2024-06-27,Sahibzada Ajit Singh Nagar,0.0,0.0
2024-06-27,Sangrur,0.0,0.0
2024-06-27,Tarn Taran,0.0,0.0
2024-06-28,Amritsar,0.0,0.0
2024-06-28,Barnala,0.0,0.0
2024-06-28,Bathinda,0.0,0.0
2024-06-28,Faridkot,0.0,0.0
2024-06-28,Fatehgarh Sahib,0.0,0.0
2024-06-28,Firozpur,0.0,0.0
2024-06-28,Gurdaspur,0.0,0.0
2024-06-28,Hoshiarpur,0.0,0.0
2024-06-28,Jalandhar,0.0,0.0
2024-06-28,Kapurthala,0.0,0.0
2024-06-28,Ludhiana,0.0,0.0
2024-06-28,Mansa,0.0,0.0
2024-06-28,Moga,0.0,0.0
2024-06-28,Muktsar,0.0,0.0
2024-06-28,Nawanshahr,0.0,0.0
2024-06-28,Patiala,0.0,0.0
2024-06-28,Rupnagar,0.0,0.0
2024-06-28,Sahibzada Ajit Singh Nagar,0.0,0.0
2024-06-28,Sangrur,0.0,0.0
2024-06-28,Tarn Taran,0.0,0.0
2024-06-29,Amritsar,2183.66,0.008186
2024-06-29,Barnala,1232.89,0.008273
2024-06-29,Bathinda,392.04,0.00116
2024-06-29,Faridkot,705.04,0.004844
2024-06-29,Fatehgarh Sahib,198.43,0.001731
2024-06-29,Firozpur,9751.13,0.018676
2024-06-29,Gurdaspur,2282.76,0.006289
2024-06-29,Hoshiarpur,1944.54,0.005758
2024-06-29,Jalandhar,4087.48,0.015638
2024-06-29,Kapurthala,5937.2,0.035629
2024-06-29,Ludhiana,7863.42,0.021864
2024-06-29,Mansa,907.97,0.004092
2024-06-29,Moga,7158.17,0.030404
2024-06-29,Muktsar,1353.71,0.005181
2024-06-29,Nawanshahr,3476.57,0.026644
2024-06-29,Patiala,2095.74,0.006274
2024-06-29,Rupnagar,0.0,0.0
2024-06-29,Sahibzada Ajit Singh Nagar,0.0,0.0
2024-06-29,Sangrur,23131.77,0.064059
2024-06-29,Tarn Taran,4508.26,0.018779
2024-06-30,Amritsar,0.0,0.0
2024-06-30,Barnala,0.0,0.0
2024-06-30,Bathinda,0.0,0.0
2024-06-30,Faridkot,0.0,0.0
2024-06-30,Fatehgarh Sahib,0.0,0.0
2024-06-30,Firozpur,0.0,0.0
2024-06-30,Gurdaspur,0.0,0.0
2024-06-30,Hoshiarpur,0.0,0.0
2024-06-30,Jalandhar,0.0,0.0
2024-06-30,Kapurthala,0.0,0.0
2024-06-30,Ludhiana,0.0,0.0
2024-06-30,Mansa,0.0,0.0
2024-06-30,Moga,0.0,0.0
2024-06-30,Muktsar,0.0,0.0
2024-06-30,Nawanshahr,0.0,0.0
2024-06-30,Patiala,0.0,0.0
2024-06-30,Rupnagar,0.0,0.0
2024-06-30,Sahibzada Ajit Singh Nagar,0.0,0.0
2024-06-30,Sangrur,0.0,0.0
2024-06-30,Tarn Taran,0.0,0.0
2024-07-01,Amritsar,0.0,0.0
2024-07-01,Barnala,0.0,0.0
2024-07-01,Bathinda,0.0,0.0
2024-07-01,Faridkot,0.0,0.0
2024-07-01,Fatehgarh Sahib,0.0,0.0
2024-07-01,Firozpur,0.0,0.0
2024-07-01,Gurdaspur,0.0,0.0
2024-07-01,Hoshiarpur,0.0,0.0
2024-07-01,Jalandhar,0.0,0.0
2024-07-01,Kapurthala,0.0,0.0
2024-07-01,Ludhiana,0.0,0.0
2024-07-01,Mansa,0.0,0.0
2024-07-01,Moga,0.0,0.0
2024-07-01,Muktsar,0.0,0.0
2024-07-01,Nawanshahr,0.0,0.0
2024-07-01,Patiala,0.0,0.0
2024-07-01,Rupnagar,0.0,0.0
2024-07-01,Sahibzada Ajit Singh Nagar,0.0,0.0
2024-07-01,Sangrur,0.0,0.0
2024-07-01,Tarn Taran,0.0,0.0
2024-07-02,Amritsar,0.0,0.0
2024-07-02,Barnala,0.0,0.0
2024-07-02,Bathinda,0.0,0.0
2024-07-02,Faridkot,0.0,0.0
2024-07-02,Fatehgarh Sahib,0.0,0.0
2024-07-02,Firozpur,0.0,0.0
2024-07-02,Gurdaspur,0.0,0.0
2024-07-02,Hoshiarpur,0.0,0.0
2024-07-02,Jalandhar,0.0,0.0
2024-07-02,Kapurthala,0.0,0.0
2024-07-02,Ludhiana,0.0,0.0
2024-07-02,Mansa,0.0,0.0
2024-07-02,Moga,0.0,0.0
2024-07-02,Muktsar,0.0,0.0
2024-07-02,Nawanshahr,0.0,0.0
2024-07-02,Patiala,0.0,0.0
2024-07-02,Rupnagar,0.0,0.0
2024-07-02,Sahibzada Ajit Singh Nagar,0.0,0.0
2024-07-02,Sangrur,0.0,0.0
2024-07-02,Tarn Taran,0.0,0.0
2024-07-03,Amritsar,843.12,0.003161
2024-07-03,Barnala,3.72,2.5e-05
2024-07-03,Bathinda,279.65,0.000827
2024-07-03,Faridkot,59.16,0.000406
2024-07-03,Fatehgarh Sahib,0.0,0.0
2024-07-03,Firozpur,5445.17,0.010429
2024-07-03,Gurdaspur,1128.21,0.003108
2024-07-03,Hoshiarpur,1392.35,0.004123
2024-07-03,Jalandhar,389.22,0.001489
2024-07-03,Kapurthala,1682.25,0.010095
2024-07-03,Ludhiana,126.49,0.000352
2024-07-03,Mansa,38.51,0.000174
2024-07-03,Moga,166.41,0.000707
2024-07-03,Muktsar,419.15,0.001604
2024-07-03,Nawanshahr,0.0,0.0
2024-07-03,Patiala,4.51,1.3e-05
2024-07-03,Rupnagar,0.0,0.0
2024-07-03,Sahibzada Ajit Singh Nagar,0.0,0.0
2024-07-03,Sangrur,191.66,0.000531
2024-07-03,Tarn Taran,368.61,0.001535
2024-07-04,Amritsar,0.0,0.0
2024-07-04,Barnala,0.0,0.0
2024-07-04,Bathinda,0.0,0.0
2024-07-04,Faridkot,0.0,0.0
2024-07-04,Fatehgarh Sahib,0.0,0.0
2024-07-04,Firozpur,66.07,0.000127
2024-07-04,Gurdaspur,0.0,0.0
2024-07-04,Hoshiarpur,0.0,0.0
2024-07-04,Jalandhar,0.0,0.0
2024-07-04,Kapurthala,0.0,0.0
2024-07-04,Ludhiana,0.0,0.0
2024-07-04,Mansa,0.0,0.0
2024-07-04,Moga,0.0,0.0
2024-07-04,Muktsar,0.0,0.0
2024-07-04,Nawanshahr,0.0,0.0
2024-07-04,Patiala,0.0,0.0
2024-07-04,Rupnagar,0.0,0.0
2024-07-04,Sahibzada Ajit Singh Nagar,0.0,0.0
2024-07-04,Sangrur,0.0,0.0
2024-07-04,Tarn Taran,0.0,0.0
2024-07-05,Amritsar,0.0,0.0
2024-07-05,Barnala,0.0,0.0
2024-07-05,Bathinda,0.0,0.0
2024-07-05,Faridkot,0.0,0.0
2024-07-05,Fatehgarh Sahib,0.0,0.0
2024-07-05,Firozpur,0.0,0.0
2024-07-05,Gurdaspur,0.0,0.0
2024-07-05,Hoshiarpur,0.0,0.0
2024-07-05,Jalandhar,0.0,0.0
2024-07-05,Kapurthala,0.0,0.0
2024-07-05,Ludhiana,0.0,0.0
2024-07-05,Mansa,0.0,0.0
2024-07-05,Moga,0.0,0.0
2024-07-05,Muktsar,0.0,0.0
2024-07-05,Nawanshahr,0.0,0.0
2024-07-05,Patiala,0.0,0.0
2024-07-05,Rupnagar,0.0,0.0
2024-07-05,Sahibzada Ajit Singh Nagar,0.0,0.0
2024-07-05,Sangrur,0.0,0.0
2024-07-05,Tarn Taran,0.0,0.0
2024-07-06,Amritsar,0.0,0.0
2024-07-06,Barnala,0.0,0.0
2024-07-06,Bathinda,0.0,0.0
2024-07-06,Faridkot,0.0,0.0
2024-07-06,Fatehgarh Sahib,0.0,0.0
2024-07-06,Firozpur,0.0,0.0
2024-07-06,Gurdaspur,0.0,0.0
2024-07-06,Hoshiarpur,0.0,0.0
2024-07-06,Jalandhar,0.0,0.0
2024-07-06,Kapurthala,0.0,0.0
2024-07-06,Ludhiana,0.0,0.0
2024-07-06,Mansa,0.0,0.0
2024-07-06,Moga,0.0,0.0
2024-07-06,Muktsar,0.0,0.0
2024-07-06,Nawanshahr,0.0,0.0
2024-07-06,Patiala,0.0,0.0
2024-07-06,Rupnagar,0.0,0.0
2024-07-06,Sahibzada Ajit Singh Nagar,0.0,0.0
2024-07-06,Sangrur,0.0,0.0
2024-07-06,Tarn Taran,0.0,0.0
2024-07-07,Amritsar,0.0,0.0
2024-07-07,Barnala,0.0,0.0
2024-07-07,Bathinda,0.0,0.0
2024-07-07,Faridkot,0.0,0.0
2024-07-07,Fatehgarh Sahib,0.0,0.0
2024-07-07,Firozpur,0.0,0.0
2024-07-07,Gurdaspur,0.0,0.0
2024-07-07,Hoshiarpur,0.0,0.0
2024-07-07,Jalandhar,0.0,0.0
2024-07-07,Kapurthala,0.0,0.0
2024-07-07,Ludhiana,0.0,0.0
2024-07-07,Mansa,0.0,0.0
2024-07-07,Moga,0.0,0.0
2024-07-07,Muktsar,0.0,0.0
2024-07-07,Nawanshahr,0.0,0.0
2024-07-07,Patiala,0.0,0.0
2024-07-07,Rupnagar,0.0,0.0
2024-07-07,Sahibzada Ajit Singh Nagar,0.0,0.0
2024-07-07,Sangrur,0.0,0.0
2024-07-07,Tarn Taran,0.0,0.0
2024-07-08,Amritsar,0.0,0.0
2024-07-08,Barnala,0.0,0.0
2024-07-08,Bathinda,0.0,0.0
2024-07-08,Faridkot,0.0,0.0
2024-07-08,Fatehgarh Sahib,0.0,0.0
2024-07-08,Firozpur,0.0,0.0
2024-07-08,Gurdaspur,0.0,0.0
2024-07-08,Hoshiarpur,0.0,0.0
2024-07-08,Jalandhar,0.0,0.0
2024-07-08,Kapurthala,0.0,0.0
2024-07-08,Ludhiana,0.0,0.0
2024-07-08,Mansa,0.0,0.0
2024-07-08,Moga,0.0,0.0
2024-07-08,Muktsar,0.0,0.0
2024-07-08,Nawanshahr,0.0,0.0
2024-07-08,Patiala,0.0,0.0
2024-07-08,Rupnagar,0.0,0.0
2024-07-08,Sahibzada Ajit Singh Nagar,0.0,0.0
2024-07-08,Sangrur,0.0,0.0
2024-07-08,Tarn Taran,0.0,0.0
2024-07-09,Amritsar,0.0,0.0
2024-07-09,Barnala,0.0,0.0
2024-07-09,Bathinda,0.0,0.0
2024-07-09,Faridkot,0.0,0.0
2024-07-09,Fatehgarh Sahib,0.0,0.0
2024-07-09,Firozpur,0.0,0.0
2024-07-09,Gurdaspur,0.0,0.0
2024-07-09,Hoshiarpur,0.0,0.0
2024-07-09,Jalandhar,0.0,0.0
2024-07-09,Kapurthala,0.0,0.0
2024-07-09,Ludhiana,0.0,0.0
2024-07-09,Mansa,0.0,0.0
2024-07-09,Moga,0.0,0.0
2024-07-09,Muktsar,0.0,0.0
2024-07-09,Nawanshahr,0.0,0.0
2024-07-09,Patiala,0.0,0.0
2024-07-09,Rupnagar,0.0,0.0
2024-07-09,Sahibzada Ajit Singh Nagar,0.0,0.0
2024-07-09,Sangrur,0.0,0.0
2024-07-09,Tarn Taran,0.0,0.0
2024-07-10,Amritsar,129.89,0.000487
2024-07-10,Barnala,57.92,0.000389
2024-07-10,Bathinda,0.0,0.0
2024-07-10,Faridkot,0.0,0.0
2024-07-10,Fatehgarh Sahib,655.15,0.005714
2024-07-10,Firozpur,0.0,0.0
2024-07-10,Gurdaspur,148.63,0.000409
2024-07-10,Hoshiarpur,85.87,0.000254
2024-07-10,Jalandhar,718.43,0.002749
2024-07-10,Kapurthala,1029.39,0.006177
2024-07-10,Ludhiana,1780.72,0.004951
2024-07-10,Mansa,16.47,7.4e-05
2024-07-10,Moga,154.86,0.000658
2024-07-10,Muktsar,0.0,0.0
2024-07-10,Nawanshahr,539.1,0.004132
2024-07-10,Patiala,1789.55,0.005357
2024-07-10,Rupnagar,19.12,0.000138
2024-07-10,Sahibzada Ajit Singh Nagar,3.69,3.3e-05
2024-07-10,Sangrur,439.48,0.001217
2024-07-10,Tarn Taran,168.1,0.0007
2024-07-11,Amritsar,1652.89,0.006196
2024-07-11,Barnala,26.74,0.000179
2024-07-11,Bathinda,45.54,0.000135
2024-07-11,Faridkot,50.37,0.000346
2024-07-11,Fatehgarh Sahib,4.44,3.9e-05
2024-07-11,Firozpur,626.42,0.0012
2024-07-11,Gurdaspur,146.77,0.000404
2024-07-11,Hoshiarpur,40.57,0.00012
2024-07-11,Jalandhar,221.14,0.000846
2024-07-11,Kapurthala,392.34,0.002354
2024-07-11,Ludhiana,288.12,0.000801
2024-07-11,Mansa,140.24,0.000632
2024-07-11,Moga,166.65,0.000708
2024-07-11,Muktsar,1029.65,0.003941
2024-07-11,Nawanshahr,151.85,0.001164
2024-07-11,Patiala,10.47,3.1e-05
2024-07-11,Rupnagar,0.0,0.0
2024-07-11,Sahibzada Ajit Singh Nagar,0.0,0.0
2024-07-11,Sangrur,270.29,0.000749
2024-07-11,Tarn Taran,340.4,0.001418
2024-07-12,Amritsar,0.0,0.0
2024-07-12,Barnala,0.0,0.0
2024-07-12,Bathinda,0.0,0.0
2024-07-12,Faridkot,0.0,0.0
2024-07-12,Fatehgarh Sahib,0.0,0.0
2024-07-12,Firozpur,0.0,0.0
2024-07-12,Gurdaspur,0.0,0.0
2024-07-12,Hoshiarpur,0.0,0.0
2024-07-12,Jalandhar,0.0,0.0
2024-07-12,Kapurthala,0.0,0.0
2024-07-12,Ludhiana,0.0,0.0
2024-07-12,Mansa,0.0,0.0
2024-07-12,Moga,0.0,0.0
2024-07-12,Muktsar,0.0,0.0
2024-07-12,Nawanshahr,0.0,0.0
2024-07-12,Patiala,0.0,0.0
2024-07-12,Rupnagar,0.0,0.0
2024-07-12,Sahibzada Ajit Singh Nagar,0.0,0.0
2024-07-12,Sangrur,0.0,0.0
2024-07-12,Tarn Taran,0.0,0.0
2024-07-13,Amritsar,0.0,0.0
2024-07-13,Barnala,0.0,0.0
2024-07-13,Bathinda,0.0,0.0
2024-07-13,Faridkot,0.0,0.0
2024-07-13,Fatehgarh Sahib,0.0,0.0
2024-07-13,Firozpur,0.0,0.0
2024-07-13,Gurdaspur,0.0,0.0
2024-07-13,Hoshiarpur,0.0,0.0
2024-07-13,Jalandhar,0.0,0.0
2024-07-13,Kapurthala,0.0,0.0
2024-07-13,Ludhiana,0.0,0.0
2024-07-13,Mansa,0.0,0.0
2024-07-13,Moga,0.0,0.0
2024-07-13,Muktsar,0.0,0.0
2024-07-13,Nawanshahr,0.0,0.0
2024-07-13,Patiala,0.0,0.0
2024-07-13,Rupnagar,0.0,0.0
2024-07-13,Sahibzada Ajit Singh Nagar,0.0,0.0
2024-07-13,Sangrur,0.0,0.0
2024-07-13,Tarn Taran,0.0,0.0
2024-07-14,Amritsar,0.0,0.0
2024-07-14,Barnala,0.0,0.0
2024-07-14,Bathinda,0.0,0.0
2024-07-14,Faridkot,0.0,0.0
2024-07-14,Fatehgarh Sahib,0.0,0.0
2024-07-14,Firozpur,0.0,0.0
2024-07-14,Gurdaspur,0.0,0.0
2024-07-14,Hoshiarpur,0.0,0.0
2024-07-14,Jalandhar,0.0,0.0
2024-07-14,Kapurthala,0.0,0.0
2024-07-14,Ludhiana,0.0,0.0
2024-07-14,Mansa,0.0,0.0
2024-07-14,Moga,0.0,0.0
2024-07-14,Muktsar,0.0,0.0
2024-07-14,Nawanshahr,0.0,0.0
2024-07-14,Patiala,0.0,0.0
2024-07-14,Rupnagar,0.0,0.0
2024-07-14,Sahibzada Ajit Singh Nagar,0.0,0.0
2024-07-14,Sangrur,0.0,0.0
2024-07-14,Tarn Taran,0.0,0.0
2024-07-15,Amritsar,312.68,0.001172
2024-07-15,Barnala,0.0,0.0
2024-07-15,Bathinda,29.83,8.8e-05
2024-07-15,Faridkot,48.88,0.000336
2024-07-15,Fatehgarh Sahib,0.0,0.0
2024-07-15,Firozpur,393.43,0.000753
2024-07-15,Gurdaspur,23.14,6.4e-05
2024-07-15,Hoshiarpur,25.3,7.5e-05
2024-07-15,Jalandhar,79.99,0.000306
2024-07-15,Kapurthala,112.31,0.000674
2024-07-15,Ludhiana,110.38,0.000307
2024-07-15,Mansa,13.57,6.1e-05
2024-07-15,Moga,75.26,0.00032
2024-07-15,Muktsar,116.12,0.000444
2024-07-15,Nawanshahr,0.0,0.0
2024-07-15,Patiala,0.0,0.0
2024-07-15,Rupnagar,0.0,0.0
2024-07-15,Sahibzada Ajit Singh Nagar,0.0,0.0
2024-07-15,Sangrur,34.46,9.5e-05
2024-07-15,Tarn Taran,188.02,0.000783
2024-07-16,Amritsar,0.0,0.0
2024-07-16,Barnala,0.0,0.0
2024-07-16,Bathinda,0.0,0.0
2024-07-16,Faridkot,0.0,0.0
2024-07-16,Fatehgarh Sahib,0.0,0.0
2024-07-16,Firozpur,26.77,5.1e-05
2024-07-16,Gurdaspur,0.0,0.0
2024-07-16,Hoshiarpur,0.0,0.0
2024-07-16,Jalandhar,0.0,0.0
2024-07-16,Kapurthala,0.0,0.0
2024-07-16,Ludhiana,0.0,0.0
2024-07-16,Mansa,0.0,0.0
2024-07-16,Moga,0.0,0.0
2024-07-16,Muktsar,0.0,0.0
2024-07-16,Nawanshahr,0.0,0.0
2024-07-16,Patiala,0.0,0.0
2024-07-16,Rupnagar,0.0,0.0
2024-07-16,Sahibzada Ajit Singh Nagar,0.0,0.0
2024-07-16,Sangrur,0.0,0.0
2024-07-16,Tarn Taran,0.0,0.0
2024-07-17,Amritsar,0.0,0.0
2024-07-17,Barnala,0.0,0.0
2024-07-17,Bathinda,0.0,0.0
2024-07-17,Faridkot,0.0,0.0
2024-07-17,Fatehgarh Sahib,0.0,0.0
2024-07-17,Firozpur,0.0,0.0
2024-07-17,Gurdaspur,0.0,0.0
2024-07-17,Hoshiarpur,0.0,0.0
2024-07-17,Jalandhar,0.0,0.0
2024-07-17,Kapurthala,0.0,0.0
2024-07-17,Ludhiana,0.0,0.0
2024-07-17,Mansa,0.0,0.0
2024-07-17,Moga,0.0,0.0
2024-07-17,Muktsar,0.0,0.0
2024-07-17,Nawanshahr,0.0,0.0
2024-07-17,Patiala,0.0,0.0
2024-07-17,Rupnagar,0.0,0.0
2024-07-17,Sahibzada Ajit Singh Nagar,0.0,0.0
2024-07-17,Sangrur,0.0,0.0
2024-07-17,Tarn Taran,0.0,0.0
2024-07-18,Amritsar,0.0,0.0
2024-07-18,Barnala,0.0,0.0
2024-07-18,Bathinda,0.0,0.0
2024-07-18,Faridkot,0.0,0.0
2024-07-18,Fatehgarh Sahib,24.48,0.000214
2024-07-18,Firozpur,0.0,0.0
2024-07-18,Gurdaspur,0.0,0.0
2024-07-18,Hoshiarpur,0.0,0.0
2024-07-18,Jalandhar,22.04,8.4e-05
2024-07-18,Kapurthala,0.0,0.0
2024-07-18,Ludhiana,95.58,0.000266
2024-07-18,Mansa,5.27,2.4e-05
2024-07-18,Moga,0.0,0.0
2024-07-18,Muktsar,0.0,0.0
2024-07-18,Nawanshahr,116.8,0.000895
2024-07-18,Patiala,1615.92,0.004838
2024-07-18,Rupnagar,5.12,3.7e-05
2024-07-18,Sahibzada Ajit Singh Nagar,363.23,0.003268
2024-07-18,Sangrur,10.5,2.9e-05
2024-07-18,Tarn Taran,0.0,0.0
2024-07-19,Amritsar,0.0,0.0
2024-07-19,Barnala,0.0,0.0
2024-07-19,Bathinda,0.0,0.0
2024-07-19,Faridkot,0.0,0.0
2024-07-19,Fatehgarh Sahib,0.0,0.0
2024-07-19,Firozpur,0.0,0.0
2024-07-19,Gurdaspur,0.0,0.0
2024-07-19,Hoshiarpur,0.0,0.0
2024-07-19,Jalandhar,0.0,0.0
2024-07-19,Kapurthala,0.0,0.0
2024-07-19,Ludhiana,0.0,0.0
2024-07-19,Mansa,0.0,0.0
2024-07-19,Moga,0.0,0.0
2024-07-19,Muktsar,0.0,0.0
2024-07-19,Nawanshahr,0.0,0.0
2024-07-19,Patiala,0.0,0.0
2024-07-19,Rupnagar,0.0,0.0
2024-07-19,Sahibzada Ajit Singh Nagar,0.0,0.0
2024-07-19,Sangrur,0.0,0.0
2024-07-19,Tarn Taran,0.0,0.0
2024-07-20,Amritsar,0.0,0.0
2024-07-20,Barnala,0.0,0.0
2024-07-20,Bathinda,0.0,0.0
2024-07-20,Faridkot,0.0,0.0
2024-07-20,Fatehgarh Sahib,0.0,0.0
2024-07-20,Firozpur,0.0,0.0
2024-07-20,Gurdaspur,0.0,0.0
2024-07-20,Hoshiarpur,0.0,0.0
2024-07-20,Jalandhar,0.0,0.0
2024-07-20,Kapurthala,0.0,0.0
2024-07-20,Ludhiana,0.0,0.0
2024-07-20,Mansa,0.0,0.0
2024-07-20,Moga,0.0,0.0
2024-07-20,Muktsar,0.0,0.0
2024-07-20,Nawanshahr,0.0,0.0
2024-07-20,Patiala,0.0,0.0
2024-07-20,Rupnagar,0.0,0.0
2024-07-20,Sahibzada Ajit Singh Nagar,0.0,0.0
2024-07-20,Sangrur,0.0,0.0
2024-07-20,Tarn Taran,0.0,0.0
2024-07-21,Amritsar,0.0,0.0
2024-07-21,Barnala,0.0,0.0
2024-07-21,Bathinda,0.0,0.0
2024-07-21,Faridkot,0.0,0.0
2024-07-21,Fatehgarh Sahib,0.0,0.0
2024-07-21,Firozpur,0.0,0.0
2024-07-21,Gurdaspur,0.0,0.0
2024-07-21,Hoshiarpur,0.0,0.0
2024-07-21,Jalandhar,0.0,0.0
2024-07-21,Kapurthala,0.0,0.0
2024-07-21,Ludhiana,0.0,0.0
2024-07-21,Mansa,0.0,0.0
2024-07-21,Moga,0.0,0.0
2024-07-21,Muktsar,0.0,0.0
2024-07-21,Nawanshahr,0.0,0.0
2024-07-21,Patiala,0.0,0.0
2024-07-21,Rupnagar,0.0,0.0
2024-07-21,Sahibzada Ajit Singh Nagar,0.0,0.0
2024-07-21,Sangrur,0.0,0.0
2024-07-21,Tarn Taran,0.0,0.0
2024-07-22,Amritsar,42.11,0.000158
2024-07-22,Barnala,0.0,0.0
2024-07-22,Bathinda,0.0,0.0
2024-07-22,Faridkot,0.0,0.0
2024-07-22,Fatehgarh Sahib,0.0,0.0
2024-07-22,Firozpur,0.0,0.0
2024-07-22,Gurdaspur,138.95,0.000383
2024-07-22,Hoshiarpur,24.56,7.3e-05
2024-07-22,Jalandhar,93.23,0.000357
2024-07-22,Kapurthala,66.2,0.000397
2024-07-22,Ludhiana,101.4,0.000282
2024-07-22,Mansa,0.0,0.0
2024-07-22,Moga,32.37,0.000137
2024-07-22,Muktsar,0.0,0.0
2024-07-22,Nawanshahr,110.93,0.00085
2024-07-22,Patiala,40.91,0.000122
2024-07-22,Rupnagar,3.66,2.6e-05
2024-07-22,Sahibzada Ajit Singh Nagar,0.0,0.0
2024-07-22,Sangrur,0.0,0.0
2024-07-22,Tarn Taran,18.21,7.6e-05
2024-07-23,Amritsar,66.38,0.000249
2024-07-23,Barnala,11.88,8e-05
2024-07-23,Bathinda,20.86,6.2e-05
2024-07-23,Faridkot,19.21,0.000132
2024-07-23,Fatehgarh Sahib,2.96,2.6e-05
2024-07-23,Firozpur,379.87,0.000728
2024-07-23,Gurdaspur,274.62,0.000757
2024-07-23,Hoshiarpur,41.25,0.000122
2024-07-23,Jalandhar,85.88,0.000329
2024-07-23,Kapurthala,97.66,0.000586
2024-07-23,Ludhiana,84.52,0.000235
2024-07-23,Mansa,12.78,5.8e-05
2024-07-23,Moga,88.35,0.000375
2024-07-23,Muktsar,67.66,0.000259
2024-07-23,Nawanshahr,60.97,0.000467
2024-07-23,Patiala,3.01,9e-06
2024-07-23,Rupnagar,0.0,0.0
2024-07-23,Sahibzada Ajit Singh Nagar,0.0,0.0
2024-07-23,Sangrur,1.49,4e-06
2024-07-23,Tarn Taran,268.66,0.001119
2024-07-24,Amritsar,0.0,0.0
2024-07-24,Barnala,0.0,0.0
2024-07-24,Bathinda,0.0,0.0
2024-07-24,Faridkot,0.0,0.0
2024-07-24,Fatehgarh Sahib,0.0,0.0
2024-07-24,Firozpur,0.0,0.0
2024-07-24,Gurdaspur,0.0,0.0
2024-07-24,Hoshiarpur,0.0,0.0
2024-07-24,Jalandhar,0.0,0.0
2024-07-24,Kapurthala,0.0,0.0
2024-07-24,Ludhiana,0.0,0.0
2024-07-24,Mansa,0.0,0.0
2024-07-24,Moga,0.0,0.0
2024-07-24,Muktsar,0.0,0.0
2024-07-24,Nawanshahr,0.0,0.0
2024-07-24,Patiala,0.0,0.0
2024-07-24,Rupnagar,0.0,0.0
2024-07-24,Sahibzada Ajit Singh Nagar,0.0,0.0
2024-07-24,Sangrur,0.0,0.0
2024-07-24,Tarn Taran,0.0,0.0
2024-07-25,Amritsar,0.0,0.0
2024-07-25,Barnala,0.0,0.0
2024-07-25,Bathinda,0.0,0.0
2024-07-25,Faridkot,0.0,0.0
2024-07-25,Fatehgarh Sahib,0.0,0.0
2024-07-25,Firozpur,0.0,0.0
2024-07-25,Gurdaspur,0.0,0.0
2024-07-25,Hoshiarpur,0.0,0.0
2024-07-25,Jalandhar,0.0,0.0
2024-07-25,Kapurthala,0.0,0.0
2024-07-25,Ludhiana,0.0,0.0
2024-07-25,Mansa,0.0,0.0
2024-07-25,Moga,0.0,0.0
2024-07-25,Muktsar,0.0,0.0
2024-07-25,Nawanshahr,0.0,0.0
2024-07-25,Patiala,0.0,0.0
2024-07-25,Rupnagar,0.0,0.0
2024-07-25,Sahibzada Ajit Singh Nagar,0.0,0.0
2024-07-25,Sangrur,0.0,0.0
2024-07-25,Tarn Taran,0.0,0.0
2024-07-26,Amritsar,0.0,0.0
2024-07-26,Barnala,0.0,0.0
2024-07-26,Bathinda,0.0,0.0
2024-07-26,Faridkot,0.0,0.0
2024-07-26,Fatehgarh Sahib,0.0,0.0
2024-07-26,Firozpur,0.0,0.0
2024-07-26,Gurdaspur,0.0,0.0
2024-07-26,Hoshiarpur,0.0,0.0
2024-07-26,Jalandhar,0.0,0.0
2024-07-26,Kapurthala,0.0,0.0
2024-07-26,Ludhiana,0.0,0.0
2024-07-26,Mansa,0.0,0.0
2024-07-26,Moga,0.0,0.0
2024-07-26,Muktsar,0.0,0.0
2024-07-26,Nawanshahr,0.0,0.0
2024-07-26,Patiala,0.0,0.0
2024-07-26,Rupnagar,0.0,0.0
2024-07-26,Sahibzada Ajit Singh Nagar,0.0,0.0
2024-07-26,Sangrur,0.0,0.0
2024-07-26,Tarn Taran,0.0,0.0
2024-07-27,Amritsar,69.44,0.00026
2024-07-27,Barnala,0.0,0.0
2024-07-27,Bathinda,26.88,8e-05
2024-07-27,Faridkot,0.0,0.0
2024-07-27,Fatehgarh Sahib,0.0,0.0
2024-07-27,Firozpur,250.3,0.000479
2024-07-27,Gurdaspur,27.46,7.6e-05
2024-07-27,Hoshiarpur,25.29,7.5e-05
2024-07-27,Jalandhar,76.37,0.000292
2024-07-27,Kapurthala,75.87,0.000455
2024-07-27,Ludhiana,58.8,0.000163
2024-07-27,Mansa,0.0,0.0
2024-07-27,Moga,12.49,5.3e-05
2024-07-27,Muktsar,4.48,1.7e-05
2024-07-27,Nawanshahr,0.0,0.0
2024-07-27,Patiala,0.0,0.0
2024-07-27,Rupnagar,0.0,0.0
2024-07-27,Sahibzada Ajit Singh Nagar,0.0,0.0
2024-07-27,Sangrur,6.73,1.9e-05
2024-07-27,Tarn Taran,229.11,0.000954
2024-07-28,Amritsar,0.0,0.0
2024-07-28,Barnala,0.0,0.0
2024-07-28,Bathinda,0.0,0.0
2024-07-28,Faridkot,0.0,0.0
2024-07-28,Fatehgarh Sahib,0.0,0.0
2024-07-28,Firozpur,20.05,3.8e-05
2024-07-28,Gurdaspur,0.0,0.0
2024-07-28,Hoshiarpur,0.0,0.0
2024-07-28,Jalandhar,0.0,0.0
2024-07-28,Kapurthala,0.0,0.0
2024-07-28,Ludhiana,0.0,0.0
2024-07-28,Mansa,0.0,0.0
2024-07-28,Moga,0.0,0.0
2024-07-28,Muktsar,0.0,0.0
2024-07-28,Nawanshahr,0.0,0.0
2024-07-28,Patiala,0.0,0.0
2024-07-28,Rupnagar,0.0,0.0
2024-07-28,Sahibzada Ajit Singh Nagar,0.0,0.0
2024-07-28,Sangrur,0.0,0.0
2024-07-28,Tarn Taran,0.0,0.0
2024-07-29,Amritsar,0.0,0.0
2024-07-29,Barnala,0.0,0.0
2024-07-29,Bathinda,0.0,0.0
2024-07-29,Faridkot,0.0,0.0
2024-07-29,Fatehgarh Sahib,0.0,0.0
2024-07-29,Firozpur,0.0,0.0
2024-07-29,Gurdaspur,0.0,0.0
2024-07-29,Hoshiarpur,0.0,0.0
2024-07-29,Jalandhar,0.0,0.0
2024-07-29,Kapurthala,0.0,0.0
2024-07-29,Ludhiana,0.0,0.0
2024-07-29,Mansa,0.0,0.0
2024-07-29,Moga,0.0,0.0
2024-07-29,Muktsar,0.0,0.0
2024-07-29,Nawanshahr,0.0,0.0
2024-07-29,Patiala,0.0,0.0
2024-07-29,Rupnagar,0.0,0.0
2024-07-29,Sahibzada Ajit Singh Nagar,0.0,0.0
2024-07-29,Sangrur,0.0,0.0
2024-07-29,Tarn Taran,0.0,0.0
2024-07-30,Amritsar,0.0,0.0
2024-07-30,Barnala,0.0,0.0
2024-07-30,Bathinda,0.0,0.0
2024-07-30,Faridkot,0.0,0.0
2024-07-30,Fatehgarh Sahib,0.0,0.0
2024-07-30,Firozpur,0.0,0.0
2024-07-30,Gurdaspur,0.0,0.0
2024-07-30,Hoshiarpur,0.0,0.0
2024-07-30,Jalandhar,0.0,0.0
2024-07-30,Kapurthala,0.0,0.0
2024-07-30,Ludhiana,0.0,0.0
2024-07-30,Mansa,0.0,0.0
2024-07-30,Moga,0.0,0.0
2024-07-30,Muktsar,0.0,0.0
2024-07-30,Nawanshahr,0.0,0.0
2024-07-30,Patiala,0.0,0.0
2024-07-30,Rupnagar,0.0,0.0
2024-07-30,Sahibzada Ajit Singh Nagar,0.0,0.0
2024-07-30,Sangrur,0.0,0.0
2024-07-30,Tarn Taran,0.0,0.0
2024-07-31,Amritsar,0.0,0.0
2024-07-31,Barnala,0.0,0.0
2024-07-31,Bathinda,0.0,0.0
2024-07-31,Faridkot,0.0,0.0
2024-07-31,Fatehgarh Sahib,0.0,0.0
2024-07-31,Firozpur,0.0,0.0
2024-07-31,Gurdaspur,0.0,0.0
2024-07-31,Hoshiarpur,0.0,0.0
2024-07-31,Jalandhar,0.0,0.0
2024-07-31,Kapurthala,0.0,0.0
2024-07-31,Ludhiana,0.0,0.0
2024-07-31,Mansa,0.0,0.0
2024-07-31,Moga,0.0,0.0
2024-07-31,Muktsar,0.0,0.0
2024-07-31,Nawanshahr,0.0,0.0
2024-07-31,Patiala,0.0,0.0
2024-07-31,Rupnagar,0.0,0.0
2024-07-31,Sahibzada Ajit Singh Nagar,0.0,0.0
2024-07-31,Sangrur,0.0,0.0
2024-07-31,Tarn Taran,0.0,0.0
2024-08-01,Amritsar,0.0,0.0
2024-08-01,Barnala,0.0,0.0
2024-08-01,Bathinda,0.0,0.0
2024-08-01,Faridkot,0.0,0.0
2024-08-01,Fatehgarh Sahib,0.0,0.0
2024-08-01,Firozpur,0.0,0.0
2024-08-01,Gurdaspur,0.0,0.0
2024-08-01,Hoshiarpur,0.0,0.0
2024-08-01,Jalandhar,0.0,0.0
2024-08-01,Kapurthala,0.0,0.0
2024-08-01,Ludhiana,0.0,0.0
2024-08-01,Mansa,0.0,0.0
2024-08-01,Moga,0.0,0.0
2024-08-01,Muktsar,0.0,0.0
2024-08-01,Nawanshahr,0.0,0.0
2024-08-01,Patiala,0.0,0.0
2024-08-01,Rupnagar,0.0,0.0
2024-08-01,Sahibzada Ajit Singh Nagar,0.0,0.0
2024-08-01,Sangrur,0.0,0.0
2024-08-01,Tarn Taran,0.0,0.0
2024-08-02,Amritsar,0.0,0.0
2024-08-02,Barnala,0.0,0.0
2024-08-02,Bathinda,0.0,0.0
2024-08-02,Faridkot,0.0,0.0
2024-08-02,Fatehgarh Sahib,0.0,0.0
2024-08-02,Firozpur,0.0,0.0
2024-08-02,Gurdaspur,0.0,0.0
2024-08-02,Hoshiarpur,0.0,0.0
2024-08-02,Jalandhar,0.0,0.0
2024-08-02,Kapurthala,0.0,0.0
2024-08-02,Ludhiana,0.0,0.0
2024-08-02,Mansa,0.0,0.0
2024-08-02,Moga,0.0,0.0
2024-08-02,Muktsar,0.0,0.0
2024-08-02,Nawanshahr,0.0,0.0
2024-08-02,Patiala,0.0,0.0
2024-08-02,Rupnagar,0.0,0.0
2024-08-02,Sahibzada Ajit Singh Nagar,0.0,0.0
2024-08-02,Sangrur,0.0,0.0
2024-08-02,Tarn Taran,0.0,0.0
2024-08-03,Amritsar,26.12,9.8e-05
2024-08-03,Barnala,0.0,0.0
2024-08-03,Bathinda,0.0,0.0
2024-08-03,Faridkot,0.0,0.0
2024-08-03,Fatehgarh Sahib,0.0,0.0
2024-08-03,Firozpur,0.0,0.0
2024-08-03,Gurdaspur,135.45,0.000373
2024-08-03,Hoshiarpur,28.9,8.6e-05
2024-08-03,Jalandhar,124.17,0.000475
2024-08-03,Kapurthala,80.05,0.00048
2024-08-03,Ludhiana,120.5,0.000335
2024-08-03,Mansa,0.0,0.0
2024-08-03,Moga,23.5,0.0001
2024-08-03,Muktsar,0.0,0.0
2024-08-03,Nawanshahr,132.97,0.001019
2024-08-03,Patiala,53.64,0.000161
2024-08-03,Rupnagar,3.67,2.6e-05
2024-08-03,Sahibzada Ajit Singh Nagar,4.42,4e-05
2024-08-03,Sangrur,0.0,0.0
2024-08-03,Tarn Taran,15.3,6.4e-05
2024-08-04,Amritsar,0.0,0.0
2024-08-04,Barnala,0.0,0.0
2024-08-04,Bathinda,0.0,0.0
2024-08-04,Faridkot,0.0,0.0
2024-08-04,Fatehgarh Sahib,0.0,0.0
2024-08-04,Firozpur,0.0,0.0
2024-08-04,Gurdaspur,0.0,0.0
2024-08-04,Hoshiarpur,0.0,0.0
2024-08-04,Jalandhar,0.0,0.0
2024-08-04,Kapurthala,0.0,0.0
2024-08-04,Ludhiana,0.0,0.0
2024-08-04,Mansa,0.0,0.0
2024-08-04,Moga,0.0,0.0
2024-08-04,Muktsar,0.0,0.0
2024-08-04,Nawanshahr,0.0,0.0
2024-08-04,Patiala,0.0,0.0
2024-08-04,Rupnagar,0.0,0.0
2024-08-04,Sahibzada Ajit Singh Nagar,0.0,0.0
2024-08-04,Sangrur,0.0,0.0
2024-08-04,Tarn Taran,0.0,0.0
2024-08-05,Amritsar,0.0,0.0
2024-08-05,Barnala,0.0,0.0
2024-08-05,Bathinda,0.0,0.0
2024-08-05,Faridkot,0.0,0.0
2024-08-05,Fatehgarh Sahib,0.0,0.0
2024-08-05,Firozpur,0.0,0.0
2024-08-05,Gurdaspur,0.0,0.0
2024-08-05,Hoshiarpur,0.0,0.0
2024-08-05,Jalandhar,0.0,0.0
2024-08-05,Kapurthala,0.0,0.0
2024-08-05,Ludhiana,0.0,0.0
2024-08-05,Mansa,0.0,0.0
2024-08-05,Moga,0.0,0.0
2024-08-05,Muktsar,0.0,0.0
2024-08-05,Nawanshahr,0.0,0.0
2024-08-05,Patiala,0.0,0.0
2024-08-05,Rupnagar,0.0,0.0
2024-08-05,Sahibzada Ajit Singh Nagar,0.0,0.0
2024-08-05,Sangrur,0.0,0.0
2024-08-05,Tarn Taran,0.0,0.0
2024-08-06,Amritsar,0.0,0.0
2024-08-06,Barnala,0.0,0.0
2024-08-06,Bathinda,0.0,0.0
2024-08-06,Faridkot,0.0,0.0
2024-08-06,Fatehgarh Sahib,0.0,0.0
2024-08-06,Firozpur,0.0,0.0
2024-08-06,Gurdaspur,0.0,0.0
2024-08-06,Hoshiarpur,0.0,0.0
2024-08-06,Jalandhar,0.0,0.0
2024-08-06,Kapurthala,0.0,0.0
2024-08-06,Ludhiana,0.0,0.0
2024-08-06,Mansa,0.0,0.0
2024-08-06,Moga,0.0,0.0
2024-08-06,Muktsar,0.0,0.0
2024-08-06,Nawanshahr,0.0,0.0
2024-08-06,Patiala,0.0,0.0
2024-08-06,Rupnagar,0.0,0.0
2024-08-06,Sahibzada Ajit Singh Nagar,0.0,0.0
2024-08-06,Sangrur,0.0,0.0
2024-08-06,Tarn Taran,0.0,0.0
2024-08-07,Amritsar,0.0,0.0
2024-08-07,Barnala,0.0,0.0
2024-08-07,Bathinda,0.0,0.0
2024-08-07,Faridkot,0.0,0.0
2024-08-07,Fatehgarh Sahib,0.0,0.0
2024-08-07,Firozpur,0.0,0.0
2024-08-07,Gurdaspur,0.0,0.0
2024-08-07,Hoshiarpur,0.0,0.0
2024-08-07,Jalandhar,0.0,0.0
2024-08-07,Kapurthala,0.0,0.0
2024-08-07,Ludhiana,0.0,0.0
2024-08-07,Mansa,0.0,0.0
2024-08-07,Moga,0.0,0.0
2024-08-07,Muktsar,0.0,0.0
2024-08-07,Nawanshahr,0.0,0.0
2024-08-07,Patiala,0.0,0.0
2024-08-07,Rupnagar,0.0,0.0
2024-08-07,Sahibzada Ajit Singh Nagar,0.0,0.0
2024-08-07,Sangrur,0.0,0.0
2024-08-07,Tarn Taran,0.0,0.0
2024-08-08,Amritsar,83.21,0.000312
2024-08-08,Barnala,3.74,2.5e-05
2024-08-08,Bathinda,3.75,1.1e-05
2024-08-08,Faridkot,0.0,0.0
2024-08-08,Fatehgarh Sahib,0.0,0.0
2024-08-08,Firozpur,302.73,0.00058
2024-08-08,Gurdaspur,57.65,0.000159
2024-08-08,Hoshiarpur,31.07,9.2e-05
2024-08-08,Jalandhar,83.76,0.00032
2024-08-08,Kapurthala,79.54,0.000477
2024-08-08,Ludhiana,52.91,0.000147
2024-08-08,Mansa,0.0,0.0
2024-08-08,Moga,8.07,3.4e-05
2024-08-08,Muktsar,19.34,7.4e-05
2024-08-08,Nawanshahr,0.0,0.0
2024-08-08,Patiala,0.0,0.0
2024-08-08,Rupnagar,0.0,0.0
2024-08-08,Sahibzada Ajit Singh Nagar,0.0,0.0
2024-08-08,Sangrur,0.0,0.0
2024-08-08,Tarn Taran,246.64,0.001027
2024-08-09,Amritsar,0.0,0.0
2024-08-09,Barnala,0.0,0.0
2024-08-09,Bathinda,0.0,0.0
2024-08-09,Faridkot,0.0,0.0
2024-08-09,Fatehgarh Sahib,0.0,0.0
2024-08-09,Firozpur,0.0,0.0
2024-08-09,Gurdaspur,0.0,0.0
2024-08-09,Hoshiarpur,0.0,0.0
2024-08-09,Jalandhar,0.0,0.0
2024-08-09,Kapurthala,0.0,0.0
2024-08-09,Ludhiana,0.0,0.0
2024-08-09,Mansa,0.0,0.0
2024-08-09,Moga,0.0,0.0
2024-08-09,Muktsar,0.0,0.0
2024-08-09,Nawanshahr,0.0,0.0
2024-08-09,Patiala,0.0,0.0
2024-08-09,Rupnagar,0.0,0.0
2024-08-09,Sahibzada Ajit Singh Nagar,0.0,0.0
2024-08-09,Sangrur,0.0,0.0
2024-08-09,Tarn Taran,0.0,0.0
2024-08-10,Amritsar,0.0,0.0
2024-08-10,Barnala,0.0,0.0
2024-08-10,Bathinda,0.0,0.0
2024-08-10,Faridkot,0.0,0.0
2024-08-10,Fatehgarh Sahib,0.0,0.0
2024-08-10,Firozpur,0.0,0.0
2024-08-10,Gurdaspur,0.0,0.0
2024-08-10,Hoshiarpur,0.0,0.0
2024-08-10,Jalandhar,0.0,0.0
2024-08-10,Kapurthala,0.0,0.0
2024-08-10,Ludhiana,0.0,0.0
2024-08-10,Mansa,0.0,0.0
2024-08-10,Moga,0.0,0.0
2024-08-10,Muktsar,0.0,0.0
2024-08-10,Nawanshahr,0.0,0.0
2024-08-10,Patiala,0.0,0.0
2024-08-10,Rupnagar,0.0,0.0
2024-08-10,Sahibzada Ajit Singh Nagar,0.0,0.0
2024-08-10,Sangrur,0.0,0.0
2024-08-10,Tarn Taran,0.0,0.0
2024-08-11,Amritsar,0.0,0.0
2024-08-11,Barnala,0.0,0.0
2024-08-11,Bathinda,0.0,0.0
2024-08-11,Faridkot,0.0,0.0
2024-08-11,Fatehgarh Sahib,0.0,0.0
2024-08-11,Firozpur,0.0,0.0
2024-08-11,Gurdaspur,0.0,0.0
2024-08-11,Hoshiarpur,0.0,0.0
2024-08-11,Jalandhar,0.0,0.0
2024-08-11,Kapurthala,0.0,0.0
2024-08-11,Ludhiana,0.0,0.0
2024-08-11,Mansa,0.0,0.0
2024-08-11,Moga,0.0,0.0
2024-08-11,Muktsar,0.0,0.0
2024-08-11,Nawanshahr,0.0,0.0
2024-08-11,Patiala,0.0,0.0
2024-08-11,Rupnagar,0.0,0.0
2024-08-11,Sahibzada Ajit Singh Nagar,0.0,0.0
2024-08-11,Sangrur,0.0,0.0
2024-08-11,Tarn Taran,0.0,0.0
2024-08-12,Amritsar,0.0,0.0
2024-08-12,Barnala,0.0,0.0
2024-08-12,Bathinda,0.0,0.0
2024-08-12,Faridkot,0.0,0.0
2024-08-12,Fatehgarh Sahib,0.0,0.0
2024-08-12,Firozpur,0.0,0.0
2024-08-12,Gurdaspur,0.0,0.0
2024-08-12,Hoshiarpur,0.0,0.0
2024-08-12,Jalandhar,0.0,0.0
2024-08-12,Kapurthala,0.0,0.0
2024-08-12,Ludhiana,0.0,0.0
2024-08-12,Mansa,0.0,0.0
2024-08-12,Moga,0.0,0.0
2024-08-12,Muktsar,0.0,0.0
2024-08-12,Nawanshahr,0.0,0.0
2024-08-12,Patiala,0.0,0.0
2024-08-12,Rupnagar,0.0,0.0
2024-08-12,Sahibzada Ajit Singh Nagar,0.0,0.0
2024-08-12,Sangrur,0.0,0.0
2024-08-12,Tarn Taran,0.0,0.0
2024-08-13,Amritsar,0.0,0.0
2024-08-13,Barnala,0.0,0.0
2024-08-13,Bathinda,0.0,0.0
2024-08-13,Faridkot,0.0,0.0
2024-08-13,Fatehgarh Sahib,0.0,0.0
2024-08-13,Firozpur,0.0,0.0
2024-08-13,Gurdaspur,0.0,0.0
2024-08-13,Hoshiarpur,0.0,0.0
2024-08-13,Jalandhar,0.0,0.0
2024-08-13,Kapurthala,0.0,0.0
2024-08-13,Ludhiana,0.0,0.0
2024-08-13,Mansa,0.0,0.0
2024-08-13,Moga,0.0,0.0
2024-08-13,Muktsar,0.0,0.0
2024-08-13,Nawanshahr,0.0,0.0
2024-08-13,Patiala,0.0,0.0
2024-08-13,Rupnagar,0.0,0.0
2024-08-13,Sahibzada Ajit Singh Nagar,0.0,0.0
2024-08-13,Sangrur,0.0,0.0
2024-08-13,Tarn Taran,0.0,0.0
2024-08-14,Amritsar,0.0,0.0
2024-08-14,Barnala,0.0,0.0
2024-08-14,Bathinda,0.0,0.0
2024-08-14,Faridkot,0.0,0.0
2024-08-14,Fatehgarh Sahib,0.0,0.0
2024-08-14,Firozpur,0.0,0.0
2024-08-14,Gurdaspur,0.0,0.0
2024-08-14,Hoshiarpur,0.0,0.0
2024-08-14,Jalandhar,0.0,0.0
2024-08-14,Kapurthala,0.0,0.0
2024-08-14,Ludhiana,0.0,0.0
2024-08-14,Mansa,0.0,0.0
2024-08-14,Moga,0.0,0.0
2024-08-14,Muktsar,0.0,0.0
2024-08-14,Nawanshahr,0.0,0.0
2024-08-14,Patiala,0.0,0.0
2024-08-14,Rupnagar,0.0,0.0
2024-08-14,Sahibzada Ajit Singh Nagar,0.0,0.0
2024-08-14,Sangrur,0.0,0.0
2024-08-14,Tarn Taran,0.0,0.0
2024-08-15,Amritsar,34.12,0.000128
2024-08-15,Barnala,0.0,0.0
2024-08-15,Bathinda,0.0,0.0
2024-08-15,Faridkot,0.0,0.0
2024-08-15,Fatehgarh Sahib,0.0,0.0
2024-08-15,Firozpur,0.0,0.0
2024-08-15,Gurdaspur,510.63,0.001407
2024-08-15,Hoshiarpur,28.89,8.6e-05
2024-08-15,Jalandhar,52.87,0.000202
2024-08-15,Kapurthala,56.75,0.000341
2024-08-15,Ludhiana,58.79,0.000163
2024-08-15,Mansa,0.0,0.0
2024-08-15,Moga,4.4,1.9e-05
2024-08-15,Muktsar,0.0,0.0
2024-08-15,Nawanshahr,35.26,0.00027
2024-08-15,Patiala,76.03,0.000228
2024-08-15,Rupnagar,5.86,4.2e-05
2024-08-15,Sahibzada Ajit Singh Nagar,5.16,4.6e-05
2024-08-15,Sangrur,12.8,3.5e-05
2024-08-15,Tarn Taran,13.84,5.8e-05
2024-08-16,Amritsar,132.95,0.000498
2024-08-16,Barnala,0.0,0.0
2024-08-16,Bathinda,0.75,2e-06
2024-08-16,Faridkot,0.0,0.0
2024-08-16,Fatehgarh Sahib,0.0,0.0
2024-08-16,Firozpur,256.09,0.00049
2024-08-16,Gurdaspur,197.75,0.000545
2024-08-16,Hoshiarpur,24.58,7.3e-05
2024-08-16,Jalandhar,36.73,0.000141
2024-08-16,Kapurthala,107.98,0.000648
2024-08-16,Ludhiana,28.66,8e-05
2024-08-16,Mansa,9.75,4.4e-05
2024-08-16,Moga,8.81,3.7e-05
2024-08-16,Muktsar,26.84,0.000103
2024-08-16,Nawanshahr,12.49,9.6e-05
2024-08-16,Patiala,13.51,4e-05
2024-08-16,Rupnagar,0.0,0.0
2024-08-16,Sahibzada Ajit Singh Nagar,0.0,0.0
2024-08-16,Sangrur,17.29,4.8e-05
2024-08-16,Tarn Taran,283.91,0.001183
2024-08-17,Amritsar,0.0,0.0
2024-08-17,Barnala,0.0,0.0
2024-08-17,Bathinda,0.0,0.0
2024-08-17,Faridkot,0.0,0.0
2024-08-17,Fatehgarh Sahib,0.0,0.0
2024-08-17,Firozpur,0.0,0.0
2024-08-17,Gurdaspur,0.0,0.0
2024-08-17,Hoshiarpur,0.0,0.0
2024-08-17,Jalandhar,0.0,0.0
2024-08-17,Kapurthala,0.0,0.0
2024-08-17,Ludhiana,0.0,0.0
2024-08-17,Mansa,0.0,0.0
2024-08-17,Moga,0.0,0.0
2024-08-17,Muktsar,0.0,0.0
2024-08-17,Nawanshahr,0.0,0.0
2024-08-17,Patiala,0.0,0.0
2024-08-17,Rupnagar,0.0,0.0
2024-08-17,Sahibzada Ajit Singh Nagar,0.0,0.0
2024-08-17,Sangrur,0.0,0.0
2024-08-17,Tarn Taran,0.0,0.0
2024-08-18,Amritsar,0.0,0.0
2024-08-18,Barnala,0.0,0.0
2024-08-18,Bathinda,0.0,0.0
2024-08-18,Faridkot,0.0,0.0
2024-08-18,Fatehgarh Sahib,0.0,0.0
2024-08-18,Firozpur,0.0,0.0
2024-08-18,Gurdaspur,0.0,0.0
2024-08-18,Hoshiarpur,0.0,0.0
2024-08-18,Jalandhar,0.0,0.0
2024-08-18,Kapurthala,0.0,0.0
2024-08-18,Ludhiana,0.0,0.0
2024-08-18,Mansa,0.0,0.0
2024-08-18,Moga,0.0,0.0
2024-08-18,Muktsar,0.0,0.0
2024-08-18,Nawanshahr,0.0,0.0
2024-08-18,Patiala,0.0,0.0
2024-08-18,Rupnagar,0.0,0.0
2024-08-18,Sahibzada Ajit Singh Nagar,0.0,0.0
2024-08-18,Sangrur,0.0,0.0
2024-08-18,Tarn Taran,0.0,0.0
2024-08-19,Amritsar,0.0,0.0
2024-08-19,Barnala,0.0,0.0
2024-08-19,Bathinda,0.0,0.0
2024-08-19,Faridkot,0.0,0.0
2024-08-19,Fatehgarh Sahib,0.0,0.0
2024-08-19,Firozpur,0.0,0.0
2024-08-19,Gurdaspur,0.0,0.0
2024-08-19,Hoshiarpur,0.0,0.0
2024-08-19,Jalandhar,0.0,0.0
2024-08-19,Kapurthala,0.0,0.0
2024-08-19,Ludhiana,0.0,0.0
2024-08-19,Mansa,0.0,0.0
2024-08-19,Moga,0.0,0.0
2024-08-19,Muktsar,0.0,0.0
2024-08-19,Nawanshahr,0.0,0.0
2024-08-19,Patiala,0.0,0.0
2024-08-19,Rupnagar,0.0,0.0
2024-08-19,Sahibzada Ajit Singh Nagar,0.0,0.0
2024-08-19,Sangrur,0.0,0.0
2024-08-19,Tarn Taran,0.0,0.0
2024-08-20,Amritsar,67.26,0.000252
2024-08-20,Barnala,0.0,0.0
2024-08-20,Bathinda,0.0,0.0
2024-08-20,Faridkot,0.0,0.0
2024-08-20,Fatehgarh Sahib,0.0,0.0
2024-08-20,Firozpur,230.08,0.000441
2024-08-20,Gurdaspur,46.09,0.000127
2024-08-20,Hoshiarpur,27.46,8.1e-05
2024-08-20,Jalandhar,62.46,0.000239
2024-08-20,Kapurthala,83.16,0.000499
2024-08-20,Ludhiana,60.26,0.000168
2024-08-20,Mansa,0.0,0.0
2024-08-20,Moga,5.14,2.2e-05
2024-08-20,Muktsar,1.5,6e-06
2024-08-20,Nawanshahr,0.0,0.0
2024-08-20,Patiala,0.0,0.0
2024-08-20,Rupnagar,0.0,0.0
2024-08-20,Sahibzada Ajit Singh Nagar,0.0,0.0
2024-08-20,Sangrur,0.0,0.0
2024-08-20,Tarn Taran,212.24,0.000884
2024-08-21,Amritsar,0.0,0.0
2024-08-21,Barnala,0.0,0.0
2024-08-21,Bathinda,0.0,0.0
2024-08-21,Faridkot,0.0,0.0
2024-08-21,Fatehgarh Sahib,0.0,0.0
2024-08-21,Firozpur,1.49,3e-06
2024-08-21,Gurdaspur,0.0,0.0
2024-08-21,Hoshiarpur,0.0,0.0
2024-08-21,Jalandhar,0.0,0.0
2024-08-21,Kapurthala,0.0,0.0
2024-08-21,Ludhiana,0.0,0.0
2024-08-21,Mansa,0.0,0.0
2024-08-21,Moga,0.0,0.0
2024-08-21,Muktsar,0.0,0.0
2024-08-21,Nawanshahr,0.0,0.0
2024-08-21,Patiala,0.0,0.0
2024-08-21,Rupnagar,0.0,0.0
2024-08-21,Sahibzada Ajit Singh Nagar,0.0,0.0
2024-08-21,Sangrur,0.0,0.0
2024-08-21,Tarn Taran,0.0,0.0
2024-08-22,Amritsar,0.0,0.0
2024-08-22,Barnala,0.0,0.0
2024-08-22,Bathinda,0.0,0.0
2024-08-22,Faridkot,0.0,0.0
2024-08-22,Fatehgarh Sahib,0.0,0.0
2024-08-22,Firozpur,0.0,0.0
2024-08-22,Gurdaspur,0.0,0.0
2024-08-22,Hoshiarpur,0.0,0.0
2024-08-22,Jalandhar,0.0,0.0
2024-08-22,Kapurthala,0.0,0.0
2024-08-22,Ludhiana,0.0,0.0
2024-08-22,Mansa,0.0,0.0
2024-08-22,Moga,0.0,0.0
2024-08-22,Muktsar,0.0,0.0
2024-08-22,Nawanshahr,0.0,0.0
2024-08-22,Patiala,0.0,0.0
2024-08-22,Rupnagar,0.0,0.0
2024-08-22,Sahibzada Ajit Singh Nagar,0.0,0.0
2024-08-22,Sangrur,0.0,0.0
2024-08-22,Tarn Taran,0.0,0.0
2024-08-23,Amritsar,0.0,0.0
2024-08-23,Barnala,0.74,5e-06
2024-08-23,Bathinda,0.0,0.0
2024-08-23,Faridkot,0.0,0.0
2024-08-23,Fatehgarh Sahib,0.0,0.0
2024-08-23,Firozpur,0.0,0.0
2024-08-23,Gurdaspur,0.0,0.0
2024-08-23,Hoshiarpur,0.0,0.0
2024-08-23,Jalandhar,19.83,7.6e-05
2024-08-23,Kapurthala,0.0,0.0
2024-08-23,Ludhiana,41.14,0.000114
2024-08-23,Mansa,6.74,3e-05
2024-08-23,Moga,0.0,0.0
2024-08-23,Muktsar,0.0,0.0
2024-08-23,Nawanshahr,85.21,0.000653
2024-08-23,Patiala,7.44,2.2e-05
2024-08-23,Rupnagar,1.46,1.1e-05
2024-08-23,Sahibzada Ajit Singh Nagar,2.21,2e-05
2024-08-23,Sangrur,84.55,0.000234
2024-08-23,Tarn Taran,0.0,0.0
2024-08-24,Amritsar,0.0,0.0
2024-08-24,Barnala,0.0,0.0
2024-08-24,Bathinda,0.0,0.0
2024-08-24,Faridkot,0.0,0.0
2024-08-24,Fatehgarh Sahib,0.0,0.0
2024-08-24,Firozpur,0.0,0.0
2024-08-24,Gurdaspur,0.0,0.0
2024-08-24,Hoshiarpur,0.0,0.0
2024-08-24,Jalandhar,0.0,0.0
2024-08-24,Kapurthala,0.0,0.0
2024-08-24,Ludhiana,0.0,0.0
2024-08-24,Mansa,0.0,0.0
2024-08-24,Moga,0.0,0.0
2024-08-24,Muktsar,0.0,0.0
2024-08-24,Nawanshahr,0.0,0.0
2024-08-24,Patiala,0.0,0.0
2024-08-24,Rupnagar,0.0,0.0
2024-08-24,Sahibzada Ajit Singh Nagar,0.0,0.0
2024-08-24,Sangrur,0.0,0.0
2024-08-24,Tarn Taran,0.0,0.0
2024-08-25,Amritsar,0.0,0.0
2024-08-25,Barnala,0.0,0.0
2024-08-25,Bathinda,0.0,0.0
2024-08-25,Faridkot,0.0,0.0
2024-08-25,Fatehgarh Sahib,0.0,0.0
2024-08-25,Firozpur,0.0,0.0
2024-08-25,Gurdaspur,0.0,0.0
2024-08-25,Hoshiarpur,0.0,0.0
2024-08-25,Jalandhar,0.0,0.0
2024-08-25,Kapurthala,0.0,0.0
2024-08-25,Ludhiana,0.0,0.0
2024-08-25,Mansa,0.0,0.0
2024-08-25,Moga,0.0,0.0
2024-08-25,Muktsar,0.0,0.0
2024-08-25,Nawanshahr,0.0,0.0
2024-08-25,Patiala,0.0,0.0
2024-08-25,Rupnagar,0.0,0.0
2024-08-25,Sahibzada Ajit Singh Nagar,0.0,0.0
2024-08-25,Sangrur,0.0,0.0
2024-08-25,Tarn Taran,0.0,0.0
2024-08-26,Amritsar,0.0,0.0
2024-08-26,Barnala,0.0,0.0
2024-08-26,Bathinda,0.0,0.0
2024-08-26,Faridkot,0.0,0.0
2024-08-26,Fatehgarh Sahib,0.0,0.0
2024-08-26,Firozpur,0.0,0.0
2024-08-26,Gurdaspur,0.0,0.0
2024-08-26,Hoshiarpur,0.0,0.0
2024-08-26,Jalandhar,0.0,0.0
2024-08-26,Kapurthala,0.0,0.0
2024-08-26,Ludhiana,0.0,0.0
2024-08-26,Mansa,0.0,0.0
2024-08-26,Moga,0.0,0.0
2024-08-26,Muktsar,0.0,0.0
2024-08-26,Nawanshahr,0.0,0.0
2024-08-26,Patiala,0.0,0.0
2024-08-26,Rupnagar,0.0,0.0
2024-08-26,Sahibzada Ajit Singh Nagar,0.0,0.0
2024-08-26,Sangrur,0.0,0.0
2024-08-26,Tarn Taran,0.0,0.0
2024-08-27,Amritsar,37.02,0.000139
2024-08-27,Barnala,0.0,0.0
2024-08-27,Bathinda,0.0,0.0
2024-08-27,Faridkot,0.0,0.0
2024-08-27,Fatehgarh Sahib,0.0,0.0
2024-08-27,Firozpur,0.0,0.0
2024-08-27,Gurdaspur,107.43,0.000296
2024-08-27,Hoshiarpur,16.64,4.9e-05
2024-08-27,Jalandhar,58.78,0.000225
2024-08-27,Kapurthala,34.23,0.000205
2024-08-27,Ludhiana,84.5,0.000235
2024-08-27,Mansa,1.5,7e-06
2024-08-27,Moga,5.14,2.2e-05
2024-08-27,Muktsar,0.0,0.0
2024-08-27,Nawanshahr,113.13,0.000867
2024-08-27,Patiala,7.47,2.2e-05
2024-08-27,Rupnagar,10.27,7.4e-05
2024-08-27,Sahibzada Ajit Singh Nagar,3.69,3.3e-05
2024-08-27,Sangrur,0.0,0.0
2024-08-27,Tarn Taran,17.49,7.3e-05
2024-08-28,Amritsar,96.87,0.000363
2024-08-28,Barnala,0.0,0.0
2024-08-28,Bathinda,0.0,0.0
2024-08-28,Faridkot,0.0,0.0
2024-08-28,Fatehgarh Sahib,0.0,0.0
2024-08-28,Firozpur,232.44,0.000445
2024-08-28,Gurdaspur,126.75,0.000349
2024-08-28,Hoshiarpur,26.02,7.7e-05
2024-08-28,Jalandhar,104.33,0.000399
2024-08-28,Kapurthala,81.71,0.00049
2024-08-28,Ludhiana,91.85,0.000255
2024-08-28,Mansa,5.26,2.4e-05
2024-08-28,Moga,11.01,4.7e-05
2024-08-28,Muktsar,2.99,1.1e-05
2024-08-28,Nawanshahr,112.4,0.000861
2024-08-28,Patiala,8.25,2.5e-05
2024-08-28,Rupnagar,0.0,0.0
2024-08-28,Sahibzada Ajit Singh Nagar,0.0,0.0
2024-08-28,Sangrur,0.0,0.0
2024-08-28,Tarn Taran,255.35,0.001064
2024-08-29,Amritsar,0.0,0.0
2024-08-29,Barnala,0.0,0.0
2024-08-29,Bathinda,0.0,0.0
2024-08-29,Faridkot,0.0,0.0
2024-08-29,Fatehgarh Sahib,0.0,0.0
2024-08-29,Firozpur,0.0,0.0
2024-08-29,Gurdaspur,0.0,0.0
2024-08-29,Hoshiarpur,0.0,0.0
2024-08-29,Jalandhar,0.0,0.0
2024-08-29,Kapurthala,0.0,0.0
2024-08-29,Ludhiana,0.0,0.0
2024-08-29,Mansa,0.0,0.0
2024-08-29,Moga,0.0,0.0
2024-08-29,Muktsar,0.0,0.0
2024-08-29,Nawanshahr,0.0,0.0
2024-08-29,Patiala,0.0,0.0
2024-08-29,Rupnagar,0.0,0.0
2024-08-29,Sahibzada Ajit Singh Nagar,0.0,0.0
2024-08-29,Sangrur,0.0,0.0
2024-08-29,Tarn Taran,0.0,0.0
2024-08-30,Amritsar,0.0,0.0
2024-08-30,Barnala,0.0,0.0
2024-08-30,Bathinda,0.0,0.0
2024-08-30,Faridkot,0.0,0.0
2024-08-30,Fatehgarh Sahib,0.0,0.0
2024-08-30,Firozpur,0.0,0.0
2024-08-30,Gurdaspur,0.0,0.0
2024-08-30,Hoshiarpur,0.0,0.0
2024-08-30,Jalandhar,0.0,0.0
2024-08-30,Kapurthala,0.0,0.0
2024-08-30,Ludhiana,0.0,0.0
2024-08-30,Mansa,0.0,0.0
2024-08-30,Moga,0.0,0.0
2024-08-30,Muktsar,0.0,0.0
2024-08-30,Nawanshahr,0.0,0.0
2024-08-30,Patiala,0.0,0.0
2024-08-30,Rupnagar,0.0,0.0
2024-08-30,Sahibzada Ajit Singh Nagar,0.0,0.0
2024-08-30,Sangrur,0.0,0.0
2024-08-30,Tarn Taran,0.0,0.0
2024-08-31,Amritsar,0.0,0.0
2024-08-31,Barnala,0.0,0.0
2024-08-31,Bathinda,0.0,0.0
2024-08-31,Faridkot,0.0,0.0
2024-08-31,Fatehgarh Sahib,0.0,0.0
2024-08-31,Firozpur,0.0,0.0
2024-08-31,Gurdaspur,0.0,0.0
2024-08-31,Hoshiarpur,0.0,0.0
2024-08-31,Jalandhar,0.0,0.0
2024-08-31,Kapurthala,0.0,0.0
2024-08-31,Ludhiana,0.0,0.0
2024-08-31,Mansa,0.0,0.0
2024-08-31,Moga,0.0,0.0
2024-08-31,Muktsar,0.0,0.0
2024-08-31,Nawanshahr,0.0,0.0
2024-08-31,Patiala,0.0,0.0
2024-08-31,Rupnagar,0.0,0.0
2024-08-31,Sahibzada Ajit Singh Nagar,0.0,0.0
2024-08-31,Sangrur,0.0,0.0
2024-08-31,Tarn Taran,0.0,0.0
2024-09-01,Amritsar,74.49,0.000279
2024-09-01,Barnala,0.0,0.0
2024-09-01,Bathinda,0.0,0.0
2024-09-01,Faridkot,0.0,0.0
2024-09-01,Fatehgarh Sahib,0.0,0.0
2024-09-01,Firozpur,158.5,0.000304
2024-09-01,Gurdaspur,29.6,8.2e-05
2024-09-01,Hoshiarpur,25.3,7.5e-05
2024-09-01,Jalandhar,75.67,0.00029
2024-09-01,Kapurthala,76.57,0.00046
2024-09-01,Ludhiana,52.91,0.000147
2024-09-01,Mansa,0.0,0.0
2024-09-01,Moga,11.01,4.7e-05
2024-09-01,Muktsar,5.24,2e-05
2024-09-01,Nawanshahr,0.0,0.0
2024-09-01,Patiala,0.0,0.0
2024-09-01,Rupnagar,0.0,0.0
2024-09-01,Sahibzada Ajit Singh Nagar,0.0,0.0
2024-09-01,Sangrur,17.22,4.8e-05
2024-09-01,Tarn Taran,164.67,0.000686
2024-09-02,Amritsar,0.0,0.0
2024-09-02,Barnala,0.0,0.0
2024-09-02,Bathinda,0.0,0.0
2024-09-02,Faridkot,0.0,0.0
2024-09-02,Fatehgarh Sahib,0.0,0.0
2024-09-02,Firozpur,0.0,0.0
2024-09-02,Gurdaspur,0.0,0.0
2024-09-02,Hoshiarpur,0.0,0.0
2024-09-02,Jalandhar,0.0,0.0
2024-09-02,Kapurthala,0.0,0.0
2024-09-02,Ludhiana,0.0,0.0
2024-09-02,Mansa,0.0,0.0
2024-09-02,Moga,0.0,0.0
2024-09-02,Muktsar,0.0,0.0
2024-09-02,Nawanshahr,0.0,0.0
2024-09-02,Patiala,0.0,0.0
2024-09-02,Rupnagar,0.0,0.0
2024-09-02,Sahibzada Ajit Singh Nagar,0.0,0.0
2024-09-02,Sangrur,0.0,0.0
2024-09-02,Tarn Taran,0.0,0.0
2024-09-03,Amritsar,0.0,0.0
2024-09-03,Barnala,0.0,0.0
2024-09-03,Bathinda,0.0,0.0
2024-09-03,Faridkot,0.0,0.0
2024-09-03,Fatehgarh Sahib,0.0,0.0
2024-09-03,Firozpur,0.0,0.0
2024-09-03,Gurdaspur,0.0,0.0
2024-09-03,Hoshiarpur,0.0,0.0
2024-09-03,Jalandhar,0.0,0.0
2024-09-03,Kapurthala,0.0,0.0
2024-09-03,Ludhiana,0.0,0.0
2024-09-03,Mansa,0.0,0.0
2024-09-03,Moga,0.0,0.0
2024-09-03,Muktsar,0.0,0.0
2024-09-03,Nawanshahr,0.0,0.0
2024-09-03,Patiala,0.0,0.0
2024-09-03,Rupnagar,0.0,0.0
2024-09-03,Sahibzada Ajit Singh Nagar,0.0,0.0
2024-09-03,Sangrur,0.0,0.0
2024-09-03,Tarn Taran,0.0,0.0
2024-09-04,Amritsar,0.0,0.0
2024-09-04,Barnala,0.0,0.0
2024-09-04,Bathinda,0.0,0.0
2024-09-04,Faridkot,0.0,0.0
2024-09-04,Fatehgarh Sahib,74.1,0.000646
2024-09-04,Firozpur,0.0,0.0
2024-09-04,Gurdaspur,0.0,0.0
2024-09-04,Hoshiarpur,0.0,0.0
2024-09-04,Jalandhar,12.49,4.8e-05
2024-09-04,Kapurthala,0.0,0.0
2024-09-04,Ludhiana,37.5,0.000104
2024-09-04,Mansa,2.25,1e-05
2024-09-04,Moga,0.0,0.0
2024-09-04,Muktsar,0.0,0.0
2024-09-04,Nawanshahr,116.81,0.000895
2024-09-04,Patiala,729.83,0.002185
2024-09-04,Rupnagar,1.46,1.1e-05
2024-09-04,Sahibzada Ajit Singh Nagar,0.0,0.0
2024-09-04,Sangrur,267.06,0.00074
2024-09-04,Tarn Taran,0.0,0.0
2024-09-05,Amritsar,0.0,0.0
2024-09-05,Barnala,0.0,0.0
2024-09-05,Bathinda,0.0,0.0
2024-09-05,Faridkot,0.0,0.0
2024-09-05,Fatehgarh Sahib,0.0,0.0
2024-09-05,Firozpur,0.0,0.0
2024-09-05,Gurdaspur,0.0,0.0
2024-09-05,Hoshiarpur,0.0,0.0
2024-09-05,Jalandhar,0.0,0.0
2024-09-05,Kapurthala,0.0,0.0
2024-09-05,Ludhiana,0.0,0.0
2024-09-05,Mansa,0.0,0.0
2024-09-05,Moga,0.0,0.0
2024-09-05,Muktsar,0.0,0.0
2024-09-05,Nawanshahr,0.0,0.0
2024-09-05,Patiala,0.0,0.0
2024-09-05,Rupnagar,0.0,0.0
2024-09-05,Sahibzada Ajit Singh Nagar,0.0,0.0
2024-09-05,Sangrur,0.0,0.0
2024-09-05,Tarn Taran,0.0,0.0
2024-09-06,Amritsar,0.0,0.0
2024-09-06,Barnala,0.0,0.0
2024-09-06,Bathinda,0.0,0.0
2024-09-06,Faridkot,0.0,0.0
2024-09-06,Fatehgarh Sahib,0.0,0.0
2024-09-06,Firozpur,0.0,0.0
2024-09-06,Gurdaspur,0.0,0.0
2024-09-06,Hoshiarpur,0.0,0.0
2024-09-06,Jalandhar,0.0,0.0
2024-09-06,Kapurthala,0.0,0.0
2024-09-06,Ludhiana,0.0,0.0
2024-09-06,Mansa,0.0,0.0
2024-09-06,Moga,0.0,0.0
2024-09-06,Muktsar,0.0,0.0
2024-09-06,Nawanshahr,0.0,0.0
2024-09-06,Patiala,0.0,0.0
2024-09-06,Rupnagar,0.0,0.0
2024-09-06,Sahibzada Ajit Singh Nagar,0.0,0.0
2024-09-06,Sangrur,0.0,0.0
2024-09-06,Tarn Taran,0.0,0.0
2024-09-07,Amritsar,0.0,0.0
2024-09-07,Barnala,0.0,0.0
2024-09-07,Bathinda,0.0,0.0
2024-09-07,Faridkot,0.0,0.0
2024-09-07,Fatehgarh Sahib,0.0,0.0
2024-09-07,Firozpur,0.0,0.0
2024-09-07,Gurdaspur,0.0,0.0
2024-09-07,Hoshiarpur,0.0,0.0
2024-09-07,Jalandhar,0.0,0.0
2024-09-07,Kapurthala,0.0,0.0
2024-09-07,Ludhiana,0.0,0.0
2024-09-07,Mansa,0.0,0.0
2024-09-07,Moga,0.0,0.0
2024-09-07,Muktsar,0.0,0.0
2024-09-07,Nawanshahr,0.0,0.0
2024-09-07,Patiala,0.0,0.0
2024-09-07,Rupnagar,0.0,0.0
2024-09-07,Sahibzada Ajit Singh Nagar,0.0,0.0
2024-09-07,Sangrur,0.0,0.0
2024-09-07,Tarn Taran,0.0,0.0
2024-09-08,Amritsar,36.3,0.000136
2024-09-08,Barnala,0.0,0.0
2024-09-08,Bathinda,0.0,0.0
2024-09-08,Faridkot,0.0,0.0
2024-09-08,Fatehgarh Sahib,0.0,0.0
2024-09-08,Firozpur,0.0,0.0
2024-09-08,Gurdaspur,118.17,0.000326
2024-09-08,Hoshiarpur,18.08,5.4e-05
2024-09-08,Jalandhar,72.01,0.000275
2024-09-08,Kapurthala,41.5,0.000249
2024-09-08,Ludhiana,80.09,0.000223
2024-09-08,Mansa,0.0,0.0
2024-09-08,Moga,9.54,4.1e-05
2024-09-08,Muktsar,0.0,0.0
2024-09-08,Nawanshahr,83.75,0.000642
2024-09-08,Patiala,8.97,2.7e-05
2024-09-08,Rupnagar,4.4,3.2e-05
2024-09-08,Sahibzada Ajit Singh Nagar,1.47,1.3e-05
2024-09-08,Sangrur,0.0,0.0
2024-09-08,Tarn Taran,16.76,7e-05
2024-09-09,Amritsar,94.02,0.000352
2024-09-09,Barnala,0.0,0.0
2024-09-09,Bathinda,0.0,0.0
2024-09-09,Faridkot,0.0,0.0
2024-09-09,Fatehgarh Sahib,0.0,0.0
2024-09-09,Firozpur,194.37,0.000372
2024-09-09,Gurdaspur,103.22,0.000284
2024-09-09,Hoshiarpur,36.14,0.000107
2024-09-09,Jalandhar,79.35,0.000304
2024-09-09,Kapurthala,89.01,0.000534
2024-09-09,Ludhiana,65.4,0.000182
2024-09-09,Mansa,3.01,1.4e-05
2024-09-09,Moga,18.35,7.8e-05
2024-09-09,Muktsar,2.25,9e-06
2024-09-09,Nawanshahr,24.98,0.000191
2024-09-09,Patiala,9.01,2.7e-05
2024-09-09,Rupnagar,0.0,0.0
2024-09-09,Sahibzada Ajit Singh Nagar,0.0,0.0
2024-09-09,Sangrur,0.0,0.0
2024-09-09,Tarn Taran,234.14,0.000975
2024-09-10,Amritsar,0.0,0.0
2024-09-10,Barnala,0.0,0.0
2024-09-10,Bathinda,0.0,0.0
2024-09-10,Faridkot,0.0,0.0
2024-09-10,Fatehgarh Sahib,0.0,0.0
2024-09-10,Firozpur,0.0,0.0
2024-09-10,Gurdaspur,0.0,0.0
2024-09-10,Hoshiarpur,0.0,0.0
2024-09-10,Jalandhar,0.0,0.0
2024-09-10,Kapurthala,0.0,0.0
2024-09-10,Ludhiana,0.0,0.0
2024-09-10,Mansa,0.0,0.0
2024-09-10,Moga,0.0,0.0
2024-09-10,Muktsar,0.0,0.0
2024-09-10,Nawanshahr,0.0,0.0
2024-09-10,Patiala,0.0,0.0
2024-09-10,Rupnagar,0.0,0.0
2024-09-10,Sahibzada Ajit Singh Nagar,0.0,0.0
2024-09-10,Sangrur,0.0,0.0
2024-09-10,Tarn Taran,0.0,0.0
2024-09-11,Amritsar,0.0,0.0
2024-09-11,Barnala,0.0,0.0
2024-09-11,Bathinda,0.0,0.0
2024-09-11,Faridkot,0.0,0.0
2024-09-11,Fatehgarh Sahib,0.0,0.0
2024-09-11,Firozpur,0.0,0.0
2024-09-11,Gurdaspur,0.0,0.0
2024-09-11,Hoshiarpur,0.0,0.0
2024-09-11,Jalandhar,0.0,0.0
2024-09-11,Kapurthala,0.0,0.0
2024-09-11,Ludhiana,0.0,0.0
2024-09-11,Mansa,0.0,0.0
2024-09-11,Moga,0.0,0.0
2024-09-11,Muktsar,0.0,0.0
2024-09-11,Nawanshahr,0.0,0.0
2024-09-11,Patiala,0.0,0.0
2024-09-11,Rupnagar,0.0,0.0
2024-09-11,Sahibzada Ajit Singh Nagar,0.0,0.0
2024-09-11,Sangrur,0.0,0.0
2024-09-11,Tarn Taran,0.0,0.0
2024-09-12,Amritsar,0.0,0.0
2024-09-12,Barnala,0.0,0.0
2024-09-12,Bathinda,0.0,0.0
2024-09-12,Faridkot,0.0,0.0
2024-09-12,Fatehgarh Sahib,0.0,0.0
2024-09-12,Firozpur,0.0,0.0
2024-09-12,Gurdaspur,0.0,0.0
2024-09-12,Hoshiarpur,0.0,0.0
2024-09-12,Jalandhar,0.0,0.0
2024-09-12,Kapurthala,0.0,0.0
2024-09-12,Ludhiana,0.0,0.0
2024-09-12,Mansa,0.0,0.0
2024-09-12,Moga,0.0,0.0
2024-09-12,Muktsar,0.0,0.0
2024-09-12,Nawanshahr,0.0,0.0
2024-09-12,Patiala,0.0,0.0
2024-09-12,Rupnagar,0.0,0.0
2024-09-12,Sahibzada Ajit Singh Nagar,0.0,0.0
2024-09-12,Sangrur,0.0,0.0
2024-09-12,Tarn Taran,0.0,0.0
2024-09-13,Amritsar,86.05,0.000323
2024-09-13,Barnala,2.97,2e-05
2024-09-13,Bathinda,0.0,0.0
2024-09-13,Faridkot,1.48,1e-05
2024-09-13,Fatehgarh Sahib,0.0,0.0
2024-09-13,Firozpur,157.01,0.000301
2024-09-13,Gurdaspur,42.54,0.000117
2024-09-13,Hoshiarpur,30.36,9e-05
2024-09-13,Jalandhar,27.91,0.000107
2024-09-13,Kapurthala,77.33,0.000464
2024-09-13,Ludhiana,32.36,9e-05
2024-09-13,Mansa,0.0,0.0
2024-09-13,Moga,0.0,0.0
2024-09-13,Muktsar,2.25,9e-06
2024-09-13,Nawanshahr,0.0,0.0
2024-09-13,Patiala,0.0,0.0
2024-09-13,Rupnagar,0.0,0.0
2024-09-13,Sahibzada Ajit Singh Nagar,0.0,0.0
2024-09-13,Sangrur,135.95,0.000376
2024-09-13,Tarn Taran,181.47,0.000756
2024-09-14,Amritsar,0.0,0.0
2024-09-14,Barnala,0.0,0.0
2024-09-14,Bathinda,0.0,0.0
2024-09-14,Faridkot,0.0,0.0
2024-09-14,Fatehgarh Sahib,0.0,0.0
2024-09-14,Firozpur,0.0,0.0
2024-09-14,Gurdaspur,0.0,0.0
2024-09-14,Hoshiarpur,0.0,0.0
2024-09-14,Jalandhar,0.0,0.0
2024-09-14,Kapurthala,0.0,0.0
2024-09-14,Ludhiana,0.0,0.0
2024-09-14,Mansa,0.0,0.0
2024-09-14,Moga,0.0,0.0
2024-09-14,Muktsar,0.0,0.0
2024-09-14,Nawanshahr,0.0,0.0
2024-09-14,Patiala,0.0,0.0
2024-09-14,Rupnagar,0.0,0.0
2024-09-14,Sahibzada Ajit Singh Nagar,0.0,0.0
2024-09-14,Sangrur,0.0,0.0
2024-09-14,Tarn Taran,0.0,0.0
2024-09-15,Amritsar,0.0,0.0
2024-09-15,Barnala,0.0,0.0
2024-09-15,Bathinda,0.0,0.0
2024-09-15,Faridkot,0.0,0.0
2024-09-15,Fatehgarh Sahib,0.0,0.0
2024-09-15,Firozpur,0.0,0.0
2024-09-15,Gurdaspur,0.0,0.0
2024-09-15,Hoshiarpur,0.0,0.0
2024-09-15,Jalandhar,0.0,0.0
2024-09-15,Kapurthala,0.0,0.0
2024-09-15,Ludhiana,0.0,0.0
2024-09-15,Mansa,0.0,0.0
2024-09-15,Moga,0.0,0.0
2024-09-15,Muktsar,0.0,0.0
2024-09-15,Nawanshahr,0.0,0.0
2024-09-15,Patiala,0.0,0.0
2024-09-15,Rupnagar,0.0,0.0
2024-09-15,Sahibzada Ajit Singh Nagar,0.0,0.0
2024-09-15,Sangrur,0.0,0.0
2024-09-15,Tarn Taran,0.0,0.0
2024-09-16,Amritsar,0.0,0.0
2024-09-16,Barnala,0.0,0.0
2024-09-16,Bathinda,0.0,0.0
2024-09-16,Faridkot,0.0,0.0
2024-09-16,Fatehgarh Sahib,0.0,0.0
2024-09-16,Firozpur,0.0,0.0
2024-09-16,Gurdaspur,0.0,0.0
2024-09-16,Hoshiarpur,0.0,0.0
2024-09-16,Jalandhar,7.35,2.8e-05
2024-09-16,Kapurthala,0.0,0.0
2024-09-16,Ludhiana,22.77,6.3e-05
2024-09-16,Mansa,0.0,0.0
2024-09-16,Moga,0.0,0.0
2024-09-16,Muktsar,0.0,0.0
2024-09-16,Nawanshahr,83.01,0.000636
2024-09-16,Patiala,9.72,2.9e-05
2024-09-16,Rupnagar,2.19,1.6e-05
2024-09-16,Sahibzada Ajit Singh Nagar,5.16,4.6e-05
2024-09-16,Sangrur,0.0,0.0
2024-09-16,Tarn Taran,0.0,0.0
2024-09-17,Amritsar,0.0,0.0
2024-09-17,Barnala,0.0,0.0
2024-09-17,Bathinda,0.0,0.0
2024-09-17,Faridkot,0.0,0.0
2024-09-17,Fatehgarh Sahib,0.0,0.0
2024-09-17,Firozpur,0.0,0.0
2024-09-17,Gurdaspur,0.0,0.0
2024-09-17,Hoshiarpur,0.0,0.0
2024-09-17,Jalandhar,0.0,0.0
2024-09-17,Kapurthala,0.0,0.0
2024-09-17,Ludhiana,0.0,0.0
2024-09-17,Mansa,0.0,0.0
2024-09-17,Moga,0.0,0.0
2024-09-17,Muktsar,0.0,0.0
2024-09-17,Nawanshahr,0.0,0.0
2024-09-17,Patiala,0.0,0.0
2024-09-17,Rupnagar,0.0,0.0
2024-09-17,Sahibzada Ajit Singh Nagar,0.0,0.0
2024-09-17,Sangrur,0.0,0.0
2024-09-17,Tarn Taran,0.0,0.0
2024-09-18,Amritsar,0.0,0.0
2024-09-18,Barnala,0.0,0.0
2024-09-18,Bathinda,0.0,0.0
2024-09-18,Faridkot,0.0,0.0
2024-09-18,Fatehgarh Sahib,0.0,0.0
2024-09-18,Firozpur,5.25,1e-05
2024-09-18,Gurdaspur,0.0,0.0
2024-09-18,Hoshiarpur,0.0,0.0
2024-09-18,Jalandhar,0.0,0.0
2024-09-18,Kapurthala,0.0,0.0
2024-09-18,Ludhiana,0.0,0.0
2024-09-18,Mansa,0.0,0.0
2024-09-18,Moga,0.0,0.0
2024-09-18,Muktsar,0.0,0.0
2024-09-18,Nawanshahr,0.0,0.0
2024-09-18,Patiala,0.0,0.0
2024-09-18,Rupnagar,0.0,0.0
2024-09-18,Sahibzada Ajit Singh Nagar,0.0,0.0
2024-09-18,Sangrur,0.0,0.0
2024-09-18,Tarn Taran,0.0,0.0
2024-09-19,Amritsar,0.0,0.0
2024-09-19,Barnala,0.0,0.0
2024-09-19,Bathinda,0.0,0.0
2024-09-19,Faridkot,0.0,0.0
2024-09-19,Fatehgarh Sahib,0.0,0.0
2024-09-19,Firozpur,0.0,0.0
2024-09-19,Gurdaspur,0.0,0.0
2024-09-19,Hoshiarpur,0.0,0.0
2024-09-19,Jalandhar,0.0,0.0
2024-09-19,Kapurthala,0.0,0.0
2024-09-19,Ludhiana,0.0,0.0
2024-09-19,Mansa,0.0,0.0
2024-09-19,Moga,0.0,0.0
2024-09-19,Muktsar,0.0,0.0
2024-09-19,Nawanshahr,0.0,0.0
2024-09-19,Patiala,0.0,0.0
2024-09-19,Rupnagar,0.0,0.0
2024-09-19,Sahibzada Ajit Singh Nagar,0.0,0.0
2024-09-19,Sangrur,0.0,0.0
2024-09-19,Tarn Taran,0.0,0.0
2024-09-20,Amritsar,38.47,0.000144
2024-09-20,Barnala,0.0,0.0
2024-09-20,Bathinda,0.0,0.0
2024-09-20,Faridkot,0.0,0.0
2024-09-20,Fatehgarh Sahib,0.0,0.0
2024-09-20,Firozpur,0.0,0.0
2024-09-20,Gurdaspur,121.08,0.000334
2024-09-20,Hoshiarpur,33.23,9.8e-05
2024-09-20,Jalandhar,10.28,3.9e-05
2024-09-20,Kapurthala,40.04,0.00024
2024-09-20,Ludhiana,15.43,4.3e-05
2024-09-20,Mansa,0.0,0.0
2024-09-20,Moga,0.0,0.0
2024-09-20,Muktsar,0.0,0.0
2024-09-20,Nawanshahr,15.43,0.000118
2024-09-20,Patiala,11.17,3.3e-05
2024-09-20,Rupnagar,4.4,3.2e-05
2024-09-20,Sahibzada Ajit Singh Nagar,2.21,2e-05
2024-09-20,Sangrur,0.0,0.0
2024-09-20,Tarn Taran,18.21,7.6e-05
2024-09-21,Amritsar,86.82,0.000325
2024-09-21,Barnala,0.0,0.0
2024-09-21,Bathinda,0.0,0.0
2024-09-21,Faridkot,0.0,0.0
2024-09-21,Fatehgarh Sahib,0.0,0.0
2024-09-21,Firozpur,184.78,0.000354
2024-09-21,Gurdaspur,103.19,0.000284
2024-09-21,Hoshiarpur,27.47,8.1e-05
2024-09-21,Jalandhar,13.2,5e-05
2024-09-21,Kapurthala,89.0,0.000534
2024-09-21,Ludhiana,5.88,1.6e-05
2024-09-21,Mansa,1.5,7e-06
2024-09-21,Moga,0.0,0.0
2024-09-21,Muktsar,3.0,1.1e-05
2024-09-21,Nawanshahr,2.94,2.3e-05
2024-09-21,Patiala,0.0,0.0
2024-09-21,Rupnagar,0.0,0.0
2024-09-21,Sahibzada Ajit Singh Nagar,0.0,0.0
2024-09-21,Sangrur,0.0,0.0
2024-09-21,Tarn Taran,201.21,0.000838
2024-09-22,Amritsar,0.0,0.0
2024-09-22,Barnala,0.0,0.0
2024-09-22,Bathinda,0.0,0.0
2024-09-22,Faridkot,0.0,0.0
2024-09-22,Fatehgarh Sahib,0.0,0.0
2024-09-22,Firozpur,0.0,0.0
2024-09-22,Gurdaspur,0.0,0.0
2024-09-22,Hoshiarpur,0.0,0.0
2024-09-22,Jalandhar,0.0,0.0
2024-09-22,Kapurthala,0.0,0.0
2024-09-22,Ludhiana,0.0,0.0
2024-09-22,Mansa,0.0,0.0
2024-09-22,Moga,0.0,0.0
2024-09-22,Muktsar,0.0,0.0
2024-09-22,Nawanshahr,0.0,0.0
2024-09-22,Patiala,0.0,0.0
2024-09-22,Rupnagar,0.0,0.0
2024-09-22,Sahibzada Ajit Singh Nagar,0.0,0.0
2024-09-22,Sangrur,0.0,0.0
2024-09-22,Tarn Taran,0.0,0.0
2024-09-23,Amritsar,0.0,0.0
2024-09-23,Barnala,0.0,0.0
2024-09-23,Bathinda,0.0,0.0
2024-09-23,Faridkot,0.0,0.0
2024-09-23,Fatehgarh Sahib,0.0,0.0
2024-09-23,Firozpur,0.0,0.0
2024-09-23,Gurdaspur,0.0,0.0
2024-09-23,Hoshiarpur,0.0,0.0
2024-09-23,Jalandhar,0.0,0.0
2024-09-23,Kapurthala,0.0,0.0
2024-09-23,Ludhiana,0.0,0.0
2024-09-23,Mansa,0.0,0.0
2024-09-23,Moga,0.0,0.0
2024-09-23,Muktsar,0.0,0.0
2024-09-23,Nawanshahr,0.0,0.0
2024-09-23,Patiala,0.0,0.0
2024-09-23,Rupnagar,0.0,0.0
2024-09-23,Sahibzada Ajit Singh Nagar,0.0,0.0
2024-09-23,Sangrur,0.0,0.0
2024-09-23,Tarn Taran,0.0,0.0
2024-09-24,Amritsar,0.0,0.0
2024-09-24,Barnala,0.0,0.0
2024-09-24,Bathinda,0.0,0.0
2024-09-24,Faridkot,0.0,0.0
2024-09-24,Fatehgarh Sahib,0.0,0.0
2024-09-24,Firozpur,0.0,0.0
2024-09-24,Gurdaspur,0.0,0.0
2024-09-24,Hoshiarpur,0.0,0.0
2024-09-24,Jalandhar,0.0,0.0
2024-09-24,Kapurthala,0.0,0.0
2024-09-24,Ludhiana,0.0,0.0
2024-09-24,Mansa,0.0,0.0
2024-09-24,Moga,0.0,0.0
2024-09-24,Muktsar,0.0,0.0
2024-09-24,Nawanshahr,0.0,0.0
2024-09-24,Patiala,0.0,0.0
2024-09-24,Rupnagar,0.0,0.0
2024-09-24,Sahibzada Ajit Singh Nagar,0.0,0.0
2024-09-24,Sangrur,0.0,0.0
2024-09-24,Tarn Taran,0.0,0.0
2024-09-25,Amritsar,78.86,0.000296
2024-09-25,Barnala,0.0,0.0
2024-09-25,Bathinda,0.0,0.0
2024-09-25,Faridkot,2.22,1.5e-05
2024-09-25,Fatehgarh Sahib,0.0,0.0
2024-09-25,Firozpur,152.44,0.000292
2024-09-25,Gurdaspur,36.8,0.000101
2024-09-25,Hoshiarpur,30.35,9e-05
2024-09-25,Jalandhar,14.69,5.6e-05
2024-09-25,Kapurthala,78.05,0.000468
2024-09-25,Ludhiana,13.23,3.7e-05
2024-09-25,Mansa,0.0,0.0
2024-09-25,Moga,0.0,0.0
2024-09-25,Muktsar,2.25,9e-06
2024-09-25,Nawanshahr,0.0,0.0
2024-09-25,Patiala,0.0,0.0
2024-09-25,Rupnagar,0.0,0.0
2024-09-25,Sahibzada Ajit Singh Nagar,0.0,0.0
2024-09-25,Sangrur,0.0,0.0
2024-09-25,Tarn Taran,162.42,0.000677
2024-09-26,Amritsar,0.0,0.0
2024-09-26,Barnala,0.0,0.0
2024-09-26,Bathinda,0.0,0.0
2024-09-26,Faridkot,0.0,0.0
2024-09-26,Fatehgarh Sahib,0.0,0.0
2024-09-26,Firozpur,0.0,0.0
2024-09-26,Gurdaspur,0.0,0.0
2024-09-26,Hoshiarpur,0.0,0.0
2024-09-26,Jalandhar,0.0,0.0
2024-09-26,Kapurthala,0.0,0.0
2024-09-26,Ludhiana,0.0,0.0
2024-09-26,Mansa,0.0,0.0
2024-09-26,Moga,0.0,0.0
2024-09-26,Muktsar,0.0,0.0
2024-09-26,Nawanshahr,0.0,0.0
2024-09-26,Patiala,0.0,0.0
2024-09-26,Rupnagar,0.0,0.0
2024-09-26,Sahibzada Ajit Singh Nagar,0.0,0.0
2024-09-26,Sangrur,0.0,0.0
2024-09-26,Tarn Taran,0.0,0.0
2024-09-27,Amritsar,0.0,0.0
2024-09-27,Barnala,0.0,0.0
2024-09-27,Bathinda,0.0,0.0
2024-09-27,Faridkot,0.0,0.0
2024-09-27,Fatehgarh Sahib,0.0,0.0
2024-09-27,Firozpur,0.0,0.0
2024-09-27,Gurdaspur,0.0,0.0
2024-09-27,Hoshiarpur,0.0,0.0
2024-09-27,Jalandhar,0.0,0.0
2024-09-27,Kapurthala,0.0,0.0
2024-09-27,Ludhiana,0.0,0.0
2024-09-27,Mansa,0.0,0.0
2024-09-27,Moga,0.0,0.0
2024-09-27,Muktsar,0.0,0.0
2024-09-27,Nawanshahr,0.0,0.0
2024-09-27,Patiala,0.0,0.0
2024-09-27,Rupnagar,0.0,0.0
2024-09-27,Sahibzada Ajit Singh Nagar,0.0,0.0
2024-09-27,Sangrur,0.0,0.0
2024-09-27,Tarn Taran,0.0,0.0
2024-09-28,Amritsar,0.0,0.0
2024-09-28,Barnala,0.0,0.0
2024-09-28,Bathinda,0.0,0.0
2024-09-28,Faridkot,0.0,0.0
2024-09-28,Fatehgarh Sahib,0.0,0.0
2024-09-28,Firozpur,0.0,0.0
2024-09-28,Gurdaspur,0.0,0.0
2024-09-28,Hoshiarpur,0.0,0.0
2024-09-28,Jalandhar,13.96,5.3e-05
2024-09-28,Kapurthala,0.0,0.0
2024-09-28,Ludhiana,50.69,0.000141
2024-09-28,Mansa,0.0,0.0
2024-09-28,Moga,0.0,0.0
2024-09-28,Muktsar,0.0,0.0
2024-09-28,Nawanshahr,103.58,0.000794
2024-09-28,Patiala,4.47,1.3e-05
2024-09-28,Rupnagar,0.0,0.0
2024-09-28,Sahibzada Ajit Singh Nagar,4.42,4e-05
2024-09-28,Sangrur,0.0,0.0
2024-09-28,Tarn Taran,0.0,0.0
2024-09-29,Amritsar,0.0,0.0
2024-09-29,Barnala,0.0,0.0
2024-09-29,Bathinda,0.0,0.0
2024-09-29,Faridkot,0.0,0.0
2024-09-29,Fatehgarh Sahib,0.0,0.0
2024-09-29,Firozpur,0.0,0.0
2024-09-29,Gurdaspur,0.0,0.0
2024-09-29,Hoshiarpur,0.0,0.0
2024-09-29,Jalandhar,0.0,0.0
2024-09-29,Kapurthala,0.0,0.0
2024-09-29,Ludhiana,0.0,0.0
2024-09-29,Mansa,0.0,0.0
2024-09-29,Moga,0.0,0.0
2024-09-29,Muktsar,0.0,0.0
2024-09-29,Nawanshahr,0.0,0.0
2024-09-29,Patiala,0.0,0.0
2024-09-29,Rupnagar,0.0,0.0
2024-09-29,Sahibzada Ajit Singh Nagar,0.0,0.0
2024-09-29,Sangrur,0.0,0.0
2024-09-29,Tarn Taran,0.0,0.0
2025-06-15,Amritsar,0.0,0.0
2025-06-15,Barnala,0.0,0.0
2025-06-15,Bathinda,0.0,0.0
2025-06-15,Faridkot,0.0,0.0
2025-06-15,Fatehgarh Sahib,0.0,0.0
2025-06-15,Firozpur,0.0,0.0
2025-06-15,Gurdaspur,0.0,0.0
2025-06-15,Hoshiarpur,0.0,0.0
2025-06-15,Jalandhar,0.0,0.0
2025-06-15,Kapurthala,0.0,0.0
2025-06-15,Ludhiana,0.0,0.0
2025-06-15,Mansa,0.0,0.0
2025-06-15,Moga,0.0,0.0
2025-06-15,Muktsar,0.0,0.0
2025-06-15,Nawanshahr,0.0,0.0
2025-06-15,Patiala,0.0,0.0
2025-06-15,Rupnagar,0.0,0.0
2025-06-15,Sahibzada Ajit Singh Nagar,0.0,0.0
2025-06-15,Sangrur,0.0,0.0
2025-06-15,Tarn Taran,0.0,0.0
2025-06-16,Amritsar,15591.92,0.058448
2025-06-16,Barnala,4077.9,0.027362
2025-06-16,Bathinda,11282.54,0.033374
2025-06-16,Faridkot,11130.87,0.076468
2025-06-16,Fatehgarh Sahib,0.0,0.0
2025-06-16,Firozpur,46763.44,0.089562
2025-06-16,Gurdaspur,15188.81,0.041845
2025-06-16,Hoshiarpur,4267.36,0.012636
2025-06-16,Jalandhar,11981.22,0.045839
2025-06-16,Kapurthala,13733.19,0.082413
2025-06-16,Ludhiana,3034.24,0.008437
2025-06-16,Mansa,5804.91,0.026164
2025-06-16,Moga,27479.21,0.116715
2025-06-16,Muktsar,15816.3,0.06053
2025-06-16,Nawanshahr,0.0,0.0
2025-06-16,Patiala,376.33,0.001127
2025-06-16,Rupnagar,0.0,0.0
2025-06-16,Sahibzada Ajit Singh Nagar,0.0,0.0
2025-06-16,Sangrur,26242.07,0.072672
2025-06-16,Tarn Taran,34259.05,0.142708
2025-06-17,Amritsar,0.0,0.0
2025-06-17,Barnala,0.0,0.0
2025-06-17,Bathinda,0.0,0.0
2025-06-17,Faridkot,0.0,0.0
2025-06-17,Fatehgarh Sahib,0.0,0.0
2025-06-17,Firozpur,419.35,0.000803
2025-06-17,Gurdaspur,0.0,0.0
2025-06-17,Hoshiarpur,0.0,0.0
2025-06-17,Jalandhar,0.0,0.0
2025-06-17,Kapurthala,0.0,0.0
2025-06-17,Ludhiana,0.0,0.0
2025-06-17,Mansa,0.0,0.0
2025-06-17,Moga,0.0,0.0
2025-06-17,Muktsar,0.0,0.0
2025-06-17,Nawanshahr,0.0,0.0
2025-06-17,Patiala,0.0,0.0
2025-06-17,Rupnagar,0.0,0.0
2025-06-17,Sahibzada Ajit Singh Nagar,0.0,0.0
2025-06-17,Sangrur,0.0,0.0
2025-06-17,Tarn Taran,0.0,0.0
2025-06-18,Amritsar,0.0,0.0
2025-06-18,Barnala,0.0,0.0
2025-06-18,Bathinda,0.0,0.0
2025-06-18,Faridkot,0.0,0.0
2025-06-18,Fatehgarh Sahib,0.0,0.0
2025-06-18,Firozpur,0.0,0.0
2025-06-18,Gurdaspur,0.0,0.0
2025-06-18,Hoshiarpur,0.0,0.0
2025-06-18,Jalandhar,0.0,0.0
2025-06-18,Kapurthala,0.0,0.0
2025-06-18,Ludhiana,0.0,0.0
2025-06-18,Mansa,0.0,0.0
2025-06-18,Moga,0.0,0.0
2025-06-18,Muktsar,0.0,0.0
2025-06-18,Nawanshahr,0.0,0.0
2025-06-18,Patiala,0.0,0.0
2025-06-18,Rupnagar,0.0,0.0
2025-06-18,Sahibzada Ajit Singh Nagar,0.0,0.0
2025-06-18,Sangrur,0.0,0.0
2025-06-18,Tarn Taran,0.0,0.0
2025-06-19,Amritsar,0.0,0.0
2025-06-19,Barnala,4358.01,0.029242
2025-06-19,Bathinda,0.0,0.0
2025-06-19,Faridkot,0.0,0.0
2025-06-19,Fatehgarh Sahib,11198.07,0.097664
2025-06-19,Firozpur,0.0,0.0
2025-06-19,Gurdaspur,0.0,0.0
2025-06-19,Hoshiarpur,956.88,0.002833
2025-06-19,Jalandhar,5022.31,0.019215
2025-06-19,Kapurthala,1696.05,0.010178
2025-06-19,Ludhiana,17531.95,0.048747
2025-06-19,Mansa,3103.19,0.013987
2025-06-19,Moga,0.0,0.0
2025-06-19,Muktsar,0.0,0.0
2025-06-19,Nawanshahr,6541.01,0.050129
2025-06-19,Patiala,25385.0,0.075995
2025-06-19,Rupnagar,1813.23,0.013062
2025-06-19,Sahibzada Ajit Singh Nagar,953.92,0.008584
2025-06-19,Sangrur,33166.68,0.091848
2025-06-19,Tarn Taran,0.0,0.0
2025-06-20,Amritsar,0.0,0.0
2025-06-20,Barnala,0.0,0.0
2025-06-20,Bathinda,0.0,0.0
2025-06-20,Faridkot,0.0,0.0
2025-06-20,Fatehgarh Sahib,0.0,0.0
2025-06-20,Firozpur,0.0,0.0
2025-06-20,Gurdaspur,0.0,0.0
2025-06-20,Hoshiarpur,0.0,0.0
2025-06-20,Jalandhar,0.0,0.0
2025-06-20,Kapurthala,0.0,0.0
2025-06-20,Ludhiana,0.0,0.0
2025-06-20,Mansa,0.0,0.0
2025-06-20,Moga,0.0,0.0
2025-06-20,Muktsar,0.0,0.0
2025-06-20,Nawanshahr,0.0,0.0
2025-06-20,Patiala,0.0,0.0
2025-06-20,Rupnagar,0.0,0.0
2025-06-20,Sahibzada Ajit Singh Nagar,0.0,0.0
2025-06-20,Sangrur,0.0,0.0
2025-06-20,Tarn Taran,0.0,0.0
2025-06-21,Amritsar,0.0,0.0
2025-06-21,Barnala,0.0,0.0
2025-06-21,Bathinda,0.0,0.0
2025-06-21,Faridkot,0.0,0.0
2025-06-21,Fatehgarh Sahib,0.0,0.0
2025-06-21,Firozpur,18.0,3.4e-05
2025-06-21,Gurdaspur,0.0,0.0
2025-06-21,Hoshiarpur,0.0,0.0
2025-06-21,Jalandhar,0.0,0.0
2025-06-21,Kapurthala,0.0,0.0
2025-06-21,Ludhiana,0.0,0.0
2025-06-21,Mansa,0.0,0.0
2025-06-21,Moga,0.0,0.0
2025-06-21,Muktsar,0.0,0.0
2025-06-21,Nawanshahr,0.0,0.0
2025-06-21,Patiala,0.0,0.0
2025-06-21,Rupnagar,0.0,0.0
2025-06-21,Sahibzada Ajit Singh Nagar,0.0,0.0
2025-06-21,Sangrur,0.0,0.0
2025-06-21,Tarn Taran,0.0,0.0
2025-06-22,Amritsar,0.0,0.0
2025-06-22,Barnala,0.0,0.0
2025-06-22,Bathinda,0.0,0.0
2025-06-22,Faridkot,0.0,0.0
2025-06-22,Fatehgarh Sahib,0.0,0.0
2025-06-22,Firozpur,0.0,0.0
2025-06-22,Gurdaspur,0.0,0.0
2025-06-22,Hoshiarpur,0.0,0.0
2025-06-22,Jalandhar,0.0,0.0
2025-06-22,Kapurthala,0.0,0.0
2025-06-22,Ludhiana,0.0,0.0
2025-06-22,Mansa,0.0,0.0
2025-06-22,Moga,0.0,0.0
2025-06-22,Muktsar,0.0,0.0
2025-06-22,Nawanshahr,0.0,0.0
2025-06-22,Patiala,0.0,0.0
2025-06-22,Rupnagar,0.0,0.0
2025-06-22,Sahibzada Ajit Singh Nagar,0.0,0.0
2025-06-22,Sangrur,0.0,0.0
2025-06-22,Tarn Taran,0.0,0.0
2025-06-23,Amritsar,1066.92,0.003999
2025-06-23,Barnala,9431.9,0.063287
2025-06-23,Bathinda,0.0,0.0
2025-06-23,Faridkot,0.0,0.0
2025-06-23,Fatehgarh Sahib,10998.95,0.095928
2025-06-23,Firozpur,0.0,0.0
2025-06-23,Gurdaspur,2804.63,0.007727
2025-06-23,Hoshiarpur,1702.19,0.005041
2025-06-23,Jalandhar,11215.76,0.04291
2025-06-23,Kapurthala,12993.64,0.077975
2025-06-23,Ludhiana,26921.0,0.074853
2025-06-23,Mansa,2988.02,0.013468
2025-06-23,Moga,9169.0,0.038944
2025-06-23,Muktsar,0.0,0.0
2025-06-23,Nawanshahr,7053.36,0.054056
2025-06-23,Patiala,34425.93,0.103061
2025-06-23,Rupnagar,1682.88,0.012123
2025-06-23,Sahibzada Ajit Singh Nagar,578.22,0.005203
2025-06-23,Sangrur,46589.46,0.12902
2025-06-23,Tarn Taran,1047.12,0.004362
2025-06-24,Amritsar,2300.77,0.008625
2025-06-24,Barnala,7290.68,0.04892
2025-06-24,Bathinda,2761.32,0.008168
2025-06-24,Faridkot,2545.21,0.017485
2025-06-24,Fatehgarh Sahib,1531.68,0.013359
2025-06-24,Firozpur,14998.77,0.028726
2025-06-24,Gurdaspur,654.21,0.001802
2025-06-24,Hoshiarpur,1812.47,0.005367
2025-06-24,Jalandhar,13536.06,0.051787
2025-06-24,Kapurthala,9516.26,0.057107
2025-06-24,Ludhiana,23861.66,0.066347
2025-06-24,Mansa,4196.46,0.018915
2025-06-24,Moga,21766.88,0.092453
2025-06-24,Muktsar,2548.48,0.009753
2025-06-24,Nawanshahr,9169.49,0.070273
2025-06-24,Patiala,4266.76,0.012773
2025-06-24,Rupnagar,0.73,5e-06
2025-06-24,Sahibzada Ajit Singh Nagar,0.0,0.0
2025-06-24,Sangrur,22323.4,0.06182
2025-06-24,Tarn Taran,8427.81,0.035106
2025-06-25,Amritsar,0.0,0.0
2025-06-25,Barnala,0.0,0.0
2025-06-25,Bathinda,0.0,0.0
2025-06-25,Faridkot,0.0,0.0
2025-06-25,Fatehgarh Sahib,0.0,0.0
2025-06-25,Firozpur,0.0,0.0
2025-06-25,Gurdaspur,0.0,0.0
2025-06-25,Hoshiarpur,0.0,0.0
2025-06-25,Jalandhar,0.0,0.0
2025-06-25,Kapurthala,0.0,0.0
2025-06-25,Ludhiana,0.0,0.0
2025-06-25,Mansa,0.0,0.0
2025-06-25,Moga,0.0,0.0
2025-06-25,Muktsar,0.0,0.0
2025-06-25,Nawanshahr,0.0,0.0
2025-06-25,Patiala,0.0,0.0
2025-06-25,Rupnagar,0.0,0.0
2025-06-25,Sahibzada Ajit Singh Nagar,0.0,0.0
2025-06-25,Sangrur,0.0,0.0
2025-06-25,Tarn Taran,0.0,0.0
2025-06-26,Amritsar,0.0,0.0
2025-06-26,Barnala,0.0,0.0
2025-06-26,Bathinda,0.0,0.0
2025-06-26,Faridkot,0.0,0.0
2025-06-26,Fatehgarh Sahib,0.0,0.0
2025-06-26,Firozpur,0.0,0.0
2025-06-26,Gurdaspur,0.0,0.0
2025-06-26,Hoshiarpur,0.0,0.0
2025-06-26,Jalandhar,0.0,0.0
2025-06-26,Kapurthala,0.0,0.0
2025-06-26,Ludhiana,0.0,0.0
2025-06-26,Mansa,0.0,0.0
2025-06-26,Moga,0.0,0.0
2025-06-26,Muktsar,0.0,0.0
2025-06-26,Nawanshahr,0.0,0.0
2025-06-26,Patiala,0.0,0.0
2025-06-26,Rupnagar,0.0,0.0
2025-06-26,Sahibzada Ajit Singh Nagar,0.0,0.0
2025-06-26,Sangrur,0.0,0.0
2025-06-26,Tarn Taran,0.0,0.0
2025-06-27,Amritsar,0.0,0.0
2025-06-27,Barnala,0.0,0.0
2025-06-27,Bathinda,0.0,0.0
2025-06-27,Faridkot,0.0,0.0
2025-06-27,Fatehgarh Sahib,0.0,0.0
2025-06-27,Firozpur,0.0,0.0
2025-06-27,Gurdaspur,0.0,0.0
2025-06-27,Hoshiarpur,0.0,0.0
2025-06-27,Jalandhar,0.0,0.0
2025-06-27,Kapurthala,0.0,0.0
2025-06-27,Ludhiana,0.0,0.0
2025-06-27,Mansa,0.0,0.0
2025-06-27,Moga,0.0,0.0
2025-06-27,Muktsar,0.0,0.0
2025-06-27,Nawanshahr,0.0,0.0
2025-06-27,Patiala,0.0,0.0
2025-06-27,Rupnagar,0.0,0.0
2025-06-27,Sahibzada Ajit Singh Nagar,0.0,0.0
2025-06-27,Sangrur,0.0,0.0
2025-06-27,Tarn Taran,0.0,0.0
2025-06-28,Amritsar,7632.12,0.02861
2025-06-28,Barnala,3520.41,0.023622
2025-06-28,Bathinda,4411.52,0.013049
2025-06-28,Faridkot,3803.87,0.026132
2025-06-28,Fatehgarh Sahib,0.0,0.0
2025-06-28,Firozpur,21795.49,0.041743
2025-06-28,Gurdaspur,1492.54,0.004112
2025-06-28,Hoshiarpur,432.12,0.00128
2025-06-28,Jalandhar,5437.46,0.020803
2025-06-28,Kapurthala,4767.55,0.02861
2025-06-28,Ludhiana,4596.65,0.012781
2025-06-28,Mansa,4976.78,0.022432
2025-06-28,Moga,13726.0,0.0583
2025-06-28,Muktsar,4493.79,0.017198
2025-06-28,Nawanshahr,0.0,0.0
2025-06-28,Patiala,214.11,0.000641
2025-06-28,Rupnagar,0.0,0.0
2025-06-28,Sahibzada Ajit Singh Nagar,0.0,0.0
2025-06-28,Sangrur,6328.54,0.017526
2025-06-28,Tarn Taran,6864.66,0.028595
2025-06-29,Amritsar,0.0,0.0
2025-06-29,Barnala,0.0,0.0
2025-06-29,Bathinda,0.0,0.0
2025-06-29,Faridkot,0.0,0.0
2025-06-29,Fatehgarh Sahib,0.0,0.0
2025-06-29,Firozpur,1665.39,0.00319
2025-06-29,Gurdaspur,0.0,0.0
2025-06-29,Hoshiarpur,0.0,0.0
2025-06-29,Jalandhar,0.0,0.0
2025-06-29,Kapurthala,0.0,0.0
2025-06-29,Ludhiana,0.0,0.0
2025-06-29,Mansa,0.0,0.0
2025-06-29,Moga,0.0,0.0
2025-06-29,Muktsar,0.0,0.0
2025-06-29,Nawanshahr,0.0,0.0
2025-06-29,Patiala,0.0,0.0
2025-06-29,Rupnagar,0.0,0.0
2025-06-29,Sahibzada Ajit Singh Nagar,0.0,0.0
2025-06-29,Sangrur,0.0,0.0
2025-06-29,Tarn Taran,0.0,0.0
2025-06-30,Amritsar,0.0,0.0
2025-06-30,Barnala,0.0,0.0
2025-06-30,Bathinda,0.0,0.0
2025-06-30,Faridkot,0.0,0.0
2025-06-30,Fatehgarh Sahib,0.0,0.0
2025-06-30,Firozpur,0.0,0.0
2025-06-30,Gurdaspur,0.0,0.0
2025-06-30,Hoshiarpur,0.0,0.0
2025-06-30,Jalandhar,0.0,0.0
2025-06-30,Kapurthala,0.0,0.0
2025-06-30,Ludhiana,0.0,0.0
2025-06-30,Mansa,0.0,0.0
2025-06-30,Moga,0.0,0.0
2025-06-30,Muktsar,0.0,0.0
2025-06-30,Nawanshahr,0.0,0.0
2025-06-30,Patiala,0.0,0.0
2025-06-30,Rupnagar,0.0,0.0
2025-06-30,Sahibzada Ajit Singh Nagar,0.0,0.0
2025-06-30,Sangrur,0.0,0.0
2025-06-30,Tarn Taran,0.0,0.0
2025-07-01,Amritsar,0.0,0.0
2025-07-01,Barnala,185.21,0.001243
2025-07-01,Bathinda,0.0,0.0
2025-07-01,Faridkot,0.0,0.0
2025-07-01,Fatehgarh Sahib,5079.36,0.0443
2025-07-01,Firozpur,0.0,0.0
2025-07-01,Gurdaspur,0.0,0.0
2025-07-01,Hoshiarpur,64.97,0.000192
2025-07-01,Jalandhar,650.5,0.002489
2025-07-01,Kapurthala,299.14,0.001795
2025-07-01,Ludhiana,3441.92,0.00957
2025-07-01,Mansa,596.76,0.00269
2025-07-01,Moga,0.0,0.0
2025-07-01,Muktsar,0.0,0.0
2025-07-01,Nawanshahr,1108.33,0.008494
2025-07-01,Patiala,16091.43,0.048173
2025-07-01,Rupnagar,328.44,0.002366
2025-07-01,Sahibzada Ajit Singh Nagar,968.63,0.008716
2025-07-01,Sangrur,2750.31,0.007616
2025-07-01,Tarn Taran,0.0,0.0
2025-07-02,Amritsar,0.0,0.0
2025-07-02,Barnala,0.0,0.0
2025-07-02,Bathinda,0.0,0.0
2025-07-02,Faridkot,0.0,0.0
2025-07-02,Fatehgarh Sahib,0.0,0.0
2025-07-02,Firozpur,0.0,0.0
2025-07-02,Gurdaspur,0.0,0.0
2025-07-02,Hoshiarpur,0.0,0.0
2025-07-02,Jalandhar,0.0,0.0
2025-07-02,Kapurthala,0.0,0.0
2025-07-02,Ludhiana,0.0,0.0
2025-07-02,Mansa,0.0,0.0
2025-07-02,Moga,0.0,0.0
2025-07-02,Muktsar,0.0,0.0
2025-07-02,Nawanshahr,0.0,0.0
2025-07-02,Patiala,0.0,0.0
2025-07-02,Rupnagar,0.0,0.0
2025-07-02,Sahibzada Ajit Singh Nagar,0.0,0.0
2025-07-02,Sangrur,0.0,0.0
2025-07-02,Tarn Taran,0.0,0.0
2025-07-03,Amritsar,0.0,0.0
2025-07-03,Barnala,0.0,0.0
2025-07-03,Bathinda,0.0,0.0
2025-07-03,Faridkot,0.0,0.0
2025-07-03,Fatehgarh Sahib,0.0,0.0
2025-07-03,Firozpur,14.99,2.9e-05
2025-07-03,Gurdaspur,0.0,0.0
2025-07-03,Hoshiarpur,0.0,0.0
2025-07-03,Jalandhar,0.0,0.0
2025-07-03,Kapurthala,0.0,0.0
2025-07-03,Ludhiana,0.0,0.0
2025-07-03,Mansa,0.0,0.0
2025-07-03,Moga,0.0,0.0
2025-07-03,Muktsar,0.0,0.0
2025-07-03,Nawanshahr,0.0,0.0
2025-07-03,Patiala,0.0,0.0
2025-07-03,Rupnagar,0.0,0.0
2025-07-03,Sahibzada Ajit Singh Nagar,0.0,0.0
2025-07-03,Sangrur,0.0,0.0
2025-07-03,Tarn Taran,0.0,0.0
2025-07-04,Amritsar,0.0,0.0
2025-07-04,Barnala,0.0,0.0
2025-07-04,Bathinda,0.0,0.0
2025-07-04,Faridkot,0.0,0.0
2025-07-04,Fatehgarh Sahib,0.0,0.0
2025-07-04,Firozpur,0.0,0.0
2025-07-04,Gurdaspur,0.0,0.0
2025-07-04,Hoshiarpur,0.0,0.0
2025-07-04,Jalandhar,0.0,0.0
2025-07-04,Kapurthala,0.0,0.0
2025-07-04,Ludhiana,0.0,0.0
2025-07-04,Mansa,0.0,0.0
2025-07-04,Moga,0.0,0.0
2025-07-04,Muktsar,0.0,0.0
2025-07-04,Nawanshahr,0.0,0.0
2025-07-04,Patiala,0.0,0.0
2025-07-04,Rupnagar,0.0,0.0
2025-07-04,Sahibzada Ajit Singh Nagar,0.0,0.0
2025-07-04,Sangrur,0.0,0.0
2025-07-04,Tarn Taran,0.0,0.0
2025-07-05,Amritsar,137.83,0.000517
2025-07-05,Barnala,330.06,0.002215
2025-07-05,Bathinda,0.75,2e-06
2025-07-05,Faridkot,0.0,0.0
2025-07-05,Fatehgarh Sahib,1226.63,0.010698
2025-07-05,Firozpur,0.0,0.0
2025-07-05,Gurdaspur,603.47,0.001663
2025-07-05,Hoshiarpur,333.1,0.000986
2025-07-05,Jalandhar,1319.58,0.005049
2025-07-05,Kapurthala,1277.97,0.007669
2025-07-05,Ludhiana,1870.13,0.0052
2025-07-05,Mansa,538.09,0.002425
2025-07-05,Moga,533.23,0.002265
2025-07-05,Muktsar,0.0,0.0
2025-07-05,Nawanshahr,1512.65,0.011593
2025-07-05,Patiala,4505.87,0.013489
2025-07-05,Rupnagar,268.03,0.001931
2025-07-05,Sahibzada Ajit Singh Nagar,35.49,0.000319
2025-07-05,Sangrur,1905.93,0.005278
2025-07-05,Tarn Taran,196.57,0.000819
2025-07-06,Amritsar,843.32,0.003161
2025-07-06,Barnala,376.83,0.002528
2025-07-06,Bathinda,768.56,0.002273
2025-07-06,Faridkot,688.98,0.004733
2025-07-06,Fatehgarh Sahib,441.53,0.003851
2025-07-06,Firozpur,2492.74,0.004774
2025-07-06,Gurdaspur,297.67,0.00082
2025-07-06,Hoshiarpur,767.73,0.002273
2025-07-06,Jalandhar,2083.35,0.007971
2025-07-06,Kapurthala,1328.07,0.00797
2025-07-06,Ludhiana,3361.13,0.009345
2025-07-06,Mansa,151.68,0.000684
2025-07-06,Moga,2154.24,0.00915
2025-07-06,Muktsar,1597.4,0.006113
2025-07-06,Nawanshahr,1458.52,0.011178
2025-07-06,Patiala,517.94,0.001551
2025-07-06,Rupnagar,2.19,1.6e-05
2025-07-06,Sahibzada Ajit Singh Nagar,0.0,0.0
2025-07-06,Sangrur,2062.22,0.005711
2025-07-06,Tarn Taran,928.18,0.003866
2025-07-07,Amritsar,0.0,0.0
2025-07-07,Barnala,0.0,0.0
2025-07-07,Bathinda,0.0,0.0
2025-07-07,Faridkot,0.0,0.0
2025-07-07,Fatehgarh Sahib,0.0,0.0
2025-07-07,Firozpur,0.0,0.0
2025-07-07,Gurdaspur,0.0,0.0
2025-07-07,Hoshiarpur,0.0,0.0
2025-07-07,Jalandhar,0.0,0.0
2025-07-07,Kapurthala,0.0,0.0
2025-07-07,Ludhiana,0.0,0.0
2025-07-07,Mansa,0.0,0.0
2025-07-07,Moga,0.0,0.0
2025-07-07,Muktsar,0.0,0.0
2025-07-07,Nawanshahr,0.0,0.0
2025-07-07,Patiala,0.0,0.0
2025-07-07,Rupnagar,0.0,0.0
2025-07-07,Sahibzada Ajit Singh Nagar,0.0,0.0
2025-07-07,Sangrur,0.0,0.0
2025-07-07,Tarn Taran,0.0,0.0
2025-07-08,Amritsar,0.0,0.0
2025-07-08,Barnala,0.0,0.0
2025-07-08,Bathinda,0.0,0.0
2025-07-08,Faridkot,0.0,0.0
2025-07-08,Fatehgarh Sahib,0.0,0.0
2025-07-08,Firozpur,0.0,0.0
2025-07-08,Gurdaspur,0.0,0.0
2025-07-08,Hoshiarpur,0.0,0.0
2025-07-08,Jalandhar,0.0,0.0
2025-07-08,Kapurthala,0.0,0.0
2025-07-08,Ludhiana,0.0,0.0
2025-07-08,Mansa,0.0,0.0
2025-07-08,Moga,0.0,0.0
2025-07-08,Muktsar,0.0,0.0
2025-07-08,Nawanshahr,0.0,0.0
2025-07-08,Patiala,0.0,0.0
2025-07-08,Rupnagar,0.0,0.0
2025-07-08,Sahibzada Ajit Singh Nagar,0.0,0.0
2025-07-08,Sangrur,0.0,0.0
2025-07-08,Tarn Taran,0.0,0.0
2025-07-09,Amritsar,0.0,0.0
2025-07-09,Barnala,0.0,0.0
2025-07-09,Bathinda,0.0,0.0
2025-07-09,Faridkot,0.0,0.0
2025-07-09,Fatehgarh Sahib,0.0,0.0
2025-07-09,Firozpur,0.0,0.0
2025-07-09,Gurdaspur,0.0,0.0
2025-07-09,Hoshiarpur,0.0,0.0
2025-07-09,Jalandhar,0.0,0.0
2025-07-09,Kapurthala,0.0,0.0
2025-07-09,Ludhiana,0.0,0.0
2025-07-09,Mansa,0.0,0.0
2025-07-09,Moga,0.0,0.0
2025-07-09,Muktsar,0.0,0.0
2025-07-09,Nawanshahr,0.0,0.0
2025-07-09,Patiala,0.0,0.0
2025-07-09,Rupnagar,0.0,0.0
2025-07-09,Sahibzada Ajit Singh Nagar,0.0,0.0
2025-07-09,Sangrur,0.0,0.0
2025-07-09,Tarn Taran,0.0,0.0
2025-07-10,Amritsar,24851.87,0.093159
2025-07-10,Barnala,328.97,0.002207
2025-07-10,Bathinda,2187.67,0.006471
2025-07-10,Faridkot,3080.45,0.021162
2025-07-10,Fatehgarh Sahib,0.0,0.0
2025-07-10,Firozpur,8074.51,0.015464
2025-07-10,Gurdaspur,1985.63,0.00547
2025-07-10,Hoshiarpur,64.3,0.00019
2025-07-10,Jalandhar,947.77,0.003626
2025-07-10,Kapurthala,2116.01,0.012698
2025-07-10,Ludhiana,703.32,0.001956
2025-07-10,Mansa,1342.95,0.006053
2025-07-10,Moga,2471.8,0.010499
2025-07-10,Muktsar,4304.47,0.016474
2025-07-10,Nawanshahr,0.0,0.0
2025-07-10,Patiala,26.3,7.9e-05
2025-07-10,Rupnagar,0.0,0.0
2025-07-10,Sahibzada Ajit Singh Nagar,0.0,0.0
2025-07-10,Sangrur,2490.41,0.006897
2025-07-10,Tarn Taran,3371.2,0.014043
2025-07-11,Amritsar,0.0,0.0
2025-07-11,Barnala,0.0,0.0
2025-07-11,Bathinda,0.0,0.0
2025-07-11,Faridkot,0.0,0.0
2025-07-11,Fatehgarh Sahib,0.0,0.0
2025-07-11,Firozpur,1219.1,0.002335
2025-07-11,Gurdaspur,0.0,0.0
2025-07-11,Hoshiarpur,0.0,0.0
2025-07-11,Jalandhar,0.0,0.0
2025-07-11,Kapurthala,0.0,0.0
2025-07-11,Ludhiana,0.0,0.0
2025-07-11,Mansa,0.0,0.0
2025-07-11,Moga,0.0,0.0
2025-07-11,Muktsar,0.0,0.0
2025-07-11,Nawanshahr,0.0,0.0
2025-07-11,Patiala,0.0,0.0
2025-07-11,Rupnagar,0.0,0.0
2025-07-11,Sahibzada Ajit Singh Nagar,0.0,0.0
2025-07-11,Sangrur,0.0,0.0
2025-07-11,Tarn Taran,0.0,0.0
2025-07-12,Amritsar,0.0,0.0
2025-07-12,Barnala,0.0,0.0
2025-07-12,Bathinda,0.0,0.0
2025-07-12,Faridkot,0.0,0.0
2025-07-12,Fatehgarh Sahib,0.0,0.0
2025-07-12,Firozpur,0.0,0.0
2025-07-12,Gurdaspur,0.0,0.0
2025-07-12,Hoshiarpur,0.0,0.0
2025-07-12,Jalandhar,0.0,0.0
2025-07-12,Kapurthala,0.0,0.0
2025-07-12,Ludhiana,0.0,0.0
2025-07-12,Mansa,0.0,0.0
2025-07-12,Moga,0.0,0.0
2025-07-12,Muktsar,0.0,0.0
2025-07-12,Nawanshahr,0.0,0.0
2025-07-12,Patiala,0.0,0.0
2025-07-12,Rupnagar,0.0,0.0
2025-07-12,Sahibzada Ajit Singh Nagar,0.0,0.0
2025-07-12,Sangrur,0.0,0.0
2025-07-12,Tarn Taran,0.0,0.0
2025-07-13,Amritsar,0.0,0.0
2025-07-13,Barnala,26.06,0.000175
2025-07-13,Bathinda,0.0,0.0
2025-07-13,Faridkot,0.0,0.0
2025-07-13,Fatehgarh Sahib,794.25,0.006927
2025-07-13,Firozpur,0.0,0.0
2025-07-13,Gurdaspur,0.0,0.0
2025-07-13,Hoshiarpur,7.3,2.2e-05
2025-07-13,Jalandhar,43.32,0.000166
2025-07-13,Kapurthala,0.73,4e-06
2025-07-13,Ludhiana,524.08,0.001457
2025-07-13,Mansa,90.2,0.000407
2025-07-13,Moga,0.0,0.0
2025-07-13,Muktsar,0.0,0.0
2025-07-13,Nawanshahr,189.48,0.001452
2025-07-13,Patiala,5244.94,0.015702
2025-07-13,Rupnagar,121.29,0.000874
2025-07-13,Sahibzada Ajit Singh Nagar,107.48,0.000967
2025-07-13,Sangrur,454.32,0.001258
2025-07-13,Tarn Taran,0.0,0.0
2025-07-14,Amritsar,0.0,0.0
2025-07-14,Barnala,0.0,0.0
2025-07-14,Bathinda,0.0,0.0
2025-07-14,Faridkot,0.0,0.0
2025-07-14,Fatehgarh Sahib,0.0,0.0
2025-07-14,Firozpur,0.0,0.0
2025-07-14,Gurdaspur,0.0,0.0
2025-07-14,Hoshiarpur,0.0,0.0
2025-07-14,Jalandhar,0.0,0.0
2025-07-14,Kapurthala,0.0,0.0
2025-07-14,Ludhiana,0.0,0.0
2025-07-14,Mansa,0.0,0.0
2025-07-14,Moga,0.0,0.0
2025-07-14,Muktsar,0.0,0.0
2025-07-14,Nawanshahr,0.0,0.0
2025-07-14,Patiala,0.0,0.0
2025-07-14,Rupnagar,0.0,0.0
2025-07-14,Sahibzada Ajit Singh Nagar,0.0,0.0
2025-07-14,Sangrur,0.0,0.0
2025-07-14,Tarn Taran,0.0,0.0
2025-07-15,Amritsar,0.0,0.0
2025-07-15,Barnala,0.0,0.0
2025-07-15,Bathinda,0.0,0.0
2025-07-15,Faridkot,0.0,0.0
2025-07-15,Fatehgarh Sahib,0.0,0.0
2025-07-15,Firozpur,3.0,6e-06
2025-07-15,Gurdaspur,0.0,0.0
2025-07-15,Hoshiarpur,0.0,0.0
2025-07-15,Jalandhar,0.0,0.0
2025-07-15,Kapurthala,0.0,0.0
2025-07-15,Ludhiana,0.0,0.0
2025-07-15,Mansa,0.0,0.0
2025-07-15,Moga,0.0,0.0
2025-07-15,Muktsar,0.0,0.0
2025-07-15,Nawanshahr,0.0,0.0
2025-07-15,Patiala,0.0,0.0
2025-07-15,Rupnagar,0.0,0.0
2025-07-15,Sahibzada Ajit Singh Nagar,0.0,0.0
2025-07-15,Sangrur,0.0,0.0
2025-07-15,Tarn Taran,0.0,0.0
2025-07-16,Amritsar,0.0,0.0
2025-07-16,Barnala,0.0,0.0
2025-07-16,Bathinda,0.0,0.0
2025-07-16,Faridkot,0.0,0.0
2025-07-16,Fatehgarh Sahib,0.0,0.0
2025-07-16,Firozpur,0.0,0.0
2025-07-16,Gurdaspur,0.0,0.0
2025-07-16,Hoshiarpur,0.0,0.0
2025-07-16,Jalandhar,0.0,0.0
2025-07-16,Kapurthala,0.0,0.0
2025-07-16,Ludhiana,0.0,0.0
2025-07-16,Mansa,0.0,0.0
2025-07-16,Moga,0.0,0.0
2025-07-16,Muktsar,0.0,0.0
2025-07-16,Nawanshahr,0.0,0.0
2025-07-16,Patiala,0.0,0.0
2025-07-16,Rupnagar,0.0,0.0
2025-07-16,Sahibzada Ajit Singh Nagar,0.0,0.0
2025-07-16,Sangrur,0.0,0.0
2025-07-16,Tarn Taran,0.0,0.0
2025-07-17,Amritsar,121.22,0.000454
2025-07-17,Barnala,189.76,0.001273
2025-07-17,Bathinda,0.0,0.0
2025-07-17,Faridkot,0.0,0.0
2025-07-17,Fatehgarh Sahib,118.59,0.001034
2025-07-17,Firozpur,0.0,0.0
2025-07-17,Gurdaspur,321.4,0.000885
2025-07-17,Hoshiarpur,82.59,0.000245
2025-07-17,Jalandhar,592.21,0.002266
2025-07-17,Kapurthala,1368.32,0.008211
2025-07-17,Ludhiana,596.16,0.001658
2025-07-17,Mansa,452.27,0.002039
2025-07-17,Moga,987.44,0.004194
2025-07-17,Muktsar,0.0,0.0
2025-07-17,Nawanshahr,285.31,0.002187
2025-07-17,Patiala,3331.46,0.009973
2025-07-17,Rupnagar,24.91,0.000179
2025-07-17,Sahibzada Ajit Singh Nagar,8.89,8e-05
2025-07-17,Sangrur,787.38,0.00218
2025-07-17,Tarn Taran,154.28,0.000643
2025-07-18,Amritsar,2034.99,0.007628
2025-07-18,Barnala,95.92,0.000644
2025-07-18,Bathinda,1227.09,0.00363
2025-07-18,Faridkot,1495.57,0.010274
2025-07-18,Fatehgarh Sahib,4.45,3.9e-05
2025-07-18,Firozpur,3401.69,0.006515
2025-07-18,Gurdaspur,280.58,0.000773
2025-07-18,Hoshiarpur,81.96,0.000243
2025-07-18,Jalandhar,888.02,0.003397
2025-07-18,Kapurthala,1143.55,0.006862
2025-07-18,Ludhiana,407.04,0.001132
2025-07-18,Mansa,209.41,0.000944
2025-07-18,Moga,2391.5,0.010158
2025-07-18,Muktsar,4765.85,0.018239
2025-07-18,Nawanshahr,182.05,0.001395
2025-07-18,Patiala,5.96,1.8e-05
2025-07-18,Rupnagar,0.0,0.0
2025-07-18,Sahibzada Ajit Singh Nagar,0.0,0.0
2025-07-18,Sangrur,91.27,0.000253
2025-07-18,Tarn Taran,985.25,0.004104
2025-07-19,Amritsar,0.0,0.0
2025-07-19,Barnala,0.0,0.0
2025-07-19,Bathinda,0.0,0.0
2025-07-19,Faridkot,0.0,0.0
2025-07-19,Fatehgarh Sahib,0.0,0.0
2025-07-19,Firozpur,0.0,0.0
2025-07-19,Gurdaspur,0.0,0.0
2025-07-19,Hoshiarpur,0.0,0.0
2025-07-19,Jalandhar,0.0,0.0
2025-07-19,Kapurthala,0.0,0.0
2025-07-19,Ludhiana,0.0,0.0
2025-07-19,Mansa,0.0,0.0
2025-07-19,Moga,0.0,0.0
2025-07-19,Muktsar,0.0,0.0
2025-07-19,Nawanshahr,0.0,0.0
2025-07-19,Patiala,0.0,0.0
2025-07-19,Rupnagar,0.0,0.0
2025-07-19,Sahibzada Ajit Singh Nagar,0.0,0.0
2025-07-19,Sangrur,0.0,0.0
2025-07-19,Tarn Taran,0.0,0.0
2025-07-20,Amritsar,0.0,0.0
2025-07-20,Barnala,0.0,0.0
2025-07-20,Bathinda,0.0,0.0
2025-07-20,Faridkot,0.0,0.0
2025-07-20,Fatehgarh Sahib,0.0,0.0
2025-07-20,Firozpur,0.0,0.0
2025-07-20,Gurdaspur,0.0,0.0
2025-07-20,Hoshiarpur,0.0,0.0
2025-07-20,Jalandhar,0.0,0.0
2025-07-20,Kapurthala,0.0,0.0
2025-07-20,Ludhiana,0.0,0.0
2025-07-20,Mansa,0.0,0.0
2025-07-20,Moga,0.0,0.0
2025-07-20,Muktsar,0.0,0.0
2025-07-20,Nawanshahr,0.0,0.0
2025-07-20,Patiala,0.0,0.0
2025-07-20,Rupnagar,0.0,0.0
2025-07-20,Sahibzada Ajit Singh Nagar,0.0,0.0
2025-07-20,Sangrur,0.0,0.0
2025-07-20,Tarn Taran,0.0,0.0
2025-07-21,Amritsar,0.0,0.0
2025-07-21,Barnala,0.0,0.0
2025-07-21,Bathinda,0.0,0.0
2025-07-21,Faridkot,0.0,0.0
2025-07-21,Fatehgarh Sahib,0.0,0.0
2025-07-21,Firozpur,0.0,0.0
2025-07-21,Gurdaspur,0.0,0.0
2025-07-21,Hoshiarpur,0.0,0.0
2025-07-21,Jalandhar,0.0,0.0
2025-07-21,Kapurthala,0.0,0.0
2025-07-21,Ludhiana,0.0,0.0
2025-07-21,Mansa,0.0,0.0
2025-07-21,Moga,0.0,0.0
2025-07-21,Muktsar,0.0,0.0
2025-07-21,Nawanshahr,0.0,0.0
2025-07-21,Patiala,0.0,0.0
2025-07-21,Rupnagar,0.0,0.0
2025-07-21,Sahibzada Ajit Singh Nagar,0.0,0.0
2025-07-21,Sangrur,0.0,0.0
2025-07-21,Tarn Taran,0.0,0.0
2025-07-22,Amritsar,522.39,0.001958
2025-07-22,Barnala,323.48,0.002171
2025-07-22,Bathinda,931.19,0.002754
2025-07-22,Faridkot,1127.96,0.007749
2025-07-22,Fatehgarh Sahib,0.0,0.0
2025-07-22,Firozpur,1777.23,0.003404
2025-07-22,Gurdaspur,192.74,0.000531
2025-07-22,Hoshiarpur,46.24,0.000137
2025-07-22,Jalandhar,5731.79,0.021929
2025-07-22,Kapurthala,4743.84,0.028468
2025-07-22,Ludhiana,5402.38,0.015021
2025-07-22,Mansa,325.32,0.001466
2025-07-22,Moga,8076.56,0.034304
2025-07-22,Muktsar,1551.34,0.005937
2025-07-22,Nawanshahr,0.0,0.0
2025-07-22,Patiala,5.26,1.6e-05
2025-07-22,Rupnagar,0.0,0.0
2025-07-22,Sahibzada Ajit Singh Nagar,0.0,0.0
2025-07-22,Sangrur,432.26,0.001197
2025-07-22,Tarn Taran,1064.03,0.004432
2025-07-23,Amritsar,0.0,0.0
2025-07-23,Barnala,0.0,0.0
2025-07-23,Bathinda,0.0,0.0
2025-07-23,Faridkot,0.0,0.0
2025-07-23,Fatehgarh Sahib,0.0,0.0
2025-07-23,Firozpur,489.3,0.000937
2025-07-23,Gurdaspur,0.0,0.0
2025-07-23,Hoshiarpur,0.0,0.0
2025-07-23,Jalandhar,0.0,0.0
2025-07-23,Kapurthala,0.0,0.0
2025-07-23,Ludhiana,0.0,0.0
2025-07-23,Mansa,0.0,0.0
2025-07-23,Moga,0.0,0.0
2025-07-23,Muktsar,0.0,0.0
2025-07-23,Nawanshahr,0.0,0.0
2025-07-23,Patiala,0.0,0.0
2025-07-23,Rupnagar,0.0,0.0
2025-07-23,Sahibzada Ajit Singh Nagar,0.0,0.0
2025-07-23,Sangrur,0.0,0.0
2025-07-23,Tarn Taran,0.0,0.0
2025-07-24,Amritsar,0.0,0.0
2025-07-24,Barnala,0.0,0.0
2025-07-24,Bathinda,0.0,0.0
2025-07-24,Faridkot,0.0,0.0
2025-07-24,Fatehgarh Sahib,0.0,0.0
2025-07-24,Firozpur,0.0,0.0
2025-07-24,Gurdaspur,0.0,0.0
2025-07-24,Hoshiarpur,0.0,0.0
2025-07-24,Jalandhar,0.0,0.0
2025-07-24,Kapurthala,0.0,0.0
2025-07-24,Ludhiana,0.0,0.0
2025-07-24,Mansa,0.0,0.0
2025-07-24,Moga,0.0,0.0
2025-07-24,Muktsar,0.0,0.0
2025-07-24,Nawanshahr,0.0,0.0
2025-07-24,Patiala,0.0,0.0
2025-07-24,Rupnagar,0.0,0.0
2025-07-24,Sahibzada Ajit Singh Nagar,0.0,0.0
2025-07-24,Sangrur,0.0,0.0
2025-07-24,Tarn Taran,0.0,0.0
2025-07-25,Amritsar,0.0,0.0
2025-07-25,Barnala,45.46,0.000305
2025-07-25,Bathinda,0.0,0.0
2025-07-25,Faridkot,0.0,0.0
2025-07-25,Fatehgarh Sahib,8.9,7.8e-05
2025-07-25,Firozpur,0.0,0.0
2025-07-25,Gurdaspur,0.0,0.0
2025-07-25,Hoshiarpur,0.73,2e-06
2025-07-25,Jalandhar,27.91,0.000107
2025-07-25,Kapurthala,0.0,0.0
2025-07-25,Ludhiana,97.08,0.00027
2025-07-25,Mansa,62.2,0.00028
2025-07-25,Moga,0.0,0.0
2025-07-25,Muktsar,0.0,0.0
2025-07-25,Nawanshahr,95.5,0.000732
2025-07-25,Patiala,67.91,0.000203
2025-07-25,Rupnagar,19.77,0.000142
2025-07-25,Sahibzada Ajit Singh Nagar,1.48,1.3e-05
2025-07-25,Sangrur,82.08,0.000227
2025-07-25,Tarn Taran,0.0,0.0
2025-07-26,Amritsar,0.0,0.0
2025-07-26,Barnala,0.0,0.0
2025-07-26,Bathinda,0.0,0.0
2025-07-26,Faridkot,0.0,0.0
2025-07-26,Fatehgarh Sahib,0.0,0.0
2025-07-26,Firozpur,0.0,0.0
2025-07-26,Gurdaspur,0.0,0.0
2025-07-26,Hoshiarpur,0.0,0.0
2025-07-26,Jalandhar,0.0,0.0
2025-07-26,Kapurthala,0.0,0.0
2025-07-26,Ludhiana,0.0,0.0
2025-07-26,Mansa,0.0,0.0
2025-07-26,Moga,0.0,0.0
2025-07-26,Muktsar,0.0,0.0
2025-07-26,Nawanshahr,0.0,0.0
2025-07-26,Patiala,0.0,0.0
2025-07-26,Rupnagar,0.0,0.0
2025-07-26,Sahibzada Ajit Singh Nagar,0.0,0.0
2025-07-26,Sangrur,0.0,0.0
2025-07-26,Tarn Taran,0.0,0.0
2025-07-27,Amritsar,0.0,0.0
2025-07-27,Barnala,0.0,0.0
2025-07-27,Bathinda,0.0,0.0
2025-07-27,Faridkot,0.0,0.0
2025-07-27,Fatehgarh Sahib,0.0,0.0
2025-07-27,Firozpur,21.0,4e-05
2025-07-27,Gurdaspur,0.0,0.0
2025-07-27,Hoshiarpur,0.0,0.0
2025-07-27,Jalandhar,0.0,0.0
2025-07-27,Kapurthala,0.0,0.0
2025-07-27,Ludhiana,0.0,0.0
2025-07-27,Mansa,0.0,0.0
2025-07-27,Moga,0.0,0.0
2025-07-27,Muktsar,0.0,0.0
2025-07-27,Nawanshahr,0.0,0.0
2025-07-27,Patiala,0.0,0.0
2025-07-27,Rupnagar,0.0,0.0
2025-07-27,Sahibzada Ajit Singh Nagar,0.0,0.0
2025-07-27,Sangrur,0.0,0.0
2025-07-27,Tarn Taran,0.0,0.0
2025-07-28,Amritsar,0.0,0.0
2025-07-28,Barnala,0.0,0.0
2025-07-28,Bathinda,0.0,0.0
2025-07-28,Faridkot,0.0,0.0
2025-07-28,Fatehgarh Sahib,0.0,0.0
2025-07-28,Firozpur,0.0,0.0
2025-07-28,Gurdaspur,0.0,0.0
2025-07-28,Hoshiarpur,0.0,0.0
2025-07-28,Jalandhar,0.0,0.0
2025-07-28,Kapurthala,0.0,0.0
2025-07-28,Ludhiana,0.0,0.0
2025-07-28,Mansa,0.0,0.0
2025-07-28,Moga,0.0,0.0
2025-07-28,Muktsar,0.0,0.0
2025-07-28,Nawanshahr,0.0,0.0
2025-07-28,Patiala,0.0,0.0
2025-07-28,Rupnagar,0.0,0.0
2025-07-28,Sahibzada Ajit Singh Nagar,0.0,0.0
2025-07-28,Sangrur,0.0,0.0
2025-07-28,Tarn Taran,0.0,0.0
2025-07-29,Amritsar,39.93,0.00015
2025-07-29,Barnala,78.9,0.000529
2025-07-29,Bathinda,0.0,0.0
2025-07-29,Faridkot,0.0,0.0
2025-07-29,Fatehgarh Sahib,41.46,0.000362
2025-07-29,Firozpur,0.0,0.0
2025-07-29,Gurdaspur,789.4,0.002175
2025-07-29,Hoshiarpur,81.66,0.000242
2025-07-29,Jalandhar,114.3,0.000437
2025-07-29,Kapurthala,118.1,0.000709
2025-07-29,Ludhiana,195.15,0.000543
2025-07-29,Mansa,15.72,7.1e-05
2025-07-29,Moga,16.26,6.9e-05
2025-07-29,Muktsar,0.0,0.0
2025-07-29,Nawanshahr,105.74,0.00081
2025-07-29,Patiala,91.13,0.000273
2025-07-29,Rupnagar,26.36,0.00019
2025-07-29,Sahibzada Ajit Singh Nagar,8.13,7.3e-05
2025-07-29,Sangrur,143.3,0.000397
2025-07-29,Tarn Taran,26.21,0.000109
2025-07-30,Amritsar,171.48,0.000643
2025-07-30,Barnala,185.34,0.001244
2025-07-30,Bathinda,595.18,0.001761
2025-07-30,Faridkot,306.24,0.002104
2025-07-30,Fatehgarh Sahib,57.76,0.000504
2025-07-30,Firozpur,473.59,0.000907
2025-07-30,Gurdaspur,705.02,0.001942
2025-07-30,Hoshiarpur,86.82,0.000257
2025-07-30,Jalandhar,409.02,0.001565
2025-07-30,Kapurthala,346.62,0.00208
2025-07-30,Ludhiana,585.9,0.001629
2025-07-30,Mansa,114.11,0.000514
2025-07-30,Moga,218.01,0.000926
2025-07-30,Muktsar,375.09,0.001435
2025-07-30,Nawanshahr,158.64,0.001216
2025-07-30,Patiala,23.83,7.1e-05
2025-07-30,Rupnagar,4.38,3.2e-05
2025-07-30,Sahibzada Ajit Singh Nagar,0.0,0.0
2025-07-30,Sangrur,306.97,0.00085
2025-07-30,Tarn Taran,597.76,0.00249
2025-07-31,Amritsar,0.0,0.0
2025-07-31,Barnala,0.0,0.0
2025-07-31,Bathinda,0.0,0.0
2025-07-31,Faridkot,0.0,0.0
2025-07-31,Fatehgarh Sahib,0.0,0.0
2025-07-31,Firozpur,0.0,0.0
2025-07-31,Gurdaspur,0.0,0.0
2025-07-31,Hoshiarpur,0.0,0.0
2025-07-31,Jalandhar,0.0,0.0
2025-07-31,Kapurthala,0.0,0.0
2025-07-31,Ludhiana,0.0,0.0
2025-07-31,Mansa,0.0,0.0
2025-07-31,Moga,0.0,0.0
2025-07-31,Muktsar,0.0,0.0
2025-07-31,Nawanshahr,0.0,0.0
2025-07-31,Patiala,0.0,0.0
2025-07-31,Rupnagar,0.0,0.0
2025-07-31,Sahibzada Ajit Singh Nagar,0.0,0.0
2025-07-31,Sangrur,0.0,0.0
2025-07-31,Tarn Taran,0.0,0.0
2025-08-01,Amritsar,0.0,0.0
2025-08-01,Barnala,0.0,0.0
2025-08-01,Bathinda,0.0,0.0
2025-08-01,Faridkot,0.0,0.0
2025-08-01,Fatehgarh Sahib,0.0,0.0
2025-08-01,Firozpur,0.0,0.0
2025-08-01,Gurdaspur,0.0,0.0
2025-08-01,Hoshiarpur,0.0,0.0
2025-08-01,Jalandhar,0.0,0.0
2025-08-01,Kapurthala,0.0,0.0
2025-08-01,Ludhiana,0.0,0.0
2025-08-01,Mansa,0.0,0.0
2025-08-01,Moga,0.0,0.0
2025-08-01,Muktsar,0.0,0.0
2025-08-01,Nawanshahr,0.0,0.0
2025-08-01,Patiala,0.0,0.0
2025-08-01,Rupnagar,0.0,0.0
2025-08-01,Sahibzada Ajit Singh Nagar,0.0,0.0
2025-08-01,Sangrur,0.0,0.0
2025-08-01,Tarn Taran,0.0,0.0
2025-08-02,Amritsar,0.0,0.0
2025-08-02,Barnala,0.0,0.0
2025-08-02,Bathinda,0.0,0.0
2025-08-02,Faridkot,0.0,0.0
2025-08-02,Fatehgarh Sahib,0.0,0.0
2025-08-02,Firozpur,0.0,0.0
2025-08-02,Gurdaspur,0.0,0.0
2025-08-02,Hoshiarpur,0.0,0.0
2025-08-02,Jalandhar,0.0,0.0
2025-08-02,Kapurthala,0.0,0.0
2025-08-02,Ludhiana,0.0,0.0
2025-08-02,Mansa,0.0,0.0
2025-08-02,Moga,0.0,0.0
2025-08-02,Muktsar,0.0,0.0
2025-08-02,Nawanshahr,0.0,0.0
2025-08-02,Patiala,0.0,0.0
2025-08-02,Rupnagar,0.0,0.0
2025-08-02,Sahibzada Ajit Singh Nagar,0.0,0.0
2025-08-02,Sangrur,0.0,0.0
2025-08-02,Tarn Taran,0.0,0.0
2025-08-03,Amritsar,146.82,0.00055
2025-08-03,Barnala,159.43,0.00107
2025-08-03,Bathinda,1151.46,0.003406
2025-08-03,Faridkot,104.68,0.000719
2025-08-03,Fatehgarh Sahib,0.0,0.0
2025-08-03,Firozpur,4313.71,0.008262
2025-08-03,Gurdaspur,192.19,0.000529
2025-08-03,Hoshiarpur,162.1,0.00048
2025-08-03,Jalandhar,244.47,0.000935
2025-08-03,Kapurthala,872.86,0.005238
2025-08-03,Ludhiana,122.79,0.000341
2025-08-03,Mansa,452.65,0.00204
2025-08-03,Moga,200.08,0.00085
2025-08-03,Muktsar,678.82,0.002598
2025-08-03,Nawanshahr,0.0,0.0
2025-08-03,Patiala,18.02,5.4e-05
2025-08-03,Rupnagar,0.0,0.0
2025-08-03,Sahibzada Ajit Singh Nagar,0.0,0.0
2025-08-03,Sangrur,156.08,0.000432
2025-08-03,Tarn Taran,1647.66,0.006863
2025-08-04,Amritsar,0.0,0.0
2025-08-04,Barnala,0.0,0.0
2025-08-04,Bathinda,0.0,0.0
2025-08-04,Faridkot,0.0,0.0
2025-08-04,Fatehgarh Sahib,0.0,0.0
2025-08-04,Firozpur,3013.5,0.005772
2025-08-04,Gurdaspur,0.0,0.0
2025-08-04,Hoshiarpur,0.0,0.0
2025-08-04,Jalandhar,0.0,0.0
2025-08-04,Kapurthala,0.0,0.0
2025-08-04,Ludhiana,0.0,0.0
2025-08-04,Mansa,0.0,0.0
2025-08-04,Moga,0.0,0.0
2025-08-04,Muktsar,0.0,0.0
2025-08-04,Nawanshahr,0.0,0.0
2025-08-04,Patiala,0.0,0.0
2025-08-04,Rupnagar,0.0,0.0
2025-08-04,Sahibzada Ajit Singh Nagar,0.0,0.0
2025-08-04,Sangrur,0.0,0.0
2025-08-04,Tarn Taran,0.0,0.0
2025-08-05,Amritsar,0.0,0.0
2025-08-05,Barnala,0.0,0.0
2025-08-05,Bathinda,0.0,0.0
2025-08-05,Faridkot,0.0,0.0
2025-08-05,Fatehgarh Sahib,0.0,0.0
2025-08-05,Firozpur,0.0,0.0
2025-08-05,Gurdaspur,0.0,0.0
2025-08-05,Hoshiarpur,0.0,0.0
2025-08-05,Jalandhar,0.0,0.0
2025-08-05,Kapurthala,0.0,0.0
2025-08-05,Ludhiana,0.0,0.0
2025-08-05,Mansa,0.0,0.0
2025-08-05,Moga,0.0,0.0
2025-08-05,Muktsar,0.0,0.0
2025-08-05,Nawanshahr,0.0,0.0
2025-08-05,Patiala,0.0,0.0
2025-08-05,Rupnagar,0.0,0.0
2025-08-05,Sahibzada Ajit Singh Nagar,0.0,0.0
2025-08-05,Sangrur,0.0,0.0
2025-08-05,Tarn Taran,0.0,0.0
2025-08-06,Amritsar,0.0,0.0
2025-08-06,Barnala,26.04,0.000175
2025-08-06,Bathinda,0.0,0.0
2025-08-06,Faridkot,0.0,0.0
2025-08-06,Fatehgarh Sahib,6.67,5.8e-05
2025-08-06,Firozpur,0.0,0.0
2025-08-06,Gurdaspur,0.0,0.0
2025-08-06,Hoshiarpur,0.0,0.0
2025-08-06,Jalandhar,33.05,0.000126
2025-08-06,Kapurthala,0.0,0.0
2025-08-06,Ludhiana,112.48,0.000313
2025-08-06,Mansa,38.23,0.000172
2025-08-06,Moga,0.0,0.0
2025-08-06,Muktsar,0.0,0.0
2025-08-06,Nawanshahr,160.88,0.001233
2025-08-06,Patiala,45.45,0.000136
2025-08-06,Rupnagar,5.14,3.7e-05
2025-08-06,Sahibzada Ajit Singh Nagar,13.32,0.00012
2025-08-06,Sangrur,103.7,0.000287
2025-08-06,Tarn Taran,0.0,0.0
2025-08-07,Amritsar,0.0,0.0
2025-08-07,Barnala,0.0,0.0
2025-08-07,Bathinda,0.0,0.0
2025-08-07,Faridkot,0.0,0.0
2025-08-07,Fatehgarh Sahib,0.0,0.0
2025-08-07,Firozpur,0.0,0.0
2025-08-07,Gurdaspur,0.0,0.0
2025-08-07,Hoshiarpur,0.0,0.0
2025-08-07,Jalandhar,0.0,0.0
2025-08-07,Kapurthala,0.0,0.0
2025-08-07,Ludhiana,0.0,0.0
2025-08-07,Mansa,0.0,0.0
2025-08-07,Moga,0.0,0.0
2025-08-07,Muktsar,0.0,0.0
2025-08-07,Nawanshahr,0.0,0.0
2025-08-07,Patiala,0.0,0.0
2025-08-07,Rupnagar,0.0,0.0
2025-08-07,Sahibzada Ajit Singh Nagar,0.0,0.0
2025-08-07,Sangrur,0.0,0.0
2025-08-07,Tarn Taran,0.0,0.0
2025-08-08,Amritsar,0.0,0.0
2025-08-08,Barnala,0.0,0.0
2025-08-08,Bathinda,0.0,0.0
2025-08-08,Faridkot,0.0,0.0
2025-08-08,Fatehgarh Sahib,0.0,0.0
2025-08-08,Firozpur,38.24,7.3e-05
2025-08-08,Gurdaspur,0.0,0.0
2025-08-08,Hoshiarpur,0.0,0.0
2025-08-08,Jalandhar,0.0,0.0
2025-08-08,Kapurthala,0.0,0.0
2025-08-08,Ludhiana,0.0,0.0
2025-08-08,Mansa,0.0,0.0
2025-08-08,Moga,0.0,0.0
2025-08-08,Muktsar,0.0,0.0
2025-08-08,Nawanshahr,0.0,0.0
2025-08-08,Patiala,0.0,0.0
2025-08-08,Rupnagar,0.0,0.0
2025-08-08,Sahibzada Ajit Singh Nagar,0.0,0.0
2025-08-08,Sangrur,0.0,0.0
2025-08-08,Tarn Taran,0.0,0.0
2025-08-09,Amritsar,0.0,0.0
2025-08-09,Barnala,0.0,0.0
2025-08-09,Bathinda,0.0,0.0
2025-08-09,Faridkot,0.0,0.0
2025-08-09,Fatehgarh Sahib,0.0,0.0
2025-08-09,Firozpur,0.0,0.0
2025-08-09,Gurdaspur,0.0,0.0
2025-08-09,Hoshiarpur,0.0,0.0
2025-08-09,Jalandhar,0.0,0.0
2025-08-09,Kapurthala,0.0,0.0
2025-08-09,Ludhiana,0.0,0.0
2025-08-09,Mansa,0.0,0.0
2025-08-09,Moga,0.0,0.0
2025-08-09,Muktsar,0.0,0.0
2025-08-09,Nawanshahr,0.0,0.0
2025-08-09,Patiala,0.0,0.0
2025-08-09,Rupnagar,0.0,0.0
2025-08-09,Sahibzada Ajit Singh Nagar,0.0,0.0
2025-08-09,Sangrur,0.0,0.0
2025-08-09,Tarn Taran,0.0,0.0
2025-08-10,Amritsar,220.69,0.000827
2025-08-10,Barnala,217.84,0.001462
2025-08-10,Bathinda,0.0,0.0
2025-08-10,Faridkot,0.0,0.0
2025-08-10,Fatehgarh Sahib,53.16,0.000464
2025-08-10,Firozpur,0.0,0.0
2025-08-10,Gurdaspur,488.55,0.001346
2025-08-10,Hoshiarpur,165.64,0.000491
2025-08-10,Jalandhar,251.02,0.00096
2025-08-10,Kapurthala,865.89,0.005196
2025-08-10,Ludhiana,262.09,0.000729
2025-08-10,Mansa,39.68,0.000179
2025-08-10,Moga,58.33,0.000248
2025-08-10,Muktsar,0.0,0.0
2025-08-10,Nawanshahr,136.61,0.001047
2025-08-10,Patiala,22.33,6.7e-05
2025-08-10,Rupnagar,24.16,0.000174
2025-08-10,Sahibzada Ajit Singh Nagar,2.95,2.7e-05
2025-08-10,Sangrur,219.94,0.000609
2025-08-10,Tarn Taran,555.5,0.002314
2025-08-11,Amritsar,0.0,0.0
2025-08-11,Barnala,0.0,0.0
2025-08-11,Bathinda,0.0,0.0
2025-08-11,Faridkot,0.0,0.0
2025-08-11,Fatehgarh Sahib,0.0,0.0
2025-08-11,Firozpur,0.0,0.0
2025-08-11,Gurdaspur,0.0,0.0
2025-08-11,Hoshiarpur,0.0,0.0
2025-08-11,Jalandhar,0.0,0.0
2025-08-11,Kapurthala,0.0,0.0
2025-08-11,Ludhiana,0.0,0.0
2025-08-11,Mansa,0.0,0.0
2025-08-11,Moga,0.0,0.0
2025-08-11,Muktsar,0.0,0.0
2025-08-11,Nawanshahr,0.0,0.0
2025-08-11,Patiala,0.0,0.0
2025-08-11,Rupnagar,0.0,0.0
2025-08-11,Sahibzada Ajit Singh Nagar,0.0,0.0
2025-08-11,Sangrur,0.0,0.0
2025-08-11,Tarn Taran,0.0,0.0
2025-08-12,Amritsar,0.0,0.0
2025-08-12,Barnala,0.0,0.0
2025-08-12,Bathinda,0.0,0.0
2025-08-12,Faridkot,0.0,0.0
2025-08-12,Fatehgarh Sahib,0.0,0.0
2025-08-12,Firozpur,0.0,0.0
2025-08-12,Gurdaspur,0.0,0.0
2025-08-12,Hoshiarpur,0.0,0.0
2025-08-12,Jalandhar,0.0,0.0
2025-08-12,Kapurthala,0.0,0.0
2025-08-12,Ludhiana,0.0,0.0
2025-08-12,Mansa,0.0,0.0
2025-08-12,Moga,0.0,0.0
2025-08-12,Muktsar,0.0,0.0
2025-08-12,Nawanshahr,0.0,0.0
2025-08-12,Patiala,0.0,0.0
2025-08-12,Rupnagar,0.0,0.0
2025-08-12,Sahibzada Ajit Singh Nagar,0.0,0.0
2025-08-12,Sangrur,0.0,0.0
2025-08-12,Tarn Taran,0.0,0.0
2025-08-13,Amritsar,0.0,0.0
2025-08-13,Barnala,0.0,0.0
2025-08-13,Bathinda,0.0,0.0
2025-08-13,Faridkot,0.0,0.0
2025-08-13,Fatehgarh Sahib,0.0,0.0
2025-08-13,Firozpur,0.0,0.0
2025-08-13,Gurdaspur,0.0,0.0
2025-08-13,Hoshiarpur,0.0,0.0
2025-08-13,Jalandhar,0.0,0.0
2025-08-13,Kapurthala,0.0,0.0
2025-08-13,Ludhiana,0.0,0.0
2025-08-13,Mansa,0.0,0.0
2025-08-13,Moga,0.0,0.0
2025-08-13,Muktsar,0.0,0.0
2025-08-13,Nawanshahr,0.0,0.0
2025-08-13,Patiala,0.0,0.0
2025-08-13,Rupnagar,0.0,0.0
2025-08-13,Sahibzada Ajit Singh Nagar,0.0,0.0
2025-08-13,Sangrur,0.0,0.0
2025-08-13,Tarn Taran,0.0,0.0
2025-08-14,Amritsar,0.0,0.0
2025-08-14,Barnala,0.0,0.0
2025-08-14,Bathinda,0.0,0.0
2025-08-14,Faridkot,0.0,0.0
2025-08-14,Fatehgarh Sahib,0.0,0.0
2025-08-14,Firozpur,0.0,0.0
2025-08-14,Gurdaspur,0.0,0.0
2025-08-14,Hoshiarpur,0.0,0.0
2025-08-14,Jalandhar,0.0,0.0
2025-08-14,Kapurthala,0.0,0.0
2025-08-14,Ludhiana,0.0,0.0
2025-08-14,Mansa,0.0,0.0
2025-08-14,Moga,0.0,0.0
2025-08-14,Muktsar,0.0,0.0
2025-08-14,Nawanshahr,0.0,0.0
2025-08-14,Patiala,0.0,0.0
2025-08-14,Rupnagar,0.0,0.0
2025-08-14,Sahibzada Ajit Singh Nagar,0.0,0.0
2025-08-14,Sangrur,0.0,0.0
2025-08-14,Tarn Taran,0.0,0.0
2025-08-15,Amritsar,325.46,0.00122
2025-08-15,Barnala,1.49,1e-05
2025-08-15,Bathinda,41.79,0.000124
2025-08-15,Faridkot,2.96,2e-05
2025-08-15,Fatehgarh Sahib,0.0,0.0
2025-08-15,Firozpur,2866.67,0.00549
2025-08-15,Gurdaspur,461.23,0.001271
2025-08-15,Hoshiarpur,361.66,0.001071
2025-08-15,Jalandhar,270.1,0.001033
2025-08-15,Kapurthala,2975.08,0.017853
2025-08-15,Ludhiana,134.5,0.000374
2025-08-15,Mansa,6.77,3.1e-05
2025-08-15,Moga,82.25,0.000349
2025-08-15,Muktsar,73.79,0.000282
2025-08-15,Nawanshahr,0.0,0.0
2025-08-15,Patiala,0.0,0.0
2025-08-15,Rupnagar,0.0,0.0
2025-08-15,Sahibzada Ajit Singh Nagar,0.0,0.0
2025-08-15,Sangrur,52.43,0.000145
2025-08-15,Tarn Taran,4220.42,0.01758
2025-08-16,Amritsar,0.0,0.0
2025-08-16,Barnala,0.0,0.0
2025-08-16,Bathinda,0.0,0.0
2025-08-16,Faridkot,0.0,0.0
2025-08-16,Fatehgarh Sahib,0.0,0.0
2025-08-16,Firozpur,867.03,0.001661
2025-08-16,Gurdaspur,0.0,0.0
2025-08-16,Hoshiarpur,0.0,0.0
2025-08-16,Jalandhar,0.0,0.0
2025-08-16,Kapurthala,0.0,0.0
2025-08-16,Ludhiana,0.0,0.0
2025-08-16,Mansa,0.0,0.0
2025-08-16,Moga,0.0,0.0
2025-08-16,Muktsar,0.0,0.0
2025-08-16,Nawanshahr,0.0,0.0
2025-08-16,Patiala,0.0,0.0
2025-08-16,Rupnagar,0.0,0.0
2025-08-16,Sahibzada Ajit Singh Nagar,0.0,0.0
2025-08-16,Sangrur,0.0,0.0
2025-08-16,Tarn Taran,0.0,0.0
2025-08-17,Amritsar,0.0,0.0
2025-08-17,Barnala,0.0,0.0
2025-08-17,Bathinda,0.0,0.0
2025-08-17,Faridkot,0.0,0.0
2025-08-17,Fatehgarh Sahib,0.0,0.0
2025-08-17,Firozpur,0.0,0.0
2025-08-17,Gurdaspur,0.0,0.0
2025-08-17,Hoshiarpur,0.0,0.0
2025-08-17,Jalandhar,0.0,0.0
2025-08-17,Kapurthala,0.0,0.0
2025-08-17,Ludhiana,0.0,0.0
2025-08-17,Mansa,0.0,0.0
2025-08-17,Moga,0.0,0.0
2025-08-17,Muktsar,0.0,0.0
2025-08-17,Nawanshahr,0.0,0.0
2025-08-17,Patiala,0.0,0.0
2025-08-17,Rupnagar,0.0,0.0
2025-08-17,Sahibzada Ajit Singh Nagar,0.0,0.0
2025-08-17,Sangrur,0.0,0.0
2025-08-17,Tarn Taran,0.0,0.0
2025-08-18,Amritsar,0.0,0.0
2025-08-18,Barnala,14.88,0.0001
2025-08-18,Bathinda,0.0,0.0
2025-08-18,Faridkot,0.0,0.0
2025-08-18,Fatehgarh Sahib,8.9,7.8e-05
2025-08-18,Firozpur,0.0,0.0
2025-08-18,Gurdaspur,0.0,0.0
2025-08-18,Hoshiarpur,7.28,2.2e-05
2025-08-18,Jalandhar,34.52,0.000132
2025-08-18,Kapurthala,0.0,0.0
2025-08-18,Ludhiana,121.3,0.000337
2025-08-18,Mansa,33.02,0.000149
2025-08-18,Moga,0.0,0.0
2025-08-18,Muktsar,0.0,0.0
2025-08-18,Nawanshahr,176.31,0.001351
2025-08-18,Patiala,32.86,9.8e-05
2025-08-18,Rupnagar,26.36,0.00019
2025-08-18,Sahibzada Ajit Singh Nagar,8.11,7.3e-05
2025-08-18,Sangrur,65.9,0.000182
2025-08-18,Tarn Taran,0.0,0.0
2025-08-19,Amritsar,0.0,0.0
2025-08-19,Barnala,0.0,0.0
2025-08-19,Bathinda,0.0,0.0
2025-08-19,Faridkot,0.0,0.0
2025-08-19,Fatehgarh Sahib,0.0,0.0
2025-08-19,Firozpur,0.0,0.0
2025-08-19,Gurdaspur,0.0,0.0
2025-08-19,Hoshiarpur,0.0,0.0
2025-08-19,Jalandhar,0.0,0.0
2025-08-19,Kapurthala,0.0,0.0
2025-08-19,Ludhiana,0.0,0.0
2025-08-19,Mansa,0.0,0.0
2025-08-19,Moga,0.0,0.0
2025-08-19,Muktsar,0.0,0.0
2025-08-19,Nawanshahr,0.0,0.0
2025-08-19,Patiala,0.0,0.0
2025-08-19,Rupnagar,0.0,0.0
2025-08-19,Sahibzada Ajit Singh Nagar,0.0,0.0
2025-08-19,Sangrur,0.0,0.0
2025-08-19,Tarn Taran,0.0,0.0
2025-08-20,Amritsar,0.0,0.0
2025-08-20,Barnala,0.0,0.0
2025-08-20,Bathinda,0.0,0.0
2025-08-20,Faridkot,0.0,0.0
2025-08-20,Fatehgarh Sahib,0.0,0.0
2025-08-20,Firozpur,0.0,0.0
2025-08-20,Gurdaspur,0.0,0.0
2025-08-20,Hoshiarpur,0.0,0.0
2025-08-20,Jalandhar,0.0,0.0
2025-08-20,Kapurthala,0.0,0.0
2025-08-20,Ludhiana,0.0,0.0
2025-08-20,Mansa,0.0,0.0
2025-08-20,Moga,0.0,0.0
2025-08-20,Muktsar,0.0,0.0
2025-08-20,Nawanshahr,0.0,0.0
2025-08-20,Patiala,0.0,0.0
2025-08-20,Rupnagar,0.0,0.0
2025-08-20,Sahibzada Ajit Singh Nagar,0.0,0.0
2025-08-20,Sangrur,0.0,0.0
2025-08-20,Tarn Taran,0.0,0.0
2025-08-21,Amritsar,0.0,0.0
2025-08-21,Barnala,0.0,0.0
2025-08-21,Bathinda,0.0,0.0
2025-08-21,Faridkot,0.0,0.0
2025-08-21,Fatehgarh Sahib,0.0,0.0
2025-08-21,Firozpur,0.0,0.0
2025-08-21,Gurdaspur,0.0,0.0
2025-08-21,Hoshiarpur,0.0,0.0
2025-08-21,Jalandhar,0.0,0.0
2025-08-21,Kapurthala,0.0,0.0
2025-08-21,Ludhiana,0.0,0.0
2025-08-21,Mansa,0.0,0.0
2025-08-21,Moga,0.0,0.0
2025-08-21,Muktsar,0.0,0.0
2025-08-21,Nawanshahr,0.0,0.0
2025-08-21,Patiala,0.0,0.0
2025-08-21,Rupnagar,0.0,0.0
2025-08-21,Sahibzada Ajit Singh Nagar,0.0,0.0
2025-08-21,Sangrur,0.0,0.0
2025-08-21,Tarn Taran,0.0,0.0
2025-08-22,Amritsar,256.25,0.000961
2025-08-22,Barnala,0.0,0.0
2025-08-22,Bathinda,0.0,0.0
2025-08-22,Faridkot,0.0,0.0
2025-08-22,Fatehgarh Sahib,1.48,1.3e-05
2025-08-22,Firozpur,0.0,0.0
2025-08-22,Gurdaspur,645.4,0.001778
2025-08-22,Hoshiarpur,486.85,0.001442
2025-08-22,Jalandhar,254.82,0.000975
2025-08-22,Kapurthala,1823.65,0.010944
2025-08-22,Ludhiana,205.75,0.000572
2025-08-22,Mansa,0.75,3e-06
2025-08-22,Moga,74.88,0.000318
2025-08-22,Muktsar,0.0,0.0
2025-08-22,Nawanshahr,188.74,0.001446
2025-08-22,Patiala,17.19,5.1e-05
2025-08-22,Rupnagar,41.03,0.000296
2025-08-22,Sahibzada Ajit Singh Nagar,2.21,2e-05
2025-08-22,Sangrur,34.63,9.6e-05
2025-08-22,Tarn Taran,1037.96,0.004324
2025-08-23,Amritsar,308.05,0.001155
2025-08-23,Barnala,0.74,5e-06
2025-08-23,Bathinda,8.2,2.4e-05
2025-08-23,Faridkot,2.96,2e-05
2025-08-23,Fatehgarh Sahib,0.0,0.0
2025-08-23,Firozpur,3406.25,0.006524
2025-08-23,Gurdaspur,691.75,0.001906
2025-08-23,Hoshiarpur,517.12,0.001531
2025-08-23,Jalandhar,430.03,0.001645
2025-08-23,Kapurthala,2796.52,0.016782
2025-08-23,Ludhiana,234.53,0.000652
2025-08-23,Mansa,3.01,1.4e-05
2025-08-23,Moga,115.98,0.000493
2025-08-23,Muktsar,35.07,0.000134
2025-08-23,Nawanshahr,144.7,0.001109
2025-08-23,Patiala,0.0,0.0
2025-08-23,Rupnagar,0.0,0.0
2025-08-23,Sahibzada Ajit Singh Nagar,0.0,0.0
2025-08-23,Sangrur,18.82,5.2e-05
2025-08-23,Tarn Taran,3863.46,0.016093
2025-08-24,Amritsar,0.0,0.0
2025-08-24,Barnala,0.0,0.0
2025-08-24,Bathinda,0.0,0.0
2025-08-24,Faridkot,0.0,0.0
2025-08-24,Fatehgarh Sahib,0.0,0.0
2025-08-24,Firozpur,0.0,0.0
2025-08-24,Gurdaspur,0.0,0.0
2025-08-24,Hoshiarpur,0.0,0.0
2025-08-24,Jalandhar,0.0,0.0
2025-08-24,Kapurthala,0.0,0.0
2025-08-24,Ludhiana,0.0,0.0
2025-08-24,Mansa,0.0,0.0
2025-08-24,Moga,0.0,0.0
2025-08-24,Muktsar,0.0,0.0
2025-08-24,Nawanshahr,0.0,0.0
2025-08-24,Patiala,0.0,0.0
2025-08-24,Rupnagar,0.0,0.0
2025-08-24,Sahibzada Ajit Singh Nagar,0.0,0.0
2025-08-24,Sangrur,0.0,0.0
2025-08-24,Tarn Taran,0.0,0.0
2025-08-25,Amritsar,0.0,0.0
2025-08-25,Barnala,0.0,0.0
2025-08-25,Bathinda,0.0,0.0
2025-08-25,Faridkot,0.0,0.0
2025-08-25,Fatehgarh Sahib,0.0,0.0
2025-08-25,Firozpur,0.0,0.0
2025-08-25,Gurdaspur,0.0,0.0
2025-08-25,Hoshiarpur,0.0,0.0
2025-08-25,Jalandhar,0.0,0.0
2025-08-25,Kapurthala,0.0,0.0
2025-08-25,Ludhiana,0.0,0.0
2025-08-25,Mansa,0.0,0.0
2025-08-25,Moga,0.0,0.0
2025-08-25,Muktsar,0.0,0.0
2025-08-25,Nawanshahr,0.0,0.0
2025-08-25,Patiala,0.0,0.0
2025-08-25,Rupnagar,0.0,0.0
2025-08-25,Sahibzada Ajit Singh Nagar,0.0,0.0
2025-08-25,Sangrur,0.0,0.0
2025-08-25,Tarn Taran,0.0,0.0
2025-08-26,Amritsar,0.0,0.0
2025-08-26,Barnala,0.0,0.0
2025-08-26,Bathinda,0.0,0.0
2025-08-26,Faridkot,0.0,0.0
2025-08-26,Fatehgarh Sahib,0.0,0.0
2025-08-26,Firozpur,0.0,0.0
2025-08-26,Gurdaspur,0.0,0.0
2025-08-26,Hoshiarpur,0.0,0.0
2025-08-26,Jalandhar,0.0,0.0
2025-08-26,Kapurthala,0.0,0.0
2025-08-26,Ludhiana,0.0,0.0
2025-08-26,Mansa,0.0,0.0
2025-08-26,Moga,0.0,0.0
2025-08-26,Muktsar,0.0,0.0
2025-08-26,Nawanshahr,0.0,0.0
2025-08-26,Patiala,0.0,0.0
2025-08-26,Rupnagar,0.0,0.0
2025-08-26,Sahibzada Ajit Singh Nagar,0.0,0.0
2025-08-26,Sangrur,0.0,0.0
2025-08-26,Tarn Taran,0.0,0.0
2025-08-27,Amritsar,5531.68,0.020736
2025-08-27,Barnala,495.43,0.003324
2025-08-27,Bathinda,278.64,0.000824
2025-08-27,Faridkot,17.76,0.000122
2025-08-27,Fatehgarh Sahib,0.0,0.0
2025-08-27,Firozpur,11794.28,0.022589
2025-08-27,Gurdaspur,20610.98,0.056783
2025-08-27,Hoshiarpur,1712.77,0.005072
2025-08-27,Jalandhar,1246.17,0.004768
2025-08-27,Kapurthala,5389.21,0.032341
2025-08-27,Ludhiana,209.62,0.000583
2025-08-27,Mansa,1947.2,0.008777
2025-08-27,Moga,982.51,0.004173
2025-08-27,Muktsar,84.11,0.000322
2025-08-27,Nawanshahr,0.0,0.0
2025-08-27,Patiala,71.36,0.000214
2025-08-27,Rupnagar,0.0,0.0
2025-08-27,Sahibzada Ajit Singh Nagar,0.0,0.0
2025-08-27,Sangrur,1487.06,0.004118
2025-08-27,Tarn Taran,5828.56,0.024279
2025-08-28,Amritsar,0.0,0.0
2025-08-28,Barnala,0.0,0.0
2025-08-28,Bathinda,0.0,0.0
2025-08-28,Faridkot,0.0,0.0
2025-08-28,Fatehgarh Sahib,0.0,0.0
2025-08-28,Firozpur,3198.67,0.006126
2025-08-28,Gurdaspur,0.0,0.0
2025-08-28,Hoshiarpur,0.0,0.0
2025-08-28,Jalandhar,0.0,0.0
2025-08-28,Kapurthala,0.0,0.0
2025-08-28,Ludhiana,0.0,0.0
2025-08-28,Mansa,0.0,0.0
2025-08-28,Moga,0.0,0.0
2025-08-28,Muktsar,0.0,0.0
2025-08-28,Nawanshahr,0.0,0.0
2025-08-28,Patiala,0.0,0.0
2025-08-28,Rupnagar,0.0,0.0
2025-08-28,Sahibzada Ajit Singh Nagar,0.0,0.0
2025-08-28,Sangrur,0.0,0.0
2025-08-28,Tarn Taran,0.0,0.0
2025-08-29,Amritsar,0.0,0.0
2025-08-29,Barnala,0.0,0.0
2025-08-29,Bathinda,0.0,0.0
2025-08-29,Faridkot,0.0,0.0
2025-08-29,Fatehgarh Sahib,0.0,0.0
2025-08-29,Firozpur,0.0,0.0
2025-08-29,Gurdaspur,0.0,0.0
2025-08-29,Hoshiarpur,0.0,0.0
2025-08-29,Jalandhar,0.0,0.0
2025-08-29,Kapurthala,0.0,0.0
2025-08-29,Ludhiana,0.0,0.0
2025-08-29,Mansa,0.0,0.0
2025-08-29,Moga,0.0,0.0
2025-08-29,Muktsar,0.0,0.0
2025-08-29,Nawanshahr,0.0,0.0
2025-08-29,Patiala,0.0,0.0
2025-08-29,Rupnagar,0.0,0.0
2025-08-29,Sahibzada Ajit Singh Nagar,0.0,0.0
2025-08-29,Sangrur,0.0,0.0
2025-08-29,Tarn Taran,0.0,0.0
2025-08-30,Amritsar,0.0,0.0
2025-08-30,Barnala,59.48,0.000399
2025-08-30,Bathinda,0.0,0.0
2025-08-30,Faridkot,0.0,0.0
2025-08-30,Fatehgarh Sahib,7.41,6.5e-05
2025-08-30,Firozpur,0.0,0.0
2025-08-30,Gurdaspur,0.0,0.0
2025-08-30,Hoshiarpur,18.17,5.4e-05
2025-08-30,Jalandhar,42.6,0.000163
2025-08-30,Kapurthala,2.92,1.8e-05
2025-08-30,Ludhiana,202.29,0.000562
2025-08-30,Mansa,329.17,0.001484
2025-08-30,Moga,0.0,0.0
2025-08-30,Muktsar,0.0,0.0
2025-08-30,Nawanshahr,224.76,0.001723
2025-08-30,Patiala,582.51,0.001744
2025-08-30,Rupnagar,61.53,0.000443
2025-08-30,Sahibzada Ajit Singh Nagar,17.03,0.000153
2025-08-30,Sangrur,248.64,0.000689
2025-08-30,Tarn Taran,0.0,0.0
2025-08-31,Amritsar,0.0,0.0
2025-08-31,Barnala,0.0,0.0
2025-08-31,Bathinda,0.0,0.0
2025-08-31,Faridkot,0.0,0.0
2025-08-31,Fatehgarh Sahib,0.0,0.0
2025-08-31,Firozpur,0.0,0.0
2025-08-31,Gurdaspur,0.0,0.0
2025-08-31,Hoshiarpur,0.0,0.0
2025-08-31,Jalandhar,0.0,0.0
2025-08-31,Kapurthala,0.0,0.0
2025-08-31,Ludhiana,0.0,0.0
2025-08-31,Mansa,0.0,0.0
2025-08-31,Moga,0.0,0.0
2025-08-31,Muktsar,0.0,0.0
2025-08-31,Nawanshahr,0.0,0.0
2025-08-31,Patiala,0.0,0.0
2025-08-31,Rupnagar,0.0,0.0
2025-08-31,Sahibzada Ajit Singh Nagar,0.0,0.0
2025-08-31,Sangrur,0.0,0.0
2025-08-31,Tarn Taran,0.0,0.0
2025-09-01,Amritsar,0.0,0.0
2025-09-01,Barnala,0.0,0.0
2025-09-01,Bathinda,0.0,0.0
2025-09-01,Faridkot,0.0,0.0
2025-09-01,Fatehgarh Sahib,0.0,0.0
2025-09-01,Firozpur,0.0,0.0
2025-09-01,Gurdaspur,0.0,0.0
2025-09-01,Hoshiarpur,0.0,0.0
2025-09-01,Jalandhar,0.0,0.0
2025-09-01,Kapurthala,0.0,0.0
2025-09-01,Ludhiana,0.0,0.0
2025-09-01,Mansa,0.0,0.0
2025-09-01,Moga,0.0,0.0
2025-09-01,Muktsar,0.0,0.0
2025-09-01,Nawanshahr,0.0,0.0
2025-09-01,Patiala,0.0,0.0
2025-09-01,Rupnagar,0.0,0.0
2025-09-01,Sahibzada Ajit Singh Nagar,0.0,0.0
2025-09-01,Sangrur,0.0,0.0
2025-09-01,Tarn Taran,0.0,0.0
2025-09-02,Amritsar,0.0,0.0
2025-09-02,Barnala,0.0,0.0
2025-09-02,Bathinda,0.0,0.0
2025-09-02,Faridkot,0.0,0.0
2025-09-02,Fatehgarh Sahib,0.0,0.0
2025-09-02,Firozpur,0.0,0.0
2025-09-02,Gurdaspur,0.0,0.0
2025-09-02,Hoshiarpur,0.0,0.0
2025-09-02,Jalandhar,0.0,0.0
2025-09-02,Kapurthala,0.0,0.0
2025-09-02,Ludhiana,0.0,0.0
2025-09-02,Mansa,0.0,0.0
2025-09-02,Moga,0.0,0.0
2025-09-02,Muktsar,0.0,0.0
2025-09-02,Nawanshahr,0.0,0.0
2025-09-02,Patiala,0.0,0.0
2025-09-02,Rupnagar,0.0,0.0
2025-09-02,Sahibzada Ajit Singh Nagar,0.0,0.0
2025-09-02,Sangrur,0.0,0.0
2025-09-02,Tarn Taran,0.0,0.0
2025-09-03,Amritsar,297.67,0.001116
2025-09-03,Barnala,55.03,0.000369
2025-09-03,Bathinda,0.0,0.0
2025-09-03,Faridkot,0.0,0.0
2025-09-03,Fatehgarh Sahib,4.46,3.9e-05
2025-09-03,Firozpur,0.0,0.0
2025-09-03,Gurdaspur,4465.38,0.012302
2025-09-03,Hoshiarpur,413.0,0.001223
2025-09-03,Jalandhar,4770.09,0.01825
2025-09-03,Kapurthala,3998.49,0.023995
2025-09-03,Ludhiana,1076.43,0.002993
2025-09-03,Mansa,44.37,0.0002
2025-09-03,Moga,966.68,0.004106
2025-09-03,Muktsar,0.0,0.0
2025-09-03,Nawanshahr,576.24,0.004416
2025-09-03,Patiala,2285.99,0.006844
2025-09-03,Rupnagar,375.41,0.002704
2025-09-03,Sahibzada Ajit Singh Nagar,586.89,0.005281
2025-09-03,Sangrur,891.16,0.002468
2025-09-03,Tarn Taran,993.63,0.004139
2025-09-04,Amritsar,5164.81,0.019361
2025-09-04,Barnala,39.47,0.000265
2025-09-04,Bathinda,23.85,7.1e-05
2025-09-04,Faridkot,6.65,4.6e-05
2025-09-04,Fatehgarh Sahib,0.0,0.0
2025-09-04,Firozpur,13128.31,0.025144
2025-09-04,Gurdaspur,5245.88,0.014452
2025-09-04,Hoshiarpur,452.33,0.001339
2025-09-04,Jalandhar,4824.55,0.018458
2025-09-04,Kapurthala,5870.6,0.035229
2025-09-04,Ludhiana,1022.59,0.002843
2025-09-04,Mansa,75.34,0.00034
2025-09-04,Moga,1797.13,0.007633
2025-09-04,Muktsar,72.85,0.000279
2025-09-04,Nawanshahr,382.85,0.002934
2025-09-04,Patiala,84.81,0.000254
2025-09-04,Rupnagar,1.46,1.1e-05
2025-09-04,Sahibzada Ajit Singh Nagar,0.0,0.0
2025-09-04,Sangrur,656.95,0.001819
2025-09-04,Tarn Taran,4925.92,0.020519
2025-09-05,Amritsar,0.0,0.0
2025-09-05,Barnala,0.0,0.0
2025-09-05,Bathinda,0.0,0.0
2025-09-05,Faridkot,0.0,0.0
2025-09-05,Fatehgarh Sahib,0.0,0.0
2025-09-05,Firozpur,0.0,0.0
2025-09-05,Gurdaspur,0.0,0.0
2025-09-05,Hoshiarpur,0.0,0.0
2025-09-05,Jalandhar,0.0,0.0
2025-09-05,Kapurthala,0.0,0.0
2025-09-05,Ludhiana,0.0,0.0
2025-09-05,Mansa,0.0,0.0
2025-09-05,Moga,0.0,0.0
2025-09-05,Muktsar,0.0,0.0
2025-09-05,Nawanshahr,0.0,0.0
2025-09-05,Patiala,0.0,0.0
2025-09-05,Rupnagar,0.0,0.0
2025-09-05,Sahibzada Ajit Singh Nagar,0.0,0.0
2025-09-05,Sangrur,0.0,0.0
2025-09-05,Tarn Taran,0.0,0.0
2025-09-06,Amritsar,0.0,0.0
2025-09-06,Barnala,0.0,0.0
2025-09-06,Bathinda,0.0,0.0
2025-09-06,Faridkot,0.0,0.0
2025-09-06,Fatehgarh Sahib,0.0,0.0
2025-09-06,Firozpur,0.0,0.0
2025-09-06,Gurdaspur,0.0,0.0
2025-09-06,Hoshiarpur,0.0,0.0
2025-09-06,Jalandhar,0.0,0.0
2025-09-06,Kapurthala,0.0,0.0
2025-09-06,Ludhiana,0.0,0.0
2025-09-06,Mansa,0.0,0.0
2025-09-06,Moga,0.0,0.0
2025-09-06,Muktsar,0.0,0.0
2025-09-06,Nawanshahr,0.0,0.0
2025-09-06,Patiala,0.0,0.0
2025-09-06,Rupnagar,0.0,0.0
2025-09-06,Sahibzada Ajit Singh Nagar,0.0,0.0
2025-09-06,Sangrur,0.0,0.0
2025-09-06,Tarn Taran,0.0,0.0
2025-09-07,Amritsar,0.0,0.0
2025-09-07,Barnala,0.0,0.0
2025-09-07,Bathinda,0.0,0.0
2025-09-07,Faridkot,0.0,0.0
2025-09-07,Fatehgarh Sahib,0.0,0.0
2025-09-07,Firozpur,0.0,0.0
2025-09-07,Gurdaspur,0.0,0.0
2025-09-07,Hoshiarpur,0.0,0.0
2025-09-07,Jalandhar,0.0,0.0
2025-09-07,Kapurthala,0.0,0.0
2025-09-07,Ludhiana,0.0,0.0
2025-09-07,Mansa,0.0,0.0
2025-09-07,Moga,0.0,0.0
2025-09-07,Muktsar,0.0,0.0
2025-09-07,Nawanshahr,0.0,0.0
2025-09-07,Patiala,0.0,0.0
2025-09-07,Rupnagar,0.0,0.0
2025-09-07,Sahibzada Ajit Singh Nagar,0.0,0.0
2025-09-07,Sangrur,0.0,0.0
2025-09-07,Tarn Taran,0.0,0.0
2025-09-08,Amritsar,2223.16,0.008334
2025-09-08,Barnala,220.47,0.001479
2025-09-08,Bathinda,709.83,0.0021
2025-09-08,Faridkot,27.41,0.000188
2025-09-08,Fatehgarh Sahib,0.0,0.0
2025-09-08,Firozpur,11712.21,0.022431
2025-09-08,Gurdaspur,1799.54,0.004958
2025-09-08,Hoshiarpur,323.33,0.000957
2025-09-08,Jalandhar,1249.81,0.004782
2025-09-08,Kapurthala,3869.35,0.02322
2025-09-08,Ludhiana,334.47,0.00093
2025-09-08,Mansa,523.23,0.002358
2025-09-08,Moga,995.44,0.004228
2025-09-08,Muktsar,46.13,0.000177
2025-09-08,Nawanshahr,0.0,0.0
2025-09-08,Patiala,48.83,0.000146
2025-09-08,Rupnagar,0.0,0.0
2025-09-08,Sahibzada Ajit Singh Nagar,0.0,0.0
2025-09-08,Sangrur,1193.67,0.003306
2025-09-08,Tarn Taran,4593.99,0.019136
2025-09-09,Amritsar,0.0,0.0
2025-09-09,Barnala,0.0,0.0
2025-09-09,Bathinda,0.0,0.0
2025-09-09,Faridkot,0.0,0.0
2025-09-09,Fatehgarh Sahib,0.0,0.0
2025-09-09,Firozpur,3796.88,0.007272
2025-09-09,Gurdaspur,0.0,0.0
2025-09-09,Hoshiarpur,0.0,0.0
2025-09-09,Jalandhar,0.0,0.0
2025-09-09,Kapurthala,0.0,0.0
2025-09-09,Ludhiana,0.0,0.0
2025-09-09,Mansa,0.0,0.0
2025-09-09,Moga,0.0,0.0
2025-09-09,Muktsar,0.0,0.0
2025-09-09,Nawanshahr,0.0,0.0
2025-09-09,Patiala,0.0,0.0
2025-09-09,Rupnagar,0.0,0.0
2025-09-09,Sahibzada Ajit Singh Nagar,0.0,0.0
2025-09-09,Sangrur,0.0,0.0
2025-09-09,Tarn Taran,0.0,0.0
2025-09-10,Amritsar,0.0,0.0
2025-09-10,Barnala,0.0,0.0
2025-09-10,Bathinda,0.0,0.0
2025-09-10,Faridkot,0.0,0.0
2025-09-10,Fatehgarh Sahib,0.0,0.0
2025-09-10,Firozpur,0.0,0.0
2025-09-10,Gurdaspur,0.0,0.0
2025-09-10,Hoshiarpur,0.0,0.0
2025-09-10,Jalandhar,0.0,0.0
2025-09-10,Kapurthala,0.0,0.0
2025-09-10,Ludhiana,0.0,0.0
2025-09-10,Mansa,0.0,0.0
2025-09-10,Moga,0.0,0.0
2025-09-10,Muktsar,0.0,0.0
2025-09-10,Nawanshahr,0.0,0.0
2025-09-10,Patiala,0.0,0.0
2025-09-10,Rupnagar,0.0,0.0
2025-09-10,Sahibzada Ajit Singh Nagar,0.0,0.0
2025-09-10,Sangrur,0.0,0.0
2025-09-10,Tarn Taran,0.0,0.0
2025-09-11,Amritsar,0.0,0.0
2025-09-11,Barnala,28.29,0.00019
2025-09-11,Bathinda,0.0,0.0
2025-09-11,Faridkot,0.0,0.0
2025-09-11,Fatehgarh Sahib,5.92,5.2e-05
2025-09-11,Firozpur,0.0,0.0
2025-09-11,Gurdaspur,0.0,0.0
2025-09-11,Hoshiarpur,6.56,1.9e-05
2025-09-11,Jalandhar,58.03,0.000222
2025-09-11,Kapurthala,0.0,0.0
2025-09-11,Ludhiana,279.99,0.000778
2025-09-11,Mansa,154.59,0.000697
2025-09-11,Moga,0.0,0.0
2025-09-11,Muktsar,0.0,0.0
2025-09-11,Nawanshahr,309.27,0.00237
2025-09-11,Patiala,523.27,0.001567
2025-09-11,Rupnagar,78.48,0.000565
2025-09-11,Sahibzada Ajit Singh Nagar,11.83,0.000106
2025-09-11,Sangrur,263.56,0.00073
2025-09-11,Tarn Taran,0.0,0.0
2025-09-12,Amritsar,0.0,0.0
2025-09-12,Barnala,0.0,0.0
2025-09-12,Bathinda,0.0,0.0
2025-09-12,Faridkot,0.0,0.0
2025-09-12,Fatehgarh Sahib,0.0,0.0
2025-09-12,Firozpur,0.0,0.0
2025-09-12,Gurdaspur,0.0,0.0
2025-09-12,Hoshiarpur,0.0,0.0
2025-09-12,Jalandhar,0.0,0.0
2025-09-12,Kapurthala,0.0,0.0
2025-09-12,Ludhiana,0.0,0.0
2025-09-12,Mansa,0.0,0.0
2025-09-12,Moga,0.0,0.0
2025-09-12,Muktsar,0.0,0.0
2025-09-12,Nawanshahr,0.0,0.0
2025-09-12,Patiala,0.0,0.0
2025-09-12,Rupnagar,0.0,0.0
2025-09-12,Sahibzada Ajit Singh Nagar,0.0,0.0
2025-09-12,Sangrur,0.0,0.0
2025-09-12,Tarn Taran,0.0,0.0
2025-09-13,Amritsar,0.0,0.0
2025-09-13,Barnala,0.0,0.0
2025-09-13,Bathinda,0.0,0.0
2025-09-13,Faridkot,0.0,0.0
2025-09-13,Fatehgarh Sahib,0.0,0.0
2025-09-13,Firozpur,0.0,0.0
2025-09-13,Gurdaspur,0.0,0.0
2025-09-13,Hoshiarpur,0.0,0.0
2025-09-13,Jalandhar,0.0,0.0
2025-09-13,Kapurthala,0.0,0.0
2025-09-13,Ludhiana,0.0,0.0
2025-09-13,Mansa,0.0,0.0
2025-09-13,Moga,0.0,0.0
2025-09-13,Muktsar,0.0,0.0
2025-09-13,Nawanshahr,0.0,0.0
2025-09-13,Patiala,0.0,0.0
2025-09-13,Rupnagar,0.0,0.0
2025-09-13,Sahibzada Ajit Singh Nagar,0.0,0.0
2025-09-13,Sangrur,0.0,0.0
2025-09-13,Tarn Taran,0.0,0.0
2025-09-14,Amritsar,0.0,0.0
2025-09-14,Barnala,0.0,0.0
2025-09-14,Bathinda,0.0,0.0
2025-09-14,Faridkot,0.0,0.0
2025-09-14,Fatehgarh Sahib,0.0,0.0
2025-09-14,Firozpur,0.0,0.0
2025-09-14,Gurdaspur,0.0,0.0
2025-09-14,Hoshiarpur,0.0,0.0
2025-09-14,Jalandhar,0.0,0.0
2025-09-14,Kapurthala,0.0,0.0
2025-09-14,Ludhiana,0.0,0.0
2025-09-14,Mansa,0.0,0.0
2025-09-14,Moga,0.0,0.0
2025-09-14,Muktsar,0.0,0.0
2025-09-14,Nawanshahr,0.0,0.0
2025-09-14,Patiala,0.0,0.0
2025-09-14,Rupnagar,0.0,0.0
2025-09-14,Sahibzada Ajit Singh Nagar,0.0,0.0
2025-09-14,Sangrur,0.0,0.0
2025-09-14,Tarn Taran,0.0,0.0
2025-09-15,Amritsar,139.4,0.000523
2025-09-15,Barnala,2.98,2e-05
2025-09-15,Bathinda,0.0,0.0
2025-09-15,Faridkot,0.0,0.0
2025-09-15,Fatehgarh Sahib,3.71,3.2e-05
2025-09-15,Firozpur,0.0,0.0
2025-09-15,Gurdaspur,564.49,0.001555
2025-09-15,Hoshiarpur,81.76,0.000242
2025-09-15,Jalandhar,432.53,0.001655
2025-09-15,Kapurthala,748.21,0.00449
2025-09-15,Ludhiana,390.2,0.001085
2025-09-15,Mansa,26.29,0.000119
2025-09-15,Moga,96.17,0.000408
2025-09-15,Muktsar,0.0,0.0
2025-09-15,Nawanshahr,262.25,0.00201
2025-09-15,Patiala,36.04,0.000108
2025-09-15,Rupnagar,51.31,0.00037
2025-09-15,Sahibzada Ajit Singh Nagar,5.17,4.7e-05
2025-09-15,Sangrur,96.27,0.000267
2025-09-15,Tarn Taran,268.11,0.001117
2025-09-16,Amritsar,975.86,0.003658
2025-09-16,Barnala,5.97,4e-05
2025-09-16,Bathinda,16.43,4.9e-05
2025-09-16,Faridkot,2.22,1.5e-05
2025-09-16,Fatehgarh Sahib,0.0,0.0
2025-09-16,Firozpur,5562.09,0.010653
2025-09-16,Gurdaspur,1134.75,0.003126
2025-09-16,Hoshiarpur,217.51,0.000644
2025-09-16,Jalandhar,786.59,0.003009
2025-09-16,Kapurthala,2486.29,0.01492
2025-09-16,Ludhiana,460.74,0.001281
2025-09-16,Mansa,13.55,6.1e-05
2025-09-16,Moga,161.5,0.000686
2025-09-16,Muktsar,34.25,0.000131
2025-09-16,Nawanshahr,246.09,0.001886
2025-09-16,Patiala,17.27,5.2e-05
2025-09-16,Rupnagar,1.46,1.1e-05
2025-09-16,Sahibzada Ajit Singh Nagar,0.0,0.0
2025-09-16,Sangrur,32.34,9e-05
2025-09-16,Tarn Taran,2903.85,0.012096
2025-09-17,Amritsar,0.0,0.0
2025-09-17,Barnala,0.0,0.0
2025-09-17,Bathinda,0.0,0.0
2025-09-17,Faridkot,0.0,0.0
2025-09-17,Fatehgarh Sahib,0.0,0.0
2025-09-17,Firozpur,0.0,0.0
2025-09-17,Gurdaspur,0.0,0.0
2025-09-17,Hoshiarpur,0.0,0.0
2025-09-17,Jalandhar,0.0,0.0
2025-09-17,Kapurthala,0.0,0.0
2025-09-17,Ludhiana,0.0,0.0
2025-09-17,Mansa,0.0,0.0
2025-09-17,Moga,0.0,0.0
2025-09-17,Muktsar,0.0,0.0
2025-09-17,Nawanshahr,0.0,0.0
2025-09-17,Patiala,0.0,0.0
2025-09-17,Rupnagar,0.0,0.0
2025-09-17,Sahibzada Ajit Singh Nagar,0.0,0.0
2025-09-17,Sangrur,0.0,0.0
2025-09-17,Tarn Taran,0.0,0.0
2025-09-18,Amritsar,0.0,0.0
2025-09-18,Barnala,0.0,0.0
2025-09-18,Bathinda,0.0,0.0
2025-09-18,Faridkot,0.0,0.0
2025-09-18,Fatehgarh Sahib,0.0,0.0
2025-09-18,Firozpur,0.0,0.0
2025-09-18,Gurdaspur,0.0,0.0
2025-09-18,Hoshiarpur,0.0,0.0
2025-09-18,Jalandhar,0.0,0.0
2025-09-18,Kapurthala,0.0,0.0
2025-09-18,Ludhiana,0.0,0.0
2025-09-18,Mansa,0.0,0.0
2025-09-18,Moga,0.0,0.0
2025-09-18,Muktsar,0.0,0.0
2025-09-18,Nawanshahr,0.0,0.0
2025-09-18,Patiala,0.0,0.0
2025-09-18,Rupnagar,0.0,0.0
2025-09-18,Sahibzada Ajit Singh Nagar,0.0,0.0
2025-09-18,Sangrur,0.0,0.0
2025-09-18,Tarn Taran,0.0,0.0
2025-09-19,Amritsar,0.0,0.0
2025-09-19,Barnala,0.0,0.0
2025-09-19,Bathinda,0.0,0.0
2025-09-19,Faridkot,0.0,0.0
2025-09-19,Fatehgarh Sahib,0.0,0.0
2025-09-19,Firozpur,0.0,0.0
2025-09-19,Gurdaspur,0.0,0.0
2025-09-19,Hoshiarpur,0.0,0.0
2025-09-19,Jalandhar,0.0,0.0
2025-09-19,Kapurthala,0.0,0.0
2025-09-19,Ludhiana,0.0,0.0
2025-09-19,Mansa,0.0,0.0
2025-09-19,Moga,0.0,0.0
2025-09-19,Muktsar,0.0,0.0
2025-09-19,Nawanshahr,0.0,0.0
2025-09-19,Patiala,0.0,0.0
2025-09-19,Rupnagar,0.0,0.0
2025-09-19,Sahibzada Ajit Singh Nagar,0.0,0.0
2025-09-19,Sangrur,0.0,0.0
2025-09-19,Tarn Taran,0.0,0.0
2025-09-20,Amritsar,528.0,0.001979
2025-09-20,Barnala,5.22,3.5e-05
2025-09-20,Bathinda,7.46,2.2e-05
2025-09-20,Faridkot,5.18,3.6e-05
2025-09-20,Fatehgarh Sahib,0.0,0.0
2025-09-20,Firozpur,4868.69,0.009325
2025-09-20,Gurdaspur,832.76,0.002294
2025-09-20,Hoshiarpur,267.34,0.000792
2025-09-20,Jalandhar,608.33,0.002327
2025-09-20,Kapurthala,2813.94,0.016886
2025-09-20,Ludhiana,254.3,0.000707
2025-09-20,Mansa,9.01,4.1e-05
2025-09-20,Moga,143.12,0.000608
2025-09-20,Muktsar,20.13,7.7e-05
2025-09-20,Nawanshahr,0.0,0.0
2025-09-20,Patiala,2.25,7e-06
2025-09-20,Rupnagar,0.0,0.0
2025-09-20,Sahibzada Ajit Singh Nagar,0.0,0.0
2025-09-20,Sangrur,13.52,3.7e-05
2025-09-20,Tarn Taran,3133.74,0.013054
2025-09-21,Amritsar,0.0,0.0
2025-09-21,Barnala,0.0,0.0
2025-09-21,Bathinda,0.0,0.0
2025-09-21,Faridkot,0.0,0.0
2025-09-21,Fatehgarh Sahib,0.0,0.0
2025-09-21,Firozpur,1647.67,0.003156
2025-09-21,Gurdaspur,0.0,0.0
2025-09-21,Hoshiarpur,0.0,0.0
2025-09-21,Jalandhar,0.0,0.0
2025-09-21,Kapurthala,0.0,0.0
2025-09-21,Ludhiana,0.0,0.0
2025-09-21,Mansa,0.0,0.0
2025-09-21,Moga,0.0,0.0
2025-09-21,Muktsar,0.0,0.0
2025-09-21,Nawanshahr,0.0,0.0
2025-09-21,Patiala,0.0,0.0
2025-09-21,Rupnagar,0.0,0.0
2025-09-21,Sahibzada Ajit Singh Nagar,0.0,0.0
2025-09-21,Sangrur,0.0,0.0
2025-09-21,Tarn Taran,0.0,0.0
2025-09-22,Amritsar,0.0,0.0
2025-09-22,Barnala,0.0,0.0
2025-09-22,Bathinda,0.0,0.0
2025-09-22,Faridkot,0.0,0.0
2025-09-22,Fatehgarh Sahib,0.0,0.0
2025-09-22,Firozpur,0.0,0.0
2025-09-22,Gurdaspur,0.0,0.0
2025-09-22,Hoshiarpur,0.0,0.0
2025-09-22,Jalandhar,0.0,0.0
2025-09-22,Kapurthala,0.0,0.0
2025-09-22,Ludhiana,0.0,0.0
2025-09-22,Mansa,0.0,0.0
2025-09-22,Moga,0.0,0.0
2025-09-22,Muktsar,0.0,0.0
2025-09-22,Nawanshahr,0.0,0.0
2025-09-22,Patiala,0.0,0.0
2025-09-22,Rupnagar,0.0,0.0
2025-09-22,Sahibzada Ajit Singh Nagar,0.0,0.0
2025-09-22,Sangrur,0.0,0.0
2025-09-22,Tarn Taran,0.0,0.0
2025-09-23,Amritsar,0.0,0.0
2025-09-23,Barnala,0.0,0.0
2025-09-23,Bathinda,0.0,0.0
2025-09-23,Faridkot,0.0,0.0
2025-09-23,Fatehgarh Sahib,3.71,3.2e-05
2025-09-23,Firozpur,0.0,0.0
2025-09-23,Gurdaspur,0.0,0.0
2025-09-23,Hoshiarpur,0.0,0.0
2025-09-23,Jalandhar,71.98,0.000275
2025-09-23,Kapurthala,0.0,0.0
2025-09-23,Ludhiana,290.94,0.000809
2025-09-23,Mansa,0.75,3e-06
2025-09-23,Moga,0.0,0.0
2025-09-23,Muktsar,0.0,0.0
2025-09-23,Nawanshahr,327.63,0.002511
2025-09-23,Patiala,26.86,8e-05
2025-09-23,Rupnagar,41.85,0.000301
2025-09-23,Sahibzada Ajit Singh Nagar,11.83,0.000106
2025-09-23,Sangrur,4.51,1.3e-05
2025-09-23,Tarn Taran,0.0,0.0
2025-09-24,Amritsar,0.0,0.0
2025-09-24,Barnala,0.0,0.0
2025-09-24,Bathinda,0.0,0.0
2025-09-24,Faridkot,0.0,0.0
2025-09-24,Fatehgarh Sahib,0.0,0.0
2025-09-24,Firozpur,0.0,0.0
2025-09-24,Gurdaspur,0.0,0.0
2025-09-24,Hoshiarpur,0.0,0.0
2025-09-24,Jalandhar,0.0,0.0
2025-09-24,Kapurthala,0.0,0.0
2025-09-24,Ludhiana,0.0,0.0
2025-09-24,Mansa,0.0,0.0
2025-09-24,Moga,0.0,0.0
2025-09-24,Muktsar,0.0,0.0
2025-09-24,Nawanshahr,0.0,0.0
2025-09-24,Patiala,0.0,0.0
2025-09-24,Rupnagar,0.0,0.0
2025-09-24,Sahibzada Ajit Singh Nagar,0.0,0.0
2025-09-24,Sangrur,0.0,0.0
2025-09-24,Tarn Taran,0.0,0.0
2025-09-25,Amritsar,0.0,0.0
2025-09-25,Barnala,0.0,0.0
2025-09-25,Bathinda,0.0,0.0
2025-09-25,Faridkot,0.0,0.0
2025-09-25,Fatehgarh Sahib,0.0,0.0
2025-09-25,Firozpur,0.75,1e-06
2025-09-25,Gurdaspur,0.0,0.0
2025-09-25,Hoshiarpur,0.0,0.0
2025-09-25,Jalandhar,0.0,0.0
2025-09-25,Kapurthala,0.0,0.0
2025-09-25,Ludhiana,0.0,0.0
2025-09-25,Mansa,0.0,0.0
2025-09-25,Moga,0.0,0.0
2025-09-25,Muktsar,0.0,0.0
2025-09-25,Nawanshahr,0.0,0.0
2025-09-25,Patiala,0.0,0.0
2025-09-25,Rupnagar,0.0,0.0
2025-09-25,Sahibzada Ajit Singh Nagar,0.0,0.0
2025-09-25,Sangrur,0.0,0.0
2025-09-25,Tarn Taran,0.0,0.0
2025-09-26,Amritsar,0.0,0.0
2025-09-26,Barnala,0.0,0.0
2025-09-26,Bathinda,0.0,0.0
2025-09-26,Faridkot,0.0,0.0
2025-09-26,Fatehgarh Sahib,0.0,0.0
2025-09-26,Firozpur,0.0,0.0
2025-09-26,Gurdaspur,0.0,0.0
2025-09-26,Hoshiarpur,0.0,0.0
2025-09-26,Jalandhar,0.0,0.0
2025-09-26,Kapurthala,0.0,0.0
2025-09-26,Ludhiana,0.0,0.0
2025-09-26,Mansa,0.0,0.0
2025-09-26,Moga,0.0,0.0
2025-09-26,Muktsar,0.0,0.0
2025-09-26,Nawanshahr,0.0,0.0
2025-09-26,Patiala,0.0,0.0
2025-09-26,Rupnagar,0.0,0.0
2025-09-26,Sahibzada Ajit Singh Nagar,0.0,0.0
2025-09-26,Sangrur,0.0,0.0
2025-09-26,Tarn Taran,0.0,0.0
2025-09-27,Amritsar,38.49,0.000144
2025-09-27,Barnala,0.0,0.0
2025-09-27,Bathinda,0.0,0.0
2025-09-27,Faridkot,0.0,0.0
2025-09-27,Fatehgarh Sahib,0.74,6e-06
2025-09-27,Firozpur,0.0,0.0
2025-09-27,Gurdaspur,451.51,0.001244
2025-09-27,Hoshiarpur,79.51,0.000235
2025-09-27,Jalandhar,342.28,0.00131
2025-09-27,Kapurthala,295.33,0.001772
2025-09-27,Ludhiana,350.5,0.000975
2025-09-27,Mansa,0.75,3e-06
2025-09-27,Moga,44.05,0.000187
2025-09-27,Muktsar,0.0,0.0
2025-09-27,Nawanshahr,244.62,0.001875
2025-09-27,Patiala,11.26,3.4e-05
2025-09-27,Rupnagar,22.77,0.000164
2025-09-27,Sahibzada Ajit Singh Nagar,3.69,3.3e-05
2025-09-27,Sangrur,4.51,1.2e-05
2025-09-27,Tarn Taran,80.17,0.000334
2025-09-28,Amritsar,404.16,0.001515
2025-09-28,Barnala,0.0,0.0
2025-09-28,Bathinda,11.19,3.3e-05
2025-09-28,Faridkot,2.96,2e-05
2025-09-28,Fatehgarh Sahib,0.0,0.0
2025-09-28,Firozpur,2349.38,0.0045
2025-09-28,Gurdaspur,742.82,0.002046
2025-09-28,Hoshiarpur,123.62,0.000366
2025-09-28,Jalandhar,564.41,0.002159
2025-09-28,Kapurthala,847.2,0.005084
2025-09-28,Ludhiana,412.98,0.001148
2025-09-28,Mansa,3.01,1.4e-05
2025-09-28,Moga,98.36,0.000418
2025-09-28,Muktsar,46.29,0.000177
2025-09-28,Nawanshahr,243.88,0.001869
2025-09-28,Patiala,3.0,9e-06
2025-09-28,Rupnagar,0.73,5e-06
2025-09-28,Sahibzada Ajit Singh Nagar,0.0,0.0
2025-09-28,Sangrur,3.76,1e-05
2025-09-28,Tarn Taran,1403.59,0.005847
2025-09-29,Amritsar,0.0,0.0
2025-09-29,Barnala,0.0,0.0
2025-09-29,Bathinda,0.0,0.0
2025-09-29,Faridkot,0.0,0.0
2025-09-29,Fatehgarh Sahib,0.0,0.0
2025-09-29,Firozpur,0.0,0.0
2025-09-29,Gurdaspur,0.0,0.0
2025-09-29,Hoshiarpur,0.0,0.0
2025-09-29,Jalandhar,0.0,0.0
2025-09-29,Kapurthala,0.0,0.0
2025-09-29,Ludhiana,0.0,0.0
2025-09-29,Mansa,0.0,0.0
2025-09-29,Moga,0.0,0.0
2025-09-29,Muktsar,0.0,0.0
2025-09-29,Nawanshahr,0.0,0.0
2025-09-29,Patiala,0.0,0.0
2025-09-29,Rupnagar,0.0,0.0
2025-09-29,Sahibzada Ajit Singh Nagar,0.0,0.0
2025-09-29,Sangrur,0.0,0.0
2025-09-29,Tarn Taran,0.0,0.0
