district,year,window_start,window_end,district_mm,district_mm_lag1,district_mm_lag2,district_first3d,district_first5d,district_max1d,district_max3d,district_p90,api_start
Amritsar,2015,2015-06-15,2015-06-25,26.754,2.75,1.027,9.656,9.656,16.484,16.484,10.339,3.43
Barnala,2015,2015-06-15,2015-06-25,21.676,3.82,6.755,1.735,1.735,14.884,15.715,5.292,6.44
Bathinda,2015,2015-06-15,2015-06-25,10.275,6.177,2.967,1.198,1.198,7.723,7.798,1.923,7.718
Faridkot,2015,2015-06-15,2015-06-25,20.315,6.263,12.767,3.882,3.882,9.05,9.069,7.533,9.448
Fatehgarh Sahib,2015,2015-06-15,2015-06-25,22.613,41.193,10.836,0.002,0.002,10.448,12.241,7.69,25.094
Firozpur,2015,2015-06-15,2015-06-25,12.001,4.992,6.168,1.523,1.523,5.176,5.857,4.676,7.007
Gurdaspur,2015,2015-06-15,2015-06-25,22.401,9.23,1.651,2.554,2.554,7.912,10.648,7.457,8.187
Hoshiarpur,2015,2015-06-15,2015-06-25,37.139,12.673,1.479,7.059,7.059,11.556,19.986,7.979,10.018
Jalandhar,2015,2015-06-15,2015-06-25,16.041,10.048,1.27,0.86,0.86,12.634,12.745,2.514,9.64
Kapurthala,2015,2015-06-15,2015-06-25,21.539,9.2,0.847,0.296,0.296,19.318,19.358,2.794,8.753
Ludhiana,2015,2015-06-15,2015-06-25,14.723,13.403,5.364,0.342,0.342,8.23,9.511,3.135,11.35
Mansa,2015,2015-06-15,2015-06-25,18.965,4.185,1.606,1.476,1.476,10.727,11.364,6.585,5.224
Moga,2015,2015-06-15,2015-06-25,17.163,2.879,9.893,3.887,3.887,11.959,11.961,4.694,6.508
Muktsar,2015,2015-06-15,2015-06-25,11.048,9.788,9.748,1.558,1.558,4.878,5.034,4.498,13.086
Patiala,2015,2015-06-15,2015-06-25,19.977,21.905,2.765,0.132,0.132,10.267,17.047,4.806,14.963
Rupnagar,2015,2015-06-15,2015-06-25,22.359,10.689,5.078,0.158,0.158,16.071,18.449,4.962,7.405
Sahibzada Ajit Singh Nagar,2015,2015-06-15,2015-06-25,26.234,26.546,7.878,0.075,0.11,9.737,16.89,9.284,17.281
Sangrur,2015,2015-06-15,2015-06-25,19.378,8.643,3.874,0.997,0.997,10.213,13.829,5.11,9.606
Shahid Bhagat Singh Nagar,2015,2015-06-15,2015-06-25,21.424,7.413,2.018,0.002,0.002,9.661,17.761,5.464,5.465
Tarn Taran,2015,2015-06-15,2015-06-25,27.147,2.347,1.506,1.184,1.184,25.879,25.879,3.653,3.733
Amritsar,2015,2015-06-25,2015-07-05,22.973,26.754,2.75,3.162,3.162,18.79,18.79,4.725,21.869
Barnala,2015,2015-06-25,2015-07-05,36.697,21.676,3.82,1.584,1.584,34.75,35.027,4.901,21.555
Bathinda,2015,2015-06-25,2015-07-05,18.965,10.275,6.177,1.786,1.786,16.998,17.122,3.307,11.871
Faridkot,2015,2015-06-25,2015-07-05,19.787,20.315,6.263,0.542,0.542,19.218,19.245,2.41,18.775
Fatehgarh Sahib,2015,2015-06-25,2015-07-05,28.655,22.613,41.193,16.866,16.866,16.796,16.866,8.052,27.672
Firozpur,2015,2015-06-25,2015-07-05,12.516,12.001,4.992,1.856,1.856,9.319,10.029,2.602,12.13
Gurdaspur,2015,2015-06-25,2015-07-05,31.681,22.401,9.23,8.532,8.532,21.409,21.433,9.82,20.642
Hoshiarpur,2015,2015-06-25,2015-07-05,46.316,37.139,12.673,17.786,17.813,26.758,26.946,18.683,29.37
Jalandhar,2015,2015-06-25,2015-07-05,27.549,16.041,10.048,14.449,14.449,14.449,14.449,10.81,18.095
Kapurthala,2015,2015-06-25,2015-07-05,28.734,21.539,9.2,14.42,14.42,14.42,14.42,10.816,23.827
Ludhiana,2015,2015-06-25,2015-07-05,20.318,14.723,13.403,6.675,6.675,10.157,10.321,7.023,16.72
Mansa,2015,2015-06-25,2015-07-05,16.78,18.965,4.185,4.531,4.531,12.242,12.242,5.302,18.102
Moga,2015,2015-06-25,2015-07-05,15.853,17.163,2.879,5.949,5.949,9.214,9.231,6.275,16.695
Muktsar,2015,2015-06-25,2015-07-05,14.782,11.048,9.788,0.706,0.706,13.19,13.442,1.954,13.304
Patiala,2015,2015-06-25,2015-07-05,25.877,19.977,21.905,11.129,11.129,13.586,14.135,11.017,20.646
Rupnagar,2015,2015-06-25,2015-07-05,22.348,22.359,10.689,18.3,18.645,18.255,18.3,3.652,18.793
Sahibzada Ajit Singh Nagar,2015,2015-06-25,2015-07-05,23.656,26.234,26.546,10.401,10.547,8.421,10.401,5.767,27.274
Sangrur,2015,2015-06-25,2015-07-05,29.863,19.378,8.643,3.796,3.796,25.662,25.975,5.981,20.195
Shahid Bhagat Singh Nagar,2015,2015-06-25,2015-07-05,15.365,21.424,7.413,11.793,11.869,11.793,11.793,3.863,18.214
Tarn Taran,2015,2015-06-25,2015-07-05,18.013,27.147,2.347,1.292,1.292,15.31,15.31,2.801,27.7
Amritsar,2015,2015-07-05,2015-07-15,36.955,22.973,26.754,4.779,4.784,17.635,28.587,7.783,22.096
Barnala,2015,2015-07-05,2015-07-15,82.637,36.697,21.676,14.345,31.191,31.796,51.278,17.327,31.209
Bathinda,2015,2015-07-05,2015-07-15,66.216,18.965,10.275,29.9,35.211,29.738,35.049,16.369,16.128
Faridkot,2015,2015-07-05,2015-07-15,53.17,19.787,20.315,39.658,40.059,39.658,40.059,11.2,19.385
Fatehgarh Sahib,2015,2015-07-05,2015-07-15,166.267,28.655,22.613,26.735,30.959,51.107,111.858,39.326,25.069
Firozpur,2015,2015-07-05,2015-07-15,32.715,12.516,12.001,21.68,22.254,21.664,22.244,7.009,12.211
Gurdaspur,2015,2015-07-05,2015-07-15,93.768,31.681,22.401,25.482,28.406,25.347,51.441,25.114,26.116
Hoshiarpur,2015,2015-07-05,2015-07-15,149.352,46.316,37.139,41.476,44.843,42.78,83.535,40.114,36.257
Jalandhar,2015,2015-07-05,2015-07-15,87.142,27.549,16.041,11.372,12.051,35.751,71.61,24.296,21.295
Kapurthala,2015,2015-07-05,2015-07-15,69.659,28.734,21.539,11.134,11.556,21.273,52.607,17.106,24.246
Ludhiana,2015,2015-07-05,2015-07-15,170.179,20.318,14.723,13.177,28.429,66.992,131.548,50.266,18.38
Mansa,2015,2015-07-05,2015-07-15,56.06,16.78,18.965,15.711,20.08,18.032,35.642,15.272,16.106
Moga,2015,2015-07-05,2015-07-15,28.965,15.853,17.163,6.799,8.978,10.23,18.655,6.554,14.791
Muktsar,2015,2015-07-05,2015-07-15,48.083,14.782,11.048,29.803,31.382,29.803,31.382,10.322,14.384
Patiala,2015,2015-07-05,2015-07-15,164.834,25.877,19.977,23.199,34.702,70.766,124.754,31.829,21.438
Rupnagar,2015,2015-07-05,2015-07-15,111.764,22.348,22.359,28.45,32.097,37.352,71.132,28.676,16.552
Sahibzada Ajit Singh Nagar,2015,2015-07-05,2015-07-15,180.201,23.656,26.234,58.73,64.115,58.259,96.444,49.196,24.215
Sangrur,2015,2015-07-05,2015-07-15,124.758,29.863,19.378,9.706,20.364,48.93,104.026,35.877,25.67
Shahid Bhagat Singh Nagar,2015,2015-07-05,2015-07-15,144.71,15.365,21.424,30.243,35.36,49.801,106.777,39.968,13.381
Tarn Taran,2015,2015-07-05,2015-07-15,30.389,18.013,27.147,7.355,7.355,11.442,21.036,6.74,21.474
Amritsar,2015,2015-07-15,2015-07-25,81.679,36.955,22.973,44.158,79.065,44.158,79.065,30.415,35.266
Barnala,2015,2015-07-15,2015-07-25,5.097,82.637,36.697,0.52,1.872,2.991,4.351,1.51,67.27
Bathinda,2015,2015-07-15,2015-07-25,32.39,66.216,18.965,0.305,2.697,16.453,26.026,9.848,48.494
Faridkot,2015,2015-07-15,2015-07-25,22.228,53.17,19.787,0.017,0.02,10.825,20.472,9.762,37.306
Fatehgarh Sahib,2015,2015-07-15,2015-07-25,70.283,166.267,28.655,48.859,56.415,48.859,56.415,17.343,130.139
Firozpur,2015,2015-07-15,2015-07-25,14.495,32.715,12.516,0.68,1.748,6.515,12.754,5.382,23.603
Gurdaspur,2015,2015-07-15,2015-07-25,101.997,93.768,31.681,64.92,77.049,61.581,75.565,17.383,71.987
Hoshiarpur,2015,2015-07-15,2015-07-25,114.127,149.352,46.316,85.808,97.618,83.375,95.185,15.567,111.095
Jalandhar,2015,2015-07-15,2015-07-25,52.871,87.142,27.549,30.255,46.045,30.255,46.045,15.332,74.45
Kapurthala,2015,2015-07-15,2015-07-25,61.834,69.659,28.734,39.541,54.548,39.541,54.548,15.224,60.553
Ludhiana,2015,2015-07-15,2015-07-25,59.236,170.179,20.318,26.865,49.459,26.865,49.459,21.445,135.67
Mansa,2015,2015-07-15,2015-07-25,16.046,56.06,16.78,1.289,1.311,12.582,14.726,2.615,43.869
Moga,2015,2015-07-15,2015-07-25,9.998,28.965,15.853,1.81,3.589,5.758,7.732,2.205,26.561
Muktsar,2015,2015-07-15,2015-07-25,16.211,48.083,14.782,0.0,0.915,6.714,11.137,3.829,34.173
Patiala,2015,2015-07-15,2015-07-25,54.526,164.834,25.877,37.143,50.802,37.143,50.802,15.945,133.048
Rupnagar,2015,2015-07-15,2015-07-25,121.224,111.764,22.348,76.088,101.504,65.257,90.673,28.382,81.409
Sahibzada Ajit Singh Nagar,2015,2015-07-15,2015-07-25,103.501,180.201,23.656,65.497,70.925,59.063,65.541,27.378,125.898
Sangrur,2015,2015-07-15,2015-07-25,18.705,124.758,29.863,6.908,15.285,8.3,15.285,7.047,103.171
Shahid Bhagat Singh Nagar,2015,2015-07-15,2015-07-25,109.982,144.71,15.365,60.763,86.089,60.58,85.906,26.492,108.044
Tarn Taran,2015,2015-07-15,2015-07-25,57.969,30.389,18.013,26.679,52.879,26.679,52.879,21.258,29.321
Amritsar,2015,2015-07-25,2015-08-04,38.258,81.679,36.955,24.316,26.723,21.682,24.316,11.219,54.406
Barnala,2015,2015-07-25,2015-08-04,5.685,5.097,82.637,0.012,0.012,3.418,5.631,2.328,26.89
Bathinda,2015,2015-07-25,2015-08-04,25.114,32.39,66.216,6.488,6.488,11.77,15.725,6.055,41.835
Faridkot,2015,2015-07-25,2015-08-04,34.535,22.228,53.17,15.616,15.616,10.165,16.444,8.369,28.841
Fatehgarh Sahib,2015,2015-07-25,2015-08-04,17.468,70.283,166.267,9.954,10.209,7.992,9.954,6.114,83.32
Firozpur,2015,2015-07-25,2015-08-04,25.815,14.495,32.715,7.997,8.016,9.203,16.646,6.291,18.173
Gurdaspur,2015,2015-07-25,2015-08-04,62.399,101.997,93.768,26.9,45.673,16.981,32.164,13.643,84.634
Hoshiarpur,2015,2015-07-25,2015-08-04,64.022,114.127,149.352,23.028,47.783,24.099,43.383,17.46,98.436
Jalandhar,2015,2015-07-25,2015-08-04,22.974,52.871,87.142,14.457,14.714,8.179,14.457,6.468,54.523
Kapurthala,2015,2015-07-25,2015-08-04,34.576,61.834,69.659,24.783,25.597,18.862,24.783,7.473,54.045
Ludhiana,2015,2015-07-25,2015-08-04,10.48,59.236,170.179,5.511,5.579,4.871,5.511,3.105,80.377
Mansa,2015,2015-07-25,2015-08-04,3.41,16.046,56.06,0.265,0.265,1.873,2.756,0.755,26.977
Moga,2015,2015-07-25,2015-08-04,12.683,9.998,28.965,2.526,2.526,8.354,9.425,2.583,15.917
Muktsar,2015,2015-07-25,2015-08-04,44.786,16.211,48.083,15.684,15.684,14.731,24.529,10.139,24.239
Patiala,2015,2015-07-25,2015-08-04,9.629,54.526,164.834,2.918,4.015,2.307,5.613,1.903,75.138
Rupnagar,2015,2015-07-25,2015-08-04,56.651,121.224,111.764,37.862,39.701,35.555,38.773,17.663,93.25
Sahibzada Ajit Singh Nagar,2015,2015-07-25,2015-08-04,54.869,103.501,180.201,33.374,34.943,32.472,33.685,14.436,103.043
Sangrur,2015,2015-07-25,2015-08-04,5.246,18.705,124.758,0.043,0.043,4.331,5.203,0.893,46.763
Shahid Bhagat Singh Nagar,2015,2015-07-25,2015-08-04,28.808,109.982,144.71,18.026,19.279,16.851,18.424,8.341,98.154
Tarn Taran,2015,2015-07-25,2015-08-04,42.153,57.969,30.389,29.622,29.85,28.981,29.622,12.495,40.701
Amritsar,2015,2015-08-04,2015-08-14,42.571,38.258,81.679,3.05,18.263,14.384,29.597,13.694,41.118
Barnala,2015,2015-08-04,2015-08-14,21.906,5.685,5.097,9.278,12.605,9.154,9.278,6.691,14.699
Bathinda,2015,2015-08-04,2015-08-14,29.937,25.114,32.39,22.738,23.087,13.83,22.738,7.246,33.791
Faridkot,2015,2015-08-04,2015-08-14,18.24,34.535,22.228,7.653,7.692,7.811,9.296,6.289,33.418
Fatehgarh Sahib,2015,2015-08-04,2015-08-14,88.541,17.468,70.283,7.716,28.114,36.711,43.974,18.479,39.837
Firozpur,2015,2015-08-04,2015-08-14,6.688,25.815,14.495,4.289,4.406,2.476,4.289,1.373,25.784
Gurdaspur,2015,2015-08-04,2015-08-14,166.858,62.399,101.997,33.915,67.181,74.142,107.408,26.258,65.18
Hoshiarpur,2015,2015-08-04,2015-08-14,140.682,64.022,114.127,2.148,60.801,50.505,109.158,32.096,71.033
Jalandhar,2015,2015-08-04,2015-08-14,33.379,22.974,52.871,0.1,18.193,11.442,29.518,11.427,33.02
Kapurthala,2015,2015-08-04,2015-08-14,31.464,34.576,61.834,0.047,15.968,11.861,26.621,10.816,38.386
Ludhiana,2015,2015-08-04,2015-08-14,57.435,10.48,59.236,0.638,22.44,11.759,33.666,11.194,34.74
Mansa,2015,2015-08-04,2015-08-14,10.437,3.41,16.046,6.009,6.777,5.648,6.009,3.859,12.437
Moga,2015,2015-08-04,2015-08-14,8.28,12.683,9.998,1.975,3.775,2.495,4.295,1.961,15.598
Muktsar,2015,2015-08-04,2015-08-14,22.817,44.786,16.211,15.066,15.197,10.914,15.066,5.255,40.453
Patiala,2015,2015-08-04,2015-08-14,72.061,9.629,54.526,5.737,33.424,18.801,38.986,15.817,33.16
Rupnagar,2015,2015-08-04,2015-08-14,93.758,56.651,121.224,0.829,51.236,29.61,67.677,21.678,63.77
Sahibzada Ajit Singh Nagar,2015,2015-08-04,2015-08-14,83.022,54.869,103.501,1.497,37.363,27.582,41.935,25.551,68.233
Sangrur,2015,2015-08-04,2015-08-14,30.985,5.246,18.705,5.008,17.146,10.756,13.675,6.8,21.408
Shahid Bhagat Singh Nagar,2015,2015-08-04,2015-08-14,75.967,28.808,109.982,0.533,33.697,22.215,49.784,19.416,50.652
Tarn Taran,2015,2015-08-04,2015-08-14,10.536,42.153,57.969,1.244,5.586,4.28,5.497,2.995,38.266
Amritsar,2015,2015-08-14,2015-08-24,37.92,42.571,38.258,10.843,11.984,11.268,18.405,8.539,43.107
Barnala,2015,2015-08-14,2015-08-24,40.273,21.906,5.685,11.948,14.344,25.03,25.053,8.67,19.073
Bathinda,2015,2015-08-14,2015-08-24,8.447,29.937,25.114,3.67,3.783,4.46,4.477,2.155,28.249
Faridkot,2015,2015-08-14,2015-08-24,25.359,18.24,34.535,13.993,14.003,13.707,13.993,11.584,24.253
Fatehgarh Sahib,2015,2015-08-14,2015-08-24,67.326,88.541,17.468,3.482,5.694,42.447,59.471,18.111,78.002
Firozpur,2015,2015-08-14,2015-08-24,7.346,6.688,25.815,4.381,4.406,3.928,4.381,2.886,12.679
Gurdaspur,2015,2015-08-14,2015-08-24,39.792,166.858,62.399,18.193,18.975,12.484,18.193,7.718,126.924
Hoshiarpur,2015,2015-08-14,2015-08-24,65.221,140.682,64.022,19.117,20.782,19.479,40.344,17.392,115.113
Jalandhar,2015,2015-08-14,2015-08-24,51.662,33.379,22.974,13.298,19.65,27.201,31.941,12.729,32.43
Kapurthala,2015,2015-08-14,2015-08-24,37.511,31.464,34.576,12.82,18.992,17.444,18.462,10.474,33.203
Ludhiana,2015,2015-08-14,2015-08-24,57.072,57.435,10.48,9.938,12.29,31.57,44.053,10.84,51.326
Mansa,2015,2015-08-14,2015-08-24,5.672,10.437,3.41,0.941,1.016,3.137,3.897,0.998,10.413
Moga,2015,2015-08-14,2015-08-24,19.364,8.28,12.683,3.057,5.026,13.117,13.171,3.37,10.744
Muktsar,2015,2015-08-14,2015-08-24,7.904,22.817,44.786,4.202,4.202,3.674,4.202,3.398,27.638
Patiala,2015,2015-08-14,2015-08-24,54.177,72.061,9.629,2.927,7.48,33.144,37.626,9.658,60.142
Rupnagar,2015,2015-08-14,2015-08-24,114.11,93.758,56.651,38.386,38.386,60.05,75.159,24.126,82.691
Sahibzada Ajit Singh Nagar,2015,2015-08-14,2015-08-24,75.795,83.022,54.869,16.86,16.901,35.32,56.48,17.852,82.155
Sangrur,2015,2015-08-14,2015-08-24,33.146,30.985,5.246,4.811,10.049,18.905,19.95,6.025,28.381
Shahid Bhagat Singh Nagar,2015,2015-08-14,2015-08-24,62.515,75.967,28.808,33.798,34.385,17.655,33.798,16.029,69.032
Tarn Taran,2015,2015-08-14,2015-08-24,17.21,10.536,42.153,5.201,5.969,7.082,8.803,4.6,20.689
Amritsar,2015,2015-08-24,2015-09-03,0.287,37.92,42.571,0.286,0.286,0.286,0.286,0.029,41.019
Barnala,2015,2015-08-24,2015-09-03,0.056,40.273,21.906,0.054,0.054,0.054,0.054,0.007,36.401
Bathinda,2015,2015-08-24,2015-09-03,0.096,8.447,29.937,0.096,0.096,0.096,0.096,0.01,15.587
Faridkot,2015,2015-08-24,2015-09-03,1.377,25.359,18.24,1.377,1.377,1.377,1.377,0.138,25.347
Fatehgarh Sahib,2015,2015-08-24,2015-09-03,3.495,67.326,88.541,0.0,0.0,3.495,3.495,0.349,83.281
Firozpur,2015,2015-08-24,2015-09-03,2.314,7.346,6.688,2.314,2.314,2.314,2.314,0.231,9.114
Gurdaspur,2015,2015-08-24,2015-09-03,15.643,39.792,166.858,5.216,13.694,8.478,8.514,5.512,69.162
Hoshiarpur,2015,2015-08-24,2015-09-03,2.972,65.221,140.682,1.367,2.876,1.509,1.509,1.233,86.364
Jalandhar,2015,2015-08-24,2015-09-03,2.266,51.662,33.379,1.411,1.483,1.411,1.411,0.846,49.355
Kapurthala,2015,2015-08-24,2015-09-03,0.334,37.511,31.464,0.045,0.045,0.289,0.289,0.069,37.631
Ludhiana,2015,2015-08-24,2015-09-03,3.675,57.072,57.435,2.508,2.618,2.416,2.508,1.193,62.031
Mansa,2015,2015-08-24,2015-09-03,0.006,5.672,10.437,0.006,0.006,0.006,0.006,0.001,8.15
Moga,2015,2015-08-24,2015-09-03,1.561,19.364,8.28,1.515,1.516,1.515,1.515,0.192,18.91
Muktsar,2015,2015-08-24,2015-09-03,0.86,7.904,22.817,0.86,0.86,0.86,0.86,0.086,14.917
Patiala,2015,2015-08-24,2015-09-03,3.107,54.177,72.061,0.0,0.851,2.256,2.256,0.991,64.998
Rupnagar,2015,2015-08-24,2015-09-03,14.213,114.11,93.758,11.669,14.025,11.665,11.669,3.287,107.674
Sahibzada Ajit Singh Nagar,2015,2015-08-24,2015-09-03,7.231,75.795,83.022,0.435,6.884,6.449,6.449,0.955,86.813
Sangrur,2015,2015-08-24,2015-09-03,0.149,33.146,30.985,0.124,0.131,0.124,0.124,0.029,35.332
Shahid Bhagat Singh Nagar,2015,2015-08-24,2015-09-03,3.628,62.515,75.967,3.094,3.12,3.094,3.094,0.767,62.758
Tarn Taran,2015,2015-08-24,2015-09-03,0.872,17.21,10.536,0.872,0.872,0.872,0.872,0.087,19.306
Amritsar,2015,2015-09-03,2015-09-13,0.0,0.287,37.92,0.0,0.0,0.0,0.0,0.0,14.414
Barnala,2015,2015-09-03,2015-09-13,0.0,0.056,40.273,0.0,0.0,0.0,0.0,0.0,12.715
Bathinda,2015,2015-09-03,2015-09-13,0.0,0.096,8.447,0.0,0.0,0.0,0.0,0.0,5.472
Faridkot,2015,2015-09-03,2015-09-13,0.0,1.377,25.359,0.0,0.0,0.0,0.0,0.0,9.372
Fatehgarh Sahib,2015,2015-09-03,2015-09-13,0.031,3.495,67.326,0.031,0.031,0.031,0.031,0.003,32.533
Firozpur,2015,2015-09-03,2015-09-13,0.0,2.314,7.346,0.0,0.0,0.0,0.0,0.0,4.074
Gurdaspur,2015,2015-09-03,2015-09-13,2.992,15.643,39.792,2.95,2.992,2.933,2.95,0.315,32.727
Hoshiarpur,2015,2015-09-03,2015-09-13,0.884,2.972,65.221,0.109,0.884,0.773,0.83,0.129,31.664
Jalandhar,2015,2015-09-03,2015-09-13,0.015,2.266,51.662,0.015,0.015,0.015,0.015,0.001,18.581
Kapurthala,2015,2015-09-03,2015-09-13,0.0,0.334,37.511,0.0,0.0,0.0,0.0,0.0,13.427
Ludhiana,2015,2015-09-03,2015-09-13,0.26,3.675,57.072,0.26,0.26,0.26,0.26,0.026,23.726
Mansa,2015,2015-09-03,2015-09-13,0.0,0.006,5.672,0.0,0.0,0.0,0.0,0.0,2.844
Moga,2015,2015-09-03,2015-09-13,0.0,1.561,19.364,0.0,0.0,0.0,0.0,0.0,7.226
Muktsar,2015,2015-09-03,2015-09-13,0.0,0.86,7.904,0.0,0.0,0.0,0.0,0.0,5.534
Patiala,2015,2015-09-03,2015-09-13,0.191,3.107,54.177,0.191,0.191,0.191,0.191,0.019,25.423
Rupnagar,2015,2015-09-03,2015-09-13,0.328,14.213,114.11,0.282,0.328,0.251,0.284,0.055,44.122
Sahibzada Ajit Singh Nagar,2015,2015-09-03,2015-09-13,0.313,7.231,75.795,0.313,0.313,0.186,0.313,0.133,34.577
Sangrur,2015,2015-09-03,2015-09-13,0.004,0.149,33.146,0.004,0.004,0.004,0.004,0.0,12.39
Shahid Bhagat Singh Nagar,2015,2015-09-03,2015-09-13,0.192,3.628,62.515,0.192,0.192,0.189,0.192,0.022,23.737
Tarn Taran,2015,2015-09-03,2015-09-13,0.0,0.872,17.21,0.0,0.0,0.0,0.0,0.0,7.07
Amritsar,2015,2015-09-13,2015-09-23,45.485,0.0,0.287,0.0,6.93,38.321,38.555,10.069,5.026
Barnala,2015,2015-09-13,2015-09-23,66.029,0.0,0.056,0.0,0.012,61.494,66.017,9.8,4.434
Bathinda,2015,2015-09-13,2015-09-23,52.176,0.0,0.096,0.0,0.0,41.732,52.176,13.178,1.908
Faridkot,2015,2015-09-13,2015-09-23,32.405,0.0,1.377,0.0,0.0,19.547,32.405,9.958,3.268
Fatehgarh Sahib,2015,2015-09-13,2015-09-23,39.574,0.031,3.495,0.0,2.059,32.619,37.515,7.577,11.356
Firozpur,2015,2015-09-13,2015-09-23,22.435,0.0,2.314,0.0,0.258,11.733,22.177,8.436,1.421
Gurdaspur,2015,2015-09-13,2015-09-23,39.468,2.992,15.643,0.257,1.675,37.779,37.793,5.054,12.578
Hoshiarpur,2015,2015-09-13,2015-09-23,8.626,0.884,2.972,0.0,2.259,3.12,6.354,2.332,11.497
Jalandhar,2015,2015-09-13,2015-09-23,20.252,0.015,2.266,0.0,3.942,7.9,16.31,5.649,6.485
Kapurthala,2015,2015-09-13,2015-09-23,26.966,0.0,0.334,0.0,9.895,11.042,17.071,10.01,4.682
Ludhiana,2015,2015-09-13,2015-09-23,41.184,0.26,3.675,0.0,6.087,24.632,35.097,11.069,8.374
Mansa,2015,2015-09-13,2015-09-23,20.886,0.0,0.006,0.0,0.0,17.72,20.866,4.033,0.992
Moga,2015,2015-09-13,2015-09-23,31.635,0.0,1.561,0.0,0.41,18.415,31.225,9.839,2.519
Muktsar,2015,2015-09-13,2015-09-23,36.786,0.0,0.86,0.0,0.0,27.268,36.786,10.021,1.93
Patiala,2015,2015-09-13,2015-09-23,46.74,0.191,3.107,0.0,0.868,39.727,45.701,8.771,8.938
Rupnagar,2015,2015-09-13,2015-09-23,24.063,0.328,14.213,0.0,4.779,15.366,19.265,4.848,15.53
Sahibzada Ajit Singh Nagar,2015,2015-09-13,2015-09-23,39.628,0.313,7.231,0.0,7.174,30.498,32.019,6.792,12.183
Sangrur,2015,2015-09-13,2015-09-23,45.424,0.004,0.149,0.0,0.76,41.917,44.401,5.406,4.322
Shahid Bhagat Singh Nagar,2015,2015-09-13,2015-09-23,24.091,0.192,3.628,0.0,2.541,14.546,21.531,7.687,8.351
Tarn Taran,2015,2015-09-13,2015-09-23,34.376,0.0,0.872,0.0,7.097,25.07,27.279,8.894,2.465
Amritsar,2015,2015-09-23,2015-09-30,72.713,45.485,0.0,72.713,72.713,72.713,72.713,29.085,44.356
Barnala,2015,2015-09-23,2015-09-30,12.879,66.029,0.0,12.875,12.875,12.875,12.875,5.152,61.331
Bathinda,2015,2015-09-23,2015-09-30,6.797,52.176,0.0,6.52,6.797,6.517,6.52,2.773,48.585
Faridkot,2015,2015-09-23,2015-09-30,15.706,32.405,0.0,15.559,15.659,15.536,15.559,6.274,30.836
Fatehgarh Sahib,2015,2015-09-23,2015-09-30,53.153,39.574,0.0,53.153,53.153,53.153,53.153,21.261,38.414
Firozpur,2015,2015-09-23,2015-09-30,14.118,22.435,0.0,13.613,13.972,12.762,13.613,5.615,21.201
Gurdaspur,2015,2015-09-23,2015-09-30,143.476,39.211,0.257,143.373,143.476,142.278,143.373,57.568,43.127
Hoshiarpur,2015,2015-09-23,2015-09-30,105.85,8.626,0.0,105.75,105.85,103.839,105.75,42.682,11.239
Jalandhar,2015,2015-09-23,2015-09-30,63.729,20.252,0.0,63.28,63.28,63.261,63.28,25.574,19.082
Kapurthala,2015,2015-09-23,2015-09-30,59.141,26.966,0.0,59.141,59.141,59.139,59.141,23.657,23.627
Ludhiana,2015,2015-09-23,2015-09-30,40.33,41.184,0.0,39.535,39.535,39.47,39.535,16.265,37.332
Mansa,2015,2015-09-23,2015-09-30,4.479,20.886,0.0,4.479,4.479,4.475,4.479,1.792,19.333
Moga,2015,2015-09-23,2015-09-30,22.955,31.635,0.0,22.881,22.904,22.881,22.881,9.183,29.758
Muktsar,2015,2015-09-23,2015-09-30,8.956,36.786,0.0,8.695,8.956,8.5,8.695,3.557,34.463
Patiala,2015,2015-09-23,2015-09-30,36.274,46.74,0.0,36.274,36.274,36.274,36.274,14.51,44.33
Rupnagar,2015,2015-09-23,2015-09-30,74.342,24.063,0.0,74.287,74.341,73.947,74.287,29.783,25.25
Sahibzada Ajit Singh Nagar,2015,2015-09-23,2015-09-30,78.794,39.628,0.0,78.794,78.794,78.659,78.794,31.545,37.378
Sangrur,2015,2015-09-23,2015-09-30,24.007,45.424,0.0,23.966,23.966,23.966,23.966,9.611,42.101
Shahid Bhagat Singh Nagar,2015,2015-09-23,2015-09-30,54.647,24.091,0.0,54.646,54.647,54.287,54.646,21.93,23.181
Tarn Taran,2015,2015-09-23,2015-09-30,53.486,34.376,0.0,53.423,53.423,53.423,53.423,21.407,31.994
Amritsar,2016,2016-06-15,2016-06-25,66.134,0.935,13.073,23.211,26.28,31.726,38.973,14.928,4.616
Barnala,2016,2016-06-15,2016-06-25,15.563,8.006,17.601,8.023,8.025,8.023,8.023,7.012,11.745
Bathinda,2016,2016-06-15,2016-06-25,11.93,8.299,19.081,4.457,4.488,7.366,7.442,4.748,10.674
Faridkot,2016,2016-06-15,2016-06-25,19.533,4.106,21.011,2.861,2.861,16.672,16.672,4.242,7.872
Fatehgarh Sahib,2016,2016-06-15,2016-06-25,30.137,9.94,21.81,17.962,18.517,11.814,17.962,6.715,11.134
Firozpur,2016,2016-06-15,2016-06-25,6.668,3.15,4.557,0.956,1.087,5.194,5.581,1.369,3.811
Gurdaspur,2016,2016-06-15,2016-06-25,69.282,8.96,3.681,20.255,22.438,27.666,37.99,11.413,7.978
Hoshiarpur,2016,2016-06-15,2016-06-25,74.756,28.106,5.88,25.351,36.852,17.511,36.446,15.76,20.035
Jalandhar,2016,2016-06-15,2016-06-25,41.116,10.151,10.217,2.809,12.242,20.061,28.446,10.369,10.759
Kapurthala,2016,2016-06-15,2016-06-25,35.814,7.838,7.999,3.433,9.648,17.002,26.081,6.818,8.982
Ludhiana,2016,2016-06-15,2016-06-25,27.546,5.766,10.911,8.494,11.942,13.978,14.915,5.859,6.307
Mansa,2016,2016-06-15,2016-06-25,11.131,9.35,13.615,7.206,7.37,7.206,7.206,4.097,11.834
Moga,2016,2016-06-15,2016-06-25,15.284,3.908,6.672,1.196,1.865,10.663,13.412,3.516,5.248
Muktsar,2016,2016-06-15,2016-06-25,9.166,5.767,16.74,0.555,0.555,8.611,8.611,1.361,8.099
Patiala,2016,2016-06-15,2016-06-25,15.431,11.853,13.987,5.962,7.111,5.391,8.32,3.951,12.744
Rupnagar,2016,2016-06-15,2016-06-25,77.015,23.925,10.213,64.162,64.559,32.29,64.162,31.822,18.192
Sahibzada Ajit Singh Nagar,2016,2016-06-15,2016-06-25,56.69,21.622,15.387,46.76,47.117,35.94,46.76,13.332,18.669
Sangrur,2016,2016-06-15,2016-06-25,22.467,16.93,13.275,10.471,11.768,10.663,10.688,10.488,20.385
Shahid Bhagat Singh Nagar,2016,2016-06-15,2016-06-25,45.389,12.611,6.319,29.985,31.836,15.786,29.985,13.119,10.157
Tarn Taran,2016,2016-06-15,2016-06-25,44.682,1.234,6.936,10.142,16.945,24.231,27.737,8.105,3.921
Amritsar,2016,2016-06-25,2016-07-05,52.834,66.134,0.935,1.249,12.421,21.667,40.213,18.419,48.073
Barnala,2016,2016-06-25,2016-07-05,62.242,15.563,8.006,1.702,7.098,42.997,55.139,15.227,13.931
Bathinda,2016,2016-06-25,2016-07-05,51.061,11.93,8.299,4.421,4.799,23.66,46.195,22.622,12.156
Faridkot,2016,2016-06-25,2016-07-05,47.743,19.533,4.106,11.119,11.119,30.06,36.624,13.013,18.858
Fatehgarh Sahib,2016,2016-06-25,2016-07-05,58.932,30.137,9.94,1.6,26.082,24.482,31.598,14.776,21.238
Firozpur,2016,2016-06-25,2016-07-05,22.548,6.668,3.15,5.621,6.83,13.273,15.39,6.386,6.76
Gurdaspur,2016,2016-06-25,2016-07-05,77.085,69.282,8.96,26.527,49.679,23.152,49.679,22.399,51.259
Hoshiarpur,2016,2016-06-25,2016-07-05,99.671,74.756,28.106,17.819,64.057,46.238,64.057,21.869,55.617
Jalandhar,2016,2016-06-25,2016-07-05,99.687,41.116,10.151,2.254,36.459,38.928,59.353,34.677,35.115
Kapurthala,2016,2016-06-25,2016-07-05,76.557,35.814,7.838,2.691,21.997,33.333,49.787,20.709,30.484
Ludhiana,2016,2016-06-25,2016-07-05,100.597,27.546,5.766,2.735,44.402,41.667,55.298,31.255,21.452
Mansa,2016,2016-06-25,2016-07-05,45.238,11.131,9.35,2.463,4.558,23.05,40.584,17.176,10.395
Moga,2016,2016-06-25,2016-07-05,70.914,15.284,3.908,20.317,21.828,23.593,45.248,20.645,14.515
Muktsar,2016,2016-06-25,2016-07-05,36.37,9.166,5.767,0.447,0.62,35.75,35.75,3.977,10.789
Patiala,2016,2016-06-25,2016-07-05,56.89,15.431,11.853,3.079,17.942,22.215,38.207,15.574,14.727
Rupnagar,2016,2016-06-25,2016-07-05,96.35,77.015,23.925,7.109,47.024,39.674,46.783,23.832,42.709
Sahibzada Ajit Singh Nagar,2016,2016-06-25,2016-07-05,65.177,56.69,21.622,11.905,33.376,21.272,33.177,13.342,33.913
Sangrur,2016,2016-06-25,2016-07-05,68.548,22.467,16.93,0.004,20.094,26.566,48.454,22.351,21.553
Shahid Bhagat Singh Nagar,2016,2016-06-25,2016-07-05,119.7,45.389,12.611,9.305,72.194,62.875,72.18,24.439,28.26
Tarn Taran,2016,2016-06-25,2016-07-05,56.489,44.682,1.234,0.63,5.713,24.802,48.657,19.978,34.014
Amritsar,2016,2016-07-05,2016-07-15,21.795,52.834,66.134,9.221,13.546,9.046,9.221,7.61,58.056
Barnala,2016,2016-07-05,2016-07-15,26.594,62.242,15.563,5.606,5.608,19.872,20.29,4.995,54.297
Bathinda,2016,2016-07-05,2016-07-15,27.785,51.061,11.93,0.583,0.583,25.548,27.119,3.969,46.047
Faridkot,2016,2016-07-05,2016-07-15,30.815,47.743,19.533,0.404,0.417,30.241,30.398,3.316,44.264
Fatehgarh Sahib,2016,2016-07-05,2016-07-15,9.708,58.932,30.137,5.87,5.87,3.426,5.87,2.271,48.614
Firozpur,2016,2016-07-05,2016-07-15,17.217,22.548,6.668,2.576,2.862,13.17,13.926,3.581,19.717
Gurdaspur,2016,2016-07-05,2016-07-15,28.734,77.085,69.282,8.082,16.061,7.979,10.677,7.848,65.805
Hoshiarpur,2016,2016-07-05,2016-07-15,24.553,99.671,74.756,6.399,14.002,7.603,9.308,6.519,85.24
Jalandhar,2016,2016-07-05,2016-07-15,22.744,99.687,41.116,9.373,11.463,9.214,9.373,4.771,84.884
Kapurthala,2016,2016-07-05,2016-07-15,24.567,76.557,35.814,7.52,8.993,7.52,11.911,6.684,68.379
Ludhiana,2016,2016-07-05,2016-07-15,37.456,100.597,27.546,13.022,13.634,12.389,13.213,11.312,78.764
Mansa,2016,2016-07-05,2016-07-15,23.451,45.238,11.131,2.079,2.091,18.549,21.283,4.305,40.531
Moga,2016,2016-07-05,2016-07-15,33.82,70.914,15.284,4.413,4.582,22.78,26.538,5.004,57.51
Muktsar,2016,2016-07-05,2016-07-15,25.902,36.37,9.166,2.295,2.312,23.59,23.607,4.424,36.243
Patiala,2016,2016-07-05,2016-07-15,10.367,56.89,15.431,6.09,6.09,4.079,6.09,3.567,46.843
Rupnagar,2016,2016-07-05,2016-07-15,18.169,96.35,77.015,5.412,5.451,8.529,12.066,4.816,81.445
Sahibzada Ajit Singh Nagar,2016,2016-07-05,2016-07-15,11.455,65.177,56.69,2.667,2.667,6.477,7.376,2.323,55.334
Sangrur,2016,2016-07-05,2016-07-15,42.437,68.548,22.467,13.615,13.632,27.478,28.009,9.484,59.412
Shahid Bhagat Singh Nagar,2016,2016-07-05,2016-07-15,57.719,119.7,45.389,10.02,12.236,31.894,34.165,13.376,89.021
Tarn Taran,2016,2016-07-05,2016-07-15,21.071,56.489,44.682,4.052,4.869,11.321,14.268,4.704,58.89
Amritsar,2016,2016-07-15,2016-07-25,95.062,21.795,52.834,68.5,71.95,33.371,68.5,26.001,34.061
Barnala,2016,2016-07-15,2016-07-25,23.049,26.594,62.242,16.347,20.787,8.273,20.784,8.094,35.494
Bathinda,2016,2016-07-15,2016-07-25,36.622,27.785,51.061,29.852,34.733,20.854,31.043,6.894,34.303
Faridkot,2016,2016-07-15,2016-07-25,47.779,30.815,47.743,28.299,38.065,25.703,36.599,11.336,35.595
Fatehgarh Sahib,2016,2016-07-15,2016-07-25,80.499,9.708,58.932,12.689,14.975,44.724,65.524,16.247,22.479
Firozpur,2016,2016-07-15,2016-07-25,40.1,17.217,22.548,25.869,34.048,15.587,29.801,8.504,17.766
Gurdaspur,2016,2016-07-15,2016-07-25,39.428,28.734,77.085,21.063,31.479,15.75,21.063,10.066,41.585
Hoshiarpur,2016,2016-07-15,2016-07-25,55.126,24.553,99.671,8.674,12.859,23.018,42.267,19.198,46.298
Jalandhar,2016,2016-07-15,2016-07-25,77.673,22.744,99.687,50.636,59.958,19.76,50.636,16.992,43.825
Kapurthala,2016,2016-07-15,2016-07-25,100.594,24.567,76.557,73.857,90.853,31.982,73.857,24.438,40.713
Ludhiana,2016,2016-07-15,2016-07-25,56.635,37.456,100.597,20.316,22.798,27.624,33.837,12.725,52.829
Mansa,2016,2016-07-15,2016-07-25,42.585,23.451,45.238,33.554,42.575,16.864,41.076,16.009,29.298
Moga,2016,2016-07-15,2016-07-25,97.568,33.82,70.914,67.16,74.325,28.389,67.16,20.923,42.426
Muktsar,2016,2016-07-15,2016-07-25,38.141,25.902,36.37,20.292,37.709,17.764,35.181,17.452,29.111
Patiala,2016,2016-07-15,2016-07-25,45.261,10.367,56.89,10.752,15.665,16.891,29.596,10.221,22.013
Rupnagar,2016,2016-07-15,2016-07-25,72.74,18.169,96.35,13.741,19.164,31.998,53.401,21.65,42.635
Sahibzada Ajit Singh Nagar,2016,2016-07-15,2016-07-25,68.307,11.455,65.177,6.632,12.713,41.744,55.429,11.191,28.607
Sangrur,2016,2016-07-15,2016-07-25,24.091,42.437,68.548,14.191,20.051,7.609,20.013,6.677,46.16
Shahid Bhagat Singh Nagar,2016,2016-07-15,2016-07-25,47.197,57.719,119.7,9.914,11.291,28.228,35.906,8.997,77.915
Tarn Taran,2016,2016-07-15,2016-07-25,107.969,21.071,56.489,69.345,80.749,37.266,69.345,24.432,36.585
Amritsar,2016,2016-07-25,2016-08-04,44.42,95.062,21.795,6.478,37.909,31.391,37.86,7.661,63.464
Barnala,2016,2016-07-25,2016-08-04,19.251,23.049,26.594,11.168,12.438,9.274,11.168,7.037,24.318
Bathinda,2016,2016-07-25,2016-08-04,4.01,36.622,27.785,0.777,1.962,2.048,2.048,1.271,30.131
Faridkot,2016,2016-07-25,2016-08-04,8.772,47.779,30.815,5.111,5.511,4.374,5.111,3.372,40.666
Fatehgarh Sahib,2016,2016-07-25,2016-08-04,28.098,80.499,9.708,1.354,13.863,10.627,15.067,6.136,72.998
Firozpur,2016,2016-07-25,2016-08-04,7.629,40.1,17.217,3.736,5.451,2.561,4.864,1.797,28.356
Gurdaspur,2016,2016-07-25,2016-08-04,119.64,39.428,28.734,53.293,97.194,43.506,94.68,27.814,36.164
Hoshiarpur,2016,2016-07-25,2016-08-04,45.345,55.126,24.553,9.673,20.816,15.489,26.632,7.451,58.105
Jalandhar,2016,2016-07-25,2016-08-04,37.625,77.673,22.744,22.069,25.922,18.885,25.65,10.081,57.842
Kapurthala,2016,2016-07-25,2016-08-04,69.161,100.594,24.567,40.138,50.245,34.885,49.977,16.75,63.585
Ludhiana,2016,2016-07-25,2016-08-04,15.406,56.635,37.456,3.114,6.261,6.918,10.065,3.007,59.349
Mansa,2016,2016-07-25,2016-08-04,12.735,42.585,23.451,0.682,2.907,9.828,9.828,2.943,30.279
Moga,2016,2016-07-25,2016-08-04,32.1,97.568,33.82,18.979,23.498,13.303,21.444,7.183,70.801
Muktsar,2016,2016-07-25,2016-08-04,8.582,38.141,25.902,2.94,3.695,4.887,4.887,3.038,29.315
Patiala,2016,2016-07-25,2016-08-04,22.65,45.261,10.367,7.801,10.988,6.494,7.801,5.551,42.153
Rupnagar,2016,2016-07-25,2016-08-04,71.606,72.74,18.169,19.048,29.987,23.239,39.744,16.685,70.599
Sahibzada Ajit Singh Nagar,2016,2016-07-25,2016-08-04,49.4,68.307,11.455,12.995,24.377,13.009,19.168,10.801,66.296
Sangrur,2016,2016-07-25,2016-08-04,25.557,24.091,42.437,8.611,10.694,9.931,9.967,5.724,29.431
Shahid Bhagat Singh Nagar,2016,2016-07-25,2016-08-04,27.63,47.197,57.719,6.473,9.189,11.308,18.276,7.229,64.088
Tarn Taran,2016,2016-07-25,2016-08-04,49.157,107.969,21.071,16.681,36.784,20.103,36.495,13.566,73.437
Amritsar,2016,2016-08-04,2016-08-14,41.877,44.42,95.062,2.633,30.602,24.508,30.602,10.186,46.39
Barnala,2016,2016-08-04,2016-08-14,53.438,19.251,23.049,0.0,24.019,22.403,28.445,11.395,21.203
Bathinda,2016,2016-08-04,2016-08-14,32.723,4.01,36.622,0.003,20.398,20.363,26.015,7.094,13.608
Faridkot,2016,2016-08-04,2016-08-14,47.633,8.772,47.779,0.054,29.928,29.874,30.156,17.494,20.063
Fatehgarh Sahib,2016,2016-08-04,2016-08-14,83.639,28.098,80.499,8.354,27.083,43.37,55.097,20.913,45.411
Firozpur,2016,2016-08-04,2016-08-14,37.384,7.629,40.1,2.362,22.955,18.162,22.11,10.625,14.326
Gurdaspur,2016,2016-08-04,2016-08-14,162.622,119.64,39.428,18.532,105.607,75.57,105.465,37.101,77.542
Hoshiarpur,2016,2016-08-04,2016-08-14,180.552,45.345,55.126,34.289,87.634,57.815,87.532,51.689,48.373
Jalandhar,2016,2016-08-04,2016-08-14,59.051,37.625,77.673,10.691,31.633,19.273,31.578,19.144,40.807
Kapurthala,2016,2016-08-04,2016-08-14,91.909,69.161,100.594,18.629,54.856,32.696,54.856,23.24,59.756
Ludhiana,2016,2016-08-04,2016-08-14,38.115,15.406,56.635,1.974,9.184,12.625,24.288,9.365,30.468
Mansa,2016,2016-08-04,2016-08-14,25.836,12.735,42.585,0.0,12.637,12.058,18.588,6.562,22.02
Moga,2016,2016-08-04,2016-08-14,49.071,32.1,97.568,8.529,35.793,25.329,35.793,10.209,42.088
Muktsar,2016,2016-08-04,2016-08-14,43.422,8.582,38.141,0.08,21.17,21.329,22.097,20.946,16.951
Patiala,2016,2016-08-04,2016-08-14,90.181,22.65,45.261,2.104,37.873,42.395,55.591,24.579,29.619
Rupnagar,2016,2016-08-04,2016-08-14,135.566,71.606,72.74,7.502,36.212,43.47,72.491,28.611,69.375
Sahibzada Ajit Singh Nagar,2016,2016-08-04,2016-08-14,82.203,49.4,68.307,8.872,30.448,34.186,49.818,20.017,55.479
Sangrur,2016,2016-08-04,2016-08-14,45.627,25.557,24.091,0.263,31.877,21.948,31.87,10.894,28.772
Shahid Bhagat Singh Nagar,2016,2016-08-04,2016-08-14,91.881,27.63,47.197,2.525,24.861,26.551,53.485,24.898,39.837
Tarn Taran,2016,2016-08-04,2016-08-14,72.668,49.157,107.969,11.001,50.253,37.362,50.253,18.757,52.678
Amritsar,2016,2016-08-14,2016-08-24,20.648,41.877,44.42,14.96,17.007,8.128,15.751,6.962,42.389
Barnala,2016,2016-08-14,2016-08-24,27.113,53.438,19.251,1.323,4.099,18.06,23.014,6.13,43.479
Bathinda,2016,2016-08-14,2016-08-24,21.75,32.723,4.01,0.023,4.657,15.928,17.093,5.695,25.046
Faridkot,2016,2016-08-14,2016-08-24,15.145,47.633,8.772,0.0,1.936,13.209,13.209,3.063,38.646
Fatehgarh Sahib,2016,2016-08-14,2016-08-24,44.567,83.639,28.098,14.148,14.154,14.547,29.845,11.846,72.894
Firozpur,2016,2016-08-14,2016-08-24,4.913,37.384,7.629,0.971,1.161,3.752,3.752,0.811,29.442
Gurdaspur,2016,2016-08-14,2016-08-24,14.104,162.622,119.64,5.472,7.831,2.69,5.472,2.65,130.459
Hoshiarpur,2016,2016-08-14,2016-08-24,40.448,180.552,45.345,3.403,9.27,21.84,27.528,7.464,142.985
Jalandhar,2016,2016-08-14,2016-08-24,44.999,59.051,37.625,13.366,15.084,19.098,29.872,10.594,54.245
Kapurthala,2016,2016-08-14,2016-08-24,59.902,91.909,69.161,35.947,38.451,24.997,35.947,16.955,80.746
Ludhiana,2016,2016-08-14,2016-08-24,54.889,38.115,15.406,5.307,6.104,30.992,48.757,11.64,40.052
Mansa,2016,2016-08-14,2016-08-24,2.389,25.836,12.735,0.128,0.474,1.505,1.915,0.501,25.07
Moga,2016,2016-08-14,2016-08-24,42.407,49.071,32.1,4.697,6.566,35.073,35.841,5.73,44.181
Muktsar,2016,2016-08-14,2016-08-24,9.014,43.422,8.582,0.0,2.97,6.044,6.044,3.277,37.081
Patiala,2016,2016-08-14,2016-08-24,14.299,90.181,22.65,3.447,3.506,5.927,10.134,3.422,70.618
Rupnagar,2016,2016-08-14,2016-08-24,110.279,135.566,71.606,13.013,23.22,63.682,81.146,16.971,127.548
Sahibzada Ajit Singh Nagar,2016,2016-08-14,2016-08-24,46.623,82.203,49.4,18.442,19.996,15.282,23.372,15.08,75.078
Sangrur,2016,2016-08-14,2016-08-24,9.468,45.627,25.557,3.129,4.104,2.708,5.338,1.835,39.849
Shahid Bhagat Singh Nagar,2016,2016-08-14,2016-08-24,89.133,91.881,27.63,7.443,11.622,62.843,74.937,14.782,84.202
Tarn Taran,2016,2016-08-14,2016-08-24,29.723,72.668,49.157,22.365,23.379,13.205,22.365,7.805,64.041
Amritsar,2016,2016-08-24,2016-09-03,63.927,20.648,41.877,28.994,51.654,25.611,31.447,20.747,25.66
Barnala,2016,2016-08-24,2016-09-03,25.474,27.113,53.438,4.494,5.947,10.646,18.938,8.002,36.444
Bathinda,2016,2016-08-24,2016-09-03,84.004,21.75,32.723,9.497,53.974,39.444,69.282,22.661,25.423
Faridkot,2016,2016-08-24,2016-09-03,122.308,15.145,47.633,60.481,111.892,48.867,68.841,40.784,25.318
Fatehgarh Sahib,2016,2016-08-24,2016-09-03,22.222,44.567,83.639,2.474,6.222,5.587,11.283,5.252,58.909
Firozpur,2016,2016-08-24,2016-09-03,77.38,4.913,37.384,25.131,55.008,27.88,43.472,17.726,13.829
Gurdaspur,2016,2016-08-24,2016-09-03,70.818,14.104,162.622,28.436,56.129,25.723,34.22,20.28,54.263
Hoshiarpur,2016,2016-08-24,2016-09-03,58.419,40.448,180.552,22.728,46.301,20.629,32.207,12.887,80.709
Jalandhar,2016,2016-08-24,2016-09-03,129.051,44.999,59.051,58.926,111.338,49.594,65.503,46.211,51.842
Kapurthala,2016,2016-08-24,2016-09-03,156.566,59.902,91.909,66.225,123.56,55.141,68.699,54.889,63.671
Ludhiana,2016,2016-08-24,2016-09-03,33.422,54.889,38.115,13.87,23.08,10.053,14.738,8.513,58.538
Mansa,2016,2016-08-24,2016-09-03,40.889,2.389,25.836,12.063,12.865,13.926,27.724,13.644,10.588
Moga,2016,2016-08-24,2016-09-03,111.369,42.407,49.071,60.969,95.441,52.534,62.308,34.958,47.529
Muktsar,2016,2016-08-24,2016-09-03,104.782,9.014,43.422,16.06,78.125,57.638,85.449,26.809,19.579
Patiala,2016,2016-08-24,2016-09-03,48.652,14.299,90.181,4.299,8.866,14.938,30.401,9.894,36.172
Rupnagar,2016,2016-08-24,2016-09-03,70.532,110.279,135.566,12.991,26.417,25.078,36.927,9.415,128.471
Sahibzada Ajit Singh Nagar,2016,2016-08-24,2016-09-03,25.283,46.623,82.203,0.342,3.292,10.883,18.138,5.333,57.729
Sangrur,2016,2016-08-24,2016-09-03,36.688,9.468,45.627,5.341,11.798,11.237,24.109,8.53,20.77
Shahid Bhagat Singh Nagar,2016,2016-08-24,2016-09-03,56.481,89.133,91.881,15.525,27.061,18.262,26.113,12.508,99.519
Tarn Taran,2016,2016-08-24,2016-09-03,78.561,29.723,72.668,37.125,60.421,33.659,41.374,20.504,37.948
Amritsar,2016,2016-09-03,2016-09-13,0.089,63.927,20.648,0.036,0.036,0.053,0.053,0.035,46.501
Barnala,2016,2016-09-03,2016-09-13,0.0,25.474,27.113,0.0,0.0,0.0,0.0,0.0,29.192
Bathinda,2016,2016-09-03,2016-09-13,0.0,84.004,21.75,0.0,0.0,0.0,0.0,0.0,59.357
Faridkot,2016,2016-09-03,2016-09-13,0.163,122.308,15.145,0.163,0.163,0.163,0.163,0.016,73.697
Fatehgarh Sahib,2016,2016-09-03,2016-09-13,0.972,22.222,44.567,0.484,0.484,0.488,0.488,0.484,37.37
Firozpur,2016,2016-09-03,2016-09-13,0.547,77.38,4.913,0.5,0.5,0.436,0.5,0.101,50.537
Gurdaspur,2016,2016-09-03,2016-09-13,3.287,70.818,14.104,0.554,0.59,1.093,1.912,0.835,60.218
Hoshiarpur,2016,2016-09-03,2016-09-13,4.448,58.419,40.448,2.121,2.15,2.108,2.14,1.86,61.708
Jalandhar,2016,2016-09-03,2016-09-13,2.629,129.051,44.999,0.331,2.388,2.057,2.383,0.499,90.736
Kapurthala,2016,2016-09-03,2016-09-13,2.921,156.566,59.902,0.74,2.406,1.666,2.406,0.833,115.68
Ludhiana,2016,2016-09-03,2016-09-13,0.126,33.422,54.889,0.004,0.123,0.119,0.123,0.015,40.911
Mansa,2016,2016-09-03,2016-09-13,0.0,40.889,2.389,0.0,0.0,0.0,0.0,0.0,28.847
Moga,2016,2016-09-03,2016-09-13,1.037,111.369,42.407,0.667,0.671,0.494,0.667,0.379,76.23
Muktsar,2016,2016-09-03,2016-09-13,0.002,104.782,9.014,0.002,0.002,0.002,0.002,0.0,68.37
Patiala,2016,2016-09-03,2016-09-13,0.076,48.652,14.299,0.063,0.063,0.063,0.063,0.018,48.908
Rupnagar,2016,2016-09-03,2016-09-13,16.151,70.532,110.279,1.734,1.783,11.281,12.946,2.686,97.897
Sahibzada Ajit Singh Nagar,2016,2016-09-03,2016-09-13,2.871,25.283,46.623,0.668,0.732,1.054,1.988,0.946,40.472
Sangrur,2016,2016-09-03,2016-09-13,0.0,36.688,9.468,0.0,0.0,0.0,0.0,0.0,30.883
Shahid Bhagat Singh Nagar,2016,2016-09-03,2016-09-13,3.767,56.481,89.133,0.438,0.705,2.867,3.134,0.681,75.203
Tarn Taran,2016,2016-09-03,2016-09-13,0.946,78.561,29.723,0.656,0.656,0.408,0.656,0.302,59.646
Amritsar,2016,2016-09-13,2016-09-23,10.029,0.089,63.927,0.677,0.677,8.764,9.352,1.486,16.284
Barnala,2016,2016-09-13,2016-09-23,0.671,0.0,25.474,0.645,0.645,0.645,0.645,0.087,10.179
Bathinda,2016,2016-09-13,2016-09-23,0.534,0.0,84.004,0.519,0.519,0.443,0.519,0.113,20.696
Faridkot,2016,2016-09-13,2016-09-23,0.18,0.163,122.308,0.18,0.18,0.18,0.18,0.018,25.76
Fatehgarh Sahib,2016,2016-09-13,2016-09-23,14.879,0.972,22.222,2.07,2.07,10.017,10.017,2.865,13.657
Firozpur,2016,2016-09-13,2016-09-23,0.375,0.547,77.38,0.26,0.26,0.26,0.26,0.102,17.859
Gurdaspur,2016,2016-09-13,2016-09-23,9.616,3.287,70.818,6.127,6.127,6.127,6.127,3.752,23.548
Hoshiarpur,2016,2016-09-13,2016-09-23,26.888,4.448,58.419,10.37,10.37,10.767,16.231,10.384,24.276
Jalandhar,2016,2016-09-13,2016-09-23,7.397,2.629,129.051,4.83,4.83,4.83,4.83,1.834,33.206
Kapurthala,2016,2016-09-13,2016-09-23,7.664,2.921,156.566,4.974,4.974,4.974,4.974,2.431,42.09
Ludhiana,2016,2016-09-13,2016-09-23,10.402,0.126,33.422,3.163,3.163,3.197,6.871,3.166,14.34
Mansa,2016,2016-09-13,2016-09-23,0.009,0.0,40.889,0.009,0.009,0.009,0.009,0.001,10.058
Moga,2016,2016-09-13,2016-09-23,2.622,1.037,111.369,2.148,2.148,2.106,2.148,0.454,27.182
Muktsar,2016,2016-09-13,2016-09-23,0.235,0.002,104.782,0.235,0.235,0.235,0.235,0.023,23.84
Patiala,2016,2016-09-13,2016-09-23,2.869,0.076,48.652,0.299,0.299,2.166,2.237,0.486,17.094
Rupnagar,2016,2016-09-13,2016-09-23,37.218,16.151,70.532,22.937,22.937,22.684,22.937,8.408,45.986
Sahibzada Ajit Singh Nagar,2016,2016-09-13,2016-09-23,27.378,2.871,25.283,4.129,4.129,17.031,17.39,5.419,16.386
Sangrur,2016,2016-09-13,2016-09-23,0.231,0.0,36.688,0.127,0.127,0.127,0.127,0.095,10.768
Shahid Bhagat Singh Nagar,2016,2016-09-13,2016-09-23,23.782,3.767,56.481,10.185,10.185,10.132,12.016,6.836,28.837
Tarn Taran,2016,2016-09-13,2016-09-23,7.945,0.946,78.561,1.696,1.696,4.783,6.249,2.005,21.324
Amritsar,2016,2016-09-23,2016-09-30,0.495,9.352,0.73,0.495,0.495,0.495,0.495,0.198,15.263
Barnala,2016,2016-09-23,2016-09-30,0.001,0.026,0.645,0.001,0.001,0.001,0.001,0.0,3.848
Bathinda,2016,2016-09-23,2016-09-30,0.0,0.015,0.519,0.0,0.0,0.0,0.0,0.0,7.473
Faridkot,2016,2016-09-23,2016-09-30,0.0,0.0,0.18,0.0,0.0,0.0,0.0,0.0,9.068
Fatehgarh Sahib,2016,2016-09-23,2016-09-30,7.243,12.809,2.558,2.37,7.243,4.873,4.873,3.371,17.566
Firozpur,2016,2016-09-23,2016-09-30,0.354,0.115,0.307,0.237,0.237,0.185,0.237,0.144,6.445
Gurdaspur,2016,2016-09-23,2016-09-30,9.656,3.489,8.824,3.367,7.781,3.641,5.14,3.477,14.337
Hoshiarpur,2016,2016-09-23,2016-09-30,6.575,16.518,12.582,5.634,6.085,5.619,5.634,2.483,27.152
Jalandhar,2016,2016-09-23,2016-09-30,4.298,2.567,5.071,3.344,3.344,2.317,3.344,1.543,15.819
Kapurthala,2016,2016-09-23,2016-09-30,5.623,2.69,5.489,3.949,3.949,3.179,3.949,2.274,19.233
Ludhiana,2016,2016-09-23,2016-09-30,2.751,7.239,3.166,2.222,2.74,2.093,2.222,1.148,12.799
Mansa,2016,2016-09-23,2016-09-30,0.0,0.0,0.009,0.0,0.0,0.0,0.0,0.0,3.511
Moga,2016,2016-09-23,2016-09-30,2.765,0.474,2.514,1.442,1.442,1.44,1.442,1.37,10.823
Muktsar,2016,2016-09-23,2016-09-30,0.0,0.0,0.235,0.0,0.0,0.0,0.0,0.0,8.425
Patiala,2016,2016-09-23,2016-09-30,3.667,2.57,0.312,0.195,3.667,3.472,3.472,1.506,8.539
Rupnagar,2016,2016-09-23,2016-09-30,19.756,14.281,37.295,19.259,19.719,19.259,19.259,7.978,37.887
Sahibzada Ajit Singh Nagar,2016,2016-09-23,2016-09-30,6.485,23.249,6.268,3.402,6.485,3.189,3.402,3.125,28.909
Sangrur,2016,2016-09-23,2016-09-30,0.014,0.104,0.127,0.014,0.014,0.01,0.014,0.006,3.893
Shahid Bhagat Singh Nagar,2016,2016-09-23,2016-09-30,13.295,13.597,13.247,13.295,13.295,13.176,13.295,5.342,25.931
Tarn Taran,2016,2016-09-23,2016-09-30,2.181,6.249,1.986,1.453,1.453,1.453,1.453,1.018,14.267
Amritsar,2017,2017-06-15,2017-06-25,46.204,16.5,12.064,6.961,26.049,18.853,29.303,11.079,12.169
Barnala,2017,2017-06-15,2017-06-25,46.378,24.227,4.898,2.796,6.275,29.224,37.098,8.888,15.127
Bathinda,2017,2017-06-15,2017-06-25,41.66,33.946,1.956,0.895,3.238,25.204,35.385,11.513,20.412
Faridkot,2017,2017-06-15,2017-06-25,51.911,35.245,0.29,1.029,4.806,27.99,43.133,16.42,21.562
Fatehgarh Sahib,2017,2017-06-15,2017-06-25,20.967,42.761,4.181,0.465,1.537,15.59,19.43,3.418,22.113
Firozpur,2017,2017-06-15,2017-06-25,25.014,28.349,3.02,0.367,3.947,9.545,18.374,8.754,17.728
Gurdaspur,2017,2017-06-15,2017-06-25,27.853,10.632,6.044,1.929,6.028,10.8,21.452,6.73,7.337
Hoshiarpur,2017,2017-06-15,2017-06-25,28.845,21.697,17.19,3.223,13.144,9.832,20.984,7.097,15.379
Jalandhar,2017,2017-06-15,2017-06-25,26.037,15.177,19.748,0.241,4.01,10.961,19.497,5.749,12.265
Kapurthala,2017,2017-06-15,2017-06-25,30.722,7.033,33.673,0.265,9.129,13.543,22.407,8.976,11.122
Ludhiana,2017,2017-06-15,2017-06-25,37.946,31.347,14.216,1.126,4.357,24.784,30.772,5.629,19.78
Mansa,2017,2017-06-15,2017-06-25,37.854,14.354,2.93,0.348,1.804,24.538,30.091,7.817,9.313
Moga,2017,2017-06-15,2017-06-25,70.827,27.542,6.901,3.505,10.627,44.176,59.806,16.076,20.147
Muktsar,2017,2017-06-15,2017-06-25,37.097,54.395,1.577,0.019,1.281,17.932,30.352,12.971,31.387
Patiala,2017,2017-06-15,2017-06-25,17.661,34.035,2.589,2.696,3.126,8.867,14.164,3.409,18.949
Rupnagar,2017,2017-06-15,2017-06-25,26.11,53.979,23.768,2.657,4.011,18.34,21.396,3.874,32.109
Sahibzada Ajit Singh Nagar,2017,2017-06-15,2017-06-25,25.91,38.692,8.472,1.818,2.779,18.87,22.157,3.591,21.855
Sangrur,2017,2017-06-15,2017-06-25,31.935,19.564,2.062,3.437,4.798,17.547,22.976,6.042,11.823
Shahid Bhagat Singh Nagar,2017,2017-06-15,2017-06-25,11.999,51.192,29.091,0.831,2.046,9.043,10.258,1.99,32.411
Tarn Taran,2017,2017-06-15,2017-06-25,34.302,12.659,14.856,5.846,19.063,13.129,20.183,7.582,10.808
Amritsar,2017,2017-06-25,2017-07-05,87.5,46.204,16.5,0.0,54.091,45.288,65.88,17.746,31.6
Barnala,2017,2017-06-25,2017-07-05,48.943,46.378,24.227,0.0,26.726,17.315,44.041,16.175,36.047
Bathinda,2017,2017-06-25,2017-07-05,65.495,41.66,33.946,0.0,45.802,34.02,55.226,14.006,35.456
Faridkot,2017,2017-06-25,2017-07-05,62.407,51.911,35.245,0.0,58.491,55.955,62.402,9.115,42.948
Fatehgarh Sahib,2017,2017-06-25,2017-07-05,35.653,20.967,42.761,0.0,28.298,21.404,34.76,8.345,21.652
Firozpur,2017,2017-06-25,2017-07-05,23.792,25.014,28.349,0.978,20.251,17.458,20.678,3.379,23.441
Gurdaspur,2017,2017-06-25,2017-07-05,87.81,27.853,10.632,2.992,36.0,30.528,54.702,22.057,21.781
Hoshiarpur,2017,2017-06-25,2017-07-05,108.3,28.845,21.697,3.591,53.336,34.41,69.647,21.353,24.041
Jalandhar,2017,2017-06-25,2017-07-05,89.723,26.037,15.177,2.16,52.58,41.623,76.478,27.614,22.353
Kapurthala,2017,2017-06-25,2017-07-05,135.898,30.722,7.033,4.612,90.344,59.475,110.172,29.579,23.67
Ludhiana,2017,2017-06-25,2017-07-05,36.549,37.946,31.347,0.028,18.318,14.979,33.269,14.5,32.543
Mansa,2017,2017-06-25,2017-07-05,40.587,37.854,14.354,0.0,22.113,15.759,29.21,11.815,29.685
Moga,2017,2017-06-25,2017-07-05,44.947,70.827,27.542,3.281,32.113,25.86,38.847,11.599,53.277
Muktsar,2017,2017-06-25,2017-07-05,63.855,37.097,54.395,0.189,59.216,54.069,62.361,9.869,37.761
Patiala,2017,2017-06-25,2017-07-05,44.75,17.661,34.035,0.0,32.869,26.302,43.464,12.166,18.243
Rupnagar,2017,2017-06-25,2017-07-05,67.007,26.11,53.979,0.073,47.537,35.369,50.157,14.422,28.093
Sahibzada Ajit Singh Nagar,2017,2017-06-25,2017-07-05,37.561,25.91,38.692,3.734,32.929,18.047,32.738,11.838,24.756
Sangrur,2017,2017-06-25,2017-07-05,31.969,31.935,19.564,0.0,21.97,15.084,28.626,7.706,25.622
Shahid Bhagat Singh Nagar,2017,2017-06-25,2017-07-05,55.207,11.999,51.192,0.023,29.133,21.855,47.054,18.335,18.897
Tarn Taran,2017,2017-06-25,2017-07-05,74.432,34.302,12.659,2.599,51.499,38.008,55.589,16.862,24.1
Amritsar,2017,2017-07-05,2017-07-15,109.817,87.5,46.204,14.088,14.088,90.31,95.729,14.777,70.109
Barnala,2017,2017-07-05,2017-07-15,16.406,48.943,46.378,12.029,12.029,5.229,12.029,5.051,42.337
Bathinda,2017,2017-07-05,2017-07-15,13.944,65.495,41.66,2.38,2.38,11.112,11.564,2.23,52.381
Faridkot,2017,2017-07-05,2017-07-15,15.3,62.407,51.911,6.088,6.088,9.212,9.212,6.391,51.933
Fatehgarh Sahib,2017,2017-07-05,2017-07-15,56.07,35.653,20.967,29.989,29.995,19.33,29.989,16.589,28.886
Firozpur,2017,2017-07-05,2017-07-15,14.777,23.792,25.014,3.111,4.556,7.521,10.178,3.505,22.504
Gurdaspur,2017,2017-07-05,2017-07-15,89.744,87.81,27.853,11.999,11.999,64.532,76.081,12.143,71.105
Hoshiarpur,2017,2017-07-05,2017-07-15,69.284,108.3,28.845,9.121,9.136,32.127,58.672,23.194,81.988
Jalandhar,2017,2017-07-05,2017-07-15,49.174,89.723,26.037,13.491,13.491,34.791,35.463,10.342,65.108
Kapurthala,2017,2017-07-05,2017-07-15,58.527,135.898,30.722,18.089,18.089,38.805,39.968,13.825,94.491
Ludhiana,2017,2017-07-05,2017-07-15,42.147,36.549,37.946,16.495,16.67,19.027,25.474,7.873,34.52
Mansa,2017,2017-07-05,2017-07-15,11.496,40.587,37.854,5.819,5.819,5.649,5.819,4.137,36.006
Moga,2017,2017-07-05,2017-07-15,17.033,44.947,70.827,11.533,11.533,8.549,11.533,3.88,45.978
Muktsar,2017,2017-07-05,2017-07-15,11.855,63.855,37.097,3.078,3.145,8.315,8.71,3.602,50.958
Patiala,2017,2017-07-05,2017-07-15,42.398,44.75,17.661,30.904,31.187,16.454,30.904,8.845,33.272
Rupnagar,2017,2017-07-05,2017-07-15,70.486,67.007,26.11,9.253,9.253,39.476,60.01,18.986,53.31
Sahibzada Ajit Singh Nagar,2017,2017-07-05,2017-07-15,59.648,37.561,25.91,16.355,17.615,25.153,41.268,16.634,30.259
Sangrur,2017,2017-07-05,2017-07-15,16.365,31.969,31.935,14.076,14.116,10.16,14.076,3.524,28.315
Shahid Bhagat Singh Nagar,2017,2017-07-05,2017-07-15,66.336,55.207,11.999,20.986,20.986,27.981,45.342,17.715,42.172
Tarn Taran,2017,2017-07-05,2017-07-15,68.543,74.432,34.302,10.381,10.381,46.029,57.897,15.284,56.877
Amritsar,2017,2017-07-15,2017-07-25,27.781,109.817,87.5,1.574,7.039,9.9,20.511,8.192,108.607
Barnala,2017,2017-07-15,2017-07-25,9.125,16.406,48.943,3.587,5.828,3.327,3.587,1.876,23.358
Bathinda,2017,2017-07-15,2017-07-25,11.106,13.944,65.495,0.897,9.822,8.454,9.028,1.642,29.69
Faridkot,2017,2017-07-15,2017-07-25,7.92,15.3,62.407,0.006,3.477,4.43,4.43,2.88,29.31
Fatehgarh Sahib,2017,2017-07-15,2017-07-25,10.322,56.07,35.653,1.195,1.454,7.921,8.604,1.476,45.357
Firozpur,2017,2017-07-15,2017-07-25,7.564,14.777,23.792,0.899,4.802,2.922,3.915,2.755,19.46
Gurdaspur,2017,2017-07-15,2017-07-25,85.596,89.744,87.81,18.899,48.375,25.582,43.416,20.41,92.781
Hoshiarpur,2017,2017-07-15,2017-07-25,56.127,69.284,108.3,4.091,34.696,24.007,32.374,11.564,79.557
Jalandhar,2017,2017-07-15,2017-07-25,66.02,49.174,89.723,17.949,47.433,23.683,41.315,18.318,57.544
Kapurthala,2017,2017-07-15,2017-07-25,64.443,58.527,135.898,23.321,53.271,21.304,44.528,15.379,73.768
Ludhiana,2017,2017-07-15,2017-07-25,49.664,42.147,36.549,5.5,23.878,17.694,19.601,12.746,40.126
Mansa,2017,2017-07-15,2017-07-25,3.351,11.496,40.587,0.676,0.693,2.601,2.65,0.868,20.282
Moga,2017,2017-07-15,2017-07-25,39.379,17.033,44.947,10.822,24.804,11.575,20.748,11.204,25.919
Muktsar,2017,2017-07-15,2017-07-25,6.798,11.855,63.855,0.0,6.702,6.688,6.702,0.755,27.154
Patiala,2017,2017-07-15,2017-07-25,11.257,42.398,44.75,2.663,2.663,4.606,7.366,2.945,34.534
Rupnagar,2017,2017-07-15,2017-07-25,45.135,70.486,67.007,2.233,12.802,15.994,31.58,12.947,69.112
Sahibzada Ajit Singh Nagar,2017,2017-07-15,2017-07-25,12.805,59.648,37.561,1.556,2.336,5.642,8.755,2.442,54.091
Sangrur,2017,2017-07-15,2017-07-25,11.938,16.365,31.969,8.394,8.795,7.55,8.394,2.659,18.165
Shahid Bhagat Singh Nagar,2017,2017-07-15,2017-07-25,51.918,66.336,55.207,8.349,31.608,22.96,24.999,14.743,59.32
Tarn Taran,2017,2017-07-15,2017-07-25,18.446,68.543,74.432,5.914,12.527,5.87,10.84,5.02,72.453
Amritsar,2017,2017-07-25,2017-08-04,90.2,27.781,109.817,0.047,16.776,39.828,69.796,19.448,57.911
Barnala,2017,2017-07-25,2017-08-04,67.629,9.125,16.406,1.41,24.873,23.463,37.81,20.589,13.711
Bathinda,2017,2017-07-25,2017-08-04,45.905,11.106,13.944,0.42,2.719,21.086,42.468,12.997,17.092
Faridkot,2017,2017-07-25,2017-08-04,21.686,7.92,15.3,0.0,2.655,16.98,19.031,4.087,16.666
Fatehgarh Sahib,2017,2017-07-25,2017-08-04,103.564,10.322,56.07,3.464,31.34,43.196,62.206,29.408,23.759
Firozpur,2017,2017-07-25,2017-08-04,11.457,7.564,14.777,0.137,0.886,5.362,9.561,4.088,12.173
Gurdaspur,2017,2017-07-25,2017-08-04,116.214,85.596,89.744,4.868,18.131,44.007,82.044,22.042,87.158
Hoshiarpur,2017,2017-07-25,2017-08-04,61.917,56.127,69.284,2.322,5.046,25.209,41.852,14.928,65.112
Jalandhar,2017,2017-07-25,2017-08-04,71.094,66.02,49.174,1.331,2.303,27.848,54.132,19.086,62.694
Kapurthala,2017,2017-07-25,2017-08-04,103.275,64.443,58.527,1.599,3.631,34.72,75.7,25.872,63.649
Ludhiana,2017,2017-07-25,2017-08-04,80.297,49.664,42.147,5.847,9.812,38.907,65.413,26.024,50.159
Mansa,2017,2017-07-25,2017-08-04,34.351,3.351,11.496,3.286,4.439,17.386,29.443,12.448,9.098
Moga,2017,2017-07-25,2017-08-04,59.56,39.379,17.033,1.322,5.551,34.846,45.476,10.309,35.002
Muktsar,2017,2017-07-25,2017-08-04,15.156,6.798,11.855,0.0,0.566,7.671,14.59,5.762,13.521
Patiala,2017,2017-07-25,2017-08-04,104.1,11.257,42.398,6.676,22.999,43.543,71.258,25.776,20.485
Rupnagar,2017,2017-07-25,2017-08-04,59.332,45.135,70.486,4.547,11.632,15.62,33.357,13.799,60.66
Sahibzada Ajit Singh Nagar,2017,2017-07-25,2017-08-04,85.985,12.805,59.648,1.462,43.716,41.659,43.491,17.614,28.768
Sangrur,2017,2017-07-25,2017-08-04,64.032,11.938,16.365,5.423,10.005,19.93,46.702,15.802,12.761
Shahid Bhagat Singh Nagar,2017,2017-07-25,2017-08-04,78.02,51.918,66.336,12.727,16.267,25.027,46.958,20.723,55.832
Tarn Taran,2017,2017-07-25,2017-08-04,46.931,18.446,68.543,0.883,10.56,15.539,28.807,10.289,36.292
Amritsar,2017,2017-08-04,2017-08-14,29.268,90.2,27.781,4.807,6.022,22.899,24.114,5.297,94.357
Barnala,2017,2017-08-04,2017-08-14,6.838,67.629,9.125,3.522,3.524,3.522,3.522,2.553,54.329
Bathinda,2017,2017-08-04,2017-08-14,0.947,45.905,11.106,0.579,0.586,0.579,0.579,0.286,45.928
Faridkot,2017,2017-08-04,2017-08-14,0.204,21.686,7.92,0.0,0.204,0.204,0.204,0.02,24.167
Fatehgarh Sahib,2017,2017-08-04,2017-08-14,29.533,103.564,10.322,16.243,18.713,16.163,16.243,5.331,89.389
Firozpur,2017,2017-08-04,2017-08-14,2.938,11.457,7.564,0.418,2.297,1.389,2.362,0.58,13.653
Gurdaspur,2017,2017-08-04,2017-08-14,137.68,116.214,85.596,59.982,97.621,32.922,65.753,26.407,123.761
Hoshiarpur,2017,2017-08-04,2017-08-14,211.612,61.917,56.127,101.078,159.218,44.646,102.786,42.563,74.808
Jalandhar,2017,2017-08-04,2017-08-14,65.172,71.094,66.02,30.176,44.033,15.892,30.176,12.061,83.125
Kapurthala,2017,2017-08-04,2017-08-14,81.419,103.275,64.443,33.311,58.19,21.882,39.486,19.376,109.943
Ludhiana,2017,2017-08-04,2017-08-14,37.251,80.297,49.664,15.363,23.752,14.676,15.363,8.07,86.854
Mansa,2017,2017-08-04,2017-08-14,0.429,34.351,3.351,0.026,0.045,0.348,0.384,0.067,30.324
Moga,2017,2017-08-04,2017-08-14,32.607,59.56,39.379,6.706,23.61,13.219,23.487,7.247,61.312
Muktsar,2017,2017-08-04,2017-08-14,0.318,15.156,6.798,0.0,0.318,0.318,0.318,0.032,17.784
Patiala,2017,2017-08-04,2017-08-14,23.01,104.1,11.257,5.089,8.489,12.777,14.837,5.08,91.525
Rupnagar,2017,2017-08-04,2017-08-14,159.639,59.332,45.135,67.385,110.324,39.881,67.385,35.976,68.271
Sahibzada Ajit Singh Nagar,2017,2017-08-04,2017-08-14,118.128,85.985,12.805,79.0,93.014,48.288,79.0,20.378,68.953
Sangrur,2017,2017-08-04,2017-08-14,14.204,64.032,11.938,0.414,1.792,12.233,13.274,2.151,55.65
Shahid Bhagat Singh Nagar,2017,2017-08-04,2017-08-14,109.722,78.02,51.918,31.357,68.6,32.67,51.492,17.648,81.522
Tarn Taran,2017,2017-08-04,2017-08-14,16.17,46.931,18.446,2.725,9.275,6.184,12.734,5.233,49.898
Amritsar,2017,2017-08-14,2017-08-24,16.602,29.268,90.2,6.568,6.568,6.568,10.034,6.546,50.991
Barnala,2017,2017-08-14,2017-08-24,4.76,6.838,67.629,0.612,0.612,1.867,3.625,1.746,23.143
Bathinda,2017,2017-08-14,2017-08-24,1.665,0.947,45.905,0.085,0.085,1.272,1.504,0.289,16.548
Faridkot,2017,2017-08-14,2017-08-24,2.476,0.204,21.686,0.0,0.0,2.063,2.476,0.578,8.535
Fatehgarh Sahib,2017,2017-08-14,2017-08-24,58.343,29.533,103.564,8.946,8.946,20.488,41.073,14.186,47.087
Firozpur,2017,2017-08-14,2017-08-24,5.073,2.938,11.457,0.267,0.267,4.083,4.801,0.934,6.462
Gurdaspur,2017,2017-08-14,2017-08-24,16.92,137.68,116.214,4.359,4.416,5.011,9.307,4.363,119.45
Hoshiarpur,2017,2017-08-14,2017-08-24,49.096,211.612,61.917,11.014,11.014,13.59,34.949,12.795,144.882
Jalandhar,2017,2017-08-14,2017-08-24,94.477,65.172,71.094,5.425,5.425,47.295,88.902,38.866,65.358
Kapurthala,2017,2017-08-14,2017-08-24,91.703,81.419,103.275,2.837,2.837,46.329,88.831,37.652,83.644
Ludhiana,2017,2017-08-14,2017-08-24,52.887,37.251,80.297,6.023,6.023,27.22,43.288,11.522,51.787
Mansa,2017,2017-08-14,2017-08-24,0.924,0.429,34.351,0.775,0.775,0.775,0.775,0.138,10.881
Moga,2017,2017-08-14,2017-08-24,17.099,32.607,59.56,1.513,1.513,7.354,13.453,4.923,40.109
Muktsar,2017,2017-08-14,2017-08-24,8.633,0.318,15.156,0.013,0.013,8.14,8.62,1.246,6.37
Patiala,2017,2017-08-14,2017-08-24,45.528,23.01,104.1,15.335,15.335,15.043,23.259,14.751,46.683
Rupnagar,2017,2017-08-14,2017-08-24,127.77,159.639,59.332,14.492,14.506,35.932,96.259,32.039,117.466
Sahibzada Ajit Singh Nagar,2017,2017-08-14,2017-08-24,102.215,118.128,85.985,6.76,6.778,30.451,65.601,19.086,86.162
Sangrur,2017,2017-08-14,2017-08-24,8.133,14.204,64.032,2.559,2.559,2.228,3.493,2.187,29.421
Shahid Bhagat Singh Nagar,2017,2017-08-14,2017-08-24,96.682,109.722,78.02,6.62,6.62,41.635,74.256,19.615,96.504
Tarn Taran,2017,2017-08-14,2017-08-24,17.151,16.17,46.931,3.446,3.446,9.219,13.705,4.023,26.953
Amritsar,2017,2017-08-24,2017-09-03,36.359,16.602,29.268,11.749,11.749,11.573,21.036,11.294,28.396
Barnala,2017,2017-08-24,2017-09-03,71.41,4.76,6.838,2.965,2.965,29.267,55.371,26.376,12.191
Bathinda,2017,2017-08-24,2017-09-03,65.398,1.665,0.947,13.101,13.101,22.492,39.094,14.856,7.341
Faridkot,2017,2017-08-24,2017-09-03,78.008,2.476,0.204,12.491,12.491,57.254,63.319,16.967,5.06
Fatehgarh Sahib,2017,2017-08-24,2017-09-03,95.774,58.343,29.533,0.756,0.756,57.636,94.592,38.727,60.3
Firozpur,2017,2017-08-24,2017-09-03,35.103,5.073,2.938,3.478,3.478,21.46,29.065,6.287,6.22
Gurdaspur,2017,2017-08-24,2017-09-03,66.493,16.92,137.68,20.491,20.491,30.888,36.213,13.473,53.567
Hoshiarpur,2017,2017-08-24,2017-09-03,51.846,49.096,211.612,18.228,18.228,17.505,30.024,13.578,83.555
Jalandhar,2017,2017-08-24,2017-09-03,66.089,94.477,65.172,13.577,13.577,23.836,41.013,15.299,93.792
Kapurthala,2017,2017-08-24,2017-09-03,57.332,91.703,81.419,18.113,18.113,18.086,29.295,14.201,99.012
Ludhiana,2017,2017-08-24,2017-09-03,78.106,52.887,37.251,3.863,3.863,42.358,67.802,26.801,57.7
Mansa,2017,2017-08-24,2017-09-03,48.656,0.924,0.429,5.511,5.511,18.781,34.259,14.418,4.301
Moga,2017,2017-08-24,2017-09-03,104.587,17.099,32.607,16.683,16.683,47.921,69.704,23.079,27.156
Muktsar,2017,2017-08-24,2017-09-03,44.66,8.633,0.318,5.959,5.959,23.721,34.556,8.891,9.3
Patiala,2017,2017-08-24,2017-09-03,81.983,45.528,23.01,2.048,2.048,61.712,78.286,20.543,48.463
Rupnagar,2017,2017-08-24,2017-09-03,75.332,127.77,159.639,20.758,20.758,28.921,52.88,23.941,132.586
Sahibzada Ajit Singh Nagar,2017,2017-08-24,2017-09-03,67.367,102.215,118.128,10.064,10.079,27.726,54.004,25.57,108.87
Sangrur,2017,2017-08-24,2017-09-03,49.198,8.133,14.204,3.791,3.791,18.66,36.074,17.502,16.326
Shahid Bhagat Singh Nagar,2017,2017-08-24,2017-09-03,62.742,96.682,109.722,7.628,7.628,42.179,53.719,14.508,104.918
Tarn Taran,2017,2017-08-24,2017-09-03,24.443,17.151,16.17,6.479,6.479,11.759,16.299,6.032,21.707
Amritsar,2017,2017-09-03,2017-09-13,7.94,36.359,16.602,7.752,7.753,7.132,7.752,1.271,37.317
Barnala,2017,2017-09-03,2017-09-13,12.718,71.41,4.76,6.917,10.659,5.762,6.917,3.944,67.667
Bathinda,2017,2017-09-03,2017-09-13,5.128,65.398,1.665,1.502,1.945,2.828,2.888,1.059,54.141
Faridkot,2017,2017-09-03,2017-09-13,16.824,78.008,2.476,2.736,3.144,12.066,13.68,3.209,65.869
Fatehgarh Sahib,2017,2017-09-03,2017-09-13,14.041,95.774,58.343,3.43,8.426,5.275,10.271,5.024,112.564
Firozpur,2017,2017-09-03,2017-09-13,11.922,35.103,5.073,5.105,5.315,4.02,6.03,3.77,32.019
Gurdaspur,2017,2017-09-03,2017-09-13,34.643,66.493,16.92,25.109,25.736,22.771,25.109,6.145,69.473
Hoshiarpur,2017,2017-09-03,2017-09-13,19.758,51.846,49.096,11.95,13.572,10.682,11.95,5.862,68.607
Jalandhar,2017,2017-09-03,2017-09-13,11.975,66.089,94.477,2.535,4.317,3.338,6.588,3.259,86.442
Kapurthala,2017,2017-09-03,2017-09-13,19.959,57.332,91.703,4.149,5.425,6.315,12.122,5.858,77.885
Ludhiana,2017,2017-09-03,2017-09-13,11.488,78.106,52.887,5.403,7.501,3.947,6.045,2.696,91.881
Mansa,2017,2017-09-03,2017-09-13,1.74,48.656,0.924,1.428,1.671,1.181,1.428,0.337,42.573
Moga,2017,2017-09-03,2017-09-13,18.628,104.587,17.099,4.628,5.084,4.475,9.908,3.72,95.075
Muktsar,2017,2017-09-03,2017-09-13,19.527,44.66,8.633,9.144,9.798,9.607,9.723,7.406,40.608
Patiala,2017,2017-09-03,2017-09-13,7.934,81.983,45.528,1.94,3.782,4.139,5.981,2.072,95.57
Rupnagar,2017,2017-09-03,2017-09-13,20.859,75.332,127.77,1.106,2.899,17.428,19.221,3.356,107.291
Sahibzada Ajit Singh Nagar,2017,2017-09-03,2017-09-13,9.257,67.367,102.215,0.241,2.697,4.88,7.336,2.678,95.525
Sangrur,2017,2017-09-03,2017-09-13,3.191,49.198,8.133,2.612,2.946,2.509,2.612,0.551,48.503
Shahid Bhagat Singh Nagar,2017,2017-09-03,2017-09-13,18.076,62.742,96.682,0.66,1.037,13.06,16.994,4.847,93.738
Tarn Taran,2017,2017-09-03,2017-09-13,10.987,24.443,17.151,3.865,3.903,3.545,5.727,2.302,25.748
Amritsar,2017,2017-09-13,2017-09-23,0.0,7.94,36.359,0.0,0.0,0.0,0.0,0.0,16.814
Barnala,2017,2017-09-13,2017-09-23,0.0,12.718,71.41,0.0,0.0,0.0,0.0,0.0,30.149
Bathinda,2017,2017-09-13,2017-09-23,0.0,5.128,65.398,0.0,0.0,0.0,0.0,0.0,22.902
Faridkot,2017,2017-09-13,2017-09-23,0.0,16.824,78.008,0.0,0.0,0.0,0.0,0.0,37.989
Fatehgarh Sahib,2017,2017-09-13,2017-09-23,0.0,14.041,95.774,0.0,0.0,0.0,0.0,0.0,47.459
Firozpur,2017,2017-09-13,2017-09-23,2.179,11.922,35.103,2.179,2.179,2.179,2.179,0.218,19.759
Gurdaspur,2017,2017-09-13,2017-09-23,0.017,34.643,66.493,0.017,0.017,0.017,0.017,0.002,41.418
Hoshiarpur,2017,2017-09-13,2017-09-23,3.092,19.758,51.846,3.092,3.092,3.092,3.092,0.309,33.787
Jalandhar,2017,2017-09-13,2017-09-23,0.0,11.975,66.089,0.0,0.0,0.0,0.0,0.0,38.035
Kapurthala,2017,2017-09-13,2017-09-23,0.0,19.959,57.332,0.0,0.0,0.0,0.0,0.0,40.705
Ludhiana,2017,2017-09-13,2017-09-23,0.0,11.488,78.106,0.0,0.0,0.0,0.0,0.0,38.595
Mansa,2017,2017-09-13,2017-09-23,0.0,1.74,48.656,0.0,0.0,0.0,0.0,0.0,15.698
Moga,2017,2017-09-13,2017-09-23,0.0,18.628,104.587,0.0,0.0,0.0,0.0,0.0,46.6
Muktsar,2017,2017-09-13,2017-09-23,0.058,19.527,44.66,0.058,0.058,0.058,0.058,0.006,28.454
Patiala,2017,2017-09-13,2017-09-23,0.027,7.934,81.983,0.0,0.027,0.027,0.027,0.003,37.952
Rupnagar,2017,2017-09-13,2017-09-23,0.001,20.859,75.332,0.001,0.001,0.001,0.001,0.0,50.847
Sahibzada Ajit Singh Nagar,2017,2017-09-13,2017-09-23,0.0,9.257,67.367,0.0,0.0,0.0,0.0,0.0,39.574
Sangrur,2017,2017-09-13,2017-09-23,0.0,3.191,49.198,0.0,0.0,0.0,0.0,0.0,18.289
Shahid Bhagat Singh Nagar,2017,2017-09-13,2017-09-23,0.0,18.076,62.742,0.0,0.0,0.0,0.0,0.0,44.994
Tarn Taran,2017,2017-09-13,2017-09-23,0.0,10.987,24.443,0.0,0.0,0.0,0.0,0.0,16.421
Amritsar,2017,2017-09-23,2017-09-30,0.005,0.0,0.115,0.005,0.005,0.005,0.005,0.002,5.863
Barnala,2017,2017-09-23,2017-09-30,7.557,0.0,0.0,7.557,7.557,7.557,7.557,3.023,10.512
Bathinda,2017,2017-09-23,2017-09-30,1.061,0.0,2.888,1.061,1.061,1.061,1.061,0.424,7.985
Faridkot,2017,2017-09-23,2017-09-30,0.0,0.0,13.68,0.0,0.0,0.0,0.0,0.0,13.246
Fatehgarh Sahib,2017,2017-09-23,2017-09-30,44.759,0.0,0.34,44.759,44.759,26.841,44.759,21.487,16.548
Firozpur,2017,2017-09-23,2017-09-30,0.08,0.0,8.209,0.08,0.08,0.08,0.08,0.032,7.932
Gurdaspur,2017,2017-09-23,2017-09-30,5.578,0.0,5.879,5.441,5.449,4.772,5.441,2.31,14.449
Hoshiarpur,2017,2017-09-23,2017-09-30,19.7,0.0,3.951,19.531,19.531,16.925,19.531,8.192,13.112
Jalandhar,2017,2017-09-23,2017-09-30,5.059,0.0,4.408,5.059,5.059,4.879,5.059,2.06,13.262
Kapurthala,2017,2017-09-23,2017-09-30,1.718,0.0,8.727,1.718,1.718,1.669,1.718,0.697,14.193
Ludhiana,2017,2017-09-23,2017-09-30,28.266,0.0,1.43,28.266,28.266,25.702,28.266,11.819,13.457
Mansa,2017,2017-09-23,2017-09-30,0.388,0.0,0.0,0.388,0.388,0.358,0.388,0.161,5.473
Moga,2017,2017-09-23,2017-09-30,1.582,0.0,9.908,1.582,1.582,1.581,1.582,0.633,16.248
Muktsar,2017,2017-09-23,2017-09-30,0.0,0.0,9.781,0.0,0.0,0.0,0.0,0.0,9.949
Patiala,2017,2017-09-23,2017-09-30,34.281,0.027,0.013,34.281,34.281,22.864,34.281,15.996,13.249
Rupnagar,2017,2017-09-23,2017-09-30,73.237,0.0,0.533,72.362,72.362,53.824,72.362,32.535,17.73
Sahibzada Ajit Singh Nagar,2017,2017-09-23,2017-09-30,65.396,0.0,1.68,65.306,65.306,33.593,65.306,32.465,13.798
Sangrur,2017,2017-09-23,2017-09-30,11.207,0.0,0.0,11.207,11.207,10.393,11.207,4.646,6.377
Shahid Bhagat Singh Nagar,2017,2017-09-23,2017-09-30,62.355,0.0,3.979,62.037,62.037,53.158,62.037,26.358,15.689
Tarn Taran,2017,2017-09-23,2017-09-30,0.492,0.0,5.727,0.492,0.492,0.492,0.492,0.197,5.726
Amritsar,2018,2018-06-15,2018-06-25,9.346,22.844,0.149,9.329,9.332,8.256,9.332,1.791,10.943
Barnala,2018,2018-06-15,2018-06-25,43.889,18.009,0.669,40.145,43.889,34.512,43.889,8.521,11.537
Bathinda,2018,2018-06-15,2018-06-25,26.386,9.922,0.12,16.139,26.251,15.565,25.677,9.074,6.734
Faridkot,2018,2018-06-15,2018-06-25,30.995,3.104,0.006,24.606,25.128,24.606,25.128,7.741,2.009
Fatehgarh Sahib,2018,2018-06-15,2018-06-25,56.125,44.1,4.882,55.838,56.125,33.972,56.125,23.077,26.997
Firozpur,2018,2018-06-15,2018-06-25,21.113,4.937,0.037,15.948,18.906,15.75,18.906,4.237,2.391
Gurdaspur,2018,2018-06-15,2018-06-25,6.403,31.583,1.81,5.447,5.547,2.894,5.447,2.331,18.373
Hoshiarpur,2018,2018-06-15,2018-06-25,14.169,32.299,3.405,13.993,14.053,11.227,14.031,3.592,18.819
Jalandhar,2018,2018-06-15,2018-06-25,18.921,28.736,1.564,16.698,18.921,9.714,18.921,7.257,16.128
Kapurthala,2018,2018-06-15,2018-06-25,17.092,35.101,2.21,15.5,17.08,10.592,17.08,5.476,19.486
Ludhiana,2018,2018-06-15,2018-06-25,37.059,29.978,1.279,36.155,37.059,23.087,37.059,14.07,17.198
Mansa,2018,2018-06-15,2018-06-25,22.856,10.026,0.009,9.063,22.856,13.793,22.856,9.442,6.227
Moga,2018,2018-06-15,2018-06-25,18.881,6.511,1.109,16.356,18.637,14.639,18.637,3.517,4.074
Muktsar,2018,2018-06-15,2018-06-25,27.692,2.085,0.0,22.617,25.665,22.617,25.665,4.758,1.456
Patiala,2018,2018-06-15,2018-06-25,41.959,29.526,5.816,38.03,41.959,22.995,41.959,15.831,18.839
Rupnagar,2018,2018-06-15,2018-06-25,40.243,38.942,4.17,40.165,40.243,22.298,40.165,18.158,23.906
Sahibzada Ajit Singh Nagar,2018,2018-06-15,2018-06-25,53.208,26.328,7.653,52.956,53.207,26.814,53.145,26.153,17.702
Sangrur,2018,2018-06-15,2018-06-25,27.889,10.756,0.367,19.846,27.889,17.006,27.889,8.939,6.667
Shahid Bhagat Singh Nagar,2018,2018-06-15,2018-06-25,42.994,56.783,2.26,42.179,42.994,25.188,42.994,17.811,33.358
Tarn Taran,2018,2018-06-15,2018-06-25,12.256,22.939,0.297,11.844,12.01,9.464,12.01,3.088,10.988
Amritsar,2018,2018-06-25,2018-07-05,100.553,9.346,22.844,8.563,25.143,52.087,60.83,17.88,8.239
Barnala,2018,2018-06-25,2018-07-05,87.455,43.889,18.009,0.826,30.313,32.685,54.926,23.285,24.944
Bathinda,2018,2018-06-25,2018-07-05,60.978,26.386,9.922,0.41,9.287,36.014,38.672,13.804,15.639
Faridkot,2018,2018-06-25,2018-07-05,64.741,30.995,3.104,2.143,9.61,29.503,38.702,15.714,18.027
Fatehgarh Sahib,2018,2018-06-25,2018-07-05,109.05,56.125,44.1,9.509,36.683,50.004,71.454,23.606,35.227
Firozpur,2018,2018-06-25,2018-07-05,68.203,21.113,4.937,2.061,10.175,31.081,35.293,17.676,11.888
Gurdaspur,2018,2018-06-25,2018-07-05,88.321,6.403,31.583,5.019,41.237,35.034,41.236,27.678,9.653
Hoshiarpur,2018,2018-06-25,2018-07-05,161.564,14.169,32.299,13.474,117.365,66.175,117.013,40.562,12.842
Jalandhar,2018,2018-06-25,2018-07-05,114.306,18.921,28.736,2.535,60.872,38.074,62.659,32.464,14.458
Kapurthala,2018,2018-06-25,2018-07-05,105.708,17.092,35.101,6.937,52.861,26.89,55.931,25.46,14.822
Ludhiana,2018,2018-06-25,2018-07-05,96.643,37.059,29.978,0.435,59.587,31.028,59.997,28.414,23.145
Mansa,2018,2018-06-25,2018-07-05,67.709,22.856,10.026,1.894,30.81,27.814,37.035,18.809,13.831
Moga,2018,2018-06-25,2018-07-05,46.464,18.881,6.511,0.506,16.275,13.288,29.057,10.115,10.593
Muktsar,2018,2018-06-25,2018-07-05,118.115,27.692,2.085,2.507,12.135,60.317,61.707,31.81,14.773
Patiala,2018,2018-06-25,2018-07-05,105.038,41.959,29.526,14.473,43.153,30.487,61.374,29.632,26.127
Rupnagar,2018,2018-06-25,2018-07-05,133.379,40.243,38.942,3.107,70.454,60.912,69.616,46.627,26.506
Sahibzada Ajit Singh Nagar,2018,2018-06-25,2018-07-05,91.823,53.208,26.328,4.847,21.681,50.795,68.253,20.495,30.347
Sangrur,2018,2018-06-25,2018-07-05,103.811,27.889,10.756,2.018,48.349,45.806,52.786,29.541,15.955
Shahid Bhagat Singh Nagar,2018,2018-06-25,2018-07-05,148.322,42.994,56.783,0.563,104.654,69.542,105.025,38.048,31.033
Tarn Taran,2018,2018-06-25,2018-07-05,81.627,12.256,22.939,5.517,20.154,33.061,43.235,19.09,9.692
Amritsar,2018,2018-07-05,2018-07-15,29.995,100.553,9.346,0.793,0.793,12.876,23.508,10.374,81.472
Barnala,2018,2018-07-05,2018-07-15,14.861,87.455,43.889,5.223,5.223,5.84,9.638,5.285,79.951
Bathinda,2018,2018-07-05,2018-07-15,11.17,60.978,26.386,9.105,9.105,9.105,9.105,2.725,57.738
Faridkot,2018,2018-07-05,2018-07-15,7.529,64.741,30.995,6.549,6.549,6.549,6.549,1.536,54.565
Fatehgarh Sahib,2018,2018-07-05,2018-07-15,9.696,109.05,56.125,0.168,0.168,5.833,6.146,3.627,98.154
Firozpur,2018,2018-07-05,2018-07-15,10.904,68.203,21.113,6.539,6.539,6.539,6.539,3.98,59.968
Gurdaspur,2018,2018-07-05,2018-07-15,58.455,88.321,6.403,0.152,0.218,38.164,55.63,15.083,67.548
Hoshiarpur,2018,2018-07-05,2018-07-15,71.919,161.564,14.169,0.635,0.635,42.866,58.922,17.036,109.134
Jalandhar,2018,2018-07-05,2018-07-15,52.266,114.306,18.921,0.897,0.897,33.495,46.629,10.469,87.6
Kapurthala,2018,2018-07-05,2018-07-15,54.455,105.708,17.092,3.035,3.035,26.181,42.344,10.812,80.168
Ludhiana,2018,2018-07-05,2018-07-15,41.181,96.643,37.059,0.084,0.084,25.472,39.571,15.073,75.826
Mansa,2018,2018-07-05,2018-07-15,9.443,67.709,22.856,3.374,3.374,5.34,6.069,3.571,55.973
Moga,2018,2018-07-05,2018-07-15,17.49,46.464,18.881,2.253,2.253,8.883,11.287,4.443,37.597
Muktsar,2018,2018-07-05,2018-07-15,15.128,118.115,27.692,15.116,15.116,15.116,15.116,1.522,103.527
Patiala,2018,2018-07-05,2018-07-15,29.691,105.038,41.959,4.23,4.23,15.327,16.958,9.185,89.923
Rupnagar,2018,2018-07-05,2018-07-15,30.21,133.379,40.243,0.05,0.05,11.936,18.054,11.341,103.939
Sahibzada Ajit Singh Nagar,2018,2018-07-05,2018-07-15,22.35,91.823,53.208,0.037,0.037,8.348,16.12,5.609,86.44
Sangrur,2018,2018-07-05,2018-07-15,31.973,103.811,27.889,5.144,5.144,19.641,26.824,8.429,86.535
Shahid Bhagat Singh Nagar,2018,2018-07-05,2018-07-15,40.499,148.322,42.994,0.0,0.0,23.184,36.238,13.727,108.596
Tarn Taran,2018,2018-07-05,2018-07-15,25.599,81.627,12.256,1.23,1.23,14.032,18.777,4.927,66.115
Amritsar,2018,2018-07-15,2018-07-25,18.456,29.995,100.553,0.653,2.467,10.29,15.924,4.611,53.314
Barnala,2018,2018-07-15,2018-07-25,76.031,14.861,87.455,13.905,42.668,23.787,42.664,19.953,39.159
Bathinda,2018,2018-07-15,2018-07-25,23.075,11.17,60.978,1.56,6.849,10.543,16.014,4.659,25.72
Faridkot,2018,2018-07-15,2018-07-25,57.6,7.529,64.741,0.034,0.517,27.042,52.133,15.833,22.445
Fatehgarh Sahib,2018,2018-07-15,2018-07-25,93.164,9.696,109.05,21.878,41.758,25.786,50.354,18.877,42.852
Firozpur,2018,2018-07-15,2018-07-25,23.614,10.904,68.203,0.395,1.036,7.993,18.581,7.284,27.238
Gurdaspur,2018,2018-07-15,2018-07-25,39.433,58.455,88.321,12.512,19.397,7.017,17.478,6.647,68.894
Hoshiarpur,2018,2018-07-15,2018-07-25,86.146,71.919,161.564,26.606,44.856,22.464,40.076,17.164,101.585
Jalandhar,2018,2018-07-15,2018-07-25,74.699,52.266,114.306,32.887,43.39,22.833,35.112,17.191,76.444
Kapurthala,2018,2018-07-15,2018-07-25,56.951,54.455,105.708,14.001,22.855,18.303,33.951,11.11,73.725
Ludhiana,2018,2018-07-15,2018-07-25,110.317,41.181,96.643,59.947,83.881,50.317,74.251,20.13,65.726
Mansa,2018,2018-07-15,2018-07-25,36.769,9.443,67.709,2.879,7.648,14.862,28.685,12.942,26.82
Moga,2018,2018-07-15,2018-07-25,48.989,17.49,46.464,14.165,22.572,14.15,25.752,13.679,26.804
Muktsar,2018,2018-07-15,2018-07-25,34.138,15.128,118.115,0.0,0.763,15.521,32.883,15.188,41.965
Patiala,2018,2018-07-15,2018-07-25,69.923,29.691,105.038,26.313,44.641,17.762,36.655,11.928,55.857
Rupnagar,2018,2018-07-15,2018-07-25,90.741,30.21,133.379,40.613,66.873,25.885,40.613,19.688,62.232
Sahibzada Ajit Singh Nagar,2018,2018-07-15,2018-07-25,82.559,22.35,91.823,20.34,37.123,19.392,39.686,18.233,49.723
Sangrur,2018,2018-07-15,2018-07-25,78.961,31.973,103.811,26.454,46.572,26.076,46.194,20.003,58.275
Shahid Bhagat Singh Nagar,2018,2018-07-15,2018-07-25,92.48,40.499,148.322,52.986,78.252,41.334,58.296,20.224,75.87
Tarn Taran,2018,2018-07-15,2018-07-25,25.822,25.599,81.627,2.689,7.458,13.647,17.083,5.43,44.594
Amritsar,2018,2018-07-25,2018-08-04,74.403,18.456,29.995,56.351,57.435,35.598,56.452,21.397,35.211
Barnala,2018,2018-07-25,2018-08-04,20.504,76.031,14.861,15.128,15.519,12.27,15.216,4.264,68.472
Bathinda,2018,2018-07-25,2018-08-04,28.712,23.075,11.17,24.001,27.997,12.516,24.001,11.345,26.55
Faridkot,2018,2018-07-25,2018-08-04,35.626,57.6,7.529,30.286,34.265,23.84,30.286,5.956,55.141
Fatehgarh Sahib,2018,2018-07-25,2018-08-04,33.651,93.164,9.696,15.885,27.28,12.054,27.28,11.461,83.396
Firozpur,2018,2018-07-25,2018-08-04,19.456,23.614,10.904,16.352,18.074,12.421,16.352,3.132,28.843
Gurdaspur,2018,2018-07-25,2018-08-04,51.488,39.433,58.455,38.738,42.507,25.364,38.738,10.46,50.779
Hoshiarpur,2018,2018-07-25,2018-08-04,79.978,86.146,71.919,54.612,59.071,35.614,56.254,19.685,93.928
Jalandhar,2018,2018-07-25,2018-08-04,55.222,74.699,52.266,39.273,43.683,25.34,39.273,11.342,75.588
Kapurthala,2018,2018-07-25,2018-08-04,64.309,56.951,54.455,49.605,52.322,36.266,49.605,12.348,68.732
Ludhiana,2018,2018-07-25,2018-08-04,39.525,110.317,41.181,23.195,30.259,17.325,29.245,7.627,88.904
Mansa,2018,2018-07-25,2018-08-04,23.02,36.769,9.443,10.915,18.901,10.549,11.071,8.102,38.349
Moga,2018,2018-07-25,2018-08-04,61.374,48.989,17.49,54.876,57.361,43.933,54.876,9.817,45.731
Muktsar,2018,2018-07-25,2018-08-04,11.237,34.138,15.128,8.934,9.832,4.65,8.934,4.179,43.325
Patiala,2018,2018-07-25,2018-08-04,39.492,69.923,29.691,21.612,28.68,11.611,28.13,10.044,63.48
Rupnagar,2018,2018-07-25,2018-08-04,145.48,90.741,30.21,108.534,125.187,62.519,118.973,47.595,76.397
Sahibzada Ajit Singh Nagar,2018,2018-07-25,2018-08-04,74.819,82.559,22.35,42.072,68.962,37.849,64.739,24.096,76.037
Sangrur,2018,2018-07-25,2018-08-04,20.044,78.961,31.973,10.605,11.141,9.905,10.738,4.93,72.169
Shahid Bhagat Singh Nagar,2018,2018-07-25,2018-08-04,68.597,92.48,40.499,44.964,51.174,23.398,49.106,21.367,76.89
Tarn Taran,2018,2018-07-25,2018-08-04,68.016,25.822,25.599,54.37,55.493,35.579,54.37,18.982,37.141
Amritsar,2018,2018-08-04,2018-08-14,32.615,74.403,18.456,3.453,11.815,11.297,14.88,5.469,49.449
Barnala,2018,2018-08-04,2018-08-14,34.099,20.504,76.031,2.184,16.745,15.216,29.777,11.82,34.612
Bathinda,2018,2018-08-04,2018-08-14,16.939,28.712,23.075,0.468,4.346,5.587,14.197,5.285,22.998
Faridkot,2018,2018-08-04,2018-08-14,11.057,35.626,57.6,0.0,1.259,4.852,9.781,3.587,35.514
Fatehgarh Sahib,2018,2018-08-04,2018-08-14,75.102,33.651,93.164,10.023,18.318,23.862,45.472,21.835,47.387
Firozpur,2018,2018-08-04,2018-08-14,6.784,19.456,23.614,0.618,2.11,1.689,3.809,1.548,19.011
Gurdaspur,2018,2018-08-04,2018-08-14,134.724,51.488,39.433,40.564,67.197,48.206,66.517,25.773,44.568
Hoshiarpur,2018,2018-08-04,2018-08-14,220.715,79.978,86.146,56.238,108.451,63.509,108.096,44.193,77.189
Jalandhar,2018,2018-08-04,2018-08-14,62.237,55.222,74.699,6.41,32.859,15.462,34.241,13.805,55.66
Kapurthala,2018,2018-08-04,2018-08-14,70.016,64.309,56.951,11.734,41.921,16.314,37.253,14.117,57.632
Ludhiana,2018,2018-08-04,2018-08-14,54.592,39.525,110.317,10.642,26.814,13.594,25.94,10.151,52.384
Mansa,2018,2018-08-04,2018-08-14,10.128,23.02,36.769,0.267,4.907,4.934,9.574,4.401,25.706
Moga,2018,2018-08-04,2018-08-14,42.9,61.374,48.989,8.109,21.01,9.423,20.33,8.789,44.164
Muktsar,2018,2018-08-04,2018-08-14,9.517,11.237,34.138,0.0,0.37,3.723,9.147,3.196,20.617
Patiala,2018,2018-08-04,2018-08-14,41.108,39.492,69.923,4.837,17.739,9.218,17.425,8.749,43.701
Rupnagar,2018,2018-08-04,2018-08-14,205.091,145.48,90.741,34.801,47.441,79.722,151.709,61.016,104.689
Sahibzada Ajit Singh Nagar,2018,2018-08-04,2018-08-14,135.092,74.819,82.559,26.763,38.889,57.019,92.33,37.482,66.138
Sangrur,2018,2018-08-04,2018-08-14,28.529,20.044,78.961,0.145,9.167,9.628,18.65,8.229,36.625
Shahid Bhagat Singh Nagar,2018,2018-08-04,2018-08-14,93.839,68.597,92.48,16.936,29.921,34.626,59.934,21.247,66.213
Tarn Taran,2018,2018-08-04,2018-08-14,40.078,68.016,25.822,4.549,18.927,10.744,21.612,7.585,46.419
Amritsar,2018,2018-08-14,2018-08-24,26.792,32.615,74.403,11.499,13.115,9.987,12.684,8.347,41.894
Barnala,2018,2018-08-14,2018-08-24,53.845,34.099,20.504,12.957,15.515,29.218,32.951,11.393,33.256
Bathinda,2018,2018-08-14,2018-08-24,32.677,16.939,28.712,15.18,15.192,13.242,15.18,12.535,19.443
Faridkot,2018,2018-08-14,2018-08-24,28.041,11.057,35.626,14.191,14.191,13.419,14.191,12.683,20.557
Fatehgarh Sahib,2018,2018-08-14,2018-08-24,53.786,75.102,33.651,7.478,13.738,26.072,30.961,10.785,76.886
Firozpur,2018,2018-08-14,2018-08-24,18.919,6.784,19.456,8.592,8.772,7.96,8.719,7.106,11.427
Gurdaspur,2018,2018-08-14,2018-08-24,79.21,134.724,51.488,35.535,37.55,23.29,37.508,21.545,113.967
Hoshiarpur,2018,2018-08-14,2018-08-24,90.267,220.715,79.978,10.227,22.163,31.069,63.084,29.662,186.237
Jalandhar,2018,2018-08-14,2018-08-24,72.484,62.237,55.222,5.716,15.816,26.594,43.44,17.376,61.037
Kapurthala,2018,2018-08-14,2018-08-24,76.487,70.016,64.309,10.471,16.354,19.633,39.108,16.622,65.74
Ludhiana,2018,2018-08-14,2018-08-24,22.076,54.592,39.525,2.065,9.478,7.413,10.775,6.601,55.529
Mansa,2018,2018-08-14,2018-08-24,24.34,10.128,23.02,15.088,15.116,15.028,15.088,6.612,15.282
Moga,2018,2018-08-14,2018-08-24,54.412,42.9,61.374,9.804,9.948,16.343,31.403,12.916,44.001
Muktsar,2018,2018-08-14,2018-08-24,25.896,9.517,11.237,15.599,15.599,14.665,15.599,9.808,13.989
Patiala,2018,2018-08-14,2018-08-24,59.769,41.108,39.492,5.233,20.965,20.255,35.987,16.825,44.41
Rupnagar,2018,2018-08-14,2018-08-24,22.175,205.091,145.48,10.013,13.545,8.716,10.013,4.092,203.923
Sahibzada Ajit Singh Nagar,2018,2018-08-14,2018-08-24,59.97,135.092,74.819,10.034,42.097,31.937,35.419,12.194,133.286
Sangrur,2018,2018-08-14,2018-08-24,29.649,28.529,20.044,5.187,10.979,16.872,22.664,6.29,32.804
Shahid Bhagat Singh Nagar,2018,2018-08-14,2018-08-24,19.189,93.839,68.597,5.456,7.692,8.499,11.284,4.795,95.645
Tarn Taran,2018,2018-08-14,2018-08-24,39.341,40.078,68.016,10.587,14.176,7.751,17.415,6.897,43.994
Amritsar,2018,2018-08-24,2018-09-03,2.651,26.792,32.615,0.496,1.679,1.183,1.472,0.992,32.936
Barnala,2018,2018-08-24,2018-09-03,7.222,53.845,34.099,4.995,4.995,3.741,4.995,1.861,54.311
Bathinda,2018,2018-08-24,2018-09-03,0.717,32.677,16.939,0.537,0.537,0.389,0.537,0.172,29.193
Faridkot,2018,2018-08-24,2018-09-03,0.06,28.041,11.057,0.051,0.051,0.051,0.051,0.013,22.83
Fatehgarh Sahib,2018,2018-08-24,2018-09-03,61.321,53.786,75.102,16.853,17.448,34.731,34.996,10.585,69.517
Firozpur,2018,2018-08-24,2018-09-03,0.666,18.919,6.784,0.152,0.228,0.262,0.438,0.185,15.099
Gurdaspur,2018,2018-08-24,2018-09-03,36.443,79.21,134.724,16.09,16.229,14.285,17.015,9.037,93.338
Hoshiarpur,2018,2018-08-24,2018-09-03,70.873,90.267,220.715,41.101,41.116,20.54,41.101,14.36,136.416
Jalandhar,2018,2018-08-24,2018-09-03,21.698,72.484,62.237,11.541,12.636,7.579,11.541,6.679,78.784
Kapurthala,2018,2018-08-24,2018-09-03,14.081,76.487,70.016,7.33,8.27,5.409,7.33,3.937,80.06
Ludhiana,2018,2018-08-24,2018-09-03,21.835,22.076,54.592,4.966,5.038,10.177,10.478,6.705,35.519
Mansa,2018,2018-08-24,2018-09-03,2.474,24.34,10.128,2.396,2.396,2.34,2.396,0.29,19.85
Moga,2018,2018-08-24,2018-09-03,4.498,54.412,42.9,0.91,0.912,2.156,3.535,1.457,54.968
Muktsar,2018,2018-08-24,2018-09-03,0.0,25.896,9.517,0.0,0.0,0.0,0.0,0.0,18.745
Patiala,2018,2018-08-24,2018-09-03,47.209,59.769,41.108,17.183,20.831,23.521,23.748,10.035,58.353
Rupnagar,2018,2018-08-24,2018-09-03,81.746,22.175,205.091,36.834,37.281,20.609,36.834,16.577,84.959
Sahibzada Ajit Singh Nagar,2018,2018-08-24,2018-09-03,56.642,59.97,135.092,25.533,29.647,20.987,25.533,16.789,85.156
Sangrur,2018,2018-08-24,2018-09-03,6.736,29.649,28.529,2.654,2.883,3.413,3.642,2.622,29.762
Shahid Bhagat Singh Nagar,2018,2018-08-24,2018-09-03,63.726,19.189,93.839,23.461,23.692,24.928,25.989,12.112,47.775
Tarn Taran,2018,2018-08-24,2018-09-03,4.97,39.341,40.078,0.362,2.295,1.933,2.675,1.647,41.979
Amritsar,2018,2018-09-03,2018-09-13,29.847,2.651,26.792,2.527,4.324,13.992,23.294,7.36,13.04
Barnala,2018,2018-09-03,2018-09-13,29.046,7.222,53.845,8.788,8.79,17.354,18.793,6.396,22.992
Bathinda,2018,2018-09-03,2018-09-13,7.756,0.717,32.677,1.202,1.202,4.733,4.883,1.921,10.569
Faridkot,2018,2018-09-03,2018-09-13,7.445,0.06,28.041,0.0,0.0,5.18,6.614,1.809,7.99
Fatehgarh Sahib,2018,2018-09-03,2018-09-13,70.475,61.321,53.786,39.038,47.506,27.556,39.038,15.866,73.315
Firozpur,2018,2018-09-03,2018-09-13,5.272,0.666,18.919,0.163,0.339,2.572,4.187,1.678,5.702
Gurdaspur,2018,2018-09-03,2018-09-13,23.284,36.443,79.21,5.023,14.656,6.041,12.099,4.976,55.085
Hoshiarpur,2018,2018-09-03,2018-09-13,66.061,70.873,90.267,34.026,38.564,19.804,34.026,17.477,91.042
Jalandhar,2018,2018-09-03,2018-09-13,61.846,21.698,72.484,14.695,16.053,26.578,41.832,14.753,39.938
Kapurthala,2018,2018-09-03,2018-09-13,88.749,14.081,76.487,17.385,20.26,29.046,64.707,27.606,35.849
Ludhiana,2018,2018-09-03,2018-09-13,97.645,21.835,22.076,16.54,23.737,47.881,70.748,17.921,28.517
Mansa,2018,2018-09-03,2018-09-13,4.332,2.474,24.34,2.522,2.528,2.041,2.522,1.492,7.915
Moga,2018,2018-09-03,2018-09-13,22.687,4.498,54.412,3.983,5.336,13.487,14.906,3.456,22.301
Muktsar,2018,2018-09-03,2018-09-13,8.3,0.0,25.896,0.0,0.0,4.042,4.316,3.967,6.536
Patiala,2018,2018-09-03,2018-09-13,60.55,47.209,59.769,27.677,46.334,17.221,30.606,13.815,55.271
Rupnagar,2018,2018-09-03,2018-09-13,146.484,81.746,22.175,48.021,58.251,41.844,69.35,27.876,82.499
Sahibzada Ajit Singh Nagar,2018,2018-09-03,2018-09-13,73.515,56.642,59.97,30.009,36.298,14.282,30.009,14.183,62.442
Sangrur,2018,2018-09-03,2018-09-13,30.46,6.736,29.649,6.683,12.753,13.702,20.978,6.54,14.472
Shahid Bhagat Singh Nagar,2018,2018-09-03,2018-09-13,103.687,63.726,19.189,23.746,28.083,48.819,66.079,20.221,62.604
Tarn Taran,2018,2018-09-03,2018-09-13,32.462,4.97,39.341,2.224,3.638,13.719,27.645,11.627,17.847
Amritsar,2018,2018-09-13,2018-09-23,2.936,29.847,2.651,2.276,2.311,1.185,2.276,1.1,26.366
Barnala,2018,2018-09-13,2018-09-23,15.19,29.046,7.222,13.724,13.724,13.724,13.724,2.692,25.727
Bathinda,2018,2018-09-13,2018-09-23,1.746,7.756,0.717,1.653,1.653,1.653,1.653,0.249,9.103
Faridkot,2018,2018-09-13,2018-09-23,0.0,7.445,0.06,0.0,0.0,0.0,0.0,0.0,8.093
Fatehgarh Sahib,2018,2018-09-13,2018-09-23,33.492,70.475,61.321,11.274,11.274,22.218,22.218,11.988,63.552
Firozpur,2018,2018-09-13,2018-09-23,0.056,5.272,0.666,0.0,0.056,0.056,0.056,0.006,5.849
Gurdaspur,2018,2018-09-13,2018-09-23,27.003,23.284,36.443,22.271,22.271,11.442,22.271,10.871,34.036
Hoshiarpur,2018,2018-09-13,2018-09-23,53.646,66.061,70.873,50.341,50.636,35.684,50.341,16.76,68.702
Jalandhar,2018,2018-09-13,2018-09-23,21.878,61.846,21.698,20.163,21.625,11.141,20.163,9.234,54.731
Kapurthala,2018,2018-09-13,2018-09-23,18.007,88.749,14.081,16.193,17.878,10.221,16.193,6.397,73.222
Ludhiana,2018,2018-09-13,2018-09-23,31.608,97.645,21.835,26.668,27.797,26.347,26.668,6.065,73.924
Mansa,2018,2018-09-13,2018-09-23,3.554,4.332,2.474,0.713,0.713,2.841,2.841,0.926,5.086
Moga,2018,2018-09-13,2018-09-23,4.291,22.687,4.498,3.854,4.284,3.854,3.854,0.772,22.477
Muktsar,2018,2018-09-13,2018-09-23,0.0,8.3,0.0,0.0,0.0,0.0,0.0,0.0,9.134
Patiala,2018,2018-09-13,2018-09-23,36.929,60.55,47.209,11.411,11.411,25.518,25.518,12.787,51.315
Rupnagar,2018,2018-09-13,2018-09-23,38.595,146.484,81.746,26.302,26.352,16.528,26.302,12.671,121.586
Sahibzada Ajit Singh Nagar,2018,2018-09-13,2018-09-23,31.437,73.515,56.642,8.089,8.089,23.348,23.348,6.691,67.079
Sangrur,2018,2018-09-13,2018-09-23,18.091,30.46,6.736,8.086,8.086,10.005,10.005,8.278,23.474
Shahid Bhagat Singh Nagar,2018,2018-09-13,2018-09-23,25.34,103.687,63.726,17.072,20.141,9.384,17.072,7.858,89.428
Tarn Taran,2018,2018-09-13,2018-09-23,0.873,32.462,4.97,0.479,0.837,0.358,0.602,0.255,29.061
Amritsar,2018,2018-09-23,2018-09-30,268.747,0.66,21.176,260.459,260.459,192.28,260.459,113.765,10.766
Barnala,2018,2018-09-23,2018-09-30,124.213,1.466,16.626,124.213,124.213,65.513,124.213,48.711,15.754
Bathinda,2018,2018-09-23,2018-09-30,53.767,0.093,3.474,53.767,53.767,40.898,53.767,22.046,3.907
Faridkot,2018,2018-09-23,2018-09-30,64.623,0.0,2.265,64.623,64.623,40.637,64.623,29.761,2.822
Fatehgarh Sahib,2018,2018-09-23,2018-09-30,164.262,22.218,19.676,163.94,163.94,55.696,163.94,55.077,48.763
Firozpur,2018,2018-09-23,2018-09-30,39.01,0.056,2.361,38.451,38.451,25.307,38.451,17.199,2.069
Gurdaspur,2018,2018-09-23,2018-09-30,253.405,4.732,28.433,249.829,249.829,166.657,249.829,112.288,25.723
Hoshiarpur,2018,2018-09-23,2018-09-30,242.582,3.305,60.62,240.223,240.223,98.361,240.223,86.44,48.161
Jalandhar,2018,2018-09-23,2018-09-30,205.021,1.715,39.378,202.32,202.32,84.948,202.32,76.804,28.313
Kapurthala,2018,2018-09-23,2018-09-30,239.456,1.814,57.236,237.725,237.725,109.826,237.725,102.67,33.086
Ludhiana,2018,2018-09-23,2018-09-30,173.721,4.94,52.695,173.118,173.118,88.158,173.118,68.801,40.532
Mansa,2018,2018-09-23,2018-09-30,42.555,2.841,1.086,42.555,42.555,30.441,42.555,17.791,4.891
Moga,2018,2018-09-23,2018-09-30,96.523,0.437,7.718,94.421,94.421,58.348,94.421,40.791,9.566
Muktsar,2018,2018-09-23,2018-09-30,56.565,0.0,4.258,56.565,56.565,39.921,56.565,25.604,3.185
Patiala,2018,2018-09-23,2018-09-30,153.361,25.518,13.678,153.361,153.361,54.047,153.361,51.998,47.833
Rupnagar,2018,2018-09-23,2018-09-30,221.516,12.293,72.691,221.338,221.338,97.845,221.338,92.323,65.565
Sahibzada Ajit Singh Nagar,2018,2018-09-23,2018-09-30,130.855,23.348,31.134,130.786,130.786,49.858,130.786,47.451,50.01
Sangrur,2018,2018-09-23,2018-09-30,120.382,10.005,12.091,120.381,120.381,52.596,120.381,41.478,21.322
Shahid Bhagat Singh Nagar,2018,2018-09-23,2018-09-30,184.29,8.268,43.857,184.19,184.19,88.618,184.19,75.722,44.956
Tarn Taran,2018,2018-09-23,2018-09-30,225.147,0.394,15.584,220.012,220.012,153.002,220.012,94.177,10.556
Amritsar,2019,2019-06-15,2019-06-25,14.53,2.035,0.159,4.209,9.575,5.364,9.573,4.996,2.665
Barnala,2019,2019-06-15,2019-06-25,20.085,0.534,0.432,1.354,19.869,17.313,18.667,2.95,1.861
Bathinda,2019,2019-06-15,2019-06-25,26.762,2.37,0.045,1.004,25.451,18.392,24.447,7.289,3.759
Faridkot,2019,2019-06-15,2019-06-25,27.201,2.802,0.0,3.35,21.717,18.1,21.45,6.746,4.801
Fatehgarh Sahib,2019,2019-06-15,2019-06-25,22.416,4.525,2.311,0.457,20.461,20.004,20.461,3.76,4.72
Firozpur,2019,2019-06-15,2019-06-25,15.062,0.699,0.231,3.204,10.726,6.837,10.041,4.537,2.413
Gurdaspur,2019,2019-06-15,2019-06-25,15.342,2.9,3.078,0.494,14.782,14.288,14.782,1.914,3.819
Hoshiarpur,2019,2019-06-15,2019-06-25,7.165,1.556,5.286,1.398,6.736,5.338,6.736,1.79,4.214
Jalandhar,2019,2019-06-15,2019-06-25,15.435,2.164,3.014,1.314,8.052,7.383,8.052,6.802,4.105
Kapurthala,2019,2019-06-15,2019-06-25,9.359,1.285,3.115,0.656,7.786,7.13,7.786,2.129,3.442
Ludhiana,2019,2019-06-15,2019-06-25,22.974,2.34,1.756,3.69,11.256,11.718,11.719,7.98,3.209
Mansa,2019,2019-06-15,2019-06-25,21.193,0.092,0.006,2.216,20.693,14.887,18.477,4.72,1.316
Moga,2019,2019-06-15,2019-06-25,17.363,0.837,1.257,2.131,5.6,11.763,11.763,4.298,2.198
Muktsar,2019,2019-06-15,2019-06-25,28.931,1.074,0.0,4.143,28.15,22.926,27.069,6.021,2.582
Patiala,2019,2019-06-15,2019-06-25,24.495,2.637,0.228,0.179,24.477,23.983,24.298,2.682,2.94
Rupnagar,2019,2019-06-15,2019-06-25,6.213,6.069,6.488,0.031,4.478,4.447,4.682,1.754,8.266
Sahibzada Ajit Singh Nagar,2019,2019-06-15,2019-06-25,7.269,7.139,7.245,0.07,3.899,3.829,4.146,3.036,9.736
Sangrur,2019,2019-06-15,2019-06-25,17.873,1.276,0.003,0.246,17.214,14.6,16.968,3.591,2.791
Shahid Bhagat Singh Nagar,2019,2019-06-15,2019-06-25,3.471,2.658,7.914,0.12,2.262,2.142,2.262,1.302,5.788
Tarn Taran,2019,2019-06-15,2019-06-25,12.756,0.869,0.675,1.905,6.414,6.342,6.486,4.563,2.272
Amritsar,2019,2019-06-25,2019-07-05,0.894,14.53,2.035,0.289,0.289,0.605,0.605,0.321,9.205
Barnala,2019,2019-06-25,2019-07-05,15.663,20.085,0.534,14.815,14.815,14.791,14.815,2.128,11.3
Bathinda,2019,2019-06-25,2019-07-05,9.915,26.762,2.37,1.808,1.815,7.876,8.1,2.414,16.049
Faridkot,2019,2019-06-25,2019-07-05,11.573,27.201,2.802,1.226,1.226,10.347,10.347,1.927,16.89
Fatehgarh Sahib,2019,2019-06-25,2019-07-05,35.656,22.416,4.525,20.589,20.589,20.589,20.589,14.749,13.898
Firozpur,2019,2019-06-25,2019-07-05,4.38,15.062,0.699,1.467,1.478,2.89,2.902,1.309,9.435
Gurdaspur,2019,2019-06-25,2019-07-05,4.112,15.342,2.9,0.328,0.328,1.59,2.788,1.237,9.547
Hoshiarpur,2019,2019-06-25,2019-07-05,13.5,7.165,1.556,9.722,9.722,9.29,9.722,2.621,5.231
Jalandhar,2019,2019-06-25,2019-07-05,2.581,15.435,2.164,1.162,1.162,1.161,1.162,0.787,10.96
Kapurthala,2019,2019-06-25,2019-07-05,1.236,9.359,1.285,0.982,0.982,0.982,0.982,0.264,6.418
Ludhiana,2019,2019-06-25,2019-07-05,25.414,22.974,2.34,16.052,16.052,16.052,16.052,6.605,15.271
Mansa,2019,2019-06-25,2019-07-05,6.325,21.193,0.092,0.567,0.606,5.719,5.719,1.075,11.808
Moga,2019,2019-06-25,2019-07-05,7.266,17.363,0.837,2.137,2.137,3.033,5.123,2.147,12.103
Muktsar,2019,2019-06-25,2019-07-05,7.194,28.931,1.074,0.312,0.312,6.882,6.882,0.941,16.076
Patiala,2019,2019-06-25,2019-07-05,9.134,24.495,2.637,5.702,5.702,5.686,5.702,2.601,14.047
Rupnagar,2019,2019-06-25,2019-07-05,60.932,6.213,6.069,36.942,36.942,36.942,36.942,22.814,6.519
Sahibzada Ajit Singh Nagar,2019,2019-06-25,2019-07-05,26.849,7.269,7.139,12.29,12.29,13.879,14.303,12.449,7.922
Sangrur,2019,2019-06-25,2019-07-05,9.084,17.873,1.276,8.643,8.643,8.524,8.643,1.203,10.717
Shahid Bhagat Singh Nagar,2019,2019-06-25,2019-07-05,38.017,3.471,2.658,26.872,26.872,26.872,26.872,12.392,4.09
Tarn Taran,2019,2019-06-25,2019-07-05,0.804,12.756,0.869,0.281,0.281,0.446,0.523,0.206,8.64
Amritsar,2019,2019-07-05,2019-07-15,97.713,0.894,14.53,24.58,30.196,30.276,65.578,24.261,3.811
Barnala,2019,2019-07-05,2019-07-15,44.163,15.663,20.085,0.675,0.739,13.373,30.05,12.165,10.31
Bathinda,2019,2019-07-05,2019-07-15,27.301,9.915,26.762,14.682,16.337,13.843,15.498,6.393,12.843
Faridkot,2019,2019-07-05,2019-07-15,20.134,11.573,27.201,12.754,13.93,9.419,12.754,3.897,14.836
Fatehgarh Sahib,2019,2019-07-05,2019-07-15,125.32,35.656,22.416,10.708,21.041,40.249,74.056,27.428,27.628
Firozpur,2019,2019-07-05,2019-07-15,15.63,4.38,15.062,5.738,6.786,4.609,8.277,3.083,6.244
Gurdaspur,2019,2019-07-05,2019-07-15,77.472,4.112,15.342,26.422,44.667,17.61,28.607,15.245,6.601
Hoshiarpur,2019,2019-07-05,2019-07-15,98.266,13.5,7.165,12.972,35.627,36.447,44.264,23.421,9.017
Jalandhar,2019,2019-07-05,2019-07-15,80.675,2.581,15.435,3.678,10.605,27.897,54.123,16.714,5.502
Kapurthala,2019,2019-07-05,2019-07-15,99.607,1.236,9.359,7.69,15.974,42.238,68.236,17.98,2.809
Ludhiana,2019,2019-07-05,2019-07-15,84.297,25.414,22.974,1.023,8.773,24.325,57.182,20.803,19.874
Mansa,2019,2019-07-05,2019-07-15,14.81,6.325,21.193,0.531,2.957,10.361,11.442,3.219,8.991
Moga,2019,2019-07-05,2019-07-15,50.521,7.266,17.363,14.659,19.766,10.521,20.233,8.978,8.946
Muktsar,2019,2019-07-05,2019-07-15,11.943,7.194,28.931,7.419,7.837,7.416,7.834,2.948,11.303
Patiala,2019,2019-07-05,2019-07-15,97.137,9.134,24.495,14.856,15.991,33.968,58.399,23.18,10.223
Rupnagar,2019,2019-07-05,2019-07-15,136.547,60.932,6.213,20.904,36.626,46.785,69.312,29.584,40.065
Sahibzada Ajit Singh Nagar,2019,2019-07-05,2019-07-15,139.564,26.849,7.269,33.972,42.522,33.585,61.939,26.313,21.971
Sangrur,2019,2019-07-05,2019-07-15,40.506,9.084,17.873,5.38,5.455,20.739,28.005,8.406,7.429
Shahid Bhagat Singh Nagar,2019,2019-07-05,2019-07-15,123.347,38.017,3.471,6.149,26.872,33.766,62.535,23.077,22.941
Tarn Taran,2019,2019-07-05,2019-07-15,101.983,0.804,12.756,25.871,29.629,31.107,68.797,22.177,3.543
Amritsar,2019,2019-07-15,2019-07-25,38.951,97.713,0.894,22.799,30.752,12.009,22.799,8.359,73.674
Barnala,2019,2019-07-15,2019-07-25,121.388,44.163,15.663,117.362,117.685,41.85,117.362,40.746,39.745
Bathinda,2019,2019-07-15,2019-07-25,183.926,27.301,9.915,172.986,174.518,95.487,172.986,72.463,21.973
Faridkot,2019,2019-07-15,2019-07-25,142.912,20.134,11.573,131.385,131.386,75.856,131.385,50.268,17.577
Fatehgarh Sahib,2019,2019-07-15,2019-07-25,115.576,125.32,35.656,112.3,112.838,78.022,112.3,33.577,105.72
Firozpur,2019,2019-07-15,2019-07-25,88.624,15.63,4.38,68.821,75.009,35.749,69.608,28.705,13.464
Gurdaspur,2019,2019-07-15,2019-07-25,19.903,77.472,4.112,8.661,14.562,6.162,9.963,5.657,51.632
Hoshiarpur,2019,2019-07-15,2019-07-25,36.645,98.266,13.5,9.106,23.265,12.777,21.031,6.624,74.586
Jalandhar,2019,2019-07-15,2019-07-25,47.003,80.675,2.581,36.643,42.143,26.002,36.643,11.17,65.411
Kapurthala,2019,2019-07-15,2019-07-25,51.1,99.607,1.236,31.741,46.27,19.455,31.741,15.022,78.128
Ludhiana,2019,2019-07-15,2019-07-25,77.064,84.297,25.414,68.212,73.322,41.92,68.212,21.639,75.478
Mansa,2019,2019-07-15,2019-07-25,87.762,14.81,6.325,85.476,87.345,42.687,85.476,38.822,16.399
Moga,2019,2019-07-15,2019-07-25,81.571,50.521,7.266,61.389,61.589,23.546,61.389,22.454,37.413
Muktsar,2019,2019-07-15,2019-07-25,169.348,11.943,7.194,144.88,156.026,88.505,151.76,55.749,11.677
Patiala,2019,2019-07-15,2019-07-25,146.464,97.137,9.134,137.541,137.906,72.242,137.541,46.146,77.362
Rupnagar,2019,2019-07-15,2019-07-25,48.028,136.547,60.932,25.447,42.455,14.317,25.447,12.488,113.666
Sahibzada Ajit Singh Nagar,2019,2019-07-15,2019-07-25,65.159,139.564,26.849,59.606,61.607,41.579,59.606,17.53,105.157
Sangrur,2019,2019-07-15,2019-07-25,98.21,40.506,9.084,90.678,91.54,38.445,90.678,29.271,36.439
Shahid Bhagat Singh Nagar,2019,2019-07-15,2019-07-25,53.835,123.347,38.017,29.865,45.844,17.468,29.865,15.23,99.279
Tarn Taran,2019,2019-07-15,2019-07-25,50.539,101.983,0.804,36.139,45.209,16.988,36.139,10.872,77.275
Amritsar,2019,2019-07-25,2019-08-04,67.689,38.951,97.713,19.343,27.029,32.914,39.59,17.132,46.336
Barnala,2019,2019-07-25,2019-08-04,26.284,121.388,44.163,1.056,12.092,10.641,14.08,7.87,67.165
Bathinda,2019,2019-07-25,2019-08-04,26.708,183.926,27.301,14.5,22.798,14.306,19.355,5.894,92.893
Faridkot,2019,2019-07-25,2019-08-04,41.84,142.912,20.134,14.212,20.548,17.588,21.292,13.329,72.999
Fatehgarh Sahib,2019,2019-07-25,2019-08-04,49.673,115.576,125.32,11.05,14.662,20.777,26.607,9.398,84.446
Firozpur,2019,2019-07-25,2019-08-04,62.695,88.624,15.63,15.3,31.511,22.18,28.853,11.85,49.126
Gurdaspur,2019,2019-07-25,2019-08-04,130.577,19.903,77.472,33.183,38.661,62.77,90.618,25.133,29.307
Hoshiarpur,2019,2019-07-25,2019-08-04,193.227,36.645,98.266,33.38,38.398,72.052,148.018,63.825,48.117
Jalandhar,2019,2019-07-25,2019-08-04,120.371,47.003,80.675,26.603,41.934,51.482,76.692,21.967,44.392
Kapurthala,2019,2019-07-25,2019-08-04,149.51,51.1,99.607,29.996,45.058,69.147,101.366,29.404,52.473
Ludhiana,2019,2019-07-25,2019-08-04,67.435,77.064,84.297,11.791,23.884,23.493,40.92,16.708,59.963
Mansa,2019,2019-07-25,2019-08-04,15.351,87.762,14.81,3.896,14.643,7.386,11.192,3.763,45.461
Moga,2019,2019-07-25,2019-08-04,63.057,81.571,50.521,21.381,33.543,15.702,27.083,10.065,54.708
Muktsar,2019,2019-07-25,2019-08-04,82.174,169.348,11.943,18.268,41.244,34.314,39.832,18.695,85.761
Patiala,2019,2019-07-25,2019-08-04,52.928,146.464,97.137,11.229,24.457,20.665,22.939,13.286,91.025
Rupnagar,2019,2019-07-25,2019-08-04,93.039,48.028,136.547,23.967,34.509,20.661,45.686,17.532,63.992
Sahibzada Ajit Singh Nagar,2019,2019-07-25,2019-08-04,56.045,65.159,139.564,18.753,22.92,17.255,21.809,11.174,64.984
Sangrur,2019,2019-07-25,2019-08-04,45.97,98.21,40.506,5.547,22.762,15.447,23.121,14.818,57.033
Shahid Bhagat Singh Nagar,2019,2019-07-25,2019-08-04,66.351,53.835,123.347,16.571,21.817,24.487,38.167,9.365,61.929
Tarn Taran,2019,2019-07-25,2019-08-04,92.254,50.539,101.983,38.632,47.004,26.901,42.852,26.146,52.015
Amritsar,2019,2019-08-04,2019-08-14,35.82,67.689,38.951,0.0,5.4,10.592,20.681,9.984,64.308
Barnala,2019,2019-08-04,2019-08-14,13.992,26.284,121.388,0.233,0.236,13.621,13.75,1.572,43.804
Bathinda,2019,2019-08-04,2019-08-14,8.514,26.708,183.926,1.047,1.483,5.188,7.031,2.132,46.985
Faridkot,2019,2019-08-04,2019-08-14,18.555,41.84,142.912,0.4,2.528,10.668,16.027,5.533,54.115
Fatehgarh Sahib,2019,2019-08-04,2019-08-14,16.744,49.673,115.576,10.46,11.342,9.785,11.298,2.817,68.167
Firozpur,2019,2019-08-04,2019-08-14,17.357,62.695,88.624,1.099,2.234,7.722,14.355,6.628,59.917
Gurdaspur,2019,2019-08-04,2019-08-14,60.522,130.577,19.903,1.896,7.033,23.275,28.39,16.497,98.159
Hoshiarpur,2019,2019-08-04,2019-08-14,108.928,193.227,36.645,13.69,33.4,40.313,61.823,21.678,158.54
Jalandhar,2019,2019-08-04,2019-08-14,65.159,120.371,47.003,3.037,9.801,28.555,31.58,24.225,101.337
Kapurthala,2019,2019-08-04,2019-08-14,91.154,149.51,51.1,6.118,19.986,34.809,36.569,34.62,127.302
Ludhiana,2019,2019-08-04,2019-08-14,36.401,67.435,77.064,2.629,5.286,19.455,20.666,7.624,72.417
Mansa,2019,2019-08-04,2019-08-14,6.002,15.351,87.762,3.146,3.146,3.139,3.146,2.88,24.135
Moga,2019,2019-08-04,2019-08-14,26.856,63.057,81.571,5.077,7.476,13.875,16.605,5.873,58.329
Muktsar,2019,2019-08-04,2019-08-14,10.941,82.174,169.348,0.541,2.392,6.316,8.549,2.641,86.444
Patiala,2019,2019-08-04,2019-08-14,8.746,52.928,146.464,2.836,2.86,3.506,3.67,2.682,70.499
Rupnagar,2019,2019-08-04,2019-08-14,47.669,93.039,48.028,12.232,15.623,23.022,32.444,11.813,88.204
Sahibzada Ajit Singh Nagar,2019,2019-08-04,2019-08-14,23.787,56.045,65.159,7.021,7.344,9.65,12.597,5.19,62.535
Sangrur,2019,2019-08-04,2019-08-14,11.783,45.97,98.21,2.121,2.258,8.941,9.33,2.803,54.213
Shahid Bhagat Singh Nagar,2019,2019-08-04,2019-08-14,45.014,66.351,53.835,4.635,6.171,24.229,33.854,10.85,70.037
Tarn Taran,2019,2019-08-04,2019-08-14,58.358,92.254,50.539,2.187,9.212,25.589,29.284,19.558,77.58
Amritsar,2019,2019-08-14,2019-08-24,83.829,35.82,67.689,8.985,77.068,48.736,72.342,22.286,49.291
Barnala,2019,2019-08-14,2019-08-24,80.211,13.992,26.284,0.635,79.329,78.293,79.175,8.484,29.118
Bathinda,2019,2019-08-14,2019-08-24,45.776,8.514,26.708,1.266,45.476,42.314,44.24,5.938,23.711
Faridkot,2019,2019-08-14,2019-08-24,22.675,18.555,41.84,4.165,22.675,17.043,18.51,5.453,34.115
Fatehgarh Sahib,2019,2019-08-14,2019-08-24,143.285,16.744,49.673,7.24,123.227,107.41,135.119,27.96,33.486
Firozpur,2019,2019-08-14,2019-08-24,14.533,17.357,62.695,3.181,13.939,7.415,11.193,3.75,35.671
Gurdaspur,2019,2019-08-14,2019-08-24,129.864,60.522,130.577,44.15,117.883,52.286,79.25,33.374,82.615
Hoshiarpur,2019,2019-08-14,2019-08-24,153.796,108.928,193.227,17.127,138.732,118.873,133.937,20.845,129.532
Jalandhar,2019,2019-08-14,2019-08-24,166.058,65.159,120.371,17.852,145.821,113.133,140.176,24.666,86.984
Kapurthala,2019,2019-08-14,2019-08-24,202.089,91.154,149.51,27.229,173.119,108.878,162.339,44.199,115.818
Ludhiana,2019,2019-08-14,2019-08-24,154.62,36.401,67.435,4.769,143.875,136.654,148.541,22.157,55.557
Mansa,2019,2019-08-14,2019-08-24,39.167,6.002,15.351,3.539,39.037,32.443,35.498,6.383,12.774
Moga,2019,2019-08-14,2019-08-24,73.09,26.856,63.057,11.361,69.473,40.536,61.21,19.872,42.22
Muktsar,2019,2019-08-14,2019-08-24,19.03,10.941,82.174,3.571,19.03,14.792,15.459,4.693,38.684
Patiala,2019,2019-08-14,2019-08-24,130.774,8.746,52.928,15.476,115.253,90.978,112.713,20.74,31.077
Rupnagar,2019,2019-08-14,2019-08-24,193.999,47.669,93.039,10.099,161.875,144.779,182.374,42.016,60.653
Sahibzada Ajit Singh Nagar,2019,2019-08-14,2019-08-24,156.395,23.787,56.045,33.39,127.019,82.468,122.274,34.027,37.473
Sangrur,2019,2019-08-14,2019-08-24,89.618,11.783,45.97,2.371,86.943,80.893,86.122,11.4,29.387
Shahid Bhagat Singh Nagar,2019,2019-08-14,2019-08-24,176.444,45.014,66.351,3.916,155.148,149.555,171.744,33.416,55.341
Tarn Taran,2019,2019-08-14,2019-08-24,107.955,58.358,92.254,12.906,95.527,52.774,89.551,32.14,74.877
Amritsar,2019,2019-08-24,2019-09-03,19.135,83.829,35.82,1.828,1.828,13.046,13.07,5.118,64.931
Barnala,2019,2019-08-24,2019-09-03,8.872,80.211,13.992,0.015,0.015,7.125,7.125,2.271,57.475
Bathinda,2019,2019-08-24,2019-09-03,6.397,45.776,8.514,0.0,0.03,5.665,5.708,1.16,35.021
Faridkot,2019,2019-08-24,2019-09-03,18.574,22.675,18.555,0.023,0.023,16.537,18.551,3.466,24.532
Fatehgarh Sahib,2019,2019-08-24,2019-09-03,23.253,143.285,16.744,20.581,20.581,9.643,20.581,5.959,96.176
Firozpur,2019,2019-08-24,2019-09-03,12.629,14.533,17.357,1.057,1.165,9.526,10.565,1.762,20.375
Gurdaspur,2019,2019-08-24,2019-09-03,34.396,129.864,60.522,11.73,11.803,16.379,16.452,8.695,97.594
Hoshiarpur,2019,2019-08-24,2019-09-03,20.259,153.796,108.928,9.077,9.077,8.66,9.077,8.502,134.196
Jalandhar,2019,2019-08-24,2019-09-03,40.21,166.058,65.159,9.074,9.074,24.811,24.811,8.174,126.431
Kapurthala,2019,2019-08-24,2019-09-03,70.564,202.089,91.154,12.176,12.176,49.184,49.184,13.202,156.272
Ludhiana,2019,2019-08-24,2019-09-03,26.182,154.62,36.401,5.469,5.469,14.942,14.942,6.546,110.68
Mansa,2019,2019-08-24,2019-09-03,2.13,39.167,6.002,0.045,0.166,1.642,1.642,0.454,26.85
Moga,2019,2019-08-24,2019-09-03,29.939,73.09,26.856,12.616,12.616,12.97,13.051,10.045,55.29
Muktsar,2019,2019-08-24,2019-09-03,11.284,19.03,10.941,0.0,0.098,10.634,11.186,1.56,24.114
Patiala,2019,2019-08-24,2019-09-03,24.685,130.774,8.746,19.03,19.03,10.903,19.03,7.091,87.185
Rupnagar,2019,2019-08-24,2019-09-03,44.181,193.999,47.669,18.063,18.685,21.972,21.978,15.007,136.109
Sahibzada Ajit Singh Nagar,2019,2019-08-24,2019-09-03,37.045,156.395,23.787,31.137,31.802,19.041,31.137,9.15,101.033
Sangrur,2019,2019-08-24,2019-09-03,4.056,89.618,11.783,3.142,3.142,1.701,3.142,1.266,63.031
Shahid Bhagat Singh Nagar,2019,2019-08-24,2019-09-03,20.018,176.444,45.014,5.6,5.6,13.988,13.988,5.905,124.248
Tarn Taran,2019,2019-08-24,2019-09-03,23.254,107.955,58.358,5.202,5.202,13.808,14.035,5.037,87.572
Amritsar,2019,2019-09-03,2019-09-13,12.15,19.135,83.829,12.014,12.102,11.178,12.102,1.87,39.663
Barnala,2019,2019-09-03,2019-09-13,8.432,8.872,80.211,8.421,8.43,8.421,8.43,0.85,28.434
Bathinda,2019,2019-09-03,2019-09-13,1.811,6.397,45.776,1.811,1.811,1.811,1.811,0.181,18.407
Faridkot,2019,2019-09-03,2019-09-13,6.093,18.574,22.675,6.093,6.093,6.032,6.093,0.658,26.733
Fatehgarh Sahib,2019,2019-09-03,2019-09-13,67.956,23.253,143.285,64.196,67.956,61.175,67.911,9.461,44.723
Firozpur,2019,2019-09-03,2019-09-13,2.878,12.629,14.533,2.591,2.878,2.375,2.878,0.496,18.682
Gurdaspur,2019,2019-09-03,2019-09-13,20.814,34.396,129.864,19.057,20.814,15.853,20.735,4.469,57.555
Hoshiarpur,2019,2019-09-03,2019-09-13,32.797,20.259,153.796,32.26,32.331,31.224,32.331,4.055,61.172
Jalandhar,2019,2019-09-03,2019-09-13,29.04,40.21,166.058,27.991,28.703,26.699,28.646,3.833,77.605
Kapurthala,2019,2019-09-03,2019-09-13,22.161,70.564,202.089,20.667,22.161,17.601,22.161,4.519,116.06
Ludhiana,2019,2019-09-03,2019-09-13,30.049,26.182,154.62,29.072,29.557,29.07,29.555,3.35,60.011
Mansa,2019,2019-09-03,2019-09-13,7.206,2.13,39.167,5.695,7.206,5.695,7.206,1.929,11.323
Moga,2019,2019-09-03,2019-09-13,18.562,29.939,73.09,17.42,18.559,17.169,18.559,2.742,41.323
Muktsar,2019,2019-09-03,2019-09-13,0.057,11.284,19.03,0.057,0.057,0.057,0.057,0.006,19.541
Patiala,2019,2019-09-03,2019-09-13,88.469,24.685,130.774,78.773,88.469,78.597,88.293,16.306,44.035
Rupnagar,2019,2019-09-03,2019-09-13,52.789,44.181,193.999,46.691,48.094,43.362,48.094,8.265,80.219
Sahibzada Ajit Singh Nagar,2019,2019-09-03,2019-09-13,13.56,37.045,156.395,12.191,13.551,7.754,13.422,4.769,53.58
Sangrur,2019,2019-09-03,2019-09-13,31.61,4.056,89.618,24.819,31.582,24.819,31.582,8.564,24.143
Shahid Bhagat Singh Nagar,2019,2019-09-03,2019-09-13,48.71,20.018,176.444,46.701,47.468,46.263,47.468,5.665,60.057
Tarn Taran,2019,2019-09-03,2019-09-13,16.01,23.254,107.955,15.187,16.01,14.409,16.01,2.182,49.888
Amritsar,2019,2019-09-13,2019-09-23,5.974,12.15,19.135,3.86,5.764,2.931,4.835,1.945,19.614
Barnala,2019,2019-09-13,2019-09-23,0.404,8.432,8.872,0.0,0.404,0.404,0.404,0.04,13.949
Bathinda,2019,2019-09-13,2019-09-23,0.21,1.811,6.397,0.0,0.21,0.21,0.21,0.021,7.284
Faridkot,2019,2019-09-13,2019-09-23,0.0,6.093,18.574,0.0,0.0,0.0,0.0,0.0,12.233
Fatehgarh Sahib,2019,2019-09-13,2019-09-23,1.314,67.956,23.253,0.082,1.314,1.232,1.232,0.197,48.155
Firozpur,2019,2019-09-13,2019-09-23,1.139,2.878,12.629,0.229,0.243,0.652,0.896,0.285,7.895
Gurdaspur,2019,2019-09-13,2019-09-23,27.227,20.814,34.396,6.339,8.584,10.905,18.606,6.195,29.969
Hoshiarpur,2019,2019-09-13,2019-09-23,25.657,32.797,20.259,11.479,21.26,9.777,12.331,9.014,37.205
Jalandhar,2019,2019-09-13,2019-09-23,12.247,29.04,40.21,7.153,9.387,5.794,7.153,2.615,41.104
Kapurthala,2019,2019-09-13,2019-09-23,20.991,22.161,70.564,12.032,15.501,6.494,12.032,5.634,51.0
Ludhiana,2019,2019-09-13,2019-09-23,4.337,30.049,26.182,3.19,4.311,3.19,3.19,1.328,35.584
Mansa,2019,2019-09-13,2019-09-23,0.857,7.206,2.13,0.0,0.857,0.857,0.857,0.086,7.475
Moga,2019,2019-09-13,2019-09-23,4.049,18.562,29.939,0.467,0.467,2.59,3.582,1.152,23.337
Muktsar,2019,2019-09-13,2019-09-23,0.0,0.057,11.284,0.0,0.0,0.0,0.0,0.0,6.841
Patiala,2019,2019-09-13,2019-09-23,0.633,88.469,24.685,0.071,0.418,0.287,0.347,0.222,58.194
Rupnagar,2019,2019-09-13,2019-09-23,19.897,52.789,44.181,9.259,18.102,9.248,9.259,8.883,55.471
Sahibzada Ajit Singh Nagar,2019,2019-09-13,2019-09-23,7.17,13.56,37.045,0.018,4.542,4.524,4.524,1.988,24.882
Sangrur,2019,2019-09-13,2019-09-23,0.942,31.61,4.056,0.294,0.942,0.648,0.648,0.329,23.912
Shahid Bhagat Singh Nagar,2019,2019-09-13,2019-09-23,17.877,48.71,20.018,11.473,17.373,11.423,11.473,6.452,44.876
Tarn Taran,2019,2019-09-13,2019-09-23,8.62,16.01,23.254,4.916,6.239,3.595,4.918,1.994,25.059
Amritsar,2019,2019-09-23,2019-09-30,43.569,2.114,3.86,1.592,7.877,34.198,41.977,17.45,9.889
Barnala,2019,2019-09-23,2019-09-30,6.393,0.404,0.002,0.613,0.64,5.133,5.754,2.425,5.102
Bathinda,2019,2019-09-23,2019-09-30,8.397,0.21,0.0,5.475,5.475,5.475,5.475,3.891,2.664
Faridkot,2019,2019-09-23,2019-09-30,10.257,0.0,0.0,2.396,2.396,7.861,7.861,4.582,4.265
Fatehgarh Sahib,2019,2019-09-23,2019-09-30,54.392,1.232,0.082,3.194,7.603,30.471,50.394,21.979,17.478
Firozpur,2019,2019-09-23,2019-09-30,4.992,0.91,0.229,0.051,0.653,4.338,4.941,2.096,3.643
Gurdaspur,2019,2019-09-23,2019-09-30,47.177,20.888,6.339,0.089,22.267,22.193,47.088,22.184,28.601
Hoshiarpur,2019,2019-09-23,2019-09-30,25.53,14.178,11.921,3.529,22.951,19.422,22.001,9.886,26.191
Jalandhar,2019,2019-09-23,2019-09-30,37.568,5.094,7.49,3.608,15.479,21.595,33.96,15.761,20.967
Kapurthala,2019,2019-09-23,2019-09-30,54.286,8.959,12.032,5.57,21.636,32.618,48.716,22.687,29.886
Ludhiana,2019,2019-09-23,2019-09-30,25.97,1.147,3.682,1.654,4.911,17.675,24.06,9.1,14.263
Mansa,2019,2019-09-23,2019-09-30,0.454,0.857,0.0,0.014,0.014,0.425,0.44,0.179,3.113
Moga,2019,2019-09-23,2019-09-30,22.142,3.582,0.47,0.563,5.183,16.904,21.579,9.534,11.453
Muktsar,2019,2019-09-23,2019-09-30,4.56,0.0,0.0,3.041,3.041,3.041,3.041,2.128,2.385
Patiala,2019,2019-09-23,2019-09-30,31.525,0.562,0.071,1.399,2.648,21.05,29.225,13.116,20.721
Rupnagar,2019,2019-09-23,2019-09-30,46.022,10.638,13.624,16.906,29.449,16.906,27.171,13.121,29.165
Sahibzada Ajit Singh Nagar,2019,2019-09-23,2019-09-30,67.131,7.152,0.026,2.939,15.534,39.748,63.648,23.13,13.194
Sangrur,2019,2019-09-23,2019-09-30,11.551,0.648,0.322,0.687,1.405,9.667,10.161,4.289,8.834
Shahid Bhagat Singh Nagar,2019,2019-09-23,2019-09-30,24.855,6.404,12.627,10.02,20.325,10.02,13.75,9.54,23.621
Tarn Taran,2019,2019-09-23,2019-09-30,36.408,3.704,4.916,2.049,6.324,29.46,34.359,14.349,13.842
Amritsar,2020,2020-06-15,2020-06-25,7.215,24.451,23.669,0.0,0.0,3.653,6.617,3.033,18.976
Barnala,2020,2020-06-15,2020-06-25,6.979,21.015,17.12,0.0,0.052,6.889,6.927,0.736,13.326
Bathinda,2020,2020-06-15,2020-06-25,2.487,9.565,9.136,0.0,0.054,1.676,2.433,0.803,7.056
Faridkot,2020,2020-06-15,2020-06-25,2.022,5.762,18.08,0.0,0.184,1.49,1.838,0.462,8.269
Fatehgarh Sahib,2020,2020-06-15,2020-06-25,27.082,37.035,33.565,0.0,4.393,16.834,22.689,6.669,27.276
Firozpur,2020,2020-06-15,2020-06-25,2.288,4.905,9.659,0.0,0.121,1.0,2.04,0.958,5.191
Gurdaspur,2020,2020-06-15,2020-06-25,21.706,36.813,29.263,0.004,0.061,8.78,15.702,7.108,24.478
Hoshiarpur,2020,2020-06-15,2020-06-25,6.786,42.285,30.49,0.0,0.0,4.276,6.367,1.742,26.514
Jalandhar,2020,2020-06-15,2020-06-25,13.305,26.223,28.51,0.0,0.162,8.287,10.954,3.229,19.463
Kapurthala,2020,2020-06-15,2020-06-25,11.429,31.905,47.784,0.0,0.246,4.917,9.596,4.703,27.139
Ludhiana,2020,2020-06-15,2020-06-25,14.054,20.376,21.365,0.0,0.116,11.611,13.91,3.23,16.288
Mansa,2020,2020-06-15,2020-06-25,7.065,15.468,11.595,0.0,0.0,4.094,7.065,3.009,10.606
Moga,2020,2020-06-15,2020-06-25,10.24,10.343,22.671,0.0,1.073,4.125,8.678,3.819,11.554
Muktsar,2020,2020-06-15,2020-06-25,0.242,5.401,4.208,0.0,0.211,0.211,0.211,0.049,4.085
Patiala,2020,2020-06-15,2020-06-25,21.512,38.543,49.478,0.0,0.586,19.292,20.926,2.997,31.208
Rupnagar,2020,2020-06-15,2020-06-25,21.185,24.299,40.945,0.0,3.458,10.256,17.586,4.51,22.644
Sahibzada Ajit Singh Nagar,2020,2020-06-15,2020-06-25,41.029,20.781,27.121,0.0,2.903,16.806,38.087,15.463,18.731
Sangrur,2020,2020-06-15,2020-06-25,13.075,19.879,26.962,0.0,0.04,11.853,13.035,1.98,17.215
Shahid Bhagat Singh Nagar,2020,2020-06-15,2020-06-25,7.147,31.712,25.635,0.0,0.263,3.629,6.884,2.355,22.36
Tarn Taran,2020,2020-06-15,2020-06-25,5.61,16.313,18.58,0.0,0.139,2.666,4.868,2.248,13.583
Amritsar,2020,2020-06-25,2020-07-05,11.06,7.215,24.451,3.599,7.036,3.745,3.991,3.563,12.931
Barnala,2020,2020-06-25,2020-07-05,4.444,6.979,21.015,4.287,4.287,3.352,4.287,1.177,10.285
Bathinda,2020,2020-06-25,2020-07-05,18.397,2.487,9.565,18.353,18.362,18.302,18.353,1.876,4.411
Faridkot,2020,2020-06-25,2020-07-05,13.634,2.022,5.762,13.634,13.634,13.634,13.634,1.363,4.512
Fatehgarh Sahib,2020,2020-06-25,2020-07-05,40.752,27.082,37.035,31.1,31.201,31.1,31.1,9.132,29.986
Firozpur,2020,2020-06-25,2020-07-05,9.486,2.288,4.905,8.427,9.4,7.008,8.427,1.89,3.807
Gurdaspur,2020,2020-06-25,2020-07-05,15.811,21.706,36.813,5.168,13.499,8.331,9.205,4.698,26.561
Hoshiarpur,2020,2020-06-25,2020-07-05,27.296,6.786,42.285,19.973,20.479,19.347,19.973,7.229,14.112
Jalandhar,2020,2020-06-25,2020-07-05,22.568,13.305,26.223,13.15,22.105,12.785,13.15,9.338,17.532
Kapurthala,2020,2020-06-25,2020-07-05,22.611,11.429,31.905,9.911,21.542,11.631,12.245,9.529,19.312
Ludhiana,2020,2020-06-25,2020-07-05,21.017,14.054,20.376,15.639,17.281,15.528,15.639,3.031,16.69
Mansa,2020,2020-06-25,2020-07-05,4.559,7.065,15.468,4.36,4.559,2.832,4.36,1.632,9.076
Moga,2020,2020-06-25,2020-07-05,8.335,10.24,10.343,3.544,7.616,4.072,4.572,2.935,12.8
Muktsar,2020,2020-06-25,2020-07-05,21.497,0.242,5.401,21.497,21.497,21.352,21.497,2.266,1.574
Patiala,2020,2020-06-25,2020-07-05,16.337,21.512,38.543,12.935,12.936,10.49,12.935,3.227,28.012
Rupnagar,2020,2020-06-25,2020-07-05,38.507,21.185,24.299,25.084,25.202,25.052,25.084,11.244,22.898
Sahibzada Ajit Singh Nagar,2020,2020-06-25,2020-07-05,24.908,41.029,20.781,11.465,11.624,11.451,11.867,10.333,36.855
Sangrur,2020,2020-06-25,2020-07-05,13.943,13.075,19.879,13.898,13.902,10.603,13.898,3.766,16.467
Shahid Bhagat Singh Nagar,2020,2020-06-25,2020-07-05,28.205,7.147,31.712,21.175,22.85,21.088,21.175,5.297,13.189
Tarn Taran,2020,2020-06-25,2020-07-05,11.83,5.61,16.313,4.291,9.124,4.833,5.125,3.676,9.663
Amritsar,2020,2020-07-05,2020-07-15,48.917,11.06,7.215,5.168,10.161,26.723,38.756,13.038,11.165
Barnala,2020,2020-07-05,2020-07-15,136.2,4.444,6.979,34.188,46.544,65.721,89.643,37.256,5.39
Bathinda,2020,2020-07-05,2020-07-15,71.587,18.397,2.487,31.263,34.46,31.127,37.127,23.215,9.464
Faridkot,2020,2020-07-05,2020-07-15,71.63,13.634,2.022,15.972,18.818,28.132,52.812,23.139,7.442
Fatehgarh Sahib,2020,2020-07-05,2020-07-15,124.021,40.752,27.082,25.837,68.301,43.411,55.247,30.041,31.444
Firozpur,2020,2020-07-05,2020-07-15,37.903,9.486,2.288,8.998,11.337,13.264,26.566,12.944,5.668
Gurdaspur,2020,2020-07-05,2020-07-15,46.834,15.811,21.706,18.236,26.021,14.938,20.813,13.048,18.424
Hoshiarpur,2020,2020-07-05,2020-07-15,57.526,27.296,6.786,18.473,28.945,15.702,28.581,13.066,19.606
Jalandhar,2020,2020-07-05,2020-07-15,64.102,22.568,13.305,8.961,29.706,16.894,34.38,15.483,16.957
Kapurthala,2020,2020-07-05,2020-07-15,60.069,22.611,11.429,6.529,21.589,19.98,38.48,18.61,18.452
Ludhiana,2020,2020-07-05,2020-07-15,124.009,21.017,14.054,24.559,61.721,39.695,61.435,23.732,15.946
Mansa,2020,2020-07-05,2020-07-15,80.862,4.559,7.065,32.599,42.682,31.859,38.18,18.394,5.084
Moga,2020,2020-07-05,2020-07-15,71.712,8.335,10.24,18.462,27.246,32.525,44.445,18.867,9.048
Muktsar,2020,2020-07-05,2020-07-15,73.974,21.497,0.242,23.052,23.337,26.247,50.637,22.829,9.809
Patiala,2020,2020-07-05,2020-07-15,150.871,16.337,21.512,34.052,75.449,55.171,75.225,35.922,17.9
Rupnagar,2020,2020-07-05,2020-07-15,108.772,38.507,21.185,25.346,63.017,32.033,45.755,25.467,30.383
Sahibzada Ajit Singh Nagar,2020,2020-07-05,2020-07-15,112.586,24.908,41.029,35.701,68.19,35.465,44.125,31.154,29.887
Sangrur,2020,2020-07-05,2020-07-15,146.105,13.943,13.075,26.551,54.474,59.265,91.45,29.55,11.312
Shahid Bhagat Singh Nagar,2020,2020-07-05,2020-07-15,92.961,28.205,7.147,17.633,52.721,25.673,40.24,23.272,18.757
Tarn Taran,2020,2020-07-05,2020-07-15,53.716,11.83,5.61,6.591,13.44,26.64,40.276,13.837,10.154
Amritsar,2020,2020-07-15,2020-07-25,61.191,48.917,11.06,12.651,36.145,17.264,40.758,14.092,39.241
Barnala,2020,2020-07-15,2020-07-25,83.842,136.2,4.444,1.16,8.445,40.446,76.711,30.429,93.763
Bathinda,2020,2020-07-15,2020-07-25,108.822,71.587,18.397,0.174,3.625,56.675,103.24,37.461,47.566
Faridkot,2020,2020-07-15,2020-07-25,123.797,71.63,13.634,0.0,8.331,75.813,115.464,41.201,54.965
Fatehgarh Sahib,2020,2020-07-15,2020-07-25,24.446,124.021,40.752,11.372,13.378,11.372,11.372,5.652,88.536
Firozpur,2020,2020-07-15,2020-07-25,79.075,37.903,9.486,2.379,4.792,45.797,74.283,28.294,29.419
Gurdaspur,2020,2020-07-15,2020-07-25,47.912,46.834,15.811,10.868,42.267,19.32,34.598,12.803,34.171
Hoshiarpur,2020,2020-07-15,2020-07-25,39.161,57.526,27.296,14.85,27.102,13.939,21.536,10.458,42.519
Jalandhar,2020,2020-07-15,2020-07-25,40.981,64.102,22.568,13.004,17.177,12.356,26.055,11.532,47.524
Kapurthala,2020,2020-07-15,2020-07-25,56.103,60.069,22.611,21.275,30.52,17.782,30.991,16.093,46.814
Ludhiana,2020,2020-07-15,2020-07-25,37.392,124.009,21.017,2.597,19.401,14.652,31.14,12.846,84.829
Mansa,2020,2020-07-15,2020-07-25,87.065,80.862,4.559,0.035,0.644,44.986,77.463,20.163,51.565
Moga,2020,2020-07-15,2020-07-25,71.932,71.712,8.335,9.608,16.9,27.175,59.895,27.147,50.561
Muktsar,2020,2020-07-15,2020-07-25,135.168,73.974,21.497,0.0,4.702,91.413,130.282,39.702,55.839
Patiala,2020,2020-07-15,2020-07-25,46.672,150.871,16.337,11.184,16.117,15.002,30.086,14.155,101.938
Rupnagar,2020,2020-07-15,2020-07-25,58.71,108.772,38.507,14.729,17.894,30.262,41.992,15.469,75.899
Sahibzada Ajit Singh Nagar,2020,2020-07-15,2020-07-25,31.008,112.586,24.908,15.926,17.326,13.024,15.926,6.459,76.619
Sangrur,2020,2020-07-15,2020-07-25,63.33,146.105,13.943,1.791,2.394,34.588,58.568,17.192,102.595
Shahid Bhagat Singh Nagar,2020,2020-07-15,2020-07-25,30.777,92.961,28.205,6.47,10.041,12.381,22.627,7.768,63.42
Tarn Taran,2020,2020-07-15,2020-07-25,79.194,53.716,11.83,11.495,32.443,29.573,61.295,17.778,41.57
Amritsar,2020,2020-07-25,2020-08-04,41.474,61.191,48.917,13.594,13.902,13.04,24.315,13.032,49.129
Barnala,2020,2020-07-25,2020-08-04,45.163,83.842,136.2,0.0,0.0,21.895,35.613,14.531,90.71
Bathinda,2020,2020-07-25,2020-08-04,10.068,108.822,71.587,0.0,0.0,5.168,7.475,2.593,93.904
Faridkot,2020,2020-07-25,2020-08-04,15.852,123.797,71.63,0.145,0.282,13.72,14.669,2.226,105.23
Fatehgarh Sahib,2020,2020-07-25,2020-08-04,50.708,24.446,124.021,0.054,0.452,33.097,36.433,16.109,44.738
Firozpur,2020,2020-07-25,2020-08-04,13.017,79.075,37.903,0.722,2.788,6.561,9.516,3.108,64.952
Gurdaspur,2020,2020-07-25,2020-08-04,74.829,47.912,46.834,14.612,26.589,19.948,42.123,15.908,37.696
Hoshiarpur,2020,2020-07-25,2020-08-04,84.538,39.161,57.526,1.784,34.328,27.87,60.414,17.447,36.31
Jalandhar,2020,2020-07-25,2020-08-04,62.337,40.981,64.102,2.678,7.93,39.618,47.449,10.078,40.673
Kapurthala,2020,2020-07-25,2020-08-04,73.755,56.103,60.069,8.579,17.342,41.288,54.506,10.605,47.611
Ludhiana,2020,2020-07-25,2020-08-04,66.22,37.392,124.009,0.028,0.333,35.677,46.164,13.949,53.339
Mansa,2020,2020-07-25,2020-08-04,13.158,87.065,80.862,0.0,0.0,5.852,11.401,5.579,83.169
Moga,2020,2020-07-25,2020-08-04,47.806,71.932,71.712,4.063,9.118,25.181,33.443,9.127,63.983
Muktsar,2020,2020-07-25,2020-08-04,1.811,135.168,73.974,0.0,0.079,0.603,1.013,0.429,115.032
Patiala,2020,2020-07-25,2020-08-04,55.754,46.672,150.871,0.584,0.774,28.375,41.004,15.075,66.127
Rupnagar,2020,2020-07-25,2020-08-04,121.764,58.71,108.772,7.0,61.862,37.199,87.984,33.53,61.779
Sahibzada Ajit Singh Nagar,2020,2020-07-25,2020-08-04,56.536,31.008,112.586,6.668,8.969,30.333,38.515,11.18,44.36
Sangrur,2020,2020-07-25,2020-08-04,53.998,63.33,146.105,0.0,0.0,21.941,43.757,21.772,82.231
Shahid Bhagat Singh Nagar,2020,2020-07-25,2020-08-04,51.299,30.777,92.961,1.01,18.041,18.246,29.776,13.295,40.998
Tarn Taran,2020,2020-07-25,2020-08-04,52.435,79.194,53.716,12.061,15.69,18.613,32.329,11.58,63.267
Amritsar,2020,2020-08-04,2020-08-14,27.665,41.474,61.191,8.827,9.096,9.941,17.483,5.775,44.478
Barnala,2020,2020-08-04,2020-08-14,8.088,45.163,83.842,0.018,0.018,4.191,7.755,3.627,64.918
Bathinda,2020,2020-08-04,2020-08-14,14.762,10.068,108.822,1.509,1.509,8.305,12.791,4.868,40.218
Faridkot,2020,2020-08-04,2020-08-14,15.967,15.852,123.797,0.001,0.001,10.857,15.966,5.463,47.382
Fatehgarh Sahib,2020,2020-08-04,2020-08-14,99.405,50.708,24.446,6.295,6.639,39.995,90.665,31.839,52.511
Firozpur,2020,2020-08-04,2020-08-14,12.183,13.017,79.075,0.194,2.063,7.642,9.277,2.446,31.258
Gurdaspur,2020,2020-08-04,2020-08-14,60.901,74.829,47.912,9.638,13.382,17.134,38.298,14.173,62.828
Hoshiarpur,2020,2020-08-04,2020-08-14,114.423,84.538,39.161,5.569,7.553,31.183,83.329,29.143,68.636
Jalandhar,2020,2020-08-04,2020-08-14,50.089,62.337,40.981,6.513,13.945,13.192,26.276,8.503,56.551
Kapurthala,2020,2020-08-04,2020-08-14,64.234,73.755,56.103,5.181,18.281,19.627,39.493,13.753,64.201
Ludhiana,2020,2020-08-04,2020-08-14,52.398,66.22,37.392,8.194,8.354,16.063,34.148,12.916,68.509
Mansa,2020,2020-08-04,2020-08-14,7.753,13.158,87.065,0.754,0.754,5.559,6.943,1.73,38.563
Moga,2020,2020-08-04,2020-08-14,21.811,47.806,71.932,0.028,7.787,7.759,11.949,5.921,54.518
Muktsar,2020,2020-08-04,2020-08-14,22.947,1.811,135.168,1.502,1.502,15.26,21.445,7.066,41.543
Patiala,2020,2020-08-04,2020-08-14,74.316,55.754,46.672,7.832,8.311,25.412,57.985,17.961,63.869
Rupnagar,2020,2020-08-04,2020-08-14,167.401,121.764,58.71,13.739,13.753,50.252,104.054,49.36,101.405
Sahibzada Ajit Singh Nagar,2020,2020-08-04,2020-08-14,117.044,56.536,31.008,6.496,7.007,44.042,102.497,43.295,53.882
Sangrur,2020,2020-08-04,2020-08-14,15.622,53.998,63.33,0.613,0.613,8.682,13.194,3.03,68.425
Shahid Bhagat Singh Nagar,2020,2020-08-04,2020-08-14,99.935,51.299,30.777,9.58,9.69,38.158,68.88,26.051,51.021
Tarn Taran,2020,2020-08-04,2020-08-14,37.234,52.435,79.194,6.463,11.679,9.8,21.36,8.785,56.789
Amritsar,2020,2020-08-14,2020-08-24,61.612,27.665,41.474,5.354,6.622,46.025,54.841,12.127,33.508
Barnala,2020,2020-08-14,2020-08-24,30.865,8.088,45.163,0.0,1.954,12.669,25.373,10.942,29.812
Bathinda,2020,2020-08-14,2020-08-24,43.042,14.762,10.068,7.025,7.624,15.378,31.592,10.292,24.895
Faridkot,2020,2020-08-14,2020-08-24,50.208,15.967,15.852,10.209,10.855,14.066,39.352,13.865,29.022
Fatehgarh Sahib,2020,2020-08-14,2020-08-24,64.908,99.405,50.708,5.228,5.228,21.065,45.465,14.29,105.677
Firozpur,2020,2020-08-14,2020-08-24,54.977,12.183,13.017,7.987,12.372,18.679,41.007,17.438,20.307
Gurdaspur,2020,2020-08-14,2020-08-24,65.293,60.901,74.829,7.176,25.63,23.409,37.983,14.559,70.118
Hoshiarpur,2020,2020-08-14,2020-08-24,76.123,114.423,84.538,9.611,21.659,27.147,53.383,19.602,119.742
Jalandhar,2020,2020-08-14,2020-08-24,59.242,50.089,62.337,11.553,16.145,20.867,41.832,19.58,56.701
Kapurthala,2020,2020-08-14,2020-08-24,65.074,64.234,73.755,19.371,29.194,17.468,35.815,16.382,69.771
Ludhiana,2020,2020-08-14,2020-08-24,38.418,52.398,66.22,2.595,2.655,12.946,27.555,8.243,66.232
Mansa,2020,2020-08-14,2020-08-24,50.683,7.753,13.158,0.021,10.036,19.415,40.856,12.225,19.388
Moga,2020,2020-08-14,2020-08-24,38.406,21.811,47.806,10.892,18.779,10.616,18.813,8.644,35.595
Muktsar,2020,2020-08-14,2020-08-24,43.944,22.947,1.811,8.531,10.0,20.142,33.025,11.9,32.071
Patiala,2020,2020-08-14,2020-08-24,51.214,74.316,55.754,6.174,9.083,14.407,33.908,10.319,83.297
Rupnagar,2020,2020-08-14,2020-08-24,119.453,167.401,121.764,11.726,18.484,45.426,91.527,27.191,175.305
Sahibzada Ajit Singh Nagar,2020,2020-08-14,2020-08-24,136.567,117.044,56.536,33.009,43.169,31.012,69.381,22.757,122.732
Sangrur,2020,2020-08-14,2020-08-24,44.893,15.622,53.998,0.205,4.26,18.233,38.612,16.515,36.011
Shahid Bhagat Singh Nagar,2020,2020-08-14,2020-08-24,59.845,99.935,51.299,10.372,13.752,22.145,45.189,13.122,101.388
Tarn Taran,2020,2020-08-14,2020-08-24,57.891,37.234,52.435,9.955,15.606,32.276,42.285,11.841,46.002
Amritsar,2020,2020-08-24,2020-09-03,61.648,61.612,27.665,0.603,52.1,47.885,54.372,10.794,55.295
Barnala,2020,2020-08-24,2020-09-03,39.123,30.865,8.088,0.109,8.058,30.867,38.816,10.241,32.571
Bathinda,2020,2020-08-24,2020-09-03,26.169,43.042,14.762,0.068,8.081,14.494,22.507,8.661,39.487
Faridkot,2020,2020-08-24,2020-09-03,51.749,50.208,15.967,0.0,41.36,41.36,49.126,11.125,46.671
Fatehgarh Sahib,2020,2020-08-24,2020-09-03,11.595,64.908,99.405,0.157,8.749,8.592,10.434,2.517,90.232
Firozpur,2020,2020-08-24,2020-09-03,47.553,54.977,12.183,2.857,32.499,25.644,40.776,12.585,45.861
Gurdaspur,2020,2020-08-24,2020-09-03,99.582,65.293,60.901,20.309,80.951,34.674,68.64,26.839,67.712
Hoshiarpur,2020,2020-08-24,2020-09-03,37.089,76.123,114.423,3.691,22.523,12.978,21.092,12.079,94.709
Jalandhar,2020,2020-08-24,2020-09-03,33.644,59.242,50.089,6.794,27.956,10.905,26.117,10.322,60.059
Kapurthala,2020,2020-08-24,2020-09-03,57.177,65.074,64.234,15.203,49.371,20.821,45.475,14.094,65.22
Ludhiana,2020,2020-08-24,2020-09-03,15.469,38.418,52.398,0.156,14.389,14.051,14.834,1.946,52.642
Mansa,2020,2020-08-24,2020-09-03,25.859,50.683,7.753,0.25,13.325,13.075,23.704,10.874,42.477
Moga,2020,2020-08-24,2020-09-03,50.176,38.406,21.811,11.299,43.152,17.667,39.955,14.534,36.311
Muktsar,2020,2020-08-24,2020-09-03,36.398,43.944,22.947,0.0,17.284,17.18,30.998,14.061,41.99
Patiala,2020,2020-08-24,2020-09-03,25.365,51.214,74.316,0.351,17.399,17.047,24.779,8.528,67.876
Rupnagar,2020,2020-08-24,2020-09-03,23.042,119.453,167.401,4.229,14.0,5.759,12.683,5.611,152.205
Sahibzada Ajit Singh Nagar,2020,2020-08-24,2020-09-03,14.222,136.567,117.044,2.225,8.921,6.099,9.433,3.073,143.085
Sangrur,2020,2020-08-24,2020-09-03,14.052,44.893,15.622,0.52,7.234,6.714,13.274,6.335,44.331
Shahid Bhagat Singh Nagar,2020,2020-08-24,2020-09-03,7.244,59.845,99.935,1.048,3.607,2.507,3.511,2.238,78.816
Tarn Taran,2020,2020-08-24,2020-09-03,65.635,57.891,37.234,8.321,58.137,39.574,55.942,13.175,54.861
Amritsar,2020,2020-09-03,2020-09-13,27.138,61.648,61.612,23.721,25.799,12.494,23.721,11.354,57.05
Barnala,2020,2020-09-03,2020-09-13,8.888,39.123,30.865,5.552,8.888,5.214,8.771,3.418,36.505
Bathinda,2020,2020-09-03,2020-09-13,23.468,26.169,43.042,20.734,23.468,18.753,23.396,4.271,30.97
Faridkot,2020,2020-09-03,2020-09-13,61.119,51.749,50.208,56.598,61.119,52.08,61.119,9.277,47.956
Fatehgarh Sahib,2020,2020-09-03,2020-09-13,5.397,11.595,64.908,5.259,5.259,5.121,5.259,0.636,38.618
Firozpur,2020,2020-09-03,2020-09-13,36.545,47.553,54.977,34.264,36.527,29.521,36.483,7.221,45.3
Gurdaspur,2020,2020-09-03,2020-09-13,19.137,99.582,65.293,14.328,19.101,9.292,14.335,5.462,81.991
Hoshiarpur,2020,2020-09-03,2020-09-13,18.222,37.089,76.123,17.417,18.214,10.573,17.417,4.28,56.867
Jalandhar,2020,2020-09-03,2020-09-13,22.732,33.644,59.242,20.156,21.824,17.379,20.428,4.207,40.473
Kapurthala,2020,2020-09-03,2020-09-13,39.273,57.177,65.074,28.995,35.166,22.244,28.995,8.298,54.733
Ludhiana,2020,2020-09-03,2020-09-13,13.619,15.469,38.418,13.118,13.527,12.664,13.527,1.675,27.605
Mansa,2020,2020-09-03,2020-09-13,17.308,25.859,50.683,8.445,17.308,8.685,17.13,6.116,31.164
Moga,2020,2020-09-03,2020-09-13,26.937,50.176,38.406,23.535,26.937,21.04,26.937,5.166,40.679
Muktsar,2020,2020-09-03,2020-09-13,45.678,36.398,43.944,44.113,45.678,41.245,45.444,6.706,38.394
Patiala,2020,2020-09-03,2020-09-13,5.323,25.365,51.214,3.056,5.226,2.73,4.929,1.959,39.147
Rupnagar,2020,2020-09-03,2020-09-13,30.004,23.042,119.453,27.777,30.004,24.082,28.429,5.436,67.849
Sahibzada Ajit Singh Nagar,2020,2020-09-03,2020-09-13,10.443,14.222,136.567,6.237,10.436,6.237,8.839,2.965,58.712
Sangrur,2020,2020-09-03,2020-09-13,9.081,14.052,44.893,1.023,8.951,7.371,8.394,1.633,24.155
Shahid Bhagat Singh Nagar,2020,2020-09-03,2020-09-13,12.167,7.244,59.845,11.678,12.167,9.805,11.692,2.249,32.475
Tarn Taran,2020,2020-09-03,2020-09-13,30.638,65.635,57.891,27.468,29.373,17.163,27.475,10.991,57.371
Amritsar,2020,2020-09-13,2020-09-23,0.0,27.138,61.648,0.0,0.0,0.0,0.0,0.0,33.134
Barnala,2020,2020-09-13,2020-09-23,0.0,8.888,39.123,0.0,0.0,0.0,0.0,0.0,16.915
Bathinda,2020,2020-09-13,2020-09-23,0.0,23.468,26.169,0.0,0.0,0.0,0.0,0.0,21.276
Faridkot,2020,2020-09-13,2020-09-23,0.0,61.119,51.749,0.0,0.0,0.0,0.0,0.0,43.703
Fatehgarh Sahib,2020,2020-09-13,2020-09-23,0.0,5.397,11.595,0.0,0.0,0.0,0.0,0.0,15.859
Firozpur,2020,2020-09-13,2020-09-23,0.138,36.545,47.553,0.0,0.0,0.138,0.138,0.014,31.993
Gurdaspur,2020,2020-09-13,2020-09-23,0.0,19.137,99.582,0.0,0.0,0.0,0.0,0.0,37.85
Hoshiarpur,2020,2020-09-13,2020-09-23,0.0,18.222,37.089,0.0,0.0,0.0,0.0,0.0,27.819
Jalandhar,2020,2020-09-13,2020-09-23,0.0,22.732,33.644,0.0,0.0,0.0,0.0,0.0,24.702
Kapurthala,2020,2020-09-13,2020-09-23,0.0,39.273,57.177,0.0,0.0,0.0,0.0,0.0,39.228
Ludhiana,2020,2020-09-13,2020-09-23,0.0,13.619,15.469,0.0,0.0,0.0,0.0,0.0,15.594
Mansa,2020,2020-09-13,2020-09-23,0.0,17.308,25.859,0.0,0.0,0.0,0.0,0.0,19.347
Moga,2020,2020-09-13,2020-09-23,0.0,26.937,50.176,0.0,0.0,0.0,0.0,0.0,26.242
Muktsar,2020,2020-09-13,2020-09-23,0.0,45.678,36.398,0.0,0.0,0.0,0.0,0.0,33.359
Patiala,2020,2020-09-13,2020-09-23,0.0,5.323,25.365,0.0,0.0,0.0,0.0,0.0,16.238
Rupnagar,2020,2020-09-13,2020-09-23,0.0,30.004,23.042,0.0,0.0,0.0,0.0,0.0,37.018
Sahibzada Ajit Singh Nagar,2020,2020-09-13,2020-09-23,0.0,10.443,14.222,0.0,0.0,0.0,0.0,0.0,25.487
Sangrur,2020,2020-09-13,2020-09-23,0.0,9.081,14.052,0.0,0.0,0.0,0.0,0.0,13.227
Shahid Bhagat Singh Nagar,2020,2020-09-13,2020-09-23,0.0,12.167,7.244,0.0,0.0,0.0,0.0,0.0,16.658
Tarn Taran,2020,2020-09-13,2020-09-23,0.0,30.638,65.635,0.0,0.0,0.0,0.0,0.0,34.584
Amritsar,2020,2020-09-23,2020-09-30,0.0,0.0,1.339,0.0,0.0,0.0,0.0,0.0,11.553
Barnala,2020,2020-09-23,2020-09-30,0.138,0.0,0.0,0.138,0.138,0.138,0.138,0.055,5.898
Bathinda,2020,2020-09-23,2020-09-30,0.031,0.0,0.0,0.0,0.031,0.031,0.031,0.012,7.418
Faridkot,2020,2020-09-23,2020-09-30,0.477,0.0,0.0,0.0,0.477,0.477,0.477,0.191,15.238
Fatehgarh Sahib,2020,2020-09-23,2020-09-30,5.404,0.0,0.138,5.404,5.404,3.713,5.404,2.5,5.53
Firozpur,2020,2020-09-23,2020-09-30,1.525,0.138,0.018,0.0,1.525,1.09,1.525,0.697,11.267
Gurdaspur,2020,2020-09-23,2020-09-30,0.051,0.0,0.036,0.003,0.051,0.048,0.048,0.021,13.198
Hoshiarpur,2020,2020-09-23,2020-09-30,0.084,0.0,0.008,0.084,0.084,0.084,0.084,0.034,9.7
Jalandhar,2020,2020-09-23,2020-09-30,0.0,0.0,0.908,0.0,0.0,0.0,0.0,0.0,8.613
Kapurthala,2020,2020-09-23,2020-09-30,0.0,0.0,4.107,0.0,0.0,0.0,0.0,0.0,13.678
Ludhiana,2020,2020-09-23,2020-09-30,0.752,0.0,0.092,0.752,0.752,0.752,0.752,0.301,5.437
Mansa,2020,2020-09-23,2020-09-30,0.348,0.0,0.0,0.348,0.348,0.261,0.348,0.157,6.746
Moga,2020,2020-09-23,2020-09-30,0.0,0.0,0.0,0.0,0.0,0.0,0.0,0.0,9.15
Muktsar,2020,2020-09-23,2020-09-30,1.273,0.0,0.0,0.0,1.273,1.244,1.273,0.515,11.632
Patiala,2020,2020-09-23,2020-09-30,0.653,0.0,0.097,0.653,0.653,0.261,0.653,0.232,5.662
Rupnagar,2020,2020-09-23,2020-09-30,4.93,0.0,0.0,4.848,4.93,3.344,4.848,2.224,12.907
Sahibzada Ajit Singh Nagar,2020,2020-09-23,2020-09-30,8.697,0.0,0.0,8.587,8.697,5.627,8.587,3.574,8.887
Sangrur,2020,2020-09-23,2020-09-30,0.148,0.0,0.13,0.148,0.148,0.148,0.148,0.059,4.612
Shahid Bhagat Singh Nagar,2020,2020-09-23,2020-09-30,1.327,0.0,0.0,1.327,1.327,1.032,1.327,0.59,5.808
Tarn Taran,2020,2020-09-23,2020-09-30,0.0,0.0,1.265,0.0,0.0,0.0,0.0,0.0,12.059
Amritsar,2021,2021-06-15,2021-06-25,2.25,16.526,16.577,1.273,1.273,0.682,1.273,0.6,19.906
Barnala,2021,2021-06-15,2021-06-25,3.542,12.885,8.451,3.458,3.458,3.458,3.458,0.42,11.67
Bathinda,2021,2021-06-15,2021-06-25,6.881,17.229,11.574,6.602,6.602,5.325,6.602,1.682,20.02
Faridkot,2021,2021-06-15,2021-06-25,12.556,24.375,15.378,4.149,4.149,8.407,8.407,3.398,27.132
Fatehgarh Sahib,2021,2021-06-15,2021-06-25,10.324,58.496,30.015,10.324,10.324,9.144,10.324,1.976,50.016
Firozpur,2021,2021-06-15,2021-06-25,6.79,14.76,10.69,3.193,3.193,3.514,3.597,1.951,16.677
Gurdaspur,2021,2021-06-15,2021-06-25,14.541,32.487,21.088,11.018,11.072,7.357,11.018,3.959,31.697
Hoshiarpur,2021,2021-06-15,2021-06-25,10.429,25.462,24.964,8.148,8.317,5.454,8.159,2.97,27.804
Jalandhar,2021,2021-06-15,2021-06-25,7.261,26.527,39.58,3.602,3.602,3.028,3.659,2.556,33.443
Kapurthala,2021,2021-06-15,2021-06-25,5.316,23.604,48.44,2.292,2.292,2.521,3.022,1.758,34.248
Ludhiana,2021,2021-06-15,2021-06-25,12.624,41.024,25.169,10.154,10.154,9.057,10.154,2.355,35.365
Mansa,2021,2021-06-15,2021-06-25,5.654,26.73,13.251,5.264,5.264,5.175,5.264,0.77,29.017
Moga,2021,2021-06-15,2021-06-25,2.369,24.477,22.304,1.537,1.537,0.96,1.537,0.534,26.731
Muktsar,2021,2021-06-15,2021-06-25,10.93,36.437,9.623,6.824,6.824,4.526,6.824,4.148,36.895
Patiala,2021,2021-06-15,2021-06-25,5.253,38.579,26.696,5.116,5.145,3.725,5.116,1.624,35.044
Rupnagar,2021,2021-06-15,2021-06-25,35.794,26.974,13.415,30.93,31.082,18.7,31.062,12.877,24.165
Sahibzada Ajit Singh Nagar,2021,2021-06-15,2021-06-25,14.073,44.481,31.183,10.078,11.551,6.817,11.55,3.617,42.141
Sangrur,2021,2021-06-15,2021-06-25,4.727,19.587,16.107,3.574,3.574,3.523,3.574,1.313,19.267
Shahid Bhagat Singh Nagar,2021,2021-06-15,2021-06-25,18.514,38.453,15.23,16.079,16.079,10.151,16.079,6.35,33.281
Tarn Taran,2021,2021-06-15,2021-06-25,1.965,15.458,17.645,1.123,1.123,0.615,1.123,0.58,19.03
Amritsar,2021,2021-06-25,2021-07-05,35.871,2.25,16.526,20.233,20.233,15.638,20.233,13.42,8.281
Barnala,2021,2021-06-25,2021-07-05,1.766,3.542,12.885,0.573,0.573,1.193,1.193,0.494,5.619
Bathinda,2021,2021-06-25,2021-07-05,2.331,6.881,17.229,0.121,0.121,1.779,2.21,0.566,9.971
Faridkot,2021,2021-06-25,2021-07-05,0.947,12.556,24.375,0.191,0.191,0.48,0.756,0.296,17.252
Fatehgarh Sahib,2021,2021-06-25,2021-07-05,4.75,10.324,58.496,1.875,1.875,2.875,2.875,1.901,21.94
Firozpur,2021,2021-06-25,2021-07-05,9.802,6.79,14.76,1.865,1.865,7.736,7.937,1.671,9.753
Gurdaspur,2021,2021-06-25,2021-07-05,35.546,14.541,32.487,17.14,17.14,18.361,18.406,9.995,19.123
Hoshiarpur,2021,2021-06-25,2021-07-05,23.727,10.429,25.462,16.322,16.322,12.649,16.322,7.906,14.907
Jalandhar,2021,2021-06-25,2021-07-05,18.3,7.261,26.527,11.832,11.832,6.66,11.832,6.487,15.822
Kapurthala,2021,2021-06-25,2021-07-05,18.087,5.316,23.604,11.036,11.036,7.051,11.036,5.484,15.126
Ludhiana,2021,2021-06-25,2021-07-05,19.092,12.624,41.024,7.869,7.869,11.223,11.223,5.968,18.493
Mansa,2021,2021-06-25,2021-07-05,1.642,5.654,26.73,1.167,1.167,1.147,1.167,0.542,12.673
Moga,2021,2021-06-25,2021-07-05,7.763,2.369,24.477,2.354,2.354,5.307,5.409,2.184,10.571
Muktsar,2021,2021-06-25,2021-07-05,3.889,10.93,36.437,0.336,0.336,3.478,3.553,0.65,18.601
Patiala,2021,2021-06-25,2021-07-05,4.862,5.253,38.579,2.119,2.119,2.321,2.743,1.218,14.59
Rupnagar,2021,2021-06-25,2021-07-05,28.633,35.794,26.974,13.647,13.647,14.978,14.986,8.337,25.766
Sahibzada Ajit Singh Nagar,2021,2021-06-25,2021-07-05,8.186,14.073,44.481,5.027,5.027,3.659,5.027,3.203,22.294
Sangrur,2021,2021-06-25,2021-07-05,3.284,4.727,19.587,1.19,1.19,1.093,2.094,1.01,9.183
Shahid Bhagat Singh Nagar,2021,2021-06-25,2021-07-05,15.52,18.514,38.453,8.554,8.554,6.966,8.554,5.316,20.542
Tarn Taran,2021,2021-06-25,2021-07-05,22.547,1.965,15.458,20.209,20.209,10.567,20.209,9.222,7.744
Amritsar,2021,2021-07-05,2021-07-15,67.986,35.871,2.25,0.001,0.302,28.799,60.478,23.844,25.417
Barnala,2021,2021-07-05,2021-07-15,21.532,1.766,3.542,0.0,1.235,17.941,20.297,3.427,3.266
Bathinda,2021,2021-07-05,2021-07-15,15.898,2.331,6.881,0.0,0.0,11.574,15.882,4.745,5.693
Faridkot,2021,2021-07-05,2021-07-15,17.529,0.947,12.556,0.0,0.0,9.837,16.888,6.133,6.827
Fatehgarh Sahib,2021,2021-07-05,2021-07-15,50.431,4.75,10.324,0.0,2.251,34.676,47.753,13.168,11.042
Firozpur,2021,2021-07-05,2021-07-15,15.782,9.802,6.79,0.811,0.818,6.819,14.748,6.274,12.146
Gurdaspur,2021,2021-07-05,2021-07-15,93.94,35.546,14.541,5.968,15.441,35.579,75.059,30.309,30.219
Hoshiarpur,2021,2021-07-05,2021-07-15,67.905,23.727,10.429,1.55,4.019,40.789,57.291,11.939,18.35
Jalandhar,2021,2021-07-05,2021-07-15,75.869,18.3,7.261,0.856,3.562,60.86,71.916,11.388,16.308
Kapurthala,2021,2021-07-05,2021-07-15,93.338,18.087,5.316,1.814,4.657,55.974,85.927,20.491,16.279
Ludhiana,2021,2021-07-05,2021-07-15,53.73,19.092,12.624,0.011,2.808,41.108,50.624,10.9,19.958
Mansa,2021,2021-07-05,2021-07-15,11.592,1.642,5.654,0.0,0.189,6.137,11.403,5.321,5.346
Moga,2021,2021-07-05,2021-07-15,68.783,7.763,2.369,1.488,1.494,48.061,67.005,16.521,9.559
Muktsar,2021,2021-07-05,2021-07-15,5.973,3.889,10.93,0.012,0.012,3.343,5.781,2.382,10.176
Patiala,2021,2021-07-05,2021-07-15,53.08,4.862,5.253,0.0,3.474,25.788,49.595,22.891,8.468
Rupnagar,2021,2021-07-05,2021-07-15,64.28,28.633,35.794,5.543,12.484,25.344,48.979,14.639,28.088
Sahibzada Ajit Singh Nagar,2021,2021-07-05,2021-07-15,29.321,8.186,14.073,0.0,4.629,13.517,20.887,6.699,12.722
Sangrur,2021,2021-07-05,2021-07-15,34.791,3.284,4.727,0.0,4.325,17.395,30.466,11.319,5.67
Shahid Bhagat Singh Nagar,2021,2021-07-05,2021-07-15,45.992,15.52,18.514,2.619,3.206,25.82,40.796,13.732,16.922
Tarn Taran,2021,2021-07-05,2021-07-15,68.502,22.547,1.965,1.022,1.32,31.919,64.49,22.226,13.14
Amritsar,2021,2021-07-15,2021-07-25,57.131,67.986,35.871,0.715,1.998,36.516,55.726,19.786,67.146
Barnala,2021,2021-07-15,2021-07-25,48.145,21.532,1.766,0.925,4.39,31.756,46.435,13.269,20.018
Bathinda,2021,2021-07-15,2021-07-25,39.849,15.898,2.331,0.124,0.465,29.47,37.797,9.18,16.659
Faridkot,2021,2021-07-15,2021-07-25,59.828,17.529,0.947,0.0,0.0,54.305,59.827,8.969,17.665
Fatehgarh Sahib,2021,2021-07-15,2021-07-25,88.727,50.431,4.75,1.222,40.995,36.799,84.226,29.069,49.339
Firozpur,2021,2021-07-15,2021-07-25,39.697,15.782,9.802,0.673,2.101,31.375,37.966,8.078,17.219
Gurdaspur,2021,2021-07-15,2021-07-25,97.206,93.94,35.546,3.632,40.341,24.092,70.409,23.693,84.986
Hoshiarpur,2021,2021-07-15,2021-07-25,114.569,67.905,23.727,4.587,74.434,60.651,93.824,23.183,62.349
Jalandhar,2021,2021-07-15,2021-07-25,85.541,75.869,18.3,2.668,14.189,35.895,81.673,34.788,71.318
Kapurthala,2021,2021-07-15,2021-07-25,69.199,93.338,18.087,3.927,15.055,34.408,63.253,19.991,84.109
Ludhiana,2021,2021-07-15,2021-07-25,82.629,53.73,19.092,1.255,20.944,32.306,80.242,28.92,53.91
Mansa,2021,2021-07-15,2021-07-25,44.214,11.592,1.642,0.258,3.223,22.474,26.782,14.325,12.847
Moga,2021,2021-07-15,2021-07-25,75.116,68.783,7.763,2.622,7.471,50.981,70.331,18.646,62.316
Muktsar,2021,2021-07-15,2021-07-25,54.797,5.973,3.889,0.0,0.163,50.225,54.586,8.528,9.1
Patiala,2021,2021-07-15,2021-07-25,144.055,53.08,4.862,13.634,55.313,46.9,125.411,40.93,51.783
Rupnagar,2021,2021-07-15,2021-07-25,60.806,64.28,28.633,0.237,32.366,31.942,51.762,13.946,57.478
Sahibzada Ajit Singh Nagar,2021,2021-07-15,2021-07-25,75.9,29.321,8.186,7.285,12.29,33.19,64.645,27.451,28.497
Sangrur,2021,2021-07-15,2021-07-25,81.614,34.791,3.284,7.462,14.732,30.994,64.148,26.402,33.437
Shahid Bhagat Singh Nagar,2021,2021-07-15,2021-07-25,72.274,45.992,15.52,0.256,40.015,39.757,68.457,17.048,43.695
Tarn Taran,2021,2021-07-15,2021-07-25,60.912,68.502,22.547,2.699,8.129,32.637,57.582,21.167,62.03
Amritsar,2021,2021-07-25,2021-08-04,116.352,57.131,67.986,22.508,107.135,57.188,99.135,30.414,63.436
Barnala,2021,2021-07-25,2021-08-04,58.999,48.145,21.532,0.0,29.991,21.183,46.94,17.372,40.615
Bathinda,2021,2021-07-25,2021-08-04,58.716,39.849,15.898,0.074,32.81,29.928,53.825,21.973,35.569
Faridkot,2021,2021-07-25,2021-08-04,66.074,59.828,17.529,1.867,52.025,48.364,61.466,15.014,49.977
Fatehgarh Sahib,2021,2021-07-25,2021-08-04,74.939,88.727,50.431,1.396,64.4,35.156,68.02,28.579,74.408
Firozpur,2021,2021-07-25,2021-08-04,49.482,39.697,15.782,3.928,40.479,34.227,43.78,9.929,34.206
Gurdaspur,2021,2021-07-25,2021-08-04,167.393,97.206,93.94,24.489,147.881,62.2,137.633,61.293,93.204
Hoshiarpur,2021,2021-07-25,2021-08-04,156.849,114.569,67.905,13.639,128.645,59.653,131.033,55.783,93.576
Jalandhar,2021,2021-07-25,2021-08-04,148.032,85.541,75.869,29.057,110.999,52.166,100.806,32.015,82.368
Kapurthala,2021,2021-07-25,2021-08-04,191.021,69.199,93.338,57.418,150.125,65.341,133.029,42.824,75.849
Ludhiana,2021,2021-07-25,2021-08-04,105.752,82.629,53.73,1.999,72.858,36.885,89.577,34.265,73.643
Mansa,2021,2021-07-25,2021-08-04,86.879,44.214,11.592,0.0,45.129,39.577,75.029,30.868,40.358
Moga,2021,2021-07-25,2021-08-04,120.748,75.116,68.783,8.707,65.458,36.175,92.926,29.255,74.099
Muktsar,2021,2021-07-25,2021-08-04,56.101,54.797,5.973,0.053,35.379,35.201,55.186,20.453,43.479
Patiala,2021,2021-07-25,2021-08-04,79.203,144.055,53.08,2.956,64.055,30.69,67.694,30.437,109.756
Rupnagar,2021,2021-07-25,2021-08-04,112.679,60.806,64.28,10.992,87.969,53.002,96.181,26.878,60.422
Sahibzada Ajit Singh Nagar,2021,2021-07-25,2021-08-04,125.584,75.9,29.321,10.343,83.399,38.521,86.759,34.934,60.234
Sangrur,2021,2021-07-25,2021-08-04,86.655,81.614,34.791,0.004,56.262,37.141,76.141,21.609,67.177
Shahid Bhagat Singh Nagar,2021,2021-07-25,2021-08-04,106.981,72.274,45.992,7.898,90.251,53.09,95.328,31.646,61.86
Tarn Taran,2021,2021-07-25,2021-08-04,131.248,60.912,68.502,30.175,116.151,55.139,102.85,33.267,62.988
Amritsar,2021,2021-08-04,2021-08-14,25.159,116.352,57.131,22.378,23.693,17.069,22.378,4.186,87.642
Barnala,2021,2021-08-04,2021-08-14,10.623,58.999,48.145,9.058,9.066,5.167,9.058,3.867,53.098
Bathinda,2021,2021-08-04,2021-08-14,33.66,58.716,39.849,28.048,29.168,14.834,28.048,10.15,49.645
Faridkot,2021,2021-08-04,2021-08-14,59.353,66.074,59.828,41.3,41.67,24.75,41.3,18.39,57.761
Fatehgarh Sahib,2021,2021-08-04,2021-08-14,19.93,74.939,88.727,7.247,9.964,6.102,8.893,4.706,70.13
Firozpur,2021,2021-08-04,2021-08-14,26.069,49.482,39.697,19.57,19.776,13.496,19.57,6.412,41.398
Gurdaspur,2021,2021-08-04,2021-08-14,36.229,167.393,97.206,26.706,27.66,13.9,26.706,8.677,126.966
Hoshiarpur,2021,2021-08-04,2021-08-14,29.602,156.849,114.569,7.65,9.607,10.092,16.112,5.56,123.725
Jalandhar,2021,2021-08-04,2021-08-14,29.146,148.032,85.541,19.588,21.445,12.19,19.588,5.092,114.851
Kapurthala,2021,2021-08-04,2021-08-14,24.224,191.021,69.199,13.341,16.853,7.657,13.341,4.141,134.627
Ludhiana,2021,2021-08-04,2021-08-14,28.742,105.752,82.629,20.173,22.616,12.851,20.173,5.927,91.462
Mansa,2021,2021-08-04,2021-08-14,12.072,86.879,44.214,9.816,9.856,5.172,9.816,4.573,70.022
Moga,2021,2021-08-04,2021-08-14,36.862,120.748,75.116,33.048,33.095,21.816,33.048,8.662,101.474
Muktsar,2021,2021-08-04,2021-08-14,55.036,56.101,54.797,49.02,49.207,29.383,49.02,20.612,49.935
Patiala,2021,2021-08-04,2021-08-14,41.864,79.203,144.055,29.023,32.093,20.916,29.023,9.654,85.85
Rupnagar,2021,2021-08-04,2021-08-14,55.11,112.679,60.806,10.09,17.586,18.77,26.266,14.846,85.502
Sahibzada Ajit Singh Nagar,2021,2021-08-04,2021-08-14,46.28,125.584,75.9,10.557,15.213,15.993,20.649,11.979,102.898
Sangrur,2021,2021-08-04,2021-08-14,36.373,86.655,81.614,27.95,29.222,25.085,27.95,8.825,77.689
Shahid Bhagat Singh Nagar,2021,2021-08-04,2021-08-14,38.623,106.981,72.274,9.182,12.937,12.232,15.987,7.473,82.151
Tarn Taran,2021,2021-08-04,2021-08-14,27.614,131.248,60.912,20.942,23.622,18.331,21.011,4.208,95.754
Amritsar,2021,2021-08-14,2021-08-24,25.891,25.159,116.352,4.01,4.01,11.025,21.881,10.235,42.646
Barnala,2021,2021-08-14,2021-08-24,16.771,10.623,58.999,0.0,0.0,12.456,16.757,5.116,23.226
Bathinda,2021,2021-08-14,2021-08-24,42.502,33.66,58.716,0.0,0.0,30.106,42.502,14.167,33.072
Faridkot,2021,2021-08-14,2021-08-24,49.007,59.353,66.074,0.0,0.0,33.179,49.007,17.27,51.478
Fatehgarh Sahib,2021,2021-08-14,2021-08-24,33.405,19.93,74.939,2.703,2.871,14.337,30.158,10.441,36.79
Firozpur,2021,2021-08-14,2021-08-24,21.512,26.069,49.482,0.117,0.117,18.876,21.395,3.7,28.077
Gurdaspur,2021,2021-08-14,2021-08-24,20.553,36.229,167.393,4.363,4.363,10.426,15.398,4.67,63.272
Hoshiarpur,2021,2021-08-14,2021-08-24,36.111,29.602,156.849,16.957,16.957,11.939,17.861,7.977,62.26
Jalandhar,2021,2021-08-14,2021-08-24,32.06,29.146,148.032,4.823,4.823,15.246,24.91,10.129,54.829
Kapurthala,2021,2021-08-14,2021-08-24,44.56,24.224,191.021,8.375,8.375,29.935,36.183,8.602,60.724
Ludhiana,2021,2021-08-14,2021-08-24,28.135,28.742,105.752,1.951,1.951,14.386,22.492,6.581,46.468
Mansa,2021,2021-08-14,2021-08-24,10.324,12.072,86.879,0.0,0.0,6.651,10.324,3.943,29.99
Moga,2021,2021-08-14,2021-08-24,37.917,36.862,120.748,0.001,0.001,24.455,37.894,14.541,52.05
Muktsar,2021,2021-08-14,2021-08-24,21.735,55.036,56.101,0.0,0.0,16.073,21.735,6.669,43.421
Patiala,2021,2021-08-14,2021-08-24,52.018,41.864,79.203,2.432,3.535,24.55,48.384,17.803,50.263
Rupnagar,2021,2021-08-14,2021-08-24,70.925,55.11,112.679,28.124,28.124,19.679,39.452,11.297,68.837
Sahibzada Ajit Singh Nagar,2021,2021-08-14,2021-08-24,57.303,46.28,125.584,11.903,11.903,22.789,43.352,14.189,67.587
Sangrur,2021,2021-08-14,2021-08-24,34.229,36.373,86.655,0.003,0.293,18.602,33.742,14.859,43.603
Shahid Bhagat Singh Nagar,2021,2021-08-14,2021-08-24,40.692,38.623,106.981,12.962,12.962,11.76,24.836,7.731,55.06
Tarn Taran,2021,2021-08-14,2021-08-24,36.342,27.614,131.248,4.366,4.366,17.272,31.976,14.43,47.962
Amritsar,2021,2021-08-24,2021-09-03,27.759,25.891,25.159,0.0,0.163,23.616,27.416,5.688,37.386
Barnala,2021,2021-08-24,2021-09-03,0.205,16.771,10.623,0.198,0.198,0.198,0.198,0.026,24.435
Bathinda,2021,2021-08-24,2021-09-03,2.101,42.502,33.66,0.017,0.017,2.084,2.084,0.224,51.023
Faridkot,2021,2021-08-24,2021-09-03,3.068,49.007,59.353,0.0,0.0,1.722,2.048,1.09,65.345
Fatehgarh Sahib,2021,2021-08-24,2021-09-03,3.265,33.405,19.93,0.177,0.177,2.259,2.339,0.806,42.411
Firozpur,2021,2021-08-24,2021-09-03,7.073,21.512,26.069,2.637,3.048,3.265,3.956,1.867,30.937
Gurdaspur,2021,2021-08-24,2021-09-03,36.691,20.553,36.229,7.548,13.499,19.054,23.07,6.566,39.314
Hoshiarpur,2021,2021-08-24,2021-09-03,32.65,36.111,29.602,4.47,21.393,14.824,17.691,9.315,46.4
Jalandhar,2021,2021-08-24,2021-09-03,20.741,32.06,29.146,6.08,7.841,7.636,11.575,4.283,46.143
Kapurthala,2021,2021-08-24,2021-09-03,31.458,44.56,24.224,12.764,15.001,8.285,13.853,6.071,57.959
Ludhiana,2021,2021-08-24,2021-09-03,5.768,28.135,28.742,0.468,0.48,3.117,4.384,1.406,40.99
Mansa,2021,2021-08-24,2021-09-03,1.339,10.324,12.072,1.339,1.339,1.339,1.339,0.134,20.411
Moga,2021,2021-08-24,2021-09-03,13.458,37.917,36.862,10.798,12.434,6.798,10.895,3.986,54.713
Muktsar,2021,2021-08-24,2021-09-03,1.938,21.735,55.036,0.0,0.0,1.659,1.697,0.383,35.261
Patiala,2021,2021-08-24,2021-09-03,4.244,52.018,41.864,2.13,2.147,2.129,2.13,1.143,64.53
Rupnagar,2021,2021-08-24,2021-09-03,35.225,70.925,55.11,2.271,5.196,20.102,28.733,9.742,72.385
Sahibzada Ajit Singh Nagar,2021,2021-08-24,2021-09-03,18.074,57.303,46.28,1.17,6.163,6.821,13.466,4.853,67.098
Sangrur,2021,2021-08-24,2021-09-03,1.912,34.229,36.373,1.775,1.775,1.775,1.775,0.247,47.651
Shahid Bhagat Singh Nagar,2021,2021-08-24,2021-09-03,20.9,40.692,38.623,0.499,1.657,12.655,18.65,6.551,49.261
Tarn Taran,2021,2021-08-24,2021-09-03,30.815,36.342,27.614,7.191,8.314,16.681,22.422,6.614,49.001
Amritsar,2021,2021-09-03,2021-09-13,161.654,27.759,25.891,14.263,15.235,76.361,139.686,38.251,35.229
Barnala,2021,2021-09-03,2021-09-13,31.152,0.205,16.771,3.778,3.78,17.709,27.095,7.548,8.604
Bathinda,2021,2021-09-03,2021-09-13,62.699,2.101,42.502,35.835,35.886,26.879,35.835,16.449,19.881
Faridkot,2021,2021-09-03,2021-09-13,92.364,3.068,49.007,38.679,38.679,34.795,53.685,28.866,25.324
Fatehgarh Sahib,2021,2021-09-03,2021-09-13,39.306,3.265,33.405,17.142,17.142,16.512,22.129,10.51,17.081
Firozpur,2021,2021-09-03,2021-09-13,79.618,7.073,21.512,24.713,24.768,30.87,53.191,25.109,15.213
Gurdaspur,2021,2021-09-03,2021-09-13,125.972,36.691,20.553,7.965,8.665,36.424,81.584,33.607,39.01
Hoshiarpur,2021,2021-09-03,2021-09-13,94.134,32.65,36.111,3.757,6.595,25.388,59.997,21.856,37.152
Jalandhar,2021,2021-09-03,2021-09-13,80.458,20.741,32.06,14.048,14.764,20.44,61.068,20.433,31.185
Kapurthala,2021,2021-09-03,2021-09-13,118.296,31.458,44.56,16.188,18.861,37.002,89.198,31.77,41.268
Ludhiana,2021,2021-09-03,2021-09-13,45.459,5.768,28.135,7.203,7.913,16.483,37.193,14.808,18.811
Mansa,2021,2021-09-03,2021-09-13,39.98,1.339,10.324,22.176,24.404,13.725,22.176,8.972,7.636
Moga,2021,2021-09-03,2021-09-13,77.367,13.458,37.917,14.978,14.981,21.915,55.975,17.65,25.647
Muktsar,2021,2021-09-03,2021-09-13,91.069,1.938,21.735,56.275,56.275,49.699,56.275,20.596,14.161
Patiala,2021,2021-09-03,2021-09-13,50.506,4.244,52.018,10.978,11.044,17.534,35.929,16.076,25.09
Rupnagar,2021,2021-09-03,2021-09-13,46.015,35.225,70.925,5.658,19.386,10.762,19.831,9.092,53.275
Sahibzada Ajit Singh Nagar,2021,2021-09-03,2021-09-13,40.943,18.074,57.303,7.878,9.636,15.044,22.268,9.621,35.809
Sangrur,2021,2021-09-03,2021-09-13,44.816,1.912,34.229,6.043,6.086,20.033,35.737,14.993,17.422
Shahid Bhagat Singh Nagar,2021,2021-09-03,2021-09-13,26.879,20.9,40.692,2.244,8.255,7.211,14.019,5.219,34.261
Tarn Taran,2021,2021-09-03,2021-09-13,167.192,30.815,36.342,18.237,20.249,59.054,135.981,47.033,38.766
Amritsar,2021,2021-09-13,2021-09-23,59.731,161.654,27.759,7.953,15.656,38.889,43.68,10.82,149.111
Barnala,2021,2021-09-13,2021-09-23,17.349,31.152,0.205,12.78,13.688,12.695,12.78,4.563,29.566
Bathinda,2021,2021-09-13,2021-09-23,12.395,62.699,2.101,8.249,8.279,6.671,8.249,4.362,44.918
Faridkot,2021,2021-09-13,2021-09-23,8.66,92.364,3.068,6.18,6.18,6.18,6.18,2.764,75.661
Fatehgarh Sahib,2021,2021-09-13,2021-09-23,43.542,39.306,3.265,25.926,33.842,19.601,25.926,9.084,34.779
Firozpur,2021,2021-09-13,2021-09-23,13.97,79.618,7.073,8.669,8.881,8.242,8.669,5.096,67.646
Gurdaspur,2021,2021-09-13,2021-09-23,59.217,125.972,36.691,17.347,34.113,19.055,22.422,17.361,117.383
Hoshiarpur,2021,2021-09-13,2021-09-23,72.615,94.134,32.65,18.342,38.274,22.846,29.916,18.532,90.263
Jalandhar,2021,2021-09-13,2021-09-23,41.284,80.458,20.741,3.521,13.638,17.496,26.926,10.731,75.748
Kapurthala,2021,2021-09-13,2021-09-23,65.258,118.296,31.458,3.405,18.059,29.068,46.196,18.322,111.727
Ludhiana,2021,2021-09-13,2021-09-23,34.116,45.459,5.768,10.371,16.493,13.311,17.067,9.559,44.85
Mansa,2021,2021-09-13,2021-09-23,11.551,39.98,1.339,5.352,5.939,5.612,5.612,4.362,27.428
Moga,2021,2021-09-13,2021-09-23,20.968,77.367,13.458,1.893,2.58,17.485,18.079,3.452,70.548
Muktsar,2021,2021-09-13,2021-09-23,18.426,91.069,1.938,17.085,17.085,10.624,17.085,6.877,61.065
Patiala,2021,2021-09-13,2021-09-23,22.49,50.506,4.244,13.306,19.947,8.191,13.306,6.796,49.939
Rupnagar,2021,2021-09-13,2021-09-23,90.455,46.015,35.225,14.274,32.36,42.0,54.464,16.256,51.972
Sahibzada Ajit Singh Nagar,2021,2021-09-13,2021-09-23,61.678,40.943,18.074,24.166,44.738,18.993,24.166,15.44,44.947
Sangrur,2021,2021-09-13,2021-09-23,6.252,44.816,1.912,3.145,5.648,2.725,3.145,2.525,44.103
Shahid Bhagat Singh Nagar,2021,2021-09-13,2021-09-23,58.082,26.879,20.9,9.157,17.586,24.467,37.548,14.167,32.777
Tarn Taran,2021,2021-09-13,2021-09-23,47.346,167.192,30.815,3.939,10.941,28.007,36.247,10.217,151.487
Amritsar,2021,2021-09-23,2021-09-30,21.999,51.778,149.138,21.998,21.999,11.17,21.998,10.965,99.697
Barnala,2021,2021-09-23,2021-09-30,58.571,4.569,39.875,58.054,58.054,44.898,58.054,25.853,19.464
Bathinda,2021,2021-09-23,2021-09-30,14.258,4.146,35.062,14.258,14.258,11.085,14.258,6.338,23.056
Faridkot,2021,2021-09-23,2021-09-30,29.985,2.48,59.865,29.985,29.985,26.346,29.985,12.722,31.223
Fatehgarh Sahib,2021,2021-09-23,2021-09-30,60.281,17.616,48.09,60.281,60.281,49.006,60.281,26.367,36.588
Firozpur,2021,2021-09-23,2021-09-30,10.679,5.301,63.295,8.981,10.563,7.005,8.981,3.988,32.135
Gurdaspur,2021,2021-09-23,2021-09-30,14.511,41.87,112.655,6.11,14.503,8.393,8.401,6.612,79.817
Hoshiarpur,2021,2021-09-23,2021-09-30,48.898,54.273,87.514,48.781,48.824,33.323,48.781,22.604,80.55
Jalandhar,2021,2021-09-23,2021-09-30,107.237,37.763,68.13,103.513,107.128,53.929,103.513,51.322,60.207
Kapurthala,2021,2021-09-23,2021-09-30,123.779,61.853,100.201,116.121,123.779,58.766,116.121,57.919,92.882
Ludhiana,2021,2021-09-23,2021-09-30,96.361,23.745,47.889,92.848,92.895,55.979,92.848,44.513,40.415
Mansa,2021,2021-09-23,2021-09-30,48.68,6.199,20.199,48.68,48.68,29.182,48.68,23.372,17.645
Moga,2021,2021-09-23,2021-09-30,68.701,19.075,63.563,61.819,68.102,35.338,61.819,30.024,43.961
Muktsar,2021,2021-09-23,2021-09-30,10.196,1.341,51.879,10.196,10.196,8.025,10.196,4.513,29.53
Patiala,2021,2021-09-23,2021-09-30,76.415,9.184,49.495,76.083,76.083,63.77,76.083,32.848,29.242
Rupnagar,2021,2021-09-23,2021-09-30,74.837,76.181,39.225,73.683,73.683,41.257,73.683,35.958,86.309
Sahibzada Ajit Singh Nagar,2021,2021-09-23,2021-09-30,46.922,37.512,55.453,45.453,45.453,37.469,45.453,19.654,54.117
Sangrur,2021,2021-09-23,2021-09-30,52.405,3.107,38.882,52.221,52.221,39.134,52.221,23.506,18.696
Shahid Bhagat Singh Nagar,2021,2021-09-23,2021-09-30,74.16,48.925,26.397,74.16,74.16,38.521,74.16,36.792,56.883
Tarn Taran,2021,2021-09-23,2021-09-30,27.092,43.407,144.355,22.777,27.092,12.632,22.777,11.14,92.031
Amritsar,2022,2022-06-15,2022-06-25,57.12,1.185,2.942,21.885,30.486,17.23,27.872,14.756,2.209
Barnala,2022,2022-06-15,2022-06-25,19.291,0.0,3.527,8.564,14.808,8.243,14.808,6.444,1.906
Bathinda,2022,2022-06-15,2022-06-25,20.158,0.0,1.152,3.143,11.519,8.368,11.511,6.68,1.695
Faridkot,2022,2022-06-15,2022-06-25,50.482,0.0,5.873,6.396,21.04,29.065,29.442,16.086,1.246
Fatehgarh Sahib,2022,2022-06-15,2022-06-25,54.356,0.0,0.599,33.758,45.228,18.491,45.105,15.589,2.898
Firozpur,2022,2022-06-15,2022-06-25,35.461,0.0,2.448,3.267,17.307,17.496,18.154,13.801,0.774
Gurdaspur,2022,2022-06-15,2022-06-25,60.165,6.336,9.901,27.126,48.358,18.495,31.511,16.992,9.576
Hoshiarpur,2022,2022-06-15,2022-06-25,45.017,0.569,8.632,18.519,34.255,11.845,25.898,10.33,3.445
Jalandhar,2022,2022-06-15,2022-06-25,40.876,0.0,2.882,16.058,26.66,12.71,24.45,10.16,2.223
Kapurthala,2022,2022-06-15,2022-06-25,61.331,0.025,1.218,25.741,41.031,17.363,36.133,11.089,2.972
Ludhiana,2022,2022-06-15,2022-06-25,47.876,0.0,5.852,24.266,37.015,19.029,36.866,13.243,2.844
Mansa,2022,2022-06-15,2022-06-25,20.506,0.0,1.161,1.619,8.041,10.005,12.465,6.744,2.758
Moga,2022,2022-06-15,2022-06-25,49.167,0.0,6.896,10.121,28.934,15.679,26.932,13.84,2.583
Muktsar,2022,2022-06-15,2022-06-25,28.315,0.0,0.752,2.127,9.811,18.124,18.504,8.728,0.674
Patiala,2022,2022-06-15,2022-06-25,49.284,0.121,8.009,24.925,43.597,18.26,43.185,17.258,5.336
Rupnagar,2022,2022-06-15,2022-06-25,36.091,0.623,0.173,20.976,29.447,17.404,29.101,9.053,2.55
Sahibzada Ajit Singh Nagar,2022,2022-06-15,2022-06-25,46.665,0.448,1.514,26.623,30.513,16.034,30.314,14.888,3.367
Sangrur,2022,2022-06-15,2022-06-25,34.66,0.0,9.473,11.961,25.175,12.606,24.567,11.002,4.682
Shahid Bhagat Singh Nagar,2022,2022-06-15,2022-06-25,36.741,0.006,0.928,24.119,30.179,20.936,29.814,7.219,1.559
Tarn Taran,2022,2022-06-15,2022-06-25,58.564,0.01,2.337,18.827,29.068,17.058,29.496,14.775,1.484
Amritsar,2022,2022-06-25,2022-07-05,22.971,57.12,1.185,0.0,0.0,15.039,22.97,8.487,36.42
Barnala,2022,2022-06-25,2022-07-05,34.565,19.291,0.0,0.0,0.0,27.411,34.534,8.802,11.48
Bathinda,2022,2022-06-25,2022-07-05,30.026,20.158,0.0,0.0,0.0,27.875,30.026,4.578,13.014
Faridkot,2022,2022-06-25,2022-07-05,15.355,50.482,0.0,0.0,0.0,9.023,15.355,5.569,32.767
Fatehgarh Sahib,2022,2022-06-25,2022-07-05,89.555,54.356,0.0,0.0,0.0,62.889,83.857,21.907,29.206
Firozpur,2022,2022-06-25,2022-07-05,14.26,35.461,0.0,0.0,0.038,7.542,13.588,4.523,22.628
Gurdaspur,2022,2022-06-25,2022-07-05,37.48,60.165,6.336,0.0,9.099,10.168,24.574,8.895,37.366
Hoshiarpur,2022,2022-06-25,2022-07-05,50.698,45.017,0.569,0.215,11.386,20.633,32.927,13.123,27.374
Jalandhar,2022,2022-06-25,2022-07-05,54.207,40.876,0.0,0.0,0.767,31.83,50.699,20.089,25.329
Kapurthala,2022,2022-06-25,2022-07-05,66.753,61.331,0.025,0.0,0.224,32.117,62.974,30.98,37.144
Ludhiana,2022,2022-06-25,2022-07-05,81.936,47.876,0.0,0.0,0.444,65.281,76.096,14.393,27.529
Mansa,2022,2022-06-25,2022-07-05,17.349,20.506,0.0,0.0,0.0,14.083,17.34,3.752,14.437
Moga,2022,2022-06-25,2022-07-05,56.975,49.167,0.0,0.0,0.164,45.645,54.293,8.919,31.214
Muktsar,2022,2022-06-25,2022-07-05,16.246,28.315,0.0,0.0,0.0,14.646,16.246,2.801,18.856
Patiala,2022,2022-06-25,2022-07-05,60.692,49.284,0.121,0.0,0.0,44.88,55.792,14.054,27.763
Rupnagar,2022,2022-06-25,2022-07-05,140.185,36.091,0.623,1.77,38.377,28.837,81.086,26.713,20.201
Sahibzada Ajit Singh Nagar,2022,2022-06-25,2022-07-05,90.343,46.665,0.448,0.172,5.251,47.096,74.039,23.666,27.203
Sangrur,2022,2022-06-25,2022-07-05,31.922,34.66,0.0,0.0,0.0,30.104,31.387,3.968,21.709
Shahid Bhagat Singh Nagar,2022,2022-06-25,2022-07-05,89.817,36.741,0.006,0.441,13.065,32.619,67.299,24.48,20.306
Tarn Taran,2022,2022-06-25,2022-07-05,31.52,58.564,0.01,0.0,0.126,15.389,29.666,12.823,37.467
Amritsar,2022,2022-07-05,2022-07-15,21.737,22.971,57.12,4.18,6.898,9.695,12.413,5.547,30.785
Barnala,2022,2022-07-05,2022-07-15,36.128,34.565,19.291,3.609,7.252,28.353,31.996,6.114,29.82
Bathinda,2022,2022-07-05,2022-07-15,16.14,30.026,20.158,7.666,7.78,8.099,8.213,7.611,26.616
Faridkot,2022,2022-07-05,2022-07-15,9.093,15.355,50.482,6.474,6.474,6.38,6.474,2.412,23.235
Fatehgarh Sahib,2022,2022-07-05,2022-07-15,99.185,89.555,54.356,26.656,29.682,49.35,63.779,26.875,79.567
Firozpur,2022,2022-07-05,2022-07-15,14.232,14.26,35.461,6.497,7.059,6.232,6.794,4.226,18.889
Gurdaspur,2022,2022-07-05,2022-07-15,52.659,37.48,60.165,17.661,25.536,12.526,22.613,8.654,40.252
Hoshiarpur,2022,2022-07-05,2022-07-15,53.182,50.698,45.017,7.996,10.133,18.202,25.386,16.586,48.659
Jalandhar,2022,2022-07-05,2022-07-15,44.629,54.207,40.876,2.612,6.565,28.151,32.104,6.481,51.283
Kapurthala,2022,2022-07-05,2022-07-15,50.529,66.753,61.331,4.12,7.378,33.221,36.479,6.859,66.587
Ludhiana,2022,2022-07-05,2022-07-15,51.395,81.936,47.876,6.976,12.331,26.024,31.379,8.613,70.668
Mansa,2022,2022-07-05,2022-07-15,14.642,17.349,20.506,2.766,2.843,10.651,11.669,2.646,18.182
Moga,2022,2022-07-05,2022-07-15,23.591,56.975,49.167,4.791,6.181,9.139,10.529,5.351,53.246
Muktsar,2022,2022-07-05,2022-07-15,18.429,16.246,28.315,16.961,17.161,16.961,17.161,2.565,18.558
Patiala,2022,2022-07-05,2022-07-15,76.466,60.692,49.284,8.417,11.031,42.457,59.842,15.454,56.163
Rupnagar,2022,2022-07-05,2022-07-15,133.346,140.185,36.091,54.5,71.334,54.494,64.141,28.124,107.161
Sahibzada Ajit Singh Nagar,2022,2022-07-05,2022-07-15,112.362,90.343,46.665,41.917,44.508,42.0,61.865,38.387,78.362
Sangrur,2022,2022-07-05,2022-07-15,60.202,31.922,34.66,7.347,11.551,40.453,44.657,9.669,31.049
Shahid Bhagat Singh Nagar,2022,2022-07-05,2022-07-15,66.765,89.817,36.741,16.564,20.915,23.602,30.136,17.268,71.361
Tarn Taran,2022,2022-07-05,2022-07-15,20.24,31.52,58.564,4.537,5.581,6.96,8.096,6.251,38.177
Amritsar,2022,2022-07-15,2022-07-25,170.301,21.737,22.971,42.77,42.81,77.736,105.627,29.306,25.548
Barnala,2022,2022-07-15,2022-07-25,137.87,36.128,34.565,29.409,30.405,93.526,100.144,34.454,32.972
Bathinda,2022,2022-07-15,2022-07-25,73.017,16.14,30.026,24.428,24.75,29.156,41.75,13.035,18.556
Faridkot,2022,2022-07-15,2022-07-25,146.634,9.093,15.355,98.197,98.266,54.415,98.197,32.459,13.062
Fatehgarh Sahib,2022,2022-07-15,2022-07-25,146.298,99.185,89.555,84.711,94.955,56.339,84.711,30.909,89.843
Firozpur,2022,2022-07-15,2022-07-25,123.41,14.232,14.26,89.346,89.665,44.812,89.346,28.54,15.317
Gurdaspur,2022,2022-07-15,2022-07-25,159.76,52.659,37.48,58.828,58.949,53.145,87.279,44.268,46.302
Hoshiarpur,2022,2022-07-15,2022-07-25,137.538,53.182,50.698,50.559,54.234,45.112,79.729,35.097,56.932
Jalandhar,2022,2022-07-15,2022-07-25,140.459,44.629,54.207,26.67,30.807,67.075,95.81,30.152,48.238
Kapurthala,2022,2022-07-15,2022-07-25,200.018,50.529,66.753,48.005,50.296,87.492,129.439,39.47,57.475
Ludhiana,2022,2022-07-15,2022-07-25,145.93,51.395,81.936,47.368,50.772,56.0,82.176,43.293,59.289
Mansa,2022,2022-07-15,2022-07-25,114.823,14.642,17.349,34.718,35.063,51.719,73.095,21.915,15.559
Moga,2022,2022-07-15,2022-07-25,133.297,23.591,56.975,42.748,43.798,56.744,83.495,22.055,35.195
Muktsar,2022,2022-07-15,2022-07-25,117.243,18.429,16.246,99.548,99.548,55.194,99.548,27.136,15.555
Patiala,2022,2022-07-15,2022-07-25,147.205,76.466,60.692,82.672,89.06,47.29,82.672,43.928,71.39
Rupnagar,2022,2022-07-15,2022-07-25,111.964,133.346,140.185,57.104,66.53,35.354,57.104,18.705,119.299
Sahibzada Ajit Singh Nagar,2022,2022-07-15,2022-07-25,136.789,112.362,90.343,66.584,77.502,44.167,66.584,27.308,96.002
Sangrur,2022,2022-07-15,2022-07-25,131.803,60.202,31.922,40.469,41.374,69.871,86.145,28.811,49.765
Shahid Bhagat Singh Nagar,2022,2022-07-15,2022-07-25,103.525,66.765,89.817,36.258,40.557,28.653,49.459,25.281,69.824
Tarn Taran,2022,2022-07-15,2022-07-25,185.621,20.24,31.52,56.568,56.84,81.691,105.129,34.28,28.25
Amritsar,2022,2022-07-25,2022-08-04,75.718,170.301,21.737,6.232,21.216,28.271,50.436,15.828,124.554
Barnala,2022,2022-07-25,2022-08-04,28.71,137.87,36.128,3.3,9.482,10.418,18.309,6.158,106.961
Bathinda,2022,2022-07-25,2022-08-04,49.902,73.017,16.14,1.158,10.923,19.163,38.889,16.429,55.761
Faridkot,2022,2022-07-25,2022-08-04,48.288,146.634,9.093,4.791,15.85,26.357,32.438,11.496,83.54
Fatehgarh Sahib,2022,2022-07-25,2022-08-04,55.133,146.298,99.185,7.599,11.433,15.952,42.419,14.666,114.741
Firozpur,2022,2022-07-25,2022-08-04,64.294,123.41,14.232,2.734,16.151,24.361,47.847,15.59,69.233
Gurdaspur,2022,2022-07-25,2022-08-04,127.887,159.76,52.659,35.202,75.369,25.058,65.202,25.037,114.438
Hoshiarpur,2022,2022-07-25,2022-08-04,78.37,137.538,53.182,17.986,26.931,23.759,51.321,19.861,102.131
Jalandhar,2022,2022-07-25,2022-08-04,63.195,140.459,44.629,4.549,23.001,21.364,40.015,11.378,112.047
Kapurthala,2022,2022-07-25,2022-08-04,81.055,200.018,50.529,6.029,31.325,26.527,49.625,14.811,153.921
Ludhiana,2022,2022-07-25,2022-08-04,58.053,145.93,51.395,3.309,11.547,25.054,45.995,16.442,116.548
Mansa,2022,2022-07-25,2022-08-04,58.6,114.823,14.642,1.676,16.339,17.614,42.24,16.676,82.496
Moga,2022,2022-07-25,2022-08-04,48.177,133.297,23.591,5.988,28.721,16.661,26.099,14.986,100.93
Muktsar,2022,2022-07-25,2022-08-04,72.267,117.243,18.429,3.84,15.059,29.765,57.2,24.486,61.23
Patiala,2022,2022-07-25,2022-08-04,67.919,147.205,76.466,2.736,9.625,29.822,57.511,21.744,108.311
Rupnagar,2022,2022-07-25,2022-08-04,88.219,111.964,133.346,10.171,29.75,25.921,57.275,22.208,107.215
Sahibzada Ajit Singh Nagar,2022,2022-07-25,2022-08-04,82.868,136.789,112.362,11.891,18.018,32.424,63.952,22.653,115.489
Sangrur,2022,2022-07-25,2022-08-04,47.954,131.803,60.202,2.096,9.726,23.621,38.223,9.141,104.451
Shahid Bhagat Singh Nagar,2022,2022-07-25,2022-08-04,77.793,103.525,66.765,4.256,22.076,34.777,54.363,13.491,91.526
Tarn Taran,2022,2022-07-25,2022-08-04,78.233,185.621,20.24,4.584,21.545,27.236,54.407,17.749,133.511
Amritsar,2022,2022-08-04,2022-08-14,55.51,75.718,170.301,22.395,24.37,29.685,31.582,23.037,93.902
Barnala,2022,2022-08-04,2022-08-14,10.573,28.71,137.87,8.755,9.319,4.898,8.755,3.905,56.668
Bathinda,2022,2022-08-04,2022-08-14,18.52,49.902,73.017,10.145,12.281,6.163,10.145,5.15,55.11
Faridkot,2022,2022-08-04,2022-08-14,28.874,48.288,146.634,13.217,28.867,15.65,23.571,8.694,62.939
Fatehgarh Sahib,2022,2022-08-04,2022-08-14,6.068,55.133,146.298,4.44,4.44,3.226,4.44,1.788,77.109
Firozpur,2022,2022-08-04,2022-08-14,14.954,64.294,123.41,8.253,14.208,5.698,11.543,5.599,69.472
Gurdaspur,2022,2022-08-04,2022-08-14,58.108,127.887,159.76,12.737,17.179,17.523,40.761,13.954,117.645
Hoshiarpur,2022,2022-08-04,2022-08-14,59.866,78.37,137.538,14.86,20.075,21.328,39.462,11.696,86.497
Jalandhar,2022,2022-08-04,2022-08-14,8.002,63.195,140.459,2.543,3.939,1.998,3.808,1.574,81.594
Kapurthala,2022,2022-08-04,2022-08-14,15.51,81.055,200.018,2.01,8.424,4.944,8.371,3.536,108.06
Ludhiana,2022,2022-08-04,2022-08-14,4.26,58.053,145.93,3.709,3.72,1.829,3.709,1.591,81.493
Mansa,2022,2022-08-04,2022-08-14,8.424,58.6,114.823,7.359,7.521,5.734,7.359,1.663,69.675
Moga,2022,2022-08-04,2022-08-14,13.348,48.177,133.297,6.255,9.194,3.851,6.255,2.667,65.817
Muktsar,2022,2022-08-04,2022-08-14,24.152,72.267,117.243,14.337,23.297,8.96,14.337,7.453,72.835
Patiala,2022,2022-08-04,2022-08-14,20.686,67.919,147.205,13.454,13.831,7.674,13.454,6.86,84.538
Rupnagar,2022,2022-08-04,2022-08-14,44.198,88.219,111.964,19.289,32.615,10.269,23.595,9.111,95.818
Sahibzada Ajit Singh Nagar,2022,2022-08-04,2022-08-14,23.229,82.868,136.789,11.992,13.594,7.901,11.992,7.568,96.869
Sangrur,2022,2022-08-04,2022-08-14,13.878,47.954,131.803,8.9,10.717,6.42,8.9,3.25,69.696
Shahid Bhagat Singh Nagar,2022,2022-08-04,2022-08-14,14.914,77.793,103.525,8.957,12.413,6.927,10.383,3.492,86.687
Tarn Taran,2022,2022-08-04,2022-08-14,38.296,78.233,185.621,18.828,24.052,17.808,23.032,12.895,98.927
Amritsar,2022,2022-08-14,2022-08-24,27.465,55.51,75.718,23.087,23.745,15.789,23.087,8.147,67.518
Barnala,2022,2022-08-14,2022-08-24,4.058,10.573,28.71,3.507,3.507,2.588,3.507,1.086,24.676
Bathinda,2022,2022-08-14,2022-08-24,12.899,18.52,49.902,12.883,12.893,11.461,12.893,2.426,30.091
Faridkot,2022,2022-08-14,2022-08-24,11.575,28.874,48.288,11.575,11.575,8.257,11.575,3.812,37.088
Fatehgarh Sahib,2022,2022-08-14,2022-08-24,14.318,6.068,55.133,9.804,9.804,9.804,9.804,3.532,30.225
Firozpur,2022,2022-08-14,2022-08-24,15.461,14.954,64.294,12.781,13.409,6.433,12.94,6.356,32.128
Gurdaspur,2022,2022-08-14,2022-08-24,38.702,58.108,127.887,19.984,33.009,12.985,24.929,8.57,81.781
Hoshiarpur,2022,2022-08-14,2022-08-24,21.558,59.866,78.37,11.152,16.551,10.551,14.78,4.553,71.991
Jalandhar,2022,2022-08-14,2022-08-24,24.855,8.002,63.195,18.244,18.488,13.901,18.488,6.73,33.694
Kapurthala,2022,2022-08-14,2022-08-24,59.418,15.51,81.055,49.83,49.905,34.433,49.871,17.301,48.046
Ludhiana,2022,2022-08-14,2022-08-24,12.143,4.26,58.053,7.54,7.54,7.439,7.54,4.389,30.39
Mansa,2022,2022-08-14,2022-08-24,10.618,8.424,58.6,9.693,10.352,9.665,10.352,1.56,28.32
Moga,2022,2022-08-14,2022-08-24,20.233,13.348,48.177,12.353,12.353,8.712,12.353,7.297,30.65
Muktsar,2022,2022-08-14,2022-08-24,16.517,24.152,72.267,16.507,16.517,11.607,16.507,5.571,37.667
Patiala,2022,2022-08-14,2022-08-24,18.276,20.686,67.919,8.394,8.404,9.092,9.681,8.464,40.936
Rupnagar,2022,2022-08-14,2022-08-24,100.026,44.198,88.219,38.275,69.687,31.254,69.342,29.239,58.957
Sahibzada Ajit Singh Nagar,2022,2022-08-14,2022-08-24,53.113,23.229,82.868,39.253,40.379,38.883,40.332,12.265,47.307
Sangrur,2022,2022-08-14,2022-08-24,7.589,13.878,47.954,5.364,5.754,5.227,5.754,2.156,31.424
Shahid Bhagat Singh Nagar,2022,2022-08-14,2022-08-24,34.788,14.914,77.793,15.961,25.382,9.843,25.38,9.461,38.468
Tarn Taran,2022,2022-08-14,2022-08-24,37.484,38.296,78.233,29.957,29.957,21.432,29.957,9.816,57.169
Amritsar,2022,2022-08-24,2022-09-03,38.451,27.465,55.51,33.102,33.102,20.992,33.102,12.998,37.231
Barnala,2022,2022-08-24,2022-09-03,3.093,4.058,10.573,2.437,2.437,2.433,2.437,0.833,10.604
Bathinda,2022,2022-08-24,2022-09-03,3.61,12.899,18.52,3.384,3.384,1.943,3.384,1.491,16.116
Faridkot,2022,2022-08-24,2022-09-03,7.73,11.575,28.874,6.823,6.823,5.085,6.823,2.073,18.073
Fatehgarh Sahib,2022,2022-08-24,2022-09-03,6.625,14.318,6.068,0.72,0.72,4.959,5.434,1.118,18.55
Firozpur,2022,2022-08-24,2022-09-03,5.081,15.461,14.954,2.764,2.764,1.572,2.764,1.466,19.019
Gurdaspur,2022,2022-08-24,2022-09-03,27.71,38.702,58.108,18.889,18.913,14.725,18.889,5.198,49.152
Hoshiarpur,2022,2022-08-24,2022-09-03,27.908,21.558,59.866,12.679,12.872,8.644,13.532,6.846,36.627
Jalandhar,2022,2022-08-24,2022-09-03,21.048,24.855,8.002,15.442,15.442,8.32,15.442,7.136,25.051
Kapurthala,2022,2022-08-24,2022-09-03,44.485,59.418,15.51,37.843,37.843,21.784,37.843,16.632,46.59
Ludhiana,2022,2022-08-24,2022-09-03,10.133,12.143,4.26,4.983,4.983,4.93,5.017,3.702,17.555
Mansa,2022,2022-08-24,2022-09-03,1.837,10.618,8.424,1.09,1.172,1.09,1.09,0.699,14.626
Moga,2022,2022-08-24,2022-09-03,21.335,20.233,13.348,18.828,18.828,17.523,18.828,3.901,22.484
Muktsar,2022,2022-08-24,2022-09-03,1.782,16.517,24.152,1.189,1.189,1.189,1.189,0.615,20.8
Patiala,2022,2022-08-24,2022-09-03,3.457,18.276,20.686,0.304,0.306,1.778,2.853,1.145,25.978
Rupnagar,2022,2022-08-24,2022-09-03,44.849,100.026,44.198,10.423,11.608,24.361,29.027,8.277,76.939
Sahibzada Ajit Singh Nagar,2022,2022-08-24,2022-09-03,13.92,53.113,23.229,0.646,2.148,7.227,9.564,2.704,43.55
Sangrur,2022,2022-08-24,2022-09-03,2.515,7.589,13.878,2.124,2.189,1.627,2.124,0.61,14.969
Shahid Bhagat Singh Nagar,2022,2022-08-24,2022-09-03,14.182,34.788,14.914,4.026,4.027,7.63,9.988,3.537,32.529
Tarn Taran,2022,2022-08-24,2022-09-03,37.191,37.484,38.296,32.557,32.557,21.792,32.557,11.868,39.287
Amritsar,2022,2022-09-03,2022-09-13,14.009,38.451,27.465,2.156,2.536,9.591,11.472,2.881,30.672
Barnala,2022,2022-09-03,2022-09-13,1.056,3.093,4.058,1.053,1.053,1.017,1.053,0.134,5.336
Bathinda,2022,2022-09-03,2022-09-13,0.436,3.61,12.899,0.227,0.436,0.227,0.436,0.211,7.192
Faridkot,2022,2022-09-03,2022-09-13,2.356,7.73,11.575,0.0,2.03,2.03,2.03,0.496,9.898
Fatehgarh Sahib,2022,2022-09-03,2022-09-13,1.799,6.625,14.318,1.725,1.725,1.725,1.725,0.239,12.028
Firozpur,2022,2022-09-03,2022-09-13,6.351,5.081,15.461,1.291,5.2,2.243,3.969,1.724,9.626
Gurdaspur,2022,2022-09-03,2022-09-13,44.182,27.71,38.702,17.468,19.577,14.34,24.605,10.614,31.414
Hoshiarpur,2022,2022-09-03,2022-09-13,60.279,27.908,21.558,27.748,31.089,17.657,27.748,14.71,29.008
Jalandhar,2022,2022-09-03,2022-09-13,19.366,21.048,24.855,10.347,12.458,9.087,10.347,5.234,19.698
Kapurthala,2022,2022-09-03,2022-09-13,19.254,44.485,59.418,6.444,8.935,7.303,10.319,4.415,36.602
Ludhiana,2022,2022-09-03,2022-09-13,14.67,10.133,12.143,13.695,13.718,8.762,13.695,5.314,12.701
Mansa,2022,2022-09-03,2022-09-13,0.0,1.837,10.618,0.0,0.0,0.0,0.0,0.0,6.104
Moga,2022,2022-09-03,2022-09-13,11.337,21.335,20.233,6.364,9.539,3.27,6.364,3.184,17.736
Muktsar,2022,2022-09-03,2022-09-13,0.51,1.782,16.517,0.0,0.471,0.418,0.471,0.089,8.197
Patiala,2022,2022-09-03,2022-09-13,1.289,3.457,18.276,0.592,0.592,0.592,0.697,0.497,11.649
Rupnagar,2022,2022-09-03,2022-09-13,25.468,44.849,100.026,12.655,12.975,11.817,12.655,8.077,55.36
Sahibzada Ajit Singh Nagar,2022,2022-09-03,2022-09-13,3.372,13.92,53.113,0.526,0.868,1.918,2.504,0.601,24.806
Sangrur,2022,2022-09-03,2022-09-13,0.604,2.515,7.589,0.558,0.558,0.481,0.558,0.117,6.429
Shahid Bhagat Singh Nagar,2022,2022-09-03,2022-09-13,8.803,14.182,34.788,3.621,3.644,5.02,5.159,2.604,19.96
Tarn Taran,2022,2022-09-03,2022-09-13,10.364,37.191,37.484,3.574,4.399,3.047,5.965,2.334,30.8
Amritsar,2022,2022-09-13,2022-09-23,18.838,14.009,38.451,0.904,16.573,15.669,16.573,3.561,22.959
Barnala,2022,2022-09-13,2022-09-23,13.814,1.056,3.093,4.857,4.857,8.299,8.957,5.158,2.316
Bathinda,2022,2022-09-13,2022-09-23,18.594,0.436,3.61,2.924,2.924,15.384,15.67,4.132,2.716
Faridkot,2022,2022-09-13,2022-09-23,12.704,2.356,7.73,0.001,0.001,12.594,12.703,1.357,4.856
Fatehgarh Sahib,2022,2022-09-13,2022-09-23,23.081,1.799,6.625,2.433,3.553,15.542,19.528,5.142,4.923
Firozpur,2022,2022-09-13,2022-09-23,8.105,6.351,5.081,0.219,0.407,7.646,7.698,0.934,7.171
Gurdaspur,2022,2022-09-13,2022-09-23,11.936,44.182,27.71,2.422,9.015,6.593,9.015,2.839,42.774
Hoshiarpur,2022,2022-09-13,2022-09-23,5.897,60.279,27.908,3.368,3.695,2.15,3.695,1.311,49.749
Jalandhar,2022,2022-09-13,2022-09-23,8.115,19.366,21.048,3.0,3.657,2.785,4.458,2.478,18.139
Kapurthala,2022,2022-09-13,2022-09-23,6.882,19.254,44.485,2.282,3.908,2.897,3.908,2.343,25.775
Ludhiana,2022,2022-09-13,2022-09-23,23.076,14.67,10.133,7.024,7.057,11.799,16.019,7.306,10.891
Mansa,2022,2022-09-13,2022-09-23,15.736,0.0,1.837,2.85,2.85,12.886,12.886,3.854,2.128
Moga,2022,2022-09-13,2022-09-23,28.628,11.337,21.335,1.565,2.553,25.745,26.075,3.488,12.034
Muktsar,2022,2022-09-13,2022-09-23,6.215,0.51,1.782,0.03,0.03,5.818,6.185,0.912,3.15
Patiala,2022,2022-09-13,2022-09-23,38.97,1.289,3.457,2.439,11.258,26.011,27.5,10.282,4.874
Rupnagar,2022,2022-09-13,2022-09-23,7.697,25.468,44.849,2.453,4.626,2.428,3.01,2.216,35.944
Sahibzada Ajit Singh Nagar,2022,2022-09-13,2022-09-23,62.054,3.372,13.92,10.978,30.447,30.395,30.755,17.466,11.266
Sangrur,2022,2022-09-13,2022-09-23,16.373,0.604,2.515,2.842,2.842,11.044,13.531,3.597,2.507
Shahid Bhagat Singh Nagar,2022,2022-09-13,2022-09-23,3.668,8.803,14.182,0.714,0.826,2.538,2.842,0.896,13.131
Tarn Taran,2022,2022-09-13,2022-09-23,24.286,10.364,37.191,1.694,19.025,17.331,19.025,5.057,18.133
Amritsar,2022,2022-09-23,2022-09-30,75.25,17.934,12.377,72.779,75.25,57.172,72.779,30.544,18.808
Barnala,2022,2022-09-23,2022-09-30,105.486,8.957,4.86,104.828,105.486,84.127,104.828,42.853,12.017
Bathinda,2022,2022-09-23,2022-09-30,84.196,15.67,2.924,82.081,84.196,70.475,82.153,33.933,17.983
Faridkot,2022,2022-09-23,2022-09-30,54.658,12.703,0.327,52.653,54.658,48.817,53.933,21.393,14.385
Fatehgarh Sahib,2022,2022-09-23,2022-09-30,162.967,20.648,2.507,138.912,162.967,114.363,156.82,60.178,22.5
Firozpur,2022,2022-09-23,2022-09-30,29.123,7.886,1.37,27.469,29.123,25.757,28.738,11.247,10.381
Gurdaspur,2022,2022-09-23,2022-09-30,84.556,9.514,27.027,61.495,84.556,58.546,83.444,37.255,21.848
Hoshiarpur,2022,2022-09-23,2022-09-30,99.769,2.529,32.558,71.586,99.769,59.282,93.166,40.623,20.997
Jalandhar,2022,2022-09-23,2022-09-30,110.554,5.115,9.908,96.153,110.554,83.126,102.657,41.891,12.34
Kapurthala,2022,2022-09-23,2022-09-30,108.715,4.6,12.601,90.842,108.715,79.078,101.021,42.355,13.614
Ludhiana,2022,2022-09-23,2022-09-30,123.063,16.052,7.976,118.275,123.063,105.774,119.992,47.968,22.753
Mansa,2022,2022-09-23,2022-09-30,166.058,12.886,2.85,163.302,166.058,118.544,163.302,69.829,14.992
Moga,2022,2022-09-23,2022-09-30,89.33,27.063,3.363,84.202,89.33,75.521,86.65,33.809,31.461
Muktsar,2022,2022-09-23,2022-09-30,35.432,6.185,0.069,34.019,35.432,31.458,35.432,14.12,7.259
Patiala,2022,2022-09-23,2022-09-30,145.729,36.531,3.136,134.201,145.729,89.75,134.201,52.87,34.966
Rupnagar,2022,2022-09-23,2022-09-30,122.458,5.244,14.946,85.694,122.458,79.87,121.144,54.006,17.804
Sahibzada Ajit Singh Nagar,2022,2022-09-23,2022-09-30,131.872,51.076,13.482,101.969,131.872,80.775,124.214,50.252,50.712
Sangrur,2022,2022-09-23,2022-09-30,125.975,13.531,2.888,125.736,125.975,90.784,125.736,50.837,15.509
Shahid Bhagat Singh Nagar,2022,2022-09-23,2022-09-30,118.779,2.954,5.873,104.652,118.779,93.603,110.559,45.917,7.763
Tarn Taran,2022,2022-09-23,2022-09-30,72.13,22.592,7.659,67.152,72.13,55.626,68.947,27.256,21.447
Amritsar,2023,2023-06-15,2023-06-25,61.068,16.065,37.59,58.482,60.802,57.905,58.482,7.878,19.783
Barnala,2023,2023-06-15,2023-06-25,18.379,4.611,54.388,12.362,12.886,12.008,12.362,5.481,15.108
Bathinda,2023,2023-06-15,2023-06-25,4.994,10.736,48.646,3.985,4.109,2.281,3.985,1.603,19.55
Faridkot,2023,2023-06-15,2023-06-25,2.51,10.049,39.92,2.51,2.51,1.579,2.51,0.995,17.562
Fatehgarh Sahib,2023,2023-06-15,2023-06-25,49.406,3.746,44.976,27.771,28.121,27.637,27.771,16.078,14.387
Firozpur,2023,2023-06-15,2023-06-25,2.95,9.087,36.186,2.889,2.889,2.54,2.889,0.568,15.38
Gurdaspur,2023,2023-06-15,2023-06-25,50.857,19.321,57.047,27.433,42.512,26.819,27.433,16.253,29.794
Hoshiarpur,2023,2023-06-15,2023-06-25,18.492,28.142,63.177,3.926,8.442,4.516,10.043,3.88,42.111
Jalandhar,2023,2023-06-15,2023-06-25,22.14,18.824,45.646,15.562,16.544,15.52,15.562,5.04,28.593
Kapurthala,2023,2023-06-15,2023-06-25,30.896,20.443,52.789,23.733,25.362,23.732,23.733,5.615,29.442
Ludhiana,2023,2023-06-15,2023-06-25,23.455,8.018,43.161,14.887,16.076,14.223,14.887,4.397,17.486
Mansa,2023,2023-06-15,2023-06-25,11.199,10.815,37.038,2.952,4.621,6.524,6.578,2.323,16.419
Moga,2023,2023-06-15,2023-06-25,9.262,7.431,31.886,6.142,6.689,5.504,6.142,2.033,14.665
Muktsar,2023,2023-06-15,2023-06-25,0.945,5.342,44.06,0.945,0.945,0.774,0.945,0.231,14.779
Patiala,2023,2023-06-15,2023-06-25,36.741,4.606,35.13,14.534,17.556,14.493,18.465,11.13,11.978
Rupnagar,2023,2023-06-15,2023-06-25,29.961,9.608,66.172,0.88,1.912,16.924,26.835,9.219,28.535
Sahibzada Ajit Singh Nagar,2023,2023-06-15,2023-06-25,29.425,4.776,47.71,0.906,1.0,13.574,21.272,7.183,17.407
Sangrur,2023,2023-06-15,2023-06-25,9.709,6.547,47.121,6.522,8.331,5.909,6.522,2.147,15.246
Shahid Bhagat Singh Nagar,2023,2023-06-15,2023-06-25,11.433,6.323,53.482,2.105,2.14,3.88,8.992,3.446,20.037
Tarn Taran,2023,2023-06-15,2023-06-25,23.046,13.009,23.216,22.694,22.829,22.626,22.694,2.386,15.361
Amritsar,2023,2023-06-25,2023-07-05,83.284,61.068,16.065,75.78,77.378,68.401,75.78,13.423,31.179
Barnala,2023,2023-06-25,2023-07-05,20.552,18.379,4.611,1.908,2.843,13.227,17.707,4.747,14.898
Bathinda,2023,2023-06-25,2023-07-05,17.469,4.994,10.736,11.468,12.374,10.781,11.66,4.875,9.301
Faridkot,2023,2023-06-25,2023-07-05,36.897,2.51,10.049,33.865,34.331,30.117,34.026,6.385,7.136
Fatehgarh Sahib,2023,2023-06-25,2023-07-05,38.827,49.406,3.746,6.408,10.851,14.361,27.425,9.421,33.01
Firozpur,2023,2023-06-25,2023-07-05,40.164,2.95,9.087,35.227,35.993,31.14,35.657,6.726,6.551
Gurdaspur,2023,2023-06-25,2023-07-05,77.398,50.857,19.321,56.034,59.432,42.922,56.034,12.605,37.88
Hoshiarpur,2023,2023-06-25,2023-07-05,42.327,18.492,28.142,10.41,19.423,13.976,15.7,7.766,27.953
Jalandhar,2023,2023-06-25,2023-07-05,15.019,22.14,18.824,4.92,6.253,3.492,6.135,3.349,21.331
Kapurthala,2023,2023-06-25,2023-07-05,19.317,30.896,20.443,10.74,12.483,7.623,10.74,3.195,25.166
Ludhiana,2023,2023-06-25,2023-07-05,26.714,23.455,8.018,1.85,3.915,7.31,20.665,7.253,18.169
Mansa,2023,2023-06-25,2023-07-05,5.301,11.199,10.815,1.373,2.841,1.949,2.867,0.986,13.308
Moga,2023,2023-06-25,2023-07-05,24.479,9.262,7.431,12.452,14.04,10.738,12.878,7.284,10.035
Muktsar,2023,2023-06-25,2023-07-05,38.908,0.945,5.342,37.492,37.879,35.147,37.492,5.625,5.552
Patiala,2023,2023-06-25,2023-07-05,36.051,36.741,4.606,13.743,16.651,10.029,20.134,8.863,26.021
Rupnagar,2023,2023-06-25,2023-07-05,68.408,29.961,9.608,14.9,25.023,22.709,31.462,12.61,37.458
Sahibzada Ajit Singh Nagar,2023,2023-06-25,2023-07-05,78.957,29.425,4.776,38.169,47.589,19.297,38.169,10.888,30.977
Sangrur,2023,2023-06-25,2023-07-05,27.484,9.709,6.547,11.952,18.207,10.993,17.248,7.163,9.98
Shahid Bhagat Singh Nagar,2023,2023-06-25,2023-07-05,40.306,11.433,6.323,7.324,13.136,16.25,21.677,8.161,16.3
Tarn Taran,2023,2023-06-25,2023-07-05,51.172,23.046,13.009,41.37,48.687,35.895,41.379,10.122,14.417
Amritsar,2023,2023-07-05,2023-07-15,184.347,83.284,61.068,99.839,181.159,69.515,109.353,43.625,50.084
Barnala,2023,2023-07-05,2023-07-15,152.167,20.552,18.379,51.39,74.217,44.806,95.931,32.468,19.204
Bathinda,2023,2023-07-05,2023-07-15,48.6,17.469,4.994,19.339,38.401,18.533,31.133,12.717,12.416
Faridkot,2023,2023-07-05,2023-07-15,86.465,36.897,2.51,24.57,82.949,53.126,62.996,21.246,19.842
Fatehgarh Sahib,2023,2023-07-05,2023-07-15,335.956,38.827,49.406,29.972,118.972,151.426,294.623,86.003,37.862
Firozpur,2023,2023-07-05,2023-07-15,84.086,40.164,2.95,25.175,79.821,48.715,60.358,17.309,21.521
Gurdaspur,2023,2023-07-05,2023-07-15,254.512,77.398,50.857,100.974,223.424,121.304,148.884,51.954,55.097
Hoshiarpur,2023,2023-07-05,2023-07-15,327.908,42.327,18.492,88.468,229.114,140.377,224.267,82.471,40.001
Jalandhar,2023,2023-07-05,2023-07-15,184.041,15.019,22.14,86.873,165.912,77.921,100.005,48.4,17.518
Kapurthala,2023,2023-07-05,2023-07-15,194.096,19.317,30.896,86.114,177.348,88.575,113.557,48.652,20.13
Ludhiana,2023,2023-07-05,2023-07-15,203.416,26.714,23.455,74.28,134.369,58.243,121.09,53.74,25.582
Mansa,2023,2023-07-05,2023-07-15,42.27,5.301,11.199,11.143,39.316,27.2,35.438,9.258,7.983
Moga,2023,2023-07-05,2023-07-15,116.166,24.479,9.262,62.291,98.179,41.804,62.291,34.678,17.004
Muktsar,2023,2023-07-05,2023-07-15,43.267,38.908,0.945,14.802,42.902,25.964,35.015,9.678,19.242
Patiala,2023,2023-07-05,2023-07-15,314.351,36.051,36.741,33.858,117.156,124.211,269.953,82.622,30.666
Rupnagar,2023,2023-07-05,2023-07-15,523.501,68.408,29.961,52.314,257.797,190.063,439.685,186.911,63.802
Sahibzada Ajit Singh Nagar,2023,2023-07-05,2023-07-15,520.367,78.957,29.425,23.695,252.297,212.915,450.218,129.939,57.732
Sangrur,2023,2023-07-05,2023-07-15,88.912,27.484,9.709,37.56,60.326,28.142,49.243,21.613,19.517
Shahid Bhagat Singh Nagar,2023,2023-07-05,2023-07-15,425.067,40.306,11.433,81.597,245.559,154.25,329.374,152.996,36.819
Tarn Taran,2023,2023-07-05,2023-07-15,157.114,51.172,23.046,61.856,154.405,73.364,101.516,33.895,29.409
Amritsar,2023,2023-07-15,2023-07-25,118.329,184.347,83.284,6.135,12.602,73.011,104.261,29.52,109.549
Barnala,2023,2023-07-15,2023-07-25,21.928,152.167,20.552,4.492,4.579,15.427,16.639,4.057,97.091
Bathinda,2023,2023-07-15,2023-07-25,12.162,48.6,17.469,6.687,6.778,3.675,6.687,2.149,31.864
Faridkot,2023,2023-07-15,2023-07-25,50.893,86.465,36.897,13.611,15.746,30.03,31.497,14.249,54.918
Fatehgarh Sahib,2023,2023-07-15,2023-07-25,50.382,335.956,38.827,5.697,7.693,35.648,40.674,8.088,224.92
Firozpur,2023,2023-07-15,2023-07-25,34.951,84.086,40.164,10.661,11.539,13.334,18.547,10.039,54.196
Gurdaspur,2023,2023-07-15,2023-07-25,123.89,254.512,77.398,32.499,62.301,31.694,60.131,27.985,155.638
Hoshiarpur,2023,2023-07-15,2023-07-25,94.603,327.908,42.327,19.671,29.567,30.453,63.196,29.88,203.264
Jalandhar,2023,2023-07-15,2023-07-25,73.421,184.041,15.019,15.532,28.387,33.16,42.456,10.645,102.639
Kapurthala,2023,2023-07-15,2023-07-25,111.263,194.096,19.317,15.555,32.234,58.825,78.949,19.081,109.721
Ludhiana,2023,2023-07-15,2023-07-25,32.473,203.416,26.714,14.23,16.832,8.946,14.816,7.304,123.467
Mansa,2023,2023-07-15,2023-07-25,19.963,42.27,5.301,11.055,11.211,5.262,11.055,4.989,26.644
Moga,2023,2023-07-15,2023-07-25,33.294,116.166,24.479,11.776,16.101,12.389,16.989,6.537,67.804
Muktsar,2023,2023-07-15,2023-07-25,29.755,43.267,38.908,11.537,12.236,10.162,11.537,8.915,30.212
Patiala,2023,2023-07-15,2023-07-25,51.409,314.351,36.051,7.028,20.273,15.674,28.919,12.994,209.221
Rupnagar,2023,2023-07-15,2023-07-25,64.166,523.501,68.408,15.192,26.821,34.668,36.719,14.693,349.277
Sahibzada Ajit Singh Nagar,2023,2023-07-15,2023-07-25,65.424,520.367,78.957,9.729,11.619,40.989,53.076,13.165,356.484
Sangrur,2023,2023-07-15,2023-07-25,30.564,88.912,27.484,6.402,10.784,12.921,19.771,7.457,56.228
Shahid Bhagat Singh Nagar,2023,2023-07-15,2023-07-25,28.739,425.067,40.306,9.798,15.368,11.722,13.508,5.469,265.015
Tarn Taran,2023,2023-07-15,2023-07-25,78.122,157.114,51.172,6.272,9.284,53.141,68.363,13.9,92.012
Amritsar,2023,2023-07-25,2023-08-04,61.387,118.329,184.347,37.744,46.675,18.351,37.744,17.79,135.994
Barnala,2023,2023-07-25,2023-08-04,56.206,21.928,152.167,23.32,34.655,23.232,31.285,18.064,49.774
Bathinda,2023,2023-07-25,2023-08-04,40.544,12.162,48.6,12.704,27.216,12.199,24.267,10.772,18.405
Faridkot,2023,2023-07-25,2023-08-04,36.844,50.893,86.465,25.19,31.363,13.896,25.19,9.819,57.355
Fatehgarh Sahib,2023,2023-07-25,2023-08-04,69.677,50.382,335.956,35.667,64.708,35.651,59.418,24.955,115.925
Firozpur,2023,2023-07-25,2023-08-04,33.59,34.951,84.086,21.95,27.922,9.655,21.95,7.064,43.679
Gurdaspur,2023,2023-07-25,2023-08-04,36.59,123.89,254.512,23.922,28.902,11.467,23.922,9.519,137.97
Hoshiarpur,2023,2023-07-25,2023-08-04,15.673,94.603,327.908,3.927,5.459,4.689,8.161,2.274,140.996
Jalandhar,2023,2023-07-25,2023-08-04,44.456,73.421,184.041,10.204,23.934,8.288,19.309,7.382,89.048
Kapurthala,2023,2023-07-25,2023-08-04,37.842,111.263,194.096,12.809,27.691,12.243,18.851,8.288,123.373
Ludhiana,2023,2023-07-25,2023-08-04,57.993,32.473,203.416,10.673,36.186,16.892,27.614,11.144,62.958
Mansa,2023,2023-07-25,2023-08-04,38.794,19.963,42.27,11.397,23.133,11.311,22.142,10.806,20.558
Moga,2023,2023-07-25,2023-08-04,21.939,33.294,116.166,7.903,15.116,6.073,10.443,4.055,46.358
Muktsar,2023,2023-07-25,2023-08-04,34.278,29.755,43.267,17.042,30.624,12.698,22.488,7.797,30.062
Patiala,2023,2023-07-25,2023-08-04,92.991,51.409,314.351,38.204,76.255,37.725,68.082,31.081,106.655
Rupnagar,2023,2023-07-25,2023-08-04,79.156,64.166,523.501,20.465,49.012,27.839,48.275,20.814,165.092
Sahibzada Ajit Singh Nagar,2023,2023-07-25,2023-08-04,77.085,65.424,520.367,47.514,57.969,43.936,48.982,14.238,174.322
Sangrur,2023,2023-07-25,2023-08-04,52.886,30.564,88.912,11.156,43.407,26.406,37.553,12.55,38.97
Shahid Bhagat Singh Nagar,2023,2023-07-25,2023-08-04,47.02,28.739,425.067,11.27,29.927,17.507,28.53,12.068,110.78
Tarn Taran,2023,2023-07-25,2023-08-04,31.594,78.122,157.114,19.787,27.328,8.003,19.787,7.457,96.72
Amritsar,2023,2023-08-04,2023-08-14,35.422,61.387,118.329,21.702,25.848,15.244,25.525,7.285,82.941
Barnala,2023,2023-08-04,2023-08-14,35.808,56.206,21.928,12.742,16.825,11.28,18.983,8.795,48.744
Bathinda,2023,2023-08-04,2023-08-14,4.954,40.544,12.162,1.697,2.17,1.54,2.784,1.016,29.376
Faridkot,2023,2023-08-04,2023-08-14,0.229,36.844,50.893,0.0,0.0,0.229,0.229,0.023,37.52
Fatehgarh Sahib,2023,2023-08-04,2023-08-14,31.841,69.677,50.382,8.265,22.943,14.463,22.097,6.808,75.824
Firozpur,2023,2023-08-04,2023-08-14,0.628,33.59,34.951,0.309,0.327,0.153,0.309,0.13,31.62
Gurdaspur,2023,2023-08-04,2023-08-14,148.843,36.59,123.89,38.328,71.885,32.248,68.5,31.292,68.577
Hoshiarpur,2023,2023-08-04,2023-08-14,138.239,15.673,94.603,25.979,56.466,54.188,71.625,31.351,60.75
Jalandhar,2023,2023-08-04,2023-08-14,35.125,44.456,73.421,7.186,13.811,16.071,18.731,7.457,60.501
Kapurthala,2023,2023-08-04,2023-08-14,37.844,37.842,111.263,6.546,16.053,15.236,19.303,9.929,65.13
Ludhiana,2023,2023-08-04,2023-08-14,25.323,57.993,32.473,11.189,18.025,6.566,12.758,5.154,60.669
Mansa,2023,2023-08-04,2023-08-14,1.784,38.794,19.963,0.879,0.95,0.736,0.95,0.705,31.353
Moga,2023,2023-08-04,2023-08-14,11.221,21.939,33.294,2.585,4.188,2.435,5.447,1.768,29.086
Muktsar,2023,2023-08-04,2023-08-14,0.29,34.278,29.755,0.0,0.0,0.29,0.29,0.029,27.775
Patiala,2023,2023-08-04,2023-08-14,27.652,92.991,51.409,12.685,19.138,8.0,18.882,6.565,89.58
Rupnagar,2023,2023-08-04,2023-08-14,148.38,79.156,64.166,5.202,70.103,47.591,71.128,46.184,107.805
Sahibzada Ajit Singh Nagar,2023,2023-08-04,2023-08-14,77.213,77.085,65.424,14.814,35.703,23.615,33.535,13.92,104.221
Sangrur,2023,2023-08-04,2023-08-14,7.838,52.886,30.564,5.318,5.714,4.188,5.414,1.685,44.311
Shahid Bhagat Singh Nagar,2023,2023-08-04,2023-08-14,81.124,47.02,28.739,10.31,42.654,25.649,41.204,21.012,69.095
Tarn Taran,2023,2023-08-04,2023-08-14,7.076,31.594,78.122,4.85,5.207,2.524,5.168,2.315,50.363
Amritsar,2023,2023-08-14,2023-08-24,14.722,35.422,61.387,4.158,11.892,7.702,9.593,2.81,48.989
Barnala,2023,2023-08-14,2023-08-24,14.394,35.808,56.206,0.981,2.499,6.658,11.424,3.862,39.939
Bathinda,2023,2023-08-14,2023-08-24,1.364,4.954,40.544,0.05,0.174,0.607,1.105,0.371,13.448
Faridkot,2023,2023-08-14,2023-08-24,1.634,0.229,36.844,0.672,0.672,0.672,0.962,0.672,13.268
Fatehgarh Sahib,2023,2023-08-14,2023-08-24,31.733,31.841,69.677,0.306,0.502,21.653,30.684,9.867,45.828
Firozpur,2023,2023-08-14,2023-08-24,5.05,0.628,33.59,2.537,2.612,2.262,2.537,2.061,11.424
Gurdaspur,2023,2023-08-14,2023-08-24,75.284,148.843,36.59,47.708,50.679,32.115,47.708,14.46,121.105
Hoshiarpur,2023,2023-08-14,2023-08-24,79.839,138.239,15.673,41.479,45.551,26.511,41.479,25.662,115.5
Jalandhar,2023,2023-08-14,2023-08-24,16.333,35.125,44.456,6.075,7.383,4.008,7.662,3.418,44.827
Kapurthala,2023,2023-08-14,2023-08-24,23.25,37.844,37.842,9.065,10.114,6.48,12.696,4.36,48.454
Ludhiana,2023,2023-08-14,2023-08-24,25.143,25.323,57.993,1.976,9.148,9.232,15.309,6.296,35.62
Mansa,2023,2023-08-14,2023-08-24,1.889,1.784,38.794,0.561,0.626,0.954,1.114,0.6,11.982
Moga,2023,2023-08-14,2023-08-24,16.48,11.221,21.939,7.345,9.041,3.903,7.345,2.682,17.962
Muktsar,2023,2023-08-14,2023-08-24,0.0,0.29,34.278,0.0,0.0,0.0,0.0,0.0,9.92
Patiala,2023,2023-08-14,2023-08-24,25.148,27.652,92.991,0.67,0.743,17.594,21.559,5.158,47.29
Rupnagar,2023,2023-08-14,2023-08-24,126.215,148.38,79.156,31.249,40.037,68.083,82.609,30.281,141.427
Sahibzada Ajit Singh Nagar,2023,2023-08-14,2023-08-24,78.165,77.213,77.085,13.298,15.148,49.76,60.009,12.829,87.876
Sangrur,2023,2023-08-14,2023-08-24,5.379,7.838,52.886,1.057,1.443,2.111,2.767,1.207,19.786
Shahid Bhagat Singh Nagar,2023,2023-08-14,2023-08-24,42.739,81.124,47.02,4.63,7.301,27.922,34.541,8.365,76.506
Tarn Taran,2023,2023-08-14,2023-08-24,5.551,7.076,31.594,0.656,3.84,3.165,3.593,1.003,21.479
Amritsar,2023,2023-08-24,2023-09-03,37.467,14.722,35.422,15.773,31.541,15.768,31.265,15.524,25.377
Barnala,2023,2023-08-24,2023-09-03,13.834,14.394,35.808,8.871,10.43,4.817,8.871,4.13,26.197
Bathinda,2023,2023-08-24,2023-09-03,2.433,1.364,4.954,1.219,2.005,0.759,1.545,0.718,5.865
Faridkot,2023,2023-08-24,2023-09-03,4.917,1.634,0.229,0.0,3.874,2.361,4.917,1.598,5.599
Fatehgarh Sahib,2023,2023-08-24,2023-09-03,22.298,31.733,31.841,9.401,9.402,12.896,12.897,6.302,45.639
Firozpur,2023,2023-08-24,2023-09-03,3.993,5.05,0.628,0.522,2.926,1.282,3.471,1.138,6.913
Gurdaspur,2023,2023-08-24,2023-09-03,19.354,75.284,148.843,13.177,17.121,6.159,13.177,4.812,85.93
Hoshiarpur,2023,2023-08-24,2023-09-03,18.381,79.839,138.239,13.442,13.628,6.664,13.442,5.588,92.797
Jalandhar,2023,2023-08-24,2023-09-03,38.427,16.333,35.125,16.449,28.943,14.715,27.209,12.716,27.147
Kapurthala,2023,2023-08-24,2023-09-03,58.739,23.25,37.844,31.529,51.82,28.493,48.784,21.111,33.553
Ludhiana,2023,2023-08-24,2023-09-03,21.66,25.143,25.323,6.697,9.939,11.701,14.943,5.945,32.597
Mansa,2023,2023-08-24,2023-09-03,1.67,1.889,1.784,0.331,0.421,1.249,1.339,0.415,5.449
Moga,2023,2023-08-24,2023-09-03,12.118,16.48,11.221,5.714,7.756,2.975,5.714,2.306,16.873
Muktsar,2023,2023-08-24,2023-09-03,5.093,0.0,0.29,0.0,5.044,3.081,5.093,2.075,3.459
Patiala,2023,2023-08-24,2023-09-03,26.686,25.148,27.652,7.852,7.941,18.66,18.834,5.929,39.702
Rupnagar,2023,2023-08-24,2023-09-03,32.433,126.215,148.38,25.67,26.16,12.892,25.67,7.258,150.057
Sahibzada Ajit Singh Nagar,2023,2023-08-24,2023-09-03,26.951,78.165,77.213,24.154,24.155,18.596,24.154,5.46,97.296
Sangrur,2023,2023-08-24,2023-09-03,4.932,5.379,7.838,1.852,1.974,2.958,3.08,1.792,11.124
Shahid Bhagat Singh Nagar,2023,2023-08-24,2023-09-03,25.426,42.739,81.124,15.529,15.668,11.793,15.529,9.946,64.422
Tarn Taran,2023,2023-08-24,2023-09-03,25.279,5.551,7.076,7.93,21.879,13.905,21.673,8.342,11.0
Amritsar,2023,2023-09-03,2023-09-13,1.138,37.467,14.722,0.155,0.155,0.515,0.823,0.328,30.074
Barnala,2023,2023-09-03,2023-09-13,0.0,13.834,14.394,0.0,0.0,0.0,0.0,0.0,16.163
Bathinda,2023,2023-09-03,2023-09-13,0.0,2.433,1.364,0.0,0.0,0.0,0.0,0.0,3.326
Faridkot,2023,2023-09-03,2023-09-13,0.0,4.917,1.634,0.0,0.0,0.0,0.0,0.0,4.835
Fatehgarh Sahib,2023,2023-09-03,2023-09-13,1.669,22.298,31.733,0.0,0.0,0.858,1.669,0.816,28.366
Firozpur,2023,2023-09-03,2023-09-13,0.0,3.993,5.05,0.0,0.0,0.0,0.0,0.0,4.693
Gurdaspur,2023,2023-09-03,2023-09-13,10.456,19.354,75.284,1.866,1.866,4.038,7.532,3.04,39.881
Hoshiarpur,2023,2023-09-03,2023-09-13,7.792,18.381,79.839,0.811,0.811,5.83,6.653,1.114,41.635
Jalandhar,2023,2023-09-03,2023-09-13,1.319,38.427,16.333,0.875,0.875,0.875,0.875,0.481,31.411
Kapurthala,2023,2023-09-03,2023-09-13,2.241,58.739,23.25,1.727,1.727,1.727,1.727,0.625,44.527
Ludhiana,2023,2023-09-03,2023-09-13,0.138,21.66,25.143,0.008,0.008,0.053,0.13,0.047,24.056
Mansa,2023,2023-09-03,2023-09-13,0.0,1.67,1.889,0.0,0.0,0.0,0.0,0.0,2.93
Moga,2023,2023-09-03,2023-09-13,1.171,12.118,16.48,0.872,0.872,0.872,0.872,0.356,13.229
Muktsar,2023,2023-09-03,2023-09-13,0.0,5.093,0.0,0.0,0.0,0.0,0.0,0.0,4.101
Patiala,2023,2023-09-03,2023-09-13,3.565,26.686,25.148,0.0,0.0,3.529,3.565,0.383,29.545
Rupnagar,2023,2023-09-03,2023-09-13,15.48,32.433,126.215,0.403,0.404,11.575,15.076,3.945,68.47
Sahibzada Ajit Singh Nagar,2023,2023-09-03,2023-09-13,7.341,26.951,78.165,0.008,0.01,3.869,6.837,2.5,45.472
Sangrur,2023,2023-09-03,2023-09-13,0.0,4.932,5.379,0.0,0.0,0.0,0.0,0.0,6.76
Shahid Bhagat Singh Nagar,2023,2023-09-03,2023-09-13,7.248,25.426,42.739,0.287,0.287,6.105,6.961,1.375,36.108
Tarn Taran,2023,2023-09-03,2023-09-13,0.137,25.279,5.551,0.116,0.116,0.116,0.116,0.03,18.235
Amritsar,2023,2023-09-13,2023-09-23,91.459,1.138,37.467,7.971,7.98,39.08,83.479,27.142,11.408
Barnala,2023,2023-09-13,2023-09-23,43.6,0.0,13.834,0.055,14.611,15.688,30.244,12.331,5.636
Bathinda,2023,2023-09-13,2023-09-23,23.548,0.0,2.433,0.0,9.938,9.642,13.996,7.314,1.16
Faridkot,2023,2023-09-13,2023-09-23,50.654,0.0,4.917,0.0,4.575,27.23,45.916,17.034,1.686
Fatehgarh Sahib,2023,2023-09-13,2023-09-23,42.976,1.669,22.298,1.059,19.821,19.211,37.973,12.627,11.316
Firozpur,2023,2023-09-13,2023-09-23,44.979,0.0,3.993,0.04,5.797,15.453,38.277,14.274,1.636
Gurdaspur,2023,2023-09-13,2023-09-23,91.541,10.456,19.354,17.295,18.526,36.142,72.889,27.653,21.894
Hoshiarpur,2023,2023-09-13,2023-09-23,111.581,7.792,18.381,1.397,24.817,46.288,86.576,36.58,21.081
Jalandhar,2023,2023-09-13,2023-09-23,44.874,1.319,38.427,10.095,14.322,17.039,27.636,9.976,11.696
Kapurthala,2023,2023-09-13,2023-09-23,53.344,2.241,58.739,9.594,10.8,20.832,42.544,19.738,16.73
Ludhiana,2023,2023-09-13,2023-09-23,41.47,0.138,21.66,11.52,17.571,13.539,19.59,7.329,8.497
Mansa,2023,2023-09-13,2023-09-23,29.466,0.0,1.67,0.0,21.718,17.081,24.941,5.881,1.022
Moga,2023,2023-09-13,2023-09-23,23.714,1.171,12.118,0.356,5.128,10.766,18.503,6.819,5.247
Muktsar,2023,2023-09-13,2023-09-23,53.714,0.0,5.093,0.0,6.689,18.877,42.598,13.338,1.43
Patiala,2023,2023-09-13,2023-09-23,75.742,3.565,26.686,3.893,43.533,27.548,61.027,22.003,13.193
Rupnagar,2023,2023-09-13,2023-09-23,22.724,15.48,32.433,0.64,3.186,16.371,21.598,4.252,37.398
Sahibzada Ajit Singh Nagar,2023,2023-09-13,2023-09-23,30.922,7.341,26.951,1.78,20.592,15.193,28.418,10.165,22.188
Sangrur,2023,2023-09-13,2023-09-23,64.752,0.0,4.932,0.656,41.537,32.777,52.559,13.788,2.357
Shahid Bhagat Singh Nagar,2023,2023-09-13,2023-09-23,17.663,7.248,25.426,4.171,5.206,10.083,12.565,4.579,18.917
Tarn Taran,2023,2023-09-13,2023-09-23,69.879,0.137,25.279,4.37,4.814,33.54,65.065,24.626,6.429
Amritsar,2023,2023-09-23,2023-09-30,20.986,83.488,8.954,20.986,20.986,18.804,20.986,8.329,67.643
Barnala,2023,2023-09-23,2023-09-30,9.081,43.545,0.055,9.081,9.081,4.592,9.081,3.691,30.899
Bathinda,2023,2023-09-23,2023-09-30,6.414,23.548,0.0,6.414,6.414,4.775,6.414,2.49,16.164
Faridkot,2023,2023-09-23,2023-09-30,19.652,50.654,0.0,19.652,19.652,10.133,19.652,9.405,37.705
Fatehgarh Sahib,2023,2023-09-23,2023-09-30,16.136,41.917,2.728,16.136,16.136,15.555,16.136,6.571,30.905
Firozpur,2023,2023-09-23,2023-09-30,12.054,44.939,0.04,12.054,12.054,6.81,12.054,5.355,32.593
Gurdaspur,2023,2023-09-23,2023-09-30,4.641,74.246,25.885,4.641,4.641,4.015,4.641,1.956,67.864
Hoshiarpur,2023,2023-09-23,2023-09-30,12.859,110.184,8.378,12.859,12.859,9.192,12.859,5.877,81.481
Jalandhar,2023,2023-09-23,2023-09-30,15.523,34.779,10.539,15.523,15.523,13.351,15.523,6.352,32.897
Kapurthala,2023,2023-09-23,2023-09-30,8.158,43.75,10.108,8.158,8.158,6.766,8.158,3.454,41.807
Ludhiana,2023,2023-09-23,2023-09-30,28.307,29.95,11.65,28.307,28.307,16.225,28.307,13.422,28.793
Mansa,2023,2023-09-23,2023-09-30,11.992,29.466,0.0,11.992,11.992,6.331,11.992,5.518,17.758
Moga,2023,2023-09-23,2023-09-30,17.444,23.358,0.655,17.444,17.444,11.916,17.444,6.481,17.892
Muktsar,2023,2023-09-23,2023-09-30,3.943,53.714,0.0,3.943,3.943,2.437,3.943,1.871,39.694
Patiala,2023,2023-09-23,2023-09-30,16.224,71.849,7.458,16.224,16.224,15.06,16.224,6.616,51.649
Rupnagar,2023,2023-09-23,2023-09-30,20.834,22.084,15.716,20.834,20.834,12.963,20.834,9.854,27.872
Sahibzada Ajit Singh Nagar,2023,2023-09-23,2023-09-30,8.718,29.142,9.105,8.718,8.718,7.587,8.718,3.641,26.212
Sangrur,2023,2023-09-23,2023-09-30,12.518,64.096,0.656,12.518,12.518,7.957,12.518,5.434,40.175
Shahid Bhagat Singh Nagar,2023,2023-09-23,2023-09-30,19.519,13.492,11.132,19.519,19.519,12.585,19.519,9.194,17.396
Tarn Taran,2023,2023-09-23,2023-09-30,26.123,65.509,4.391,26.123,26.123,20.311,26.123,10.262,52.944
Amritsar,2024,2024-06-15,2024-06-25,4.18,2.038,0.318,0.0,0.019,2.727,4.161,1.563,1.283
Barnala,2024,2024-06-15,2024-06-25,6.36,2.118,0.637,0.0,0.0,6.36,6.36,0.636,1.294
Bathinda,2024,2024-06-15,2024-06-25,5.231,1.78,0.606,0.0,0.0,4.486,5.231,1.119,1.058
Faridkot,2024,2024-06-15,2024-06-25,6.725,2.146,0.031,0.0,0.0,6.364,6.725,0.961,1.128
Fatehgarh Sahib,2024,2024-06-15,2024-06-25,3.277,1.036,0.729,0.0,0.0,3.183,3.277,0.403,0.759
Firozpur,2024,2024-06-15,2024-06-25,13.958,2.673,0.047,0.0,0.0,7.31,13.958,6.714,1.324
Gurdaspur,2024,2024-06-15,2024-06-25,3.391,2.812,1.022,0.0,0.36,2.736,3.096,0.598,2.476
Hoshiarpur,2024,2024-06-15,2024-06-25,4.995,4.099,3.897,0.0,0.018,4.977,4.995,0.514,3.516
Jalandhar,2024,2024-06-15,2024-06-25,2.153,3.953,1.085,0.0,0.109,2.039,2.148,0.302,2.219
Kapurthala,2024,2024-06-15,2024-06-25,1.648,2.656,0.938,0.0,0.216,1.432,1.648,0.338,1.651
Ludhiana,2024,2024-06-15,2024-06-25,2.053,4.41,0.005,0.0,0.001,2.052,2.053,0.206,2.011
Mansa,2024,2024-06-15,2024-06-25,7.385,1.195,0.394,0.0,0.0,6.392,7.385,1.533,0.858
Moga,2024,2024-06-15,2024-06-25,4.735,2.247,0.095,0.0,0.109,4.395,4.626,0.647,1.211
Muktsar,2024,2024-06-15,2024-06-25,12.51,3.387,0.836,0.0,0.0,9.361,12.51,3.77,1.834
Patiala,2024,2024-06-15,2024-06-25,8.173,1.755,1.06,0.0,0.0,8.135,8.173,0.836,1.174
Rupnagar,2024,2024-06-15,2024-06-25,9.182,2.877,2.28,0.0,0.0,9.084,9.182,0.997,2.202
Sahibzada Ajit Singh Nagar,2024,2024-06-15,2024-06-25,4.848,4.752,0.455,0.0,0.0,4.643,4.848,0.649,2.26
Sangrur,2024,2024-06-15,2024-06-25,9.32,1.34,0.552,0.0,0.0,9.27,9.32,0.972,0.829
Shahid Bhagat Singh Nagar,2024,2024-06-15,2024-06-25,5.826,2.891,0.331,0.0,0.0,5.826,5.826,0.583,1.473
Tarn Taran,2024,2024-06-15,2024-06-25,1.218,2.766,0.055,0.0,0.014,0.927,1.204,0.342,1.449
Amritsar,2024,2024-06-25,2024-07-05,66.441,4.18,2.038,7.848,7.849,28.416,32.902,22.532,3.387
Barnala,2024,2024-06-25,2024-07-05,74.258,6.36,2.118,23.037,37.013,30.13,37.013,23.746,4.624
Bathinda,2024,2024-06-25,2024-07-05,38.452,5.231,1.78,8.902,11.244,22.844,25.714,10.296,3.856
Faridkot,2024,2024-06-25,2024-07-05,8.135,6.725,2.146,2.233,5.133,2.9,5.133,2.628,4.832
Fatehgarh Sahib,2024,2024-06-25,2024-07-05,34.329,3.277,1.036,2.736,12.433,10.727,21.634,9.799,2.429
Firozpur,2024,2024-06-25,2024-07-05,5.667,13.958,2.673,1.117,1.819,1.77,2.653,1.182,10.152
Gurdaspur,2024,2024-06-25,2024-07-05,55.188,3.391,2.812,9.456,9.879,17.685,36.981,14.841,3.067
Hoshiarpur,2024,2024-06-25,2024-07-05,47.9,4.995,4.099,23.245,24.86,22.28,24.568,10.501,4.501
Jalandhar,2024,2024-06-25,2024-07-05,50.537,2.153,3.953,12.311,14.029,15.282,32.028,14.534,2.173
Kapurthala,2024,2024-06-25,2024-07-05,66.825,1.648,2.656,24.879,25.141,24.879,31.097,21.17,1.63
Ludhiana,2024,2024-06-25,2024-07-05,67.892,2.053,4.41,4.45,20.837,22.903,46.869,19.362,2.048
Mansa,2024,2024-06-25,2024-07-05,82.614,7.385,1.195,3.809,32.479,35.459,46.248,28.647,5.216
Moga,2024,2024-06-25,2024-07-05,42.613,4.735,2.247,13.823,14.525,24.531,26.55,14.894,3.532
Muktsar,2024,2024-06-25,2024-07-05,1.624,12.51,3.387,0.061,0.803,0.742,0.811,0.697,9.076
Patiala,2024,2024-06-25,2024-07-05,29.217,8.173,1.755,2.912,7.435,13.825,18.864,5.567,5.776
Rupnagar,2024,2024-06-25,2024-07-05,44.554,9.182,2.877,4.807,10.52,13.769,32.993,11.793,6.807
Sahibzada Ajit Singh Nagar,2024,2024-06-25,2024-07-05,44.422,4.848,4.752,5.984,7.911,19.892,31.381,8.393,4.0
Sangrur,2024,2024-06-25,2024-07-05,77.228,9.32,1.34,16.948,44.537,25.637,44.208,24.822,6.407
Shahid Bhagat Singh Nagar,2024,2024-06-25,2024-07-05,52.545,5.826,2.891,3.352,13.614,20.645,38.892,11.059,4.336
Tarn Taran,2024,2024-06-25,2024-07-05,42.951,1.218,2.766,6.495,6.505,17.322,23.796,12.262,1.37
Amritsar,2024,2024-07-05,2024-07-15,59.093,66.441,4.18,27.654,28.045,24.24,31.048,16.688,52.251
Barnala,2024,2024-07-05,2024-07-15,33.344,74.258,6.36,30.94,30.94,26.103,30.94,6.582,56.093
Bathinda,2024,2024-07-05,2024-07-15,39.165,38.452,5.231,36.782,36.782,21.212,36.782,10.338,33.32
Faridkot,2024,2024-07-05,2024-07-15,39.774,8.135,6.725,22.508,22.508,21.08,22.508,12.185,7.182
Fatehgarh Sahib,2024,2024-07-05,2024-07-15,17.317,34.329,3.277,13.368,16.422,11.472,16.422,3.896,27.384
Firozpur,2024,2024-07-05,2024-07-15,40.85,5.667,13.958,28.562,28.562,16.455,28.562,12.212,7.761
Gurdaspur,2024,2024-07-05,2024-07-15,48.675,55.188,3.391,30.457,37.873,27.269,30.457,9.331,45.829
Hoshiarpur,2024,2024-07-05,2024-07-15,36.884,47.9,4.995,29.985,33.375,29.281,30.517,5.421,34.192
Jalandhar,2024,2024-07-05,2024-07-15,25.96,50.537,2.153,14.869,15.26,14.279,14.869,8.225,40.582
Kapurthala,2024,2024-07-05,2024-07-15,45.389,66.825,1.648,28.054,29.097,27.101,28.054,13.128,49.651
Ludhiana,2024,2024-07-05,2024-07-15,12.235,67.892,2.053,8.835,8.84,5.096,8.835,3.867,55.333
Mansa,2024,2024-07-05,2024-07-15,32.632,82.614,7.385,30.151,30.181,17.786,30.151,12.589,66.72
Moga,2024,2024-07-05,2024-07-15,44.605,42.613,4.735,26.232,26.727,22.051,26.232,16.808,35.526
Muktsar,2024,2024-07-05,2024-07-15,52.005,1.624,12.51,43.746,43.746,31.289,43.746,14.309,4.384
Patiala,2024,2024-07-05,2024-07-15,20.249,29.217,8.173,15.8,18.397,14.549,17.146,2.784,26.103
Rupnagar,2024,2024-07-05,2024-07-15,22.486,44.554,9.182,12.797,19.679,7.268,13.168,5.794,37.578
Sahibzada Ajit Singh Nagar,2024,2024-07-05,2024-07-15,21.269,44.422,4.848,11.466,12.917,7.173,11.855,6.459,37.047
Sangrur,2024,2024-07-05,2024-07-15,11.168,77.228,9.32,6.169,6.221,3.412,6.169,2.763,55.888
Shahid Bhagat Singh Nagar,2024,2024-07-05,2024-07-15,16.453,52.545,5.826,12.677,15.669,9.827,12.905,2.487,44.117
Tarn Taran,2024,2024-07-05,2024-07-15,49.711,42.951,1.218,25.655,25.721,22.159,25.655,17.106,32.301
Amritsar,2024,2024-07-15,2024-07-25,15.103,59.093,66.441,0.0,1.39,11.534,13.222,2.384,56.368
Barnala,2024,2024-07-15,2024-07-25,0.747,33.344,74.258,0.0,0.23,0.517,0.517,0.259,36.206
Bathinda,2024,2024-07-15,2024-07-25,0.243,39.165,38.452,0.08,0.137,0.08,0.137,0.066,30.131
Faridkot,2024,2024-07-15,2024-07-25,0.425,39.774,8.135,0.0,0.425,0.425,0.425,0.042,27.211
Fatehgarh Sahib,2024,2024-07-15,2024-07-25,15.926,17.317,34.329,6.997,14.265,6.997,14.265,4.989,18.062
Firozpur,2024,2024-07-15,2024-07-25,7.432,40.85,5.667,0.0,0.127,6.503,7.23,1.297,26.437
Gurdaspur,2024,2024-07-15,2024-07-25,69.082,48.675,55.188,0.009,25.781,27.072,43.037,25.751,42.685
Hoshiarpur,2024,2024-07-15,2024-07-25,74.8,36.884,47.9,4.498,50.161,45.626,50.124,17.375,29.854
Jalandhar,2024,2024-07-15,2024-07-25,15.721,25.96,50.537,0.217,5.897,5.925,8.325,5.704,30.105
Kapurthala,2024,2024-07-15,2024-07-25,19.039,45.389,66.825,0.016,1.663,10.537,15.521,3.913,44.221
Ludhiana,2024,2024-07-15,2024-07-25,9.966,12.235,67.892,0.27,4.917,4.647,8.123,3.593,26.286
Mansa,2024,2024-07-15,2024-07-25,0.273,32.632,82.614,0.18,0.241,0.18,0.241,0.073,38.61
Moga,2024,2024-07-15,2024-07-25,9.929,44.605,42.613,0.0,1.576,7.407,8.352,2.159,40.109
Muktsar,2024,2024-07-15,2024-07-25,0.627,52.005,1.624,0.0,0.012,0.615,0.615,0.072,27.959
Patiala,2024,2024-07-15,2024-07-25,36.514,20.249,29.217,14.319,32.117,14.858,32.117,14.373,19.412
Rupnagar,2024,2024-07-15,2024-07-25,26.108,22.486,44.554,10.657,13.451,11.129,13.007,7.916,24.252
Sahibzada Ajit Singh Nagar,2024,2024-07-15,2024-07-25,32.123,21.269,44.422,8.073,15.903,12.668,20.498,8.532,24.928
Sangrur,2024,2024-07-15,2024-07-25,5.146,11.168,77.228,2.061,4.604,2.484,4.604,2.103,26.523
Shahid Bhagat Singh Nagar,2024,2024-07-15,2024-07-25,30.251,16.453,52.545,5.683,14.409,8.726,14.409,7.488,23.174
Tarn Taran,2024,2024-07-15,2024-07-25,7.48,49.711,42.951,0.0,0.172,5.765,7.224,1.529,43.327
Amritsar,2024,2024-07-25,2024-08-04,110.661,15.103,59.093,12.988,23.888,75.632,84.266,18.565,32.609
Barnala,2024,2024-07-25,2024-08-04,33.67,0.747,33.344,1.345,2.354,13.55,23.977,10.313,13.212
Bathinda,2024,2024-07-25,2024-08-04,29.111,0.243,39.165,0.639,0.799,9.88,24.609,9.104,10.674
Faridkot,2024,2024-07-25,2024-08-04,36.728,0.425,39.774,0.018,0.268,25.247,34.887,8.709,9.714
Fatehgarh Sahib,2024,2024-07-25,2024-08-04,52.65,15.926,17.317,22.661,23.341,23.732,27.413,15.735,14.854
Firozpur,2024,2024-07-25,2024-08-04,52.943,7.432,40.85,1.389,2.904,38.143,49.239,11.106,16.496
Gurdaspur,2024,2024-07-25,2024-08-04,104.999,69.082,48.675,15.722,40.003,48.734,58.616,17.633,65.594
Hoshiarpur,2024,2024-07-25,2024-08-04,84.467,74.8,36.884,9.559,52.141,26.135,44.051,17.416,57.849
Jalandhar,2024,2024-07-25,2024-08-04,51.978,15.721,25.96,10.737,29.762,9.909,22.311,9.195,22.116
Kapurthala,2024,2024-07-25,2024-08-04,88.624,19.039,45.389,13.002,59.51,25.869,46.987,21.162,31.475
Ludhiana,2024,2024-07-25,2024-08-04,32.28,9.966,12.235,13.728,14.455,9.798,14.887,8.252,15.476
Mansa,2024,2024-07-25,2024-08-04,16.006,0.273,32.632,1.14,1.201,8.834,13.279,4.206,13.61
Moga,2024,2024-07-25,2024-08-04,65.496,9.929,44.605,13.761,25.208,15.415,29.982,10.422,22.179
Muktsar,2024,2024-07-25,2024-08-04,47.424,0.627,52.005,0.362,0.362,39.568,45.142,7.928,10.37
Patiala,2024,2024-07-25,2024-08-04,68.649,36.514,20.249,19.339,21.028,39.262,43.929,15.489,26.855
Rupnagar,2024,2024-07-25,2024-08-04,71.47,26.108,22.486,37.514,53.208,21.939,37.514,14.504,25.163
Sahibzada Ajit Singh Nagar,2024,2024-07-25,2024-08-04,72.529,32.123,21.269,27.011,32.097,30.556,36.33,21.598,28.614
Sangrur,2024,2024-07-25,2024-08-04,25.192,5.146,11.168,6.129,6.158,13.081,17.289,5.558,12.053
Shahid Bhagat Singh Nagar,2024,2024-07-25,2024-08-04,34.222,30.251,16.453,16.092,26.274,7.658,16.092,7.11,27.83
Tarn Taran,2024,2024-07-25,2024-08-04,75.283,7.48,49.711,2.592,15.836,49.968,58.064,13.598,21.831
Amritsar,2024,2024-08-04,2024-08-14,58.594,110.661,15.103,2.395,7.236,36.945,45.553,10.543,94.12
Barnala,2024,2024-08-04,2024-08-14,34.888,33.67,0.747,1.047,1.272,30.334,33.616,5.509,33.056
Bathinda,2024,2024-08-04,2024-08-14,6.035,29.111,0.243,0.119,0.568,4.048,5.34,1.522,28.65
Faridkot,2024,2024-08-04,2024-08-14,9.968,36.728,0.425,0.0,4.29,5.141,5.678,4.375,35.632
Fatehgarh Sahib,2024,2024-08-04,2024-08-14,73.03,52.65,15.926,0.225,6.029,40.333,64.918,19.065,39.651
Firozpur,2024,2024-08-04,2024-08-14,13.237,52.943,7.432,2.148,7.111,4.963,5.599,4.127,51.59
Gurdaspur,2024,2024-08-04,2024-08-14,115.333,104.999,69.082,14.766,40.428,55.051,65.417,23.226,95.491
Hoshiarpur,2024,2024-08-04,2024-08-14,143.916,84.467,74.8,23.056,39.156,60.096,97.116,35.595,74.647
Jalandhar,2024,2024-08-04,2024-08-14,47.346,51.978,15.721,9.294,12.227,22.246,34.592,11.303,41.675
Kapurthala,2024,2024-08-04,2024-08-14,51.27,88.624,19.039,12.621,14.724,19.236,36.005,15.12,67.77
Ludhiana,2024,2024-08-04,2024-08-14,62.599,32.28,9.966,3.702,4.96,49.94,56.716,10.326,26.505
Mansa,2024,2024-08-04,2024-08-14,20.454,16.006,0.273,0.068,0.153,12.74,15.057,5.962,17.867
Moga,2024,2024-08-04,2024-08-14,28.252,65.496,9.929,8.629,12.586,11.317,15.666,6.407,53.245
Muktsar,2024,2024-08-04,2024-08-14,3.273,47.424,0.627,0.103,2.532,2.429,2.442,0.883,45.433
Patiala,2024,2024-08-04,2024-08-14,91.097,68.649,36.514,0.035,2.929,40.883,86.814,29.781,58.107
Rupnagar,2024,2024-08-04,2024-08-14,139.764,71.47,26.108,9.567,15.418,57.873,117.926,51.113,48.109
Sahibzada Ajit Singh Nagar,2024,2024-08-04,2024-08-14,102.603,72.529,32.123,0.209,15.37,51.383,86.007,28.838,58.238
Sangrur,2024,2024-08-04,2024-08-14,38.832,25.192,5.146,0.135,0.787,32.731,35.905,4.772,22.135
Shahid Bhagat Singh Nagar,2024,2024-08-04,2024-08-14,144.966,34.222,30.251,15.036,19.635,69.96,117.26,35.115,28.274
Tarn Taran,2024,2024-08-04,2024-08-14,32.487,75.283,7.48,1.432,1.704,15.425,29.003,13.594,65.356
Amritsar,2024,2024-08-14,2024-08-24,59.511,58.594,110.661,3.102,32.72,18.521,31.919,11.839,77.818
Barnala,2024,2024-08-14,2024-08-24,23.117,34.888,33.67,1.934,12.918,10.188,12.88,5.754,42.568
Bathinda,2024,2024-08-14,2024-08-24,17.021,6.035,29.111,1.114,8.192,6.901,7.549,4.599,15.313
Faridkot,2024,2024-08-14,2024-08-24,36.209,9.968,36.728,17.597,19.945,17.597,18.273,9.801,20.12
Fatehgarh Sahib,2024,2024-08-14,2024-08-24,20.942,73.03,52.65,9.483,11.432,5.145,9.483,4.085,74.665
Firozpur,2024,2024-08-14,2024-08-24,29.124,13.237,52.943,7.286,14.32,5.983,10.523,4.853,27.286
Gurdaspur,2024,2024-08-14,2024-08-24,80.827,115.333,104.999,25.782,36.46,19.619,43.522,16.934,113.726
Hoshiarpur,2024,2024-08-14,2024-08-24,65.721,143.916,84.467,16.931,43.499,20.425,36.689,11.241,132.761
Jalandhar,2024,2024-08-14,2024-08-24,46.462,47.346,51.978,17.022,27.243,10.264,19.105,9.042,50.759
Kapurthala,2024,2024-08-14,2024-08-24,58.443,51.27,88.624,28.116,38.357,12.967,28.116,12.492,61.329
Ludhiana,2024,2024-08-14,2024-08-24,27.956,62.599,32.28,4.659,6.832,15.04,19.015,5.081,62.318
Mansa,2024,2024-08-14,2024-08-24,24.997,20.454,16.006,3.566,13.057,9.435,12.987,5.465,23.406
Moga,2024,2024-08-14,2024-08-24,37.325,28.252,65.496,20.101,23.707,10.142,20.101,8.435,38.787
Muktsar,2024,2024-08-14,2024-08-24,32.84,3.273,47.424,6.586,8.137,11.95,22.55,10.723,17.983
Patiala,2024,2024-08-14,2024-08-24,36.062,91.097,68.649,12.386,15.97,8.28,16.853,8.131,94.79
Rupnagar,2024,2024-08-14,2024-08-24,74.743,139.764,71.47,19.586,44.63,18.992,44.036,17.378,130.614
Sahibzada Ajit Singh Nagar,2024,2024-08-14,2024-08-24,40.815,102.603,72.529,24.841,33.099,16.704,29.763,7.55,103.015
Sangrur,2024,2024-08-14,2024-08-24,52.837,38.832,25.192,13.591,23.403,21.403,26.173,12.058,41.876
Shahid Bhagat Singh Nagar,2024,2024-08-14,2024-08-24,51.609,144.966,34.222,20.352,33.547,17.778,27.131,10.763,126.133
Tarn Taran,2024,2024-08-14,2024-08-24,46.449,32.487,75.283,2.027,16.551,16.288,27.807,11.143,49.44
Amritsar,2024,2024-08-24,2024-09-03,77.8,59.511,58.594,1.072,17.656,49.027,74.511,17.833,66.859
Barnala,2024,2024-08-24,2024-09-03,68.229,23.117,34.888,1.313,42.455,21.035,57.683,20.2,29.979
Bathinda,2024,2024-08-24,2024-09-03,38.444,17.021,6.035,0.72,24.17,13.193,29.966,10.551,17.341
Faridkot,2024,2024-08-24,2024-09-03,21.833,36.209,9.968,0.55,12.549,10.54,19.824,7.148,30.526
Fatehgarh Sahib,2024,2024-08-24,2024-09-03,73.768,20.942,73.03,1.746,51.317,31.149,67.845,19.695,39.177
Firozpur,2024,2024-08-24,2024-09-03,27.851,29.124,13.237,0.148,10.927,8.513,19.274,7.698,28.816
Gurdaspur,2024,2024-08-24,2024-09-03,41.374,80.827,115.333,3.117,23.914,18.845,24.152,11.038,89.036
Hoshiarpur,2024,2024-08-24,2024-09-03,48.713,65.721,143.916,8.425,20.28,12.473,26.106,11.067,84.203
Jalandhar,2024,2024-08-24,2024-09-03,66.861,46.462,47.346,3.295,22.109,24.381,58.744,20.614,44.48
Kapurthala,2024,2024-08-24,2024-09-03,66.53,58.443,51.27,5.804,24.458,22.913,56.501,19.493,53.143
Ludhiana,2024,2024-08-24,2024-09-03,80.309,27.956,62.599,5.428,39.061,33.811,67.444,18.932,40.787
Mansa,2024,2024-08-24,2024-09-03,42.613,24.997,20.454,0.18,25.408,13.144,29.692,13.081,25.196
Moga,2024,2024-08-24,2024-09-03,71.778,37.325,28.252,1.597,27.609,25.224,64.698,21.0,33.924
Muktsar,2024,2024-08-24,2024-09-03,28.034,32.84,3.273,0.068,13.139,8.387,14.895,8.166,32.709
Patiala,2024,2024-08-24,2024-09-03,66.376,36.062,91.097,1.397,38.792,22.589,59.509,22.162,58.028
Rupnagar,2024,2024-08-24,2024-09-03,75.591,74.743,139.764,4.358,35.655,23.124,46.177,15.704,88.232
Sahibzada Ajit Singh Nagar,2024,2024-08-24,2024-09-03,89.212,40.815,102.603,9.744,62.073,28.379,71.208,24.393,57.662
Sangrur,2024,2024-08-24,2024-09-03,70.415,52.837,38.832,1.124,46.101,26.356,60.893,19.394,53.895
Shahid Bhagat Singh Nagar,2024,2024-08-24,2024-09-03,93.423,51.609,144.966,9.812,24.709,44.707,68.193,20.967,72.672
Tarn Taran,2024,2024-08-24,2024-09-03,96.613,46.449,32.487,0.991,20.669,59.507,94.428,22.586,50.715
Amritsar,2024,2024-09-03,2024-09-13,28.973,77.8,59.511,26.061,27.622,13.74,26.061,12.322,76.495
Barnala,2024,2024-09-03,2024-09-13,29.428,68.229,23.117,15.176,18.732,9.085,17.454,8.53,51.599
Bathinda,2024,2024-09-03,2024-09-13,15.648,38.444,17.021,9.996,10.619,9.219,9.996,5.082,29.558
Faridkot,2024,2024-09-03,2024-09-13,39.642,21.833,36.209,36.626,37.07,36.527,36.804,5.967,24.455
Fatehgarh Sahib,2024,2024-09-03,2024-09-13,63.961,73.768,20.942,33.339,43.47,21.773,33.339,13.851,56.994
Firozpur,2024,2024-09-03,2024-09-13,30.673,27.851,29.124,29.796,30.193,28.27,29.796,4.178,28.948
Gurdaspur,2024,2024-09-03,2024-09-13,30.724,41.374,80.827,12.709,18.489,10.766,12.709,9.731,57.005
Hoshiarpur,2024,2024-09-03,2024-09-13,53.766,48.713,65.721,14.433,35.231,18.67,30.684,10.448,60.186
Jalandhar,2024,2024-09-03,2024-09-13,28.554,66.861,46.462,16.184,26.086,14.747,22.409,7.896,58.617
Kapurthala,2024,2024-09-03,2024-09-13,28.106,66.53,58.443,17.023,27.655,13.703,24.511,10.489,61.135
Ludhiana,2024,2024-09-03,2024-09-13,56.161,80.309,27.956,24.478,39.286,20.363,27.282,13.105,62.898
Mansa,2024,2024-09-03,2024-09-13,10.786,42.613,24.997,5.097,5.273,5.017,5.097,3.69,35.371
Moga,2024,2024-09-03,2024-09-13,21.253,71.778,37.325,14.384,19.697,12.341,17.818,5.291,57.895
Muktsar,2024,2024-09-03,2024-09-13,41.933,28.034,32.84,41.24,41.24,39.734,41.24,5.329,30.078
Patiala,2024,2024-09-03,2024-09-13,65.918,66.376,36.062,48.637,51.753,34.384,48.637,16.261,60.3
Rupnagar,2024,2024-09-03,2024-09-13,127.676,75.591,74.743,48.786,84.149,41.322,64.294,39.692,81.198
Sahibzada Ajit Singh Nagar,2024,2024-09-03,2024-09-13,81.217,89.212,40.815,25.666,57.712,31.321,43.365,15.638,73.358
Sangrur,2024,2024-09-03,2024-09-13,42.021,70.415,52.837,28.805,34.198,15.684,33.292,13.377,60.906
Shahid Bhagat Singh Nagar,2024,2024-09-03,2024-09-13,85.264,93.423,51.609,28.74,51.708,25.097,41.541,21.95,85.848
Tarn Taran,2024,2024-09-03,2024-09-13,37.535,96.613,46.449,36.494,37.535,21.85,36.494,15.321,83.848
Amritsar,2024,2024-09-13,2024-09-23,0.423,28.973,77.8,0.376,0.376,0.36,0.376,0.075,39.37
Barnala,2024,2024-09-13,2024-09-23,8.657,29.428,68.229,8.63,8.63,6.682,8.63,1.574,36.205
Bathinda,2024,2024-09-13,2024-09-23,2.456,15.648,38.444,0.807,0.807,1.329,1.649,0.815,19.464
Faridkot,2024,2024-09-13,2024-09-23,4.135,39.642,21.833,0.0,0.0,2.781,4.135,1.497,26.85
Fatehgarh Sahib,2024,2024-09-13,2024-09-23,20.551,63.961,73.768,16.863,19.673,14.316,17.492,3.961,57.708
Firozpur,2024,2024-09-13,2024-09-23,4.273,30.673,27.851,0.262,0.262,3.315,4.011,0.931,23.503
Gurdaspur,2024,2024-09-13,2024-09-23,2.787,30.724,41.374,2.429,2.432,1.711,2.429,0.815,38.883
Hoshiarpur,2024,2024-09-13,2024-09-23,6.678,53.766,48.713,6.621,6.621,4.926,6.621,1.538,52.592
Jalandhar,2024,2024-09-13,2024-09-23,2.898,28.554,66.861,2.586,2.586,2.454,2.586,0.464,34.706
Kapurthala,2024,2024-09-13,2024-09-23,5.109,28.106,66.53,4.613,4.613,4.429,4.613,0.885,34.627
Ludhiana,2024,2024-09-13,2024-09-23,4.113,56.161,80.309,3.962,3.962,3.116,3.962,0.938,55.984
Mansa,2024,2024-09-13,2024-09-23,7.402,10.786,42.613,2.677,2.677,4.697,4.725,2.61,19.117
Moga,2024,2024-09-13,2024-09-23,5.196,21.253,71.778,4.049,4.049,3.143,4.049,0.963,30.631
Muktsar,2024,2024-09-13,2024-09-23,5.664,41.933,28.034,0.0,0.0,5.199,5.664,0.938,28.799
Patiala,2024,2024-09-13,2024-09-23,22.507,65.918,66.376,17.761,21.239,7.952,17.761,7.327,54.868
Rupnagar,2024,2024-09-13,2024-09-23,30.212,127.676,75.591,13.36,28.995,15.635,25.721,6.576,104.808
Sahibzada Ajit Singh Nagar,2024,2024-09-13,2024-09-23,37.509,81.217,89.212,27.1,33.936,15.557,27.171,7.708,75.883
Sangrur,2024,2024-09-13,2024-09-23,6.436,42.021,70.415,5.628,5.628,2.889,5.628,2.72,43.531
Shahid Bhagat Singh Nagar,2024,2024-09-13,2024-09-23,10.714,85.264,93.423,7.547,10.421,5.265,9.339,3.113,83.045
Tarn Taran,2024,2024-09-13,2024-09-23,0.336,37.535,96.613,0.294,0.294,0.281,0.294,0.059,44.875
Amritsar,2024,2024-09-23,2024-09-30,2.986,0.047,1.727,0.0,0.067,2.175,2.986,1.316,13.921
Barnala,2024,2024-09-23,2024-09-30,12.341,0.027,19.318,0.0,12.214,12.163,12.341,4.941,16.64
Bathinda,2024,2024-09-23,2024-09-30,1.379,1.649,5.636,0.0,1.379,1.379,1.379,0.552,8.478
Faridkot,2024,2024-09-23,2024-09-30,0.0,4.135,2.572,0.0,0.0,0.0,0.0,0.0,12.486
Fatehgarh Sahib,2024,2024-09-23,2024-09-30,46.616,3.688,36.02,0.0,37.758,26.403,46.616,17.374,30.105
Firozpur,2024,2024-09-23,2024-09-30,0.683,4.011,0.742,0.0,0.046,0.331,0.683,0.316,11.283
Gurdaspur,2024,2024-09-23,2024-09-30,8.885,0.358,14.351,0.0,6.092,5.155,8.761,3.663,14.822
Hoshiarpur,2024,2024-09-23,2024-09-30,38.497,0.057,18.687,0.0,29.862,28.529,38.492,16.59,21.209
Jalandhar,2024,2024-09-23,2024-09-30,4.56,0.312,4.209,0.0,1.892,1.57,3.326,1.368,13.428
Kapurthala,2024,2024-09-23,2024-09-30,3.635,0.496,5.028,0.0,0.895,1.414,3.496,1.361,14.378
Ludhiana,2024,2024-09-23,2024-09-30,10.129,0.151,20.837,0.0,4.814,5.013,9.827,4.366,21.49
Mansa,2024,2024-09-23,2024-09-30,0.077,4.725,6.224,0.0,0.028,0.049,0.077,0.036,11.632
Moga,2024,2024-09-23,2024-09-30,2.895,1.147,5.605,0.0,2.024,1.891,2.762,1.279,13.308
Muktsar,2024,2024-09-23,2024-09-30,0.11,5.664,0.693,0.0,0.0,0.096,0.11,0.047,14.208
Patiala,2024,2024-09-23,2024-09-30,31.33,4.746,23.146,0.0,23.14,11.611,31.33,11.562,29.593
Rupnagar,2024,2024-09-23,2024-09-30,31.803,16.852,56.597,0.0,7.74,24.063,31.803,12.76,51.49
Sahibzada Ajit Singh Nagar,2024,2024-09-23,2024-09-30,43.116,10.409,50.338,0.0,33.506,23.894,43.064,15.325,44.637
Sangrur,2024,2024-09-23,2024-09-30,1.216,0.808,10.412,0.0,0.059,1.157,1.216,0.49,18.096
Shahid Bhagat Singh Nagar,2024,2024-09-23,2024-09-30,20.442,3.167,40.078,0.0,2.922,17.52,20.442,8.632,33.979
Tarn Taran,2024,2024-09-23,2024-09-30,2.185,0.042,0.294,0.0,0.052,1.304,2.185,1.019,15.801
Amritsar,2025,2025-06-15,2025-06-25,19.256,0.45,3.226,0.271,0.352,15.854,18.757,3.722,2.981
Barnala,2025,2025-06-15,2025-06-25,37.331,0.362,20.886,31.465,33.427,29.446,31.465,5.376,9.84
Bathinda,2025,2025-06-15,2025-06-25,12.804,0.408,10.529,12.162,12.343,11.601,12.162,1.665,5.504
Faridkot,2025,2025-06-15,2025-06-25,5.508,0.0,23.123,5.508,5.508,5.507,5.508,0.552,9.463
Fatehgarh Sahib,2025,2025-06-15,2025-06-25,44.775,4.778,14.564,6.304,15.174,22.493,29.601,8.628,7.303
Firozpur,2025,2025-06-15,2025-06-25,4.006,1.392,17.585,3.305,3.525,2.213,3.305,1.192,7.7
Gurdaspur,2025,2025-06-15,2025-06-25,19.731,3.688,14.015,4.347,7.415,3.746,8.759,3.653,9.03
Hoshiarpur,2025,2025-06-15,2025-06-25,32.051,14.888,12.909,19.087,20.972,18.854,20.739,7.257,16.864
Jalandhar,2025,2025-06-15,2025-06-25,47.172,6.88,11.32,20.712,22.063,20.694,22.77,13.255,8.67
Kapurthala,2025,2025-06-15,2025-06-25,13.535,2.378,6.087,2.812,3.806,3.876,7.995,2.918,4.609
Ludhiana,2025,2025-06-15,2025-06-25,105.618,8.043,17.597,48.104,58.218,47.959,58.073,35.574,9.425
Mansa,2025,2025-06-15,2025-06-25,11.416,0.347,4.615,7.666,10.498,6.981,9.813,3.222,3.514
Moga,2025,2025-06-15,2025-06-25,19.376,0.283,25.753,12.445,14.039,12.256,13.85,3.772,11.346
Muktsar,2025,2025-06-15,2025-06-25,1.114,2.257,13.768,0.992,1.114,0.788,0.992,0.262,6.738
Patiala,2025,2025-06-15,2025-06-25,32.756,2.261,17.591,7.207,16.546,11.587,15.879,7.235,9.548
Rupnagar,2025,2025-06-15,2025-06-25,33.114,2.944,19.947,16.732,18.821,16.573,18.662,11.187,9.393
Sahibzada Ajit Singh Nagar,2025,2025-06-15,2025-06-25,18.084,1.566,19.337,3.372,7.104,4.791,8.523,3.773,8.841
Sangrur,2025,2025-06-15,2025-06-25,47.735,1.128,13.654,16.674,31.606,12.326,27.258,12.292,6.265
Shahid Bhagat Singh Nagar,2025,2025-06-15,2025-06-25,38.908,4.983,13.092,24.023,25.193,24.023,25.193,12.111,8.756
Tarn Taran,2025,2025-06-15,2025-06-25,4.879,0.093,2.742,0.239,0.302,3.398,4.575,1.199,2.019
Amritsar,2025,2025-06-25,2025-07-05,100.648,19.256,0.45,55.097,57.284,26.845,55.097,26.395,17.778
Barnala,2025,2025-06-25,2025-07-05,35.38,37.331,0.362,8.719,12.0,12.346,22.183,7.135,22.987
Bathinda,2025,2025-06-25,2025-07-05,51.077,12.804,0.408,30.549,31.782,29.677,30.91,18.517,8.212
Faridkot,2025,2025-06-25,2025-07-05,40.537,5.508,0.0,34.014,35.849,20.612,34.014,9.33,5.934
Fatehgarh Sahib,2025,2025-06-25,2025-07-05,61.663,44.775,4.778,15.031,36.646,19.263,35.354,13.273,39.313
Firozpur,2025,2025-06-25,2025-07-05,44.217,4.006,1.392,28.01,30.213,20.456,28.01,13.138,4.671
Gurdaspur,2025,2025-06-25,2025-07-05,87.89,19.731,3.688,30.012,39.143,22.494,41.294,17.712,17.525
Hoshiarpur,2025,2025-06-25,2025-07-05,129.644,32.051,14.888,21.844,50.892,33.365,66.902,24.475,25.867
Jalandhar,2025,2025-06-25,2025-07-05,65.986,47.172,6.88,14.657,28.108,15.553,39.955,12.596,36.979
Kapurthala,2025,2025-06-25,2025-07-05,75.026,13.535,2.378,21.163,39.752,16.06,40.456,15.098,11.557
Ludhiana,2025,2025-06-25,2025-07-05,46.398,105.618,8.043,6.822,19.4,11.679,32.467,11.155,77.918
Mansa,2025,2025-06-25,2025-07-05,22.344,11.416,0.347,12.799,14.162,12.67,14.033,7.445,7.225
Moga,2025,2025-06-25,2025-07-05,37.483,19.376,0.283,14.676,19.767,10.789,21.552,6.933,14.942
Muktsar,2025,2025-06-25,2025-07-05,47.353,1.114,2.257,29.095,31.54,24.657,29.095,16.697,2.817
Patiala,2025,2025-06-25,2025-07-05,69.773,32.756,2.261,19.549,41.324,18.089,32.687,14.453,27.304
Rupnagar,2025,2025-06-25,2025-07-05,91.49,33.114,2.944,1.916,48.688,36.281,70.675,21.189,26.119
Sahibzada Ajit Singh Nagar,2025,2025-06-25,2025-07-05,122.173,18.084,1.566,8.251,72.566,49.155,94.726,32.285,15.271
Sangrur,2025,2025-06-25,2025-07-05,14.946,47.735,1.128,3.948,5.885,3.297,8.945,3.284,33.486
Shahid Bhagat Singh Nagar,2025,2025-06-25,2025-07-05,89.657,38.908,4.983,6.427,54.598,40.534,73.09,22.039,28.571
Tarn Taran,2025,2025-06-25,2025-07-05,86.226,4.879,0.093,38.611,40.486,22.755,38.611,22.266,4.792
Amritsar,2025,2025-07-05,2025-07-15,116.04,100.648,19.256,24.059,76.303,30.113,74.851,23.358,66.328
Barnala,2025,2025-07-05,2025-07-15,19.253,35.38,37.331,9.185,10.001,6.975,9.185,5.575,31.09
Bathinda,2025,2025-07-05,2025-07-15,25.69,51.077,12.804,2.673,7.88,14.591,16.24,5.828,31.02
Faridkot,2025,2025-07-05,2025-07-15,51.445,40.537,5.508,7.097,17.208,27.148,37.259,11.754,21.627
Fatehgarh Sahib,2025,2025-07-05,2025-07-15,41.999,61.663,44.775,6.982,10.285,18.306,23.486,10.435,51.093
Firozpur,2025,2025-07-05,2025-07-15,34.356,44.217,4.006,3.115,12.92,13.581,23.386,6.745,25.458
Gurdaspur,2025,2025-07-05,2025-07-15,76.444,87.89,19.731,37.366,44.726,27.986,37.366,12.911,61.74
Hoshiarpur,2025,2025-07-05,2025-07-15,62.157,129.644,32.051,45.24,54.216,32.744,45.24,11.594,96.637
Jalandhar,2025,2025-07-05,2025-07-15,24.568,65.986,47.172,12.91,14.54,9.079,12.91,6.482,55.35
Kapurthala,2025,2025-07-05,2025-07-15,31.14,75.026,13.535,14.324,16.321,10.55,14.953,9.045,51.19
Ludhiana,2025,2025-07-05,2025-07-15,25.204,46.398,105.618,13.771,16.21,8.097,13.771,7.909,56.978
Mansa,2025,2025-07-05,2025-07-15,49.417,22.344,11.416,0.986,17.193,16.005,25.84,13.255,15.026
Moga,2025,2025-07-05,2025-07-15,36.315,37.483,19.376,16.423,18.045,13.856,17.784,9.642,27.034
Muktsar,2025,2025-07-05,2025-07-15,20.146,47.353,1.114,2.557,6.426,6.815,10.684,5.01,26.434
Patiala,2025,2025-07-05,2025-07-15,42.868,69.773,32.756,6.855,13.736,12.645,20.612,9.431,51.825
Rupnagar,2025,2025-07-05,2025-07-15,56.905,91.49,33.114,19.576,32.641,13.437,29.403,13.405,67.799
Sahibzada Ajit Singh Nagar,2025,2025-07-05,2025-07-15,41.911,122.173,18.084,5.803,9.61,18.712,22.519,11.148,80.736
Sangrur,2025,2025-07-05,2025-07-15,45.902,14.946,47.735,5.599,11.652,20.768,25.076,8.832,21.119
Shahid Bhagat Singh Nagar,2025,2025-07-05,2025-07-15,32.29,89.657,38.908,19.078,26.21,9.962,19.829,6.563,65.611
Tarn Taran,2025,2025-07-05,2025-07-15,70.75,86.226,4.879,17.467,39.035,17.397,38.965,16.311,58.459
Amritsar,2025,2025-07-15,2025-07-25,105.739,116.04,100.648,63.106,78.208,36.397,63.106,17.322,90.918
Barnala,2025,2025-07-15,2025-07-25,51.641,19.253,35.38,26.095,26.116,17.084,26.095,13.903,23.494
Bathinda,2025,2025-07-15,2025-07-25,49.079,25.69,51.077,34.89,36.126,24.744,34.89,10.401,28.131
Faridkot,2025,2025-07-15,2025-07-25,84.894,51.445,40.537,67.738,71.98,39.302,67.738,25.613,40.687
Fatehgarh Sahib,2025,2025-07-15,2025-07-25,48.074,41.999,61.663,29.613,30.618,28.177,29.613,9.091,47.155
Firozpur,2025,2025-07-15,2025-07-25,71.016,34.356,44.217,58.278,63.071,31.491,58.278,23.56,31.661
Gurdaspur,2025,2025-07-15,2025-07-25,89.262,76.444,87.89,8.792,12.063,25.739,64.019,23.254,65.094
Hoshiarpur,2025,2025-07-15,2025-07-25,78.359,62.157,129.644,6.347,6.347,37.089,63.614,17.722,64.704
Jalandhar,2025,2025-07-15,2025-07-25,53.406,24.568,65.986,7.808,8.092,22.006,42.689,15.073,32.832
Kapurthala,2025,2025-07-15,2025-07-25,54.065,31.14,75.026,6.845,7.178,22.212,44.404,12.728,35.339
Ludhiana,2025,2025-07-15,2025-07-25,56.641,25.204,46.398,20.18,20.526,22.177,35.684,18.196,33.16
Mansa,2025,2025-07-15,2025-07-25,25.155,49.417,22.344,11.759,12.384,10.104,12.771,6.336,39.9
Moga,2025,2025-07-15,2025-07-25,117.009,36.315,37.483,33.099,33.755,50.023,75.554,23.091,29.848
Muktsar,2025,2025-07-15,2025-07-25,77.919,20.146,47.353,61.91,70.39,43.713,61.91,16.657,23.351
Patiala,2025,2025-07-15,2025-07-25,41.185,42.868,69.773,20.362,21.004,13.55,20.362,10.742,48.509
Rupnagar,2025,2025-07-15,2025-07-25,80.06,56.905,91.49,12.702,15.349,36.104,60.099,20.772,58.249
Sahibzada Ajit Singh Nagar,2025,2025-07-15,2025-07-25,51.841,41.911,122.173,17.589,19.346,13.827,28.885,11.996,57.765
Sangrur,2025,2025-07-15,2025-07-25,38.7,45.902,14.946,18.881,19.35,12.894,19.35,9.1,41.711
Shahid Bhagat Singh Nagar,2025,2025-07-15,2025-07-25,41.441,32.29,89.657,9.503,10.133,13.23,28.852,12.332,40.328
Tarn Taran,2025,2025-07-15,2025-07-25,95.643,70.75,86.226,63.649,70.678,30.488,63.649,19.528,62.527
Amritsar,2025,2025-07-25,2025-08-04,44.87,105.739,116.04,3.808,16.422,11.348,22.063,9.886,91.598
Barnala,2025,2025-07-25,2025-08-04,41.246,51.641,19.253,4.184,5.159,16.709,28.443,9.612,40.941
Bathinda,2025,2025-07-25,2025-08-04,21.071,49.079,25.69,2.736,2.76,4.507,12.93,4.332,35.991
Faridkot,2025,2025-07-25,2025-08-04,47.043,84.894,51.445,12.93,12.93,20.289,30.368,13.426,55.522
Fatehgarh Sahib,2025,2025-07-25,2025-08-04,66.003,48.074,41.999,0.819,19.18,26.481,46.557,14.46,43.653
Firozpur,2025,2025-07-25,2025-08-04,52.275,71.016,34.356,9.152,9.709,20.073,40.358,19.86,44.493
Gurdaspur,2025,2025-07-25,2025-08-04,163.981,89.262,76.444,0.199,72.743,63.116,81.458,44.334,94.083
Hoshiarpur,2025,2025-07-25,2025-08-04,170.326,78.359,62.157,0.515,40.764,85.758,110.029,37.834,84.555
Jalandhar,2025,2025-07-25,2025-08-04,72.797,53.406,24.568,1.668,21.073,24.37,47.075,14.577,52.693
Kapurthala,2025,2025-07-25,2025-08-04,60.442,54.065,31.14,0.066,14.397,26.378,41.441,10.8,54.031
Ludhiana,2025,2025-07-25,2025-08-04,80.389,56.641,25.204,2.821,30.529,22.506,54.755,22.121,51.397
Mansa,2025,2025-07-25,2025-08-04,32.979,25.155,49.417,0.668,0.777,9.411,26.319,9.323,29.745
Moga,2025,2025-07-25,2025-08-04,50.677,117.009,36.315,5.256,12.382,20.036,33.791,9.502,97.655
Muktsar,2025,2025-07-25,2025-08-04,22.916,77.919,20.146,4.129,4.129,10.188,17.555,7.255,44.404
Patiala,2025,2025-07-25,2025-08-04,66.052,41.185,42.868,0.63,13.721,19.964,46.467,16.11,44.093
Rupnagar,2025,2025-07-25,2025-08-04,106.562,80.06,56.905,1.969,38.653,32.62,54.55,23.003,77.499
Sahibzada Ajit Singh Nagar,2025,2025-07-25,2025-08-04,54.656,51.841,41.911,0.219,11.244,20.814,26.744,14.693,54.945
Sangrur,2025,2025-07-25,2025-08-04,56.371,38.7,45.902,1.309,11.107,25.557,40.45,10.559,39.257
Shahid Bhagat Singh Nagar,2025,2025-07-25,2025-08-04,144.191,41.441,32.29,0.424,57.001,55.047,82.798,40.036,43.485
Tarn Taran,2025,2025-07-25,2025-08-04,28.123,95.643,70.75,5.682,7.91,9.068,18.872,6.345,75.361
Amritsar,2025,2025-08-04,2025-08-14,12.324,44.87,105.739,5.464,6.161,3.396,6.112,2.87,63.937
Barnala,2025,2025-08-04,2025-08-14,14.906,41.246,51.641,0.756,13.312,12.556,12.579,2.052,44.149
Bathinda,2025,2025-08-04,2025-08-14,1.776,21.071,49.079,0.037,1.504,1.467,1.504,0.294,28.063
Faridkot,2025,2025-08-04,2025-08-14,0.947,47.043,84.894,0.139,0.139,0.667,0.808,0.194,53.347
Fatehgarh Sahib,2025,2025-08-04,2025-08-14,45.841,66.003,48.074,18.944,20.038,17.932,23.055,8.989,62.465
Firozpur,2025,2025-08-04,2025-08-14,2.285,52.275,71.016,0.618,0.639,0.907,1.575,0.438,55.446
Gurdaspur,2025,2025-08-04,2025-08-14,108.034,163.981,89.262,44.336,48.192,40.353,58.742,28.093,151.941
Hoshiarpur,2025,2025-08-04,2025-08-14,125.069,170.326,78.359,43.463,72.145,35.339,65.836,29.306,164.722
Jalandhar,2025,2025-08-04,2025-08-14,39.2,72.797,53.406,15.019,17.835,8.622,18.563,8.158,72.952
Kapurthala,2025,2025-08-04,2025-08-14,35.483,60.442,54.065,13.206,13.736,8.706,20.659,8.31,66.027
Ludhiana,2025,2025-08-04,2025-08-14,42.024,80.389,56.641,17.781,20.237,9.458,18.496,8.518,73.749
Mansa,2025,2025-08-04,2025-08-14,0.795,32.979,25.155,0.135,0.716,0.581,0.581,0.18,35.514
Moga,2025,2025-08-04,2025-08-14,27.42,50.677,117.009,8.397,9.484,8.287,16.236,5.558,72.274
Muktsar,2025,2025-08-04,2025-08-14,0.039,22.916,77.919,0.0,0.0,0.039,0.039,0.004,32.833
Patiala,2025,2025-08-04,2025-08-14,33.535,66.052,41.185,15.334,18.628,10.4,15.334,7.224,62.896
Rupnagar,2025,2025-08-04,2025-08-14,196.705,106.562,80.06,72.773,118.666,45.867,109.758,45.22,107.867
Sahibzada Ajit Singh Nagar,2025,2025-08-04,2025-08-14,113.958,54.656,51.841,37.008,49.209,29.537,41.778,28.481,61.065
Sangrur,2025,2025-08-04,2025-08-14,8.662,56.371,38.7,2.358,3.06,3.347,5.322,2.009,54.432
Shahid Bhagat Singh Nagar,2025,2025-08-04,2025-08-14,115.601,144.191,41.441,53.894,71.742,35.783,64.938,21.965,123.172
Tarn Taran,2025,2025-08-04,2025-08-14,7.293,28.123,95.643,2.1,2.559,2.582,4.702,1.674,46.777
Amritsar,2025,2025-08-14,2025-08-24,58.931,12.324,44.87,23.119,44.314,17.579,31.34,13.908,30.194
Barnala,2025,2025-08-14,2025-08-24,33.594,14.906,41.246,19.351,30.683,13.199,22.341,7.508,23.725
Bathinda,2025,2025-08-14,2025-08-24,11.237,1.776,21.071,7.572,8.925,6.161,8.046,2.109,10.82
Faridkot,2025,2025-08-14,2025-08-24,31.433,0.947,47.043,3.271,3.271,26.55,28.162,5.223,19.342
Fatehgarh Sahib,2025,2025-08-14,2025-08-24,29.632,45.841,66.003,15.326,15.583,9.743,15.326,8.83,53.296
Firozpur,2025,2025-08-14,2025-08-24,22.079,2.285,52.275,3.203,6.125,14.728,15.706,3.068,20.985
Gurdaspur,2025,2025-08-14,2025-08-24,132.464,108.034,163.981,52.397,89.887,30.027,52.397,29.473,127.002
Hoshiarpur,2025,2025-08-14,2025-08-24,180.751,125.069,170.326,69.12,78.318,55.151,90.576,42.724,136.47
Jalandhar,2025,2025-08-14,2025-08-24,101.922,39.2,72.797,41.232,56.537,26.71,41.232,26.622,51.856
Kapurthala,2025,2025-08-14,2025-08-24,121.281,35.483,60.442,45.991,79.517,32.23,45.991,26.07,47.411
Ludhiana,2025,2025-08-14,2025-08-24,59.342,42.024,80.389,26.72,29.521,19.738,27.818,14.957,54.499
Mansa,2025,2025-08-14,2025-08-24,11.192,0.795,32.979,10.048,10.561,9.28,10.048,1.496,12.806
Moga,2025,2025-08-14,2025-08-24,51.625,27.42,50.677,14.606,30.503,15.466,27.243,15.006,44.569
Muktsar,2025,2025-08-14,2025-08-24,7.251,0.039,22.916,1.978,2.547,2.663,4.704,2.063,11.48
Patiala,2025,2025-08-14,2025-08-24,24.764,33.535,66.052,10.738,13.237,6.421,10.917,5.173,43.097
Rupnagar,2025,2025-08-14,2025-08-24,182.076,196.705,106.562,75.805,115.607,37.422,75.805,27.267,156.857
Sahibzada Ajit Singh Nagar,2025,2025-08-14,2025-08-24,70.396,113.958,54.656,31.039,46.641,13.528,31.039,12.891,95.254
Sangrur,2025,2025-08-14,2025-08-24,22.922,8.662,56.371,17.102,17.357,12.557,17.102,5.325,25.106
Shahid Bhagat Singh Nagar,2025,2025-08-14,2025-08-24,138.25,115.601,144.191,62.514,81.699,44.479,62.514,34.632,113.399
Tarn Taran,2025,2025-08-14,2025-08-24,37.415,7.293,28.123,18.071,23.629,12.461,18.071,10.088,21.38
Amritsar,2025,2025-08-24,2025-09-03,293.725,58.931,12.324,162.799,182.289,130.887,172.317,49.599,42.647
Barnala,2025,2025-08-24,2025-09-03,272.44,33.594,14.906,130.188,152.984,91.468,152.242,57.809,25.937
Bathinda,2025,2025-08-24,2025-09-03,177.204,11.237,1.776,93.503,98.734,48.185,97.914,44.879,9.72
Faridkot,2025,2025-08-24,2025-09-03,146.312,31.433,0.947,86.556,87.648,61.414,87.648,33.086,30.725
Fatehgarh Sahib,2025,2025-08-24,2025-09-03,165.714,29.632,45.841,62.436,69.381,48.883,92.523,42.038,36.362
Firozpur,2025,2025-08-24,2025-09-03,148.348,22.079,2.285,71.749,74.72,37.88,71.749,31.324,23.192
Gurdaspur,2025,2025-08-24,2025-09-03,330.676,132.464,108.034,213.996,240.762,127.825,221.213,74.719,118.697
Hoshiarpur,2025,2025-08-24,2025-09-03,325.387,180.751,125.069,157.864,176.709,78.821,157.864,67.491,160.47
Jalandhar,2025,2025-08-24,2025-09-03,323.884,101.922,39.2,116.457,142.379,73.507,171.383,67.708,79.797
Kapurthala,2025,2025-08-24,2025-09-03,355.283,121.281,35.483,144.847,170.36,93.534,171.093,59.378,87.294
Ludhiana,2025,2025-08-24,2025-09-03,269.465,59.342,42.024,90.083,110.204,76.219,157.307,60.347,56.919
Mansa,2025,2025-08-24,2025-09-03,221.585,11.192,0.795,120.482,132.654,79.241,132.39,46.467,9.73
Moga,2025,2025-08-24,2025-09-03,287.843,51.625,27.42,140.745,160.316,63.144,140.745,55.989,47.96
Muktsar,2025,2025-08-24,2025-09-03,149.823,7.251,0.039,71.343,72.186,37.321,71.343,35.463,8.689
Patiala,2025,2025-08-24,2025-09-03,189.959,24.764,33.535,57.107,73.375,50.043,103.777,48.508,29.895
Rupnagar,2025,2025-08-24,2025-09-03,343.093,182.076,196.705,111.186,155.475,87.079,161.996,67.515,165.506
Sahibzada Ajit Singh Nagar,2025,2025-08-24,2025-09-03,157.781,70.396,113.958,36.078,40.655,56.216,90.601,34.855,75.275
Sangrur,2025,2025-08-24,2025-09-03,246.523,22.922,8.662,109.875,134.663,82.693,133.838,49.653,20.776
Shahid Bhagat Singh Nagar,2025,2025-08-24,2025-09-03,343.398,138.25,115.601,103.925,147.848,97.902,183.019,60.601,122.95
Tarn Taran,2025,2025-08-24,2025-09-03,252.112,37.415,7.293,131.927,152.071,89.772,134.674,45.699,28.98
Amritsar,2025,2025-09-03,2025-09-13,104.062,293.725,58.931,42.009,70.299,32.52,61.775,28.463,200.501
Barnala,2025,2025-09-03,2025-09-13,113.528,272.44,33.594,90.709,107.104,64.522,90.709,26.552,189.208
Bathinda,2025,2025-09-03,2025-09-13,51.696,177.204,11.237,34.895,45.554,17.014,34.895,13.317,118.915
Faridkot,2025,2025-09-03,2025-09-13,28.681,146.312,31.433,4.614,5.72,17.959,24.056,6.298,101.334
Fatehgarh Sahib,2025,2025-09-03,2025-09-13,34.779,165.714,29.632,22.897,31.689,20.166,22.897,9.806,134.522
Firozpur,2025,2025-09-03,2025-09-13,30.979,148.348,22.079,2.898,13.589,12.906,26.348,10.91,103.752
Gurdaspur,2025,2025-09-03,2025-09-13,104.352,330.676,132.464,75.554,88.921,53.021,75.554,21.485,231.176
Hoshiarpur,2025,2025-09-03,2025-09-13,69.801,325.387,180.751,42.736,63.884,30.506,42.736,14.832,268.056
Jalandhar,2025,2025-09-03,2025-09-13,73.296,323.884,101.922,37.07,67.512,30.749,37.07,19.101,258.609
Kapurthala,2025,2025-09-03,2025-09-13,71.042,355.283,121.281,46.106,64.251,39.883,46.106,14.87,274.692
Ludhiana,2025,2025-09-03,2025-09-13,83.079,269.465,59.342,39.958,76.879,33.305,42.67,25.445,218.1
Mansa,2025,2025-09-03,2025-09-13,93.745,221.585,11.192,79.81,91.104,40.76,79.81,27.805,142.42
Moga,2025,2025-09-03,2025-09-13,64.383,287.843,51.625,41.385,50.946,36.57,41.385,15.216,203.771
Muktsar,2025,2025-09-03,2025-09-13,39.475,149.823,7.251,1.222,13.77,23.694,38.143,13.663,101.138
Patiala,2025,2025-09-03,2025-09-13,82.254,189.959,24.764,57.223,76.195,36.54,57.223,20.839,151.517
Rupnagar,2025,2025-09-03,2025-09-13,114.384,343.093,182.076,67.164,92.353,53.049,67.164,22.015,297.795
Sahibzada Ajit Singh Nagar,2025,2025-09-03,2025-09-13,131.464,157.781,70.396,111.679,122.481,55.675,111.679,55.453,146.932
Sangrur,2025,2025-09-03,2025-09-13,100.256,246.523,22.922,81.08,94.532,63.652,81.08,17.604,171.882
Shahid Bhagat Singh Nagar,2025,2025-09-03,2025-09-13,71.213,343.398,138.25,33.642,61.734,26.442,33.642,18.746,290.051
Tarn Taran,2025,2025-09-03,2025-09-13,95.704,252.112,37.415,33.29,65.13,31.807,62.381,26.579,171.705
Amritsar,2025,2025-09-13,2025-09-23,3.868,104.062,293.725,0.795,1.082,1.483,2.786,1.28,127.074
Barnala,2025,2025-09-13,2025-09-23,0.847,113.528,272.44,0.016,0.016,0.552,0.831,0.306,117.019
Bathinda,2025,2025-09-13,2025-09-23,0.134,51.696,177.204,0.0,0.0,0.089,0.134,0.049,66.582
Faridkot,2025,2025-09-13,2025-09-23,0.0,28.681,146.312,0.0,0.0,0.0,0.0,0.0,53.236
Fatehgarh Sahib,2025,2025-09-13,2025-09-23,9.469,34.779,165.714,0.047,4.031,4.103,8.087,3.996,63.132
Firozpur,2025,2025-09-13,2025-09-23,0.907,30.979,148.348,0.556,0.757,0.543,0.744,0.218,55.524
Gurdaspur,2025,2025-09-13,2025-09-23,39.104,104.352,330.676,15.442,21.006,9.531,18.098,8.086,129.728
Hoshiarpur,2025,2025-09-13,2025-09-23,29.26,69.801,325.387,2.375,10.31,7.24,18.948,6.893,127.151
Jalandhar,2025,2025-09-13,2025-09-23,13.788,73.296,323.884,9.277,11.693,5.385,9.842,4.018,126.017
Kapurthala,2025,2025-09-13,2025-09-23,15.678,71.042,355.283,9.643,13.074,9.272,12.703,3.725,128.894
Ludhiana,2025,2025-09-13,2025-09-23,7.056,83.079,269.465,5.068,5.306,4.638,5.286,1.296,117.248
Mansa,2025,2025-09-13,2025-09-23,2.096,93.745,221.585,0.0,0.0,1.391,2.096,0.774,91.779
Moga,2025,2025-09-13,2025-09-23,11.384,64.383,287.843,6.983,9.498,6.796,9.311,2.731,101.668
Muktsar,2025,2025-09-13,2025-09-23,0.0,39.475,149.823,0.0,0.0,0.0,0.0,0.0,60.169
Patiala,2025,2025-09-13,2025-09-23,5.039,82.254,189.959,0.68,1.269,2.486,3.77,0.989,91.136
Rupnagar,2025,2025-09-13,2025-09-23,86.671,114.384,343.093,6.868,25.331,30.22,68.208,29.479,162.789
Sahibzada Ajit Singh Nagar,2025,2025-09-13,2025-09-23,40.159,131.464,157.781,14.791,24.486,13.436,17.978,8.859,110.506
Sangrur,2025,2025-09-13,2025-09-23,1.574,100.256,246.523,0.215,0.215,0.924,1.359,0.484,104.241
Shahid Bhagat Singh Nagar,2025,2025-09-13,2025-09-23,31.185,71.213,343.398,2.637,7.452,12.721,24.363,10.667,137.432
Tarn Taran,2025,2025-09-13,2025-09-23,1.176,95.704,252.112,0.622,0.847,0.608,0.833,0.287,112.871
Amritsar,2025,2025-09-23,2025-09-30,0.0,3.073,23.028,0.0,0.0,0.0,0.0,0.0,47.003
Barnala,2025,2025-09-23,2025-09-30,0.0,0.831,0.016,0.0,0.0,0.0,0.0,0.0,41.437
Bathinda,2025,2025-09-23,2025-09-30,0.0,0.134,0.166,0.0,0.0,0.0,0.0,0.0,23.318
Faridkot,2025,2025-09-23,2025-09-30,0.0,0.0,5.002,0.0,0.0,0.0,0.0,0.0,18.562
Fatehgarh Sahib,2025,2025-09-23,2025-09-30,0.0,9.422,0.047,0.0,0.0,0.0,0.0,0.0,28.459
Firozpur,2025,2025-09-23,2025-09-30,0.0,0.351,5.04,0.0,0.0,0.0,0.0,0.0,19.85
Gurdaspur,2025,2025-09-23,2025-09-30,0.0,23.662,22.276,0.0,0.0,0.0,0.0,0.0,68.712
Hoshiarpur,2025,2025-09-23,2025-09-30,0.0,26.885,6.743,0.0,0.0,0.0,0.0,0.0,63.76
Jalandhar,2025,2025-09-23,2025-09-30,0.0,4.511,9.563,0.0,0.0,0.0,0.0,0.0,51.111
Kapurthala,2025,2025-09-23,2025-09-30,0.0,6.035,10.706,0.0,0.0,0.0,0.0,0.0,53.405
Ludhiana,2025,2025-09-23,2025-09-30,0.0,1.988,5.519,0.0,0.0,0.0,0.0,0.0,44.474
Mansa,2025,2025-09-23,2025-09-30,0.0,2.096,0.0,0.0,0.0,0.0,0.0,0.0,33.586
Moga,2025,2025-09-23,2025-09-30,0.0,4.401,7.577,0.0,0.0,0.0,0.0,0.0,41.597
Muktsar,2025,2025-09-23,2025-09-30,0.0,0.0,2.011,0.0,0.0,0.0,0.0,0.0,20.98
Patiala,2025,2025-09-23,2025-09-30,0.0,4.359,0.726,0.0,0.0,0.0,0.0,0.0,35.196
Rupnagar,2025,2025-09-23,2025-09-30,0.0,79.803,24.623,0.0,0.0,0.0,0.0,0.0,112.633
Sahibzada Ajit Singh Nagar,2025,2025-09-23,2025-09-30,0.0,25.368,22.192,0.0,0.0,0.0,0.0,0.0,62.036
Sangrur,2025,2025-09-23,2025-09-30,0.0,1.359,0.222,0.0,0.0,0.0,0.0,0.0,37.465
Shahid Bhagat Singh Nagar,2025,2025-09-23,2025-09-30,0.0,28.548,7.526,0.0,0.0,0.0,0.0,0.0,68.323
Tarn Taran,2025,2025-09-23,2025-09-30,0.0,0.554,13.361,0.0,0.0,0.0,0.0,0.0,40.024
